triple,regime,alpha,W_alpha,C_beta*(1-alpha),27/K^3+(9S-27)/K^2
no_pair_loops_111,alpha->1,0.9999999,6.52968126857e-06,6.52967770781e-06,27
no_pair_loops_111,alpha->1,0.999999873615,8.25252712566e-06,8.25252143995e-06,27
no_pair_loops_111,alpha->1,0.999999840269,1.04299434547e-05,1.04299343941e-05,27
no_pair_loops_111,alpha->1,0.999999798124,1.31818683204e-05,1.31818538383e-05,27
no_pair_loops_111,alpha->1,0.999999744859,1.66598854214e-05,1.66598622892e-05,27.0000000001
no_pair_loops_111,alpha->1,0.999999677541,2.10555739599e-05,2.10555370141e-05,27.0000000001
no_pair_loops_111,alpha->1,0.999999592461,2.6611061628e-05,2.66110026102e-05,27.0000000001
no_pair_loops_111,alpha->1,0.999999484932,3.36323621006e-05,3.36322678324e-05,27.0000000002
no_pair_loops_111,alpha->1,0.999999349032,4.25062318286e-05,4.25060812566e-05,27.0000000003
no_pair_loops_111,alpha->1,0.999999177276,5.37214749112e-05,5.37212344128e-05,27.0000000005
no_pair_loops_111,alpha->1,0.999998960202,6.78958697229e-05,6.78954855732e-05,27.0000000009
no_pair_loops_111,alpha->1,0.999998685853,8.58102010408e-05,8.58095874284e-05,27.0000000014
no_pair_loops_111,alpha->1,0.999998339117,0.000108451273007,0.000108450292868,27.0000000022
no_pair_loops_111,alpha->1,0.999997900896,0.000137066273325,0.000137064707745,27.0000000035
no_pair_loops_111,alpha->1,0.999997347052,0.0001732314853,0.000173228984575,27.0000000056
no_pair_loops_111,alpha->1,0.999996647076,0.000218939135292,0.000218935140846,27.000000009
no_pair_loops_111,alpha->1,0.999995762413,0.000276707164728,0.000276700784321,27.0000000144
no_pair_loops_111,alpha->1,0.999994644333,0.000349717980567,0.000349707789015,27.0000000229
no_pair_loops_111,alpha->1,0.99999323125,0.000441993839896,0.000441977560699,27.0000000366
no_pair_loops_111,alpha->1,0.999991445327,0.000558618549,0.000558592545825,27.0000000585
no_pair_loops_111,alpha->1,0.999989188192,0.00070601772085,0.00070597618521,27.0000000935
no_pair_loops_111,alpha->1,0.999986335517,0.000892313079273,0.000892246732995,27.0000001493
no_pair_loops_111,alpha->1,0.999982730167,0.00112777040757,0.00112766443007,27.0000002384
no_pair_loops_111,alpha->1,0.999978173553,0.00142536594623,0.00142519666346,27.0000003808
no_pair_loops_111,alpha->1,0.999972414684,0.00180150264669,0.00180123224194,27.0000006083
no_pair_loops_111,alpha->1,0.999965136348,0.00227691606761,0.00227648413204,27.0000009717
no_pair_loops_111,alpha->1,0.999955937636,0.00287782034502,0.00287713037929,27.0000015521
no_pair_loops_111,alpha->1,0.99994431186,0.00363735821023,0.00363625605947,27.0000024792
no_pair_loops_111,alpha->1,0.999929618644,0.00459743628636,0.00459567568617,27.00000396
no_pair_loops_111,alpha->1,0.99991104865,0.00581104893032,0.00580823645724,27.0000063254
no_pair_loops_111,alpha->1,0.999887578996,0.00734522210074,0.0073407292087,27.0000101037
no_pair_loops_111,alpha->1,0.999857916917,0.00928474496828,0.00927756741864,27.0000161387
no_pair_loops_111,alpha->1,0.999820428551,0.0117369037132,0.0117254369097,27.0000257786
no_pair_loops_111,alpha->1,0.999773048946,0.0148374925029,0.0148191723669,27.0000411765
no_pair_loops_111,alpha->1,0.999713168319,0.018758455563,0.0187291843649,27.0000657718
no_pair_loops_111,alpha->1,0.999637488295,0.0237176178502,0.023670846002,27.0001050582
no_pair_loops_111,alpha->1,0.999541840233,0.0299910989731,0.0299163561815,27.000167811
no_pair_loops_111,alpha->1,0.999420955602,0.0379291883578,0.0378097329983,27.0002680472
no_pair_loops_111,alpha->1,0.999268175778,0.0479767076104,0.0477857631034,27.0004281567
no_pair_loops_111,alpha->1,0.999075085272,0.0606992258014,0.0603939508241,27.0006839041
no_pair_loops_111,alpha->1,0.998831048184,0.0768169658821,0.0763287862171,27.0010924189
no_pair_loops_111,alpha->1,0.998522622347,0.0972489082671,0.0964679992926,27.0017449611
no_pair_loops_111,alpha->1,0.998132818909,0.123170558429,0.121920907547,27.0027873165
no_pair_loops_111,alpha->1,0.997640166533,0.156090254182,0.154089519903,27.0044523903
no_pair_loops_111,alpha->1,0.997017528714,0.197950996219,0.19474576282,27.0071123053
no_pair_loops_111,alpha->1,0.996230609025,0.251268007103,0.24612908237,27.0113617146
no_pair_loops_111,alpha->1,0.99523606199,0.31931725948,0.311069798443,27.0181511206
no_pair_loops_111,alpha->1,0.993979105507,0.406398274616,0.393145005749,27.0290004463
no_pair_loops_111,alpha->1,0.992390503315,0.518207726727,0.496875609008,27.0463417579
no_pair_loops_111,alpha->1,0.990382751289,0.662382726815,0.627975345527,27.0740707495
no_pair_loops_111,alpha->1,0.987845257499,0.849311527819,0.793665511931,27.1184380089
no_pair_loops_111,alpha->1,0.984638250533,1.09337935938,1.00307273099,27.1894992858
no_pair_loops_111,alpha->1,0.980585080543,1.41494798601,1.26773166847,27.3035006991
no_pair_loops_111,alpha->1,0.975462488934,1.8436234646,1.602220391,27.4868668013
no_pair_loops_111,alpha->1,0.968988310734,2.42389305631,2.02496336187,27.783037419
no_pair_loops_111,alpha->1,0.960805932252,3.22536239106,2.5592463059,28.2646297331
no_pair_loops_111,alpha->1,0.95046464791,4.36252213178,3.23449884458,29.0562494916
no_pair_loops_111,alpha->1,0.93739483428,6.03587250864,4.08791555212,30.3805137298
no_pair_loops_111,alpha->1,0.92087657381,8.62585691666,5.16650472429,32.6603715297
no_pair_loops_111,alpha->1,0.9,12.9349677272,6.52967771124,36.7773889797
no_pair_loops_111,alpha->2/3,0.666666766667,1.67583934887e+20,21.7655858411,1.67583934887e+20
no_pair_loops_111,alpha->2/3,0.666666793051,8.30132980426e+19,21.7655841183,8.30132980426e+19
no_pair_loops_111,alpha->2/3,0.666666826398,4.11209330733e+19,21.7655819409,4.11209330733e+19
no_pair_loops_111,alpha->2/3,0.666666868543,2.03694013466e+19,21.765579189,2.03694013467e+19
no_pair_loops_111,alpha->2/3,0.666666921807,1.00900561354e+19,21.7655757109,1.00900561354e+19
no_pair_loops_111,alpha->2/3,0.666666989126,4.9981457518e+18,21.7655713153,4.99814575181e+18
no_pair_loops_111,alpha->2/3,0.666667074206,2.47584966965e+18,21.7655657598,2.47584966965e+18
no_pair_loops_111,alpha->2/3,0.666667181734,1.2264212091e+18,21.7655587385,1.22642120911e+18
no_pair_loops_111,alpha->2/3,0.666667317634,6.07512288634e+17,21.7655498647,6.07512288637e+17
no_pair_loops_111,alpha->2/3,0.666667489391,3.00933491861e+17,21.7655386496,3.00933491863e+17
no_pair_loops_111,alpha->2/3,0.666667706465,1.49068552715e+17,21.7655244753,1.49068552717e+17
no_pair_loops_111,alpha->2/3,0.666667980814,7.384168757e+16,21.7655065612,7.38416875713e+16
no_pair_loops_111,alpha->2/3,0.666668327549,3.65777744275e+16,21.7654839205,3.65777744285e+16
no_pair_loops_111,alpha->2/3,0.66666876577,1.81189509552e+16,21.7654553061,1.8118950956e+16
no_pair_loops_111,alpha->2/3,0.666669319615,8.97529967315e+15,21.7654191418,8.97529967377e+15
no_pair_loops_111,alpha->2/3,0.666670019591,4.44595476128e+15,21.7653734357,4.44595476178e+15
no_pair_loops_111,alpha->2/3,0.666670904254,2.20232464545e+15,21.76531567,2.20232464584e+15
no_pair_loops_111,alpha->2/3,0.666672022334,1.09093258575e+15,21.765242663,1.09093258605e+15
no_pair_loops_111,alpha->2/3,0.666673435417,5.4039937499e+14,21.7651503932,5.40399375234e+14
no_pair_loops_111,alpha->2/3,0.666675221339,2.67690033759e+14,21.7650337783,2.67690033952e+14
no_pair_loops_111,alpha->2/3,0.666677478474,1.32602015011e+14,21.7648863946,1.32602015164e+14
no_pair_loops_111,alpha->2/3,0.66668033115,6.56853847957e+13,21.7647001241,6.56853849167e+13
no_pair_loops_111,alpha->2/3,0.6666839365,3.2537805781e+13,21.7644647064,3.25378058768e+13
no_pair_loops_111,alpha->2/3,0.666688493114,1.61179164606e+13,21.7641671741,1.61179165364e+13
no_pair_loops_111,alpha->2/3,0.666694251983,7.98419175631e+12,21.7637911386,7.98419181628e+12
no_pair_loops_111,alpha->2/3,0.666701530319,3.95507580965e+12,21.7633158867,3.9550758571e+12
no_pair_loops_111,alpha->2/3,0.666710729031,1.95920975482e+12,21.7627152404,1.95920979237e+12
no_pair_loops_111,alpha->2/3,0.666722354807,970532143728,21.7619561148,970532173441
no_pair_loops_111,alpha->2/3,0.666737048022,480775730260,21.7609966951,480775753773
no_pair_loops_111,alpha->2/3,0.666755618016,238165980776,21.7597841344,238165999383
no_pair_loops_111,alpha->2/3,0.66677908767,117983888554,21.7582516416,117983903279
no_pair_loops_111,alpha->2/3,0.66680874975,58448449660.2,21.7563148034,58448461313.7
no_pair_loops_111,alpha->2/3,0.666846238116,28955597197,21.7538669339,28955606420.3
no_pair_loops_111,alpha->2/3,0.66689361772,14345105040.8,21.7507731984,14345112341.1
no_pair_loops_111,alpha->2/3,0.666953498348,7107055243.64,21.7468631864,7107061022.54
no_pair_loops_111,alpha->2/3,0.667029178372,3521229149.53,21.7419215248,3521233724.61
no_pair_loops_111,alpha->2/3,0.667124826434,1744706711.82,21.7356760146,1744710334.39
no_pair_loops_111,alpha->2/3,0.667245711065,864530497.083,21.7277826378,864533365.996
no_pair_loops_111,alpha->2/3,0.667398490889,428425950.355,21.7178066077,428428222.95
no_pair_loops_111,alpha->2/3,0.667591581394,212333566.169,21.70519842,212335366.937
no_pair_loops_111,alpha->2/3,0.667835618483,105249834.5,21.6892635846,105251261.943
no_pair_loops_111,alpha->2/3,0.668144044319,52179482.0276,21.6691243715,52180614.084
no_pair_loops_111,alpha->2/3,0.668533847758,25874588.0806,21.6436714633,25875486.4186
no_pair_loops_111,alpha->2/3,0.669026500133,12834156.6001,21.6115028509,12834870.014
no_pair_loops_111,alpha->2/3,0.669649137953,6368141.18585,21.570846608,6368708.28362
no_pair_loops_111,alpha->2/3,0.670436057642,3161176.10825,21.5194632884,3161627.43857
no_pair_loops_111,alpha->2/3,0.671430604677,1570089.47237,21.4545225724,1570449.20714
no_pair_loops_111,alpha->2/3,0.67268756116,780370.724795,21.3724473651,780657.990655
no_pair_loops_111,alpha->2/3,0.674276163352,388198.875463,21.2687167618,388428.80731
no_pair_loops_111,alpha->2/3,0.676283915378,193320.45695,21.1376170253,193505.031667
no_pair_loops_111,alpha->2/3,0.678821409167,96401.9045829,20.9719268589,96550.6007949
no_pair_loops_111,alpha->2/3,0.682028416133,48152.0276404,20.7625196398,48272.3478969
no_pair_loops_111,alpha->2/3,0.686081586124,24100.4460217,20.4978607023,24198.3301853
no_pair_loops_111,alpha->2/3,0.691204177733,12091.9796718,20.1633719798,12172.1323155
no_pair_loops_111,alpha->2/3,0.697678355932,6084.4249736,19.7406290089,6150.57488169
no_pair_loops_111,alpha->2/3,0.705860734415,3071.55017034,19.2063460649,3126.65634938
no_pair_loops_111,alpha->2/3,0.716202018756,1555.94081434,18.5310935262,1602.35656288
no_pair_loops_111,alpha->2/3,0.729271832387,790.671844461,17.6776768187,830.276308441
no_pair_loops_111,alpha->2/3,0.745790092856,402.511154018,16.5990876465,436.816390003
no_pair_loops_111,alpha->2/3,0.766666666667,204.548423941,15.2359146596,234.789506326
all_antagonistic_333,alpha->1,0.9999999,1.69646083279e-05,1.69646003205e-05,81
all_antagonistic_333,alpha->1,0.999999873615,2.14406924215e-05,2.14406796368e-05,81
all_antagonistic_333,alpha->1,0.999999840269,2.70977848338e-05,2.70977644352e-05,81
all_antagonistic_333,alpha->1,0.999999798124,3.42474934634e-05,3.42474608788e-05,81.0000000001
all_antagonistic_333,alpha->1,0.999999744859,4.32836439472e-05,4.32835918981e-05,81.0000000001
all_antagonistic_333,alpha->1,0.999999677541,5.47039729533e-05,5.47038898336e-05,81.0000000002
all_antagonistic_333,alpha->1,0.999999592461,6.91375456299e-05,6.91374128418e-05,81.0000000003
all_antagonistic_333,alpha->1,0.999999484932,8.73794070877e-05,8.73791949893e-05,81.0000000005
all_antagonistic_333,alpha->1,0.999999349032,0.000110434377348,0.000110434038551,81.0000000008
all_antagonistic_333,alpha->1,0.999999177276,0.000139572402297,0.000139571861172,81.0000000013
all_antagonistic_333,alpha->1,0.999998960202,0.000176398510273,0.000176397645926,81.000000002
all_antagonistic_333,alpha->1,0.999998685853,0.000222941228422,0.000222939847804,81.0000000032
all_antagonistic_333,alpha->1,0.999998339117,0.000281764331326,0.000281762126014,81.0000000051
all_antagonistic_333,alpha->1,0.999997900896,0.000356108079163,0.000356104556608,81.0000000082
all_antagonistic_333,alpha->1,0.999997347052,0.000450067730579,0.000450062103941,81.0000000131
all_antagonistic_333,alpha->1,0.999996647076,0.00056881916877,0.000568810181262,81.000000021
all_antagonistic_333,alpha->1,0.999995762413,0.000718904081296,0.000718889725408,81.0000000335
all_antagonistic_333,alpha->1,0.999994644333,0.000908590418533,0.000908567487566,81.0000000535
all_antagonistic_333,alpha->1,0.99999323125,0.00114832801452,0.00114829138641,81.0000000855
all_antagonistic_333,alpha->1,0.999991445327,0.00145132451213,0.00145126600515,81.0000001365
all_antagonistic_333,alpha->1,0.999989188192,0.00183427338745,0.00183417993258,81.0000002181
all_antagonistic_333,alpha->1,0.999986335517,0.00231827429011,0.00231812501165,81.0000003483
all_antagonistic_333,alpha->1,0.999982730167,0.00292999657822,0.00292975813016,81.0000005563
all_antagonistic_333,alpha->1,0.999978173553,0.00370315043141,0.00370276954783,81.0000008886
all_antagonistic_333,alpha->1,0.999972414684,0.0046803470442,0.00467973863891,81.0000014194
all_antagonistic_333,alpha->1,0.999965136348,0.00591545111308,0.00591447926898,81.0000022673
all_antagonistic_333,alpha->1,0.999955937636,0.00747655639623,0.0074750039954,81.0000036216
all_antagonistic_333,alpha->1,0.99994431186,0.00944975016119,0.0094472703665,81.0000057848
all_antagonistic_333,alpha->1,0.999929618644,0.0119438769359,0.0119399156753,81.0000092401
all_antagonistic_333,alpha->1,0.99991104865,0.0150965688524,0.0150902409695,81.0000147593
all_antagonistic_333,alpha->1,0.999887578996,0.0190818825717,0.0190717739311,81.0000235753
all_antagonistic_333,alpha->1,0.999857916917,0.0241199759563,0.0241038272096,81.0000376571
all_antagonistic_333,alpha->1,0.999820428551,0.0304893775161,0.0304635787027,81.0000601501
all_antagonistic_333,alpha->1,0.999773048946,0.038542556486,0.0385013391983,81.0000960785
all_antagonistic_333,alpha->1,0.999713168319,0.0487257024559,0.0486598483564,81.0001534675
all_antagonistic_333,alpha->1,0.999637488295,0.0616038862433,0.0614986619003,81.0002451357
all_antagonistic_333,alpha->1,0.999541840233,0.0778931197233,0.0777249733255,81.0003915587
all_antagonistic_333,alpha->1,0.999420955602,0.0985012921318,0.0982325678606,81.0006254428
all_antagonistic_333,alpha->1,0.999268175778,0.124580577844,0.12415105436,81.0009990307
all_antagonistic_333,alpha->1,0.999075085272,0.157594750068,0.156908086946,81.0015957723
all_antagonistic_333,alpha->1,0.998831048184,0.199405992041,0.198308003712,81.0025489676
all_antagonistic_333,alpha->1,0.998522622347,0.252387417353,0.250631214119,81.0040715508
all_antagonistic_333,alpha->1,0.998132818909,0.319569818394,0.316759809564,81.0065036746
all_antagonistic_333,alpha->1,0.997640166533,0.404834509663,0.400336316079,81.0103887476
all_antagonistic_333,alpha->1,0.997017528714,0.513169087722,0.505964333645,81.0165949626
all_antagonistic_333,alpha->1,0.996230609025,0.651010420105,0.639462113827,81.0265096051
all_antagonistic_333,alpha->1,0.99523606199,0.826710755312,0.808183043404,81.042349904
all_antagonistic_333,alpha->1,0.993979105507,1.05118117713,1.02142068705,81.0676607894
all_antagonistic_333,alpha->1,0.992390503315,1.33879638914,1.29092069977,81.1081131066
all_antagonistic_333,alpha->1,0.990382751289,1.7086944766,1.63152780653,81.1727866476
all_antagonistic_333,alpha->1,0.987845257499,2.18669067205,2.06200348632,81.2762401253
all_antagonistic_333,alpha->1,0.984638250533,2.80817589079,2.60605940063,81.4418703631
all_antagonistic_333,alpha->1,0.980585080543,3.62265075662,3.29366349023,81.7074139319
all_antagonistic_333,alpha->1,0.975462488934,4.701084863,4.16269068319,82.1340870686
all_antagonistic_333,alpha->1,0.968988310734,6.1483813575,5.26100913932,82.8221047958
all_antagonistic_333,alpha->1,0.960805932252,8.12556375411,6.64911694636,83.9379065936
all_antagonistic_333,alpha->1,0.95046464791,10.8916664376,8.40347450375,85.7642438745
all_antagonistic_333,alpha->1,0.93739483428,14.8886932015,10.62071615,88.7986897128
all_antagonistic_333,alpha->1,0.92087657381,20.9300092472,13.42297302,93.9657621857
all_antagonistic_333,alpha->1,0.9,30.6691387948,16.9646003294,103.132112786
all_antagonistic_333,alpha->2/3,0.666666766667,1.67584117265e+20,56.5486508,1.67584117265e+20
all_antagonistic_333,alpha->2/3,0.666666793051,8.30134122207e+19,56.5486463239,8.30134122208e+19
all_antagonistic_333,alpha->2/3,0.666666826398,4.11210045547e+19,56.5486406669,4.11210045548e+19
all_antagonistic_333,alpha->2/3,0.666666868543,2.03694460977e+19,56.5486335172,2.03694460977e+19
all_antagonistic_333,alpha->2/3,0.666666921807,1.00900841518e+19,56.548624481,1.00900841519e+19
all_antagonistic_333,alpha->2/3,0.666666989126,4.99816329156e+18,56.5486130607,4.99816329158e+18
all_antagonistic_333,alpha->2/3,0.666667074206,2.47586065044e+18,56.5485986272,2.47586065045e+18
all_antagonistic_333,alpha->2/3,0.666667181734,1.22642808365e+18,56.5485803854,1.22642808366e+18
all_antagonistic_333,alpha->2/3,0.666667317634,6.07516592454e+17,56.5485573306,6.07516592462e+17
all_antagonistic_333,alpha->2/3,0.666667489391,3.00936186275e+17,56.5485281928,3.00936186281e+17
all_antagonistic_333,alpha->2/3,0.666667706465,1.49070239558e+17,56.548491367,1.49070239562e+17
all_antagonistic_333,alpha->2/3,0.666667980814,7.38427436204e+16,56.5484448248,7.38427436242e+16
all_antagonistic_333,alpha->2/3,0.666668327549,3.65784355695e+16,56.5483860025,3.65784355725e+16
all_antagonistic_333,alpha->2/3,0.66666876577,1.81193648643e+16,56.5483116601,1.81193648667e+16
all_antagonistic_333,alpha->2/3,0.666669319615,8.97555880162e+15,56.5482177025,8.97555880349e+15
all_antagonistic_333,alpha->2/3,0.666670019591,4.44611698909e+15,56.5480989544,4.44611699057e+15
all_antagonistic_333,alpha->2/3,0.666670904254,2.20242620844e+15,56.5479488749,2.20242620961e+15
all_antagonistic_333,alpha->2/3,0.666672022334,1.09099616942e+15,56.5477591971,1.09099617035e+15
all_antagonistic_333,alpha->2/3,0.666673435417,5.40439181657e+14,56.5475194732,5.4043918239e+14
all_antagonistic_333,alpha->2/3,0.666675221339,2.67714954789e+14,56.5472164986,2.67714955369e+14
all_antagonistic_333,alpha->2/3,0.666677478474,1.32617616863e+14,56.5468335847,1.32617617322e+14
all_antagonistic_333,alpha->2/3,0.66668033115,6.56951523609e+13,56.5463496396,6.5695152724e+13
all_antagonistic_333,alpha->2/3,0.6666839365,3.25439207814e+13,56.5457380065,3.25439210688e+13
all_antagonistic_333,alpha->2/3,0.666688493114,1.61217447667e+13,56.5449649951,1.61217449941e+13
all_antagonistic_333,alpha->2/3,0.666694251983,7.98658847369e+12,56.543988026,7.9865886536e+12
all_antagonistic_333,alpha->2/3,0.666701530319,3.95657627853e+12,56.5427532853,3.95657642089e+12
all_antagonistic_333,alpha->2/3,0.666710729031,1.96014912585e+12,56.5411927606,1.96014923849e+12
all_antagonistic_333,alpha->2/3,0.666722354807,971120238515,56.5392204942,971120327649
all_antagonistic_333,alpha->2/3,0.666737048022,481143907973,56.5367278489,481143978505
all_antagonistic_333,alpha->2/3,0.666755618016,238396479040,56.5335775236,238396534854
all_antagonistic_333,alpha->2/3,0.66677908767,118128192371,56.5295959907,118128236540
all_antagonistic_333,alpha->2/3,0.66680874975,58538791300.8,56.5245639374,58538826255.2
all_antagonistic_333,alpha->2/3,0.666846238116,29012155727.7,56.5182041859,29012183391.4
all_antagonistic_333,alpha->2/3,0.66689361772,14380513599.4,56.5101664254,14380535494.5
all_antagonistic_333,alpha->2/3,0.666953498348,7129222827.25,56.5000079163,7129240158
all_antagonistic_333,alpha->2/3,0.667029178372,3535107198.78,56.4871691027,3535120918.06
all_antagonistic_333,alpha->2/3,0.667124826434,1753395084.35,56.4709427913,1753405946.12
all_antagonistic_333,alpha->2/3,0.667245711065,869969863.885,56.4504351968,869978464.698
all_antagonistic_333,alpha->2/3,0.667398490889,431831271.729,56.4245167103,431838083.607
all_antagonistic_333,alpha->2/3,0.667591581394,214465470.02,56.3917596777,214470866.441
all_antagonistic_333,alpha->2/3,0.667835618483,106584513.185,56.3503597609,106588789.663
all_antagonistic_333,alpha->2/3,0.668144044319,53015056.5563,56.2980365505,53018446.9145
all_antagonistic_333,alpha->2/3,0.668533847758,26397697.601,56.2319079551,26400386.8529
all_antagonistic_333,alpha->2/3,0.669026500133,13161646.854,56.1483314485,13163781.3942
all_antagonistic_333,alpha->2/3,0.669649137953,6573163.6361,56.042703431,6574859.30371
all_antagonistic_333,alpha->2/3,0.670436057642,3289527.34051,55.9092056508,3290875.79973
all_antagonistic_333,alpha->2/3,0.671430604677,1650440.50435,55.7404847212,1651514.29296
all_antagonistic_333,alpha->2/3,0.67268756116,830671.081986,55.5272470776,831527.606348
all_antagonistic_333,alpha->2/3,0.674276163352,419685.873339,55.2577470649,420370.569446
all_antagonistic_333,alpha->2/3,0.676283915378,213029.218718,54.9171399581,213578.053576
all_antagonistic_333,alpha->2/3,0.678821409167,108736.762191,54.4866642783,109178.213035
all_antagonistic_333,alpha->2/3,0.682028416133,55870.3004885,53.942608364,56226.9207836
all_antagonistic_333,alpha->2/3,0.686081586124,28928.3381022,53.2550042744,29217.9965136
all_antagonistic_333,alpha->2/3,0.691204177733,15110.1642165,52.3859770814,15347.0248293
all_antagonistic_333,alpha->2/3,0.697678355932,7969.44189293,51.2876586253,8164.73993851
all_antagonistic_333,alpha->2/3,0.705860734415,4246.93501523,49.8995508183,4409.59144018
all_antagonistic_333,alpha->2/3,0.716202018756,2286.84090568,48.1451932609,2423.95075274
all_antagonistic_333,alpha->2/3,0.729271832387,1243.08201246,45.9279516146,1360.30536778
all_antagonistic_333,alpha->2/3,0.745790092856,680.358756248,43.1256947446,782.238819142
all_antagonistic_333,alpha->2/3,0.766666666667,372.909858349,39.5840674352,463.140920484
antagonistic_mixed_1.5_4_2,alpha->1,0.9999999,1.36657840635e-05,1.36657773282e-05,67.5
antagonistic_mixed_1.5_4_2,alpha->1,0.999999873615,1.72714788818e-05,1.72714681246e-05,67.5
antagonistic_mixed_1.5_4_2,alpha->1,0.999999840269,2.18285311178e-05,2.18285139565e-05,67.5
antagonistic_mixed_1.5_4_2,alpha->1,0.999999798124,2.75879555467e-05,2.75879281317e-05,67.5000000001
antagonistic_mixed_1.5_4_2,alpha->1,0.999999744859,3.48669972006e-05,3.48669534012e-05,67.5000000001
antagonistic_mixed_1.5_4_2,alpha->1,0.999999677541,4.40666063426e-05,4.40665363951e-05,67.5000000002
antagonistic_mixed_1.5_4_2,alpha->1,0.999999592461,5.56935245619e-05,5.56934128182e-05,67.5000000003
antagonistic_mixed_1.5_4_2,alpha->1,0.999999484932,7.03881982176e-05,7.03880197165e-05,67.5000000004
antagonistic_mixed_1.5_4_2,alpha->1,0.999999349032,8.89600573153e-05,8.89597722183e-05,67.5000000007
antagonistic_mixed_1.5_4_2,alpha->1,0.999999177276,0.000112432103613,0.000112431648258,67.5000000011
antagonistic_mixed_1.5_4_2,alpha->1,0.999998960202,0.000142097263982,0.000142096536606,67.5000000017
antagonistic_mixed_1.5_4_2,alpha->1,0.999998685853,0.00017958961427,0.000179588452431,67.5000000028
antagonistic_mixed_1.5_4_2,alpha->1,0.999998339117,0.000226974398714,0.000226972542877,67.5000000044
antagonistic_mixed_1.5_4_2,alpha->1,0.999997900896,0.000286861804771,0.000286858840422,67.500000007
antagonistic_mixed_1.5_4_2,alpha->1,0.999997347052,0.000362550764976,0.000362546029976,67.5000000113
antagonistic_mixed_1.5_4_2,alpha->1,0.999996647076,0.000458210711749,0.000458203148455,67.500000018
antagonistic_mixed_1.5_4_2,alpha->1,0.999995762413,0.000579111306745,0.000579099225762,67.5000000287
antagonistic_mixed_1.5_4_2,alpha->1,0.999994644333,0.000731912812991,0.0007318935158,67.5000000459
antagonistic_mixed_1.5_4_2,alpha->1,0.99999323125,0.00092503312851,0.000925002304684,67.5000000733
antagonistic_mixed_1.5_4_2,alpha->1,0.999991445327,0.00116911173615,0.00116906250048,67.500000117
antagonistic_mixed_1.5_4_2,alpha->1,0.999989188192,0.00147759618588,0.00147751754034,67.5000001869
antagonistic_mixed_1.5_4_2,alpha->1,0.999986335517,0.00186748351123,0.00186735788817,67.5000002985
antagonistic_mixed_1.5_4_2,alpha->1,0.999982730167,0.00236025757362,0.00236005691121,67.5000004769
antagonistic_mixed_1.5_4_2,alpha->1,0.999978173553,0.00298307421301,0.00298275368605,67.5000007617
antagonistic_mixed_1.5_4_2,alpha->1,0.999972414684,0.0037702598805,0.00376974788591,67.5000012167
antagonistic_mixed_1.5_4_2,alpha->1,0.999965136348,0.00476520693251,0.00476438909112,67.5000019434
antagonistic_mixed_1.5_4_2,alpha->1,0.999955937636,0.00602277099182,0.0060214645909,67.5000031042
antagonistic_mixed_1.5_4_2,alpha->1,0.99994431186,0.00761230403902,0.00761021720223,67.5000049584
antagonistic_mixed_1.5_4_2,alpha->1,0.999929618644,0.00962149288024,0.00961815933497,67.5000079201
antagonistic_mixed_1.5_4_2,alpha->1,0.99991104865,0.0121612185383,0.012155893391,67.5000126509
antagonistic_mixed_1.5_4_2,alpha->1,0.999887578996,0.0153717108177,0.0153632040173,67.5000202074
antagonistic_mixed_1.5_4_2,alpha->1,0.999857916917,0.0194303475768,0.0194167577886,67.5000322775
antagonistic_mixed_1.5_4_2,alpha->1,0.999820428551,0.0245615451506,0.024539834438,67.5000515572
antagonistic_mixed_1.5_4_2,alpha->1,0.999773048946,0.0310493116664,0.0310146256547,67.500082353
antagonistic_mixed_1.5_4_2,alpha->1,0.999713168319,0.0392531978801,0.0391977788984,67.5001315436
antagonistic_mixed_1.5_4_2,alpha->1,0.999637488295,0.0496285933083,0.0495400424198,67.5002101163
antagonistic_mixed_1.5_4_2,alpha->1,0.999541840233,0.0627525965385,0.0626110935855,67.5003356218
antagonistic_mixed_1.5_4_2,alpha->1,0.999420955602,0.0793570628013,0.0791309181118,67.5005360939
antagonistic_mixed_1.5_4_2,alpha->1,0.999268175778,0.100370935438,0.100009468652,67.5008563122
antagonistic_mixed_1.5_4_2,alpha->1,0.999075085272,0.126974654012,0.126396787232,67.5013678052
antagonistic_mixed_1.5_4_2,alpha->1,0.998831048184,0.160670379972,0.1597463524,67.5021848305
antagonistic_mixed_1.5_4_2,alpha->1,0.998522622347,0.203373111888,0.201895140407,67.5034899034
antagonistic_mixed_1.5_4_2,alpha->1,0.998132818909,0.25752966345,0.255164810384,67.5055745851
antagonistic_mixed_1.5_4_2,alpha->1,0.997640166533,0.326275244029,0.322489587056,67.5089046582
antagonistic_mixed_1.5_4_2,alpha->1,0.997017528714,0.413641488451,0.407577885066,67.5142242983
antagonistic_mixed_1.5_4_2,alpha->1,0.996230609025,0.524836008977,0.515116577596,67.5227226324
antagonistic_mixed_1.5_4_2,alpha->1,0.99523606199,0.666623194907,0.651029160896,67.5363002082
antagonistic_mixed_1.5_4_2,alpha->1,0.993979105507,0.847851306208,0.822802035056,67.5579957037
antagonistic_mixed_1.5_4_2,alpha->1,0.992390503315,1.08019584685,1.03989687338,67.5926702694
antagonistic_mixed_1.5_4_2,alpha->1,0.990382751289,1.37923092044,1.31427179465,67.6481076731
antagonistic_mixed_1.5_4_2,alpha->1,0.987845257499,1.76601216842,1.66104004584,67.7367895962
antagonistic_mixed_1.5_4_2,alpha->1,0.984638250533,2.26948299402,2.09930247694,67.8787775938
antagonistic_mixed_1.5_4_2,alpha->1,0.980585080543,2.93025275494,2.65319966289,68.1064356237
antagonistic_mixed_1.5_4_2,alpha->1,0.975462488934,3.80675323688,3.35324162597,68.4722820018
antagonistic_mixed_1.5_4_2,alpha->1,0.968988310734,4.98570850148,4.23798840299,69.0623379516
antagonistic_mixed_1.5_4_2,alpha->1,0.960805932252,6.60085137137,5.35617402718,70.0195873785
antagonistic_mixed_1.5_4_2,alpha->1,0.95046464791,8.86842718875,6.76939091885,71.5872452787
antagonistic_mixed_1.5_4_2,alpha->1,0.93739483428,12.1595780715,8.55548254775,74.194145717
antagonistic_mixed_1.5_4_2,alpha->1,0.92087657381,17.1618305193,10.8128312432,78.6394145217
antagonistic_mixed_1.5_4_2,alpha->1,0.9,25.2838638385,13.6657773354,86.5434318346
antagonistic_mixed_1.5_4_2,alpha->2/3,0.666666766667,1.67584071671e+20,45.5525774521,1.67584071671e+20
antagonistic_mixed_1.5_4_2,alpha->2/3,0.666666793051,8.30133836762e+19,45.5525738464,8.30133836762e+19
antagonistic_mixed_1.5_4_2,alpha->2/3,0.666666826398,4.11209866844e+19,45.5525692894,4.11209866844e+19
antagonistic_mixed_1.5_4_2,alpha->2/3,0.666666868543,2.03694349099e+19,45.5525635299,2.036943491e+19
antagonistic_mixed_1.5_4_2,alpha->2/3,0.666666921807,1.00900771477e+19,45.5525562509,1.00900771477e+19
antagonistic_mixed_1.5_4_2,alpha->2/3,0.666666989126,4.99815890662e+18,45.5525470513,4.99815890664e+18
antagonistic_mixed_1.5_4_2,alpha->2/3,0.666667074206,2.47585790524e+18,45.5525354245,2.47585790525e+18
antagonistic_mixed_1.5_4_2,alpha->2/3,0.666667181734,1.22642636501e+18,45.5525207299,1.22642636502e+18
antagonistic_mixed_1.5_4_2,alpha->2/3,0.666667317634,6.07515516498e+17,45.5525021581,6.07515516505e+17
antagonistic_mixed_1.5_4_2,alpha->2/3,0.666667489391,3.0093551267e+17,45.5524786862,3.00935512676e+17
antagonistic_mixed_1.5_4_2,alpha->2/3,0.666667706465,1.49069817846e+17,45.5524490213,1.49069817851e+17
antagonistic_mixed_1.5_4_2,alpha->2/3,0.666667980814,7.38424796071e+16,45.5524115294,7.38424796109e+16
antagonistic_mixed_1.5_4_2,alpha->2/3,0.666668327549,3.65782702834e+16,45.5523641453,3.65782702865e+16
antagonistic_mixed_1.5_4_2,alpha->2/3,0.66666876577,1.81192613866e+16,45.552304259,1.8119261389e+16
antagonistic_mixed_1.5_4_2,alpha->2/3,0.666669319615,8.97549401914e+15,45.5522285718,8.97549402106e+15
antagonistic_mixed_1.5_4_2,alpha->2/3,0.666670019591,4.44607643185e+15,45.5521329147,4.44607643337e+15
antagonistic_mixed_1.5_4_2,alpha->2/3,0.666670904254,2.20240081747e+15,45.5520120186,2.20240081867e+15
antagonistic_mixed_1.5_4_2,alpha->2/3,0.666672022334,1.09098027332e+15,45.5518592244,1.09098027428e+15
antagonistic_mixed_1.5_4_2,alpha->2/3,0.666673435417,5.40429229847e+14,45.5516661156,5.40429230601e+14
antagonistic_mixed_1.5_4_2,alpha->2/3,0.666675221339,2.67708724418e+14,45.5514220554,2.67708725015e+14
antagonistic_mixed_1.5_4_2,alpha->2/3,0.666677478474,1.32613716311e+14,45.5511136003,1.32613716783e+14
antagonistic_mixed_1.5_4_2,alpha->2/3,0.66668033115,6.5692710399e+13,45.55072376,6.56927107722e+13
antagonistic_mixed_1.5_4_2,alpha->2/3,0.6666839365,3.25423919755e+13,45.550231061,3.25423922708e+13
antagonistic_mixed_1.5_4_2,alpha->2/3,0.666688493114,1.6120787646e+13,45.5496083642,1.61207878796e+13
antagonistic_mixed_1.5_4_2,alpha->2/3,0.666694251983,7.98598925938e+12,45.54882137,7.98598944427e+12
antagonistic_mixed_1.5_4_2,alpha->2/3,0.666701530319,3.95620113364e+12,45.5478267288,3.95620127994e+12
antagonistic_mixed_1.5_4_2,alpha->2/3,0.666710729031,1.9599142612e+12,45.5465696533,1.95991437696e+12
antagonistic_mixed_1.5_4_2,alpha->2/3,0.666722354807,970973197498,45.5449809007,970973289097
antagonistic_mixed_1.5_4_2,alpha->2/3,0.666737048022,481051849842,45.5429729585,481051922322
antagonistic_mixed_1.5_4_2,alpha->2/3,0.666755618016,238338843633,45.5404352245,238338900987
antagonistic_mixed_1.5_4_2,alpha->2/3,0.66677908767,118092107841,45.5372279139,118092153225
antagonistic_mixed_1.5_4_2,alpha->2/3,0.66680874975,58516199106,45.5331743601,58516235019.8
antagonistic_mixed_1.5_4_2,alpha->2/3,0.666846238116,28998010728,45.5280512834,28998039148.6
antagonistic_mixed_1.5_4_2,alpha->2/3,0.66689361772,14371657214.5,45.5215764922,14371679706.2
antagonistic_mixed_1.5_4_2,alpha->2/3,0.666953498348,7123677573.58,45.513393339,7123695374.13
antagonistic_mixed_1.5_4_2,alpha->2/3,0.667029178372,3531635030.93,45.5030510755,3531649119.7
antagonistic_mixed_1.5_4_2,alpha->2/3,0.667124826434,1751220891.31,45.4899800243,1751232043.18
antagonistic_mixed_1.5_4_2,alpha->2/3,0.667245711065,868608361.908,45.4734601998,868617190.023
antagonistic_mixed_1.5_4_2,alpha->2/3,0.667398490889,430978628.958,45.4525816492,430985618.442
antagonistic_mixed_1.5_4_2,alpha->2/3,0.667591581394,213931456.857,45.4261943306,213936991.565
antagonistic_mixed_1.5_4_2,alpha->2/3,0.667835618483,106250024.079,45.3928447655,106254407.733
antagonistic_mixed_1.5_4_2,alpha->2/3,0.668144044319,52805515.7903,45.3506959775,52808988.7069
antagonistic_mixed_1.5_4_2,alpha->2/3,0.668533847758,26266409.4125,45.2974263075,26269161.7443
antagonistic_mixed_1.5_4_2,alpha->2/3,0.669026500133,13079371.3418,45.2301015308,13081553.5491
antagonistic_mixed_1.5_4_2,alpha->2/3,0.669649137953,6521590.40975,45.1450132328,6523321.54869
antagonistic_mixed_1.5_4_2,alpha->2/3,0.670436057642,3257189.42964,45.0374745403,3258563.70944
antagonistic_mixed_1.5_4_2,alpha->2/3,0.671430604677,1630156.04937,44.901561957,1631248.02151
antagonistic_mixed_1.5_4_2,alpha->2/3,0.67268756116,817941.538388,44.7297890828,818810.202425
antagonistic_mixed_1.5_4_2,alpha->2/3,0.674276163352,411693.076393,44.5126942445,412385.128912
antagonistic_mixed_1.5_4_2,alpha->2/3,0.676283915378,208007.3926,44.2383193232,208559.798099
antagonistic_mixed_1.5_4_2,alpha->2/3,0.678821409167,105579.284797,43.891551072,106021.309975
antagonistic_mixed_1.5_4_2,alpha->2/3,0.682028416133,53883.454187,43.4532886409,54238.2775619
antagonistic_mixed_1.5_4_2,alpha->2/3,0.686081586124,27677.0945503,42.899391455,27963.0799315
antagonistic_mixed_1.5_4_2,alpha->2/3,0.691204177733,14321.5977466,42.1993494919,14553.3017009
antagonistic_mixed_1.5_4_2,alpha->2/3,0.697678355932,7472.22974116,41.3146027149,7661.1986743
antagonistic_mixed_1.5_4_2,alpha->2/3,0.705860734415,3933.45646365,40.1964170907,4088.85766748
antagonistic_mixed_1.5_4_2,alpha->2/3,0.716202018756,2089.42988737,38.783200199,2218.55220528
antagonistic_mixed_1.5_4_2,alpha->2/3,0.729271832387,1119.14484841,36.9971085701,1227.79810294
antagonistic_mixed_1.5_4_2,alpha->2/3,0.745790092856,603.045404668,34.7397598747,695.883211857
antagonistic_mixed_1.5_4_2,alpha->2/3,0.766666666667,325.264730638,31.8868137825,406.053066944
all_mutualistic_competitive_0.5,alpha->1,0.9999999,4.04003440746e-06,4.04003196288e-06,13.5
all_mutualistic_competitive_0.5,alpha->1,0.999999873615,5.10599103887e-06,5.10598713807e-06,13.5
all_mutualistic_competitive_0.5,alpha->1,0.999999840269,6.45319890058e-06,6.4531926702e-06,13.5
all_mutualistic_competitive_0.5,alpha->1,0.999999798124,8.15586591152e-06,8.15585595795e-06,13.5
all_mutualistic_competitive_0.5,alpha->1,0.999999744859,1.03077798013e-05,1.03077638986e-05,13.5
all_mutualistic_competitive_0.5,alpha->1,0.999999677541,1.3027474278e-05,1.30274488787e-05,13.5000000001
all_mutualistic_competitive_0.5,alpha->1,0.999999592461,1.64647584224e-05,1.64647178499e-05,13.5000000001
all_mutualistic_competitive_0.5,alpha->1,0.999999484932,2.0808968876e-05,2.08089040696e-05,13.5000000001
all_mutualistic_competitive_0.5,alpha->1,0.999999349032,2.62993995257e-05,2.62992960109e-05,13.5000000002
all_mutualistic_competitive_0.5,alpha->1,0.999999177276,3.32384833444e-05,3.32383180036e-05,13.5000000004
all_mutualistic_competitive_0.5,alpha->1,0.999998960202,4.20084525805e-05,4.20081884782e-05,13.5000000006
all_mutualistic_competitive_0.5,alpha->1,0.999998685853,5.30923953725e-05,5.30919735162e-05,13.5000000009
all_mutualistic_competitive_0.5,alpha->1,0.999998339117,6.71008691615e-05,6.710019532e-05,13.5000000015
all_mutualistic_competitive_0.5,alpha->1,0.999997900896,8.48055376048e-05,8.48044612694e-05,13.5000000023
all_mutualistic_competitive_0.5,alpha->1,0.999997347052,0.000107181685232,0.00010717996598,13.5000000038
all_mutualistic_competitive_0.5,alpha->1,0.999996647076,0.000135461953577,0.000135459207391,13.500000006
all_mutualistic_competitive_0.5,alpha->1,0.999995762413,0.000171204262365,0.000171199875834,13.5000000096
all_mutualistic_competitive_0.5,alpha->1,0.999994644333,0.000216377662122,0.000216370655416,13.5000000153
all_mutualistic_competitive_0.5,alpha->1,0.99999323125,0.000273470855986,0.000273459664015,13.5000000244
all_mutualistic_competitive_0.5,alpha->1,0.999991445327,0.000345629382172,0.000345611504939,13.500000039
all_mutualistic_competitive_0.5,alpha->1,0.999989188192,0.000436829035277,0.000436800479429,13.5000000623
all_mutualistic_competitive_0.5,alpha->1,0.999986335517,0.000552095114227,0.000552049500968,13.5000000995
all_mutualistic_competitive_0.5,alpha->1,0.999982730167,0.000697779629659,0.000697706769731,13.500000159
all_mutualistic_competitive_0.5,alpha->1,0.999978173553,0.000881911829815,0.000881795447099,13.5000002539
all_mutualistic_competitive_0.5,alpha->1,0.999972414684,0.00111464149607,0.00111445559117,13.5000004056
all_mutualistic_competitive_0.5,alpha->1,0.999965136348,0.00140879965515,0.00140850269615,13.5000006478
all_mutualistic_competitive_0.5,alpha->1,0.999955937636,0.00178060795945,0.00178013360136,13.5000010347
all_mutualistic_competitive_0.5,alpha->1,0.99994431186,0.00225057639514,0.00224981865306,13.5000016528
all_mutualistic_competitive_0.5,alpha->1,0.999929618644,0.00284463970134,0.0028434292616,13.50000264
all_mutualistic_competitive_0.5,alpha->1,0.99991104865,0.00359559659243,0.00359366296244,13.500004217
all_mutualistic_competitive_0.5,alpha->1,0.999887578996,0.00454493345085,0.00454184447703,13.5000067358
all_mutualistic_competitive_0.5,alpha->1,0.999857916917,0.00574513676889,0.00574020198031,13.5000107592
all_mutualistic_competitive_0.5,alpha->1,0.999820428551,0.00726262783543,0.00725474395729,13.5000171857
all_mutualistic_competitive_0.5,alpha->1,0.999773048946,0.00918149111689,0.00916889511317,13.500027451
all_mutualistic_competitive_0.5,alpha->1,0.999713168319,0.0116082173988,0.0115880916117,13.5000438479
all_mutualistic_competitive_0.5,alpha->1,0.999637488295,0.0146777481178,0.0146455887589,13.5000700388
all_mutualistic_competitive_0.5,alpha->1,0.999541840233,0.0185611942046,0.0185098010338,13.500111874
all_mutualistic_competitive_0.5,alpha->1,0.999420955602,0.0234757194904,0.0233935787732,13.5001786983
all_mutualistic_competitive_0.5,alpha->1,0.999268175778,0.0296972374753,0.0295659324928,13.5002854382
all_mutualistic_competitive_0.5,alpha->1,0.999075085272,0.0375767891274,0.037366850649,13.500455937
all_mutualistic_competitive_0.5,alpha->1,0.998831048184,0.0475617758133,0.0472260270421,13.5007282817
all_mutualistic_competitive_0.5,alpha->1,0.998522622347,0.0602236577622,0.0596865294089,13.5011633137
all_mutualistic_competitive_0.5,alpha->1,0.998132818909,0.076294361022,0.0754347129328,13.501858227
all_mutualistic_competitive_0.5,alpha->1,0.997640166533,0.0967145708477,0.095338026379,13.502968301
all_mutualistic_competitive_0.5,alpha->1,0.997017528714,0.122698499862,0.12049279331,13.5047416409
all_mutualistic_competitive_0.5,alpha->1,0.996230609025,0.155821892934,0.152284600292,13.5075747419
all_mutualistic_competitive_0.5,alpha->1,0.99523606199,0.198143456777,0.192464618413,13.5121014248
all_mutualistic_competitive_0.5,alpha->1,0.993979105507,0.252375433008,0.24324606211,13.5193353606
all_mutualistic_competitive_0.5,alpha->1,0.992390503315,0.322128193231,0.307426098469,13.5308989208
all_mutualistic_competitive_0.5,alpha->1,0.990382751289,0.412269333618,0.388539922085,13.549391775
all_mutualistic_competitive_0.5,alpha->1,0.987845257499,0.52946514072,0.491055482295,13.5789874797
all_mutualistic_competitive_0.5,alpha->1,0.984638250533,0.683022095854,0.62061958884,13.6264065165
all_mutualistic_competitive_0.5,alpha->1,0.980585080543,0.886240208351,0.784368952061,13.702522391
all_mutualistic_competitive_0.5,alpha->1,0.975462488934,1.15867603332,0.9913232905,13.8250617345
all_mutualistic_competitive_0.5,alpha->1,0.968988310734,1.53010066454,1.25288215923,14.0232705748
all_mutualistic_competitive_0.5,alpha->1,0.960805932252,2.0477953919,1.58345286543,14.3463105179
all_mutualistic_competitive_0.5,alpha->1,0.95046464791,2.79086754308,2.0012440584,14.8792508959
all_mutualistic_competitive_0.5,alpha->1,0.93739483428,3.9005654296,2.52926870684,15.775969734
all_mutualistic_competitive_0.5,alpha->1,0.92087657381,5.65089193911,3.19661170988,17.3340238657
all_mutualistic_competitive_0.5,alpha->1,0.9,8.63466105309,4.04003196501,20.1887080281
all_mutualistic_competitive_0.5,alpha->2/3,0.666666766667,1.67583889293e+20,13.4667691767,1.67583889293e+20
all_mutualistic_competitive_0.5,alpha->2/3,0.666666793051,8.30132694981e+19,13.4667681107,8.30132694981e+19
all_mutualistic_competitive_0.5,alpha->2/3,0.666666826398,4.1120915203e+19,13.4667667635,4.1120915203e+19
all_mutualistic_competitive_0.5,alpha->2/3,0.666666868543,2.03693901589e+19,13.4667650608,2.03693901589e+19
all_mutualistic_competitive_0.5,alpha->2/3,0.666666921807,1.00900491313e+19,13.4667629089,1.00900491313e+19
all_mutualistic_competitive_0.5,alpha->2/3,0.666666989126,4.99814136686e+18,13.4667601893,4.99814136687e+18
all_mutualistic_competitive_0.5,alpha->2/3,0.666667074206,2.47584692445e+18,13.466756752,2.47584692445e+18
all_mutualistic_competitive_0.5,alpha->2/3,0.666667181734,1.22641949047e+18,13.4667524078,1.22641949047e+18
all_mutualistic_competitive_0.5,alpha->2/3,0.666667317634,6.07511212679e+17,13.4667469174,6.0751121268e+17
all_mutualistic_competitive_0.5,alpha->2/3,0.666667489391,3.00932818257e+17,13.4667399784,3.00932818258e+17
all_mutualistic_competitive_0.5,alpha->2/3,0.666667706465,1.49068131005e+17,13.4667312085,1.49068131006e+17
all_mutualistic_competitive_0.5,alpha->2/3,0.666667980814,7.38414235574e+16,13.4667201247,7.38414235581e+16
all_mutualistic_competitive_0.5,alpha->2/3,0.666668327549,3.65776091419e+16,13.4667061165,3.65776091424e+16
all_mutualistic_competitive_0.5,alpha->2/3,0.66666876577,1.8118847478e+16,13.4666884122,1.81188474784e+16
all_mutualistic_competitive_0.5,alpha->2/3,0.666669319615,8.97523489103e+15,13.4666660367,8.97523489134e+15
all_mutualistic_competitive_0.5,alpha->2/3,0.666670019591,4.44591420433e+15,13.4666377575,4.44591420458e+15
all_mutualistic_competitive_0.5,alpha->2/3,0.666670904254,2.20229925471e+15,13.4666020168,2.2022992549e+15
all_mutualistic_competitive_0.5,alpha->2/3,0.666672022334,1.09091668983e+15,13.466556846,1.09091668998e+15
all_mutualistic_competitive_0.5,alpha->2/3,0.666673435417,5.40389423323e+14,13.466499757,5.40389423446e+14
all_mutualistic_competitive_0.5,alpha->2/3,0.666675221339,2.67683803502e+14,13.4664276052,2.67683803598e+14
all_mutualistic_competitive_0.5,alpha->2/3,0.666677478474,1.32598114548e+14,13.4663364162,1.32598114625e+14
all_mutualistic_competitive_0.5,alpha->2/3,0.66668033115,6.56829429044e+13,13.4662211672,6.56829429649e+13
all_mutualistic_competitive_0.5,alpha->2/3,0.6666839365,3.25362770309e+13,13.4660755099,3.25362770788e+13
all_mutualistic_competitive_0.5,alpha->2/3,0.666688493114,1.6116959384e+13,13.4658914213,1.61169594219e+13
all_mutualistic_competitive_0.5,alpha->2/3,0.666694251983,7.98359257696e+12,13.4656587611,7.98359260695e+12
all_mutualistic_competitive_0.5,alpha->2/3,0.666701530319,3.95470069243e+12,13.465364714,3.95470071615e+12
all_mutualistic_competitive_0.5,alpha->2/3,0.666710729031,1.95897491206e+12,13.4649930831,1.95897493084e+12
all_mutualistic_competitive_0.5,alpha->2/3,0.666722354807,970385120033,13.464523398,970385134889
all_mutualistic_competitive_0.5,alpha->2/3,0.666737048022,480683685834,13.4639297874,480683697590
all_mutualistic_competitive_0.5,alpha->2/3,0.666755618016,238108356212,13.4631795537,238108365515
all_mutualistic_competitive_0.5,alpha->2/3,0.66677908767,117947812602,13.4622313722,117947819964
all_mutualistic_competitive_0.5,alpha->2/3,0.66680874975,58425864251.9,13.4610330147,58425870078.3
all_mutualistic_competitive_0.5,alpha->2/3,0.666846238116,28941457566.3,13.4595184727,28941462177.5
all_mutualistic_competitive_0.5,alpha->2/3,0.66689361772,14336252903,13.4576043216,14336256552.8
all_mutualistic_competitive_0.5,alpha->2/3,0.666953498348,7101513349.6,13.4551851251,7101516238.68
all_mutualistic_competitive_0.5,alpha->2/3,0.667029178372,3517759639.08,13.4521276279,3517761926.24
all_mutualistic_competitive_0.5,alpha->2/3,0.667124826434,1742534620.55,13.4482634157,1742536431.46
all_mutualistic_competitive_0.5,alpha->2/3,0.667245711065,863170657.24,13.4433796379,863172091.321
all_mutualistic_competitive_0.5,alpha->2/3,0.667398490889,427574621.863,13.4372072842,427575757.785
all_mutualistic_competitive_0.5,alpha->2/3,0.667591581394,211800592.052,13.4294063661,211801492.06
all_mutualistic_competitive_0.5,alpha->2/3,0.667835618483,104916166.667,13.4195471897,104916880.013
all_mutualistic_competitive_0.5,alpha->2/3,0.668144044319,51970590.2237,13.4070866873,51971155.8763
all_mutualistic_competitive_0.5,alpha->2/3,0.668533847758,25743812.5166,13.3913385038,25744261.31
all_mutualistic_competitive_0.5,alpha->2/3,0.669026500133,12752285.8378,13.3714351903,12752642.1689
all_mutualistic_competitive_0.5,alpha->2/3,0.669649137953,6316887.35573,13.3462804234,6317170.5286
all_mutualistic_competitive_0.5,alpha->2/3,0.670436057642,3129090.0594,13.3144886164,3129315.34828
all_mutualistic_competitive_0.5,alpha->2/3,0.671430604677,1550003.44492,13.2743085983,1550182.93569
all_mutualistic_competitive_0.5,alpha->2/3,0.67268756116,767797.330849,13.2235271546,767940.586731
all_mutualistic_competitive_0.5,alpha->2/3,0.674276163352,380328.778439,13.1593471182,380443.366776
all_mutualistic_competitive_0.5,alpha->2/3,0.676283915378,188394.867099,13.0782332946,188486.77619
all_mutualistic_competitive_0.5,alpha->2/3,0.678821409167,93319.7287579,12.9757177344,93393.6977348
all_mutualistic_competitive_0.5,alpha->2/3,0.682028416133,46223.9247621,12.8461536279,46283.7046752
all_mutualistic_competitive_0.5,alpha->2/3,0.686081586124,22894.8531052,12.6824042646,22943.4136033
all_mutualistic_competitive_0.5,alpha->2/3,0.691204177733,11338.7161709,12.4754499262,11378.409187
all_mutualistic_competitive_0.5,alpha->2/3,0.697678355932,5614.34412915,12.2138910575,5647.03361748
all_mutualistic_competitive_0.5,alpha->2/3,0.705860734415,2778.75764798,11.8833203513,2805.92257668
all_mutualistic_competitive_0.5,alpha->2/3,0.716202018756,1374.14163337,11.4655291583,1396.95801541
all_mutualistic_competitive_0.5,alpha->2/3,0.729271832387,678.362350408,10.9375045099,697.769043607
all_mutualistic_competitive_0.5,alpha->2/3,0.745790092856,333.708450235,10.2701615068,350.460782718
all_mutualistic_competitive_0.5,alpha->2/3,0.766666666667,162.986545441,9.42674125169,177.701652786
mutualistic_mixed_0.2_0.8_0.5,alpha->1,0.9999999,4.0388948781e-06,4.0388924471e-06,13.5
mutualistic_mixed_0.2_0.8_0.5,alpha->1,0.999999873615,5.10455084424e-06,5.10454696309e-06,13.5
mutualistic_mixed_0.2_0.8_0.5,alpha->1,0.999999840269,6.45137870059e-06,6.45137250764e-06,13.5
mutualistic_mixed_0.2_0.8_0.5,alpha->1,0.999999798124,8.15356544592e-06,8.15355554877e-06,13.5
mutualistic_mixed_0.2_0.8_0.5,alpha->1,0.999999744859,1.03048723421e-05,1.03048565306e-05,13.5
mutualistic_mixed_0.2_0.8_0.5,alpha->1,0.999999677541,1.30237996601e-05,1.30237744068e-05,13.5000000001
mutualistic_mixed_0.2_0.8_0.5,alpha->1,0.999999592461,1.64601142147e-05,1.64600738752e-05,13.5000000001
mutualistic_mixed_0.2_0.8_0.5,alpha->1,0.999999484932,2.08030992308e-05,2.08030347906e-05,13.5000000001
mutualistic_mixed_0.2_0.8_0.5,alpha->1,0.999999349032,2.62919810616e-05,2.62918781332e-05,13.5000000002
mutualistic_mixed_0.2_0.8_0.5,alpha->1,0.999999177276,3.32291073315e-05,3.32289429322e-05,13.5000000004
mutualistic_mixed_0.2_0.8_0.5,alpha->1,0.999998960202,4.19966024099e-05,4.19963398111e-05,13.5000000006
mutualistic_mixed_0.2_0.8_0.5,alpha->1,0.999998685853,5.30774180554e-05,5.30769985996e-05,13.5000000009
mutualistic_mixed_0.2_0.8_0.5,alpha->1,0.999998339117,6.70819393118e-05,6.70812692985e-05,13.5000000015
mutualistic_mixed_0.2_0.8_0.5,alpha->1,0.999997900896,8.4781611867e-05,8.47805416511e-05,13.5000000023
mutualistic_mixed_0.2_0.8_0.5,alpha->1,0.999997347052,0.000107151444692,0.000107149735213,13.5000000038
mutualistic_mixed_0.2_0.8_0.5,alpha->1,0.999996647076,0.000135423730868,0.000135421000291,13.500000006
mutualistic_mixed_0.2_0.8_0.5,alpha->1,0.999995762413,0.000171155949459,0.000171151587859,13.5000000096
mutualistic_mixed_0.2_0.8_0.5,alpha->1,0.999994644333,0.000216316593622,0.000216309626746,13.5000000153
mutualistic_mixed_0.2_0.8_0.5,alpha->1,0.99999323125,0.000273393661391,0.00027338253304,13.5000000244
mutualistic_mixed_0.2_0.8_0.5,alpha->1,0.999991445327,0.000345531798706,0.000345514023095,13.500000039
mutualistic_mixed_0.2_0.8_0.5,alpha->1,0.999989188192,0.000436705670698,0.000436677277175,13.5000000623
mutualistic_mixed_0.2_0.8_0.5,alpha->1,0.999986335517,0.000551939145996,0.000551893792022,13.5000000995
mutualistic_mixed_0.2_0.8_0.5,alpha->1,0.999982730167,0.00069758242302,0.000697509977259,13.500000159
mutualistic_mixed_0.2_0.8_0.5,alpha->1,0.999978173553,0.000881662452433,0.000881546731287,13.5000002539
mutualistic_mixed_0.2_0.8_0.5,alpha->1,0.999972414684,0.00111432610027,0.00111414125214,13.5000004056
mutualistic_mixed_0.2_0.8_0.5,alpha->1,0.999965136348,0.00140840069027,0.00140810541933,13.5000006478
mutualistic_mixed_0.2_0.8_0.5,alpha->1,0.999955937636,0.00178010316537,0.00177963150376,13.5000010347
mutualistic_mixed_0.2_0.8_0.5,alpha->1,0.99994431186,0.00224993751261,0.00224918407791,13.5000016528
mutualistic_mixed_0.2_0.8_0.5,alpha->1,0.999929618644,0.0028438308139,0.00284262725494,13.50000264
mutualistic_mixed_0.2_0.8_0.5,alpha->1,0.99991104865,0.0035945719859,0.00359264934777,13.500004217
mutualistic_mixed_0.2_0.8_0.5,alpha->1,0.999887578996,0.00454363483612,0.00454056342195,13.5000067358
mutualistic_mixed_0.2_0.8_0.5,alpha->1,0.999857916917,0.005743489657,0.00573858292114,13.5000107592
mutualistic_mixed_0.2_0.8_0.5,alpha->1,0.999820428551,0.0072605367724,0.00725269771228,13.5000171857
mutualistic_mixed_0.2_0.8_0.5,alpha->1,0.999773048946,0.0091788333672,0.00916630897009,13.500027451
mutualistic_mixed_0.2_0.8_0.5,alpha->1,0.999713168319,0.0116048344916,0.0115848231194,13.5000438479
mutualistic_mixed_0.2_0.8_0.5,alpha->1,0.999637488295,0.0146734344089,0.0146414578808,13.5000700388
mutualistic_mixed_0.2_0.8_0.5,alpha->1,0.999541840233,0.0185556812138,0.0185045802309,13.500111874
mutualistic_mixed_0.2_0.8_0.5,alpha->1,0.999420955602,0.0234686541698,0.0233869804709,13.5001786983
mutualistic_mixed_0.2_0.8_0.5,alpha->1,0.999268175778,0.0296881516374,0.0295575932402,13.5002854382
mutualistic_mixed_0.2_0.8_0.5,alpha->1,0.999075085272,0.0375650558142,0.0373563110997,13.500455937
mutualistic_mixed_0.2_0.8_0.5,alpha->1,0.998831048184,0.0475465461194,0.0472127066516,13.5007282817
mutualistic_mixed_0.2_0.8_0.5,alpha->1,0.998522622347,0.0602037680329,0.0596696944573,13.5011633137
mutualistic_mixed_0.2_0.8_0.5,alpha->1,0.998132818909,0.0762681946296,0.0754134361095,13.501858227
mutualistic_mixed_0.2_0.8_0.5,alpha->1,0.997640166533,0.0966798495596,0.0953111357041,13.502968301
mutualistic_mixed_0.2_0.8_0.5,alpha->1,0.997017528714,0.122651964965,0.120458807579,13.5047416409
mutualistic_mixed_0.2_0.8_0.5,alpha->1,0.996230609025,0.155758812055,0.152241647487,13.5075747419
mutualistic_mixed_0.2_0.8_0.5,alpha->1,0.99523606199,0.198056852548,0.192410332588,13.5121014248
mutualistic_mixed_0.2_0.8_0.5,alpha->1,0.993979105507,0.252254863674,0.243177453067,13.5193353606
mutualistic_mixed_0.2_0.8_0.5,alpha->1,0.992390503315,0.321957804699,0.307339387053,13.5308989208
mutualistic_mixed_0.2_0.8_0.5,alpha->1,0.990382751289,0.412024715069,0.388430332018,13.549391775
mutualistic_mixed_0.2_0.8_0.5,alpha->1,0.987845257499,0.529108194767,0.490916977086,13.5789874797
mutualistic_mixed_0.2_0.8_0.5,alpha->1,0.984638250533,0.682492576394,0.62044453928,13.6264065165
mutualistic_mixed_0.2_0.8_0.5,alpha->1,0.980585080543,0.885441595705,0.784147715989,13.702522391
mutualistic_mixed_0.2_0.8_0.5,alpha->1,0.975462488934,1.15745165145,0.991043681688,13.8250617345
mutualistic_mixed_0.2_0.8_0.5,alpha->1,0.968988310734,1.52819270902,1.25252877613,14.0232705748
mutualistic_mixed_0.2_0.8_0.5,alpha->1,0.960805932252,2.04477343043,1.58300624284,14.3463105179
mutualistic_mixed_0.2_0.8_0.5,alpha->1,0.95046464791,2.78600105541,2.00067959524,14.8792508959
mutualistic_mixed_0.2_0.8_0.5,alpha->1,0.93739483428,3.89259001266,2.52855531109,15.775969734
mutualistic_mixed_0.2_0.8_0.5,alpha->1,0.92087657381,5.63756261755,3.19571008595,17.3340238657
mutualistic_mixed_0.2_0.8_0.5,alpha->1,0.9,8.61184501552,4.03889244922,20.1887080281
mutualistic_mixed_0.2_0.8_0.5,alpha->2/3,0.666666766667,1.67583889293e+20,13.4629707919,1.67583889293e+20
mutualistic_mixed_0.2_0.8_0.5,alpha->2/3,0.666666793051,8.30132694981e+19,13.4629697262,8.30132694981e+19
mutualistic_mixed_0.2_0.8_0.5,alpha->2/3,0.666666826398,4.1120915203e+19,13.4629683794,4.1120915203e+19
mutualistic_mixed_0.2_0.8_0.5,alpha->2/3,0.666666868543,2.03693901589e+19,13.4629666772,2.03693901589e+19
mutualistic_mixed_0.2_0.8_0.5,alpha->2/3,0.666666921807,1.00900491313e+19,13.4629645259,1.00900491313e+19
mutualistic_mixed_0.2_0.8_0.5,alpha->2/3,0.666666989126,4.99814136686e+18,13.462961807,4.99814136687e+18
mutualistic_mixed_0.2_0.8_0.5,alpha->2/3,0.666667074206,2.47584692445e+18,13.4629583707,2.47584692445e+18
mutualistic_mixed_0.2_0.8_0.5,alpha->2/3,0.666667181734,1.22641949047e+18,13.4629540277,1.22641949047e+18
mutualistic_mixed_0.2_0.8_0.5,alpha->2/3,0.666667317634,6.07511212679e+17,13.4629485389,6.0751121268e+17
mutualistic_mixed_0.2_0.8_0.5,alpha->2/3,0.666667489391,3.00932818257e+17,13.4629416018,3.00932818258e+17
mutualistic_mixed_0.2_0.8_0.5,alpha->2/3,0.666667706465,1.49068131005e+17,13.4629328344,1.49068131006e+17
mutualistic_mixed_0.2_0.8_0.5,alpha->2/3,0.666667980814,7.38414235574e+16,13.4629217537,7.38414235581e+16
mutualistic_mixed_0.2_0.8_0.5,alpha->2/3,0.666668327549,3.65776091419e+16,13.4629077495,3.65776091424e+16
mutualistic_mixed_0.2_0.8_0.5,alpha->2/3,0.66666876577,1.81188474779e+16,13.4628900502,1.81188474784e+16
mutualistic_mixed_0.2_0.8_0.5,alpha->2/3,0.666669319615,8.97523489101e+15,13.462867681,8.97523489134e+15
mutualistic_mixed_0.2_0.8_0.5,alpha->2/3,0.666670019591,4.44591420432e+15,13.4628394097,4.44591420458e+15
mutualistic_mixed_0.2_0.8_0.5,alpha->2/3,0.666670904254,2.20229925469e+15,13.4628036792,2.2022992549e+15
mutualistic_mixed_0.2_0.8_0.5,alpha->2/3,0.666672022334,1.09091668982e+15,13.4627585211,1.09091668998e+15
mutualistic_mixed_0.2_0.8_0.5,alpha->2/3,0.666673435417,5.40389423316e+14,13.4627014482,5.40389423446e+14
mutualistic_mixed_0.2_0.8_0.5,alpha->2/3,0.666675221339,2.67683803496e+14,13.4626293167,2.67683803598e+14
mutualistic_mixed_0.2_0.8_0.5,alpha->2/3,0.666677478474,1.32598114544e+14,13.4625381535,1.32598114625e+14
mutualistic_mixed_0.2_0.8_0.5,alpha->2/3,0.66668033115,6.56829429008e+13,13.462422937,6.56829429649e+13
mutualistic_mixed_0.2_0.8_0.5,alpha->2/3,0.6666839365,3.25362770281e+13,13.4622773208,3.25362770788e+13
mutualistic_mixed_0.2_0.8_0.5,alpha->2/3,0.666688493114,1.61169593818e+13,13.462093284,1.61169594219e+13
mutualistic_mixed_0.2_0.8_0.5,alpha->2/3,0.666694251983,7.98359257517e+12,13.4618606895,7.98359260695e+12
mutualistic_mixed_0.2_0.8_0.5,alpha->2/3,0.666701530319,3.954700691e+12,13.4615667253,3.95470071615e+12
mutualistic_mixed_0.2_0.8_0.5,alpha->2/3,0.666710729031,1.95897491094e+12,13.4611951992,1.95897493084e+12
mutualistic_mixed_0.2_0.8_0.5,alpha->2/3,0.666722354807,970385119142,13.4607256467,970385134889
mutualistic_mixed_0.2_0.8_0.5,alpha->2/3,0.666737048022,480683685129,13.4601322035,480683697590
mutualistic_mixed_0.2_0.8_0.5,alpha->2/3,0.666755618016,238108355654,13.4593821814,238108365515
mutualistic_mixed_0.2_0.8_0.5,alpha->2/3,0.66677908767,117947812161,13.4584342673,117947819964
mutualistic_mixed_0.2_0.8_0.5,alpha->2/3,0.66680874975,58425863902.9,13.4572362478,58425870078.3
mutualistic_mixed_0.2_0.8_0.5,alpha->2/3,0.666846238116,28941457290.2,13.455722133,28941462177.5
mutualistic_mixed_0.2_0.8_0.5,alpha->2/3,0.66689361772,14336252684.6,13.4538085218,14336256552.8
mutualistic_mixed_0.2_0.8_0.5,alpha->2/3,0.666953498348,7101513176.87,13.4513900076,7101516238.68
mutualistic_mixed_0.2_0.8_0.5,alpha->2/3,0.667029178372,3517759502.46,13.4483333729,3517761926.24
mutualistic_mixed_0.2_0.8_0.5,alpha->2/3,0.667124826434,1742534512.51,13.4444702505,1742536431.46
mutualistic_mixed_0.2_0.8_0.5,alpha->2/3,0.667245711065,863170571.805,13.4395878503,863172091.321
mutualistic_mixed_0.2_0.8_0.5,alpha->2/3,0.667398490889,427574554.318,13.4334172375,427575757.785
mutualistic_mixed_0.2_0.8_0.5,alpha->2/3,0.667591581394,211800538.662,13.4256185196,211801492.06
mutualistic_mixed_0.2_0.8_0.5,alpha->2/3,0.667835618483,104916124.476,13.4157621241,104916880.013
mutualistic_mixed_0.2_0.8_0.5,alpha->2/3,0.668144044319,51970556.8947,13.4033051363,51971155.8763
mutualistic_mixed_0.2_0.8_0.5,alpha->2/3,0.668533847758,25743786.1993,13.3875613946,25744261.31
mutualistic_mixed_0.2_0.8_0.5,alpha->2/3,0.669026500133,12752265.0682,13.367663695,12752642.1689
mutualistic_mixed_0.2_0.8_0.5,alpha->2/3,0.669649137953,6316870.97562,13.3425160232,6317170.5286
mutualistic_mixed_0.2_0.8_0.5,alpha->2/3,0.670436057642,3129077.15236,13.3107331833,3129315.34828
mutualistic_mixed_0.2_0.8_0.5,alpha->2/3,0.671430604677,1549993.28582,13.2705644982,1550182.93569
mutualistic_mixed_0.2_0.8_0.5,alpha->2/3,0.67268756116,767789.345894,13.2197973777,767940.586731
mutualistic_mixed_0.2_0.8_0.5,alpha->2/3,0.674276163352,380322.513612,13.1556354437,380443.366776
mutualistic_mixed_0.2_0.8_0.5,alpha->2/3,0.676283915378,188389.963124,13.0745444987,188486.77619
mutualistic_mixed_0.2_0.8_0.5,alpha->2/3,0.678821409167,93315.9013171,12.9720578537,93393.6977348
mutualistic_mixed_0.2_0.8_0.5,alpha->2/3,0.682028416133,46220.9488343,12.8425302915,46283.7046752
mutualistic_mixed_0.2_0.8_0.5,alpha->2/3,0.686081586124,22892.5505691,12.6788271148,22943.4136033
mutualistic_mixed_0.2_0.8_0.5,alpha->2/3,0.691204177733,11336.9459916,12.4719311491,11378.409187
mutualistic_mixed_0.2_0.8_0.5,alpha->2/3,0.697678355932,5612.99458623,12.2104460546,5647.03361748
mutualistic_mixed_0.2_0.8_0.5,alpha->2/3,0.705860734415,2777.74017567,11.8799685879,2805.92257668
mutualistic_mixed_0.2_0.8_0.5,alpha->2/3,0.716202018756,1373.38593226,11.4622952355,1396.95801541
mutualistic_mixed_0.2_0.8_0.5,alpha->2/3,0.729271832387,677.812498285,10.9344195196,697.769043607
mutualistic_mixed_0.2_0.8_0.5,alpha->2/3,0.745790092856,333.319792746,10.2672647448,350.460782718
mutualistic_mixed_0.2_0.8_0.5,alpha->2/3,0.766666666667,162.723186024,9.42408238152,177.701652786
mixed_3_0.5_1,alpha->1,0.9999999,8.44412903156e-06,8.44412457024e-06,40.5
mixed_3_0.5_1,alpha->1,0.999999873615,1.06720987798e-05,1.06720916676e-05,40.5
mixed_3_0.5_1,alpha->1,0.999999840269,1.34879152238e-05,1.34879038789e-05,40.5
mixed_3_0.5_1,alpha->1,0.999999798124,1.70466812026e-05,1.70466630756e-05,40.5
mixed_3_0.5_1,alpha->1,0.999999744859,2.15444234595e-05,2.15443944998e-05,40.5000000001
mixed_3_0.5_1,alpha->1,0.999999677541,2.72288905183e-05,2.72288442702e-05,40.5000000001
mixed_3_0.5_1,alpha->1,0.999999592461,3.44131997689e-05,3.441312589e-05,40.5000000002
mixed_3_0.5_1,alpha->1,0.999999484932,4.34930853341e-05,4.34929673201e-05,40.5000000003
mixed_3_0.5_1,alpha->1,0.999999349032,5.49686970803e-05,5.49685085826e-05,40.5000000005
mixed_3_0.5_1,alpha->1,0.999999177276,6.94721518624e-05,6.94718507939e-05,40.5000000007
mixed_3_0.5_1,alpha->1,0.999998960202,8.78023546882e-05,8.78018737819e-05,40.5000000012
mixed_3_0.5_1,alpha->1,0.999998685853,0.000110969008562,0.000110968240393,40.5000000018
mixed_3_0.5_1,alpha->1,0.999998339117,0.000140248238205,0.000140247011206,40.5000000029
mixed_3_0.5_1,alpha->1,0.999997900896,0.000177252892975,0.000177250933074,40.5000000047
mixed_3_0.5_1,alpha->1,0.999997347052,0.000224021403813,0.000224018273242,40.5000000075
mixed_3_0.5_1,alpha->1,0.999996647076,0.000283130092576,0.000283125092054,40.500000012
mixed_3_0.5_1,alpha->1,0.999995762413,0.000357835126223,0.000357827138803,40.5000000191
mixed_3_0.5_1,alpha->1,0.999994644333,0.000452251944818,0.000452239186338,40.5000000306
mixed_3_0.5_1,alpha->1,0.99999323125,0.000571582062358,0.00057156168295,40.5000000488
mixed_3_0.5_1,alpha->1,0.999991445327,0.000722399758395,0.00072236720586,40.500000078
mixed_3_0.5_1,alpha->1,0.999989188192,0.00091301449207,0.000912962494981,40.5000001246
mixed_3_0.5_1,alpha->1,0.999986335517,0.00115392906531,0.00115384600863,40.500000199
mixed_3_0.5_1,alpha->1,0.999982730167,0.00145841887411,0.00145828620447,40.5000003179
mixed_3_0.5_1,alpha->1,0.999978173553,0.00184326431818,0.00184305239889,40.5000005078
mixed_3_0.5_1,alpha->1,0.999972414684,0.00232967697249,0.00232933846225,40.5000008111
mixed_3_0.5_1,alpha->1,0.999965136348,0.00294447095419,0.00294393022954,40.5000012956
mixed_3_0.5_1,alpha->1,0.999955937636,0.00372154467281,0.00372068093017,40.5000020695
mixed_3_0.5_1,alpha->1,0.99994431186,0.00470375564769,0.00470237590728,40.5000033056
mixed_3_0.5_1,alpha->1,0.999929618644,0.00594529336507,0.00594308933993,40.5000052801
mixed_3_0.5_1,alpha->1,0.99991104865,0.00751468359901,0.00751116278216,40.5000084339
mixed_3_0.5_1,alpha->1,0.999887578996,0.00949859403482,0.00949296958417,40.5000134716
mixed_3_0.5_1,alpha->1,0.999857916917,0.0120066577785,0.0119976725495,40.5000215183
mixed_3_0.5_1,alpha->1,0.999820428551,0.0151775915814,0.015163236891,40.5000343715
mixed_3_0.5_1,alpha->1,0.999773048946,0.0191869636139,0.0191640296954,40.500054902
mixed_3_0.5_1,alpha->1,0.999713168319,0.0242570672103,0.0242204244915,40.5000876957
mixed_3_0.5_1,alpha->1,0.999637488295,0.0306694902118,0.0306109399679,40.5001400776
mixed_3_0.5_1,alpha->1,0.999541840233,0.0387811456623,0.0386875814686,40.5002237479
mixed_3_0.5_1,alpha->1,0.999420955602,0.0490447647395,0.0488952303149,40.5003573961
mixed_3_0.5_1,alpha->1,0.999268175778,0.0620351702706,0.0617961489656,40.5005708752
mixed_3_0.5_1,alpha->1,0.999075085272,0.078483083399,0.0781009518184,40.5009118711
mixed_3_0.5_1,alpha->1,0.998831048184,0.0993188185445,0.0987077476032,40.5014565561
mixed_3_0.5_1,alpha->1,0.998522622347,0.125729071636,0.124751609424,40.5023266085
mixed_3_0.5_1,alpha->1,0.998132818909,0.159231226374,0.157667097384,40.503716406
mixed_3_0.5_1,alpha->1,0.997640166533,0.201771387476,0.19926727769,40.5059364796
mixed_3_0.5_1,alpha->1,0.997017528714,0.255855012582,0.251843590812,40.5094829696
mixed_3_0.5_1,alpha->1,0.996230609025,0.324723073662,0.318292069669,40.5151486872
mixed_3_0.5_1,alpha->1,0.99523606199,0.412593006813,0.402272860259,40.5242008165
mixed_3_0.5_1,alpha->1,0.993979105507,0.524993811354,0.508411831528,40.5386655321
mixed_3_0.5_1,alpha->1,0.992390503315,0.66924120025,0.642555379627,40.5617845951
mixed_3_0.5_1,alpha->1,0.990382751289,0.855126543081,0.812092461827,40.598749724
mixed_3_0.5_1,alpha->1,0.987845257499,1.09594163449,1.0263615985,40.657888538
mixed_3_0.5_1,alpha->1,0.984638250533,1.41004796295,1.29716526182,40.7525920551
mixed_3_0.5_1,alpha->1,0.980585080543,1.82336064506,1.63941998506,40.9044790073
mixed_3_0.5_1,alpha->1,0.975462488934,2.37343162394,2.07197800197,41.1486718681
mixed_3_0.5_1,alpha->1,0.968988310734,3.11646072817,2.61866567431,41.5428042632
mixed_3_0.5_1,alpha->1,0.960805932252,4.1399627821,3.30959590657,42.1829489482
mixed_3_0.5_1,alpha->1,0.95046464791,5.58708293155,4.18282683895,43.2332480873
mixed_3_0.5_1,alpha->1,0.93739483428,7.70684171897,5.2864581836,44.9850577255
mixed_3_0.5_1,alpha->1,0.92087657381,10.967983303,6.68128067523,47.9867191937
mixed_3_0.5_1,alpha->1,0.9,16.3495851224,8.44412457469,53.3660699314
mixed_3_0.5_1,alpha->2/3,0.666666766667,1.67583980482e+20,28.1470734715,1.67583980482e+20
mixed_3_0.5_1,alpha->2/3,0.666666793051,8.30133265871e+19,28.1470712435,8.30133265871e+19
mixed_3_0.5_1,alpha->2/3,0.666666826398,4.11209509437e+19,28.1470684277,4.11209509437e+19
mixed_3_0.5_1,alpha->2/3,0.666666868543,2.03694125344e+19,28.147064869,2.03694125344e+19
mixed_3_0.5_1,alpha->2/3,0.666666921807,1.00900631395e+19,28.1470603712,1.00900631395e+19
mixed_3_0.5_1,alpha->2/3,0.666666989126,4.99815013674e+18,28.1470546868,4.99815013675e+18
mixed_3_0.5_1,alpha->2/3,0.666667074206,2.47585241484e+18,28.1470475025,2.47585241485e+18
mixed_3_0.5_1,alpha->2/3,0.666667181734,1.22642292774e+18,28.1470384227,1.22642292774e+18
mixed_3_0.5_1,alpha->2/3,0.666667317634,6.07513364588e+17,28.1470269471,6.07513364593e+17
mixed_3_0.5_1,alpha->2/3,0.666667489391,3.00934165463e+17,28.1470124438,3.00934165467e+17
mixed_3_0.5_1,alpha->2/3,0.666667706465,1.49068974425e+17,28.1469941137,1.49068974428e+17
mixed_3_0.5_1,alpha->2/3,0.666667980814,7.38419515819e+16,28.1469709474,7.38419515845e+16
mixed_3_0.5_1,alpha->2/3,0.666668327549,3.65779397124e+16,28.1469416686,3.65779397145e+16
mixed_3_0.5_1,alpha->2/3,0.66666876577,1.81190544321e+16,28.1469046647,1.81190544337e+16
mixed_3_0.5_1,alpha->2/3,0.666669319615,8.9753644549e+15,28.1468578973,8.9753644562e+15
mixed_3_0.5_1,alpha->2/3,0.666670019591,4.44599531795e+15,28.1467987905,4.44599531897e+15
mixed_3_0.5_1,alpha->2/3,0.666670904254,2.20235003597e+15,28.1467240885,2.20235003678e+15
mixed_3_0.5_1,alpha->2/3,0.666672022334,1.09094848148e+15,28.1466296764,1.09094848213e+15
mixed_3_0.5_1,alpha->2/3,0.666673435417,5.40409326514e+14,28.1465103539,5.40409327023e+14
mixed_3_0.5_1,alpha->2/3,0.666675221339,2.67696263904e+14,28.1463595484,2.67696264306e+14
mixed_3_0.5_1,alpha->2/3,0.666677478474,1.32605915385e+14,28.1461689531,1.32605915704e+14
mixed_3_0.5_1,alpha->2/3,0.66668033115,6.56878266164e+13,28.1459280696,6.56878268686e+13
mixed_3_0.5_1,alpha->2/3,0.6666839365,3.25393344753e+13,28.1456236294,3.25393346748e+13
mixed_3_0.5_1,alpha->2/3,0.666688493114,1.61188734929e+13,28.1452388632,1.61188736508e+13
mixed_3_0.5_1,alpha->2/3,0.666694251983,7.98479090068e+12,28.1447525772,7.98479102561e+12
mixed_3_0.5_1,alpha->2/3,0.666701530319,3.9554508992e+12,28.1441379854,3.95545099805e+12
mixed_3_0.5_1,alpha->2/3,0.666710729031,1.95944457568e+12,28.1433612347,1.9594446539e+12
mixed_3_0.5_1,alpha->2/3,0.666722354807,970679150103,28.1423795397,970679211993
mixed_3_0.5_1,alpha->2/3,0.666737048022,480867760983,28.1411388263,480867809956
mixed_3_0.5_1,alpha->2/3,0.666755618016,238223594499,28.1395707528,238223633251
mixed_3_0.5_1,alpha->2/3,0.66677908767,118019955930,28.137588946,118019986595
mixed_3_0.5_1,alpha->2/3,0.66680874975,58471028283.7,28.1350842431,58471052549.1
mixed_3_0.5_1,alpha->2/3,0.666846238116,28969731460.7,28.1319186787,28969750663.1
mixed_3_0.5_1,alpha->2/3,0.66689361772,14353952933.1,28.1279178859,14353968129.5
mixed_3_0.5_1,alpha->2/3,0.666953498348,7112593779.73,28.1228614911,7112605806.4
mixed_3_0.5_1,alpha->2/3,0.667029178372,3524696004.26,28.1164709757,3524705522.97
mixed_3_0.5_1,alpha->2/3,0.667124826434,1746876703.01,28.1083943341,1746884237.32
mixed_3_0.5_1,alpha->2/3,0.667245711065,865888676.47,28.0981866853,865894640.672
mixed_3_0.5_1,alpha->2/3,0.667398490889,429275966.239,28.0852857667,429280688.114
mixed_3_0.5_1,alpha->2/3,0.667591581394,212865502.906,28.0689809638,212869241.813
mixed_3_0.5_1,alpha->2/3,0.667835618483,105582682.721,28.048374168,105585643.873
mixed_3_0.5_1,alpha->2/3,0.668144044319,52387726.5207,28.0223303062,52390072.2916
mixed_3_0.5_1,alpha->2/3,0.668533847758,26004852.6606,27.9894148182,26006711.5272
mixed_3_0.5_1,alpha->2/3,0.669026500133,12915624.24,27.9478146379,12917097.859
mixed_3_0.5_1,alpha->2/3,0.669649137953,6419077.23098,27.8952383248,6420246.03864
mixed_3_0.5_1,alpha->2/3,0.670436057642,3193011.8861,27.8287898459,3193939.52886
mixed_3_0.5_1,alpha->2/3,0.671430604677,1589978.63842,27.7448090554,1590715.4786
mixed_3_0.5_1,alpha->2/3,0.67268756116,792789.504737,27.6386700841,793375.394578
mixed_3_0.5_1,alpha->2/3,0.674276163352,395947.771152,27.504526536,396414.247844
mixed_3_0.5_1,alpha->2/3,0.676283915378,198151.264487,27.3349894538,198523.287144
mixed_3_0.5_1,alpha->2/3,0.678821409167,99410.1796291,27.1207203171,99707.503855
mixed_3_0.5_1,alpha->2/3,0.682028416133,50022.7253883,26.8499166538,50260.9911186
mixed_3_0.5_1,alpha->2/3,0.686081586124,25261.6542472,26.5076619306,25453.2467674
mixed_3_0.5_1,alpha->2/3,0.691204177733,12811.1238806,26.0751039136,12965.8554439
mixed_3_0.5_1,alpha->2/3,0.697678355932,6528.4665244,25.5284162413,6654.11614589
mixed_3_0.5_1,alpha->2/3,0.705860734415,3344.64884268,24.8374860091,3447.39012208
mixed_3_0.5_1,alpha->2/3,0.716202018756,1723.01428119,23.9642550767,1807.75511034
mixed_3_0.5_1,alpha->2/3,0.729271832387,892.130090907,22.860623732,962.783573275
mixed_3_0.5_1,alpha->2/3,0.745790092856,463.469243048,21.4658012404,523.171997287
mixed_3_0.5_1,alpha->2/3,0.766666666667,240.584932524,19.7029573409,291.877359865
mixed_5_0.2_0.2,alpha->1,0.9999999,9.30930144527e-06,9.30929762301e-06,48.6
mixed_5_0.2_0.2,alpha->1,0.999999873615,1.17655451728e-05,1.1765539076e-05,48.6
mixed_5_0.2_0.2,alpha->1,0.999999840269,1.48698651472e-05,1.48698554213e-05,48.6
mixed_5_0.2_0.2,alpha->1,0.999999798124,1.87932555917e-05,1.87932400487e-05,48.6
mixed_5_0.2_0.2,alpha->1,0.999999744859,2.37518275021e-05,2.37518026691e-05,48.6000000001
mixed_5_0.2_0.2,alpha->1,0.999999677541,3.00187127724e-05,3.0018673118e-05,48.6000000001
mixed_5_0.2_0.2,alpha->1,0.999999592461,3.79391094025e-05,3.79390460649e-05,48.6000000002
mixed_5_0.2_0.2,alpha->1,0.999999484932,4.79492963734e-05,4.79491951976e-05,48.6000000003
mixed_5_0.2_0.2,alpha->1,0.999999349032,6.0600665801e-05,6.06005041769e-05,48.6000000005
mixed_5_0.2_0.2,alpha->1,0.999999177276,7.65900964357e-05,7.6589838305e-05,48.6000000008
mixed_5_0.2_0.2,alpha->1,0.999998960202,9.67983418292e-05,9.67979295065e-05,48.6000000013
mixed_5_0.2_0.2,alpha->1,0.999998685853,0.000122338547868,0.000122337889254,48.6000000021
mixed_5_0.2_0.2,alpha->1,0.999998339117,0.000154617573509,0.000154616521487,48.6000000034
mixed_5_0.2_0.2,alpha->1,0.999997900896,0.000195413493215,0.00019541181282,48.6000000054
mixed_5_0.2_0.2,alpha->1,0.999997347052,0.000246973552613,0.000246970868472,48.6000000086
mixed_5_0.2_0.2,alpha->1,0.999996647076,0.00031213797571,0.000312133688288,48.6000000138
mixed_5_0.2_0.2,alpha->1,0.999995762413,0.000394496449406,0.000394489601024,48.600000022
mixed_5_0.2_0.2,alpha->1,0.999994644333,0.000498585912425,0.000498574973331,48.6000000352
mixed_5_0.2_0.2,alpha->1,0.99999323125,0.000630140557405,0.000630123084073,48.6000000562
mixed_5_0.2_0.2,alpha->1,0.999991445327,0.000796407838161,0.00079637992743,48.6000000897
mixed_5_0.2_0.2,alpha->1,0.999989188192,0.00100654792305,0.00100650334013,48.6000001433
mixed_5_0.2_0.2,alpha->1,0.999986335517,0.00127213865204,0.00127206743767,48.6000002289
mixed_5_0.2_0.2,alpha->1,0.999982730167,0.00160781389975,0.00160770014512,48.6000003656
mixed_5_0.2_0.2,alpha->1,0.999978173553,0.00203207064711,0.00203188893927,48.600000584
mixed_5_0.2_0.2,alpha->1,0.999972414684,0.00256828944111,0.00256799918445,48.6000009328
mixed_5_0.2_0.2,alpha->1,0.999965136348,0.00324602481009,0.00324556115441,48.6000014899
mixed_5_0.2_0.2,alpha->1,0.999955937636,0.00410263728625,0.00410189663251,48.6000023799
mixed_5_0.2_0.2,alpha->1,0.99994431186,0.0051853578455,0.00518417468762,48.6000038014
mixed_5_0.2_0.2,alpha->1,0.999929618644,0.00655389994238,0.00655200986264,48.6000060721
mixed_5_0.2_0.2,alpha->1,0.99991104865,0.00828376535618,0.00828074589051,48.600009699
mixed_5_0.2_0.2,alpha->1,0.999887578996,0.0104704296863,0.0104656058127,48.6000154923
mixed_5_0.2_0.2,alpha->1,0.999857916917,0.0132346440356,0.013226937099,48.6000247461
mixed_5_0.2_0.2,alpha->1,0.999820428551,0.0167291545076,0.0167168406829,48.6000395272
mixed_5_0.2_0.2,alpha->1,0.999773048946,0.0211472250242,0.0211275490558,48.6000631373
mixed_5_0.2_0.2,alpha->1,0.999713168319,0.0267334575935,0.0267020149066,48.6001008501
mixed_5_0.2_0.2,alpha->1,0.999637488295,0.0337975456509,0.0337472935544,48.6001610892
mixed_5_0.2_0.2,alpha->1,0.999541840233,0.0427317817521,0.0426514563126,48.6002573101
mixed_5_0.2_0.2,alpha->1,0.999420955602,0.0540333866049,0.0539049664132,48.6004110054
mixed_5_0.2_0.2,alpha->1,0.999268175778,0.0683330550362,0.0681276949305,48.6006565063
mixed_5_0.2_0.2,alpha->1,0.999075085272,0.0864315593904,0.086103064808,48.6010486514
mixed_5_0.2_0.2,alpha->1,0.998831048184,0.109346861923,0.108821203725,48.6016750384
mixed_5_0.2_0.2,alpha->1,0.998522622347,0.138375041005,0.137533482769,48.602675597
mixed_5_0.2_0.2,alpha->1,0.998132818909,0.175169549816,0.17382144504,48.6042738597
mixed_5_0.2_0.2,alpha->1,0.997640166533,0.221845089318,0.219683920946,48.6068269332
mixed_5_0.2_0.2,alpha->1,0.997017528714,0.281114996859,0.277647128701,48.6109053682
mixed_5_0.2_0.2,alpha->1,0.996230609025,0.356475039742,0.350903824659,48.6174208708
mixed_5_0.2_0.2,alpha->1,0.99523606199,0.452452732681,0.443489168198,48.627830634
mixed_5_0.2_0.2,alpha->1,0.993979105507,0.574951294442,0.560502988247,48.6444645836
mixed_5_0.2_0.2,alpha->1,0.992390503315,0.731733854115,0.708390694436,48.6710502974
mixed_5_0.2_0.2,alpha->1,0.990382751289,0.933121537328,0.895298306138,48.7135571088
mixed_5_0.2_0.2,alpha->1,0.987845257499,1.19302813385,1.1315211553,48.7815588555
mixed_5_0.2_0.2,alpha->1,0.984638250533,1.53054284963,1.43007097871,48.8904477167
mixed_5_0.2_0.2,alpha->1,0.980585080543,1.97243928636,1.80739263651,49.0650659922
mixed_5_0.2_0.2,alpha->1,0.975462488934,2.55731474294,2.28426993565,49.3457549082
mixed_5_0.2_0.2,alpha->1,0.968988310734,3.34273329354,2.88697045319,49.7986643697
mixed_5_0.2_0.2,alpha->1,0.960805932252,4.41820288243,3.64869241919,50.5339404773
mixed_5_0.2_0.2,alpha->1,0.95046464791,5.93021733569,4.61139335706,51.7394472447
mixed_5_0.2_0.2,alpha->1,0.93739483428,8.13423977907,5.82810120734,53.747784123
mixed_5_0.2_0.2,alpha->1,0.92087657381,11.5129315511,7.36583523741,57.1825277921
mixed_5_0.2_0.2,alpha->1,0.9,17.0788576154,9.30929762791,63.3192785023
mixed_5_0.2_0.2,alpha->2/3,0.666666766667,1.67584007839e+20,31.0309827837,1.67584007839e+20
mixed_5_0.2_0.2,alpha->2/3,0.666666793051,8.30133437138e+19,31.0309803275,8.30133437139e+19
mixed_5_0.2_0.2,alpha->2/3,0.666666826398,4.11209616659e+19,31.0309772232,4.11209616659e+19
mixed_5_0.2_0.2,alpha->2/3,0.666666868543,2.0369419247e+19,31.0309732998,2.03694192471e+19
mixed_5_0.2_0.2,alpha->2/3,0.666666921807,1.00900673419e+19,31.0309683412,1.0090067342e+19
mixed_5_0.2_0.2,alpha->2/3,0.666666989126,4.99815276769e+18,31.0309620744,4.99815276772e+18
mixed_5_0.2_0.2,alpha->2/3,0.666667074206,2.47585406195e+18,31.030954154,2.47585406197e+18
mixed_5_0.2_0.2,alpha->2/3,0.666667181734,1.22642395891e+18,31.0309441439,1.22642395893e+18
mixed_5_0.2_0.2,alpha->2/3,0.666667317634,6.07514010156e+17,31.0309314925,6.07514010167e+17
mixed_5_0.2_0.2,alpha->2/3,0.666667489391,3.00934569621e+17,31.0309155032,3.0093456963e+17
mixed_5_0.2_0.2,alpha->2/3,0.666667706465,1.49069227448e+17,31.0308952951,1.49069227455e+17
mixed_5_0.2_0.2,alpha->2/3,0.666667980814,7.38421099869e+16,31.0308697552,7.38421099924e+16
mixed_5_0.2_0.2,alpha->2/3,0.666668327549,3.65780388817e+16,31.0308374765,3.65780388861e+16
mixed_5_0.2_0.2,alpha->2/3,0.66666876577,1.81191165169e+16,31.0307966812,1.81191165203e+16
mixed_5_0.2_0.2,alpha->2/3,0.666669319615,8.97540332294e+15,31.0307451222,8.97540332566e+15
mixed_5_0.2_0.2,alpha->2/3,0.666670019591,4.44601965114e+15,31.0306799594,4.44601965329e+15
mixed_5_0.2_0.2,alpha->2/3,0.666670904254,2.20236526965e+15,31.0305976034,2.20236527135e+15
mixed_5_0.2_0.2,alpha->2/3,0.666672022334,1.09095801843e+15,31.0304935181,1.09095801977e+15
mixed_5_0.2_0.2,alpha->2/3,0.666673435417,5.40415297031e+14,31.03036197,5.40415298097e+14
mixed_5_0.2_0.2,alpha->2/3,0.666675221339,2.67700001676e+14,31.0301957131,2.67700002519e+14
mixed_5_0.2_0.2,alpha->2/3,0.666677478474,1.3260825536e+14,31.0299855897,1.32608256027e+14
mixed_5_0.2_0.2,alpha->2/3,0.66668033115,6.56892915119e+13,31.0297200256,6.56892920397e+13
mixed_5_0.2_0.2,alpha->2/3,0.6666839365,3.2540251536e+13,31.0293843929,3.25402519536e+13
mixed_5_0.2_0.2,alpha->2/3,0.666688493114,1.61194475891e+13,31.0289602041,1.61194479194e+13
mixed_5_0.2_0.2,alpha->2/3,0.666694251983,7.9851502898e+12,31.0284240939,7.98515055121e+12
mixed_5_0.2_0.2,alpha->2/3,0.666701530319,3.95567587579e+12,31.0277465319,3.95567608262e+12
mixed_5_0.2_0.2,alpha->2/3,0.666710729031,1.95958540717e+12,31.0268901964,1.95958557082e+12
mixed_5_0.2_0.2,alpha->2/3,0.666722354807,970767305644,31.0258079184,970767435124
mixed_5_0.2_0.2,alpha->2/3,0.666737048022,480922941220,31.0244400832,480923043666
mixed_5_0.2_0.2,alpha->2/3,0.666755618016,238258132516,31.0227113472,238258213571
mixed_5_0.2_0.2,alpha->2/3,0.66677908767,118041572454,31.0205264872,118041636584
mixed_5_0.2_0.2,alpha->2/3,0.66680874975,58484556551.7,31.0177651559,58484607290.3
mixed_5_0.2_0.2,alpha->2/3,0.666846238116,28978197066,31.0142752524,28978237208.7
mixed_5_0.2_0.2,alpha->2/3,0.66689361772,14359249843.5,31.009864544,14359281602.5
mixed_5_0.2_0.2,alpha->2/3,0.666953498348,7115907551.22,31.0042900781,7115932676.72
mixed_5_0.2_0.2,alpha->2/3,0.667029178372,3526768725.14,30.9972447995,3526788601.99
mixed_5_0.2_0.2,alpha->2/3,0.667124826434,1748172855.14,30.9883406367,1748188579.08
mixed_5_0.2_0.2,alpha->2/3,0.667245711065,866698967.434,30.9770871266,866711405.477
mixed_5_0.2_0.2,alpha->2/3,0.667398490889,429782329.064,30.9628643981,429792167.212
mixed_5_0.2_0.2,alpha->2/3,0.667591581394,213181785.687,30.9448890282,213189566.739
mixed_5_0.2_0.2,alpha->2/3,0.667835618483,105780119.59,30.9221708893,105786273.031
mixed_5_0.2_0.2,alpha->2/3,0.668144044319,52510881.5519,30.8934586103,52515747.2162
mixed_5_0.2_0.2,alpha->2/3,0.668533847758,26081599.8056,30.857170648,26085446.5923
mixed_5_0.2_0.2,alpha->2/3,0.669026500133,12963393.881,30.8113081721,12966434.5661
mixed_5_0.2_0.2,alpha->2/3,0.669649137953,6448765.73595,30.7533449643,6451168.69166
mixed_5_0.2_0.2,alpha->2/3,0.670436057642,3211428.31448,30.6800882684,3213326.78303
mixed_5_0.2_0.2,alpha->2/3,0.671430604677,1601375.80997,30.5875029248,1602875.24147
mixed_5_0.2_0.2,alpha->2/3,0.67268756116,799821.977922,30.4704891048,801005.836932
mixed_5_0.2_0.2,alpha->2/3,0.674276163352,400271.152029,30.3226013986,401205.512165
mixed_5_0.2_0.2,alpha->2/3,0.676283915378,200797.061052,30.1356937869,201534.240431
mixed_5_0.2_0.2,alpha->2/3,0.678821409167,101020.208334,29.8994709377,101601.645691
mixed_5_0.2_0.2,alpha->2/3,0.682028416133,50995.6475597,29.6009211143,51454.1770516
mixed_5_0.2_0.2,alpha->2/3,0.686081586124,25844.5470669,29.2235994565,26206.1967166
mixed_5_0.2_0.2,alpha->2/3,0.691204177733,13156.6766206,28.7467221574,13442.089321
mixed_5_0.2_0.2,alpha->2/3,0.697678355932,6730.68531042,28.1440216399,6956.24090441
mixed_5_0.2_0.2,alpha->2/3,0.705860734415,3461.12931411,27.3822996739,3639.8303857
mixed_5_0.2_0.2,alpha->2/3,0.716202018756,1788.82249499,26.419598736,1930.99423882
mixed_5_0.2_0.2,alpha->2/3,0.729271832387,928.442796607,25.2028908857,1042.28793218
mixed_5_0.2_0.2,alpha->2/3,0.745790092856,482.942707657,23.6651568556,574.985361658
mixed_5_0.2_0.2,alpha->2/3,0.766666666667,250.682347799,21.7216944651,326.130071989
weak_pair_loops_1.01_0.99_1.005,alpha->1,0.9999999,6.53779912341e-06,6.53779556244e-06,27.045
weak_pair_loops_1.01_0.99_1.005,alpha->1,0.999999873615,8.26278686183e-06,8.26278117595e-06,27.045
weak_pair_loops_1.01_0.99_1.005,alpha->1,0.999999840269,1.04429102095e-05,1.0442901143e-05,27.045
weak_pair_loops_1.01_0.99_1.005,alpha->1,0.999999798124,1.31982563349e-05,1.31982418406e-05,27.045
weak_pair_loops_1.01_0.99_1.005,alpha->1,0.999999744859,1.66805973958e-05,1.66805742365e-05,27.0450000001
weak_pair_loops_1.01_0.99_1.005,alpha->1,0.999999677541,2.1081750754e-05,2.10817137714e-05,27.0450000001
weak_pair_loops_1.01_0.99_1.005,alpha->1,0.999999592461,2.66441451338e-05,2.66440860579e-05,27.0450000001
weak_pair_loops_1.01_0.99_1.005,alpha->1,0.999999484932,3.36741746523e-05,3.36740802883e-05,27.0450000002
weak_pair_loops_1.01_0.99_1.005,alpha->1,0.999999349032,4.25590765794e-05,4.25589258538e-05,27.0450000003
weak_pair_loops_1.01_0.99_1.005,alpha->1,0.999999177276,5.37882627096e-05,5.37880219621e-05,27.0450000005
weak_pair_loops_1.01_0.99_1.005,alpha->1,0.999998960202,6.79802794448e-05,6.79798948974e-05,27.0450000009
weak_pair_loops_1.01_0.99_1.005,alpha->1,0.999998685853,8.59168822487e-05,8.5916268001e-05,27.0450000014
weak_pair_loops_1.01_0.99_1.005,alpha->1,0.999998339117,0.000108586102067,0.000108585120918,27.0450000022
weak_pair_loops_1.01_0.99_1.005,alpha->1,0.999997900896,0.000137236677132,0.000137235109934,27.0450000035
weak_pair_loops_1.01_0.99_1.005,alpha->1,0.999997347052,0.000173446850399,0.000173444347075,27.0450000056
weak_pair_loops_1.01_0.99_1.005,alpha->1,0.999996647076,0.000219211324945,0.000219207326355,27.045000009
weak_pair_loops_1.01_0.99_1.005,alpha->1,0.999995762413,0.000277051172514,0.000277044785487,27.0450000144
weak_pair_loops_1.01_0.99_1.005,alpha->1,0.999994644333,0.000350152756393,0.000350142554271,27.045000023
weak_pair_loops_1.01_0.99_1.005,alpha->1,0.99999323125,0.000442543334065,0.000442527037986,27.0450000367
weak_pair_loops_1.01_0.99_1.005,alpha->1,0.999991445327,0.000559313031857,0.000559287001707,27.0450000586
weak_pair_loops_1.01_0.99_1.005,alpha->1,0.999989188192,0.000706895450744,0.000706853872028,27.0450000936
weak_pair_loops_1.01_0.99_1.005,alpha->1,0.999986335517,0.000893422410986,0.000893355995902,27.0450001494
weak_pair_loops_1.01_0.99_1.005,alpha->1,0.999982730167,0.00112917245743,0.00112906637,27.0450002387
weak_pair_loops_1.01_0.99_1.005,alpha->1,0.999978173553,0.00142713796107,0.00142696850272,27.0450003813
weak_pair_loops_1.01_0.99_1.005,alpha->1,0.999972414684,0.001803742263,0.00180347157781,27.045000609
weak_pair_loops_1.01_0.99_1.005,alpha->1,0.999965136348,0.00227974669619,0.00227931431266,27.0450009728
weak_pair_loops_1.01_0.99_1.005,alpha->1,0.999955937636,0.00288139797928,0.00288070729798,27.0450015538
weak_pair_loops_1.01_0.99_1.005,alpha->1,0.99994431186,0.00364188003553,0.00364077674172,27.0450024819
weak_pair_loops_1.01_0.99_1.005,alpha->1,0.999929618644,0.00460315156842,0.00460138914231,27.0450039644
weak_pair_loops_1.01_0.99_1.005,alpha->1,0.99991104865,0.00581827278837,0.00581545739851,27.0450063325
weak_pair_loops_1.01_0.99_1.005,alpha->1,0.999887578996,0.00735435293384,0.00734985538235,27.0450101149
weak_pair_loops_1.01_0.99_1.005,alpha->1,0.999857916917,0.00929628650992,0.00928910151681,27.0450161567
weak_pair_loops_1.01_0.99_1.005,alpha->1,0.999820428551,0.0117514929537,0.0117400142589,27.0450258073
weak_pair_loops_1.01_0.99_1.005,alpha->1,0.999773048946,0.0148559350573,0.0148375959235,27.0450412223
weak_pair_loops_1.01_0.99_1.005,alpha->1,0.999713168319,0.0187817704947,0.0187524689438,27.0450658449
weak_pair_loops_1.01_0.99_1.005,alpha->1,0.999637488295,0.0237470945208,0.0237002741752,27.0451051749
weak_pair_loops_1.01_0.99_1.005,alpha->1,0.999541840233,0.0300283692121,0.0299535489254,27.0451679974
weak_pair_loops_1.01_0.99_1.005,alpha->1,0.999420955602,0.0379763181841,0.0378567389809,27.045268345
weak_pair_loops_1.01_0.99_1.005,alpha->1,0.999268175778,0.0480363139751,0.0478451715299,27.0454286324
weak_pair_loops_1.01_0.99_1.005,alpha->1,0.999075085272,0.0607746254484,0.0604690340572,27.045684664
weak_pair_loops_1.01_0.99_1.005,alpha->1,0.998831048184,0.0769123655977,0.0764236800263,27.0460936327
weak_pair_loops_1.01_0.99_1.005,alpha->1,0.998522622347,0.0973696487289,0.0965879306629,27.0467468999
weak_pair_loops_1.01_0.99_1.005,alpha->1,0.998132818909,0.123323427874,0.122072482593,27.0477904135
weak_pair_loops_1.01_0.99_1.005,alpha->1,0.997640166533,0.156283893693,0.154281087753,27.0494573373
weak_pair_loops_1.01_0.99_1.005,alpha->1,0.997017528714,0.198196426312,0.194987875504,27.0521202075
weak_pair_loops_1.01_0.99_1.005,alpha->1,0.996230609025,0.251579316605,0.24643507605,27.0563743378
weak_pair_loops_1.01_0.99_1.005,alpha->1,0.99523606199,0.319712514389,0.311456528005,27.0631712863
weak_pair_loops_1.01_0.99_1.005,alpha->1,0.993979105507,0.406900729596,0.393633773212,27.0740326633
weak_pair_loops_1.01_0.99_1.005,alpha->1,0.992390503315,0.518847460457,0.497493336888,27.0913932341
weak_pair_loops_1.01_0.99_1.005,alpha->1,0.990382751289,0.663198883215,0.628756059798,27.1191530128
weak_pair_loops_1.01_0.99_1.005,alpha->1,0.987845257499,0.850355444086,0.794652216259,27.1635695106
weak_pair_loops_1.01_0.99_1.005,alpha->1,0.984638250533,1.09471902757,1.00431977548,27.2347095951
weak_pair_loops_1.01_0.99_1.005,alpha->1,0.980585080543,1.41667458281,1.26930774341,27.3488372935
weak_pair_loops_1.01_0.99_1.005,alpha->1,0.975462488934,1.84586120356,1.60421231048,27.5324061515
weak_pair_loops_1.01_0.99_1.005,alpha->1,0.968988310734,2.42681459879,2.02748084572,27.8289033085
weak_pair_loops_1.01_0.99_1.005,alpha->1,0.960805932252,3.22921400638,2.56242802335,28.3110241304
weak_pair_loops_1.01_0.99_1.005,alpha->1,0.95046464791,4.36766694061,3.23852005246,29.1035061536
weak_pair_loops_1.01_0.99_1.005,alpha->1,0.93739483428,6.04286961473,4.09299774847,30.4291955431
weak_pair_loops_1.01_0.99_1.005,alpha->1,0.92087657381,8.63561801005,5.17292784901,32.7114593553
weak_pair_loops_1.01_0.99_1.005,alpha->1,0.9,12.9490999781,6.53779556588,36.8326845829
weak_pair_loops_1.01_0.99_1.005,alpha->2/3,0.666666766667,1.67583935039e+20,21.7926453485,1.67583935039e+20
weak_pair_loops_1.01_0.99_1.005,alpha->2/3,0.666666793051,8.30132981377e+19,21.7926436235,8.30132981378e+19
weak_pair_loops_1.01_0.99_1.005,alpha->2/3,0.666666826398,4.11209331329e+19,21.7926414434,4.11209331329e+19
weak_pair_loops_1.01_0.99_1.005,alpha->2/3,0.666666868543,2.03694013839e+19,21.792638688,2.03694013839e+19
weak_pair_loops_1.01_0.99_1.005,alpha->2/3,0.666666921807,1.00900561587e+19,21.7926352057,1.00900561587e+19
weak_pair_loops_1.01_0.99_1.005,alpha->2/3,0.666666989126,4.99814576642e+18,21.7926308046,4.99814576642e+18
weak_pair_loops_1.01_0.99_1.005,alpha->2/3,0.666667074206,2.4758496788e+18,21.7926252422,2.4758496788e+18
weak_pair_loops_1.01_0.99_1.005,alpha->2/3,0.666667181734,1.22642121483e+18,21.7926182122,1.22642121483e+18
weak_pair_loops_1.01_0.99_1.005,alpha->2/3,0.666667317634,6.0751229222e+17,21.7926093273,6.07512292223e+17
weak_pair_loops_1.01_0.99_1.005,alpha->2/3,0.666667489391,3.00933494106e+17,21.7925980983,3.00933494108e+17
weak_pair_loops_1.01_0.99_1.005,alpha->2/3,0.666667706465,1.49068554121e+17,21.7925839064,1.49068554123e+17
weak_pair_loops_1.01_0.99_1.005,alpha->2/3,0.666667980814,7.38416884501e+16,21.79256597,7.38416884513e+16
weak_pair_loops_1.01_0.99_1.005,alpha->2/3,0.666668327549,3.65777749784e+16,21.7925433012,3.65777749794e+16
weak_pair_loops_1.01_0.99_1.005,alpha->2/3,0.66666876577,1.81189513002e+16,21.7925146512,1.8118951301e+16
weak_pair_loops_1.01_0.99_1.005,alpha->2/3,0.666669319615,8.97529988909e+15,21.7924784419,8.97529988971e+15
weak_pair_loops_1.01_0.99_1.005,alpha->2/3,0.666670019591,4.44595489647e+15,21.7924326789,4.44595489697e+15
weak_pair_loops_1.01_0.99_1.005,alpha->2/3,0.666670904254,2.20232473009e+15,21.7923748415,2.20232473048e+15
weak_pair_loops_1.01_0.99_1.005,alpha->2/3,0.666672022334,1.09093263873e+15,21.7923017437,1.09093263904e+15
weak_pair_loops_1.01_0.99_1.005,alpha->2/3,0.666673435417,5.40399408162e+14,21.7922093592,5.40399408407e+14
weak_pair_loops_1.01_0.99_1.005,alpha->2/3,0.666675221339,2.67690054527e+14,21.7920925993,2.6769005472e+14
weak_pair_loops_1.01_0.99_1.005,alpha->2/3,0.666677478474,1.32602028013e+14,21.7919450324,1.32602028166e+14
weak_pair_loops_1.01_0.99_1.005,alpha->2/3,0.66668033115,6.56853929353e+13,21.7917585303,6.56853930566e+13
weak_pair_loops_1.01_0.99_1.005,alpha->2/3,0.6666839365,3.25378108769e+13,21.7915228199,3.25378109728e+13
weak_pair_loops_1.01_0.99_1.005,alpha->2/3,0.666688493114,1.61179196508e+13,21.7912249178,1.61179197267e+13
weak_pair_loops_1.01_0.99_1.005,alpha->2/3,0.666694251983,7.98419375357e+12,21.7908484147,7.98419381364e+12
weak_pair_loops_1.01_0.99_1.005,alpha->2/3,0.666701530319,3.95507706004e+12,21.790372572,3.95507710757e+12
weak_pair_loops_1.01_0.99_1.005,alpha->2/3,0.666710729031,1.95921053762e+12,21.789771179,1.95921057524e+12
weak_pair_loops_1.01_0.99_1.005,alpha->2/3,0.666722354807,970532633806,21.7890111095,970532663570
weak_pair_loops_1.01_0.99_1.005,alpha->2/3,0.666737048022,480776037074,21.7880504971,480776060627
weak_pair_loops_1.01_0.99_1.005,alpha->2/3,0.666755618016,238166172857,21.7868364289,238166191496
weak_pair_loops_1.01_0.99_1.005,alpha->2/3,0.66677908767,117984008807,21.7853020309,117984023557
weak_pair_loops_1.01_0.99_1.005,alpha->2/3,0.66680874975,58448524944.5,21.7833627848,58448536617.8
weak_pair_loops_1.01_0.99_1.005,alpha->2/3,0.666846238116,28955644328.8,21.780911872,28955653567.8
weak_pair_loops_1.01_0.99_1.005,alpha->2/3,0.66689361772,14345134547.6,21.7778142904,14345141860.4
weak_pair_loops_1.01_0.99_1.005,alpha->2/3,0.666953498348,7107073716.41,21.7738994173,7107079505.15
weak_pair_loops_1.01_0.99_1.005,alpha->2/3,0.667029178372,3521240714.4,21.7689516121,3521245297.27
weak_pair_loops_1.01_0.99_1.005,alpha->2/3,0.667124826434,1744713952,21.7626983373,1744717580.74
weak_pair_loops_1.01_0.99_1.005,alpha->2/3,0.667245711065,864535029.78,21.7547951473,864537903.579
weak_pair_loops_1.01_0.99_1.005,alpha->2/3,0.667398490889,428428788.035,21.7448067147,428431064.5
weak_pair_loops_1.01_0.99_1.005,alpha->2/3,0.667591581394,212335342.685,21.7321828522,212337146.519
weak_pair_loops_1.01_0.99_1.005,alpha->2/3,0.667835618483,105250946.675,21.7162282062,105252376.549
weak_pair_loops_1.01_0.99_1.005,alpha->2/3,0.668144044319,52180178.293,21.6960639556,52181312.278
weak_pair_loops_1.01_0.99_1.005,alpha->2/3,0.668533847758,25875023.9669,21.6705794037,25875923.8356
weak_pair_loops_1.01_0.99_1.005,alpha->2/3,0.669026500133,12834429.4772,21.6383707985,12835144.1068
weak_pair_loops_1.01_0.99_1.005,alpha->2/3,0.669649137953,6368312.01173,21.5976640108,6368880.07614
weak_pair_loops_1.01_0.99_1.005,alpha->2/3,0.670436057642,3161283.0457,21.5462168102,3161735.14553
weak_pair_loops_1.01_0.99_1.005,alpha->2/3,0.671430604677,1570156.41306,21.4811953583,1570516.76138
weak_pair_loops_1.01_0.99_1.005,alpha->2/3,0.67268756116,780412.625994,21.3990181131,780700.382001
weak_pair_loops_1.01_0.99_1.005,alpha->2/3,0.674276163352,388225.101078,21.2951585494,388455.425445
weak_pair_loops_1.01_0.99_1.005,alpha->2/3,0.676283915378,193336.869181,21.1638958265,193521.759185
weak_pair_loops_1.01_0.99_1.005,alpha->2/3,0.678821409167,96412.1734003,20.99799967,96561.1238051
weak_pair_loops_1.01_0.99_1.005,alpha->2/3,0.682028416133,48158.450577,20.7883321108,48278.9767077
weak_pair_loops_1.01_0.99_1.005,alpha->2/3,0.686081586124,24104.4614074,20.5233441429,24202.5132406
weak_pair_loops_1.01_0.99_1.005,alpha->2/3,0.691204177733,12094.4879402,20.1884395758,12174.7780592
weak_pair_loops_1.01_0.99_1.005,alpha->2/3,0.697678355932,6085.98981443,19.7651710406,6152.25335257
weak_pair_loops_1.01_0.99_1.005,alpha->2/3,0.705860734415,3072.5244604,19.2302238629,3127.72546195
weak_pair_loops_1.01_0.99_1.005,alpha->2/3,0.716202018756,1556.5454552,18.5541318338,1603.0412247
weak_pair_loops_1.01_0.99_1.005,alpha->2/3,0.729271832387,791.045118083,17.6996541378,830.717999324
weak_pair_loops_1.01_0.99_1.005,alpha->2/3,0.745790092856,402.739621248,16.6197240373,437.104242027
weak_pair_loops_1.01_0.99_1.005,alpha->2/3,0.766666666667,204.686267969,15.2548563204,234.979799171
strong_antagonism_20_20_20,alpha->1,0.9999999,0.000167909282908,0.000167909237097,540
strong_antagonism_20_20_20,alpha->1,0.999999873615,0.00021221186077,0.000212211787643,540
strong_antagonism_20_20_20,alpha->1,0.999999840269,0.000268203603127,0.000268203486519,540
strong_antagonism_20_20_20,alpha->1,0.999999798124,0.000338968680694,0.000338968494396,540
strong_antagonism_20_20_20,alpha->1,0.999999744859,0.000428405020358,0.000428404722607,540.000000001
strong_antagonism_20_20_20,alpha->1,0.999999677541,0.000541439014341,0.000541438538762,540.000000001
strong_antagonism_20_20_20,alpha->1,0.999999592461,0.000684296883776,0.000684296124037,540.000000002
strong_antagonism_20_20_20,alpha->1,0.999999484932,0.000864847640486,0.000864846426774,540.000000003
strong_antagonism_20_20_20,alpha->1,0.999999349032,0.00109303654099,0.00109303460219,540.000000005
strong_antagonism_20_20_20,alpha->1,0.999999177276,0.0013814329142,0.0013814298178,540.000000007
strong_antagonism_20_20_20,alpha->1,0.999998960202,0.00174592253867,0.00174591759273,540.000000012
strong_antagonism_20_20_20,alpha->1,0.999998685853,0.00220658271226,0.00220657481203,540.000000019
strong_antagonism_20_20_20,alpha->1,0.999998339117,0.00278878823022,0.00278877561087,540.00000003
strong_antagonism_20_20_20,alpha->1,0.999997900896,0.00352460920104,0.00352458904409,540.000000048
strong_antagonism_20_20_20,alpha->1,0.999997347052,0.00445457772665,0.0044545455296,540.000000077
strong_antagonism_20_20_20,alpha->1,0.999996647076,0.00562992079108,0.00562986936235,540.000000123
strong_antagonism_20_20_20,alpha->1,0.999995762413,0.00711538242464,0.00711530027645,540.000000196
strong_antagonism_20_20_20,alpha->1,0.999994644333,0.00899279068494,0.00899265946774,540.000000313
strong_antagonism_20_20_20,alpha->1,0.99999323125,0.0113655661042,0.0113653565079,540.000000501
strong_antagonism_20_20_20,alpha->1,0.999991445327,0.0143644201923,0.0143640853982,540.0000008
strong_antagonism_20_20_20,alpha->1,0.999989188192,0.0181545582952,0.0181540235172,540.000001277
strong_antagonism_20_20_20,alpha->1,0.999986335517,0.0229447842199,0.0229439299983,540.00000204
strong_antagonism_20_20_20,alpha->1,0.999982730167,0.0289990091837,0.0289976446967,540.000003259
strong_antagonism_20_20_20,alpha->1,0.999978173553,0.0366508007091,0.0366486211392,540.000005205
strong_antagonism_20_20_20,alpha->1,0.999972414684,0.0463217755373,0.0463182939668,540.000008314
strong_antagonism_20_20_20,alpha->1,0.999965136348,0.0585448539836,0.0585392925929,540.00001328
strong_antagonism_20_20_20,alpha->1,0.999955937636,0.0739936634985,0.0739847797446,540.000021212
strong_antagonism_20_20_20,alpha->1,0.99994431186,0.0935197220143,0.0935055309246,540.000033882
strong_antagonism_20_20_20,alpha->1,0.999929618644,0.118199466765,0.118176797223,540.000054121
strong_antagonism_20_20_20,alpha->1,0.99991104865,0.149393747052,0.149357532799,540.000086448
strong_antagonism_20_20_20,alpha->1,0.999887578996,0.1888231028,0.188765249423,540.000138084
strong_antagonism_20_20_20,alpha->1,0.999857916917,0.238663047132,0.23857062126,540.000220563
strong_antagonism_20_20_20,alpha->1,0.999820428551,0.301664716164,0.301517050953,540.000352308
strong_antagonism_20_20_20,alpha->1,0.999773048946,0.381307715537,0.381071783,540.000562746
strong_antagonism_20_20_20,alpha->1,0.999713168319,0.481993877491,0.481616888134,540.000898881
strong_antagonism_20_20_20,alpha->1,0.999637488295,0.6092930737,0.608690638571,540.001435794
strong_antagonism_20_20_20,alpha->1,0.999541840233,0.770255382753,0.769292569701,540.002293415
strong_antagonism_20_20_20,alpha->1,0.999420955602,0.97380802758,0.972269031747,540.003663306
strong_antagonism_20_20_20,alpha->1,0.999268175778,1.23126091283,1.22880046854,540.00585146
strong_antagonism_20_20_20,alpha->1,0.999075085272,1.55695178159,1.55301726393,540.009346652
strong_antagonism_20_20_20,alpha->1,0.998831048184,1.96907166438,1.96277807815,540.014929632
strong_antagonism_20_20_20,alpha->1,0.998522622347,2.49072442932,2.48065354682,540.023847563
strong_antagonism_20_20_20,alpha->1,0.998132818909,3.15129239835,3.13516952726,540.038092718
strong_antagonism_20_20_20,alpha->1,0.997640166533,3.98820554669,3.96237837292,540.060847784
strong_antagonism_20_20_20,alpha->1,0.997017528714,5.04924851143,5.00784478596,540.09719755
strong_antagonism_20_20_20,alpha->1,0.996230609025,6.39559360451,6.32915563331,540.155266674
strong_antagonism_20_20_20,alpha->1,0.99523606199,8.10582942012,7.99909197325,540.248039563
strong_antagonism_20_20_20,alpha->1,0.993979105507,10.2813808389,10.1096380155,540.396273706
strong_antagonism_20_20_20,alpha->1,0.992390503315,13.0539178555,12.7770478382,540.63316957
strong_antagonism_20_20_20,alpha->1,0.990382751289,16.5956831161,16.1482489491,541.011871782
strong_antagonism_20_20_20,alpha->1,0.987845257499,21.1342349013,20.4089354149,541.617558115
strong_antagonism_20_20_20,alpha->1,0.984638250533,26.9741036131,25.7937963479,542.58702452
strong_antagonism_20_20_20,alpha->1,0.980585080543,34.5296967743,32.5994431611,544.14067641
strong_antagonism_20_20_20,alpha->1,0.975462488934,44.3772988216,41.2007476558,546.635459341
strong_antagonism_20_20_20,alpha->1,0.968988310734,57.3410385444,52.0714908844,550.654177498
strong_antagonism_20_20_20,alpha->1,0.960805932252,74.642520048,65.8104601784,557.160759908
strong_antagonism_20_20_20,alpha->1,0.95046464791,98.1771055692,83.1744318307,567.782196129
strong_antagonism_20_20_20,alpha->1,0.93739483428,131.060561539,105.119856199,585.353185569
strong_antagonism_20_20_20,alpha->1,0.92087657381,178.805186015,132.85554135,615.061582762
strong_antagonism_20_20_20,alpha->1,0.9,252.134531741,167.909237185,667.147265142
strong_antagonism_20_20_20,alpha->2/3,0.666666766667,1.6758566748e+20,559.697289375,1.6758566748e+20
strong_antagonism_20_20_20,alpha->2/3,0.666666793051,8.30143827348e+19,559.697245073,8.30143827351e+19
strong_antagonism_20_20_20,alpha->2/3,0.666666826398,4.11216121467e+19,559.697189081,4.11216121469e+19
strong_antagonism_20_20_20,alpha->2/3,0.666666868543,2.03698264817e+19,559.697118316,2.03698264818e+19
strong_antagonism_20_20_20,alpha->2/3,0.666666921807,1.00903222918e+19,559.69702888,1.0090322292e+19
strong_antagonism_20_20_20,alpha->2/3,0.666666989126,4.99831237951e+18,559.696915846,4.99831237961e+18
strong_antagonism_20_20_20,alpha->2/3,0.666667074206,2.4759539872e+18,559.696772988,2.47595398728e+18
strong_antagonism_20_20_20,alpha->2/3,0.666667181734,1.22648651728e+18,559.696592438,1.22648651734e+18
strong_antagonism_20_20_20,alpha->2/3,0.666667317634,6.07553174926e+17,559.69636425,6.07553174976e+17
strong_antagonism_20_20_20,alpha->2/3,0.666667489391,3.00959088791e+17,559.696075855,3.00959088832e+17
strong_antagonism_20_20_20,alpha->2/3,0.666667706465,1.49084577716e+17,559.695711367,1.49084577748e+17
strong_antagonism_20_20_20,alpha->2/3,0.666667980814,7.38517200483e+16,559.69525071,7.38517200735e+16
strong_antagonism_20_20_20,alpha->2/3,0.666668327549,3.65840552771e+16,559.694668509,3.65840552971e+16
strong_antagonism_20_20_20,alpha->2/3,0.66666876577,1.81228830916e+16,559.693932695,1.81228831073e+16
strong_antagonism_20_20_20,alpha->2/3,0.666669319615,8.97776139363e+15,559.693002739,8.97776140609e+15
strong_antagonism_20_20_20,alpha->2/3,0.666670019591,4.44749592547e+15,559.691827415,4.44749593533e+15
strong_antagonism_20_20_20,alpha->2/3,0.666670904254,2.20328949385e+15,559.690341984,2.20328950165e+15
strong_antagonism_20_20_20,alpha->2/3,0.666672022334,1.09153663069e+15,559.688464625,1.09153663686e+15
strong_antagonism_20_20_20,alpha->2/3,0.666673435417,5.40777538329e+14,559.686091928,5.40777543209e+14
strong_antagonism_20_20_20,alpha->2/3,0.666675221339,2.67926783546e+14,559.683093199,2.67926787407e+14
strong_antagonism_20_20_20,alpha->2/3,0.666677478474,1.32750232611e+14,559.679303261,1.32750235664e+14
strong_antagonism_20_20_20,alpha->2/3,0.66668033115,6.57781766718e+13,559.674513354,6.57781790861e+13
strong_antagonism_20_20_20,alpha->2/3,0.6666839365,3.25958982914e+13,559.66845964,3.25959002002e+13
strong_antagonism_20_20_20,alpha->2/3,0.666688493114,1.61542853754e+13,559.660808663,1.61542868844e+13
strong_antagonism_20_20_20,alpha->2/3,0.666694251983,8.00696057822e+12,559.65113899,8.00696177083e+12
strong_antagonism_20_20_20,alpha->2/3,0.666701530319,3.96933027083e+12,559.638917992,3.9693312131e+12
strong_antagonism_20_20_20,alpha->2/3,0.666710729031,1.96813378635e+12,559.623472505,1.96813453054e+12
strong_antagonism_20_20_20,alpha->2/3,0.666722354807,976119050945,559.603951753,976119638414
strong_antagonism_20_20_20,alpha->2/3,0.666737048022,484273425262,559.579280487,484273888731
strong_antagonism_20_20_20,alpha->2/3,0.666755618016,240355721002,559.548099752,240356086363
strong_antagonism_20_20_20,alpha->2/3,0.66677908767,119354781516,559.508692035,119355069258
strong_antagonism_20_20_20,alpha->2/3,0.66680874975,59306701924.4,559.458886663,59306928258.6
strong_antagonism_20_20_20,alpha->2/3,0.666846238116,29492909889.6,559.395940233,29493087646
strong_antagonism_20_20_20,alpha->2/3,0.66689361772,14681492965.6,559.316385501,14681632298.2
strong_antagonism_20_20_20,alpha->2/3,0.666953498348,7317653863.49,559.215840396,7317762809.37
strong_antagonism_20_20_20,alpha->2/3,0.667029178372,3653077140.29,559.088766646,3653162062.44
strong_antagonism_20_20_20,alpha->2/3,0.667124826434,1827252708.21,558.928164715,1827318645.77
strong_antagonism_20_20_20,alpha->2/3,0.667245711065,916210858.153,558.725188253,916261803.665
strong_antagonism_20_20_20,alpha->2/3,0.667398490889,460782780.31,558.468656816,460821899.192
strong_antagonism_20_20_20,alpha->2/3,0.667591581394,232592808.016,558.14444002,232622612.232
strong_antagonism_20_20_20,alpha->2/3,0.667835618483,117935289.84,557.734679206,117957775.284
strong_antagonism_20_20_20,alpha->2/3,0.668144044319,60123270.9279,557.216803738,60140025.9742
strong_antagonism_20_20_20,alpha->2/3,0.668533847758,30849749.4536,556.562287757,30862040.5446
strong_antagonism_20_20_20,alpha->2/3,0.669026500133,15950689.2475,555.735078911,15959528.126
strong_antagonism_20_20_20,alpha->2/3,0.669649137953,8320946.73814,554.689612498,8327142.97446
strong_antagonism_20_20_20,alpha->2/3,0.670436057642,4385285.13551,553.368301651,4389486.8696
strong_antagonism_20_20_20,alpha->2/3,0.671430604677,2337842.22117,551.698365311,2340567.52243
strong_antagonism_20_20_20,alpha->2/3,0.67268756116,1262258.44691,549.587819269,1263919.33974
strong_antagonism_20_20_20,alpha->2/3,0.674276163352,690954.600403,546.920409446,691875.547604
strong_antagonism_20_20_20,alpha->2/3,0.676283915378,383766.327482,543.549208335,384198.739806
strong_antagonism_20_20_20,alpha->2/3,0.678821409167,216378.831689,539.288521869,216512.917079
strong_antagonism_20_20_20,alpha->2/3,0.682028416133,123865.840033,533.903660936,123840.79032
strong_antagonism_20_20_20,alpha->2/3,0.686081586124,71972.006764,527.098014123,71885.1603037
strong_antagonism_20_20_20,alpha->2/3,0.691204177733,42418.3388335,518.496709629,42333.6111972
strong_antagonism_20_20_20,alpha->2/3,0.697678355932,25329.5362057,507.6259664,25285.1429215
strong_antagonism_20_20_20,alpha->2/3,0.705860734415,15299.1926212,493.886997106,15314.539712
strong_antagonism_20_20_20,alpha->2/3,0.716202018756,9325.91028198,476.523025454,9407.50136659
strong_antagonism_20_20_20,alpha->2/3,0.729271832387,5719.28168165,454.577601085,5865.55237213
strong_antagonism_20_20_20,alpha->2/3,0.745790092856,3513.23321375,426.841915934,3718.32946682
strong_antagonism_20_20_20,alpha->2/3,0.766666666667,2147.49654361,391.788220099,2404.12794083
