family,beta12,beta13,beta23,alpha,T1,T_alpha_L,T_alpha_U,T_alpha_mid,ratio_mid,W_mid,W_over_T1_mid,x1_hat,x2_hat,x3_hat,x_enclosure_radius,evidence
atlas_A,0.001,0.001,0.001,0.6666666766666667,0.009,167583884230741527985604.58350871905477891092,167583884230741527985604.58350871905477891113,167583884230741527985604.583508719054778911025,1.8620431581193506e+25,1.6758388423074154e+23,1.8620431581193506e+25,0.333333333333333333333333333333,0.333333333333333333333333333333,0.333333333333333333333333333333,1.54578e-50,CERTIFIED
atlas_A,0.001,0.001,0.001,0.6666667666666667,0.009,167583843277732311587.730861854819205684356417,167583843277732311587.730861854819205684356438,167583843277732311587.730861854819205684356427,1.8620427030859147e+22,1.675838432777323e+20,1.8620427030859147e+22,0.333333333333333333333333333333,0.333333333333333333333333333333,0.333333333333333333333333333333,1.54578e-50,CERTIFIED
atlas_A,0.001,0.001,0.001,0.6666676666666667,0.009,167583433747640146.252810654251120208461482084,167583433747640146.252810654251120208461482087,167583433747640146.252810654251120208461482086,1.8620381527515574e+19,1.6758343374764016e+17,1.8620381527515574e+19,0.333333333333333333333333333333,0.333333333333333333333333333333,0.333333333333333333333333333333,1.54578e-50,CERTIFIED
atlas_A,0.001,0.001,0.001,0.6666766666666667,0.009,167579338446717.136720054784830731703421682106,167579338446717.136720054784830731705225000464,167579338446717.136720054784830731704323341285,1.861992649407968e+16,167579338446717.12,1.861992649407968e+16,0.333333333333333333333333333333,0.333333333333333333333333333333,0.333333333333333333333333333333,1.32781e-40,CERTIFIED
atlas_A,0.001,0.001,0.001,0.6667666666666666,0.009,167538385436.130852209907627394385203746168402,167538385436.130852209907627394385203926621912,167538385436.130852209907627394385203836395157,18615376159570.098,167538385436.12186,18615376159569.098,0.333333333333333333333333333333,0.333333333333333333333333333333,0.333333333333333333333333333333,1.32781e-40,CERTIFIED
atlas_A,0.001,0.001,0.001,0.6676666666666666,0.009,167128853.974022391047743245591971025284379068,167128853.974022391047743245591971025308916957,167128853.974022391047743245591971025296646472,18569872663.780266,167128853.9650224,18569872662.780266,0.333333333333333333333333333333,0.333333333333333333333333333333,0.333333333333333333333333333333,1.32782e-40,CERTIFIED
atlas_A,0.001,0.001,0.001,0.6766666666666666,0.009,163032.182533887296420620741031646780199031087,163032.182533887296420620741031646780200920906,163032.182533887296420620741031646780199975996,18114686.948209703,163032.1735338873,18114685.948209703,0.333333333333333333333333333333,0.333333333333333333333333333333,0.333333333333333333333333333333,1.32787e-40,CERTIFIED
atlas_A,0.001,0.001,0.001,0.7,0.009,4113.86161867366229064145760389673354443934349,4113.86161867366229064145760389673354446134874,4113.86161867366229064145760389673354445034612,457095.73540818476,4113.852618673663,457094.73540818476,0.333333333333333333333333333333,0.333333333333333333333333333333,0.333333333333333333333333333333,1.32802e-40,CERTIFIED
atlas_A,0.001,0.001,0.001,0.75,0.009,222.686933045325837109409826915191130751567344,222.686933045325837109409826915191130751928809,222.686933045325837109409826915191130751749546,24742.992560591763,222.67793304532586,24741.992560591763,0.333333333333333333333333333333,0.333333333333333333333333333333,0.333333333333333333333333333333,1.32843e-40,CERTIFIED
atlas_A,0.001,0.001,0.001,0.7666666666666667,0.009,120.709461631327317883011758119770604386902588,120.709461631327317883011758119770604387142095,120.709461631327317883011758119770604387023077,13412.162403480814,120.70046163132731,13411.162403480814,0.333333333333333333333333333333,0.333333333333333333333333333333,0.333333333333333333333333333333,1.32862e-40,CERTIFIED
atlas_A,0.001,0.001,0.001,0.8,0.009,43.743034465017227197732214842180105131247342,43.7430344650172271977322148421801051313046474,43.7430344650172271977322148421801051312759947,4860.337162779692,43.734034465017224,4859.337162779692,0.333333333333333333333333333333,0.333333333333333333333333333333,0.333333333333333333333333333333,1.32912e-40,CERTIFIED
atlas_A,0.001,0.001,0.001,0.85,0.009,12.3396298131970583140380655273415193343294382,12.3396298131970583140380655273415193343465196,12.3396298131970583140380655273415193343378871,1371.0699792441178,12.330629813197058,1370.0699792441176,0.333333333333333333333333333333,0.333333333333333333333333333333,0.333333333333333333333333333333,1.33052e-40,CERTIFIED
atlas_A,0.001,0.001,0.001,0.9,0.009,3.62319741091405829409363422297145176679648019,3.6231974109140582940936342229714517668019444,3.62319741091405829409363422297145176679918934,402.57749010156203,3.614197410914058,401.57749010156203,0.333333333333333333333333333333,0.333333333333333333333333333333,0.333333333333333333333333333333,1.3344e-40,CERTIFIED
atlas_A,0.001,0.001,0.001,0.9,0.009,3.62319741091405829409363422297145176679648019,3.6231974109140582940936342229714517668019444,3.62319741091405829409363422297145176679918934,402.57749010156203,3.614197410914058,401.57749010156203,0.333333333333333333333333333333,0.333333333333333333333333333333,0.333333333333333333333333333333,1.3344e-40,CERTIFIED
atlas_A,0.001,0.001,0.001,0.95,0.009,0.735496689100738816200486646623610042282675107,0.73549668910073881620048664662361004228423631,0.735496689100738816200486646623610042283455708,81.72185434452655,0.7264966891007388,80.72185434452655,0.333333333333333333333333333333,0.333333333333333333333333333333,0.333333333333333333333333333333,1.35537e-40,CERTIFIED
atlas_A,0.001,0.001,0.001,0.99,0.009,0.0428744223169142325377984722555205452634672039,0.0428744223169142325377984722555205452636480051,0.0428744223169142325377984722555205452635576045,4.76382470187936,0.03387442231691423,3.7638247018793596,0.333333333333333333333333333333,0.333333333333333333333333333333,0.333333333333333333333333333333,2.12435e-40,CERTIFIED
atlas_A,0.001,0.001,0.001,0.999,0.009,0.0106883916472615672715821196905193719376146529,0.0106883916472615672715821196905193719377007487,0.0106883916472615672715821196905193719376577008,1.187599071917952,0.0016883916472615682,0.18759907191795203,0.333333333333333333333333333333,0.333333333333333333333333333333,0.333333333333333333333333333333,3.12395e-40,CERTIFIED
atlas_A,0.001,0.001,0.001,0.9999,0.009,0.00915625691502751661118404203441651348435106362,0.00915625691502751661118404203441651348442550059,0.00915625691502751661118404203441651348438819242,1.017361879447502,0.00015625691502751775,0.017361879447501973,0.333333333333333333333333333333,0.333333333333333333333333333333,0.333333333333333333333333333333,3.76516e-40,CERTIFIED
atlas_A,0.001,0.001,0.001,0.99999,0.009,0.00901550500457305016518447786956873402923293411,0.00901550500457305016518447786956873402928333601,0.00901550500457305016518447786956873402925804538,1.0017227782858946,1.5505004573051e-05,0.0017227782858945555,0.333333333333333333333333333333,0.333333333333333333333333333333,0.333333333333333333333333333333,3.8454e-40,CERTIFIED
atlas_A,0.001,0.001,0.001,0.999999,0.009,0.00900154929873042285535999960408645902513092815,0.00900154929873042285535999960408645902518150942,0.00900154929873042285535999960408645902515621878,1.0001721443033804,1.549298730424073e-06,0.00017214430338045257,0.333333333333333333333333333333,0.333333333333333333333333333333,0.333333333333333333333333333333,3.85362e-40,CERTIFIED
atlas_A,0.001,0.001,0.001,0.9999999,0.009,0.00900015491786091564011097844548967465973213052,0.00900015491786091564011097844548967465980567067,0.0090001549178609156401109784454896746597689006,1.0000172130956573,1.5491786091621773e-07,1.7213095657357526e-05,0.333333333333333333333333333333,0.333333333333333333333333333333,0.333333333333333333333333333333,3.85445e-40,CERTIFIED
atlas_A,0.001,0.001,0.001,0.99999999,0.009,0.00900001549166597543969989494876245663036643504,0.00900001549166597543969989494876245663044033392,0.00900001549166597543969989494876245663040338448,1.0000017212962196,1.5491665976072322e-08,1.7212962195635915e-06,0.333333333333333333333333333333,0.333333333333333333333333333333,0.333333333333333333333333333333,3.85453e-40,CERTIFIED
atlas_A,0.001,0.001,0.001,0.999999999,0.009,0.00900000154916539638786901710658428190477073813,0.00900000154916539638786901710658428190482167813,0.00900000154916539638786901710658428190479620813,1.0000001721294884,1.5491653966581698e-09,1.7212948851757444e-07,0.333333333333333333333333333333,0.333333333333333333333333333333,0.333333333333333333333333333333,3.85454e-40,CERTIFIED
atlas_A,0.001,0.001,0.001,0.9999999999,0.009,0.00900000015491652762723103412607458181661118446,0.00900000015491652762723103412607458181668490397,0.0090000001549165276272310341260745818166481339,1.0000000172129475,1.5491652752275265e-10,1.7212947502528074e-08,0.333333333333333333333333333333,0.333333333333333333333333333333,0.333333333333333333333333333333,3.85454e-40,CERTIFIED
atlas_A,0.00316227766017,0.00316227766017,0.00316227766017,0.6666666766666667,0.028460498941529997,167583884250459135855867.401103074572922834619,167583884250459135855867.401103074572922834829,167583884250459135855867.401103074572922834724,5.888297481879988e+24,1.6758388425045913e+23,5.888297481879988e+24,0.333333333333333333333333333333,0.333333333333333333333333333333,0.333333333333333333333333333333,1.54578e-50,CERTIFIED
atlas_A,0.00316227766017,0.00316227766017,0.00316227766017,0.6666667666666667,0.028460498941529997,167583843474908390290.367038555665094949903266,167583843474908390290.367038555665094949903287,167583843474908390290.367038555665094949903277,5.888296049173174e+21,1.6758384347490838e+20,5.888296049173174e+21,0.333333333333333333333333333333,0.333333333333333333333333333333,0.333333333333333333333333333333,1.54578e-50,CERTIFIED
atlas_A,0.00316227766017,0.00316227766017,0.00316227766017,0.6666676666666667,0.028460498941529997,167583435719400933.287173188997316923374976223,167583435719400933.287173188997316923374976226,167583435719400933.287173188997316923374976224,5.88828172210504e+18,1.6758343571940093e+17,5.88828172210504e+18,0.333333333333333333333333333333,0.333333333333333333333333333333,0.333333333333333333333333333333,1.54578e-50,CERTIFIED
atlas_A,0.00316227766017,0.00316227766017,0.00316227766017,0.6666766666666667,0.028460498941529997,167579358164325.015064552343194759630961603889,167579358164325.015064552343194759632764919017,167579358164325.015064552343194759631863263068,5888138451423655.0,167579358164324.97,5888138451423654.0,0.333333333333333333333333333333,0.333333333333333333333333333333,0.333333333333333333333333333333,1.32781e-40,CERTIFIED
atlas_A,0.00316227766017,0.00316227766017,0.00316227766017,0.6667666666666666,0.028460498941529997,167538582612.217637572112232732196085559522393,167538582612.217637572112232732196085739928571,167538582612.21763757211223273219608564972706,5886705744562.432,167538582612.18918,5886705744561.432,0.333333333333333333333333333333,0.333333333333333333333333333333,0.333333333333333333333333333333,1.32781e-40,CERTIFIED
atlas_A,0.00316227766017,0.00316227766017,0.00316227766017,0.6676666666666666,0.028460498941529997,167130825.742902640777173428092332269250193795,167130825.742902640777173428092332269274731683,167130825.742902640777173428092332269262461198,5872378628.577827,167130825.71444213,5872378627.577827,0.333333333333333333333333333333,0.333333333333333333333333333333,0.333333333333333333333333333333,1.32783e-40,CERTIFIED
atlas_A,0.00316227766017,0.00316227766017,0.00316227766017,0.6766666666666666,0.028460498941529997,163051.908342794789479877304344925981238939021,163051.908342794789479877304344925981240846896,163051.908342794789479877304344925981239892958,5729060.079999754,163051.87988229585,5729059.079999755,0.333333333333333333333333333333,0.333333333333333333333333333333,0.333333333333333333333333333333,1.32799e-40,CERTIFIED
atlas_A,0.00316227766017,0.00316227766017,0.00316227766017,0.7,0.028460498941529997,4115.64471017769986992500203187024145008506534,4115.64471017769986992500203187024145010725867,4115.64471017769986992500203187024145009616201,144609.01471309375,4115.616249678758,144608.01471309373,0.333333333333333333333333333333,0.333333333333333333333333333333,0.333333333333333333333333333333,1.32846e-40,CERTIFIED
atlas_A,0.00316227766017,0.00316227766017,0.00316227766017,0.75,0.028460498941529997,222.98017757858977599179448079210954010801087,222.980177578589775991794480792109540108381151,222.98017757858977599179448079210954010819601,7834.724824631015,222.95171707964823,7833.724824631014,0.333333333333333333333333333333,0.333333333333333333333333333333,0.333333333333333333333333333333,1.32978e-40,CERTIFIED
atlas_A,0.00316227766017,0.00316227766017,0.00316227766017,0.7666666666666667,0.028460498941529997,120.916270496893811150966804212905981865286368,120.916270496893811150966804212905981865525875,120.916270496893811150966804212905981865405387,4248.564677144536,120.88780999795229,4247.564677144536,0.333333333333333333333333333333,0.333333333333333333333333333333,0.333333333333333333333333333333,1.33037e-40,CERTIFIED
atlas_A,0.00316227766017,0.00316227766017,0.00316227766017,0.8,0.028460498941529997,43.8643211104440333162053567671694327860518217,43.8643211104440333162053567671694327861076577,43.8643211104440333162053567671694327860797397,1541.2351413993147,43.835860611502504,1540.235141399315,0.333333333333333333333333333333,0.333333333333333333333333333333,0.333333333333333333333333333333,1.33196e-40,CERTIFIED
atlas_A,0.00316227766017,0.00316227766017,0.00316227766017,0.85,0.028460498941529997,12.4100876267593710488897562698833510280587184,12.4100876267593710488897562698833510280763508,12.4100876267593710488897562698833510280675346,436.0460318090341,12.38162712781784,435.0460318090341,0.333333333333333333333333333333,0.333333333333333333333333333333,0.333333333333333333333333333333,1.3364e-40,CERTIFIED
atlas_A,0.00316227766017,0.00316227766017,0.00316227766017,0.9,0.028460498941529997,3.67309405236068435281456000633620324843437849,3.67309405236068435281456000633620324843984271,3.67309405236068435281456000633620324843708764,129.05936961635095,3.6446335534191547,128.05936961635095,0.333333333333333333333333333333,0.333333333333333333333333333333,0.333333333333333333333333333333,1.34879e-40,CERTIFIED
atlas_A,0.00316227766017,0.00316227766017,0.00316227766017,0.9,0.028460498941529997,3.67309405236068435281456000633620324843437849,3.67309405236068435281456000633620324843984271,3.67309405236068435281456000633620324843708764,129.05936961635095,3.6446335534191547,128.05936961635095,0.333333333333333333333333333333,0.333333333333333333333333333333,0.333333333333333333333333333333,1.34879e-40,CERTIFIED
atlas_A,0.00316227766017,0.00316227766017,0.00316227766017,0.95,0.028460498941529997,0.775904981961265162561406304586914859622334826,0.775904981961265162561406304586914859623953426,0.775904981961265162561406304586914859623149866,27.262522120757787,0.7474444830197351,26.262522120757787,0.333333333333333333333333333333,0.333333333333333333333333333333,0.333333333333333333333333333333,1.41691e-40,CERTIFIED
atlas_A,0.00316227766017,0.00316227766017,0.00316227766017,0.99,0.028460498941529997,0.0725956606705519980692664394760366436787625925,0.0725956606705519980692664394760366436789807018,0.0725956606705519980692664394760366436788716471,2.550751510705924,0.044135161729022,1.5507515107059242,0.333333333333333333333333333333,0.333333333333333333333333333333,0.333333333333333333333333333333,5.78733e-40,CERTIFIED
atlas_A,0.00316227766017,0.00316227766017,0.00316227766017,0.999,0.028460498941529997,0.0313545699482545405954441197085276986610038772,0.0313545699482545405954441197085276986611545448,0.031354569948254540595444119708527698661079211,1.1016872899055705,0.002894071006724546,0.1016872899055706,0.333333333333333333333333333333,0.333333333333333333333333333333,0.333333333333333333333333333333,2.83637e-40,CERTIFIED
atlas_A,0.00316227766017,0.00316227766017,0.00316227766017,0.9999,0.028460498941529997,0.0287375250153471728445121031102212852387478677,0.0287375250153471728445121031102212852388845447,0.0287375250153471728445121031102212852388163856,1.009733704050175,0.00027702607381717426,0.009733704050175086,0.333333333333333333333333333333,0.333333333333333333333333333333,0.333333333333333333333333333333,3.16981e-40,CERTIFIED
atlas_A,0.00316227766017,0.00316227766017,0.00316227766017,0.99999,0.028460498941529997,0.0284880806751205046331925384226986304154382747,0.0284880806751205046331925384226986304155315451,0.0284880806751205046331925384226986304154849099,1.0009691233329103,2.758173359050653e-05,0.0009691233329103321,0.333333333333333333333333333333,0.333333333333333333333333333333,0.333333333333333333333333333333,3.20783e-40,CERTIFIED
atlas_A,0.00316227766017,0.00316227766017,0.00316227766017,0.999999,0.028460498941529997,0.0284632559090859500306296996738159807083351107,0.0284632559090859500306296996738159807084301748,0.0284632559090859500306296996738159807083824633,1.0000968699656887,2.756967555951617e-06,9.686996568878165e-05,0.333333333333333333333333333333,0.333333333333333333333333333333,0.333333333333333333333333333333,3.21169e-40,CERTIFIED
atlas_A,0.00316227766017,0.00316227766017,0.00316227766017,0.9999999,0.028460498941529997,0.0284607746262304984856932528396047450008851286,0.0284607746262304984856932528396047450010232406,0.0284607746262304984856932528396047450009540052,1.0000096865729962,2.756847005021268e-07,9.68657299608488e-06,0.333333333333333333333333333333,0.333333333333333333333333333333,0.333333333333333333333333333333,3.21207e-40,CERTIFIED
atlas_A,0.00316227766017,0.00316227766017,0.00316227766017,0.99999999,0.028460498941529997,0.0284605265098795018178485277374177013668333155,0.0284605265098795018178485277374177013669696338,0.0284605265098795018178485277374177013669014747,1.0000009686530642,2.7568349506013057e-08,9.686530641170489e-07,0.333333333333333333333333333333,0.333333333333333333333333333333,0.333333333333333333333333333333,3.21211e-40,CERTIFIED
atlas_A,0.00316227766017,0.00316227766017,0.00316227766017,0.999999999,0.028460498941529997,0.0284605016983637447044120942763065428061399977,0.0284605016983637447044120942763065428062357792,0.0284605016983637447044120942763065428061877091,1.000000096865264,2.7568337473971027e-09,9.686526413541854e-08,0.333333333333333333333333333333,0.333333333333333333333333333333,0.333333333333333333333333333333,3.21211e-40,CERTIFIED
atlas_A,0.00316227766017,0.00316227766017,0.00316227766017,0.9999999999,0.028460498941529997,0.0284604992172133624156704162917920143624181747,0.0284604992172133624156704162917920143625562867,0.0284604992172133624156704162917920143624874101,1.000000009686526,2.756833650252588e-10,9.686526072210821e-09,0.333333333333333333333333333333,0.333333333333333333333333333333,0.333333333333333333333333333333,3.21211e-40,CERTIFIED
atlas_A,0.01,0.01,0.01,0.6666666766666667,0.09000000000000002,167583884312811686735898.211832260893706213868,167583884312811686735898.211832260893706214078,167583884312811686735898.211832260893706213973,1.8620431590312404e+24,1.675838843128117e+23,1.8620431590312404e+24,0.333333333333333333333333333333,0.333333333333333333333333333333,0.333333333333333333333333333333,1.54578e-50,CERTIFIED
atlas_A,0.01,0.01,0.01,0.6666667666666667,0.09000000000000002,167583844098433899090.700264553980133083129483,167583844098433899090.700264553980133083129504,167583844098433899090.700264553980133083129493,1.8620427122048206e+21,1.675838440984339e+20,1.8620427122048206e+21,0.333333333333333333333333333333,0.333333333333333333333333333333,0.333333333333333333333333333333,1.54578e-50,CERTIFIED
atlas_A,0.01,0.01,0.01,0.6666676666666667,0.09000000000000002,167583441954656021.315624187578227165540972791,167583441954656021.315624187578227165540972794,167583441954656021.315624187578227165540972792,1.862038243940622e+18,1.6758344195465603e+17,1.862038243940622e+18,0.333333333333333333333333333333,0.333333333333333333333333333333,0.333333333333333333333333333333,1.54578e-50,CERTIFIED
atlas_A,0.01,0.01,0.01,0.6666766666666667,0.09000000000000002,167579420516875.92046812239472138779152510143,167579420516875.920468122394721387793328345472,167579420516875.920468122394721387792426725066,1861993561298620.8,167579420516875.8,1861993561298619.8,0.333333333333333333333333333333,0.333333333333333333333333333333,0.333333333333333333333333333333,1.32781e-40,CERTIFIED
atlas_A,0.01,0.01,0.01,0.6667666666666666,0.09000000000000002,167539206137.751813883424387765521041361208153,167539206137.751813883424387765521041541623798,167539206137.751813883424387765521041451415976,1861546734863.9084,167539206137.6618,1861546734862.9084,0.333333333333333333333333333333,0.333333333333333333333333333333,0.333333333333333333333333333333,1.32782e-40,CERTIFIED
atlas_A,0.01,0.01,0.01,0.6676666666666666,0.09000000000000002,167137061.023398921736455427206207042153882894,167137061.023398921736455427206207042178408456,167137061.023398921736455427206207042166147216,1857078455.8155432,167137060.93339893,1857078454.8155432,0.333333333333333333333333333333,0.333333333333333333333333333333,0.333333333333333333333333333333,1.32787e-40,CERTIFIED
atlas_A,0.01,0.01,0.01,0.6766666666666666,0.09000000000000002,163114.286633518458558667884231841700000803297,163114.286633518458558667884231841700002681078,163114.286633518458558667884231841700001742187,1812380.962594649,163114.19663351847,1812379.962594649,0.333333333333333333333333333333,0.333333333333333333333333333333,0.333333333333333333333333333333,1.32838e-40,CERTIFIED
atlas_A,0.01,0.01,0.01,0.7,0.09000000000000002,4121.28311817614147180247484988433580780543709,4121.28311817614147180247484988433580782716022,4121.28311817614147180247484988433580781625164,45792.03464640156,4121.193118176141,45791.03464640155,0.333333333333333333333333333333,0.333333333333333333333333333333,0.333333333333333333333333333333,1.32986e-40,CERTIFIED
atlas_A,0.01,0.01,0.01,0.75,0.09000000000000002,223.907186618455582890991300523507209489726464,223.907186618455582890991300523507209490099683,223.907186618455582890991300523507209489914543,2487.85762909395,223.81718661845557,2486.85762909395,0.333333333333333333333333333333,0.333333333333333333333333333333,0.333333333333333333333333333333,1.33405e-40,CERTIFIED
atlas_A,0.01,0.01,0.01,0.7666666666666667,0.09000000000000002,121.569903033352723137898071489890931628932383,121.569903033352723137898071489890931629173359,121.569903033352723137898071489890931629052871,1350.7767003705853,121.47990303335271,1349.7767003705853,0.333333333333333333333333333333,0.333333333333333333333333333333,0.333333333333333333333333333333,1.33594e-40,CERTIFIED
atlas_A,0.01,0.01,0.01,0.8,0.09000000000000002,44.2473893399715426259842217415308905576652137,44.2473893399715426259842217415308905577232537,44.2473893399715426259842217415308905576946011,491.637659333017,44.15738933997154,490.6376593330169,0.333333333333333333333333333333,0.333333333333333333333333333333,0.333333333333333333333333333333,1.34101e-40,CERTIFIED
atlas_A,0.01,0.01,0.01,0.85,0.09000000000000002,12.632079492032435698894895090851479976558831,12.6320794920324356988948950908514799765766471,12.6320794920324356988948950908514799765676472,140.35643880036037,12.542079492032435,139.35643880036037,0.333333333333333333333333333333,0.333333333333333333333333333333,0.333333333333333333333333333333,1.35525e-40,CERTIFIED
atlas_A,0.01,0.01,0.01,0.9,0.09000000000000002,3.82915449561893683926376596705476654994794209,3.82915449561893683926376596705476654995368181,3.82915449561893683926376596705476654995083491,42.546161062432624,3.739154495618937,41.546161062432624,0.333333333333333333333333333333,0.333333333333333333333333333333,0.333333333333333333333333333333,1.39552e-40,CERTIFIED
atlas_A,0.01,0.01,0.01,0.9,0.09000000000000002,3.82915449561893683926376596705476654994794209,3.82915449561893683926376596705476654995368181,3.82915449561893683926376596705476654995083491,42.546161062432624,3.739154495618937,41.546161062432624,0.333333333333333333333333333333,0.333333333333333333333333333333,0.333333333333333333333333333333,1.39552e-40,CERTIFIED
atlas_A,0.01,0.01,0.01,0.95,0.09000000000000002,0.898277669908563088104705387546222434631763361,0.898277669908563088104705387546222434633485276,0.898277669908563088104705387546222434632624319,9.980862998984032,0.808277669908563,8.98086299898403,0.333333333333333333333333333333,0.333333333333333333333333333333,0.333333333333333333333333333333,1.62412e-40,CERTIFIED
atlas_A,0.01,0.01,0.01,0.99,0.09000000000000002,0.154631898108590278472526766897574930682839924,0.154631898108590278472526766897574930683138389,0.154631898108590278472526766897574930682989157,1.718132201206558,0.06463189810859024,0.7181322012065581,0.333333333333333333333333333333,0.333333333333333333333333333333,0.333333333333333333333333333333,1.51726e-40,CERTIFIED
atlas_A,0.01,0.01,0.01,0.999,0.09000000000000002,0.0950509840158119340467870647049964926904685902,0.095050984015811934046787064704996492690738357,0.0950509840158119340467870647049964926906034736,1.0561220446201325,0.005050984015811916,0.05612204462013238,0.333333333333333333333333333333,0.333333333333333333333333333333,0.333333333333333333333333333333,2.98915e-40,CERTIFIED
atlas_A,0.01,0.01,0.01,0.9999,0.09000000000000002,0.090492714788982097563204312255907634322316406,0.0904927147889820975632043122559076343225761282,0.0904927147889820975632043122559076343224469846,1.0054746087664674,0.0004927147889820793,0.005474608766467546,0.333333333333333333333333333333,0.333333333333333333333333333333,0.333333333333333333333333333333,3.18824e-40,CERTIFIED
atlas_A,0.01,0.01,0.01,0.99999,0.09000000000000002,0.0900491493727468069832911703661435460809694401,0.0900491493727468069832911703661435460811531111,0.0900491493727468069832911703661435460810612756,1.0005461041416308,4.914937274677622e-05,0.0005461041416308468,0.333333333333333333333333333333,0.333333333333333333333333333333,0.333333333333333333333333333333,3.20971e-40,CERTIFIED
atlas_A,0.01,0.01,0.01,0.999999,0.09000000000000002,0.0900049137179399685278438995635438549401504153,0.0900049137179399685278438995635438549403326514,0.0900049137179399685278438995635438549402422508,1.0000545968659993,4.913717939938889e-06,5.459686599932097e-05,0.333333333333333333333333333333,0.333333333333333333333333333333,0.333333333333333333333333333333,3.21187e-40,CERTIFIED
atlas_A,0.01,0.01,0.01,0.9999999,0.09000000000000002,0.0900004913596023761912884940193030815016918636,0.0900004913596023761912884940193030815019472811,0.0900004913596023761912884940193030815018195723,1.0000054595511372,4.913596023531364e-07,5.459551137257069e-06,0.333333333333333333333333333333,0.333333333333333333333333333333,0.333333333333333333333333333333,3.21209e-40,CERTIFIED
atlas_A,0.01,0.01,0.01,0.99999999,0.09000000000000002,0.0900000491358383231389396906437149882237102847,0.090000049135838323138939690643714988223968572,0.0900000491358383231389396906437149882238394284,1.0000005459537589,4.913583830090662e-08,5.459537588989623e-07,0.333333333333333333333333333333,0.333333333333333333333333333333,0.333333333333333333333333333333,3.21211e-40,CERTIFIED
atlas_A,0.01,0.01,0.01,0.999999999,0.09000000000000002,0.0900000049135826131708184998336756556070321707,0.0900000049135826131708184998336756556072144068,0.0900000049135826131708184998336756556071225713,1.000000054595362,4.913582582477538e-09,5.4595362027528183e-08,0.333333333333333333333333333333,0.333333333333333333333333333333,0.333333333333333333333333333333,3.21211e-40,CERTIFIED
atlas_A,0.01,0.01,0.01,0.9999999999,0.09000000000000002,0.0900000004913582491256528217130731375604290995,0.0900000004913582491256528217130731375606859519,0.0900000004913582491256528217130731375605582432,1.0000000054595357,4.913582180021692e-10,5.459535755579656e-09,0.333333333333333333333333333333,0.333333333333333333333333333333,0.333333333333333333333333333333,3.21211e-40,CERTIFIED
atlas_A,0.0316227766017,0.0316227766017,0.0316227766017,0.6666666766666667,0.2846049894153,167583884509987765438526.385376132496647535553,167583884509987765438526.385376132496647535763,167583884509987765438526.385376132496647535658,5.8882974909988934e+23,1.6758388450998776e+23,5.8882974909988934e+23,0.333333333333333333333333333333,0.333333333333333333333333333333,0.333333333333333333333333333333,1.54578e-50,CERTIFIED
atlas_A,0.0316227766017,0.0316227766017,0.0316227766017,0.6666667666666667,0.2846049894153,167583846070194686117.059631877714549553047986,167583846070194686117.059631877714549553048007,167583846070194686117.059631877714549553047996,5.88829614036224e+20,1.675838460701947e+20,5.88829614036224e+20,0.333333333333333333333333333333,0.333333333333333333333333333333,0.333333333333333333333333333333,1.54578e-50,CERTIFIED
atlas_A,0.0316227766017,0.0316227766017,0.0316227766017,0.6666676666666667,0.2846049894153,167583461672263891.656849838855885512635875806,167583461672263891.656849838855885512635875809,167583461672263891.656849838855885512635875808,5.888282633995693e+17,1.675834616722639e+17,5.888282633995693e+17,0.333333333333333333333333333333,0.333333333333333333333333333333,0.333333333333333333333333333333,1.54578e-50,CERTIFIED
atlas_A,0.0316227766017,0.0316227766017,0.0316227766017,0.6666766666666667,0.2846049894153,167579617692954.701513287190735101959963012692,167579617692954.701513287190735101961766366594,167579617692954.701513287190735101960864688027,588814757033018.6,167579617692954.4,588814757033017.6,0.333333333333333333333333333333,0.333333333333333333333333333333,0.333333333333333333333333333333,1.32781e-40,CERTIFIED
atlas_A,0.0316227766017,0.0316227766017,0.0316227766017,0.6667666666666666,0.2846049894153,167541177898.617266548150285621852024667317772,167541177898.617266548150285621852024847755505,167541177898.617266548150285621852024757538216,588679693363.1357,167541177898.33267,588679693362.1357,0.333333333333333333333333333333,0.333333333333333333333333333333,0.333333333333333333333333333333,1.32783e-40,CERTIFIED
atlas_A,0.0316227766017,0.0316227766017,0.0316227766017,0.6676666666666666,0.2846049894153,167156778.709788946257982138777748072602950288,167156778.70978894625798213877774807262749742,167156778.709788946257982138777748072615223854,587329052.2882267,167156778.42518395,587329051.2882267,0.333333333333333333333333333333,0.333333333333333333333333333333,0.333333333333333333333333333333,1.32799e-40,CERTIFIED
atlas_A,0.0316227766017,0.0316227766017,0.0316227766017,0.6766666666666666,0.2846049894153,163311.542189754036643391799487046004927474624,163311.542189754036643391799487046004929361433,163311.542189754036643391799487046004928416524,573818.2683489337,163311.25758476462,573817.2683489337,0.333333333333333333333333333333,0.333333333333333333333333333333,0.333333333333333333333333333333,1.32962e-40,CERTIFIED
atlas_A,0.0316227766017,0.0316227766017,0.0316227766017,0.7,0.2846049894153,4139.11113781487821766522184708136286487343549,4139.11113781487821766522184708136286489591095,4139.1111378148782176652218470813628648846262,14543.354093399337,4138.826532825463,14542.354093399337,0.333333333333333333333333333333,0.333333333333333333333333333333,0.333333333333333333333333333333,1.3343e-40,CERTIFIED
atlas_A,0.0316227766017,0.0316227766017,0.0316227766017,0.75,0.2846049894153,226.835606080268291203035122993300159666448997,226.83560608026829120303512299330015966683691,226.835606080268291203035122993300159666642953,797.0190773755771,226.551001090853,796.0190773755771,0.333333333333333333333333333333,0.333333333333333333333333333333,0.333333333333333333333333333333,1.34773e-40,CERTIFIED
atlas_A,0.0316227766017,0.0316227766017,0.0316227766017,0.7666666666666667,0.2846049894153,123.633427575530976344066255538466094157144423,123.633427575530976344066255538466094157400093,123.633427575530976344066255538466094157272258,434.403584524385,123.34882258611567,433.403584524385,0.333333333333333333333333333333,0.333333333333333333333333333333,0.333333333333333333333333333333,1.35383e-40,CERTIFIED
atlas_A,0.0316227766017,0.0316227766017,0.0316227766017,0.8,0.2846049894153,45.4542154222882741680544438593776269763677977,45.4542154222882741680544438593776269764287765,45.4542154222882741680544438593776269763986545,159.70983332256617,45.16961043287297,158.70983332256617,0.333333333333333333333333333333,0.333333333333333333333333333333,0.333333333333333333333333333333,1.37033e-40,CERTIFIED
atlas_A,0.0316227766017,0.0316227766017,0.0316227766017,0.85,0.2846049894153,13.3265444922191295002080107979417532247688925,13.3265444922191295002080107979417532247878106,13.3265444922191295002080107979417532247784434,46.82470437218102,13.04193950280383,45.82470437218102,0.333333333333333333333333333333,0.333333333333333333333333333333,0.333333333333333333333333333333,1.41732e-40,CERTIFIED
atlas_A,0.0316227766017,0.0316227766017,0.0316227766017,0.9,0.2846049894153,4.3081164414074627003663073706243400406061665,4.30811644140746270036630737062434004061222764,4.30811644140746270036630737062434004060919707,15.137178200066593,4.023511451992163,14.137178200066595,0.333333333333333333333333333333,0.333333333333333333333333333333,0.333333333333333333333333333333,1.55333e-40,CERTIFIED
atlas_A,0.0316227766017,0.0316227766017,0.0316227766017,0.9,0.2846049894153,4.3081164414074627003663073706243400406061665,4.30811644140746270036630737062434004061222764,4.30811644140746270036630737062434004060919707,15.137178200066593,4.023511451992163,14.137178200066595,0.333333333333333333333333333333,0.333333333333333333333333333333,0.333333333333333333333333333333,1.55333e-40,CERTIFIED
atlas_A,0.0316227766017,0.0316227766017,0.0316227766017,0.95,0.2846049894153,1.25246331622682796778540721781943303655635315,1.25246331622682796778540721781943303655839649,1.25246331622682796778540721781943303655736335,4.400707516758303,0.967858326811528,3.400707516758303,0.333333333333333333333333333333,0.333333333333333333333333333333,0.333333333333333333333333333333,2.37534e-40,CERTIFIED
atlas_A,0.0316227766017,0.0316227766017,0.0316227766017,0.99,0.2846049894153,0.387915992473988030239480489217510135885404026,0.387915992473988030239480489217510135885886162,0.387915992473988030239480489217510135885645094,1.3629978633576765,0.10331100305868801,0.3629978633576764,0.333333333333333333333333333333,0.333333333333333333333333333333,0.333333333333333333333333333333,2.28759e-40,CERTIFIED
atlas_A,0.0316227766017,0.0316227766017,0.0316227766017,0.999,0.2846049894153,0.293546989220950422011427068396446959835298624,0.293546989220950422011427068396446959835820938,0.293546989220950422011427068396446959835556911,1.0314189846918043,0.008941999805650414,0.03141898469180422,0.333333333333333333333333333333,0.333333333333333333333333333333,0.333333333333333333333333333333,3.08357e-40,CERTIFIED
atlas_A,0.0316227766017,0.0316227766017,0.0316227766017,0.9999,0.2846049894153,0.285486442404524692379775979678338083123322631,0.285486442404524692379775979678338083123821986,0.285486442404524692379775979678338083123575178,1.0030971101070139,0.0008814529892247069,0.0030971101070138905,0.333333333333333333333333333333,0.333333333333333333333333333333,0.333333333333333333333333333333,3.19875e-40,CERTIFIED
atlas_A,0.0316227766017,0.0316227766017,0.0316227766017,0.99999,0.2846049894153,0.284693008355358293292605478493857436471143271,0.284693008355358293292605478493857436471516353,0.284693008355358293292605478493857436471332682,1.0003092670309086,8.801894005827648e-05,0.0003092670309087164,0.333333333333333333333333333333,0.333333333333333333333333333333,0.333333333333333333333333333333,3.21077e-40,CERTIFIED
atlas_A,0.0316227766017,0.0316227766017,0.0316227766017,0.999999,0.2846049894153,0.284613790046824751515620706463784912137894403,0.284613790046824751515620706463784912138273224,0.284613790046824751515620706463784912138083813,1.0000309222671846,8.800631524752411e-06,3.092226718453763e-05,0.333333333333333333333333333333,0.333333333333333333333333333333,0.333333333333333333333333333333,3.21198e-40,CERTIFIED
atlas_A,0.0316227766017,0.0316227766017,0.0316227766017,0.9999999,0.2846049894153,0.284605869465828771586838676462493518468631515,0.28460586946582877158683867646249351846914809,0.284605869465828771586838676462493518468889802,1.0000030921823633,8.800505287842597e-07,3.092182363324897e-06,0.333333333333333333333333333333,0.333333333333333333333333333333,0.333333333333333333333333333333,3.2121e-40,CERTIFIED
atlas_A,0.0316227766017,0.0316227766017,0.0316227766017,0.99999999,0.2846049894153,0.284605077420226641230214973311363980986216509,0.284605077420226641230214973311363980986727344,0.284605077420226641230214973311363980986474796,1.0000003092177927,8.800492662386361e-08,3.0921779271917634e-07,0.333333333333333333333333333333,0.333333333333333333333333333333,0.333333333333333333333333333333,3.21211e-40,CERTIFIED
atlas_A,0.0316227766017,0.0316227766017,0.0316227766017,0.999999999,0.2846049894153,0.284604998215791401764843983219853541840628582,0.284604998215791401764843983219853541841018883,0.284604998215791401764843983219853541840823732,1.0000000309217747,8.800491391180998e-09,3.0921774805357276e-08,0.333333333333333333333333333333,0.333333333333333333333333333333,0.333333333333333333333333333333,3.21211e-40,CERTIFIED
atlas_A,0.0316227766017,0.0316227766017,0.0316227766017,0.9999999999,0.2846049894153,0.28460499029534912755290373035535383551069878,0.284604990295349127552903730355353835511198135,0.284604990295349127552903730355353835510945587,1.0000000030921774,8.800491446692149e-10,3.092177500040358e-09,0.333333333333333333333333333333,0.333333333333333333333333333333,0.333333333333333333333333333333,3.21211e-40,CERTIFIED
atlas_A,0.1,0.1,0.1,0.6666666766666667,0.8999999999999999,167583885133513274238834.469326687984505980121,167583885133513274238834.469326687984505980331,167583885133513274238834.469326687984505980226,1.8620431681501476e+23,1.6758388513351326e+23,1.8620431681501476e+23,0.333333333333333333333333333333,0.333333333333333333333333333333,0.333333333333333333333333333333,1.54578e-50,CERTIFIED
atlas_A,0.1,0.1,0.1,0.6666667666666667,0.8999999999999999,167583852305449774120.368550542604669598207897,167583852305449774120.368550542604669598207918,167583852305449774120.368550542604669598207907,1.8620428033938866e+20,1.6758385230544978e+20,1.8620428033938866e+20,0.333333333333333333333333333333,0.333333333333333333333333333333,0.333333333333333333333333333333,1.54578e-50,CERTIFIED
atlas_A,0.1,0.1,0.1,0.6666676666666667,0.8999999999999999,167583524024814771.918018401001437972992136707,167583524024814771.91801840100143797299213671,167583524024814771.918018401001437972992136709,1.8620391558312755e+17,1.675835240248148e+17,1.8620391558312755e+17,0.333333333333333333333333333333,0.333333333333333333333333333333,0.333333333333333333333333333333,1.54578e-50,CERTIFIED
atlas_A,0.1,0.1,0.1,0.6666766666666667,0.8999999999999999,167580241218463.732206509966634931175557515352,167580241218463.732206509966634931177360814324,167580241218463.732206509966634931176459164838,186200268020515.25,167580241218462.8,186200268020514.25,0.333333333333333333333333333333,0.333333333333333333333333333333,0.333333333333333333333333333333,1.32782e-40,CERTIFIED
atlas_A,0.1,0.1,0.1,0.6667666666666666,0.8999999999999999,167547413153.935676638479820411869248733077664,167547413153.93567663847982041186924891354064,167547413153.93567663847982041186924882331073,186163792393.26187,167547413153.03568,186163792392.26187,0.333333333333333333333333333333,0.333333333333333333333333333333,0.333333333333333333333333333333,1.32787e-40,CERTIFIED
atlas_A,0.1,0.1,0.1,0.6676666666666666,0.8999999999999999,167219131.49129285156973795896077432083257445,167219131.491292851569737958960774320857133908,167219131.491292851569737958960774320844854179,185799034.99032542,167219130.59129286,185799033.99032542,0.333333333333333333333333333333,0.333333333333333333333333333333,0.333333333333333333333333333333,1.32837e-40,CERTIFIED
atlas_A,0.1,0.1,0.1,0.6766666666666666,0.8999999999999999,163935.300534610997267944785835063870089107092,163935.30053461099726794478583506387009100293,163935.300534610997267944785835063870090055011,182150.33392734555,163934.400534611,182149.33392734558,0.333333333333333333333333333333,0.333333333333333333333333333333,0.333333333333333333333333333333,1.33354e-40,CERTIFIED
atlas_A,0.1,0.1,0.1,0.7,0.8999999999999999,4195.46736711147697188057591467671698591033493,4195.46736711147697188057591467671698593281038,4195.46736711147697188057591467671698592161967,4661.630407901642,4194.567367111477,4660.630407901642,0.333333333333333333333333333333,0.333333333333333333333333333333,0.333333333333333333333333333333,1.34857e-40,CERTIFIED
atlas_A,0.1,0.1,0.1,0.75,0.8999999999999999,236.067921454278779001426026881549672058101552,236.067921454278779001426026881549672058507097,236.067921454278779001426026881549672058304324,262.2976905047542,235.16792145427877,261.2976905047542,0.333333333333333333333333333333,0.333333333333333333333333333333,0.333333333333333333333333333333,1.39274e-40,CERTIFIED
atlas_A,0.1,0.1,0.1,0.7666666666666667,0.8999999999999999,130.127418880487694701242203783921722707242368,130.127418880487694701242203783921722707512731,130.12741888048769470124220378392172270737755,144.58602097831965,129.22741888048768,143.58602097831965,0.333333333333333333333333333333,0.333333333333333333333333333333,0.333333333333333333333333333333,1.41323e-40,CERTIFIED
atlas_A,0.1,0.1,0.1,0.8,0.8999999999999999,49.2305694313123038077248507963824423443506644,49.2305694313123038077248507963824423444153166,49.2305694313123038077248507963824423443829905,54.70063270145812,48.330569431312306,53.700632701458126,0.333333333333333333333333333333,0.333333333333333333333333333333,0.333333333333333333333333333333,1.46956e-40,CERTIFIED
atlas_A,0.1,0.1,0.1,0.85,0.8999999999999999,15.4624351035834013216916232338724542383941097,15.4624351035834013216916232338724542384157828,15.4624351035834013216916232338724542384049463,17.180483448426003,14.5624351035834,16.180483448426003,0.333333333333333333333333333333,0.333333333333333333333333333333,0.333333333333333333333333333333,1.63436e-40,CERTIFIED
atlas_A,0.1,0.1,0.1,0.9,0.8999999999999999,5.72811906191015947702145857452149125224694393,5.72811906191015947702145857452149125225419893,5.72811906191015947702145857452149125225061735,6.364576735455733,4.82811906191016,5.364576735455733,0.333333333333333333333333333333,0.333333333333333333333333333333,0.333333333333333333333333333333,2.13409e-40,CERTIFIED
atlas_A,0.1,0.1,0.1,0.9,0.8999999999999999,5.72811906191015947702145857452149125224694393,5.72811906191015947702145857452149125225419893,5.72811906191015947702145857452149125225061735,6.364576735455733,4.82811906191016,5.364576735455733,0.333333333333333333333333333333,0.333333333333333333333333333333,0.333333333333333333333333333333,2.13409e-40,CERTIFIED
atlas_A,0.1,0.1,0.1,0.95,0.8999999999999999,2.2429215235999016846061461521730341256484655,2.24292152359990168460614615217303412565135832,2.24292152359990168460614615217303412564993487,2.492135026222113,1.3429215235999017,1.4921350262221131,0.333333333333333333333333333333,0.333333333333333333333333333333,0.333333333333333333333333333333,6.67209e-40,CERTIFIED
atlas_A,0.1,0.1,0.1,0.99,0.8999999999999999,1.07659038516773650015257131832742836803967469,1.07659038516773650015257131832742836804061601,1.07659038516773650015257131832742836804015683,1.196211539075263,0.17659038516773662,0.19621153907526293,0.333333333333333333333333333333,0.333333333333333333333333333333,0.333333333333333333333333333333,2.09666e-40,CERTIFIED
atlas_A,0.1,0.1,0.1,0.999,0.8999999999999999,0.916159132718419844206184037251174510280209881,0.916159132718419844206184037251174510281311907,0.916159132718419844206184037251174510280760894,1.0179545919093556,0.016159132718419955,0.017954591909355506,0.333333333333333333333333333333,0.333333333333333333333333333333,0.333333333333333333333333333333,2.51226e-40,CERTIFIED
atlas_A,0.1,0.1,0.1,0.9999,0.8999999999999999,0.901601826120025006158067331305264193697785655,0.901601826120025006158067331305264193698864722,0.901601826120025006158067331305264193698325189,1.0017798068000279,0.0016018261200251294,0.0017798068000279216,0.333333333333333333333333333333,0.333333333333333333333333333333,0.333333333333333333333333333333,2.56382e-40,CERTIFIED
atlas_A,0.1,0.1,0.1,0.99999,0.8999999999999999,0.900160042613748743898356399494735347886755632,0.900160042613748743898356399494735347887570672,0.900160042613748743898356399494735347887168892,1.0001778251263875,0.0001600426137488009,0.0001778251263875566,0.333333333333333333333333333333,0.333333333333333333333333333333,0.333333333333333333333333333333,2.5691e-40,CERTIFIED
atlas_A,0.1,0.1,0.1,0.999999,0.8999999999999999,0.900016002862261876652307523819835842051177206,0.900016002862261876652307523819835842052061123,0.900016002862261876652307523819835842051624904,1.0000177809580688,1.6002862261998985e-05,1.7780958068887763e-05,0.333333333333333333333333333333,0.333333333333333333333333333333,0.333333333333333333333333333333,2.56963e-40,CERTIFIED
atlas_A,0.1,0.1,0.1,0.9999999,0.8999999999999999,0.90000160027223592685655097269127397862434919,0.900001600272235926856550972691273978625451216,0.900001600272235926856550972691273978624900203,1.0000017780802624,1.6002722360575206e-06,1.778080262286134e-06,0.333333333333333333333333333333,0.333333333333333333333333333333,0.333333333333333333333333333333,2.56969e-40,CERTIFIED
atlas_A,0.1,0.1,0.1,0.99999999,0.8999999999999999,0.900000160027083690946699894733444555152177781,0.900000160027083690946699894733444555153256848,0.900000160027083690946699894733444555152717314,1.0000001778078709,1.600270838064688e-07,1.7780787089607645e-07,0.333333333333333333333333333333,0.333333333333333333333333333333,0.333333333333333333333333333333,2.56969e-40,CERTIFIED
atlas_A,0.1,0.1,0.1,0.999999999,0.8999999999999999,0.900000016002706970078149565333356501826371931,0.90000001600270697007814956533335650182722141,0.900000016002706970078149565333356501826796671,1.0000000177807855,1.600270704837925e-08,1.778078560931028e-08,0.333333333333333333333333333333,0.333333333333333333333333333333,0.333333333333333333333333333333,2.56969e-40,CERTIFIED
atlas_A,0.1,0.1,0.1,0.9999999999,0.8999999999999999,0.900000001600270683017650621419450151601570782,0.900000001600270683017650621419450151602672808,0.900000001600270683017650621419450151602121795,1.0000000017780786,1.6002708047579972e-09,1.7780786719533304e-09,0.333333333333333333333333333333,0.333333333333333333333333333333,0.333333333333333333333333333333,2.56969e-40,CERTIFIED
atlas_A,0.316227766017,0.316227766017,0.316227766017,0.6666666766666667,2.846049894153,167583887105274061265115.992081944037532499582,167583887105274061265115.992081944037532499792,167583887105274061265115.992081944037532499687,5.888297582187959e+22,1.6758388710527406e+23,5.888297582187959e+22,0.333333333333333333333333333333,0.333333333333333333333333333333,0.333333333333333333333333333333,1.54578e-50,CERTIFIED
atlas_A,0.316227766017,0.316227766017,0.316227766017,0.6666667666666667,2.846049894153,167583872023057644383.749540240665996279472385,167583872023057644383.749540240665996279472406,167583872023057644383.749540240665996279472396,5.8882970522528915e+19,1.6758387202305763e+20,5.8882970522528915e+19,0.333333333333333333333333333333,0.333333333333333333333333333333,0.333333333333333333333333333333,1.54578e-50,CERTIFIED
atlas_A,0.316227766017,0.316227766017,0.316227766017,0.6666676666666667,2.846049894153,167583721200893475.117590581428096994987333876,167583721200893475.117590581428096994987333879,167583721200893475.117590581428096994987333877,5.888291752902221e+16,1.6758372120089347e+17,5.888291752902221e+16,0.333333333333333333333333333333,0.333333333333333333333333333333,0.333333333333333333333333333333,1.54578e-50,CERTIFIED
atlas_A,0.316227766017,0.316227766017,0.316227766017,0.6666766666666667,2.846049894153,167582212979251.329965894648654138272412881636,167582212979251.329965894648654138274216203226,167582212979251.329965894648654138273314540815,58882387593954.93,167582212979248.5,58882387593953.93,0.333333333333333333333333333333,0.333333333333333333333333333333,0.333333333333333333333333333333,1.32783e-40,CERTIFIED
atlas_A,0.316227766017,0.316227766017,0.316227766017,0.6667666666666666,2.846049894153,167567130762.377431687439219498342020547397167,167567130762.377431687439219498342020727907475,167567130762.377431687439219498342020637652321,58877088243.12314,167567130759.5314,58877088242.12314,0.333333333333333333333333333333,0.333333333333333333333333333333,0.333333333333333333333333333333,1.32799e-40,CERTIFIED
atlas_A,0.316227766017,0.316227766017,0.316227766017,0.6676666666666666,2.846049894153,167416308.141625567695297028618050664333356681,167416308.141625567695297028618050664357931547,167416308.141625567695297028618050664345642573,58824094.57598408,167416305.29557565,58824093.575984076,0.333333333333333333333333333333,0.333333333333333333333333333333,0.333333333333333333333333333333,1.32957e-40,CERTIFIED
atlas_A,0.316227766017,0.316227766017,0.316227766017,0.6766666666666666,2.846049894153,165907.63430531059882561270641329477745089691,165907.63430531059882561270641329477745282284,165907.634305310598825612706413294777451859875,58294.000623866654,165904.78825541647,58293.00062386666,0.333333333333333333333333333333,0.333333333333333333333333333333,0.333333333333333333333333333333,1.3461e-40,CERTIFIED
atlas_A,0.316227766017,0.316227766017,0.316227766017,0.7,2.846049894153,4373.50200363052931640182482160289758151030962,4373.50200363052931640182482160289758153438375,4373.50200363052931640182482160289758152234669,1536.6919647528202,4370.655953736376,1535.6919647528202,0.333333333333333333333333333333,0.333333333333333333333333333333,0.333333333333333333333333333333,1.39572e-40,CERTIFIED
atlas_A,0.316227766017,0.316227766017,0.316227766017,0.75,2.846049894153,265.040832203283064936446645245853463997234205,265.040832203283064936446645245853463997722035,265.040832203283064936446645245853463997481059,93.12585585649427,262.19478230913006,92.12585585649428,0.333333333333333333333333333333,0.333333333333333333333333333333,0.333333333333333333333333333333,1.5515e-40,CERTIFIED
atlas_A,0.316227766017,0.316227766017,0.316227766017,0.7666666666666667,2.846049894153,150.423846452513569854464081594928222253829982,150.423846452513569854464081594928222254147366,150.423846452513569854464081594928222253988674,52.85355213257093,147.57779655836057,51.85355213257093,0.333333333333333333333333333333,0.333333333333333333333333333333,0.333333333333333333333333333333,1.62732e-40,CERTIFIED
atlas_A,0.316227766017,0.316227766017,0.316227766017,0.8,2.846049894153,60.8942944869870096358733508146758704821159811,60.8942944869870096358733508146758704822019391,60.8942944869870096358733508146758704821593275,21.396074120868313,58.04824459283401,20.396074120868317,0.333333333333333333333333333333,0.333333333333333333333333333333,0.333333333333333333333333333333,1.84376e-40,CERTIFIED
atlas_A,0.316227766017,0.316227766017,0.316227766017,0.85,2.846049894153,21.8726669218435724622717025652718537988631684,21.8726669218435724622717025652718537988940252,21.8726669218435724622717025652718537988785968,7.685271775023817,19.02661702769057,6.685271775023816,0.333333333333333333333333333333,0.333333333333333333333333333333,0.333333333333333333333333333333,2.53436e-40,CERTIFIED
atlas_A,0.316227766017,0.316227766017,0.316227766017,0.9,2.846049894153,9.82542040558774016395712877880079763797849621,9.82542040558774016395712877880079763799116951,9.8254204055877401639571287788007976379849247,3.4523008278151917,6.979370511434741,2.452300827815192,0.333333333333333333333333333333,0.333333333333333333333333333333,0.333333333333333333333333333333,5.45696e-40,CERTIFIED
atlas_A,0.316227766017,0.316227766017,0.316227766017,0.9,2.846049894153,9.82542040558774016395712877880079763797849621,9.82542040558774016395712877880079763799116951,9.8254204055877401639571287788007976379849247,3.4523008278151917,6.979370511434741,2.452300827815192,0.333333333333333333333333333333,0.333333333333333333333333333333,0.333333333333333333333333333333,5.45696e-40,CERTIFIED
atlas_A,0.316227766017,0.316227766017,0.316227766017,0.95,2.846049894153,5.04878974510695408970048794289459496219966818,5.04878974510695408970048794289459496220453546,5.04878974510695408970048794289459496220214773,1.7739638913145273,2.202739850953954,0.7739638913145273,0.333333333333333333333333333333,0.333333333333333333333333333333,0.333333333333333333333333333333,1.63862e-40,CERTIFIED
atlas_A,0.316227766017,0.316227766017,0.316227766017,0.99,2.846049894153,3.17193554849978608543152267950912453022182843,3.17193554849978608543152267950912453022421615,3.17193554849978608543152267950912453022302229,1.1145045471677408,0.32588565434678607,0.11450454716774086,0.333333333333333333333333333333,0.333333333333333333333333333333,0.333333333333333333333333333333,2.87461e-40,CERTIFIED
atlas_A,0.316227766017,0.316227766017,0.316227766017,0.999,2.846049894153,2.87669663342731050274071826902213606944877119,2.87669663342731050274071826902213606945148033,2.87669663342731050274071826902213606945014872,1.0107681665515675,0.030646739274310608,0.010768166551567518,0.333333333333333333333333333333,0.333333333333333333333333333333,0.333333333333333333333333333333,3.1747e-40,CERTIFIED
atlas_A,0.316227766017,0.316227766017,0.316227766017,0.9999,2.846049894153,2.8490961503496099569686228039626865365180235,2.84909615034960995696862280396268653652073265,2.84909615034960995696862280396268653651940103,1.0010703453241871,0.003046256196610031,0.001070345324187162,0.333333333333333333333333333333,0.333333333333333333333333333333,0.333333333333333333333333333333,3.20833e-40,CERTIFIED
atlas_A,0.316227766017,0.316227766017,0.316227766017,0.99999,2.846049894153,2.84635433655023969125726478346789218753995189,2.84635433655023969125726478346789218754201819,2.846354336550239691257264783467892187541008,1.0001069701546221,0.00030444239723959043,0.00010697015462204122,0.333333333333333333333333333333,0.333333333333333333333333333333,0.333333333333333333333333333333,3.21174e-40,CERTIFIED
atlas_A,0.316227766017,0.316227766017,0.316227766017,0.999999,2.846049894153,2.84608033656145027265735718493390077437556454,2.84608033656145027265735718493390077437772267,2.84608033656145027265735718493390077437666656,1.0000106963720183,3.0442408450515046e-05,1.0696372018303943e-05,0.333333333333333333333333333333,0.333333333333333333333333333333,0.333333333333333333333333333333,3.21208e-40,CERTIFIED
atlas_A,0.316227766017,0.316227766017,0.316227766017,0.9999999,2.846049894153,2.8460529383755332403824568283287412418795288,2.84605293837553324038245682832874124188210019,2.84605293837553324038245682832874124188081449,1.0000010696307677,3.044222533166163e-06,1.0696307676897353e-06,0.333333333333333333333333333333,0.333333333333333333333333333333,0.333333333333333333333333333333,3.21211e-40,CERTIFIED
atlas_A,0.316227766017,0.316227766017,0.316227766017,0.99999999,2.846049894153,2.84605019857507020711945080015415448462323526,2.8460501985750702071194508001541544846259444,2.84605019857507020711945080015415448462456687,1.0000001069630124,3.044220702186351e-07,1.0696301243490068e-07,0.333333333333333333333333333333,0.333333333333333333333333333333,0.333333333333333333333333333333,3.21211e-40,CERTIFIED
atlas_A,0.316227766017,0.316227766017,0.316227766017,0.999999999,2.846049894153,2.84604992459520518954370716474517854475298099,2.84604992459520518954370716474517854475523096,2.84604992459520518954370716474517854475408302,1.0000000106963005,3.044220520109775e-08,1.0696300603738191e-08,0.333333333333333333333333333333,0.333333333333333333333333333333,0.333333333333333333333333333333,3.21211e-40,CERTIFIED
atlas_A,0.316227766017,0.316227766017,0.316227766017,0.9999999999,2.846049894153,2.84604989719722050064268928735493707031935343,2.84604989719722050064268928735493707032206258,2.84604989719722050064268928735493707032073096,1.00000000106963,3.044220431291933e-09,1.0696300291664105e-09,0.333333333333333333333333333333,0.333333333333333333333333333333,0.333333333333333333333333333333,3.21211e-40,CERTIFIED
atlas_A,1.0,1.0,1.0,0.6666666766666667,9.0,167583893340529149268195.360280920537714656263,167583893340529149268195.360280920537714656472,167583893340529149268195.360280920537714656368,1.8620432593392127e+22,1.6758389334052914e+23,1.8620432593392127e+22,0.333333333333333333333333333333,0.333333333333333333333333333333,0.333333333333333333333333333333,1.15933e-50,CERTIFIED
atlas_A,1.0,1.0,1.0,0.6666667666666667,9.0,167583934375608524415.36742004530207207884819,167583934375608524415.367420045302072078848211,167583934375608524415.367420045302072078848201,1.862043715284539e+19,1.6758393437560852e+20,1.862043715284539e+19,0.333333333333333333333333333333,0.333333333333333333333333333333,0.333333333333333333333333333333,1.15933e-50,CERTIFIED
atlas_A,1.0,1.0,1.0,0.6666676666666667,9.0,167584344726402276.257966699746638713488694441,167584344726402276.257966699746638713488694444,167584344726402276.257966699746638713488694443,1.862048274737803e+16,1.6758434472640227e+17,1.862048274737803e+16,0.333333333333333333333333333333,0.333333333333333333333333333333,0.333333333333333333333333333333,1.15934e-50,CERTIFIED
atlas_A,1.0,1.0,1.0,0.6666766666666667,9.0,167588448234340.165562030088626056953059290908,167588448234340.16556203008862605695486272882,167588448234340.16556203008862605695396101148,18620938692704.46,167588448234331.16,18620938692703.46,0.333333333333333333333333333333,0.333333333333333333333333333333,0.333333333333333333333333333333,9.95901e-41,CERTIFIED
atlas_A,1.0,1.0,1.0,0.6667666666666666,9.0,167629483314.089930560247897740703692574213709,167629483314.08993056024789774070369275478397,167629483314.089930560247897740703692664500417,18625498146.009995,167629483305.08994,18625498145.009995,0.333333333333333333333333333333,0.333333333333333333333333333333,0.333333333333333333333333333333,9.96275e-41,CERTIFIED
atlas_A,1.0,1.0,1.0,0.6676666666666666,9.0,168039834.482398572860210693770374427400158766,168039834.482398572860210693770374427424847647,168039834.482398572860210693770374427412503206,18671092.720266506,168039825.48239857,18671091.720266506,0.333333333333333333333333333333,0.333333333333333333333333333333,0.333333333333333333333333333333,1.00005e-40,CERTIFIED
atlas_A,1.0,1.0,1.0,0.6766666666666666,9.0,172143.716383259275555691308310764727445851721,172143.716383259275555691308310764727447895012,172143.716383259275555691308310764727446874871,19127.07959813992,172134.71638325928,19126.07959813992,0.333333333333333333333333333333,0.333333333333333333333333333333,0.333333333333333333333333333333,1.0406e-40,CERTIFIED
atlas_A,1.0,1.0,1.0,0.7,9.0,4935.48872732317803869647902651459797966812029,4935.48872732317803869647902651459797969567388,4935.48872732317803869647902651459797968185007,548.387636369242,4926.488727323178,547.387636369242,0.333333333333333333333333333333,0.333333333333333333333333333333,0.333333333333333333333333333333,1.17348e-40,CERTIFIED
atlas_A,1.0,1.0,1.0,0.75,9.0,355.611676355712141579508379731422559774362639,355.611676355712141579508379731422559775003283,355.6116763557121415795083797314225597746859,39.51240848396802,346.6116763557121,38.51240848396802,0.333333333333333333333333333333,0.333333333333333333333333333333,0.333333333333333333333333333333,1.67431e-40,CERTIFIED
atlas_A,1.0,1.0,1.0,0.7666666666666667,9.0,213.548423940685916596056730560372052057795022,213.548423940685916596056730560372052058250526,213.548423940685916596056730560372052058024243,23.727602660076215,204.54842394068592,22.727602660076215,0.333333333333333333333333333333,0.333333333333333333333333333333,0.333333333333333333333333333333,1.96309e-40,CERTIFIED
atlas_A,1.0,1.0,1.0,0.8,9.0,96.7154941467416273742783861443646213401263678,96.7154941467416273742783861443646213402615496,96.7154941467416273742783861443646213401939587,10.746166016304626,87.71549414674163,9.746166016304626,0.333333333333333333333333333333,0.333333333333333333333333333333,0.333333333333333333333333333333,2.99968e-40,CERTIFIED
atlas_A,1.0,1.0,1.0,0.85,9.0,41.1299975711176864408335975946652597636292854,41.1299975711176864408335975946652597636821827,41.1299975711176864408335975946652597636557341,4.569999730124187,32.129997571117684,3.569999730124187,0.333333333333333333333333333333,0.333333333333333333333333333333,0.333333333333333333333333333333,1.33657e-39,CERTIFIED
atlas_A,1.0,1.0,1.0,0.9,9.0,21.9349677272044052438195938705703957789676733,21.9349677272044052438195938705703957789919179,21.9349677272044052438195938705703957789797956,2.437218636356045,12.934967727204405,1.437218636356045,0.333333333333333333333333333333,0.333333333333333333333333333333,0.333333333333333333333333333333,1.26138e-40,CERTIFIED
atlas_A,1.0,1.0,1.0,0.9,9.0,21.9349677272044052438195938705703957789676733,21.9349677272044052438195938705703957789919179,21.9349677272044052438195938705703957789797956,2.437218636356045,12.934967727204405,1.437218636356045,0.333333333333333333333333333333,0.333333333333333333333333333333,0.333333333333333333333333333333,1.26138e-40,CERTIFIED
atlas_A,1.0,1.0,1.0,0.95,9.0,13.4172204387339389052043201934541348602808478,13.4172204387339389052043201934541348602935211,13.4172204387339389052043201934541348602872763,1.4908022709704376,4.417220438733938,0.4908022709704376,0.333333333333333333333333333333,0.333333333333333333333333333333,0.333333333333333333333333333333,1.5424e-40,CERTIFIED
atlas_A,1.0,1.0,1.0,0.99,9.0,9.69023780551587858353636336618204463294376184,9.69023780551587858353636336618204463295000666,9.69023780551587858353636336618204463294688425,1.0766930895017641,0.6902378055158778,0.07669308950176419,0.333333333333333333333333333333,0.333333333333333333333333333333,0.333333333333333333333333333333,1.83966e-40,CERTIFIED
atlas_A,1.0,1.0,1.0,0.999,9.0,9.06565375489746924228063408561833212821125238,9.06565375489746924228063408561833212821823187,9.06565375489746924228063408561833212821474213,1.0072948616552744,0.06565375489747005,0.00729486165527445,0.333333333333333333333333333333,0.333333333333333333333333333333,0.333333333333333333333333333333,1.91823e-40,CERTIFIED
atlas_A,1.0,1.0,1.0,0.9999,9.0,9.00653323243438166756986253352716882687099535,9.00653323243438166756986253352716882687834219,9.00653323243438166756986253352716882687466877,1.0007259147149314,0.006533232434382086,0.0007259147149313429,0.333333333333333333333333333333,0.333333333333333333333333333333,0.333333333333333333333333333333,1.92636e-40,CERTIFIED
atlas_A,1.0,1.0,1.0,0.99999,9.0,9.00065300330336507178997253557018981192174813,9.0006530033033650717899725355701898119276256,9.00065300330336507178997253557018981192468686,1.000072555922596,0.0006530033033644855,7.255592259605394e-05,0.333333333333333333333333333333,0.333333333333333333333333333333,0.333333333333333333333333333333,1.92718e-40,CERTIFIED
atlas_A,1.0,1.0,1.0,0.999999,9.0,9.0000652971324198551268413726971035569561195,9.00006529713241985512684137269710355696254799,9.00006529713241985512684137269710355695942558,1.0000072552369355,6.529713241931745e-05,7.2552369354797165e-06,0.333333333333333333333333333333,0.333333333333333333333333333333,0.333333333333333333333333333333,1.92726e-40,CERTIFIED
atlas_A,1.0,1.0,1.0,0.9999999,9.0,9.00000652968126430243349286721995564659987758,9.00000652968126430243349286721995564660685707,9.00000652968126430243349286721995564660336733,1.0000007255201406,6.529681265021736e-06,7.255201405579707e-07,0.333333333333333333333333333333,0.333333333333333333333333333333,0.333333333333333333333333333333,1.92727e-40,CERTIFIED
atlas_A,1.0,1.0,1.0,0.99999999,9.0,9.00000065296780665489593497347427457804656791,9.00000065296780665489593497347427457805336374,9.00000065296780665489593497347427457805005766,1.0000000725519784,6.529678060473998e-07,7.255197844971109e-08,0.333333333333333333333333333333,0.333333333333333333333333333333,0.333333333333333333333333333333,1.92727e-40,CERTIFIED
atlas_A,1.0,1.0,1.0,0.999999999,9.0,9.00000006529677746773760272544157819106150015,9.00000006529677746773760272544157819106774496,9.00000006529677746773760272544157819106462255,1.0000000072551976,6.529677776256904e-08,7.255197529174337e-09,0.333333333333333333333333333333,0.333333333333333333333333333333,0.333333333333333333333333333333,1.92727e-40,CERTIFIED
atlas_A,1.0,1.0,1.0,0.9999999999,9.0,9.00000000652967771479624184819568867448239069,9.00000000652967771479624184819568867448900285,9.00000000652967771479624184819568867448569677,1.0000000007255199,6.5296781315282715e-09,7.255197923920301e-10,0.333333333333333333333333333333,0.333333333333333333333333333333,0.333333333333333333333333333333,1.92727e-40,CERTIFIED
atlas_A,3.16227766017,3.16227766017,3.16227766017,0.6666666766666667,28.460498941530002,167583913058137019531016.604380561831112539714,167583913058137019531016.604380561831112539924,167583913058137019531016.604380561831112539819,5.888298494078611e+21,1.6758391305813703e+23,5.888298494078611e+21,0.333333333333333333333333333333,0.333333333333333333333333333333,0.333333333333333333333333333333,1.54578e-50,CERTIFIED
atlas_A,3.16227766017,3.16227766017,3.16227766017,0.6666667666666667,28.460498941530002,167584131551687227055.193848312382646438227201,167584131551687227055.193848312382646438227222,167584131551687227055.193848312382646438227211,5.888306171159419e+18,1.675841315516872e+20,5.888306171159419e+18,0.333333333333333333333333333333,0.333333333333333333333333333333,0.333333333333333333333333333333,1.54578e-50,CERTIFIED
atlas_A,3.16227766017,3.16227766017,3.16227766017,0.6666676666666667,28.460498941530002,167586316487189314.270061849770402558452982878,167586316487189314.270061849770402558452982881,167586316487189314.270061849770402558452982879,5888382941967499.0,1.6758631648718928e+17,5888382941967497.0,0.333333333333333333333333333333,0.333333333333333333333333333333,0.333333333333333333333333333333,1.5458e-50,CERTIFIED
atlas_A,3.16227766017,3.16227766017,3.16227766017,0.6666766666666667,28.460498941530002,167608165842222.157950040343680651151105755738,167608165842222.157950040343680651152909490918,167608165842222.157950040343680651152007621712,5889150650048.714,167608165842193.7,5889150650047.714,0.333333333333333333333333333333,0.333333333333333333333333333333,0.333333333333333333333333333333,1.32799e-40,CERTIFIED
atlas_A,3.16227766017,3.16227766017,3.16227766017,0.6667666666666666,28.460498941530002,167826659404.506505835283376983774790335741561,167826659404.506505835283376983774790516636833,167826659404.506505835283376983774790426189197,5896827731.280959,167826659376.046,5896827730.280959,0.333333333333333333333333333333,0.333333333333333333333333333333,0.333333333333333333333333333333,1.32957e-40,CERTIFIED
atlas_A,3.16227766017,3.16227766017,3.16227766017,0.6676666666666666,28.460498941530002,170011606.829269069690856482918496194719861071,170011606.829269069690856482918496194744941301,170011606.829269069690856482918496194732399645,5973598.958280577,170011578.36877015,5973597.958280577,0.333333333333333333333333333333,0.333333333333333333333333333333,0.333333333333333333333333333333,1.34564e-40,CERTIFIED
atlas_A,3.16227766017,3.16227766017,3.16227766017,0.6766666666666666,28.460498941530002,191871.536028321351014043462600267538549174556,191871.536028321351014043462600267538551518774,191871.53602832135101404346260026753855034516,6741.67857782491,191843.0755293798,6740.67857782491,0.333333333333333333333333333333,0.333333333333333333333333333333,0.333333333333333333333333333333,1.53432e-40,CERTIFIED
atlas_A,3.16227766017,3.16227766017,3.16227766017,0.7,28.460498941530002,6717.89406206071937447864611269162462705510423,6717.89406206071937447864611269162462709525912,6717.8940620607193744786461126916246270752287,236.04273684246147,6689.433563119189,235.04273684246144,0.333333333333333333333333333333,0.333333333333333333333333333333,0.333333333333333333333333333333,2.33035e-40,CERTIFIED
atlas_A,3.16227766017,3.16227766017,3.16227766017,0.75,28.460498941530002,644.718965562955040446454228950843607683883327,644.718965562955040446454228950843607685129351,644.718965562955040446454228950843607684506339,22.65311535428394,616.2584666214251,21.65311535428394,0.333333333333333333333333333333,0.333333333333333333333333333333,0.333333333333333333333333333333,1.69343e-39,CERTIFIED
atlas_A,3.16227766017,3.16227766017,3.16227766017,0.7666666666666667,28.460498941530002,415.368138798330328797221998474476672610425352,415.368138798330328797221998474476672611371625,415.36813879833032879722199847447667261089555,14.594548734077838,386.90763985680036,13.594548734077838,0.333333333333333333333333333333,0.333333333333333333333333333333,0.333333333333333333333333333333,1.87406e-40,CERTIFIED
atlas_A,3.16227766017,3.16227766017,3.16227766017,0.8,28.460498941530002,211.476112663083735664459689197121385722436222,211.476112663083735664459689197121385722747728,211.476112663083735664459689197121385722591975,7.430513185926425,183.01561372155373,6.430513185926425,0.333333333333333333333333333333,0.333333333333333333333333333333,0.333333333333333333333333333333,2.17377e-40,CERTIFIED
atlas_A,3.16227766017,3.16227766017,3.16227766017,0.85,28.460498941530002,102.844692336890505174155089960146386116959914,102.844692336890505174155089960146386117102442,102.844692336890505174155089960146386117030443,3.6135941449296918,74.3841933953605,2.6135941449296918,0.333333333333333333333333333333,0.333333333333333333333333333333,0.333333333333333333333333333333,2.60655e-40,CERTIFIED
atlas_A,3.16227766017,3.16227766017,3.16227766017,0.9,28.460498941530002,60.653801415731424715630436695072383653256634,60.6538014157314247156304366950723836533256943,60.6538014157314247156304366950723836532911641,2.1311573469017597,32.19330247420142,1.1311573469017597,0.333333333333333333333333333333,0.333333333333333333333333333333,0.333333333333333333333333333333,2.97452e-40,CERTIFIED
atlas_A,3.16227766017,3.16227766017,3.16227766017,0.9,28.460498941530002,60.653801415731424715630436695072383653256634,60.6538014157314247156304366950723836533256943,60.6538014157314247156304366950723836532911641,2.1311573469017597,32.19330247420142,1.1311573469017597,0.333333333333333333333333333333,0.333333333333333333333333333333,0.333333333333333333333333333333,2.97452e-40,CERTIFIED
atlas_A,3.16227766017,3.16227766017,3.16227766017,0.95,28.460498941530002,40.0597213507228891168124791827321483709943147,40.0597213507228891168124791827321483710310489,40.0597213507228891168124791827321483710126818,1.4075551322210702,11.599222409192887,0.40755513222107015,0.333333333333333333333333333333,0.333333333333333333333333333333,0.333333333333333333333333333333,3.20394e-40,CERTIFIED
atlas_A,3.16227766017,3.16227766017,3.16227766017,0.99,28.460498941530002,30.3366854496268694862204941569105354232313192,30.3366854496268694862204941569105354232533597,30.3366854496268694862204941569105354232423395,1.065922474231789,1.8761865080968683,0.06592247423178896,0.333333333333333333333333333333,0.333333333333333333333333333333,0.333333333333333333333333333333,3.23146e-40,CERTIFIED
atlas_A,3.16227766017,3.16227766017,3.16227766017,0.999,28.460498941530002,28.6402226999930829704983814530682325061512606,28.6402226999930829704983814530682325061751379,28.6402226999930829704983814530682325061630156,1.0063148491821001,0.17972375846307997,0.006314849182100047,0.333333333333333333333333333333,0.333333333333333333333333333333,0.333333333333333333333333333333,3.21455e-40,CERTIFIED
atlas_A,3.16227766017,3.16227766017,3.16227766017,0.9999,28.460498941530002,28.4783957625323612541062608252767844889477578,28.4783957625323612541062608252767844889723697,28.4783957625323612541062608252767844889602474,1.0006288301915973,0.017896821002359786,0.0006288301915973956,0.333333333333333333333333333333,0.333333333333333333333333333333,0.333333333333333333333333333333,3.21236e-40,CERTIFIED
atlas_A,3.16227766017,3.16227766017,3.16227766017,0.99999,28.460498941530002,28.4622878713424856443523984919374949812056514,28.4622878713424856443523984919374949812247532,28.4622878713424856443523984919374949812152023,1.0000628565864624,0.0017889298124842412,6.285658646250249e-05,0.333333333333333333333333333333,0.333333333333333333333333333333,0.333333333333333333333333333333,3.21214e-40,CERTIFIED
atlas_A,3.16227766017,3.16227766017,3.16227766017,0.999999,28.460498941530002,28.4606778269916189231321187533161875121598939,28.4606778269916189231321187533161875121789957,28.4606778269916189231321187533161875121694448,1.0000062853944334,0.00017888546161870522,6.285394433393884e-06,0.333333333333333333333333333333,0.333333333333333333333333333333,0.333333333333333333333333333333,3.21212e-40,CERTIFIED
atlas_A,3.16227766017,3.16227766017,3.16227766017,0.9999999,28.460498941530002,28.4605168300009688424860866102631510360254996,28.4605168300009688424860866102631510360486422,28.4605168300009688424860866102631510360368872,1.0000006285368013,1.7888470967619696e-05,6.285368012827267e-07,0.333333333333333333333333333333,0.333333333333333333333333333333,0.333333333333333333333333333333,3.21211e-40,CERTIFIED
atlas_A,3.16227766017,3.16227766017,3.16227766017,0.99999999,28.460498941530002,28.4605007303763449569967956034545784563687465,28.4605007303763449569967956034545784563915217,28.4605007303763449569967956034545784563801341,1.0000000628536536,1.788846343941941e-06,6.285365367687313e-08,0.333333333333333333333333333333,0.333333333333333333333333333333,0.333333333333333333333333333333,3.21211e-40,CERTIFIED
atlas_A,3.16227766017,3.16227766017,3.16227766017,0.999999999,28.460498941530002,28.4604991204146269764304078751942253973153609,28.46049912041462697643040787519422539733483,28.4604991204146269764304078751942253973249118,1.0000000062853651,1.7888462622295265e-07,6.2853650805791544e-09,0.333333333333333333333333333333,0.333333333333333333333333333333,0.333333333333333333333333333333,3.21211e-40,CERTIFIED
atlas_A,3.16227766017,3.16227766017,3.16227766017,0.9999999999,28.460498941530002,28.4604989594184626224503513171120576456769475,28.4604989594184626224503513171120576457015595,28.4604989594184626224503513171120576456890698,1.0000000006285363,1.7888460490667057e-08,6.285364331601348e-10,0.333333333333333333333333333333,0.333333333333333333333333333333,0.333333333333333333333333333333,3.21211e-40,CERTIFIED
atlas_A,10.0,10.0,10.0,0.6666666766666667,90.0,167583975410687899562525.979426608021692080182,167583975410687899562525.979426608021692080392,167583975410687899562525.979426608021692080287,1.8620441712298657e+21,1.675839754106879e+23,1.8620441712298657e+21,0.333333333333333333333333333333,0.333333333333333333333333333333,0.333333333333333333333333333333,1.54578e-50,CERTIFIED
atlas_A,10.0,10.0,10.0,0.6666667666666667,90.0,167584755077196028087.062148710249998450611251,167584755077196028087.062148710249998450611272,167584755077196028087.062148710249998450611261,1.862052834191067e+18,1.6758475507719602e+20,1.862052834191067e+18,0.333333333333333333333333333333,0.333333333333333333333333333333,0.333333333333333333333333333333,1.54578e-50,CERTIFIED
atlas_A,10.0,10.0,10.0,0.6666676666666667,90.0,167592551742278041.327787912339969610635679028,167592551742278041.327787912339969610635679031,167592551742278041.327787912339969610635679029,1862139463803089.5,1.6759255174227795e+17,1862139463803088.2,0.333333333333333333333333333333,0.333333333333333333333333333333,0.333333333333333333333333333333,1.54584e-50,CERTIFIED
atlas_A,10.0,10.0,10.0,0.6666766666666667,90.0,167670518393825.812683925819553599931214583596,167670518393825.812683925819553599933019184731,167670518393825.812683925819553599932116882548,1863005759931.398,167670518393735.8,1863005759930.398,0.333333333333333333333333333333,0.333333333333333333333333333333,0.333333333333333333333333333333,1.32837e-40,CERTIFIED
atlas_A,10.0,10.0,10.0,0.6667666666666666,90.0,168450185633.396484428705306880461937945935099,168450185633.396484428705306880461938127669718,168450185633.396484428705306880461938036802408,1871668729.259961,168450185543.39648,1871668728.259961,0.333333333333333333333333333333,0.333333333333333333333333333333,0.333333333333333333333333333333,1.33338e-40,CERTIFIED
atlas_A,10.0,10.0,10.0,0.6676666666666666,90.0,176247548.386776570822282798445831138464730772,176247548.386776570822282798445831138491034353,176247548.386776570822282798445831138477882563,1958306.0931864062,176247458.38677657,1958305.0931864062,0.333333333333333333333333333333,0.333333333333333333333333333333,0.333333333333333333333333333333,1.38594e-40,CERTIFIED
atlas_A,10.0,10.0,10.0,0.6766666666666666,90.0,254687.30599031425072492162772535362453443022,254687.305990314250724921627725353624537698282,254687.305990314250724921627725353624536064251,2829.8589554479363,254597.30599031426,2828.8589554479363,0.333333333333333333333333333333,0.333333333333333333333333333333,0.333333333333333333333333333333,2.18097e-40,CERTIFIED
atlas_A,10.0,10.0,10.0,0.7,90.0,12567.7261253253303493770711618772809704760805,12567.7261253253303493770711618772809705567665,12567.7261253253303493770711618772809705165175,139.64140139250367,12477.726125325331,138.64140139250367,0.333333333333333333333333333333,0.333333333333333333333333333333,0.333333333333333333333333333333,4.0222e-39,CERTIFIED
atlas_A,10.0,10.0,10.0,0.75,90.0,1644.95273243318034597960341275871055295493435,1644.95273243318034597960341275871055295822573,1644.95273243318034597960341275871055295658004,18.27725258259089,1554.9527324331802,17.27725258259089,0.333333333333333333333333333333,0.333333333333333333333333333333,0.333333333333333333333333333333,2.31757e-40,CERTIFIED
atlas_A,10.0,10.0,10.0,0.7666666666666667,90.0,1122.01632387022184454140324399740711224162691,1122.01632387022184454140324399740711224423651,1122.01632387022184454140324399740711224294346,12.466848043002464,1032.0163238702219,11.466848043002464,0.333333333333333333333333333333,0.333333333333333333333333333333,0.333333333333333333333333333333,2.58763e-40,CERTIFIED
atlas_A,10.0,10.0,10.0,0.8,90.0,620.052351099789704104458982546323684256030231,620.052351099789704104458982546323684257041156,620.052351099789704104458982546323684256535694,6.889470567775441,530.0523510997897,5.889470567775441,0.333333333333333333333333333333,0.333333333333333333333333333333,0.333333333333333333333333333333,3.07716e-40,CERTIFIED
atlas_A,10.0,10.0,10.0,0.85,90.0,324.453625184799487426635216731008756970504031,324.453625184799487426635216731008756970974229,324.45362518479948742663521673100875697073913,3.605040279831105,234.45362518479948,2.605040279831105,0.333333333333333333333333333333,0.333333333333333333333333333333,0.333333333333333333333333333333,3.59305e-40,CERTIFIED
atlas_A,10.0,10.0,10.0,0.9,90.0,198.082070159743101030662424802906155899324045,198.082070159743101030662424802906155899565021,198.082070159743101030662424802906155899444533,2.200911890663812,108.0820701597431,1.200911890663812,0.333333333333333333333333333333,0.333333333333333333333333333333,0.333333333333333333333333333333,3.69307e-40,CERTIFIED
atlas_A,10.0,10.0,10.0,0.9,90.0,198.082070159743101030662424802906155899324045,198.082070159743101030662424802906155899565021,198.082070159743101030662424802906155899444533,2.200911890663812,108.0820701597431,1.200911890663812,0.333333333333333333333333333333,0.333333333333333333333333333333,0.333333333333333333333333333333,3.69307e-40,CERTIFIED
atlas_A,10.0,10.0,10.0,0.95,90.0,131.157066735962338700579234918712414470206707,131.157066735962338700579234918712414470341889,131.157066735962338700579234918712414470274298,1.4573007415106927,41.15706673596233,0.45730074151069255,0.333333333333333333333333333333,0.333333333333333333333333333333,0.333333333333333333333333333333,3.30897e-40,CERTIFIED
atlas_A,10.0,10.0,10.0,0.99,90.0,96.9580249422201029398323784943454358522306604,96.9580249422201029398323784943454358523011901,96.9580249422201029398323784943454358522659252,1.07731138824689,6.958024942220106,0.07731138824689007,0.333333333333333333333333333333,0.333333333333333333333333333333,0.333333333333333333333333333333,2.73465e-40,CERTIFIED
atlas_A,10.0,10.0,10.0,0.999,90.0,90.6734466272137960044281855078195564436213724,90.6734466272137960044281855078195564436963102,90.6734466272137960044281855078195564436581066,1.0074827403023754,0.6734466272137922,0.007482740302375469,0.333333333333333333333333333333,0.333333333333333333333333333333,0.333333333333333333333333333333,2.58642e-40,CERTIFIED
atlas_A,10.0,10.0,10.0,0.9999,90.0,90.0671316757977058056418168214612246365591558,90.067131675797705805641816821461224636639971,90.0671316757977058056418168214612246366002981,1.0007459075088634,0.06713167579771095,0.000745907508863455,0.333333333333333333333333333333,0.333333333333333333333333333333,0.333333333333333333333333333333,2.57137e-40,CERTIFIED
atlas_A,10.0,10.0,10.0,0.99999,90.0,90.0067110479366693621707497198837773215528028,90.0067110479366693621707497198837773216159857,90.0067110479366693621707497198837773215851289,1.0000745671992963,0.0067110479366760956,7.456719929640106e-05,0.333333333333333333333333333333,0.333333333333333333333333333333,0.333333333333333333333333333333,2.56986e-40,CERTIFIED
atlas_A,10.0,10.0,10.0,0.999999,90.0,90.0006710836074289062585573991934303280444128,90.0006710836074289062585573991934303281075956,90.0006710836074289062585573991934303280752695,1.000007456484527,0.0006710836074290683,7.4564845269896475e-06,0.333333333333333333333333333333,0.333333333333333333333333333333,0.333333333333333333333333333333,2.56971e-40,CERTIFIED
atlas_A,10.0,10.0,10.0,0.9999999,90.0,90.0000671081488907000067892907017533107144482,90.0000671081488907000067892907017533107879166,90.0000671081488907000067892907017533107511824,1.0000007456460989,6.710814889743233e-05,7.456460988603593e-07,0.333333333333333333333333333333,0.333333333333333333333333333333,0.333333333333333333333333333333,2.56969e-40,CERTIFIED
atlas_A,10.0,10.0,10.0,0.99999999,90.0,90.0000067108127705582838387484245801939085839,90.0000067108127705582838387484245801939805829,90.0000067108127705582838387484245801939453181,1.0000000745645863,6.710812769483709e-06,7.456458632759677e-08,0.333333333333333333333333333333,0.333333333333333333333333333333,0.333333333333333333333333333333,2.56969e-40,CERTIFIED
atlas_A,10.0,10.0,10.0,0.999999999,90.0,90.0000006710812558707214047905177181102303972,90.0000006710812558707214047905177181102921107,90.0000006710812558707214047905177181102612539,1.0000000074564583,6.710812527899179e-07,7.456458364332422e-09,0.333333333333333333333333333333,0.333333333333333333333333333333,0.333333333333333333333333333333,2.56969e-40,CERTIFIED
atlas_A,10.0,10.0,10.0,0.9999999999,90.0,90.0000000671081253752210808775227059284467794,90.0000000671081253752210808775227059285246559,90.0000000671081253752210808775227059284864523,1.000000000745646,6.710813238441915e-08,7.45645915382435e-10,0.333333333333333333333333333333,0.333333333333333333333333333333,0.333333333333333333333333333333,2.56969e-40,CERTIFIED
atlas_A,31.6227766017,31.6227766017,31.6227766017,0.6666666766666667,284.6049894153,167584172586766602218624.920259551831819899922,167584172586766602218624.920259551831819900131,167584172586766602218624.920259551831819900027,5.888307612985139e+20,1.675841725867666e+23,5.888307612985139e+20,0.333333333333333333333333333333,0.333333333333333333333333333333,0.333333333333333333333333333333,1.54578e-50,CERTIFIED
atlas_A,31.6227766017,31.6227766017,31.6227766017,0.6666667666666667,284.6049894153,167586726837983082371.385282791491866100983496,167586726837983082371.385282791491866100983517,167586726837983082371.385282791491866100983507,5.888397360224699e+17,1.675867268379831e+20,5.888397360224699e+17,0.333333333333333333333333333333,0.333333333333333333333333333333,0.333333333333333333333333333333,1.5458e-50,CERTIFIED
atlas_A,31.6227766017,31.6227766017,31.6227766017,0.6666676666666667,284.6049894153,167612269350176303.098483232539493590506416557,167612269350176303.09848323253949359050641656,167612269350176303.098483232539493590506416559,588929483262128.9,1.67612269350176e+17,588929483262127.9,0.333333333333333333333333333333,0.333333333333333333333333333333,0.333333333333333333333333333333,1.54598e-50,CERTIFIED
atlas_A,31.6227766017,31.6227766017,31.6227766017,0.6666766666666667,284.6049894153,167867694500483.369463182300562428759307178887,167867694500483.369463182300562428761114591143,167867694500483.369463182300562428760210883399,589826955758.4187,167867694500198.78,589826955757.4187,0.333333333333333333333333333333,0.333333333333333333333333333333,0.333333333333333333333333333333,1.32957e-40,CERTIFIED
atlas_A,31.6227766017,31.6227766017,31.6227766017,0.6667666666666666,284.6049894153,170421973942.321971922557575219538785472445482,170421973942.321971922557575219538785657032623,170421973942.321971922557575219538785564739052,598801778.8881402,170421973657.71698,598801777.8881403,0.333333333333333333333333333333,0.333333333333333333333333333333,0.333333333333333333333333333333,1.3456e-40,CERTIFIED
atlas_A,31.6227766017,31.6227766017,31.6227766017,0.6676666666666666,284.6049894153,195988969.08354756697981085446491051869130456,195988969.083547566979810854464910518721506223,195988969.08354756697981085446491051870640385,688635.0428577956,195988684.47855815,688634.0428577956,0.333333333333333333333333333333,0.333333333333333333333333333333,0.333333333333333333333333333333,1.52879e-40,CERTIFIED
atlas_A,31.6227766017,31.6227766017,31.6227766017,0.6766666666666666,284.6049894153,461557.795760785195455509035843674772342493324,461557.795760785195455509035843674772348933153,461557.795760785195455509035843674772345713238,1621.7487849001582,461273.19077136985,1620.7487849001582,0.333333333333333333333333333333,0.333333333333333333333333333333,0.333333333333333333333333333333,1.54723e-39,CERTIFIED
atlas_A,31.6227766017,31.6227766017,31.6227766017,0.7,284.6049894153,33614.8356228142356832859525042089130632980361,33614.8356228142356832859525042089130635229787,33614.8356228142356832859525042089130634108836,118.11049304467024,33330.23063339894,117.11049304467025,0.333333333333333333333333333333,0.333333333333333333333333333333,0.333333333333333333333333333333,2.61459e-40,CERTIFIED
atlas_A,31.6227766017,31.6227766017,31.6227766017,0.75,284.6049894153,5570.61117569775544388745966526541477861580112,5570.61117569775544388745966526541477862868454,5570.61117569775544388745966526541477862219581,19.57313252709366,5286.006186282455,18.57313252709366,0.333333333333333333333333333333,0.333333333333333333333333333333,0.333333333333333333333333333333,5.30564e-40,CERTIFIED
atlas_A,31.6227766017,31.6227766017,31.6227766017,0.7666666666666667,284.6049894153,3935.99462766844430187669229404101912952328914,3935.99462766844430187669229404101912953396263,3935.99462766844430187669229404101912952860238,13.829675424013667,3651.389638253144,12.829675424013665,0.333333333333333333333333333333,0.333333333333333333333333333333,0.333333333333333333333333333333,6.21878e-40,CERTIFIED
atlas_A,31.6227766017,31.6227766017,31.6227766017,0.8,284.6049894153,2274.94486738547923484705721613164618295860691,2274.94486738547923484705721613164618296208637,2274.94486738547923484705721613164618296034664,7.993341480271256,1990.339877970179,6.993341480271256,0.333333333333333333333333333333,0.333333333333333333333333333333,0.333333333333333333333333333333,7.8317e-40,CERTIFIED
atlas_A,31.6227766017,31.6227766017,31.6227766017,0.85,284.6049894153,1224.09806556542105893839269127793381207638984,1224.09806556542105893839269127793381207817659,1224.09806556542105893839269127793381207728321,4.301042185100973,939.4930761501212,3.301042185100973,0.333333333333333333333333333333,0.333333333333333333333333333333,0.333333333333333333333333333333,8.76637e-40,CERTIFIED
atlas_A,31.6227766017,31.6227766017,31.6227766017,0.9,284.6049894153,742.004621707960272833527937295670488012453108,742.004621707960272833527937295670488013428768,742.00462170796027283352793729567048801293506,2.607138487741744,457.39963229266027,1.6071384877417438,0.333333333333333333333333333333,0.333333333333333333333333333333,0.333333333333333333333333333333,7.3099e-40,CERTIFIED
atlas_A,31.6227766017,31.6227766017,31.6227766017,0.9,284.6049894153,742.004621707960272833527937295670488012453108,742.004621707960272833527937295670488013428768,742.00462170796027283352793729567048801293506,2.607138487741744,457.39963229266027,1.6071384877417438,0.333333333333333333333333333333,0.333333333333333333333333333333,0.333333333333333333333333333333,7.3099e-40,CERTIFIED
atlas_A,31.6227766017,31.6227766017,31.6227766017,0.95,284.6049894153,468.407798607904271735481040199143289716443772,468.407798607904271735481040199143289716943357,468.407798607904271735481040199143289716696503,1.6458172415396288,183.8028091926043,0.6458172415396287,0.333333333333333333333333333333,0.333333333333333333333333333333,0.333333333333333333333333333333,4.77543e-40,CERTIFIED
atlas_A,31.6227766017,31.6227766017,31.6227766017,0.99,284.6049894153,317.153443545097118427035175860665572265892885,317.153443545097118427035175860665572266151494,317.153443545097118427035175860665572266022189,1.1143636104084664,32.54845412979711,0.11436361040846653,0.333333333333333333333333333333,0.333333333333333333333333333333,0.333333333333333333333333333333,2.95618e-40,CERTIFIED
atlas_A,31.6227766017,31.6227766017,31.6227766017,0.999,284.6049894153,287.790484875161393312511068549734447010866324,287.790484875161393312511068549734447011160198,287.790484875161393312511068549734447011013261,1.011192690143647,3.185495459861386,0.011192690143646995,0.333333333333333333333333333333,0.333333333333333333333333333333,0.333333333333333333333333333333,2.60705e-40,CERTIFIED
atlas_A,31.6227766017,31.6227766017,31.6227766017,0.9999,284.6049894153,284.922890112841218305314332205144337402205731,284.922890112841218305314332205144337402487849,284.92289011284121830531433220514433740234679,1.0011169891933178,0.3179006975412335,0.0011169891933178581,0.333333333333333333333333333333,0.333333333333333333333333333333,0.333333333333333333333333333333,2.57341e-40,CERTIFIED
atlas_A,31.6227766017,31.6227766017,31.6227766017,0.99999,284.6049894153,284.636773040190629142448095662250238502377045,284.636773040190629142448095662250238502612143,284.636773040190629142448095662250238502494594,1.0001116762743898,0.03178362489063602,0.0001116762743897538,0.333333333333333333333333333333,0.333333333333333333333333333333,0.333333333333333333333333333333,2.57006e-40,CERTIFIED
atlas_A,31.6227766017,31.6227766017,31.6227766017,0.999999,284.6049894153,284.608167713383951374346066286267646303237364,284.608167713383951374346066286267646303484217,284.60816771338395137434606628626764630336079,1.0000111674011425,0.003178298083980735,1.1167401142581212e-05,0.333333333333333333333333333333,0.333333333333333333333333333333,0.333333333333333333333333333333,2.56973e-40,CERTIFIED
atlas_A,31.6227766017,31.6227766017,31.6227766017,0.9999999,284.6049894153,284.605307244464387535718771437706988176950355,284.605307244464387535718771437706988177238351,284.605307244464387535718771437706988177091414,1.0000011167378513,0.0003178291643735065,1.1167378513864537e-06,0.333333333333333333333333333333,0.333333333333333333333333333333,0.333333333333333333333333333333,2.56969e-40,CERTIFIED
atlas_A,31.6227766017,31.6227766017,31.6227766017,0.99999999,284.6049894153,284.605021198209998721067432091111252436883274,284.605021198209998721067432091111252437188902,284.605021198209998721067432091111252437036088,1.0000001116737625,3.178291001404432e-05,1.1167376256944746e-07,0.333333333333333333333333333333,0.333333333333333333333333333333,0.333333333333333333333333333333,2.56969e-40,CERTIFIED
atlas_A,31.6227766017,31.6227766017,31.6227766017,0.999999999,284.6049894153,284.604992593590935471825211374903780002251848,284.60499259359093547182521137490378000250458,284.604992593590935471825211374903780002375275,1.000000011167376,3.1782909104549617e-06,1.1167375937380882e-08,0.333333333333333333333333333333,0.333333333333333333333333333333,0.333333333333333333333333333333,2.56969e-40,CERTIFIED
atlas_A,31.6227766017,31.6227766017,31.6227766017,0.9999999999,284.6049894153,284.604989733129092903179749331754925849811873,284.604989733129092903179749331754925850082237,284.604989733129092903179749331754925849947055,1.0000000011167376,3.178291194672056e-07,1.1167376936017957e-09,0.333333333333333333333333333333,0.333333333333333333333333333333,0.333333333333333333333333333333,2.56969e-40,CERTIFIED
atlas_A,100.0,100.0,100.0,0.6666666766666667,900.0,167584796112275403468106.895492395379548168307,167584796112275403468106.895492395379548168517,167584796112275403468106.895492395379548168412,1.8620532901363935e+20,1.675847961122754e+23,1.8620532901363935e+20,0.333333333333333333333333333333,0.333333333333333333333333333333,0.333333333333333333333333333333,1.54578e-50,CERTIFIED
atlas_A,100.0,100.0,100.0,0.6666667666666667,900.0,167592962093072027031.258096841068698108457554,167592962093072027031.258096841068698108457575,167592962093072027031.258096841068698108457565,1.862144023256356e+17,1.6759296209307202e+20,1.862144023256356e+17,0.333333333333333333333333333333,0.333333333333333333333333333333,0.333333333333333333333333333333,1.54584e-50,CERTIFIED
atlas_A,100.0,100.0,100.0,0.6666676666666667,900.0,167674621901997444.76970765706884332461998883,167674621901997444.769707657068843324619988833,167674621901997444.769707657068843324619988831,186305135446663.8,1.6767462190199654e+17,186305135446662.8,0.333333333333333333333333333333,0.333333333333333333333333333333,0.333333333333333333333333333333,1.54642e-50,CERTIFIED
atlas_A,100.0,100.0,100.0,0.6666766666666667,900.0,168491220945715.288271061861702340188602218118,168491220945715.288271061861702340190418619501,168491220945715.288271061861702340189510420425,187212467717.46143,168491220944815.28,187212467716.46143,0.333333333333333333333333333333,0.333333333333333333333333333333,0.333333333333333333333333333333,1.33338e-40,CERTIFIED
atlas_A,100.0,100.0,100.0,0.6667666666666666,900.0,176658121059.004580072024899822780089139198351,176658121059.004580072024899822780089332715398,176658121059.004580072024899822780089235956874,196286801.17667174,176658120159.00458,196286800.17667174,0.333333333333333333333333333333,0.333333333333333333333333333333,0.333333333333333333333333333333,1.38579e-40,CERTIFIED
atlas_A,100.0,100.0,100.0,0.6676666666666666,900.0,258943337.210860627880377760891736444268259594,258943337.210860627880377760891736444310740986,258943337.21086062788037776089173644428950029,287714.8191231785,258942437.21086064,287713.8191231785,0.333333333333333333333333333333,0.333333333333333333333333333333,0.333333333333333333333333333333,2.15561e-40,CERTIFIED
atlas_A,100.0,100.0,100.0,0.6766666666666666,900.0,1206166.51890174639398678798210219862418475904,1206166.51890174639398678798210219862420317575,1206166.51890174639398678798210219862419395536,1340.1850210019406,1205266.5189017465,1339.1850210019406,0.333333333333333333333333333333,0.333333333333333333333333333333,0.333333333333333333333333333333,2.50394e-40,CERTIFIED
atlas_A,100.0,100.0,100.0,0.7,900.0,119691.363271047568808631629925666219990549886,119691.363271047568808631629925666219991412041,119691.363271047568808631629925666219990981716,132.99040363449728,118791.36327104756,131.99040363449728,0.333333333333333333333333333333,0.333333333333333333333333333333,0.333333333333333333333333333333,9.01241e-40,CERTIFIED
atlas_A,100.0,100.0,100.0,0.75,900.0,22976.4994375260564374782389174475993902468326,22976.4994375260564374782389174475993903028801,22976.4994375260564374782389174475993902750444,25.529443819473396,22076.499437526058,24.529443819473396,0.333333333333333333333333333333,0.333333333333333333333333333333,0.333333333333333333333333333333,7.48075e-39,CERTIFIED
atlas_A,100.0,100.0,100.0,0.7666666666666667,900.0,16549.7725387393904055813492366018718670434583,16549.7725387393904055813492366018718670893496,16549.7725387393904055813492366018718670664039,18.38863615415488,15649.772538739391,17.38863615415488,0.333333333333333333333333333333,0.333333333333333333333333333333,0.333333333333333333333333333333,9.54774e-38,CERTIFIED
atlas_A,100.0,100.0,100.0,0.8,900.0,9774.56276314076679519773936315599621628478336,9774.56276314076679519773936315599621630377935,9774.56276314076679519773936315599621629418731,10.860625292378629,8874.562763140766,9.860625292378629,0.333333333333333333333333333333,0.333333333333333333333333333333,0.333333333333333333333333333333,2.55385e-40,CERTIFIED
atlas_A,100.0,100.0,100.0,0.85,900.0,5284.76158654492319141672596799620058027264991,5284.76158654492319141672596799620058028130155,5284.76158654492319141672596799620058027697573,5.871957318383248,4384.761586544923,4.871957318383248,0.333333333333333333333333333333,0.333333333333333333333333333333,0.333333333333333333333333333333,2.54854e-40,CERTIFIED
atlas_A,100.0,100.0,100.0,0.9,900.0,3123.10821423922611321674424257445045270993366,3123.10821423922611321674424257445045271435352,3123.10821423922611321674424257445045271214359,3.4701202380435845,2223.108214239226,2.4701202380435845,0.333333333333333333333333333333,0.333333333333333333333333333333,0.333333333333333333333333333333,6.42468e-39,CERTIFIED
atlas_A,100.0,100.0,100.0,0.9,900.0,3123.10821423922611321674424257445045270993366,3123.10821423922611321674424257445045271435352,3123.10821423922611321674424257445045271214359,3.4701202380435845,2223.108214239226,2.4701202380435845,0.333333333333333333333333333333,0.333333333333333333333333333333,0.333333333333333333333333333333,6.42468e-39,CERTIFIED
atlas_A,100.0,100.0,100.0,0.95,900.0,1830.57742932241796497056869428933138271284557,1830.5774293224179649705686942893313827150555,1830.57742932241796497056869428933138271395053,2.033974921469353,930.5774293224179,1.0339749214693532,0.333333333333333333333333333333,0.333333333333333333333333333333,0.333333333333333333333333333333,1.14269e-39,CERTIFIED
atlas_A,100.0,100.0,100.0,0.99,900.0,1070.62430367494497365011880511970732078090304,1070.624303674944973650118805119707320782008,1070.62430367494497365011880511970732078144376,1.1895825596388276,170.62430367494494,0.18958255963882772,0.333333333333333333333333333333,0.333333333333333333333333333333,0.333333333333333333333333333333,4.18667e-40,CERTIFIED
atlas_A,100.0,100.0,100.0,0.999,900.0,916.836507756516895252447429897912694410972421,916.8365077565168952524474298979126944122302,916.836507756516895252447429897912694411607188,1.0187072308405742,16.83650775651688,0.01870723084057431,0.333333333333333333333333333333,0.333333333333333333333333333333,0.333333333333333333333333333333,2.64074e-40,CERTIFIED
atlas_A,100.0,100.0,100.0,0.9999,900.0,901.681615656635754730906773573294272436136203,901.681615656635754730906773573294272437370472,901.681615656635754730906773573294272436759215,1.0018684618407063,1.6816156566356995,0.0018684618407063328,0.333333333333333333333333333333,0.333333333333333333333333333333,0.333333333333333333333333333333,2.57673e-40,CERTIFIED
atlas_A,100.0,100.0,100.0,0.99999,900.0,900.168141435296932906849237512817567588751901,900.168141435296932906849237512817567589739317,900.168141435296932906849237512817567589245609,1.0001868238169966,0.16814143529688863,0.00018682381699654292,0.333333333333333333333333333333,0.333333333333333333333333333333,0.333333333333333333333333333333,2.57039e-40,CERTIFIED
atlas_A,100.0,100.0,100.0,0.999999,900.0,900.016813942446548223039810741771536808095251,900.016813942446548223039810741771536809129686,900.016813942446548223039810741771536808612469,1.000018682158274,0.01681394244656076,1.86821582739564e-05,0.333333333333333333333333333333,0.333333333333333333333333333333,0.333333333333333333333333333333,2.56976e-40,CERTIFIED
atlas_A,100.0,100.0,100.0,0.9999999,900.0,900.001681392234043863027554760815426139012754,900.001681392234043863027554760815426140305797,900.001681392234043863027554760815426139659275,1.0000018682135934,0.001681392233990664,1.86821359332296e-06,0.333333333333333333333333333333,0.333333333333333333333333333333,0.333333333333333333333333333333,2.5697e-40,CERTIFIED
atlas_A,100.0,100.0,100.0,0.99999999,900.0,900.000168139203298497198398013533800698904998,900.000168139203298497198398013533800700092247,900.000168139203298497198398013533800699492745,1.000000186821337,0.00016813920331060217,1.868213370117802e-07,0.333333333333333333333333333333,0.333333333333333333333333333333,0.333333333333333333333333333333,2.56969e-40,CERTIFIED
atlas_A,100.0,100.0,100.0,0.999999999,900.0,900.0000168139201287910492843342318118216226,900.000016813920128791049284334231811822668789,900.000016813920128791049284334231811822151572,1.0000000186821336,1.6813920183267328e-05,1.8682133536963697e-08,0.333333333333333333333333333333,0.333333333333333333333333333333,0.333333333333333333333333333333,2.56969e-40,CERTIFIED
atlas_A,100.0,100.0,100.0,0.9999999999,900.0,900.000001681392010868518443366829539997874514,900.000001681392010868518443366829539999155803,900.000001681392010868518443366829539998509281,1.0000000018682134,1.6813920638014679e-06,1.8682134042238534e-09,0.333333333333333333333333333333,0.333333333333333333333333333333,0.333333333333333333333333333333,2.56969e-40,CERTIFIED
atlas_A,316.227766017,316.227766017,316.227766017,0.6666666766666667,2846.0498941530004,167586767873062460102111.924763944759053333368,167586767873062460102111.924763944759053333578,167586767873062460102111.924763944759053333473,5.888398802050418e+19,1.6758676787306246e+23,5.888398802050418e+19,0.333333333333333333333333333333,0.333333333333333333333333333333,0.333333333333333333333333333333,1.5458e-50,CERTIFIED
atlas_A,316.227766017,316.227766017,316.227766017,0.6666667666666667,2846.0498941530004,167612679700972638092.008007181190802075602161,167612679700972638092.008007181190802075602182,167612679700972638092.008007181190802075602172,5.8893092508785784e+16,1.6761267970097263e+20,5.8893092508785784e+16,0.333333333333333333333333333333,0.333333333333333333333333333333,0.333333333333333333333333333333,1.54598e-50,CERTIFIED
atlas_A,316.227766017,316.227766017,316.227766017,0.6666676666666667,2846.0498941530004,167871798011000381.052577600792026401366583035,167871798011000381.052577600792026401366583038,167871798011000381.052577600792026401366583037,58984137402468.1,1.6787179801099754e+17,58984137402467.1,0.333333333333333333333333333333,0.333333333333333333333333333333,0.333333333333333333333333333333,1.54782e-50,CERTIFIED
atlas_A,316.227766017,316.227766017,316.227766017,0.6666766666666667,2846.0498941530004,170463011561684.38651179876238141343666924906,170463011561684.386511798762381413438513903832,170463011561684.386511798762381413437591578062,59894597038.47359,170463011558838.3,59894597037.47359,0.333333333333333333333333333333,0.333333333333333333333333333333,0.333333333333333333333333333333,1.34559e-40,CERTIFIED
atlas_A,316.227766017,316.227766017,316.227766017,0.6667666666666666,2846.0498941530004,196401529262.628818156539112119958144887661086,196401529262.628818156539112119958145109570814,196401529262.62881815653911211995814499861595,69008463.15664433,196401526416.57892,69008462.15664433,0.333333333333333333333333333333,0.333333333333333333333333333333,0.333333333333333333333333333333,1.52826e-40,CERTIFIED
atlas_A,316.227766017,316.227766017,316.227766017,0.6676666666666666,2846.0498941530004,466710304.396941055248891123861829553656840519,466710304.396941055248891123861829553740638502,466710304.396941055248891123861829553698736429,163985.28548489715,466707458.3470469,163984.28548489715,0.333333333333333333333333333333,0.333333333333333333333333333333,0.333333333333333333333333333333,1.75622e-39,CERTIFIED
atlas_A,316.227766017,316.227766017,316.227766017,0.6766666666666666,2846.0498941530004,4248996.48087474083797878700489081993317152537,4248996.48087474083797878700489081993323960699,4248996.48087474083797878700489081993320561433,1492.9451832885961,4246150.430980587,1491.945183288596,0.333333333333333333333333333333,0.333333333333333333333333333333,0.333333333333333333333333333333,1.03009e-39,CERTIFIED
atlas_A,316.227766017,316.227766017,316.227766017,0.7,2846.0498941530004,514689.586211220084481786644088153159489078069,514689.586211220084481786644088153159492857707,514689.586211220084481786644088153159490967888,180.84348671069043,511843.53631706705,179.84348671069043,0.333333333333333333333333333333,0.333333333333333333333333333333,0.333333333333333333333333333333,3.10253e-40,CERTIFIED
atlas_A,316.227766017,316.227766017,316.227766017,0.75,2846.0498941530004,107513.887797083500046073509715735117542459514,107513.887797083500046073509715735117542728843,107513.887797083500046073509715735117542594931,37.776529504265845,104667.8379029305,36.776529504265845,0.333333333333333333333333333333,0.333333333333333333333333333333,0.333333333333333333333333333333,3.46148e-40,CERTIFIED
atlas_A,316.227766017,316.227766017,316.227766017,0.7666666666666667,2846.0498941530004,78229.1842644076726372145225980965860214528265,78229.1842644076726372145225980965860216649797,78229.1842644076726372145225980965860215581508,27.48693353026725,75383.13437025467,26.486933530267255,0.333333333333333333333333333333,0.333333333333333333333333333333,0.333333333333333333333333333333,3.50856e-40,CERTIFIED
atlas_A,316.227766017,316.227766017,316.227766017,0.8,2846.0498941530004,46662.6677007411792104523497101881577209224176,46662.6677007411792104523497101881577210096863,46662.6677007411792104523497101881577209660519,16.395590181537642,43816.617806588176,15.39559018153764,0.333333333333333333333333333333,0.333333333333333333333333333333,0.333333333333333333333333333333,3.55203e-40,CERTIFIED
atlas_A,316.227766017,316.227766017,316.227766017,0.85,2846.0498941530004,25140.8749932309297365980946315647659400167063,25140.8749932309297365980946315647659400629738,25140.874993230929736598094631564765940039652,8.83360303868214,22294.825099077927,7.83360303868214,0.333333333333333333333333333333,0.333333333333333333333333333333,0.333333333333333333333333333333,3.51907e-40,CERTIFIED
atlas_A,316.227766017,316.227766017,316.227766017,0.9,2846.0498941530004,14453.4753401049095881836162527332614531382843,14453.4753401049095881836162527332614531610419,14453.475340104909588183616252733261453149569,5.078433575531655,11607.425445951909,4.078433575531655,0.333333333333333333333333333333,0.333333333333333333333333333333,0.333333333333333333333333333333,3.35591e-40,CERTIFIED
atlas_A,316.227766017,316.227766017,316.227766017,0.9,2846.0498941530004,14453.4753401049095881836162527332614531382843,14453.4753401049095881836162527332614531610419,14453.475340104909588183616252733261453149569,5.078433575531655,11607.425445951909,4.078433575531655,0.333333333333333333333333333333,0.333333333333333333333333333333,0.333333333333333333333333333333,3.35591e-40,CERTIFIED
atlas_A,316.227766017,316.227766017,316.227766017,0.95,2846.0498941530004,7835.0765671918222204424387583714915432117528,7835.07656719182222044243875837149154322303754,7835.07656719182222044243875837149154321739517,2.752965288236306,4989.026673038822,1.7529652882363058,0.333333333333333333333333333333,0.333333333333333333333333333333,0.333333333333333333333333333333,1.47344e-38,CERTIFIED
atlas_A,316.227766017,316.227766017,316.227766017,0.99,2846.0498941530004,3781.12674842262708043275988189770294863605674,3781.12674842262708043275988189770294864169911,3781.12674842262708043275988189770294863887792,1.3285525163106497,935.0768542696264,0.3285525163106497,0.333333333333333333333333333333,0.333333333333333333333333333333,0.333333333333333333333333333333,6.21824e-40,CERTIFIED
atlas_A,316.227766017,316.227766017,316.227766017,0.999,2846.0498941530004,2938.7901551912218509707297655136598851626142,2938.79015519122185097072976551365988516849167,2938.79015519122185097072976551365988516557644,1.032585606186578,92.74026103822143,0.032585606186577916,0.333333333333333333333333333333,0.333333333333333333333333333333,0.333333333333333333333333333333,3.37455e-40,CERTIFIED
atlas_A,316.227766017,316.227766017,316.227766017,0.9999,2846.0498941530004,2855.31745504237434411161675384968710864308785,2855.31745504237434411161675384968710864887129,2855.31745504237434411161675384968710864595606,1.0032562889738557,9.267560889373726,0.003256288973855745,0.333333333333333333333333333333,0.333333333333333333333333333333,0.333333333333333333333333333333,3.22808e-40,CERTIFIED
atlas_A,316.227766017,316.227766017,316.227766017,0.99999,2846.0498941530004,2846.97658678788746384473397631042028229335013,2846.97658678788746384473397631042028229748787,2846.976586787887463844733976310420282295419,1.0003256066019048,0.9266926348868765,0.0003256066019048711,0.333333333333333333333333333333,0.333333333333333333333333333333,0.333333333333333333333333333333,3.21371e-40,CERTIFIED
atlas_A,316.227766017,316.227766017,316.227766017,0.999999,2846.0498941530004,2846.1425627831453868121839621875540126283896,2846.14256278314538681218396218755401263262138,2846.14256278314538681218396218755401263050549,1.000032560437656,0.09266863014499904,3.256043765619848e-05,0.333333333333333333333333333333,0.333333333333333333333333333333,0.333333333333333333333333333333,3.21227e-40,CERTIFIED
atlas_A,316.227766017,316.227766017,316.227766017,0.9999999,2846.0498941530004,2846.05916100968230213156912103521945369650587,2846.05916100968230213156912103521945370219527,2846.05916100968230213156912103521945369932706,1.0000032560415406,0.00926685668173377,3.2560415405126398e-06,0.333333333333333333333333333333,0.333333333333333333333333333333,0.333333333333333333333333333333,3.21213e-40,CERTIFIED
atlas_A,316.227766017,316.227766017,316.227766017,0.99999999,2846.0498941530004,2846.05082083860490904469710076018866076304795,2846.05082083860490904469710076018866076883139,2846.05082083860490904469710076018866076591616,1.0000003256041317,0.0009266856045542227,3.2560413169777167e-07,0.333333333333333333333333333333,0.333333333333333333333333333333,0.333333333333333333333333333333,3.21212e-40,CERTIFIED
atlas_A,316.227766017,316.227766017,316.227766017,0.999999999,2846.0498941530004,2846.04998682155985769398214770491060553535259,2846.04998682155985769398214770491060553953735,2846.04998682155985769398214770491060553746848,1.0000000325604128,9.266855931855389e-05,3.2560412770322336e-08,0.333333333333333333333333333333,0.333333333333333333333333333333,0.333333333333333333333333333333,3.21211e-40,CERTIFIED
atlas_A,316.227766017,316.227766017,316.227766017,0.9999999999,2846.0498941530004,2846.04990341985597943729453618242839605038868,2846.04990341985597943729453618242839605612509,2846.04990341985597943729453618242839605325688,1.0000000032560412,9.266855613532243e-06,3.256041165184881e-09,0.333333333333333333333333333333,0.333333333333333333333333333333,0.333333333333333333333333333333,3.21211e-40,CERTIFIED
atlas_A,1000.0,1000.0,1000.0,0.6666666766666667,8999.999999999998,167593003128151428806726.177676844107834942268,167593003128151428806726.177676844107834942478,167593003128151428806726.177676844107834942373,1.862144479201683e+19,1.6759300312815143e+23,1.862144479201683e+19,0.333333333333333333333333333333,0.333333333333333333333333333333,0.333333333333333333333333333333,1.54584e-50,CERTIFIED
atlas_A,1000.0,1000.0,1000.0,0.6666667666666667,8999.999999999998,167675032252817811839.787745126316569038340017,167675032252817811839.787745126316569038340038,167675032252817811839.787745126316569038340027,1.863055913920198e+16,1.676750322528178e+20,1.863055913920198e+16,0.333333333333333333333333333333,0.333333333333333333333333333333,0.333333333333333333333333333333,1.54642e-50,CERTIFIED
atlas_A,1000.0,1000.0,1000.0,0.6666676666666667,8999.999999999998,168495324480138533.07182681870617923996979818,168495324480138533.071826818706179239969798183,168495324480138533.071826818706179239969798181,18721702720015.395,1.6849532448012954e+17,18721702720014.4,0.333333333333333333333333333333,0.333333333333333333333333333333,0.333333333333333333333333333333,1.55226e-50,CERTIFIED
atlas_A,1000.0,1000.0,1000.0,0.6666766666666667,8999.999999999998,176699181401747.980051265052146255589154734595,176699181401747.980051265052146255591088947824,176699181401747.980051265052146255590121841209,19633242377.972,176699181392747.97,19633242376.972,0.333333333333333333333333333333,0.333333333333333333333333333333,0.333333333333333333333333333333,1.38578e-40,CERTIFIED
atlas_A,1000.0,1000.0,1000.0,0.6667666666666666,8999.999999999998,259371364228.722765660471947592669933303906795,259371364228.722765660471947592669933616604947,259371364228.722765660471947592669933460255871,28819040.46985809,259371355228.72278,28819039.46985809,0.333333333333333333333333333333,0.333333333333333333333333333333,0.333333333333333333333333333333,2.15318e-40,CERTIFIED
atlas_A,1000.0,1000.0,1000.0,0.6676666666666666,8999.999999999998,1216043602.85498449725846533241420948620226285,1216043602.85498449725846533241420948643850204,1216043602.85498449725846533241420948632037012,135115.95587277607,1216034602.8549845,135114.95587277607,0.333333333333333333333333333333,0.333333333333333333333333333333,0.333333333333333333333333333333,2.49436e-40,CERTIFIED
atlas_A,1000.0,1000.0,1000.0,0.6766666666666666,8999.999999999998,18209825.5327042895161874895872365742421021705,18209825.5327042895161874895872365742424099341,18209825.5327042895161874895872365742422562449,2023.313948078255,18200825.53270429,2022.313948078255,0.333333333333333333333333333333,0.333333333333333333333333333333,0.333333333333333333333333333333,2.57895e-40,CERTIFIED
atlas_A,1000.0,1000.0,1000.0,0.7,8999.999999999998,2480727.17662631033192327416748846236211778015,2480727.17662631033192327416748846236213650982,2480727.17662631033192327416748846236212716906,275.636352958479,2471727.17662631,274.636352958479,0.333333333333333333333333333333,0.333333333333333333333333333333,0.333333333333333333333333333333,3.01851e-40,CERTIFIED
atlas_A,1000.0,1000.0,1000.0,0.75,8999.999999999998,543353.181465311986475372410369323695818442645,543353.181465311986475372410369323695819706537,543353.181465311986475372410369323695819080609,60.37257571836801,534353.181465312,59.37257571836801,0.333333333333333333333333333333,0.333333333333333333333333333333,0.333333333333333333333333333333,3.24067e-40,CERTIFIED
atlas_A,1000.0,1000.0,1000.0,0.7666666666666667,8999.999999999998,397470.310567079645779594161052914785110668907,397470.310567079645779594161052914785111782335,397470.31056707964577959416105291478511122863,44.163367840786634,388470.31056707964,43.163367840786634,0.333333333333333333333333333333,0.333333333333333333333333333333,0.333333333333333333333333333333,3.26713e-40,CERTIFIED
atlas_A,1000.0,1000.0,1000.0,0.8,8999.999999999998,238161.55327151054571324469576828617440669433,238161.553271510545713244695768286174407127664,238161.553271510545713244695768286174406910997,26.46239480794562,229161.55327151055,25.46239480794562,0.333333333333333333333333333333,0.333333333333333333333333333333,0.333333333333333333333333333333,3.28826e-40,CERTIFIED
atlas_A,1000.0,1000.0,1000.0,0.85,8999.999999999998,127701.180344746806014524319356668303105937142,127701.180344746806014524319356668303106149296,127701.180344746806014524319356668303106042467,14.189020038305204,118701.18034474681,13.189020038305204,0.333333333333333333333333333333,0.333333333333333333333333333333,0.333333333333333333333333333333,3.2568e-40,CERTIFIED
atlas_A,1000.0,1000.0,1000.0,0.9,8999.999999999998,71804.399983384484618521346596599258448894413,71804.3999833844846185213465965992584490147837,71804.3999833844846185213465965992584489545984,7.9782666648205005,62804.39998338449,6.9782666648205,0.333333333333333333333333333333,0.333333333333333333333333333333,0.333333333333333333333333333333,3.13209e-40,CERTIFIED
atlas_A,1000.0,1000.0,1000.0,0.9,8999.999999999998,71804.399983384484618521346596599258448894413,71804.3999833844846185213465965992584490147837,71804.3999833844846185213465965992584489545984,7.9782666648205005,62804.39998338449,6.9782666648205,0.333333333333333333333333333333,0.333333333333333333333333333333,0.333333333333333333333333333333,3.13209e-40,CERTIFIED
atlas_A,1000.0,1000.0,1000.0,0.95,8999.999999999998,36426.3650924492314509452273290293970279594053,36426.3650924492314509452273290293970280210952,36426.3650924492314509452273290293970279902502,4.047373899161027,27426.365092449232,3.0473738991610264,0.333333333333333333333333333333,0.333333333333333333333333333333,0.333333333333333333333333333333,2.80262e-40,CERTIFIED
atlas_A,1000.0,1000.0,1000.0,0.99,8999.999999999998,14207.3812791488771462459131895961839509891766,14207.3812791488771462459131895961839510158839,14207.3812791488771462459131895961839510025302,1.578597919905431,5207.381279148878,0.578597919905431,0.333333333333333333333333333333,0.333333333333333333333333333333,0.333333333333333333333333333333,6.07831e-40,CERTIFIED
atlas_A,1000.0,1000.0,1000.0,0.999,8999.999999999998,9517.99467013994276845024901280482336876112097,9517.99467013994276845024901280482336879083747,9517.99467013994276845024901280482336877597922,1.0575549633488828,517.994670139944,0.05755496334888268,0.333333333333333333333333333333,0.333333333333333333333333333333,0.333333333333333333333333333333,2.80595e-40,CERTIFIED
atlas_A,1000.0,1000.0,1000.0,0.9999,8999.999999999998,9051.77872925376958909746811942774592464016162,9051.77872925376958909746811942774592466874964,9051.77872925376958909746811942774592465445563,1.005753192139308,51.77872925377051,0.005753192139307835,0.333333333333333333333333333333,0.333333333333333333333333333333,0.333333333333333333333333333333,2.59257e-40,CERTIFIED
atlas_A,1000.0,1000.0,1000.0,0.99999,8999.999999999998,9005.1776722064600853508392073473440185511535,9005.17767220646008535083920734734401857259452,9005.17767220646008535083920734734401856187401,1.0005752969118291,5.1776722064623755,0.000575296911829153,0.333333333333333333333333333333,0.333333333333333333333333333333,0.333333333333333333333333333333,2.57197e-40,CERTIFIED
atlas_A,1000.0,1000.0,1000.0,0.999999,8999.999999999998,9000.51776522011247832774438031769848518859378,9000.51776522011247832774438031769848520947056,9000.51776522011247832774438031769848519893813,1.0000575294689016,0.5177652201145975,5.7529468901621955e-05,0.333333333333333333333333333333,0.333333333333333333333333333333,0.333333333333333333333333333333,2.56992e-40,CERTIFIED
atlas_A,1000.0,1000.0,1000.0,0.9999999,8999.999999999998,9000.05177650201256787216213146099935872612905,9000.05177650201256787216213146099935875490515,9000.05177650201256787216213146099935874042306,1.0000057529446682,0.05177650201403594,5.7529446682262165e-06,0.333333333333333333333333333333,0.333333333333333333333333333333,0.333333333333333333333333333333,2.56971e-40,CERTIFIED
atlas_A,1000.0,1000.0,1000.0,0.99999999,8999.999999999998,9000.0051776500012766429219205883833295073462,9000.00517765000127664292192058838332953631038,9000.00517765000127664292192058838332952182829,1.0000005752944447,0.005177650002224254,5.75294444691584e-07,0.333333333333333333333333333333,0.333333333333333333333333333333,0.333333333333333333333333333333,2.56969e-40,CERTIFIED
atlas_A,1000.0,1000.0,1000.0,0.999999999,8999.999999999998,9000.00051776499812786950455800147238859233466,9000.0005177649981278695045580014723886135876,9000.00051776499812786950455800147238860286709,1.0000000575294445,0.0005177650000405265,5.75294444489474e-08,0.333333333333333333333333333333,0.333333333333333333333333333333,0.333333333333333333333333333333,2.56969e-40,CERTIFIED
atlas_A,1000.0,1000.0,1000.0,0.9999999999,8999.999999999998,9000.00005177649979278900923476814556855662206,9000.000051776499792789009234768145568585022,9000.00005177649979278900923476814556857072799,1.0000000057529446,5.1776502004940994e-05,5.7529446672156676e-09,0.333333333333333333333333333333,0.333333333333333333333333333333,0.333333333333333333333333333333,2.56969e-40,CERTIFIED
atlas_E,0.2,0.8,0.5,0.6666666766666667,4.197366596101029,167583888781075880401035.041510217412134126338,167583888781075880401035.041510217412134126548,167583888781075880401035.041510217412134126443,3.992595951393572e+22,1.6758388878107588e+23,3.992595951393572e+22,0.333333333333333339913069660398,0.333333335147132710727024190119,0.333333331519533949359906149483,3.11561e-50,CERTIFIED
atlas_E,0.2,0.8,0.5,0.6667666666666666,4.197366596101029,167583888284.709884324124686368960474323259405,167583888284.709884324124686368960474503772868,167583888284.709884324124686368960474413517714,39925959395.6792,167583888280.5125,39925959394.6792,0.333333333991366657874652075648,0.333351472643394393572329803777,0.333315193365238948553018120576,2.2151e-40,CERTIFIED
atlas_E,0.2,0.8,0.5,0.7,4.197366596101029,4523.10779581345831823754402801963424210956282,4523.10779581345831823754402801963424213391906,4523.10779581345831823754402801963424212178796,1077.6060875919234,4518.910429217357,1076.6060875919234,0.333408985221810907644627705037,0.339543759305999424385562179436,0.327047255472189667969810115527,4.08147e-40,CERTIFIED
atlas_E,0.2,0.8,0.5,0.7666666666666667,4.197366596101029,166.920552619662971186894976094116409673805697,166.920552619662971186894976094116409674137774,166.920552619662971186894976094116409673970266,39.76792324375883,162.72318602356194,38.76792324375883,0.334079551141841796782425504174,0.353324258290008332659658431308,0.312596190568149870557916064518,8.75456e-40,CERTIFIED
atlas_E,0.2,0.8,0.5,0.8,4.197366596101029,70.1602532354284454910067600348504925472858746,70.1602532354284454910067600348504925473813835,70.1602532354284454910067600348504925473328944,16.715302709227476,65.96288663932741,15.715302709227476,0.334736741839362607287812306622,0.361189697642968061716762301337,0.304073560517669330995425392041,1.65112e-39,CERTIFIED
atlas_E,0.2,0.8,0.5,0.9,4.197366596101029,12.8092116116175008764517800901644477884662108,12.8092116116175008764517800901644477884820065,12.8092116116175008764517800901644477884741086,3.0517257233418906,8.611845015516472,2.0517257233418906,0.338531617163558849154096909529,0.391096435459974876593990073917,0.270371947376466274251913016554,3.23609e-39,CERTIFIED
atlas_E,0.2,0.8,0.5,0.95,4.197366596101029,7.01925146926668546913514179758812165333904414,7.01925146926668546913514179758812165334556446,7.01925146926668546913514179758812165334235022,1.6722988827773422,2.821884873165657,0.6722988827773421,0.341646688590271213694182136107,0.41130324998322153575728274601,0.247050061426507250548535117884,2.03969e-39,CERTIFIED
atlas_E,0.2,0.8,0.5,0.99,4.197366596101029,4.62681653298330709815836241379855481770388078,4.62681653298330709815836241379855481770691135,4.62681653298330709815836241379855481770544198,1.1023141360302429,0.4294499368822784,0.10231413603024293,0.344472675259893831581282088519,0.431053579957517332547437336839,0.224473744782588835871280574642,1.31863e-38,CERTIFIED
atlas_E,0.2,0.8,0.5,0.99999,4.197366596101029,4.19777050963558180325495076190878354465164612,4.19777050963558180325495076190878354465486036,4.19777050963558180325495076190878354465320732,1.0000962302256202,0.0004039135345532685,9.623022562014654e-05,0.345140353078249449001337870397,0.436567024832407064862986201689,0.218292622089343486135675927913,2.35884e-39,CERTIFIED
atlas_E,0.2,0.8,0.5,0.9999999999,4.197366596101029,4.19736660013992005085134437519667303765616772,4.19736660013992005085134437519667303765993297,4.19736660013992005085134437519667303765809626,1.000000000962244,4.038890999424893e-09,9.622440420564301e-10,0.345140998493941278271000888412,0.436572667609973587720729983662,0.218286333896085134008269127925,2.5013e-39,CERTIFIED
atlas_E,0.5,0.5,0.5,0.6666666766666667,4.500000000000001,167583888781075885362995.145306348094150701946,167583888781075885362995.145306348094150702156,167583888781075885362995.145306348094150702051,3.724086417357241e+22,1.6758388878107588e+23,3.724086417357241e+22,0.333333333333333333333333333333,0.333333333333333333333333333333,0.333333333333333333333333333333,1.15933e-50,CERTIFIED
atlas_E,0.5,0.5,0.5,0.6667666666666666,4.500000000000001,167583888780.950912569986239911972387959880865,167583888780.950912569986239911972388140403794,167583888780.950912569986239911972388050142329,37240864173.54464,167583888776.45093,37240864172.54464,0.333333333333333333333333333333,0.333333333333333333333333333333,0.333333333333333333333333333333,9.96067e-41,CERTIFIED
atlas_E,0.5,0.5,0.5,0.7,4.500000000000001,4524.64908418550261621653399402467759774545333,4524.64908418550261621653399402467759776980957,4524.64908418550261621653399402467759775758443,1005.4775742634449,4520.149084185503,1004.4775742634449,0.333333333333333333333333333333,0.333333333333333333333333333333,0.333333333333333333333333333333,1.07863e-40,CERTIFIED
atlas_E,0.5,0.5,0.5,0.7666666666666667,4.500000000000001,167.486545441166682973238215441349402620873265,167.486545441166682973238215441349402621214159,167.486545441166682973238215441349402621043712,37.21923232025925,162.98654544116667,36.21923232025925,0.333333333333333333333333333333,0.333333333333333333333333333333,0.333333333333333333333333333333,1.38096e-40,CERTIFIED
atlas_E,0.5,0.5,0.5,0.8,4.500000000000001,70.6117426489206313474221808071653905831769008,70.6117426489206313474221808071653905832680016,70.6117426489206313474221808071653905832224512,15.691498366426803,66.11174264892063,14.691498366426803,0.333333333333333333333333333333,0.333333333333333333333333333333,0.333333333333333333333333333333,1.68245e-40,CERTIFIED
atlas_E,0.5,0.5,0.5,0.9,4.500000000000001,13.1346610530940292452290357748689596926461867,13.1346610530940292452290357748689596926608803,13.1346610530940292452290357748689596926535335,2.918813567354228,8.634661053094028,1.9188135673542281,0.333333333333333333333333333333,0.333333333333333333333333333333,0.333333333333333333333333333333,1.30453e-39,CERTIFIED
atlas_E,0.5,0.5,0.5,0.95,4.500000000000001,7.32684645271880596453948764203452506913665223,7.32684645271880596453948764203452506914326439,7.32684645271880596453948764203452506913995831,1.6281881006041787,2.8268464527188053,0.6281881006041788,0.333333333333333333333333333333,0.333333333333333333333333333333,0.333333333333333333333333333333,1.3483e-40,CERTIFIED
atlas_E,0.5,0.5,0.5,0.99,4.500000000000001,4.92971016060241924889851377031797302427686578,4.92971016060241924889851377031797302428017186,4.92971016060241924889851377031797302427851882,1.0954911468005375,0.4297101606024185,0.09549114680053743,0.333333333333333333333333333333,0.333333333333333333333333333333,0.333333333333333333333333333333,1.77391e-40,CERTIFIED
atlas_E,0.5,0.5,0.5,0.99999,4.500000000000001,4.50040402762499424804180789346911663819898223,4.50040402762499424804180789346911663820192096,4.5004040276249942480418078934691166382004516,1.0000897839166651,0.0004040276249934749,8.978391666521662e-05,0.333333333333333333333333333333,0.333333333333333333333333333333,0.333333333333333333333333333333,1.9271e-40,CERTIFIED
atlas_E,0.5,0.5,0.5,0.9999999999,4.500000000000001,4.5000000040400319674525989914556439696569617,4.50000000404003196745259899145564396966072695,4.50000000404003196745259899145564396965889024,1.0000000008977847,4.040031420515788e-09,8.977847601146195e-10,0.333333333333333333333333333333,0.333333333333333333333333333333,0.333333333333333333333333333333,1.92727e-40,CERTIFIED
atlas_E,1.0,1.0,1.0,0.6666666766666667,9.0,167583893340529149268195.360280920537714656263,167583893340529149268195.360280920537714656472,167583893340529149268195.360280920537714656368,1.8620432593392127e+22,1.6758389334052914e+23,1.8620432593392127e+22,0.333333333333333333333333333333,0.333333333333333333333333333333,0.333333333333333333333333333333,1.15933e-50,CERTIFIED
atlas_E,1.0,1.0,1.0,0.6667666666666666,9.0,167629483314.089930560247897740703692574213709,167629483314.08993056024789774070369275478397,167629483314.089930560247897740703692664500417,18625498146.009995,167629483305.08994,18625498145.009995,0.333333333333333333333333333333,0.333333333333333333333333333333,0.333333333333333333333333333333,9.96275e-41,CERTIFIED
atlas_E,1.0,1.0,1.0,0.7,9.0,4935.48872732317803869647902651459797966812029,4935.48872732317803869647902651459797969567388,4935.48872732317803869647902651459797968185007,548.387636369242,4926.488727323178,547.387636369242,0.333333333333333333333333333333,0.333333333333333333333333333333,0.333333333333333333333333333333,1.17348e-40,CERTIFIED
atlas_E,1.0,1.0,1.0,0.7666666666666667,9.0,213.548423940685916596056730560372052057795022,213.548423940685916596056730560372052058250526,213.548423940685916596056730560372052058024243,23.727602660076215,204.54842394068592,22.727602660076215,0.333333333333333333333333333333,0.333333333333333333333333333333,0.333333333333333333333333333333,1.96309e-40,CERTIFIED
atlas_E,1.0,1.0,1.0,0.8,9.0,96.7154941467416273742783861443646213401263678,96.7154941467416273742783861443646213402615496,96.7154941467416273742783861443646213401939587,10.746166016304626,87.71549414674163,9.746166016304626,0.333333333333333333333333333333,0.333333333333333333333333333333,0.333333333333333333333333333333,2.99968e-40,CERTIFIED
atlas_E,1.0,1.0,1.0,0.9,9.0,21.9349677272044052438195938705703957789676733,21.9349677272044052438195938705703957789919179,21.9349677272044052438195938705703957789797956,2.437218636356045,12.934967727204405,1.437218636356045,0.333333333333333333333333333333,0.333333333333333333333333333333,0.333333333333333333333333333333,1.26138e-40,CERTIFIED
atlas_E,1.0,1.0,1.0,0.95,9.0,13.4172204387339389052043201934541348602808478,13.4172204387339389052043201934541348602935211,13.4172204387339389052043201934541348602872763,1.4908022709704376,4.417220438733938,0.4908022709704376,0.333333333333333333333333333333,0.333333333333333333333333333333,0.333333333333333333333333333333,1.5424e-40,CERTIFIED
atlas_E,1.0,1.0,1.0,0.99,9.0,9.69023780551587858353636336618204463294376184,9.69023780551587858353636336618204463295000666,9.69023780551587858353636336618204463294688425,1.0766930895017641,0.6902378055158778,0.07669308950176419,0.333333333333333333333333333333,0.333333333333333333333333333333,0.333333333333333333333333333333,1.83966e-40,CERTIFIED
atlas_E,1.0,1.0,1.0,0.99999,9.0,9.00065300330336507178997253557018981192174813,9.0006530033033650717899725355701898119276256,9.00065300330336507178997253557018981192468686,1.000072555922596,0.0006530033033644855,7.255592259605394e-05,0.333333333333333333333333333333,0.333333333333333333333333333333,0.333333333333333333333333333333,1.92718e-40,CERTIFIED
atlas_E,1.0,1.0,1.0,0.9999999999,9.0,9.00000000652967771479624184819568867448239069,9.00000000652967771479624184819568867448900285,9.00000000652967771479624184819568867448569677,1.0000000007255199,6.5296781315282715e-09,7.255197923920301e-10,0.333333333333333333333333333333,0.333333333333333333333333333333,0.333333333333333333333333333333,1.92727e-40,CERTIFIED
atlas_E,1.01,0.99,1.005,0.6666666766666667,9.014837402241936,167583893355727326808573.297600983967789226982,167583893355727326808573.297600983967789227192,167583893355727326808573.297600983967789227087,1.8589785470123976e+22,1.6758389335572732e+23,1.8589785470123976e+22,0.33333333335348665942531508534,0.333333333262796692027846541379,0.333333333383716648546838373281,7.72889e-51,CERTIFIED
atlas_E,1.01,0.99,1.005,0.6667666666666666,9.014837402241936,167629635295.269424966500885689796952805013352,167629635295.269424966500885689796952985605701,167629635295.269424966500885689796952895309526,18594859542.733513,167629635286.2546,18594859541.733513,0.333333534848870385678271405264,0.333332628030597985140527412197,0.33333383712053162918120118254,9.9627e-41,CERTIFIED
atlas_E,1.01,0.99,1.005,0.7,9.014837402241936,4936.85607136025849882518500317226157646736158,4936.85607136025849882518500317226157649482113,4936.85607136025849882518500317226157648109135,547.6367294359067,4927.841233958016,546.6367294359067,0.333398651165587647293113248471,0.333104883217092726275543135241,0.333496465617319626431343616288,1.37982e-40,CERTIFIED
atlas_E,1.01,0.99,1.005,0.7666666666666667,9.014837402241936,213.701105370977227948801032176485220984704298,213.701105370977227948801032176485220985159802,213.701105370977227948801032176485220984933519,23.705486392669826,204.68626796873528,22.705486392669826,0.333519887619669904907062353658,0.332681560418409512118529846778,0.333798551961920582974407799563,1.93989e-40,CERTIFIED
atlas_E,1.01,0.99,1.005,0.8,9.014837402241936,96.801833857410186981667363738812315682753481,96.8018338574101869816673637388123156828901322,96.8018338574101869816673637388123156828225413,10.73805655477892,87.78699645516825,9.73805655477892,0.333576818423221122890485416549,0.332482999495444387052770936456,0.333940182081334490056743646995,3.90311e-40,CERTIFIED
atlas_E,1.01,0.99,1.005,0.9,9.014837402241936,21.963937380296862491502554991208473025298774,21.9639373802968624915025549912084730253222839,21.9639373802968624915025549912084730253105289,2.4364208027573033,12.949099978054926,1.4364208027573035,0.333737705485735193282202728069,0.331922213814045820962481963768,0.334340080700218985755315308163,1.7126e-40,CERTIFIED
atlas_E,1.01,0.99,1.005,0.95,9.014837402241936,13.4372641184063819916248691722592987858629366,13.4372641184063819916248691722592987858750589,13.4372641184063819916248691722592987858689978,1.4905719891369993,4.422426716164447,0.4905719891369994,0.3338146284039780914020585504,0.331654082367920182449916477528,0.334531289228101726148024972072,2.52428e-40,CERTIFIED
atlas_E,1.01,0.99,1.005,0.99,9.014837402241936,9.70592537329566710119343213481673364285229625,9.70592537329566710119343213481673364285945942,9.70592537329566710119343213481673364285596967,1.0766611687174592,0.6910879710537312,0.07666116871745926,0.333875376540124059993198154062,0.331442237890112173048174506159,0.334682385569763766958627339779,2.99114e-40,CERTIFIED
atlas_E,1.01,0.99,1.005,0.99999,9.014837402241936,9.01549121736761730630030030883580561260555544,9.01549121736761730630030030883580561261198393,9.01549121736761730630030030883580561260867785,1.0000725265577746,0.0006538151256822999,7.252655777459725e-05,0.333890499809322273146426153124,0.331389479983604966699733103101,0.334720020207072760153840743775,3.45427e-40,CERTIFIED
atlas_E,1.01,0.99,1.005,0.9999999999,9.014837402241936,9.01483740877973180254523148911584363095236514,9.01483740877973180254523148911584363095916097,9.01483740877973180254523148911584363095585489,1.000000000725226,6.537796082284331e-09,7.252261788613537e-10,0.333890514943853009524439974994,0.331389427181961316155862114527,0.334720057874185674319697910479,2.57899e-40,CERTIFIED
atlas_E,1.5,4.0,2.0,0.6666666766666667,21.519935350196494,167583907018888844501249.931389734226909245724,167583907018888844501249.931389734226909245934,167583907018888844501249.931389734226909245829,7.787379668747875e+21,1.6758390701888886e+23,7.787379668747875e+21,0.333333330310334685375659513221,0.333333342402329459976775172353,0.333333327287335854647565314427,8.29731e-50,CERTIFIED
atlas_E,1.5,4.0,2.0,0.6667666666666666,21.519935350196494,167766257275.863380453894234370770342874641657,167766257275.863380453894234370770343055426488,167766257275.86338045389423437077034296503565,7795853219.156234,167766257254.34344,7795853218.156234,0.333303132553511806763242757372,0.333423953918393037427382021254,0.333272913528095155809375221373,7.0716e-40,CERTIFIED
atlas_E,1.5,4.0,2.0,0.7,21.519935350196494,6146.59934976459684978906617187883594267853386,6146.59934976459684978906617187883594271379869,6146.59934976459684978906617187883594269621329,285.6235044269533,6125.0794144144,284.6235044269533,0.325614750182777874435350073923,0.357724371936849770458263607082,0.316660877880372355106386318995,2.21289e-39,CERTIFIED
atlas_E,1.5,4.0,2.0,0.7666666666666667,21.519935350196494,346.784665988455280555105309556585358136244748,346.784665988455280555105309556585358137008819,346.784665988455280555105309556585358136626784,16.114577499661905,325.2647306382588,15.114577499661907,0.31696059928868881971986135527,0.387828537853744866942528452798,0.295210862857566313337610191932,1.36058e-39,CERTIFIED
atlas_E,1.5,4.0,2.0,0.8,21.519935350196494,171.720985370571184949355357396862216175532628,171.720985370571184949355357396862216175779482,171.720985370571184949355357396862216175656055,7.979623664111204,150.20105002037468,6.9796236641112035,0.314087256405101496993488013729,0.398224550520319468828098278332,0.287688193074579034178413707939,1.89571e-39,CERTIFIED
atlas_E,1.5,4.0,2.0,0.9,21.519935350196494,46.8037991886828999378662872675909018829390361,46.8037991886828999378662872675909018829919334,46.8037991886828999378662872675909018829654847,2.1749042656048476,25.283863838486408,1.1749042656048474,0.308127005854648583486622451082,0.419702176670592012528634761838,0.27217081747475940398474278708,1.3065e-39,CERTIFIED
atlas_E,1.5,4.0,2.0,0.95,21.519935350196494,30.4967701191560781933140550847239149358853312,30.4967701191560781933140550847239149359110452,30.4967701191560781933140550847239149358981882,1.4171404152883582,8.976834768959584,0.4171404152883581,0.30617778364046443511393745731,0.426557694294271676488294001381,0.26726452206526388839776854131,1.37629e-39,CERTIFIED
atlas_E,1.5,4.0,2.0,0.99,21.519935350196494,22.9568682762207317147697718008738887081361973,22.9568682762207317147697718008738887081486869,22.9568682762207317147697718008738887081424421,1.0667721767115401,1.4369329260242374,0.06677217671154002,0.305066711319938319894165482156,0.430406195893771281038150680169,0.264527092786290399067683837675,1.02104e-39,CERTIFIED
atlas_E,1.5,4.0,2.0,0.99999,21.519935350196494,21.5213019952084637929238752539775478727286581,21.5213019952084637929238752539775478727418824,21.5213019952084637929238752539775478727352703,1.0000635059998895,0.0013666450119700357,6.350599988942612e-05,0.304856035008724197553739582511,0.431130585769394611974894200856,0.264013379221881190471366216634,1.35106e-39,CERTIFIED
atlas_E,1.5,4.0,2.0,0.9999999999,21.519935350196494,21.5199353638622683207456965509402934163789337,21.5199353638622683207456965509402934163936274,21.5199353638622683207456965509402934163862806,1.0000000006350285,1.366577251360468e-08,6.350285115275636e-10,0.304855838346999716340316994625,0.431131261149412459958991692386,0.264012900503587823700691312989,1.54778e-39,CERTIFIED
atlas_E,3.0,0.5,1.0,0.6666666766666667,11.827804920294026,167583897899982316690843.001441598265542663867,167583897899982316690843.001441598265542664077,167583897899982316690843.001441598265542663972,1.4168638984943315e+22,1.675838978999823e+23,1.4168638984943315e+22,0.333333330310334575713409440819,0.333333327287335635323048594181,0.333333342402329788963541965,1.08824e-49,CERTIFIED
atlas_E,3.0,0.5,1.0,0.6667666666666666,11.827804920294026,167675068203.095420247260272763661054593397483,167675068203.095420247260272763661054773999298,167675068203.095420247260272763661054683696813,14176347118.762524,167675068191.2676,14176347117.762524,0.333303121608303612935671766262,0.333272891621135441927640778886,0.333423986770560945136687454851,8.68483e-40,CERTIFIED
atlas_E,3.0,0.5,1.0,0.7,11.827804920294026,5320.73992870934270764611793875784610583664343,5320.73992870934270764611793875784610586664205,5320.73992870934270764611793875784610585159572,449.85015939686934,5308.9121237890495,448.85015939686934,0.324908302838068429319987795333,0.314895390530730211805521431143,0.360196306631201358874490773524,1.28506e-39,CERTIFIED
atlas_E,3.0,0.5,1.0,0.7666666666666667,11.827804920294026,252.412737444793230840977560610188076075648015,252.412737444793230840977560610188076076165233,252.412737444793230840977560610188076075906624,21.340623991160527,240.5849325244992,20.340623991160527,0.313929492366655133463656202128,0.284837952135402835443477517743,0.401232555497942031092866280129,1.59168e-39,CERTIFIED
atlas_E,3.0,0.5,1.0,0.8,11.827804920294026,117.740718339765960198258621883153850691426925,117.740718339765960198258621883153850691585616,117.74071833976596019825862188315385069150627,9.954570533856849,105.91291341947193,8.954570533856849,0.30993801953138100300141059425,0.27190055681896078400060603433,0.418161423649658212997983371419,1.77263e-39,CERTIFIED
atlas_E,3.0,0.5,1.0,0.9,11.827804920294026,28.1773900427374728502172325456634434991786027,28.1773900427374728502172325456634434992087247,28.1773900427374728502172325456634434991936637,2.3823008776878787,16.349585122443443,1.3823008776878787,0.300291031097233320197224929912,0.237550434541059108432760392203,0.462158534361707571370014677885,1.21177e-39,CERTIFIED
atlas_E,3.0,0.5,1.0,0.95,11.827804920294026,17.484354730416879749952505637717036026651799,17.4843547304168797499525056377170360266675947,17.4843547304168797499525056377170360266595132,1.4782417234847527,5.656549810122852,0.47824172348475263,0.295756105669311970935169558933,0.221593484283242176085701237658,0.482650410047445852979129203409,1.34373e-39,CERTIFIED
atlas_E,3.0,0.5,1.0,0.99,11.827804920294026,12.7188300727759693993939069120084305038681037,12.7188300727759693993939069120084305038761853,12.7188300727759693993939069120084305038721445,1.0753330950659434,0.8910251524819426,0.07533309506594336,0.291830237789299024157526561827,0.20883788508491819528645067407,0.499331877125782780556022764103,1.25613e-39,CERTIFIED
atlas_E,3.0,0.5,1.0,0.99999,11.827804920294026,11.8286493772331364087569426975237701705500028,11.8286493772331364087569426975237701705575333,11.8286493772331364087569426975237701705538598,1.0000713959136798,0.0008444569391095058,7.139591367968838e-05,0.290769962013761272795215214761,0.205607893946444613722524872839,0.503622144039794113482259912399,1.33856e-39,CERTIFIED
atlas_E,3.0,0.5,1.0,0.9999999999,11.827804920294026,11.8278049287381523131872104085175683550295048,11.8278049287381523131872104085175683550386883,11.8278049287381523131872104085175683550340966,1.0000000007139216,8.444125398909819e-09,7.139215987931518e-10,0.290768879945131825138162022722,0.205604646792040243988502003098,0.50362647326282793087333597418,1.59484e-39,CERTIFIED
atlas_E,3.0,3.0,3.0,0.6666666766666667,27.0,167583911578342204889003.720177917980101109504,167583911578342204889003.720177917980101109714,167583911578342204889003.720177917980101109609,6.206811539938601e+21,1.6758391157834222e+23,6.206811539938601e+21,0.333333333333333333333333333333,0.333333333333333333333333333333,0.333333333333333333333333333333,1.54578e-50,CERTIFIED
atlas_E,3.0,3.0,3.0,0.6667666666666666,27.0,167811861454.133096941826258380480303344742553,167811861454.133096941826258380480303525587338,167811861454.133096941826258380480303435164946,6215254127.930855,167811861427.1331,6215254126.930855,0.333333333333333333333333333333,0.333333333333333333333333333333,0.333333333333333333333333333333,1.32948e-40,CERTIFIED
atlas_E,3.0,3.0,3.0,0.7,27.0,6583.39733270356200532561102003561845715420491,6583.39733270356200532561102003561845719276113,6583.39733270356200532561102003561845717348302,243.82953084087265,6556.397332703562,242.82953084087265,0.333333333333333333333333333333,0.333333333333333333333333333333,0.333333333333333333333333333333,2.25736e-40,CERTIFIED
atlas_E,3.0,3.0,3.0,0.7666666666666667,27.0,399.909858348641015864513489017851309069656262,399.90985834864101586451348901785130907054376,399.909858348641015864513489017851309070097072,14.811476235134853,372.909858348641,13.811476235134853,0.333333333333333333333333333333,0.333333333333333333333333333333,0.333333333333333333333333333333,1.01397e-38,CERTIFIED
atlas_E,3.0,3.0,3.0,0.8,27.0,202.642456391263447246412740119211409335921855,202.64245639126344724641274011921140933621279,202.642456391263447246412740119211409336065853,7.505276162639387,175.64245639126344,6.505276162639387,0.333333333333333333333333333333,0.333333333333333333333333333333,0.333333333333333333333333333333,1.70238e-40,CERTIFIED
atlas_E,3.0,3.0,3.0,0.9,27.0,57.6691387948003237789365763893069173569292384,57.66913879480032377893657638930691735699536,57.6691387948003237789365763893069173569622992,2.135894029437049,30.669138794800325,1.135894029437049,0.333333333333333333333333333333,0.333333333333333333333333333333,0.333333333333333333333333333333,2.33881e-40,CERTIFIED
atlas_E,3.0,3.0,3.0,0.95,27.0,38.023644106127772940415515315747091681423261,38.0236441061277729404155153157470916814570564,38.0236441061277729404155153157470916814401587,1.4082831150417694,11.023644106127776,0.40828311504176945,0.333333333333333333333333333333,0.333333333333333333333333333333,0.333333333333333333333333333333,2.53659e-40,CERTIFIED
atlas_E,3.0,3.0,3.0,0.99,27.0,28.7800356493723287874139708483878727440043756,28.78003564937232878741397084838787274402311,28.7800356493723287874139708483878727440139265,1.0659272462730494,1.78003564937233,0.06592724627304926,0.333333333333333333333333333333,0.333333333333333333333333333333,0.333333333333333333333333333333,2.57907e-40,CERTIFIED
atlas_E,3.0,3.0,3.0,0.99999,27.0,27.0016965399802224813818278830544552632389939,27.0016965399802224813818278830544552632562589,27.0016965399802224813818278830544552632474427,1.0000628348140823,0.0016965399802231218,6.283481408233784e-05,0.333333333333333333333333333333,0.333333333333333333333333333333,0.333333333333333333333333333333,2.5697e-40,CERTIFIED
atlas_E,3.0,3.0,3.0,0.9999999999,27.0,27.000000016964600337379263056068860878867293,27.0000000169646003373792630560688608788878642,27.0000000169646003373792630560688608788775786,1.0000000006283185,1.696459861477706e-08,6.283184672139652e-10,0.333333333333333333333333333333,0.333333333333333333333333333333,0.333333333333333333333333333333,2.56969e-40,CERTIFIED
atlas_E,5.0,0.2,0.2,0.6666666766666667,9.8,167583900635653948095956.844300093439398148418,167583900635653948095956.844300093439398148628,167583900635653948095956.844300093439398148523,1.710039802404632e+22,1.6758390063565394e+23,1.710039802404632e+22,0.333333323659737373284744652413,0.333333323659737373284744652413,0.333333352680525253430510695174,2.12544e-49,CERTIFIED
atlas_E,5.0,0.2,0.2,0.6667666666666666,9.8,167702392257.838751399837576712742374147423847,167702392257.838751399837576712742374328132947,167702392257.838751399837576712742374237779975,17112489005.90191,167702392248.03876,17112489004.901913,0.333236662215536929697386329116,0.333236662215536929697386329116,0.333526675568926140605227341769,1.75705e-39,CERTIFIED
atlas_E,5.0,0.2,0.2,0.7,9.8,5489.61884617161144795759378297152742672628507,5489.6188461716114479575937829715274267584466,5489.61884617161144795759378297152742674236584,560.1651883848582,5479.818846171611,559.1651883848582,0.306416915644660185656095995007,0.306416915644660185656095995007,0.387166168710679628687808009985,3.21992e-38,CERTIFIED
atlas_E,5.0,0.2,0.2,0.7666666666666667,9.8,260.482347799169322547273705314312758739227785,260.48234779916932254727370531431275873977439,260.482347799169322547273705314312758739498149,26.579831408078498,250.6823477991693,25.579831408078498,0.26863654461267860245619215463,0.26863654461267860245619215463,0.462726910774642795087615690739,4.39136e-39,CERTIFIED
atlas_E,5.0,0.2,0.2,0.8,9.8,119.996775377624801659284164358663358472636806,119.996775377624801659284164358663358472804314,119.99677537762480165928416435866335847272056,12.244568916084162,110.1967753776248,11.244568916084162,0.253141081339494313613513132148,0.253141081339494313613513132148,0.493717837321011372772973735705,1.72145e-39,CERTIFIED
atlas_E,5.0,0.2,0.2,0.9,9.8,26.8788576153657681551383558281359005930544399,26.8788576153657681551383558281359005930849293,26.8788576153657681551383558281359005930698683,2.7427405729965066,17.078857615365767,1.7427405729965066,0.208569539098823610495173251646,0.208569539098823610495173251646,0.582860921802352779009653496709,2.23463e-39,CERTIFIED
atlas_E,5.0,0.2,0.2,0.95,9.8,15.8026138655082959338937464679144206943503087,15.8026138655082959338937464679144206943644514,15.8026138655082959338937464679144206943574719,1.6125116189294177,6.002613865508295,0.6125116189294177,0.1817289275537658439713406319,0.1817289275537658439713406319,0.636542144892468312057318736201,3.25737e-39,CERTIFIED
atlas_E,5.0,0.2,0.2,0.99,9.8,10.7719345637414318082811516241728000624053841,10.7719345637414318082811516241728000624132819,10.7719345637414318082811516241728000624092412,1.099176996300146,0.9719345637414314,0.09917699630014605,0.152382681392154212145719671969,0.152382681392154212145719671969,0.695234637215691575708560656062,7.17964e-39,CERTIFIED
atlas_E,5.0,0.2,0.2,0.99999,9.8,9.80093096790178822599096350415848372456280601,9.80093096790178822599096350415848372457070386,9.80093096790178822599096350415848372456684677,1.0000949967246722,0.0009309679017874828,9.499672467219211e-05,0.142867319943686577820208180336,0.142867319943686577820208180336,0.714265360112626844359583639328,1.37939e-39,CERTIFIED
atlas_E,5.0,0.2,0.2,0.9999999999,9.8,9.80000000930929763172762658189779825993692415,9.80000000930929763172762658189779825994574036,9.80000000930929763172762658189779825994133225,1.0000000009499281,9.309296444826032e-09,9.499282086557175e-10,0.142857142958920892361756526972,0.142857142958920892361756526972,0.714285714082158215276486946056,1.5922e-39,CERTIFIED
atlas_E,20.0,20.0,20.0,0.6666666766666667,180.00000000000003,167584066599753177672657.771850300643158579465,167584066599753177672657.771850300643158579675,167584066599753177672657.77185030064315857957,9.310225922208508e+20,1.6758406659975316e+23,9.310225922208508e+20,0.333333333333333333333333333333,0.333333333333333333333333333333,0.333333333333333333333333333333,1.54578e-50,CERTIFIED
atlas_E,20.0,20.0,20.0,0.6667666666666666,180.00000000000003,169362082353.762260222163570086145740644419032,169362082353.76226022216357008614574082749787,169362082353.762260222163570086145740735958451,940900457.5209013,169362082173.76227,940900456.5209013,0.333333333333333333333333333333,0.333333333333333333333333333333,0.333333333333333333333333333333,1.339e-40,CERTIFIED
atlas_E,20.0,20.0,20.0,0.7,180.00000000000003,21838.6214637471763018535866898191572237811155,21838.6214637471763018535866898191572239244317,21838.6214637471763018535866898191572238525855,121.3256747985954,21658.621463747175,120.3256747985954,0.333333333333333333333333333333,0.333333333333333333333333333333,0.333333333333333333333333333333,1.99601e-40,CERTIFIED
atlas_E,20.0,20.0,20.0,0.7666666666666667,180.00000000000003,2327.49654360610213497263142597402529029698294,2327.49654360610213497263142597402529030271935,2327.49654360610213497263142597402529029985115,12.93053635336723,2147.496543606102,11.930536353367232,0.333333333333333333333333333333,0.333333333333333333333333333333,0.333333333333333333333333333333,4.12347e-40,CERTIFIED
atlas_E,20.0,20.0,20.0,0.8,180.00000000000003,1326.21822900839845073726793363720627334844278,1326.21822900839845073726793363720627335060569,1326.21822900839845073726793363720627334952423,7.367879050046656,1146.2182290083983,6.367879050046656,0.333333333333333333333333333333,0.333333333333333333333333333333,0.333333333333333333333333333333,5.01522e-40,CERTIFIED
atlas_E,20.0,20.0,20.0,0.9,180.00000000000003,432.134531740541013024899490565451041580104619,432.134531740541013024899490565451041580662979,432.134531740541013024899490565451041580386738,2.400747398558561,252.134531740541,1.400747398558561,0.333333333333333333333333333333,0.333333333333333333333333333333,0.333333333333333333333333333333,5.3077e-40,CERTIFIED
atlas_E,20.0,20.0,20.0,0.95,180.00000000000003,279.282715750988789805782112338440717851698219,279.282715750988789805782112338440717851974461,279.282715750988789805782112338440717851833401,1.5515706430610487,99.28271575098879,0.5515706430610487,0.333333333333333333333333333333,0.333333333333333333333333333333,0.333333333333333333333333333333,4.04314e-40,CERTIFIED
atlas_E,20.0,20.0,20.0,0.99,180.00000000000003,197.275757198445960173925546103687012056646842,197.275757198445960173925546103687012056805534,197.275757198445960173925546103687012056726188,1.0959764288802551,17.275757198445945,0.09597642888025523,0.333333333333333333333333333333,0.333333333333333333333333333333,0.333333333333333333333333333333,2.85457e-40,CERTIFIED
atlas_E,20.0,20.0,20.0,0.99999,180.00000000000003,180.016791381201335200939354164114134619283691,180.016791381201335200939354164114134619418872,180.016791381201335200939354164114134619351281,1.0000932854511184,0.016791381201301192,9.328545111833993e-05,0.333333333333333333333333333333,0.333333333333333333333333333333,0.333333333333333333333333333333,2.56997e-40,CERTIFIED
atlas_E,20.0,20.0,20.0,0.9999999999,180.00000000000003,180.000000167909237231053148959541507084433823,180.000000167909237231053148959541507084601331,180.000000167909237231053148959541507084516108,1.000000000932829,1.679092065387522e-07,9.328289252152897e-10,0.333333333333333333333333333333,0.333333333333333333333333333333,0.333333333333333333333333333333,2.56969e-40,CERTIFIED
