triple,beta12,beta13,beta23,alpha,T1,T_alpha,T_alpha_over_T1,evidence
"no_pair_loops_(1,1,1)",1,1,1,0.666666676666667,9,1.67583895975694e+23,1.86204328861882e+22,FLOAT
"no_pair_loops_(1,1,1)",1,1,1,0.66666667726311,9,1.40848390076803e+23,1.56498211196448e+22,FLOAT
"no_pair_loops_(1,1,1)",1,1,1,0.666666677895128,9,1.18378139647596e+23,1.31531266275106e+22,FLOAT
"no_pair_loops_(1,1,1)",1,1,1,0.666666678564843,9,9.94926783671126e+22,1.10547420407903e+22,FLOAT
"no_pair_loops_(1,1,1)",1,1,1,0.666666679274502,9,8.36201123135078e+22,9.29112359038975e+21,FLOAT
"no_pair_loops_(1,1,1)",1,1,1,0.666666680026488,9,7.02797710172932e+22,7.80886344636591e+21,FLOAT
"no_pair_loops_(1,1,1)",1,1,1,0.666666680823326,9,5.90676856880156e+22,6.56307618755729e+21,FLOAT
"no_pair_loops_(1,1,1)",1,1,1,0.666666681667691,9,4.96443213550462e+22,5.51603570611624e+21,FLOAT
"no_pair_loops_(1,1,1)",1,1,1,0.666666682562417,9,4.172431193211e+22,4.63603465912333e+21,FLOAT
"no_pair_loops_(1,1,1)",1,1,1,0.666666683510509,9,3.50678217546236e+22,3.89642463940263e+21,FLOAT
"no_pair_loops_(1,1,1)",1,1,1,0.666666684515149,9,2.94732753256184e+22,3.27480836951316e+21,FLOAT
"no_pair_loops_(1,1,1)",1,1,1,0.66666668557971,9,2.47712548601997e+22,2.7523616511333e+21,FLOAT
"no_pair_loops_(1,1,1)",1,1,1,0.666666686707767,9,2.08193723375636e+22,2.31326359306262e+21,FLOAT
"no_pair_loops_(1,1,1)",1,1,1,0.666666687903105,9,1.74979527857124e+22,1.94421697619027e+21,FLOAT
"no_pair_loops_(1,1,1)",1,1,1,0.666666689169739,9,1.47064162192155e+22,1.6340462465795e+21,FLOAT
"no_pair_loops_(1,1,1)",1,1,1,0.66666669051192,9,1.23602275516465e+22,1.37335861684962e+21,FLOAT
"no_pair_loops_(1,1,1)",1,1,1,0.666666691934155,9,1.03883382581751e+22,1.1542598064639e+21,FLOAT
"no_pair_loops_(1,1,1)",1,1,1,0.666666693441218,9,8.73103429981387e+21,9.70114922201542e+20,FLOAT
"no_pair_loops_(1,1,1)",1,1,1,0.666666695038169,9,7.3381283680268e+21,8.15347596447422e+20,FLOAT
"no_pair_loops_(1,1,1)",1,1,1,0.666666696730369,9,6.16743982274919e+21,6.85271091416576e+20,FLOAT
"no_pair_loops_(1,1,1)",1,1,1,0.666666698523499,9,5.18351711636142e+21,5.7594634626238e+20,FLOAT
"no_pair_loops_(1,1,1)",1,1,1,0.666666700423579,9,4.35656449710362e+21,4.84062721900403e+20,FLOAT
"no_pair_loops_(1,1,1)",1,1,1,0.666666702436989,9,3.66153977665091e+21,4.06837752961212e+20,FLOAT
"no_pair_loops_(1,1,1)",1,1,1,0.666666704570486,9,3.07739593027306e+21,3.41932881141451e+20,FLOAT
"no_pair_loops_(1,1,1)",1,1,1,0.666666706831235,9,2.58644344696839e+21,2.8738260521871e+20,FLOAT
"no_pair_loops_(1,1,1)",1,1,1,0.666666709226825,9,2.17381509057122e+21,2.41535010063469e+20,FLOAT
"no_pair_loops_(1,1,1)",1,1,1,0.666666711765299,9,1.82701542684987e+21,2.0300171409443e+20,FLOAT
"no_pair_loops_(1,1,1)",1,1,1,0.666666714455177,9,1.53554246746557e+21,1.70615829718396e+20,FLOAT
"no_pair_loops_(1,1,1)",1,1,1,0.666666717305492,9,1.29056964483455e+21,1.43396627203839e+20,FLOAT
"no_pair_loops_(1,1,1)",1,1,1,0.666666720325813,9,1.08467856430523e+21,1.20519840478359e+20,FLOAT
"no_pair_loops_(1,1,1)",1,1,1,0.666666723526278,9,9.11634337803545e+20,1.01292704200394e+20,FLOAT
"no_pair_loops_(1,1,1)",1,1,1,0.666666726917633,9,7.66196718286645e+20,8.51329686985161e+19,FLOAT
"no_pair_loops_(1,1,1)",1,1,1,0.666666730511263,9,6.43961504733851e+20,7.15512783037612e+19,FLOAT
"no_pair_loops_(1,1,1)",1,1,1,0.666666734319233,9,5.41227083580739e+20,6.01363426200821e+19,FLOAT
"no_pair_loops_(1,1,1)",1,1,1,0.666666738354327,9,4.54882405629384e+20,5.0542489514376e+19,FLOAT
"no_pair_loops_(1,1,1)",1,1,1,0.666666742630091,9,3.82312724476351e+20,4.24791916084834e+19,FLOAT
"no_pair_loops_(1,1,1)",1,1,1,0.66666674716088,9,3.21320452178617e+20,3.57022724642908e+19,FLOAT
"no_pair_loops_(1,1,1)",1,1,1,0.666666751961906,9,2.70058583125078e+20,3.00065092361198e+19,FLOAT
"no_pair_loops_(1,1,1)",1,1,1,0.666666757049286,9,2.26974779969102e+20,2.52194199965669e+19,FLOAT
"no_pair_loops_(1,1,1)",1,1,1,0.666666762440099,9,1.90764353100561e+20,2.11960392333957e+19,FLOAT
"no_pair_loops_(1,1,1)",1,1,1,0.666666768152444,9,1.60330755465335e+20,1.78145283850372e+19,FLOAT
"no_pair_loops_(1,1,1)",1,1,1,0.666666774205498,9,1.34752384553456e+20,1.49724871726063e+19,FLOAT
"no_pair_loops_(1,1,1)",1,1,1,0.666666780619582,9,1.1325465900004e+20,1.25838510000044e+19,FLOAT
"no_pair_loops_(1,1,1)",1,1,1,0.66666678741623,9,9.51865743693939e+19,1.05762860410438e+19,FLOAT
"no_pair_loops_(1,1,1)",1,1,1,0.66666679461826,9,8.00009817385935e+19,8.88899797095483e+18,FLOAT
"no_pair_loops_(1,1,1)",1,1,1,0.666666802249851,9,6.7238023133069e+19,7.47089145922989e+18,FLOAT
"no_pair_loops_(1,1,1)",1,1,1,0.666666810336623,9,5.65112036529627e+19,6.27902262810696e+18,FLOAT
"no_pair_loops_(1,1,1)",1,1,1,0.666666818905725,9,4.749568759425e+19,5.27729862158333e+18,FLOAT
"no_pair_loops_(1,1,1)",1,1,1,0.666666827985925,9,3.99184620842275e+19,4.43538467602528e+18,FLOAT
"no_pair_loops_(1,1,1)",1,1,1,0.666666837607709,9,3.3550069537123e+19,3.72778550412478e+18,FLOAT
"no_pair_loops_(1,1,1)",1,1,1,0.666666847803377,9,2.81976585680262e+19,3.13307317422514e+18,FLOAT
"no_pair_loops_(1,1,1)",1,1,1,0.66666685860716,9,2.36991446055668e+19,2.63323828950743e+18,FLOAT
"no_pair_loops_(1,1,1)",1,1,1,0.666666870055327,9,1.99183012548524e+19,2.21314458387249e+18,FLOAT
"no_pair_loops_(1,1,1)",1,1,1,0.666666882186313,9,1.67406348120667e+19,1.86007053467408e+18,FLOAT
"no_pair_loops_(1,1,1)",1,1,1,0.666666895040844,9,1.40699174235879e+19,1.56332415817643e+18,FLOAT
"no_pair_loops_(1,1,1)",1,1,1,0.666666908662074,9,1.1825273012972e+19,1.31391922366355e+18,FLOAT
"no_pair_loops_(1,1,1)",1,1,1,0.666666923095735,9,9.9387279881332e+18,1.10430310979258e+18,FLOAT
"no_pair_loops_(1,1,1)",1,1,1,0.666666938390282,9,8.3531529627499e+18,9.28128106972211e+17,FLOAT
"no_pair_loops_(1,1,1)",1,1,1,0.666666954597062,9,7.0205326609999e+18,7.80059184555544e+17,FLOAT
"no_pair_loops_(1,1,1)",1,1,1,0.666666971770485,9,5.90051198105422e+18,6.55612442339358e+17,FLOAT
"no_pair_loops_(1,1,1)",1,1,1,0.666666989968206,9,4.95917380043298e+18,5.5101931115922e+17,FLOAT
"no_pair_loops_(1,1,1)",1,1,1,0.666667009251318,9,4.16801202223276e+18,4.63112446914751e+17,FLOAT
"no_pair_loops_(1,1,1)",1,1,1,0.666667029684559,9,3.50306825032215e+18,3.8922980559135e+17,FLOAT
"no_pair_loops_(1,1,1)",1,1,1,0.666667051336528,9,2.94420628492611e+18,3.27134031658457e+17,FLOAT
"no_pair_loops_(1,1,1)",1,1,1,0.666667074279914,9,2.47450237137546e+18,2.74944707930607e+17,FLOAT
"no_pair_loops_(1,1,1)",1,1,1,0.666667098591744,9,2.07973267101827e+18,2.31081407890919e+17,FLOAT
"no_pair_loops_(1,1,1)",1,1,1,0.666667124353638,9,1.74794255658738e+18,1.9421583962082e+17,FLOAT
"no_pair_loops_(1,1,1)",1,1,1,0.666667151652083,9,1.4690845787239e+18,1.63231619858211e+17,FLOAT
"no_pair_loops_(1,1,1)",1,1,1,0.666667180578726,9,1.23471420746833e+18,1.37190467496481e+17,FLOAT
"no_pair_loops_(1,1,1)",1,1,1,0.66666721123068,9,1.03773411208519e+18,1.15303790231688e+17,FLOAT
"no_pair_loops_(1,1,1)",1,1,1,0.66666724371085,9,8.72179235247373e+17,9.69088039163748e+16,FLOAT
"no_pair_loops_(1,1,1)",1,1,1,0.666667278128279,9,7.33036153175521e+17,8.14484614639468e+16,FLOAT
"no_pair_loops_(1,1,1)",1,1,1,0.666667314598514,9,6.1609126196082e+17,6.84545846623134e+16,FLOAT
"no_pair_loops_(1,1,1)",1,1,1,0.666667353243992,9,5.17803171620853e+17,5.75336857356503e+16,FLOAT
"no_pair_loops_(1,1,1)",1,1,1,0.666667394194455,9,4.35195469770324e+17,4.83550521967026e+16,FLOAT
"no_pair_loops_(1,1,1)",1,1,1,0.666667437587381,9,3.6576658597084e+17,4.06407317745378e+16,FLOAT
"no_pair_loops_(1,1,1)",1,1,1,0.666667483568452,9,3.07414037295726e+17,3.41571152550806e+16,FLOAT
"no_pair_loops_(1,1,1)",1,1,1,0.666667532292033,9,2.58370760440941e+17,2.87078622712157e+16,FLOAT
"no_pair_loops_(1,1,1)",1,1,1,0.666667583921701,9,2.17151601037772e+17,2.41279556708635e+16,FLOAT
"no_pair_loops_(1,1,1)",1,1,1,0.666667638630787,9,1.82508338602651e+17,2.02787042891834e+16,FLOAT
"no_pair_loops_(1,1,1)",1,1,1,0.666667696602962,9,1.53391887547108e+17,1.70435430607898e+16,FLOAT
"no_pair_loops_(1,1,1)",1,1,1,0.66666775803285,9,1.28920528029206e+17,1.43245031143563e+16,FLOAT
"no_pair_loops_(1,1,1)",1,1,1,0.666667823126684,9,1.08353205472007e+17,1.20392450524452e+16,FLOAT
"no_pair_loops_(1,1,1)",1,1,1,0.666667892102997,9,9.10670894932995e+16,1.01185654992555e+16,FLOAT
"no_pair_loops_(1,1,1)",1,1,1,0.666667965193359,9,7.65387128465712e+16,8.5043014273968e+15,FLOAT
"no_pair_loops_(1,1,1)",1,1,1,0.666668042643148,9,6.43281197259388e+16,7.14756885843764e+15,FLOAT
"no_pair_loops_(1,1,1)",1,1,1,0.66666812471238,9,5.40655425759716e+16,6.00728250844129e+15,FLOAT
"no_pair_loops_(1,1,1)",1,1,1,0.666668211676578,9,4.54402047780223e+16,5.04891164200248e+15,FLOAT
"no_pair_loops_(1,1,1)",1,1,1,0.666668303827701,9,3.81909094150267e+16,4.24343437944741e+15,FLOAT
"no_pair_loops_(1,1,1)",1,1,1,0.666668401475117,9,3.20981296439334e+16,3.56645884932593e+15,FLOAT
"no_pair_loops_(1,1,1)",1,1,1,0.666668504946651,9,2.69773608108087e+16,2.9974845345343e+15,FLOAT
"no_pair_loops_(1,1,1)",1,1,1,0.666668614589678,9,2.26735332119347e+16,2.51928146799274e+15,FLOAT
"no_pair_loops_(1,1,1)",1,1,1,0.666668730772293,9,1.90563161864172e+16,2.11736846515746e+15,FLOAT
"no_pair_loops_(1,1,1)",1,1,1,0.666668853884545,9,1.60161713696802e+16,1.77957459663114e+15,FLOAT
"no_pair_loops_(1,1,1)",1,1,1,0.666668984339748,9,1.34610355892234e+16,1.49567062102482e+15,FLOAT
"no_pair_loops_(1,1,1)",1,1,1,0.666669122575868,9,1.13135329801541e+16,1.25705922001713e+15,FLOAT
"no_pair_loops_(1,1,1)",1,1,1,0.666669269056992,9,9.50863182057406e+15,1.05651464673045e+15,FLOAT
"no_pair_loops_(1,1,1)",1,1,1,0.666669424274889,9,7.99167522874875e+15,887963914305417,FLOAT
"no_pair_loops_(1,1,1)",1,1,1,0.666669588750657,9,6.71672599896191e+15,746302888773545,FLOAT
"no_pair_loops_(1,1,1)",1,1,1,0.666669763036477,9,5.64517551840691e+15,627241724267434,FLOAT
"no_pair_loops_(1,1,1)",1,1,1,0.666669947717462,9,4.74457459527226e+15,527174955030251,FLOAT
"no_pair_loops_(1,1,1)",1,1,1,0.666670143413626,9,3.98765081532894e+15,443072312814327,FLOAT
"no_pair_loops_(1,1,1)",1,1,1,0.666670350781961,9,3.35148266986077e+15,372386963317864,FLOAT
"no_pair_loops_(1,1,1)",1,1,1,0.666670570518648,9,2.81680542888642e+15,312978380987380,FLOAT
"no_pair_loops_(1,1,1)",1,1,1,0.666670803361388,9,2.36742775910837e+15,263047528789819,FLOAT
"no_pair_loops_(1,1,1)",1,1,1,0.666671050091883,9,1.98974141013531e+15,221082378903923,FLOAT
"no_pair_loops_(1,1,1)",1,1,1,0.66667131153846,9,1.67230912226323e+15,185812124695914,FLOAT
"no_pair_loops_(1,1,1)",1,1,1,0.666671588578849,9,1.4055182772651e+15,156168697473900,FLOAT
"no_pair_loops_(1,1,1)",1,1,1,0.666671882143135,9,1.18128980471499e+15,131254422746110,FLOAT
"no_pair_loops_(1,1,1)",1,1,1,0.666672193216873,9,992833527593510,110314836399279,FLOAT
"no_pair_loops_(1,1,1)",1,1,1,0.666672522844405,9,834442538441126,92715837604569.5,FLOAT
"no_pair_loops_(1,1,1)",1,1,1,0.666672872132358,9,701320380314569,77924486701618.8,FLOAT
"no_pair_loops_(1,1,1)",1,1,1,0.666673242253367,9,589435798257360,65492866473040,FLOAT
"no_pair_loops_(1,1,1)",1,1,1,0.666673634450005,9,495400662639264,55044518071029.3,FLOAT
"no_pair_loops_(1,1,1)",1,1,1,0.66667405003896,9,416367368371230,46263040930136.6,FLOAT
"no_pair_loops_(1,1,1)",1,1,1,0.66667449041545,9,349942602461331,38882511384592.4,FLOAT
"no_pair_loops_(1,1,1)",1,1,1,0.666674957057912,9,294114868449599,32679429827733.2,FLOAT
"no_pair_loops_(1,1,1)",1,1,1,0.666675451532965,9,247193573380674,27465952597852.6,FLOAT
"no_pair_loops_(1,1,1)",1,1,1,0.666675975500663,9,207757832687850,23084203631983.4,FLOAT
"no_pair_loops_(1,1,1)",1,1,1,0.666676530720078,9,174613442097404,19401493566378.3,FLOAT
"no_pair_loops_(1,1,1)",1,1,1,0.666677119055197,9,146756714362468,16306301595829.8,FLOAT
"no_pair_loops_(1,1,1)",1,1,1,0.666677742481186,9,123344085126677,13704898347408.5,FLOAT
"no_pair_loops_(1,1,1)",1,1,1,0.666678403091018,9,103666567766203,11518507529578.1,FLOAT
"no_pair_loops_(1,1,1)",1,1,1,0.666679103102497,9,87128283559456.9,9680920395495.21,FLOAT
"no_pair_loops_(1,1,1)",1,1,1,0.666679844865711,9,73228417050739.2,8136490783415.46,FLOAT
"no_pair_loops_(1,1,1)",1,1,1,0.666680630870915,9,61546050143495.1,6838450015943.89,FLOAT
"no_pair_loops_(1,1,1)",1,1,1,0.666681463756893,9,51727415722215.2,5747490635801.69,FLOAT
"no_pair_loops_(1,1,1)",1,1,1,0.666682346319819,9,43475184722873,4830576080319.23,FLOAT
"no_pair_loops_(1,1,1)",1,1,1,0.666683281522644,9,36539462313459.6,4059940257051.07,FLOAT
"no_pair_loops_(1,1,1)",1,1,1,0.666684272505039,9,30710220491782.9,3412246721309.22,FLOAT
"no_pair_loops_(1,1,1)",1,1,1,0.666685322593942,9,25810937944246,2867881993805.11,FLOAT
"no_pair_loops_(1,1,1)",1,1,1,0.666686435314721,9,21693254571823.3,2410361619091.48,FLOAT
"no_pair_loops_(1,1,1)",1,1,1,0.666687614403016,9,18232478799806.8,2025830977756.31,FLOAT
"no_pair_loops_(1,1,1)",1,1,1,0.666688863817274,9,15323811634003.3,1702645737111.48,FLOAT
"no_pair_loops_(1,1,1)",1,1,1,0.666690187752041,9,12879173105247.2,1431019233916.36,FLOAT
"no_pair_loops_(1,1,1)",1,1,1,0.666691590652045,9,10824535009095.6,1202726112121.73,FLOAT
"no_pair_loops_(1,1,1)",1,1,1,0.666693077227118,9,9097679165858.24,1010853240650.92,FLOAT
"no_pair_loops_(1,1,1)",1,1,1,0.666694652468004,9,7646313315031.78,849590368336.864,FLOAT
"no_pair_loops_(1,1,1)",1,1,1,0.66669632166312,9,6426487589633.52,714054176625.947,FLOAT
"no_pair_loops_(1,1,1)",1,1,1,0.666698090416304,9,5401263618614.65,600140402068.295,FLOAT
"no_pair_loops_(1,1,1)",1,1,1,0.666699964665634,9,4539595952412.55,504399550268.061,FLOAT
"no_pair_loops_(1,1,1)",1,1,1,0.66670195070336,9,3815391940214.37,423932437801.596,FLOAT
"no_pair_loops_(1,1,1)",1,1,1,0.666704055197027,9,3206721589461.59,356302398829.065,FLOAT
"no_pair_loops_(1,1,1)",1,1,1,0.666706285211866,9,2695153479567.52,299461497729.724,FLOAT
"no_pair_loops_(1,1,1)",1,1,1,0.666708648234505,9,2265196620203.85,251688513355.983,FLOAT
"no_pair_loops_(1,1,1)",1,1,1,0.666711152198109,9,1903831352874.47,211536816986.052,FLOAT
"no_pair_loops_(1,1,1)",1,1,1,0.666713805509012,9,1600115089495.74,177790565499.527,FLOAT
"no_pair_loops_(1,1,1)",1,1,1,0.666716617074936,9,1344850949065.63,149427883229.515,FLOAT
"no_pair_loops_(1,1,1)",1,1,1,0.6667195963349,9,1130309258374.57,125589917597.174,FLOAT
"no_pair_loops_(1,1,1)",1,1,1,0.666722753290909,9,949993482880.637,105554831431.182,FLOAT
"no_pair_loops_(1,1,1)",1,1,1,0.666726098541527,9,798443499454.866,88715944383.874,FLOAT
"no_pair_loops_(1,1,1)",1,1,1,0.666729643317467,9,671070253918.34,74563361546.4822,FLOAT
"no_pair_loops_(1,1,1)",1,1,1,0.666733399519287,9,564016796374.691,62668532930.5212,FLOAT
"no_pair_loops_(1,1,1)",1,1,1,0.666737379757347,9,474041486069.814,52671276229.9794,FLOAT
"no_pair_loops_(1,1,1)",1,1,1,0.666741597394146,9,398419829065.642,44268869896.1825,FLOAT
"no_pair_loops_(1,1,1)",1,1,1,0.666746066589179,9,334861976125.304,37206886236.1448,FLOAT
"no_pair_loops_(1,1,1)",1,1,1,0.666750802346474,9,281443382486.208,31271486942.9119,FLOAT
"no_pair_loops_(1,1,1)",1,1,1,0.666755820564966,9,236546529727.851,26282947747.539,FLOAT
"no_pair_loops_(1,1,1)",1,1,1,0.666761138091871,9,198811944964.048,22090216107.1165,FLOAT
"no_pair_loops_(1,1,1)",1,1,1,0.666766772779247,9,167097034124.129,18566337124.9032,FLOAT
"no_pair_loops_(1,1,1)",1,1,1,0.666772743543927,9,140441482701.964,15604609189.1071,FLOAT
"no_pair_loops_(1,1,1)",1,1,1,0.666779070431024,9,118038176238.8,13115352915.4222,FLOAT
"no_pair_loops_(1,1,1)",1,1,1,0.666785774681232,9,99208759960.6979,11023195551.1887,FLOAT
"no_pair_loops_(1,1,1)",1,1,1,0.666792878802131,9,83383097464.1701,9264788607.13001,FLOAT
"no_pair_loops_(1,1,1)",1,1,1,0.66680040664375,9,70082006419.6813,7786889602.18681,FLOAT
"no_pair_loops_(1,1,1)",1,1,1,0.666808383478639,9,58902748501.5569,6544749833.50632,FLOAT
"no_pair_loops_(1,1,1)",1,1,1,0.666816836086713,9,49506834149.0542,5500759349.89491,FLOAT
"no_pair_loops_(1,1,1)",1,1,1,0.666825792845157,9,41609772869.062,4623308096.56245,FLOAT
"no_pair_loops_(1,1,1)",1,1,1,0.666835283823696,9,34972458697.2373,3885828744.13748,FLOAT
"no_pair_loops_(1,1,1)",1,1,1,0.666845340885544,9,29393929958.6019,3265992217.62244,FLOAT
"no_pair_loops_(1,1,1)",1,1,1,0.666855997794376,9,24705284080.1926,2745031564.46584,FLOAT
"no_pair_loops_(1,1,1)",1,1,1,0.666867290327678,9,20764563185.7709,2307173687.30788,FLOAT
"no_pair_loops_(1,1,1)",1,1,1,0.666879256396864,9,17452455601.9021,1939161733.54467,FLOAT
"no_pair_loops_(1,1,1)",1,1,1,0.666891936174548,9,14668683110.4247,1629853678.93608,FLOAT
"no_pair_loops_(1,1,1)",1,1,1,0.666905372229415,9,12328964547.7428,1369884949.74921,FLOAT
"no_pair_loops_(1,1,1)",1,1,1,0.666919609669129,9,10362463805.5362,1151384867.2818,FLOAT
"no_pair_loops_(1,1,1)",1,1,1,0.666934696291775,9,8709644954.65534,967738328.295038,FLOAT
"no_pair_loops_(1,1,1)",1,1,1,0.666950682746323,9,7320469542.9866,813385504.776289,FLOAT
"no_pair_loops_(1,1,1)",1,1,1,0.666967622702667,9,6152881479.70211,683653497.744679,FLOAT
"no_pair_loops_(1,1,1)",1,1,1,0.666985573031808,9,5171533626.24819,574614847.360911,FLOAT
"no_pair_loops_(1,1,1)",1,1,1,0.667004593996783,9,4346717534.69808,482968614.966454,FLOAT
"no_pair_loops_(1,1,1)",1,1,1,0.667024749454976,9,3653463924.4821,405940436.053567,FLOAT
"no_pair_loops_(1,1,1)",1,1,1,0.667046107072505,9,3070786659.79062,341198517.754513,FLOAT
"no_pair_loops_(1,1,1)",1,1,1,0.667068738551391,9,2581047334.53579,286783037.170644,FLOAT
"no_pair_loops_(1,1,1)",1,1,1,0.667092719870275,9,2169421224.36343,241046802.707048,FLOAT
"no_pair_loops_(1,1,1)",1,1,1,0.667118131539495,9,1823448434.49487,202605381.610541,FLOAT
"no_pair_loops_(1,1,1)",1,1,1,0.667145058871377,9,1532656652.08142,170295183.564602,FLOAT
"no_pair_loops_(1,1,1)",1,1,1,0.667173592266644,9,1288244079.99168,143138231.110187,FLOAT
"no_pair_loops_(1,1,1)",1,1,1,0.667203827517915,9,1082812951.26215,120312550.140239,FLOAT
"no_pair_loops_(1,1,1)",1,1,1,0.667235866131295,9,910145555.137201,101127283.904133,FLOAT
"no_pair_loops_(1,1,1)",1,1,1,0.667269815667157,9,765015992.816809,85001776.9796455,FLOAT
"no_pair_loops_(1,1,1)",1,1,1,0.667305790101244,9,643031963.004218,71447995.8893576,FLOAT
"no_pair_loops_(1,1,1)",1,1,1,0.667343910207308,9,540501786.635233,60055754.0705815,FLOAT
"no_pair_loops_(1,1,1)",1,1,1,0.667384303962572,9,454322644.433745,50480293.8259716,FLOAT
"no_pair_loops_(1,1,1)",1,1,1,0.667427106977381,9,381886643.246687,42431849.2496319,FLOAT
"no_pair_loops_(1,1,1)",1,1,1,0.66747246295047,9,321001866.988137,35666874.109793,FLOAT
"no_pair_loops_(1,1,1)",1,1,1,0.667520524151393,9,269826021.735094,29980669.0816771,FLOAT
"no_pair_loops_(1,1,1)",1,1,1,0.667571451931725,9,226810665.883062,25201185.098118,FLOAT
"no_pair_loops_(1,1,1)",1,1,1,0.667625417266748,9,190654336.762398,21183815.195822,FLOAT
"no_pair_loops_(1,1,1)",1,1,1,0.66768260132946,9,160263154.505961,17807017.167329,FLOAT
"no_pair_loops_(1,1,1)",1,1,1,0.667743196098802,9,134717710.362664,14968634.4847405,FLOAT
"no_pair_loops_(1,1,1)",1,1,1,0.667807405004176,9,113245236.931495,12582804.1034995,FLOAT
"no_pair_loops_(1,1,1)",1,1,1,0.667875443608401,9,95196217.7282731,10577357.5253637,FLOAT
"no_pair_loops_(1,1,1)",1,1,1,0.667947540331402,9,80024727.9079063,8891636.43421181,FLOAT
"no_pair_loops_(1,1,1)",1,1,1,0.668023937217061,9,67271910.9409222,7474656.77121358,FLOAT
"no_pair_loops_(1,1,1)",1,1,1,0.668104890745814,9,56552090.9917387,6283565.66574874,FLOAT
"no_pair_loops_(1,1,1)",1,1,1,0.668190672695706,9,47541100.5500645,5282344.50556272,FLOAT
"no_pair_loops_(1,1,1)",1,1,1,0.66828157105481,9,39966469.9389753,4440718.88210837,FLOAT
"no_pair_loops_(1,1,1)",1,1,1,0.668377890988062,9,33599181.6948646,3733242.41054051,FLOAT
"no_pair_loops_(1,1,1)",1,1,1,0.668479955861763,9,28246740.1944583,3138526.68827314,FLOAT
"no_pair_loops_(1,1,1)",1,1,1,0.668588108329191,9,23747346.7245864,2638594.0805096,FLOAT
"no_pair_loops_(1,1,1)",1,1,1,0.668702711480957,9,19965003.6593424,2218333.73992693,FLOAT
"no_pair_loops_(1,1,1)",1,1,1,0.668824150063978,9,16785399.5381924,1865044.39313249,FLOAT
"no_pair_loops_(1,1,1)",1,1,1,0.668952831773153,9,14112450.4809936,1568050.05344373,FLOAT
"no_pair_loops_(1,1,1)",1,1,1,0.669089188620082,9,11865393.2461621,1318377.02735135,FLOAT
"no_pair_loops_(1,1,1)",1,1,1,0.669233678383419,9,9976341.93893183,1108482.43765909,FLOAT
"no_pair_loops_(1,1,1)",1,1,1,0.669386786145729,9,8388234.41325422,932026.045917135,FLOAT
"no_pair_loops_(1,1,1)",1,1,1,0.669549025922018,9,7053106.20809744,783678.467566382,FLOAT
"no_pair_loops_(1,1,1)",1,1,1,0.669720942385384,9,5930639.77445975,658959.974939972,FLOAT
"no_pair_loops_(1,1,1)",1,1,1,0.669903112695601,9,4986945.08292711,554105.009214123,FLOAT
"no_pair_loops_(1,1,1)",1,1,1,0.670096148436769,9,4193534.70602825,465948.300669805,FLOAT
"no_pair_loops_(1,1,1)",1,1,1,0.670300697670525,9,3526462.35648659,391829.150720732,FLOAT
"no_pair_loops_(1,1,1)",1,1,1,0.670517447111728,9,2965598.81039668,329510.978932964,FLOAT
"no_pair_loops_(1,1,1)",1,1,1,0.670747124433902,9,2494023.30289495,277113.700321661,FLOAT
"no_pair_loops_(1,1,1)",1,1,1,0.67099050071219,9,2097511.97914464,233056.886571626,FLOAT
"no_pair_loops_(1,1,1)",1,1,1,0.671248393012015,9,1764107.9211122,196011.991234689,FLOAT
"no_pair_loops_(1,1,1)",1,1,1,0.671521667132144,9,1483759.73967423,164862.193297137,FLOAT
"no_pair_loops_(1,1,1)",1,1,1,0.671811240511352,9,1248017.79682162,138668.644091292,FLOAT
"no_pair_loops_(1,1,1)",1,1,1,0.67211808530846,9,1049778.86690495,116642.096322772,FLOAT
"no_pair_loops_(1,1,1)",1,1,1,0.672443231666078,9,883071.511840411,98119.0568711568,FLOAT
"no_pair_loops_(1,1,1)",1,1,1,0.672787771169006,9,742875.677329301,82541.7419254779,FLOAT
"no_pair_loops_(1,1,1)",1,1,1,0.673152860508921,9,624971.052733757,69441.2280815286,FLOAT
"no_pair_loops_(1,1,1)",1,1,1,0.673539725367628,9,525809.60766771,58423.2897408567,FLOAT
"no_pair_loops_(1,1,1)",1,1,1,0.673949664531935,9,442408.449930451,49156.4944367168,FLOAT
"no_pair_loops_(1,1,1)",1,1,1,0.674384054253956,9,372259.764299106,41362.196033234,FLOAT
"no_pair_loops_(1,1,1)",1,1,1,0.674844352871474,9,313255.108502659,34806.1231669622,FLOAT
"no_pair_loops_(1,1,1)",1,1,1,0.675332105703892,9,263621.777078925,29291.308564325,FLOAT
"no_pair_loops_(1,1,1)",1,1,1,0.675848950240194,9,221869.30891033,24652.1454344811,FLOAT
"no_pair_loops_(1,1,1)",1,1,1,0.676396621636343,9,186744.521098007,20749.3912331119,FLOAT
"no_pair_loops_(1,1,1)",1,1,1,0.676976958540561,9,157193.709754193,17465.9677504659,FLOAT
"no_pair_loops_(1,1,1)",1,1,1,0.677591909266059,9,132330.8750773,14703.4305641444,FLOAT
"no_pair_loops_(1,1,1)",1,1,1,0.67824353833194,9,111411.010283668,12379.0011426298,FLOAT
"no_pair_loops_(1,1,1)",1,1,1,0.678934033394218,9,93807.6471194497,10423.0719021611,FLOAT
"no_pair_loops_(1,1,1)",1,1,1,0.679665712590243,9,78993.979400982,8777.10882233133,FLOAT
"no_pair_loops_(1,1,1)",1,1,1,0.680441032321174,9,66526.9942276148,7391.88824751276,FLOAT
"no_pair_loops_(1,1,1)",1,1,1,0.681262595498641,9,56034.131451879,6226.01460576433,FLOAT
"no_pair_loops_(1,1,1)",1,1,1,0.68213316028326,9,47202.0684300388,5244.67427000431,FLOAT
"no_pair_loops_(1,1,1)",1,1,1,0.683055649344363,9,39767.2913248027,4418.58792497808,FLOAT
"no_pair_loops_(1,1,1)",1,1,1,0.684033159672015,9,33508.1682349029,3723.1298038781,FLOAT
"no_pair_loops_(1,1,1)",1,1,1,0.68506897297426,9,28238.2848180426,3137.58720200473,FLOAT
"no_pair_loops_(1,1,1)",1,1,1,0.686166566694507,9,23800.8412272381,2644.53791413757,FLOAT
"no_pair_loops_(1,1,1)",1,1,1,0.687329625686041,9,20063.9412504595,2229.32680560661,FLOAT
"no_pair_loops_(1,1,1)",1,1,1,0.68856205458285,9,16916.6314998753,1879.62572220836,FLOAT
"no_pair_loops_(1,1,1)",1,1,1,0.689867990908302,9,14265.5711553583,1585.06346170648,FLOAT
"no_pair_loops_(1,1,1)",1,1,1,0.691251818965688,9,12032.2318126924,1336.91464585471,FLOAT
"no_pair_loops_(1,1,1)",1,1,1,0.692718184557244,9,10150.5429961566,1127.83811068406,FLOAT
"no_pair_loops_(1,1,1)",1,1,1,0.694272010581095,9,8564.91235215945,951.656928017716,FLOAT
"no_pair_loops_(1,1,1)",1,1,1,0.695918513558455,9,7228.56085224241,803.173428026935,FLOAT
"no_pair_loops_(1,1,1)",1,1,1,0.697663221146592,9,6102.12284222851,678.013649136501,FLOAT
"no_pair_loops_(1,1,1)",1,1,1,0.699511990696333,9,5152.46876703236,572.496529670263,FLOAT
"no_pair_loops_(1,1,1)",1,1,1,0.701471028916427,9,4351.715119381,483.523902153445,FLOAT
"no_pair_loops_(1,1,1)",1,1,1,0.703546912710775,9,3676.39180851635,408.487978724039,FLOAT
"no_pair_loops_(1,1,1)",1,1,1,0.705746611258478,9,3106.74189263272,345.193543625857,FLOAT
"no_pair_loops_(1,1,1)",1,1,1,0.708077509410841,9,2626.13260983081,291.792512203424,FLOAT
"no_pair_loops_(1,1,1)",1,1,1,0.710547432483875,9,2220.55999738234,246.728888598038,FLOAT
"no_pair_loops_(1,1,1)",1,1,1,0.713164672529529,9,1878.23220948768,208.692467720853,FLOAT
"no_pair_loops_(1,1,1)",1,1,1,0.715938016173855,9,1589.21901469221,176.579890521357,FLOAT
"no_pair_loops_(1,1,1)",1,1,1,0.718876774115565,9,1345.15694734518,149.461883038353,FLOAT
"no_pair_loops_(1,1,1)",1,1,1,0.721990812384003,9,1139.00126314899,126.555695905443,FLOAT
"no_pair_loops_(1,1,1)",1,1,1,0.725290585461487,9,964.817257571758,107.201917507973,FLOAT
"no_pair_loops_(1,1,1)",1,1,1,0.728787171381207,9,817.604690224643,90.8449655805159,FLOAT
"no_pair_loops_(1,1,1)",1,1,1,0.732492308918514,9,693.150053999019,77.0166726665577,FLOAT
"no_pair_loops_(1,1,1)",1,1,1,0.736418437000464,9,587.902264878313,65.3224738753681,FLOAT
"no_pair_loops_(1,1,1)",1,1,1,0.740578736465914,9,498.868052152351,55.4297835724835,FLOAT
"no_pair_loops_(1,1,1)",1,1,1,0.744987174316374,9,423.523920509477,47.0582133899419,FLOAT
"no_pair_loops_(1,1,1)",1,1,1,0.749658550606174,9,359.742053017976,39.9713392242196,FLOAT
"no_pair_loops_(1,1,1)",1,1,1,0.754608548129361,9,305.727942341982,33.9697713713314,FLOAT
"no_pair_loops_(1,1,1)",1,1,1,0.759853785070145,9,259.96788928546,28.8853210317178,FLOAT
"no_pair_loops_(1,1,1)",1,1,1,0.765411870793641,9,221.184803526379,24.5760892807088,FLOAT
"no_pair_loops_(1,1,1)",1,1,1,0.771301464964215,9,188.300990107922,20.9223322342136,FLOAT
"no_pair_loops_(1,1,1)",1,1,1,0.777542340189913,9,160.406814389477,17.8229793766086,FLOAT
"no_pair_loops_(1,1,1)",1,1,1,0.784155448403264,9,136.734314028008,15.1927015586675,FLOAT
"no_pair_loops_(1,1,1)",1,1,1,0.791162991201332,9,116.634974457065,12.9594416063406,FLOAT
"no_pair_loops_(1,1,1)",1,1,1,0.798588494381158,9,99.5610087091561,11.0623343010173,FLOAT
"no_pair_loops_(1,1,1)",1,1,1,0.806456886920807,9,85.0495870310879,9.44995411456532,FLOAT
"no_pair_loops_(1,1,1)",1,1,1,0.814794584671205,9,72.709549718497,8.07883885761078,FLOAT
"no_pair_loops_(1,1,1)",1,1,1,0.823629579039712,9,62.2102105910929,6.91224562123255,FLOAT
"no_pair_loops_(1,1,1)",1,1,1,0.83299153096317,9,53.2719207687799,5.91910230764221,FLOAT
"no_pair_loops_(1,1,1)",1,1,1,0.842911870485915,9,45.6581147611232,5.07312386234702,FLOAT
"no_pair_loops_(1,1,1)",1,1,1,0.853423902277057,9,39.1686049211306,4.35206721345896,FLOAT
"no_pair_loops_(1,1,1)",1,1,1,0.864562917441269,9,33.6339273612314,3.73710304013683,FLOAT
"no_pair_loops_(1,1,1)",1,1,1,0.876366311998457,9,28.9105735963274,3.21228595514749,FLOAT
"no_pair_loops_(1,1,1)",1,1,1,0.888873712430073,9,24.8769684006657,2.76410760007396,FLOAT
"no_pair_loops_(1,1,1)",1,1,1,0.9,9,21.9349677272044,2.43721863635605,FLOAT
"no_pair_loops_(1,1,1)",1,1,1,0.902127108713561,9,21.4300764280169,2.38111960311299,FLOAT
"no_pair_loops_(1,1,1)",1,1,1,0.912667383761716,9,19.1601812392185,2.12890902657983,FLOAT
"no_pair_loops_(1,1,1)",1,1,1,0.916170995291558,9,18.4825387092116,2.05361541213462,FLOAT
"no_pair_loops_(1,1,1)",1,1,1,0.923730141409766,9,17.1341789084708,1.90379765649675,FLOAT
"no_pair_loops_(1,1,1)",1,1,1,0.931052520449102,9,15.9602557632559,1.77336175147287,FLOAT
"no_pair_loops_(1,1,1)",1,1,1,0.933391537091908,9,15.6099305499036,1.73443672776707,FLOAT
"no_pair_loops_(1,1,1)",1,1,1,0.941829086706256,9,14.4353482179507,1.6039275797723,FLOAT
"no_pair_loops_(1,1,1)",1,1,1,0.946821644600358,9,13.800347205455,1.53337191171722,FLOAT
"no_pair_loops_(1,1,1)",1,1,1,0.94919781953087,9,13.5124299844009,1.50138110937788,FLOAT
"no_pair_loops_(1,1,1)",1,1,1,0.955633126690214,9,12.7755752514959,1.41950836127732,FLOAT
"no_pair_loops_(1,1,1)",1,1,1,0.961253248795439,9,12.1794324895375,1.35327027661527,FLOAT
"no_pair_loops_(1,1,1)",1,1,1,0.963531308016255,9,11.9494288012821,1.32771431125356,FLOAT
"no_pair_loops_(1,1,1)",1,1,1,0.966161448465718,9,11.6917693654254,1.29908548504727,FLOAT
"no_pair_loops_(1,1,1)",1,1,1,0.970447907647971,9,11.2891221559512,1.2543469062168,FLOAT
"no_pair_loops_(1,1,1)",1,1,1,0.974191384595819,9,10.9540493399343,1.21711659332603,FLOAT
"no_pair_loops_(1,1,1)",1,1,1,0.977460660952652,9,10.6733455948749,1.18592728831943,FLOAT
"no_pair_loops_(1,1,1)",1,1,1,0.980315805527134,9,10.436849501041,1.15964994456011,FLOAT
"no_pair_loops_(1,1,1)",1,1,1,0.981237608556118,9,10.3621572287612,1.15135080319568,FLOAT
"no_pair_loops_(1,1,1)",1,1,1,0.982809277981414,9,10.2366288071271,1.1374032007919,FLOAT
"no_pair_loops_(1,1,1)",1,1,1,0.984986892710918,9,10.0664119307578,1.11849021452864,FLOAT
"no_pair_loops_(1,1,1)",1,1,1,0.986888660625784,9,9.92118371499902,1.102353746111,FLOAT
"no_pair_loops_(1,1,1)",1,1,1,0.988549524300617,9,9.79689301008891,1.08854366778766,FLOAT
"no_pair_loops_(1,1,1)",1,1,1,0.99,9,9.69023780551587,1.07669308950176,FLOAT
"no_pair_loops_(1,1,1)",1,1,1,0.991266738376172,9,9.59850505736967,1.06650056192996,FLOAT
"no_pair_loops_(1,1,1)",1,1,1,0.992373014140977,9,9.51944969287345,1.05771663254149,FLOAT
"no_pair_loops_(1,1,1)",1,1,1,0.993339153709191,9,9.45120207998549,1.05013356444283,FLOAT
"no_pair_loops_(1,1,1)",1,1,1,0.994182908670626,9,9.39219645429705,1.04357738381078,FLOAT
"no_pair_loops_(1,1,1)",1,1,1,0.994919781953087,9,9.34111496694419,1.0379016629938,FLOAT
"no_pair_loops_(1,1,1)",1,1,1,0.995563312669021,9,9.29684351101654,1.03298261233517,FLOAT
"no_pair_loops_(1,1,1)",1,1,1,0.996125324879544,9,9.25843652583168,1.02871516953685,FLOAT
"no_pair_loops_(1,1,1)",1,1,1,0.996616144846572,9,9.225088714531,1.02500985717011,FLOAT
"no_pair_loops_(1,1,1)",1,1,1,0.997044790764797,9,9.19611213674454,1.02179023741606,FLOAT
"no_pair_loops_(1,1,1)",1,1,1,0.997419138459582,9,9.17091751858094,1.01899083539788,FLOAT
"no_pair_loops_(1,1,1)",1,1,1,0.997746066095265,9,9.14899890019981,1.01655543335553,FLOAT
"no_pair_loops_(1,1,1)",1,1,1,0.998031580552713,9,9.12992094634349,1.01443566070483,FLOAT
"no_pair_loops_(1,1,1)",1,1,1,0.998280927798141,9,9.11330839796866,1.01258982199652,FLOAT
"no_pair_loops_(1,1,1)",1,1,1,0.998498689271092,9,9.09883725790283,1.01098191754476,FLOAT
"no_pair_loops_(1,1,1)",1,1,1,0.998688866062578,9,9.08622739043456,1.0095808211594,FLOAT
"no_pair_loops_(1,1,1)",1,1,1,0.998854952430062,9,9.07523628119966,1.00835958679996,FLOAT
"no_pair_loops_(1,1,1)",1,1,1,0.999,9,9.06565375489747,1.00729486165527,FLOAT
"no_pair_loops_(1,1,1)",1,1,1,0.999126673837617,9,9.0572974880736,1.00636638756373,FLOAT
"no_pair_loops_(1,1,1)",1,1,1,0.999237301414098,9,9.05000918523902,1.00555657613767,FLOAT
"no_pair_loops_(1,1,1)",1,1,1,0.999333915370919,9,9.04365131102637,1.0048501456696,FLOAT
"no_pair_loops_(1,1,1)",1,1,1,0.999418290867063,9,9.03810429045152,1.00423381005017,FLOAT
"no_pair_loops_(1,1,1)",1,1,1,0.999491978195309,9,9.0332641048063,1.00369601164514,FLOAT
"no_pair_loops_(1,1,1)",1,1,1,0.999556331266902,9,9.02904022312587,1.00322669145843,FLOAT
"no_pair_loops_(1,1,1)",1,1,1,0.999612532487954,9,9.02535381921384,1.00281709102376,FLOAT
"no_pair_loops_(1,1,1)",1,1,1,0.999661614484657,9,9.022136232374,1.00245958137489,FLOAT
"no_pair_loops_(1,1,1)",1,1,1,0.99970447907648,9,9.01932763667844,1.00214751518649,FLOAT
"no_pair_loops_(1,1,1)",1,1,1,0.999741913845958,9,9.01687588909826,1.0018750987887,FLOAT
"no_pair_loops_(1,1,1)",1,1,1,0.999774606609527,9,9.0147355313693,1.00163728126326,FLOAT
"no_pair_loops_(1,1,1)",1,1,1,0.999803158055271,9,9.0128669242436,1.00142965824929,FLOAT
"no_pair_loops_(1,1,1)",1,1,1,0.999828092779814,9,9.01123549593308,1.00124838843701,FLOAT
"no_pair_loops_(1,1,1)",1,1,1,0.999849868927109,9,9.00981108919837,1.00109012102204,FLOAT
"no_pair_loops_(1,1,1)",1,1,1,0.999868886606258,9,9.00856739376471,1.00095193264052,FLOAT
"no_pair_loops_(1,1,1)",1,1,1,0.999885495243006,9,9.00748145263079,1.00083127251453,FLOAT
"no_pair_loops_(1,1,1)",1,1,1,0.9999,9,9.00653323243438,1.00072591471493,FLOAT
"no_pair_loops_(1,1,1)",1,1,1,0.999912667383762,9,9.00570524939849,1.00063391659983,FLOAT
"no_pair_loops_(1,1,1)",1,1,1,0.99992373014141,9,9.00498224354169,1.00055358261574,FLOAT
"no_pair_loops_(1,1,1)",1,1,1,0.999933391537092,9,9.00435089482901,1.00048343275878,FLOAT
"no_pair_loops_(1,1,1)",1,1,1,0.999941829086706,9,9.00379957579078,1.00042217508787,FLOAT
"no_pair_loops_(1,1,1)",1,1,1,0.999949197819531,9,9.00331813586822,1.00036868176314,FLOAT
"no_pair_loops_(1,1,1)",1,1,1,0.99995563312669,9,9.00289771337386,1.00032196815265,FLOAT
"no_pair_loops_(1,1,1)",1,1,1,0.999961253248795,9,9.00253057149844,1.00028117461094,FLOAT
"no_pair_loops_(1,1,1)",1,1,1,0.999966161448466,9,9.00220995526385,1.00024555058487,FLOAT
"no_pair_loops_(1,1,1)",1,1,1,0.999970447907648,9,9.0019299667283,1.00021444074759,FLOAT
"no_pair_loops_(1,1,1)",1,1,1,0.999974191384596,9,9.00168545609995,1.00018727289999,FLOAT
"no_pair_loops_(1,1,1)",1,1,1,0.999977460660953,9,9.00147192672018,1.00016354741335,FLOAT
"no_pair_loops_(1,1,1)",1,1,1,0.999980315805527,9,9.00128545214127,1.0001428280157,FLOAT
"no_pair_loops_(1,1,1)",1,1,1,0.999982809277981,9,9.00112260375279,1.00012473375031,FLOAT
"no_pair_loops_(1,1,1)",1,1,1,0.999984986892711,9,9.00098038760963,1.00010893195663,FLOAT
"no_pair_loops_(1,1,1)",1,1,1,0.999986888660626,9,9.00085618928815,1.00009513214313,FLOAT
"no_pair_loops_(1,1,1)",1,1,1,0.999988549524301,9,9.00074772574741,1.0000830806386,FLOAT
"no_pair_loops_(1,1,1)",1,1,1,0.99999,9,9.00065300330336,1.0000725559226,FLOAT
"no_pair_loops_(1,1,1)",1,1,1,0.999991266738376,9,9.00057028093796,1.00006336454866,FLOAT
"no_pair_loops_(1,1,1)",1,1,1,0.999992373014141,9,9.00049803826487,1.00005533758499,FLOAT
"no_pair_loops_(1,1,1)",1,1,1,0.999993339153709,9,9.00043494755994,1.00004832750666,FLOAT
"no_pair_loops_(1,1,1)",1,1,1,0.999994182908671,9,9.00037984933933,1.00004220548215,FLOAT
"no_pair_loops_(1,1,1)",1,1,1,0.999994919781953,9,9.00033173103566,1.00003685900396,FLOAT
"no_pair_loops_(1,1,1)",1,1,1,0.999995563312669,9,9.00028970837783,1.00003218981976,FLOAT
"no_pair_loops_(1,1,1)",1,1,1,0.99999612532488,9,9.00025300913207,1.00002811212579,FLOAT
"no_pair_loops_(1,1,1)",1,1,1,0.999996616144847,9,9.00022095890422,1.00002455098936,FLOAT
"no_pair_loops_(1,1,1)",1,1,1,0.999997044790765,9,9.00019296874177,1.00002144097131,FLOAT
"no_pair_loops_(1,1,1)",1,1,1,0.99999741913846,9,9.00016852430743,1.00001872492305,FLOAT
"no_pair_loops_(1,1,1)",1,1,1,0.999997746066095,9,9.00014717642485,1.00001635293609,FLOAT
"no_pair_loops_(1,1,1)",1,1,1,0.999998031580553,9,9.00012853282263,1.00001428142474,FLOAT
"no_pair_loops_(1,1,1)",1,1,1,0.999998280927798,9,9.00011225092442,1.00001247232494,FLOAT
"no_pair_loops_(1,1,1)",1,1,1,0.999998498689271,9,9.00009803155289,1.00001089239477,FLOAT
"no_pair_loops_(1,1,1)",1,1,1,0.999998688866063,9,9.00008561343128,1.00000951260348,FLOAT
"no_pair_loops_(1,1,1)",1,1,1,0.99999885495243,9,9.00007476838181,1.00000830759798,FLOAT
"no_pair_loops_(1,1,1)",1,1,1,0.999999,9,9.00006529713242,1.00000725523694,FLOAT
"no_pair_loops_(1,1,1)",1,1,1,0.999999126673838,9,9.00005702565477,1.00000633618386,FLOAT
"no_pair_loops_(1,1,1)",1,1,1,0.999999237301414,9,9.00004980196626,1.00000553355181,FLOAT
"no_pair_loops_(1,1,1)",1,1,1,0.999999333915371,9,9.00004349333721,1.00000483259302,FLOAT
"no_pair_loops_(1,1,1)",1,1,1,0.999999418290867,9,9.00003798385183,1.00000422042798,FLOAT
"no_pair_loops_(1,1,1)",1,1,1,0.999999491978195,9,9.00003317227826,1.0000036858087,FLOAT
"no_pair_loops_(1,1,1)",1,1,1,0.999999556331267,9,9.00002897020832,1.00000321891204,FLOAT
"no_pair_loops_(1,1,1)",1,1,1,0.999999612532488,9,9.00002530043313,1.00000281115924,FLOAT
"no_pair_loops_(1,1,1)",1,1,1,0.999999661614485,9,9.00002209552426,1.00000245505825,FLOAT
"no_pair_loops_(1,1,1)",1,1,1,0.999999704479076,9,9.00001929659491,1.0000021440661,FLOAT
"no_pair_loops_(1,1,1)",1,1,1,0.999999741913846,9,9.00001685221775,1.00000187246864,FLOAT
"no_pair_loops_(1,1,1)",1,1,1,0.999999774606609,9,9.00001471748003,1.00000163527556,FLOAT
"no_pair_loops_(1,1,1)",1,1,1,0.999999803158055,9,9.00001285315837,1.00000142812871,FLOAT
"no_pair_loops_(1,1,1)",1,1,1,0.99999982809278,9,9.00001122499795,1.00000124722199,FLOAT
"no_pair_loops_(1,1,1)",1,1,1,0.999999849868927,9,9.00000980308322,1.00000108923147,FLOAT
"no_pair_loops_(1,1,1)",1,1,1,0.999999868886606,9,9.00000856128815,1.00000095125424,FLOAT
"no_pair_loops_(1,1,1)",1,1,1,0.999999885495243,9,9.00000747679626,1.00000083075514,FLOAT
"no_pair_loops_(1,1,1)",1,1,1,0.9999999,9,9.00000652968127,1.00000072552014,FLOAT
"no_pair_loops_(1,1,1)",1,1,1,0.999999912667384,9,9.00000570254109,1.00000063361568,FLOAT
"no_pair_loops_(1,1,1)",1,1,1,0.999999923730141,9,9.00000498017803,1.00000055335311,FLOAT
"no_pair_loops_(1,1,1)",1,1,1,0.999999933391537,9,9.00000434931954,1.00000048325773,FLOAT
"no_pair_loops_(1,1,1)",1,1,1,0.999999941829087,9,9.00000379837437,1.0000004220416,FLOAT
"no_pair_loops_(1,1,1)",1,1,1,0.99999994919782,9,9.00000331721958,1.00000036857995,FLOAT
"no_pair_loops_(1,1,1)",1,1,1,0.999999955633127,9,9.00000289701454,1.0000003218905,FLOAT
"no_pair_loops_(1,1,1)",1,1,1,0.999999961253249,9,9.00000253003852,1.00000028111539,FLOAT
"no_pair_loops_(1,1,1)",1,1,1,0.999999966161448,9,9.00000220954877,1.00000024550542,FLOAT
"no_pair_loops_(1,1,1)",1,1,1,0.999999970447908,9,9.0000019296567,1.0000002144063,FLOAT
"no_pair_loops_(1,1,1)",1,1,1,0.999999974191385,9,9.00000168521965,1.00000018724663,FLOAT
"no_pair_loops_(1,1,1)",1,1,1,0.999999977460661,9,9.00000147174638,1.00000016352738,FLOAT
"no_pair_loops_(1,1,1)",1,1,1,0.999999980315806,9,9.00000128531461,1.00000014281273,FLOAT
"no_pair_loops_(1,1,1)",1,1,1,0.999999982809278,9,9.00000112249886,1.0000001247221,FLOAT
"no_pair_loops_(1,1,1)",1,1,1,0.999999984986893,9,9.00000098030761,1.00000010892307,FLOAT
"no_pair_loops_(1,1,1)",1,1,1,0.999999986888661,9,9.00000085612827,1.00000009512536,FLOAT
"no_pair_loops_(1,1,1)",1,1,1,0.999999988549524,9,9.0000007476792,1.00000008307547,FLOAT
"no_pair_loops_(1,1,1)",1,1,1,0.99999999,9,9.00000065296781,1.00000007255198,FLOAT
"all_antagonistic_(3,3,3)",3,3,3,0.666666676666667,27,1.67583914213507e+23,6.2068116375373e+21,FLOAT
"all_antagonistic_(3,3,3)",3,3,3,0.66666667726311,27,1.40848406319289e+23,5.21660764145515e+21,FLOAT
"all_antagonistic_(3,3,3)",3,3,3,0.666666677895128,27,1.18378154113055e+23,4.3843760782613e+21,FLOAT
"all_antagonistic_(3,3,3)",3,3,3,0.666666678564843,27,9.94926912499641e+22,3.68491449073941e+21,FLOAT
"all_antagonistic_(3,3,3)",3,3,3,0.666666679274502,27,8.36201237868972e+22,3.09704162173693e+21,FLOAT
"all_antagonistic_(3,3,3)",3,3,3,0.666666680026488,27,7.02797812354245e+22,2.60295486057128e+21,FLOAT
"all_antagonistic_(3,3,3)",3,3,3,0.666666680823326,27,5.90676947882213e+22,2.18769239956375e+21,FLOAT
"all_antagonistic_(3,3,3)",3,3,3,0.666666681667691,27,4.96443294596343e+22,1.83867886887535e+21,FLOAT
"all_antagonistic_(3,3,3)",3,3,3,0.666666682562417,27,4.17243191500073e+22,1.54534515370397e+21,FLOAT
"all_antagonistic_(3,3,3)",3,3,3,0.666666683510509,27,3.50678281828393e+22,1.29880845121627e+21,FLOAT
"all_antagonistic_(3,3,3)",3,3,3,0.666666684515149,27,2.94732810505482e+22,1.09160300187216e+21,FLOAT
"all_antagonistic_(3,3,3)",3,3,3,0.66666668557971,27,2.47712599587875e+22,9.17454072547685e+20,FLOAT
"all_antagonistic_(3,3,3)",3,3,3,0.666666686707767,27,2.08193768783352e+22,7.71088032530932e+20,FLOAT
"all_antagonistic_(3,3,3)",3,3,3,0.666666687903105,27,1.74979568296961e+22,6.48072475173929e+20,FLOAT
"all_antagonistic_(3,3,3)",3,3,3,0.666666689169739,27,1.47064198207629e+22,5.44682215583809e+20,FLOAT
"all_antagonistic_(3,3,3)",3,3,3,0.66666669051192,27,1.23602307591629e+22,4.5778632441344e+20,FLOAT
"all_antagonistic_(3,3,3)",3,3,3,0.666666691934155,27,1.03883411147697e+22,3.84753374621102e+20,FLOAT
"all_antagonistic_(3,3,3)",3,3,3,0.666666693441218,27,8.73103684387975e+21,3.23371734958509e+20,FLOAT
"all_antagonistic_(3,3,3)",3,3,3,0.666666695038169,27,7.33813063375648e+21,2.71782616065055e+20,FLOAT
"all_antagonistic_(3,3,3)",3,3,3,0.666666696730369,27,6.16744184059436e+21,2.28423771873865e+20,FLOAT
"all_antagonistic_(3,3,3)",3,3,3,0.666666698523499,27,5.18351891344214e+21,1.91982181979339e+20,FLOAT
"all_antagonistic_(3,3,3)",3,3,3,0.666666700423579,27,4.35656609757285e+21,1.61354299910105e+20,FLOAT
"all_antagonistic_(3,3,3)",3,3,3,0.666666702436989,27,3.66154120201907e+21,1.35612637111818e+20,FLOAT
"all_antagonistic_(3,3,3)",3,3,3,0.666666704570486,27,3.07739719969735e+21,1.13977674062865e+20,FLOAT
"all_antagonistic_(3,3,3)",3,3,3,0.666666706831235,27,2.58644457750998e+21,9.57942436114806e+19,FLOAT
"all_antagonistic_(3,3,3)",3,3,3,0.666666709226825,27,2.17381609742472e+21,8.05117073120266e+19,FLOAT
"all_antagonistic_(3,3,3)",3,3,3,0.666666711765299,27,1.8270163235475e+21,6.76672712425001e+19,FLOAT
"all_antagonistic_(3,3,3)",3,3,3,0.666666714455177,27,1.53554326605906e+21,5.68719728170022e+19,FLOAT
"all_antagonistic_(3,3,3)",3,3,3,0.666666717305492,27,1.29057035605708e+21,4.77989020761881e+19,FLOAT
"all_antagonistic_(3,3,3)",3,3,3,0.666666720325813,27,1.08467919771571e+21,4.01733036191004e+19,FLOAT
"all_antagonistic_(3,3,3)",3,3,3,0.666666723526278,27,9.11634901915094e+20,3.3764255626485e+19,FLOAT
"all_antagonistic_(3,3,3)",3,3,3,0.666666726917633,27,7.66197220680973e+20,2.8377674840036e+19,FLOAT
"all_antagonistic_(3,3,3)",3,3,3,0.666666730511263,27,6.439619521632e+20,2.38504426727111e+19,FLOAT
"all_antagonistic_(3,3,3)",3,3,3,0.666666734319233,27,5.41227482058611e+20,2.00454622984671e+19,FLOAT
"all_antagonistic_(3,3,3)",3,3,3,0.666666738354327,27,4.54882760511369e+20,1.68475096485692e+19,FLOAT
"all_antagonistic_(3,3,3)",3,3,3,0.666666742630091,27,3.823130405321e+20,1.41597422419296e+19,FLOAT
"all_antagonistic_(3,3,3)",3,3,3,0.66666674716088,27,3.21320733655955e+20,1.19007679131835e+19,FLOAT
"all_antagonistic_(3,3,3)",3,3,3,0.666666751961906,27,2.70058833807091e+20,1.00021790298923e+19,FLOAT
"all_antagonistic_(3,3,3)",3,3,3,0.666666757049286,27,2.26975003224988e+20,8.40648160092549e+18,FLOAT
"all_antagonistic_(3,3,3)",3,3,3,0.666666762440099,27,1.90764551930901e+20,7.06535377521857e+18,FLOAT
"all_antagonistic_(3,3,3)",3,3,3,0.666666768152444,27,1.60330932542432e+20,5.93818268675675e+18,FLOAT
"all_antagonistic_(3,3,3)",3,3,3,0.666666774205498,27,1.34752542257249e+20,4.99083489841663e+18,FLOAT
"all_antagonistic_(3,3,3)",3,3,3,0.666666780619582,27,1.13254799450083e+20,4.19462220185491e+18,FLOAT
"all_antagonistic_(3,3,3)",3,3,3,0.66666678741623,27,9.51866994533537e+19,3.52543331308717e+18,FLOAT
"all_antagonistic_(3,3,3)",3,3,3,0.66666679461826,27,8.00010931376111e+19,2.96300344954115e+18,FLOAT
"all_antagonistic_(3,3,3)",3,3,3,0.666666802249851,27,6.72381223443603e+19,2.4903008275689e+18,FLOAT
"all_antagonistic_(3,3,3)",3,3,3,0.666666810336623,27,5.65112920099385e+19,2.09301081518291e+18,FLOAT
"all_antagonistic_(3,3,3)",3,3,3,0.666666818905725,27,4.74957662844382e+19,1.75910245497919e+18,FLOAT
"all_antagonistic_(3,3,3)",3,3,3,0.666666827985925,27,3.99185321652328e+19,1.47846415426788e+18,FLOAT
"all_antagonistic_(3,3,3)",3,3,3,0.666666837607709,27,3.35501319508428e+19,1.24259747966084e+18,FLOAT
"all_antagonistic_(3,3,3)",3,3,3,0.666666847803377,27,2.81977141533073e+19,1.04435978345583e+18,FLOAT
"all_antagonistic_(3,3,3)",3,3,3,0.66666685860716,27,2.36991941094818e+19,8.77747929980809e+17,FLOAT
"all_antagonistic_(3,3,3)",3,3,3,0.666666870055327,27,1.99183453427396e+19,7.37716494175542e+17,FLOAT
"all_antagonistic_(3,3,3)",3,3,3,0.666666882186313,27,1.67406740764725e+19,6.20024965795277e+17,FLOAT
"all_antagonistic_(3,3,3)",3,3,3,0.666666895040844,27,1.40699523922301e+19,5.21109347860375e+17,FLOAT
"all_antagonistic_(3,3,3)",3,3,3,0.666666908662074,27,1.18253041558332e+19,4.37974227993823e+17,FLOAT
"all_antagonistic_(3,3,3)",3,3,3,0.666666923095735,27,9.93875572377702e+18,3.68102063843593e+17,FLOAT
"all_antagonistic_(3,3,3)",3,3,3,0.666666938390282,27,8.35317766394652e+18,3.09376950516538e+17,FLOAT
"all_antagonistic_(3,3,3)",3,3,3,0.666666954597062,27,7.02055465973614e+18,2.6002054295319e+17,FLOAT
"all_antagonistic_(3,3,3)",3,3,3,0.666666971770485,27,5.90053157299565e+18,2.18538206407246e+17,FLOAT
"all_antagonistic_(3,3,3)",3,3,3,0.666666989968206,27,4.95919124889752e+18,1.83673749959167e+17,FLOAT
"all_antagonistic_(3,3,3)",3,3,3,0.666667009251318,27,4.1680275617297e+18,1.54371391175174e+17,FLOAT
"all_antagonistic_(3,3,3)",3,3,3,0.666667029684559,27,3.50308208970414e+18,1.29743781100153e+17,FLOAT
"all_antagonistic_(3,3,3)",3,3,3,0.666667051336528,27,2.944218610196e+18,1.09045133710963e+17,FLOAT
"all_antagonistic_(3,3,3)",3,3,3,0.666667074279914,27,2.47451334818628e+18,9.16486425254178e+16,FLOAT
"all_antagonistic_(3,3,3)",3,3,3,0.666667098591744,27,2.07974244689958e+18,7.70274980333176e+16,FLOAT
"all_antagonistic_(3,3,3)",3,3,3,0.666667124353638,27,1.74795126292812e+18,6.47389356640044e+16,FLOAT
"all_antagonistic_(3,3,3)",3,3,3,0.666667151652083,27,1.4690923325383e+18,5.44108271310481e+16,FLOAT
"all_antagonistic_(3,3,3)",3,3,3,0.666667180578726,27,1.23472111296854e+18,4.57304115914273e+16,FLOAT
"all_antagonistic_(3,3,3)",3,3,3,0.66666721123068,27,1.0377402620819e+18,3.8434824521552e+16,FLOAT
"all_antagonistic_(3,3,3)",3,3,3,0.66666724371085,27,8.72184712397241e+17,3.23031374961941e+16,FLOAT
"all_antagonistic_(3,3,3)",3,3,3,0.666667278128279,27,7.33041031092062e+17,2.71496678182245e+16,FLOAT
"all_antagonistic_(3,3,3)",3,3,3,0.666667314598514,27,6.16095606203784e+17,2.28183557853253e+16,FLOAT
"all_antagonistic_(3,3,3)",3,3,3,0.666667353243992,27,5.17807040577356e+17,1.91780385399021e+16,FLOAT
"all_antagonistic_(3,3,3)",3,3,3,0.666667394194455,27,4.35198915439578e+17,1.6118478349614e+16,FLOAT
"all_antagonistic_(3,3,3)",3,3,3,0.666667437587381,27,3.65769654663035e+17,1.35470242467791e+16,FLOAT
"all_antagonistic_(3,3,3)",3,3,3,0.666667483568452,27,3.07416770254434e+17,1.13858063057198e+16,FLOAT
"all_antagonistic_(3,3,3)",3,3,3,0.666667532292033,27,2.58373194397434e+17,9.56937757027533e+15,FLOAT
"all_antagonistic_(3,3,3)",3,3,3,0.666667583921701,27,2.17153768704699e+17,8.04273217424813e+15,FLOAT
"all_antagonistic_(3,3,3)",3,3,3,0.666667638630787,27,1.82510269113704e+17,6.75963959680386e+15,FLOAT
"all_antagonistic_(3,3,3)",3,3,3,0.666667696602962,27,1.53393606848575e+17,5.68124469809538e+15,FLOAT
"all_antagonistic_(3,3,3)",3,3,3,0.66666775803285,27,1.28922059228691e+17,4.77489108254412e+15,FLOAT
"all_antagonistic_(3,3,3)",3,3,3,0.666667823126684,27,1.08354569149006e+17,4.01313219070392e+15,FLOAT
"all_antagonistic_(3,3,3)",3,3,3,0.666667892102997,27,9.10683039757852e+16,3.3729001472513e+15,FLOAT
"all_antagonistic_(3,3,3)",3,3,3,0.666667965193359,27,7.65397944573264e+16,2.8348072021232e+15,FLOAT
"all_antagonistic_(3,3,3)",3,3,3,0.666668042643148,27,6.43290830019345e+16,2.38255862970128e+15,FLOAT
"all_antagonistic_(3,3,3)",3,3,3,0.66666812471238,27,5.40664004637462e+16,2.00245927643504e+15,FLOAT
"all_antagonistic_(3,3,3)",3,3,3,0.666668211676578,27,4.54409688076852e+16,1.68299884472908e+15,FLOAT
"all_antagonistic_(3,3,3)",3,3,3,0.666668303827701,27,3.81915898552224e+16,1.4145033279712e+15,FLOAT
"all_antagonistic_(3,3,3)",3,3,3,0.666668401475117,27,3.20987356398554e+16,1.18884206073539e+15,FLOAT
"all_antagonistic_(3,3,3)",3,3,3,0.666668504946651,27,2.69779005071112e+16,999181500263379,FLOAT
"all_antagonistic_(3,3,3)",3,3,3,0.666668614589678,27,2.26740138621969e+16,839778291192476,FLOAT
"all_antagonistic_(3,3,3)",3,3,3,0.666668730772293,27,1.90567442506332e+16,705805342616045,FLOAT
"all_antagonistic_(3,3,3)",3,3,3,0.666668853884545,27,1.60165526010815e+16,593205651891909,FLOAT
"all_antagonistic_(3,3,3)",3,3,3,0.666668984339748,27,1.34613751116032e+16,498569448577896,FLOAT
"all_antagonistic_(3,3,3)",3,3,3,0.666669122575868,27,1.13138353567318e+16,419030939138215,FLOAT
"all_antagonistic_(3,3,3)",3,3,3,0.666669269056992,27,9.50890111532497e+15,352181522789814,FLOAT
"all_antagonistic_(3,3,3)",3,3,3,0.666669424274889,27,7.99191506102488e+15,295996854112033,FLOAT
"all_antagonistic_(3,3,3)",3,3,3,0.666669588750657,27,6.71693959213622e+15,248775540449490,FLOAT
"all_antagonistic_(3,3,3)",3,3,3,0.666669763036477,27,5.64536574319589e+15,209087620118366,FLOAT
"all_antagonistic_(3,3,3)",3,3,3,0.666669947717462,27,4.74474400831862e+15,175731259567356,FLOAT
"all_antagonistic_(3,3,3)",3,3,3,0.666670143413626,27,3.98780169356318e+15,147696359020859,FLOAT
"all_antagonistic_(3,3,3)",3,3,3,0.666670350781961,27,3.3516170411035e+15,124133964485315,FLOAT
"all_antagonistic_(3,3,3)",3,3,3,0.666670570518648,27,2.81692509910235e+15,104330559226013,FLOAT
"all_antagonistic_(3,3,3)",3,3,3,0.666670803361388,27,2.36753433667876e+15,87686456914028.1,FLOAT
"all_antagonistic_(3,3,3)",3,3,3,0.666671050091883,27,1.98983632747479e+15,73697641758325.7,FLOAT
"all_antagonistic_(3,3,3)",3,3,3,0.66667131153846,27,1.6723936550716e+15,61940505743392.7,FLOAT
"all_antagonistic_(3,3,3)",3,3,3,0.666671588578849,27,1.40559356167288e+15,52059020802699.2,FLOAT
"all_antagonistic_(3,3,3)",3,3,3,0.666671882143135,27,1.18135685255313e+15,43753957501968,FLOAT
"all_antagonistic_(3,3,3)",3,3,3,0.666672193216873,27,992893239992580,36773823703428.9,FLOAT
"all_antagonistic_(3,3,3)",3,3,3,0.666672522844405,27,834495717942521,30907248812686,FLOAT
"all_antagonistic_(3,3,3)",3,3,3,0.666672872132358,27,701367741656822,25976583024326.7,FLOAT
"all_antagonistic_(3,3,3)",3,3,3,0.666673242253367,27,589477977982273,21832517703047.1,FLOAT
"all_antagonistic_(3,3,3)",3,3,3,0.666673634450005,27,495438227647117,18349563986930.2,FLOAT
"all_antagonistic_(3,3,3)",3,3,3,0.66667405003896,27,416400823539983,15422252723703.1,FLOAT
"all_antagonistic_(3,3,3)",3,3,3,0.66667449041545,27,349972397432246,12961940645638.7,FLOAT
"all_antagonistic_(3,3,3)",3,3,3,0.666674957057912,27,294141403670461,10894126061868.9,FLOAT
"all_antagonistic_(3,3,3)",3,3,3,0.666675451532965,27,247217205487857,9156192795846.57,FLOAT
"all_antagonistic_(3,3,3)",3,3,3,0.666675975500663,27,207778879299552,7695514048131.55,FLOAT
"all_antagonistic_(3,3,3)",3,3,3,0.666676530720078,27,174632186082472,6467858743795.27,FLOAT
"all_antagonistic_(3,3,3)",3,3,3,0.666677119055197,27,146773407642184,5436052134895.7,FLOAT
"all_antagonistic_(3,3,3)",3,3,3,0.666677742481186,27,123358952060610,4568850076318.9,FLOAT
"all_antagonistic_(3,3,3)",3,3,3,0.666678403091018,27,103679808167631,3839992895097.46,FLOAT
"all_antagonistic_(3,3,3)",3,3,3,0.666679103102497,27,87140075380876.3,3227410199291.71,FLOAT
"all_antagonistic_(3,3,3)",3,3,3,0.666679844865711,27,73238918775564.6,2712552547243.13,FLOAT
"all_antagonistic_(3,3,3)",3,3,3,0.666680630870915,27,61555402916097.9,2279829737633.26,FLOAT
"all_antagonistic_(3,3,3)",3,3,3,0.666681463756893,27,51735745244919.3,1916138712774.79,FLOAT
"all_antagonistic_(3,3,3)",3,3,3,0.666682346319819,27,43482602945407.3,1610466775755.82,FLOAT
"all_antagonistic_(3,3,3)",3,3,3,0.666683281522644,27,36546068937575,1353558108799.07,FLOAT
"all_antagonistic_(3,3,3)",3,3,3,0.666684272505039,27,30716104311256.1,1137633493009.49,FLOAT
"all_antagonistic_(3,3,3)",3,3,3,0.666685322593942,27,25816178038277.3,956154742158.42,FLOAT
"all_antagonistic_(3,3,3)",3,3,3,0.666686435314721,27,21697921367870.1,803626717328.522,FLOAT
"all_antagonistic_(3,3,3)",3,3,3,0.666687614403016,27,18236635020136.5,675430926671.724,FLOAT
"all_antagonistic_(3,3,3)",3,3,3,0.666688863817274,27,15327513138688,567685671803.26,FLOAT
"all_antagonistic_(3,3,3)",3,3,3,0.666690187752041,27,12882469642929.2,477128505293.675,FLOAT
"all_antagonistic_(3,3,3)",3,3,3,0.666691590652045,27,10827470885614.7,401017440207.951,FLOAT
"all_antagonistic_(3,3,3)",3,3,3,0.666693077227118,27,9100293839727.4,337047919989.904,FLOAT
"all_antagonistic_(3,3,3)",3,3,3,0.666694652468004,27,7648641927763.92,283283034361.627,FLOAT
"all_antagonistic_(3,3,3)",3,3,3,0.66669632166312,27,6428561438047.47,238094868075.832,FLOAT
"all_antagonistic_(3,3,3)",3,3,3,0.666698090416304,27,5403110575467.96,200115206498.813,FLOAT
"all_antagonistic_(3,3,3)",3,3,3,0.666699964665634,27,4541240841014.48,168194105222.759,FLOAT
"all_antagonistic_(3,3,3)",3,3,3,0.66670195070336,27,3816856868053.97,141365069187.184,FLOAT
"all_antagonistic_(3,3,3)",3,3,3,0.666704055197027,27,3208026245334.87,118815786864.254,FLOAT
"all_antagonistic_(3,3,3)",3,3,3,0.666706285211866,27,2696315398197.15,99863533266.5612,FLOAT
"all_antagonistic_(3,3,3)",3,3,3,0.666708648234505,27,2266231417907.73,83934496959.5454,FLOAT
"all_antagonistic_(3,3,3)",3,3,3,0.666711152198109,27,1904752937450.83,70546405090.7716,FLOAT
"all_antagonistic_(3,3,3)",3,3,3,0.666713805509012,27,1600935847145.62,59293920264.6525,FLOAT
"all_antagonistic_(3,3,3)",3,3,3,0.666716617074936,27,1345581910864.7,49836367069.063,FLOAT
"all_antagonistic_(3,3,3)",3,3,3,0.6667195963349,27,1130960248532.09,41887416612.2996,FLOAT
"all_antagonistic_(3,3,3)",3,3,3,0.666722753290909,27,950573250777.972,35206416695.4805,FLOAT
"all_antagonistic_(3,3,3)",3,3,3,0.666726098541527,27,798959837238.122,29591105082.8934,FLOAT
"all_antagonistic_(3,3,3)",3,3,3,0.666729643317467,27,671530101225.699,24871485230.5814,FLOAT
"all_antagonistic_(3,3,3)",3,3,3,0.666733399519287,27,564426333605.94,20904679022.4422,FLOAT
"all_antagonistic_(3,3,3)",3,3,3,0.666737379757347,27,474406217451.613,17570600646.356,FLOAT
"all_antagonistic_(3,3,3)",3,3,3,0.666741597394146,27,398744656628.967,14768320615.8877,FLOAT
"all_antagonistic_(3,3,3)",3,3,3,0.666746066589179,27,335151265589.28,12413009836.64,FLOAT
"all_antagonistic_(3,3,3)",3,3,3,0.666750802346474,27,281701021933.882,10433371182.7364,FLOAT
"all_antagonistic_(3,3,3)",3,3,3,0.666755820564966,27,236775981862.466,8769480809.72097,FLOAT
"all_antagonistic_(3,3,3)",3,3,3,0.666761138091871,27,199016293648.165,7370973838.82092,FLOAT
"all_antagonistic_(3,3,3)",3,3,3,0.666766772779247,27,167279025827.087,6195519475.07729,FLOAT
"all_antagonistic_(3,3,3)",3,3,3,0.666772743543927,27,140603563412.746,5207539385.65727,FLOAT
"all_antagonistic_(3,3,3)",3,3,3,0.666779070431024,27,118182524340.395,4377130531.12574,FLOAT
"all_antagonistic_(3,3,3)",3,3,3,0.666785774681232,27,99337315507.8202,3679159833.62297,FLOAT
"all_antagonistic_(3,3,3)",3,3,3,0.666792878802131,27,83497588257.8112,3092503268.80782,FLOAT
"all_antagonistic_(3,3,3)",3,3,3,0.66680040664375,27,70183971228.9531,2599406341.81308,FLOAT
"all_antagonistic_(3,3,3)",3,3,3,0.666808383478639,27,58993557744.9221,2184946583.14526,FLOAT
"all_antagonistic_(3,3,3)",3,3,3,0.666816836086713,27,49587708312.9051,1836581789.36686,FLOAT
"all_antagonistic_(3,3,3)",3,3,3,0.666825792845157,27,41681798911.1969,1543770330.04433,FLOAT
"all_antagonistic_(3,3,3)",3,3,3,0.666835283823696,27,35036604655.6963,1297652024.28505,FLOAT
"all_antagonistic_(3,3,3)",3,3,3,0.666845340885544,27,29451057962.2072,1090779924.52619,FLOAT
"all_antagonistic_(3,3,3)",3,3,3,0.666855997794376,27,24756161935.6582,916894886.505859,FLOAT
"all_antagonistic_(3,3,3)",3,3,3,0.666867290327678,27,20809874697.1118,770736099.893031,FLOAT
"all_antagonistic_(3,3,3)",3,3,3,0.666879256396864,27,17492809760.8373,647881842.993973,FLOAT
"all_antagonistic_(3,3,3)",3,3,3,0.666891936174548,27,14704622281.2954,544615640.047976,FLOAT
"all_antagonistic_(3,3,3)",3,3,3,0.666905372229415,27,12360971756.9502,457813768.775933,FLOAT
"all_antagonistic_(3,3,3)",3,3,3,0.666919609669129,27,10390969233.4713,384850712.350789,FLOAT
"all_antagonistic_(3,3,3)",3,3,3,0.666934696291775,27,8735031717.37217,323519693.236006,FLOAT
"all_antagonistic_(3,3,3)",3,3,3,0.666950682746323,27,7343078841.32521,271965883.012045,FLOAT
"all_antagonistic_(3,3,3)",3,3,3,0.666967622702667,27,6173017185.06671,228630266.113582,FLOAT
"all_antagonistic_(3,3,3)",3,3,3,0.666985573031808,27,5189466364.67303,192202457.950853,FLOAT
"all_antagonistic_(3,3,3)",3,3,3,0.667004593996783,27,4362688324.0923,161581049.040456,FLOAT
"all_antagonistic_(3,3,3)",3,3,3,0.667024749454976,27,3667687413.9375,135840274.590278,FLOAT
"all_antagonistic_(3,3,3)",3,3,3,0.667046107072505,27,3083454014.48989,114202000.536662,FLOAT
"all_antagonistic_(3,3,3)",3,3,3,0.667068738551391,27,2592328805.03422,96012177.9642305,FLOAT
"all_antagonistic_(3,3,3)",3,3,3,0.667092719870275,27,2179468434.77563,80721053.1398382,FLOAT
"all_antagonistic_(3,3,3)",3,3,3,0.667118131539495,27,1832396420.34008,67866534.0866696,FLOAT
"all_antagonistic_(3,3,3)",3,3,3,0.667145058871377,27,1540625675.17618,57060210.1917102,FLOAT
"all_antagonistic_(3,3,3)",3,3,3,0.667173592266644,27,1295341244.78229,47975601.6586032,FLOAT
"all_antagonistic_(3,3,3)",3,3,3,0.667203827517915,27,1089133644.32053,40338283.1229827,FLOAT
"all_antagonistic_(3,3,3)",3,3,3,0.667235866131295,27,915774727.167259,33917582.4876763,FLOAT
"all_antagonistic_(3,3,3)",3,3,3,0.667269815667157,27,770029300.401527,28519603.7185751,FLOAT
"all_antagonistic_(3,3,3)",3,3,3,0.667305790101244,27,647496785.438691,23981362.4236552,FLOAT
"all_antagonistic_(3,3,3)",3,3,3,0.667343910207308,27,544478131.512037,20165856.722668,FLOAT
"all_antagonistic_(3,3,3)",3,3,3,0.667384303962572,27,457863954.151781,16957924.2278437,FLOAT
"all_antagonistic_(3,3,3)",3,3,3,0.667427106977381,27,385040513.283084,14260759.7512253,FLOAT
"all_antagonistic_(3,3,3)",3,3,3,0.66747246295047,27,323810685.586862,11992988.3550689,FLOAT
"all_antagonistic_(3,3,3)",3,3,3,0.667520524151393,27,272327539.60975,10086205.1707315,FLOAT
"all_antagonistic_(3,3,3)",3,3,3,0.667571451931725,27,229038503.590769,8482907.54039884,FLOAT
"all_antagonistic_(3,3,3)",3,3,3,0.667625417266748,27,192638436.567888,7134756.90992177,FLOAT
"all_antagonistic_(3,3,3)",3,3,3,0.66768260132946,27,162030182.809011,6001117.88181522,FLOAT
"all_antagonistic_(3,3,3)",3,3,3,0.667743196098802,27,136291416.097541,5047830.22583485,FLOAT
"all_antagonistic_(3,3,3)",3,3,3,0.667807405004176,27,114646770.755324,4246176.69464163,FLOAT
"all_antagonistic_(3,3,3)",3,3,3,0.667875443608401,27,96444416.2882698,3572015.41808406,FLOAT
"all_antagonistic_(3,3,3)",3,3,3,0.667947540331402,27,81136367.0080567,3005050.62992802,FLOAT
"all_antagonistic_(3,3,3)",3,3,3,0.668023937217061,27,68261931.0106937,2528219.66706273,FLOAT
"all_antagonistic_(3,3,3)",3,3,3,0.668104890745814,27,57433797.8871507,2127177.6995241,FLOAT
"all_antagonistic_(3,3,3)",3,3,3,0.668190672695706,27,48326344.3859061,1789864.60688541,FLOAT
"all_antagonistic_(3,3,3)",3,3,3,0.66828157105481,27,40665804.3556986,1506140.90206291,FLOAT
"all_antagonistic_(3,3,3)",3,3,3,0.668377890988062,27,34222005.700713,1267481.692619,FLOAT
"all_antagonistic_(3,3,3)",3,3,3,0.668479955861763,27,28801424.4892114,1066719.42552635,FLOAT
"all_antagonistic_(3,3,3)",3,3,3,0.668588108329191,27,24241346.2027195,897827.637137759,FLOAT
"all_antagonistic_(3,3,3)",3,3,3,0.668702711480957,27,20404957.6046616,755739.170543021,FLOAT
"all_antagonistic_(3,3,3)",3,3,3,0.668824150063978,27,17177220.8565694,636193.365058126,FLOAT
"all_antagonistic_(3,3,3)",3,3,3,0.668952831773153,27,14461405.1704993,535607.59890738,FLOAT
"all_antagonistic_(3,3,3)",3,3,3,0.669089188620082,27,12176171.1726873,450969.302692123,FLOAT
"all_antagonistic_(3,3,3)",3,3,3,0.669233678383419,27,10253119.8685258,379745.180315769,FLOAT
"all_antagonistic_(3,3,3)",3,3,3,0.669386786145729,27,8634732.14834422,319804.894383119,FLOAT
"all_antagonistic_(3,3,3)",3,3,3,0.669549025922018,27,7272636.58206617,269356.910446895,FLOAT
"all_antagonistic_(3,3,3)",3,3,3,0.669720942385384,27,6126153.17651306,226894.562093076,FLOAT
"all_antagonistic_(3,3,3)",3,3,3,0.669903112695601,27,5161069.11167176,191150.707839695,FLOAT
"all_antagonistic_(3,3,3)",3,3,3,0.670096148436769,27,4348609.48470813,161059.610544745,FLOAT
"all_antagonistic_(3,3,3)",3,3,3,0.670300697670525,27,3664571.98451817,135724.888315488,FLOAT
"all_antagonistic_(3,3,3)",3,3,3,0.670517447111728,27,3088599.3739161,114392.5694043,FLOAT
"all_antagonistic_(3,3,3)",3,3,3,0.670747124433902,27,2603567.82078161,96428.4378067263,FLOAT
"all_antagonistic_(3,3,3)",3,3,3,0.67099050071219,27,2195072.61979862,81298.9859184675,FLOAT
"all_antagonistic_(3,3,3)",3,3,3,0.671248393012015,27,1850995.78858182,68555.3995771044,FLOAT
"all_antagonistic_(3,3,3)",3,3,3,0.671521667132144,27,1561142.49506126,57820.0924096764,FLOAT
"all_antagonistic_(3,3,3)",3,3,3,0.671811240511352,27,1316935.35179821,48775.3833999338,FLOAT
"all_antagonistic_(3,3,3)",3,3,3,0.67211808530846,27,1111157.36026467,41153.9763060988,FLOAT
"all_antagonistic_(3,3,3)",3,3,3,0.672443231666078,27,937735.756930073,34730.9539603731,FLOAT
"all_antagonistic_(3,3,3)",3,3,3,0.672787771169006,27,791560.247656428,29317.0462094973,FLOAT
"all_antagonistic_(3,3,3)",3,3,3,0.673152860508921,27,668330.154741558,24752.9686941318,FLOAT
"all_antagonistic_(3,3,3)",3,3,3,0.673539725367628,27,564425.873368858,20904.6619766244,FLOAT
"all_antagonistic_(3,3,3)",3,3,3,0.673949664531935,27,476800.767573672,17659.2876879138,FLOAT
"all_antagonistic_(3,3,3)",3,3,3,0.674384054253956,27,402890.252313685,14921.8611968032,FLOAT
"all_antagonistic_(3,3,3)",3,3,3,0.674844352871474,27,340535.326451498,12612.4194982036,FLOAT
"all_antagonistic_(3,3,3)",3,3,3,0.675332105703892,27,287918.257096109,10663.6391517077,FLOAT
"all_antagonistic_(3,3,3)",3,3,3,0.675848950240194,27,243508.481966389,9018.83266542181,FLOAT
"all_antagonistic_(3,3,3)",3,3,3,0.676396621636343,27,206017.104302459,7630.26312231328,FLOAT
"all_antagonistic_(3,3,3)",3,3,3,0.676976958540561,27,174358.613661236,6457.72643189762,FLOAT
"all_antagonistic_(3,3,3)",3,3,3,0.677591909266059,27,147618.683509315,5467.35864849315,FLOAT
"all_antagonistic_(3,3,3)",3,3,3,0.67824353833194,27,125027.079441756,4630.63257191689,FLOAT
"all_antagonistic_(3,3,3)",3,3,3,0.678934033394218,27,105934.865633408,3923.51354197808,FLOAT
"all_antagonistic_(3,3,3)",3,3,3,0.679665712590243,27,89795.2264140967,3325.74912644803,FLOAT
"all_antagonistic_(3,3,3)",3,3,3,0.680441032321174,27,76147.3285531935,2820.27142789606,FLOAT
"all_antagonistic_(3,3,3)",3,3,3,0.681262595498641,27,64602.7412240054,2392.69411940761,FLOAT
"all_antagonistic_(3,3,3)",3,3,3,0.68213316028326,27,54834.0074520313,2030.88916489005,FLOAT
"all_antagonistic_(3,3,3)",3,3,3,0.683055649344363,27,46565.0254520453,1724.63057229797,FLOAT
"all_antagonistic_(3,3,3)",3,3,3,0.684033159672015,27,39562.9525755313,1465.29453983449,FLOAT
"all_antagonistic_(3,3,3)",3,3,3,0.68506897297426,27,33631.3902611291,1245.60704670848,FLOAT
"all_antagonistic_(3,3,3)",3,3,3,0.686166566694507,27,28604.6467830454,1059.43136233501,FLOAT
"all_antagonistic_(3,3,3)",3,3,3,0.687329625686041,27,24342.9068838087,901.589143844768,FLOAT
"all_antagonistic_(3,3,3)",3,3,3,0.68856205458285,27,20728.1645314727,767.709797461953,FLOAT
"all_antagonistic_(3,3,3)",3,3,3,0.689867990908302,27,17660.7978754386,654.103625016244,FLOAT
"all_antagonistic_(3,3,3)",3,3,3,0.691251818965688,27,15056.6846773638,557.65498805051,FLOAT
"all_antagonistic_(3,3,3)",3,3,3,0.692718184557244,27,12844.7726422299,475.732320082591,FLOAT
"all_antagonistic_(3,3,3)",3,3,3,0.694272010581095,27,10965.0326557742,406.112320584229,FLOAT
"all_antagonistic_(3,3,3)",3,3,3,0.695918513558455,27,9366.73435668317,346.916087284562,FLOAT
"all_antagonistic_(3,3,3)",3,3,3,0.697663221146592,27,8006.99307886209,296.555299217115,FLOAT
"all_antagonistic_(3,3,3)",3,3,3,0.699511990696333,27,6849.54527951234,253.686862204161,FLOAT
"all_antagonistic_(3,3,3)",3,3,3,0.701471028916427,27,5863.71636557946,217.174680206647,FLOAT
"all_antagonistic_(3,3,3)",3,3,3,0.703546912710775,27,5023.55054849903,186.057427722186,FLOAT
"all_antagonistic_(3,3,3)",3,3,3,0.705746611258478,27,4307.07716679182,159.521376547845,FLOAT
"all_antagonistic_(3,3,3)",3,3,3,0.708077509410841,27,3695.69196225003,136.877480083334,FLOAT
"all_antagonistic_(3,3,3)",3,3,3,0.710547432483875,27,3173.63519959753,117.542044429538,FLOAT
"all_antagonistic_(3,3,3)",3,3,3,0.713164672529529,27,2727.55138364939,101.020421616644,FLOAT
"all_antagonistic_(3,3,3)",3,3,3,0.715938016173855,27,2346.11773794661,86.8932495535782,FLOAT
"all_antagonistic_(3,3,3)",3,3,3,0.718876774115565,27,2019.73063676436,74.8048383986801,FLOAT
"all_antagonistic_(3,3,3)",3,3,3,0.721990812384003,27,1740.24088896478,64.4533662579549,FLOAT
"all_antagonistic_(3,3,3)",3,3,3,0.725290585461487,27,1500.7302084162,55.5826003117109,FLOAT
"all_antagonistic_(3,3,3)",3,3,3,0.728787171381207,27,1295.32241454543,47.9749042424234,FLOAT
"all_antagonistic_(3,3,3)",3,3,3,0.732492308918514,27,1119.02392411623,41.4453305228232,FLOAT
"all_antagonistic_(3,3,3)",3,3,3,0.736418437000464,27,967.588951891221,35.836627847823,FLOAT
"all_antagonistic_(3,3,3)",3,3,3,0.740578736465914,27,837.405558965054,31.0150207024094,FLOAT
"all_antagonistic_(3,3,3)",3,3,3,0.744987174316374,27,725.399294725437,26.8666405453866,FLOAT
"all_antagonistic_(3,3,3)",3,3,3,0.749658550606174,27,628.951689669704,23.2945070248039,FLOAT
"all_antagonistic_(3,3,3)",3,3,3,0.754608548129361,27,545.831286868722,20.2159735877304,FLOAT
"all_antagonistic_(3,3,3)",3,3,3,0.759853785070145,27,474.135262510254,17.5605652781576,FLOAT
"all_antagonistic_(3,3,3)",3,3,3,0.765411870793641,27,412.239991421275,15.2681478304176,FLOAT
"all_antagonistic_(3,3,3)",3,3,3,0.771301464964215,27,358.759170809537,13.2873766966495,FLOAT
"all_antagonistic_(3,3,3)",3,3,3,0.777542340189913,27,312.50833228999,11.574382677407,FLOAT
"all_antagonistic_(3,3,3)",3,3,3,0.784155448403264,27,272.474754975036,10.091657591668,FLOAT
"all_antagonistic_(3,3,3)",3,3,3,0.791162991201332,27,237.791946397782,8.80710912584378,FLOAT
"all_antagonistic_(3,3,3)",3,3,3,0.798588494381158,27,207.717987838726,7.69325880884169,FLOAT
"all_antagonistic_(3,3,3)",3,3,3,0.806456886920807,27,181.617150054557,6.72656111313174,FLOAT
"all_antagonistic_(3,3,3)",3,3,3,0.814794584671205,27,158.944277674002,5.88682509903711,FLOAT
"all_antagonistic_(3,3,3)",3,3,3,0.823629579039712,27,139.231518332153,5.15672290119086,FLOAT
"all_antagonistic_(3,3,3)",3,3,3,0.83299153096317,27,122.077038235033,4.5213717864827,FLOAT
"all_antagonistic_(3,3,3)",3,3,3,0.842911870485915,27,107.135421192814,3.9679785626968,FLOAT
"all_antagonistic_(3,3,3)",3,3,3,0.853423902277057,27,94.1094948409639,3.48553684596162,FLOAT
"all_antagonistic_(3,3,3)",3,3,3,0.864562917441269,27,82.7433671338407,3.06456915310521,FLOAT
"all_antagonistic_(3,3,3)",3,3,3,0.876366311998457,27,72.8164893762298,2.69690701393444,FLOAT
"all_antagonistic_(3,3,3)",3,3,3,0.888873712430073,27,64.1385899990292,2.37550333329738,FLOAT
"all_antagonistic_(3,3,3)",3,3,3,0.9,27,57.6691387948003,2.13589402943705,FLOAT
"all_antagonistic_(3,3,3)",3,3,3,0.902127108713561,27,56.5453467664839,2.09427210246237,FLOAT
"all_antagonistic_(3,3,3)",3,3,3,0.912667383761716,27,51.4381182326793,1.90511549009923,FLOAT
"all_antagonistic_(3,3,3)",3,3,3,0.916170995291558,27,49.8946847587937,1.84795128736273,FLOAT
"all_antagonistic_(3,3,3)",3,3,3,0.923730141409766,27,46.7952878144299,1.73315880794185,FLOAT
"all_antagonistic_(3,3,3)",3,3,3,0.931052520449102,27,44.0636038016027,1.63198532598529,FLOAT
"all_antagonistic_(3,3,3)",3,3,3,0.933391537091908,27,43.2419362838173,1.60155319569694,FLOAT
"all_antagonistic_(3,3,3)",3,3,3,0.941829086706256,27,40.4635677593653,1.49865065775427,FLOAT
"all_antagonistic_(3,3,3)",3,3,3,0.946821644600358,27,38.9454523654449,1.44242416168314,FLOAT
"all_antagonistic_(3,3,3)",3,3,3,0.94919781953087,27,38.2531440774978,1.4167831139814,FLOAT
"all_antagonistic_(3,3,3)",3,3,3,0.955633126690214,27,36.4693849928387,1.35071796269773,FLOAT
"all_antagonistic_(3,3,3)",3,3,3,0.961253248795439,27,35.0129032127069,1.29677419306322,FLOAT
"all_antagonistic_(3,3,3)",3,3,3,0.963531308016255,27,34.4475755164542,1.27583613023905,FLOAT
"all_antagonistic_(3,3,3)",3,3,3,0.966161448465718,27,33.8119332015572,1.2522938222799,FLOAT
"all_antagonistic_(3,3,3)",3,3,3,0.970447907647971,27,32.8134703537209,1.21531371680448,FLOAT
"all_antagonistic_(3,3,3)",3,3,3,0.974191384595819,27,31.9775875172726,1.18435509323232,FLOAT
"all_antagonistic_(3,3,3)",3,3,3,0.977460660952652,27,31.2736842586629,1.1582846021727,FLOAT
"all_antagonistic_(3,3,3)",3,3,3,0.980315805527134,27,30.6779485665791,1.13622031728071,FLOAT
"all_antagonistic_(3,3,3)",3,3,3,0.981237608556118,27,30.4892722137129,1.12923230421159,FLOAT
"all_antagonistic_(3,3,3)",3,3,3,0.982809277981414,27,30.1716001273002,1.11746667138149,FLOAT
"all_antagonistic_(3,3,3)",3,3,3,0.984986892710918,27,29.739649787278,1.10146851063993,FLOAT
"all_antagonistic_(3,3,3)",3,3,3,0.986888660625784,27,29.3700074270847,1.08777805285499,FLOAT
"all_antagonistic_(3,3,3)",3,3,3,0.988549524300617,27,29.0528296686488,1.07603072846847,FLOAT
"all_antagonistic_(3,3,3)",3,3,3,0.99,27,28.7800356493723,1.06592724627305,FLOAT
"all_antagonistic_(3,3,3)",3,3,3,0.991266738376172,27,28.5449425109195,1.05722009299702,FLOAT
"all_antagonistic_(3,3,3)",3,3,3,0.992373014140977,27,28.3419874518052,1.04970323895575,FLOAT
"all_antagonistic_(3,3,3)",3,3,3,0.993339153709191,27,28.1665132484777,1.04320419438806,FLOAT
"all_antagonistic_(3,3,3)",3,3,3,0.994182908670626,27,28.0146009161164,1.03757781170801,FLOAT
"all_antagonistic_(3,3,3)",3,3,3,0.994919781953087,27,27.8829378058492,1.03270140021664,FLOAT
"all_antagonistic_(3,3,3)",3,3,3,0.995563312669021,27,27.7687126431885,1.02847083863661,FLOAT
"all_antagonistic_(3,3,3)",3,3,3,0.996125324879544,27,27.6695312676173,1.0247974543562,FLOAT
"all_antagonistic_(3,3,3)",3,3,3,0.996616144846572,27,27.5833484383921,1.02160549771823,FLOAT
"all_antagonistic_(3,3,3)",3,3,3,0.997044790764797,27,27.5084122275123,1.01883008250046,FLOAT
"all_antagonistic_(3,3,3)",3,3,3,0.997419138459582,27,27.4432183622871,1.01641549489952,FLOAT
"all_antagonistic_(3,3,3)",3,3,3,0.997746066095265,27,27.386472498867,1.01431379625433,FLOAT
"all_antagonistic_(3,3,3)",3,3,3,0.998031580552713,27,27.3370588677818,1.0124836617697,FLOAT
"all_antagonistic_(3,3,3)",3,3,3,0.998280927798141,27,27.2940140770909,1.01088941026263,FLOAT
"all_antagonistic_(3,3,3)",3,3,3,0.998498689271092,27,27.2565051193159,1.00950018960429,FLOAT
"all_antagonistic_(3,3,3)",3,3,3,0.998688866062578,27,27.2238108270331,1.00828928989011,FLOAT
"all_antagonistic_(3,3,3)",3,3,3,0.998854952430062,27,27.1953061747802,1.0072335620289,FLOAT
"all_antagonistic_(3,3,3)",3,3,3,0.999,27,27.1704489433177,1.00631292382658,FLOAT
"all_antagonistic_(3,3,3)",3,3,3,0.999126673837617,27,27.1487683547189,1.00550993906366,FLOAT
"all_antagonistic_(3,3,3)",3,3,3,0.999237301414098,27,27.1298553594709,1.00480945775818,FLOAT
"all_antagonistic_(3,3,3)",3,3,3,0.999333915370919,27,27.1133543143672,1.00419830793953,FLOAT
"all_antagonistic_(3,3,3)",3,3,3,0.999418290867063,27,27.0989558359171,1.00366503095989,FLOAT
"all_antagonistic_(3,3,3)",3,3,3,0.999491978195309,27,27.0863906508917,1.00319965373673,FLOAT
"all_antagonistic_(3,3,3)",3,3,3,0.999556331266902,27,27.0754242954486,1.00279349242402,FLOAT
"all_antagonistic_(3,3,3)",3,3,3,0.999612532487954,27,27.0658525385267,1.0024389829084,FLOAT
"all_antagonistic_(3,3,3)",3,3,3,0.999661614484657,27,27.0574974250373,1.00212953426064,FLOAT
"all_antagonistic_(3,3,3)",3,3,3,0.99970447907648,27,27.0502038507044,1.00185940187794,FLOAT
"all_antagonistic_(3,3,3)",3,3,3,0.999741913845958,27,27.0438365938982,1.00162357755179,FLOAT
"all_antagonistic_(3,3,3)",3,3,3,0.999774606609527,27,27.0382777410313,1.00141769411227,FLOAT
"all_antagonistic_(3,3,3)",3,3,3,0.999803158055271,27,27.0334244514527,1.00123794264639,FLOAT
"all_antagonistic_(3,3,3)",3,3,3,0.999828092779814,27,27.0291870156391,1.00108100057923,FLOAT
"all_antagonistic_(3,3,3)",3,3,3,0.999849868927109,27,27.0254871670999,1.00094396915185,FLOAT
"all_antagonistic_(3,3,3)",3,3,3,0.999868886606258,27,27.0222566140086,1.00082431903736,FLOAT
"all_antagonistic_(3,3,3)",3,3,3,0.999885495243006,27,27.0194357613237,1.00071984301199,FLOAT
"all_antagonistic_(3,3,3)",3,3,3,0.9999,27,27.0169725981986,1.00062861474809,FLOAT
"all_antagonistic_(3,3,3)",3,3,3,0.999912667383762,27,27.0148217289283,1.00054895292327,FLOAT
"all_antagonistic_(3,3,3)",3,3,3,0.99992373014141,27,27.0129435286333,1.00047938994938,FLOAT
"all_antagonistic_(3,3,3)",3,3,3,0.999933391537092,27,27.0113034074053,1.00041864471871,FLOAT
"all_antagonistic_(3,3,3)",3,3,3,0.999941829086706,27,27.0098711688173,1.00036559884508,FLOAT
"all_antagonistic_(3,3,3)",3,3,3,0.999949197819531,27,27.0086204505713,1.00031927594709,FLOAT
"all_antagonistic_(3,3,3)",3,3,3,0.99995563312669,27,27.0075282366696,1.00027882358035,FLOAT
"all_antagonistic_(3,3,3)",3,3,3,0.999961253248795,27,27.0065744318902,1.00024349747741,FLOAT
"all_antagonistic_(3,3,3)",3,3,3,0.999966161448466,27,27.0057414905547,1.00021264779832,FLOAT
"all_antagonistic_(3,3,3)",3,3,3,0.999970447907648,27,27.0050140926166,1.00018570713395,FLOAT
"all_antagonistic_(3,3,3)",3,3,3,0.999974191384596,27,27.0043788610072,1.0001621800373,FLOAT
"all_antagonistic_(3,3,3)",3,3,3,0.999977460660953,27,27.0038241149581,1.00014163388734,FLOAT
"all_antagonistic_(3,3,3)",3,3,3,0.999980315805527,27,27.0033396547032,1.00012369091493,FLOAT
"all_antagonistic_(3,3,3)",3,3,3,0.999982809277981,27,27.0029165735525,1.00010802124269,FLOAT
"all_antagonistic_(3,3,3)",3,3,3,0.999984986892711,27,27.0025470938485,1.0000943368092,FLOAT
"all_antagonistic_(3,3,3)",3,3,3,0.999986888660626,27,27.0022244237597,1.00008238606517,FLOAT
"all_antagonistic_(3,3,3)",3,3,3,0.999988549524301,27,27.0019426322605,1.00007194934298,FLOAT
"all_antagonistic_(3,3,3)",3,3,3,0.99999,27,27.0016965399802,1.00006283481408,FLOAT
"all_antagonistic_(3,3,3)",3,3,3,0.999991266738376,27,27.0014816239056,1.00005487495947,FLOAT
"all_antagonistic_(3,3,3)",3,3,3,0.999992373014141,27,27.0012939341738,1.00004792348792,FLOAT
"all_antagonistic_(3,3,3)",3,3,3,0.999993339153709,27,27.0011300214214,1.00004185264524,FLOAT
"all_antagonistic_(3,3,3)",3,3,3,0.999994182908671,27,27.0009868733473,1.00003655086472,FLOAT
"all_antagonistic_(3,3,3)",3,3,3,0.999994919781953,27,27.0008618593204,1.00003192071557,FLOAT
"all_antagonistic_(3,3,3)",3,3,3,0.999995563312669,27,27.0007526820102,1.00002787711149,FLOAT
"all_antagonistic_(3,3,3)",3,3,3,0.99999612532488,27,27.0006573351505,1.00002434574632,FLOAT
"all_antagonistic_(3,3,3)",3,3,3,0.999996616144847,27,27.0005740666566,1.00002126172802,FLOAT
"all_antagonistic_(3,3,3)",3,3,3,0.999997044790765,27,27.0005013464174,1.00001856838583,FLOAT
"all_antagonistic_(3,3,3)",3,3,3,0.99999741913846,27,27.0004378381704,1.00001621622853,FLOAT
"all_antagonistic_(3,3,3)",3,3,3,0.999997746066095,27,27.00038237494,1.00001416203481,FLOAT
"all_antagonistic_(3,3,3)",3,3,3,0.999998031580553,27,27.0003339375896,1.00001236805888,FLOAT
"all_antagonistic_(3,3,3)",3,3,3,0.999998280927798,27,27.000291636091,1.0000108013367,FLOAT
"all_antagonistic_(3,3,3)",3,3,3,0.999998498689271,27,27.0002546931668,1.00000943308025,FLOAT
"all_antagonistic_(3,3,3)",3,3,3,0.999998688866063,27,27.0002224300066,1.00000823814839,FLOAT
"all_antagonistic_(3,3,3)",3,3,3,0.99999885495243,27,27.000194253792,1.00000719458489,FLOAT
"all_antagonistic_(3,3,3)",3,3,3,0.999999,27,27.0001696468027,1.00000628321492,FLOAT
"all_antagonistic_(3,3,3)",3,3,3,0.999999126673838,27,27.0001481569028,1.00000548729269,FLOAT
"all_antagonistic_(3,3,3)",3,3,3,0.999999237301414,27,27.0001293892319,1.00000479219377,FLOAT
"all_antagonistic_(3,3,3)",3,3,3,0.999999333915371,27,27.0001129989499,1.00000418514629,FLOAT
"all_antagonistic_(3,3,3)",3,3,3,0.999999418290867,27,27.0000986849,1.0000036549963,FLOAT
"all_antagonistic_(3,3,3)",3,3,3,0.999999491978195,27,27.0000861840751,1.00000319200278,FLOAT
"all_antagonistic_(3,3,3)",3,3,3,0.999999556331267,27,27.0000752667847,1.00000278765869,FLOAT
"all_antagonistic_(3,3,3)",3,3,3,0.999999612532488,27,27.0000657324349,1.00000243453463,FLOAT
"all_antagonistic_(3,3,3)",3,3,3,0.999999661614485,27,27.0000574058418,1.00000212614229,FLOAT
"all_antagonistic_(3,3,3)",3,3,3,0.999999704479076,27,27.0000501340134,1.00000185681531,FLOAT
"all_antagonistic_(3,3,3)",3,3,3,0.999999741913846,27,27.0000437833378,1.0000016216051,FLOAT
"all_antagonistic_(3,3,3)",3,3,3,0.999999774606609,27,27.0000382371285,1.00000141618994,FLOAT
"all_antagonistic_(3,3,3)",3,3,3,0.999999803158055,27,27.0000333934802,1.00000123679556,FLOAT
"all_antagonistic_(3,3,3)",3,3,3,0.99999982809278,27,27.0000291633965,1.0000010801258,FLOAT
"all_antagonistic_(3,3,3)",3,3,3,0.999999849868927,27,27.0000254691545,1.00000094330202,FLOAT
"all_antagonistic_(3,3,3)",3,3,3,0.999999868886606,27,27.000022242877,1.00000082381026,FLOAT
"all_antagonistic_(3,3,3)",3,3,3,0.999999885495243,27,27.0000194252849,1.000000719455,FLOAT
"all_antagonistic_(3,3,3)",3,3,3,0.9999999,27,27.0000169646083,1.00000062831883,FLOAT
"all_antagonistic_(3,3,3)",3,3,3,0.999999912667384,27,27.0000148156354,1.00000054872724,FLOAT
"all_antagonistic_(3,3,3)",3,3,3,0.999999923730141,27,27.0000129388813,1.00000047921783,FLOAT
"all_antagonistic_(3,3,3)",3,3,3,0.999999933391537,27,27.0000112998631,1.00000041851345,FLOAT
"all_antagonistic_(3,3,3)",3,3,3,0.999999941829087,27,27.0000098684657,1.00000036549873,FLOAT
"all_antagonistic_(3,3,3)",3,3,3,0.99999994919782,27,27.0000086183889,1.00000031919959,FLOAT
"all_antagonistic_(3,3,3)",3,3,3,0.999999955633127,27,27.0000075266643,1.00000027876534,FLOAT
"all_antagonistic_(3,3,3)",3,3,3,0.999999961253249,27,27.0000065732327,1.00000024345306,FLOAT
"all_antagonistic_(3,3,3)",3,3,3,0.999999966161448,27,27.000005740576,1.00000021261392,FLOAT
"all_antagonistic_(3,3,3)",3,3,3,0.999999970447908,27,27.0000050133951,1.0000001856813,FLOAT
"all_antagonistic_(3,3,3)",3,3,3,0.999999974191385,27,27.000004378329,1.00000016216033,FLOAT
"all_antagonistic_(3,3,3)",3,3,3,0.999999977460661,27,27.0000038237092,1.00000014161886,FLOAT
"all_antagonistic_(3,3,3)",3,3,3,0.999999980315806,27,27.0000033393453,1.00000012367945,FLOAT
"all_antagonistic_(3,3,3)",3,3,3,0.999999982809278,27,27.0000029163375,1.0000001080125,FLOAT
"all_antagonistic_(3,3,3)",3,3,3,0.999999984986893,27,27.0000025469138,1.00000009433014,FLOAT
"all_antagonistic_(3,3,3)",3,3,3,0.999999986888661,27,27.0000022242865,1.00000008238098,FLOAT
"all_antagonistic_(3,3,3)",3,3,3,0.999999988549524,27,27.0000019425275,1.00000007194546,FLOAT
"all_antagonistic_(3,3,3)",3,3,3,0.99999999,27,27.0000016964601,1.00000006283186,FLOAT
"antagonistic_mixed_(1.5,4,2)",1.5,4,2,0.666666676666667,21.5199353501965,1.67583909654054e+23,7.78737979120015e+21,FLOAT
"antagonistic_mixed_(1.5,4,2)",1.5,4,2,0.66666667726311,21.5199353501965,1.40848402258667e+23,6.5450197673285e+21,FLOAT
"antagonistic_mixed_(1.5,4,2)",1.5,4,2,0.666666677895128,21.5199353501965,1.1837815049669e+23,5.50085995010247e+21,FLOAT
"antagonistic_mixed_(1.5,4,2)",1.5,4,2,0.666666678564843,21.5199353501965,9.94926880292511e+22,4.62328006149622e+21,FLOAT
"antagonistic_mixed_(1.5,4,2)",1.5,4,2,0.666666679274502,21.5199353501965,8.36201209185498e+22,3.88570502456395e+21,FLOAT
"antagonistic_mixed_(1.5,4,2)",1.5,4,2,0.666666680026488,21.5199353501965,7.02797786808911e+22,3.26579878318498e+21,FLOAT
"antagonistic_mixed_(1.5,4,2)",1.5,4,2,0.666666680823326,21.5199353501965,5.90676925131696e+22,2.74478949643454e+21,FLOAT
"antagonistic_mixed_(1.5,4,2)",1.5,4,2,0.666666681667691,21.5199353501965,4.96443274334874e+22,2.30689946905598e+21,FLOAT
"antagonistic_mixed_(1.5,4,2)",1.5,4,2,0.666666682562417,21.5199353501965,4.17243173455329e+22,1.93886815487817e+21,FLOAT
"antagonistic_mixed_(1.5,4,2)",1.5,4,2,0.666666683510509,21.5199353501965,3.50678265757852e+22,1.62955074005206e+21,FLOAT
"antagonistic_mixed_(1.5,4,2)",1.5,4,2,0.666666684515149,21.5199353501965,2.94732796193158e+22,1.36958030494486e+21,FLOAT
"antagonistic_mixed_(1.5,4,2)",1.5,4,2,0.66666668557971,21.5199353501965,2.47712586841405e+22,1.15108425192896e+21,FLOAT
"antagonistic_mixed_(1.5,4,2)",1.5,4,2,0.666666686707767,21.5199353501965,2.08193757431422e+22,9.67446017116036e+20,FLOAT
"antagonistic_mixed_(1.5,4,2)",1.5,4,2,0.666666687903105,21.5199353501965,1.74979558187e+22,8.13104478891486e+20,FLOAT
"antagonistic_mixed_(1.5,4,2)",1.5,4,2,0.666666689169739,21.5199353501965,1.47064189203761e+22,6.83385831837167e+20,FLOAT
"antagonistic_mixed_(1.5,4,2)",1.5,4,2,0.66666669051192,21.5199353501965,1.23602299572838e+22,5.74361853608956e+20,FLOAT
"antagonistic_mixed_(1.5,4,2)",1.5,4,2,0.666666691934155,21.5199353501965,1.0388340400621e+22,4.82731022727081e+20,FLOAT
"antagonistic_mixed_(1.5,4,2)",1.5,4,2,0.666666693441218,21.5199353501965,8.73103620786319e+21,4.05718514753041e+20,FLOAT
"antagonistic_mixed_(1.5,4,2)",1.5,4,2,0.666666695038169,21.5199353501965,7.33813006732405e+21,3.40992198531723e+20,FLOAT
"antagonistic_mixed_(1.5,4,2)",1.5,4,2,0.666666696730369,21.5199353501965,6.16744133613303e+21,2.86592001126839e+20,FLOAT
"antagonistic_mixed_(1.5,4,2)",1.5,4,2,0.666666698523499,21.5199353501965,5.18351846417196e+21,2.40870540725143e+20,FLOAT
"antagonistic_mixed_(1.5,4,2)",1.5,4,2,0.666666700423579,21.5199353501965,4.35656569745553e+21,2.02443252108364e+20,FLOAT
"antagonistic_mixed_(1.5,4,2)",1.5,4,2,0.666666702436989,21.5199353501965,3.661540845677e+21,1.70146461227337e+20,FLOAT
"antagonistic_mixed_(1.5,4,2)",1.5,4,2,0.666666704570486,21.5199353501965,3.07739688234125e+21,1.43002143466623e+20,FLOAT
"antagonistic_mixed_(1.5,4,2)",1.5,4,2,0.666666706831235,21.5199353501965,2.58644429487455e+21,1.2018829298439e+20,FLOAT
"antagonistic_mixed_(1.5,4,2)",1.5,4,2,0.666666709226825,21.5199353501965,2.17381584571133e+21,1.01014050940979e+20,FLOAT
"antagonistic_mixed_(1.5,4,2)",1.5,4,2,0.666666711765299,21.5199353501965,1.82701609937308e+21,8.48987726794633e+19,FLOAT
"antagonistic_mixed_(1.5,4,2)",1.5,4,2,0.666666714455177,21.5199353501965,1.53554306641066e+21,7.13544460716348e+19,FLOAT
"antagonistic_mixed_(1.5,4,2)",1.5,4,2,0.666666717305492,21.5199353501965,1.29057017825143e+21,5.99709133531226e+19,FLOAT
"antagonistic_mixed_(1.5,4,2)",1.5,4,2,0.666666720325813,21.5199353501965,1.08467903936307e+21,5.04034525063368e+19,FLOAT
"antagonistic_mixed_(1.5,4,2)",1.5,4,2,0.666666723526278,21.5199353501965,9.11634760887191e+20,4.23623373421922e+19,FLOAT
"antagonistic_mixed_(1.5,4,2)",1.5,4,2,0.666666726917633,21.5199353501965,7.66197095082375e+20,3.56040611932126e+19,FLOAT
"antagonistic_mixed_(1.5,4,2)",1.5,4,2,0.666666730511263,21.5199353501965,6.43961840305846e+20,2.99239672344074e+19,FLOAT
"antagonistic_mixed_(1.5,4,2)",1.5,4,2,0.666666734319233,21.5199353501965,5.41227382439129e+20,2.51500468580259e+19,FLOAT
"antagonistic_mixed_(1.5,4,2)",1.5,4,2,0.666666738354327,21.5199353501965,4.54882671790859e+20,2.11377341236625e+19,FLOAT
"antagonistic_mixed_(1.5,4,2)",1.5,4,2,0.666666742630091,21.5199353501965,3.82312961518151e+20,1.77655255602178e+19,FLOAT
"antagonistic_mixed_(1.5,4,2)",1.5,4,2,0.66666674716088,21.5199353501965,3.21320663286607e+20,1.49313024438837e+19,FLOAT
"antagonistic_mixed_(1.5,4,2)",1.5,4,2,0.666666751961906,21.5199353501965,2.70058771136576e+20,1.25492371023369e+19,FLOAT
"antagonistic_mixed_(1.5,4,2)",1.5,4,2,0.666666757049286,21.5199353501965,2.26974947411007e+20,1.05471946693806e+19,FLOAT
"antagonistic_mixed_(1.5,4,2)",1.5,4,2,0.666666762440099,21.5199353501965,1.90764502223306e+20,8.86454810941449e+18,FLOAT
"antagonistic_mixed_(1.5,4,2)",1.5,4,2,0.666666768152444,21.5199353501965,1.60330888273148e+20,7.45034246916006e+18,FLOAT
"antagonistic_mixed_(1.5,4,2)",1.5,4,2,0.666666774205498,21.5199353501965,1.34752502831292e+20,6.26175221432818e+18,FLOAT
"antagonistic_mixed_(1.5,4,2)",1.5,4,2,0.666666780619582,21.5199353501965,1.13254764337563e+20,5.26278366986492e+18,FLOAT
"antagonistic_mixed_(1.5,4,2)",1.5,4,2,0.66666678741623,21.5199353501965,9.51866681823556e+19,4.42318560132136e+18,FLOAT
"antagonistic_mixed_(1.5,4,2)",1.5,4,2,0.66666679461826,21.5199353501965,8.00010652878489e+19,3.7175327892943e+18,FLOAT
"antagonistic_mixed_(1.5,4,2)",1.5,4,2,0.666666802249851,21.5199353501965,6.72380975415303e+19,3.12445629818848e+18,FLOAT
"antagonistic_mixed_(1.5,4,2)",1.5,4,2,0.666666810336623,21.5199353501965,5.65112699206879e+19,2.62599626816128e+18,FLOAT
"antagonistic_mixed_(1.5,4,2)",1.5,4,2,0.666666818905725,21.5199353501965,4.74957466118847e+19,2.20705805286962e+18,FLOAT
"antagonistic_mixed_(1.5,4,2)",1.5,4,2,0.666666827985925,21.5199353501965,3.99185146449755e+19,1.85495513789315e+18,FLOAT
"antagonistic_mixed_(1.5,4,2)",1.5,4,2,0.666666837607709,21.5199353501965,3.35501163474073e+19,1.55902495994724e+18,FLOAT
"antagonistic_mixed_(1.5,4,2)",1.5,4,2,0.666666847803377,21.5199353501965,2.81977002569818e+19,1.31030599293712e+18,FLOAT
"antagonistic_mixed_(1.5,4,2)",1.5,4,2,0.66666685860716,21.5199353501965,2.36991817334982e+19,1.10126640010012e+18,FLOAT
"antagonistic_mixed_(1.5,4,2)",1.5,4,2,0.666666870055327,21.5199353501965,1.99183343207631e+19,9.25575936759553e+17,FLOAT
"antagonistic_mixed_(1.5,4,2)",1.5,4,2,0.666666882186313,21.5199353501965,1.67406642603666e+19,7.7791424499859e+17,FLOAT
"antagonistic_mixed_(1.5,4,2)",1.5,4,2,0.666666895040844,21.5199353501965,1.40699436500653e+19,6.53809754588173e+17,FLOAT
"antagonistic_mixed_(1.5,4,2)",1.5,4,2,0.666666908662074,21.5199353501965,1.18252963701139e+19,5.4950427023499e+17,FLOAT
"antagonistic_mixed_(1.5,4,2)",1.5,4,2,0.666666923095735,21.5199353501965,9.93874878986229e+18,4.61839156490381e+17,FLOAT
"antagonistic_mixed_(1.5,4,2)",1.5,4,2,0.666666938390282,21.5199353501965,8.35317148864381e+18,3.88159692522847e+17,FLOAT
"antagonistic_mixed_(1.5,4,2)",1.5,4,2,0.666666954597062,21.5199353501965,7.02054916004875e+18,3.26234677093704e+17,FLOAT
"antagonistic_mixed_(1.5,4,2)",1.5,4,2,0.666666971770485,21.5199353501965,5.90052667500714e+18,2.74188866229715e+17,FLOAT
"antagonistic_mixed_(1.5,4,2)",1.5,4,2,0.666666989968206,21.5199353501965,4.95918688677839e+18,2.30446179604025e+17,FLOAT
"antagonistic_mixed_(1.5,4,2)",1.5,4,2,0.666667009251318,21.5199353501965,4.16802367685265e+18,1.93681979477443e+17,FLOAT
"antagonistic_mixed_(1.5,4,2)",1.5,4,2,0.666667029684559,21.5199353501965,3.50307862985599e+18,1.62782953240796e+17,FLOAT
"antagonistic_mixed_(1.5,4,2)",1.5,4,2,0.666667051336528,21.5199353501965,2.94421552887601e+18,1.36813400271164e+17,FLOAT
"antagonistic_mixed_(1.5,4,2)",1.5,4,2,0.666667074279914,21.5199353501965,2.47451060398122e+18,1.14986897670147e+17,FLOAT
"antagonistic_mixed_(1.5,4,2)",1.5,4,2,0.666667098591744,21.5199353501965,2.07974000292701e+18,9.66424837753067e+16,FLOAT
"antagonistic_mixed_(1.5,4,2)",1.5,4,2,0.666667124353638,21.5199353501965,1.74794908634082e+18,8.12246439357851e+16,FLOAT
"antagonistic_mixed_(1.5,4,2)",1.5,4,2,0.666667151652083,21.5199353501965,1.46909039408271e+18,6.82664873372539e+16,FLOAT
"antagonistic_mixed_(1.5,4,2)",1.5,4,2,0.666667180578726,21.5199353501965,1.23471938659161e+18,5.7375608546163e+16,FLOAT
"antagonistic_mixed_(1.5,4,2)",1.5,4,2,0.66666721123068,21.5199353501965,1.03773872458095e+18,4.82222045602696e+16,FLOAT
"antagonistic_mixed_(1.5,4,2)",1.5,4,2,0.66666724371085,21.5199353501965,8.72183343108102e+17,4.05290875142029e+16,FLOAT
"antagonistic_mixed_(1.5,4,2)",1.5,4,2,0.666667278128279,21.5199353501965,7.33039811611349e+17,3.40632906039216e+16,FLOAT
"antagonistic_mixed_(1.5,4,2)",1.5,4,2,0.666667314598514,21.5199353501965,6.16094520141554e+17,2.86290135223817e+16,FLOAT
"antagonistic_mixed_(1.5,4,2)",1.5,4,2,0.666667353243992,21.5199353501965,5.17806073336824e+17,2.40616927937052e+16,FLOAT
"antagonistic_mixed_(1.5,4,2)",1.5,4,2,0.666667394194455,21.5199353501965,4.35198054020937e+17,2.02230186540483e+16,FLOAT
"antagonistic_mixed_(1.5,4,2)",1.5,4,2,0.666667437587381,21.5199353501965,3.65768887488737e+17,1.69967465764435e+16,FLOAT
"antagonistic_mixed_(1.5,4,2)",1.5,4,2,0.666667483568452,21.5199353501965,3.07416087013575e+17,1.42851770700495e+16,FLOAT
"antagonistic_mixed_(1.5,4,2)",1.5,4,2,0.666667532292033,21.5199353501965,2.58372585907196e+17,1.20061971238606e+16,FLOAT
"antagonistic_mixed_(1.5,4,2)",1.5,4,2,0.666667583921701,21.5199353501965,2.17153226786916e+17,1.00907936410196e+16,FLOAT
"antagonistic_mixed_(1.5,4,2)",1.5,4,2,0.666667638630787,21.5199353501965,1.82509786484948e+17,8.480963511969e+15,FLOAT
"antagonistic_mixed_(1.5,4,2)",1.5,4,2,0.666667696602962,21.5199353501965,1.5339317702227e+17,7.12795714885221e+15,FLOAT
"antagonistic_mixed_(1.5,4,2)",1.5,4,2,0.66666775803285,21.5199353501965,1.28921676427936e+17,5.9908022180354e+15,FLOAT
"antagonistic_mixed_(1.5,4,2)",1.5,4,2,0.666667823126684,21.5199353501965,1.08354228228922e+17,5.03506290635454e+15,FLOAT
"antagonistic_mixed_(1.5,4,2)",1.5,4,2,0.666667892102997,21.5199353501965,9.10680003543764e+16,4.23179711613515e+15,FLOAT
"antagonistic_mixed_(1.5,4,2)",1.5,4,2,0.666667965193359,21.5199353501965,7.65395240538946e+16,3.55668001824159e+15,FLOAT
"antagonistic_mixed_(1.5,4,2)",1.5,4,2,0.666668042643148,21.5199353501965,6.43288421822344e+16,2.98926744599384e+15,FLOAT
"antagonistic_mixed_(1.5,4,2)",1.5,4,2,0.66666812471238,21.5199353501965,5.40661859911412e+16,2.51237678512113e+15,FLOAT
"antagonistic_mixed_(1.5,4,2)",1.5,4,2,0.666668211676578,21.5199353501965,4.54407777996448e+16,2.11156665018652e+15,FLOAT
"antagonistic_mixed_(1.5,4,2)",1.5,4,2,0.666668303827701,21.5199353501965,3.81914197445844e+16,1.774699557554e+15,FLOAT
"antagonistic_mixed_(1.5,4,2)",1.5,4,2,0.666668401475117,21.5199353501965,3.20985841403189e+16,1.49157437594374e+15,FLOAT
"antagonistic_mixed_(1.5,4,2)",1.5,4,2,0.666668504946651,21.5199353501965,2.69777655825107e+16,1.25361740839358e+15,FLOAT
"antagonistic_mixed_(1.5,4,2)",1.5,4,2,0.666668614589678,21.5199353501965,2.26738936991358e+16,1.05362276094983e+15,FLOAT
"antagonistic_mixed_(1.5,4,2)",1.5,4,2,0.666668730772293,21.5199353501965,1.90566372341117e+16,885534130284350,FLOAT
"antagonistic_mixed_(1.5,4,2)",1.5,4,2,0.666668853884545,21.5199353501965,1.601645729279e+16,744261403770611,FLOAT
"antagonistic_mixed_(1.5,4,2)",1.5,4,2,0.666668984339748,21.5199353501965,1.34612902305919e+16,625526518157919,FLOAT
"antagonistic_mixed_(1.5,4,2)",1.5,4,2,0.666669122575868,21.5199353501965,1.13137597621945e+16,525733910352626,FLOAT
"antagonistic_mixed_(1.5,4,2)",1.5,4,2,0.666669269056992,21.5199353501965,9.50883379126647e+15,441861633714418,FLOAT
"antagonistic_mixed_(1.5,4,2)",1.5,4,2,0.666669424274889,21.5199353501965,7.991855102606e+15,371369847193013,FLOAT
"antagonistic_mixed_(1.5,4,2)",1.5,4,2,0.666669588750657,21.5199353501965,6.71688619351248e+15,312123902056757,FLOAT
"antagonistic_mixed_(1.5,4,2)",1.5,4,2,0.666669763036477,21.5199353501965,5.64531818668704e+15,262329700104582,FLOAT
"antagonistic_mixed_(1.5,4,2)",1.5,4,2,0.666669947717462,21.5199353501965,4.74470165476298e+15,220479363787664,FLOAT
"antagonistic_mixed_(1.5,4,2)",1.5,4,2,0.666670143413626,21.5199353501965,3.98776397372712e+15,185305574056509,FLOAT
"antagonistic_mixed_(1.5,4,2)",1.5,4,2,0.666670350781961,21.5199353501965,3.35158344803094e+15,155743193159748,FLOAT
"antagonistic_mixed_(1.5,4,2)",1.5,4,2,0.666670570518648,21.5199353501965,2.81689518130123e+15,130897009468735,FLOAT
"antagonistic_mixed_(1.5,4,2)",1.5,4,2,0.666670803361388,21.5199353501965,2.36750769205295e+15,110014628460830,FLOAT
"antagonistic_mixed_(1.5,4,2)",1.5,4,2,0.666671050091883,21.5199353501965,1.98981259791982e+15,92463688460925.2,FLOAT
"antagonistic_mixed_(1.5,4,2)",1.5,4,2,0.66667131153846,21.5199353501965,1.67237252166179e+15,77712711234818.9,FLOAT
"antagonistic_mixed_(1.5,4,2)",1.5,4,2,0.666671588578849,21.5199353501965,1.40557474037491e+15,65315007573295.2,FLOAT
"antagonistic_mixed_(1.5,4,2)",1.5,4,2,0.666671882143135,21.5199353501965,1.18134009040862e+15,54895150528313.7,FLOAT
"antagonistic_mixed_(1.5,4,2)",1.5,4,2,0.666672193216873,21.5199353501965,992878311718238,46137606622000,FLOAT
"antagonistic_mixed_(1.5,4,2)",1.5,4,2,0.666672522844405,21.5199353501965,834482422902423,38777180754625.4,FLOAT
"antagonistic_mixed_(1.5,4,2)",1.5,4,2,0.666672872132358,21.5199353501965,701355901165784,32590985509600.1,FLOAT
"antagonistic_mixed_(1.5,4,2)",1.5,4,2,0.666673242253367,21.5199353501965,589467432904322,27391691625083.8,FLOAT
"antagonistic_mixed_(1.5,4,2)",1.5,4,2,0.666673634450005,21.5199353501965,495428836256687,23021855233043.9,FLOAT
"antagonistic_mixed_(1.5,4,2)",1.5,4,2,0.66667405003896,21.5199353501965,416392459617124,19349150117838.2,FLOAT
"antagonistic_mixed_(1.5,4,2)",1.5,4,2,0.66667449041545,21.5199353501965,349964948566202,16262360591292.7,FLOAT
"antagonistic_mixed_(1.5,4,2)",1.5,4,2,0.666674957057912,21.5199353501965,294134769748871,13668013633051.4,FLOAT
"antagonistic_mixed_(1.5,4,2)",1.5,4,2,0.666675451532965,21.5199353501965,247211297351239,11487548328019.6,FLOAT
"antagonistic_mixed_(1.5,4,2)",1.5,4,2,0.666675975500663,21.5199353501965,207773617542986,9654936883492.5,FLOAT
"antagonistic_mixed_(1.5,4,2)",1.5,4,2,0.666676530720078,21.5199353501965,174627499988398,8114685158048.27,FLOAT
"antagonistic_mixed_(1.5,4,2)",1.5,4,2,0.666677119055197,21.5199353501965,146769234229952,6820152191052.58,FLOAT
"antagonistic_mixed_(1.5,4,2)",1.5,4,2,0.666677742481186,21.5199353501965,123355235240021,5732137816989.05,FLOAT
"antagonistic_mixed_(1.5,4,2)",1.5,4,2,0.666678403091018,21.5199353501965,103676497985071,4817695606326.46,FLOAT
"antagonistic_mixed_(1.5,4,2)",1.5,4,2,0.666679103102497,21.5199353501965,87137127347945.5,4049135182329.9,FLOAT
"antagonistic_mixed_(1.5,4,2)",1.5,4,2,0.666679844865711,21.5199353501965,73236293271149.6,3403183702895.32,FLOAT
"antagonistic_mixed_(1.5,4,2)",1.5,4,2,0.666680630870915,21.5199353501965,61553064653859.4,2860281113869.49,FLOAT
"antagonistic_mixed_(1.5,4,2)",1.5,4,2,0.666681463756893,21.5199353501965,51733662799044.5,2403987835333.91,FLOAT
"antagonistic_mixed_(1.5,4,2)",1.5,4,2,0.666682346319819,21.5199353501965,43480748328244.9,2020486940163.97,FLOAT
"antagonistic_mixed_(1.5,4,2)",1.5,4,2,0.666683281522644,21.5199353501965,36544417223481,1698165753232.5,FLOAT
"antagonistic_mixed_(1.5,4,2)",1.5,4,2,0.666684272505039,21.5199353501965,30714633301591.4,1427264199532.59,FLOAT
"antagonistic_mixed_(1.5,4,2)",1.5,4,2,0.666685322593942,21.5199353501965,25814867963057.6,1199579252584.6,FLOAT
"antagonistic_mixed_(1.5,4,2)",1.5,4,2,0.666686435314721,21.5199353501965,21696754620057.5,1008216533506.43,FLOAT
"antagonistic_mixed_(1.5,4,2)",1.5,4,2,0.666687614403016,21.5199353501965,18235595919000.4,847381538199.365,FLOAT
"antagonistic_mixed_(1.5,4,2)",1.5,4,2,0.666688863817274,21.5199353501965,15326587719055.6,712204171139.189,FLOAT
"antagonistic_mixed_(1.5,4,2)",1.5,4,2,0.666690187752041,21.5199353501965,12881645467494.1,598591271668.319,FLOAT
"antagonistic_mixed_(1.5,4,2)",1.5,4,2,0.666691590652045,21.5199353501965,10826736877779.1,503102667438.092,FLOAT
"antagonistic_mixed_(1.5,4,2)",1.5,4,2,0.666693077227118,21.5199353501965,9099640134733.29,422847001473.459,FLOAT
"antagonistic_mixed_(1.5,4,2)",1.5,4,2,0.666694652468004,21.5199353501965,7648059740110.37,355394178265.528,FLOAT
"antagonistic_mixed_(1.5,4,2)",1.5,4,2,0.66669632166312,21.5199353501965,6428042943413.97,298701777621.989,FLOAT
"antagonistic_mixed_(1.5,4,2)",1.5,4,2,0.666698090416304,21.5199353501965,5402648805555.93,251053207997.049,FLOAT
"antagonistic_mixed_(1.5,4,2)",1.5,4,2,0.666699964665634,21.5199353501965,4540829589893.52,211005726364.882,FLOAT
"antagonistic_mixed_(1.5,4,2)",1.5,4,2,0.66670195070336,21.5199353501965,3816490608754.52,177346750659.252,FLOAT
"antagonistic_mixed_(1.5,4,2)",1.5,4,2,0.666704055197027,21.5199353501965,3207700055566.16,149057141825.33,FLOAT
"antagonistic_mixed_(1.5,4,2)",1.5,4,2,0.666706285211866,21.5199353501965,2696024894191.87,125280343566.053,FLOAT
"antagonistic_mixed_(1.5,4,2)",1.5,4,2,0.666708648234505,21.5199353501965,2265972695504.64,105296445302.005,FLOAT
"antagonistic_mixed_(1.5,4,2)",1.5,4,2,0.666711152198109,21.5199353501965,1904522519623.22,88500382953.3264,FLOAT
"antagonistic_mixed_(1.5,4,2)",1.5,4,2,0.666713805509012,21.5199353501965,1600730637270.4,74383617386.4614,FLOAT
"antagonistic_mixed_(1.5,4,2)",1.5,4,2,0.666716617074936,21.5199353501965,1345399151104.27,62518735730.8665,FLOAT
"antagonistic_mixed_(1.5,4,2)",1.5,4,2,0.6667195963349,21.5199353501965,1130797482769.26,52546509288.604,FLOAT
"antagonistic_mixed_(1.5,4,2)",1.5,4,2,0.666722753290909,21.5199353501965,950428291606.218,44165016118.3007,FLOAT
"antagonistic_mixed_(1.5,4,2)",1.5,4,2,0.666726098541527,21.5199353501965,798830736563.163,37120498903.1656,FLOAT
"antagonistic_mixed_(1.5,4,2)",1.5,4,2,0.666729643317467,21.5199353501965,671415124083.487,31199681279.5888,FLOAT
"antagonistic_mixed_(1.5,4,2)",1.5,4,2,0.666733399519287,21.5199353501965,564323934845.096,26223309952.4597,FLOAT
"antagonistic_mixed_(1.5,4,2)",1.5,4,2,0.666737379757347,21.5199353501965,474315020966.934,22040727039.7587,FLOAT
"antagonistic_mixed_(1.5,4,2)",1.5,4,2,0.666741597394146,21.5199353501965,398663436866.9,18525308295.7454,FLOAT
"antagonistic_mixed_(1.5,4,2)",1.5,4,2,0.666746066589179,21.5199353501965,335078931076.816,15570629075.9724,FLOAT
"antagonistic_mixed_(1.5,4,2)",1.5,4,2,0.666750802346474,21.5199353501965,281636600609.465,13087241946.8906,FLOAT
"antagonistic_mixed_(1.5,4,2)",1.5,4,2,0.666755820564966,21.5199353501965,236718608011.785,10999968362.341,FLOAT
"antagonistic_mixed_(1.5,4,2)",1.5,4,2,0.666761138091871,21.5199353501965,198965196269.25,9245622397.62648,FLOAT
"antagonistic_mixed_(1.5,4,2)",1.5,4,2,0.666766772779247,21.5199353501965,167233518268.315,7771097614.6956,FLOAT
"antagonistic_mixed_(1.5,4,2)",1.5,4,2,0.666772743543927,21.5199353501965,140563034144.516,6531759127.39128,FLOAT
"antagonistic_mixed_(1.5,4,2)",1.5,4,2,0.666779070431024,21.5199353501965,118146428736.423,5490092177.96485,FLOAT
"antagonistic_mixed_(1.5,4,2)",1.5,4,2,0.666785774681232,21.5199353501965,99305168525.6107,4614566303.73678,FLOAT
"antagonistic_mixed_(1.5,4,2)",1.5,4,2,0.666792878802131,21.5199353501965,83468957919.9213,3878680700.55141,FLOAT
"antagonistic_mixed_(1.5,4,2)",1.5,4,2,0.66680040664375,21.5199353501965,70158472817.4409,3260161876.68521,FLOAT
"antagonistic_mixed_(1.5,4,2)",1.5,4,2,0.666808383478639,21.5199353501965,58970848630.9525,2740289302.51475,FLOAT
"antagonistic_mixed_(1.5,4,2)",1.5,4,2,0.666816836086713,21.5199353501965,49567483352.0237,2303328636.69923,FLOAT
"antagonistic_mixed_(1.5,4,2)",1.5,4,2,0.666825792845157,21.5199353501965,41663786342.3843,1936055367.47135,FLOAT
"antagonistic_mixed_(1.5,4,2)",1.5,4,2,0.666835283823696,21.5199353501965,35020562449.0868,1627354445.03866,FLOAT
"antagonistic_mixed_(1.5,4,2)",1.5,4,2,0.666845340885544,21.5199353501965,29436770566.3853,1367883782.51873,FLOAT
"antagonistic_mixed_(1.5,4,2)",1.5,4,2,0.666855997794376,21.5199353501965,24743437380.8166,1149791436.55237,FLOAT
"antagonistic_mixed_(1.5,4,2)",1.5,4,2,0.666867290327678,21.5199353501965,20798542015.1386,966477904.170316,FLOAT
"antagonistic_mixed_(1.5,4,2)",1.5,4,2,0.666879256396864,21.5199353501965,17482716687.6573,812396338.704507,FLOAT
"antagonistic_mixed_(1.5,4,2)",1.5,4,2,0.666891936174548,21.5199353501965,14695633210.587,682884635.638683,FLOAT
"antagonistic_mixed_(1.5,4,2)",1.5,4,2,0.666905372229415,21.5199353501965,12352965917.7341,574024304.288688,FLOAT
"antagonistic_mixed_(1.5,4,2)",1.5,4,2,0.666919609669129,21.5199353501965,10383839067.0802,482521852.324494,FLOAT
"antagonistic_mixed_(1.5,4,2)",1.5,4,2,0.666934696291775,21.5199353501965,8728681431.98677,405609091.753478,FLOAT
"antagonistic_mixed_(1.5,4,2)",1.5,4,2,0.666950682746323,21.5199353501965,7337423124.65055,340959347.937054,FLOAT
"antagonistic_mixed_(1.5,4,2)",1.5,4,2,0.666967622702667,21.5199353501965,6167980057.84698,286617034.738938,FLOAT
"antagonistic_mixed_(1.5,4,2)",1.5,4,2,0.666985573031808,21.5199353501965,5184980159.63685,240938463.58091,FLOAT
"antagonistic_mixed_(1.5,4,2)",1.5,4,2,0.667004593996783,21.5199353501965,4358692776.6054,202542094.373234,FLOAT
"antagonistic_mixed_(1.5,4,2)",1.5,4,2,0.667024749454976,21.5199353501965,3664128852.14163,170266722.112071,FLOAT
"antagonistic_mixed_(1.5,4,2)",1.5,4,2,0.667046107072505,21.5199353501965,3080284638.04359,143136333.261125,FLOAT
"antagonistic_mixed_(1.5,4,2)",1.5,4,2,0.667068738551391,21.5199353501965,2589506042.76204,120330567.941897,FLOAT
"antagonistic_mixed_(1.5,4,2)",1.5,4,2,0.667092719870275,21.5199353501965,2176954372.59282,101159893.706323,FLOAT
"antagonistic_mixed_(1.5,4,2)",1.5,4,2,0.667118131539495,21.5199353501965,1830157291.76415,85044739.3071483,FLOAT
"antagonistic_mixed_(1.5,4,2)",1.5,4,2,0.667145058871377,21.5199353501965,1538631407.57824,71497956.7800694,FLOAT
"antagonistic_mixed_(1.5,4,2)",1.5,4,2,0.667173592266644,21.5199353501965,1293565055.27987,60110080.9193676,FLOAT
"antagonistic_mixed_(1.5,4,2)",1.5,4,2,0.667203827517915,21.5199353501965,1087551679.88086,50536939.9202649,FLOAT
"antagonistic_mixed_(1.5,4,2)",1.5,4,2,0.667235866131295,21.5199353501965,914365744.084224,42489242.1470902,FLOAT
"antagonistic_mixed_(1.5,4,2)",1.5,4,2,0.667269815667157,21.5199353501965,768774378.838656,35723823.809333,FLOAT
"antagonistic_mixed_(1.5,4,2)",1.5,4,2,0.667305790101244,21.5199353501965,646379075.201792,30036292.6134855,FLOAT
"antagonistic_mixed_(1.5,4,2)",1.5,4,2,0.667343910207308,21.5199353501965,543482625.634822,25254844.719125,FLOAT
"antagonistic_mixed_(1.5,4,2)",1.5,4,2,0.667384303962572,21.5199353501965,456977287.251654,21235067.8482629,FLOAT
"antagonistic_mixed_(1.5,4,2)",1.5,4,2,0.667427106977381,21.5199353501965,384250781.977093,17855573.2498325,FLOAT
"antagonistic_mixed_(1.5,4,2)",1.5,4,2,0.66747246295047,21.5199353501965,323107288.554395,15014324.3135461,FLOAT
"antagonistic_mixed_(1.5,4,2)",1.5,4,2,0.667520524151393,21.5199353501965,271701035.152545,12625550.7152378,FLOAT
"antagonistic_mixed_(1.5,4,2)",1.5,4,2,0.667571451931725,21.5199353501965,228480482.775935,10617154.701343,FLOAT
"antagonistic_mixed_(1.5,4,2)",1.5,4,2,0.667625417266748,21.5199353501965,192141410.249157,8928531.01658608,FLOAT
"antagonistic_mixed_(1.5,4,2)",1.5,4,2,0.66768260132946,21.5199353501965,161587481.007853,7508734.50028175,FLOAT
"antagonistic_mixed_(1.5,4,2)",1.5,4,2,0.667743196098802,21.5199353501965,135897098.391963,6314939.90016669,FLOAT
"antagonistic_mixed_(1.5,4,2)",1.5,4,2,0.667807405004176,21.5199353501965,114295546.472075,5311147.29724463,FLOAT
"antagonistic_mixed_(1.5,4,2)",1.5,4,2,0.667875443608401,21.5199353501965,96131573.4259282,4467093.96945518,FLOAT
"antagonistic_mixed_(1.5,4,2)",1.5,4,2,0.667947540331402,21.5199353501965,80857708.9358287,3757339.76984696,FLOAT
"antagonistic_mixed_(1.5,4,2)",1.5,4,2,0.668023937217061,21.5199353501965,68013720.0922384,3160498.34655369,FLOAT
"antagonistic_mixed_(1.5,4,2)",1.5,4,2,0.668104890745814,21.5199353501965,57212705.2718235,2658590.94559506,FLOAT
"antagonistic_mixed_(1.5,4,2)",1.5,4,2,0.668190672695706,21.5199353501965,48129405.2926899,2236503.24731345,FLOAT
"antagonistic_mixed_(1.5,4,2)",1.5,4,2,0.66828157105481,21.5199353501965,40490378.2489209,1881528.80526898,FLOAT
"antagonistic_mixed_(1.5,4,2)",1.5,4,2,0.668377890988062,21.5199353501965,34065740.8223766,1582985.27704757,FLOAT
"antagonistic_mixed_(1.5,4,2)",1.5,4,2,0.668479955861763,21.5199353501965,28662226.2713245,1331891.83912036,FLOAT
"antagonistic_mixed_(1.5,4,2)",1.5,4,2,0.668588108329191,21.5199353501965,24117349.1351504,1120698.02918484,FLOAT
"antagonistic_mixed_(1.5,4,2)",1.5,4,2,0.668702711480957,21.5199353501965,20294500.1804824,943055.815467267,FLOAT
"antagonistic_mixed_(1.5,4,2)",1.5,4,2,0.668824150063978,21.5199353501965,17078823.2582123,793628.000283765,FLOAT
"antagonistic_mixed_(1.5,4,2)",1.5,4,2,0.668952831773153,21.5199353501965,14373749.3968815,667927.164416423,FLOAT
"antagonistic_mixed_(1.5,4,2)",1.5,4,2,0.669089188620082,21.5199353501965,12098083.340265,562180.282765324,FLOAT
"antagonistic_mixed_(1.5,4,2)",1.5,4,2,0.669233678383419,21.5199353501965,10183554.448452,473214.91829477,FLOAT
"antagonistic_mixed_(1.5,4,2)",1.5,4,2,0.669386786145729,21.5199353501965,8572757.92792472,398363.553998616,FLOAT
"antagonistic_mixed_(1.5,4,2)",1.5,4,2,0.669549025922018,21.5199353501965,7217424.1618781,335383.171205122,FLOAT
"antagonistic_mixed_(1.5,4,2)",1.5,4,2,0.669720942385384,21.5199353501965,6076963.83518948,282387.643656838,FLOAT
"antagonistic_mixed_(1.5,4,2)",1.5,4,2,0.669903112695601,21.5199353501965,5117244.8887337,237790.90436194,FLOAT
"antagonistic_mixed_(1.5,4,2)",1.5,4,2,0.670096148436769,21.5199353501965,4309564.34819443,200259.167979103,FLOAT
"antagonistic_mixed_(1.5,4,2)",1.5,4,2,0.670300697670525,21.5199353501965,3629783.96474078,168670.765300772,FLOAT
"antagonistic_mixed_(1.5,4,2)",1.5,4,2,0.670517447111728,21.5199353501965,3057603.55765166,142082.376545046,FLOAT
"antagonistic_mixed_(1.5,4,2)",1.5,4,2,0.670747124433902,21.5199353501965,2575950.1117723,119700.643605734,FLOAT
"antagonistic_mixed_(1.5,4,2)",1.5,4,2,0.67099050071219,21.5199353501965,2170464.181733,100858.304005694,FLOAT
"antagonistic_mixed_(1.5,4,2)",1.5,4,2,0.671248393012015,21.5199353501965,1829068.09589704,84994.1259642462,FLOAT
"antagonistic_mixed_(1.5,4,2)",1.5,4,2,0.671521667132144,21.5199353501965,1541602.92507586,71636.0388629971,FLOAT
"antagonistic_mixed_(1.5,4,2)",1.5,4,2,0.671811240511352,21.5199353501965,1299523.25895853,60386.9499518113,FLOAT
"antagonistic_mixed_(1.5,4,2)",1.5,4,2,0.67211808530846,21.5199353501965,1095640.5797663,50912.8192969359,FLOAT
"antagonistic_mixed_(1.5,4,2)",1.5,4,2,0.672443231666078,21.5199353501965,923907.490745179,42932.633193842,FLOAT
"antagonistic_mixed_(1.5,4,2)",1.5,4,2,0.672787771169006,21.5199353501965,779236.291136152,36209.9736107728,FLOAT
"antagonistic_mixed_(1.5,4,2)",1.5,4,2,0.673152860508921,21.5199353501965,657346.42653878,30545.9294296987,FLOAT
"antagonistic_mixed_(1.5,4,2)",1.5,4,2,0.673539725367628,21.5199353501965,554636.215502266,25773.1357681426,FLOAT
"antagonistic_mixed_(1.5,4,2)",1.5,4,2,0.673949664531935,21.5199353501965,468074.986083594,21750.7617224008,FLOAT
"antagonistic_mixed_(1.5,4,2)",1.5,4,2,0.674384054253956,21.5199353501965,395112.372192845,18360.2955010382,FLOAT
"antagonistic_mixed_(1.5,4,2)",1.5,4,2,0.674844352871474,21.5199353501965,333602.03741271,15501.9999820615,FLOAT
"antagonistic_mixed_(1.5,4,2)",1.5,4,2,0.675332105703892,21.5199353501965,281737.52930291,13091.9319560287,FLOAT
"antagonistic_mixed_(1.5,4,2)",1.5,4,2,0.675848950240194,21.5199353501965,237998.333136099,11059.4353218596,FLOAT
"antagonistic_mixed_(1.5,4,2)",1.5,4,2,0.676396621636343,21.5199353501965,201104.501624824,9345.03279643859,FLOAT
"antagonistic_mixed_(1.5,4,2)",1.5,4,2,0.676976958540561,21.5199353501965,169978.495786972,7898.6527153029,FLOAT
"antagonistic_mixed_(1.5,4,2)",1.5,4,2,0.677591909266059,21.5199353501965,143713.089475932,6678.13760298402,FLOAT
"antagonistic_mixed_(1.5,4,2)",1.5,4,2,0.67824353833194,21.5199353501965,121544.37284061,5647.98968317999,FLOAT
"antagonistic_mixed_(1.5,4,2)",1.5,4,2,0.678934033394218,21.5199353501965,102829.043601361,4778.31563747807,FLOAT
"antagonistic_mixed_(1.5,4,2)",1.5,4,2,0.679665712590243,21.5199353501965,87025.3041726051,4043.93892251217,FLOAT
"antagonistic_mixed_(1.5,4,2)",1.5,4,2,0.680441032321174,21.5199353501965,73676.79123246,3423.653000509,FLOAT
"antagonistic_mixed_(1.5,4,2)",1.5,4,2,0.681262595498641,21.5199353501965,62399.0556136129,2899.59307954162,FLOAT
"antagonistic_mixed_(1.5,4,2)",1.5,4,2,0.68213316028326,21.5199353501965,52868.187124396,2456.70752556017,FLOAT
"antagonistic_mixed_(1.5,4,2)",1.5,4,2,0.683055649344363,21.5199353501965,44811.2434218895,2082.31310608841,FLOAT
"antagonistic_mixed_(1.5,4,2)",1.5,4,2,0.684033159672015,21.5199353501965,37998.1962970211,1765.72074584202,FLOAT
"antagonistic_mixed_(1.5,4,2)",1.5,4,2,0.68506897297426,21.5199353501965,32235.1543329236,1497.92059354998,FLOAT
"antagonistic_mixed_(1.5,4,2)",1.5,4,2,0.686166566694507,21.5199353501965,27358.6592379048,1271.31698086886,FLOAT
"antagonistic_mixed_(1.5,4,2)",1.5,4,2,0.687329625686041,21.5199353501965,23230.8853904156,1079.50535224091,FLOAT
"antagonistic_mixed_(1.5,4,2)",1.5,4,2,0.68856205458285,21.5199353501965,19735.5992377879,917.084504048367,FLOAT
"antagonistic_mixed_(1.5,4,2)",1.5,4,2,0.689867990908302,21.5199353501965,16774.7579806463,779.498530440203,FLOAT
"antagonistic_mixed_(1.5,4,2)",1.5,4,2,0.691251818965688,21.5199353501965,14265.646138058,662.903763692197,FLOAT
"antagonistic_mixed_(1.5,4,2)",1.5,4,2,0.692718184557244,21.5199353501965,12138.4647022407,564.056745743425,FLOAT
"antagonistic_mixed_(1.5,4,2)",1.5,4,2,0.694272010581095,21.5199353501965,10334.3011417448,480.219897205707,FLOAT
"antagonistic_mixed_(1.5,4,2)",1.5,4,2,0.695918513558455,21.5199353501965,8803.419906573,409.082079630533,FLOAT
"antagonistic_mixed_(1.5,4,2)",1.5,4,2,0.697663221146592,21.5199353501965,7503.82267099693,348.69169209323,FLOAT
"antagonistic_mixed_(1.5,4,2)",1.5,4,2,0.699511990696333,21.5199353501965,6400.03560832639,297.400317620747,FLOAT
"antagonistic_mixed_(1.5,4,2)",1.5,4,2,0.701471028916427,21.5199353501965,5462.08776918506,253.81524992059,FLOAT
"antagonistic_mixed_(1.5,4,2)",1.5,4,2,0.703546912710775,21.5199353501965,4664.65033482315,216.759495738009,FLOAT
"antagonistic_mixed_(1.5,4,2)",1.5,4,2,0.705746611258478,21.5199353501965,3986.31131113096,185.238070944974,FLOAT
"antagonistic_mixed_(1.5,4,2)",1.5,4,2,0.708077509410841,21.5199353501965,3408.96426141359,158.409595843998,FLOAT
"antagonistic_mixed_(1.5,4,2)",1.5,4,2,0.710547432483875,21.5199353501965,2917.29306784244,135.562352784475,FLOAT
"antagonistic_mixed_(1.5,4,2)",1.5,4,2,0.713164672529529,21.5199353501965,2498.33756469951,116.094101773252,FLOAT
"antagonistic_mixed_(1.5,4,2)",1.5,4,2,0.715938016173855,21.5199353501965,2141.12728673671,99.4950612952077,FLOAT
"antagonistic_mixed_(1.5,4,2)",1.5,4,2,0.718876774115565,21.5199353501965,1836.37259521565,85.3335553909497,FLOAT
"antagonistic_mixed_(1.5,4,2)",1.5,4,2,0.721990812384003,21.5199353501965,1576.20414303695,73.243906981466,FLOAT
"antagonistic_mixed_(1.5,4,2)",1.5,4,2,0.725290585461487,21.5199353501965,1353.95306973508,62.9162238502132,FLOAT
"antagonistic_mixed_(1.5,4,2)",1.5,4,2,0.728787171381207,21.5199353501965,1163.96551982906,54.0877795814767,FLOAT
"antagonistic_mixed_(1.5,4,2)",1.5,4,2,0.732492308918514,21.5199353501965,1001.44609008586,46.5357387830963,FLOAT
"antagonistic_mixed_(1.5,4,2)",1.5,4,2,0.736418437000464,21.5199353501965,862.325662955664,40.0710154990215,FLOAT
"antagonistic_mixed_(1.5,4,2)",1.5,4,2,0.740578736465914,21.5199353501965,743.149800237707,34.5330870257899,FLOAT
"antagonistic_mixed_(1.5,4,2)",1.5,4,2,0.744987174316374,21.5199353501965,640.98447434928,29.7856133821251,FLOAT
"antagonistic_mixed_(1.5,4,2)",1.5,4,2,0.749658550606174,21.5199353501965,553.336422406683,25.7127362792766,FLOAT
"antagonistic_mixed_(1.5,4,2)",1.5,4,2,0.754608548129361,21.5199353501965,478.085835833951,22.2159513053363,FLOAT
"antagonistic_mixed_(1.5,4,2)",1.5,4,2,0.759853785070145,21.5199353501965,413.429458132668,19.2114637616183,FLOAT
"antagonistic_mixed_(1.5,4,2)",1.5,4,2,0.765411870793641,21.5199353501965,357.832466489566,16.6279526711635,FLOAT
"antagonistic_mixed_(1.5,4,2)",1.5,4,2,0.771301464964215,21.5199353501965,309.987768081498,14.4046793374158,FLOAT
"antagonistic_mixed_(1.5,4,2)",1.5,4,2,0.777542340189913,21.5199353501965,268.781556841976,12.4898868174119,FLOAT
"antagonistic_mixed_(1.5,4,2)",1.5,4,2,0.784155448403264,21.5199353501965,233.264157457691,10.8394450848367,FLOAT
"antagonistic_mixed_(1.5,4,2)",1.5,4,2,0.791162991201332,21.5199353501965,202.625335833432,9.41570374334708,FLOAT
"antagonistic_mixed_(1.5,4,2)",1.5,4,2,0.798588494381158,21.5199353501965,176.173383713633,8.18652011944937,FLOAT
"antagonistic_mixed_(1.5,4,2)",1.5,4,2,0.806456886920807,21.5199353501965,153.317393376817,7.12443559340977,FLOAT
"antagonistic_mixed_(1.5,4,2)",1.5,4,2,0.814794584671205,21.5199353501965,133.552229521071,6.20597726469711,FLOAT
"antagonistic_mixed_(1.5,4,2)",1.5,4,2,0.823629579039712,21.5199353501965,116.445782323426,5.41106562024883,FLOAT
"antagonistic_mixed_(1.5,4,2)",1.5,4,2,0.83299153096317,21.5199353501965,101.628150446188,4.72251188455638,FLOAT
"antagonistic_mixed_(1.5,4,2)",1.5,4,2,0.842911870485915,21.5199353501965,88.7824573826099,4.1255912686466,FLOAT
"antagonistic_mixed_(1.5,4,2)",1.5,4,2,0.853423902277057,21.5199353501965,77.637050584367,3.6076804749164,FLOAT
"antagonistic_mixed_(1.5,4,2)",1.5,4,2,0.864562917441269,21.5199353501965,67.9588716412097,3.15794961905353,FLOAT
"antagonistic_mixed_(1.5,4,2)",1.5,4,2,0.876366311998457,21.5199353501965,59.5478185209329,2.767100251553,FLOAT
"antagonistic_mixed_(1.5,4,2)",1.5,4,2,0.888873712430073,21.5199353501965,52.2319484759143,2.42714244378236,FLOAT
"antagonistic_mixed_(1.5,4,2)",1.5,4,2,0.9,21.5199353501965,46.8037991886829,2.17490426560485,FLOAT
"antagonistic_mixed_(1.5,4,2)",1.5,4,2,0.902127108713561,21.5199353501965,45.8633934764206,2.13120498412658,FLOAT
"antagonistic_mixed_(1.5,4,2)",1.5,4,2,0.912667383761716,21.5199353501965,41.5998351880455,1.93308365062842,FLOAT
"antagonistic_mixed_(1.5,4,2)",1.5,4,2,0.916170995291558,21.5199353501965,40.3148796030868,1.87337363923441,FLOAT
"antagonistic_mixed_(1.5,4,2)",1.5,4,2,0.923730141409766,21.5199353501965,37.7398930973094,1.75371777299344,FLOAT
"antagonistic_mixed_(1.5,4,2)",1.5,4,2,0.931052520449102,21.5199353501965,35.4767582662819,1.64855319911349,FLOAT
"antagonistic_mixed_(1.5,4,2)",1.5,4,2,0.933391537091908,21.5199353501965,34.7972710007995,1.61697841719965,FLOAT
"antagonistic_mixed_(1.5,4,2)",1.5,4,2,0.941829086706256,21.5199353501965,32.5042351811175,1.51042438799988,FLOAT
"antagonistic_mixed_(1.5,4,2)",1.5,4,2,0.946821644600358,21.5199353501965,31.2544708550734,1.45234966306663,FLOAT
"antagonistic_mixed_(1.5,4,2)",1.5,4,2,0.94919781953087,21.5199353501965,30.6853281366157,1.42590243126988,FLOAT
"antagonistic_mixed_(1.5,4,2)",1.5,4,2,0.955633126690214,21.5199353501965,29.2213118796547,1.35787173168194,FLOAT
"antagonistic_mixed_(1.5,4,2)",1.5,4,2,0.961253248795439,21.5199353501965,28.0286219647801,1.3024491713691,FLOAT
"antagonistic_mixed_(1.5,4,2)",1.5,4,2,0.963531308016255,21.5199353501965,27.5663797807024,1.28096945144636,FLOAT
"antagonistic_mixed_(1.5,4,2)",1.5,4,2,0.966161448465718,21.5199353501965,27.0471291672985,1.2568406329832,FLOAT
"antagonistic_mixed_(1.5,4,2)",1.5,4,2,0.970447907647971,21.5199353501965,26.2325679140397,1.21898915991865,FLOAT
"antagonistic_mixed_(1.5,4,2)",1.5,4,2,0.974191384595819,21.5199353501965,25.5516956054825,1.18735001707378,FLOAT
"antagonistic_mixed_(1.5,4,2)",1.5,4,2,0.977460660952652,21.5199353501965,24.9791077020129,1.16074269255576,FLOAT
"antagonistic_mixed_(1.5,4,2)",1.5,4,2,0.980315805527134,21.5199353501965,24.4950884018932,1.13825102182147,FLOAT
"antagonistic_mixed_(1.5,4,2)",1.5,4,2,0.981237608556118,21.5199353501965,24.3419080706049,1.13113295530335,FLOAT
"antagonistic_mixed_(1.5,4,2)",1.5,4,2,0.982809277981414,21.5199353501965,24.0841270577555,1.11915424771644,FLOAT
"antagonistic_mixed_(1.5,4,2)",1.5,4,2,0.984986892710918,21.5199353501965,23.7338731605458,1.10287846010323,FLOAT
"antagonistic_mixed_(1.5,4,2)",1.5,4,2,0.986888660625784,21.5199353501965,23.4343866407763,1.08896175845446,FLOAT
"antagonistic_mixed_(1.5,4,2)",1.5,4,2,0.988549524300617,21.5199353501965,23.1775910000854,1.07702883967418,FLOAT
"antagonistic_mixed_(1.5,4,2)",1.5,4,2,0.99,21.5199353501965,22.9568682762207,1.06677217671154,FLOAT
"antagonistic_mixed_(1.5,4,2)",1.5,4,2,0.991266738376172,21.5199353501965,22.7667548290673,1.05793788218139,FLOAT
"antagonistic_mixed_(1.5,4,2)",1.5,4,2,0.992373014140977,21.5199353501965,22.6027098830972,1.05031495286954,FLOAT
"antagonistic_mixed_(1.5,4,2)",1.5,4,2,0.993339153709191,21.5199353501965,22.4609373099943,1.04372698823137,FLOAT
"antagonistic_mixed_(1.5,4,2)",1.5,4,2,0.994182908670626,21.5199353501965,22.3382468772472,1.03802574281633,FLOAT
"antagonistic_mixed_(1.5,4,2)",1.5,4,2,0.994919781953087,21.5199353501965,22.2319451070919,1.0330860546423,FLOAT
"antagonistic_mixed_(1.5,4,2)",1.5,4,2,0.995563312669021,21.5199353501965,22.139748603715,1.0288018176371,FLOAT
"antagonistic_mixed_(1.5,4,2)",1.5,4,2,0.996125324879544,21.5199353501965,22.0597146112344,1.02508275476919,FLOAT
"antagonistic_mixed_(1.5,4,2)",1.5,4,2,0.996616144846572,21.5199353501965,21.9901849186533,1.02185181139275,FLOAT
"antagonistic_mixed_(1.5,4,2)",1.5,4,2,0.997044790764797,21.5199353501965,21.9297402014084,1.019043033566,FLOAT
"antagonistic_mixed_(1.5,4,2)",1.5,4,2,0.997419138459582,21.5199353501965,21.8771625967983,1.01659982898594,FLOAT
"antagonistic_mixed_(1.5,4,2)",1.5,4,2,0.997746066095265,21.5199353501965,21.8314048303575,1.01447353233606,FLOAT
"antagonistic_mixed_(1.5,4,2)",1.5,4,2,0.998031580552713,21.5199353501965,21.7915645957351,1.01262221475661,FLOAT
"antagonistic_mixed_(1.5,4,2)",1.5,4,2,0.998280927798141,21.5199353501965,21.75686317918,1.01100969055566,FLOAT
"antagonistic_mixed_(1.5,4,2)",1.5,4,2,0.998498689271092,21.5199353501965,21.7266275376142,1.00960468440329,FLOAT
"antagonistic_mixed_(1.5,4,2)",1.5,4,2,0.998688866062578,21.5199353501965,21.7002752051832,1.00838012996099,FLOAT
"antagonistic_mixed_(1.5,4,2)",1.5,4,2,0.998854952430062,21.5199353501965,21.6773015305339,1.00731257681664,FLOAT
"antagonistic_mixed_(1.5,4,2)",1.5,4,2,0.999,21.5199353501965,21.6572688456046,1.00638168717393,FLOAT
"antagonistic_mixed_(1.5,4,2)",1.5,4,2,0.999126673837617,21.5199353501965,21.6397972435207,1.00556980731465,FLOAT
"antagonistic_mixed_(1.5,4,2)",1.5,4,2,0.999237301414098,21.5199353501965,21.6245567035087,1.00486160165492,FLOAT
"antagonistic_mixed_(1.5,4,2)",1.5,4,2,0.999333915370919,21.5199353501965,21.6112603484409,1.00424373943315,FLOAT
"antagonistic_mixed_(1.5,4,2)",1.5,4,2,0.999418290867063,21.5199353501965,21.5996586586136,1.00370462583274,FLOAT
"antagonistic_mixed_(1.5,4,2)",1.5,4,2,0.999491978195309,21.5199353501965,21.5895344958118,1.00323417075761,FLOAT
"antagonistic_mixed_(1.5,4,2)",1.5,4,2,0.999556331266902,21.5199353501965,21.5806988162863,1.00282358962056,FLOAT
"antagonistic_mixed_(1.5,4,2)",1.5,4,2,0.999612532487954,21.5199353501965,21.5729869712199,1.00246523143123,FLOAT
"antagonistic_mixed_(1.5,4,2)",1.5,4,2,0.999661614484657,21.5199353501965,21.5662555095474,1.00215243022793,FLOAT
"antagonistic_mixed_(1.5,4,2)",1.5,4,2,0.99970447907648,21.5199353501965,21.5603794113838,1.00187937651899,FLOAT
"antagonistic_mixed_(1.5,4,2)",1.5,4,2,0.999741913845958,21.5199353501965,21.5552496913609,1.00164100591334,FLOAT
"antagonistic_mixed_(1.5,4,2)",1.5,4,2,0.999774606609527,21.5199353501965,21.5507713203483,1.00143290254594,FLOAT
"antagonistic_mixed_(1.5,4,2)",1.5,4,2,0.999803158055271,21.5199353501965,21.5468614216865,1.00125121525933,FLOAT
"antagonistic_mixed_(1.5,4,2)",1.5,4,2,0.999828092779814,21.5199353501965,21.5434477044665,1.00109258480044,FLOAT
"antagonistic_mixed_(1.5,4,2)",1.5,4,2,0.999849868927109,21.5199353501965,21.5404671017839,1.00095408054222,FLOAT
"antagonistic_mixed_(1.5,4,2)",1.5,4,2,0.999868886606258,21.5199353501965,21.5378645864475,1.00083314545138,FLOAT
"antagonistic_mixed_(1.5,4,2)",1.5,4,2,0.999885495243006,21.5199353501965,21.5355921404811,1.00072754820262,FLOAT
"antagonistic_mixed_(1.5,4,2)",1.5,4,2,0.9999,21.5199353501965,21.5336078580364,1.00063534149232,FLOAT
"antagonistic_mixed_(1.5,4,2)",1.5,4,2,0.999912667383762,21.5199353501965,21.5318751641333,1.00055482573449,FLOAT
"antagonistic_mixed_(1.5,4,2)",1.5,4,2,0.99992373014141,21.5199353501965,21.5303621340332,1.00048451743312,FLOAT
"antagonistic_mixed_(1.5,4,2)",1.5,4,2,0.999933391537092,21.5199353501965,21.5290409001004,1.00042312161982,FLOAT
"antagonistic_mixed_(1.5,4,2)",1.5,4,2,0.999941829086706,21.5199353501965,21.5278871347679,1.00036950782807,FLOAT
"antagonistic_mixed_(1.5,4,2)",1.5,4,2,0.999949197819531,21.5199353501965,21.5268795997355,1.00032268914502,FLOAT
"antagonistic_mixed_(1.5,4,2)",1.5,4,2,0.99995563312669,21.5199353501965,21.5259997528354,1.00028180394319,FLOAT
"antagonistic_mixed_(1.5,4,2)",1.5,4,2,0.999961253248795,21.5199353501965,21.5252314051267,1.00024609994612,FLOAT
"antagonistic_mixed_(1.5,4,2)",1.5,4,2,0.999966161448466,21.5199353501965,21.5245604217535,1.00021492032767,FLOAT
"antagonistic_mixed_(1.5,4,2)",1.5,4,2,0.999970447907648,21.5199353501965,21.5239744609459,1.00018769158381,FLOAT
"antagonistic_mixed_(1.5,4,2)",1.5,4,2,0.999974191384596,21.5199353501965,21.5234627462734,1.00016391294953,FLOAT
"antagonistic_mixed_(1.5,4,2)",1.5,4,2,0.999977460660953,21.5199353501965,21.5230158678915,1.00014314716308,FLOAT
"antagonistic_mixed_(1.5,4,2)",1.5,4,2,0.999980315805527,21.5199353501965,21.5226256090766,1.0001250124053,FLOAT
"antagonistic_mixed_(1.5,4,2)",1.5,4,2,0.999982809277981,21.5199353501965,21.522284794818,1.00010917526393,FLOAT
"antagonistic_mixed_(1.5,4,2)",1.5,4,2,0.999984986892711,21.5199353501965,21.5219871596542,1.00009534459209,FLOAT
"antagonistic_mixed_(1.5,4,2)",1.5,4,2,0.999986888660626,21.5199353501965,21.5217272322991,1.00008326614711,FLOAT
"antagonistic_mixed_(1.5,4,2)",1.5,4,2,0.999988549524301,21.5199353501965,21.521500234921,1.00007271791012,FLOAT
"antagonistic_mixed_(1.5,4,2)",1.5,4,2,0.99999,21.5199353501965,21.5213019952085,1.00006350599989,FLOAT
"antagonistic_mixed_(1.5,4,2)",1.5,4,2,0.999991266738376,21.5199353501965,21.521128869597,1.0000554611053,FLOAT
"antagonistic_mixed_(1.5,4,2)",1.5,4,2,0.999992373014141,21.5199353501965,21.5209776762375,1.00004843537046,FLOAT
"antagonistic_mixed_(1.5,4,2)",1.5,4,2,0.999993339153709,21.5199353501965,21.5208456364682,1.00004229967502,FLOAT
"antagonistic_mixed_(1.5,4,2)",1.5,4,2,0.999994182908671,21.5199353501965,21.5207303237106,1.0000369412594,FLOAT
"antagonistic_mixed_(1.5,4,2)",1.5,4,2,0.999994919781953,21.5199353501965,21.5206296188462,1.00003226165127,FLOAT
"antagonistic_mixed_(1.5,4,2)",1.5,4,2,0.999995563312669,21.5199353501965,21.5205416712511,1.00002817485484,FLOAT
"antagonistic_mixed_(1.5,4,2)",1.5,4,2,0.99999612532488,21.5199353501965,21.5204648647712,1.00002460576977,FLOAT
"antagonistic_mixed_(1.5,4,2)",1.5,4,2,0.999996616144847,21.5199353501965,21.5203977880106,1.00002148881056,FLOAT
"antagonistic_mixed_(1.5,4,2)",1.5,4,2,0.999997044790765,21.5199353501965,21.5203392083858,1.00001876670086,FLOAT
"antagonistic_mixed_(1.5,4,2)",1.5,4,2,0.99999741913846,21.5199353501965,21.5202880494691,1.00001638942064,FLOAT
"antagonistic_mixed_(1.5,4,2)",1.5,4,2,0.999997746066095,21.5199353501965,21.520243371203,1.0000143132868,FLOAT
"antagonistic_mixed_(1.5,4,2)",1.5,4,2,0.999998031580553,21.5199353501965,21.5202043526219,1.00001250015026,FLOAT
"antagonistic_mixed_(1.5,4,2)",1.5,4,2,0.999998280927798,21.5199353501965,21.520170276764,1.00001091669485,FLOAT
"antagonistic_mixed_(1.5,4,2)",1.5,4,2,0.999998498689271,21.5199353501965,21.5201405174942,1.000009533825,FLOAT
"antagonistic_mixed_(1.5,4,2)",1.5,4,2,0.999998688866063,21.5199353501965,21.5201145279975,1.00000832613101,FLOAT
"antagonistic_mixed_(1.5,4,2)",1.5,4,2,0.99999885495243,21.5199353501965,21.5200918307299,1.00000727142209,FLOAT
"antagonistic_mixed_(1.5,4,2)",1.5,4,2,0.999999,21.5199353501965,21.5200720086426,1.00000635031862,FLOAT
"antagonistic_mixed_(1.5,4,2)",1.5,4,2,0.999999126673838,21.5199353501965,21.5200546975184,1.00000554589593,FLOAT
"antagonistic_mixed_(1.5,4,2)",1.5,4,2,0.999999237301414,21.5199353501965,21.5200395792784,1.00000484337337,FLOAT
"antagonistic_mixed_(1.5,4,2)",1.5,4,2,0.999999333915371,21.5199353501965,21.5200263761372,1.00000422984267,FLOAT
"antagonistic_mixed_(1.5,4,2)",1.5,4,2,0.999999418290867,21.5199353501965,21.520014845499,1.00000369403073,FLOAT
"antagonistic_mixed_(1.5,4,2)",1.5,4,2,0.999999491978195,21.5199353501965,21.5200047754988,1.00000322609251,FLOAT
"antagonistic_mixed_(1.5,4,2)",1.5,4,2,0.999999556331267,21.5199353501965,21.5199959811101,1.0000028174301,FLOAT
"antagonistic_mixed_(1.5,4,2)",1.5,4,2,0.999999612532488,21.5199353501965,21.5199883007449,1.00000246053474,FLOAT
"antagonistic_mixed_(1.5,4,2)",1.5,4,2,0.999999661614485,21.5199353501965,21.5199815932846,1.00000214884884,FLOAT
"antagonistic_mixed_(1.5,4,2)",1.5,4,2,0.999999704479076,21.5199353501965,21.5199757354866,1.00000187664551,FLOAT
"antagonistic_mixed_(1.5,4,2)",1.5,4,2,0.999999741913846,21.5199353501965,21.5199706197205,1.00000163892332,FLOAT
"antagonistic_mixed_(1.5,4,2)",1.5,4,2,0.999999774606609,21.5199353501965,21.5199661519895,1.00000143131439,FLOAT
"antagonistic_mixed_(1.5,4,2)",1.5,4,2,0.999999803158055,21.5199353501965,21.5199622502044,1.00000125000412,FLOAT
"antagonistic_mixed_(1.5,4,2)",1.5,4,2,0.99999982809278,21.5199353501965,21.5199588426743,1.00000109166117,FLOAT
"antagonistic_mixed_(1.5,4,2)",1.5,4,2,0.999999849868927,21.5199353501965,21.5199558667898,1.00000095337616,FLOAT
"antagonistic_mixed_(1.5,4,2)",1.5,4,2,0.999999868886606,21.5199353501965,21.5199532678725,1.00000083260826,FLOAT
"antagonistic_mixed_(1.5,4,2)",1.5,4,2,0.999999885495243,21.5199353501965,21.5199509981705,1.00000072713852,FLOAT
"antagonistic_mixed_(1.5,4,2)",1.5,4,2,0.9999999,21.5199353501965,21.5199490159806,1.00000063502905,FLOAT
"antagonistic_mixed_(1.5,4,2)",1.5,4,2,0.999999912667384,21.5199353501965,21.5199472848825,1.00000055458745,FLOAT
"antagonistic_mixed_(1.5,4,2)",1.5,4,2,0.999999923730141,21.5199353501965,21.5199457730695,1.0000004843357,FLOAT
"antagonistic_mixed_(1.5,4,2)",1.5,4,2,0.999999933391537,21.5199353501965,21.5199444527637,1.00000042298302,FLOAT
"antagonistic_mixed_(1.5,4,2)",1.5,4,2,0.999999941829087,21.5199353501965,21.5199432997063,1.00000036940212,FLOAT
"antagonistic_mixed_(1.5,4,2)",1.5,4,2,0.99999994919782,21.5199353501965,21.5199422927111,1.00000032260853,FLOAT
"antagonistic_mixed_(1.5,4,2)",1.5,4,2,0.999999955633127,21.5199353501965,21.5199414132759,1.00000028174246,FLOAT
"antagonistic_mixed_(1.5,4,2)",1.5,4,2,0.999999961253249,21.5199353501965,21.5199406452422,1.00000024605305,FLOAT
"antagonistic_mixed_(1.5,4,2)",1.5,4,2,0.999999966161448,21.5199353501965,21.5199399744984,1.00000021488456,FLOAT
"antagonistic_mixed_(1.5,4,2)",1.5,4,2,0.999999970447908,21.5199353501965,21.5199393887202,1.00000018766431,FLOAT
"antagonistic_mixed_(1.5,4,2)",1.5,4,2,0.999999974191385,21.5199353501965,21.5199388771448,1.00000016389214,FLOAT
"antagonistic_mixed_(1.5,4,2)",1.5,4,2,0.999999977460661,21.5199353501965,21.5199384303727,1.0000001431313,FLOAT
"antagonistic_mixed_(1.5,4,2)",1.5,4,2,0.999999980315806,21.5199353501965,21.519938040195,1.0000001250003,FLOAT
"antagonistic_mixed_(1.5,4,2)",1.5,4,2,0.999999982809278,21.5199353501965,21.5199376994425,1.00000010916603,FLOAT
"antagonistic_mixed_(1.5,4,2)",1.5,4,2,0.999999984986893,21.5199353501965,21.5199374018545,1.00000009533755,FLOAT
"antagonistic_mixed_(1.5,4,2)",1.5,4,2,0.999999986888661,21.5199353501965,21.5199371419631,1.00000008326078,FLOAT
"antagonistic_mixed_(1.5,4,2)",1.5,4,2,0.999999988549524,21.5199353501965,21.5199369149931,1.00000007271382,FLOAT
"antagonistic_mixed_(1.5,4,2)",1.5,4,2,0.99999999,21.5199353501965,21.5199367167743,1.00000006350288,FLOAT
"all_mutualistic_(0.5,0.5,0.5)",0.5,0.5,0.5,0.666666676666667,4.5,1.67583891416241e+23,3.72408647591646e+22,FLOAT
"all_mutualistic_(0.5,0.5,0.5)",0.5,0.5,0.5,0.66666667726311,4.5,1.40848386016182e+23,3.12996413369293e+22,FLOAT
"all_mutualistic_(0.5,0.5,0.5)",0.5,0.5,0.5,0.666666677895128,4.5,1.1837813603123e+23,2.63062524513845e+22,FLOAT
"all_mutualistic_(0.5,0.5,0.5)",0.5,0.5,0.5,0.666666678564843,4.5,9.94926751464e+22,2.21094833658667e+22,FLOAT
"all_mutualistic_(0.5,0.5,0.5)",0.5,0.5,0.5,0.666666679274502,4.5,8.36201094451602e+22,1.85822465433689e+22,FLOAT
"all_mutualistic_(0.5,0.5,0.5)",0.5,0.5,0.5,0.666666680026488,4.5,7.02797684627603e+22,1.56177263250578e+22,FLOAT
"all_mutualistic_(0.5,0.5,0.5)",0.5,0.5,0.5,0.666666680823326,4.5,5.90676834129643e+22,1.31261518695476e+22,FLOAT
"all_mutualistic_(0.5,0.5,0.5)",0.5,0.5,0.5,0.666666681667691,4.5,4.96443193288992e+22,1.10320709619776e+22,FLOAT
"all_mutualistic_(0.5,0.5,0.5)",0.5,0.5,0.5,0.666666682562417,4.5,4.17243101276356e+22,9.27206891725235e+21,FLOAT
"all_mutualistic_(0.5,0.5,0.5)",0.5,0.5,0.5,0.666666683510509,4.5,3.50678201475698e+22,7.79284892168218e+21,FLOAT
"all_mutualistic_(0.5,0.5,0.5)",0.5,0.5,0.5,0.666666684515149,4.5,2.9473273894386e+22,6.54961642097467e+21,FLOAT
"all_mutualistic_(0.5,0.5,0.5)",0.5,0.5,0.5,0.66666668557971,4.5,2.47712535855526e+22,5.5047230190117e+21,FLOAT
"all_mutualistic_(0.5,0.5,0.5)",0.5,0.5,0.5,0.666666686707767,4.5,2.08193712023707e+22,4.62652693386016e+21,FLOAT
"all_mutualistic_(0.5,0.5,0.5)",0.5,0.5,0.5,0.666666687903105,4.5,1.74979517747164e+22,3.88843372771476e+21,FLOAT
"all_mutualistic_(0.5,0.5,0.5)",0.5,0.5,0.5,0.666666689169739,4.5,1.47064153188287e+22,3.26809229307303e+21,FLOAT
"all_mutualistic_(0.5,0.5,0.5)",0.5,0.5,0.5,0.66666669051192,4.5,1.23602267497675e+22,2.74671705550388e+21,FLOAT
"all_mutualistic_(0.5,0.5,0.5)",0.5,0.5,0.5,0.666666691934155,4.5,1.03883375440264e+22,2.30851945422809e+21,FLOAT
"all_mutualistic_(0.5,0.5,0.5)",0.5,0.5,0.5,0.666666693441218,4.5,8.73103366379738e+21,1.94022970306608e+21,FLOAT
"all_mutualistic_(0.5,0.5,0.5)",0.5,0.5,0.5,0.666666695038169,4.5,7.33812780159439e+21,1.63069506702097e+21,FLOAT
"all_mutualistic_(0.5,0.5,0.5)",0.5,0.5,0.5,0.666666696730369,4.5,6.16743931828789e+21,1.37054207073064e+21,FLOAT
"all_mutualistic_(0.5,0.5,0.5)",0.5,0.5,0.5,0.666666698523499,4.5,5.18351666709125e+21,1.15189259268694e+21,FLOAT
"all_mutualistic_(0.5,0.5,0.5)",0.5,0.5,0.5,0.666666700423579,4.5,4.35656409698633e+21,9.6812535488585e+20,FLOAT
"all_mutualistic_(0.5,0.5,0.5)",0.5,0.5,0.5,0.666666702436989,4.5,3.66153942030887e+21,8.13675426735304e+20,FLOAT
"all_mutualistic_(0.5,0.5,0.5)",0.5,0.5,0.5,0.666666704570486,4.5,3.07739561291698e+21,6.83865691759329e+20,FLOAT
"all_mutualistic_(0.5,0.5,0.5)",0.5,0.5,0.5,0.666666706831235,4.5,2.58644316433298e+21,5.74765147629551e+20,FLOAT
"all_mutualistic_(0.5,0.5,0.5)",0.5,0.5,0.5,0.666666709226825,4.5,2.17381483885784e+21,4.83069964190632e+20,FLOAT
"all_mutualistic_(0.5,0.5,0.5)",0.5,0.5,0.5,0.666666711765299,4.5,1.82701520267546e+21,4.06003378372325e+20,FLOAT
"all_mutualistic_(0.5,0.5,0.5)",0.5,0.5,0.5,0.666666714455177,4.5,1.53554226781719e+21,3.41231615070486e+20,FLOAT
"all_mutualistic_(0.5,0.5,0.5)",0.5,0.5,0.5,0.666666717305492,4.5,1.29056946702891e+21,2.86793214895314e+20,FLOAT
"all_mutualistic_(0.5,0.5,0.5)",0.5,0.5,0.5,0.666666720325813,4.5,1.08467840595261e+21,2.41039645767246e+20,FLOAT
"all_mutualistic_(0.5,0.5,0.5)",0.5,0.5,0.5,0.666666723526278,4.5,9.11634196775663e+20,2.02585377061258e+20,FLOAT
"all_mutualistic_(0.5,0.5,0.5)",0.5,0.5,0.5,0.666666726917633,4.5,7.66196592688063e+20,1.70265909486236e+20,FLOAT
"all_mutualistic_(0.5,0.5,0.5)",0.5,0.5,0.5,0.666666730511263,4.5,6.4396139287651e+20,1.43102531750336e+20,FLOAT
"all_mutualistic_(0.5,0.5,0.5)",0.5,0.5,0.5,0.666666734319233,4.5,5.41226983961269e+20,1.20272663102504e+20,FLOAT
"all_mutualistic_(0.5,0.5,0.5)",0.5,0.5,0.5,0.666666738354327,4.5,4.54882316908888e+20,1.01084959313086e+20,FLOAT
"all_mutualistic_(0.5,0.5,0.5)",0.5,0.5,0.5,0.666666742630091,4.5,3.82312645462415e+20,8.49583656583145e+19,FLOAT
"all_mutualistic_(0.5,0.5,0.5)",0.5,0.5,0.5,0.66666674716088,4.5,3.21320381809283e+20,7.14045292909519e+19,FLOAT
"all_mutualistic_(0.5,0.5,0.5)",0.5,0.5,0.5,0.666666751961906,4.5,2.70058520454574e+20,6.0013004545461e+19,FLOAT
"all_mutualistic_(0.5,0.5,0.5)",0.5,0.5,0.5,0.666666757049286,4.5,2.26974724155132e+20,5.04388275900294e+19,FLOAT
"all_mutualistic_(0.5,0.5,0.5)",0.5,0.5,0.5,0.666666762440099,4.5,1.90764303392976e+20,4.23920674206613e+19,FLOAT
"all_mutualistic_(0.5,0.5,0.5)",0.5,0.5,0.5,0.666666768152444,4.5,1.6033071119606e+20,3.56290469324578e+19,FLOAT
"all_mutualistic_(0.5,0.5,0.5)",0.5,0.5,0.5,0.666666774205498,4.5,1.34752345127508e+20,2.99449655838907e+19,FLOAT
"all_mutualistic_(0.5,0.5,0.5)",0.5,0.5,0.5,0.666666780619582,4.5,1.13254623887528e+20,2.51676941972284e+19,FLOAT
"all_mutualistic_(0.5,0.5,0.5)",0.5,0.5,0.5,0.66666678741623,4.5,9.51865430984044e+19,2.11525651329788e+19,FLOAT
"all_mutualistic_(0.5,0.5,0.5)",0.5,0.5,0.5,0.66666679461826,4.5,8.00009538888393e+19,1.77779897530754e+19,FLOAT
"all_mutualistic_(0.5,0.5,0.5)",0.5,0.5,0.5,0.666666802249851,4.5,6.72379983302465e+19,1.49417774067214e+19,FLOAT
"all_mutualistic_(0.5,0.5,0.5)",0.5,0.5,0.5,0.666666810336623,4.5,5.65111815637189e+19,1.25580403474931e+19,FLOAT
"all_mutualistic_(0.5,0.5,0.5)",0.5,0.5,0.5,0.666666818905725,4.5,4.74956679217032e+19,1.05545928714896e+19,FLOAT
"all_mutualistic_(0.5,0.5,0.5)",0.5,0.5,0.5,0.666666827985925,4.5,3.9918444563976e+19,8.87076545866132e+18,FLOAT
"all_mutualistic_(0.5,0.5,0.5)",0.5,0.5,0.5,0.666666837607709,4.5,3.35500539336932e+19,7.45556754082071e+18,FLOAT
"all_mutualistic_(0.5,0.5,0.5)",0.5,0.5,0.5,0.666666847803377,4.5,2.81976446717061e+19,6.26614326037912e+18,FLOAT
"all_mutualistic_(0.5,0.5,0.5)",0.5,0.5,0.5,0.66666685860716,4.5,2.36991322295882e+19,5.26647382879738e+18,FLOAT
"all_mutualistic_(0.5,0.5,0.5)",0.5,0.5,0.5,0.666666870055327,4.5,1.99182902328805e+19,4.42628671841788e+18,FLOAT
"all_mutualistic_(0.5,0.5,0.5)",0.5,0.5,0.5,0.666666882186313,4.5,1.67406249959652e+19,3.72013888799228e+18,FLOAT
"all_mutualistic_(0.5,0.5,0.5)",0.5,0.5,0.5,0.666666895040844,4.5,1.40699086814274e+19,3.12664637365053e+18,FLOAT
"all_mutualistic_(0.5,0.5,0.5)",0.5,0.5,0.5,0.666666908662074,4.5,1.18252652272566e+19,2.62783671716814e+18,FLOAT
"all_mutualistic_(0.5,0.5,0.5)",0.5,0.5,0.5,0.666666923095735,4.5,9.93872105422228e+18,2.20860467871606e+18,FLOAT
"all_mutualistic_(0.5,0.5,0.5)",0.5,0.5,0.5,0.666666938390282,4.5,8.35314678745073e+18,1.85625484165572e+18,FLOAT
"all_mutualistic_(0.5,0.5,0.5)",0.5,0.5,0.5,0.666666954597062,4.5,7.02052716131582e+18,1.56011714695907e+18,FLOAT
"all_mutualistic_(0.5,0.5,0.5)",0.5,0.5,0.5,0.666666971770485,4.5,5.90050708306885e+18,1.31122379623752e+18,FLOAT
"all_mutualistic_(0.5,0.5,0.5)",0.5,0.5,0.5,0.666666989968206,4.5,4.95916943831683e+18,1.10203765295929e+18,FLOAT
"all_mutualistic_(0.5,0.5,0.5)",0.5,0.5,0.5,0.666667009251318,4.5,4.1680081373585e+18,9.26224030524111e+17,FLOAT
"all_mutualistic_(0.5,0.5,0.5)",0.5,0.5,0.5,0.666667029684559,4.5,3.50306479047664e+18,7.78458842328142e+17,FLOAT
"all_mutualistic_(0.5,0.5,0.5)",0.5,0.5,0.5,0.666667051336528,4.5,2.94420320360865e+18,6.54267378579699e+17,FLOAT
"all_mutualistic_(0.5,0.5,0.5)",0.5,0.5,0.5,0.666667074279914,4.5,2.47449962717276e+18,5.49888806038392e+17,FLOAT
"all_mutualistic_(0.5,0.5,0.5)",0.5,0.5,0.5,0.666667098591744,4.5,2.07973022704795e+18,4.62162272677322e+17,FLOAT
"all_mutualistic_(0.5,0.5,0.5)",0.5,0.5,0.5,0.666667124353638,4.5,1.74794038000218e+18,3.8843119555604e+17,FLOAT
"all_mutualistic_(0.5,0.5,0.5)",0.5,0.5,0.5,0.666667151652083,4.5,1.46908264027029e+18,3.26462808948954e+17,FLOAT
"all_mutualistic_(0.5,0.5,0.5)",0.5,0.5,0.5,0.666667180578726,4.5,1.23471248109328e+18,2.74380551354061e+17,FLOAT
"all_mutualistic_(0.5,0.5,0.5)",0.5,0.5,0.5,0.66666721123068,4.5,1.03773257458602e+18,2.30607238796892e+17,FLOAT
"all_mutualistic_(0.5,0.5,0.5)",0.5,0.5,0.5,0.66666724371085,4.5,8.72177865959905e+17,1.93817303546645e+17,FLOAT
"all_mutualistic_(0.5,0.5,0.5)",0.5,0.5,0.5,0.666667278128279,4.5,7.33034933696391e+17,1.62896651932531e+17,FLOAT
"all_mutualistic_(0.5,0.5,0.5)",0.5,0.5,0.5,0.666667314598514,4.5,6.16090175900081e+17,1.36908927977796e+17,FLOAT
"all_mutualistic_(0.5,0.5,0.5)",0.5,0.5,0.5,0.666667353243992,4.5,5.17802204381728e+17,1.15067156529273e+17,FLOAT
"all_mutualistic_(0.5,0.5,0.5)",0.5,0.5,0.5,0.666667394194455,4.5,4.35194608353008e+17,9.6709912967335e+16,FLOAT
"all_mutualistic_(0.5,0.5,0.5)",0.5,0.5,0.5,0.666667437587381,4.5,3.65765818797791e+17,8.12812930661757e+16,FLOAT
"all_mutualistic_(0.5,0.5,0.5)",0.5,0.5,0.5,0.666667483568452,4.5,3.0741335405605e+17,6.83140786791222e+16,FLOAT
"all_mutualistic_(0.5,0.5,0.5)",0.5,0.5,0.5,0.666667532292033,4.5,2.58370151951818e+17,5.74155893226263e+16,FLOAT
"all_mutualistic_(0.5,0.5,0.5)",0.5,0.5,0.5,0.666667583921701,4.5,2.17151059121039e+17,4.82557909157865e+16,FLOAT
"all_mutualistic_(0.5,0.5,0.5)",0.5,0.5,0.5,0.666667638630787,4.5,1.82507855974888e+17,4.05573013277529e+16,FLOAT
"all_mutualistic_(0.5,0.5,0.5)",0.5,0.5,0.5,0.666667696602962,4.5,1.53391457721743e+17,3.40869906048317e+16,FLOAT
"all_mutualistic_(0.5,0.5,0.5)",0.5,0.5,0.5,0.66666775803285,4.5,1.28920145229335e+17,2.86489211620744e+16,FLOAT
"all_mutualistic_(0.5,0.5,0.5)",0.5,0.5,0.5,0.666667823126684,4.5,1.08352864552757e+17,2.40784143450572e+16,FLOAT
"all_mutualistic_(0.5,0.5,0.5)",0.5,0.5,0.5,0.666667892102997,4.5,9.10667858726779e+16,2.02370635272617e+16,FLOAT
"all_mutualistic_(0.5,0.5,0.5)",0.5,0.5,0.5,0.666667965193359,4.5,7.65384424438824e+16,1.70085427653072e+16,FLOAT
"all_mutualistic_(0.5,0.5,0.5)",0.5,0.5,0.5,0.666668042643148,4.5,6.432787890694e+16,1.42950842015422e+16,FLOAT
"all_mutualistic_(0.5,0.5,0.5)",0.5,0.5,0.5,0.66666812471238,4.5,5.40653281040276e+16,1.20145173564506e+16,FLOAT
"all_mutualistic_(0.5,0.5,0.5)",0.5,0.5,0.5,0.666668211676578,4.5,4.54400137706067e+16,1.00977808379126e+16,FLOAT
"all_mutualistic_(0.5,0.5,0.5)",0.5,0.5,0.5,0.666668303827701,4.5,3.81907393049778e+16,8.48683095666173e+15,FLOAT
"all_mutualistic_(0.5,0.5,0.5)",0.5,0.5,0.5,0.666668401475117,4.5,3.20979781449527e+16,7.1328840322117e+15,FLOAT
"all_mutualistic_(0.5,0.5,0.5)",0.5,0.5,0.5,0.666668504946651,4.5,2.69772258867331e+16,5.99493908594068e+15,FLOAT
"all_mutualistic_(0.5,0.5,0.5)",0.5,0.5,0.5,0.666668614589678,4.5,2.26734130493691e+16,5.03853623319312e+15,FLOAT
"all_mutualistic_(0.5,0.5,0.5)",0.5,0.5,0.5,0.666668730772293,4.5,1.90562091703631e+16,4.23471314896958e+15,FLOAT
"all_mutualistic_(0.5,0.5,0.5)",0.5,0.5,0.5,0.666668853884545,4.5,1.60160760618299e+16,3.55912801373997e+15,FLOAT
"all_mutualistic_(0.5,0.5,0.5)",0.5,0.5,0.5,0.666668984339748,4.5,1.34609507086284e+16,2.99132237969519e+15,FLOAT
"all_mutualistic_(0.5,0.5,0.5)",0.5,0.5,0.5,0.666669122575868,4.5,1.13134573860097e+16,2.51410164133549e+15,FLOAT
"all_mutualistic_(0.5,0.5,0.5)",0.5,0.5,0.5,0.666669269056992,4.5,9.50856449688636e+15,2.11301433264141e+15,FLOAT
"all_mutualistic_(0.5,0.5,0.5)",0.5,0.5,0.5,0.666669424274889,4.5,7.99161527067978e+15,1.77591450459551e+15,FLOAT
"all_mutualistic_(0.5,0.5,0.5)",0.5,0.5,0.5,0.666669588750657,4.5,6.71667260066836e+15,1.49259391125963e+15,FLOAT
"all_mutualistic_(0.5,0.5,0.5)",0.5,0.5,0.5,0.666669763036477,4.5,5.64512796220965e+15,1.25447288049103e+15,FLOAT
"all_mutualistic_(0.5,0.5,0.5)",0.5,0.5,0.5,0.666669947717462,4.5,4.74453224201067e+15,1.05434049822459e+15,FLOAT
"all_mutualistic_(0.5,0.5,0.5)",0.5,0.5,0.5,0.666670143413626,4.5,3.98761309577036e+15,886136243504525,FLOAT
"all_mutualistic_(0.5,0.5,0.5)",0.5,0.5,0.5,0.666670350781961,4.5,3.35144907705009e+15,744766461566686,FLOAT
"all_mutualistic_(0.5,0.5,0.5)",0.5,0.5,0.5,0.666670570518648,4.5,2.81677551133245e+15,625950113629432,FLOAT
"all_mutualistic_(0.5,0.5,0.5)",0.5,0.5,0.5,0.666670803361388,4.5,2.36740111471576e+15,526089136603503,FLOAT
"all_mutualistic_(0.5,0.5,0.5)",0.5,0.5,0.5,0.666671050091883,4.5,1.98971768080044e+15,442159484622320,FLOAT
"all_mutualistic_(0.5,0.5,0.5)",0.5,0.5,0.5,0.66667131153846,4.5,1.67228798906114e+15,371619553124698,FLOAT
"all_mutualistic_(0.5,0.5,0.5)",0.5,0.5,0.5,0.666671588578849,4.5,1.40549945616316e+15,312333212480702,FLOAT
"all_mutualistic_(0.5,0.5,0.5)",0.5,0.5,0.5,0.666671882143135,4.5,1.18127304275545e+15,262505120612322,FLOAT
"all_mutualistic_(0.5,0.5,0.5)",0.5,0.5,0.5,0.666672193216873,4.5,992818599493741,220626355443054,FLOAT
"all_mutualistic_(0.5,0.5,0.5)",0.5,0.5,0.5,0.666672522844405,4.5,834429243565771,185428720792394,FLOAT
"all_mutualistic_(0.5,0.5,0.5)",0.5,0.5,0.5,0.666672872132358,4.5,701308539979005,155846342217557,FLOAT
"all_mutualistic_(0.5,0.5,0.5)",0.5,0.5,0.5,0.666673242253367,4.5,589425253326138,130983389628031,FLOAT
"all_mutualistic_(0.5,0.5,0.5)",0.5,0.5,0.5,0.666673634450005,4.5,495391271387303,110086949197178,FLOAT
"all_mutualistic_(0.5,0.5,0.5)",0.5,0.5,0.5,0.66667405003896,4.5,416359004579044,92524223239787.5,FLOAT
"all_mutualistic_(0.5,0.5,0.5)",0.5,0.5,0.5,0.66667449041545,4.5,349935153718604,77763367493023.2,FLOAT
"all_mutualistic_(0.5,0.5,0.5)",0.5,0.5,0.5,0.666674957057912,4.5,294108234644383,65357385476529.6,FLOAT
"all_mutualistic_(0.5,0.5,0.5)",0.5,0.5,0.5,0.666675451532965,4.5,247187665353882,54930592300862.7,FLOAT
"all_mutualistic_(0.5,0.5,0.5)",0.5,0.5,0.5,0.666675975500663,4.5,207752571034927,46167238007761.6,FLOAT
"all_mutualistic_(0.5,0.5,0.5)",0.5,0.5,0.5,0.666676530720078,4.5,174608756101141,38801945800253.5,FLOAT
"all_mutualistic_(0.5,0.5,0.5)",0.5,0.5,0.5,0.666677119055197,4.5,146752541042541,32611675787231.3,FLOAT
"all_mutualistic_(0.5,0.5,0.5)",0.5,0.5,0.5,0.666677742481186,4.5,123340368393195,27408970754043.4,FLOAT
"all_mutualistic_(0.5,0.5,0.5)",0.5,0.5,0.5,0.666678403091018,4.5,103663257665848,23036279481299.5,FLOAT
"all_mutualistic_(0.5,0.5,0.5)",0.5,0.5,0.5,0.666679103102497,4.5,87125335604104.4,19361185689801,FLOAT
"all_mutualistic_(0.5,0.5,0.5)",0.5,0.5,0.5,0.666679844865711,4.5,73225791619534.6,16272398137674.3,FLOAT
"all_mutualistic_(0.5,0.5,0.5)",0.5,0.5,0.5,0.666680630870915,4.5,61543711950346,13676380433410.2,FLOAT
"all_mutualistic_(0.5,0.5,0.5)",0.5,0.5,0.5,0.666681463756893,4.5,51725333341541,11494518520342.4,FLOAT
"all_mutualistic_(0.5,0.5,0.5)",0.5,0.5,0.5,0.666682346319819,4.5,43473330167241.4,9660740037164.74,FLOAT
"all_mutualistic_(0.5,0.5,0.5)",0.5,0.5,0.5,0.666683281522644,4.5,36537810657432.6,8119513479429.46,FLOAT
"all_mutualistic_(0.5,0.5,0.5)",0.5,0.5,0.5,0.666684272505039,4.5,30708749536916.5,6824166563759.22,FLOAT
"all_mutualistic_(0.5,0.5,0.5)",0.5,0.5,0.5,0.666685322593942,4.5,25809627920740.1,5735472871275.57,FLOAT
"all_mutualistic_(0.5,0.5,0.5)",0.5,0.5,0.5,0.666686435314721,4.5,21692087872813.5,4820463971736.33,FLOAT
"all_mutualistic_(0.5,0.5,0.5)",0.5,0.5,0.5,0.666687614403016,4.5,18231439744726.3,4051431054383.62,FLOAT
"all_mutualistic_(0.5,0.5,0.5)",0.5,0.5,0.5,0.666688863817274,4.5,15322886257834,3405085835074.21,FLOAT
"all_mutualistic_(0.5,0.5,0.5)",0.5,0.5,0.5,0.666690187752041,4.5,12878348970828.5,2861855326850.79,FLOAT
"all_mutualistic_(0.5,0.5,0.5)",0.5,0.5,0.5,0.666691590652045,4.5,10823801039967.7,2405289119992.81,FLOAT
"all_mutualistic_(0.5,0.5,0.5)",0.5,0.5,0.5,0.666693077227118,4.5,9097025497392.82,2021561221642.85,FLOAT
"all_mutualistic_(0.5,0.5,0.5)",0.5,0.5,0.5,0.666694652468004,4.5,7645731161850.63,1699051369300.14,FLOAT
"all_mutualistic_(0.5,0.5,0.5)",0.5,0.5,0.5,0.66669632166312,4.5,6425969127531.92,1427993139451.54,FLOAT
"all_mutualistic_(0.5,0.5,0.5)",0.5,0.5,0.5,0.666698090416304,4.5,5400801879403.2,1200178195422.93,FLOAT
"all_mutualistic_(0.5,0.5,0.5)",0.5,0.5,0.5,0.666699964665634,4.5,4539184730263.93,1008707717836.43,FLOAT
"all_mutualistic_(0.5,0.5,0.5)",0.5,0.5,0.5,0.66670195070336,4.5,3815025708256.33,847783490723.628,FLOAT
"all_mutualistic_(0.5,0.5,0.5)",0.5,0.5,0.5,0.666704055197027,4.5,3206395425495.13,712532316776.696,FLOAT
"all_mutualistic_(0.5,0.5,0.5)",0.5,0.5,0.5,0.666706285211866,4.5,2694862999911.99,598858444424.886,FLOAT
"all_mutualistic_(0.5,0.5,0.5)",0.5,0.5,0.5,0.666708648234505,4.5,2264937920779.76,503319537951.057,FLOAT
"all_mutualistic_(0.5,0.5,0.5)",0.5,0.5,0.5,0.666711152198109,4.5,1903600956732.25,423022434829.388,FLOAT
"all_mutualistic_(0.5,0.5,0.5)",0.5,0.5,0.5,0.666713805509012,4.5,1599909900085.15,355535533352.255,FLOAT
"all_mutualistic_(0.5,0.5,0.5)",0.5,0.5,0.5,0.666716617074936,4.5,1344668208617.74,298815157470.61,FLOAT
"all_mutualistic_(0.5,0.5,0.5)",0.5,0.5,0.5,0.6667195963349,4.5,1130146510837.06,251143669074.902,FLOAT
"all_mutualistic_(0.5,0.5,0.5)",0.5,0.5,0.5,0.666722753290909,4.5,949848540908.175,211077453535.15,FLOAT
"all_mutualistic_(0.5,0.5,0.5)",0.5,0.5,0.5,0.666726098541527,4.5,798314415010.924,177403203335.761,FLOAT
"all_mutualistic_(0.5,0.5,0.5)",0.5,0.5,0.5,0.666729643317467,4.5,670955292093.373,149101176020.749,FLOAT
"all_mutualistic_(0.5,0.5,0.5)",0.5,0.5,0.5,0.666733399519287,4.5,563914412068.753,125314313793.056,FLOAT
"all_mutualistic_(0.5,0.5,0.5)",0.5,0.5,0.5,0.666737379757347,4.5,473950303226.236,105322289605.83,FLOAT
"all_mutualistic_(0.5,0.5,0.5)",0.5,0.5,0.5,0.666741597394146,4.5,398338622176.684,88519693817.0409,FLOAT
"all_mutualistic_(0.5,0.5,0.5)",0.5,0.5,0.5,0.666746066589179,4.5,334789653761.182,74397700835.8182,FLOAT
"all_mutualistic_(0.5,0.5,0.5)",0.5,0.5,0.5,0.666750802346474,4.5,281378972626.161,62528660583.5913,FLOAT
"all_mutualistic_(0.5,0.5,0.5)",0.5,0.5,0.5,0.666755820564966,4.5,236489166696.069,52553148154.682,FLOAT
"all_mutualistic_(0.5,0.5,0.5)",0.5,0.5,0.5,0.666761138091871,4.5,198760857794.892,44169079509.9759,FLOAT
"all_mutualistic_(0.5,0.5,0.5)",0.5,0.5,0.5,0.666766772779247,4.5,167051536200.261,37122563600.058,FLOAT
"all_mutualistic_(0.5,0.5,0.5)",0.5,0.5,0.5,0.666772743543927,4.5,140400962526.141,31200213894.6979,FLOAT
"all_mutualistic_(0.5,0.5,0.5)",0.5,0.5,0.5,0.666779070431024,4.5,118002089215.272,26222686492.2827,FLOAT
"all_mutualistic_(0.5,0.5,0.5)",0.5,0.5,0.5,0.666785774681232,4.5,99176621075.7887,22039249127.953,FLOAT
"all_mutualistic_(0.5,0.5,0.5)",0.5,0.5,0.5,0.666792878802131,4.5,83354474767.6306,18523216615.029,FLOAT
"all_mutualistic_(0.5,0.5,0.5)",0.5,0.5,0.5,0.66680040664375,4.5,70056515219.234,15568114493.1631,FLOAT
"all_mutualistic_(0.5,0.5,0.5)",0.5,0.5,0.5,0.666808383478639,4.5,58880046192.5862,13084454709.4636,FLOAT
"all_mutualistic_(0.5,0.5,0.5)",0.5,0.5,0.5,0.666816836086713,4.5,49486615609.9618,10997025691.1026,FLOAT
"all_mutualistic_(0.5,0.5,0.5)",0.5,0.5,0.5,0.666825792845157,4.5,41591766360.398,9242614746.75512,FLOAT
"all_mutualistic_(0.5,0.5,0.5)",0.5,0.5,0.5,0.666835283823696,4.5,34956422209.4921,7768093824.33158,FLOAT
"all_mutualistic_(0.5,0.5,0.5)",0.5,0.5,0.5,0.666845340885544,4.5,29379647959.5699,6528810657.68221,FLOAT
"all_mutualistic_(0.5,0.5,0.5)",0.5,0.5,0.5,0.666855997794376,4.5,24692564618.1951,5487236581.82112,FLOAT
"all_mutualistic_(0.5,0.5,0.5)",0.5,0.5,0.5,0.666867290327678,4.5,20753235309.8042,4611830068.84539,FLOAT
"all_mutualistic_(0.5,0.5,0.5)",0.5,0.5,0.5,0.666879256396864,4.5,17442367064.0364,3876081569.78587,FLOAT
"all_mutualistic_(0.5,0.5,0.5)",0.5,0.5,0.5,0.666891936174548,4.5,14659698319.5748,3257710737.68328,FLOAT
"all_mutualistic_(0.5,0.5,0.5)",0.5,0.5,0.5,0.666905372229415,4.5,12320962747.3083,2737991721.62407,FLOAT
"all_mutualistic_(0.5,0.5,0.5)",0.5,0.5,0.5,0.666919609669129,4.5,10355337450.4193,2301186100.09318,FLOAT
"all_mutualistic_(0.5,0.5,0.5)",0.5,0.5,0.5,0.666934696291775,4.5,8703298265.84248,1934066281.29833,FLOAT
"all_mutualistic_(0.5,0.5,0.5)",0.5,0.5,0.5,0.666950682746323,4.5,7314817220.26782,1625514937.83729,FLOAT
"all_mutualistic_(0.5,0.5,0.5)",0.5,0.5,0.5,0.666967622702667,4.5,6147847555.22628,1366188345.60584,FLOAT
"all_mutualistic_(0.5,0.5,0.5)",0.5,0.5,0.5,0.666985573031808,4.5,5167050443.50672,1148233431.89038,FLOAT
"all_mutualistic_(0.5,0.5,0.5)",0.5,0.5,0.5,0.667004593996783,4.5,4342724839.21366,965049964.269702,FLOAT
"all_mutualistic_(0.5,0.5,0.5)",0.5,0.5,0.5,0.667024749454976,4.5,3649908053.98175,811090678.66261,FLOAT
"all_mutualistic_(0.5,0.5,0.5)",0.5,0.5,0.5,0.667046107072505,4.5,3067619822.9786,681693293.995244,FLOAT
"all_mutualistic_(0.5,0.5,0.5)",0.5,0.5,0.5,0.667068738551391,4.5,2578226968.77327,572939326.394059,FLOAT
"all_mutualistic_(0.5,0.5,0.5)",0.5,0.5,0.5,0.667092719870275,4.5,2166909423.6217,481535427.471488,FLOAT
"all_mutualistic_(0.5,0.5,0.5)",0.5,0.5,0.5,0.667118131539495,4.5,1821211439.89407,404713653.309794,FLOAT
"all_mutualistic_(0.5,0.5,0.5)",0.5,0.5,0.5,0.667145058871377,4.5,1530664398.16737,340147644.037193,FLOAT
"all_mutualistic_(0.5,0.5,0.5)",0.5,0.5,0.5,0.667173592266644,4.5,1286469790.65276,285882175.700614,FLOAT
"all_mutualistic_(0.5,0.5,0.5)",0.5,0.5,0.5,0.667203827517915,4.5,1081232779.85533,240273951.078962,FLOAT
"all_mutualistic_(0.5,0.5,0.5)",0.5,0.5,0.5,0.667235866131295,4.5,908738263.986438,201941836.441431,FLOAT
"all_mutualistic_(0.5,0.5,0.5)",0.5,0.5,0.5,0.667269815667157,4.5,763762667.776305,169725037.283623,FLOAT
"all_mutualistic_(0.5,0.5,0.5)",0.5,0.5,0.5,0.667305790101244,4.5,641915759.250131,142647946.500029,FLOAT
"all_mutualistic_(0.5,0.5,0.5)",0.5,0.5,0.5,0.667343910207308,4.5,539507702.269354,119890600.504301,FLOAT
"all_mutualistic_(0.5,0.5,0.5)",0.5,0.5,0.5,0.667384303962572,4.5,453437318.856276,100763848.634728,FLOAT
"all_mutualistic_(0.5,0.5,0.5)",0.5,0.5,0.5,0.667427106977381,4.5,381098177.588274,84688483.9085054,FLOAT
"all_mutualistic_(0.5,0.5,0.5)",0.5,0.5,0.5,0.66747246295047,4.5,320299664.187707,71177703.1528238,FLOAT
"all_mutualistic_(0.5,0.5,0.5)",0.5,0.5,0.5,0.667520524151393,4.5,269200644.114163,59822365.3587028,FLOAT
"all_mutualistic_(0.5,0.5,0.5)",0.5,0.5,0.5,0.667571451931725,4.5,226253708.302262,50278601.8449472,FLOAT
"all_mutualistic_(0.5,0.5,0.5)",0.5,0.5,0.5,0.667625417266748,4.5,190158313.655453,42257403.034545,FLOAT
"all_mutualistic_(0.5,0.5,0.5)",0.5,0.5,0.5,0.66768260132946,4.5,159821399.272828,35515866.5050728,FLOAT
"all_mutualistic_(0.5,0.5,0.5)",0.5,0.5,0.5,0.667743196098802,4.5,134324285.769671,29849841.2821492,FLOAT
"all_mutualistic_(0.5,0.5,0.5)",0.5,0.5,0.5,0.667807405004176,4.5,112894855.314252,25087745.6253894,FLOAT
"all_mutualistic_(0.5,0.5,0.5)",0.5,0.5,0.5,0.667875443608401,4.5,94884169.9248588,21085371.0944131,FLOAT
"all_mutualistic_(0.5,0.5,0.5)",0.5,0.5,0.5,0.667947540331402,4.5,79746819.9672021,17721515.5482671,FLOAT
"all_mutualistic_(0.5,0.5,0.5)",0.5,0.5,0.5,0.668023937217061,4.5,67024407.7554315,14894312.8345403,FLOAT
"all_mutualistic_(0.5,0.5,0.5)",0.5,0.5,0.5,0.668104890745814,4.5,56331666.0973202,12518148.0216267,FLOAT
"all_mutualistic_(0.5,0.5,0.5)",0.5,0.5,0.5,0.668190672695706,4.5,47344791.4178764,10521064.7595281,FLOAT
"all_mutualistic_(0.5,0.5,0.5)",0.5,0.5,0.5,0.66828157105481,4.5,39791638.158753,8842586.25750067,FLOAT
"all_mutualistic_(0.5,0.5,0.5)",0.5,0.5,0.5,0.668377890988062,4.5,33443477.5143866,7431883.8920859,FLOAT
"all_mutualistic_(0.5,0.5,0.5)",0.5,0.5,0.5,0.668479955861763,4.5,28108070.9386107,6246237.98635793,FLOAT
"all_mutualistic_(0.5,0.5,0.5)",0.5,0.5,0.5,0.668588108329191,4.5,23623848.6695723,5249744.14879384,FLOAT
"all_mutualistic_(0.5,0.5,0.5)",0.5,0.5,0.5,0.668702711480957,4.5,19855016.9840226,4412225.99644946,FLOAT
"all_mutualistic_(0.5,0.5,0.5)",0.5,0.5,0.5,0.668824150063978,4.5,16687446.0159016,3708321.33686703,FLOAT
"all_mutualistic_(0.5,0.5,0.5)",0.5,0.5,0.5,0.668952831773153,4.5,14025213.6120059,3116714.13600131,FLOAT
"all_mutualistic_(0.5,0.5,0.5)",0.5,0.5,0.5,0.669089188620082,4.5,11787700.563786,2619489.01417468,FLOAT
"all_mutualistic_(0.5,0.5,0.5)",0.5,0.5,0.5,0.669233678383419,4.5,9907149.25142492,2201588.72253887,FLOAT
"all_mutualistic_(0.5,0.5,0.5)",0.5,0.5,0.5,0.669386786145729,4.5,8326611.76976753,1850358.17105945,FLOAT
"all_mutualistic_(0.5,0.5,0.5)",0.5,0.5,0.5,0.669549025922018,4.5,6998225.40003101,1555161.20000689,FLOAT
"all_mutualistic_(0.5,0.5,0.5)",0.5,0.5,0.5,0.669720942385384,4.5,5881763.20424494,1307058.48983221,FLOAT
"all_mutualistic_(0.5,0.5,0.5)",0.5,0.5,0.5,0.669903112695601,4.5,4943415.85063175,1098536.85569594,FLOAT
"all_mutualistic_(0.5,0.5,0.5)",0.5,0.5,0.5,0.670096148436769,4.5,4154767.78054709,923281.729010465,FLOAT
"all_mutualistic_(0.5,0.5,0.5)",0.5,0.5,0.5,0.670300697670525,4.5,3491936.7126569,775985.936145977,FLOAT
"all_mutualistic_(0.5,0.5,0.5)",0.5,0.5,0.5,0.670517447111728,4.5,2934850.42636098,652188.983635772,FLOAT
"all_mutualistic_(0.5,0.5,0.5)",0.5,0.5,0.5,0.670747124433902,4.5,2466638.92359464,548141.983021031,FLOAT
"all_mutualistic_(0.5,0.5,0.5)",0.5,0.5,0.5,0.67099050071219,4.5,2073123.56212515,460694.1249167,FLOAT
"all_mutualistic_(0.5,0.5,0.5)",0.5,0.5,0.5,0.671248393012015,4.5,1742387.68999064,387197.264442365,FLOAT
"all_mutualistic_(0.5,0.5,0.5)",0.5,0.5,0.5,0.671521667132144,4.5,1464415.77878762,325425.728619471,FLOAT
"all_mutualistic_(0.5,0.5,0.5)",0.5,0.5,0.5,0.671811240511352,4.5,1230790.12784725,273508.917299389,FLOAT
"all_mutualistic_(0.5,0.5,0.5)",0.5,0.5,0.5,0.67211808530846,4.5,1034435.95472219,229874.656604932,FLOAT
"all_mutualistic_(0.5,0.5,0.5)",0.5,0.5,0.5,0.672443231666078,4.5,869407.152672445,193201.589482765,FLOAT
"all_mutualistic_(0.5,0.5,0.5)",0.5,0.5,0.5,0.672787771169006,4.5,730706.227340887,162379.161631308,FLOAT
"all_mutualistic_(0.5,0.5,0.5)",0.5,0.5,0.5,0.673152860508921,4.5,614132.959837236,136473.991074941,FLOAT
"all_mutualistic_(0.5,0.5,0.5)",0.5,0.5,0.5,0.673539725367628,4.5,516157.213364338,114701.602969853,FLOAT
"all_mutualistic_(0.5,0.5,0.5)",0.5,0.5,0.5,0.673949664531935,4.5,433812.031643598,96402.6736985773,FLOAT
"all_mutualistic_(0.5,0.5,0.5)",0.5,0.5,0.5,0.674384054253956,4.5,364603.791888048,81023.0648640107,FLOAT
"all_mutualistic_(0.5,0.5,0.5)",0.5,0.5,0.5,0.674844352871474,4.5,306436.691524315,68097.0425609589,FLOAT
"all_mutualistic_(0.5,0.5,0.5)",0.5,0.5,0.5,0.675332105703892,4.5,257549.28192855,57233.1737619,FLOAT
"all_mutualistic_(0.5,0.5,0.5)",0.5,0.5,0.5,0.675848950240194,4.5,216461.127255394,48102.472723421,FLOAT
"all_mutualistic_(0.5,0.5,0.5)",0.5,0.5,0.5,0.676396621636343,4.5,181927.973052862,40428.4384561916,FLOAT
"all_mutualistic_(0.5,0.5,0.5)",0.5,0.5,0.5,0.676976958540561,4.5,152904.067054062,33978.6815675694,FLOAT
"all_mutualistic_(0.5,0.5,0.5)",0.5,0.5,0.5,0.677591909266059,4.5,128510.491122959,28557.8869162132,FLOAT
"all_mutualistic_(0.5,0.5,0.5)",0.5,0.5,0.5,0.67824353833194,4.5,108008.5453645,24001.8989698889,FLOAT
"all_mutualistic_(0.5,0.5,0.5)",0.5,0.5,0.5,0.678934033394218,4.5,90777.3784017908,20172.7507559535,FLOAT
"all_mutualistic_(0.5,0.5,0.5)",0.5,0.5,0.5,0.679665712590243,4.5,76295.1864079237,16954.4858684275,FLOAT
"all_mutualistic_(0.5,0.5,0.5)",0.5,0.5,0.5,0.680441032321174,4.5,64123.4115510402,14249.6470113423,FLOAT
"all_mutualistic_(0.5,0.5,0.5)",0.5,0.5,0.5,0.681262595498641,4.5,53893.4613411193,11976.3247424709,FLOAT
"all_mutualistic_(0.5,0.5,0.5)",0.5,0.5,0.5,0.68213316028326,4.5,45295.5467062869,10065.6770458415,FLOAT
"all_mutualistic_(0.5,0.5,0.5)",0.5,0.5,0.5,0.683055649344363,4.5,38069.3007871234,8459.84461936075,FLOAT
"all_mutualistic_(0.5,0.5,0.5)",0.5,0.5,0.5,0.684033159672015,4.5,31995.894361973,7110.19874710511,FLOAT
"all_mutualistic_(0.5,0.5,0.5)",0.5,0.5,0.5,0.68506897297426,4.5,26891.4091382116,5975.86869738036,FLOAT
"all_mutualistic_(0.5,0.5,0.5)",0.5,0.5,0.5,0.686166566694507,4.5,22601.2682357685,5022.50405239301,FLOAT
"all_mutualistic_(0.5,0.5,0.5)",0.5,0.5,0.5,0.687329625686041,4.5,18995.5552036823,4221.23448970719,FLOAT
"all_mutualistic_(0.5,0.5,0.5)",0.5,0.5,0.5,0.68856205458285,4.5,15965.079817547,3547.79551501044,FLOAT
"all_mutualistic_(0.5,0.5,0.5)",0.5,0.5,0.5,0.689867990908302,4.5,13418.0715201201,2981.79367113779,FLOAT
"all_mutualistic_(0.5,0.5,0.5)",0.5,0.5,0.5,0.691251818965688,4.5,11277.4003740273,2506.08897200606,FLOAT
"all_mutualistic_(0.5,0.5,0.5)",0.5,0.5,0.5,0.692718184557244,4.5,9478.24136988489,2106.27585997442,FLOAT
"all_mutualistic_(0.5,0.5,0.5)",0.5,0.5,0.5,0.694272010581095,4.5,7966.1113591272,1770.24696869493,FLOAT
"all_mutualistic_(0.5,0.5,0.5)",0.5,0.5,0.5,0.695918513558455,4.5,6695.21916483494,1487.82648107443,FLOAT
"all_mutualistic_(0.5,0.5,0.5)",0.5,0.5,0.5,0.697663221146592,4.5,5627.07890770371,1250.46197948971,FLOAT
"all_mutualistic_(0.5,0.5,0.5)",0.5,0.5,0.5,0.699511990696333,4.5,4729.34455510968,1050.96545669104,FLOAT
"all_mutualistic_(0.5,0.5,0.5)",0.5,0.5,0.5,0.701471028916427,4.5,3974.83040044227,883.295644542726,FLOAT
"all_mutualistic_(0.5,0.5,0.5)",0.5,0.5,0.5,0.703546912710775,4.5,3340.68781030649,742.375068956997,FLOAT
"all_mutualistic_(0.5,0.5,0.5)",0.5,0.5,0.5,0.705746611258478,4.5,2807.71330939674,623.936290977053,FLOAT
"all_mutualistic_(0.5,0.5,0.5)",0.5,0.5,0.5,0.708077509410841,4.5,2359.76705008121,524.392677795825,FLOAT
"all_mutualistic_(0.5,0.5,0.5)",0.5,0.5,0.5,0.710547432483875,4.5,1983.28405646674,440.729790325943,FLOAT
"all_mutualistic_(0.5,0.5,0.5)",0.5,0.5,0.5,0.713164672529529,4.5,1666.86344216483,370.414098258852,FLOAT
"all_mutualistic_(0.5,0.5,0.5)",0.5,0.5,0.5,0.715938016173855,4.5,1400.9231622211,311.316258271355,FLOAT
"all_mutualistic_(0.5,0.5,0.5)",0.5,0.5,0.5,0.718876774115565,4.5,1177.40984421312,261.64663204736,FLOAT
"all_mutualistic_(0.5,0.5,0.5)",0.5,0.5,0.5,0.721990812384003,4.5,989.554911459617,219.90109143547,FLOAT
"all_mutualistic_(0.5,0.5,0.5)",0.5,0.5,0.5,0.725290585461487,4.5,831.669613127401,184.815469583867,FLOAT
"all_mutualistic_(0.5,0.5,0.5)",0.5,0.5,0.5,0.728787171381207,4.5,698.972754223213,155.327278716269,FLOAT
"all_mutualistic_(0.5,0.5,0.5)",0.5,0.5,0.5,0.732492308918514,4.5,587.445908693286,130.543535265175,FLOAT
"all_mutualistic_(0.5,0.5,0.5)",0.5,0.5,0.5,0.736418437000464,4.5,493.711731112544,109.71371802501,FLOAT
"all_mutualistic_(0.5,0.5,0.5)",0.5,0.5,0.5,0.740578736465914,4.5,414.931681929526,92.2070404287835,FLOAT
"all_mutualistic_(0.5,0.5,0.5)",0.5,0.5,0.5,0.744987174316374,4.5,348.720069125257,77.4933486945015,FLOAT
"all_mutualistic_(0.5,0.5,0.5)",0.5,0.5,0.5,0.749658550606174,4.5,293.071803247007,65.1270673882238,FLOAT
"all_mutualistic_(0.5,0.5,0.5)",0.5,0.5,0.5,0.754608548129361,4.5,246.301678053709,54.7337062341575,FLOAT
"all_mutualistic_(0.5,0.5,0.5)",0.5,0.5,0.5,0.759853785070145,4.5,206.993338034802,45.9985195632893,FLOAT
"all_mutualistic_(0.5,0.5,0.5)",0.5,0.5,0.5,0.765411870793641,4.5,173.956387407375,38.6569749794167,FLOAT
"all_mutualistic_(0.5,0.5,0.5)",0.5,0.5,0.5,0.771301464964215,4.5,146.190341741018,32.486742609115,FLOAT
"all_mutualistic_(0.5,0.5,0.5)",0.5,0.5,0.5,0.777542340189913,4.5,122.854330571822,27.3009623492938,FLOAT
"all_mutualistic_(0.5,0.5,0.5)",0.5,0.5,0.5,0.784155448403264,4.5,103.241633521253,22.9425852269451,FLOAT
"all_mutualistic_(0.5,0.5,0.5)",0.5,0.5,0.5,0.791162991201332,4.5,86.7582788060433,19.2796175124541,FLOAT
"all_mutualistic_(0.5,0.5,0.5)",0.5,0.5,0.5,0.798588494381158,4.5,72.9050560442813,16.2011235653958,FLOAT
"all_mutualistic_(0.5,0.5,0.5)",0.5,0.5,0.5,0.806456886920807,4.5,61.262398655707,13.6138663679349,FLOAT
"all_mutualistic_(0.5,0.5,0.5)",0.5,0.5,0.5,0.814794584671205,4.5,51.4776780519502,11.4394840115445,FLOAT
"all_mutualistic_(0.5,0.5,0.5)",0.5,0.5,0.5,0.823629579039712,4.5,43.2545248464195,9.61211663253768,FLOAT
"all_mutualistic_(0.5,0.5,0.5)",0.5,0.5,0.5,0.83299153096317,4.5,36.3438536954233,8.07641193231629,FLOAT
"all_mutualistic_(0.5,0.5,0.5)",0.5,0.5,0.5,0.842911870485915,4.5,30.536319970645,6.78584888236555,FLOAT
"all_mutualistic_(0.5,0.5,0.5)",0.5,0.5,0.5,0.853423902277057,4.5,25.6559798205365,5.70132884900811,FLOAT
"all_mutualistic_(0.5,0.5,0.5)",0.5,0.5,0.5,0.864562917441269,4.5,21.5549616175715,4.78999147057145,FLOAT
"all_mutualistic_(0.5,0.5,0.5)",0.5,0.5,0.5,0.876366311998457,4.5,18.1089874132313,4.0242194251625,FLOAT
"all_mutualistic_(0.5,0.5,0.5)",0.5,0.5,0.5,0.888873712430073,4.5,15.2136087608138,3.38080194684752,FLOAT
"all_mutualistic_(0.5,0.5,0.5)",0.5,0.5,0.5,0.9,4.5,13.134661053094,2.91881356735423,FLOAT
"all_mutualistic_(0.5,0.5,0.5)",0.5,0.5,0.5,0.902127108713561,4.5,12.7810428976376,2.84023175503057,FLOAT
"all_mutualistic_(0.5,0.5,0.5)",0.5,0.5,0.5,0.912667383761716,4.5,11.2039844013146,2.48977431140325,FLOAT
"all_mutualistic_(0.5,0.5,0.5)",0.5,0.5,0.5,0.916170995291558,4.5,10.7375134589485,2.38611410198855,FLOAT
"all_mutualistic_(0.5,0.5,0.5)",0.5,0.5,0.5,0.923730141409766,4.5,9.81584538346093,2.18129897410243,FLOAT
"all_mutualistic_(0.5,0.5,0.5)",0.5,0.5,0.5,0.931052520449102,4.5,9.02101517780402,2.00467003951201,FLOAT
"all_mutualistic_(0.5,0.5,0.5)",0.5,0.5,0.5,0.933391537091908,4.5,8.78529068575719,1.95228681905715,FLOAT
"all_mutualistic_(0.5,0.5,0.5)",0.5,0.5,0.5,0.941829086706256,4.5,8.00024070086268,1.77783126685837,FLOAT
"all_mutualistic_(0.5,0.5,0.5)",0.5,0.5,0.5,0.946821644600358,4.5,7.57943487317437,1.68431886070541,FLOAT
"all_mutualistic_(0.5,0.5,0.5)",0.5,0.5,0.5,0.94919781953087,4.5,7.38952215074968,1.64211603349993,FLOAT
"all_mutualistic_(0.5,0.5,0.5)",0.5,0.5,0.5,0.955633126690214,4.5,6.9061337068907,1.53469637930904,FLOAT
"all_mutualistic_(0.5,0.5,0.5)",0.5,0.5,0.5,0.961253248795439,4.5,6.51798791413128,1.44844175869584,FLOAT
"all_mutualistic_(0.5,0.5,0.5)",0.5,0.5,0.5,0.963531308016255,4.5,6.36897183409148,1.41532707424255,FLOAT
"all_mutualistic_(0.5,0.5,0.5)",0.5,0.5,0.5,0.966161448465718,4.5,6.20254451121713,1.37834322471492,FLOAT
"all_mutualistic_(0.5,0.5,0.5)",0.5,0.5,0.5,0.970447907647971,4.5,5.94357266258315,1.32079392501848,FLOAT
"all_mutualistic_(0.5,0.5,0.5)",0.5,0.5,0.5,0.974191384595819,4.5,5.7291287955119,1.27313973233598,FLOAT
"all_mutualistic_(0.5,0.5,0.5)",0.5,0.5,0.5,0.977460660952652,4.5,5.55025482658989,1.23338996146442,FLOAT
"all_mutualistic_(0.5,0.5,0.5)",0.5,0.5,0.5,0.980315805527134,4.5,5.4001174426345,1.20002609836322,FLOAT
"all_mutualistic_(0.5,0.5,0.5)",0.5,0.5,0.5,0.981237608556118,4.5,5.35280980096392,1.18951328910309,FLOAT
"all_mutualistic_(0.5,0.5,0.5)",0.5,0.5,0.5,0.982809277981414,4.5,5.273425305435,1.17187229009667,FLOAT
"all_mutualistic_(0.5,0.5,0.5)",0.5,0.5,0.5,0.984986892710918,4.5,5.16602593550056,1.14800576344457,FLOAT
"all_mutualistic_(0.5,0.5,0.5)",0.5,0.5,0.5,0.986888660625784,4.5,5.07462146029497,1.12769365784333,FLOAT
"all_mutualistic_(0.5,0.5,0.5)",0.5,0.5,0.5,0.988549524300617,4.5,4.9965646428857,1.11034769841905,FLOAT
"all_mutualistic_(0.5,0.5,0.5)",0.5,0.5,0.5,0.99,4.5,4.92971016060242,1.09549114680054,FLOAT
"all_mutualistic_(0.5,0.5,0.5)",0.5,0.5,0.5,0.991266738376172,4.5,4.87230456506735,1.08273434779275,FLOAT
"all_mutualistic_(0.5,0.5,0.5)",0.5,0.5,0.5,0.992373014140977,4.5,4.82290375278973,1.07175638950883,FLOAT
"all_mutualistic_(0.5,0.5,0.5)",0.5,0.5,0.5,0.993339153709191,4.5,4.78031028715622,1.0622911749236,FLOAT
"all_mutualistic_(0.5,0.5,0.5)",0.5,0.5,0.5,0.994182908670626,4.5,4.74352523866194,1.05411671970265,FLOAT
"all_mutualistic_(0.5,0.5,0.5)",0.5,0.5,0.5,0.994919781953087,4.5,4.71171077657518,1.04704683923893,FLOAT
"all_mutualistic_(0.5,0.5,0.5)",0.5,0.5,0.5,0.995563312669021,4.5,4.68416081619141,1.04092462582031,FLOAT
"all_mutualistic_(0.5,0.5,0.5)",0.5,0.5,0.5,0.996125324879544,4.5,4.66027776845333,1.03561728187852,FLOAT
"all_mutualistic_(0.5,0.5,0.5)",0.5,0.5,0.5,0.996616144846572,4.5,4.6395539604131,1.03101199120291,FLOAT
"all_mutualistic_(0.5,0.5,0.5)",0.5,0.5,0.5,0.997044790764797,4.5,4.62155666598187,1.02701259244042,FLOAT
"all_mutualistic_(0.5,0.5,0.5)",0.5,0.5,0.5,0.997419138459582,4.5,4.60591595319798,1.02353687848844,FLOAT
"all_mutualistic_(0.5,0.5,0.5)",0.5,0.5,0.5,0.997746066095265,4.5,4.59231474815182,1.02051438847818,FLOAT
"all_mutualistic_(0.5,0.5,0.5)",0.5,0.5,0.5,0.998031580552713,4.5,4.58048065805169,1.01788459067815,FLOAT
"all_mutualistic_(0.5,0.5,0.5)",0.5,0.5,0.5,0.998280927798141,4.5,4.57017920139982,1.01559537808885,FLOAT
"all_mutualistic_(0.5,0.5,0.5)",0.5,0.5,0.5,0.998498689271092,4.5,4.56120817211919,1.01360181602649,FLOAT
"all_mutualistic_(0.5,0.5,0.5)",0.5,0.5,0.5,0.998688866062578,4.5,4.55339292394889,1.01186509421086,FLOAT
"all_mutualistic_(0.5,0.5,0.5)",0.5,0.5,0.5,0.998854952430062,4.5,4.54658240664692,1.01035164592154,FLOAT
"all_mutualistic_(0.5,0.5,0.5)",0.5,0.5,0.5,0.999,4.5,4.54064582019291,1.00903240448731,FLOAT
"all_mutualistic_(0.5,0.5,0.5)",0.5,0.5,0.5,0.999126673837617,4.5,4.53546977994249,1.00788217332055,FLOAT
"all_mutualistic_(0.5,0.5,0.5)",0.5,0.5,0.5,0.999237301414098,4.5,4.53095590650124,1.00687909033361,FLOAT
"all_mutualistic_(0.5,0.5,0.5)",0.5,0.5,0.5,0.999333915370919,4.5,4.52701877039648,1.00600417119922,FLOAT
"all_mutualistic_(0.5,0.5,0.5)",0.5,0.5,0.5,0.999418290867063,4.5,4.52358413449409,1.00524091877646,FLOAT
"all_mutualistic_(0.5,0.5,0.5)",0.5,0.5,0.5,0.999491978195309,4.5,4.52058744733133,1.00457498829585,FLOAT
"all_mutualistic_(0.5,0.5,0.5)",0.5,0.5,0.5,0.999556331266902,4.5,4.5179725487122,1.00399389971382,FLOAT
"all_mutualistic_(0.5,0.5,0.5)",0.5,0.5,0.5,0.999612532487954,4.5,4.51569055549173,1.00348679010927,FLOAT
"all_mutualistic_(0.5,0.5,0.5)",0.5,0.5,0.5,0.999661614484657,4.5,4.51369890080484,1.00304420017885,FLOAT
"all_mutualistic_(0.5,0.5,0.5)",0.5,0.5,0.5,0.99970447907648,4.5,4.51196050433645,1.00265788985254,FLOAT
"all_mutualistic_(0.5,0.5,0.5)",0.5,0.5,0.5,0.999741913845958,4.5,4.51044305478709,1.00232067884158,FLOAT
"all_mutualistic_(0.5,0.5,0.5)",0.5,0.5,0.5,0.999774606609527,4.5,4.50911838861866,1.00202630858192,FLOAT
"all_mutualistic_(0.5,0.5,0.5)",0.5,0.5,0.5,0.999803158055271,4.5,4.50796195159229,1.00176932257606,FLOAT
"all_mutualistic_(0.5,0.5,0.5)",0.5,0.5,0.5,0.999828092779814,4.5,4.50695233162975,1.00154496258439,FLOAT
"all_mutualistic_(0.5,0.5,0.5)",0.5,0.5,0.5,0.999849868927109,4.5,4.50607085321854,1.00134907849301,FLOAT
"all_mutualistic_(0.5,0.5,0.5)",0.5,0.5,0.5,0.999868886606258,4.5,4.50530122499847,1.00117804999966,FLOAT
"all_mutualistic_(0.5,0.5,0.5)",0.5,0.5,0.5,0.999885495243006,4.5,4.50462923336241,1.00102871852498,FLOAT
"all_mutualistic_(0.5,0.5,0.5)",0.5,0.5,0.5,0.9999,4.5,4.50404247591496,1.0008983279811,FLOAT
"all_mutualistic_(0.5,0.5,0.5)",0.5,0.5,0.5,0.999912667383762,4.5,4.50353012949089,1.0007844732202,FLOAT
"all_mutualistic_(0.5,0.5,0.5)",0.5,0.5,0.5,0.99992373014141,4.5,4.50308274816586,1.00068505514797,FLOAT
"all_mutualistic_(0.5,0.5,0.5)",0.5,0.5,0.5,0.999933391537092,4.5,4.50269208731585,1.00059824162574,FLOAT
"all_mutualistic_(0.5,0.5,0.5)",0.5,0.5,0.5,0.999941829086706,4.5,4.50235095031554,1.00052243340345,FLOAT
"all_mutualistic_(0.5,0.5,0.5)",0.5,0.5,0.5,0.999949197819531,4.5,4.50205305492421,1.0004562344276,FLOAT
"all_mutualistic_(0.5,0.5,0.5)",0.5,0.5,0.5,0.99995563312669,4.5,4.50179291680151,1.00039842595589,FLOAT
"all_mutualistic_(0.5,0.5,0.5)",0.5,0.5,0.5,0.999961253248795,4.5,4.50156574793442,1.00034794398543,FLOAT
"all_mutualistic_(0.5,0.5,0.5)",0.5,0.5,0.5,0.999966161448466,4.5,4.50136736804973,1.00030385956661,FLOAT
"all_mutualistic_(0.5,0.5,0.5)",0.5,0.5,0.5,0.999970447907648,4.5,4.50119412733865,1.00026536163081,FLOAT
"all_mutualistic_(0.5,0.5,0.5)",0.5,0.5,0.5,0.999974191384596,4.5,4.50104283903936,1.00023174200875,FLOAT
"all_mutualistic_(0.5,0.5,0.5)",0.5,0.5,0.5,0.999977460660953,4.5,4.50091072061208,1.00020238235824,FLOAT
"all_mutualistic_(0.5,0.5,0.5)",0.5,0.5,0.5,0.999980315805527,4.5,4.50079534240582,1.00017674275685,FLOAT
"all_mutualistic_(0.5,0.5,0.5)",0.5,0.5,0.5,0.999982809277981,4.5,4.50069458285847,1.00015435174633,FLOAT
"all_mutualistic_(0.5,0.5,0.5)",0.5,0.5,0.5,0.999984986892711,4.5,4.50060658939501,1.00013479764334,FLOAT
"all_mutualistic_(0.5,0.5,0.5)",0.5,0.5,0.5,0.999986888660626,4.5,4.50052974429676,1.00011772095484,FLOAT
"all_mutualistic_(0.5,0.5,0.5)",0.5,0.5,0.5,0.999988549524301,4.5,4.50046263490766,1.00010280775726,FLOAT
"all_mutualistic_(0.5,0.5,0.5)",0.5,0.5,0.5,0.99999,4.5,4.50040402762499,1.00008978391666,FLOAT
"all_mutualistic_(0.5,0.5,0.5)",0.5,0.5,0.5,0.999991266738376,4.5,4.50035284519265,1.00007841004281,FLOAT
"all_mutualistic_(0.5,0.5,0.5)",0.5,0.5,0.5,0.999992373014141,4.5,4.50030814687678,1.00006847708373,FLOAT
"all_mutualistic_(0.5,0.5,0.5)",0.5,0.5,0.5,0.999993339153709,4.5,4.50026911115727,1.00005980247939,FLOAT
"all_mutualistic_(0.5,0.5,0.5)",0.5,0.5,0.5,0.999994182908671,4.5,4.50023502061522,1.00005222680338,FLOAT
"all_mutualistic_(0.5,0.5,0.5)",0.5,0.5,0.5,0.999994919781953,4.5,4.50020524873749,1.00004561083055,FLOAT
"all_mutualistic_(0.5,0.5,0.5)",0.5,0.5,0.5,0.999995563312669,4.5,4.50017924839478,1.00003983297662,FLOAT
"all_mutualistic_(0.5,0.5,0.5)",0.5,0.5,0.5,0.99999612532488,4.5,4.50015654178077,1.00003478706239,FLOAT
"all_mutualistic_(0.5,0.5,0.5)",0.5,0.5,0.5,0.999996616144847,4.5,4.50013671162694,1.00003038036154,FLOAT
"all_mutualistic_(0.5,0.5,0.5)",0.5,0.5,0.5,0.999997044790765,4.5,4.50011939353107,1.00002653189579,FLOAT
"all_mutualistic_(0.5,0.5,0.5)",0.5,0.5,0.5,0.99999741913846,4.5,4.50010426925829,1.00002317094629,FLOAT
"all_mutualistic_(0.5,0.5,0.5)",0.5,0.5,0.5,0.999997746066095,4.5,4.50009106089119,1.0000202357536,FLOAT
"all_mutualistic_(0.5,0.5,0.5)",0.5,0.5,0.5,0.999998031580553,4.5,4.50007952572136,1.00001767238253,FLOAT
"all_mutualistic_(0.5,0.5,0.5)",0.5,0.5,0.5,0.999998280927798,4.5,4.50006945178834,1.00001543373074,FLOAT
"all_mutualistic_(0.5,0.5,0.5)",0.5,0.5,0.5,0.999998498689271,4.5,4.50006065398392,1.00001347866309,FLOAT
"all_mutualistic_(0.5,0.5,0.5)",0.5,0.5,0.5,0.999998688866063,4.5,4.5000529706501,1.00001177125558,FLOAT
"all_mutualistic_(0.5,0.5,0.5)",0.5,0.5,0.5,0.99999885495243,4.5,4.50004626060812,1.00001028013514,FLOAT
"all_mutualistic_(0.5,0.5,0.5)",0.5,0.5,0.5,0.999999,4.5,4.50004040056393,1.00000897790309,FLOAT
"all_mutualistic_(0.5,0.5,0.5)",0.5,0.5,0.5,0.999999126673838,4.5,4.50003528284243,1.00000784063165,FLOAT
"all_mutualistic_(0.5,0.5,0.5)",0.5,0.5,0.5,0.999999237301414,4.5,4.50003081340877,1.00000684742417,FLOAT
"all_mutualistic_(0.5,0.5,0.5)",0.5,0.5,0.5,0.999999333915371,4.5,4.50002691014031,1.00000598003118,FLOAT
"all_mutualistic_(0.5,0.5,0.5)",0.5,0.5,0.5,0.999999418290867,4.5,4.50002350131758,1.00000522251502,FLOAT
"all_mutualistic_(0.5,0.5,0.5)",0.5,0.5,0.5,0.999999491978195,4.5,4.50002052430635,1.00000456095697,FLOAT
"all_mutualistic_(0.5,0.5,0.5)",0.5,0.5,0.5,0.999999556331267,4.5,4.50001792440672,1.00000398320149,FLOAT
"all_mutualistic_(0.5,0.5,0.5)",0.5,0.5,0.5,0.999999612532488,4.5,4.50001565384802,1.00000347863289,FLOAT
"all_mutualistic_(0.5,0.5,0.5)",0.5,0.5,0.5,0.999999661614485,4.5,4.50001367091096,1.00000303798021,FLOAT
"all_mutualistic_(0.5,0.5,0.5)",0.5,0.5,0.5,0.999999704479076,4.5,4.50001193916111,1.00000265314691,FLOAT
"all_mutualistic_(0.5,0.5,0.5)",0.5,0.5,0.5,0.999999741913846,4.5,4.50001042677939,1.00000231706209,FLOAT
"all_mutualistic_(0.5,0.5,0.5)",0.5,0.5,0.5,0.999999774606609,4.5,4.50000910597743,1.00000202355054,FLOAT
"all_mutualistic_(0.5,0.5,0.5)",0.5,0.5,0.5,0.999999803158055,4.5,4.50000795248696,1.00000176721932,FLOAT
"all_mutualistic_(0.5,0.5,0.5)",0.5,0.5,0.5,0.99999982809278,4.5,4.50000694511387,1.00000154335864,FLOAT
"all_mutualistic_(0.5,0.5,0.5)",0.5,0.5,0.5,0.999999849868927,4.5,4.50000606534884,1.0000013478553,FLOAT
"all_mutualistic_(0.5,0.5,0.5)",0.5,0.5,0.5,0.999999868886606,4.5,4.50000529702721,1.00000117711716,FLOAT
"all_mutualistic_(0.5,0.5,0.5)",0.5,0.5,0.5,0.999999885495243,4.5,4.50000462603199,1.00000102800711,FLOAT
"all_mutualistic_(0.5,0.5,0.5)",0.5,0.5,0.5,0.9999999,4.5,4.50000404003441,1.00000089778542,FLOAT
"all_mutualistic_(0.5,0.5,0.5)",0.5,0.5,0.5,0.999999912667384,4.5,4.50000352826748,1.00000078405944,FLOAT
"all_mutualistic_(0.5,0.5,0.5)",0.5,0.5,0.5,0.999999923730141,4.5,4.50000308132809,1.00000068473958,FLOAT
"all_mutualistic_(0.5,0.5,0.5)",0.5,0.5,0.5,0.999999933391537,4.5,4.50000269100428,1.00000059800095,FLOAT
"all_mutualistic_(0.5,0.5,0.5)",0.5,0.5,0.5,0.999999941829087,4.5,4.50000235012432,1.00000052224985,FLOAT
"all_mutualistic_(0.5,0.5,0.5)",0.5,0.5,0.5,0.99999994919782,4.5,4.50000205242496,1.00000045609444,FLOAT
"all_mutualistic_(0.5,0.5,0.5)",0.5,0.5,0.5,0.999999955633127,4.5,4.50000179243635,1.00000039831919,FLOAT
"all_mutualistic_(0.5,0.5,0.5)",0.5,0.5,0.5,0.999999961253249,4.5,4.5000015653815,1.00000034786256,FLOAT
"all_mutualistic_(0.5,0.5,0.5)",0.5,0.5,0.5,0.999999966161448,4.5,4.50000136708858,1.00000030379746,FLOAT
"all_mutualistic_(0.5,0.5,0.5)",0.5,0.5,0.5,0.999999970447908,4.5,4.50000119391419,1.00000026531426,FLOAT
"all_mutualistic_(0.5,0.5,0.5)",0.5,0.5,0.5,0.999999974191385,4.5,4.50000104267647,1.00000023170588,FLOAT
"all_mutualistic_(0.5,0.5,0.5)",0.5,0.5,0.5,0.999999977460661,4.5,4.50000091059663,1.00000020235481,FLOAT
"all_mutualistic_(0.5,0.5,0.5)",0.5,0.5,0.5,0.999999980315806,4.5,4.50000079524785,1.00000017672174,FLOAT
"all_mutualistic_(0.5,0.5,0.5)",0.5,0.5,0.5,0.999999982809278,4.5,4.50000069451074,1.00000015433572,FLOAT
"all_mutualistic_(0.5,0.5,0.5)",0.5,0.5,0.5,0.999999984986893,4.5,4.50000060653439,1.00000013478542,FLOAT
"all_mutualistic_(0.5,0.5,0.5)",0.5,0.5,0.5,0.999999986888661,4.5,4.50000052970235,1.00000011771163,FLOAT
"all_mutualistic_(0.5,0.5,0.5)",0.5,0.5,0.5,0.999999988549524,4.5,4.50000046260291,1.00000010280065,FLOAT
"all_mutualistic_(0.5,0.5,0.5)",0.5,0.5,0.5,0.99999999,4.5,4.50000040400323,1.00000008977849,FLOAT
"mutualistic_mixed_(0.2,0.8,0.5)",0.2,0.8,0.5,0.666666676666667,4.19736659610103,1.67583891416241e+23,3.99259601417496e+22,FLOAT
"mutualistic_mixed_(0.2,0.8,0.5)",0.2,0.8,0.5,0.66666667726311,4.19736659610103,1.40848386016182e+23,3.35563698789182e+22,FLOAT
"mutualistic_mixed_(0.2,0.8,0.5)",0.2,0.8,0.5,0.666666677895128,4.19736659610103,1.1837813603123e+23,2.82029537618165e+22,FLOAT
"mutualistic_mixed_(0.2,0.8,0.5)",0.2,0.8,0.5,0.666666678564843,4.19736659610103,9.94926751464e+22,2.37035943533785e+22,FLOAT
"mutualistic_mixed_(0.2,0.8,0.5)",0.2,0.8,0.5,0.666666679274502,4.19736659610103,8.36201094451602e+22,1.99220410061003e+22,FLOAT
"mutualistic_mixed_(0.2,0.8,0.5)",0.2,0.8,0.5,0.666666680026488,4.19736659610103,7.02797684627603e+22,1.67437765688715e+22,FLOAT
"mutualistic_mixed_(0.2,0.8,0.5)",0.2,0.8,0.5,0.666666680823326,4.19736659610103,5.90676834129638e+22,1.40725576526559e+22,FLOAT
"mutualistic_mixed_(0.2,0.8,0.5)",0.2,0.8,0.5,0.666666681667691,4.19736659610103,4.96443193288992e+22,1.18274918790782e+22,FLOAT
"mutualistic_mixed_(0.2,0.8,0.5)",0.2,0.8,0.5,0.666666682562417,4.19736659610103,4.17243101276356e+22,9.94059231480845e+21,FLOAT
"mutualistic_mixed_(0.2,0.8,0.5)",0.2,0.8,0.5,0.666666683510509,4.19736659610103,3.50678201475698e+22,8.35471940433905e+21,FLOAT
"mutualistic_mixed_(0.2,0.8,0.5)",0.2,0.8,0.5,0.666666684515149,4.19736659610103,2.94732738943858e+22,7.0218488710907e+21,FLOAT
"mutualistic_mixed_(0.2,0.8,0.5)",0.2,0.8,0.5,0.66666668557971,4.19736659610103,2.47712535855526e+22,5.90161784023413e+21,FLOAT
"mutualistic_mixed_(0.2,0.8,0.5)",0.2,0.8,0.5,0.666666686707767,4.19736659610103,2.08193712023706e+22,4.96010313269036e+21,FLOAT
"mutualistic_mixed_(0.2,0.8,0.5)",0.2,0.8,0.5,0.666666687903105,4.19736659610103,1.74979517747164e+22,4.16879283095511e+21,FLOAT
"mutualistic_mixed_(0.2,0.8,0.5)",0.2,0.8,0.5,0.666666689169739,4.19736659610103,1.47064153188287e+22,3.50372429524969e+21,FLOAT
"mutualistic_mixed_(0.2,0.8,0.5)",0.2,0.8,0.5,0.66666669051192,4.19736659610103,1.23602267497675e+22,2.94475749658107e+21,FLOAT
"mutualistic_mixed_(0.2,0.8,0.5)",0.2,0.8,0.5,0.666666691934155,4.19736659610103,1.03883375440264e+22,2.4749655066289e+21,FLOAT
"mutualistic_mixed_(0.2,0.8,0.5)",0.2,0.8,0.5,0.666666693441218,4.19736659610103,8.73103366379738e+21,2.08012177728477e+21,FLOAT
"mutualistic_mixed_(0.2,0.8,0.5)",0.2,0.8,0.5,0.666666695038169,4.19736659610103,7.33812780159433e+21,1.74826945266367e+21,FLOAT
"mutualistic_mixed_(0.2,0.8,0.5)",0.2,0.8,0.5,0.666666696730369,4.19736659610103,6.16743931828789e+21,1.46935922252225e+21,FLOAT
"mutualistic_mixed_(0.2,0.8,0.5)",0.2,0.8,0.5,0.666666698523499,4.19736659610103,5.18351666709125e+21,1.23494494664971e+21,FLOAT
"mutualistic_mixed_(0.2,0.8,0.5)",0.2,0.8,0.5,0.666666700423579,4.19736659610103,4.35656409698633e+21,1.03792794773589e+21,FLOAT
"mutualistic_mixed_(0.2,0.8,0.5)",0.2,0.8,0.5,0.666666702436989,4.19736659610103,3.66153942030884e+21,8.72342059354568e+20,FLOAT
"mutualistic_mixed_(0.2,0.8,0.5)",0.2,0.8,0.5,0.666666704570486,4.19736659610103,3.07739561291698e+21,7.3317294128552e+20,FLOAT
"mutualistic_mixed_(0.2,0.8,0.5)",0.2,0.8,0.5,0.666666706831235,4.19736659610103,2.58644316433298e+21,6.16206162867821e+20,FLOAT
"mutualistic_mixed_(0.2,0.8,0.5)",0.2,0.8,0.5,0.666666709226825,4.19736659610103,2.17381483885784e+21,5.17899685216231e+20,FLOAT
"mutualistic_mixed_(0.2,0.8,0.5)",0.2,0.8,0.5,0.666666711765299,4.19736659610103,1.82701520267546e+21,4.35276538478338e+20,FLOAT
"mutualistic_mixed_(0.2,0.8,0.5)",0.2,0.8,0.5,0.666666714455177,4.19736659610103,1.53554226781719e+21,3.65834680545551e+20,FLOAT
"mutualistic_mixed_(0.2,0.8,0.5)",0.2,0.8,0.5,0.666666717305492,4.19736659610103,1.29056946702891e+21,3.07471229276884e+20,FLOAT
"mutualistic_mixed_(0.2,0.8,0.5)",0.2,0.8,0.5,0.666666720325813,4.19736659610103,1.08467840595261e+21,2.58418792144621e+20,FLOAT
"mutualistic_mixed_(0.2,0.8,0.5)",0.2,0.8,0.5,0.666666723526278,4.19736659610103,9.11634196775657e+20,2.17191940685496e+20,FLOAT
"mutualistic_mixed_(0.2,0.8,0.5)",0.2,0.8,0.5,0.666666726917633,4.19736659610103,7.66196592688063e+20,1.82542214301651e+20,FLOAT
"mutualistic_mixed_(0.2,0.8,0.5)",0.2,0.8,0.5,0.666666730511263,4.19736659610103,6.4396139287651e+20,1.53420335854079e+20,FLOAT
"mutualistic_mixed_(0.2,0.8,0.5)",0.2,0.8,0.5,0.666666734319233,4.19736659610103,5.41226983961269e+20,1.28944415878284e+20,FLOAT
"mutualistic_mixed_(0.2,0.8,0.5)",0.2,0.8,0.5,0.666666738354327,4.19736659610103,4.54882316908885e+20,1.08373263686672e+20,FLOAT
"mutualistic_mixed_(0.2,0.8,0.5)",0.2,0.8,0.5,0.666666742630091,4.19736659610103,3.82312645462413e+20,9.10839300568948e+19,FLOAT
"mutualistic_mixed_(0.2,0.8,0.5)",0.2,0.8,0.5,0.66666674716088,4.19736659610103,3.21320381809281e+20,7.65528515207031e+19,FLOAT
"mutualistic_mixed_(0.2,0.8,0.5)",0.2,0.8,0.5,0.666666751961906,4.19736659610103,2.70058520454574e+20,6.43399889600861e+19,FLOAT
"mutualistic_mixed_(0.2,0.8,0.5)",0.2,0.8,0.5,0.666666757049286,4.19736659610103,2.26974724155131e+20,5.40755063820181e+19,FLOAT
"mutualistic_mixed_(0.2,0.8,0.5)",0.2,0.8,0.5,0.666666762440099,4.19736659610103,1.90764303392974e+20,4.54485685310826e+19,FLOAT
"mutualistic_mixed_(0.2,0.8,0.5)",0.2,0.8,0.5,0.666666768152444,4.19736659610103,1.60330711196059e+20,3.81979289931434e+19,FLOAT
"mutualistic_mixed_(0.2,0.8,0.5)",0.2,0.8,0.5,0.666666774205498,4.19736659610103,1.34752345127507e+20,3.2104020947963e+19,FLOAT
"mutualistic_mixed_(0.2,0.8,0.5)",0.2,0.8,0.5,0.666666780619582,4.19736659610103,1.13254623887527e+20,2.69823045699012e+19,FLOAT
"mutualistic_mixed_(0.2,0.8,0.5)",0.2,0.8,0.5,0.66666678741623,4.19736659610103,9.51865430984037e+19,2.26776815698737e+19,FLOAT
"mutualistic_mixed_(0.2,0.8,0.5)",0.2,0.8,0.5,0.66666679461826,4.19736659610103,8.00009538888387e+19,1.90597966742177e+19,FLOAT
"mutualistic_mixed_(0.2,0.8,0.5)",0.2,0.8,0.5,0.666666802249851,4.19736659610103,6.7237998330246e+19,1.60190912065446e+19,FLOAT
"mutualistic_mixed_(0.2,0.8,0.5)",0.2,0.8,0.5,0.666666810336623,4.19736659610103,5.65111815637185e+19,1.34634848469543e+19,FLOAT
"mutualistic_mixed_(0.2,0.8,0.5)",0.2,0.8,0.5,0.666666818905725,4.19736659610103,4.74956679217028e+19,1.1315587246018e+19,FLOAT
"mutualistic_mixed_(0.2,0.8,0.5)",0.2,0.8,0.5,0.666666827985925,4.19736659610103,3.99184445639757e+19,9.51035456399169e+18,FLOAT
"mutualistic_mixed_(0.2,0.8,0.5)",0.2,0.8,0.5,0.666666837607709,4.19736659610103,3.3550053933693e+19,7.99311977296858e+18,FLOAT
"mutualistic_mixed_(0.2,0.8,0.5)",0.2,0.8,0.5,0.666666847803377,4.19736659610103,2.81976446717057e+19,6.7179370746169e+18,FLOAT
"mutualistic_mixed_(0.2,0.8,0.5)",0.2,0.8,0.5,0.66666685860716,4.19736659610103,2.3699132229588e+19,5.64619069766324e+18,FLOAT
"mutualistic_mixed_(0.2,0.8,0.5)",0.2,0.8,0.5,0.666666870055327,4.19736659610103,1.99182902328803e+19,4.74542544160489e+18,FLOAT
"mutualistic_mixed_(0.2,0.8,0.5)",0.2,0.8,0.5,0.666666882186313,4.19736659610103,1.6740624995965e+19,3.98836380208379e+18,FLOAT
"mutualistic_mixed_(0.2,0.8,0.5)",0.2,0.8,0.5,0.666666895040844,4.19736659610103,1.40699086814271e+19,3.35208001476372e+18,FLOAT
"mutualistic_mixed_(0.2,0.8,0.5)",0.2,0.8,0.5,0.666666908662074,4.19736659610103,1.18252652272566e+19,2.81730579317069e+18,FLOAT
"mutualistic_mixed_(0.2,0.8,0.5)",0.2,0.8,0.5,0.666666923095735,4.19736659610103,9.93872105422207e+18,2.36784679790758e+18,FLOAT
"mutualistic_mixed_(0.2,0.8,0.5)",0.2,0.8,0.5,0.666666938390282,4.19736659610103,8.35314678745055e+18,1.99009226289881e+18,FLOAT
"mutualistic_mixed_(0.2,0.8,0.5)",0.2,0.8,0.5,0.666666954597062,4.19736659610103,7.02052716131562e+18,1.67260280954183e+18,FLOAT
"mutualistic_mixed_(0.2,0.8,0.5)",0.2,0.8,0.5,0.666666971770485,4.19736659610103,5.90050708306868e+18,1.40576405419286e+18,FLOAT
"mutualistic_mixed_(0.2,0.8,0.5)",0.2,0.8,0.5,0.666666989968206,4.19736659610103,4.95916943831669e+18,1.18149542690012e+18,FLOAT
"mutualistic_mixed_(0.2,0.8,0.5)",0.2,0.8,0.5,0.666667009251318,4.19736659610103,4.16800813735835e+18,9.93005505220834e+17,FLOAT
"mutualistic_mixed_(0.2,0.8,0.5)",0.2,0.8,0.5,0.666667029684559,4.19736659610103,3.50306479047652e+18,8.34586331756332e+17,FLOAT
"mutualistic_mixed_(0.2,0.8,0.5)",0.2,0.8,0.5,0.666667051336528,4.19736659610103,2.9442032036085e+18,7.01440566650384e+17,FLOAT
"mutualistic_mixed_(0.2,0.8,0.5)",0.2,0.8,0.5,0.666667074279914,4.19736659610103,2.47449962717264e+18,5.89536217653999e+17,FLOAT
"mutualistic_mixed_(0.2,0.8,0.5)",0.2,0.8,0.5,0.666667098591744,4.19736659610103,2.07973022704785e+18,4.95484532844886e+17,FLOAT
"mutualistic_mixed_(0.2,0.8,0.5)",0.2,0.8,0.5,0.666667124353638,4.19736659610103,1.74794038000208e+18,4.1643738758148e+17,FLOAT
"mutualistic_mixed_(0.2,0.8,0.5)",0.2,0.8,0.5,0.666667151652083,4.19736659610103,1.4690826402702e+18,3.50001031988686e+17,FLOAT
"mutualistic_mixed_(0.2,0.8,0.5)",0.2,0.8,0.5,0.666667180578726,4.19736659610103,1.23471248109318e+18,2.94163603017214e+17,FLOAT
"mutualistic_mixed_(0.2,0.8,0.5)",0.2,0.8,0.5,0.66666721123068,4.19736659610103,1.03773257458592e+18,2.47234200498446e+17,FLOAT
"mutualistic_mixed_(0.2,0.8,0.5)",0.2,0.8,0.5,0.66666724371085,4.19736659610103,8.72177865959818e+17,2.07791682234759e+17,FLOAT
"mutualistic_mixed_(0.2,0.8,0.5)",0.2,0.8,0.5,0.666667278128279,4.19736659610103,7.33034933696313e+17,1.74641627533138e+17,FLOAT
"mutualistic_mixed_(0.2,0.8,0.5)",0.2,0.8,0.5,0.666667314598514,4.19736659610103,6.16090175900002e+17,1.46780168420908e+17,FLOAT
"mutualistic_mixed_(0.2,0.8,0.5)",0.2,0.8,0.5,0.666667353243992,4.19736659610103,5.17802204381658e+17,1.23363588222827e+17,FLOAT
"mutualistic_mixed_(0.2,0.8,0.5)",0.2,0.8,0.5,0.666667394194455,4.19736659610103,4.3519460835294e+17,1.03682773088535e+17,FLOAT
"mutualistic_mixed_(0.2,0.8,0.5)",0.2,0.8,0.5,0.666667437587381,4.19736659610103,3.65765818797728e+17,8.71417376641562e+16,FLOAT
"mutualistic_mixed_(0.2,0.8,0.5)",0.2,0.8,0.5,0.666667483568452,4.19736659610103,3.07413354055989e+17,7.32395770103922e+16,FLOAT
"mutualistic_mixed_(0.2,0.8,0.5)",0.2,0.8,0.5,0.666667532292033,4.19736659610103,2.58370151951762e+17,6.15552980746938e+16,FLOAT
"mutualistic_mixed_(0.2,0.8,0.5)",0.2,0.8,0.5,0.666667583921701,4.19736659610103,2.17151059120985e+17,5.17350710616268e+16,FLOAT
"mutualistic_mixed_(0.2,0.8,0.5)",0.2,0.8,0.5,0.666667638630787,4.19736659610103,1.82507855974836e+17,4.34815143724566e+16,FLOAT
"mutualistic_mixed_(0.2,0.8,0.5)",0.2,0.8,0.5,0.666667696602962,4.19736659610103,1.53391457721694e+17,3.65446892020774e+16,FLOAT
"mutualistic_mixed_(0.2,0.8,0.5)",0.2,0.8,0.5,0.66666775803285,4.19736659610103,1.2892014522929e+17,3.07145307129106e+16,FLOAT
"mutualistic_mixed_(0.2,0.8,0.5)",0.2,0.8,0.5,0.666667823126684,4.19736659610103,1.08352864552715e+17,2.58144867911621e+16,FLOAT
"mutualistic_mixed_(0.2,0.8,0.5)",0.2,0.8,0.5,0.666667892102997,4.19736659610103,9.10667858726378e+16,2.16961715846385e+16,FLOAT
"mutualistic_mixed_(0.2,0.8,0.5)",0.2,0.8,0.5,0.666667965193359,4.19736659610103,7.65384424438444e+16,1.82348719587519e+16,FLOAT
"mutualistic_mixed_(0.2,0.8,0.5)",0.2,0.8,0.5,0.666668042643148,4.19736659610103,6.43278789069039e+16,1.53257709170933e+16,FLOAT
"mutualistic_mixed_(0.2,0.8,0.5)",0.2,0.8,0.5,0.66666812471238,4.19736659610103,5.40653281039938e+16,1.28807734245123e+16,FLOAT
"mutualistic_mixed_(0.2,0.8,0.5)",0.2,0.8,0.5,0.666668211676578,4.19736659610103,4.54400137705744e+16,1.08258387086761e+16,FLOAT
"mutualistic_mixed_(0.2,0.8,0.5)",0.2,0.8,0.5,0.666668303827701,4.19736659610103,3.81907393049477e+16,9.09873808507062e+15,FLOAT
"mutualistic_mixed_(0.2,0.8,0.5)",0.2,0.8,0.5,0.666668401475117,4.19736659610103,3.20979781449242e+16,7.64717053181398e+15,FLOAT
"mutualistic_mixed_(0.2,0.8,0.5)",0.2,0.8,0.5,0.666668504946651,4.19736659610103,2.6977225886706e+16,6.4271788677609e+15,FLOAT
"mutualistic_mixed_(0.2,0.8,0.5)",0.2,0.8,0.5,0.666668614589678,4.19736659610103,2.26734130493436e+16,5.40181862370686e+15,FLOAT
"mutualistic_mixed_(0.2,0.8,0.5)",0.2,0.8,0.5,0.666668730772293,4.19736659610103,1.90562091703392e+16,4.54003926844051e+15,FLOAT
"mutualistic_mixed_(0.2,0.8,0.5)",0.2,0.8,0.5,0.666668853884545,4.19736659610103,1.60160760618071e+16,3.81574391826642e+15,FLOAT
"mutualistic_mixed_(0.2,0.8,0.5)",0.2,0.8,0.5,0.666668984339748,4.19736659610103,1.3460950708607e+16,3.2069990553389e+15,FLOAT
"mutualistic_mixed_(0.2,0.8,0.5)",0.2,0.8,0.5,0.666669122575868,4.19736659610103,1.13134573859895e+16,2.69537032969641e+15,FLOAT
"mutualistic_mixed_(0.2,0.8,0.5)",0.2,0.8,0.5,0.666669269056992,4.19736659610103,9.50856449686731e+15,2.26536431335302e+15,FLOAT
"mutualistic_mixed_(0.2,0.8,0.5)",0.2,0.8,0.5,0.666669424274889,4.19736659610103,7.99161527066177e+15,1.90395932489796e+15,FLOAT
"mutualistic_mixed_(0.2,0.8,0.5)",0.2,0.8,0.5,0.666669588750657,4.19736659610103,6.71667260065136e+15,1.6002110959025e+15,FLOAT
"mutualistic_mixed_(0.2,0.8,0.5)",0.2,0.8,0.5,0.666669763036477,4.19736659610103,5.64512796219361e+15,1.34492135317354e+15,FLOAT
"mutualistic_mixed_(0.2,0.8,0.5)",0.2,0.8,0.5,0.666669947717462,4.19736659610103,4.74453224199556e+15,1.13035927012018e+15,FLOAT
"mutualistic_mixed_(0.2,0.8,0.5)",0.2,0.8,0.5,0.666670143413626,4.19736659610103,3.98761309575611e+15,950027357500829,FLOAT
"mutualistic_mixed_(0.2,0.8,0.5)",0.2,0.8,0.5,0.666670350781961,4.19736659610103,3.35144907703661e+15,798464704071787,FLOAT
"mutualistic_mixed_(0.2,0.8,0.5)",0.2,0.8,0.5,0.666670570518648,4.19736659610103,2.81677551131974e+15,671081604817712,FLOAT
"mutualistic_mixed_(0.2,0.8,0.5)",0.2,0.8,0.5,0.666670803361388,4.19736659610103,2.36740111470377e+15,564020573495503,FLOAT
"mutualistic_mixed_(0.2,0.8,0.5)",0.2,0.8,0.5,0.666671050091883,4.19736659610103,1.98971768078912e+15,474039528174018,FLOAT
"mutualistic_mixed_(0.2,0.8,0.5)",0.2,0.8,0.5,0.66667131153846,4.19736659610103,1.67228798905046e+15,398413612621748,FLOAT
"mutualistic_mixed_(0.2,0.8,0.5)",0.2,0.8,0.5,0.666671588578849,4.19736659610103,1.40549945615307e+15,334852680597081,FLOAT
"mutualistic_mixed_(0.2,0.8,0.5)",0.2,0.8,0.5,0.666671882143135,4.19736659610103,1.18127304274594e+15,281431944458517,FLOAT
"mutualistic_mixed_(0.2,0.8,0.5)",0.2,0.8,0.5,0.666672193216873,4.19736659610103,992818599484761,236533687671455,FLOAT
"mutualistic_mixed_(0.2,0.8,0.5)",0.2,0.8,0.5,0.666672522844405,4.19736659610103,834429243557299,198798276122083,FLOAT
"mutualistic_mixed_(0.2,0.8,0.5)",0.2,0.8,0.5,0.666672872132358,4.19736659610103,701308539971012,167082984989318,FLOAT
"mutualistic_mixed_(0.2,0.8,0.5)",0.2,0.8,0.5,0.666673242253367,4.19736659610103,589425253318587,140427394134720,FLOAT
"mutualistic_mixed_(0.2,0.8,0.5)",0.2,0.8,0.5,0.666673634450005,4.19736659610103,495391271380182,118024304057777,FLOAT
"mutualistic_mixed_(0.2,0.8,0.5)",0.2,0.8,0.5,0.66667405003896,4.19736659610103,416359004572322,99195291866829.5,FLOAT
"mutualistic_mixed_(0.2,0.8,0.5)",0.2,0.8,0.5,0.66667449041545,4.19736659610103,349935153712264,83370166913064.4,FLOAT
"mutualistic_mixed_(0.2,0.8,0.5)",0.2,0.8,0.5,0.666674957057912,4.19736659610103,294108234638398,70069703921405.9,FLOAT
"mutualistic_mixed_(0.2,0.8,0.5)",0.2,0.8,0.5,0.666675451532965,4.19736659610103,247187665348232,58891130828993.3,FLOAT
"mutualistic_mixed_(0.2,0.8,0.5)",0.2,0.8,0.5,0.666675975500663,4.19736659610103,207752571029597,49495931859413.9,FLOAT
"mutualistic_mixed_(0.2,0.8,0.5)",0.2,0.8,0.5,0.666676530720078,4.19736659610103,174608756096110,41599596341740.9,FLOAT
"mutualistic_mixed_(0.2,0.8,0.5)",0.2,0.8,0.5,0.666677119055197,4.19736659610103,146752541037794,34963003034834.8,FLOAT
"mutualistic_mixed_(0.2,0.8,0.5)",0.2,0.8,0.5,0.666677742481186,4.19736659610103,123340368388715,29385178912722.9,FLOAT
"mutualistic_mixed_(0.2,0.8,0.5)",0.2,0.8,0.5,0.666678403091018,4.19736659610103,103663257661620,24697213190268.8,FLOAT
"mutualistic_mixed_(0.2,0.8,0.5)",0.2,0.8,0.5,0.666679103102497,4.19736659610103,87125335600113.9,20757142271310.2,FLOAT
"mutualistic_mixed_(0.2,0.8,0.5)",0.2,0.8,0.5,0.666679844865711,4.19736659610103,73225791615769.4,17445650728671,FLOAT
"mutualistic_mixed_(0.2,0.8,0.5)",0.2,0.8,0.5,0.666680630870915,4.19736659610103,61543711946792.6,14662458124091.7,FLOAT
"mutualistic_mixed_(0.2,0.8,0.5)",0.2,0.8,0.5,0.666681463756893,4.19736659610103,51725333338187.6,12323282266132.2,FLOAT
"mutualistic_mixed_(0.2,0.8,0.5)",0.2,0.8,0.5,0.666682346319819,4.19736659610103,43473330164076.7,10357286924725.5,FLOAT
"mutualistic_mixed_(0.2,0.8,0.5)",0.2,0.8,0.5,0.666683281522644,4.19736659610103,36537810654446.1,8704936730660.21,FLOAT
"mutualistic_mixed_(0.2,0.8,0.5)",0.2,0.8,0.5,0.666684272505039,4.19736659610103,30708749534098.1,7316194292541.36,FLOAT
"mutualistic_mixed_(0.2,0.8,0.5)",0.2,0.8,0.5,0.666685322593942,4.19736659610103,25809627918080.3,6149004936108.06,FLOAT
"mutualistic_mixed_(0.2,0.8,0.5)",0.2,0.8,0.5,0.666686435314721,4.19736659610103,21692087870303.4,5168023181595.19,FLOAT
"mutualistic_mixed_(0.2,0.8,0.5)",0.2,0.8,0.5,0.666687614403016,4.19736659610103,18231439742357.5,4343542391387.21,FLOAT
"mutualistic_mixed_(0.2,0.8,0.5)",0.2,0.8,0.5,0.666688863817274,4.19736659610103,15322886255598.5,3650595177898.47,FLOAT
"mutualistic_mixed_(0.2,0.8,0.5)",0.2,0.8,0.5,0.666690187752041,4.19736659610103,12878348968719,3068197326552.74,FLOAT
"mutualistic_mixed_(0.2,0.8,0.5)",0.2,0.8,0.5,0.666691590652045,4.19736659610103,10823801037976.8,2578712340263.8,FLOAT
"mutualistic_mixed_(0.2,0.8,0.5)",0.2,0.8,0.5,0.666693077227118,4.19736659610103,9097025495513.98,2167317361310.37,FLOAT
"mutualistic_mixed_(0.2,0.8,0.5)",0.2,0.8,0.5,0.666694652468004,4.19736659610103,7645731160077.56,1821554297206.19,FLOAT
"mutualistic_mixed_(0.2,0.8,0.5)",0.2,0.8,0.5,0.66669632166312,4.19736659610103,6425969125858.64,1530952557688.86,FLOAT
"mutualistic_mixed_(0.2,0.8,0.5)",0.2,0.8,0.5,0.666698090416304,4.19736659610103,5400801877824.09,1286711978610.81,FLOAT
"mutualistic_mixed_(0.2,0.8,0.5)",0.2,0.8,0.5,0.666699964665634,4.19736659610103,4539184728773.72,1081436330338.7,FLOAT
"mutualistic_mixed_(0.2,0.8,0.5)",0.2,0.8,0.5,0.66670195070336,4.19736659610103,3815025706850.01,908909341012.487,FLOAT
"mutualistic_mixed_(0.2,0.8,0.5)",0.2,0.8,0.5,0.666704055197027,4.19736659610103,3206395424167.96,763906451999.309,FLOAT
"mutualistic_mixed_(0.2,0.8,0.5)",0.2,0.8,0.5,0.666706285211866,4.19736659610103,2694862998659.51,642036604847.141,FLOAT
"mutualistic_mixed_(0.2,0.8,0.5)",0.2,0.8,0.5,0.666708648234505,4.19736659610103,2264937919597.77,539609268750.005,FLOAT
"mutualistic_mixed_(0.2,0.8,0.5)",0.2,0.8,0.5,0.666711152198109,4.19736659610103,1903600955616.79,453522681908.477,FLOAT
"mutualistic_mixed_(0.2,0.8,0.5)",0.2,0.8,0.5,0.666713805509012,4.19736659610103,1599909899032.48,381169922236.158,FLOAT
"mutualistic_mixed_(0.2,0.8,0.5)",0.2,0.8,0.5,0.666716617074936,4.19736659610103,1344668207624.32,320359963047.639,FLOAT
"mutualistic_mixed_(0.2,0.8,0.5)",0.2,0.8,0.5,0.6667195963349,4.19736659610103,1130146509899.55,269251323186.627,FLOAT
"mutualistic_mixed_(0.2,0.8,0.5)",0.2,0.8,0.5,0.666722753290909,4.19736659610103,949848540023.431,226296302282.901,FLOAT
"mutualistic_mixed_(0.2,0.8,0.5)",0.2,0.8,0.5,0.666726098541527,4.19736659610103,798314414175.983,190194112403.13,FLOAT
"mutualistic_mixed_(0.2,0.8,0.5)",0.2,0.8,0.5,0.666729643317467,4.19736659610103,670955291305.422,159851486865.283,FLOAT
"mutualistic_mixed_(0.2,0.8,0.5)",0.2,0.8,0.5,0.666733399519287,4.19736659610103,563914411325.151,134349573337,FLOAT
"mutualistic_mixed_(0.2,0.8,0.5)",0.2,0.8,0.5,0.666737379757347,4.19736659610103,473950302524.488,112916108629.812,FLOAT
"mutualistic_mixed_(0.2,0.8,0.5)",0.2,0.8,0.5,0.666741597394146,4.19736659610103,398338621514.432,94902032594.5445,FLOAT
"mutualistic_mixed_(0.2,0.8,0.5)",0.2,0.8,0.5,0.666746066589179,4.19736659610103,334789653136.204,79761832918.5717,FLOAT
"mutualistic_mixed_(0.2,0.8,0.5)",0.2,0.8,0.5,0.666750802346474,4.19736659610103,281378972036.359,67037025619.2858,FLOAT
"mutualistic_mixed_(0.2,0.8,0.5)",0.2,0.8,0.5,0.666755820564966,4.19736659610103,236489166139.462,56342270975.1249,FLOAT
"mutualistic_mixed_(0.2,0.8,0.5)",0.2,0.8,0.5,0.666761138091871,4.19736659610103,198760857269.612,47353704452.2732,FLOAT
"mutualistic_mixed_(0.2,0.8,0.5)",0.2,0.8,0.5,0.666766772779247,4.19736659610103,167051535704.546,39799129258.7408,FLOAT
"mutualistic_mixed_(0.2,0.8,0.5)",0.2,0.8,0.5,0.666772743543927,4.19736659610103,140400962058.325,33449773529.1325,FLOAT
"mutualistic_mixed_(0.2,0.8,0.5)",0.2,0.8,0.5,0.666779070431024,4.19736659610103,118002088773.786,28113362526.7327,FLOAT
"mutualistic_mixed_(0.2,0.8,0.5)",0.2,0.8,0.5,0.666785774681232,4.19736659610103,99176620659.1506,23628296072.8941,FLOAT
"mutualistic_mixed_(0.2,0.8,0.5)",0.2,0.8,0.5,0.666792878802131,4.19736659610103,83354474374.4412,19858754880.2313,FLOAT
"mutualistic_mixed_(0.2,0.8,0.5)",0.2,0.8,0.5,0.66680040664375,4.19736659610103,70056514848.1735,16690587596.816,FLOAT
"mutualistic_mixed_(0.2,0.8,0.5)",0.2,0.8,0.5,0.666808383478639,4.19736659610103,58880045842.4089,14027854011.3945,FLOAT
"mutualistic_mixed_(0.2,0.8,0.5)",0.2,0.8,0.5,0.666816836086713,4.19736659610103,49486615279.4926,11789919738.1189,FLOAT
"mutualistic_mixed_(0.2,0.8,0.5)",0.2,0.8,0.5,0.666825792845157,4.19736659610103,41591766048.5275,9909014401.35405,FLOAT
"mutualistic_mixed_(0.2,0.8,0.5)",0.2,0.8,0.5,0.666835283823696,4.19736659610103,34956421915.1734,8328179375.05023,FLOAT
"mutualistic_mixed_(0.2,0.8,0.5)",0.2,0.8,0.5,0.666845340885544,4.19736659610103,29379647681.8149,6999542929.87082,FLOAT
"mutualistic_mixed_(0.2,0.8,0.5)",0.2,0.8,0.5,0.666855997794376,4.19736659610103,24692564356.0715,5882870554.83995,FLOAT
"mutualistic_mixed_(0.2,0.8,0.5)",0.2,0.8,0.5,0.666867290327678,4.19736659610103,20753235062.4324,4944346553.31519,FLOAT
"mutualistic_mixed_(0.2,0.8,0.5)",0.2,0.8,0.5,0.666879256396864,4.19736659610103,17442366830.5859,4155550017.19132,FLOAT
"mutualistic_mixed_(0.2,0.8,0.5)",0.2,0.8,0.5,0.666891936174548,4.19736659610103,14659698099.2621,3492594169.13442,FLOAT
"mutualistic_mixed_(0.2,0.8,0.5)",0.2,0.8,0.5,0.666905372229415,4.19736659610103,12320962539.3938,2935403009.79163,FLOAT
"mutualistic_mixed_(0.2,0.8,0.5)",0.2,0.8,0.5,0.666919609669129,4.19736659610103,10355337254.2052,2467103365.19672,FLOAT
"mutualistic_mixed_(0.2,0.8,0.5)",0.2,0.8,0.5,0.666934696291775,4.19736659610103,8703298080.67014,2073513923.88616,FLOAT
"mutualistic_mixed_(0.2,0.8,0.5)",0.2,0.8,0.5,0.666950682746323,4.19736659610103,7314817045.51573,1742715790.49362,FLOAT
"mutualistic_mixed_(0.2,0.8,0.5)",0.2,0.8,0.5,0.666967622702667,4.19736659610103,6147847390.30797,1464691551.13083,FLOAT
"mutualistic_mixed_(0.2,0.8,0.5)",0.2,0.8,0.5,0.666985573031808,4.19736659610103,5167050287.86863,1231021920.42705,FLOAT
"mutualistic_mixed_(0.2,0.8,0.5)",0.2,0.8,0.5,0.667004593996783,4.19736659610103,4342724692.33346,1034630784.06529,FLOAT
"mutualistic_mixed_(0.2,0.8,0.5)",0.2,0.8,0.5,0.667024749454976,4.19736659610103,3649907915.36647,869570915.906393,FLOAT
"mutualistic_mixed_(0.2,0.8,0.5)",0.2,0.8,0.5,0.667046107072505,4.19736659610103,3067619692.16305,730843880.782916,FLOAT
"mutualistic_mixed_(0.2,0.8,0.5)",0.2,0.8,0.5,0.667068738551391,4.19736659610103,2578226845.3184,614248669.085359,FLOAT
"mutualistic_mixed_(0.2,0.8,0.5)",0.2,0.8,0.5,0.667092719870275,4.19736659610103,2166909307.1132,516254479.445771,FLOAT
"mutualistic_mixed_(0.2,0.8,0.5)",0.2,0.8,0.5,0.667118131539495,4.19736659610103,1821211329.94097,433893797.037578,FLOAT
"mutualistic_mixed_(0.2,0.8,0.5)",0.2,0.8,0.5,0.667145058871377,4.19736659610103,1530664294.40067,364672529.633822,FLOAT
"mutualistic_mixed_(0.2,0.8,0.5)",0.2,0.8,0.5,0.667173592266644,4.19736659610103,1286469692.72425,306494480.115048,FLOAT
"mutualistic_mixed_(0.2,0.8,0.5)",0.2,0.8,0.5,0.667203827517915,4.19736659610103,1081232687.43639,257597868.254051,FLOAT
"mutualistic_mixed_(0.2,0.8,0.5)",0.2,0.8,0.5,0.667235866131295,4.19736659610103,908738176.766946,216501979.505693,FLOAT
"mutualistic_mixed_(0.2,0.8,0.5)",0.2,0.8,0.5,0.667269815667157,4.19736659610103,763762585.463602,181962325.181,FLOAT
"mutualistic_mixed_(0.2,0.8,0.5)",0.2,0.8,0.5,0.667305790101244,4.19736659610103,641915681.568028,152932956.145482,FLOAT
"mutualistic_mixed_(0.2,0.8,0.5)",0.2,0.8,0.5,0.667343910207308,4.19736659610103,539507628.957205,128534788.802665,FLOAT
"mutualistic_mixed_(0.2,0.8,0.5)",0.2,0.8,0.5,0.667384303962572,4.19736659610103,453437249.668109,108028984.194354,FLOAT
"mutualistic_mixed_(0.2,0.8,0.5)",0.2,0.8,0.5,0.667427106977381,4.19736659610103,381098112.291958,90794574.066026,FLOAT
"mutualistic_mixed_(0.2,0.8,0.5)",0.2,0.8,0.5,0.66747246295047,4.19736659610103,320299602.564183,76309656.3597071,FLOAT
"mutualistic_mixed_(0.2,0.8,0.5)",0.2,0.8,0.5,0.667520524151393,4.19736659610103,269200585.956697,64135590.6836347,FLOAT
"mutualistic_mixed_(0.2,0.8,0.5)",0.2,0.8,0.5,0.667571451931725,4.19736659610103,226253653.415759,53903715.1593877,FLOAT
"mutualistic_mixed_(0.2,0.8,0.5)",0.2,0.8,0.5,0.667625417266748,4.19736659610103,190158261.855799,45304182.3967528,FLOAT
"mutualistic_mixed_(0.2,0.8,0.5)",0.2,0.8,0.5,0.66768260132946,4.19736659610103,159821350.38627,38076576.521748,FLOAT
"mutualistic_mixed_(0.2,0.8,0.5)",0.2,0.8,0.5,0.667743196098802,4.19736659610103,134324239.632239,32002027.117911,FLOAT
"mutualistic_mixed_(0.2,0.8,0.5)",0.2,0.8,0.5,0.667807405004176,4.19736659610103,112894811.771203,26896581.2698067,FLOAT
"mutualistic_mixed_(0.2,0.8,0.5)",0.2,0.8,0.5,0.667875443608401,4.19736659610103,94884128.8301613,22605632.9981518,FLOAT
"mutualistic_mixed_(0.2,0.8,0.5)",0.2,0.8,0.5,0.667947540331402,4.19736659610103,79746781.1830435,18999241.3950978,FLOAT
"mutualistic_mixed_(0.2,0.8,0.5)",0.2,0.8,0.5,0.668023937217061,4.19736659610103,67024371.1517562,15968195.6810767,FLOAT
"mutualistic_mixed_(0.2,0.8,0.5)",0.2,0.8,0.5,0.668104890745814,4.19736659610103,56331631.5513933,13420708.0229114,FLOAT
"mutualistic_mixed_(0.2,0.8,0.5)",0.2,0.8,0.5,0.668190672695706,4.19736659610103,47344758.8138709,11279633.9633164,FLOAT
"mutualistic_mixed_(0.2,0.8,0.5)",0.2,0.8,0.5,0.66828157105481,4.19736659610103,39791607.3873614,9480136.28934012,FLOAT
"mutualistic_mixed_(0.2,0.8,0.5)",0.2,0.8,0.5,0.668377890988062,4.19736659610103,33443448.4724539,7967721.59561182,FLOAT
"mutualistic_mixed_(0.2,0.8,0.5)",0.2,0.8,0.5,0.668479955861763,4.19736659610103,28108043.5287881,6696590.08457776,FLOAT
"mutualistic_mixed_(0.2,0.8,0.5)",0.2,0.8,0.5,0.668588108329191,4.19736659610103,23623822.7999903,5628248.63140014,FLOAT
"mutualistic_mixed_(0.2,0.8,0.5)",0.2,0.8,0.5,0.668702711480957,4.19736659610103,19854992.5679827,4730345.11363058,FLOAT
"mutualistic_mixed_(0.2,0.8,0.5)",0.2,0.8,0.5,0.668824150063978,4.19736659610103,16687422.971585,3975688.70612496,FLOAT
"mutualistic_mixed_(0.2,0.8,0.5)",0.2,0.8,0.5,0.668952831773153,4.19736659610103,14025191.8621991,3341426.47326236,FLOAT
"mutualistic_mixed_(0.2,0.8,0.5)",0.2,0.8,0.5,0.669089188620082,4.19736659610103,11787680.0356214,2808351.32355871,FLOAT
"mutualistic_mixed_(0.2,0.8,0.5)",0.2,0.8,0.5,0.669233678383419,4.19736659610103,9907129.87613612,2360320.36976206,FLOAT
"mutualistic_mixed_(0.2,0.8,0.5)",0.2,0.8,0.5,0.669386786145729,4.19736659610103,8326593.48245872,1983766.08090258,FLOAT
"mutualistic_mixed_(0.2,0.8,0.5)",0.2,0.8,0.5,0.669549025922018,4.19736659610103,6998208.13945888,1667285.42271232,FLOAT
"mutualistic_mixed_(0.2,0.8,0.5)",0.2,0.8,0.5,0.669720942385384,4.19736659610103,5881746.91261318,1401294.54455486,FLOAT
"mutualistic_mixed_(0.2,0.8,0.5)",0.2,0.8,0.5,0.669903112695601,4.19736659610103,4943400.47339699,1177738.55588143,FLOAT
"mutualistic_mixed_(0.2,0.8,0.5)",0.2,0.8,0.5,0.670096148436769,4.19736659610103,4154753.26623576,989847.603517678,FLOAT
"mutualistic_mixed_(0.2,0.8,0.5)",0.2,0.8,0.5,0.670300697670525,4.19736659610103,3491923.01269244,831931.863167759,FLOAT
"mutualistic_mixed_(0.2,0.8,0.5)",0.2,0.8,0.5,0.670517447111728,4.19736659610103,2934837.49490078,699209.236959902,FLOAT
"mutualistic_mixed_(0.2,0.8,0.5)",0.2,0.8,0.5,0.670747124433902,4.19736659610103,2466626.71737611,587660.539269404,FLOAT
"mutualistic_mixed_(0.2,0.8,0.5)",0.2,0.8,0.5,0.67099050071219,4.19736659610103,2073112.04032047,493907.78547821,FLOAT
"mutualistic_mixed_(0.2,0.8,0.5)",0.2,0.8,0.5,0.671248393012015,4.19736659610103,1742376.81406973,415111.897942925,FLOAT
"mutualistic_mixed_(0.2,0.8,0.5)",0.2,0.8,0.5,0.671521667132144,4.19736659610103,1464405.51238875,348886.731444674,FLOAT
"mutualistic_mixed_(0.2,0.8,0.5)",0.2,0.8,0.5,0.671811240511352,4.19736659610103,1230780.43665497,293226.814593287,FLOAT
"mutualistic_mixed_(0.2,0.8,0.5)",0.2,0.8,0.5,0.67211808530846,4.19736659610103,1034426.80635216,246446.619009416,FLOAT
"mutualistic_mixed_(0.2,0.8,0.5)",0.2,0.8,0.5,0.672443231666078,4.19736659610103,869398.516562658,207129.517200201,FLOAT
"mutualistic_mixed_(0.2,0.8,0.5)",0.2,0.8,0.5,0.672787771169006,4.19736659610103,730698.074649111,174084.883442838,FLOAT
"mutualistic_mixed_(0.2,0.8,0.5)",0.2,0.8,0.5,0.673152860508921,4.19736659610103,614125.263344158,146312.038580243,FLOAT
"mutualistic_mixed_(0.2,0.8,0.5)",0.2,0.8,0.5,0.673539725367628,4.19736659610103,516149.947382195,122969.946885662,FLOAT
"mutualistic_mixed_(0.2,0.8,0.5)",0.2,0.8,0.5,0.673949664531935,4.19736659610103,433805.171929928,103351.747339128,FLOAT
"mutualistic_mixed_(0.2,0.8,0.5)",0.2,0.8,0.5,0.674384054253956,4.19736659610103,364597.315564307,86863.3480580382,FLOAT
"mutualistic_mixed_(0.2,0.8,0.5)",0.2,0.8,0.5,0.674844352871474,4.19736659610103,306430.576999063,73005.4356661886,FLOAT
"mutualistic_mixed_(0.2,0.8,0.5)",0.2,0.8,0.5,0.675332105703892,4.19736659610103,257543.508824967,61358.3547989832,FLOAT
"mutualistic_mixed_(0.2,0.8,0.5)",0.2,0.8,0.5,0.675848950240194,4.19736659610103,216455.676342865,51569.3998575042,FLOAT
"mutualistic_mixed_(0.2,0.8,0.5)",0.2,0.8,0.5,0.676396621636343,4.19736659610103,181922.826182413,43342.1341732226,FLOAT
"mutualistic_mixed_(0.2,0.8,0.5)",0.2,0.8,0.5,0.676976958540561,4.19736659610103,152899.207097433,36427.4131402919,FLOAT
"mutualistic_mixed_(0.2,0.8,0.5)",0.2,0.8,0.5,0.677591909266059,4.19736659610103,128505.901915091,30615.8394728878,FLOAT
"mutualistic_mixed_(0.2,0.8,0.5)",0.2,0.8,0.5,0.67824353833194,4.19736659610103,108004.211649265,25731.4221134724,FLOAT
"mutualistic_mixed_(0.2,0.8,0.5)",0.2,0.8,0.5,0.678934033394218,4.19736659610103,90773.2857807707,21626.2467674591,FLOAT
"mutualistic_mixed_(0.2,0.8,0.5)",0.2,0.8,0.5,0.679665712590243,4.19736659610103,76291.3212920677,18175.9966744233,FLOAT
"mutualistic_mixed_(0.2,0.8,0.5)",0.2,0.8,0.5,0.680441032321174,4.19736659610103,64119.7611150376,15276.1879733352,FLOAT
"mutualistic_mixed_(0.2,0.8,0.5)",0.2,0.8,0.5,0.681262595498641,4.19736659610103,53890.0134803366,12839.0056590233,FLOAT
"mutualistic_mixed_(0.2,0.8,0.5)",0.2,0.8,0.5,0.68213316028326,4.19736659610103,45292.2899961253,10790.6443145085,FLOAT
"mutualistic_mixed_(0.2,0.8,0.5)",0.2,0.8,0.5,0.683055649344363,4.19736659610103,38066.224444656,9069.07308978349,FLOAT
"mutualistic_mixed_(0.2,0.8,0.5)",0.2,0.8,0.5,0.684033159672015,4.19736659610103,31992.9882097367,7622.15724484377,FLOAT
"mutualistic_mixed_(0.2,0.8,0.5)",0.2,0.8,0.5,0.68506897297426,4.19736659610103,26888.6635700306,6406.07937248267,FLOAT
"mutualistic_mixed_(0.2,0.8,0.5)",0.2,0.8,0.5,0.686166566694507,4.19736659610103,22598.6741844943,5384.01249142412,FLOAT
"mutualistic_mixed_(0.2,0.8,0.5)",0.2,0.8,0.5,0.687329625686041,4.19736659610103,18993.1041107417,4525.00482764231,FLOAT
"mutualistic_mixed_(0.2,0.8,0.5)",0.2,0.8,0.5,0.68856205458285,4.19736659610103,15962.7636041968,3803.04251218484,FLOAT
"mutualistic_mixed_(0.2,0.8,0.5)",0.2,0.8,0.5,0.689867990908302,4.19736659610103,13415.8825603103,3196.26181157787,FLOAT
"mutualistic_mixed_(0.2,0.8,0.5)",0.2,0.8,0.5,0.691251818965688,4.19736659610103,11275.3314687825,2686.28703512728,FLOAT
"mutualistic_mixed_(0.2,0.8,0.5)",0.2,0.8,0.5,0.692718184557244,4.19736659610103,9476.28572311702,2257.67406924133,FLOAT
"mutualistic_mixed_(0.2,0.8,0.5)",0.2,0.8,0.5,0.694272010581095,4.19736659610103,7964.26255479836,1897.44268756425,FLOAT
"mutualistic_mixed_(0.2,0.8,0.5)",0.2,0.8,0.5,0.695918513558455,4.19736659610103,6693.47114539342,1594.68347406468,FLOAT
"mutualistic_mixed_(0.2,0.8,0.5)",0.2,0.8,0.5,0.697663221146592,4.19736659610103,5625.42595372005,1340.227455697,FLOAT
"mutualistic_mixed_(0.2,0.8,0.5)",0.2,0.8,0.5,0.699511990696333,4.19736659610103,4727.78126604431,1126.36844025871,FLOAT
"mutualistic_mixed_(0.2,0.8,0.5)",0.2,0.8,0.5,0.701471028916427,4.19736659610103,3973.35167647925,946.629651117473,FLOAT
"mutualistic_mixed_(0.2,0.8,0.5)",0.2,0.8,0.5,0.703546912710775,4.19736659610103,3339.28883519205,795.56759190249,FLOAT
"mutualistic_mixed_(0.2,0.8,0.5)",0.2,0.8,0.5,0.705746611258478,4.19736659610103,2806.38953422419,668.607201675229,FLOAT
"mutualistic_mixed_(0.2,0.8,0.5)",0.2,0.8,0.5,0.708077509410841,4.19736659610103,2358.51417796692,561.903308650183,FLOAT
"mutualistic_mixed_(0.2,0.8,0.5)",0.2,0.8,0.5,0.710547432483875,4.19736659610103,1982.0980280649,472.224186923794,FLOAT
"mutualistic_mixed_(0.2,0.8,0.5)",0.2,0.8,0.5,0.713164672529529,4.19736659610103,1665.74042197119,396.853690006136,FLOAT
"mutualistic_mixed_(0.2,0.8,0.5)",0.2,0.8,0.5,0.715938016173855,4.19736659610103,1399.8595256185,333.508997503063,FLOAT
"mutualistic_mixed_(0.2,0.8,0.5)",0.2,0.8,0.5,0.718876774115565,4.19736659610103,1176.4021652139,280.271484103074,FLOAT
"mutualistic_mixed_(0.2,0.8,0.5)",0.2,0.8,0.5,0.721990812384003,4.19736659610103,988.599951102061,235.528617400343,FLOAT
"mutualistic_mixed_(0.2,0.8,0.5)",0.2,0.8,0.5,0.725290585461487,4.19736659610103,830.764308485288,197.925125066987,FLOAT
"mutualistic_mixed_(0.2,0.8,0.5)",0.2,0.8,0.5,0.728787171381207,4.19736659610103,698.114207989454,166.321952587591,FLOAT
"mutualistic_mixed_(0.2,0.8,0.5)",0.2,0.8,0.5,0.732492308918514,4.19736659610103,586.631379300001,139.761768687283,FLOAT
"mutualistic_mixed_(0.2,0.8,0.5)",0.2,0.8,0.5,0.736418437000464,4.19736659610103,492.93862335148,117.439973865846,FLOAT
"mutualistic_mixed_(0.2,0.8,0.5)",0.2,0.8,0.5,0.740578736465914,4.19736659610103,414.197538037846,98.6803340986698,FLOAT
"mutualistic_mixed_(0.2,0.8,0.5)",0.2,0.8,0.5,0.744987174316374,4.19736659610103,348.022560302771,82.9145018274202,FLOAT
"mutualistic_mixed_(0.2,0.8,0.5)",0.2,0.8,0.5,0.749658550606174,4.19736659610103,292.40872157175,69.6648040805803,FLOAT
"mutualistic_mixed_(0.2,0.8,0.5)",0.2,0.8,0.5,0.754608548129361,4.19736659610103,245.670928763356,58.5297765011905,FLOAT
"mutualistic_mixed_(0.2,0.8,0.5)",0.2,0.8,0.5,0.759853785070145,4.19736659610103,206.392932141826,49.1720052123983,FLOAT
"mutualistic_mixed_(0.2,0.8,0.5)",0.2,0.8,0.5,0.765411870793641,4.19736659610103,173.384434616018,41.3079083387846,FLOAT
"mutualistic_mixed_(0.2,0.8,0.5)",0.2,0.8,0.5,0.771301464964215,4.19736659610103,145.645043634075,34.6991477392911,FLOAT
"mutualistic_mixed_(0.2,0.8,0.5)",0.2,0.8,0.5,0.777542340189913,4.19736659610103,122.33397403496,29.1454108746653,FLOAT
"mutualistic_mixed_(0.2,0.8,0.5)",0.2,0.8,0.5,0.784155448403264,4.19736659610103,102.744584372003,24.4783442236005,FLOAT
"mutualistic_mixed_(0.2,0.8,0.5)",0.2,0.8,0.5,0.791162991201332,4.19736659610103,86.2829755938988,20.5564545336707,FLOAT
"mutualistic_mixed_(0.2,0.8,0.5)",0.2,0.8,0.5,0.798588494381158,4.19736659610103,72.4500039873443,17.260823501727,FLOAT
"mutualistic_mixed_(0.2,0.8,0.5)",0.2,0.8,0.5,0.806456886920807,4.19736659610103,60.8261636783415,14.4915061111992,FLOAT
"mutualistic_mixed_(0.2,0.8,0.5)",0.2,0.8,0.5,0.814794584671205,4.19736659610103,51.0588808869261,12.1645035566717,FLOAT
"mutualistic_mixed_(0.2,0.8,0.5)",0.2,0.8,0.5,0.823629579039712,4.19736659610103,42.8518351644845,10.2092190861503,FLOAT
"mutualistic_mixed_(0.2,0.8,0.5)",0.2,0.8,0.5,0.83299153096317,4.19736659610103,35.9559842256201,8.56631971556165,FLOAT
"mutualistic_mixed_(0.2,0.8,0.5)",0.2,0.8,0.5,0.842911870485915,4.19736659610103,30.162020577023,7.18593906118202,FLOAT
"mutualistic_mixed_(0.2,0.8,0.5)",0.2,0.8,0.5,0.853423902277057,4.19736659610103,25.2940315069638,6.02616686625839,FLOAT
"mutualistic_mixed_(0.2,0.8,0.5)",0.2,0.8,0.5,0.864562917441269,4.19736659610103,21.2041704453944,5.05177948123262,FLOAT
"mutualistic_mixed_(0.2,0.8,0.5)",0.2,0.8,0.5,0.876366311998457,4.19736659610103,17.7681783424631,4.23317285627806,FLOAT
"mutualistic_mixed_(0.2,0.8,0.5)",0.2,0.8,0.5,0.888873712430073,4.19736659610103,14.8816194753097,3.54546574252851,FLOAT
"mutualistic_mixed_(0.2,0.8,0.5)",0.2,0.8,0.5,0.9,4.19736659610103,12.8092116116175,3.05172572334189,FLOAT
"mutualistic_mixed_(0.2,0.8,0.5)",0.2,0.8,0.5,0.902127108713561,4.19736659610103,12.4567177687159,2.96774596250111,FLOAT
"mutualistic_mixed_(0.2,0.8,0.5)",0.2,0.8,0.5,0.912667383761716,4.19736659610103,10.8846865180174,2.59321797817905,FLOAT
"mutualistic_mixed_(0.2,0.8,0.5)",0.2,0.8,0.5,0.916170995291558,4.19736659610103,10.4196979785036,2.48243696135156,FLOAT
"mutualistic_mixed_(0.2,0.8,0.5)",0.2,0.8,0.5,0.923730141409766,4.19736659610103,9.50093204395687,2.26354592252732,FLOAT
"mutualistic_mixed_(0.2,0.8,0.5)",0.2,0.8,0.5,0.931052520449102,4.19736659610103,8.70855152345038,2.0747655283529,FLOAT
"mutualistic_mixed_(0.2,0.8,0.5)",0.2,0.8,0.5,0.933391537091908,4.19736659610103,8.47353897446563,2.01877505346728,FLOAT
"mutualistic_mixed_(0.2,0.8,0.5)",0.2,0.8,0.5,0.941829086706256,4.19736659610103,7.69079039922415,1.83228941841015,FLOAT
"mutualistic_mixed_(0.2,0.8,0.5)",0.2,0.8,0.5,0.946821644600358,4.19736659610103,7.27115989025496,1.73231470822901,FLOAT
"mutualistic_mixed_(0.2,0.8,0.5)",0.2,0.8,0.5,0.94919781953087,4.19736659610103,7.08176042669429,1.68719130544199,FLOAT
"mutualistic_mixed_(0.2,0.8,0.5)",0.2,0.8,0.5,0.955633126690214,4.19736659610103,6.59961948465447,1.5723238210322,FLOAT
"mutualistic_mixed_(0.2,0.8,0.5)",0.2,0.8,0.5,0.961253248795439,4.19736659610103,6.21240103966535,1.48007111064259,FLOAT
"mutualistic_mixed_(0.2,0.8,0.5)",0.2,0.8,0.5,0.963531308016255,4.19736659610103,6.06371988266774,1.44464862523573,FLOAT
"mutualistic_mixed_(0.2,0.8,0.5)",0.2,0.8,0.5,0.966161448465718,4.19736659610103,5.89765091973467,1.40508358865129,FLOAT
"mutualistic_mixed_(0.2,0.8,0.5)",0.2,0.8,0.5,0.970447907647971,4.19736659610103,5.63920014414018,1.34350908242765,FLOAT
"mutualistic_mixed_(0.2,0.8,0.5)",0.2,0.8,0.5,0.974191384595819,4.19736659610103,5.42514992649813,1.2925127701587,FLOAT
"mutualistic_mixed_(0.2,0.8,0.5)",0.2,0.8,0.5,0.977460660952652,4.19736659610103,5.24657482754699,1.24996821397983,FLOAT
"mutualistic_mixed_(0.2,0.8,0.5)",0.2,0.8,0.5,0.980315805527134,4.19736659610103,5.09666546832724,1.21425311600411,FLOAT
"mutualistic_mixed_(0.2,0.8,0.5)",0.2,0.8,0.5,0.981237608556118,4.19736659610103,5.04942505761367,1.20299834241406,FLOAT
"mutualistic_mixed_(0.2,0.8,0.5)",0.2,0.8,0.5,0.982809277981414,4.19736659610103,4.97014815241629,1.18411104644353,FLOAT
"mutualistic_mixed_(0.2,0.8,0.5)",0.2,0.8,0.5,0.984986892710918,4.19736659610103,4.86288346787216,1.15855581268249,FLOAT
"mutualistic_mixed_(0.2,0.8,0.5)",0.2,0.8,0.5,0.986888660625784,4.19736659610103,4.77158326601695,1.13680403099632,FLOAT
"mutualistic_mixed_(0.2,0.8,0.5)",0.2,0.8,0.5,0.988549524300617,4.19736659610103,4.69360757723774,1.11822674283387,FLOAT
"mutualistic_mixed_(0.2,0.8,0.5)",0.2,0.8,0.5,0.99,4.19736659610103,4.62681653298331,1.10231413603024,FLOAT
"mutualistic_mixed_(0.2,0.8,0.5)",0.2,0.8,0.5,0.991266738376172,4.19736659610103,4.56946079479595,1.08864944011337,FLOAT
"mutualistic_mixed_(0.2,0.8,0.5)",0.2,0.8,0.5,0.992373014140977,4.19736659610103,4.52009936847356,1.07688934597048,FLOAT
"mutualistic_mixed_(0.2,0.8,0.5)",0.2,0.8,0.5,0.993339153709191,4.19736659610103,4.47753717887547,1.06674913338156,FLOAT
"mutualistic_mixed_(0.2,0.8,0.5)",0.2,0.8,0.5,0.994182908670626,4.19736659610103,4.4407770969747,1.05799124172279,FLOAT
"mutualistic_mixed_(0.2,0.8,0.5)",0.2,0.8,0.5,0.994919781953087,4.19736659610103,4.40898267012765,1.05041639065389,FLOAT
"mutualistic_mixed_(0.2,0.8,0.5)",0.2,0.8,0.5,0.995563312669021,4.19736659610103,4.3814488725506,1.04385661157655,FLOAT
"mutualistic_mixed_(0.2,0.8,0.5)",0.2,0.8,0.5,0.996125324879544,4.19736659610103,4.3575789320902,1.03816972673723,FLOAT
"mutualistic_mixed_(0.2,0.8,0.5)",0.2,0.8,0.5,0.996616144846572,4.19736659610103,4.33686580854956,1.03323493653809,FLOAT
"mutualistic_mixed_(0.2,0.8,0.5)",0.2,0.8,0.5,0.997044790764797,4.19736659610103,4.31887726798151,1.02894926356763,FLOAT
"mutualistic_mixed_(0.2,0.8,0.5)",0.2,0.8,0.5,0.997419138459582,4.19736659610103,4.30324376283077,1.02522466510981,FLOAT
"mutualistic_mixed_(0.2,0.8,0.5)",0.2,0.8,0.5,0.997746066095265,4.19736659610103,4.2896485207561,1.0219856718593,FLOAT
"mutualistic_mixed_(0.2,0.8,0.5)",0.2,0.8,0.5,0.998031580552713,4.19736659610103,4.27781938661091,1.01916744431726,FLOAT
"mutualistic_mixed_(0.2,0.8,0.5)",0.2,0.8,0.5,0.998280927798141,4.19736659610103,4.26752206703359,1.01671416335131,FLOAT
"mutualistic_mixed_(0.2,0.8,0.5)",0.2,0.8,0.5,0.998498689271092,4.19736659610103,4.25855450559274,1.01457769010421,FLOAT
"mutualistic_mixed_(0.2,0.8,0.5)",0.2,0.8,0.5,0.998688866062578,4.19736659610103,4.2507421756316,1.01271644453933,FLOAT
"mutualistic_mixed_(0.2,0.8,0.5)",0.2,0.8,0.5,0.998854952430062,4.19736659610103,4.24393412297004,1.01109446263575,FLOAT
"mutualistic_mixed_(0.2,0.8,0.5)",0.2,0.8,0.5,0.999,4.19736659610103,4.23799962512293,1.00968060046498,FLOAT
"mutualistic_mixed_(0.2,0.8,0.5)",0.2,0.8,0.5,0.999126673837617,4.19736659610103,4.2328253603383,1.00844785972953,FLOAT
"mutualistic_mixed_(0.2,0.8,0.5)",0.2,0.8,0.5,0.999237301414098,4.19736659610103,4.22831300048889,1.00737281428232,FLOAT
"mutualistic_mixed_(0.2,0.8,0.5)",0.2,0.8,0.5,0.999333915370919,4.19736659610103,4.22437715809722,1.00643512101642,FLOAT
"mutualistic_mixed_(0.2,0.8,0.5)",0.2,0.8,0.5,0.999418290867063,4.19736659610103,4.22094363059443,1.00561710156919,FLOAT
"mutualistic_mixed_(0.2,0.8,0.5)",0.2,0.8,0.5,0.999491978195309,4.19736659610103,4.2179478951006,1.00490338371175,FLOAT
"mutualistic_mixed_(0.2,0.8,0.5)",0.2,0.8,0.5,0.999556331266902,4.19736659610103,4.21533381516218,1.00428059323621,FLOAT
"mutualistic_mixed_(0.2,0.8,0.5)",0.2,0.8,0.5,0.999612532487954,4.19736659610103,4.21305252744142,1.00373708871533,FLOAT
"mutualistic_mixed_(0.2,0.8,0.5)",0.2,0.8,0.5,0.999661614484657,4.19736659610103,4.2110614816654,1.00326273277562,FLOAT
"mutualistic_mixed_(0.2,0.8,0.5)",0.2,0.8,0.5,0.99970447907648,4.19736659610103,4.20932361147214,1.00284869455582,FLOAT
"mutualistic_mixed_(0.2,0.8,0.5)",0.2,0.8,0.5,0.999741913845958,4.19736659610103,4.20780661733863,1.00248727886844,FLOAT
"mutualistic_mixed_(0.2,0.8,0.5)",0.2,0.8,0.5,0.999774606609527,4.19736659610103,4.20648234569997,1.00217177827817,FLOAT
"mutualistic_mixed_(0.2,0.8,0.5)",0.2,0.8,0.5,0.999803158055271,4.19736659610103,4.20532625078986,1.0018963448883,FLOAT
"mutualistic_mixed_(0.2,0.8,0.5)",0.2,0.8,0.5,0.999828092779814,4.19736659610103,4.20431692774863,1.00165587910621,FLOAT
"mutualistic_mixed_(0.2,0.8,0.5)",0.2,0.8,0.5,0.999849868927109,4.19736659610103,4.20343570723023,1.0014459330607,FLOAT
"mutualistic_mixed_(0.2,0.8,0.5)",0.2,0.8,0.5,0.999868886606258,4.19736659610103,4.20266630315483,1.00126262668091,FLOAT
"mutualistic_mixed_(0.2,0.8,0.5)",0.2,0.8,0.5,0.999885495243006,4.19736659610103,4.20199450644682,1.00110257473104,FLOAT
"mutualistic_mixed_(0.2,0.8,0.5)",0.2,0.8,0.5,0.9999,4.19736659610103,4.20140791860734,1.00096282333548,FLOAT
"mutualistic_mixed_(0.2,0.8,0.5)",0.2,0.8,0.5,0.999912667383762,4.19736659610103,4.20089571982762,1.00084079473303,FLOAT
"mutualistic_mixed_(0.2,0.8,0.5)",0.2,0.8,0.5,0.99992373014141,4.19736659610103,4.20044846707923,1.00073423917298,FLOAT
"mutualistic_mixed_(0.2,0.8,0.5)",0.2,0.8,0.5,0.999933391537092,4.19736659610103,4.2000579182402,1.00064119301413,FLOAT
"mutualistic_mixed_(0.2,0.8,0.5)",0.2,0.8,0.5,0.999941829086706,4.19736659610103,4.19971687884974,1.00055994221493,FLOAT
"mutualistic_mixed_(0.2,0.8,0.5)",0.2,0.8,0.5,0.999949197819531,4.19736659610103,4.19941906854177,1.00048899051197,FLOAT
"mutualistic_mixed_(0.2,0.8,0.5)",0.2,0.8,0.5,0.99995563312669,4.19736659610103,4.19915900460113,1.00042703167785,FLOAT
"mutualistic_mixed_(0.2,0.8,0.5)",0.2,0.8,0.5,0.999961253248795,4.19736659610103,4.19893190042503,1.00037292533024,FLOAT
"mutualistic_mixed_(0.2,0.8,0.5)",0.2,0.8,0.5,0.999966161448466,4.19736659610103,4.19873357696488,1.0003256758333,FLOAT
"mutualistic_mixed_(0.2,0.8,0.5)",0.2,0.8,0.5,0.999970447907648,4.19736659610103,4.19856038547608,1.00028441389326,FLOAT
"mutualistic_mixed_(0.2,0.8,0.5)",0.2,0.8,0.5,0.999974191384596,4.19736659610103,4.19840914012213,1.00024838050173,FLOAT
"mutualistic_mixed_(0.2,0.8,0.5)",0.2,0.8,0.5,0.999977460660953,4.19736659610103,4.19827705916829,1.00021691292538,FLOAT
"mutualistic_mixed_(0.2,0.8,0.5)",0.2,0.8,0.5,0.999980315805527,4.19736659610103,4.19816171366428,1.00018943247988,FLOAT
"mutualistic_mixed_(0.2,0.8,0.5)",0.2,0.8,0.5,0.999982809277981,4.19736659610103,4.19806098265813,1.00016543385983,FLOAT
"mutualistic_mixed_(0.2,0.8,0.5)",0.2,0.8,0.5,0.999984986892711,4.19736659610103,4.19797301410632,1.00014447582583,FLOAT
"mutualistic_mixed_(0.2,0.8,0.5)",0.2,0.8,0.5,0.999986888660626,4.19736659610103,4.19789619075329,1.00012617307546,FLOAT
"mutualistic_mixed_(0.2,0.8,0.5)",0.2,0.8,0.5,0.999988549524301,4.19736659610103,4.19782910034664,1.00011018914718,FLOAT
"mutualistic_mixed_(0.2,0.8,0.5)",0.2,0.8,0.5,0.99999,4.19736659610103,4.19777050963558,1.00009623022562,FLOAT
"mutualistic_mixed_(0.2,0.8,0.5)",0.2,0.8,0.5,0.999991266738376,4.19736659610103,4.19771934167088,1.00008403973343,FLOAT
"mutualistic_mixed_(0.2,0.8,0.5)",0.2,0.8,0.5,0.999992373014141,4.19736659610103,4.19767465598632,1.0000733936096,FLOAT
"mutualistic_mixed_(0.2,0.8,0.5)",0.2,0.8,0.5,0.999993339153709,4.19736659610103,4.1976356312953,1.000064096187,FLOAT
"mutualistic_mixed_(0.2,0.8,0.5)",0.2,0.8,0.5,0.999994182908671,4.19736659610103,4.19760155038258,1.00005597659298,FLOAT
"mutualistic_mixed_(0.2,0.8,0.5)",0.2,0.8,0.5,0.999994919781953,4.19736659610103,4.19757178691279,1.0000488856065,FLOAT
"mutualistic_mixed_(0.2,0.8,0.5)",0.2,0.8,0.5,0.999995563312669,4.19736659610103,4.19754579391172,1.0000426929139,FLOAT
"mutualistic_mixed_(0.2,0.8,0.5)",0.2,0.8,0.5,0.99999612532488,4.19736659610103,4.19752309370842,1.00003728471264,FLOAT
"mutualistic_mixed_(0.2,0.8,0.5)",0.2,0.8,0.5,0.999996616144847,4.19736659610103,4.1975032691525,1.0000325616189,FLOAT
"mutualistic_mixed_(0.2,0.8,0.5)",0.2,0.8,0.5,0.999997044790765,4.19736659610103,4.19748595594489,1.00002843684037,FLOAT
"mutualistic_mixed_(0.2,0.8,0.5)",0.2,0.8,0.5,0.99999741913846,4.19736659610103,4.19747083594075,1.00002483458076,FLOAT
"mutualistic_mixed_(0.2,0.8,0.5)",0.2,0.8,0.5,0.999997746066095,4.19736659610103,4.19745763130123,1.00002168864647,FLOAT
"mutualistic_mixed_(0.2,0.8,0.5)",0.2,0.8,0.5,0.999998031580553,4.19736659610103,4.19744609938656,1.00001894122987,FLOAT
"mutualistic_mixed_(0.2,0.8,0.5)",0.2,0.8,0.5,0.999998280927798,4.19736659610103,4.19743602829617,1.00001654184679,FLOAT
"mutualistic_mixed_(0.2,0.8,0.5)",0.2,0.8,0.5,0.999998498689271,4.19736659610103,4.19742723297415,1.00001444640865,FLOAT
"mutualistic_mixed_(0.2,0.8,0.5)",0.2,0.8,0.5,0.999998688866063,4.19736659610103,4.19741955180816,1.0000126164122,FLOAT
"mutualistic_mixed_(0.2,0.8,0.5)",0.2,0.8,0.5,0.99999885495243,4.19736659610103,4.19741284365933,1.00001101823185,FLOAT
"mutualistic_mixed_(0.2,0.8,0.5)",0.2,0.8,0.5,0.999999,4.19736659610103,4.19740698526841,1.00000962250174,FLOAT
"mutualistic_mixed_(0.2,0.8,0.5)",0.2,0.8,0.5,0.999999126673838,4.19736659610103,4.19740186899071,1.00000840357612,FLOAT
"mutualistic_mixed_(0.2,0.8,0.5)",0.2,0.8,0.5,0.999999237301414,4.19736659610103,4.19739740081792,1.000007339058,FLOAT
"mutualistic_mixed_(0.2,0.8,0.5)",0.2,0.8,0.5,0.999999333915371,4.19736659610103,4.19739349865058,1.00000640938763,FLOAT
"mutualistic_mixed_(0.2,0.8,0.5)",0.2,0.8,0.5,0.999999418290867,4.19736659610103,4.19739009078947,1.00000559748306,FLOAT
"mutualistic_mixed_(0.2,0.8,0.5)",0.2,0.8,0.5,0.999999491978195,4.19736659610103,4.19738711461803,1.00000488842624,FLOAT
"mutualistic_mixed_(0.2,0.8,0.5)",0.2,0.8,0.5,0.999999556331267,4.19736659610103,4.1973845154518,1.00000426918887,FLOAT
"mutualistic_mixed_(0.2,0.8,0.5)",0.2,0.8,0.5,0.999999612532488,4.19736659610103,4.19738224553358,1.00000372839308,FLOAT
"mutualistic_mixed_(0.2,0.8,0.5)",0.2,0.8,0.5,0.999999661614485,4.19736659610103,4.19738026315587,1.00000325610226,FLOAT
"mutualistic_mixed_(0.2,0.8,0.5)",0.2,0.8,0.5,0.999999704479076,4.19736659610103,4.19737853189451,1.00000284363855,FLOAT
"mutualistic_mixed_(0.2,0.8,0.5)",0.2,0.8,0.5,0.999999741913846,4.19736659610103,4.1973770199394,1.00000248342339,FLOAT
"mutualistic_mixed_(0.2,0.8,0.5)",0.2,0.8,0.5,0.999999774606609,4.19736659610103,4.19737569951,1.00000216883819,FLOAT
"mutualistic_mixed_(0.2,0.8,0.5)",0.2,0.8,0.5,0.999999803158055,4.19736659610103,4.19737454634488,1.00000189410281,FLOAT
"mutualistic_mixed_(0.2,0.8,0.5)",0.2,0.8,0.5,0.99999982809278,4.19736659610103,4.19737353925594,1.00000165416929,FLOAT
"mutualistic_mixed_(0.2,0.8,0.5)",0.2,0.8,0.5,0.999999849868927,4.19736659610103,4.19737265973907,1.00000144462913,FLOAT
"mutualistic_mixed_(0.2,0.8,0.5)",0.2,0.8,0.5,0.999999868886606,4.19736659610103,4.19737189163416,1.00000126163227,FLOAT
"mutualistic_mixed_(0.2,0.8,0.5)",0.2,0.8,0.5,0.999999885495243,4.19736659610103,4.1973712208282,1.00000110181636,FLOAT
"mutualistic_mixed_(0.2,0.8,0.5)",0.2,0.8,0.5,0.9999999,4.19736659610103,4.19737063499591,1.00000096224497,FLOAT
"mutualistic_mixed_(0.2,0.8,0.5)",0.2,0.8,0.5,0.999999912667384,4.19736659610103,4.19737012337333,1.00000084035364,FLOAT
"mutualistic_mixed_(0.2,0.8,0.5)",0.2,0.8,0.5,0.999999923730141,4.19736659610103,4.19736967656,1.00000073390277,FLOAT
"mutualistic_mixed_(0.2,0.8,0.5)",0.2,0.8,0.5,0.999999933391537,4.19736659610103,4.19736928634629,1.00000064093645,FLOAT
"mutualistic_mixed_(0.2,0.8,0.5)",0.2,0.8,0.5,0.999999941829087,4.19736659610103,4.19736894556248,1.00000055974654,FLOAT
"mutualistic_mixed_(0.2,0.8,0.5)",0.2,0.8,0.5,0.99999994919782,4.19736659610103,4.19736864794709,1.00000048884128,FLOAT
"mutualistic_mixed_(0.2,0.8,0.5)",0.2,0.8,0.5,0.999999955633127,4.19736659610103,4.1973683880318,1.00000042691786,FLOAT
"mutualistic_mixed_(0.2,0.8,0.5)",0.2,0.8,0.5,0.999999961253249,4.19736659610103,4.197368161041,1.00000037283853,FLOAT
"mutualistic_mixed_(0.2,0.8,0.5)",0.2,0.8,0.5,0.999999966161448,4.19736659610103,4.19736796280401,1.00000032560963,FLOAT
"mutualistic_mixed_(0.2,0.8,0.5)",0.2,0.8,0.5,0.999999970447908,4.19736659610103,4.19736778967847,1.0000002843634,FLOAT
"mutualistic_mixed_(0.2,0.8,0.5)",0.2,0.8,0.5,0.999999974191385,4.19736659610103,4.19736763848341,1.00000024834199,FLOAT
"mutualistic_mixed_(0.2,0.8,0.5)",0.2,0.8,0.5,0.999999977460661,4.19736659610103,4.19736750644081,1.00000021688355,FLOAT
"mutualistic_mixed_(0.2,0.8,0.5)",0.2,0.8,0.5,0.999999980315806,4.19736659610103,4.19736739112457,1.00000018941008,FLOAT
"mutualistic_mixed_(0.2,0.8,0.5)",0.2,0.8,0.5,0.999999982809278,4.19736659610103,4.19736729041588,1.00000016541678,FLOAT
"mutualistic_mixed_(0.2,0.8,0.5)",0.2,0.8,0.5,0.999999984986893,4.19736659610103,4.19736720246435,1.0000001444628,FLOAT
"mutualistic_mixed_(0.2,0.8,0.5)",0.2,0.8,0.5,0.999999986888661,4.19736659610103,4.19736712565397,1.00000012616314,FLOAT
"mutualistic_mixed_(0.2,0.8,0.5)",0.2,0.8,0.5,0.999999988549524,4.19736659610103,4.19736705857346,1.00000011018157,FLOAT
"mutualistic_mixed_(0.2,0.8,0.5)",0.2,0.8,0.5,0.99999999,4.19736659610103,4.1973669999903,1.00000009622445,FLOAT
"mixed_(3,0.5,1)",3,0.5,1,0.666666676666667,11.827804920294,1.67583900535147e+23,1.41686392077373e+22,FLOAT
"mixed_(3,0.5,1)",3,0.5,1,0.66666667726311,11.827804920294,1.40848394137424e+23,1.19082446055361e+22,FLOAT
"mixed_(3,0.5,1)",3,0.5,1,0.666666677895128,11.827804920294,1.1837814326396e+23,1.00084626066878e+22,FLOAT
"mixed_(3,0.5,1)",3,0.5,1,0.666666678564843,11.827804920294,9.94926815878253e+22,8.41176213661732e+21,FLOAT
"mixed_(3,0.5,1)",3,0.5,1,0.666666679274502,11.827804920294,8.36201151818554e+22,7.0697915416563e+21,FLOAT
"mixed_(3,0.5,1)",3,0.5,1,0.666666680026488,11.827804920294,7.02797735718258e+22,5.94191179558943e+21,FLOAT
"mixed_(3,0.5,1)",3,0.5,1,0.666666680823326,11.827804920294,5.90676879630666e+22,4.99396873393801e+21,FLOAT
"mixed_(3,0.5,1)",3,0.5,1,0.666666681667691,11.827804920294,4.96443233811929e+22,4.19725584888652e+21,FLOAT
"mixed_(3,0.5,1)",3,0.5,1,0.666666682562417,11.827804920294,4.17243137365841e+22,3.52764642448524e+21,FLOAT
"mixed_(3,0.5,1)",3,0.5,1,0.666666683510509,11.827804920294,3.50678233616775e+22,2.96486318450421e+21,FLOAT
"mixed_(3,0.5,1)",3,0.5,1,0.666666684515149,11.827804920294,2.94732767568506e+22,2.49186361759152e+21,FLOAT
"mixed_(3,0.5,1)",3,0.5,1,0.66666668557971,11.827804920294,2.47712561348466e+22,2.09432403575953e+21,FLOAT
"mixed_(3,0.5,1)",3,0.5,1,0.666666686707767,11.827804920294,2.08193734727564e+22,1.76020602411482e+21,FLOAT
"mixed_(3,0.5,1)",3,0.5,1,0.666666687903105,11.827804920294,1.74979537967082e+22,1.47939147750783e+21,FLOAT
"mixed_(3,0.5,1)",3,0.5,1,0.666666689169739,11.827804920294,1.47064171196023e+22,1.24337670588134e+21,FLOAT
"mixed_(3,0.5,1)",3,0.5,1,0.66666669051192,11.827804920294,1.23602283535257e+22,1.04501455991366e+21,FLOAT
"mixed_(3,0.5,1)",3,0.5,1,0.666666691934155,11.827804920294,1.03883389723237e+22,8.78298132437026e+20,FLOAT
"mixed_(3,0.5,1)",3,0.5,1,0.666666693441218,11.827804920294,8.73103493583035e+21,7.38178807874125e+20,FLOAT
"mixed_(3,0.5,1)",3,0.5,1,0.666666695038169,11.827804920294,7.33812893445921e+21,6.20413422770317e+20,FLOAT
"mixed_(3,0.5,1)",3,0.5,1,0.666666696730369,11.827804920294,6.16744032721044e+21,5.21435749809198e+20,FLOAT
"mixed_(3,0.5,1)",3,0.5,1,0.666666698523499,11.827804920294,5.1835175656316e+21,4.3824848317694e+20,FLOAT
"mixed_(3,0.5,1)",3,0.5,1,0.666666700423579,11.827804920294,4.35656489722093e+21,3.68332495046987e+20,FLOAT
"mixed_(3,0.5,1)",3,0.5,1,0.666666702436989,11.827804920294,3.66154013299293e+21,3.0957055494807e+20,FLOAT
"mixed_(3,0.5,1)",3,0.5,1,0.666666704570486,11.827804920294,3.0773962476291e+21,2.6018320967984e+20,FLOAT
"mixed_(3,0.5,1)",3,0.5,1,0.666666706831235,11.827804920294,2.58644372960376e+21,2.186748722213e+20,FLOAT
"mixed_(3,0.5,1)",3,0.5,1,0.666666709226825,11.827804920294,2.17381534228459e+21,1.83788569132957e+20,FLOAT
"mixed_(3,0.5,1)",3,0.5,1,0.666666711765299,11.827804920294,1.82701565102426e+21,1.54467854630362e+20,FLOAT
"mixed_(3,0.5,1)",3,0.5,1,0.666666714455177,11.827804920294,1.53554266711392e+21,1.29824821888908e+20,FLOAT
"mixed_(3,0.5,1)",3,0.5,1,0.666666717305492,11.827804920294,1.29056982264016e+21,1.09113215117863e+20,FLOAT
"mixed_(3,0.5,1)",3,0.5,1,0.666666720325813,11.827804920294,1.08467872265783e+21,9.17058346808498e+19,FLOAT
"mixed_(3,0.5,1)",3,0.5,1,0.666666723526278,11.827804920294,9.11634478831422e+20,7.70755423322251e+19,FLOAT
"mixed_(3,0.5,1)",3,0.5,1,0.666666726917633,11.827804920294,7.66196843885214e+20,6.47792932880201e+19,FLOAT
"mixed_(3,0.5,1)",3,0.5,1,0.666666730511263,11.827804920294,6.43961616591169e+20,5.44447275661663e+19,FLOAT
"mixed_(3,0.5,1)",3,0.5,1,0.666666734319233,11.827804920294,5.41227183200193e+20,4.57588865260672e+19,FLOAT
"mixed_(3,0.5,1)",3,0.5,1,0.666666738354327,11.827804920294,4.54882494349865e+20,3.84587417035753e+19,FLOAT
"mixed_(3,0.5,1)",3,0.5,1,0.666666742630091,11.827804920294,3.82312803490278e+20,3.2323225320897e+19,FLOAT
"mixed_(3,0.5,1)",3,0.5,1,0.66666674716088,11.827804920294,3.21320522547939e+20,2.71665389066927e+19,FLOAT
"mixed_(3,0.5,1)",3,0.5,1,0.666666751961906,11.827804920294,2.7005864579557e+20,2.28325245145197e+19,FLOAT
"mixed_(3,0.5,1)",3,0.5,1,0.666666757049286,11.827804920294,2.26974835783065e+20,1.91899373816712e+19,FLOAT
"mixed_(3,0.5,1)",3,0.5,1,0.666666762440099,11.827804920294,1.90764402808135e+20,1.61284705060381e+19,FLOAT
"mixed_(3,0.5,1)",3,0.5,1,0.666666768152444,11.827804920294,1.60330799734598e+20,1.35554146196227e+19,FLOAT
"mixed_(3,0.5,1)",3,0.5,1,0.666666774205498,11.827804920294,1.34752423979396e+20,1.13928514113544e+19,FLOAT
"mixed_(3,0.5,1)",3,0.5,1,0.666666780619582,11.827804920294,1.13254694112542e+20,9.57529270018823e+18,FLOAT
"mixed_(3,0.5,1)",3,0.5,1,0.66666678741623,11.827804920294,9.5186605640376e+19,8.04769830765942e+18,FLOAT
"mixed_(3,0.5,1)",3,0.5,1,0.66666679461826,11.827804920294,8.00010095883403e+19,6.76380868026285e+18,FLOAT
"mixed_(3,0.5,1)",3,0.5,1,0.666666802249851,11.827804920294,6.72380479358849e+19,5.68474441276238e+18,FLOAT
"mixed_(3,0.5,1)",3,0.5,1,0.666666810336623,11.827804920294,5.65112257422002e+19,4.77782869459056e+18,FLOAT
"mixed_(3,0.5,1)",3,0.5,1,0.666666818905725,11.827804920294,4.74957072667908e+19,4.01559778732046e+18,FLOAT
"mixed_(3,0.5,1)",3,0.5,1,0.666666827985925,11.827804920294,3.99184796044728e+19,3.37496939402349e+18,FLOAT
"mixed_(3,0.5,1)",3,0.5,1,0.666666837607709,11.827804920294,3.35500851405474e+19,2.83654366694724e+18,FLOAT
"mixed_(3,0.5,1)",3,0.5,1,0.666666847803377,11.827804920294,2.81976724643413e+19,2.3840156862885e+18,FLOAT
"mixed_(3,0.5,1)",3,0.5,1,0.66666685860716,11.827804920294,2.36991569815407e+19,2.00368176016142e+18,FLOAT
"mixed_(3,0.5,1)",3,0.5,1,0.666666870055327,11.827804920294,1.99183122768194e+19,1.68402441628402e+18,FLOAT
"mixed_(3,0.5,1)",3,0.5,1,0.666666882186313,11.827804920294,1.67406446281637e+19,1.41536360643218e+18,FLOAT
"mixed_(3,0.5,1)",3,0.5,1,0.666666895040844,11.827804920294,1.40699261657442e+19,1.18956359701225e+18,FLOAT
"mixed_(3,0.5,1)",3,0.5,1,0.666666908662074,11.827804920294,1.18252807986832e+19,9.99786594247386e+17,FLOAT
"mixed_(3,0.5,1)",3,0.5,1,0.666666923095735,11.827804920294,9.93873492204041e+18,8.40285664923982e+17,FLOAT
"mixed_(3,0.5,1)",3,0.5,1,0.666666938390282,11.827804920294,8.3531591380455e+18,7.06230716040407e+17,FLOAT
"mixed_(3,0.5,1)",3,0.5,1,0.666666954597062,11.827804920294,7.0205381606806e+18,5.93562221222877e+17,FLOAT
"mixed_(3,0.5,1)",3,0.5,1,0.666666971770485,11.827804920294,5.9005168790364e+18,4.98868295410618e+17,FLOAT
"mixed_(3,0.5,1)",3,0.5,1,0.666666989968206,11.827804920294,4.95917816254614e+18,4.19281362515307e+17,FLOAT
"mixed_(3,0.5,1)",3,0.5,1,0.666667009251318,11.827804920294,4.16801590710418e+18,3.52391330022086e+17,FLOAT
"mixed_(3,0.5,1)",3,0.5,1,0.666667029684559,11.827804920294,3.503071710165e+18,2.96172597854946e+17,FLOAT
"mixed_(3,0.5,1)",3,0.5,1,0.666667051336528,11.827804920294,2.94420936624107e+18,2.48922719480216e+17,FLOAT
"mixed_(3,0.5,1)",3,0.5,1,0.666667074279914,11.827804920294,2.4745051155758e+18,2.09210849540651e+17,FLOAT
"mixed_(3,0.5,1)",3,0.5,1,0.666667098591744,11.827804920294,2.07973511498637e+18,1.7583441128776e+17,FLOAT
"mixed_(3,0.5,1)",3,0.5,1,0.666667124353638,11.827804920294,1.74794473317045e+18,1.47782681989567e+17,FLOAT
"mixed_(3,0.5,1)",3,0.5,1,0.666667151652083,11.827804920294,1.46908651717551e+18,1.24206184247668e+17,FLOAT
"mixed_(3,0.5,1)",3,0.5,1,0.666667180578726,11.827804920294,1.2347159338415e+18,1.04390961988474e+17,FLOAT
"mixed_(3,0.5,1)",3,0.5,1,0.66666721123068,11.827804920294,1.0377356495826e+18,8.77369602031616e+16,FLOAT
"mixed_(3,0.5,1)",3,0.5,1,0.66666724371085,11.827804920294,8.72180604533168e+17,7.37398537100227e+16,FLOAT
"mixed_(3,0.5,1)",3,0.5,1,0.666667278128279,11.827804920294,7.33037372653081e+17,6.1975774676106e+16,FLOAT
"mixed_(3,0.5,1)",3,0.5,1,0.666667314598514,11.827804920294,6.16092348020073e+17,5.20884772932793e+16,FLOAT
"mixed_(3,0.5,1)",3,0.5,1,0.666667353243992,11.827804920294,5.17804138858573e+17,4.3778549134686e+16,FLOAT
"mixed_(3,0.5,1)",3,0.5,1,0.666667394194455,11.827804920294,4.35196331186311e+17,3.6794344691939e+16,FLOAT
"mixed_(3,0.5,1)",3,0.5,1,0.666667437587381,11.827804920294,3.65767353142639e+17,3.09243647158113e+16,FLOAT
"mixed_(3,0.5,1)",3,0.5,1,0.666667483568452,11.827804920294,3.07414720534222e+17,2.59908514391173e+16,FLOAT
"mixed_(3,0.5,1)",3,0.5,1,0.666667532292033,11.827804920294,2.58371368928949e+17,2.18444056754468e+16,FLOAT
"mixed_(3,0.5,1)",3,0.5,1,0.666667583921701,11.827804920294,2.17152142953452e+17,1.83594626743349e+16,FLOAT
"mixed_(3,0.5,1)",3,0.5,1,0.666667638630787,11.827804920294,1.82508821229421e+17,1.5430489635171e+16,FLOAT
"mixed_(3,0.5,1)",3,0.5,1,0.666667696602962,11.827804920294,1.53392317371537e+17,1.29687899323017e+16,FLOAT
"mixed_(3,0.5,1)",3,0.5,1,0.66666775803285,11.827804920294,1.28920910828194e+17,1.08998171424854e+16,FLOAT
"mixed_(3,0.5,1)",3,0.5,1,0.666667823126684,11.827804920294,1.08353546390423e+17,9.16091761071502e+15,FLOAT
"mixed_(3,0.5,1)",3,0.5,1,0.666667892102997,11.827804920294,9.10673931131338e+16,7.69943313462005e+15,FLOAT
"mixed_(3,0.5,1)",3,0.5,1,0.666667965193359,11.827804920294,7.65389832485167e+16,6.47110632651642e+15,FLOAT
"mixed_(3,0.5,1)",3,0.5,1,0.666668042643148,11.827804920294,6.43283605442365e+16,5.43874040684105e+15,FLOAT
"mixed_(3,0.5,1)",3,0.5,1,0.66666812471238,11.827804920294,5.40657570472535e+16,4.57107277399275e+15,FLOAT
"mixed_(3,0.5,1)",3,0.5,1,0.666668211676578,11.827804920294,4.54403957848134e+16,3.84182830973542e+15,FLOAT
"mixed_(3,0.5,1)",3,0.5,1,0.666668303827701,11.827804920294,3.81910795244866e+16,3.22892369140775e+15,FLOAT
"mixed_(3,0.5,1)",3,0.5,1,0.666668401475117,11.827804920294,3.20982811423579e+16,2.71379865990891e+15,FLOAT
"mixed_(3,0.5,1)",3,0.5,1,0.666668504946651,11.827804920294,2.69774957343593e+16,2.28085396370307e+15,FLOAT
"mixed_(3,0.5,1)",3,0.5,1,0.666668614589678,11.827804920294,2.26736533740048e+16,1.91697897680926e+15,FLOAT
"mixed_(3,0.5,1)",3,0.5,1,0.666668730772293,11.827804920294,1.90564232020037e+16,1.61115467581875e+15,FLOAT
"mixed_(3,0.5,1)",3,0.5,1,0.666668853884545,11.827804920294,1.60162666770894e+16,1.35411995590229e+15,FLOAT
"mixed_(3,0.5,1)",3,0.5,1,0.666668984339748,11.827804920294,1.3461120469402e+16,1.13809118091773e+15,FLOAT
"mixed_(3,0.5,1)",3,0.5,1,0.666669122575868,11.827804920294,1.13136085739057e+16,956526477241260,FLOAT
"mixed_(3,0.5,1)",3,0.5,1,0.666669269056992,11.827804920294,9.50869914389105e+15,803927627143741,FLOAT
"mixed_(3,0.5,1)",3,0.5,1,0.666669424274889,11.827804920294,7.99173518646788e+15,675673570905430,FLOAT
"mixed_(3,0.5,1)",3,0.5,1,0.666669588750657,11.827804920294,6.7167793969253e+15,567880468285431,FLOAT
"mixed_(3,0.5,1)",3,0.5,1,0.666669763036477,11.827804920294,5.64522307429252e+15,477284087143381,FLOAT
"mixed_(3,0.5,1)",3,0.5,1,0.666669947717462,11.827804920294,4.74461694823977e+15,401140953897456,FLOAT
"mixed_(3,0.5,1)",3,0.5,1,0.666670143413626,11.827804920294,3.98768853460999e+15,337145274333022,FLOAT
"mixed_(3,0.5,1)",3,0.5,1,0.666670350781961,11.827804920294,3.35151626240956e+15,283359108895943,FLOAT
"mixed_(3,0.5,1)",3,0.5,1,0.666670570518648,11.827804920294,2.81683534619325e+15,238153686603349,FLOAT
"mixed_(3,0.5,1)",3,0.5,1,0.666670803361388,11.827804920294,2.36745440326774e+15,200160082045798,FLOAT
"mixed_(3,0.5,1)",3,0.5,1,0.666671050091883,11.827804920294,1.98976513925008e+15,168227760996976,FLOAT
"mixed_(3,0.5,1)",3,0.5,1,0.66667131153846,11.827804920294,1.67233025525761e+15,141389739391816,FLOAT
"mixed_(3,0.5,1)",3,0.5,1,0.666671588578849,11.827804920294,1.40553709817102e+15,118833300654072,FLOAT
"mixed_(3,0.5,1)",3,0.5,1,0.666671882143135,11.827804920294,1.18130656648954e+15,99875384693119.4,FLOAT
"mixed_(3,0.5,1)",3,0.5,1,0.666672193216873,11.827804920294,992848455518694,83941903185702.3,FLOAT
"mixed_(3,0.5,1)",3,0.5,1,0.666672522844405,11.827804920294,834455833151720,70550354759400,FLOAT
"mixed_(3,0.5,1)",3,0.5,1,0.666672872132358,11.827804920294,701332220494654,59295213712166.9,FLOAT
"mixed_(3,0.5,1)",3,0.5,1,0.666673242253367,11.827804920294,589446343041862,49835649726560.5,FLOAT
"mixed_(3,0.5,1)",3,0.5,1,0.666673634450005,11.827804920294,495410053752761,41885206688076.3,FLOAT
"mixed_(3,0.5,1)",3,0.5,1,0.66667405003896,11.827804920294,416375732032743,35203128123827.1,FLOAT
"mixed_(3,0.5,1)",3,0.5,1,0.66667449041545,11.827804920294,349950051080743,29587066530012,FLOAT
"mixed_(3,0.5,1)",3,0.5,1,0.666674957057912,11.827804920294,294121502138436,24866955797840.9,FLOAT
"mixed_(3,0.5,1)",3,0.5,1,0.666675451532965,11.827804920294,247199481297644,20899861213766,FLOAT
"mixed_(3,0.5,1)",3,0.5,1,0.666675975500663,11.827804920294,207763094237132,17565651077035.8,FLOAT
"mixed_(3,0.5,1)",3,0.5,1,0.666676530720078,11.827804920294,174618127995862,14763358811934.3,FLOAT
"mixed_(3,0.5,1)",3,0.5,1,0.666677119055197,11.827804920294,146760887590092,12408125478826.7,FLOAT
"mixed_(3,0.5,1)",3,0.5,1,0.666677742481186,11.827804920294,123347801773052,10428630046257.6,FLOAT
"mixed_(3,0.5,1)",3,0.5,1,0.666678403091018,11.827804920294,103669877784355,8764929628360.62,FLOAT
"mixed_(3,0.5,1)",3,0.5,1,0.666679103102497,11.827804920294,87131231437233.1,7366644277987.22,FLOAT
"mixed_(3,0.5,1)",3,0.5,1,0.666679844865711,11.827804920294,73231042408734.1,6191431368899.65,FLOAT
"mixed_(3,0.5,1)",3,0.5,1,0.666680630870915,11.827804920294,61548388267555.1,5203703365275.42,FLOAT
"mixed_(3,0.5,1)",3,0.5,1,0.666681463756893,11.827804920294,51729498037689.8,4373550154596.55,FLOAT
"mixed_(3,0.5,1)",3,0.5,1,0.666682346319819,11.827804920294,43477039216975.2,3675833302118.28,FLOAT
"mixed_(3,0.5,1)",3,0.5,1,0.666683281522644,11.827804920294,36541113911420.7,3089424805165.99,FLOAT
"mixed_(3,0.5,1)",3,0.5,1,0.666684272505039,11.827804920294,30711691391852.1,2596567291971.25,FLOAT
"mixed_(3,0.5,1)",3,0.5,1,0.666685322593942,11.827804920294,25812247916039.2,2182336290629.11,FLOAT
"mixed_(3,0.5,1)",3,0.5,1,0.666686435314721,11.827804920294,21694421222031.4,1834188284996.85,FLOAT
"mixed_(3,0.5,1)",3,0.5,1,0.666687614403016,11.827804920294,18233517808832.8,1541580870812.97,FLOAT
"mixed_(3,0.5,1)",3,0.5,1,0.666688863817274,11.827804920294,15324736966710.5,1295653510518.8,FLOAT
"mixed_(3,0.5,1)",3,0.5,1,0.666690187752041,11.827804920294,12879997198650.4,1088959218168.29,FLOAT
"mixed_(3,0.5,1)",3,0.5,1,0.666691590652045,11.827804920294,10825268939516.9,915239050057.629,FLOAT
"mixed_(3,0.5,1)",3,0.5,1,0.666693077227118,11.827804920294,9098332797795.95,769232571817.711,FLOAT
"mixed_(3,0.5,1)",3,0.5,1,0.666694652468004,11.827804920294,7646895433741.53,646518562427.511,FLOAT
"mixed_(3,0.5,1)",3,0.5,1,0.66669632166312,11.827804920294,6427006019204.26,543381131369.26,FLOAT
"mixed_(3,0.5,1)",3,0.5,1,0.666698090416304,11.827804920294,5401725327126.53,456697194748.14,FLOAT
"mixed_(3,0.5,1)",3,0.5,1,0.666699964665634,11.827804920294,4540007145589.8,383841902718.577,FLOAT
"mixed_(3,0.5,1)",3,0.5,1,0.66670195070336,11.827804920294,3815758144831.97,322609154491.966,FLOAT
"mixed_(3,0.5,1)",3,0.5,1,0.666704055197027,11.827804920294,3207047727626.77,271144793918.959,FLOAT
"mixed_(3,0.5,1)",3,0.5,1,0.666706285211866,11.827804920294,2695443934874.3,227890462603.884,FLOAT
"mixed_(3,0.5,1)",3,0.5,1,0.666708648234505,11.827804920294,2265455296649.94,191536410341.271,FLOAT
"mixed_(3,0.5,1)",3,0.5,1,0.666711152198109,11.827804920294,1904061727332.28,160981833921.298,FLOAT
"mixed_(3,0.5,1)",3,0.5,1,0.666713805509012,11.827804920294,1600320258442.72,135301543204.936,FLOAT
"mixed_(3,0.5,1)",3,0.5,1,0.666716617074936,11.827804920294,1345033670201.98,113717945068.082,FLOAT
"mixed_(3,0.5,1)",3,0.5,1,0.6667195963349,11.827804920294,1130471987687.75,95577496864.8748,FLOAT
"mixed_(3,0.5,1)",3,0.5,1,0.666722753290909,11.827804920294,950138407654.8,80330916349.8768,FLOAT
"mixed_(3,0.5,1)",3,0.5,1,0.666726098541527,11.827804920294,798572567668.787,67516548763.719,FLOAT
"mixed_(3,0.5,1)",3,0.5,1,0.666729643317467,11.827804920294,671185200427.061,56746387427.7676,FLOAT
"mixed_(3,0.5,1)",3,0.5,1,0.666733399519287,11.827804920294,564119166226.723,47694324519.9127,FLOAT
"mixed_(3,0.5,1)",3,0.5,1,0.666737379757347,11.827804920294,474132655273.285,40086276233.7053,FLOAT
"mixed_(3,0.5,1)",3,0.5,1,0.666741597394146,11.827804920294,398501023082.49,33691883301.0803,FLOAT
"mixed_(3,0.5,1)",3,0.5,1,0.666746066589179,11.827804920294,334934286342.081,28317535552.8061,FLOAT
"mixed_(3,0.5,1)",3,0.5,1,0.666750802346474,11.827804920294,281507780882.881,23800509289.7561,FLOAT
"mixed_(3,0.5,1)",3,0.5,1,0.666755820564966,11.827804920294,236603881941.73,20004039932.6986,FLOAT
"mixed_(3,0.5,1)",3,0.5,1,0.666761138091871,11.827804920294,198863021924.446,16813180743.5578,FLOAT
"mixed_(3,0.5,1)",3,0.5,1,0.666766772779247,11.827804920294,167142522414.09,14131322214.0914,FLOAT
"mixed_(3,0.5,1)",3,0.5,1,0.666772743543927,11.827804920294,140481993786.379,11877266723.0368,FLOAT
"mixed_(3,0.5,1)",3,0.5,1,0.666779070431024,11.827804920294,118074254682.879,9982769878.14439,FLOAT
"mixed_(3,0.5,1)",3,0.5,1,0.666785774681232,11.827804920294,99240890749.3037,8390474092.0293,FLOAT
"mixed_(3,0.5,1)",3,0.5,1,0.666792878802131,11.827804920294,83411712520.3553,7052171817.3791,FLOAT
"mixed_(3,0.5,1)",3,0.5,1,0.66680040664375,11.827804920294,70107490410.06,5927345850.09685,FLOAT
"mixed_(3,0.5,1)",3,0.5,1,0.666808383478639,11.827804920294,58925444006.5252,4981942499.35773,FLOAT
"mixed_(3,0.5,1)",3,0.5,1,0.666816836086713,11.827804920294,49527046267.3538,4187340474.50984,FLOAT
"mixed_(3,0.5,1)",3,0.5,1,0.666825792845157,11.827804920294,41627773318.5726,3519484266.02371,FLOAT
"mixed_(3,0.5,1)",3,0.5,1,0.666835283823696,11.827804920294,34988489467.1134,2958155778.09206,FLOAT
"mixed_(3,0.5,1)",3,0.5,1,0.666845340885544,11.827804920294,29408206561.8391,2486362157.64608,FLOAT
"mixed_(3,0.5,1)",3,0.5,1,0.666855997794376,11.827804920294,24717998450.3406,2089821282.72421,FLOAT
"mixed_(3,0.5,1)",3,0.5,1,0.666867290327678,11.827804920294,20775886256.7254,1756529330.39827,FLOAT
"mixed_(3,0.5,1)",3,0.5,1,0.666879256396864,11.827804920294,17462539605.4474,1476397330.11536,FLOAT
"mixed_(3,0.5,1)",3,0.5,1,0.666891936174548,11.827804920294,14677663622.4098,1240945697.13658,FLOAT
"mixed_(3,0.5,1)",3,0.5,1,0.666905372229415,11.827804920294,12336962310.3891,1043047496.43118,FLOAT
"mixed_(3,0.5,1)",3,0.5,1,0.666919609669129,11.827804920294,10369586350.3718,876712663.106217,FLOAT
"mixed_(3,0.5,1)",3,0.5,1,0.666934696291775,11.827804920294,8715988047.88804,736906645.537689,FLOAT
"mixed_(3,0.5,1)",3,0.5,1,0.666950682746323,11.827804920294,7326118472.7415,619397979.769807,FLOAT
"mixed_(3,0.5,1)",3,0.5,1,0.666967622702667,11.827804920294,6157912202.42556,520630179.811292,FLOAT
"mixed_(3,0.5,1)",3,0.5,1,0.666985573031808,11.827804920294,5176013787.68596,437614064.703165,FLOAT
"mixed_(3,0.5,1)",3,0.5,1,0.667004593996783,11.827804920294,4350707379.17052,367837262.153827,FLOAT
"mixed_(3,0.5,1)",3,0.5,1,0.667024749454976,11.827804920294,3657017104.67685,309188148.546665,FLOAT
"mixed_(3,0.5,1)",3,0.5,1,0.667046107072505,11.827804920294,3073950957.95764,259891922.353521,FLOAT
"mixed_(3,0.5,1)",3,0.5,1,0.667068738551391,11.827804920294,2583865304.77735,218456875.319611,FLOAT
"mixed_(3,0.5,1)",3,0.5,1,0.667092719870275,11.827804920294,2171930764.65209,183629234.611869,FLOAT
"mixed_(3,0.5,1)",3,0.5,1,0.667118131539495,11.827804920294,1825683296.10782,154355208.630076,FLOAT
"mixed_(3,0.5,1)",3,0.5,1,0.667145058871377,11.827804920294,1534646893.29811,129749087.310781,FLOAT
"mixed_(3,0.5,1)",3,0.5,1,0.667173592266644,11.827804920294,1290016470.15284,109066431.078809,FLOAT
"mixed_(3,0.5,1)",3,0.5,1,0.667203827517915,11.827804920294,1084391330.62103,91681536.6780732,FLOAT
"mixed_(3,0.5,1)",3,0.5,1,0.667235866131295,11.827804920294,911551155.339692,77068497.6191704,FLOAT
"mixed_(3,0.5,1)",3,0.5,1,0.667269815667157,11.827804920294,766267722.31801,64785285.8143827,FLOAT
"mixed_(3,0.5,1)",3,0.5,1,0.667305790101244,11.827804920294,644146661.257549,54460372.4527388,FLOAT
"mixed_(3,0.5,1)",3,0.5,1,0.667343910207308,11.827804920294,541494450.47078,45781483.0494617,FLOAT
"mixed_(3,0.5,1)",3,0.5,1,0.667384303962572,11.827804920294,455206629.668434,38486146.2237507,FLOAT
"mixed_(3,0.5,1)",3,0.5,1,0.667427106977381,11.827804920294,382673844.236216,32353750.0673204,FLOAT
"mixed_(3,0.5,1)",3,0.5,1,0.66747246295047,11.827804920294,321702876.533966,27198865.6138547,FLOAT
"mixed_(3,0.5,1)",3,0.5,1,0.667520524151393,11.827804920294,270450273.495857,22865635.2821495,FLOAT
"mixed_(3,0.5,1)",3,0.5,1,0.667571451931725,11.827804920294,227366561.20453,19223056.4112887,FLOAT
"mixed_(3,0.5,1)",3,0.5,1,0.667625417266748,11.827804920294,191149357.630772,16161017.1049406,FLOAT
"mixed_(3,0.5,1)",3,0.5,1,0.66768260132946,11.827804920294,160703964.142711,13586964.3797538,FLOAT
"mixed_(3,0.5,1)",3,0.5,1,0.667743196098802,11.827804920294,135110242.813049,11423103.756237,FLOAT
"mixed_(3,0.5,1)",3,0.5,1,0.667807405004176,11.827804920294,113594776.850949,9604045.51955745,FLOAT
"mixed_(3,0.5,1)",3,0.5,1,0.667875443608401,11.827804920294,95507471.4391144,8074826.40124066,FLOAT
"mixed_(3,0.5,1)",3,0.5,1,0.667947540331402,11.827804920294,80301886.681472,6789246.79791521,FLOAT
"mixed_(3,0.5,1)",3,0.5,1,0.668023937217061,11.827804920294,67518707.3557518,5708473.19606226,FLOAT
"mixed_(3,0.5,1)",3,0.5,1,0.668104890745814,11.827804920294,56771849.1253512,4799863.50027997,FLOAT
"mixed_(3,0.5,1)",3,0.5,1,0.668190672695706,11.827804920294,47736780.6790005,4035979.71057962,FLOAT
"mixed_(3,0.5,1)",3,0.5,1,0.66828157105481,11.827804920294,40140708.3479599,3393758.06571572,FLOAT
"mixed_(3,0.5,1)",3,0.5,1,0.668377890988062,11.827804920294,33754326.1302035,2853811.53626301,FLOAT
"mixed_(3,0.5,1)",3,0.5,1,0.668479955861763,11.827804920294,28384881.4382405,2399843.55757661,FLOAT
"mixed_(3,0.5,1)",3,0.5,1,0.668588108329191,11.827804920294,23870346.7141194,2018155.25999781,FLOAT
"mixed_(3,0.5,1)",3,0.5,1,0.668702711480957,11.827804920294,20074520.5298135,1697231.28383441,FLOAT
"mixed_(3,0.5,1)",3,0.5,1,0.668824150063978,11.827804920294,16882909.9251934,1427391.64527696,FLOAT
"mixed_(3,0.5,1)",3,0.5,1,0.668952831773153,11.827804920294,14199269.3827124,1200499.11867835,FLOAT
"mixed_(3,0.5,1)",3,0.5,1,0.669089188620082,11.827804920294,11942691.7122483,1009713.28092815,FLOAT
"mixed_(3,0.5,1)",3,0.5,1,0.669233678383419,11.827804920294,10045162.823824,849283.775942954,FLOAT
"mixed_(3,0.5,1)",3,0.5,1,0.669386786145729,11.827804920294,8449506.40574618,714376.54431116,FLOAT
"mixed_(3,0.5,1)",3,0.5,1,0.669549025922018,11.827804920294,7107656.32574629,600927.76078434,FLOAT
"mixed_(3,0.5,1)",3,0.5,1,0.669720942385384,11.827804920294,5979204.49080474,505521.060847536,FLOAT
"mixed_(3,0.5,1)",3,0.5,1,0.669903112695601,11.827804920294,5030180.23711129,425284.342361832,FLOAT
"mixed_(3,0.5,1)",3,0.5,1,0.670096148436769,11.827804920294,4232024.32804691,357803.020642118,FLOAT
"mixed_(3,0.5,1)",3,0.5,1,0.670300697670525,11.827804920294,3560726.52671097,301047.113196931,FLOAT
"mixed_(3,0.5,1)",3,0.5,1,0.670517447111728,11.827804920294,2996100.65903966,253309.948822285,FLOAT
"mixed_(3,0.5,1)",3,0.5,1,0.670747124433902,11.827804920294,2521175.2435243,213156.647451844,FLOAT
"mixed_(3,0.5,1)",3,0.5,1,0.67099050071219,11.827804920294,2121681.26005318,179380.812784021,FLOAT
"mixed_(3,0.5,1)",3,0.5,1,0.671248393012015,11.827804920294,1785621.56918438,150968.128170649,FLOAT
"mixed_(3,0.5,1)",3,0.5,1,0.671521667132144,11.827804920294,1502908.96322205,127065.755087267,FLOAT
"mixed_(3,0.5,1)",3,0.5,1,0.671811240511352,11.827804920294,1265061.90659009,106956.609033981,FLOAT
"mixed_(3,0.5,1)",3,0.5,1,0.67211808530846,11.827804920294,1064948.76796956,90037.7352472504,FLOAT
"mixed_(3,0.5,1)",3,0.5,1,0.672443231666078,11.827804920294,896572.81335086,75802.1306060375,FLOAT
"mixed_(3,0.5,1)",3,0.5,1,0.672787771169006,11.827804920294,754891.461916048,63823.4623417582,FLOAT
"mixed_(3,0.5,1)",3,0.5,1,0.673152860508921,11.827804920294,635664.342818679,53743.2217645061,FLOAT
"mixed_(3,0.5,1)",3,0.5,1,0.673539725367628,11.827804920294,535325.561845367,45259.9248510483,FLOAT
"mixed_(3,0.5,1)",3,0.5,1,0.673949664531935,11.827804920294,450876.318957491,38120.0334293544,FLOAT
"mixed_(3,0.5,1)",3,0.5,1,0.674384054253956,11.827804920294,379794.63299745,32110.3227147247,FLOAT
"mixed_(3,0.5,1)",3,0.5,1,0.674844352871474,11.827804920294,319959.447003818,27051.4646766649,FLOAT
"mixed_(3,0.5,1)",3,0.5,1,0.675332105703892,11.827804920294,269586.822273409,22792.6334675045,FLOAT
"mixed_(3,0.5,1)",3,0.5,1,0.675848950240194,11.827804920294,227176.294683226,19206.970034942,FLOAT
"mixed_(3,0.5,1)",3,0.5,1,0.676396621636343,11.827804920294,191465.773898658,16187.7690060767,FLOAT
"mixed_(3,0.5,1)",3,0.5,1,0.676976958540561,11.827804920294,161393.624237205,13645.2727555802,FLOAT
"mixed_(3,0.5,1)",3,0.5,1,0.677591909266059,11.827804920294,136066.782939601,11503.9759157796,FLOAT
"mixed_(3,0.5,1)",3,0.5,1,0.67824353833194,11.827804920294,114733.953986146,9700.35900653779,FLOAT
"mixed_(3,0.5,1)",3,0.5,1,0.678934033394218,11.827804920294,96763.0689027407,8180.98282435447,FLOAT
"mixed_(3,0.5,1)",3,0.5,1,0.679665712590243,11.827804920294,81622.3348659129,6900.88612519016,FLOAT
"mixed_(3,0.5,1)",3,0.5,1,0.680441032321174,11.827804920294,68864.2987363802,5822.23829361808,FLOAT
"mixed_(3,0.5,1)",3,0.5,1,0.681262595498641,11.827804920294,58112.4467026013,4913.20638903103,FLOAT
"mixed_(3,0.5,1)",3,0.5,1,0.68213316028326,11.827804920294,49049.9357527798,4147.00243057107,FLOAT
"mixed_(3,0.5,1)",3,0.5,1,0.683055649344363,11.827804920294,41410.1175305508,3501.08222190068,FLOAT
"mixed_(3,0.5,1)",3,0.5,1,0.684033159672015,11.827804920294,34968.5692109171,2956.4715893241,FLOAT
"mixed_(3,0.5,1)",3,0.5,1,0.68506897297426,11.827804920294,29536.3914946137,2497.19975038948,FLOAT
"mixed_(3,0.5,1)",3,0.5,1,0.686166566694507,11.827804920294,24954.5720347978,2109.82276110937,FLOAT
"mixed_(3,0.5,1)",3,0.5,1,0.687329625686041,11.827804920294,21089.2447352117,1783.02270601598,FLOAT
"mixed_(3,0.5,1)",3,0.5,1,0.68856205458285,11.827804920294,17827.7023646976,1507.27057850853,FLOAT
"mixed_(3,0.5,1)",3,0.5,1,0.689867990908302,11.827804920294,15075.0426352097,1274.5427183487,FLOAT
"mixed_(3,0.5,1)",3,0.5,1,0.691251818965688,11.827804920294,12751.3469753814,1078.08228672277,FLOAT
"mixed_(3,0.5,1)",3,0.5,1,0.692718184557244,11.827804920294,10789.3072757738,912.198615760188,FLOAT
"mixed_(3,0.5,1)",3,0.5,1,0.694272010581095,11.827804920294,9132.22936995514,772.098409763772,FLOAT
"mixed_(3,0.5,1)",3,0.5,1,0.695918513558455,11.827804920294,7732.35335484368,653.743734103746,FLOAT
"mixed_(3,0.5,1)",3,0.5,1,0.697663221146592,11.827804920294,6549.44038680617,553.732533715424,FLOAT
"mixed_(3,0.5,1)",3,0.5,1,0.699511990696333,11.827804920294,5549.58360466415,469.198100751749,FLOAT
"mixed_(3,0.5,1)",3,0.5,1,0.701471028916427,11.827804920294,4704.20756900972,397.724480637848,FLOAT
"mixed_(3,0.5,1)",3,0.5,1,0.703546912710775,11.827804920294,3989.22627243637,337.275284748034,FLOAT
"mixed_(3,0.5,1)",3,0.5,1,0.705746611258478,11.827804920294,3384.33453845293,286.133780634658,FLOAT
"mixed_(3,0.5,1)",3,0.5,1,0.708077509410841,11.827804920294,2872.41163166415,242.852469331456,FLOAT
"mixed_(3,0.5,1)",3,0.5,1,0.710547432483875,11.827804920294,2439.01926909042,206.210643946754,FLOAT
"mixed_(3,0.5,1)",3,0.5,1,0.713164672529529,11.827804920294,2071.97905382346,175.178663140476,FLOAT
"mixed_(3,0.5,1)",3,0.5,1,0.715938016173855,11.827804920294,1761.01673293491,148.887874360642,FLOAT
"mixed_(3,0.5,1)",3,0.5,1,0.718876774115565,11.827804920294,1497.46268344591,126.605290967944,FLOAT
"mixed_(3,0.5,1)",3,0.5,1,0.721990812384003,11.827804920294,1273.99971355334,107.712269701661,FLOAT
"mixed_(3,0.5,1)",3,0.5,1,0.725290585461487,11.827804920294,1084.45068191187,91.686554624449,FLOAT
"mixed_(3,0.5,1)",3,0.5,1,0.728787171381207,11.827804920294,923.599628225207,78.0871543324581,FLOAT
"mixed_(3,0.5,1)",3,0.5,1,0.732492308918514,11.827804920294,787.041109549774,66.5416038608633,FLOAT
"mixed_(3,0.5,1)",3,0.5,1,0.736418437000464,11.827804920294,671.053278691808,56.7352339012983,FLOAT
"mixed_(3,0.5,1)",3,0.5,1,0.740578736465914,11.827804920294,572.49094921974,48.402129818481,FLOAT
"mixed_(3,0.5,1)",3,0.5,1,0.744987174316374,11.827804920294,488.695487214484,41.3175133093365,FLOAT
"mixed_(3,0.5,1)",3,0.5,1,0.749658550606174,11.827804920294,417.41887084886,35.291321903074,FLOAT
"mixed_(3,0.5,1)",3,0.5,1,0.754608548129361,11.827804920294,356.759680277566,30.1627971277613,FLOAT
"mixed_(3,0.5,1)",3,0.5,1,0.759853785070145,11.827804920294,305.109134789826,25.7959221382087,FLOAT
"mixed_(3,0.5,1)",3,0.5,1,0.765411870793641,11.827804920294,261.105592369589,22.0755748111457,FLOAT
"mixed_(3,0.5,1)",3,0.5,1,0.771301464964215,11.827804920294,223.59617767197,18.9042835233379,FLOAT
"mixed_(3,0.5,1)",3,0.5,1,0.777542340189913,11.827804920294,191.604415483169,16.1994906725606,FLOAT
"mixed_(3,0.5,1)",3,0.5,1,0.784155448403264,11.827804920294,164.302924311075,13.8912440151229,FLOAT
"mixed_(3,0.5,1)",3,0.5,1,0.791162991201332,11.827804920294,140.990374174961,11.9202485266772,FLOAT
"mixed_(3,0.5,1)",3,0.5,1,0.798588494381158,11.827804920294,121.07203839851,10.2362221235807,FLOAT
"mixed_(3,0.5,1)",3,0.5,1,0.806456886920807,11.827804920294,104.04337502263,8.79650752813093,FLOAT
"mixed_(3,0.5,1)",3,0.5,1,0.814794584671205,11.827804920294,89.4761625065354,7.56490009004233,FLOAT
"mixed_(3,0.5,1)",3,0.5,1,0.823629579039712,11.827804920294,77.0067893377217,6.51065771346924,FLOAT
"mixed_(3,0.5,1)",3,0.5,1,0.83299153096317,11.827804920294,66.3263602609233,5.60766437288133,FLOAT
"mixed_(3,0.5,1)",3,0.5,1,0.842911870485915,11.827804920294,57.1723349443601,4.83372319121229,FLOAT
"mixed_(3,0.5,1)",3,0.5,1,0.853423902277057,11.827804920294,49.3214596108176,4.16995883371329,FLOAT
"mixed_(3,0.5,1)",3,0.5,1,0.864562917441269,11.827804920294,42.5837898017509,3.60031215332999,FLOAT
"mixed_(3,0.5,1)",3,0.5,1,0.876366311998457,11.827804920294,36.797634133189,3.11111270275112,FLOAT
"mixed_(3,0.5,1)",3,0.5,1,0.888873712430073,11.827804920294,31.8252755827416,2.69071698402263,FLOAT
"mixed_(3,0.5,1)",3,0.5,1,0.9,11.827804920294,28.1773900427375,2.38230087768788,FLOAT
"mixed_(3,0.5,1)",3,0.5,1,0.902127108713561,11.827804920294,27.5493493066902,2.32920220550994,FLOAT
"mixed_(3,0.5,1)",3,0.5,1,0.912667383761716,11.827804920294,24.717794629139,2.08980405034652,FLOAT
"mixed_(3,0.5,1)",3,0.5,1,0.916170995291558,11.827804920294,23.8697748865179,2.01810691395175,FLOAT
"mixed_(3,0.5,1)",3,0.5,1,0.923730141409766,11.827804920294,22.1783864470743,1.87510587099901,FLOAT
"mixed_(3,0.5,1)",3,0.5,1,0.931052520449102,11.827804920294,20.7011567976545,1.7502112130828,FLOAT
"mixed_(3,0.5,1)",3,0.5,1,0.933391537091908,11.827804920294,20.2594235621324,1.7128641957369,FLOAT
"mixed_(3,0.5,1)",3,0.5,1,0.941829086706256,11.827804920294,18.7751658231392,1.58737533715364,FLOAT
"mixed_(3,0.5,1)",3,0.5,1,0.946821644600358,11.827804920294,17.9705802373462,1.51935040850331,FLOAT
"mixed_(3,0.5,1)",3,0.5,1,0.94919781953087,11.827804920294,17.6052412478747,1.48846226045442,FLOAT
"mixed_(3,0.5,1)",3,0.5,1,0.955633126690214,11.827804920294,16.668665354905,1.40927800781573,FLOAT
"mixed_(3,0.5,1)",3,0.5,1,0.961253248795439,11.827804920294,15.9091966102119,1.34506755204553,FLOAT
"mixed_(3,0.5,1)",3,0.5,1,0.963531308016255,11.827804920294,15.6157406158268,1.3202568626266,FLOAT
"mixed_(3,0.5,1)",3,0.5,1,0.966161448465718,11.827804920294,15.2866992919941,1.29243755667337,FLOAT
"mixed_(3,0.5,1)",3,0.5,1,0.970447907647971,11.827804920294,14.7718482183733,1.24890867899147,FLOAT
"mixed_(3,0.5,1)",3,0.5,1,0.974191384595819,11.827804920294,14.3427715897478,1.21263173398629,FLOAT
"mixed_(3,0.5,1)",3,0.5,1,0.977460660952652,11.827804920294,13.9828592195364,1.18220238782809,FLOAT
"mixed_(3,0.5,1)",3,0.5,1,0.980315805527134,11.827804920294,13.6792940666476,1.15653700401981,FLOAT
"mixed_(3,0.5,1)",3,0.5,1,0.981237608556118,11.827804920294,13.5833542960605,1.1484256282207,FLOAT
"mixed_(3,0.5,1)",3,0.5,1,0.982809277981414,11.827804920294,13.422045431001,1.13478752156046,FLOAT
"mixed_(3,0.5,1)",3,0.5,1,0.984986892710918,11.827804920294,13.2031642512358,1.11628187480349,FLOAT
"mixed_(3,0.5,1)",3,0.5,1,0.986888660625784,11.827804920294,13.0162805574241,1.10048150482182,FLOAT
"mixed_(3,0.5,1)",3,0.5,1,0.988549524300617,11.827804920294,12.856238951865,1.08695054056957,FLOAT
"mixed_(3,0.5,1)",3,0.5,1,0.99,11.827804920294,12.718830072776,1.07533309506594,FLOAT
"mixed_(3,0.5,1)",3,0.5,1,0.991266738376172,11.827804920294,12.6005899269918,1.06533629966891,FLOAT
"mixed_(3,0.5,1)",3,0.5,1,0.992373014140977,11.827804920294,12.4986479536939,1.05671745838899,FLOAT
"mixed_(3,0.5,1)",3,0.5,1,0.993339153709191,11.827804920294,12.4106105762768,1.04927420260227,FLOAT
"mixed_(3,0.5,1)",3,0.5,1,0.994182908670626,11.827804920294,12.3344709396632,1.04283685965261,FLOAT
"mixed_(3,0.5,1)",3,0.5,1,0.994919781953087,11.827804920294,12.2685382067342,1.0372624751093,FLOAT
"mixed_(3,0.5,1)",3,0.5,1,0.995563312669021,11.827804920294,12.2113816326088,1.03243008444083,FLOAT
"mixed_(3,0.5,1)",3,0.5,1,0.996125324879544,11.827804920294,12.1617859250694,1.02823693889323,FLOAT
"mixed_(3,0.5,1)",3,0.5,1,0.996616144846572,11.827804920294,12.1187153122656,1.02459546753873,FLOAT
"mixed_(3,0.5,1)",3,0.5,1,0.997044790764797,11.827804920294,12.0812843927072,1.02143081274347,FLOAT
"mixed_(3,0.5,1)",3,0.5,1,0.997419138459582,11.827804920294,12.0487343161411,1.01867881634301,FLOAT
"mixed_(3,0.5,1)",3,0.5,1,0.997746066095265,11.827804920294,12.0204131905021,1.01628436311776,FLOAT
"mixed_(3,0.5,1)",3,0.5,1,0.998031580552713,11.827804920294,11.9957598662792,1.01420000981729,FLOAT
"mixed_(3,0.5,1)",3,0.5,1,0.998280927798141,11.827804920294,11.9742904407138,1.01238484413692,FLOAT
"mixed_(3,0.5,1)",3,0.5,1,0.998498689271092,11.827804920294,11.9555869680426,1.01080353020782,FLOAT
"mixed_(3,0.5,1)",3,0.5,1,0.998688866062578,11.827804920294,11.939287971137,1.00942550638891,FLOAT
"mixed_(3,0.5,1)",3,0.5,1,0.998854952430062,11.827804920294,11.9250804333935,1.00822430820892,FLOAT
"mixed_(3,0.5,1)",3,0.5,1,0.999,11.827804920294,11.9126930141327,1.00717699475183,FLOAT
"mixed_(3,0.5,1)",3,0.5,1,0.999126673837617,11.827804920294,11.9018902808013,1.00626366100951,FLOAT
"mixed_(3,0.5,1)",3,0.5,1,0.999237301414098,11.827804920294,11.8924677904445,1.00546702203716,FLOAT
"mixed_(3,0.5,1)",3,0.5,1,0.999333915370919,11.827804920294,11.8842478838006,1.00477205735865,FLOAT
"mixed_(3,0.5,1)",3,0.5,1,0.999418290867063,11.827804920294,11.8770760798853,1.00416570614102,FLOAT
"mixed_(3,0.5,1)",3,0.5,1,0.999491978195309,11.827804920294,11.8708179785318,1.00363660531498,FLOAT
"mixed_(3,0.5,1)",3,0.5,1,0.999556331266902,11.827804920294,11.8653565941158,1.0031748641506,FLOAT
"mixed_(3,0.5,1)",3,0.5,1,0.999612532487954,11.827804920294,11.8605900564589,1.0027718698766,FLOAT
"mixed_(3,0.5,1)",3,0.5,1,0.999661614484657,11.827804920294,11.8564296252977,1.00242011981061,FLOAT
"mixed_(3,0.5,1)",3,0.5,1,0.99970447907648,11.827804920294,11.852797973221,1.00211307618746,FLOAT
"mixed_(3,0.5,1)",3,0.5,1,0.999741913845958,11.827804920294,11.8496276989942,1.00184504046585,FLOAT
"mixed_(3,0.5,1)",3,0.5,1,0.999774606609527,11.827804920294,11.8468600389948,1.00161104438475,FLOAT
"mixed_(3,0.5,1)",3,0.5,1,0.999803158055271,11.827804920294,11.8444437493194,1.00140675544934,FLOAT
"mixed_(3,0.5,1)",3,0.5,1,0.999828092779814,11.827804920294,11.8423341351597,1.00122839486816,FLOAT
"mixed_(3,0.5,1)",3,0.5,1,0.999849868927109,11.827804920294,11.8404922074406,1.00107266624974,FLOAT
"mixed_(3,0.5,1)",3,0.5,1,0.999868886606258,11.827804920294,11.8388839495679,1.00093669360871,FLOAT
"mixed_(3,0.5,1)",3,0.5,1,0.999885495243006,11.827804920294,11.8374796795588,1.00081796743605,FLOAT
"mixed_(3,0.5,1)",3,0.5,1,0.9999,11.827804920294,11.8362534948727,1.00071429776156,FLOAT
"mixed_(3,0.5,1)",3,0.5,1,0.999912667383762,11.827804920294,11.8351827890177,1.00062377328451,FLOAT
"mixed_(3,0.5,1)",3,0.5,1,0.99992373014141,11.827804920294,11.834247830492,1.00054472577468,FLOAT
"mixed_(3,0.5,1)",3,0.5,1,0.999933391537092,11.827804920294,11.833431395904,1.00047569905387,FLOAT
"mixed_(3,0.5,1)",3,0.5,1,0.999941829086706,11.827804920294,11.8327184502063,1.00041542196082,FLOAT
"mixed_(3,0.5,1)",3,0.5,1,0.999949197819531,11.827804920294,11.8320958679243,1.00036278478206,FLOAT
"mixed_(3,0.5,1)",3,0.5,1,0.99995563312669,11.827804920294,11.8315521900697,1.00031681869975,FLOAT
"mixed_(3,0.5,1)",3,0.5,1,0.999961253248795,11.827804920294,11.8310774121302,1.00027667786696,FLOAT
"mixed_(3,0.5,1)",3,0.5,1,0.999966161448466,11.827804920294,11.8306627991316,1.00024162377185,FLOAT
"mixed_(3,0.5,1)",3,0.5,1,0.999970447907648,11.827804920294,11.8303007242914,1.00021101159633,FLOAT
"mixed_(3,0.5,1)",3,0.5,1,0.999974191384596,11.827804920294,11.8299845282366,1.00018427831346,FLOAT
"mixed_(3,0.5,1)",3,0.5,1,0.999977460660953,11.827804920294,11.8297083961509,1.0001609323006,FLOAT
"mixed_(3,0.5,1)",3,0.5,1,0.999980315805527,11.827804920294,11.8294672505564,1.00014054427458,FLOAT
"mixed_(3,0.5,1)",3,0.5,1,0.999982809277981,11.827804920294,11.8292566577335,1.00012273937973,FLOAT
"mixed_(3,0.5,1)",3,0.5,1,0.999984986892711,11.827804920294,11.829072746037,1.00010719028185,FLOAT
"mixed_(3,0.5,1)",3,0.5,1,0.999986888660626,11.827804920294,11.8289121345924,1.00009361113967,FLOAT
"mixed_(3,0.5,1)",3,0.5,1,0.999988549524301,11.827804920294,11.8287718710482,1.00008175234211,FLOAT
"mixed_(3,0.5,1)",3,0.5,1,0.99999,11.827804920294,11.8286493772331,1.00007139591368,FLOAT
"mixed_(3,0.5,1)",3,0.5,1,0.999991266738376,11.827804920294,11.8285424017109,1.00006235150324,FLOAT
"mixed_(3,0.5,1)",3,0.5,1,0.999992373014141,11.827804920294,11.8284489783564,1.00005445288172,FLOAT
"mixed_(3,0.5,1)",3,0.5,1,0.999993339153709,11.827804920294,11.8283673901874,1.0000475548842,FLOAT
"mixed_(3,0.5,1)",3,0.5,1,0.999994182908671,11.827804920294,11.8282961377842,1.00004153073993,FLOAT
"mixed_(3,0.5,1)",3,0.5,1,0.999994919781953,11.827804920294,11.8282339117144,1.00003626974094,FLOAT
"mixed_(3,0.5,1)",3,0.5,1,0.999995563312669,11.827804920294,11.8281795684549,1.00003167520629,FLOAT
"mixed_(3,0.5,1)",3,0.5,1,0.99999612532488,11.827804920294,11.828132109366,1.00002766270446,FLOAT
"mixed_(3,0.5,1)",3,0.5,1,0.999996616144847,11.827804920294,11.8280906623318,1.00002415850107,FLOAT
"mixed_(3,0.5,1)",3,0.5,1,0.999997044790765,11.827804920294,11.8280544657279,1.00002109820339,FLOAT
"mixed_(3,0.5,1)",3,0.5,1,0.99999741913846,11.827804920294,11.8280228544204,1.00001842557666,FLOAT
"mixed_(3,0.5,1)",3,0.5,1,0.999997746066095,11.827804920294,11.8279952475405,1.00001609151045,FLOAT
"mixed_(3,0.5,1)",3,0.5,1,0.999998031580553,11.827804920294,11.8279711378078,1.00001405311593,FLOAT
"mixed_(3,0.5,1)",3,0.5,1,0.999998280927798,11.827804920294,11.8279500822068,1.00001227293768,FLOAT
"mixed_(3,0.5,1)",3,0.5,1,0.999998498689271,11.827804920294,11.8279316938448,1.00001071826528,FLOAT
"mixed_(3,0.5,1)",3,0.5,1,0.999998688866063,11.827804920294,11.8279156348417,1.0000093605321,FLOAT
"mixed_(3,0.5,1)",3,0.5,1,0.99999885495243,11.827804920294,11.8279016101205,1.00000817479043,FLOAT
"mixed_(3,0.5,1)",3,0.5,1,0.999999,11.827804920294,11.8278893619846,1.0000071392529,FLOAT
"mixed_(3,0.5,1)",3,0.5,1,0.999999126673838,11.827804920294,11.8278786653824,1.00000623489218,FLOAT
"mixed_(3,0.5,1)",3,0.5,1,0.999999237301414,11.827804920294,11.8278693237715,1.00000544509128,FLOAT
"mixed_(3,0.5,1)",3,0.5,1,0.999999333915371,11.827804920294,11.8278611655072,1.00000475533825,FLOAT
"mixed_(3,0.5,1)",3,0.5,1,0.999999418290867,11.827804920294,11.8278540406884,1.00000415295946,FLOAT
"mixed_(3,0.5,1)",3,0.5,1,0.999999491978195,11.827804920294,11.8278478184029,1.00000362688674,FLOAT
"mixed_(3,0.5,1)",3,0.5,1,0.999999556331267,11.827804920294,11.8278423843221,1.00000316745401,FLOAT
"mixed_(3,0.5,1)",3,0.5,1,0.999999612532488,11.827804920294,11.8278376386002,1.00000276621963,FLOAT
"mixed_(3,0.5,1)",3,0.5,1,0.999999661614485,11.827804920294,11.8278334940394,1.00000241581135,FLOAT
"mixed_(3,0.5,1)",3,0.5,1,0.999999704479076,11.827804920294,11.8278298744878,1.00000210979078,FLOAT
"mixed_(3,0.5,1)",3,0.5,1,0.999999741913846,11.827804920294,11.82782671344,1.00000184253512,FLOAT
"mixed_(3,0.5,1)",3,0.5,1,0.999999774606609,11.827804920294,11.8278239528153,1.00000160913385,FLOAT
"mixed_(3,0.5,1)",3,0.5,1,0.999999803158055,11.827804920294,11.8278215418903,1.00000140529848,FLOAT
"mixed_(3,0.5,1)",3,0.5,1,0.99999982809278,11.827804920294,11.827819436367,1.00000122728377,FLOAT
"mixed_(3,0.5,1)",3,0.5,1,0.999999849868927,11.827804920294,11.8278175975589,1.0000010718189,FLOAT
"mixed_(3,0.5,1)",3,0.5,1,0.999999868886606,11.827804920294,11.82781599168,1.00000093604739,FLOAT
"mixed_(3,0.5,1)",3,0.5,1,0.999999885495243,11.827804920294,11.8278145892242,1.00000081747461,FLOAT
"mixed_(3,0.5,1)",3,0.5,1,0.9999999,11.827804920294,11.8278133644231,1.00000071392191,FLOAT
"mixed_(3,0.5,1)",3,0.5,1,0.999999912667384,11.827804920294,11.8278122947723,1.00000062348664,FLOAT
"mixed_(3,0.5,1)",3,0.5,1,0.999999923730141,11.827804920294,11.8278113606185,1.00000054450716,FLOAT
"mixed_(3,0.5,1)",3,0.5,1,0.999999933391537,11.827804920294,11.8278105447976,1.00000047553233,FLOAT
"mixed_(3,0.5,1)",3,0.5,1,0.999999941829087,11.827804920294,11.8278098323199,1.0000004152948,FLOAT
"mixed_(3,0.5,1)",3,0.5,1,0.99999994919782,11.827804920294,11.8278092100946,1.0000003626878,FLOAT
"mixed_(3,0.5,1)",3,0.5,1,0.999999955633127,11.827804920294,11.827808666689,1.00000031674473,FLOAT
"mixed_(3,0.5,1)",3,0.5,1,0.999999961253249,11.827804920294,11.8278081921186,1.00000027662146,FLOAT
"mixed_(3,0.5,1)",3,0.5,1,0.999999966161448,11.827804920294,11.827807777664,1.00000024158075,FLOAT
"mixed_(3,0.5,1)",3,0.5,1,0.999999970447908,11.827804920294,11.8278074157099,1.00000021097878,FLOAT
"mixed_(3,0.5,1)",3,0.5,1,0.999999974191385,11.827804920294,11.827807099606,1.00000018425329,FLOAT
"mixed_(3,0.5,1)",3,0.5,1,0.999999977460661,11.827804920294,11.8278068235441,1.00000016091321,FLOAT
"mixed_(3,0.5,1)",3,0.5,1,0.999999980315806,11.827804920294,11.8278065824521,1.00000014052972,FLOAT
"mixed_(3,0.5,1)",3,0.5,1,0.999999982809278,11.827804920294,11.8278063719001,1.00000012272828,FLOAT
"mixed_(3,0.5,1)",3,0.5,1,0.999999984986893,11.827804920294,11.8278061880196,1.00000010718182,FLOAT
"mixed_(3,0.5,1)",3,0.5,1,0.999999986888661,11.827804920294,11.8278060274319,1.00000009360468,FLOAT
"mixed_(3,0.5,1)",3,0.5,1,0.999999988549524,11.827804920294,11.8278058871865,1.00000008174742,FLOAT
"mixed_(3,0.5,1)",3,0.5,1,0.99999999,11.827804920294,11.8278057647065,1.00000007139216,FLOAT
"mixed_(5,0.2,0.2)",5,0.2,0.2,0.666666676666667,9.8,1.67583903270819e+23,1.71003982929407e+22,FLOAT
"mixed_(5,0.2,0.2)",5,0.2,0.2,0.66666667726311,9.8,1.40848396573797e+23,1.43722853646731e+22,FLOAT
"mixed_(5,0.2,0.2)",5,0.2,0.2,0.666666677895128,9.8,1.18378145433778e+23,1.20794025952835e+22,FLOAT
"mixed_(5,0.2,0.2)",5,0.2,0.2,0.666666678564843,9.8,9.94926835202525e+22,1.01523146449237e+22,FLOAT
"mixed_(5,0.2,0.2)",5,0.2,0.2,0.666666679274502,9.8,8.36201169028634e+22,8.53266499008811e+21,FLOAT
"mixed_(5,0.2,0.2)",5,0.2,0.2,0.666666680026488,9.8,7.02797751045454e+22,7.1714056229128e+21,FLOAT
"mixed_(5,0.2,0.2)",5,0.2,0.2,0.666666680823326,9.8,5.90676893280976e+22,6.02731523756098e+21,FLOAT
"mixed_(5,0.2,0.2)",5,0.2,0.2,0.666666681667691,9.8,4.96443245968811e+22,5.06574740784501e+21,FLOAT
"mixed_(5,0.2,0.2)",5,0.2,0.2,0.666666682562417,9.8,4.17243148192687e+22,4.25758314482334e+21,FLOAT
"mixed_(5,0.2,0.2)",5,0.2,0.2,0.666666683510509,9.8,3.50678243259096e+22,3.57834942101119e+21,FLOAT
"mixed_(5,0.2,0.2)",5,0.2,0.2,0.666666684515149,9.8,2.947327761559e+22,3.00747730771327e+21,FLOAT
"mixed_(5,0.2,0.2)",5,0.2,0.2,0.66666668557971,9.8,2.47712568996345e+22,2.52767927547291e+21,FLOAT
"mixed_(5,0.2,0.2)",5,0.2,0.2,0.666666686707767,9.8,2.0819374153872e+22,2.12442593406857e+21,FLOAT
"mixed_(5,0.2,0.2)",5,0.2,0.2,0.666666687903105,9.8,1.74979544033055e+22,1.7855055513577e+21,FLOAT
"mixed_(5,0.2,0.2)",5,0.2,0.2,0.666666689169739,9.8,1.47064176598343e+22,1.5006548632484e+21,FLOAT
"mixed_(5,0.2,0.2)",5,0.2,0.2,0.66666669051192,9.8,1.2360228834653e+22,1.26124784027071e+21,FLOAT
"mixed_(5,0.2,0.2)",5,0.2,0.2,0.666666691934155,9.8,1.03883394008128e+22,1.060034632736e+21,FLOAT
"mixed_(5,0.2,0.2)",5,0.2,0.2,0.666666693441218,9.8,8.7310353174401e+21,8.90921971167357e+20,FLOAT
"mixed_(5,0.2,0.2)",5,0.2,0.2,0.666666695038169,9.8,7.33812927431852e+21,7.48788701461073e+20,FLOAT
"mixed_(5,0.2,0.2)",5,0.2,0.2,0.666666696730369,9.8,6.16744062988708e+21,6.2933067651909e+20,FLOAT
"mixed_(5,0.2,0.2)",5,0.2,0.2,0.666666698523499,9.8,5.18351783519362e+21,5.28930391346288e+20,FLOAT
"mixed_(5,0.2,0.2)",5,0.2,0.2,0.666666700423579,9.8,4.3565651372912e+21,4.44547462988898e+20,FLOAT
"mixed_(5,0.2,0.2)",5,0.2,0.2,0.666666702436989,9.8,3.66154034679807e+21,3.73626565999803e+20,FLOAT
"mixed_(5,0.2,0.2)",5,0.2,0.2,0.666666704570486,9.8,3.07739643804265e+21,3.1402004469823e+20,FLOAT
"mixed_(5,0.2,0.2)",5,0.2,0.2,0.666666706831235,9.8,2.58644389918491e+21,2.63922846855603e+20,FLOAT
"mixed_(5,0.2,0.2)",5,0.2,0.2,0.666666709226825,9.8,2.17381549331254e+21,2.21817907480871e+20,FLOAT
"mixed_(5,0.2,0.2)",5,0.2,0.2,0.666666711765299,9.8,1.82701578552883e+21,1.8643018219682e+20,FLOAT
"mixed_(5,0.2,0.2)",5,0.2,0.2,0.666666714455177,9.8,1.53554278690287e+21,1.56688039479884e+20,FLOAT
"mixed_(5,0.2,0.2)",5,0.2,0.2,0.666666717305492,9.8,1.29056992932348e+21,1.31690809114641e+20,FLOAT
"mixed_(5,0.2,0.2)",5,0.2,0.2,0.666666720325813,9.8,1.08467881766934e+21,1.10681512007076e+20,FLOAT
"mixed_(5,0.2,0.2)",5,0.2,0.2,0.666666723526278,9.8,9.1163456344809e+20,9.30239350457235e+19,FLOAT
"mixed_(5,0.2,0.2)",5,0.2,0.2,0.666666726917633,9.8,7.66196919244308e+20,7.81833591065621e+19,FLOAT
"mixed_(5,0.2,0.2)",5,0.2,0.2,0.666666730511263,9.8,6.4396168370552e+20,6.57103758883184e+19,FLOAT
"mixed_(5,0.2,0.2)",5,0.2,0.2,0.666666734319233,9.8,5.41227242971826e+20,5.52272696910026e+19,FLOAT
"mixed_(5,0.2,0.2)",5,0.2,0.2,0.666666738354327,9.8,4.54882547582118e+20,4.64165864879713e+19,FLOAT
"mixed_(5,0.2,0.2)",5,0.2,0.2,0.666666742630091,9.8,3.82312850898593e+20,3.90115153978157e+19,FLOAT
"mixed_(5,0.2,0.2)",5,0.2,0.2,0.66666674716088,9.8,3.21320564769499e+20,3.27878127315815e+19,FLOAT
"mixed_(5,0.2,0.2)",5,0.2,0.2,0.666666751961906,9.8,2.70058683397835e+20,2.75570085099831e+19,FLOAT
"mixed_(5,0.2,0.2)",5,0.2,0.2,0.666666757049286,9.8,2.2697486927141e+20,2.31607009460623e+19,FLOAT
"mixed_(5,0.2,0.2)",5,0.2,0.2,0.666666762440099,9.8,1.90764432632653e+20,1.94657584319034e+19,FLOAT
"mixed_(5,0.2,0.2)",5,0.2,0.2,0.666666768152444,9.8,1.60330826296132e+20,1.63602883975645e+19,FLOAT
"mixed_(5,0.2,0.2)",5,0.2,0.2,0.666666774205498,9.8,1.34752447634934e+20,1.37502497586667e+19,FLOAT
"mixed_(5,0.2,0.2)",5,0.2,0.2,0.666666780619582,9.8,1.1325471518002e+20,1.15566035897979e+19,FLOAT
"mixed_(5,0.2,0.2)",5,0.2,0.2,0.66666678741623,9.8,9.51866244029429e+19,9.71292085744315e+18,FLOAT
"mixed_(5,0.2,0.2)",5,0.2,0.2,0.66666679461826,9.8,8.00010262981676e+19,8.16337003042527e+18,FLOAT
"mixed_(5,0.2,0.2)",5,0.2,0.2,0.666666802249851,9.8,6.72380628175541e+19,6.86102681811776e+18,FLOAT
"mixed_(5,0.2,0.2)",5,0.2,0.2,0.666666810336623,9.8,5.65112389957233e+19,5.76645295874727e+18,FLOAT
"mixed_(5,0.2,0.2)",5,0.2,0.2,0.666666818905725,9.8,4.74957190702973e+19,4.84650194594871e+18,FLOAT
"mixed_(5,0.2,0.2)",5,0.2,0.2,0.666666827985925,9.8,3.99184901166032e+19,4.07331531802073e+18,FLOAT
"mixed_(5,0.2,0.2)",5,0.2,0.2,0.666666837607709,9.8,3.35500945025862e+19,3.42347903087615e+18,FLOAT
"mixed_(5,0.2,0.2)",5,0.2,0.2,0.666666847803377,9.8,2.81976808021155e+19,2.8773143675628e+18,FLOAT
"mixed_(5,0.2,0.2)",5,0.2,0.2,0.66666685860716,9.8,2.36991644071109e+19,2.41828208235826e+18,FLOAT
"mixed_(5,0.2,0.2)",5,0.2,0.2,0.666666870055327,9.8,1.99183188899864e+19,2.03248151938637e+18,FLOAT
"mixed_(5,0.2,0.2)",5,0.2,0.2,0.666666882186313,9.8,1.67406505178093e+19,1.70822964467442e+18,FLOAT
"mixed_(5,0.2,0.2)",5,0.2,0.2,0.666666895040844,9.8,1.40699314110262e+19,1.4357072868394e+18,FLOAT
"mixed_(5,0.2,0.2)",5,0.2,0.2,0.666666908662074,9.8,1.18252854700989e+19,1.20666178266316e+18,FLOAT
"mixed_(5,0.2,0.2)",5,0.2,0.2,0.666666923095735,9.8,9.93873908237421e+18,1.01415704922186e+18,FLOAT
"mixed_(5,0.2,0.2)",5,0.2,0.2,0.666666938390282,9.8,8.35316284321298e+18,8.52363555429896e+17,FLOAT
"mixed_(5,0.2,0.2)",5,0.2,0.2,0.666666954597062,9.8,7.0205414604797e+18,7.16381781681602e+17,FLOAT
"mixed_(5,0.2,0.2)",5,0.2,0.2,0.666666971770485,9.8,5.9005198178169e+18,6.02093858960908e+17,FLOAT
"mixed_(5,0.2,0.2)",5,0.2,0.2,0.666666989968206,9.8,4.95918077980569e+18,5.06038855082214e+17,FLOAT
"mixed_(5,0.2,0.2)",5,0.2,0.2,0.666667009251318,9.8,4.16801823801918e+18,4.25307983471345e+17,FLOAT
"mixed_(5,0.2,0.2)",5,0.2,0.2,0.666667029684559,9.8,3.50307378606329e+18,3.57456508781969e+17,FLOAT
"mixed_(5,0.2,0.2)",5,0.2,0.2,0.666667051336528,9.8,2.94421121502305e+18,3.00429715818678e+17,FLOAT
"mixed_(5,0.2,0.2)",5,0.2,0.2,0.666667074279914,9.8,2.47450676208941e+18,2.52500690009124e+17,FLOAT
"mixed_(5,0.2,0.2)",5,0.2,0.2,0.666667098591744,9.8,2.07973658136099e+18,2.12218018506224e+17,FLOAT
"mixed_(5,0.2,0.2)",5,0.2,0.2,0.666667124353638,9.8,1.74794603911442e+18,1.78361840725961e+17,FLOAT
"mixed_(5,0.2,0.2)",5,0.2,0.2,0.666667151652083,9.8,1.46908768024092e+18,1.49906906147033e+17,FLOAT
"mixed_(5,0.2,0.2)",5,0.2,0.2,0.666667180578726,9.8,1.23471696966017e+18,1.25991527516344e+17,FLOAT
"mixed_(5,0.2,0.2)",5,0.2,0.2,0.66666721123068,9.8,1.0377365720761e+18,1.05891486946541e+17,FLOAT
"mixed_(5,0.2,0.2)",5,0.2,0.2,0.66666724371085,9.8,8.72181426099976e+17,8.89981047040792e+16,FLOAT
"mixed_(5,0.2,0.2)",5,0.2,0.2,0.666667278128279,9.8,7.3303810433521e+17,7.47998065648173e+16,FLOAT
"mixed_(5,0.2,0.2)",5,0.2,0.2,0.666667314598514,9.8,6.16092999651473e+17,6.28666326174972e+16,FLOAT
"mixed_(5,0.2,0.2)",5,0.2,0.2,0.666667353243992,9.8,5.17804719197287e+17,5.28372162446211e+16,FLOAT
"mixed_(5,0.2,0.2)",5,0.2,0.2,0.666667394194455,9.8,4.35196848032203e+17,4.44078416359391e+16,FLOAT
"mixed_(5,0.2,0.2)",5,0.2,0.2,0.666667437587381,9.8,3.65767813442225e+17,3.73232462696148e+16,FLOAT
"mixed_(5,0.2,0.2)",5,0.2,0.2,0.666667483568452,9.8,3.07415130474027e+17,3.13688908646966e+16,FLOAT
"mixed_(5,0.2,0.2)",5,0.2,0.2,0.666667532292033,9.8,2.58371734018647e+17,2.63644626549639e+16,FLOAT
"mixed_(5,0.2,0.2)",5,0.2,0.2,0.666667583921701,9.8,2.17152468099927e+17,2.21584151122374e+16,FLOAT
"mixed_(5,0.2,0.2)",5,0.2,0.2,0.666667638630787,9.8,1.82509110802715e+17,1.86233786533383e+16,FLOAT
"mixed_(5,0.2,0.2)",5,0.2,0.2,0.666667696602962,9.8,1.53392575263583e+17,1.56523035983248e+16,FLOAT
"mixed_(5,0.2,0.2)",5,0.2,0.2,0.66666775803285,9.8,1.2892114050512e+17,1.31552184188898e+16,FLOAT
"mixed_(5,0.2,0.2)",5,0.2,0.2,0.666667823126684,9.8,1.08353750939146e+17,1.1056505197872e+16,FLOAT
"mixed_(5,0.2,0.2)",5,0.2,0.2,0.666667892102997,9.8,9.10675752828386e+16,9.29260972273863e+15,FLOAT
"mixed_(5,0.2,0.2)",5,0.2,0.2,0.666667965193359,9.8,7.65391454876128e+16,7.8101168864911e+15,FLOAT
"mixed_(5,0.2,0.2)",5,0.2,0.2,0.666668042643148,9.8,6.43285050332598e+16,6.56413316665916e+15,FLOAT
"mixed_(5,0.2,0.2)",5,0.2,0.2,0.66666812471238,9.8,5.40658857281771e+16,5.51692711512011e+15,FLOAT
"mixed_(5,0.2,0.2)",5,0.2,0.2,0.666668211676578,9.8,4.5440510387147e+16,4.63678677419867e+15,FLOAT
"mixed_(5,0.2,0.2)",5,0.2,0.2,0.666668303827701,9.8,3.81911815885189e+16,3.89705934576724e+15,FLOAT
"mixed_(5,0.2,0.2)",5,0.2,0.2,0.666668401475117,9.8,3.20983720398614e+16,3.27534408570015e+15,FLOAT
"mixed_(5,0.2,0.2)",5,0.2,0.2,0.666668504946651,9.8,2.69775766870263e+16,2.75281394765574e+15,FLOAT
"mixed_(5,0.2,0.2)",5,0.2,0.2,0.666668614589678,9.8,2.26737254698659e+16,2.31364545610876e+15,FLOAT
"mixed_(5,0.2,0.2)",5,0.2,0.2,0.666668730772293,9.8,1.90564874100521e+16,1.94453953163797e+15,FLOAT
"mixed_(5,0.2,0.2)",5,0.2,0.2,0.666668853884545,9.8,1.6016323860305e+16,1.63431876125561e+15,FLOAT
"mixed_(5,0.2,0.2)",5,0.2,0.2,0.666668984339748,9.8,1.34611713963484e+16,1.37358891799473e+15,FLOAT
"mixed_(5,0.2,0.2)",5,0.2,0.2,0.666669122575868,9.8,1.13136539290612e+16,1.15445448255726e+15,FLOAT
"mixed_(5,0.2,0.2)",5,0.2,0.2,0.666669269056992,9.8,9.50873953684739e+15,970279544576265,FLOAT
"mixed_(5,0.2,0.2)",5,0.2,0.2,0.666669424274889,9.8,7.99177116012375e+15,815486853073852,FLOAT
"mixed_(5,0.2,0.2)",5,0.2,0.2,0.666669588750657,9.8,6.71681143478265e+15,685388921916597,FLOAT
"mixed_(5,0.2,0.2)",5,0.2,0.2,0.666669763036477,9.8,5.64525160695503e+15,576046082342350,FLOAT
"mixed_(5,0.2,0.2)",5,0.2,0.2,0.666669947717462,9.8,4.74464235920032e+15,484147179510237,FLOAT
"mixed_(5,0.2,0.2)",5,0.2,0.2,0.666670143413626,9.8,3.98771116540482e+15,406909302592329,FLOAT
"mixed_(5,0.2,0.2)",5,0.2,0.2,0.666670350781961,9.8,3.35153641720858e+15,341993511960060,FLOAT
"mixed_(5,0.2,0.2)",5,0.2,0.2,0.666670570518648,9.8,2.8168532958882e+15,287434009784510,FLOAT
"mixed_(5,0.2,0.2)",5,0.2,0.2,0.666670803361388,9.8,2.36747038911299e+15,241578611133978,FLOAT
"mixed_(5,0.2,0.2)",5,0.2,0.2,0.666671050091883,9.8,1.98977937610517e+15,203038711847467,FLOAT
"mixed_(5,0.2,0.2)",5,0.2,0.2,0.66667131153846,9.8,1.67234293447502e+15,170647238211737,FLOAT
"mixed_(5,0.2,0.2)",5,0.2,0.2,0.666671588578849,9.8,1.40554839016796e+15,143423305119180,FLOAT
"mixed_(5,0.2,0.2)",5,0.2,0.2,0.666671882143135,9.8,1.18131662303843e+15,120542512554941,FLOAT
"mixed_(5,0.2,0.2)",5,0.2,0.2,0.666672193216873,9.8,992857411787010,101311980794593,FLOAT
"mixed_(5,0.2,0.2)",5,0.2,0.2,0.666672522844405,9.8,834463809518681,85149368318232.8,FLOAT
"mixed_(5,0.2,0.2)",5,0.2,0.2,0.666672872132358,9.8,701339324169165,71565237160118.9,FLOAT
"mixed_(5,0.2,0.2)",5,0.2,0.2,0.666673242253367,9.8,589452669503428,60148231581982.4,FLOAT
"mixed_(5,0.2,0.2)",5,0.2,0.2,0.666673634450005,9.8,495415688034750,50552621228035.7,FLOAT
"mixed_(5,0.2,0.2)",5,0.2,0.2,0.66667405003896,9.8,416380749865281,42487831618906.2,FLOAT
"mixed_(5,0.2,0.2)",5,0.2,0.2,0.66667449041545,9.8,349954519908528,35709644888625.3,FLOAT
"mixed_(5,0.2,0.2)",5,0.2,0.2,0.666674957057912,9.8,294125482027235,30012804288493.3,FLOAT
"mixed_(5,0.2,0.2)",5,0.2,0.2,0.666675451532965,9.8,247203025741588,25224798545060,FLOAT
"mixed_(5,0.2,0.2)",5,0.2,0.2,0.666675975500663,9.8,207766250877703,21200637844663.5,FLOAT
"mixed_(5,0.2,0.2)",5,0.2,0.2,0.666676530720078,9.8,174620939262206,17818463190021,FLOAT
"mixed_(5,0.2,0.2)",5,0.2,0.2,0.666677119055197,9.8,146763391269289,14975856251968.3,FLOAT
"mixed_(5,0.2,0.2)",5,0.2,0.2,0.666677742481186,9.8,123350031517987,12586737909998.6,FLOAT
"mixed_(5,0.2,0.2)",5,0.2,0.2,0.666678403091018,9.8,103671863566030,10578761588370.4,FLOAT
"mixed_(5,0.2,0.2)",5,0.2,0.2,0.666679103102497,9.8,87132999947586.6,8891122443631.28,FLOAT
"mixed_(5,0.2,0.2)",5,0.2,0.2,0.666679844865711,9.8,73232617419395.4,7472716063203.61,FLOAT
"mixed_(5,0.2,0.2)",5,0.2,0.2,0.666680630870915,9.8,61549790949347.2,6280590913198.69,FLOAT
"mixed_(5,0.2,0.2)",5,0.2,0.2,0.666681463756893,9.8,51730747245175.4,5278647678079.12,FLOAT
"mixed_(5,0.2,0.2)",5,0.2,0.2,0.666682346319819,9.8,43478151741872,4436546096109.39,FLOAT
"mixed_(5,0.2,0.2)",5,0.2,0.2,0.666683281522644,9.8,36542104708291,3728786194723.57,FLOAT
"mixed_(5,0.2,0.2)",5,0.2,0.2,0.666684272505039,9.8,30712573779101.9,3133936099908.36,FLOAT
"mixed_(5,0.2,0.2)",5,0.2,0.2,0.666685322593942,9.8,25813033754925.2,2633983036216.86,FLOAT
"mixed_(5,0.2,0.2)",5,0.2,0.2,0.666686435314721,9.8,21695121076083.9,2213787864906.52,FLOAT
"mixed_(5,0.2,0.2)",5,0.2,0.2,0.666687614403016,9.8,18234141085836.6,1860626641411.89,FLOAT
"mixed_(5,0.2,0.2)",5,0.2,0.2,0.666688863817274,9.8,15325292045152.5,1563805310729.85,FLOAT
"mixed_(5,0.2,0.2)",5,0.2,0.2,0.666690187752041,9.8,12880491540332.4,1314335871462.49,FLOAT
"mixed_(5,0.2,0.2)",5,0.2,0.2,0.666691590652045,9.8,10825709189848.2,1104664203045.74,FLOAT
"mixed_(5,0.2,0.2)",5,0.2,0.2,0.666693077227118,9.8,9098724875113.26,928441313787.067,FLOAT
"mixed_(5,0.2,0.2)",5,0.2,0.2,0.666694652468004,9.8,7647244608856.12,780331082536.339,FLOAT
"mixed_(5,0.2,0.2)",5,0.2,0.2,0.66669632166312,9.8,6427316986246.7,655848672065.99,FLOAT
"mixed_(5,0.2,0.2)",5,0.2,0.2,0.666698090416304,9.8,5402002266640.39,551224721085.754,FLOAT
"mixed_(5,0.2,0.2)",5,0.2,0.2,0.666699964665634,9.8,4540253780722.17,463291202114.507,FLOAT
"mixed_(5,0.2,0.2)",5,0.2,0.2,0.66670195070336,9.8,3815977791376.57,389385488915.977,FLOAT
"mixed_(5,0.2,0.2)",5,0.2,0.2,0.666704055197027,9.8,3207243338591.92,327269728427.747,FLOAT
"mixed_(5,0.2,0.2)",5,0.2,0.2,0.666706285211866,9.8,2695618140174.84,275063075528.045,FLOAT
"mixed_(5,0.2,0.2)",5,0.2,0.2,0.666708648234505,9.8,2265610438456.52,231184738618.012,FLOAT
"mixed_(5,0.2,0.2)",5,0.2,0.2,0.666711152198109,9.8,1904199891553.18,194306111382.978,FLOAT
"mixed_(5,0.2,0.2)",5,0.2,0.2,0.666713805509012,9.8,1600443302761.36,163310541098.098,FLOAT
"mixed_(5,0.2,0.2)",5,0.2,0.2,0.666716617074936,9.8,1345143249046.87,137259515208.865,FLOAT
"mixed_(5,0.2,0.2)",5,0.2,0.2,0.6667195963349,9.8,1130569574470.55,115364242292.913,FLOAT
"mixed_(5,0.2,0.2)",5,0.2,0.2,0.666722753290909,9.8,950225314575.334,96961766793.4015,FLOAT
"mixed_(5,0.2,0.2)",5,0.2,0.2,0.666726098541527,9.8,798649963353.278,81494894219.7222,FLOAT
"mixed_(5,0.2,0.2)",5,0.2,0.2,0.666729643317467,9.8,671254125636.548,68495318942.5049,FLOAT
"mixed_(5,0.2,0.2)",5,0.2,0.2,0.666733399519287,9.8,564180547846.896,57569443657.8465,FLOAT
"mixed_(5,0.2,0.2)",5,0.2,0.2,0.666737379757347,9.8,474187318773.662,48386461099.3533,FLOAT
"mixed_(5,0.2,0.2)",5,0.2,0.2,0.666741597394146,9.8,398549703612.499,40668337103.3163,FLOAT
"mixed_(5,0.2,0.2)",5,0.2,0.2,0.666746066589179,9.8,334977638613.109,34181391695.2152,FLOAT
"mixed_(5,0.2,0.2)",5,0.2,0.2,0.666750802346474,9.8,281546387969.148,28729223262.1579,FLOAT
"mixed_(5,0.2,0.2)",5,0.2,0.2,0.666755820564966,9.8,236638263118.268,24146761542.6804,FLOAT
"mixed_(5,0.2,0.2)",5,0.2,0.2,0.666761138091871,9.8,198893639647.523,20295269351.7881,FLOAT
"mixed_(5,0.2,0.2)",5,0.2,0.2,0.666766772779247,9.8,167169788537.926,17058141687.5435,FLOAT
"mixed_(5,0.2,0.2)",5,0.2,0.2,0.666772743543927,9.8,140506275099.676,14337375010.1711,FLOAT
"mixed_(5,0.2,0.2)",5,0.2,0.2,0.666779070431024,9.8,118095877839.615,12050599779.5526,FLOAT
"mixed_(5,0.2,0.2)",5,0.2,0.2,0.666785774681232,9.8,99260146660.0365,10128586393.8813,FLOAT
"mixed_(5,0.2,0.2)",5,0.2,0.2,0.666792878802131,9.8,83428860263.0822,8513149006.43696,FLOAT
"mixed_(5,0.2,0.2)",5,0.2,0.2,0.66680040664375,9.8,70122760713.1827,7155383746.24313,FLOAT
"mixed_(5,0.2,0.2)",5,0.2,0.2,0.666808383478639,9.8,58939042350.7434,6014187994.97381,FLOAT
"mixed_(5,0.2,0.2)",5,0.2,0.2,0.666816836086713,9.8,49539155648.1758,5055015882.46692,FLOAT
"mixed_(5,0.2,0.2)",5,0.2,0.2,0.666825792845157,9.8,41638556706.5774,4248832316.99769,FLOAT
"mixed_(5,0.2,0.2)",5,0.2,0.2,0.666835283823696,9.8,34998091999.03,3571233877.45204,FLOAT
"mixed_(5,0.2,0.2)",5,0.2,0.2,0.666845340885544,9.8,29416757491.8968,3001709948.15274,FLOAT
"mixed_(5,0.2,0.2)",5,0.2,0.2,0.666855997794376,9.8,24725612888.1158,2523021723.27712,FLOAT
"mixed_(5,0.2,0.2)",5,0.2,0.2,0.666867290327678,9.8,20782666714.8476,2120680277.02526,FLOAT
"mixed_(5,0.2,0.2)",5,0.2,0.2,0.666879256396864,9.8,17468577377.9648,1782507895.7107,FLOAT
"mixed_(5,0.2,0.2)",5,0.2,0.2,0.666891936174548,9.8,14683040012.3435,1498269389.01464,FLOAT
"mixed_(5,0.2,0.2)",5,0.2,0.2,0.666905372229415,9.8,12341749722.9751,1259362216.63011,FLOAT
"mixed_(5,0.2,0.2)",5,0.2,0.2,0.666919609669129,9.8,10373849266.6872,1058556047.62115,FLOAT
"mixed_(5,0.2,0.2)",5,0.2,0.2,0.666934696291775,9.8,8719783891.94753,889773866.525258,FLOAT
"mixed_(5,0.2,0.2)",5,0.2,0.2,0.666950682746323,9.8,7329498383.72009,747907998.338785,FLOAT
"mixed_(5,0.2,0.2)",5,0.2,0.2,0.666967622702667,9.8,6160921722.38783,628665481.876309,FLOAT
"mixed_(5,0.2,0.2)",5,0.2,0.2,0.666985573031808,9.8,5178693474.06628,528438109.5986,FLOAT
"mixed_(5,0.2,0.2)",5,0.2,0.2,0.667004593996783,9.8,4353093350.23729,444193199.003805,FLOAT
"mixed_(5,0.2,0.2)",5,0.2,0.2,0.667024749454976,9.8,3659141525.31315,373381788.29726,FLOAT
"mixed_(5,0.2,0.2)",5,0.2,0.2,0.667046107072505,9.8,3075842472.28832,313861476.764114,FLOAT
"mixed_(5,0.2,0.2)",5,0.2,0.2,0.667068738551391,9.8,2585549421.45848,263831573.618212,FLOAT
"mixed_(5,0.2,0.2)",5,0.2,0.2,0.667092719870275,9.8,2173430200.00181,221778591.83692,FLOAT
"mixed_(5,0.2,0.2)",5,0.2,0.2,0.667118131539495,9.8,1827018279.69152,186430436.703216,FLOAT
"mixed_(5,0.2,0.2)",5,0.2,0.2,0.667145058871377,9.8,1535835440.07581,156717902.048552,FLOAT
"mixed_(5,0.2,0.2)",5,0.2,0.2,0.667173592266644,9.8,1291074622.84743,131742308.453819,FLOAT
"mixed_(5,0.2,0.2)",5,0.2,0.2,0.667203827517915,9.8,1085333375.56566,110748303.629149,FLOAT
"mixed_(5,0.2,0.2)",5,0.2,0.2,0.667235866131295,9.8,912389814.706001,93101001.5006124,FLOAT
"mixed_(5,0.2,0.2)",5,0.2,0.2,0.667269815667157,9.8,767014325.309599,78266767.8887345,FLOAT
"mixed_(5,0.2,0.2)",5,0.2,0.2,0.667305790101244,9.8,644811296.570203,65797071.0785922,FLOAT
"mixed_(5,0.2,0.2)",5,0.2,0.2,0.667343910207308,9.8,542086102.069165,55314908.3744046,FLOAT
"mixed_(5,0.2,0.2)",5,0.2,0.2,0.667384303962572,9.8,455733297.704777,46503397.7249773,FLOAT
"mixed_(5,0.2,0.2)",5,0.2,0.2,0.667427106977381,9.8,383142652.736676,39096189.0547628,FLOAT
"mixed_(5,0.2,0.2)",5,0.2,0.2,0.66747246295047,9.8,322120169.300572,32869405.0306706,FLOAT
"mixed_(5,0.2,0.2)",5,0.2,0.2,0.667520524151393,9.8,270821699.513466,27634867.2972925,FLOAT
"mixed_(5,0.2,0.2)",5,0.2,0.2,0.667571451931725,9.8,227697150.701187,23234403.1327742,FLOAT
"mixed_(5,0.2,0.2)",5,0.2,0.2,0.667625417266748,9.8,191443589.814159,19535060.1851183,FLOAT
"mixed_(5,0.2,0.2)",5,0.2,0.2,0.66768260132946,9.8,160965827.523535,16425084.441177,FLOAT
"mixed_(5,0.2,0.2)",5,0.2,0.2,0.667743196098802,9.8,135343288.926517,13810539.6863793,FLOAT
"mixed_(5,0.2,0.2)",5,0.2,0.2,0.667807405004176,9.8,113802168.098757,11612466.1325262,FLOAT
"mixed_(5,0.2,0.2)",5,0.2,0.2,0.667875443608401,9.8,95692023.6952933,9764492.21380544,FLOAT
"mixed_(5,0.2,0.2)",5,0.2,0.2,0.667947540331402,9.8,80466107.2350881,8210827.26888654,FLOAT
"mixed_(5,0.2,0.2)",5,0.2,0.2,0.668023937217061,9.8,67664828.7007225,6904574.35721658,FLOAT
"mixed_(5,0.2,0.2)",5,0.2,0.2,0.668104890745814,9.8,56901859.0518357,5806312.1481465,FLOAT
"mixed_(5,0.2,0.2)",5,0.2,0.2,0.668190672695706,9.8,47852449.0710783,4882902.96643656,FLOAT
"mixed_(5,0.2,0.2)",5,0.2,0.2,0.66828157105481,9.8,40243611.0480405,4106490.92326944,FLOAT
"mixed_(5,0.2,0.2)",5,0.2,0.2,0.668377890988062,9.8,33845866.1911623,3453659.81542473,FLOAT
"mixed_(5,0.2,0.2)",5,0.2,0.2,0.668479955861763,9.8,28466308.0491586,2904725.31113863,FLOAT
"mixed_(5,0.2,0.2)",5,0.2,0.2,0.668588108329191,9.8,23942772.0542195,2443140.0055326,FLOAT
"mixed_(5,0.2,0.2)",5,0.2,0.2,0.668702711480957,9.8,20138934.7773296,2054993.34462547,FLOAT
"mixed_(5,0.2,0.2)",5,0.2,0.2,0.668824150063978,9.8,16940194.6230979,1728591.28807122,FLOAT
"mixed_(5,0.2,0.2)",5,0.2,0.2,0.668952831773153,9.8,14250209.3411339,1454102.99399326,FLOAT
"mixed_(5,0.2,0.2)",5,0.2,0.2,0.669089188620082,9.8,11987985.60773,1223263.83752347,FLOAT
"mixed_(5,0.2,0.2)",5,0.2,0.2,0.669233678383419,9.8,10085432.6380513,1029125.77939299,FLOAT
"mixed_(5,0.2,0.2)",5,0.2,0.2,0.669386786145729,9.8,8485305.83076368,865847.533751395,FLOAT
"mixed_(5,0.2,0.2)",5,0.2,0.2,0.669549025922018,9.8,7139478.24878422,728518.188651451,FLOAT
"mixed_(5,0.2,0.2)",5,0.2,0.2,0.669720942385384,9.8,6007487.65945735,613008.944842587,FLOAT
"mixed_(5,0.2,0.2)",5,0.2,0.2,0.669903112695601,9.8,5055315.19458371,515848.489243236,FLOAT
"mixed_(5,0.2,0.2)",5,0.2,0.2,0.670096148436769,9.8,4254358.69837067,434118.234527619,FLOAT
"mixed_(5,0.2,0.2)",5,0.2,0.2,0.670300697670525,9.8,3580569.7210832,365364.257253388,FLOAT
"mixed_(5,0.2,0.2)",5,0.2,0.2,0.670517447111728,9.8,3013728.06665511,307523.272107665,FLOAT
"mixed_(5,0.2,0.2)",5,0.2,0.2,0.670747124433902,9.8,2536831.96333357,258860.404421793,FLOAT
"mixed_(5,0.2,0.2)",5,0.2,0.2,0.67099050071219,9.8,2135585.4237048,217916.879969878,FLOAT
"mixed_(5,0.2,0.2)",5,0.2,0.2,0.671248393012015,9.8,1797967.29990823,183466.051011043,FLOAT
"mixed_(5,0.2,0.2)",5,0.2,0.2,0.671521667132144,9.8,1513869.01051286,154476.429644169,FLOAT
"mixed_(5,0.2,0.2)",5,0.2,0.2,0.671811240511352,9.8,1274789.99218755,130080.611447709,FLOAT
"mixed_(5,0.2,0.2)",5,0.2,0.2,0.67211808530846,9.8,1073581.67474652,109549.150484339,FLOAT
"mixed_(5,0.2,0.2)",5,0.2,0.2,0.672443231666078,9.8,904232.24526116,92268.5964552204,FLOAT
"mixed_(5,0.2,0.2)",5,0.2,0.2,0.672787771169006,9.8,761685.700072214,77723.0306196137,FLOAT
"mixed_(5,0.2,0.2)",5,0.2,0.2,0.673152860508921,9.8,641689.720025656,65478.5428597608,FLOAT
"mixed_(5,0.2,0.2)",5,0.2,0.2,0.673539725367628,9.8,540667.775472623,55170.1811706758,FLOAT
"mixed_(5,0.2,0.2)",5,0.2,0.2,0.673949664531935,9.8,455611.599855465,46490.9795770882,FLOAT
"mixed_(5,0.2,0.2)",5,0.2,0.2,0.674384054253956,9.8,383990.786226103,39182.7332883779,FLOAT
"mixed_(5,0.2,0.2)",5,0.2,0.2,0.674844352871474,9.8,323676.778414984,33028.2426954065,FLOAT
"mixed_(5,0.2,0.2)",5,0.2,0.2,0.675332105703892,9.8,272878.963451424,27844.7921889208,FLOAT
"mixed_(5,0.2,0.2)",5,0.2,0.2,0.675848950240194,9.8,230090.937379375,23478.6670795281,FLOAT
"mixed_(5,0.2,0.2)",5,0.2,0.2,0.676396621636343,9.8,194045.323875834,19800.5432526361,FLOAT
"mixed_(5,0.2,0.2)",5,0.2,0.2,0.676976958540561,9.8,163675.783355498,16701.6105464794,FLOAT
"mixed_(5,0.2,0.2)",5,0.2,0.2,0.677591909266059,9.8,138085.067346599,14090.3129945509,FLOAT
"mixed_(5,0.2,0.2)",5,0.2,0.2,0.67824353833194,9.8,116518.155414738,11889.6076953814,FLOAT
"mixed_(5,0.2,0.2)",5,0.2,0.2,0.678934033394218,9.8,98339.6653123561,10034.6597257506,FLOAT
"mixed_(5,0.2,0.2)",5,0.2,0.2,0.679665712590243,9.8,83014.8559802679,8470.9036714559,FLOAT
"mixed_(5,0.2,0.2)",5,0.2,0.2,0.680441032321174,9.8,70093.6514226572,7152.41341047523,FLOAT
"mixed_(5,0.2,0.2)",5,0.2,0.2,0.681262595498641,9.8,59197.2045954228,6040.5310811656,FLOAT
"mixed_(5,0.2,0.2)",5,0.2,0.2,0.68213316028326,9.8,50006.5970440413,5102.71398408584,FLOAT
"mixed_(5,0.2,0.2)",5,0.2,0.2,0.683055649344363,9.8,42253.3344166778,4311.5647363957,FLOAT
"mixed_(5,0.2,0.2)",5,0.2,0.2,0.684033159672015,9.8,35711.3521066298,3644.01552108467,FLOAT
"mixed_(5,0.2,0.2)",5,0.2,0.2,0.68506897297426,9.8,30190.2907816628,3080.64191649621,FLOAT
"mixed_(5,0.2,0.2)",5,0.2,0.2,0.686166566694507,9.8,25529.8398108107,2605.08569498068,FLOAT
"mixed_(5,0.2,0.2)",5,0.2,0.2,0.687329625686041,9.8,21594.9787576616,2203.56926098588,FLOAT
"mixed_(5,0.2,0.2)",5,0.2,0.2,0.68856205458285,9.8,18271.9741444566,1864.48715759761,FLOAT
"mixed_(5,0.2,0.2)",5,0.2,0.2,0.689867990908302,9.8,15465.0114199311,1578.06238978888,FLOAT
"mixed_(5,0.2,0.2)",5,0.2,0.2,0.691251818965688,9.8,13093.3611721906,1336.05726246843,FLOAT
"mixed_(5,0.2,0.2)",5,0.2,0.2,0.692718184557244,9.8,11088.9946928681,1131.53007070082,FLOAT
"mixed_(5,0.2,0.2)",5,0.2,0.2,0.694272010581095,9.8,9394.57750543415,958.630357697362,FLOAT
"mixed_(5,0.2,0.2)",5,0.2,0.2,0.695918513558455,9.8,7961.78082637733,812.426614936463,FLOAT
"mixed_(5,0.2,0.2)",5,0.2,0.2,0.697663221146592,9.8,6749.86047578485,688.76127303927,FLOAT
"mixed_(5,0.2,0.2)",5,0.2,0.2,0.699511990696333,9.8,5724.46078164983,584.128651188759,FLOAT
"mixed_(5,0.2,0.2)",5,0.2,0.2,0.701471028916427,9.8,4856.60777218235,495.57222165126,FLOAT
"mixed_(5,0.2,0.2)",5,0.2,0.2,0.703546912710775,9.8,4121.86162602457,420.598125104548,FLOAT
"mixed_(5,0.2,0.2)",5,0.2,0.2,0.705746611258478,9.8,3499.60312271403,357.102359460616,FLOAT
"mixed_(5,0.2,0.2)",5,0.2,0.2,0.708077509410841,9.8,2972.43284881827,303.309474369211,FLOAT
"mixed_(5,0.2,0.2)",5,0.2,0.2,0.710547432483875,9.8,2525.66528981561,257.720947940369,FLOAT
"mixed_(5,0.2,0.2)",5,0.2,0.2,0.713164672529529,9.8,2146.9027756761,219.071711803683,FLOAT
"mixed_(5,0.2,0.2)",5,0.2,0.2,0.715938016173855,9.8,1825.67663465597,186.293534148568,FLOAT
"mixed_(5,0.2,0.2)",5,0.2,0.2,0.718876774115565,9.8,1553.1449169108,158.48417519498,FLOAT
"mixed_(5,0.2,0.2)",5,0.2,0.2,0.721990812384003,9.8,1321.83773755098,134.881401790916,FLOAT
"mixed_(5,0.2,0.2)",5,0.2,0.2,0.725290585461487,9.8,1125.44270849097,114.84109270316,FLOAT
"mixed_(5,0.2,0.2)",5,0.2,0.2,0.728787171381207,9.8,958.624122571989,97.8187880175499,FLOAT
"mixed_(5,0.2,0.2)",5,0.2,0.2,0.732492308918514,9.8,816.870557856673,83.3541385568034,FLOAT
"mixed_(5,0.2,0.2)",5,0.2,0.2,0.736418437000464,9.8,696.366414885437,71.0577974372895,FLOAT
"mixed_(5,0.2,0.2)",5,0.2,0.2,0.740578736465914,9.8,593.883610416043,60.6003684098003,FLOAT
"mixed_(5,0.2,0.2)",5,0.2,0.2,0.744987174316374,9.8,506.690249076457,51.7030866404548,FLOAT
"mixed_(5,0.2,0.2)",5,0.2,0.2,0.749658550606174,9.8,432.473597381845,44.1299589165148,FLOAT
"mixed_(5,0.2,0.2)",5,0.2,0.2,0.754608548129361,9.8,369.275107782467,37.6811334471905,FLOAT
"mixed_(5,0.2,0.2)",5,0.2,0.2,0.759853785070145,9.8,315.435596502277,32.1873057655385,FLOAT
"mixed_(5,0.2,0.2)",5,0.2,0.2,0.765411870793641,9.8,269.548978561856,27.5049978124342,FLOAT
"mixed_(5,0.2,0.2)",5,0.2,0.2,0.771301464964215,9.8,230.423215520921,23.5125730123388,FLOAT
"mixed_(5,0.2,0.2)",5,0.2,0.2,0.777542340189913,9.8,197.047343665508,20.1068718026029,FLOAT
"mixed_(5,0.2,0.2)",5,0.2,0.2,0.784155448403264,9.8,168.563628943018,17.200370300308,FLOAT
"mixed_(5,0.2,0.2)",5,0.2,0.2,0.791162991201332,9.8,144.24404524592,14.7187801271347,FLOAT
"mixed_(5,0.2,0.2)",5,0.2,0.2,0.798588494381158,9.8,123.470399143556,12.599020320771,FLOAT
"mixed_(5,0.2,0.2)",5,0.2,0.2,0.806456886920807,9.8,105.717530627722,10.7875031252777,FLOAT
"mixed_(5,0.2,0.2)",5,0.2,0.2,0.814794584671205,9.8,90.5391090350322,9.23868459541145,FLOAT
"mixed_(5,0.2,0.2)",5,0.2,0.2,0.823629579039712,9.8,77.5556186906075,7.91383864189873,FLOAT
"mixed_(5,0.2,0.2)",5,0.2,0.2,0.83299153096317,9.8,66.4441922027589,6.78001961252642,FLOAT
"mixed_(5,0.2,0.2)",5,0.2,0.2,0.842911870485915,9.8,56.9300025719231,5.80918393591052,FLOAT
"mixed_(5,0.2,0.2)",5,0.2,0.2,0.853423902277057,9.8,48.7789698726812,4.97744590537563,FLOAT
"mixed_(5,0.2,0.2)",5,0.2,0.2,0.864562917441269,9.8,41.7915754275342,4.26444647219736,FLOAT
"mixed_(5,0.2,0.2)",5,0.2,0.2,0.876366311998457,9.8,35.7976069916146,3.65281703996068,FLOAT
"mixed_(5,0.2,0.2)",5,0.2,0.2,0.888873712430073,9.8,30.6516829771918,3.12772275277467,FLOAT
"mixed_(5,0.2,0.2)",5,0.2,0.2,0.9,9.8,26.8788576153658,2.74274057299651,FLOAT
"mixed_(5,0.2,0.2)",5,0.2,0.2,0.902127108713561,9.8,26.2294219970422,2.67647163235124,FLOAT
"mixed_(5,0.2,0.2)",5,0.2,0.2,0.912667383761716,9.8,23.3012887326929,2.37768252374418,FLOAT
"mixed_(5,0.2,0.2)",5,0.2,0.2,0.916170995291558,9.8,22.4241346049945,2.28817700050965,FLOAT
"mixed_(5,0.2,0.2)",5,0.2,0.2,0.923730141409766,9.8,20.6739050032636,2.10958214319016,FLOAT
"mixed_(5,0.2,0.2)",5,0.2,0.2,0.931052520449102,9.8,19.1439129115166,1.95346050117516,FLOAT
"mixed_(5,0.2,0.2)",5,0.2,0.2,0.933391537091908,9.8,18.6860256073413,1.90673730687156,FLOAT
"mixed_(5,0.2,0.2)",5,0.2,0.2,0.941829086706256,9.8,17.1456226375297,1.74955333036017,FLOAT
"mixed_(5,0.2,0.2)",5,0.2,0.2,0.946821644600358,9.8,16.3089695306419,1.66418056435122,FLOAT
"mixed_(5,0.2,0.2)",5,0.2,0.2,0.94919781953087,9.8,15.9285652609272,1.62536380213543,FLOAT
"mixed_(5,0.2,0.2)",5,0.2,0.2,0.955633126690214,9.8,14.9515415418651,1.52566750427195,FLOAT
"mixed_(5,0.2,0.2)",5,0.2,0.2,0.961253248795439,9.8,14.1568185640856,1.44457332286588,FLOAT
"mixed_(5,0.2,0.2)",5,0.2,0.2,0.963531308016255,9.8,13.8489982947104,1.41316309129698,FLOAT
"mixed_(5,0.2,0.2)",5,0.2,0.2,0.966161448465718,9.8,13.5032697254038,1.37788466585753,FLOAT
"mixed_(5,0.2,0.2)",5,0.2,0.2,0.970447907647971,9.8,12.9608845097382,1.32253923568757,FLOAT
"mixed_(5,0.2,0.2)",5,0.2,0.2,0.974191384595819,9.8,12.5072954585242,1.27625463862491,FLOAT
"mixed_(5,0.2,0.2)",5,0.2,0.2,0.977460660952652,9.8,12.125516429879,1.23729759488561,FLOAT
"mixed_(5,0.2,0.2)",5,0.2,0.2,0.980315805527134,9.8,11.8024314673085,1.20432974156209,FLOAT
"mixed_(5,0.2,0.2)",5,0.2,0.2,0.981237608556118,9.8,11.7000945260685,1.19388719653761,FLOAT
"mixed_(5,0.2,0.2)",5,0.2,0.2,0.982809277981414,9.8,11.5277618747805,1.17630223212045,FLOAT
"mixed_(5,0.2,0.2)",5,0.2,0.2,0.984986892710918,9.8,11.2933455295255,1.15238219689036,FLOAT
"mixed_(5,0.2,0.2)",5,0.2,0.2,0.986888660625784,9.8,11.0926245861467,1.13190046797415,FLOAT
"mixed_(5,0.2,0.2)",5,0.2,0.2,0.988549524300617,9.8,10.9202750346664,1.1143137790476,FLOAT
"mixed_(5,0.2,0.2)",5,0.2,0.2,0.99,9.8,10.7719345637414,1.09917699630015,FLOAT
"mixed_(5,0.2,0.2)",5,0.2,0.2,0.991266738376172,9.8,10.6439996755708,1.08612241587457,FLOAT
"mixed_(5,0.2,0.2)",5,0.2,0.2,0.992373014140977,9.8,10.5334723308987,1.07484411539782,FLOAT
"mixed_(5,0.2,0.2)",5,0.2,0.2,0.993339153709191,9.8,10.4378425240434,1.06508597184116,FLOAT
"mixed_(5,0.2,0.2)",5,0.2,0.2,0.994182908670626,9.8,10.354997272252,1.05663237471959,FLOAT
"mixed_(5,0.2,0.2)",5,0.2,0.2,0.994919781953087,9.8,10.2831492711584,1.04930094603657,FLOAT
"mixed_(5,0.2,0.2)",5,0.2,0.2,0.995563312669021,9.8,10.2207803698999,1.04293677243877,FLOAT
"mixed_(5,0.2,0.2)",5,0.2,0.2,0.996125324879544,9.8,10.1665963433733,1.03740779014013,FLOAT
"mixed_(5,0.2,0.2)",5,0.2,0.2,0.996616144846572,9.8,10.1194903719162,1.0326010583588,FLOAT
"mixed_(5,0.2,0.2)",5,0.2,0.2,0.997044790764797,9.8,10.0785133034174,1.02841972483851,FLOAT
"mixed_(5,0.2,0.2)",5,0.2,0.2,0.997419138459582,9.8,10.0428492516307,1.02478053588068,FLOAT
"mixed_(5,0.2,0.2)",5,0.2,0.2,0.997746066095265,9.8,10.0117954328807,1.02161177886538,FLOAT
"mixed_(5,0.2,0.2)",5,0.2,0.2,0.998031580552713,9.8,9.98474539942963,1.01885157137037,FLOAT
"mixed_(5,0.2,0.2)",5,0.2,0.2,0.998280927798141,9.8,9.96117501781655,1.01644643038944,FLOAT
"mixed_(5,0.2,0.2)",5,0.2,0.2,0.998498689271092,9.8,9.94063068286258,1.01435006967985,FLOAT
"mixed_(5,0.2,0.2)",5,0.2,0.2,0.998688866062578,9.8,9.92271936569747,1.01252238425484,FLOAT
"mixed_(5,0.2,0.2)",5,0.2,0.2,0.998854952430062,9.8,9.9071001763197,1.01092858942038,FLOAT
"mixed_(5,0.2,0.2)",5,0.2,0.2,0.999,9.8,9.89347718445556,1.00953848820975,FLOAT
"mixed_(5,0.2,0.2)",5,0.2,0.2,0.999126673837617,9.8,9.88159329160901,1.00832584608255,FLOAT
"mixed_(5,0.2,0.2)",5,0.2,0.2,0.999237301414098,9.8,9.87122498567404,1.00726785568102,FLOAT
"mixed_(5,0.2,0.2)",5,0.2,0.2,0.999333915370919,9.8,9.86217783987088,1.00634467753784,FLOAT
"mixed_(5,0.2,0.2)",5,0.2,0.2,0.999418290867063,9.8,9.85428264195955,1.00553904509791,FLOAT
"mixed_(5,0.2,0.2)",5,0.2,0.2,0.999491978195309,9.8,9.84739205909035,1.00483592439697,FLOAT
"mixed_(5,0.2,0.2)",5,0.2,0.2,0.999556331266902,9.8,9.84137775933094,1.00422222033989,FLOAT
"mixed_(5,0.2,0.2)",5,0.2,0.2,0.999612532487954,9.8,9.83612792366757,1.00368652282322,FLOAT
"mixed_(5,0.2,0.2)",5,0.2,0.2,0.999661614484657,9.8,9.83154509272617,1.00321888701287,FLOAT
"mixed_(5,0.2,0.2)",5,0.2,0.2,0.99970447907648,9.8,9.82754430106694,1.00281064296601,FLOAT
"mixed_(5,0.2,0.2)",5,0.2,0.2,0.999741913845958,9.8,9.82405145904022,1.00245423051431,FLOAT
"mixed_(5,0.2,0.2)",5,0.2,0.2,0.999774606609527,9.8,9.82100194813355,1.00214305593199,FLOAT
"mixed_(5,0.2,0.2)",5,0.2,0.2,0.999803158055271,9.8,9.81833940071468,1.00187136741987,FLOAT
"mixed_(5,0.2,0.2)",5,0.2,0.2,0.999828092779814,9.8,9.81601463925796,1.00163414686306,FLOAT
"mixed_(5,0.2,0.2)",5,0.2,0.2,0.999849868927109,9.8,9.81398475367289,1.00142701568091,FLOAT
"mixed_(5,0.2,0.2)",5,0.2,0.2,0.999868886606258,9.8,9.81221229834699,1.00124615289255,FLOAT
"mixed_(5,0.2,0.2)",5,0.2,0.2,0.999885495243006,9.8,9.81066459305895,1.00108822378152,FLOAT
"mixed_(5,0.2,0.2)",5,0.2,0.2,0.9999,9.8,9.80931311408859,1.00095031776414,FLOAT
"mixed_(5,0.2,0.2)",5,0.2,0.2,0.999912667383762,9.8,9.80813296370609,1.00082989425572,FLOAT
"mixed_(5,0.2,0.2)",5,0.2,0.2,0.99992373014141,9.8,9.80710240781377,1.0007247354912,FLOAT
"mixed_(5,0.2,0.2)",5,0.2,0.2,0.999933391537092,9.8,9.80620247288019,1.00063290539594,FLOAT
"mixed_(5,0.2,0.2)",5,0.2,0.2,0.999941829086706,9.8,9.80541659448364,1.00055271372282,FLOAT
"mixed_(5,0.2,0.2)",5,0.2,0.2,0.999949197819531,9.8,9.80473031079569,1.00048268477507,FLOAT
"mixed_(5,0.2,0.2)",5,0.2,0.2,0.99995563312669,9.8,9.80413099521253,1.00042153012373,FLOAT
"mixed_(5,0.2,0.2)",5,0.2,0.2,0.999961253248795,9.8,9.80360762309843,1.00036812480596,FLOAT
"mixed_(5,0.2,0.2)",5,0.2,0.2,0.999966161448466,9.8,9.80315056826264,1.00032148655741,FLOAT
"mixed_(5,0.2,0.2)",5,0.2,0.2,0.999970447907648,9.8,9.80275142535875,1.00028075768967,FLOAT
"mixed_(5,0.2,0.2)",5,0.2,0.2,0.999974191384596,9.8,9.80240285488957,1.00024518927445,FLOAT
"mixed_(5,0.2,0.2)",5,0.2,0.2,0.999977460660953,9.8,9.80209844792784,1.00021412733958,FLOAT
"mixed_(5,0.2,0.2)",5,0.2,0.2,0.999980315805527,9.8,9.80183260803603,1.00018700082,FLOAT
"mixed_(5,0.2,0.2)",5,0.2,0.2,0.999982809277981,9.8,9.80160044819186,1.00016331103999,FLOAT
"mixed_(5,0.2,0.2)",5,0.2,0.2,0.999984986892711,9.8,9.80139770080674,1.0001426225313,FLOAT
"mixed_(5,0.2,0.2)",5,0.2,0.2,0.999986888660626,9.8,9.80122063917057,1.00012455501741,FLOAT
"mixed_(5,0.2,0.2)",5,0.2,0.2,0.999988549524301,9.8,9.80106600886855,1.00010877641516,FLOAT
"mixed_(5,0.2,0.2)",5,0.2,0.2,0.99999,9.8,9.80093096790179,1.00009499672467,FLOAT
"mixed_(5,0.2,0.2)",5,0.2,0.2,0.999991266738376,9.8,9.80081303440548,1.00008296269444,FLOAT
"mixed_(5,0.2,0.2)",5,0.2,0.2,0.999992373014141,9.8,9.80071004099906,1.00007245316317,FLOAT
"mixed_(5,0.2,0.2)",5,0.2,0.2,0.999993339153709,9.8,9.80062009492642,1.00006327499249,FLOAT
"mixed_(5,0.2,0.2)",5,0.2,0.2,0.999994182908671,9.8,9.80054154325043,1.00005525951535,FLOAT
"mixed_(5,0.2,0.2)",5,0.2,0.2,0.999994919781953,9.8,9.80047294246092,1.00004825943479,FLOAT
"mixed_(5,0.2,0.2)",5,0.2,0.2,0.999995563312669,9.8,9.80041303193551,1.00004214611587,FLOAT
"mixed_(5,0.2,0.2)",5,0.2,0.2,0.99999612532488,9.8,9.80036071076467,1.00003680722088,FLOAT
"mixed_(5,0.2,0.2)",5,0.2,0.2,0.999996616144847,9.8,9.80031501751442,1.00003214464433,FLOAT
"mixed_(5,0.2,0.2)",5,0.2,0.2,0.999997044790765,9.8,9.80027511255385,1.00002807270958,FLOAT
"mixed_(5,0.2,0.2)",5,0.2,0.2,0.99999741913846,9.8,9.80024026262241,1.00002451659412,FLOAT
"mixed_(5,0.2,0.2)",5,0.2,0.2,0.999997746066095,9.8,9.80020982735296,1.00002141095438,FLOAT
"mixed_(5,0.2,0.2)",5,0.2,0.2,0.999998031580553,9.8,9.80018324750259,1.00001869872475,FLOAT
"mixed_(5,0.2,0.2)",5,0.2,0.2,0.999998280927798,9.8,9.80016003467473,1.00001633006885,FLOAT
"mixed_(5,0.2,0.2)",5,0.2,0.2,0.999998498689271,9.8,9.80013976234366,1.00001426146364,FLOAT
"mixed_(5,0.2,0.2)",5,0.2,0.2,0.999998688866063,9.8,9.80012205801613,1.00001245489961,FLOAT
"mixed_(5,0.2,0.2)",5,0.2,0.2,0.99999885495243,9.8,9.80010659638629,1.00001087718227,FLOAT
"mixed_(5,0.2,0.2)",5,0.2,0.2,0.999999,9.8,9.80009309335765,1.00000949932221,FLOAT
"mixed_(5,0.2,0.2)",5,0.2,0.2,0.999999126673838,9.8,9.8000813008226,1.00000829600231,FLOAT
"mixed_(5,0.2,0.2)",5,0.2,0.2,0.999999237301414,9.8,9.80007100210322,1.00000724511257,FLOAT
"mixed_(5,0.2,0.2)",5,0.2,0.2,0.999999333915371,9.8,9.80006200796978,1.00000632734386,FLOAT
"mixed_(5,0.2,0.2)",5,0.2,0.2,0.999999418290867,9.8,9.80005415316357,1.00000552583302,FLOAT
"mixed_(5,0.2,0.2)",5,0.2,0.2,0.999999491978195,9.8,9.80004729336024,1.00000482585309,FLOAT
"mixed_(5,0.2,0.2)",5,0.2,0.2,0.999999556331267,9.8,9.80004130251792,1.00000421454265,FLOAT
"mixed_(5,0.2,0.2)",5,0.2,0.2,0.999999612532488,9.8,9.80003607056116,1.00000368066951,FLOAT
"mixed_(5,0.2,0.2)",5,0.2,0.2,0.999999661614485,9.8,9.80003150135844,1.00000321442433,FLOAT
"mixed_(5,0.2,0.2)",5,0.2,0.2,0.999999704479076,9.8,9.80002751095564,1.00000280724037,FLOAT
"mixed_(5,0.2,0.2)",5,0.2,0.2,0.999999741913846,9.8,9.80002402603363,1.00000245163608,FLOAT
"mixed_(5,0.2,0.2)",5,0.2,0.2,0.999999774606609,9.8,9.80002098256093,1.00000214107765,FLOAT
"mixed_(5,0.2,0.2)",5,0.2,0.2,0.999999803158055,9.8,9.80001832461727,1.00000186985891,FLOAT
"mixed_(5,0.2,0.2)",5,0.2,0.2,0.99999982809278,9.8,9.80001600336605,1.00000163299654,FLOAT
"mixed_(5,0.2,0.2)",5,0.2,0.2,0.999999849868927,9.8,9.80001397615701,1.00000142613847,FLOAT
"mixed_(5,0.2,0.2)",5,0.2,0.2,0.999999868886606,9.8,9.80001220574261,1.00000124548394,FLOAT
"mixed_(5,0.2,0.2)",5,0.2,0.2,0.999999885495243,9.8,9.80001065959363,1.00000108771364,FLOAT
"mixed_(5,0.2,0.2)",5,0.2,0.2,0.9999999,9.8,9.80000930930145,1.00000094992872,FLOAT
"mixed_(5,0.2,0.2)",5,0.2,0.2,0.999999912667384,9.8,9.80000813005609,1.00000082959756,FLOAT
"mixed_(5,0.2,0.2)",5,0.2,0.2,0.999999923730141,9.8,9.80000710019036,1.00000072450922,FLOAT
"mixed_(5,0.2,0.2)",5,0.2,0.2,0.999999933391537,9.8,9.80000620078175,1.00000063273283,FLOAT
"mixed_(5,0.2,0.2)",5,0.2,0.2,0.999999941829087,9.8,9.80000541530475,1.00000055258212,FLOAT
"mixed_(5,0.2,0.2)",5,0.2,0.2,0.99999994919782,9.8,9.80000472932717,1.0000004825844,FLOAT
"mixed_(5,0.2,0.2)",5,0.2,0.2,0.999999955633127,9.8,9.80000413024503,1.00000042145357,FLOAT
"mixed_(5,0.2,0.2)",5,0.2,0.2,0.999999961253249,9.8,9.80000360705097,1.00000036806643,FLOAT
"mixed_(5,0.2,0.2)",5,0.2,0.2,0.999999966161448,9.8,9.80000315013192,1.00000032144203,FLOAT
"mixed_(5,0.2,0.2)",5,0.2,0.2,0.999999970447908,9.8,9.80000275109256,1.00000028072373,FLOAT
"mixed_(5,0.2,0.2)",5,0.2,0.2,0.999999974191385,9.8,9.80000240260108,1.00000024516337,FLOAT
"mixed_(5,0.2,0.2)",5,0.2,0.2,0.999999977460661,9.8,9.80000209825435,1.00000021410759,FLOAT
"mixed_(5,0.2,0.2)",5,0.2,0.2,0.999999980315806,9.8,9.8000018324604,1.00000018698575,FLOAT
"mixed_(5,0.2,0.2)",5,0.2,0.2,0.999999982809278,9.8,9.80000160033559,1.00000016329955,FLOAT
"mixed_(5,0.2,0.2)",5,0.2,0.2,0.999999984986893,9.8,9.80000139761494,1.00000014261377,FLOAT
"mixed_(5,0.2,0.2)",5,0.2,0.2,0.999999986888661,9.8,9.80000122057367,1.00000012454833,FLOAT
"mixed_(5,0.2,0.2)",5,0.2,0.2,0.999999988549524,9.8,9.80000106595891,1.00000010877132,FLOAT
"mixed_(5,0.2,0.2)",5,0.2,0.2,0.99999999,9.8,9.80000093092981,1.00000009499284,FLOAT
"weak_pair_loops_(1.01,0.99,1.005)",1.01,0.99,1.005,0.666666676666667,9.01483740224194,1.67583895990892e+23,1.85897857624382e+22,FLOAT
"weak_pair_loops_(1.01,0.99,1.005)",1.01,0.99,1.005,0.66666667726311,9.01483740224194,1.40848390090339e+23,1.56240632865226e+22,FLOAT
"weak_pair_loops_(1.01,0.99,1.005)",1.01,0.99,1.005,0.666666677895128,9.01483740224194,1.1837813965965e+23,1.31314780708313e+22,FLOAT
"weak_pair_loops_(1.01,0.99,1.005)",1.01,0.99,1.005,0.666666678564843,9.01483740224194,9.94926783778482e+22,1.10365471875405e+22,FLOAT
"weak_pair_loops_(1.01,0.99,1.005)",1.01,0.99,1.005,0.666666679274502,9.01483740224194,8.36201123230689e+22,9.27583145340737e+21,FLOAT
"weak_pair_loops_(1.01,0.99,1.005)",1.01,0.99,1.005,0.666666680026488,9.01483740224194,7.02797710258084e+22,7.79601094173149e+21,FLOAT
"weak_pair_loops_(1.01,0.99,1.005)",1.01,0.99,1.005,0.666666680823326,9.01483740224194,5.90676856955992e+22,6.5522741076738e+21,FLOAT
"weak_pair_loops_(1.01,0.99,1.005)",1.01,0.99,1.005,0.666666681667691,9.01483740224194,4.96443213617998e+22,5.50695693628967e+21,FLOAT
"weak_pair_loops_(1.01,0.99,1.005)",1.01,0.99,1.005,0.666666682562417,9.01483740224194,4.1724311938125e+22,4.62840427135696e+21,FLOAT
"weak_pair_loops_(1.01,0.99,1.005)",1.01,0.99,1.005,0.666666683510509,9.01483740224194,3.50678217599806e+22,3.89001156596118e+21,FLOAT
"weak_pair_loops_(1.01,0.99,1.005)",1.01,0.99,1.005,0.666666684515149,9.01483740224194,2.94732753303892e+22,3.26941840604461e+21,FLOAT
"weak_pair_loops_(1.01,0.99,1.005)",1.01,0.99,1.005,0.66666668557971,9.01483740224194,2.47712548644486e+22,2.74783157578506e+21,FLOAT
"weak_pair_loops_(1.01,0.99,1.005)",1.01,0.99,1.005,0.666666686707767,9.01483740224194,2.08193723413475e+22,2.3094562233779e+21,FLOAT
"weak_pair_loops_(1.01,0.99,1.005)",1.01,0.99,1.005,0.666666687903105,9.01483740224194,1.74979527890824e+22,1.94101701542956e+21,FLOAT
"weak_pair_loops_(1.01,0.99,1.005)",1.01,0.99,1.005,0.666666689169739,9.01483740224194,1.47064162222168e+22,1.63135679169981e+21,FLOAT
"weak_pair_loops_(1.01,0.99,1.005)",1.01,0.99,1.005,0.66666669051192,9.01483740224194,1.23602275543195e+22,1.37109822427253e+21,FLOAT
"weak_pair_loops_(1.01,0.99,1.005)",1.01,0.99,1.005,0.666666691934155,9.01483740224194,1.03883382605556e+22,1.15236002570296e+21,FLOAT
"weak_pair_loops_(1.01,0.99,1.005)",1.01,0.99,1.005,0.666666693441218,9.01483740224194,8.73103430193389e+21,9.68518223053311e+20,FLOAT
"weak_pair_loops_(1.01,0.99,1.005)",1.01,0.99,1.005,0.666666695038169,9.01483740224194,7.33812836991491e+21,8.14005626778134e+20,FLOAT
"weak_pair_loops_(1.01,0.99,1.005)",1.01,0.99,1.005,0.666666696730369,9.01483740224194,6.16743982443069e+21,6.84143212932147e+20,FLOAT
"weak_pair_loops_(1.01,0.99,1.005)",1.01,0.99,1.005,0.666666698523499,9.01483740224194,5.18351711785901e+21,5.74998403916848e+20,FLOAT
"weak_pair_loops_(1.01,0.99,1.005)",1.01,0.99,1.005,0.666666700423579,9.01483740224194,4.35656449843736e+21,4.83266009584811e+20,FLOAT
"weak_pair_loops_(1.01,0.99,1.005)",1.01,0.99,1.005,0.666666702436989,9.01483740224194,3.66153977783871e+21,4.06168144189501e+20,FLOAT
"weak_pair_loops_(1.01,0.99,1.005)",1.01,0.99,1.005,0.666666704570486,9.01483740224194,3.07739593133093e+21,3.41370098429684e+20,FLOAT
"weak_pair_loops_(1.01,0.99,1.005)",1.01,0.99,1.005,0.666666706831235,9.01483740224194,2.58644344791051e+21,2.86909606075344e+20,FLOAT
"weak_pair_loops_(1.01,0.99,1.005)",1.01,0.99,1.005,0.666666709226825,9.01483740224194,2.17381509141027e+21,2.41137470862165e+20,FLOAT
"weak_pair_loops_(1.01,0.99,1.005)",1.01,0.99,1.005,0.666666711765299,9.01483740224194,1.82701542759712e+21,2.02667596327667e+20,FLOAT
"weak_pair_loops_(1.01,0.99,1.005)",1.01,0.99,1.005,0.666666714455177,9.01483740224194,1.53554246813106e+21,1.70335015443449e+20,FLOAT
"weak_pair_loops_(1.01,0.99,1.005)",1.01,0.99,1.005,0.666666717305492,9.01483740224194,1.29056964542724e+21,1.4316061264802e+20,FLOAT
"weak_pair_loops_(1.01,0.99,1.005)",1.01,0.99,1.005,0.666666720325813,9.01483740224194,1.08467856483307e+21,1.20321478517551e+20,FLOAT
"weak_pair_loops_(1.01,0.99,1.005)",1.01,0.99,1.005,0.666666723526278,9.01483740224194,9.1163433827364e+20,1.01125987923745e+20,FLOAT
"weak_pair_loops_(1.01,0.99,1.005)",1.01,0.99,1.005,0.666666726917633,9.01483740224194,7.66196718705311e+20,8.49928495121568e+19,FLOAT
"weak_pair_loops_(1.01,0.99,1.005)",1.01,0.99,1.005,0.666666730511263,9.01483740224194,6.43961505106709e+20,7.14335130378014e+19,FLOAT
"weak_pair_loops_(1.01,0.99,1.005)",1.01,0.99,1.005,0.666666734319233,9.01483740224194,5.41227083912803e+20,6.00373650420143e+19,FLOAT
"weak_pair_loops_(1.01,0.99,1.005)",1.01,0.99,1.005,0.666666738354327,9.01483740224194,4.54882405925118e+20,5.04593023288464e+19,FLOAT
"weak_pair_loops_(1.01,0.99,1.005)",1.01,0.99,1.005,0.666666742630091,9.01483740224194,3.82312724739731e+20,4.24092756952724e+19,FLOAT
"weak_pair_loops_(1.01,0.99,1.005)",1.01,0.99,1.005,0.66666674716088,9.01483740224194,3.21320452413182e+20,3.56435105899161e+19,FLOAT
"weak_pair_loops_(1.01,0.99,1.005)",1.01,0.99,1.005,0.666666751961906,9.01483740224194,2.70058583333979e+20,2.99571219406373e+19,FLOAT
"weak_pair_loops_(1.01,0.99,1.005)",1.01,0.99,1.005,0.666666757049286,9.01483740224194,2.26974780155149e+20,2.51779117057288e+19,FLOAT
"weak_pair_loops_(1.01,0.99,1.005)",1.01,0.99,1.005,0.666666762440099,9.01483740224194,1.90764353266253e+20,2.11611529697486e+19,FLOAT
"weak_pair_loops_(1.01,0.99,1.005)",1.01,0.99,1.005,0.666666768152444,9.01483740224194,1.60330755612899e+20,1.77852077035827e+19,FLOAT
"weak_pair_loops_(1.01,0.99,1.005)",1.01,0.99,1.005,0.666666774205498,9.01483740224194,1.34752384684876e+20,1.49478441675902e+19,FLOAT
"weak_pair_loops_(1.01,0.99,1.005)",1.01,0.99,1.005,0.666666780619582,9.01483740224194,1.13254659117081e+20,1.25631394182346e+19,FLOAT
"weak_pair_loops_(1.01,0.99,1.005)",1.01,0.99,1.005,0.66666678741623,9.01483740224194,9.51865744736309e+19,1.05588786825993e+19,FLOAT
"weak_pair_loops_(1.01,0.99,1.005)",1.01,0.99,1.005,0.66666679461826,9.01483740224194,8.00009818314262e+19,8.87436769647453e+18,FLOAT
"weak_pair_loops_(1.01,0.99,1.005)",1.01,0.99,1.005,0.666666802249851,9.01483740224194,6.72380232157454e+19,7.45859522646784e+18,FLOAT
"weak_pair_loops_(1.01,0.99,1.005)",1.01,0.99,1.005,0.666666810336623,9.01483740224194,5.65112037265936e+19,6.26868807556525e+18,FLOAT
"weak_pair_loops_(1.01,0.99,1.005)",1.01,0.99,1.005,0.666666818905725,9.01483740224194,4.74956876598252e+19,5.2686127925073e+18,FLOAT
"weak_pair_loops_(1.01,0.99,1.005)",1.01,0.99,1.005,0.666666827985925,9.01483740224194,3.99184621426282e+19,4.42808454123651e+18,FLOAT
"weak_pair_loops_(1.01,0.99,1.005)",1.01,0.99,1.005,0.666666837607709,9.01483740224194,3.35500695891346e+19,3.72164999679206e+18,FLOAT
"weak_pair_loops_(1.01,0.99,1.005)",1.01,0.99,1.005,0.666666847803377,9.01483740224194,2.81976586143474e+19,3.12791649545835e+18,FLOAT
"weak_pair_loops_(1.01,0.99,1.005)",1.01,0.99,1.005,0.66666685860716,9.01483740224194,2.36991446468201e+19,2.62890428183722e+18,FLOAT
"weak_pair_loops_(1.01,0.99,1.005)",1.01,0.99,1.005,0.666666870055327,9.01483740224194,1.99183012915922e+19,2.20950200240313e+18,FLOAT
"weak_pair_loops_(1.01,0.99,1.005)",1.01,0.99,1.005,0.666666882186313,9.01483740224194,1.67406348447871e+19,1.85700907268985e+18,FLOAT
"weak_pair_loops_(1.01,0.99,1.005)",1.01,0.99,1.005,0.666666895040844,9.01483740224194,1.40699174527284e+19,1.56075110675089e+18,FLOAT
"weak_pair_loops_(1.01,0.99,1.005)",1.01,0.99,1.005,0.666666908662074,9.01483740224194,1.18252730389243e+19,1.31175666418381e+18,FLOAT
"weak_pair_loops_(1.01,0.99,1.005)",1.01,0.99,1.005,0.666666923095735,9.01483740224194,9.93872801124627e+18,1.10248555440108e+18,FLOAT
"weak_pair_loops_(1.01,0.99,1.005)",1.01,0.99,1.005,0.666666938390282,9.01483740224194,8.35315298333425e+18,9.26600515418822e+17,FLOAT
"weak_pair_loops_(1.01,0.99,1.005)",1.01,0.99,1.005,0.666666954597062,9.01483740224194,7.02053267933218e+18,7.78775297443103e+17,FLOAT
"weak_pair_loops_(1.01,0.99,1.005)",1.01,0.99,1.005,0.666666971770485,9.01483740224194,5.90051199738083e+18,6.54533380259682e+17,FLOAT
"weak_pair_loops_(1.01,0.99,1.005)",1.01,0.99,1.005,0.666666989968206,9.01483740224194,4.95917381497337e+18,5.5011239733953e+17,FLOAT
"weak_pair_loops_(1.01,0.99,1.005)",1.01,0.99,1.005,0.666667009251318,9.01483740224194,4.16801203518232e+18,4.62350217669568e+17,FLOAT
"weak_pair_loops_(1.01,0.99,1.005)",1.01,0.99,1.005,0.666667029684559,9.01483740224194,3.50306826185497e+18,3.88589178656043e+17,FLOAT
"weak_pair_loops_(1.01,0.99,1.005)",1.01,0.99,1.005,0.666667051336528,9.01483740224194,2.94420629519717e+18,3.26595607200298e+17,FLOAT
"weak_pair_loops_(1.01,0.99,1.005)",1.01,0.99,1.005,0.666667074279914,9.01483740224194,2.47450238052281e+18,2.74492181068891e+17,FLOAT
"weak_pair_loops_(1.01,0.99,1.005)",1.01,0.99,1.005,0.666667098591744,9.01483740224194,2.07973267916484e+18,2.30701074946468e+17,FLOAT
"weak_pair_loops_(1.01,0.99,1.005)",1.01,0.99,1.005,0.666667124353638,9.01483740224194,1.74794256384266e+18,1.93896183131152e+17,FLOAT
"weak_pair_loops_(1.01,0.99,1.005)",1.01,0.99,1.005,0.666667151652083,9.01483740224194,1.46908458518541e+18,1.62962959800036e+17,FLOAT
"weak_pair_loops_(1.01,0.99,1.005)",1.01,0.99,1.005,0.666667180578726,9.01483740224194,1.23471421322292e+18,1.36964668149849e+17,FLOAT
"weak_pair_loops_(1.01,0.99,1.005)",1.01,0.99,1.005,0.66666721123068,9.01483740224194,1.03773411721019e+18,1.15114013809291e+17,FLOAT
"weak_pair_loops_(1.01,0.99,1.005)",1.01,0.99,1.005,0.66666724371085,9.01483740224194,8.72179239811659e+17,9.67493034976708e+16,FLOAT
"weak_pair_loops_(1.01,0.99,1.005)",1.01,0.99,1.005,0.666667278128279,9.01483740224194,7.33036157240455e+17,8.13144069640294e+16,FLOAT
"weak_pair_loops_(1.01,0.99,1.005)",1.01,0.99,1.005,0.666667314598514,9.01483740224194,6.16091265581023e+17,6.83419165638866e+16,FLOAT
"weak_pair_loops_(1.01,0.99,1.005)",1.01,0.99,1.005,0.666667353243992,9.01483740224194,5.17803174844984e+17,5.74389921571086e+16,FLOAT
"weak_pair_loops_(1.01,0.99,1.005)",1.01,0.99,1.005,0.666667394194455,9.01483740224194,4.35195472641712e+17,4.82754655711796e+16,FLOAT
"weak_pair_loops_(1.01,0.99,1.005)",1.01,0.99,1.005,0.666667437587381,9.01483740224194,3.65766588528084e+17,4.05738420126268e+16,FLOAT
"weak_pair_loops_(1.01,0.99,1.005)",1.01,0.99,1.005,0.666667483568452,9.01483740224194,3.07414039573192e+17,3.41008967612372e+16,FLOAT
"weak_pair_loops_(1.01,0.99,1.005)",1.01,0.99,1.005,0.666667532292033,9.01483740224194,2.58370762469239e+17,2.86606126035045e+16,FLOAT
"weak_pair_loops_(1.01,0.99,1.005)",1.01,0.99,1.005,0.666667583921701,9.01483740224194,2.17151602844161e+17,2.40882439865368e+16,FLOAT
"weak_pair_loops_(1.01,0.99,1.005)",1.01,0.99,1.005,0.666667638630787,9.01483740224194,1.8250834021141e+17,2.02453280151255e+16,FLOAT
"weak_pair_loops_(1.01,0.99,1.005)",1.01,0.99,1.005,0.666667696602962,9.01483740224194,1.53391888979859e+17,1.70154914764976e+16,FLOAT
"weak_pair_loops_(1.01,0.99,1.005)",1.01,0.99,1.005,0.66666775803285,9.01483740224194,1.28920529305205e+17,1.43009267447401e+16,FLOAT
"weak_pair_loops_(1.01,0.99,1.005)",1.01,0.99,1.005,0.666667823126684,9.01483740224194,1.08353206608405e+17,1.20194299435127e+16,FLOAT
"weak_pair_loops_(1.01,0.99,1.005)",1.01,0.99,1.005,0.666667892102997,9.01483740224194,9.10670905053677e+16,1.01019115977311e+16,FLOAT
"weak_pair_loops_(1.01,0.99,1.005)",1.01,0.99,1.005,0.666667965193359,9.01483740224194,7.65387137479135e+16,8.49030440958134e+15,FLOAT
"weak_pair_loops_(1.01,0.99,1.005)",1.01,0.99,1.005,0.666668042643148,9.01483740224194,6.43281205286688e+16,7.13580485796347e+15,FLOAT
"weak_pair_loops_(1.01,0.99,1.005)",1.01,0.99,1.005,0.66666812471238,9.01483740224194,5.4065543290878e+16,5.99739528052189e+15,FLOAT
"weak_pair_loops_(1.01,0.99,1.005)",1.01,0.99,1.005,0.666668211676578,9.01483740224194,4.54402054147138e+16,5.04060177540341e+15,FLOAT
"weak_pair_loops_(1.01,0.99,1.005)",1.01,0.99,1.005,0.666668303827701,9.01483740224194,3.81909099820603e+16,4.2364502295474e+15,FLOAT
"weak_pair_loops_(1.01,0.99,1.005)",1.01,0.99,1.005,0.666668401475117,9.01483740224194,3.20981301489299e+16,3.56058891766004e+15,FLOAT
"weak_pair_loops_(1.01,0.99,1.005)",1.01,0.99,1.005,0.666668504946651,9.01483740224194,2.69773612605556e+16,2.99255106407649e+15,FLOAT
"weak_pair_loops_(1.01,0.99,1.005)",1.01,0.99,1.005,0.666668614589678,9.01483740224194,2.26735336124764e+16,2.51513506021058e+15,FLOAT
"weak_pair_loops_(1.01,0.99,1.005)",1.01,0.99,1.005,0.666668730772293,9.01483740224194,1.90563165431372e+16,2.1138835558363e+15,FLOAT
"weak_pair_loops_(1.01,0.99,1.005)",1.01,0.99,1.005,0.666668853884545,9.01483740224194,1.6016171687373e+16,1.77664565346347e+15,FLOAT
"weak_pair_loops_(1.01,0.99,1.005)",1.01,0.99,1.005,0.666668984339748,9.01483740224194,1.34610358721587e+16,1.49320894781874e+15,FLOAT
"weak_pair_loops_(1.01,0.99,1.005)",1.01,0.99,1.005,0.666669122575868,9.01483740224194,1.13135332321346e+16,1.25499027074199e+15,FLOAT
"weak_pair_loops_(1.01,0.99,1.005)",1.01,0.99,1.005,0.666669269056992,9.01483740224194,9.50863204498637e+15,1.05477576807116e+15,FLOAT
"weak_pair_loops_(1.01,0.99,1.005)",1.01,0.99,1.005,0.666669424274889,9.01483740224194,7.99167542860894e+15,886502448354915,FLOAT
"weak_pair_loops_(1.01,0.99,1.005)",1.01,0.99,1.005,0.666669588750657,9.01483740224194,6.71672617695618e+15,745074578415110,FLOAT
"weak_pair_loops_(1.01,0.99,1.005)",1.01,0.99,1.005,0.666669763036477,9.01483740224194,5.64517567692754e+15,626209372952597,FLOAT
"weak_pair_loops_(1.01,0.99,1.005)",1.01,0.99,1.005,0.666669947717462,9.01483740224194,4.74457473644981e+15,526307300370150,FLOAT
"weak_pair_loops_(1.01,0.99,1.005)",1.01,0.99,1.005,0.666670143413626,9.01483740224194,3.98765094106079e+15,442343079872864,FLOAT
"weak_pair_loops_(1.01,0.99,1.005)",1.01,0.99,1.005,0.666670350781961,9.01483740224194,3.3514827818368e+15,371774068936985,FLOAT
"weak_pair_loops_(1.01,0.99,1.005)",1.01,0.99,1.005,0.666670570518648,9.01483740224194,2.8168055286116e+15,312463265051356,FLOAT
"weak_pair_loops_(1.01,0.99,1.005)",1.01,0.99,1.005,0.666670803361388,9.01483740224194,2.367427847923e+15,262614592176032,FLOAT
"weak_pair_loops_(1.01,0.99,1.005)",1.01,0.99,1.005,0.666671050091883,9.01483740224194,1.98974148923308e+15,220718511100183,FLOAT
"weak_pair_loops_(1.01,0.99,1.005)",1.01,0.99,1.005,0.66667131153846,9.01483740224194,1.67230919270723e+15,185506306779459,FLOAT
"weak_pair_loops_(1.01,0.99,1.005)",1.01,0.99,1.005,0.666671588578849,9.01483740224194,1.4055183400021e+15,155911668429267,FLOAT
"weak_pair_loops_(1.01,0.99,1.005)",1.01,0.99,1.005,0.666671882143135,9.01483740224194,1.18128986058817e+15,131038399016980,FLOAT
"weak_pair_loops_(1.01,0.99,1.005)",1.01,0.99,1.005,0.666672193216873,9.01483740224194,992833577353834,110133276181656,FLOAT
"weak_pair_loops_(1.01,0.99,1.005)",1.01,0.99,1.005,0.666672522844405,9.01483740224194,834442582757362,92563242743550.9,FLOAT
"weak_pair_loops_(1.01,0.99,1.005)",1.01,0.99,1.005,0.666672872132358,9.01483740224194,701320419782345,77796236192560.8,FLOAT
"weak_pair_loops_(1.01,0.99,1.005)",1.01,0.99,1.005,0.666673242253367,9.01483740224194,589435833407125,65385076525122.4,FLOAT
"weak_pair_loops_(1.01,0.99,1.005)",1.01,0.99,1.005,0.666673634450005,9.01483740224194,495400693943429,54953924495657.1,FLOAT
"weak_pair_loops_(1.01,0.99,1.005)",1.01,0.99,1.005,0.66667405003896,9.01483740224194,416367396250526,46186900292508.7,FLOAT
"weak_pair_loops_(1.01,0.99,1.005)",1.01,0.99,1.005,0.66667449041545,9.01483740224194,349942627290466,38818517925064.1,FLOAT
"weak_pair_loops_(1.01,0.99,1.005)",1.01,0.99,1.005,0.666674957057912,9.01483740224194,294114890562275,32625645637172.6,FLOAT
"weak_pair_loops_(1.01,0.99,1.005)",1.01,0.99,1.005,0.666675451532965,9.01483740224194,247193593074090,27420748932489.3,FLOAT
"weak_pair_loops_(1.01,0.99,1.005)",1.01,0.99,1.005,0.666675975500663,9.01483740224194,207757850226688,23046211590574,FLOAT
"weak_pair_loops_(1.01,0.99,1.005)",1.01,0.99,1.005,0.666676530720078,9.01483740224194,174613457717386,19369562636144.8,FLOAT
"weak_pair_loops_(1.01,0.99,1.005)",1.01,0.99,1.005,0.666677119055197,9.01483740224194,146756728273529,16279464811759.2,FLOAT
"weak_pair_loops_(1.01,0.99,1.005)",1.01,0.99,1.005,0.666677742481186,9.01483740224194,123344097515783,13682343009881.4,FLOAT
"weak_pair_loops_(1.01,0.99,1.005)",1.01,0.99,1.005,0.666678403091018,9.01483740224194,103666578799866,11499550593567.5,FLOAT
"weak_pair_loops_(1.01,0.99,1.005)",1.01,0.99,1.005,0.666679103102497,9.01483740224194,87128293385969.8,9664987786058.29,FLOAT
"weak_pair_loops_(1.01,0.99,1.005)",1.01,0.99,1.005,0.666679844865711,9.01483740224194,73228425802172,8123100011095.1,FLOAT
"weak_pair_loops_(1.01,0.99,1.005)",1.01,0.99,1.005,0.666680630870915,9.01483740224194,61546057937468,6827195565630.71,FLOAT
"weak_pair_loops_(1.01,0.99,1.005)",1.01,0.99,1.005,0.666681463756893,9.01483740224194,51727422663480.1,5738031686585.48,FLOAT
"weak_pair_loops_(1.01,0.99,1.005)",1.01,0.99,1.005,0.666682346319819,9.01483740224194,43475190904721.4,4822626184462.22,FLOAT
"weak_pair_loops_(1.01,0.99,1.005)",1.01,0.99,1.005,0.666683281522644,9.01483740224194,36539467818976.1,4053258665529.45,FLOAT
"weak_pair_loops_(1.01,0.99,1.005)",1.01,0.99,1.005,0.666684272505039,9.01483740224194,30710225394962.4,3406631093238.02,FLOAT
"weak_pair_loops_(1.01,0.99,1.005)",1.01,0.99,1.005,0.666685322593942,9.01483740224194,25810942310987.8,2863162268968.8,FLOAT
"weak_pair_loops_(1.01,0.99,1.005)",1.01,0.99,1.005,0.666686435314721,9.01483740224194,21693258460816.9,2406394868023.02,FLOAT
"weak_pair_loops_(1.01,0.99,1.005)",1.01,0.99,1.005,0.666687614403016,9.01483740224194,18232482263320.9,2022497073412.17,FLOAT
"weak_pair_loops_(1.01,0.99,1.005)",1.01,0.99,1.005,0.666688863817274,9.01483740224194,15323814718587.8,1699843717067.69,FLOAT
"weak_pair_loops_(1.01,0.99,1.005)",1.01,0.99,1.005,0.666690187752041,9.01483740224194,12879175852359.4,1428664242924.27,FLOAT
"weak_pair_loops_(1.01,0.99,1.005)",1.01,0.99,1.005,0.666691590652045,9.01483740224194,10824537455656.9,1200746832434.81,FLOAT
"weak_pair_loops_(1.01,0.99,1.005)",1.01,0.99,1.005,0.666693077227118,9.01483740224194,9097681344750.86,1009189732306.02,FLOAT
"weak_pair_loops_(1.01,0.99,1.005)",1.01,0.99,1.005,0.666694652468004,9.01483740224194,7646315255540.27,848192253987.706,FLOAT
"weak_pair_loops_(1.01,0.99,1.005)",1.01,0.99,1.005,0.66669632166312,9.01483740224194,6426489317838.5,712879115960.569,FLOAT
"weak_pair_loops_(1.01,0.99,1.005)",1.01,0.99,1.005,0.666698090416304,9.01483740224194,5401265157743.46,599152809611.43,FLOAT
"weak_pair_loops_(1.01,0.99,1.005)",1.01,0.99,1.005,0.666699964665634,9.01483740224194,4539597323151.25,503569517739.974,FLOAT
"weak_pair_loops_(1.01,0.99,1.005)",1.01,0.99,1.005,0.66670195070336,9.01483740224194,3815393160985.87,423234828399.346,FLOAT
"weak_pair_loops_(1.01,0.99,1.005)",1.01,0.99,1.005,0.666704055197027,9.01483740224194,3206722676673.2,355716086002.362,FLOAT
"weak_pair_loops_(1.01,0.99,1.005)",1.01,0.99,1.005,0.666706285211866,9.01483740224194,2695154447831.54,298968725399.447,FLOAT
"weak_pair_loops_(1.01,0.99,1.005)",1.01,0.99,1.005,0.666708648234505,9.01483740224194,2265197482533.84,251274358200.904,FLOAT
"weak_pair_loops_(1.01,0.99,1.005)",1.01,0.99,1.005,0.666711152198109,9.01483740224194,1903832120860.26,211188736514.182,FLOAT
"weak_pair_loops_(1.01,0.99,1.005)",1.01,0.99,1.005,0.666713805509012,9.01483740224194,1600115773459.18,177498018218.414,FLOAT
"weak_pair_loops_(1.01,0.99,1.005)",1.01,0.99,1.005,0.666716617074936,9.01483740224194,1344851558199.26,149182009413.149,FLOAT
"weak_pair_loops_(1.01,0.99,1.005)",1.01,0.99,1.005,0.6667195963349,9.01483740224194,1130309800865.23,125383270982.14,FLOAT
"weak_pair_loops_(1.01,0.99,1.005)",1.01,0.99,1.005,0.666722753290909,9.01483740224194,949993966019.475,105381153717.006,FLOAT
"weak_pair_loops_(1.01,0.99,1.005)",1.01,0.99,1.005,0.666726098541527,9.01483740224194,798443929735.341,88569975708.799,FLOAT
"weak_pair_loops_(1.01,0.99,1.005)",1.01,0.99,1.005,0.666729643317467,9.01483740224194,671070637123.473,74440681199.2617,FLOAT
"weak_pair_loops_(1.01,0.99,1.005)",1.01,0.99,1.005,0.666733399519287,9.01483740224194,564017137654.816,62565425474.5126,FLOAT
"weak_pair_loops_(1.01,0.99,1.005)",1.01,0.99,1.005,0.666737379757347,9.01483740224194,474041790011.782,52584618985.3508,FLOAT
"weak_pair_loops_(1.01,0.99,1.005)",1.01,0.99,1.005,0.666741597394146,9.01483740224194,398420099754.475,44196038372.8485,FLOAT
"weak_pair_loops_(1.01,0.99,1.005)",1.01,0.99,1.005,0.666746066589179,9.01483740224194,334862217199.098,37145674653.6349,FLOAT
"weak_pair_loops_(1.01,0.99,1.005)",1.01,0.99,1.005,0.666750802346474,9.01483740224194,281443597185.031,31220041430.2578,FLOAT
"weak_pair_loops_(1.01,0.99,1.005)",1.01,0.99,1.005,0.666755820564966,9.01483740224194,236546720937.286,26239710200.2593,FLOAT
"weak_pair_loops_(1.01,0.99,1.005)",1.01,0.99,1.005,0.666761138091871,9.01483740224194,198812115253.979,22053877001.1022,FLOAT
"weak_pair_loops_(1.01,0.99,1.005)",1.01,0.99,1.005,0.666766772779247,9.01483740224194,167097185783.278,18535795858.2505,FLOAT
"weak_pair_loops_(1.01,0.99,1.005)",1.01,0.99,1.005,0.666772743543927,9.01483740224194,140441617768.654,15578940750.9143,FLOAT
"weak_pair_loops_(1.01,0.99,1.005)",1.01,0.99,1.005,0.666779070431024,9.01483740224194,118038296528.346,13093779872.1684,FLOAT
"weak_pair_loops_(1.01,0.99,1.005)",1.01,0.99,1.005,0.666785774681232,9.01483740224194,99208867089.8127,11005064502.3437,FLOAT
"weak_pair_loops_(1.01,0.99,1.005)",1.01,0.99,1.005,0.666792878802131,9.01483740224194,83383192872.685,9249550396.98754,FLOAT
"weak_pair_loops_(1.01,0.99,1.005)",1.01,0.99,1.005,0.66680040664375,9.01483740224194,70082091389.9025,7774082688.66541,FLOAT
"weak_pair_loops_(1.01,0.99,1.005)",1.01,0.99,1.005,0.666808383478639,9.01483740224194,58902824175.4984,6533986310.2633,FLOAT
"weak_pair_loops_(1.01,0.99,1.005)",1.01,0.99,1.005,0.666816836086713,9.01483740224194,49506901543.7866,5491713198.45154,FLOAT
"weak_pair_loops_(1.01,0.99,1.005)",1.01,0.99,1.005,0.666825792845157,9.01483740224194,41609832890.3818,4615705312.66972,FLOAT
"weak_pair_loops_(1.01,0.99,1.005)",1.01,0.99,1.005,0.666835283823696,9.01483740224194,34972512151.8419,3879439039.37129,FLOAT
"weak_pair_loops_(1.01,0.99,1.005)",1.01,0.99,1.005,0.666845340885544,9.01483740224194,29393977564.9308,3260622044.89908,FLOAT
"weak_pair_loops_(1.01,0.99,1.005)",1.01,0.99,1.005,0.666855997794376,9.01483740224194,24705326478.0835,2740518256.26266,FLOAT
"weak_pair_loops_(1.01,0.99,1.005)",1.01,0.99,1.005,0.666867290327678,9.01483740224194,20764600945.0594,2303380529.07037,FLOAT
"weak_pair_loops_(1.01,0.99,1.005)",1.01,0.99,1.005,0.666879256396864,9.01483740224194,17452489230.0803,1935973823.08193,FLOAT
"weak_pair_loops_(1.01,0.99,1.005)",1.01,0.99,1.005,0.666891936174548,9.01483740224194,14668713059.462,1627174446.40921,FLOAT
"weak_pair_loops_(1.01,0.99,1.005)",1.01,0.99,1.005,0.666905372229415,9.01483740224194,12328991220.1604,1367633232.86277,FLOAT
"weak_pair_loops_(1.01,0.99,1.005)",1.01,0.99,1.005,0.666919609669129,9.01483740224194,10362487559.8168,1149492453.10178,FLOAT
"weak_pair_loops_(1.01,0.99,1.005)",1.01,0.99,1.005,0.666934696291775,9.01483740224194,8709666110.06153,966147887.248137,FLOAT
"weak_pair_loops_(1.01,0.99,1.005)",1.01,0.99,1.005,0.666950682746323,9.01483740224194,7320488383.85166,812048854.262319,FLOAT
"weak_pair_loops_(1.01,0.99,1.005)",1.01,0.99,1.005,0.666967622702667,9.01483740224194,6152898259.25155,682530142.77566,FLOAT
"weak_pair_loops_(1.01,0.99,1.005)",1.01,0.99,1.005,0.666985573031808,9.01483740224194,5171548570.00301,573670754.030114,FLOAT
"weak_pair_loops_(1.01,0.99,1.005)",1.01,0.99,1.005,0.667004593996783,9.01483740224194,4346730843.50593,482175179.601678,FLOAT
"weak_pair_loops_(1.01,0.99,1.005)",1.01,0.99,1.005,0.667024749454976,9.01483740224194,3653475777.21662,405273618.835102,FLOAT
"weak_pair_loops_(1.01,0.99,1.005)",1.01,0.99,1.005,0.667046107072505,9.01483740224194,3070797215.75556,340638114.55899,FLOAT
"weak_pair_loops_(1.01,0.99,1.005)",1.01,0.99,1.005,0.667068738551391,9.01483740224194,2581056735.60609,286312067.588062,FLOAT
"weak_pair_loops_(1.01,0.99,1.005)",1.01,0.99,1.005,0.667092719870275,9.01483740224194,2169429596.89202,240650995.69655,FLOAT
"weak_pair_loops_(1.01,0.99,1.005)",1.01,0.99,1.005,0.667118131539495,9.01483740224194,1823455891.01088,202272743.217465,FLOAT
"weak_pair_loops_(1.01,0.99,1.005)",1.01,0.99,1.005,0.667145058871377,9.01483740224194,1532663292.80258,170015633.606594,FLOAT
"weak_pair_loops_(1.01,0.99,1.005)",1.01,0.99,1.005,0.667173592266644,9.01483740224194,1288249994.17129,142903297.828856,FLOAT
"weak_pair_loops_(1.01,0.99,1.005)",1.01,0.99,1.005,0.667203827517915,9.01483740224194,1082818218.38862,120115113.570361,FLOAT
"weak_pair_loops_(1.01,0.99,1.005)",1.01,0.99,1.005,0.667235866131295,9.01483740224194,910150246.002408,100961360.187823,FLOAT
"weak_pair_loops_(1.01,0.99,1.005)",1.01,0.99,1.005,0.667269815667157,9.01483740224194,765020170.467557,84862337.0929909,FLOAT
"weak_pair_loops_(1.01,0.99,1.005)",1.01,0.99,1.005,0.667305790101244,9.01483740224194,643035683.589586,71330813.2911711,FLOAT
"weak_pair_loops_(1.01,0.99,1.005)",1.01,0.99,1.005,0.667343910207308,9.01483740224194,540505100.161232,59957276.6589015,FLOAT
"weak_pair_loops_(1.01,0.99,1.005)",1.01,0.99,1.005,0.667384303962572,9.01483740224194,454325595.435413,50397536.3241077,FLOAT
"weak_pair_loops_(1.01,0.99,1.005)",1.01,0.99,1.005,0.667427106977381,9.01483740224194,381889271.386643,42362302.7622961,FLOAT
"weak_pair_loops_(1.01,0.99,1.005)",1.01,0.99,1.005,0.66747246295047,9.01483740224194,321004207.589654,35608430.1098789,FLOAT
"weak_pair_loops_(1.01,0.99,1.005)",1.01,0.99,1.005,0.667520524151393,9.01483740224194,269828106.256852,29931555.5253106,FLOAT
"weak_pair_loops_(1.01,0.99,1.005)",1.01,0.99,1.005,0.667571451931725,9.01483740224194,226812522.341956,25159912.7329295,FLOAT
"weak_pair_loops_(1.01,0.99,1.005)",1.01,0.99,1.005,0.667625417266748,9.01483740224194,190655990.110096,21149132.4361192,FLOAT
"weak_pair_loops_(1.01,0.99,1.005)",1.01,0.99,1.005,0.66768260132946,9.01483740224194,160264626.964253,17777872.169319,FLOAT
"weak_pair_loops_(1.01,0.99,1.005)",1.01,0.99,1.005,0.667743196098802,9.01483740224194,134719021.722131,14944143.2730253,FLOAT
"weak_pair_loops_(1.01,0.99,1.005)",1.01,0.99,1.005,0.667807405004176,9.01483740224194,113246404.8175,12562223.7833525,FLOAT
"weak_pair_loops_(1.01,0.99,1.005)",1.01,0.99,1.005,0.667875443608401,9.01483740224194,95197257.837845,10560063.7693332,FLOAT
"weak_pair_loops_(1.01,0.99,1.005)",1.01,0.99,1.005,0.667947540331402,9.01483740224194,80025654.2207171,8877104.56106676,FLOAT
"weak_pair_loops_(1.01,0.99,1.005)",1.01,0.99,1.005,0.668023937217061,9.01483740224194,67272735.9071736,7462445.84405297,FLOAT
"weak_pair_loops_(1.01,0.99,1.005)",1.01,0.99,1.005,0.668104890745814,9.01483740224194,56552825.6994971,6273305.12754814,FLOAT
"weak_pair_loops_(1.01,0.99,1.005)",1.01,0.99,1.005,0.668190672695706,9.01483740224194,47541754.8742862,5273722.94728941,FLOAT
"weak_pair_loops_(1.01,0.99,1.005)",1.01,0.99,1.005,0.66828157105481,9.01483740224194,39967052.6742299,4433474.60313487,FLOAT
"weak_pair_loops_(1.01,0.99,1.005)",1.01,0.99,1.005,0.668377890988062,9.01483740224194,33599700.6735353,3727155.48537561,FLOAT
"weak_pair_loops_(1.01,0.99,1.005)",1.01,0.99,1.005,0.668479955861763,9.01483740224194,28247202.3920115,3133412.29925972,FLOAT
"weak_pair_loops_(1.01,0.99,1.005)",1.01,0.99,1.005,0.668588108329191,9.01483740224194,23747758.3533242,2634296.91448659,FLOAT
"weak_pair_loops_(1.01,0.99,1.005)",1.01,0.99,1.005,0.668702711480957,9.01483740224194,19965370.2518977,2214723.27908348,FLOAT
"weak_pair_loops_(1.01,0.99,1.005)",1.01,0.99,1.005,0.668824150063978,9.01483740224194,16785726.021889,1862010.95737062,FLOAT
"weak_pair_loops_(1.01,0.99,1.005)",1.01,0.99,1.005,0.668952831773153,9.01483740224194,14112741.2440708,1565501.47433175,FLOAT
"weak_pair_loops_(1.01,0.99,1.005)",1.01,0.99,1.005,0.669089188620082,9.01483740224194,11865652.1967546,1316235.85288446,FLOAT
"weak_pair_loops_(1.01,0.99,1.005)",1.01,0.99,1.005,0.669233678383419,9.01483740224194,9976572.55759602,1106683.5831243,FLOAT
"weak_pair_loops_(1.01,0.99,1.005)",1.01,0.99,1.005,0.669386786145729,9.01483740224194,8388439.79974814,930514.81967517,FLOAT
"weak_pair_loops_(1.01,0.99,1.005)",1.01,0.99,1.005,0.669549025922018,9.01483740224194,7053289.12304273,782408.911922096,FLOAT
"weak_pair_loops_(1.01,0.99,1.005)",1.01,0.99,1.005,0.669720942385384,9.01483740224194,5930802.67644538,657893.471819073,FLOAT
"weak_pair_loops_(1.01,0.99,1.005)",1.01,0.99,1.005,0.669903112695601,9.01483740224194,4987090.16155391,553209.108387651,FLOAT
"weak_pair_loops_(1.01,0.99,1.005)",1.01,0.99,1.005,0.670096148436769,9.01483740224194,4193663.91133796,465195.735010708,FLOAT
"weak_pair_loops_(1.01,0.99,1.005)",1.01,0.99,1.005,0.670300697670525,9.01483740224194,3526577.42517128,391197.008644243,FLOAT
"weak_pair_loops_(1.01,0.99,1.005)",1.01,0.99,1.005,0.670517447111728,9.01483740224194,2965701.28914071,328980.008935398,FLOAT
"weak_pair_loops_(1.01,0.99,1.005)",1.01,0.99,1.005,0.670747124433902,9.01483740224194,2494114.56916313,276667.726535241,FLOAT
"weak_pair_loops_(1.01,0.99,1.005)",1.01,0.99,1.005,0.67099050071219,9.01483740224194,2097593.25969602,232682.317617217,FLOAT
"weak_pair_loops_(1.01,0.99,1.005)",1.01,0.99,1.005,0.671248393012015,9.01483740224194,1764180.30848837,195697.407481763,FLOAT
"weak_pair_loops_(1.01,0.99,1.005)",1.01,0.99,1.005,0.671521667132144,9.01483740224194,1483824.20688364,164598.000016575,FLOAT
"weak_pair_loops_(1.01,0.99,1.005)",1.01,0.99,1.005,0.671811240511352,9.01483740224194,1248075.21041741,138446.779983743,FLOAT
"weak_pair_loops_(1.01,0.99,1.005)",1.01,0.99,1.005,0.67211808530846,9.01483740224194,1049829.99863188,116455.788583696,FLOAT
"weak_pair_loops_(1.01,0.99,1.005)",1.01,0.99,1.005,0.672443231666078,9.01483740224194,883117.049007645,97962.6153643125,FLOAT
"weak_pair_loops_(1.01,0.99,1.005)",1.01,0.99,1.005,0.672787771169006,9.01483740224194,742916.232048264,82410.3862221081,FLOAT
"weak_pair_loops_(1.01,0.99,1.005)",1.01,0.99,1.005,0.673152860508921,9.01483740224194,625007.170145335,69330.9421188117,FLOAT
"weak_pair_loops_(1.01,0.99,1.005)",1.01,0.99,1.005,0.673539725367628,9.01483740224194,525841.77326934,58330.6996905531,FLOAT
"weak_pair_loops_(1.01,0.99,1.005)",1.01,0.99,1.005,0.673949664531935,9.01483740224194,442437.09610157,49078.7660786359,FLOAT
"weak_pair_loops_(1.01,0.99,1.005)",1.01,0.99,1.005,0.674384054253956,9.01483740224194,372285.276112675,41296.9485195695,FLOAT
"weak_pair_loops_(1.01,0.99,1.005)",1.01,0.99,1.005,0.674844352871474,9.01483740224194,313277.828900866,34751.3565605694,FLOAT
"weak_pair_loops_(1.01,0.99,1.005)",1.01,0.99,1.005,0.675332105703892,9.01483740224194,263642.011482626,29245.3429517276,FLOAT
"weak_pair_loops_(1.01,0.99,1.005)",1.01,0.99,1.005,0.675848950240194,9.01483740224194,221887.329324189,24613.569765441,FLOAT
"weak_pair_loops_(1.01,0.99,1.005)",1.01,0.99,1.005,0.676396621636343,9.01483740224194,186760.569766503,20717.0203336177,FLOAT
"weak_pair_loops_(1.01,0.99,1.005)",1.01,0.99,1.005,0.676976958540561,9.01483740224194,157208.002417633,17438.8062039295,FLOAT
"weak_pair_loops_(1.01,0.99,1.005)",1.01,0.99,1.005,0.677591909266059,9.01483740224194,132343.6038716,14680.642363964,FLOAT
"weak_pair_loops_(1.01,0.99,1.005)",1.01,0.99,1.005,0.67824353833194,9.01483740224194,111422.346322881,12359.8841943805,FLOAT
"weak_pair_loops_(1.01,0.99,1.005)",1.01,0.99,1.005,0.678934033394218,9.01483740224194,93817.7427957385,10407.0366008384,FLOAT
"weak_pair_loops_(1.01,0.99,1.005)",1.01,0.99,1.005,0.679665712590243,9.01483740224194,79002.9704329655,8763.6600537374,FLOAT
"weak_pair_loops_(1.01,0.99,1.005)",1.01,0.99,1.005,0.680441032321174,9.01483740224194,66535.0014846049,7380.61026680947,FLOAT
"weak_pair_loops_(1.01,0.99,1.005)",1.01,0.99,1.005,0.681262595498641,9.01483740224194,56041.2625785335,6216.55833355313,FLOAT
"weak_pair_loops_(1.01,0.99,1.005)",1.01,0.99,1.005,0.68213316028326,9.01483740224194,47208.419293265,5236.74661969217,FLOAT
"weak_pair_loops_(1.01,0.99,1.005)",1.01,0.99,1.005,0.683055649344363,9.01483740224194,39772.9473023575,4411.94283686872,FLOAT
"weak_pair_loops_(1.01,0.99,1.005)",1.01,0.99,1.005,0.684033159672015,9.01483740224194,33513.2053630111,3717.56071326107,FLOAT
"weak_pair_loops_(1.01,0.99,1.005)",1.01,0.99,1.005,0.68506897297426,9.01483740224194,28242.7708134554,3132.92071207314,FLOAT
"weak_pair_loops_(1.01,0.99,1.005)",1.01,0.99,1.005,0.686166566694507,9.01483740224194,23804.8363974705,2640.62848116932,FLOAT
"weak_pair_loops_(1.01,0.99,1.005)",1.01,0.99,1.005,0.687329625686041,9.01483740224194,20067.4993044397,2226.05227460332,FLOAT
"weak_pair_loops_(1.01,0.99,1.005)",1.01,0.99,1.005,0.68856205458285,9.01483740224194,16919.8002699034,1876.8835770344,FLOAT
"weak_pair_loops_(1.01,0.99,1.005)",1.01,0.99,1.005,0.689867990908302,9.01483740224194,14268.393240075,1582.76767549091,FLOAT
"weak_pair_loops_(1.01,0.99,1.005)",1.01,0.99,1.005,0.691251818965688,9.01483740224194,12034.7451497022,1334.9930356713,FLOAT
"weak_pair_loops_(1.01,0.99,1.005)",1.01,0.99,1.005,0.692718184557244,9.01483740224194,10152.7813720011,1126.23011586167,FLOAT
"weak_pair_loops_(1.01,0.99,1.005)",1.01,0.99,1.005,0.694272010581095,9.01483740224194,8566.90585649428,950.311744320951,FLOAT
"weak_pair_loops_(1.01,0.99,1.005)",1.01,0.99,1.005,0.695918513558455,9.01483740224194,7230.33628232352,802.048440776689,FLOAT
"weak_pair_loops_(1.01,0.99,1.005)",1.01,0.99,1.005,0.697663221146592,9.01483740224194,6103.70406314359,677.073117439216,FLOAT
"weak_pair_loops_(1.01,0.99,1.005)",1.01,0.99,1.005,0.699511990696333,9.01483740224194,5153.8770325197,571.710481570966,FLOAT
"weak_pair_loops_(1.01,0.99,1.005)",1.01,0.99,1.005,0.701471028916427,9.01483740224194,4352.9693575474,482.867206952046,FLOAT
"weak_pair_loops_(1.01,0.99,1.005)",1.01,0.99,1.005,0.703546912710775,9.01483740224194,3677.50887629485,407.939568092518,FLOAT
"weak_pair_loops_(1.01,0.99,1.005)",1.01,0.99,1.005,0.705746611258478,9.01483740224194,3107.73680239985,344.73575769952,FLOAT
"weak_pair_loops_(1.01,0.99,1.005)",1.01,0.99,1.005,0.708077509410841,9.01483740224194,2627.0187312297,291.410550630272,FLOAT
"weak_pair_loops_(1.01,0.99,1.005)",1.01,0.99,1.005,0.710547432483875,9.01483740224194,2221.3492370641,246.410349732062,FLOAT
"weak_pair_loops_(1.01,0.99,1.005)",1.01,0.99,1.005,0.713164672529529,9.01483740224194,1878.93517118721,208.426961835155,FLOAT
"weak_pair_loops_(1.01,0.99,1.005)",1.01,0.99,1.005,0.715938016173855,9.01483740224194,1589.84514178988,176.358715177103,FLOAT
"weak_pair_loops_(1.01,0.99,1.005)",1.01,0.99,1.005,0.718876774115565,9.01483740224194,1345.71464983058,149.277750644278,FLOAT
"weak_pair_loops_(1.01,0.99,1.005)",1.01,0.99,1.005,0.721990812384003,9.01483740224194,1139.49803069347,126.402505097883,FLOAT
"weak_pair_loops_(1.01,0.99,1.005)",1.01,0.99,1.005,0.725290585461487,9.01483740224194,965.259760229411,107.074561321467,FLOAT
"weak_pair_loops_(1.01,0.99,1.005)",1.01,0.99,1.005,0.728787171381207,9.01483740224194,817.998868115373,90.7391705048326,FLOAT
"weak_pair_loops_(1.01,0.99,1.005)",1.01,0.99,1.005,0.732492308918514,9.01483740224194,693.501197179207,76.9288636317209,FLOAT
"weak_pair_loops_(1.01,0.99,1.005)",1.01,0.99,1.005,0.736418437000464,9.01483740224194,588.215084472606,65.2496610006876,FLOAT
"weak_pair_loops_(1.01,0.99,1.005)",1.01,0.99,1.005,0.740578736465914,9.01483740224194,499.146743702723,55.3694671829121,FLOAT
"weak_pair_loops_(1.01,0.99,1.005)",1.01,0.99,1.005,0.744987174316374,9.01483740224194,423.772220393103,47.0083043636165,FLOAT
"weak_pair_loops_(1.01,0.99,1.005)",1.01,0.99,1.005,0.749658550606174,9.01483740224194,359.963288692254,39.9300922058486,FLOAT
"weak_pair_loops_(1.01,0.99,1.005)",1.01,0.99,1.005,0.754608548129361,9.01483740224194,305.925077092108,33.9357287815337,FLOAT
"weak_pair_loops_(1.01,0.99,1.005)",1.01,0.99,1.005,0.759853785070145,9.01483740224194,260.143562076062,28.8572661345357,FLOAT
"weak_pair_loops_(1.01,0.99,1.005)",1.01,0.99,1.005,0.765411870793641,9.01483740224194,221.341364492887,24.5530068504442,FLOAT
"weak_pair_loops_(1.01,0.99,1.005)",1.01,0.99,1.005,0.771301464964215,9.01483740224194,188.440532164774,20.9033755969808,FLOAT
"weak_pair_loops_(1.01,0.99,1.005)",1.01,0.99,1.005,0.777542340189913,9.01483740224194,160.531201380052,17.8074427987053,FLOAT
"weak_pair_loops_(1.01,0.99,1.005)",1.01,0.99,1.005,0.784155448403264,9.01483740224194,136.845205794691,15.179997119045,FLOAT
"weak_pair_loops_(1.01,0.99,1.005)",1.01,0.99,1.005,0.791162991201332,9.01483740224194,116.733849168461,12.9490798291525,FLOAT
"weak_pair_loops_(1.01,0.99,1.005)",1.01,0.99,1.005,0.798588494381158,9.01483740224194,99.6491827445907,11.0539079406811,FLOAT
"weak_pair_loops_(1.01,0.99,1.005)",1.01,0.99,1.005,0.806456886920807,9.01483740224194,85.128232689724,9.4431245835397,FLOAT
"weak_pair_loops_(1.01,0.99,1.005)",1.01,0.99,1.005,0.814794584671205,9.01483740224194,72.7797109911196,8.07332486917842,FLOAT
"weak_pair_loops_(1.01,0.99,1.005)",1.01,0.99,1.005,0.823629579039712,9.01483740224194,62.27281720661,6.90781368847796,FLOAT
"weak_pair_loops_(1.01,0.99,1.005)",1.01,0.99,1.005,0.83299153096317,9.01483740224194,53.3278007042794,5.91555879765697,FLOAT
"weak_pair_loops_(1.01,0.99,1.005)",1.01,0.99,1.005,0.842911870485915,9.01483740224194,45.7080053836813,5.07030835323929,FLOAT
"weak_pair_loops_(1.01,0.99,1.005)",1.01,0.99,1.005,0.853423902277057,9.01483740224194,39.2131629111783,4.34984694248908,FLOAT
"weak_pair_loops_(1.01,0.99,1.005)",1.01,0.99,1.005,0.864562917441269,9.01483740224194,33.6737375509111,3.7353682654927,FLOAT
"weak_pair_loops_(1.01,0.99,1.005)",1.01,0.99,1.005,0.876366311998457,9.01483740224194,28.9461568416942,3.21094608256555,FLOAT
"weak_pair_loops_(1.01,0.99,1.005)",1.01,0.99,1.005,0.888873712430073,9.01483740224194,24.9087885936057,2.76308794958532,FLOAT
"weak_pair_loops_(1.01,0.99,1.005)",1.01,0.99,1.005,0.9,9.01483740224194,21.9639373802969,2.4364208027573,FLOAT
"weak_pair_loops_(1.01,0.99,1.005)",1.01,0.99,1.005,0.902127108713561,9.01483740224194,21.4585467422038,2.38035871139142,FLOAT
"weak_pair_loops_(1.01,0.99,1.005)",1.01,0.99,1.005,0.912667383761716,9.01483740224194,19.1863658762518,2.12830969879504,FLOAT
"weak_pair_loops_(1.01,0.99,1.005)",1.01,0.99,1.005,0.916170995291558,9.01483740224194,18.5080271641357,2.05306278286649,FLOAT
"weak_pair_loops_(1.01,0.99,1.005)",1.01,0.99,1.005,0.923730141409766,9.01483740224194,17.1582614400257,1.90333565370337,FLOAT
"weak_pair_loops_(1.01,0.99,1.005)",1.01,0.99,1.005,0.931052520449102,9.01483740224194,15.9830901812128,1.77297598038073,FLOAT
"weak_pair_loops_(1.01,0.99,1.005)",1.01,0.99,1.005,0.933391537091908,9.01483740224194,15.6323878602459,1.73407319097716,FLOAT
"weak_pair_loops_(1.01,0.99,1.005)",1.01,0.99,1.005,0.941829086706256,9.01483740224194,14.456524496326,1.60363674365671,FLOAT
"weak_pair_loops_(1.01,0.99,1.005)",1.01,0.99,1.005,0.946821644600358,9.01483740224194,13.8208196282411,1.53311912478909,FLOAT
"weak_pair_loops_(1.01,0.99,1.005)",1.01,0.99,1.005,0.94919781953087,9.01483740224194,13.5325805033308,1.50114526746376,FLOAT
"weak_pair_loops_(1.01,0.99,1.005)",1.01,0.99,1.005,0.955633126690214,9.01483740224194,12.7948936901276,1.41931497144315,FLOAT
"weak_pair_loops_(1.01,0.99,1.005)",1.01,0.99,1.005,0.961253248795439,9.01483740224194,12.1980686389306,1.35311022203207,FLOAT
"weak_pair_loops_(1.01,0.99,1.005)",1.01,0.99,1.005,0.963531308016255,9.01483740224194,11.9677994261109,1.32756686472621,FLOAT
"weak_pair_loops_(1.01,0.99,1.005)",1.01,0.99,1.005,0.966161448465718,9.01483740224194,11.7098409759404,1.29895198919819,FLOAT
"weak_pair_loops_(1.01,0.99,1.005)",1.01,0.99,1.005,0.970447907647971,9.01483740224194,11.3067230886659,1.2542348335483,FLOAT
"weak_pair_loops_(1.01,0.99,1.005)",1.01,0.99,1.005,0.974191384595819,9.01483740224194,10.9712553135307,1.21702198542174,FLOAT
"weak_pair_loops_(1.01,0.99,1.005)",1.01,0.99,1.005,0.977460660952652,9.01483740224194,10.6902183255336,1.18584704843096,FLOAT
"weak_pair_loops_(1.01,0.99,1.005)",1.01,0.99,1.005,0.980315805527134,9.01483740224194,10.4534397424686,1.15958161817415,FLOAT
"weak_pair_loops_(1.01,0.99,1.005)",1.01,0.99,1.005,0.981237608556118,9.01483740224194,10.3786579164895,1.1512862022235,FLOAT
"weak_pair_loops_(1.01,0.99,1.005)",1.01,0.99,1.005,0.982809277981414,9.01483740224194,10.2529786216279,1.13734481989415,FLOAT
"weak_pair_loops_(1.01,0.99,1.005)",1.01,0.99,1.005,0.984986892710918,9.01483740224194,10.0825564123237,1.11844018504607,FLOAT
"weak_pair_loops_(1.01,0.99,1.005)",1.01,0.99,1.005,0.986888660625784,9.01483740224194,9.93715231506481,1.10231076520509,FLOAT
"weak_pair_loops_(1.01,0.99,1.005)",1.01,0.99,1.005,0.988549524300617,9.01483740224194,9.8127105706067,1.08850666215747,FLOAT
"weak_pair_loops_(1.01,0.99,1.005)",1.01,0.99,1.005,0.99,9.01483740224194,9.70592537329567,1.07666116871746,FLOAT
"weak_pair_loops_(1.01,0.99,1.005)",1.01,0.99,1.005,0.991266738376172,9.01483740224194,9.61408053276317,1.06647298268211,FLOAT
"weak_pair_loops_(1.01,0.99,1.005)",1.01,0.99,1.005,0.992373014140977,9.01483740224194,9.5349283514479,1.05769277092858,FLOAT
"weak_pair_loops_(1.01,0.99,1.005)",1.01,0.99,1.005,0.993339153709191,9.01483740224194,9.46659699570441,1.05011289425477,FLOAT
"weak_pair_loops_(1.01,0.99,1.005)",1.01,0.99,1.005,0.994182908670626,9.01483740224194,9.40751884551259,1.043559459339,FLOAT
"weak_pair_loops_(1.01,0.99,1.005)",1.01,0.99,1.005,0.994919781953087,9.01483740224194,9.356374481302,1.03788610529738,FLOAT
"weak_pair_loops_(1.01,0.99,1.005)",1.01,0.99,1.005,0.995563312669021,9.01483740224194,9.31204846157477,1.03296909817352,FLOAT
"weak_pair_loops_(1.01,0.99,1.005)",1.01,0.99,1.005,0.996125324879544,9.01483740224194,9.27359408788849,1.02870342238033,FLOAT
"weak_pair_loops_(1.01,0.99,1.005)",1.01,0.99,1.005,0.996616144846572,9.01483740224194,9.24020509056003,1.02499963984509,FLOAT
"weak_pair_loops_(1.01,0.99,1.005)",1.01,0.99,1.005,0.997044790764797,9.01483740224194,9.21119269525676,1.02178134604691,FLOAT
"weak_pair_loops_(1.01,0.99,1.005)",1.01,0.99,1.005,0.997419138459582,9.01483740224194,9.18596691152843,1.01898309438659,FLOAT
"weak_pair_loops_(1.01,0.99,1.005)",1.01,0.99,1.005,0.997746066095265,9.01483740224194,9.16402116261173,1.01654869119799,FLOAT
"weak_pair_loops_(1.01,0.99,1.005)",1.01,0.99,1.005,0.998031580552713,9.01483740224194,9.14491958116788,1.01442978648662,FLOAT
"weak_pair_loops_(1.01,0.99,1.005)",1.01,0.99,1.005,0.998280927798141,9.01483740224194,9.12828644853313,1.01258470244433,FLOAT
"weak_pair_loops_(1.01,0.99,1.005)",1.01,0.99,1.005,0.998498689271092,9.01483740224194,9.1137973699656,1.01097745453501,FLOAT
"weak_pair_loops_(1.01,0.99,1.005)",1.01,0.99,1.005,0.998688866062578,9.01483740224194,9.1011718654468,1.00957692960534,FLOAT
"weak_pair_loops_(1.01,0.99,1.005)",1.01,0.99,1.005,0.998854952430062,9.01483740224194,9.09016712211944,1.00835619285366,FLOAT
"weak_pair_loops_(1.01,0.99,1.005)",1.01,0.99,1.005,0.999,9.01483740224194,9.0805727056696,1.00729190117298,FLOAT
"weak_pair_loops_(1.01,0.99,1.005)",1.01,0.99,1.005,0.999126673837617,9.01483740224194,9.07220606770682,1.0063638047926,FLOAT
"weak_pair_loops_(1.01,0.99,1.005)",1.01,0.99,1.005,0.999237301414098,9.01483740224194,9.06490871726189,1.00555432258906,FLOAT
"weak_pair_loops_(1.01,0.99,1.005)",1.01,0.99,1.005,0.999333915370919,9.01483740224194,9.05854294898104,1.00484817915055,FLOAT
"weak_pair_loops_(1.01,0.99,1.005)",1.01,0.99,1.005,0.999418290867063,9.01483740224194,9.05298903998284,1.00423209382916,FLOAT
"weak_pair_loops_(1.01,0.99,1.005)",1.01,0.99,1.005,0.999491978195309,9.01483740224194,9.04814284281959,1.00369451373237,FLOAT
"weak_pair_loops_(1.01,0.99,1.005)",1.01,0.99,1.005,0.999556331266902,9.01483740224194,9.04391371441688,1.00322538398393,FLOAT
"weak_pair_loops_(1.01,0.99,1.005)",1.01,0.99,1.005,0.999612532487954,9.01483740224194,9.04022273091515,1.00281594969943,FLOAT
"weak_pair_loops_(1.01,0.99,1.005)",1.01,0.99,1.005,0.999661614484657,9.01483740224194,9.03700114651302,1.00245858502845,FLOAT
"weak_pair_loops_(1.01,0.99,1.005)",1.01,0.99,1.005,0.99970447907648,9.01483740224194,9.03418906110001,1.00214664535749,FLOAT
"weak_pair_loops_(1.01,0.99,1.005)",1.01,0.99,1.005,0.999741913845958,9.01483740224194,9.03173426696999,1.00187433937786,FLOAT
"weak_pair_loops_(1.01,0.99,1.005)",1.01,0.99,1.005,0.999774606609527,9.01483740224194,9.02959124945683,1.00163661822799,FLOAT
"weak_pair_loops_(1.01,0.99,1.005)",1.01,0.99,1.005,0.999803158055271,9.01483740224194,9.02772032011813,1.00142907933902,FLOAT
"weak_pair_loops_(1.01,0.99,1.005)",1.01,0.99,1.005,0.999828092779814,9.01483740224194,9.02608686425088,1.00124788296305,FLOAT
"weak_pair_loops_(1.01,0.99,1.005)",1.01,0.99,1.005,0.999849868927109,9.01483740224194,9.02466068717344,1.00108967965735,FLOAT
"weak_pair_loops_(1.01,0.99,1.005)",1.01,0.99,1.005,0.999868886606258,9.01483740224194,9.02341544593957,1.00095154724538,FLOAT
"weak_pair_loops_(1.01,0.99,1.005)",1.01,0.99,1.005,0.999885495243006,9.01483740224194,9.02232815503627,1.00083093598477,FLOAT
"weak_pair_loops_(1.01,0.99,1.005)",1.01,0.99,1.005,0.9999,9.01483740224194,9.02137875621749,1.00072562084968,FLOAT
"weak_pair_loops_(1.01,0.99,1.005)",1.01,0.99,1.005,0.999912667383762,9.01483740224194,9.02054974398684,1.00063365998631,FLOAT
"weak_pair_loops_(1.01,0.99,1.005)",1.01,0.99,1.005,0.99992373014141,9.01483740224194,9.01982583940417,1.0005533585288,FLOAT
"weak_pair_loops_(1.01,0.99,1.005)",1.01,0.99,1.005,0.999933391537092,9.01483740224194,9.01919370588452,1.00048323707331,FLOAT
"weak_pair_loops_(1.01,0.99,1.005)",1.01,0.99,1.005,0.999941829086706,9.01483740224194,9.01864170151017,1.00042200420246,FLOAT
"weak_pair_loops_(1.01,0.99,1.005)",1.01,0.99,1.005,0.999949197819531,9.01483740224194,9.01815966310857,1.00036853253347,FLOAT
"weak_pair_loops_(1.01,0.99,1.005)",1.01,0.99,1.005,0.99995563312669,9.01483740224194,9.0177387179796,1.00032183783336,FLOAT
"weak_pair_loops_(1.01,0.99,1.005)",1.01,0.99,1.005,0.999961253248795,9.01483740224194,9.01737111969864,1.00028106080494,FLOAT
"weak_pair_loops_(1.01,0.99,1.005)",1.01,0.99,1.005,0.999966161448466,9.01483740224194,9.01705010489223,1.00024545119912,FLOAT
"weak_pair_loops_(1.01,0.99,1.005)",1.01,0.99,1.005,0.999970447907648,9.01483740224194,9.016769768288,1.00021435395447,FLOAT
"weak_pair_loops_(1.01,0.99,1.005)",1.01,0.99,1.005,0.999974191384596,9.01483740224194,9.01652495369325,1.00018719710362,FLOAT
"weak_pair_loops_(1.01,0.99,1.005)",1.01,0.99,1.005,0.999977460660953,9.01483740224194,9.01631115886013,1.00016348122017,FLOAT
"weak_pair_loops_(1.01,0.99,1.005)",1.01,0.99,1.005,0.999980315805527,9.01483740224194,9.01612445246029,1.00014277020882,FLOAT
"weak_pair_loops_(1.01,0.99,1.005)",1.01,0.99,1.005,0.999982809277981,9.01483740224194,9.01596140162146,1.00012468326708,FLOAT
"weak_pair_loops_(1.01,0.99,1.005)",1.01,0.99,1.005,0.999984986892711,9.01483740224194,9.01581900867686,1.00010888786909,FLOAT
"weak_pair_loops_(1.01,0.99,1.005)",1.01,0.99,1.005,0.999986888660626,9.01483740224194,9.01569465595291,1.00009509364093,FLOAT
"weak_pair_loops_(1.01,0.99,1.005)",1.01,0.99,1.005,0.999988549524301,9.01483740224194,9.01558605757064,1.00008304701408,FLOAT
"weak_pair_loops_(1.01,0.99,1.005)",1.01,0.99,1.005,0.99999,9.01483740224194,9.01549121736762,1.00007252655777,FLOAT
"weak_pair_loops_(1.01,0.99,1.005)",1.01,0.99,1.005,0.999991266738376,9.01483740224194,9.01540839216148,1.00006333890386,FLOAT
"weak_pair_loops_(1.01,0.99,1.005)",1.01,0.99,1.005,0.999992373014141,9.01483740224194,9.01533605967587,1.00005531518891,FLOAT
"weak_pair_loops_(1.01,0.99,1.005)",1.01,0.99,1.005,0.999993339153709,9.01483740224194,9.01527289053604,1.00004830794774,FLOAT
"weak_pair_loops_(1.01,0.99,1.005)",1.01,0.99,1.005,0.999994182908671,9.01483740224194,9.01521772381676,1.00004218840095,FLOAT
"weak_pair_loops_(1.01,0.99,1.005)",1.01,0.99,1.005,0.999994919781953,9.01483740224194,9.01516954569183,1.0000368440866,FLOAT
"weak_pair_loops_(1.01,0.99,1.005)",1.01,0.99,1.005,0.999995563312669,9.01483740224194,9.01512747079084,1.0000321767921,FLOAT
"weak_pair_loops_(1.01,0.99,1.005)",1.01,0.99,1.005,0.99999612532488,9.01483740224194,9.01509072592002,1.00002810074844,FLOAT
"weak_pair_loops_(1.01,0.99,1.005)",1.01,0.99,1.005,0.999996616144847,9.01483740224194,9.01505863584682,1.00002454105327,FLOAT
"weak_pair_loops_(1.01,0.99,1.005)",1.01,0.99,1.005,0.999997044790765,9.01483740224194,9.01503061088652,1.00002143229389,FLOAT
"weak_pair_loops_(1.01,0.99,1.005)",1.01,0.99,1.005,0.99999741913846,9.01483740224194,9.01500613606242,1.00001871734486,FLOAT
"weak_pair_loops_(1.01,0.99,1.005)",1.01,0.99,1.005,0.999997746066095,9.01483740224194,9.01498476163973,1.00001634631788,FLOAT
"weak_pair_loops_(1.01,0.99,1.005)",1.01,0.99,1.005,0.999998031580553,9.01483740224194,9.01496609485942,1.00001427564489,FLOAT
"weak_pair_loops_(1.01,0.99,1.005)",1.01,0.99,1.005,0.999998280927798,9.01483740224194,9.01494979271923,1.00001246727725,FLOAT
"weak_pair_loops_(1.01,0.99,1.005)",1.01,0.99,1.005,0.999998498689271,9.01483740224194,9.01493555566988,1.0000108879865,FLOAT
"weak_pair_loops_(1.01,0.99,1.005)",1.01,0.99,1.005,0.999998688866063,9.01483740224194,9.0149231221098,1.00000950875363,FLOAT
"weak_pair_loops_(1.01,0.99,1.005)",1.01,0.99,1.005,0.99999885495243,9.01483740224194,9.01491226357753,1.00000830423581,FLOAT
"weak_pair_loops_(1.01,0.99,1.005)",1.01,0.99,1.005,0.999999,9.01483740224194,9.01490278055328,1.00000725230067,FLOAT
"weak_pair_loops_(1.01,0.99,1.005)",1.01,0.99,1.005,0.999999126673838,9.01483740224194,9.01489449879233,1.00000633361955,FLOAT
"weak_pair_loops_(1.01,0.99,1.005)",1.01,0.99,1.005,0.999999237301414,9.01483740224194,9.01488726612317,1.00000553131233,FLOAT
"weak_pair_loops_(1.01,0.99,1.005)",1.01,0.99,1.005,0.999999333915371,9.01483740224194,9.01488094965109,1.00000483063723,FLOAT
"weak_pair_loops_(1.01,0.99,1.005)",1.01,0.99,1.005,0.999999418290867,9.01483740224194,9.0148754333162,1.00000421871994,FLOAT
"weak_pair_loops_(1.01,0.99,1.005)",1.01,0.99,1.005,0.999999491978195,9.01483740224194,9.01487061576076,1.00000368431701,FLOAT
"weak_pair_loops_(1.01,0.99,1.005)",1.01,0.99,1.005,0.999999556331267,9.01483740224194,9.01486640846671,1.00000321760931,FLOAT
"weak_pair_loops_(1.01,0.99,1.005)",1.01,0.99,1.005,0.999999612532488,9.01483740224194,9.01486273412917,1.00000281002153,FLOAT
"weak_pair_loops_(1.01,0.99,1.005)",1.01,0.99,1.005,0.999999661614485,9.01483740224194,9.0148595252359,1.00000245406467,FLOAT
"weak_pair_loops_(1.01,0.99,1.005)",1.01,0.99,1.005,0.999999704479076,9.01483740224194,9.01485672282684,1.00000214319838,FLOAT
"weak_pair_loops_(1.01,0.99,1.005)",1.01,0.99,1.005,0.999999741913846,9.01483740224194,9.01485427541076,1.00000187171083,FLOAT
"weak_pair_loops_(1.01,0.99,1.005)",1.01,0.99,1.005,0.999999774606609,9.01483740224194,9.01485213801909,1.00000163461375,FLOAT
"weak_pair_loops_(1.01,0.99,1.005)",1.01,0.99,1.005,0.999999803158055,9.01483740224194,9.01485027137966,1.00000142755073,FLOAT
"weak_pair_loops_(1.01,0.99,1.005)",1.01,0.99,1.005,0.99999982809278,9.01483740224194,9.01484864119507,1.00000124671723,FLOAT
"weak_pair_loops_(1.01,0.99,1.005)",1.01,0.99,1.005,0.999999849868927,9.01483740224194,9.01484721751258,1.00000108879065,FLOAT
"weak_pair_loops_(1.01,0.99,1.005)",1.01,0.99,1.005,0.999999868886606,9.01483740224194,9.01484597417369,1.00000095086926,FLOAT
"weak_pair_loops_(1.01,0.99,1.005)",1.01,0.99,1.005,0.999999885495243,9.01483740224194,9.01484488833354,1.00000083041893,FLOAT
"weak_pair_loops_(1.01,0.99,1.005)",1.01,0.99,1.005,0.9999999,9.01483740224194,9.01484394004106,1.00000072522652,FLOAT
"weak_pair_loops_(1.01,0.99,1.005)",1.01,0.99,1.005,0.999999912667384,9.01483740224194,9.01484311187256,1.00000063335925,FLOAT
"weak_pair_loops_(1.01,0.99,1.005)",1.01,0.99,1.005,0.999999923730141,9.01483740224194,9.01484238861145,1.00000055312917,FLOAT
"weak_pair_loops_(1.01,0.99,1.005)",1.01,0.99,1.005,0.999999933391537,9.01483740224194,9.01484175696866,1.00000048306215,FLOAT
"weak_pair_loops_(1.01,0.99,1.005)",1.01,0.99,1.005,0.999999941829087,9.01483740224194,9.01484120533854,1.00000042187079,FLOAT
"weak_pair_loops_(1.01,0.99,1.005)",1.01,0.99,1.005,0.99999994919782,9.01483740224194,9.01484072358556,1.00000036843078,FLOAT
"weak_pair_loops_(1.01,0.99,1.005)",1.01,0.99,1.005,0.999999955633127,9.01483740224194,9.01484030285811,1.00000032176023,FLOAT
"weak_pair_loops_(1.01,0.99,1.005)",1.01,0.99,1.005,0.999999961253249,9.01483740224194,9.01483993542586,1.00000028100162,FLOAT
"weak_pair_loops_(1.01,0.99,1.005)",1.01,0.99,1.005,0.999999966161448,9.01483740224194,9.01483961453767,1.00000024540606,FLOAT
"weak_pair_loops_(1.01,0.99,1.005)",1.01,0.99,1.005,0.999999970447908,9.01483740224194,9.01483933429763,1.00000021431953,FLOAT
"weak_pair_loops_(1.01,0.99,1.005)",1.01,0.99,1.005,0.999999974191385,9.01483740224194,9.01483908955669,1.00000018717085,FLOAT
"weak_pair_loops_(1.01,0.99,1.005)",1.01,0.99,1.005,0.999999977460661,9.01483740224194,9.01483887581803,1.00000016346119,FLOAT
"weak_pair_loops_(1.01,0.99,1.005)",1.01,0.99,1.005,0.999999980315806,9.01483740224194,9.01483868915448,1.00000014275494,FLOAT
"weak_pair_loops_(1.01,0.99,1.005)",1.01,0.99,1.005,0.999999982809278,9.01483740224194,9.01483852613631,1.00000012467162,FLOAT
"weak_pair_loops_(1.01,0.99,1.005)",1.01,0.99,1.005,0.999999984986893,9.01483740224194,9.01483838376829,1.00000010887899,FLOAT
"weak_pair_loops_(1.01,0.99,1.005)",1.01,0.99,1.005,0.999999986888661,9.01483740224194,9.01483825943457,1.00000009508687,FLOAT
"weak_pair_loops_(1.01,0.99,1.005)",1.01,0.99,1.005,0.999999988549524,9.01483740224194,9.01483815085068,1.00000008304185,FLOAT
"weak_pair_loops_(1.01,0.99,1.005)",1.01,0.99,1.005,0.99999999,9.01483740224194,9.01483805602154,1.00000007252262,FLOAT
"strong_antagonism_(20,20,20)",20,20,20,0.666666676666667,180,1.67584069234919e+23,9.31022606860662e+20,FLOAT
"strong_antagonism_(20,20,20)",20,20,20,0.66666667726311,180,1.4084854438042e+23,7.82491913224553e+20,FLOAT
"strong_antagonism_(20,20,20)",20,20,20,0.666666677895128,180,1.18378277069465e+23,6.57657094830362e+20,FLOAT
"strong_antagonism_(20,20,20)",20,20,20,0.666666678564843,180,9.94928007541987e+22,5.52737781967771e+20,FLOAT
"strong_antagonism_(20,20,20)",20,20,20,0.666666679274502,180,8.36202213107084e+22,4.64556785059491e+20,FLOAT
"strong_antagonism_(20,20,20)",20,20,20,0.666666680026488,180,7.02798680895373e+22,3.9044371160854e+20,FLOAT
"strong_antagonism_(20,20,20)",20,20,20,0.666666680823326,180,5.90677721399696e+22,3.28154289666498e+20,FLOAT
"strong_antagonism_(20,20,20)",20,20,20,0.666666681667691,180,4.9644398348635e+22,2.75802213047972e+20,FLOAT
"strong_antagonism_(20,20,20)",20,20,20,0.666666682562417,180,4.17243805021334e+22,2.31802113900741e+20,FLOAT
"strong_antagonism_(20,20,20)",20,20,20,0.666666683510509,180,3.50678828226713e+22,1.94821571237063e+20,FLOAT
"strong_antagonism_(20,20,20)",20,20,20,0.666666684515149,180,2.9473329712452e+22,1.63740720624733e+20,FLOAT
"strong_antagonism_(20,20,20)",20,20,20,0.66666668557971,180,2.47713032967843e+22,1.37618351648802e+20,FLOAT
"strong_antagonism_(20,20,20)",20,20,20,0.666666686707767,180,2.08194154748937e+22,1.15663419304965e+20,FLOAT
"strong_antagonism_(20,20,20)",20,20,20,0.666666687903105,180,1.74979912035573e+22,9.72110622419851e+19,FLOAT
"strong_antagonism_(20,20,20)",20,20,20,0.666666689169739,180,1.47064504339158e+22,8.17025024106431e+19,FLOAT
"strong_antagonism_(20,20,20)",20,20,20,0.66666669051192,180,1.23602580230517e+22,6.86681001280648e+19,FLOAT
"strong_antagonism_(20,20,20)",20,20,20,0.666666691934155,180,1.03883653958243e+22,5.77131410879127e+19,FLOAT
"strong_antagonism_(20,20,20)",20,20,20,0.666666693441218,180,8.73105846844004e+21,4.85058803802224e+19,FLOAT
"strong_antagonism_(20,20,20)",20,20,20,0.666666695038169,180,7.33814989245897e+21,4.07674994025498e+19,FLOAT
"strong_antagonism_(20,20,20)",20,20,20,0.666666696730369,180,6.16745899227834e+21,3.4263661068213e+19,FLOAT
"strong_antagonism_(20,20,20)",20,20,20,0.666666698523499,180,5.1835341886282e+21,2.87974121590456e+19,FLOAT
"strong_antagonism_(20,20,20)",20,20,20,0.666666700423579,180,4.3565797015611e+21,2.42032205642283e+19,FLOAT
"strong_antagonism_(20,20,20)",20,20,20,0.666666702436989,180,3.66155331764864e+21,2.03419628758258e+19,FLOAT
"strong_antagonism_(20,20,20)",20,20,20,0.666666704570486,180,3.0774079898038e+21,1.70967110544656e+19,FLOAT
"strong_antagonism_(20,20,20)",20,20,20,0.666666706831235,180,2.58645418711348e+21,1.43691899284082e+19,FLOAT
"strong_antagonism_(20,20,20)",20,20,20,0.666666709226825,180,2.17382465567946e+21,1.20768036426637e+19,FLOAT
"strong_antagonism_(20,20,20)",20,20,20,0.666666711765299,180,1.82702394547741e+21,1.01501330304301e+19,FLOAT
"strong_antagonism_(20,20,20)",20,20,20,0.666666714455177,180,1.53555005410375e+21,8.53083363390971e+18,FLOAT
"strong_antagonism_(20,20,20)",20,20,20,0.666666717305492,180,1.29057640144861e+21,7.16986889693673e+18,FLOAT
"strong_antagonism_(20,20,20)",20,20,20,0.666666720325813,180,1.08468458170481e+21,6.02602545391562e+18,FLOAT
"strong_antagonism_(20,20,20)",20,20,20,0.666666723526278,180,9.11639696863239e+20,5.06466498257355e+18,FLOAT
"strong_antagonism_(20,20,20)",20,20,20,0.666666726917633,180,7.66201491032765e+20,4.25667495018203e+18,FLOAT
"strong_antagonism_(20,20,20)",20,20,20,0.666666730511263,180,6.43965755312694e+20,3.57758752951497e+18,FLOAT
"strong_antagonism_(20,20,20)",20,20,20,0.666666734319233,180,5.41230869120535e+20,3.00683816178075e+18,FLOAT
"strong_antagonism_(20,20,20)",20,20,20,0.666666738354327,180,4.54885777008238e+20,2.52714320560132e+18,FLOAT
"strong_antagonism_(20,20,20)",20,20,20,0.666666742630091,180,3.82315727005952e+20,2.12397626114418e+18,FLOAT
"strong_antagonism_(20,20,20)",20,20,20,0.66666674716088,180,3.21323126213316e+20,1.78512847896287e+18,FLOAT
"strong_antagonism_(20,20,20)",20,20,20,0.666666751961906,180,2.700609646042e+20,1.50033869224555e+18,FLOAT
"strong_antagonism_(20,20,20)",20,20,20,0.666666757049286,180,2.26976900900007e+20,1.26098278277782e+18,FLOAT
"strong_antagonism_(20,20,20)",20,20,20,0.666666762440099,180,1.90766241988801e+20,1.05981245549334e+18,FLOAT
"strong_antagonism_(20,20,20)",20,20,20,0.666666768152444,180,1.60332437697767e+20,8.90735764987596e+17,FLOAT
"strong_antagonism_(20,20,20)",20,20,20,0.666666774205498,180,1.34753882739489e+20,7.4863268188605e+17,FLOAT
"strong_antagonism_(20,20,20)",20,20,20,0.666666780619582,180,1.13255993275454e+20,6.29199962641411e+17,FLOAT
"strong_antagonism_(20,20,20)",20,20,20,0.66666678741623,180,9.51877626670094e+19,5.28820903705608e+17,FLOAT
"strong_antagonism_(20,20,20)",20,20,20,0.66666679461826,180,8.00020400292601e+19,4.44455777940334e+17,FLOAT
"strong_antagonism_(20,20,20)",20,20,20,0.666666802249851,180,6.72389656403339e+19,3.73549809112966e+17,FLOAT
"strong_antagonism_(20,20,20)",20,20,20,0.666666810336623,180,5.65120430442317e+19,3.13955794690176e+17,FLOAT
"strong_antagonism_(20,20,20)",20,20,20,0.666666818905725,180,4.74964351510368e+19,2.63869084172427e+17,FLOAT
"strong_antagonism_(20,20,20)",20,20,20,0.666666827985925,180,3.99191278537793e+19,2.21772932520996e+17,FLOAT
"strong_antagonism_(20,20,20)",20,20,20,0.666666837607709,180,3.35506624674592e+19,1.86392569263662e+17,FLOAT
"strong_antagonism_(20,20,20)",20,20,20,0.666666847803377,180,2.81981866281965e+19,1.56656592378869e+17,FLOAT
"strong_antagonism_(20,20,20)",20,20,20,0.66666685860716,180,2.36996148927596e+19,1.31664527181998e+17,FLOAT
"strong_antagonism_(20,20,20)",20,20,20,0.666666870055327,180,1.99187200897818e+19,1.10659556054343e+17,FLOAT
"strong_antagonism_(20,20,20)",20,20,20,0.666666882186313,180,1.67410078239214e+19,9.30055990217854e+16,FLOAT
"strong_antagonism_(20,20,20)",20,20,20,0.666666895040844,180,1.40702496256889e+19,7.81680534760496e+16,FLOAT
"strong_antagonism_(20,20,20)",20,20,20,0.666666908662074,180,1.18255688701537e+19,6.5697604834187e+16,FLOAT
"strong_antagonism_(20,20,20)",20,20,20,0.666666923095735,180,9.93899147674951e+18,5.5216619315275e+16,FLOAT
"strong_antagonism_(20,20,20)",20,20,20,0.666666938390282,180,8.35338762411775e+18,4.64077090228764e+16,FLOAT
"strong_antagonism_(20,20,20)",20,20,20,0.666666954597062,180,7.02074164899434e+18,3.90041202721908e+16,FLOAT
"strong_antagonism_(20,20,20)",20,20,20,0.666666971770485,180,5.90069810449806e+18,3.27816561361003e+16,FLOAT
"strong_antagonism_(20,20,20)",20,20,20,0.666666989968206,180,4.95933956084605e+18,2.75518864491447e+16,FLOAT
"strong_antagonism_(20,20,20)",20,20,20,0.666667009251318,180,4.16815964745388e+18,2.31564424858549e+16,FLOAT
"strong_antagonism_(20,20,20)",20,20,20,0.666667029684559,180,3.50319972445111e+18,1.9462220691395e+16,FLOAT
"strong_antagonism_(20,20,20)",20,20,20,0.666667051336528,180,2.94432337498999e+18,1.63573520832777e+16,FLOAT
"strong_antagonism_(20,20,20)",20,20,20,0.666667074279914,180,2.47460665107813e+18,1.37478147282118e+16,FLOAT
"strong_antagonism_(20,20,20)",20,20,20,0.666667098591744,180,2.07982554189063e+18,1.15545863438368e+16,FLOAT
"strong_antagonism_(20,20,20)",20,20,20,0.666667124353638,180,1.7480252668245e+18,9.71125148235831e+15,FLOAT
"strong_antagonism_(20,20,20)",20,20,20,0.666667151652083,180,1.46915823996076e+18,8.16199022200422e+15,FLOAT
"strong_antagonism_(20,20,20)",20,20,20,0.666667180578726,180,1.23477980972029e+18,6.85988783177938e+15,FLOAT
"strong_antagonism_(20,20,20)",20,20,20,0.66666721123068,180,1.03779253705394e+18,5.76551409474409e+15,FLOAT
"strong_antagonism_(20,20,20)",20,20,20,0.66666724371085,180,8.7223126817112e+17,4.84572926761733e+15,FLOAT
"strong_antagonism_(20,20,20)",20,20,20,0.666667278128279,180,7.33082493382626e+17,4.07268051879236e+15,FLOAT
"strong_antagonism_(20,20,20)",20,20,20,0.666667314598514,180,6.16132532268961e+17,3.42295851260534e+15,FLOAT
"strong_antagonism_(20,20,20)",20,20,20,0.666667353243992,180,5.17839926707627e+17,2.87688848170904e+15,FLOAT
"strong_antagonism_(20,20,20)",20,20,20,0.666667394194455,180,4.35228203628258e+17,2.41793446460143e+15,FLOAT
"strong_antagonism_(20,20,20)",20,20,20,0.666667437587381,180,3.65795738546711e+17,2.03219854748173e+15,FLOAT
"strong_antagonism_(20,20,20)",20,20,20,0.666667483568452,180,3.07440000403455e+17,1.70800000224141e+15,FLOAT
"strong_antagonism_(20,20,20)",20,20,20,0.666667532292033,180,2.58393883027625e+17,1.43552157237569e+15,FLOAT
"strong_antagonism_(20,20,20)",20,20,20,0.666667583921701,180,2.17172193873595e+17,1.20651218818664e+15,FLOAT
"strong_antagonism_(20,20,20)",20,20,20,0.666667638630787,180,1.82526678457663e+17,1.01403710254257e+15,FLOAT
"strong_antagonism_(20,20,20)",20,20,20,0.666667696602962,180,1.53408220911043e+17,852267893950237,FLOAT
"strong_antagonism_(20,20,20)",20,20,20,0.66666775803285,180,1.28935074424323e+17,716305969024016,FLOAT
"strong_antagonism_(20,20,20)",20,20,20,0.666667823126684,180,1.08366160403502e+17,602034224463902,FLOAT
"strong_antagonism_(20,20,20)",20,20,20,0.666667892102997,180,9.10786270769227e+16,505992372649570,FLOAT
"strong_antagonism_(20,20,20)",20,20,20,0.666667965193359,180,7.65489881487527e+16,425272156381959,FLOAT
"strong_antagonism_(20,20,20)",20,20,20,0.666668042643148,180,6.43372708479062e+16,357429282488368,FLOAT
"strong_antagonism_(20,20,20)",20,20,20,0.66666812471238,180,5.40736925098384e+16,300409402832436,FLOAT
"strong_antagonism_(20,20,20)",20,20,20,0.666668211676578,180,4.54474630598245e+16,252485905887914,FLOAT
"strong_antagonism_(20,20,20)",20,20,20,0.666668303827701,180,3.81973735968927e+16,212207631093848,FLOAT
"strong_antagonism_(20,20,20)",20,20,20,0.666668401475117,180,3.21038866052005e+16,178354925584447,FLOAT
"strong_antagonism_(20,20,20)",20,20,20,0.666668504946651,180,2.69824879256888e+16,149902710698271,FLOAT
"strong_antagonism_(20,20,20)",20,20,20,0.666668614589678,180,2.26780993894326e+16,125989441052403,FLOAT
"strong_antagonism_(20,20,20)",20,20,20,0.666668730772293,180,1.90603827964758e+16,105891015535977,FLOAT
"strong_antagonism_(20,20,20)",20,20,20,0.666668853884545,180,1.60197930679998e+16,88998850377776.5,FLOAT
"strong_antagonism_(20,20,20)",20,20,20,0.666668984339748,180,1.34642610518387e+16,74801450287992.6,FLOAT
"strong_antagonism_(20,20,20)",20,20,20,0.666669122575868,180,1.13164055576485e+16,62868919764713.9,FLOAT
"strong_antagonism_(20,20,20)",20,20,20,0.666669269056992,180,9.5111901207142e+15,52839945115078.9,FLOAT
"strong_antagonism_(20,20,20)",20,20,20,0.666669424274889,180,7.99395363537867e+15,44410853529881.5,FLOAT
"strong_antagonism_(20,20,20)",20,20,20,0.666669588750657,180,6.71875513412456e+15,37326417411803.1,FLOAT
"strong_antagonism_(20,20,20)",20,20,20,0.666669763036477,180,5.64698265390886e+15,31372125855049.2,FLOAT
"strong_antagonism_(20,20,20)",20,20,20,0.666669947717462,180,4.74618401921939e+15,26367688995663.3,FLOAT
"strong_antagonism_(20,20,20)",20,20,20,0.666670143413626,180,3.9890841585611e+15,22161578658672.8,FLOAT
"strong_antagonism_(20,20,20)",20,20,20,0.666670350781961,180,3.35275919667343e+15,18626439981519.1,FLOAT
"strong_antagonism_(20,20,20)",20,20,20,0.666670570518648,180,2.81794229594456e+15,15655234977469.8,FLOAT
"strong_antagonism_(20,20,20)",20,20,20,0.666670803361388,180,2.36844024603394e+15,13158001366855.2,FLOAT
"strong_antagonism_(20,20,20)",20,20,20,0.666671050091883,180,1.99064312486718e+15,11059128471484.3,FLOAT
"strong_antagonism_(20,20,20)",20,20,20,0.66667131153846,180,1.67311218394951e+15,9295067688608.38,FLOAT
"strong_antagonism_(20,20,20)",20,20,20,0.666671588578849,180,1.40623347914574e+15,7812408217476.34,FLOAT
"strong_antagonism_(20,20,20)",20,20,20,0.666671882143135,180,1.1819267591842e+15,6566259773245.54,FLOAT
"strong_antagonism_(20,20,20)",20,20,20,0.666672193216873,180,993400795391454,5518893307730.3,FLOAT
"strong_antagonism_(20,20,20)",20,20,20,0.666672522844405,180,834947743711202,4638598576173.34,FLOAT
"strong_antagonism_(20,20,20)",20,20,20,0.666672872132358,180,701770313072746,3898723961515.26,FLOAT
"strong_antagonism_(20,20,20)",20,20,20,0.666673242253367,180,589836505650801,3276869475837.78,FLOAT
"strong_antagonism_(20,20,20)",20,20,20,0.666673634450005,180,495757530220646,2754208501225.81,FLOAT
"strong_antagonism_(20,20,20)",20,20,20,0.66667405003896,180,416685192481171,2314917736006.51,FLOAT
"strong_antagonism_(20,20,20)",20,20,20,0.66667449041545,180,350225654691806,1945698081621.15,FLOAT
"strong_antagonism_(20,20,20)",20,20,20,0.666674957057912,180,294366953054566,1635371961414.26,FLOAT
"strong_antagonism_(20,20,20)",20,20,20,0.666675451532965,180,247418078405680,1374544880031.55,FLOAT
"strong_antagonism_(20,20,20)",20,20,20,0.666675975500663,180,207957775505791,1155320975032.17,FLOAT
"strong_antagonism_(20,20,20)",20,20,20,0.666676530720078,180,174791509962313,971063944235.073,FLOAT
"strong_antagonism_(20,20,20)",20,20,20,0.666677119055197,180,146915300526534,816196114036.3,FLOAT
"strong_antagonism_(20,20,20)",20,20,20,0.666677742481186,180,123485321005820,686029561143.443,FLOAT
"strong_antagonism_(20,20,20)",20,20,20,0.666678403091018,180,103792351586549,576624175480.828,FLOAT
"strong_antagonism_(20,20,20)",20,20,20,0.666679103102497,180,87240305869710.4,484668365942.836,FLOAT
"strong_antagonism_(20,20,20)",20,20,20,0.666679844865711,180,73328183443354.3,407378796907.524,FLOAT
"strong_antagonism_(20,20,20)",20,20,20,0.666680630870915,180,61634901489996.1,342416119388.867,FLOAT
"strong_antagonism_(20,20,20)",20,20,20,0.666681463756893,180,51806546194676.3,287814145525.979,FLOAT
"strong_antagonism_(20,20,20)",20,20,20,0.666682346319819,180,43545657843718.7,241920321353.993,FLOAT
"strong_antagonism_(20,20,20)",20,20,20,0.666683281522644,180,36602225249326.5,203345695829.592,FLOAT
"strong_antagonism_(20,20,20)",20,20,20,0.666684272505039,180,30766116783548.5,170922871019.714,FLOAT
"strong_antagonism_(20,20,20)",20,20,20,0.666685322593942,180,25860718844312.3,143670660246.179,FLOAT
"strong_antagonism_(20,20,20)",20,20,20,0.666686435314721,180,21737589141035.9,120764384116.866,FLOAT
"strong_antagonism_(20,20,20)",20,20,20,0.666687614403016,180,18271962899706.6,101510904998.37,FLOAT
"strong_antagonism_(20,20,20)",20,20,20,0.666688863817274,180,15358975935274.8,85327644084.8598,FLOAT
"strong_antagonism_(20,20,20)",20,20,20,0.666690187752041,180,12910490219991.9,71724945666.6218,FLOAT
"strong_antagonism_(20,20,20)",20,20,20,0.666691590652045,180,10852425842791.7,60291254682.1764,FLOAT
"strong_antagonism_(20,20,20)",20,20,20,0.666693077227118,180,9122518574378.65,50680658746.548,FLOAT
"strong_antagonism_(20,20,20)",20,20,20,0.666694652468004,180,7668435142749.37,42602417459.7187,FLOAT
"strong_antagonism_(20,20,20)",20,20,20,0.66669632166312,180,6446189156327.08,35812161979.5949,FLOAT
"strong_antagonism_(20,20,20)",20,20,20,0.666698090416304,180,5418809715480.8,30104498419.3378,FLOAT
"strong_antagonism_(20,20,20)",20,20,20,0.666699964665634,180,4555222400889.22,25306791116.0512,FLOAT
"strong_antagonism_(20,20,20)",20,20,20,0.66670195070336,180,3829308761447.39,21273937563.5966,FLOAT
"strong_antagonism_(20,20,20)",20,20,20,0.666704055197027,180,3219115827013.07,17883976816.7393,FLOAT
"strong_antagonism_(20,20,20)",20,20,20,0.666706285211866,180,2706191713302.63,15034398407.2368,FLOAT
"strong_antagonism_(20,20,20)",20,20,20,0.666708648234505,180,2275027205142.51,12639040028.5695,FLOAT
"strong_antagonism_(20,20,20)",20,20,20,0.666711152198109,180,1912586413099.96,10625480072.7775,FLOAT
"strong_antagonism_(20,20,20)",20,20,20,0.666713805509012,180,1607912293917.57,8932846077.31985,FLOAT
"strong_antagonism_(20,20,20)",20,20,20,0.666716617074936,180,1351795092902.73,7509972738.3485,FLOAT
"strong_antagonism_(20,20,20)",20,20,20,0.6667195963349,180,1136493671614.82,6313853731.19347,FLOAT
"strong_antagonism_(20,20,20)",20,20,20,0.666722753290909,180,955501284646.785,5308340470.25991,FLOAT
"strong_antagonism_(20,20,20)",20,20,20,0.666726098541527,180,803348715134.799,4463048417.41555,FLOAT
"strong_antagonism_(20,20,20)",20,20,20,0.666729643317467,180,675438810074.633,3752437833.74796,FLOAT
"strong_antagonism_(20,20,20)",20,20,20,0.666733399519287,180,567907406805.165,3155041148.91758,FLOAT
"strong_antagonism_(20,20,20)",20,20,20,0.666737379757347,180,477506440927.613,2652813560.70896,FLOAT
"strong_antagonism_(20,20,20)",20,20,20,0.666741597394146,180,401505697644.824,2230587209.13791,FLOAT
"strong_antagonism_(20,20,20)",20,20,20,0.666746066589179,180,337610232757.401,1875612404.20779,FLOAT
"strong_antagonism_(20,20,20)",20,20,20,0.666750802346474,180,283890963959.973,1577172021.99985,FLOAT
"strong_antagonism_(20,20,20)",20,20,20,0.666755820564966,180,238726331723.882,1326257398.46601,FLOAT
"strong_antagonism_(20,20,20)",20,20,20,0.666761138091871,180,200753264176.454,1115295912.09141,FLOAT
"strong_antagonism_(20,20,20)",20,20,20,0.666766772779247,180,168825962011.42,937922011.174555,FLOAT
"strong_antagonism_(20,20,20)",20,20,20,0.666772743543927,180,141981256159.224,788784756.440131,FLOAT
"strong_antagonism_(20,20,20)",20,20,20,0.666779070431024,180,119409489904.18,663386055.023222,FLOAT
"strong_antagonism_(20,20,20)",20,20,20,0.666785774681232,180,100430044353.707,557944690.85393,FLOAT
"strong_antagonism_(20,20,20)",20,20,20,0.666792878802131,180,84470766693.9512,469282037.188618,FLOAT
"strong_antagonism_(20,20,20)",20,20,20,0.66680040664375,180,71050678792.4954,394725993.291641,FLOAT
"strong_antagonism_(20,20,20)",20,20,20,0.666808383478639,180,59765442992.483,332030238.847128,FLOAT
"strong_antagonism_(20,20,20)",20,20,20,0.666816836086713,180,50275145378.4865,279306363.213814,FLOAT
"strong_antagonism_(20,20,20)",20,20,20,0.666825792845157,180,42294026935.732,234966816.309622,FLOAT
"strong_antagonism_(20,20,20)",20,20,20,0.666835283823696,180,35581851962.1527,197676955.345293,FLOAT
"strong_antagonism_(20,20,20)",20,20,20,0.666845340885544,180,29936652645.1818,166314736.917676,FLOAT
"strong_antagonism_(20,20,20)",20,20,20,0.666855997794376,180,25188630351.8057,139936835.287809,FLOAT
"strong_antagonism_(20,20,20)",20,20,20,0.666867290327678,180,21195029180.1215,117750162.111786,FLOAT
"strong_antagonism_(20,20,20)",20,20,20,0.666879256396864,180,17835826739.8598,99087926.3325543,FLOAT
"strong_antagonism_(20,20,20)",20,20,20,0.666891936174548,180,15010111852.7443,83389510.2930237,FLOAT
"strong_antagonism_(20,20,20)",20,20,20,0.666905372229415,180,12633039644.724,70183553.5817998,FLOAT
"strong_antagonism_(20,20,20)",20,20,20,0.666919609669129,180,10633271970.3537,59073733.1686316,FLOAT
"strong_antagonism_(20,20,20)",20,20,20,0.666934696291775,180,8950825789.25325,49726809.9402958,FLOAT
"strong_antagonism_(20,20,20)",20,20,20,0.666950682746323,180,7535264454.74653,41862580.3041474,FLOAT
"strong_antagonism_(20,20,20)",20,20,20,0.666967622702667,180,6344177246.33354,35245429.1462974,FLOAT
"strong_antagonism_(20,20,20)",20,20,20,0.666985573031808,180,5341901194.41355,29677228.857853,FLOAT
"strong_antagonism_(20,20,20)",20,20,20,0.667004593996783,180,4498446573.83623,24991369.8546457,FLOAT
"strong_antagonism_(20,20,20)",20,20,20,0.667024749454976,180,3788593600.23183,21047742.2235102,FLOAT
"strong_antagonism_(20,20,20)",20,20,20,0.667046107072505,180,3191133040.61692,17728516.8923162,FLOAT
"strong_antagonism_(20,20,20)",20,20,20,0.667068738551391,180,2688227799.90438,14934598.8883577,FLOAT
"strong_antagonism_(20,20,20)",20,20,20,0.667092719870275,180,2264876202.51352,12582645.5695195,FLOAT
"strong_antagonism_(20,20,20)",20,20,20,0.667118131539495,180,1908460761.96781,10602559.7887101,FLOAT
"strong_antagonism_(20,20,20)",20,20,20,0.667145058871377,180,1608368815.19959,8935382.30666437,FLOAT
"strong_antagonism_(20,20,20)",20,20,20,0.667173592266644,180,1355673570.01538,7531519.8334188,FLOAT
"strong_antagonism_(20,20,20)",20,20,20,0.667203827517915,180,1142865939.5989,6349255.21999386,FLOAT
"strong_antagonism_(20,20,20)",20,20,20,0.667235866131295,180,963629072.400566,5353494.84666981,FLOAT
"strong_antagonism_(20,20,20)",20,20,20,0.667269815667157,180,812648775.422402,4514715.41901335,FLOAT
"strong_antagonism_(20,20,20)",20,20,20,0.667305790101244,180,685454113.082293,3808078.40601274,FLOAT
"strong_antagonism_(20,20,20)",20,20,20,0.667343910207308,180,578283375.090275,3212685.41716819,FLOAT
"strong_antagonism_(20,20,20)",20,20,20,0.667384303962572,180,487971372.777369,2710952.07098539,FLOAT
"strong_antagonism_(20,20,20)",20,20,20,0.667427106977381,180,411854667.179556,2288081.48433087,FLOAT
"strong_antagonism_(20,20,20)",20,20,20,0.66747246295047,180,347691873.440816,1931621.51911564,FLOAT
"strong_antagonism_(20,20,20)",20,20,20,0.667520524151393,180,293596641.043798,1631092.45024332,FLOAT
"strong_antagonism_(20,20,20)",20,20,20,0.667571451931725,180,247981291.840809,1377673.84356005,FLOAT
"strong_antagonism_(20,20,20)",20,20,20,0.667625417266748,180,209509419.327486,1163941.21848603,FLOAT
"strong_antagonism_(20,20,20)",20,20,20,0.66768260132946,180,177056022.862286,983644.571457143,FLOAT
"strong_antagonism_(20,20,20)",20,20,20,0.667743196098802,180,149673977.714395,831522.098413304,FLOAT
"strong_antagonism_(20,20,20)",20,20,20,0.667807405004176,180,126565832.792806,703143.515515587,FLOAT
"strong_antagonism_(20,20,20)",20,20,20,0.667875443608401,180,107060088.462577,594778.26923654,FLOAT
"strong_antagonism_(20,20,20)",20,20,20,0.667947540331402,180,90591241.812124,503284.676734022,FLOAT
"strong_antagonism_(20,20,20)",20,20,20,0.668023937217061,180,76683000.1994238,426016.667774576,FLOAT
"strong_antagonism_(20,20,20)",20,20,20,0.668104890745814,180,64934159.2880692,360745.329378162,FLOAT
"strong_antagonism_(20,20,20)",20,20,20,0.668190672695706,180,55006721.9749637,305592.89986091,FLOAT
"strong_antagonism_(20,20,20)",20,20,20,0.66828157105481,180,46615902.0282342,258977.23349019,FLOAT
"strong_antagonism_(20,20,20)",20,20,20,0.668377890988062,180,39521712.9323905,219565.071846614,FLOAT
"strong_antagonism_(20,20,20)",20,20,20,0.668479955861763,180,33521890.0911451,186232.722728584,FLOAT
"strong_antagonism_(20,20,20)",20,20,20,0.668588108329191,180,28445934.6021453,158032.970011918,FLOAT
"strong_antagonism_(20,20,20)",20,20,20,0.668702711480957,180,24150100.5036522,134167.22502029,FLOAT
"strong_antagonism_(20,20,20)",20,20,20,0.668824150063978,180,20513175.715129,113962.087306272,FLOAT
"strong_antagonism_(20,20,20)",20,20,20,0.668952831773153,180,17432930.7080862,96849.6150449231,FLOAT
"strong_antagonism_(20,20,20)",20,20,20,0.669089188620082,180,14823128.9669154,82350.7164828632,FLOAT
"strong_antagonism_(20,20,20)",20,20,20,0.669233678383419,180,12611010.1365124,70061.167425069,FLOAT
"strong_antagonism_(20,20,20)",20,20,20,0.669386786145729,180,10735170.9115775,59639.8383976526,FLOAT
"strong_antagonism_(20,20,20)",20,20,20,0.669549025922018,180,9143780.62782635,50798.781265702,FLOAT
"strong_antagonism_(20,20,20)",20,20,20,0.669720942385384,180,7793078.52726155,43294.8807070086,FLOAT
"strong_antagonism_(20,20,20)",20,20,20,0.669903112695601,180,6646108.08893375,36922.8227162986,FLOAT
"strong_antagonism_(20,20,20)",20,20,20,0.670096148436769,180,5671650.89747746,31509.1716526526,FLOAT
"strong_antagonism_(20,20,20)",20,20,20,0.670300697670525,180,4843328.47658072,26907.3804254485,FLOAT
"strong_antagonism_(20,20,20)",20,20,20,0.670517447111728,180,4138845.52309184,22993.5862393991,FLOAT
"strong_antagonism_(20,20,20)",20,20,20,0.670747124433902,180,3539352.18997072,19663.0677220596,FLOAT
"strong_antagonism_(20,20,20)",20,20,20,0.67099050071219,180,3028906.60961815,16827.258942323,FLOAT
"strong_antagonism_(20,20,20)",20,20,20,0.671248393012015,180,2594021.82957931,14411.2323865517,FLOAT
"strong_antagonism_(20,20,20)",20,20,20,0.671521667132144,180,2223283.83980453,12351.5768878029,FLOAT
"strong_antagonism_(20,20,20)",20,20,20,0.671811240511352,180,1907029.47983622,10594.6082213123,FLOAT
"strong_antagonism_(20,20,20)",20,20,20,0.67211808530846,180,1637074.78870517,9094.85993725095,FLOAT
"strong_antagonism_(20,20,20)",20,20,20,0.672443231666078,180,1406485.85322885,7813.81029571586,FLOAT
"strong_antagonism_(20,20,20)",20,20,20,0.672787771169006,180,1209385.46652399,6718.80814735549,FLOAT
"strong_antagonism_(20,20,20)",20,20,20,0.673152860508921,180,1040789.96549595,5782.16647497751,FLOAT
"strong_antagonism_(20,20,20)",20,20,20,0.673539725367628,180,896471.505511121,4980.39725283956,FLOAT
"strong_antagonism_(20,20,20)",20,20,20,0.673949664531935,180,772841.7789685,4293.56543871389,FLOAT
"strong_antagonism_(20,20,20)",20,20,20,0.674384054253956,180,666853.81446799,3704.74341371105,FLOAT
"strong_antagonism_(20,20,20)",20,20,20,0.674844352871474,180,575919.023517446,3199.55013065248,FLOAT
"strong_antagonism_(20,20,20)",20,20,20,0.675332105703892,180,497837.10806922,2765.76171149567,FLOAT
"strong_antagonism_(20,20,20)",20,20,20,0.675848950240194,180,430736.817930934,2392.98232183852,FLOAT
"strong_antagonism_(20,20,20)",20,20,20,0.676396621636343,180,373025.863452511,2072.36590806951,FLOAT
"strong_antagonism_(20,20,20)",20,20,20,0.676976958540561,180,323348.55526667,1796.38086259261,FLOAT
"strong_antagonism_(20,20,20)",20,20,20,0.677591909266059,180,280549.967174189,1558.61092874549,FLOAT
"strong_antagonism_(20,20,20)",20,20,20,0.67824353833194,180,243645.607180551,1353.58670655862,FLOAT
"strong_antagonism_(20,20,20)",20,20,20,0.678934033394218,180,211795.740811733,1176.64300450963,FLOAT
"strong_antagonism_(20,20,20)",20,20,20,0.679665712590243,180,184283.644880012,1023.79802711118,FLOAT
"strong_antagonism_(20,20,20)",20,20,20,0.680441032321174,180,160497.182802316,891.651015568423,FLOAT
"strong_antagonism_(20,20,20)",20,20,20,0.681262595498641,180,139913.187732032,777.295487400175,FLOAT
"strong_antagonism_(20,20,20)",20,20,20,0.68213316028326,180,122084.219959117,678.245666439537,FLOAT
"strong_antagonism_(20,20,20)",20,20,20,0.683055649344363,180,106627.332626724,592.374070148466,FLOAT
"strong_antagonism_(20,20,20)",20,20,20,0.684033159672015,180,93214.5367936292,517.858537742384,FLOAT
"strong_antagonism_(20,20,20)",20,20,20,0.68506897297426,180,81564.7049158169,453.137249532316,FLOAT
"strong_antagonism_(20,20,20)",20,20,20,0.686166566694507,180,71436.6923357621,396.870512976456,FLOAT
"strong_antagonism_(20,20,20)",20,20,20,0.687329625686041,180,62623.4905408953,347.908280782752,FLOAT
"strong_antagonism_(20,20,20)",20,20,20,0.68856205458285,180,54947.2547819512,305.262526566395,FLOAT
"strong_antagonism_(20,20,20)",20,20,20,0.689867990908302,180,48255.0729679374,268.083738710763,FLOAT
"strong_antagonism_(20,20,20)",20,20,20,0.691251818965688,180,42415.3632854218,235.640907141232,FLOAT
"strong_antagonism_(20,20,20)",20,20,20,0.692718184557244,180,37314.8053215898,207.304474008832,FLOAT
"strong_antagonism_(20,20,20)",20,20,20,0.694272010581095,180,32855.7241053895,182.531800585497,FLOAT
"strong_antagonism_(20,20,20)",20,20,20,0.695918513558455,180,28953.8588416581,160.854771342545,FLOAT
"strong_antagonism_(20,20,20)",20,20,20,0.697663221146592,180,25536.4585558166,141.869214198981,FLOAT
"strong_antagonism_(20,20,20)",20,20,20,0.699511990696333,180,22540.6556915101,125.225864952834,FLOAT
"strong_antagonism_(20,20,20)",20,20,20,0.701471028916427,180,19912.0761634398,110.622645352443,FLOAT
"strong_antagonism_(20,20,20)",20,20,20,0.703546912710775,180,17603.6506755654,97.7980593086967,FLOAT
"strong_antagonism_(20,20,20)",20,20,20,0.705746611258478,180,15574.5974505782,86.5255413921011,FLOAT
"strong_antagonism_(20,20,20)",20,20,20,0.708077509410841,180,13789.5510313879,76.6086168410441,FLOAT
"strong_antagonism_(20,20,20)",20,20,20,0.710547432483875,180,12217.8156370158,67.8767535389765,FLOAT
"strong_antagonism_(20,20,20)",20,20,20,0.713164672529529,180,10832.7247913996,60.1818043966646,FLOAT
"strong_antagonism_(20,20,20)",20,20,20,0.715938016173855,180,9611.09168496803,53.394953805378,FLOAT
"strong_antagonism_(20,20,20)",20,20,20,0.718876774115565,180,8532.73705203118,47.4040947335065,FLOAT
"strong_antagonism_(20,20,20)",20,20,20,0.721990812384003,180,7580.08331669202,42.1115739816223,FLOAT
"strong_antagonism_(20,20,20)",20,20,20,0.725290585461487,180,6737.80543063523,37.4322523924179,FLOAT
"strong_antagonism_(20,20,20)",20,20,20,0.728787171381207,180,5992.53024385104,33.2918346880613,FLOAT
"strong_antagonism_(20,20,20)",20,20,20,0.732492308918514,180,5332.5774529546,29.6254302941922,FLOAT
"strong_antagonism_(20,20,20)",20,20,20,0.736418437000464,180,4747.73619411239,26.3763121895133,FLOAT
"strong_antagonism_(20,20,20)",20,20,20,0.740578736465914,180,4229.07221640422,23.4948456466901,FLOAT
"strong_antagonism_(20,20,20)",20,20,20,0.744987174316374,180,3768.76131017463,20.9375628343035,FLOAT
"strong_antagonism_(20,20,20)",20,20,20,0.749658550606174,180,3359.94529336009,18.6663627408894,FLOAT
"strong_antagonism_(20,20,20)",20,20,20,0.754608548129361,180,2996.60739366273,16.6478188536818,FLOAT
"strong_antagonism_(20,20,20)",20,20,20,0.759853785070145,180,2673.46431993551,14.8525795551973,FLOAT
"strong_antagonism_(20,20,20)",20,20,20,0.765411870793641,180,2385.87270421751,13.2548483567639,FLOAT
"strong_antagonism_(20,20,20)",20,20,20,0.771301464964215,180,2129.74792663583,11.8319329257546,FLOAT
"strong_antagonism_(20,20,20)",20,20,20,0.777542340189913,180,1901.49361743337,10.5638534301854,FLOAT
"strong_antagonism_(20,20,20)",20,20,20,0.784155448403264,180,1697.94037091934,9.43300206066302,FLOAT
"strong_antagonism_(20,20,20)",20,20,20,0.791162991201332,180,1516.29241127648,8.42384672931376,FLOAT
"strong_antagonism_(20,20,20)",20,20,20,0.798588494381158,180,1354.08112502956,7.52267291683091,FLOAT
"strong_antagonism_(20,20,20)",20,20,20,0.806456886920807,180,1209.12452388722,6.71735846604011,FLOAT
"strong_antagonism_(20,20,20)",20,20,20,0.814794584671205,180,1079.49182818157,5.99717682323095,FLOAT
"strong_antagonism_(20,20,20)",20,20,20,0.823629579039712,180,963.472468163039,5.35262482312799,FLOAT
"strong_antagonism_(20,20,20)",20,20,20,0.83299153096317,180,859.54889025658,4.77527161253655,FLOAT
"strong_antagonism_(20,20,20)",20,20,20,0.842911870485915,180,766.372629736335,4.25762572075741,FLOAT
"strong_antagonism_(20,20,20)",20,20,20,0.853423902277057,180,682.74317114772,3.79301761748733,FLOAT
"strong_antagonism_(20,20,20)",20,20,20,0.864562917441269,180,607.589163421253,3.37549535234029,FLOAT
"strong_antagonism_(20,20,20)",20,20,20,0.876366311998457,180,539.951587141289,2.99973103967383,FLOAT
"strong_antagonism_(20,20,20)",20,20,20,0.888873712430073,180,478.968484470939,2.66093602483855,FLOAT
"strong_antagonism_(20,20,20)",20,20,20,0.9,180,432.134531740541,2.40074739855856,FLOAT
"strong_antagonism_(20,20,20)",20,20,20,0.902127108713561,180,423.860852991917,2.35478251662176,FLOAT
"strong_antagonism_(20,20,20)",20,20,20,0.912667383761716,180,385.669725892732,2.14260958829295,FLOAT
"strong_antagonism_(20,20,20)",20,20,20,0.916170995291558,180,373.919264408418,2.07732924671344,FLOAT
"strong_antagonism_(20,20,20)",20,20,20,0.923730141409766,180,349.990559899338,1.94439199944077,FLOAT
"strong_antagonism_(20,20,20)",20,20,20,0.931052520449102,180,328.490682027507,1.82494823348615,FLOAT
"strong_antagonism_(20,20,20)",20,20,20,0.933391537091908,180,321.940251351749,1.78855695195416,FLOAT
"strong_antagonism_(20,20,20)",20,20,20,0.941829086706256,180,299.471451035343,1.66373028352968,FLOAT
"strong_antagonism_(20,20,20)",20,20,20,0.946821644600358,180,286.964789203006,1.59424882890559,FLOAT
"strong_antagonism_(20,20,20)",20,20,20,0.94919781953087,180,281.201813448129,1.56223229693405,FLOAT
"strong_antagonism_(20,20,20)",20,20,20,0.955633126690214,180,266.165631842285,1.47869795467936,FLOAT
"strong_antagonism_(20,20,20)",20,20,20,0.961253248795439,180,253.668213367639,1.40926785204244,FLOAT
"strong_antagonism_(20,20,20)",20,20,20,0.963531308016255,180,248.758853729818,1.38199363183232,FLOAT
"strong_antagonism_(20,20,20)",20,20,20,0.966161448465718,180,243.196962548549,1.35109423638083,FLOAT
"strong_antagonism_(20,20,20)",20,20,20,0.970447907647971,180,234.365169163421,1.30202871757456,FLOAT
"strong_antagonism_(20,20,20)",20,20,20,0.974191384595819,180,226.875378205139,1.26041876780633,FLOAT
"strong_antagonism_(20,20,20)",20,20,20,0.977460660952652,180,220.494871757756,1.22497150976531,FLOAT
"strong_antagonism_(20,20,20)",20,20,20,0.980315805527134,180,215.038858446295,1.19466032470164,FLOAT
"strong_antagonism_(20,20,20)",20,20,20,0.981237608556118,180,213.299645788094,1.18499803215608,FLOAT
"strong_antagonism_(20,20,20)",20,20,20,0.982809277981414,180,210.358692950617,1.1686594052812,FLOAT
"strong_antagonism_(20,20,20)",20,20,20,0.984986892710918,180,206.333453378349,1.14629696321305,FLOAT
"strong_antagonism_(20,20,20)",20,20,20,0.986888660625784,180,202.863806827133,1.12702114903963,FLOAT
"strong_antagonism_(20,20,20)",20,20,20,0.988549524300617,180,199.867464032481,1.11037480018045,FLOAT
"strong_antagonism_(20,20,20)",20,20,20,0.99,180,197.275757198446,1.09597642888025,FLOAT
"strong_antagonism_(20,20,20)",20,20,20,0.991266738376172,180,195.031024923069,1.08350569401705,FLOAT
"strong_antagonism_(20,20,20)",20,20,20,0.992373014140977,180,193.084586189307,1.07269214549615,FLOAT
"strong_antagonism_(20,20,20)",20,20,20,0.993339153709191,180,191.39515067841,1.06330639265783,FLOAT
"strong_antagonism_(20,20,20)",20,20,20,0.994182908670626,180,189.927556818412,1.05515309343562,FLOAT
"strong_antagonism_(20,20,20)",20,20,20,0.994919781953087,180,188.651759285256,1.04806532936253,FLOAT
"strong_antagonism_(20,20,20)",20,20,20,0.995563312669021,180,187.542008761675,1.04190004867597,FLOAT
"strong_antagonism_(20,20,20)",20,20,20,0.996125324879544,180,186.576181625895,1.03653434236608,FLOAT
"strong_antagonism_(20,20,20)",20,20,20,0.996616144846572,180,185.735227855668,1.03186237697593,FLOAT
"strong_antagonism_(20,20,20)",20,20,20,0.997044790764797,180,185.002713101909,1.02779285056616,FLOAT
"strong_antagonism_(20,20,20)",20,20,20,0.997419138459582,180,184.364436492179,1.02424686940099,FLOAT
"strong_antagonism_(20,20,20)",20,20,20,0.997746066095265,180,183.808109868919,1.02115616593844,FLOAT
"strong_antagonism_(20,20,20)",20,20,20,0.998031580552713,180,183.323087265362,1.01846159591868,FLOAT
"strong_antagonism_(20,20,20)",20,20,20,0.998280927798141,180,182.900135762512,1.01611186534729,FLOAT
"strong_antagonism_(20,20,20)",20,20,20,0.998498689271092,180,182.531240657127,1.01406244809515,FLOAT
"strong_antagonism_(20,20,20)",20,20,20,0.998688866062578,180,182.2094392479,1.01227466248833,FLOAT
"strong_antagonism_(20,20,20)",20,20,20,0.998854952430062,180,181.928678619196,1.01071488121776,FLOAT
"strong_antagonism_(20,20,20)",20,20,20,0.999,180,181.683693643899,1.00935385357722,FLOAT
"strong_antagonism_(20,20,20)",20,20,20,0.999126673837617,180,181.469902094496,1.0081661227472,FLOAT
"strong_antagonism_(20,20,20)",20,20,20,0.999237301414098,180,181.283314285004,1.00712952380558,FLOAT
"strong_antagonism_(20,20,20)",20,20,20,0.999333915370919,180,181.120455096156,1.0062247505342,FLOAT
"strong_antagonism_(20,20,20)",20,20,20,0.999418290867063,180,180.978296585046,1.00543498102803,FLOAT
"strong_antagonism_(20,20,20)",20,20,20,0.999491978195309,180,180.854199665536,1.00474555369742,FLOAT
"strong_antagonism_(20,20,20)",20,20,20,0.999556331266902,180,180.745863580234,1.00414368655685,FLOAT
"strong_antagonism_(20,20,20)",20,20,20,0.999612532487954,180,180.65128207891,1.00361823377172,FLOAT
"strong_antagonism_(20,20,20)",20,20,20,0.999661614484657,180,180.568705379754,1.00315947433197,FLOAT
"strong_antagonism_(20,20,20)",20,20,20,0.99970447907648,180,180.496607124914,1.00275892847175,FLOAT
"strong_antagonism_(20,20,20)",20,20,20,0.999741913845958,180,180.433655655321,1.00240919808512,FLOAT
"strong_antagonism_(20,20,20)",20,20,20,0.999774606609527,180,180.378689025536,1.00210382791964,FLOAT
"strong_antagonism_(20,20,20)",20,20,20,0.999803158055271,180,180.330693260543,1.00183718478079,FLOAT
"strong_antagonism_(20,20,20)",20,20,20,0.999828092779814,180,180.288783425346,1.00160435236303,FLOAT
"strong_antagonism_(20,20,20)",20,20,20,0.999849868927109,180,180.252187137046,1.00140103965025,FLOAT
"strong_antagonism_(20,20,20)",20,20,20,0.999868886606258,180,180.220230199363,1.00122350110757,FLOAT
"strong_antagonism_(20,20,20)",20,20,20,0.999885495243006,180,180.192324082646,1.00106846712581,FLOAT
"strong_antagonism_(20,20,20)",20,20,20,0.9999,180,180.167955009449,1.00093308338583,FLOAT
"strong_antagonism_(20,20,20)",20,20,20,0.999912667383762,180,180.146674437605,1.00081485798669,FLOAT
"strong_antagonism_(20,20,20)",20,20,20,0.99992373014141,180,180.128090760226,1.00071161533459,FLOAT
"strong_antagonism_(20,20,20)",20,20,20,0.999933391537092,180,180.111862065744,1.0006214559208,FLOAT
"strong_antagonism_(20,20,20)",20,20,20,0.999941829086706,180,180.097689821674,1.00054272123152,FLOAT
"strong_antagonism_(20,20,20)",20,20,20,0.999949197819531,180,180.085313363503,1.00047396313057,FLOAT
"strong_antagonism_(20,20,20)",20,20,20,0.99995563312669,180,180.07450508552,1.00041391714178,FLOAT
"strong_antagonism_(20,20,20)",20,20,20,0.999961253248795,180,180.06506624377,1.00036147913205,FLOAT
"strong_antagonism_(20,20,20)",20,20,20,0.999966161448466,180,180.056823292879,1.00031568496044,FLOAT
"strong_antagonism_(20,20,20)",20,20,20,0.999970447907648,180,180.049624688613,1.00027569271451,FLOAT
"strong_antagonism_(20,20,20)",20,20,20,0.999974191384596,180,180.043338096756,1.0002407672042,FLOAT
"strong_antagonism_(20,20,20)",20,20,20,0.999977460660953,180,180.037847956543,1.00021026642524,FLOAT
"strong_antagonism_(20,20,20)",20,20,20,0.999980315805527,180,180.033053353483,1.00018362974157,FLOAT
"strong_antagonism_(20,20,20)",20,20,20,0.999982809277981,180,180.028866162222,1.0001603675679,FLOAT
"strong_antagonism_(20,20,20)",20,20,20,0.999984986892711,180,180.025209425093,1.00014005236163,FLOAT
"strong_antagonism_(20,20,20)",20,20,20,0.999986888660626,180,180.022015936388,1.00012231075771,FLOAT
"strong_antagonism_(20,20,20)",20,20,20,0.999988549524301,180,180.019227006227,1.00010681670126,FLOAT
"strong_antagonism_(20,20,20)",20,20,20,0.99999,180,180.016791381201,1.00009328545112,FLOAT
"strong_antagonism_(20,20,20)",20,20,20,0.999991266738376,180,180.014664301893,1.00008146834385,FLOAT
"strong_antagonism_(20,20,20)",20,20,20,0.999992373014141,180,180.012806679894,1.00007114822164,FLOAT
"strong_antagonism_(20,20,20)",20,20,20,0.999993339153709,180,180.011184379164,1.0000621354398,FLOAT
"strong_antagonism_(20,20,20)",20,20,20,0.999994182908671,180,180.009767588479,1.00005426438044,FLOAT
"strong_antagonism_(20,20,20)",20,20,20,0.999994919781953,180,180.008530273437,1.00004739040798,FLOAT
"strong_antagonism_(20,20,20)",20,20,20,0.999995563312669,180,180.007449697903,1.00004138721057,FLOAT
"strong_antagonism_(20,20,20)",20,20,20,0.99999612532488,180,180.006506006118,1.00003614447843,FLOAT
"strong_antagonism_(20,20,20)",20,20,20,0.999996616144847,180,180.005681857758,1.00003156587643,FLOAT
"strong_antagonism_(20,20,20)",20,20,20,0.999997044790765,180,180.004962109236,1.00002756727353,FLOAT
"strong_antagonism_(20,20,20)",20,20,20,0.99999741913846,180,180.004333535396,1.00002407519665,FLOAT
"strong_antagonism_(20,20,20)",20,20,20,0.999997746066095,180,180.003784586466,1.00002102548037,FLOAT
"strong_antagonism_(20,20,20)",20,20,20,0.999998031580553,180,180.003305175804,1.0000183620878,FLOAT
"strong_antagonism_(20,20,20)",20,20,20,0.999998280927798,180,180.00288649454,1.00001603608078,FLOAT
"strong_antagonism_(20,20,20)",20,20,20,0.999998498689271,180,180.002520849704,1.00001400472058,FLOAT
"strong_antagonism_(20,20,20)",20,20,20,0.999998688866063,180,180.002201522857,1.00001223068254,FLOAT
"strong_antagonism_(20,20,20)",20,20,20,0.99999885495243,180,180.001922646638,1.00001068137021,FLOAT
"strong_antagonism_(20,20,20)",20,20,20,0.999999,180,180.001679096946,1.00000932831637,FLOAT
"strong_antagonism_(20,20,20)",20,20,20,0.999999126673838,180,180.001466398787,1.00000814665992,FLOAT
"strong_antagonism_(20,20,20)",20,20,20,0.999999237301414,180,180.001280644039,1.0000071146891,FLOAT
"strong_antagonism_(20,20,20)",20,20,20,0.999999333915371,180,180.001118419649,1.0000062134425,FLOAT
"strong_antagonism_(20,20,20)",20,20,20,0.999999418290867,180,180.000976744916,1.00000542636064,FLOAT
"strong_antagonism_(20,20,20)",20,20,20,0.999999491978195,180,180.000853016718,1.00000473898177,FLOAT
"strong_antagonism_(20,20,20)",20,20,20,0.999999556331267,180,180.000744961686,1.00000413867603,FLOAT
"strong_antagonism_(20,20,20)",20,20,20,0.999999612532488,180,180.000650594431,1.0000036144135,FLOAT
"strong_antagonism_(20,20,20)",20,20,20,0.999999661614485,180,180.000568181062,1.00000315656145,FLOAT
"strong_antagonism_(20,20,20)",20,20,20,0.999999704479076,180,180.000496207328,1.00000275670738,FLOAT
"strong_antagonism_(20,20,20)",20,20,20,0.999999741913846,180,180.000433350797,1.00000240750443,FLOAT
"strong_antagonism_(20,20,20)",20,20,20,0.999999774606609,180,180.000378456555,1.00000210253642,FLOAT
"strong_antagonism_(20,20,20)",20,20,20,0.999999803158055,180,180.000330515985,1.00000183619992,FLOAT
"strong_antagonism_(20,20,20)",20,20,20,0.99999982809278,180,180.000288648237,1.00000160360132,FLOAT
"strong_antagonism_(20,20,20)",20,20,20,0.999999849868927,180,180.000252084043,1.0000014004669,FLOAT
"strong_antagonism_(20,20,20)",20,20,20,0.999999868886606,180,180.000220151578,1.00000122306432,FLOAT
"strong_antagonism_(20,20,20)",20,20,20,0.999999885495243,180,180.000192264124,1.00000106813402,FLOAT
"strong_antagonism_(20,20,20)",20,20,20,0.9999999,180,180.000167909283,1.00000093282935,FLOAT
"strong_antagonism_(20,20,20)",20,20,20,0.999999912667384,180,180.000146639565,1.00000081466425,FLOAT
"strong_antagonism_(20,20,20)",20,20,20,0.999999923730141,180,180.000128064164,1.00000071146758,FLOAT
"strong_antagonism_(20,20,20)",20,20,20,0.999999933391537,180,180.000111841782,1.00000062134324,FLOAT
"strong_antagonism_(20,20,20)",20,20,20,0.999999941829087,180,180.000097674352,1.00000054263529,FLOAT
"strong_antagonism_(20,20,20)",20,20,20,0.99999994919782,180,180.000085301566,1.00000047389759,FLOAT
"strong_antagonism_(20,20,20)",20,20,20,0.999999955633127,180,180.000074496087,1.00000041386715,FLOAT
"strong_antagonism_(20,20,20)",20,20,20,0.999999961253249,180,180.000065059381,1.00000036144101,FLOAT
"strong_antagonism_(20,20,20)",20,20,20,0.999999966161448,180,180.000056818059,1.00000031565588,FLOAT
"strong_antagonism_(20,20,20)",20,20,20,0.999999970447908,180,180.000049620697,1.00000027567054,FLOAT
"strong_antagonism_(20,20,20)",20,20,20,0.999999974191385,180,180.000043335052,1.00000024075029,FLOAT
"strong_antagonism_(20,20,20)",20,20,20,0.999999977460661,180,180.000037845635,1.00000021025353,FLOAT
"strong_antagonism_(20,20,20)",20,20,20,0.999999980315806,180,180.000033051583,1.0000001836199,FLOAT
"strong_antagonism_(20,20,20)",20,20,20,0.999999982809278,180,180.000028864812,1.00000016036007,FLOAT
"strong_antagonism_(20,20,20)",20,20,20,0.999999984986893,180,180.000025208395,1.00000014004664,FLOAT
"strong_antagonism_(20,20,20)",20,20,20,0.999999986888661,180,180.000022015151,1.00000012230639,FLOAT
"strong_antagonism_(20,20,20)",20,20,20,0.999999988549524,180,180.000019226407,1.00000010681337,FLOAT
"strong_antagonism_(20,20,20)",20,20,20,0.99999999,180,180.000016790924,1.00000009328291,FLOAT
"anisotropic_(0.01,1,100)",0.01,1,100,0.666666676666667,123.21,1.67584193890192e+23,1.36015091218401e+21,FLOAT
"anisotropic_(0.01,1,100)",0.01,1,100,0.66666667726311,123.21,1.4084865539764e+23,1.14315928412986e+21,FLOAT
"anisotropic_(0.01,1,100)",0.01,1,100,0.666666677895128,123.21,1.18378375940722e+23,9.60785455244885e+20,FLOAT
"anisotropic_(0.01,1,100)",0.01,1,100,0.666666678564843,123.21,9.94928888083333e+22,8.07506605050996e+20,FLOAT
"anisotropic_(0.01,1,100)",0.01,1,100,0.666666679274502,123.21,8.36202997311816e+22,6.78681111364188e+20,FLOAT
"anisotropic_(0.01,1,100)",0.01,1,100,0.666666680026488,123.21,7.02799379303267e+22,5.70407742312529e+20,FLOAT
"anisotropic_(0.01,1,100)",0.01,1,100,0.666666680823326,123.21,5.90678343397472e+22,4.79407794332823e+20,FLOAT
"anisotropic_(0.01,1,100)",0.01,1,100,0.666666681667691,123.21,4.96444537433746e+22,4.02925523442697e+20,FLOAT
"anisotropic_(0.01,1,100)",0.01,1,100,0.666666682562417,123.21,4.17244298363467e+22,3.38644832694965e+20,FLOAT
"anisotropic_(0.01,1,100)",0.01,1,100,0.666666683510509,123.21,3.50679267594167e+22,2.84619160453021e+20,FLOAT
"anisotropic_(0.01,1,100)",0.01,1,100,0.666666684515149,123.21,2.94733688422458e+22,2.39212473356431e+20,FLOAT
"anisotropic_(0.01,1,100)",0.01,1,100,0.66666668557971,123.21,2.4771338145536e+22,2.01049737403912e+20,FLOAT
"anisotropic_(0.01,1,100)",0.01,1,100,0.666666686707767,123.21,2.08194465109767e+22,1.68975298360334e+20,FLOAT
"anisotropic_(0.01,1,100)",0.01,1,100,0.666666687903105,123.21,1.74980188441e+22,1.42017846311988e+20,FLOAT
"anisotropic_(0.01,1,100)",0.01,1,100,0.666666689169739,123.21,1.47064750504114e+22,1.19361050648579e+20,FLOAT
"anisotropic_(0.01,1,100)",0.01,1,100,0.66666669051192,123.21,1.23602799463495e+22,1.00318804856339e+20,FLOAT
"anisotropic_(0.01,1,100)",0.01,1,100,0.666666691934155,123.21,1.03883849205767e+22,8.43144624671428e+19,FLOAT
"anisotropic_(0.01,1,100)",0.01,1,100,0.666666693441218,123.21,8.73107585706256e+21,7.08633703194753e+19,FLOAT
"anisotropic_(0.01,1,100)",0.01,1,100,0.666666695038169,123.21,7.33816537865733e+21,5.95581964017314e+19,FLOAT
"anisotropic_(0.01,1,100)",0.01,1,100,0.666666696730369,123.21,6.16747278418956e+21,5.00565926807042e+19,FLOAT
"anisotropic_(0.01,1,100)",0.01,1,100,0.666666698523499,123.21,5.1835464716178e+21,4.20708260012807e+19,FLOAT
"anisotropic_(0.01,1,100)",0.01,1,100,0.666666700423579,123.21,4.3565906407142e+21,3.53590669646474e+19,FLOAT
"anisotropic_(0.01,1,100)",0.01,1,100,0.666666702436989,123.21,3.66156305998928e+21,2.97180672022505e+19,FLOAT
"anisotropic_(0.01,1,100)",0.01,1,100,0.666666704570486,123.21,3.07741666627082e+21,2.49770040278453e+19,FLOAT
"anisotropic_(0.01,1,100)",0.01,1,100,0.666666706831235,123.21,2.58646191431994e+21,2.09923051239343e+19,FLOAT
"anisotropic_(0.01,1,100)",0.01,1,100,0.666666709226825,123.21,2.17383153748036e+21,1.76433044191248e+19,FLOAT
"anisotropic_(0.01,1,100)",0.01,1,100,0.666666711765299,123.21,1.82703007436541e+21,1.48285859456652e+19,FLOAT
"anisotropic_(0.01,1,100)",0.01,1,100,0.666666714455177,123.21,1.53555551245221e+21,1.24629130139778e+19,FLOAT
"anisotropic_(0.01,1,100)",0.01,1,100,0.666666717305492,123.21,1.29058126261871e+21,1.04746470466578e+19,FLOAT
"anisotropic_(0.01,1,100)",0.01,1,100,0.666666720325813,123.21,1.08468891103156e+21,8.80357853284279e+18,FLOAT
"anisotropic_(0.01,1,100)",0.01,1,100,0.666666723526278,123.21,9.11643552533657e+20,7.39910358358621e+18,FLOAT
"anisotropic_(0.01,1,100)",0.01,1,100,0.666666726917633,123.21,7.66204924867807e+20,6.21869105484788e+18,FLOAT
"anisotropic_(0.01,1,100)",0.01,1,100,0.666666730511263,123.21,6.43968813463818e+20,5.22659535316791e+18,FLOAT
"anisotropic_(0.01,1,100)",0.01,1,100,0.666666734319233,123.21,5.41233592689909e+20,4.39277325452406e+18,FLOAT
"anisotropic_(0.01,1,100)",0.01,1,100,0.666666738354327,123.21,4.54888202601225e+20,3.69197469849221e+18,FLOAT
"anisotropic_(0.01,1,100)",0.01,1,100,0.666666742630091,123.21,3.82317887223037e+20,3.10297773900687e+18,FLOAT
"anisotropic_(0.01,1,100)",0.01,1,100,0.66666674716088,123.21,3.2132505008831e+20,2.60794619014942e+18,FLOAT
"anisotropic_(0.01,1,100)",0.01,1,100,0.666666751961906,123.21,2.70062677994427e+20,2.19188927842243e+18,FLOAT
"anisotropic_(0.01,1,100)",0.01,1,100,0.666666757049286,123.21,2.2697842683385e+20,1.84220783080797e+18,FLOAT
"anisotropic_(0.01,1,100)",0.01,1,100,0.666666762440099,123.21,1.90767600975187e+20,1.54831264487612e+18,FLOAT
"anisotropic_(0.01,1,100)",0.01,1,100,0.666666768152444,123.21,1.60333648001806e+20,1.30130385522121e+18,FLOAT
"anisotropic_(0.01,1,100)",0.01,1,100,0.666666774205498,123.21,1.34754960627995e+20,1.093701490366e+18,FLOAT
"anisotropic_(0.01,1,100)",0.01,1,100,0.666666780619582,123.21,1.13256953235537e+20,9.19218839668347e+17,FLOAT
"anisotropic_(0.01,1,100)",0.01,1,100,0.66666678741623,123.21,9.51886176008052e+19,7.72572174343034e+17,FLOAT
"anisotropic_(0.01,1,100)",0.01,1,100,0.66666679461826,123.21,8.00028014273254e+19,6.49320683607868e+17,FLOAT
"anisotropic_(0.01,1,100)",0.01,1,100,0.666666802249851,123.21,6.72396437360895e+19,5.45732032595483e+17,FLOAT
"anisotropic_(0.01,1,100)",0.01,1,100,0.666666810336623,123.21,5.65126469514974e+19,4.58669320278366e+17,FLOAT
"anisotropic_(0.01,1,100)",0.01,1,100,0.666666818905725,123.21,4.74969729865219e+19,3.8549608787048e+17,FLOAT
"anisotropic_(0.01,1,100)",0.01,1,100,0.666666827985925,123.21,3.99196068461737e+19,3.23996484426376e+17,FLOAT
"anisotropic_(0.01,1,100)",0.01,1,100,0.666666837607709,123.21,3.35510890545898e+19,2.72308165364741e+17,FLOAT
"anisotropic_(0.01,1,100)",0.01,1,100,0.666666847803377,123.21,2.81985665435488e+19,2.28865891920695e+17,FLOAT
"anisotropic_(0.01,1,100)",0.01,1,100,0.66666685860716,123.21,2.36999532425401e+19,1.92354137184807e+17,FLOAT
"anisotropic_(0.01,1,100)",0.01,1,100,0.666666870055327,123.21,1.99190214215464e+19,1.61667246339959e+17,FLOAT
"anisotropic_(0.01,1,100)",0.01,1,100,0.666666882186313,123.21,1.67412761876932e+19,1.35875953150663e+17,FLOAT
"anisotropic_(0.01,1,100)",0.01,1,100,0.666666895040844,123.21,1.40704886283922e+19,1.14199242175085e+17,FLOAT
"anisotropic_(0.01,1,100)",0.01,1,100,0.666666908662074,123.21,1.18257817240923e+19,9.59806973792084e+16,FLOAT
"anisotropic_(0.01,1,100)",0.01,1,100,0.666666923095735,123.21,9.93918104278034e+18,8.06686230239456e+16,FLOAT
"anisotropic_(0.01,1,100)",0.01,1,100,0.666666938390282,123.21,8.35355645010123e+18,6.77993381227273e+16,FLOAT
"anisotropic_(0.01,1,100)",0.01,1,100,0.666666954597062,123.21,7.02089200403819e+18,5.69831345186121e+16,FLOAT
"anisotropic_(0.01,1,100)",0.01,1,100,0.666666971770485,123.21,5.90083200945519e+18,4.78924763367843e+16,FLOAT
"anisotropic_(0.01,1,100)",0.01,1,100,0.666666989968206,123.21,4.959458815474e+18,4.02520803138869e+16,FLOAT
"anisotropic_(0.01,1,100)",0.01,1,100,0.666667009251318,123.21,4.16826585460523e+18,3.38305807532281e+16,FLOAT
"anisotropic_(0.01,1,100)",0.01,1,100,0.666667029684559,123.21,3.50329431161564e+18,2.84335225356354e+16,FLOAT
"anisotropic_(0.01,1,100)",0.01,1,100,0.666667051336528,123.21,2.94440761348032e+18,2.38974727171522e+16,FLOAT
"anisotropic_(0.01,1,100)",0.01,1,100,0.666667074279914,123.21,2.47468167311687e+18,2.00850716103959e+16,FLOAT
"anisotropic_(0.01,1,100)",0.01,1,100,0.666667098591744,123.21,2.07989235582745e+18,1.68808729472238e+16,FLOAT
"anisotropic_(0.01,1,100)",0.01,1,100,0.666667124353638,123.21,1.74808477068874e+18,1.41878481510327e+16,FLOAT
"anisotropic_(0.01,1,100)",0.01,1,100,0.666667151652083,123.21,1.46921123353121e+18,1.1924447963081e+16,FLOAT
"anisotropic_(0.01,1,100)",0.01,1,100,0.666667180578726,123.21,1.23482700527432e+18,1.00221329865621e+16,FLOAT
"anisotropic_(0.01,1,100)",0.01,1,100,0.66666721123068,123.21,1.03783456894085e+18,8.42329818148565e+15,FLOAT
"anisotropic_(0.01,1,100)",0.01,1,100,0.66666724371085,123.21,8.72268701337916e+17,7.07952845822511e+15,FLOAT
"anisotropic_(0.01,1,100)",0.01,1,100,0.666667278128279,123.21,7.33115830967075e+17,5.95013254579235e+15,FLOAT
"anisotropic_(0.01,1,100)",0.01,1,100,0.666667314598514,123.21,6.16162222362012e+17,5.0009108218652e+15,FLOAT
"anisotropic_(0.01,1,100)",0.01,1,100,0.666667353243992,123.21,5.17866368375774e+17,4.20311961996408e+15,FLOAT
"anisotropic_(0.01,1,100)",0.01,1,100,0.666667394194455,123.21,4.35251752277235e+17,3.53260086256988e+15,FLOAT
"anisotropic_(0.01,1,100)",0.01,1,100,0.666667437587381,123.21,3.65816710698249e+17,2.96905048858249e+15,FLOAT
"anisotropic_(0.01,1,100)",0.01,1,100,0.666667483568452,123.21,3.07458677949437e+17,2.49540360319322e+15,FLOAT
"anisotropic_(0.01,1,100)",0.01,1,100,0.666667532292033,123.21,2.58410517018826e+17,2.09731772598674e+15,FLOAT
"anisotropic_(0.01,1,100)",0.01,1,100,0.666667583921701,123.21,2.17187007893931e+17,1.76273847815868e+15,FLOAT
"anisotropic_(0.01,1,100)",0.01,1,100,0.666667638630787,123.21,1.8253987162924e+17,1.48153454775782e+15,FLOAT
"anisotropic_(0.01,1,100)",0.01,1,100,0.666667696602962,123.21,1.53419970570454e+17,1.24519089822623e+15,FLOAT
"anisotropic_(0.01,1,100)",0.01,1,100,0.66666775803285,123.21,1.28945538506125e+17,1.04655091718306e+15,FLOAT
"anisotropic_(0.01,1,100)",0.01,1,100,0.666667823126684,123.21,1.08375479562946e+17,879599704268696,FLOAT
"anisotropic_(0.01,1,100)",0.01,1,100,0.666667892102997,123.21,9.10869265804235e+16,739281929879259,FLOAT
"anisotropic_(0.01,1,100)",0.01,1,100,0.666667965193359,123.21,7.65563795575419e+16,621348750568476,FLOAT
"anisotropic_(0.01,1,100)",0.01,1,100,0.666668042643148,123.21,6.43438535174797e+16,522229149561559,FLOAT
"anisotropic_(0.01,1,100)",0.01,1,100,0.66666812471238,123.21,5.40795549253466e+16,438921799572653,FLOAT
"anisotropic_(0.01,1,100)",0.01,1,100,0.666668211676578,123.21,4.54526840253727e+16,368904180061461,FLOAT
"anisotropic_(0.01,1,100)",0.01,1,100,0.666668303827701,123.21,3.82020232947172e+16,310056191013045,FLOAT
"anisotropic_(0.01,1,100)",0.01,1,100,0.666668401475117,123.21,3.21080275389676e+16,260595954378440,FLOAT
"anisotropic_(0.01,1,100)",0.01,1,100,0.666668504946651,123.21,2.69861757605865e+16,219025856347589,FLOAT
"anisotropic_(0.01,1,100)",0.01,1,100,0.666668614589678,123.21,2.26813837003538e+16,184087198282232,FLOAT
"anisotropic_(0.01,1,100)",0.01,1,100,0.666668730772293,123.21,1.90633077343439e+16,154722082090284,FLOAT
"anisotropic_(0.01,1,100)",0.01,1,100,0.666668853884545,123.21,1.60223979531933e+16,130041376131753,FLOAT
"anisotropic_(0.01,1,100)",0.01,1,100,0.666668984339748,123.21,1.34665809026913e+16,109297791597202,FLOAT
"anisotropic_(0.01,1,100)",0.01,1,100,0.666669122575868,123.21,1.13184715611288e+16,91863254290469.8,FLOAT
"anisotropic_(0.01,1,100)",0.01,1,100,0.666669269056992,123.21,9.51303005160712e+15,77209885980091.9,FLOAT
"anisotropic_(0.01,1,100)",0.01,1,100,0.666669424274889,123.21,7.99559222960806e+15,64894020206217.5,FLOAT
"anisotropic_(0.01,1,100)",0.01,1,100,0.666669588750657,123.21,6.72021442122953e+15,54542767804801,FLOAT
"anisotropic_(0.01,1,100)",0.01,1,100,0.666669763036477,123.21,5.6482822531462e+15,45842725859477.3,FLOAT
"anisotropic_(0.01,1,100)",0.01,1,100,0.666669947717462,123.21,4.74734140326953e+15,38530487811618.6,FLOAT
"anisotropic_(0.01,1,100)",0.01,1,100,0.666670143413626,123.21,3.99011488838239e+15,32384667546322.5,FLOAT
"anisotropic_(0.01,1,100)",0.01,1,100,0.666670350781961,123.21,3.35367713066273e+15,27219195931034.3,FLOAT
"anisotropic_(0.01,1,100)",0.01,1,100,0.666670570518648,123.21,2.81875977621287e+15,22877686683003.5,FLOAT
"anisotropic_(0.01,1,100)",0.01,1,100,0.666670803361388,123.21,2.36916826430251e+15,19228701114378,FLOAT
"anisotropic_(0.01,1,100)",0.01,1,100,0.666671050091883,123.21,1.9912914702134e+15,16161768283527.3,FLOAT
"anisotropic_(0.01,1,100)",0.01,1,100,0.66667131153846,123.21,1.67368957438807e+15,13584040048600.5,FLOAT
"anisotropic_(0.01,1,100)",0.01,1,100,0.666671588578849,123.21,1.40674767881371e+15,11417479740392.1,FLOAT
"anisotropic_(0.01,1,100)",0.01,1,100,0.666671882143135,123.21,1.18238468270528e+15,9596499332077.6,FLOAT
"anisotropic_(0.01,1,100)",0.01,1,100,0.666672193216873,123.21,993808600821790,8065973547778.51,FLOAT
"anisotropic_(0.01,1,100)",0.01,1,100,0.666672522844405,123.21,835310915316093,6779570776041.66,FLOAT
"anisotropic_(0.01,1,100)",0.01,1,100,0.666672872132358,123.21,702093735046976,5698350256042.34,FLOAT
"anisotropic_(0.01,1,100)",0.01,1,100,0.666673242253367,123.21,590124527773329,4789583051483.88,FLOAT
"anisotropic_(0.01,1,100)",0.01,1,100,0.666673634450005,123.21,496014026325989,4025761109698.8,FLOAT
"anisotropic_(0.01,1,100)",0.01,1,100,0.66667405003896,123.21,416913612533569,3383764406570.64,FLOAT
"anisotropic_(0.01,1,100)",0.01,1,100,0.66667449041545,123.21,350429071162001,2844160954159.58,FLOAT
"anisotropic_(0.01,1,100)",0.01,1,100,0.666674957057912,123.21,294548102222466,2390618474332.17,FLOAT
"anisotropic_(0.01,1,100)",0.01,1,100,0.666675451532965,123.21,247579397144121,2009409927312.07,FLOAT
"anisotropic_(0.01,1,100)",0.01,1,100,0.666675975500663,123.21,208101434039874,1688997922570.2,FLOAT
"anisotropic_(0.01,1,100)",0.01,1,100,0.666676530720078,123.21,174919441044440,1419685423621.78,FLOAT
"anisotropic_(0.01,1,100)",0.01,1,100,0.666677119055197,123.21,147029225419446,1193322176929.19,FLOAT
"anisotropic_(0.01,1,100)",0.01,1,100,0.666677742481186,123.21,123586772622809,1003057971129.04,FLOAT
"anisotropic_(0.01,1,100)",0.01,1,100,0.666678403091018,123.21,103882695099880,843135257689.145,FLOAT
"anisotropic_(0.01,1,100)",0.01,1,100,0.666679103102497,123.21,87320757064245.9,708714853211.963,FLOAT
"anisotropic_(0.01,1,100)",0.01,1,100,0.666679844865711,123.21,73399825062098.4,595729446165.883,FLOAT
"anisotropic_(0.01,1,100)",0.01,1,100,0.666680630870915,123.21,61698697791223.3,500760472293.023,FLOAT
"anisotropic_(0.01,1,100)",0.01,1,100,0.666681463756893,123.21,51863355916355.3,420934631250.348,FLOAT
"anisotropic_(0.01,1,100)",0.01,1,100,0.666682346319819,123.21,43596245749453.5,353836910554.772,FLOAT
"anisotropic_(0.01,1,100)",0.01,1,100,0.666683281522644,123.21,36647272411028.4,297437484059.966,FLOAT
"anisotropic_(0.01,1,100)",0.01,1,100,0.666684272505039,123.21,30806229739048.3,250030271398.818,FLOAT
"anisotropic_(0.01,1,100)",0.01,1,100,0.666685322593942,123.21,25896437753003.6,210181298214.46,FLOAT
"anisotropic_(0.01,1,100)",0.01,1,100,0.666686435314721,123.21,21769395047178.2,176685293784.418,FLOAT
"anisotropic_(0.01,1,100)",0.01,1,100,0.666687614403016,123.21,18300284201013.9,148529211922.846,FLOAT
"anisotropic_(0.01,1,100)",0.01,1,100,0.666688863817274,123.21,15384194143746.8,124861570844.467,FLOAT
"anisotropic_(0.01,1,100)",0.01,1,100,0.666690187752041,123.21,12932945092417.9,104966683649.2,FLOAT
"anisotropic_(0.01,1,100)",0.01,1,100,0.666691590652045,123.21,10872419949894,88242999349.8419,FLOAT
"anisotropic_(0.01,1,100)",0.01,1,100,0.666693077227118,123.21,9140321370016.98,74184898709.6581,FLOAT
"anisotropic_(0.01,1,100)",0.01,1,100,0.666694652468004,123.21,7684286587882.17,62367393782.0158,FLOAT
"anisotropic_(0.01,1,100)",0.01,1,100,0.66669632166312,123.21,6460302946445.52,52433267968.8785,FLOAT
"anisotropic_(0.01,1,100)",0.01,1,100,0.666698090416304,123.21,5431376154901.78,44082267307.0512,FLOAT
"anisotropic_(0.01,1,100)",0.01,1,100,0.666699964665634,123.21,4566410962543.39,37062015766.1179,FLOAT
"anisotropic_(0.01,1,100)",0.01,1,100,0.66670195070336,123.21,3839270366574.5,31160379568.0099,FLOAT
"anisotropic_(0.01,1,100)",0.01,1,100,0.666704055197027,123.21,3227984875410.51,26199049390.5568,FLOAT
"anisotropic_(0.01,1,100)",0.01,1,100,0.666706285211866,123.21,2714087891419.52,22028146184.7214,FLOAT
"anisotropic_(0.01,1,100)",0.01,1,100,0.666708648234505,123.21,2282057096326.19,18521687333.2213,FLOAT
"anisotropic_(0.01,1,100)",0.01,1,100,0.666711152198109,123.21,1918844931643.08,15573775924.3818,FLOAT
"anisotropic_(0.01,1,100)",0.01,1,100,0.666713805509012,123.21,1613483962184.24,13095397793.8823,FLOAT
"anisotropic_(0.01,1,100)",0.01,1,100,0.666716617074936,123.21,1356755178703.04,11011729394.5543,FLOAT
"anisotropic_(0.01,1,100)",0.01,1,100,0.6667195963349,123.21,1140909201119.43,9259875019.2308,FLOAT
"anisotropic_(0.01,1,100)",0.01,1,100,0.666722753290909,123.21,959431944459.514,7786964892.94306,FLOAT
"anisotropic_(0.01,1,100)",0.01,1,100,0.666726098541527,123.21,806847655651.066,6548556575.3678,FLOAT
"anisotropic_(0.01,1,100)",0.01,1,100,0.666729643317467,123.21,678553360927,5507291298.81503,FLOAT
"anisotropic_(0.01,1,100)",0.01,1,100,0.666733399519287,123.21,570679714015.499,4631764580.9228,FLOAT
"anisotropic_(0.01,1,100)",0.01,1,100,0.666737379757347,123.21,479974034332.559,3895576936.38957,FLOAT
"anisotropic_(0.01,1,100)",0.01,1,100,0.666741597394146,123.21,403701996224.191,3276535964.80961,FLOAT
"anisotropic_(0.01,1,100)",0.01,1,100,0.666746066589179,123.21,339564994660.229,2755985672.1064,FLOAT
"anisotropic_(0.01,1,100)",0.01,1,100,0.666750802346474,123.21,285630687279.63,2318242734.19065,FLOAT
"anisotropic_(0.01,1,100)",0.01,1,100,0.666755820564966,123.21,240274611411.395,1950122647.60486,FLOAT
"anisotropic_(0.01,1,100)",0.01,1,100,0.666761138091871,123.21,202131109891.619,1640541432.44558,FLOAT
"anisotropic_(0.01,1,100)",0.01,1,100,0.666766772779247,123.21,170052081186.136,1380180839.10507,FLOAT
"anisotropic_(0.01,1,100)",0.01,1,100,0.666772743543927,123.21,143072306079.756,1161206931.9029,FLOAT
"anisotropic_(0.01,1,100)",0.01,1,100,0.666779070431024,123.21,120380302202.556,977033537.882934,FLOAT
"anisotropic_(0.01,1,100)",0.01,1,100,0.666785774681232,123.21,101293824927.51,822123406.60263,FLOAT
"anisotropic_(0.01,1,100)",0.01,1,100,0.666792878802131,123.21,85239273743.3984,691821067.635731,FLOAT
"anisotropic_(0.01,1,100)",0.01,1,100,0.66680040664375,123.21,71734381369.4861,582212331.543593,FLOAT
"anisotropic_(0.01,1,100)",0.01,1,100,0.666808383478639,123.21,60373662194.2643,490006186.139634,FLOAT
"anisotropic_(0.01,1,100)",0.01,1,100,0.666816836086713,123.21,50816180085.2363,412435517.289476,FLOAT
"anisotropic_(0.01,1,100)",0.01,1,100,0.666825792845157,123.21,42775265783.5467,347173652.979033,FLOAT
"anisotropic_(0.01,1,100)",0.01,1,100,0.666835283823696,123.21,36009873057.8086,292264207.919882,FLOAT
"anisotropic_(0.01,1,100)",0.01,1,100,0.666845340885544,123.21,30317312364.2407,246062108.304851,FLOAT
"anisotropic_(0.01,1,100)",0.01,1,100,0.666855997794376,123.21,25527142414.8199,207184014.404837,FLOAT
"anisotropic_(0.01,1,100)",0.01,1,100,0.666867290327678,123.21,21496035070.9558,174466642.893886,FLOAT
"anisotropic_(0.01,1,100)",0.01,1,100,0.666879256396864,123.21,18103458413.7202,146931729.678761,FLOAT
"anisotropic_(0.01,1,100)",0.01,1,100,0.666891936174548,123.21,15248047577.8138,123756574.773264,FLOAT
"anisotropic_(0.01,1,100)",0.01,1,100,0.666905372229415,123.21,12844553728.9505,104249279.514248,FLOAT
"anisotropic_(0.01,1,100)",0.01,1,100,0.666919609669129,123.21,10821279042.7015,87827928.2745031,FLOAT
"anisotropic_(0.01,1,100)",0.01,1,100,0.666934696291775,123.21,9117920231.48133,74003086.0440008,FLOAT
"anisotropic_(0.01,1,100)",0.01,1,100,0.666950682746323,123.21,7683755514.54831,62363083.4717013,FLOAT
"anisotropic_(0.01,1,100)",0.01,1,100,0.666967622702667,123.21,6476120304.58451,52561645.1958811,FLOAT
"anisotropic_(0.01,1,100)",0.01,1,100,0.666985573031808,123.21,5459125607.53075,44307488.0896904,FLOAT
"anisotropic_(0.01,1,100)",0.01,1,100,0.667004593996783,123.21,4602580466.18835,37355575.5716935,FLOAT
"anisotropic_(0.01,1,100)",0.01,1,100,0.667024749454976,123.21,3881085940.49712,31499764.1465556,FLOAT
"anisotropic_(0.01,1,100)",0.01,1,100,0.667046107072505,123.21,3273273299.45006,26566620.3997245,FLOAT
"anisotropic_(0.01,1,100)",0.01,1,100,0.667068738551391,123.21,2761163453.72537,22410222.0089714,FLOAT
"anisotropic_(0.01,1,100)",0.01,1,100,0.667092719870275,123.21,2329628319.25039,18907786.0502426,FLOAT
"anisotropic_(0.01,1,100)",0.01,1,100,0.667118131539495,123.21,1965937878.7731,15955992.8477648,FLOAT
"anisotropic_(0.01,1,100)",0.01,1,100,0.667145058871377,123.21,1659379295.17344,13467894.6122347,FLOAT
"anisotropic_(0.01,1,100)",0.01,1,100,0.667173592266644,123.21,1400936604.4971,11370315.757626,FLOAT
"anisotropic_(0.01,1,100)",0.01,1,100,0.667203827517915,123.21,1183021344.35653,9601666.62086301,FLOAT
"anisotropic_(0.01,1,100)",0.01,1,100,0.667235866131295,123.21,999246009.813108,8110104.77893927,FLOAT
"anisotropic_(0.01,1,100)",0.01,1,100,0.667269815667157,123.21,844233520.288636,6851988.63962857,FLOAT
"anisotropic_(0.01,1,100)",0.01,1,100,0.667305790101244,123.21,713456966.813738,5790576.79420289,FLOAT
"anisotropic_(0.01,1,100)",0.01,1,100,0.667343910207308,123.21,603104821.577539,4894934.02789984,FLOAT
"anisotropic_(0.01,1,100)",0.01,1,100,0.667384303962572,123.21,509967559.006513,4139011.11116397,FLOAT
"anisotropic_(0.01,1,100)",0.01,1,100,0.667427106977381,123.21,431342282.579543,3500870.72948253,FLOAT
"anisotropic_(0.01,1,100)",0.01,1,100,0.66747246295047,123.21,364952493.843489,2962036.31071738,FLOAT
"anisotropic_(0.01,1,100)",0.01,1,100,0.667520524151393,123.21,308880595.924085,2506944.2084578,FLOAT
"anisotropic_(0.01,1,100)",0.01,1,100,0.667571451931725,123.21,261511107.081191,2122482.81049582,FLOAT
"anisotropic_(0.01,1,100)",0.01,1,100,0.667625417266748,123.21,221482882.029579,1797604.75634753,FLOAT
"anisotropic_(0.01,1,100)",0.01,1,100,0.66768260132946,123.21,187648909.633589,1523000.64632408,FLOAT
"anisotropic_(0.01,1,100)",0.01,1,100,0.667743196098802,123.21,159042483.321176,1290824.4730231,FLOAT
"anisotropic_(0.01,1,100)",0.01,1,100,0.667807405004176,123.21,134848732.029286,1094462.56009485,FLOAT
"anisotropic_(0.01,1,100)",0.01,1,100,0.667875443608401,123.21,114380660.488339,928339.099816076,FLOAT
"anisotropic_(0.01,1,100)",0.01,1,100,0.667947540331402,123.21,97058983.0050598,787752.4795476,FLOAT
"anisotropic_(0.01,1,100)",0.01,1,100,0.668023937217061,123.21,82395148.7178583,668737.510898939,FLOAT
"anisotropic_(0.01,1,100)",0.01,1,100,0.668104890745814,123.21,69977051.9942535,567949.452108218,FLOAT
"anisotropic_(0.01,1,100)",0.01,1,100,0.668190672695706,123.21,59457002.1090221,482566.367251214,FLOAT
"anisotropic_(0.01,1,100)",0.01,1,100,0.66828157105481,123.21,50541594.0062558,410206.915073904,FLOAT
"anisotropic_(0.01,1,100)",0.01,1,100,0.668377890988062,123.21,42983178.8476183,348861.122048684,FLOAT
"anisotropic_(0.01,1,100)",0.01,1,100,0.668479955861763,123.21,36572680.8990405,296832.082615376,FLOAT
"anisotropic_(0.01,1,100)",0.01,1,100,0.668588108329191,123.21,31133547.5469284,252686.856155575,FLOAT
"anisotropic_(0.01,1,100)",0.01,1,100,0.668702711480957,123.21,26516653.0766578,215215.104915655,FLOAT
"anisotropic_(0.01,1,100)",0.01,1,100,0.668824150063978,123.21,22596005.3068588,183394.248087483,FLOAT
"anisotropic_(0.01,1,100)",0.01,1,100,0.668952831773153,123.21,19265128.1110561,156360.101542538,FLOAT
"anisotropic_(0.01,1,100)",0.01,1,100,0.669089188620082,123.21,16434012.991723,133382.136123066,FLOAT
"anisotropic_(0.01,1,100)",0.01,1,100,0.669233678383419,123.21,14026549.8069523,113842.624843376,FLOAT
"anisotropic_(0.01,1,100)",0.01,1,100,0.669386786145729,123.21,11978360.9953921,97219.0649735582,FLOAT
"anisotropic_(0.01,1,100)",0.01,1,100,0.669549025922018,123.21,10234975.6282127,83069.3582356361,FLOAT
"anisotropic_(0.01,1,100)",0.01,1,100,0.669720942385384,123.21,8750289.69807858,71019.3141634492,FLOAT
"anisotropic_(0.01,1,100)",0.01,1,100,0.669903112695601,123.21,7485267.53604928,60752.1105109105,FLOAT
"anisotropic_(0.01,1,100)",0.01,1,100,0.670096148436769,123.21,6406846.38313631,51999.4025090196,FLOAT
"anisotropic_(0.01,1,100)",0.01,1,100,0.670300697670525,123.21,5487012.14701955,44533.8215000369,FLOAT
"anisotropic_(0.01,1,100)",0.01,1,100,0.670517447111728,123.21,4702019.42652604,38162.6444811788,FLOAT
"anisotropic_(0.01,1,100)",0.01,1,100,0.670747124433902,123.21,4031733.13774606,32722.4505944814,FLOAT
"anisotropic_(0.01,1,100)",0.01,1,100,0.67099050071219,123.21,3459072.65350555,28074.6096380614,FLOAT
"anisotropic_(0.01,1,100)",0.01,1,100,0.671248393012015,123.21,2969542.37910145,24101.4721134766,FLOAT
"anisotropic_(0.01,1,100)",0.01,1,100,0.671521667132144,123.21,2550835.22173767,20703.1508947137,FLOAT
"anisotropic_(0.01,1,100)",0.01,1,100,0.671811240511352,123.21,2192497.54462868,17794.8019205314,FLOAT
"anisotropic_(0.01,1,100)",0.01,1,100,0.67211808530846,123.21,1885645.99280998,15304.3258892134,FLOAT
"anisotropic_(0.01,1,100)",0.01,1,100,0.672443231666078,123.21,1622728.08988135,13170.4252080298,FLOAT
"anisotropic_(0.01,1,100)",0.01,1,100,0.672787771169006,123.21,1397319.77818122,11340.9607838749,FLOAT
"anisotropic_(0.01,1,100)",0.01,1,100,0.673152860508921,123.21,1203954.14710296,9771.56194385975,FLOAT
"anisotropic_(0.01,1,100)",0.01,1,100,0.673539725367628,123.21,1037976.4972892,8424.45010380003,FLOAT
"anisotropic_(0.01,1,100)",0.01,1,100,0.673949664531935,123.21,895421.649034475,7267.44297568765,FLOAT
"anisotropic_(0.01,1,100)",0.01,1,100,0.674384054253956,123.21,772910.043961705,6273.11130558968,FLOAT
"anisotropic_(0.01,1,100)",0.01,1,100,0.674844352871474,123.21,667559.728851969,5418.06451466576,FLOAT
"anisotropic_(0.01,1,100)",0.01,1,100,0.675332105703892,123.21,576911.765372822,4682.34530779013,FLOAT
"anisotropic_(0.01,1,100)",0.01,1,100,0.675848950240194,123.21,498866.992785322,4048.91642549567,FLOAT
"anisotropic_(0.01,1,100)",0.01,1,100,0.676396621636343,123.21,431632.393816042,3503.22533735932,FLOAT
"anisotropic_(0.01,1,100)",0.01,1,100,0.676976958540561,123.21,373675.586264639,3032.83488568005,FLOAT
"anisotropic_(0.01,1,100)",0.01,1,100,0.677591909266059,123.21,323686.192583297,2627.1097523196,FLOAT
"anisotropic_(0.01,1,100)",0.01,1,100,0.67824353833194,123.21,280543.03334659,2276.95019354427,FLOAT
"anisotropic_(0.01,1,100)",0.01,1,100,0.678934033394218,123.21,243286.253898859,1974.56581364223,FLOAT
"anisotropic_(0.01,1,100)",0.01,1,100,0.679665712590243,123.21,211093.631294501,1713.28326673566,FLOAT
"anisotropic_(0.01,1,100)",0.01,1,100,0.680441032321174,123.21,183260.42495242,1487.38272017223,FLOAT
"anisotropic_(0.01,1,100)",0.01,1,100,0.681262595498641,123.21,159182.232612905,1291.95870962507,FLOAT
"anisotropic_(0.01,1,100)",0.01,1,100,0.68213316028326,123.21,138340.396062297,1122.80168868027,FLOAT
"anisotropic_(0.01,1,100)",0.01,1,100,0.683055649344363,123.21,120289.571077764,976.297143720189,FLOAT
"anisotropic_(0.01,1,100)",0.01,1,100,0.684033159672015,123.21,104647.135161099,849.33962471471,FLOAT
"anisotropic_(0.01,1,100)",0.01,1,100,0.68506897297426,123.21,91084.1565802541,739.259447936483,FLOAT
"anisotropic_(0.01,1,100)",0.01,1,100,0.686166566694507,123.21,79317.690453312,643.760169250158,FLOAT
"anisotropic_(0.01,1,100)",0.01,1,100,0.687329625686041,123.21,69104.2033006041,560.865216302281,FLOAT
"anisotropic_(0.01,1,100)",0.01,1,100,0.68856205458285,123.21,60233.9576749195,488.872312920376,FLOAT
"anisotropic_(0.01,1,100)",0.01,1,100,0.689867990908302,123.21,52526.2140152841,426.314536281829,FLOAT
"anisotropic_(0.01,1,100)",0.01,1,100,0.691251818965688,123.21,45825.1284802519,371.927022808635,FLOAT
"anisotropic_(0.01,1,100)",0.01,1,100,0.692718184557244,123.21,39996.2438118042,324.61848723159,FLOAT
"anisotropic_(0.01,1,100)",0.01,1,100,0.694272010581095,123.21,34923.4857754662,283.44684502448,FLOAT
"anisotropic_(0.01,1,100)",0.01,1,100,0.695918513558455,123.21,30506.5908496995,247.598334954139,FLOAT
"anisotropic_(0.01,1,100)",0.01,1,100,0.697663221146592,123.21,26658.9019642746,216.369628798592,FLOAT
"anisotropic_(0.01,1,100)",0.01,1,100,0.699511990696333,123.21,23305.4785219099,189.152491858696,FLOAT
"anisotropic_(0.01,1,100)",0.01,1,100,0.701471028916427,123.21,20381.4749408027,165.42062284557,FLOAT
"anisotropic_(0.01,1,100)",0.01,1,100,0.703546912710775,123.21,17830.7487477688,144.718356852275,FLOAT
"anisotropic_(0.01,1,100)",0.01,1,100,0.705746611258478,123.21,15604.6650185651,126.650961923262,FLOAT
"anisotropic_(0.01,1,100)",0.01,1,100,0.708077509410841,123.21,13661.0688605218,110.876299492913,FLOAT
"anisotropic_(0.01,1,100)",0.01,1,100,0.710547432483875,123.21,11963.4017956007,97.0976527522177,FLOAT
"anisotropic_(0.01,1,100)",0.01,1,100,0.713164672529529,123.21,10479.9414415769,85.0575557306788,FLOAT
"anisotropic_(0.01,1,100)",0.01,1,100,0.715938016173855,123.21,9183.14690003331,74.5324803184263,FLOAT
"anisotropic_(0.01,1,100)",0.01,1,100,0.718876774115565,123.21,8049.09482249753,65.3282592524757,FLOAT
"anisotropic_(0.01,1,100)",0.01,1,100,0.721990812384003,123.21,7056.99330820169,57.2761408018966,FLOAT
"anisotropic_(0.01,1,100)",0.01,1,100,0.725290585461487,123.21,6188.7626460655,50.229385975696,FLOAT
"anisotropic_(0.01,1,100)",0.01,1,100,0.728787171381207,123.21,5428.67349824819,44.0603319393571,FLOAT
"anisotropic_(0.01,1,100)",0.01,1,100,0.732492308918514,123.21,4763.03447418547,38.6578562956373,FLOAT
"anisotropic_(0.01,1,100)",0.01,1,100,0.736418437000464,123.21,4179.92219736497,33.9251862459619,FLOAT
"anisotropic_(0.01,1,100)",0.01,1,100,0.740578736465914,123.21,3668.94795179887,29.7780046408479,FLOAT
"anisotropic_(0.01,1,100)",0.01,1,100,0.744987174316374,123.21,3221.05583634679,26.1428117551075,FLOAT
"anisotropic_(0.01,1,100)",0.01,1,100,0.749658550606174,123.21,2828.34807403592,22.9555074591017,FLOAT
"anisotropic_(0.01,1,100)",0.01,1,100,0.754608548129361,123.21,2483.93373841022,20.160163447855,FLOAT
"anisotropic_(0.01,1,100)",0.01,1,100,0.759853785070145,123.21,2181.79768508435,17.7079594601441,FLOAT
"anisotropic_(0.01,1,100)",0.01,1,100,0.765411870793641,123.21,1916.68692713341,15.5562610756709,FLOAT
"anisotropic_(0.01,1,100)",0.01,1,100,0.771301464964215,123.21,1684.01207881395,13.6678198101936,FLOAT
"anisotropic_(0.01,1,100)",0.01,1,100,0.777542340189913,123.21,1479.76182281891,12.0100789125795,FLOAT
"anisotropic_(0.01,1,100)",0.01,1,100,0.784155448403264,123.21,1300.42863983917,10.5545705692653,FLOAT
"anisotropic_(0.01,1,100)",0.01,1,100,0.791162991201332,123.21,1142.94428245653,9.27639219589747,FLOAT
"anisotropic_(0.01,1,100)",0.01,1,100,0.798588494381158,123.21,1004.6236841135,8.15375118994807,FLOAT
"anisotropic_(0.01,1,100)",0.01,1,100,0.806456886920807,123.21,883.116172994962,7.16756897163349,FLOAT
"anisotropic_(0.01,1,100)",0.01,1,100,0.814794584671205,123.21,776.363014232378,6.30113638691972,FLOAT
"anisotropic_(0.01,1,100)",0.01,1,100,0.823629579039712,123.21,682.560435308359,5.53981361341092,FLOAT
"anisotropic_(0.01,1,100)",0.01,1,100,0.83299153096317,123.21,600.12740159658,4.87076861940248,FLOAT
"anisotropic_(0.01,1,100)",0.01,1,100,0.842911870485915,123.21,527.677503523228,4.2827489937767,FLOAT
"anisotropic_(0.01,1,100)",0.01,1,100,0.853423902277057,123.21,463.994394680185,3.76588259621934,FLOAT
"anisotropic_(0.01,1,100)",0.01,1,100,0.864562917441269,123.21,408.010280261183,3.3115029645417,FLOAT
"anisotropic_(0.01,1,100)",0.01,1,100,0.876366311998457,123.21,358.786992424562,2.9119957180794,FLOAT
"anisotropic_(0.01,1,100)",0.01,1,100,0.888873712430073,123.21,315.499189360486,2.56066219755284,FLOAT
"anisotropic_(0.01,1,100)",0.01,1,100,0.9,123.21,283.067181377622,2.29743674521242,FLOAT
"anisotropic_(0.01,1,100)",0.01,1,100,0.902127108713561,123.21,277.41913919575,2.25159596782526,FLOAT
"anisotropic_(0.01,1,100)",0.01,1,100,0.912667383761716,123.21,251.695041322263,2.04281341873438,FLOAT
"anisotropic_(0.01,1,100)",0.01,1,100,0.916170995291558,123.21,243.902286700465,1.97956567405621,FLOAT
"anisotropic_(0.01,1,100)",0.01,1,100,0.923730141409766,123.21,228.224838624908,1.85232398851479,FLOAT
"anisotropic_(0.01,1,100)",0.01,1,100,0.931052520449102,123.21,214.371989526867,1.73989115759165,FLOAT
"anisotropic_(0.01,1,100)",0.01,1,100,0.933391537091908,123.21,210.197755343318,1.70601213654182,FLOAT
"anisotropic_(0.01,1,100)",0.01,1,100,0.941829086706256,123.21,196.052503619413,1.59120610031177,FLOAT
"anisotropic_(0.01,1,100)",0.01,1,100,0.946821644600358,123.21,188.299076321494,1.52827754501659,FLOAT
"anisotropic_(0.01,1,100)",0.01,1,100,0.94919781953087,123.21,184.756060166952,1.49952163109286,FLOAT
"anisotropic_(0.01,1,100)",0.01,1,100,0.955633126690214,123.21,175.600998010498,1.42521709285365,FLOAT
"anisotropic_(0.01,1,100)",0.01,1,100,0.961253248795439,123.21,168.088527818757,1.36424419948671,FLOAT
"anisotropic_(0.01,1,100)",0.01,1,100,0.963531308016255,123.21,165.160502683189,1.34047969063541,FLOAT
"anisotropic_(0.01,1,100)",0.01,1,100,0.966161448465718,123.21,161.858072282785,1.31367642466346,FLOAT
"anisotropic_(0.01,1,100)",0.01,1,100,0.970447907647971,123.21,156.643284617571,1.27135203812654,FLOAT
"anisotropic_(0.01,1,100)",0.01,1,100,0.974191384595819,123.21,152.243697039953,1.23564399837638,FLOAT
"anisotropic_(0.01,1,100)",0.01,1,100,0.977460660952652,123.21,148.505928700829,1.20530743203335,FLOAT
"anisotropic_(0.01,1,100)",0.01,1,100,0.980315805527134,123.21,145.310918642458,1.1793760136552,FLOAT
"anisotropic_(0.01,1,100)",0.01,1,100,0.981237608556118,123.21,144.29144203886,1.17110171283873,FLOAT
"anisotropic_(0.01,1,100)",0.01,1,100,0.982809277981414,123.21,142.565058758563,1.15708999885207,FLOAT
"anisotropic_(0.01,1,100)",0.01,1,100,0.984986892710918,123.21,140.193912184338,1.13784524133056,FLOAT
"anisotropic_(0.01,1,100)",0.01,1,100,0.986888660625784,123.21,138.137682907754,1.12115642324287,FLOAT
"anisotropic_(0.01,1,100)",0.01,1,100,0.988549524300617,123.21,136.34789492723,1.10663010248543,FLOAT
"anisotropic_(0.01,1,100)",0.01,1,100,0.99,123.21,134.784921825253,1.09394466216421,FLOAT
"anisotropic_(0.01,1,100)",0.01,1,100,0.991266738376172,123.21,133.416124085177,1.08283519264002,FLOAT
"anisotropic_(0.01,1,100)",0.01,1,100,0.992373014140977,123.21,132.214427293886,1.07308195190233,FLOAT
"anisotropic_(0.01,1,100)",0.01,1,100,0.993339153709191,123.21,131.157224660707,1.0645014581666,FLOAT
"anisotropic_(0.01,1,100)",0.01,1,100,0.994182908670626,123.21,130.225521222652,1.05693954405204,FLOAT
"anisotropic_(0.01,1,100)",0.01,1,100,0.994919781953087,123.21,129.403260385209,1.05026589063558,FLOAT
"anisotropic_(0.01,1,100)",0.01,1,100,0.995563312669021,123.21,128.676789653252,1.04436969120406,FLOAT
"anisotropic_(0.01,1,100)",0.01,1,100,0.996125324879544,123.21,128.034433837061,1.0391561872986,FLOAT
"anisotropic_(0.01,1,100)",0.01,1,100,0.996616144846572,123.21,127.466152168848,1.03454388579537,FLOAT
"anisotropic_(0.01,1,100)",0.01,1,100,0.997044790764797,123.21,126.963261623933,1.03046231331818,FLOAT
"anisotropic_(0.01,1,100)",0.01,1,100,0.997419138459582,123.21,126.518212973699,1.02685019863403,FLOAT
"anisotropic_(0.01,1,100)",0.01,1,100,0.997746066095265,123.21,126.124409165319,1.02365399858225,FLOAT
"anisotropic_(0.01,1,100)",0.01,1,100,0.998031580552713,123.21,125.776057854923,1.02082670120057,FLOAT
"anisotropic_(0.01,1,100)",0.01,1,100,0.998280927798141,123.21,125.468051558108,1.01832685299982,FLOAT
"anisotropic_(0.01,1,100)",0.01,1,100,0.998498689271092,123.21,125.195870105343,1.01611776727005,FLOAT
"anisotropic_(0.01,1,100)",0.01,1,100,0.998688866062578,123.21,124.955501033523,1.01416687796058,FLOAT
"anisotropic_(0.01,1,100)",0.01,1,100,0.998854952430062,123.21,124.743374303435,1.01244520983228,FLOAT
"anisotropic_(0.01,1,100)",0.01,1,100,0.999,123.21,124.556308368343,1.01092694073812,FLOAT
"anisotropic_(0.01,1,100)",0.01,1,100,0.999126673837617,123.21,124.391465167236,1.00958903633825,FLOAT
"anisotropic_(0.01,1,100)",0.01,1,100,0.999237301414098,123.21,124.246312095019,1.00841094144159,FLOAT
"anisotropic_(0.01,1,100)",0.01,1,100,0.999333915370919,123.21,124.118589417288,1.00737431553679,FLOAT
"anisotropic_(0.01,1,100)",0.01,1,100,0.999418290867063,123.21,124.00628195058,1.00646280294278,FLOAT
"anisotropic_(0.01,1,100)",0.01,1,100,0.999491978195309,123.21,123.907594121091,1.00566183037977,FLOAT
"anisotropic_(0.01,1,100)",0.01,1,100,0.999556331266902,123.21,123.820927748321,1.00495842665628,FLOAT
"anisotropic_(0.01,1,100)",0.01,1,100,0.999612532487954,123.21,123.744862080135,1.00434106062929,FLOAT
"anisotropic_(0.01,1,100)",0.01,1,100,0.999661614484657,123.21,123.678135739391,1.00379949467893,FLOAT
"anisotropic_(0.01,1,100)",0.01,1,100,0.99970447907648,123.21,123.619630337673,1.00332465171393,FLOAT
"anisotropic_(0.01,1,100)",0.01,1,100,0.999741913845958,123.21,123.568355577131,1.00290849425477,FLOAT
"anisotropic_(0.01,1,100)",0.01,1,100,0.999774606609527,123.21,123.52343570441,1.00254391449079,FLOAT
"anisotropic_(0.01,1,100)",0.01,1,100,0.999803158055271,123.21,123.484097207731,1.00222463442684,FLOAT
"anisotropic_(0.01,1,100)",0.01,1,100,0.999828092779814,123.21,123.449657664448,1.00194511536765,FLOAT
"anisotropic_(0.01,1,100)",0.01,1,100,0.999849868927109,123.21,123.419515655899,1.00170047606443,FLOAT
"anisotropic_(0.01,1,100)",0.01,1,100,0.999868886606258,123.21,123.393141671795,1.00148641889291,FLOAT
"anisotropic_(0.01,1,100)",0.01,1,100,0.999885495243006,123.21,123.370069929754,1.00129916345876,FLOAT
"anisotropic_(0.01,1,100)",0.01,1,100,0.9999,123.21,123.349891038074,1.00113538704711,FLOAT
"anisotropic_(0.01,1,100)",0.01,1,100,0.999912667383762,123.21,123.332245432217,1.00099217135149,FLOAT
"anisotropic_(0.01,1,100)",0.01,1,100,0.99992373014141,123.21,123.316817518006,1.00086695493877,FLOAT
"anisotropic_(0.01,1,100)",0.01,1,100,0.999933391537092,123.21,123.303330457543,1.00075749093047,FLOAT
"anisotropic_(0.01,1,100)",0.01,1,100,0.999941829086706,123.21,123.291541537148,1.00066180940791,FLOAT
"anisotropic_(0.01,1,100)",0.01,1,100,0.999949197819531,123.21,123.281238060302,1.00057818407842,FLOAT
"anisotropic_(0.01,1,100)",0.01,1,100,0.99995563312669,123.21,123.272233712423,1.00050510277107,FLOAT
"anisotropic_(0.01,1,100)",0.01,1,100,0.999961253248795,123.21,123.264365348322,1.00044124136289,FLOAT
"anisotropic_(0.01,1,100)",0.01,1,100,0.999966161448466,123.21,123.257490157153,1.00038544076903,FLOAT
"anisotropic_(0.01,1,100)",0.01,1,100,0.999970447907648,123.21,123.251483163622,1.00033668666198,FLOAT
"anisotropic_(0.01,1,100)",0.01,1,100,0.999974191384596,123.21,123.246235028018,1.00029409161609,FLOAT
"anisotropic_(0.01,1,100)",0.01,1,100,0.999977460660953,123.21,123.241650111217,1.00025687940278,FLOAT
"anisotropic_(0.01,1,100)",0.01,1,100,0.999980315805527,123.21,123.237644774228,1.00022437118925,FLOAT
"anisotropic_(0.01,1,100)",0.01,1,100,0.999982809277981,123.21,123.234145885001,1.00019597341937,FLOAT
"anisotropic_(0.01,1,100)",0.01,1,100,0.999984986892711,123.21,123.231089508108,1.00017116717886,FLOAT
"anisotropic_(0.01,1,100)",0.01,1,100,0.999986888660626,123.21,123.228419755581,1.00014949886844,FLOAT
"anisotropic_(0.01,1,100)",0.01,1,100,0.999988549524301,123.21,123.226087779631,1.00013057202849,FLOAT
"anisotropic_(0.01,1,100)",0.01,1,100,0.99999,123.21,123.224050890109,1.0001140401762,FLOAT
"anisotropic_(0.01,1,100)",0.01,1,100,0.999991266738376,123.21,123.222271781594,1.00009960053238,FLOAT
"anisotropic_(0.01,1,100)",0.01,1,100,0.999992373014141,123.21,123.220717856712,1.00008698852944,FLOAT
"anisotropic_(0.01,1,100)",0.01,1,100,0.999993339153709,123.21,123.219360633902,1.00007597300465,FLOAT
"anisotropic_(0.01,1,100)",0.01,1,100,0.999994182908671,123.21,123.21817522922,1.00006635199432,FLOAT
"anisotropic_(0.01,1,100)",0.01,1,100,0.999994919781953,123.21,123.217139903039,1.00005794905477,FLOAT
"anisotropic_(0.01,1,100)",0.01,1,100,0.999995563312669,123.21,123.216235663598,1.00005061004462,FLOAT
"anisotropic_(0.01,1,100)",0.01,1,100,0.99999612532488,123.21,123.215445920333,1.00004420031112,FLOAT
"anisotropic_(0.01,1,100)",0.01,1,100,0.999996616144847,123.21,123.214756180788,1.00003860223024,FLOAT
"anisotropic_(0.01,1,100)",0.01,1,100,0.999997044790765,123.21,123.214153785666,1.0000337130563,FLOAT
"anisotropic_(0.01,1,100)",0.01,1,100,0.99999741913846,123.21,123.213627677243,1.00002944304231,FLOAT
"anisotropic_(0.01,1,100)",0.01,1,100,0.999997746066095,123.21,123.213168196969,1.00002571379733,FLOAT
"anisotropic_(0.01,1,100)",0.01,1,100,0.999998031580553,123.21,123.212766908603,1.00002245685093,FLOAT
"anisotropic_(0.01,1,100)",0.01,1,100,0.999998280927798,123.21,123.21241644365,1.00001961239875,FLOAT
"anisotropic_(0.01,1,100)",0.01,1,100,0.999998498689271,123.21,123.212110366326,1.00001712820653,FLOAT
"anisotropic_(0.01,1,100)",0.01,1,100,0.999998688866063,123.21,123.211843055566,1.00001495865243,FLOAT
"anisotropic_(0.01,1,100)",0.01,1,100,0.99999885495243,123.21,123.211609601948,1.00001306389049,FLOAT
"anisotropic_(0.01,1,100)",0.01,1,100,0.999999,123.21,123.211405717639,1.00001140911971,FLOAT
"anisotropic_(0.01,1,100)",0.01,1,100,0.999999126673838,123.21,123.211227657731,1.00000996394555,FLOAT
"anisotropic_(0.01,1,100)",0.01,1,100,0.999999237301414,123.21,123.211072151518,1.00000870182224,FLOAT
"anisotropic_(0.01,1,100)",0.01,1,100,0.999999333915371,123.21,123.210936342473,1.00000759956556,FLOAT
"anisotropic_(0.01,1,100)",0.01,1,100,0.999999418290867,123.21,123.210817735813,1.0000066369273,FLOAT
"anisotropic_(0.01,1,100)",0.01,1,100,0.999999491978195,123.21,123.210714152699,1.00000579622351,FLOAT
"anisotropic_(0.01,1,100)",0.01,1,100,0.999999556331267,123.21,123.210623690233,1.00000506200985,FLOAT
"anisotropic_(0.01,1,100)",0.01,1,100,0.999999612532488,123.21,123.210544686522,1.000004420798,FLOAT
"anisotropic_(0.01,1,100)",0.01,1,100,0.999999661614485,123.21,123.210475690152,1.00000386080799,FLOAT
"anisotropic_(0.01,1,100)",0.01,1,100,0.999999704479076,123.21,123.210415433541,1.00000337175182,FLOAT
"anisotropic_(0.01,1,100)",0.01,1,100,0.999999741913846,123.21,123.210362809656,1.00000294464456,FLOAT
"anisotropic_(0.01,1,100)",0.01,1,100,0.999999774606609,123.21,123.210316851681,1.00000257163932,FLOAT
"anisotropic_(0.01,1,100)",0.01,1,100,0.999999803158055,123.21,123.210276715256,1.00000224588309,FLOAT
"anisotropic_(0.01,1,100)",0.01,1,100,0.99999982809278,123.21,123.210241662972,1.00000196139089,FLOAT
"anisotropic_(0.01,1,100)",0.01,1,100,0.999999849868927,123.21,123.210211050825,1.00000171293584,FLOAT
"anisotropic_(0.01,1,100)",0.01,1,100,0.999999868886606,123.21,123.210184316381,1.0000014959531,FLOAT
"anisotropic_(0.01,1,100)",0.01,1,100,0.999999885495243,123.21,123.210160968451,1.00000130645606,FLOAT
"anisotropic_(0.01,1,100)",0.01,1,100,0.9999999,123.21,123.210140578061,1.00000114096308,FLOAT
"anisotropic_(0.01,1,100)",0.01,1,100,0.999999912667384,123.21,123.210122770576,1.00000099643354,FLOAT
"anisotropic_(0.01,1,100)",0.01,1,100,0.999999923730141,123.21,123.210107218815,1.00000087021196,FLOAT
"anisotropic_(0.01,1,100)",0.01,1,100,0.999999933391537,123.21,123.210093637042,1.00000075997924,FLOAT
"anisotropic_(0.01,1,100)",0.01,1,100,0.999999941829087,123.21,123.210081775712,1.00000066371003,FLOAT
"anisotropic_(0.01,1,100)",0.01,1,100,0.99999994919782,123.21,123.210071416895,1.00000057963554,FLOAT
"anisotropic_(0.01,1,100)",0.01,1,100,0.999999955633127,123.21,123.210062370263,1.00000050621105,FLOAT
"anisotropic_(0.01,1,100)",0.01,1,100,0.999999961253249,123.21,123.210054469598,1.00000044208747,FLOAT
"anisotropic_(0.01,1,100)",0.01,1,100,0.999999966161448,123.21,123.210047569736,1.00000038608665,FLOAT
"anisotropic_(0.01,1,100)",0.01,1,100,0.999999970447908,123.21,123.210041543904,1.00000033717965,FLOAT
"anisotropic_(0.01,1,100)",0.01,1,100,0.999999974191385,123.21,123.210036281385,1.00000029446786,FLOAT
"anisotropic_(0.01,1,100)",0.01,1,100,0.999999977460661,123.21,123.210031685488,1.00000025716653,FLOAT
"anisotropic_(0.01,1,100)",0.01,1,100,0.999999980315806,123.21,123.21002767177,1.00000022459029,FLOAT
"anisotropic_(0.01,1,100)",0.01,1,100,0.999999982809278,123.21,123.210024166483,1.0000001961406,FLOAT
"anisotropic_(0.01,1,100)",0.01,1,100,0.999999984986893,123.21,123.210021105225,1.00000017129474,FLOAT
"anisotropic_(0.01,1,100)",0.01,1,100,0.999999986888661,123.21,123.210018431746,1.00000014959619,FLOAT
"anisotropic_(0.01,1,100)",0.01,1,100,0.999999988549524,123.21,123.210016096928,1.00000013064627,FLOAT
"anisotropic_(0.01,1,100)",0.01,1,100,0.99999999,123.21,123.210014057869,1.00000011409682,FLOAT
