triple,beta12,beta13,beta23,alpha,L3_at_kappa0,L3_cain_boundary,L3_fractional_boundary,band_width_in_L3,realizability_2sqrtG_if_G>0,evidence
"no_pair_loops_(1,1,1)",1,1,1,0.666666676666667,1,-8,-1.67583895975694e+23,1.67583895975694e+23,0,FLOAT
"no_pair_loops_(1,1,1)",1,1,1,0.66666667726311,1,-8,-1.40848390076803e+23,1.40848390076803e+23,0,FLOAT
"no_pair_loops_(1,1,1)",1,1,1,0.666666677895128,1,-8,-1.18378139647596e+23,1.18378139647596e+23,0,FLOAT
"no_pair_loops_(1,1,1)",1,1,1,0.666666678564843,1,-8,-9.94926783671126e+22,9.94926783671126e+22,0,FLOAT
"no_pair_loops_(1,1,1)",1,1,1,0.666666679274502,1,-8,-8.36201123135078e+22,8.36201123135078e+22,0,FLOAT
"no_pair_loops_(1,1,1)",1,1,1,0.666666680026488,1,-8,-7.02797710172932e+22,7.02797710172932e+22,0,FLOAT
"no_pair_loops_(1,1,1)",1,1,1,0.666666680823326,1,-8,-5.90676856880156e+22,5.90676856880156e+22,0,FLOAT
"no_pair_loops_(1,1,1)",1,1,1,0.666666681667691,1,-8,-4.96443213550462e+22,4.96443213550462e+22,0,FLOAT
"no_pair_loops_(1,1,1)",1,1,1,0.666666682562417,1,-8,-4.172431193211e+22,4.172431193211e+22,0,FLOAT
"no_pair_loops_(1,1,1)",1,1,1,0.666666683510509,1,-8,-3.50678217546236e+22,3.50678217546236e+22,0,FLOAT
"no_pair_loops_(1,1,1)",1,1,1,0.666666684515149,1,-8,-2.94732753256184e+22,2.94732753256184e+22,0,FLOAT
"no_pair_loops_(1,1,1)",1,1,1,0.66666668557971,1,-8,-2.47712548601997e+22,2.47712548601997e+22,0,FLOAT
"no_pair_loops_(1,1,1)",1,1,1,0.666666686707767,1,-8,-2.08193723375636e+22,2.08193723375636e+22,0,FLOAT
"no_pair_loops_(1,1,1)",1,1,1,0.666666687903105,1,-8,-1.74979527857124e+22,1.74979527857124e+22,0,FLOAT
"no_pair_loops_(1,1,1)",1,1,1,0.666666689169739,1,-8,-1.47064162192155e+22,1.47064162192155e+22,0,FLOAT
"no_pair_loops_(1,1,1)",1,1,1,0.66666669051192,1,-8,-1.23602275516465e+22,1.23602275516465e+22,0,FLOAT
"no_pair_loops_(1,1,1)",1,1,1,0.666666691934155,1,-8,-1.03883382581751e+22,1.03883382581751e+22,0,FLOAT
"no_pair_loops_(1,1,1)",1,1,1,0.666666693441218,1,-8,-8.73103429981387e+21,8.73103429981387e+21,0,FLOAT
"no_pair_loops_(1,1,1)",1,1,1,0.666666695038169,1,-8,-7.3381283680268e+21,7.3381283680268e+21,0,FLOAT
"no_pair_loops_(1,1,1)",1,1,1,0.666666696730369,1,-8,-6.16743982274919e+21,6.16743982274919e+21,0,FLOAT
"no_pair_loops_(1,1,1)",1,1,1,0.666666698523499,1,-8,-5.18351711636142e+21,5.18351711636142e+21,0,FLOAT
"no_pair_loops_(1,1,1)",1,1,1,0.666666700423579,1,-8,-4.35656449710362e+21,4.35656449710362e+21,0,FLOAT
"no_pair_loops_(1,1,1)",1,1,1,0.666666702436989,1,-8,-3.66153977665091e+21,3.66153977665091e+21,0,FLOAT
"no_pair_loops_(1,1,1)",1,1,1,0.666666704570486,1,-8,-3.07739593027306e+21,3.07739593027306e+21,0,FLOAT
"no_pair_loops_(1,1,1)",1,1,1,0.666666706831235,1,-8,-2.58644344696839e+21,2.58644344696839e+21,0,FLOAT
"no_pair_loops_(1,1,1)",1,1,1,0.666666709226825,1,-8,-2.17381509057122e+21,2.17381509057122e+21,0,FLOAT
"no_pair_loops_(1,1,1)",1,1,1,0.666666711765299,1,-8,-1.82701542684987e+21,1.82701542684987e+21,0,FLOAT
"no_pair_loops_(1,1,1)",1,1,1,0.666666714455177,1,-8,-1.53554246746557e+21,1.53554246746557e+21,0,FLOAT
"no_pair_loops_(1,1,1)",1,1,1,0.666666717305492,1,-8,-1.29056964483455e+21,1.29056964483455e+21,0,FLOAT
"no_pair_loops_(1,1,1)",1,1,1,0.666666720325813,1,-8,-1.08467856430523e+21,1.08467856430523e+21,0,FLOAT
"no_pair_loops_(1,1,1)",1,1,1,0.666666723526278,1,-8,-9.11634337803545e+20,9.11634337803545e+20,0,FLOAT
"no_pair_loops_(1,1,1)",1,1,1,0.666666726917633,1,-8,-7.66196718286645e+20,7.66196718286645e+20,0,FLOAT
"no_pair_loops_(1,1,1)",1,1,1,0.666666730511263,1,-8,-6.43961504733851e+20,6.43961504733851e+20,0,FLOAT
"no_pair_loops_(1,1,1)",1,1,1,0.666666734319233,1,-8,-5.41227083580739e+20,5.41227083580739e+20,0,FLOAT
"no_pair_loops_(1,1,1)",1,1,1,0.666666738354327,1,-8,-4.54882405629384e+20,4.54882405629384e+20,0,FLOAT
"no_pair_loops_(1,1,1)",1,1,1,0.666666742630091,1,-8,-3.82312724476351e+20,3.82312724476351e+20,0,FLOAT
"no_pair_loops_(1,1,1)",1,1,1,0.66666674716088,1,-8,-3.21320452178617e+20,3.21320452178617e+20,0,FLOAT
"no_pair_loops_(1,1,1)",1,1,1,0.666666751961906,1,-8,-2.70058583125078e+20,2.70058583125078e+20,0,FLOAT
"no_pair_loops_(1,1,1)",1,1,1,0.666666757049286,1,-8,-2.26974779969102e+20,2.26974779969102e+20,0,FLOAT
"no_pair_loops_(1,1,1)",1,1,1,0.666666762440099,1,-8,-1.90764353100561e+20,1.90764353100561e+20,0,FLOAT
"no_pair_loops_(1,1,1)",1,1,1,0.666666768152444,1,-8,-1.60330755465335e+20,1.60330755465335e+20,0,FLOAT
"no_pair_loops_(1,1,1)",1,1,1,0.666666774205498,1,-8,-1.34752384553456e+20,1.34752384553456e+20,0,FLOAT
"no_pair_loops_(1,1,1)",1,1,1,0.666666780619582,1,-8,-1.1325465900004e+20,1.1325465900004e+20,0,FLOAT
"no_pair_loops_(1,1,1)",1,1,1,0.66666678741623,1,-8,-9.51865743693939e+19,9.51865743693939e+19,0,FLOAT
"no_pair_loops_(1,1,1)",1,1,1,0.66666679461826,1,-8,-8.00009817385935e+19,8.00009817385935e+19,0,FLOAT
"no_pair_loops_(1,1,1)",1,1,1,0.666666802249851,1,-8,-6.7238023133069e+19,6.7238023133069e+19,0,FLOAT
"no_pair_loops_(1,1,1)",1,1,1,0.666666810336623,1,-8,-5.65112036529627e+19,5.65112036529627e+19,0,FLOAT
"no_pair_loops_(1,1,1)",1,1,1,0.666666818905725,1,-8,-4.749568759425e+19,4.749568759425e+19,0,FLOAT
"no_pair_loops_(1,1,1)",1,1,1,0.666666827985925,1,-8,-3.99184620842275e+19,3.99184620842275e+19,0,FLOAT
"no_pair_loops_(1,1,1)",1,1,1,0.666666837607709,1,-8,-3.3550069537123e+19,3.3550069537123e+19,0,FLOAT
"no_pair_loops_(1,1,1)",1,1,1,0.666666847803377,1,-8,-2.81976585680262e+19,2.81976585680262e+19,0,FLOAT
"no_pair_loops_(1,1,1)",1,1,1,0.66666685860716,1,-8,-2.36991446055668e+19,2.36991446055668e+19,0,FLOAT
"no_pair_loops_(1,1,1)",1,1,1,0.666666870055327,1,-8,-1.99183012548524e+19,1.99183012548524e+19,0,FLOAT
"no_pair_loops_(1,1,1)",1,1,1,0.666666882186313,1,-8,-1.67406348120667e+19,1.67406348120667e+19,0,FLOAT
"no_pair_loops_(1,1,1)",1,1,1,0.666666895040844,1,-8,-1.40699174235879e+19,1.40699174235879e+19,0,FLOAT
"no_pair_loops_(1,1,1)",1,1,1,0.666666908662074,1,-8,-1.1825273012972e+19,1.1825273012972e+19,0,FLOAT
"no_pair_loops_(1,1,1)",1,1,1,0.666666923095735,1,-8,-9.9387279881332e+18,9.9387279881332e+18,0,FLOAT
"no_pair_loops_(1,1,1)",1,1,1,0.666666938390282,1,-8,-8.3531529627499e+18,8.3531529627499e+18,0,FLOAT
"no_pair_loops_(1,1,1)",1,1,1,0.666666954597062,1,-8,-7.0205326609999e+18,7.0205326609999e+18,0,FLOAT
"no_pair_loops_(1,1,1)",1,1,1,0.666666971770485,1,-8,-5.90051198105422e+18,5.90051198105422e+18,0,FLOAT
"no_pair_loops_(1,1,1)",1,1,1,0.666666989968206,1,-8,-4.95917380043298e+18,4.95917380043298e+18,0,FLOAT
"no_pair_loops_(1,1,1)",1,1,1,0.666667009251318,1,-8,-4.16801202223276e+18,4.16801202223276e+18,0,FLOAT
"no_pair_loops_(1,1,1)",1,1,1,0.666667029684559,1,-8,-3.50306825032215e+18,3.50306825032215e+18,0,FLOAT
"no_pair_loops_(1,1,1)",1,1,1,0.666667051336528,1,-8,-2.94420628492611e+18,2.94420628492611e+18,0,FLOAT
"no_pair_loops_(1,1,1)",1,1,1,0.666667074279914,1,-8,-2.47450237137546e+18,2.47450237137546e+18,0,FLOAT
"no_pair_loops_(1,1,1)",1,1,1,0.666667098591744,1,-8,-2.07973267101827e+18,2.07973267101827e+18,0,FLOAT
"no_pair_loops_(1,1,1)",1,1,1,0.666667124353638,1,-8,-1.74794255658738e+18,1.74794255658738e+18,0,FLOAT
"no_pair_loops_(1,1,1)",1,1,1,0.666667151652083,1,-8,-1.4690845787239e+18,1.4690845787239e+18,0,FLOAT
"no_pair_loops_(1,1,1)",1,1,1,0.666667180578726,1,-8,-1.23471420746833e+18,1.23471420746833e+18,0,FLOAT
"no_pair_loops_(1,1,1)",1,1,1,0.66666721123068,1,-8,-1.03773411208519e+18,1.03773411208519e+18,0,FLOAT
"no_pair_loops_(1,1,1)",1,1,1,0.66666724371085,1,-8,-8.72179235247373e+17,8.72179235247373e+17,0,FLOAT
"no_pair_loops_(1,1,1)",1,1,1,0.666667278128279,1,-8,-7.33036153175521e+17,7.33036153175521e+17,0,FLOAT
"no_pair_loops_(1,1,1)",1,1,1,0.666667314598514,1,-8,-6.1609126196082e+17,6.1609126196082e+17,0,FLOAT
"no_pair_loops_(1,1,1)",1,1,1,0.666667353243992,1,-8,-5.17803171620853e+17,5.17803171620853e+17,0,FLOAT
"no_pair_loops_(1,1,1)",1,1,1,0.666667394194455,1,-8,-4.35195469770324e+17,4.35195469770324e+17,0,FLOAT
"no_pair_loops_(1,1,1)",1,1,1,0.666667437587381,1,-8,-3.6576658597084e+17,3.6576658597084e+17,0,FLOAT
"no_pair_loops_(1,1,1)",1,1,1,0.666667483568452,1,-8,-3.07414037295726e+17,3.07414037295726e+17,0,FLOAT
"no_pair_loops_(1,1,1)",1,1,1,0.666667532292033,1,-8,-2.58370760440941e+17,2.58370760440941e+17,0,FLOAT
"no_pair_loops_(1,1,1)",1,1,1,0.666667583921701,1,-8,-2.17151601037772e+17,2.17151601037772e+17,0,FLOAT
"no_pair_loops_(1,1,1)",1,1,1,0.666667638630787,1,-8,-1.82508338602651e+17,1.82508338602651e+17,0,FLOAT
"no_pair_loops_(1,1,1)",1,1,1,0.666667696602962,1,-8,-1.53391887547108e+17,1.53391887547108e+17,0,FLOAT
"no_pair_loops_(1,1,1)",1,1,1,0.66666775803285,1,-8,-1.28920528029206e+17,1.28920528029206e+17,0,FLOAT
"no_pair_loops_(1,1,1)",1,1,1,0.666667823126684,1,-8,-1.08353205472007e+17,1.08353205472007e+17,0,FLOAT
"no_pair_loops_(1,1,1)",1,1,1,0.666667892102997,1,-8,-9.10670894932995e+16,9.10670894932995e+16,0,FLOAT
"no_pair_loops_(1,1,1)",1,1,1,0.666667965193359,1,-8,-7.65387128465712e+16,7.65387128465711e+16,0,FLOAT
"no_pair_loops_(1,1,1)",1,1,1,0.666668042643148,1,-8,-6.43281197259388e+16,6.43281197259388e+16,0,FLOAT
"no_pair_loops_(1,1,1)",1,1,1,0.66666812471238,1,-8,-5.40655425759716e+16,5.40655425759716e+16,0,FLOAT
"no_pair_loops_(1,1,1)",1,1,1,0.666668211676578,1,-8,-4.54402047780223e+16,4.54402047780223e+16,0,FLOAT
"no_pair_loops_(1,1,1)",1,1,1,0.666668303827701,1,-8,-3.81909094150267e+16,3.81909094150267e+16,0,FLOAT
"no_pair_loops_(1,1,1)",1,1,1,0.666668401475117,1,-8,-3.20981296439334e+16,3.20981296439334e+16,0,FLOAT
"no_pair_loops_(1,1,1)",1,1,1,0.666668504946651,1,-8,-2.69773608108087e+16,2.69773608108087e+16,0,FLOAT
"no_pair_loops_(1,1,1)",1,1,1,0.666668614589678,1,-8,-2.26735332119347e+16,2.26735332119347e+16,0,FLOAT
"no_pair_loops_(1,1,1)",1,1,1,0.666668730772293,1,-8,-1.90563161864172e+16,1.90563161864172e+16,0,FLOAT
"no_pair_loops_(1,1,1)",1,1,1,0.666668853884545,1,-8,-1.60161713696802e+16,1.60161713696802e+16,0,FLOAT
"no_pair_loops_(1,1,1)",1,1,1,0.666668984339748,1,-8,-1.34610355892234e+16,1.34610355892234e+16,0,FLOAT
"no_pair_loops_(1,1,1)",1,1,1,0.666669122575868,1,-8,-1.13135329801541e+16,1.13135329801541e+16,0,FLOAT
"no_pair_loops_(1,1,1)",1,1,1,0.666669269056992,1,-8,-9.50863182057406e+15,9.50863182057405e+15,0,FLOAT
"no_pair_loops_(1,1,1)",1,1,1,0.666669424274889,1,-8,-7.99167522874875e+15,7.99167522874874e+15,0,FLOAT
"no_pair_loops_(1,1,1)",1,1,1,0.666669588750657,1,-8,-6.71672599896191e+15,6.7167259989619e+15,0,FLOAT
"no_pair_loops_(1,1,1)",1,1,1,0.666669763036477,1,-8,-5.64517551840691e+15,5.6451755184069e+15,0,FLOAT
"no_pair_loops_(1,1,1)",1,1,1,0.666669947717462,1,-8,-4.74457459527226e+15,4.74457459527225e+15,0,FLOAT
"no_pair_loops_(1,1,1)",1,1,1,0.666670143413626,1,-8,-3.98765081532894e+15,3.98765081532893e+15,0,FLOAT
"no_pair_loops_(1,1,1)",1,1,1,0.666670350781961,1,-8,-3.35148266986077e+15,3.35148266986076e+15,0,FLOAT
"no_pair_loops_(1,1,1)",1,1,1,0.666670570518648,1,-8,-2.81680542888642e+15,2.81680542888641e+15,0,FLOAT
"no_pair_loops_(1,1,1)",1,1,1,0.666670803361388,1,-8,-2.36742775910837e+15,2.36742775910836e+15,0,FLOAT
"no_pair_loops_(1,1,1)",1,1,1,0.666671050091883,1,-8,-1.9897414101353e+15,1.9897414101353e+15,0,FLOAT
"no_pair_loops_(1,1,1)",1,1,1,0.66667131153846,1,-8,-1.67230912226323e+15,1.67230912226322e+15,0,FLOAT
"no_pair_loops_(1,1,1)",1,1,1,0.666671588578849,1,-8,-1.4055182772651e+15,1.40551827726509e+15,0,FLOAT
"no_pair_loops_(1,1,1)",1,1,1,0.666671882143135,1,-8,-1.18128980471499e+15,1.18128980471498e+15,0,FLOAT
"no_pair_loops_(1,1,1)",1,1,1,0.666672193216873,1,-8,-992833527593509,992833527593501,0,FLOAT
"no_pair_loops_(1,1,1)",1,1,1,0.666672522844405,1,-8,-834442538441124,834442538441116,0,FLOAT
"no_pair_loops_(1,1,1)",1,1,1,0.666672872132358,1,-8,-701320380314568,701320380314560,0,FLOAT
"no_pair_loops_(1,1,1)",1,1,1,0.666673242253367,1,-8,-589435798257359,589435798257351,0,FLOAT
"no_pair_loops_(1,1,1)",1,1,1,0.666673634450005,1,-8,-495400662639263,495400662639255,0,FLOAT
"no_pair_loops_(1,1,1)",1,1,1,0.66667405003896,1,-8,-416367368371229,416367368371221,0,FLOAT
"no_pair_loops_(1,1,1)",1,1,1,0.66667449041545,1,-8,-349942602461330,349942602461322,0,FLOAT
"no_pair_loops_(1,1,1)",1,1,1,0.666674957057912,1,-8,-294114868449598,294114868449590,0,FLOAT
"no_pair_loops_(1,1,1)",1,1,1,0.666675451532965,1,-8,-247193573380673,247193573380665,0,FLOAT
"no_pair_loops_(1,1,1)",1,1,1,0.666675975500663,1,-8,-207757832687849,207757832687841,0,FLOAT
"no_pair_loops_(1,1,1)",1,1,1,0.666676530720078,1,-8,-174613442097403,174613442097395,0,FLOAT
"no_pair_loops_(1,1,1)",1,1,1,0.666677119055197,1,-8,-146756714362467,146756714362459,0,FLOAT
"no_pair_loops_(1,1,1)",1,1,1,0.666677742481186,1,-8,-123344085126676,123344085126668,0,FLOAT
"no_pair_loops_(1,1,1)",1,1,1,0.666678403091018,1,-8,-103666567766202,103666567766194,0,FLOAT
"no_pair_loops_(1,1,1)",1,1,1,0.666679103102497,1,-8,-87128283559455.9,87128283559447.9,0,FLOAT
"no_pair_loops_(1,1,1)",1,1,1,0.666679844865711,1,-8,-73228417050738.2,73228417050730.2,0,FLOAT
"no_pair_loops_(1,1,1)",1,1,1,0.666680630870915,1,-8,-61546050143494.1,61546050143486.1,0,FLOAT
"no_pair_loops_(1,1,1)",1,1,1,0.666681463756893,1,-8,-51727415722214.2,51727415722206.2,0,FLOAT
"no_pair_loops_(1,1,1)",1,1,1,0.666682346319819,1,-8,-43475184722872,43475184722864,0,FLOAT
"no_pair_loops_(1,1,1)",1,1,1,0.666683281522644,1,-8,-36539462313458.6,36539462313450.6,0,FLOAT
"no_pair_loops_(1,1,1)",1,1,1,0.666684272505039,1,-8,-30710220491781.9,30710220491773.9,0,FLOAT
"no_pair_loops_(1,1,1)",1,1,1,0.666685322593942,1,-8,-25810937944245,25810937944237,0,FLOAT
"no_pair_loops_(1,1,1)",1,1,1,0.666686435314721,1,-8,-21693254571822.3,21693254571814.3,0,FLOAT
"no_pair_loops_(1,1,1)",1,1,1,0.666687614403016,1,-8,-18232478799805.8,18232478799797.8,0,FLOAT
"no_pair_loops_(1,1,1)",1,1,1,0.666688863817274,1,-8,-15323811634002.3,15323811633994.3,0,FLOAT
"no_pair_loops_(1,1,1)",1,1,1,0.666690187752041,1,-8,-12879173105246.2,12879173105238.2,0,FLOAT
"no_pair_loops_(1,1,1)",1,1,1,0.666691590652045,1,-8,-10824535009094.6,10824535009086.6,0,FLOAT
"no_pair_loops_(1,1,1)",1,1,1,0.666693077227118,1,-8,-9097679165857.24,9097679165849.24,0,FLOAT
"no_pair_loops_(1,1,1)",1,1,1,0.666694652468004,1,-8,-7646313315030.78,7646313315022.78,0,FLOAT
"no_pair_loops_(1,1,1)",1,1,1,0.66669632166312,1,-8,-6426487589632.52,6426487589624.52,0,FLOAT
"no_pair_loops_(1,1,1)",1,1,1,0.666698090416304,1,-8,-5401263618613.65,5401263618605.65,0,FLOAT
"no_pair_loops_(1,1,1)",1,1,1,0.666699964665634,1,-8,-4539595952411.55,4539595952403.55,0,FLOAT
"no_pair_loops_(1,1,1)",1,1,1,0.66670195070336,1,-8,-3815391940213.37,3815391940205.37,0,FLOAT
"no_pair_loops_(1,1,1)",1,1,1,0.666704055197027,1,-8,-3206721589460.59,3206721589452.59,0,FLOAT
"no_pair_loops_(1,1,1)",1,1,1,0.666706285211866,1,-8,-2695153479566.52,2695153479558.52,0,FLOAT
"no_pair_loops_(1,1,1)",1,1,1,0.666708648234505,1,-8,-2265196620202.85,2265196620194.85,0,FLOAT
"no_pair_loops_(1,1,1)",1,1,1,0.666711152198109,1,-8,-1903831352873.47,1903831352865.47,0,FLOAT
"no_pair_loops_(1,1,1)",1,1,1,0.666713805509012,1,-8,-1600115089494.74,1600115089486.74,0,FLOAT
"no_pair_loops_(1,1,1)",1,1,1,0.666716617074936,1,-8,-1344850949064.63,1344850949056.63,0,FLOAT
"no_pair_loops_(1,1,1)",1,1,1,0.6667195963349,1,-8,-1130309258373.57,1130309258365.57,0,FLOAT
"no_pair_loops_(1,1,1)",1,1,1,0.666722753290909,1,-8,-949993482879.637,949993482871.637,0,FLOAT
"no_pair_loops_(1,1,1)",1,1,1,0.666726098541527,1,-8,-798443499453.866,798443499445.866,0,FLOAT
"no_pair_loops_(1,1,1)",1,1,1,0.666729643317467,1,-8,-671070253917.34,671070253909.34,0,FLOAT
"no_pair_loops_(1,1,1)",1,1,1,0.666733399519287,1,-8,-564016796373.691,564016796365.691,0,FLOAT
"no_pair_loops_(1,1,1)",1,1,1,0.666737379757347,1,-8,-474041486068.814,474041486060.814,0,FLOAT
"no_pair_loops_(1,1,1)",1,1,1,0.666741597394146,1,-8,-398419829064.642,398419829056.642,0,FLOAT
"no_pair_loops_(1,1,1)",1,1,1,0.666746066589179,1,-8,-334861976124.304,334861976116.304,0,FLOAT
"no_pair_loops_(1,1,1)",1,1,1,0.666750802346474,1,-8,-281443382485.208,281443382477.208,0,FLOAT
"no_pair_loops_(1,1,1)",1,1,1,0.666755820564966,1,-8,-236546529726.851,236546529718.851,0,FLOAT
"no_pair_loops_(1,1,1)",1,1,1,0.666761138091871,1,-8,-198811944963.048,198811944955.048,0,FLOAT
"no_pair_loops_(1,1,1)",1,1,1,0.666766772779247,1,-8,-167097034123.129,167097034115.129,0,FLOAT
"no_pair_loops_(1,1,1)",1,1,1,0.666772743543927,1,-8,-140441482700.964,140441482692.964,0,FLOAT
"no_pair_loops_(1,1,1)",1,1,1,0.666779070431024,1,-8,-118038176237.8,118038176229.8,0,FLOAT
"no_pair_loops_(1,1,1)",1,1,1,0.666785774681232,1,-8,-99208759959.6979,99208759951.6979,0,FLOAT
"no_pair_loops_(1,1,1)",1,1,1,0.666792878802131,1,-8,-83383097463.1701,83383097455.1701,0,FLOAT
"no_pair_loops_(1,1,1)",1,1,1,0.66680040664375,1,-8,-70082006418.6813,70082006410.6813,0,FLOAT
"no_pair_loops_(1,1,1)",1,1,1,0.666808383478639,1,-8,-58902748500.5569,58902748492.5569,0,FLOAT
"no_pair_loops_(1,1,1)",1,1,1,0.666816836086713,1,-8,-49506834148.0542,49506834140.0542,0,FLOAT
"no_pair_loops_(1,1,1)",1,1,1,0.666825792845157,1,-8,-41609772868.062,41609772860.062,0,FLOAT
"no_pair_loops_(1,1,1)",1,1,1,0.666835283823696,1,-8,-34972458696.2373,34972458688.2373,0,FLOAT
"no_pair_loops_(1,1,1)",1,1,1,0.666845340885544,1,-8,-29393929957.6019,29393929949.6019,0,FLOAT
"no_pair_loops_(1,1,1)",1,1,1,0.666855997794376,1,-8,-24705284079.1926,24705284071.1926,0,FLOAT
"no_pair_loops_(1,1,1)",1,1,1,0.666867290327678,1,-8,-20764563184.7709,20764563176.7709,0,FLOAT
"no_pair_loops_(1,1,1)",1,1,1,0.666879256396864,1,-8,-17452455600.9021,17452455592.9021,0,FLOAT
"no_pair_loops_(1,1,1)",1,1,1,0.666891936174548,1,-8,-14668683109.4247,14668683101.4247,0,FLOAT
"no_pair_loops_(1,1,1)",1,1,1,0.666905372229415,1,-8,-12328964546.7428,12328964538.7428,0,FLOAT
"no_pair_loops_(1,1,1)",1,1,1,0.666919609669129,1,-8,-10362463804.5362,10362463796.5362,0,FLOAT
"no_pair_loops_(1,1,1)",1,1,1,0.666934696291775,1,-8,-8709644953.65534,8709644945.65534,0,FLOAT
"no_pair_loops_(1,1,1)",1,1,1,0.666950682746323,1,-8,-7320469541.9866,7320469533.9866,0,FLOAT
"no_pair_loops_(1,1,1)",1,1,1,0.666967622702667,1,-8,-6152881478.70211,6152881470.70211,0,FLOAT
"no_pair_loops_(1,1,1)",1,1,1,0.666985573031808,1,-8,-5171533625.24819,5171533617.24819,0,FLOAT
"no_pair_loops_(1,1,1)",1,1,1,0.667004593996783,1,-8,-4346717533.69808,4346717525.69808,0,FLOAT
"no_pair_loops_(1,1,1)",1,1,1,0.667024749454976,1,-8,-3653463923.4821,3653463915.4821,0,FLOAT
"no_pair_loops_(1,1,1)",1,1,1,0.667046107072505,1,-8,-3070786658.79062,3070786650.79062,0,FLOAT
"no_pair_loops_(1,1,1)",1,1,1,0.667068738551391,1,-8,-2581047333.53579,2581047325.53579,0,FLOAT
"no_pair_loops_(1,1,1)",1,1,1,0.667092719870275,1,-8,-2169421223.36343,2169421215.36343,0,FLOAT
"no_pair_loops_(1,1,1)",1,1,1,0.667118131539495,1,-8,-1823448433.49487,1823448425.49487,0,FLOAT
"no_pair_loops_(1,1,1)",1,1,1,0.667145058871377,1,-8,-1532656651.08142,1532656643.08142,0,FLOAT
"no_pair_loops_(1,1,1)",1,1,1,0.667173592266644,1,-8,-1288244078.99168,1288244070.99168,0,FLOAT
"no_pair_loops_(1,1,1)",1,1,1,0.667203827517915,1,-8,-1082812950.26215,1082812942.26215,0,FLOAT
"no_pair_loops_(1,1,1)",1,1,1,0.667235866131295,1,-8,-910145554.137201,910145546.137201,0,FLOAT
"no_pair_loops_(1,1,1)",1,1,1,0.667269815667157,1,-8,-765015991.816809,765015983.816809,0,FLOAT
"no_pair_loops_(1,1,1)",1,1,1,0.667305790101244,1,-8,-643031962.004218,643031954.004218,0,FLOAT
"no_pair_loops_(1,1,1)",1,1,1,0.667343910207308,1,-8,-540501785.635233,540501777.635233,0,FLOAT
"no_pair_loops_(1,1,1)",1,1,1,0.667384303962572,1,-8,-454322643.433745,454322635.433745,0,FLOAT
"no_pair_loops_(1,1,1)",1,1,1,0.667427106977381,1,-8,-381886642.246687,381886634.246687,0,FLOAT
"no_pair_loops_(1,1,1)",1,1,1,0.66747246295047,1,-8,-321001865.988137,321001857.988137,0,FLOAT
"no_pair_loops_(1,1,1)",1,1,1,0.667520524151393,1,-8,-269826020.735094,269826012.735094,0,FLOAT
"no_pair_loops_(1,1,1)",1,1,1,0.667571451931725,1,-8,-226810664.883062,226810656.883062,0,FLOAT
"no_pair_loops_(1,1,1)",1,1,1,0.667625417266748,1,-8,-190654335.762398,190654327.762398,0,FLOAT
"no_pair_loops_(1,1,1)",1,1,1,0.66768260132946,1,-8,-160263153.505961,160263145.505961,0,FLOAT
"no_pair_loops_(1,1,1)",1,1,1,0.667743196098802,1,-8,-134717709.362664,134717701.362664,0,FLOAT
"no_pair_loops_(1,1,1)",1,1,1,0.667807405004176,1,-8,-113245235.931495,113245227.931495,0,FLOAT
"no_pair_loops_(1,1,1)",1,1,1,0.667875443608401,1,-8,-95196216.7282731,95196208.7282731,0,FLOAT
"no_pair_loops_(1,1,1)",1,1,1,0.667947540331402,1,-8,-80024726.9079063,80024718.9079063,0,FLOAT
"no_pair_loops_(1,1,1)",1,1,1,0.668023937217061,1,-8,-67271909.9409222,67271901.9409222,0,FLOAT
"no_pair_loops_(1,1,1)",1,1,1,0.668104890745814,1,-8,-56552089.9917387,56552081.9917387,0,FLOAT
"no_pair_loops_(1,1,1)",1,1,1,0.668190672695706,1,-8,-47541099.5500645,47541091.5500645,0,FLOAT
"no_pair_loops_(1,1,1)",1,1,1,0.66828157105481,1,-8,-39966468.9389753,39966460.9389753,0,FLOAT
"no_pair_loops_(1,1,1)",1,1,1,0.668377890988062,1,-8,-33599180.6948646,33599172.6948646,0,FLOAT
"no_pair_loops_(1,1,1)",1,1,1,0.668479955861763,1,-8,-28246739.1944583,28246731.1944583,0,FLOAT
"no_pair_loops_(1,1,1)",1,1,1,0.668588108329191,1,-8,-23747345.7245864,23747337.7245864,0,FLOAT
"no_pair_loops_(1,1,1)",1,1,1,0.668702711480957,1,-8,-19965002.6593424,19964994.6593424,0,FLOAT
"no_pair_loops_(1,1,1)",1,1,1,0.668824150063978,1,-8,-16785398.5381924,16785390.5381924,0,FLOAT
"no_pair_loops_(1,1,1)",1,1,1,0.668952831773153,1,-8,-14112449.4809936,14112441.4809936,0,FLOAT
"no_pair_loops_(1,1,1)",1,1,1,0.669089188620082,1,-8,-11865392.2461621,11865384.2461621,0,FLOAT
"no_pair_loops_(1,1,1)",1,1,1,0.669233678383419,1,-8,-9976340.93893183,9976332.93893183,0,FLOAT
"no_pair_loops_(1,1,1)",1,1,1,0.669386786145729,1,-8,-8388233.41325422,8388225.41325422,0,FLOAT
"no_pair_loops_(1,1,1)",1,1,1,0.669549025922018,1,-8,-7053105.20809744,7053097.20809744,0,FLOAT
"no_pair_loops_(1,1,1)",1,1,1,0.669720942385384,1,-8,-5930638.77445975,5930630.77445975,0,FLOAT
"no_pair_loops_(1,1,1)",1,1,1,0.669903112695601,1,-8,-4986944.08292711,4986936.08292711,0,FLOAT
"no_pair_loops_(1,1,1)",1,1,1,0.670096148436769,1,-8,-4193533.70602825,4193525.70602825,0,FLOAT
"no_pair_loops_(1,1,1)",1,1,1,0.670300697670525,1,-8,-3526461.35648659,3526453.35648659,0,FLOAT
"no_pair_loops_(1,1,1)",1,1,1,0.670517447111728,1,-8,-2965597.81039668,2965589.81039668,0,FLOAT
"no_pair_loops_(1,1,1)",1,1,1,0.670747124433902,1,-8,-2494022.30289495,2494014.30289495,0,FLOAT
"no_pair_loops_(1,1,1)",1,1,1,0.67099050071219,1,-8,-2097510.97914464,2097502.97914464,0,FLOAT
"no_pair_loops_(1,1,1)",1,1,1,0.671248393012015,1,-8,-1764106.9211122,1764098.9211122,0,FLOAT
"no_pair_loops_(1,1,1)",1,1,1,0.671521667132144,1,-8,-1483758.73967423,1483750.73967423,0,FLOAT
"no_pair_loops_(1,1,1)",1,1,1,0.671811240511352,1,-8,-1248016.79682162,1248008.79682162,0,FLOAT
"no_pair_loops_(1,1,1)",1,1,1,0.67211808530846,1,-8,-1049777.86690495,1049769.86690495,0,FLOAT
"no_pair_loops_(1,1,1)",1,1,1,0.672443231666078,1,-8,-883070.511840411,883062.511840411,0,FLOAT
"no_pair_loops_(1,1,1)",1,1,1,0.672787771169006,1,-8,-742874.677329301,742866.677329301,0,FLOAT
"no_pair_loops_(1,1,1)",1,1,1,0.673152860508921,1,-8,-624970.052733757,624962.052733757,0,FLOAT
"no_pair_loops_(1,1,1)",1,1,1,0.673539725367628,1,-8,-525808.60766771,525800.60766771,0,FLOAT
"no_pair_loops_(1,1,1)",1,1,1,0.673949664531935,1,-8,-442407.449930451,442399.449930451,0,FLOAT
"no_pair_loops_(1,1,1)",1,1,1,0.674384054253956,1,-8,-372258.764299106,372250.764299106,0,FLOAT
"no_pair_loops_(1,1,1)",1,1,1,0.674844352871474,1,-8,-313254.108502659,313246.108502659,0,FLOAT
"no_pair_loops_(1,1,1)",1,1,1,0.675332105703892,1,-8,-263620.777078925,263612.777078925,0,FLOAT
"no_pair_loops_(1,1,1)",1,1,1,0.675848950240194,1,-8,-221868.30891033,221860.30891033,0,FLOAT
"no_pair_loops_(1,1,1)",1,1,1,0.676396621636343,1,-8,-186743.521098007,186735.521098007,0,FLOAT
"no_pair_loops_(1,1,1)",1,1,1,0.676976958540561,1,-8,-157192.709754193,157184.709754193,0,FLOAT
"no_pair_loops_(1,1,1)",1,1,1,0.677591909266059,1,-8,-132329.8750773,132321.8750773,0,FLOAT
"no_pair_loops_(1,1,1)",1,1,1,0.67824353833194,1,-8,-111410.010283668,111402.010283668,0,FLOAT
"no_pair_loops_(1,1,1)",1,1,1,0.678934033394218,1,-8,-93806.6471194497,93798.6471194497,0,FLOAT
"no_pair_loops_(1,1,1)",1,1,1,0.679665712590243,1,-8,-78992.979400982,78984.979400982,0,FLOAT
"no_pair_loops_(1,1,1)",1,1,1,0.680441032321174,1,-8,-66525.9942276148,66517.9942276148,0,FLOAT
"no_pair_loops_(1,1,1)",1,1,1,0.681262595498641,1,-8,-56033.131451879,56025.131451879,0,FLOAT
"no_pair_loops_(1,1,1)",1,1,1,0.68213316028326,1,-8,-47201.0684300388,47193.0684300388,0,FLOAT
"no_pair_loops_(1,1,1)",1,1,1,0.683055649344363,1,-8,-39766.2913248027,39758.2913248027,0,FLOAT
"no_pair_loops_(1,1,1)",1,1,1,0.684033159672015,1,-8,-33507.1682349029,33499.1682349029,0,FLOAT
"no_pair_loops_(1,1,1)",1,1,1,0.68506897297426,1,-8,-28237.2848180426,28229.2848180426,0,FLOAT
"no_pair_loops_(1,1,1)",1,1,1,0.686166566694507,1,-8,-23799.8412272381,23791.8412272381,0,FLOAT
"no_pair_loops_(1,1,1)",1,1,1,0.687329625686041,1,-8,-20062.9412504595,20054.9412504595,0,FLOAT
"no_pair_loops_(1,1,1)",1,1,1,0.68856205458285,1,-8,-16915.6314998753,16907.6314998753,0,FLOAT
"no_pair_loops_(1,1,1)",1,1,1,0.689867990908302,1,-8,-14264.5711553583,14256.5711553583,0,FLOAT
"no_pair_loops_(1,1,1)",1,1,1,0.691251818965688,1,-8,-12031.2318126924,12023.2318126924,0,FLOAT
"no_pair_loops_(1,1,1)",1,1,1,0.692718184557244,1,-8,-10149.5429961566,10141.5429961566,0,FLOAT
"no_pair_loops_(1,1,1)",1,1,1,0.694272010581095,1,-8,-8563.91235215945,8555.91235215945,0,FLOAT
"no_pair_loops_(1,1,1)",1,1,1,0.695918513558455,1,-8,-7227.56085224241,7219.56085224241,0,FLOAT
"no_pair_loops_(1,1,1)",1,1,1,0.697663221146592,1,-8,-6101.12284222851,6093.12284222851,0,FLOAT
"no_pair_loops_(1,1,1)",1,1,1,0.699511990696333,1,-8,-5151.46876703236,5143.46876703236,0,FLOAT
"no_pair_loops_(1,1,1)",1,1,1,0.701471028916427,1,-8,-4350.715119381,4342.715119381,0,FLOAT
"no_pair_loops_(1,1,1)",1,1,1,0.703546912710775,1,-8,-3675.39180851635,3667.39180851635,0,FLOAT
"no_pair_loops_(1,1,1)",1,1,1,0.705746611258478,1,-8,-3105.74189263272,3097.74189263272,0,FLOAT
"no_pair_loops_(1,1,1)",1,1,1,0.708077509410841,1,-8,-2625.13260983081,2617.13260983081,0,FLOAT
"no_pair_loops_(1,1,1)",1,1,1,0.710547432483875,1,-8,-2219.55999738234,2211.55999738234,0,FLOAT
"no_pair_loops_(1,1,1)",1,1,1,0.713164672529529,1,-8,-1877.23220948768,1869.23220948768,0,FLOAT
"no_pair_loops_(1,1,1)",1,1,1,0.715938016173855,1,-8,-1588.21901469221,1580.21901469221,0,FLOAT
"no_pair_loops_(1,1,1)",1,1,1,0.718876774115565,1,-8,-1344.15694734518,1336.15694734518,0,FLOAT
"no_pair_loops_(1,1,1)",1,1,1,0.721990812384003,1,-8,-1138.00126314899,1130.00126314899,0,FLOAT
"no_pair_loops_(1,1,1)",1,1,1,0.725290585461487,1,-8,-963.817257571758,955.817257571758,0,FLOAT
"no_pair_loops_(1,1,1)",1,1,1,0.728787171381207,1,-8,-816.604690224643,808.604690224643,0,FLOAT
"no_pair_loops_(1,1,1)",1,1,1,0.732492308918514,1,-8,-692.150053999019,684.150053999019,0,FLOAT
"no_pair_loops_(1,1,1)",1,1,1,0.736418437000464,1,-8,-586.902264878313,578.902264878313,0,FLOAT
"no_pair_loops_(1,1,1)",1,1,1,0.740578736465914,1,-8,-497.868052152351,489.868052152351,0,FLOAT
"no_pair_loops_(1,1,1)",1,1,1,0.744987174316374,1,-8,-422.523920509477,414.523920509477,0,FLOAT
"no_pair_loops_(1,1,1)",1,1,1,0.749658550606174,1,-8,-358.742053017976,350.742053017976,0,FLOAT
"no_pair_loops_(1,1,1)",1,1,1,0.754608548129361,1,-8,-304.727942341982,296.727942341982,0,FLOAT
"no_pair_loops_(1,1,1)",1,1,1,0.759853785070145,1,-8,-258.96788928546,250.96788928546,0,FLOAT
"no_pair_loops_(1,1,1)",1,1,1,0.765411870793641,1,-8,-220.184803526379,212.184803526379,0,FLOAT
"no_pair_loops_(1,1,1)",1,1,1,0.771301464964215,1,-8,-187.300990107922,179.300990107922,0,FLOAT
"no_pair_loops_(1,1,1)",1,1,1,0.777542340189913,1,-8,-159.406814389477,151.406814389477,0,FLOAT
"no_pair_loops_(1,1,1)",1,1,1,0.784155448403264,1,-8,-135.734314028008,127.734314028008,0,FLOAT
"no_pair_loops_(1,1,1)",1,1,1,0.791162991201332,1,-8,-115.634974457065,107.634974457065,0,FLOAT
"no_pair_loops_(1,1,1)",1,1,1,0.798588494381158,1,-8,-98.5610087091561,90.5610087091561,0,FLOAT
"no_pair_loops_(1,1,1)",1,1,1,0.806456886920807,1,-8,-84.0495870310879,76.0495870310879,0,FLOAT
"no_pair_loops_(1,1,1)",1,1,1,0.814794584671205,1,-8,-71.709549718497,63.709549718497,0,FLOAT
"no_pair_loops_(1,1,1)",1,1,1,0.823629579039712,1,-8,-61.2102105910929,53.2102105910929,0,FLOAT
"no_pair_loops_(1,1,1)",1,1,1,0.83299153096317,1,-8,-52.2719207687799,44.2719207687799,0,FLOAT
"no_pair_loops_(1,1,1)",1,1,1,0.842911870485915,1,-8,-44.6581147611232,36.6581147611232,0,FLOAT
"no_pair_loops_(1,1,1)",1,1,1,0.853423902277057,1,-8,-38.1686049211306,30.1686049211306,0,FLOAT
"no_pair_loops_(1,1,1)",1,1,1,0.864562917441269,1,-8,-32.6339273612314,24.6339273612314,0,FLOAT
"no_pair_loops_(1,1,1)",1,1,1,0.876366311998457,1,-8,-27.9105735963274,19.9105735963274,0,FLOAT
"no_pair_loops_(1,1,1)",1,1,1,0.888873712430073,1,-8,-23.8769684006657,15.8769684006657,0,FLOAT
"no_pair_loops_(1,1,1)",1,1,1,0.9,1,-8,-20.9349677272044,12.9349677272044,0,FLOAT
"no_pair_loops_(1,1,1)",1,1,1,0.902127108713561,1,-8,-20.4300764280169,12.4300764280169,0,FLOAT
"no_pair_loops_(1,1,1)",1,1,1,0.912667383761716,1,-8,-18.1601812392185,10.1601812392185,0,FLOAT
"no_pair_loops_(1,1,1)",1,1,1,0.916170995291558,1,-8,-17.4825387092116,9.48253870921157,0,FLOAT
"no_pair_loops_(1,1,1)",1,1,1,0.923730141409766,1,-8,-16.1341789084708,8.13417890847078,0,FLOAT
"no_pair_loops_(1,1,1)",1,1,1,0.931052520449102,1,-8,-14.9602557632559,6.96025576325587,0,FLOAT
"no_pair_loops_(1,1,1)",1,1,1,0.933391537091908,1,-8,-14.6099305499036,6.60993054990361,0,FLOAT
"no_pair_loops_(1,1,1)",1,1,1,0.941829086706256,1,-8,-13.4353482179507,5.43534821795067,0,FLOAT
"no_pair_loops_(1,1,1)",1,1,1,0.946821644600358,1,-8,-12.800347205455,4.80034720545498,0,FLOAT
"no_pair_loops_(1,1,1)",1,1,1,0.94919781953087,1,-8,-12.5124299844009,4.5124299844009,0,FLOAT
"no_pair_loops_(1,1,1)",1,1,1,0.955633126690214,1,-8,-11.7755752514959,3.77557525149591,0,FLOAT
"no_pair_loops_(1,1,1)",1,1,1,0.961253248795439,1,-8,-11.1794324895375,3.17943248953745,0,FLOAT
"no_pair_loops_(1,1,1)",1,1,1,0.963531308016255,1,-8,-10.9494288012821,2.94942880128206,0,FLOAT
"no_pair_loops_(1,1,1)",1,1,1,0.966161448465718,1,-8,-10.6917693654254,2.69176936542544,0,FLOAT
"no_pair_loops_(1,1,1)",1,1,1,0.970447907647971,1,-8,-10.2891221559512,2.28912215595122,0,FLOAT
"no_pair_loops_(1,1,1)",1,1,1,0.974191384595819,1,-8,-9.95404933993431,1.95404933993431,0,FLOAT
"no_pair_loops_(1,1,1)",1,1,1,0.977460660952652,1,-8,-9.67334559487487,1.67334559487487,0,FLOAT
"no_pair_loops_(1,1,1)",1,1,1,0.980315805527134,1,-8,-9.43684950104099,1.43684950104099,0,FLOAT
"no_pair_loops_(1,1,1)",1,1,1,0.981237608556118,1,-8,-9.36215722876116,1.36215722876116,0,FLOAT
"no_pair_loops_(1,1,1)",1,1,1,0.982809277981414,1,-8,-9.23662880712707,1.23662880712707,0,FLOAT
"no_pair_loops_(1,1,1)",1,1,1,0.984986892710918,1,-8,-9.0664119307578,1.0664119307578,0,FLOAT
"no_pair_loops_(1,1,1)",1,1,1,0.986888660625784,1,-8,-8.92118371499902,0.921183714999023,0,FLOAT
"no_pair_loops_(1,1,1)",1,1,1,0.988549524300617,1,-8,-8.79689301008891,0.796893010088906,0,FLOAT
"no_pair_loops_(1,1,1)",1,1,1,0.99,1,-8,-8.69023780551587,0.690237805515874,0,FLOAT
"no_pair_loops_(1,1,1)",1,1,1,0.991266738376172,1,-8,-8.59850505736967,0.598505057369666,0,FLOAT
"no_pair_loops_(1,1,1)",1,1,1,0.992373014140977,1,-8,-8.51944969287345,0.519449692873454,0,FLOAT
"no_pair_loops_(1,1,1)",1,1,1,0.993339153709191,1,-8,-8.45120207998549,0.451202079985487,0,FLOAT
"no_pair_loops_(1,1,1)",1,1,1,0.994182908670626,1,-8,-8.39219645429705,0.392196454297046,0,FLOAT
"no_pair_loops_(1,1,1)",1,1,1,0.994919781953087,1,-8,-8.34111496694419,0.341114966944193,0,FLOAT
"no_pair_loops_(1,1,1)",1,1,1,0.995563312669021,1,-8,-8.29684351101654,0.296843511016538,0,FLOAT
"no_pair_loops_(1,1,1)",1,1,1,0.996125324879544,1,-8,-8.25843652583168,0.25843652583168,0,FLOAT
"no_pair_loops_(1,1,1)",1,1,1,0.996616144846572,1,-8,-8.225088714531,0.225088714531005,0,FLOAT
"no_pair_loops_(1,1,1)",1,1,1,0.997044790764797,1,-8,-8.19611213674454,0.19611213674454,0,FLOAT
"no_pair_loops_(1,1,1)",1,1,1,0.997419138459582,1,-8,-8.17091751858094,0.170917518580945,0,FLOAT
"no_pair_loops_(1,1,1)",1,1,1,0.997746066095265,1,-8,-8.14899890019981,0.148998900199809,0,FLOAT
"no_pair_loops_(1,1,1)",1,1,1,0.998031580552713,1,-8,-8.12992094634349,0.129920946343487,0,FLOAT
"no_pair_loops_(1,1,1)",1,1,1,0.998280927798141,1,-8,-8.11330839796866,0.113308397968655,0,FLOAT
"no_pair_loops_(1,1,1)",1,1,1,0.998498689271092,1,-8,-8.09883725790283,0.0988372579028347,0,FLOAT
"no_pair_loops_(1,1,1)",1,1,1,0.998688866062578,1,-8,-8.08622739043456,0.0862273904345638,0,FLOAT
"no_pair_loops_(1,1,1)",1,1,1,0.998854952430062,1,-8,-8.07523628119966,0.0752362811996594,0,FLOAT
"no_pair_loops_(1,1,1)",1,1,1,0.999,1,-8,-8.06565375489747,0.0656537548974683,0,FLOAT
"no_pair_loops_(1,1,1)",1,1,1,0.999126673837617,1,-8,-8.0572974880736,0.0572974880736012,0,FLOAT
"no_pair_loops_(1,1,1)",1,1,1,0.999237301414098,1,-8,-8.05000918523902,0.0500091852390199,0,FLOAT
"no_pair_loops_(1,1,1)",1,1,1,0.999333915370919,1,-8,-8.04365131102637,0.0436513110263697,0,FLOAT
"no_pair_loops_(1,1,1)",1,1,1,0.999418290867063,1,-8,-8.03810429045152,0.038104290451523,0,FLOAT
"no_pair_loops_(1,1,1)",1,1,1,0.999491978195309,1,-8,-8.0332641048063,0.0332641048063032,0,FLOAT
"no_pair_loops_(1,1,1)",1,1,1,0.999556331266902,1,-8,-8.02904022312587,0.0290402231258735,0,FLOAT
"no_pair_loops_(1,1,1)",1,1,1,0.999612532487954,1,-8,-8.02535381921384,0.0253538192138407,0,FLOAT
"no_pair_loops_(1,1,1)",1,1,1,0.999661614484657,1,-8,-8.022136232374,0.0221362323740042,0,FLOAT
"no_pair_loops_(1,1,1)",1,1,1,0.99970447907648,1,-8,-8.01932763667844,0.0193276366784421,0,FLOAT
"no_pair_loops_(1,1,1)",1,1,1,0.999741913845958,1,-8,-8.01687588909826,0.0168758890982641,0,FLOAT
"no_pair_loops_(1,1,1)",1,1,1,0.999774606609527,1,-8,-8.0147355313693,0.0147355313693023,0,FLOAT
"no_pair_loops_(1,1,1)",1,1,1,0.999803158055271,1,-8,-8.0128669242436,0.0128669242436015,0,FLOAT
"no_pair_loops_(1,1,1)",1,1,1,0.999828092779814,1,-8,-8.01123549593308,0.0112354959330769,0,FLOAT
"no_pair_loops_(1,1,1)",1,1,1,0.999849868927109,1,-8,-8.00981108919837,0.00981108919836693,0,FLOAT
"no_pair_loops_(1,1,1)",1,1,1,0.999868886606258,1,-8,-8.00856739376471,0.00856739376470905,0,FLOAT
"no_pair_loops_(1,1,1)",1,1,1,0.999885495243006,1,-8,-8.00748145263079,0.00748145263078648,0,FLOAT
"no_pair_loops_(1,1,1)",1,1,1,0.9999,1,-8,-8.00653323243438,0.00653323243438386,0,FLOAT
"no_pair_loops_(1,1,1)",1,1,1,0.999912667383762,1,-8,-8.00570524939849,0.00570524939849015,0,FLOAT
"no_pair_loops_(1,1,1)",1,1,1,0.99992373014141,1,-8,-8.00498224354169,0.00498224354168997,0,FLOAT
"no_pair_loops_(1,1,1)",1,1,1,0.999933391537092,1,-8,-8.00435089482901,0.00435089482900786,0,FLOAT
"no_pair_loops_(1,1,1)",1,1,1,0.999941829086706,1,-8,-8.00379957579078,0.00379957579078471,0,FLOAT
"no_pair_loops_(1,1,1)",1,1,1,0.999949197819531,1,-8,-8.00331813586822,0.00331813586821816,0,FLOAT
"no_pair_loops_(1,1,1)",1,1,1,0.99995563312669,1,-8,-8.00289771337386,0.00289771337386391,0,FLOAT
"no_pair_loops_(1,1,1)",1,1,1,0.999961253248795,1,-8,-8.00253057149844,0.00253057149843983,0,FLOAT
"no_pair_loops_(1,1,1)",1,1,1,0.999966161448466,1,-8,-8.00220995526385,0.00220995526385259,0,FLOAT
"no_pair_loops_(1,1,1)",1,1,1,0.999970447907648,1,-8,-8.0019299667283,0.00192996672830148,0,FLOAT
"no_pair_loops_(1,1,1)",1,1,1,0.999974191384596,1,-8,-8.00168545609995,0.00168545609995263,0,FLOAT
"no_pair_loops_(1,1,1)",1,1,1,0.999977460660953,1,-8,-8.00147192672018,0.0014719267201837,0,FLOAT
"no_pair_loops_(1,1,1)",1,1,1,0.999980315805527,1,-8,-8.00128545214127,0.00128545214127129,0,FLOAT
"no_pair_loops_(1,1,1)",1,1,1,0.999982809277981,1,-8,-8.00112260375279,0.00112260375278872,0,FLOAT
"no_pair_loops_(1,1,1)",1,1,1,0.999984986892711,1,-8,-8.00098038760963,0.000980387609631705,0,FLOAT
"no_pair_loops_(1,1,1)",1,1,1,0.999986888660626,1,-8,-8.00085618928815,0.00085618928814668,0,FLOAT
"no_pair_loops_(1,1,1)",1,1,1,0.999988549524301,1,-8,-8.00074772574741,0.000747725747414663,0,FLOAT
"no_pair_loops_(1,1,1)",1,1,1,0.99999,1,-8,-8.00065300330336,0.000653003303362709,0,FLOAT
"no_pair_loops_(1,1,1)",1,1,1,0.999991266738376,1,-8,-8.00057028093796,0.000570280937957079,0,FLOAT
"no_pair_loops_(1,1,1)",1,1,1,0.999992373014141,1,-8,-8.00049803826487,0.000498038264874268,0,FLOAT
"no_pair_loops_(1,1,1)",1,1,1,0.999993339153709,1,-8,-8.00043494755994,0.00043494755993656,0,FLOAT
"no_pair_loops_(1,1,1)",1,1,1,0.999994182908671,1,-8,-8.00037984933933,0.000379849339331884,0,FLOAT
"no_pair_loops_(1,1,1)",1,1,1,0.999994919781953,1,-8,-8.00033173103566,0.000331731035664973,0,FLOAT
"no_pair_loops_(1,1,1)",1,1,1,0.999995563312669,1,-8,-8.00028970837783,0.000289708377829712,0,FLOAT
"no_pair_loops_(1,1,1)",1,1,1,0.99999612532488,1,-8,-8.00025300913207,0.000253009132068271,0,FLOAT
"no_pair_loops_(1,1,1)",1,1,1,0.999996616144847,1,-8,-8.00022095890422,0.000220958904220581,0,FLOAT
"no_pair_loops_(1,1,1)",1,1,1,0.999997044790765,1,-8,-8.00019296874177,0.00019296874177499,0,FLOAT
"no_pair_loops_(1,1,1)",1,1,1,0.99999741913846,1,-8,-8.00016852430743,0.000168524307431639,0,FLOAT
"no_pair_loops_(1,1,1)",1,1,1,0.999997746066095,1,-8,-8.00014717642485,0.00014717642484996,0,FLOAT
"no_pair_loops_(1,1,1)",1,1,1,0.999998031580553,1,-8,-8.00012853282263,0.000128532822628813,0,FLOAT
"no_pair_loops_(1,1,1)",1,1,1,0.999998280927798,1,-8,-8.00011225092442,0.000112250924418689,0,FLOAT
"no_pair_loops_(1,1,1)",1,1,1,0.999998498689271,1,-8,-8.00009803155289,9.80315528913422e-05,0,FLOAT
"no_pair_loops_(1,1,1)",1,1,1,0.999998688866063,1,-8,-8.00008561343128,8.56134312758883e-05,0,FLOAT
"no_pair_loops_(1,1,1)",1,1,1,0.99999885495243,1,-8,-8.00007476838181,7.47683818147493e-05,0,FLOAT
"no_pair_loops_(1,1,1)",1,1,1,0.999999,1,-8,-8.00006529713242,6.52971324246465e-05,0,FLOAT
"no_pair_loops_(1,1,1)",1,1,1,0.999999126673838,1,-8,-8.00005702565477,5.7025654770726e-05,0,FLOAT
"no_pair_loops_(1,1,1)",1,1,1,0.999999237301414,1,-8,-8.00004980196626,4.98019662611426e-05,0,FLOAT
"no_pair_loops_(1,1,1)",1,1,1,0.999999333915371,1,-8,-8.00004349333721,4.34933372055468e-05,0,FLOAT
"no_pair_loops_(1,1,1)",1,1,1,0.999999418290867,1,-8,-8.00003798385183,3.79838518309583e-05,0,FLOAT
"no_pair_loops_(1,1,1)",1,1,1,0.999999491978195,1,-8,-8.00003317227826,3.3172278255833e-05,0,FLOAT
"no_pair_loops_(1,1,1)",1,1,1,0.999999556331267,1,-8,-8.00002897020832,2.89702083176024e-05,0,FLOAT
"no_pair_loops_(1,1,1)",1,1,1,0.999999612532488,1,-8,-8.00002530043313,2.53004331280948e-05,0,FLOAT
"no_pair_loops_(1,1,1)",1,1,1,0.999999661614485,1,-8,-8.00002209552426,2.20955242635767e-05,0,FLOAT
"no_pair_loops_(1,1,1)",1,1,1,0.999999704479076,1,-8,-8.00001929659491,1.92965949139534e-05,0,FLOAT
"no_pair_loops_(1,1,1)",1,1,1,0.999999741913846,1,-8,-8.00001685221775,1.6852217745722e-05,0,FLOAT
"no_pair_loops_(1,1,1)",1,1,1,0.999999774606609,1,-8,-8.00001471748003,1.47174800346761e-05,0,FLOAT
"no_pair_loops_(1,1,1)",1,1,1,0.999999803158055,1,-8,-8.00001285315837,1.28531583687419e-05,0,FLOAT
"no_pair_loops_(1,1,1)",1,1,1,0.99999982809278,1,-8,-8.00001122499795,1.12249979498102e-05,0,FLOAT
"no_pair_loops_(1,1,1)",1,1,1,0.999999849868927,1,-8,-8.00000980308322,9.80308322162671e-06,0,FLOAT
"no_pair_loops_(1,1,1)",1,1,1,0.999999868886606,1,-8,-8.00000856128815,8.56128815129864e-06,0,FLOAT
"no_pair_loops_(1,1,1)",1,1,1,0.999999885495243,1,-8,-8.00000747679626,7.47679625945352e-06,0,FLOAT
"no_pair_loops_(1,1,1)",1,1,1,0.9999999,1,-8,-8.00000652968127,6.52968126857445e-06,0,FLOAT
"no_pair_loops_(1,1,1)",1,1,1,0.999999912667384,1,-8,-8.00000570254109,5.70254109355517e-06,0,FLOAT
"no_pair_loops_(1,1,1)",1,1,1,0.999999923730141,1,-8,-8.00000498017803,4.98017802641471e-06,0,FLOAT
"no_pair_loops_(1,1,1)",1,1,1,0.999999933391537,1,-8,-8.00000434931954,4.34931953741113e-06,0,FLOAT
"no_pair_loops_(1,1,1)",1,1,1,0.999999941829087,1,-8,-8.00000379837437,3.79837436703667e-06,0,FLOAT
"no_pair_loops_(1,1,1)",1,1,1,0.99999994919782,1,-8,-8.00000331721958,3.31721957635978e-06,0,FLOAT
"no_pair_loops_(1,1,1)",1,1,1,0.999999955633127,1,-8,-8.00000289701454,2.89701454114777e-06,0,FLOAT
"no_pair_loops_(1,1,1)",1,1,1,0.999999961253249,1,-8,-8.00000253003852,2.53003851646838e-06,0,FLOAT
"no_pair_loops_(1,1,1)",1,1,1,0.999999966161448,1,-8,-8.00000220954877,2.20954877327983e-06,0,FLOAT
"no_pair_loops_(1,1,1)",1,1,1,0.999999970447908,1,-8,-8.0000019296567,1.92965669576495e-06,0,FLOAT
"no_pair_loops_(1,1,1)",1,1,1,0.999999974191385,1,-8,-8.00000168521965,1.68521964738488e-06,0,FLOAT
"no_pair_loops_(1,1,1)",1,1,1,0.999999977460661,1,-8,-8.00000147174638,1.4717463781011e-06,0,FLOAT
"no_pair_loops_(1,1,1)",1,1,1,0.999999980315806,1,-8,-8.00000128531461,1.28531460852344e-06,0,FLOAT
"no_pair_loops_(1,1,1)",1,1,1,0.999999982809278,1,-8,-8.00000112249886,1.12249885830806e-06,0,FLOAT
"no_pair_loops_(1,1,1)",1,1,1,0.999999984986893,1,-8,-8.00000098030761,9.80307614639742e-07,0,FLOAT
"no_pair_loops_(1,1,1)",1,1,1,0.999999986888661,1,-8,-8.00000085612827,8.56128270498857e-07,0,FLOAT
"no_pair_loops_(1,1,1)",1,1,1,0.999999988549524,1,-8,-8.0000007476792,7.47679203882967e-07,0,FLOAT
"no_pair_loops_(1,1,1)",1,1,1,0.99999999,1,-8,-8.00000065296781,6.52967813152827e-07,0,FLOAT
"all_antagonistic_(3,3,3)",3,3,3,0.666666676666667,7,-20,-1.67583914213507e+23,1.67583914213507e+23,0,FLOAT
"all_antagonistic_(3,3,3)",3,3,3,0.66666667726311,7,-20,-1.40848406319289e+23,1.40848406319289e+23,0,FLOAT
"all_antagonistic_(3,3,3)",3,3,3,0.666666677895128,7,-20,-1.18378154113055e+23,1.18378154113055e+23,0,FLOAT
"all_antagonistic_(3,3,3)",3,3,3,0.666666678564843,7,-20,-9.94926912499641e+22,9.94926912499641e+22,0,FLOAT
"all_antagonistic_(3,3,3)",3,3,3,0.666666679274502,7,-20,-8.36201237868972e+22,8.36201237868972e+22,0,FLOAT
"all_antagonistic_(3,3,3)",3,3,3,0.666666680026488,7,-20,-7.02797812354245e+22,7.02797812354245e+22,0,FLOAT
"all_antagonistic_(3,3,3)",3,3,3,0.666666680823326,7,-20,-5.90676947882213e+22,5.90676947882213e+22,0,FLOAT
"all_antagonistic_(3,3,3)",3,3,3,0.666666681667691,7,-20,-4.96443294596343e+22,4.96443294596343e+22,0,FLOAT
"all_antagonistic_(3,3,3)",3,3,3,0.666666682562417,7,-20,-4.17243191500073e+22,4.17243191500073e+22,0,FLOAT
"all_antagonistic_(3,3,3)",3,3,3,0.666666683510509,7,-20,-3.50678281828393e+22,3.50678281828393e+22,0,FLOAT
"all_antagonistic_(3,3,3)",3,3,3,0.666666684515149,7,-20,-2.94732810505482e+22,2.94732810505482e+22,0,FLOAT
"all_antagonistic_(3,3,3)",3,3,3,0.66666668557971,7,-20,-2.47712599587875e+22,2.47712599587875e+22,0,FLOAT
"all_antagonistic_(3,3,3)",3,3,3,0.666666686707767,7,-20,-2.08193768783352e+22,2.08193768783352e+22,0,FLOAT
"all_antagonistic_(3,3,3)",3,3,3,0.666666687903105,7,-20,-1.74979568296961e+22,1.74979568296961e+22,0,FLOAT
"all_antagonistic_(3,3,3)",3,3,3,0.666666689169739,7,-20,-1.47064198207629e+22,1.47064198207629e+22,0,FLOAT
"all_antagonistic_(3,3,3)",3,3,3,0.66666669051192,7,-20,-1.23602307591629e+22,1.23602307591629e+22,0,FLOAT
"all_antagonistic_(3,3,3)",3,3,3,0.666666691934155,7,-20,-1.03883411147697e+22,1.03883411147697e+22,0,FLOAT
"all_antagonistic_(3,3,3)",3,3,3,0.666666693441218,7,-20,-8.73103684387975e+21,8.73103684387975e+21,0,FLOAT
"all_antagonistic_(3,3,3)",3,3,3,0.666666695038169,7,-20,-7.33813063375648e+21,7.33813063375648e+21,0,FLOAT
"all_antagonistic_(3,3,3)",3,3,3,0.666666696730369,7,-20,-6.16744184059436e+21,6.16744184059436e+21,0,FLOAT
"all_antagonistic_(3,3,3)",3,3,3,0.666666698523499,7,-20,-5.18351891344214e+21,5.18351891344214e+21,0,FLOAT
"all_antagonistic_(3,3,3)",3,3,3,0.666666700423579,7,-20,-4.35656609757285e+21,4.35656609757285e+21,0,FLOAT
"all_antagonistic_(3,3,3)",3,3,3,0.666666702436989,7,-20,-3.66154120201907e+21,3.66154120201907e+21,0,FLOAT
"all_antagonistic_(3,3,3)",3,3,3,0.666666704570486,7,-20,-3.07739719969735e+21,3.07739719969735e+21,0,FLOAT
"all_antagonistic_(3,3,3)",3,3,3,0.666666706831235,7,-20,-2.58644457750998e+21,2.58644457750998e+21,0,FLOAT
"all_antagonistic_(3,3,3)",3,3,3,0.666666709226825,7,-20,-2.17381609742472e+21,2.17381609742472e+21,0,FLOAT
"all_antagonistic_(3,3,3)",3,3,3,0.666666711765299,7,-20,-1.8270163235475e+21,1.8270163235475e+21,0,FLOAT
"all_antagonistic_(3,3,3)",3,3,3,0.666666714455177,7,-20,-1.53554326605906e+21,1.53554326605906e+21,0,FLOAT
"all_antagonistic_(3,3,3)",3,3,3,0.666666717305492,7,-20,-1.29057035605708e+21,1.29057035605708e+21,0,FLOAT
"all_antagonistic_(3,3,3)",3,3,3,0.666666720325813,7,-20,-1.08467919771571e+21,1.08467919771571e+21,0,FLOAT
"all_antagonistic_(3,3,3)",3,3,3,0.666666723526278,7,-20,-9.11634901915094e+20,9.11634901915094e+20,0,FLOAT
"all_antagonistic_(3,3,3)",3,3,3,0.666666726917633,7,-20,-7.66197220680973e+20,7.66197220680973e+20,0,FLOAT
"all_antagonistic_(3,3,3)",3,3,3,0.666666730511263,7,-20,-6.439619521632e+20,6.439619521632e+20,0,FLOAT
"all_antagonistic_(3,3,3)",3,3,3,0.666666734319233,7,-20,-5.41227482058611e+20,5.41227482058611e+20,0,FLOAT
"all_antagonistic_(3,3,3)",3,3,3,0.666666738354327,7,-20,-4.54882760511369e+20,4.54882760511369e+20,0,FLOAT
"all_antagonistic_(3,3,3)",3,3,3,0.666666742630091,7,-20,-3.823130405321e+20,3.823130405321e+20,0,FLOAT
"all_antagonistic_(3,3,3)",3,3,3,0.66666674716088,7,-20,-3.21320733655955e+20,3.21320733655955e+20,0,FLOAT
"all_antagonistic_(3,3,3)",3,3,3,0.666666751961906,7,-20,-2.70058833807091e+20,2.70058833807091e+20,0,FLOAT
"all_antagonistic_(3,3,3)",3,3,3,0.666666757049286,7,-20,-2.26975003224988e+20,2.26975003224988e+20,0,FLOAT
"all_antagonistic_(3,3,3)",3,3,3,0.666666762440099,7,-20,-1.90764551930901e+20,1.90764551930901e+20,0,FLOAT
"all_antagonistic_(3,3,3)",3,3,3,0.666666768152444,7,-20,-1.60330932542432e+20,1.60330932542432e+20,0,FLOAT
"all_antagonistic_(3,3,3)",3,3,3,0.666666774205498,7,-20,-1.34752542257249e+20,1.34752542257249e+20,0,FLOAT
"all_antagonistic_(3,3,3)",3,3,3,0.666666780619582,7,-20,-1.13254799450083e+20,1.13254799450083e+20,0,FLOAT
"all_antagonistic_(3,3,3)",3,3,3,0.66666678741623,7,-20,-9.51866994533537e+19,9.51866994533537e+19,0,FLOAT
"all_antagonistic_(3,3,3)",3,3,3,0.66666679461826,7,-20,-8.00010931376111e+19,8.00010931376111e+19,0,FLOAT
"all_antagonistic_(3,3,3)",3,3,3,0.666666802249851,7,-20,-6.72381223443603e+19,6.72381223443603e+19,0,FLOAT
"all_antagonistic_(3,3,3)",3,3,3,0.666666810336623,7,-20,-5.65112920099385e+19,5.65112920099385e+19,0,FLOAT
"all_antagonistic_(3,3,3)",3,3,3,0.666666818905725,7,-20,-4.74957662844382e+19,4.74957662844382e+19,0,FLOAT
"all_antagonistic_(3,3,3)",3,3,3,0.666666827985925,7,-20,-3.99185321652328e+19,3.99185321652328e+19,0,FLOAT
"all_antagonistic_(3,3,3)",3,3,3,0.666666837607709,7,-20,-3.35501319508428e+19,3.35501319508428e+19,0,FLOAT
"all_antagonistic_(3,3,3)",3,3,3,0.666666847803377,7,-20,-2.81977141533073e+19,2.81977141533073e+19,0,FLOAT
"all_antagonistic_(3,3,3)",3,3,3,0.66666685860716,7,-20,-2.36991941094818e+19,2.36991941094818e+19,0,FLOAT
"all_antagonistic_(3,3,3)",3,3,3,0.666666870055327,7,-20,-1.99183453427396e+19,1.99183453427396e+19,0,FLOAT
"all_antagonistic_(3,3,3)",3,3,3,0.666666882186313,7,-20,-1.67406740764725e+19,1.67406740764725e+19,0,FLOAT
"all_antagonistic_(3,3,3)",3,3,3,0.666666895040844,7,-20,-1.40699523922301e+19,1.40699523922301e+19,0,FLOAT
"all_antagonistic_(3,3,3)",3,3,3,0.666666908662074,7,-20,-1.18253041558332e+19,1.18253041558332e+19,0,FLOAT
"all_antagonistic_(3,3,3)",3,3,3,0.666666923095735,7,-20,-9.93875572377702e+18,9.93875572377702e+18,0,FLOAT
"all_antagonistic_(3,3,3)",3,3,3,0.666666938390282,7,-20,-8.35317766394652e+18,8.35317766394652e+18,0,FLOAT
"all_antagonistic_(3,3,3)",3,3,3,0.666666954597062,7,-20,-7.02055465973614e+18,7.02055465973614e+18,0,FLOAT
"all_antagonistic_(3,3,3)",3,3,3,0.666666971770485,7,-20,-5.90053157299565e+18,5.90053157299565e+18,0,FLOAT
"all_antagonistic_(3,3,3)",3,3,3,0.666666989968206,7,-20,-4.95919124889752e+18,4.95919124889752e+18,0,FLOAT
"all_antagonistic_(3,3,3)",3,3,3,0.666667009251318,7,-20,-4.1680275617297e+18,4.1680275617297e+18,0,FLOAT
"all_antagonistic_(3,3,3)",3,3,3,0.666667029684559,7,-20,-3.50308208970414e+18,3.50308208970414e+18,0,FLOAT
"all_antagonistic_(3,3,3)",3,3,3,0.666667051336528,7,-20,-2.944218610196e+18,2.944218610196e+18,0,FLOAT
"all_antagonistic_(3,3,3)",3,3,3,0.666667074279914,7,-20,-2.47451334818628e+18,2.47451334818628e+18,0,FLOAT
"all_antagonistic_(3,3,3)",3,3,3,0.666667098591744,7,-20,-2.07974244689958e+18,2.07974244689958e+18,0,FLOAT
"all_antagonistic_(3,3,3)",3,3,3,0.666667124353638,7,-20,-1.74795126292812e+18,1.74795126292812e+18,0,FLOAT
"all_antagonistic_(3,3,3)",3,3,3,0.666667151652083,7,-20,-1.4690923325383e+18,1.4690923325383e+18,0,FLOAT
"all_antagonistic_(3,3,3)",3,3,3,0.666667180578726,7,-20,-1.23472111296854e+18,1.23472111296854e+18,0,FLOAT
"all_antagonistic_(3,3,3)",3,3,3,0.66666721123068,7,-20,-1.0377402620819e+18,1.0377402620819e+18,0,FLOAT
"all_antagonistic_(3,3,3)",3,3,3,0.66666724371085,7,-20,-8.72184712397241e+17,8.72184712397241e+17,0,FLOAT
"all_antagonistic_(3,3,3)",3,3,3,0.666667278128279,7,-20,-7.33041031092062e+17,7.33041031092062e+17,0,FLOAT
"all_antagonistic_(3,3,3)",3,3,3,0.666667314598514,7,-20,-6.16095606203784e+17,6.16095606203784e+17,0,FLOAT
"all_antagonistic_(3,3,3)",3,3,3,0.666667353243992,7,-20,-5.17807040577356e+17,5.17807040577356e+17,0,FLOAT
"all_antagonistic_(3,3,3)",3,3,3,0.666667394194455,7,-20,-4.35198915439578e+17,4.35198915439578e+17,0,FLOAT
"all_antagonistic_(3,3,3)",3,3,3,0.666667437587381,7,-20,-3.65769654663035e+17,3.65769654663035e+17,0,FLOAT
"all_antagonistic_(3,3,3)",3,3,3,0.666667483568452,7,-20,-3.07416770254434e+17,3.07416770254434e+17,0,FLOAT
"all_antagonistic_(3,3,3)",3,3,3,0.666667532292033,7,-20,-2.58373194397434e+17,2.58373194397434e+17,0,FLOAT
"all_antagonistic_(3,3,3)",3,3,3,0.666667583921701,7,-20,-2.17153768704699e+17,2.17153768704699e+17,0,FLOAT
"all_antagonistic_(3,3,3)",3,3,3,0.666667638630787,7,-20,-1.82510269113704e+17,1.82510269113704e+17,0,FLOAT
"all_antagonistic_(3,3,3)",3,3,3,0.666667696602962,7,-20,-1.53393606848575e+17,1.53393606848575e+17,0,FLOAT
"all_antagonistic_(3,3,3)",3,3,3,0.66666775803285,7,-20,-1.28922059228691e+17,1.28922059228691e+17,0,FLOAT
"all_antagonistic_(3,3,3)",3,3,3,0.666667823126684,7,-20,-1.08354569149006e+17,1.08354569149006e+17,0,FLOAT
"all_antagonistic_(3,3,3)",3,3,3,0.666667892102997,7,-20,-9.10683039757852e+16,9.10683039757851e+16,0,FLOAT
"all_antagonistic_(3,3,3)",3,3,3,0.666667965193359,7,-20,-7.65397944573264e+16,7.65397944573263e+16,0,FLOAT
"all_antagonistic_(3,3,3)",3,3,3,0.666668042643148,7,-20,-6.43290830019345e+16,6.43290830019345e+16,0,FLOAT
"all_antagonistic_(3,3,3)",3,3,3,0.66666812471238,7,-20,-5.40664004637462e+16,5.40664004637461e+16,0,FLOAT
"all_antagonistic_(3,3,3)",3,3,3,0.666668211676578,7,-20,-4.54409688076852e+16,4.54409688076851e+16,0,FLOAT
"all_antagonistic_(3,3,3)",3,3,3,0.666668303827701,7,-20,-3.81915898552224e+16,3.81915898552224e+16,0,FLOAT
"all_antagonistic_(3,3,3)",3,3,3,0.666668401475117,7,-20,-3.20987356398554e+16,3.20987356398554e+16,0,FLOAT
"all_antagonistic_(3,3,3)",3,3,3,0.666668504946651,7,-20,-2.69779005071112e+16,2.69779005071112e+16,0,FLOAT
"all_antagonistic_(3,3,3)",3,3,3,0.666668614589678,7,-20,-2.26740138621969e+16,2.26740138621968e+16,0,FLOAT
"all_antagonistic_(3,3,3)",3,3,3,0.666668730772293,7,-20,-1.90567442506332e+16,1.90567442506332e+16,0,FLOAT
"all_antagonistic_(3,3,3)",3,3,3,0.666668853884545,7,-20,-1.60165526010815e+16,1.60165526010815e+16,0,FLOAT
"all_antagonistic_(3,3,3)",3,3,3,0.666668984339748,7,-20,-1.34613751116032e+16,1.34613751116032e+16,0,FLOAT
"all_antagonistic_(3,3,3)",3,3,3,0.666669122575868,7,-20,-1.13138353567318e+16,1.13138353567318e+16,0,FLOAT
"all_antagonistic_(3,3,3)",3,3,3,0.666669269056992,7,-20,-9.50890111532496e+15,9.50890111532494e+15,0,FLOAT
"all_antagonistic_(3,3,3)",3,3,3,0.666669424274889,7,-20,-7.99191506102488e+15,7.99191506102486e+15,0,FLOAT
"all_antagonistic_(3,3,3)",3,3,3,0.666669588750657,7,-20,-6.71693959213621e+15,6.71693959213619e+15,0,FLOAT
"all_antagonistic_(3,3,3)",3,3,3,0.666669763036477,7,-20,-5.64536574319588e+15,5.64536574319586e+15,0,FLOAT
"all_antagonistic_(3,3,3)",3,3,3,0.666669947717462,7,-20,-4.74474400831861e+15,4.74474400831859e+15,0,FLOAT
"all_antagonistic_(3,3,3)",3,3,3,0.666670143413626,7,-20,-3.98780169356317e+15,3.98780169356315e+15,0,FLOAT
"all_antagonistic_(3,3,3)",3,3,3,0.666670350781961,7,-20,-3.35161704110349e+15,3.35161704110347e+15,0,FLOAT
"all_antagonistic_(3,3,3)",3,3,3,0.666670570518648,7,-20,-2.81692509910235e+15,2.81692509910233e+15,0,FLOAT
"all_antagonistic_(3,3,3)",3,3,3,0.666670803361388,7,-20,-2.36753433667875e+15,2.36753433667873e+15,0,FLOAT
"all_antagonistic_(3,3,3)",3,3,3,0.666671050091883,7,-20,-1.98983632747479e+15,1.98983632747477e+15,0,FLOAT
"all_antagonistic_(3,3,3)",3,3,3,0.66667131153846,7,-20,-1.6723936550716e+15,1.67239365507158e+15,0,FLOAT
"all_antagonistic_(3,3,3)",3,3,3,0.666671588578849,7,-20,-1.40559356167287e+15,1.40559356167285e+15,0,FLOAT
"all_antagonistic_(3,3,3)",3,3,3,0.666671882143135,7,-20,-1.18135685255313e+15,1.18135685255311e+15,0,FLOAT
"all_antagonistic_(3,3,3)",3,3,3,0.666672193216873,7,-20,-992893239992573,992893239992553,0,FLOAT
"all_antagonistic_(3,3,3)",3,3,3,0.666672522844405,7,-20,-834495717942514,834495717942494,0,FLOAT
"all_antagonistic_(3,3,3)",3,3,3,0.666672872132358,7,-20,-701367741656814,701367741656794,0,FLOAT
"all_antagonistic_(3,3,3)",3,3,3,0.666673242253367,7,-20,-589477977982266,589477977982246,0,FLOAT
"all_antagonistic_(3,3,3)",3,3,3,0.666673634450005,7,-20,-495438227647110,495438227647090,0,FLOAT
"all_antagonistic_(3,3,3)",3,3,3,0.66667405003896,7,-20,-416400823539976,416400823539956,0,FLOAT
"all_antagonistic_(3,3,3)",3,3,3,0.66667449041545,7,-20,-349972397432238,349972397432218,0,FLOAT
"all_antagonistic_(3,3,3)",3,3,3,0.666674957057912,7,-20,-294141403670454,294141403670434,0,FLOAT
"all_antagonistic_(3,3,3)",3,3,3,0.666675451532965,7,-20,-247217205487850,247217205487830,0,FLOAT
"all_antagonistic_(3,3,3)",3,3,3,0.666675975500663,7,-20,-207778879299545,207778879299525,0,FLOAT
"all_antagonistic_(3,3,3)",3,3,3,0.666676530720078,7,-20,-174632186082465,174632186082445,0,FLOAT
"all_antagonistic_(3,3,3)",3,3,3,0.666677119055197,7,-20,-146773407642177,146773407642157,0,FLOAT
"all_antagonistic_(3,3,3)",3,3,3,0.666677742481186,7,-20,-123358952060603,123358952060583,0,FLOAT
"all_antagonistic_(3,3,3)",3,3,3,0.666678403091018,7,-20,-103679808167624,103679808167604,0,FLOAT
"all_antagonistic_(3,3,3)",3,3,3,0.666679103102497,7,-20,-87140075380869.3,87140075380849.3,0,FLOAT
"all_antagonistic_(3,3,3)",3,3,3,0.666679844865711,7,-20,-73238918775557.6,73238918775537.6,0,FLOAT
"all_antagonistic_(3,3,3)",3,3,3,0.666680630870915,7,-20,-61555402916090.9,61555402916070.9,0,FLOAT
"all_antagonistic_(3,3,3)",3,3,3,0.666681463756893,7,-20,-51735745244912.3,51735745244892.3,0,FLOAT
"all_antagonistic_(3,3,3)",3,3,3,0.666682346319819,7,-20,-43482602945400.3,43482602945380.3,0,FLOAT
"all_antagonistic_(3,3,3)",3,3,3,0.666683281522644,7,-20,-36546068937568,36546068937548,0,FLOAT
"all_antagonistic_(3,3,3)",3,3,3,0.666684272505039,7,-20,-30716104311249.1,30716104311229.1,0,FLOAT
"all_antagonistic_(3,3,3)",3,3,3,0.666685322593942,7,-20,-25816178038270.3,25816178038250.3,0,FLOAT
"all_antagonistic_(3,3,3)",3,3,3,0.666686435314721,7,-20,-21697921367863.1,21697921367843.1,0,FLOAT
"all_antagonistic_(3,3,3)",3,3,3,0.666687614403016,7,-20,-18236635020129.5,18236635020109.5,0,FLOAT
"all_antagonistic_(3,3,3)",3,3,3,0.666688863817274,7,-20,-15327513138681,15327513138661,0,FLOAT
"all_antagonistic_(3,3,3)",3,3,3,0.666690187752041,7,-20,-12882469642922.2,12882469642902.2,0,FLOAT
"all_antagonistic_(3,3,3)",3,3,3,0.666691590652045,7,-20,-10827470885607.7,10827470885587.7,0,FLOAT
"all_antagonistic_(3,3,3)",3,3,3,0.666693077227118,7,-20,-9100293839720.4,9100293839700.4,0,FLOAT
"all_antagonistic_(3,3,3)",3,3,3,0.666694652468004,7,-20,-7648641927756.92,7648641927736.92,0,FLOAT
"all_antagonistic_(3,3,3)",3,3,3,0.66669632166312,7,-20,-6428561438040.47,6428561438020.47,0,FLOAT
"all_antagonistic_(3,3,3)",3,3,3,0.666698090416304,7,-20,-5403110575460.96,5403110575440.96,0,FLOAT
"all_antagonistic_(3,3,3)",3,3,3,0.666699964665634,7,-20,-4541240841007.48,4541240840987.48,0,FLOAT
"all_antagonistic_(3,3,3)",3,3,3,0.66670195070336,7,-20,-3816856868046.97,3816856868026.97,0,FLOAT
"all_antagonistic_(3,3,3)",3,3,3,0.666704055197027,7,-20,-3208026245327.87,3208026245307.87,0,FLOAT
"all_antagonistic_(3,3,3)",3,3,3,0.666706285211866,7,-20,-2696315398190.15,2696315398170.15,0,FLOAT
"all_antagonistic_(3,3,3)",3,3,3,0.666708648234505,7,-20,-2266231417900.73,2266231417880.73,0,FLOAT
"all_antagonistic_(3,3,3)",3,3,3,0.666711152198109,7,-20,-1904752937443.83,1904752937423.83,0,FLOAT
"all_antagonistic_(3,3,3)",3,3,3,0.666713805509012,7,-20,-1600935847138.62,1600935847118.62,0,FLOAT
"all_antagonistic_(3,3,3)",3,3,3,0.666716617074936,7,-20,-1345581910857.7,1345581910837.7,0,FLOAT
"all_antagonistic_(3,3,3)",3,3,3,0.6667195963349,7,-20,-1130960248525.09,1130960248505.09,0,FLOAT
"all_antagonistic_(3,3,3)",3,3,3,0.666722753290909,7,-20,-950573250770.972,950573250750.972,0,FLOAT
"all_antagonistic_(3,3,3)",3,3,3,0.666726098541527,7,-20,-798959837231.122,798959837211.122,0,FLOAT
"all_antagonistic_(3,3,3)",3,3,3,0.666729643317467,7,-20,-671530101218.699,671530101198.699,0,FLOAT
"all_antagonistic_(3,3,3)",3,3,3,0.666733399519287,7,-20,-564426333598.94,564426333578.94,0,FLOAT
"all_antagonistic_(3,3,3)",3,3,3,0.666737379757347,7,-20,-474406217444.613,474406217424.613,0,FLOAT
"all_antagonistic_(3,3,3)",3,3,3,0.666741597394146,7,-20,-398744656621.967,398744656601.967,0,FLOAT
"all_antagonistic_(3,3,3)",3,3,3,0.666746066589179,7,-20,-335151265582.28,335151265562.28,0,FLOAT
"all_antagonistic_(3,3,3)",3,3,3,0.666750802346474,7,-20,-281701021926.882,281701021906.882,0,FLOAT
"all_antagonistic_(3,3,3)",3,3,3,0.666755820564966,7,-20,-236775981855.466,236775981835.466,0,FLOAT
"all_antagonistic_(3,3,3)",3,3,3,0.666761138091871,7,-20,-199016293641.165,199016293621.165,0,FLOAT
"all_antagonistic_(3,3,3)",3,3,3,0.666766772779247,7,-20,-167279025820.087,167279025800.087,0,FLOAT
"all_antagonistic_(3,3,3)",3,3,3,0.666772743543927,7,-20,-140603563405.746,140603563385.746,0,FLOAT
"all_antagonistic_(3,3,3)",3,3,3,0.666779070431024,7,-20,-118182524333.395,118182524313.395,0,FLOAT
"all_antagonistic_(3,3,3)",3,3,3,0.666785774681232,7,-20,-99337315500.8202,99337315480.8202,0,FLOAT
"all_antagonistic_(3,3,3)",3,3,3,0.666792878802131,7,-20,-83497588250.8112,83497588230.8112,0,FLOAT
"all_antagonistic_(3,3,3)",3,3,3,0.66680040664375,7,-20,-70183971221.9531,70183971201.9531,0,FLOAT
"all_antagonistic_(3,3,3)",3,3,3,0.666808383478639,7,-20,-58993557737.9221,58993557717.9221,0,FLOAT
"all_antagonistic_(3,3,3)",3,3,3,0.666816836086713,7,-20,-49587708305.9051,49587708285.9051,0,FLOAT
"all_antagonistic_(3,3,3)",3,3,3,0.666825792845157,7,-20,-41681798904.1969,41681798884.1969,0,FLOAT
"all_antagonistic_(3,3,3)",3,3,3,0.666835283823696,7,-20,-35036604648.6963,35036604628.6963,0,FLOAT
"all_antagonistic_(3,3,3)",3,3,3,0.666845340885544,7,-20,-29451057955.2072,29451057935.2072,0,FLOAT
"all_antagonistic_(3,3,3)",3,3,3,0.666855997794376,7,-20,-24756161928.6582,24756161908.6582,0,FLOAT
"all_antagonistic_(3,3,3)",3,3,3,0.666867290327678,7,-20,-20809874690.1118,20809874670.1118,0,FLOAT
"all_antagonistic_(3,3,3)",3,3,3,0.666879256396864,7,-20,-17492809753.8373,17492809733.8373,0,FLOAT
"all_antagonistic_(3,3,3)",3,3,3,0.666891936174548,7,-20,-14704622274.2954,14704622254.2954,0,FLOAT
"all_antagonistic_(3,3,3)",3,3,3,0.666905372229415,7,-20,-12360971749.9502,12360971729.9502,0,FLOAT
"all_antagonistic_(3,3,3)",3,3,3,0.666919609669129,7,-20,-10390969226.4713,10390969206.4713,0,FLOAT
"all_antagonistic_(3,3,3)",3,3,3,0.666934696291775,7,-20,-8735031710.37217,8735031690.37217,0,FLOAT
"all_antagonistic_(3,3,3)",3,3,3,0.666950682746323,7,-20,-7343078834.32521,7343078814.32521,0,FLOAT
"all_antagonistic_(3,3,3)",3,3,3,0.666967622702667,7,-20,-6173017178.06671,6173017158.06671,0,FLOAT
"all_antagonistic_(3,3,3)",3,3,3,0.666985573031808,7,-20,-5189466357.67303,5189466337.67303,0,FLOAT
"all_antagonistic_(3,3,3)",3,3,3,0.667004593996783,7,-20,-4362688317.0923,4362688297.0923,0,FLOAT
"all_antagonistic_(3,3,3)",3,3,3,0.667024749454976,7,-20,-3667687406.9375,3667687386.9375,0,FLOAT
"all_antagonistic_(3,3,3)",3,3,3,0.667046107072505,7,-20,-3083454007.48989,3083453987.48989,0,FLOAT
"all_antagonistic_(3,3,3)",3,3,3,0.667068738551391,7,-20,-2592328798.03422,2592328778.03422,0,FLOAT
"all_antagonistic_(3,3,3)",3,3,3,0.667092719870275,7,-20,-2179468427.77563,2179468407.77563,0,FLOAT
"all_antagonistic_(3,3,3)",3,3,3,0.667118131539495,7,-20,-1832396413.34008,1832396393.34008,0,FLOAT
"all_antagonistic_(3,3,3)",3,3,3,0.667145058871377,7,-20,-1540625668.17618,1540625648.17618,0,FLOAT
"all_antagonistic_(3,3,3)",3,3,3,0.667173592266644,7,-20,-1295341237.78229,1295341217.78229,0,FLOAT
"all_antagonistic_(3,3,3)",3,3,3,0.667203827517915,7,-20,-1089133637.32053,1089133617.32053,0,FLOAT
"all_antagonistic_(3,3,3)",3,3,3,0.667235866131295,7,-20,-915774720.167259,915774700.167259,0,FLOAT
"all_antagonistic_(3,3,3)",3,3,3,0.667269815667157,7,-20,-770029293.401527,770029273.401527,0,FLOAT
"all_antagonistic_(3,3,3)",3,3,3,0.667305790101244,7,-20,-647496778.438691,647496758.438691,0,FLOAT
"all_antagonistic_(3,3,3)",3,3,3,0.667343910207308,7,-20,-544478124.512037,544478104.512037,0,FLOAT
"all_antagonistic_(3,3,3)",3,3,3,0.667384303962572,7,-20,-457863947.151781,457863927.151781,0,FLOAT
"all_antagonistic_(3,3,3)",3,3,3,0.667427106977381,7,-20,-385040506.283084,385040486.283084,0,FLOAT
"all_antagonistic_(3,3,3)",3,3,3,0.66747246295047,7,-20,-323810678.586862,323810658.586862,0,FLOAT
"all_antagonistic_(3,3,3)",3,3,3,0.667520524151393,7,-20,-272327532.60975,272327512.60975,0,FLOAT
"all_antagonistic_(3,3,3)",3,3,3,0.667571451931725,7,-20,-229038496.590769,229038476.590769,0,FLOAT
"all_antagonistic_(3,3,3)",3,3,3,0.667625417266748,7,-20,-192638429.567888,192638409.567888,0,FLOAT
"all_antagonistic_(3,3,3)",3,3,3,0.66768260132946,7,-20,-162030175.809011,162030155.809011,0,FLOAT
"all_antagonistic_(3,3,3)",3,3,3,0.667743196098802,7,-20,-136291409.097541,136291389.097541,0,FLOAT
"all_antagonistic_(3,3,3)",3,3,3,0.667807405004176,7,-20,-114646763.755324,114646743.755324,0,FLOAT
"all_antagonistic_(3,3,3)",3,3,3,0.667875443608401,7,-20,-96444409.2882698,96444389.2882698,0,FLOAT
"all_antagonistic_(3,3,3)",3,3,3,0.667947540331402,7,-20,-81136360.0080567,81136340.0080567,0,FLOAT
"all_antagonistic_(3,3,3)",3,3,3,0.668023937217061,7,-20,-68261924.0106937,68261904.0106937,0,FLOAT
"all_antagonistic_(3,3,3)",3,3,3,0.668104890745814,7,-20,-57433790.8871507,57433770.8871507,0,FLOAT
"all_antagonistic_(3,3,3)",3,3,3,0.668190672695706,7,-20,-48326337.3859061,48326317.3859061,0,FLOAT
"all_antagonistic_(3,3,3)",3,3,3,0.66828157105481,7,-20,-40665797.3556986,40665777.3556986,0,FLOAT
"all_antagonistic_(3,3,3)",3,3,3,0.668377890988062,7,-20,-34221998.700713,34221978.700713,0,FLOAT
"all_antagonistic_(3,3,3)",3,3,3,0.668479955861763,7,-20,-28801417.4892114,28801397.4892114,0,FLOAT
"all_antagonistic_(3,3,3)",3,3,3,0.668588108329191,7,-20,-24241339.2027195,24241319.2027195,0,FLOAT
"all_antagonistic_(3,3,3)",3,3,3,0.668702711480957,7,-20,-20404950.6046616,20404930.6046616,0,FLOAT
"all_antagonistic_(3,3,3)",3,3,3,0.668824150063978,7,-20,-17177213.8565694,17177193.8565694,0,FLOAT
"all_antagonistic_(3,3,3)",3,3,3,0.668952831773153,7,-20,-14461398.1704993,14461378.1704993,0,FLOAT
"all_antagonistic_(3,3,3)",3,3,3,0.669089188620082,7,-20,-12176164.1726873,12176144.1726873,0,FLOAT
"all_antagonistic_(3,3,3)",3,3,3,0.669233678383419,7,-20,-10253112.8685258,10253092.8685258,0,FLOAT
"all_antagonistic_(3,3,3)",3,3,3,0.669386786145729,7,-20,-8634725.14834422,8634705.14834422,0,FLOAT
"all_antagonistic_(3,3,3)",3,3,3,0.669549025922018,7,-20,-7272629.58206617,7272609.58206617,0,FLOAT
"all_antagonistic_(3,3,3)",3,3,3,0.669720942385384,7,-20,-6126146.17651306,6126126.17651306,0,FLOAT
"all_antagonistic_(3,3,3)",3,3,3,0.669903112695601,7,-20,-5161062.11167176,5161042.11167176,0,FLOAT
"all_antagonistic_(3,3,3)",3,3,3,0.670096148436769,7,-20,-4348602.48470813,4348582.48470813,0,FLOAT
"all_antagonistic_(3,3,3)",3,3,3,0.670300697670525,7,-20,-3664564.98451817,3664544.98451817,0,FLOAT
"all_antagonistic_(3,3,3)",3,3,3,0.670517447111728,7,-20,-3088592.3739161,3088572.3739161,0,FLOAT
"all_antagonistic_(3,3,3)",3,3,3,0.670747124433902,7,-20,-2603560.82078161,2603540.82078161,0,FLOAT
"all_antagonistic_(3,3,3)",3,3,3,0.67099050071219,7,-20,-2195065.61979862,2195045.61979862,0,FLOAT
"all_antagonistic_(3,3,3)",3,3,3,0.671248393012015,7,-20,-1850988.78858182,1850968.78858182,0,FLOAT
"all_antagonistic_(3,3,3)",3,3,3,0.671521667132144,7,-20,-1561135.49506126,1561115.49506126,0,FLOAT
"all_antagonistic_(3,3,3)",3,3,3,0.671811240511352,7,-20,-1316928.35179821,1316908.35179821,0,FLOAT
"all_antagonistic_(3,3,3)",3,3,3,0.67211808530846,7,-20,-1111150.36026467,1111130.36026467,0,FLOAT
"all_antagonistic_(3,3,3)",3,3,3,0.672443231666078,7,-20,-937728.756930073,937708.756930073,0,FLOAT
"all_antagonistic_(3,3,3)",3,3,3,0.672787771169006,7,-20,-791553.247656428,791533.247656428,0,FLOAT
"all_antagonistic_(3,3,3)",3,3,3,0.673152860508921,7,-20,-668323.154741558,668303.154741558,0,FLOAT
"all_antagonistic_(3,3,3)",3,3,3,0.673539725367628,7,-20,-564418.873368858,564398.873368858,0,FLOAT
"all_antagonistic_(3,3,3)",3,3,3,0.673949664531935,7,-20,-476793.767573672,476773.767573672,0,FLOAT
"all_antagonistic_(3,3,3)",3,3,3,0.674384054253956,7,-20,-402883.252313685,402863.252313685,0,FLOAT
"all_antagonistic_(3,3,3)",3,3,3,0.674844352871474,7,-20,-340528.326451498,340508.326451498,0,FLOAT
"all_antagonistic_(3,3,3)",3,3,3,0.675332105703892,7,-20,-287911.257096109,287891.257096109,0,FLOAT
"all_antagonistic_(3,3,3)",3,3,3,0.675848950240194,7,-20,-243501.481966389,243481.481966389,0,FLOAT
"all_antagonistic_(3,3,3)",3,3,3,0.676396621636343,7,-20,-206010.104302459,205990.104302459,0,FLOAT
"all_antagonistic_(3,3,3)",3,3,3,0.676976958540561,7,-20,-174351.613661236,174331.613661236,0,FLOAT
"all_antagonistic_(3,3,3)",3,3,3,0.677591909266059,7,-20,-147611.683509315,147591.683509315,0,FLOAT
"all_antagonistic_(3,3,3)",3,3,3,0.67824353833194,7,-20,-125020.079441756,125000.079441756,0,FLOAT
"all_antagonistic_(3,3,3)",3,3,3,0.678934033394218,7,-20,-105927.865633408,105907.865633408,0,FLOAT
"all_antagonistic_(3,3,3)",3,3,3,0.679665712590243,7,-20,-89788.2264140967,89768.2264140967,0,FLOAT
"all_antagonistic_(3,3,3)",3,3,3,0.680441032321174,7,-20,-76140.3285531935,76120.3285531935,0,FLOAT
"all_antagonistic_(3,3,3)",3,3,3,0.681262595498641,7,-20,-64595.7412240054,64575.7412240054,0,FLOAT
"all_antagonistic_(3,3,3)",3,3,3,0.68213316028326,7,-20,-54827.0074520313,54807.0074520313,0,FLOAT
"all_antagonistic_(3,3,3)",3,3,3,0.683055649344363,7,-20,-46558.0254520453,46538.0254520453,0,FLOAT
"all_antagonistic_(3,3,3)",3,3,3,0.684033159672015,7,-20,-39555.9525755313,39535.9525755313,0,FLOAT
"all_antagonistic_(3,3,3)",3,3,3,0.68506897297426,7,-20,-33624.3902611291,33604.3902611291,0,FLOAT
"all_antagonistic_(3,3,3)",3,3,3,0.686166566694507,7,-20,-28597.6467830454,28577.6467830454,0,FLOAT
"all_antagonistic_(3,3,3)",3,3,3,0.687329625686041,7,-20,-24335.9068838087,24315.9068838087,0,FLOAT
"all_antagonistic_(3,3,3)",3,3,3,0.68856205458285,7,-20,-20721.1645314727,20701.1645314727,0,FLOAT
"all_antagonistic_(3,3,3)",3,3,3,0.689867990908302,7,-20,-17653.7978754386,17633.7978754386,0,FLOAT
"all_antagonistic_(3,3,3)",3,3,3,0.691251818965688,7,-20,-15049.6846773638,15029.6846773638,0,FLOAT
"all_antagonistic_(3,3,3)",3,3,3,0.692718184557244,7,-20,-12837.7726422299,12817.7726422299,0,FLOAT
"all_antagonistic_(3,3,3)",3,3,3,0.694272010581095,7,-20,-10958.0326557742,10938.0326557742,0,FLOAT
"all_antagonistic_(3,3,3)",3,3,3,0.695918513558455,7,-20,-9359.73435668317,9339.73435668317,0,FLOAT
"all_antagonistic_(3,3,3)",3,3,3,0.697663221146592,7,-20,-7999.99307886209,7979.99307886209,0,FLOAT
"all_antagonistic_(3,3,3)",3,3,3,0.699511990696333,7,-20,-6842.54527951234,6822.54527951234,0,FLOAT
"all_antagonistic_(3,3,3)",3,3,3,0.701471028916427,7,-20,-5856.71636557946,5836.71636557946,0,FLOAT
"all_antagonistic_(3,3,3)",3,3,3,0.703546912710775,7,-20,-5016.55054849903,4996.55054849903,0,FLOAT
"all_antagonistic_(3,3,3)",3,3,3,0.705746611258478,7,-20,-4300.07716679182,4280.07716679182,0,FLOAT
"all_antagonistic_(3,3,3)",3,3,3,0.708077509410841,7,-20,-3688.69196225003,3668.69196225003,0,FLOAT
"all_antagonistic_(3,3,3)",3,3,3,0.710547432483875,7,-20,-3166.63519959753,3146.63519959753,0,FLOAT
"all_antagonistic_(3,3,3)",3,3,3,0.713164672529529,7,-20,-2720.55138364939,2700.55138364939,0,FLOAT
"all_antagonistic_(3,3,3)",3,3,3,0.715938016173855,7,-20,-2339.11773794661,2319.11773794661,0,FLOAT
"all_antagonistic_(3,3,3)",3,3,3,0.718876774115565,7,-20,-2012.73063676436,1992.73063676436,0,FLOAT
"all_antagonistic_(3,3,3)",3,3,3,0.721990812384003,7,-20,-1733.24088896478,1713.24088896478,0,FLOAT
"all_antagonistic_(3,3,3)",3,3,3,0.725290585461487,7,-20,-1493.7302084162,1473.7302084162,0,FLOAT
"all_antagonistic_(3,3,3)",3,3,3,0.728787171381207,7,-20,-1288.32241454543,1268.32241454543,0,FLOAT
"all_antagonistic_(3,3,3)",3,3,3,0.732492308918514,7,-20,-1112.02392411623,1092.02392411623,0,FLOAT
"all_antagonistic_(3,3,3)",3,3,3,0.736418437000464,7,-20,-960.588951891221,940.588951891221,0,FLOAT
"all_antagonistic_(3,3,3)",3,3,3,0.740578736465914,7,-20,-830.405558965054,810.405558965054,0,FLOAT
"all_antagonistic_(3,3,3)",3,3,3,0.744987174316374,7,-20,-718.399294725437,698.399294725437,0,FLOAT
"all_antagonistic_(3,3,3)",3,3,3,0.749658550606174,7,-20,-621.951689669704,601.951689669704,0,FLOAT
"all_antagonistic_(3,3,3)",3,3,3,0.754608548129361,7,-20,-538.831286868722,518.831286868722,0,FLOAT
"all_antagonistic_(3,3,3)",3,3,3,0.759853785070145,7,-20,-467.135262510254,447.135262510254,0,FLOAT
"all_antagonistic_(3,3,3)",3,3,3,0.765411870793641,7,-20,-405.239991421275,385.239991421275,0,FLOAT
"all_antagonistic_(3,3,3)",3,3,3,0.771301464964215,7,-20,-351.759170809537,331.759170809537,0,FLOAT
"all_antagonistic_(3,3,3)",3,3,3,0.777542340189913,7,-20,-305.50833228999,285.50833228999,0,FLOAT
"all_antagonistic_(3,3,3)",3,3,3,0.784155448403264,7,-20,-265.474754975036,245.474754975036,0,FLOAT
"all_antagonistic_(3,3,3)",3,3,3,0.791162991201332,7,-20,-230.791946397782,210.791946397782,0,FLOAT
"all_antagonistic_(3,3,3)",3,3,3,0.798588494381158,7,-20,-200.717987838726,180.717987838726,0,FLOAT
"all_antagonistic_(3,3,3)",3,3,3,0.806456886920807,7,-20,-174.617150054557,154.617150054557,0,FLOAT
"all_antagonistic_(3,3,3)",3,3,3,0.814794584671205,7,-20,-151.944277674002,131.944277674002,0,FLOAT
"all_antagonistic_(3,3,3)",3,3,3,0.823629579039712,7,-20,-132.231518332153,112.231518332153,0,FLOAT
"all_antagonistic_(3,3,3)",3,3,3,0.83299153096317,7,-20,-115.077038235033,95.0770382350329,0,FLOAT
"all_antagonistic_(3,3,3)",3,3,3,0.842911870485915,7,-20,-100.135421192814,80.1354211928136,0,FLOAT
"all_antagonistic_(3,3,3)",3,3,3,0.853423902277057,7,-20,-87.1094948409639,67.1094948409639,0,FLOAT
"all_antagonistic_(3,3,3)",3,3,3,0.864562917441269,7,-20,-75.7433671338407,55.7433671338407,0,FLOAT
"all_antagonistic_(3,3,3)",3,3,3,0.876366311998457,7,-20,-65.8164893762298,45.8164893762298,0,FLOAT
"all_antagonistic_(3,3,3)",3,3,3,0.888873712430073,7,-20,-57.1385899990292,37.1385899990292,0,FLOAT
"all_antagonistic_(3,3,3)",3,3,3,0.9,7,-20,-50.6691387948003,30.6691387948003,0,FLOAT
"all_antagonistic_(3,3,3)",3,3,3,0.902127108713561,7,-20,-49.5453467664839,29.5453467664839,0,FLOAT
"all_antagonistic_(3,3,3)",3,3,3,0.912667383761716,7,-20,-44.4381182326793,24.4381182326793,0,FLOAT
"all_antagonistic_(3,3,3)",3,3,3,0.916170995291558,7,-20,-42.8946847587937,22.8946847587937,0,FLOAT
"all_antagonistic_(3,3,3)",3,3,3,0.923730141409766,7,-20,-39.7952878144299,19.7952878144299,0,FLOAT
"all_antagonistic_(3,3,3)",3,3,3,0.931052520449102,7,-20,-37.0636038016027,17.0636038016027,0,FLOAT
"all_antagonistic_(3,3,3)",3,3,3,0.933391537091908,7,-20,-36.2419362838173,16.2419362838173,0,FLOAT
"all_antagonistic_(3,3,3)",3,3,3,0.941829086706256,7,-20,-33.4635677593653,13.4635677593653,0,FLOAT
"all_antagonistic_(3,3,3)",3,3,3,0.946821644600358,7,-20,-31.9454523654449,11.9454523654449,0,FLOAT
"all_antagonistic_(3,3,3)",3,3,3,0.94919781953087,7,-20,-31.2531440774978,11.2531440774978,0,FLOAT
"all_antagonistic_(3,3,3)",3,3,3,0.955633126690214,7,-20,-29.4693849928387,9.46938499283872,0,FLOAT
"all_antagonistic_(3,3,3)",3,3,3,0.961253248795439,7,-20,-28.0129032127069,8.01290321270691,0,FLOAT
"all_antagonistic_(3,3,3)",3,3,3,0.963531308016255,7,-20,-27.4475755164542,7.44757551645422,0,FLOAT
"all_antagonistic_(3,3,3)",3,3,3,0.966161448465718,7,-20,-26.8119332015572,6.81193320155722,0,FLOAT
"all_antagonistic_(3,3,3)",3,3,3,0.970447907647971,7,-20,-25.8134703537209,5.81347035372087,0,FLOAT
"all_antagonistic_(3,3,3)",3,3,3,0.974191384595819,7,-20,-24.9775875172726,4.97758751727264,0,FLOAT
"all_antagonistic_(3,3,3)",3,3,3,0.977460660952652,7,-20,-24.2736842586629,4.2736842586629,0,FLOAT
"all_antagonistic_(3,3,3)",3,3,3,0.980315805527134,7,-20,-23.6779485665791,3.67794856657909,0,FLOAT
"all_antagonistic_(3,3,3)",3,3,3,0.981237608556118,7,-20,-23.4892722137129,3.48927221371287,0,FLOAT
"all_antagonistic_(3,3,3)",3,3,3,0.982809277981414,7,-20,-23.1716001273002,3.17160012730023,0,FLOAT
"all_antagonistic_(3,3,3)",3,3,3,0.984986892710918,7,-20,-22.739649787278,2.73964978727803,0,FLOAT
"all_antagonistic_(3,3,3)",3,3,3,0.986888660625784,7,-20,-22.3700074270847,2.37000742708465,0,FLOAT
"all_antagonistic_(3,3,3)",3,3,3,0.988549524300617,7,-20,-22.0528296686488,2.05282966864876,0,FLOAT
"all_antagonistic_(3,3,3)",3,3,3,0.99,7,-20,-21.7800356493723,1.78003564937233,0,FLOAT
"all_antagonistic_(3,3,3)",3,3,3,0.991266738376172,7,-20,-21.5449425109195,1.54494251091952,0,FLOAT
"all_antagonistic_(3,3,3)",3,3,3,0.992373014140977,7,-20,-21.3419874518052,1.3419874518052,0,FLOAT
"all_antagonistic_(3,3,3)",3,3,3,0.993339153709191,7,-20,-21.1665132484777,1.16651324847765,0,FLOAT
"all_antagonistic_(3,3,3)",3,3,3,0.994182908670626,7,-20,-21.0146009161164,1.0146009161164,0,FLOAT
"all_antagonistic_(3,3,3)",3,3,3,0.994919781953087,7,-20,-20.8829378058492,0.882937805849217,0,FLOAT
"all_antagonistic_(3,3,3)",3,3,3,0.995563312669021,7,-20,-20.7687126431885,0.768712643188532,0,FLOAT
"all_antagonistic_(3,3,3)",3,3,3,0.996125324879544,7,-20,-20.6695312676173,0.66953126761728,0,FLOAT
"all_antagonistic_(3,3,3)",3,3,3,0.996616144846572,7,-20,-20.5833484383921,0.583348438392147,0,FLOAT
"all_antagonistic_(3,3,3)",3,3,3,0.997044790764797,7,-20,-20.5084122275123,0.50841222751232,0,FLOAT
"all_antagonistic_(3,3,3)",3,3,3,0.997419138459582,7,-20,-20.4432183622871,0.443218362287073,0,FLOAT
"all_antagonistic_(3,3,3)",3,3,3,0.997746066095265,7,-20,-20.386472498867,0.38647249886699,0,FLOAT
"all_antagonistic_(3,3,3)",3,3,3,0.998031580552713,7,-20,-20.3370588677818,0.337058867781778,0,FLOAT
"all_antagonistic_(3,3,3)",3,3,3,0.998280927798141,7,-20,-20.2940140770909,0.2940140770909,0,FLOAT
"all_antagonistic_(3,3,3)",3,3,3,0.998498689271092,7,-20,-20.2565051193159,0.256505119315904,0,FLOAT
"all_antagonistic_(3,3,3)",3,3,3,0.998688866062578,7,-20,-20.2238108270331,0.223810827033059,0,FLOAT
"all_antagonistic_(3,3,3)",3,3,3,0.998854952430062,7,-20,-20.1953061747802,0.195306174780178,0,FLOAT
"all_antagonistic_(3,3,3)",3,3,3,0.999,7,-20,-20.1704489433177,0.170448943317737,0,FLOAT
"all_antagonistic_(3,3,3)",3,3,3,0.999126673837617,7,-20,-20.1487683547189,0.1487683547189,0,FLOAT
"all_antagonistic_(3,3,3)",3,3,3,0.999237301414098,7,-20,-20.1298553594709,0.129855359470856,0,FLOAT
"all_antagonistic_(3,3,3)",3,3,3,0.999333915370919,7,-20,-20.1133543143672,0.113354314367239,0,FLOAT
"all_antagonistic_(3,3,3)",3,3,3,0.999418290867063,7,-20,-20.0989558359171,0.098955835917149,0,FLOAT
"all_antagonistic_(3,3,3)",3,3,3,0.999491978195309,7,-20,-20.0863906508917,0.0863906508916692,0,FLOAT
"all_antagonistic_(3,3,3)",3,3,3,0.999556331266902,7,-20,-20.0754242954486,0.0754242954486486,0,FLOAT
"all_antagonistic_(3,3,3)",3,3,3,0.999612532487954,7,-20,-20.0658525385267,0.0658525385267232,0,FLOAT
"all_antagonistic_(3,3,3)",3,3,3,0.999661614484657,7,-20,-20.0574974250373,0.0574974250373188,0,FLOAT
"all_antagonistic_(3,3,3)",3,3,3,0.99970447907648,7,-20,-20.0502038507044,0.0502038507043672,0,FLOAT
"all_antagonistic_(3,3,3)",3,3,3,0.999741913845958,7,-20,-20.0438365938982,0.0438365938982486,0,FLOAT
"all_antagonistic_(3,3,3)",3,3,3,0.999774606609527,7,-20,-20.0382777410313,0.0382777410313082,0,FLOAT
"all_antagonistic_(3,3,3)",3,3,3,0.999803158055271,7,-20,-20.0334244514527,0.0334244514526603,0,FLOAT
"all_antagonistic_(3,3,3)",3,3,3,0.999828092779814,7,-20,-20.0291870156391,0.0291870156391276,0,FLOAT
"all_antagonistic_(3,3,3)",3,3,3,0.999849868927109,7,-20,-20.0254871670999,0.0254871670999108,0,FLOAT
"all_antagonistic_(3,3,3)",3,3,3,0.999868886606258,7,-20,-20.0222566140086,0.022256614008608,0,FLOAT
"all_antagonistic_(3,3,3)",3,3,3,0.999885495243006,7,-20,-20.0194357613237,0.019435761323745,0,FLOAT
"all_antagonistic_(3,3,3)",3,3,3,0.9999,7,-20,-20.0169725981986,0.0169725981985565,0,FLOAT
"all_antagonistic_(3,3,3)",3,3,3,0.999912667383762,7,-20,-20.0148217289283,0.0148217289282542,0,FLOAT
"all_antagonistic_(3,3,3)",3,3,3,0.99992373014141,7,-20,-20.0129435286333,0.0129435286333184,0,FLOAT
"all_antagonistic_(3,3,3)",3,3,3,0.999933391537092,7,-20,-20.0113034074053,0.0113034074052827,0,FLOAT
"all_antagonistic_(3,3,3)",3,3,3,0.999941829086706,7,-20,-20.0098711688173,0.00987116881728767,0,FLOAT
"all_antagonistic_(3,3,3)",3,3,3,0.999949197819531,7,-20,-20.0086204505713,0.00862045057133543,0,FLOAT
"all_antagonistic_(3,3,3)",3,3,3,0.99995563312669,7,-20,-20.0075282366696,0.00752823666956459,0,FLOAT
"all_antagonistic_(3,3,3)",3,3,3,0.999961253248795,7,-20,-20.0065744318902,0.00657443189019347,0,FLOAT
"all_antagonistic_(3,3,3)",3,3,3,0.999966161448466,7,-20,-20.0057414905547,0.00574149055472262,0,FLOAT
"all_antagonistic_(3,3,3)",3,3,3,0.999970447907648,7,-20,-20.0050140926166,0.00501409261661578,0,FLOAT
"all_antagonistic_(3,3,3)",3,3,3,0.999974191384596,7,-20,-20.0043788610072,0.00437886100715801,0,FLOAT
"all_antagonistic_(3,3,3)",3,3,3,0.999977460660953,7,-20,-20.0038241149581,0.00382411495814594,0,FLOAT
"all_antagonistic_(3,3,3)",3,3,3,0.999980315805527,7,-20,-20.0033396547032,0.00333965470322539,0,FLOAT
"all_antagonistic_(3,3,3)",3,3,3,0.999982809277981,7,-20,-20.0029165735525,0.00291657355254316,0,FLOAT
"all_antagonistic_(3,3,3)",3,3,3,0.999984986892711,7,-20,-20.0025470938485,0.00254709384846308,0,FLOAT
"all_antagonistic_(3,3,3)",3,3,3,0.999986888660626,7,-20,-20.0022244237597,0.00222442375969933,0,FLOAT
"all_antagonistic_(3,3,3)",3,3,3,0.999988549524301,7,-20,-20.0019426322605,0.00194263226047653,0,FLOAT
"all_antagonistic_(3,3,3)",3,3,3,0.99999,7,-20,-20.0016965399802,0.00169653998020891,0,FLOAT
"all_antagonistic_(3,3,3)",3,3,3,0.999991266738376,7,-20,-20.0014816239056,0.00148162390556195,0,FLOAT
"all_antagonistic_(3,3,3)",3,3,3,0.999992373014141,7,-20,-20.0012939341738,0.00129393417375923,0,FLOAT
"all_antagonistic_(3,3,3)",3,3,3,0.999993339153709,7,-20,-20.0011300214214,0.00113002142139607,0,FLOAT
"all_antagonistic_(3,3,3)",3,3,3,0.999994182908671,7,-20,-20.0009868733473,0.000986873347326167,0,FLOAT
"all_antagonistic_(3,3,3)",3,3,3,0.999994919781953,7,-20,-20.0008618593204,0.00086185932036642,0,FLOAT
"all_antagonistic_(3,3,3)",3,3,3,0.999995563312669,7,-20,-20.0007526820102,0.000752682010169536,0,FLOAT
"all_antagonistic_(3,3,3)",3,3,3,0.99999612532488,7,-20,-20.0006573351505,0.00065733515050681,0,FLOAT
"all_antagonistic_(3,3,3)",3,3,3,0.999996616144847,7,-20,-20.0005740666566,0.000574066656604089,0,FLOAT
"all_antagonistic_(3,3,3)",3,3,3,0.999997044790765,7,-20,-20.0005013464174,0.000501346417447479,0,FLOAT
"all_antagonistic_(3,3,3)",3,3,3,0.99999741913846,7,-20,-20.0004378381704,0.0004378381703809,0,FLOAT
"all_antagonistic_(3,3,3)",3,3,3,0.999997746066095,7,-20,-20.00038237494,0.000382374939984942,0,FLOAT
"all_antagonistic_(3,3,3)",3,3,3,0.999998031580553,7,-20,-20.0003339375896,0.000333937589637401,0,FLOAT
"all_antagonistic_(3,3,3)",3,3,3,0.999998280927798,7,-20,-20.000291636091,0.000291636090960168,0,FLOAT
"all_antagonistic_(3,3,3)",3,3,3,0.999998498689271,7,-20,-20.0002546931668,0.000254693166763076,0,FLOAT
"all_antagonistic_(3,3,3)",3,3,3,0.999998688866063,7,-20,-20.0002224300066,0.000222430006573404,0,FLOAT
"all_antagonistic_(3,3,3)",3,3,3,0.99999885495243,7,-20,-20.000194253792,0.000194253792002996,0,FLOAT
"all_antagonistic_(3,3,3)",3,3,3,0.999999,7,-20,-20.0001696468027,0.000169646802742562,0,FLOAT
"all_antagonistic_(3,3,3)",3,3,3,0.999999126673838,7,-20,-20.0001481569028,0.000148156902753271,0,FLOAT
"all_antagonistic_(3,3,3)",3,3,3,0.999999237301414,7,-20,-20.0001293892319,0.000129389231872779,0,FLOAT
"all_antagonistic_(3,3,3)",3,3,3,0.999999333915371,7,-20,-20.0001129989499,0.000112998949873599,0,FLOAT
"all_antagonistic_(3,3,3)",3,3,3,0.999999418290867,7,-20,-20.0000986849,9.8684900009971e-05,0,FLOAT
"all_antagonistic_(3,3,3)",3,3,3,0.999999491978195,7,-20,-20.0000861840751,8.61840750907561e-05,0,FLOAT
"all_antagonistic_(3,3,3)",3,3,3,0.999999556331267,7,-20,-20.0000752667847,7.52667847230271e-05,0,FLOAT
"all_antagonistic_(3,3,3)",3,3,3,0.999999612532488,7,-20,-20.0000657324349,6.57324348765087e-05,0,FLOAT
"all_antagonistic_(3,3,3)",3,3,3,0.999999661614485,7,-20,-20.0000574058418,5.74058418081336e-05,0,FLOAT
"all_antagonistic_(3,3,3)",3,3,3,0.999999704479076,7,-20,-20.0000501340134,5.01340133922668e-05,0,FLOAT
"all_antagonistic_(3,3,3)",3,3,3,0.999999741913846,7,-20,-20.0000437833378,4.37833377908703e-05,0,FLOAT
"all_antagonistic_(3,3,3)",3,3,3,0.999999774606609,7,-20,-20.0000382371285,3.82371284786132e-05,0,FLOAT
"all_antagonistic_(3,3,3)",3,3,3,0.999999803158055,7,-20,-20.0000333934802,3.33934801872715e-05,0,FLOAT
"all_antagonistic_(3,3,3)",3,3,3,0.99999982809278,7,-20,-20.0000291633965,2.91633964870641e-05,0,FLOAT
"all_antagonistic_(3,3,3)",3,3,3,0.999999849868927,7,-20,-20.0000254691545,2.54691545151786e-05,0,FLOAT
"all_antagonistic_(3,3,3)",3,3,3,0.999999868886606,7,-20,-20.000022242877,2.22428769625083e-05,0,FLOAT
"all_antagonistic_(3,3,3)",3,3,3,0.999999885495243,7,-20,-20.0000194252849,1.94252848899623e-05,0,FLOAT
"all_antagonistic_(3,3,3)",3,3,3,0.9999999,7,-20,-20.0000169646083,1.69646083278963e-05,0,FLOAT
"all_antagonistic_(3,3,3)",3,3,3,0.999999912667384,7,-20,-20.0000148156354,1.48156354100593e-05,0,FLOAT
"all_antagonistic_(3,3,3)",3,3,3,0.999999923730141,7,-20,-20.0000129388813,1.2938881340574e-05,0,FLOAT
"all_antagonistic_(3,3,3)",3,3,3,0.999999933391537,7,-20,-20.0000112998631,1.12998630719119e-05,0,FLOAT
"all_antagonistic_(3,3,3)",3,3,3,0.999999941829087,7,-20,-20.0000098684657,9.86846566775057e-06,0,FLOAT
"all_antagonistic_(3,3,3)",3,3,3,0.99999994919782,7,-20,-20.0000086183889,8.61838894650191e-06,0,FLOAT
"all_antagonistic_(3,3,3)",3,3,3,0.999999955633127,7,-20,-20.0000075266643,7.5266643122518e-06,0,FLOAT
"all_antagonistic_(3,3,3)",3,3,3,0.999999961253249,7,-20,-20.0000065732327,6.57323268882237e-06,0,FLOAT
"all_antagonistic_(3,3,3)",3,3,3,0.999999966161448,7,-20,-20.000005740576,5.74057595414956e-06,0,FLOAT
"all_antagonistic_(3,3,3)",3,3,3,0.999999970447908,7,-20,-20.0000050133951,5.01339506442378e-06,0,FLOAT
"all_antagonistic_(3,3,3)",3,3,3,0.999999974191385,7,-20,-20.000004378329,4.37832898114721e-06,0,FLOAT
"all_antagonistic_(3,3,3)",3,3,3,0.999999977460661,7,-20,-20.0000038237092,3.82370921059305e-06,0,FLOAT
"all_antagonistic_(3,3,3)",3,3,3,0.999999980315806,7,-20,-20.0000033393453,3.33934525542645e-06,0,FLOAT
"all_antagonistic_(3,3,3)",3,3,3,0.999999982809278,7,-20,-20.0000029163375,2.91633753235487e-06,0,FLOAT
"all_antagonistic_(3,3,3)",3,3,3,0.999999984986893,7,-20,-20.0000025469138,2.54691384427019e-06,0,FLOAT
"all_antagonistic_(3,3,3)",3,3,3,0.999999986888661,7,-20,-20.0000022242865,2.22428646523554e-06,0,FLOAT
"all_antagonistic_(3,3,3)",3,3,3,0.999999988549524,7,-20,-20.0000019425275,1.94252753260571e-06,0,FLOAT
"all_antagonistic_(3,3,3)",3,3,3,0.99999999,7,-20,-20.0000016964601,1.69646013503666e-06,0,FLOAT
"antagonistic_mixed_(1.5,4,2)",1.5,4,2,0.666666676666667,5.5,-16.0199353501965,-1.67583909654054e+23,1.67583909654054e+23,0,FLOAT
"antagonistic_mixed_(1.5,4,2)",1.5,4,2,0.66666667726311,5.5,-16.0199353501965,-1.40848402258667e+23,1.40848402258667e+23,0,FLOAT
"antagonistic_mixed_(1.5,4,2)",1.5,4,2,0.666666677895128,5.5,-16.0199353501965,-1.1837815049669e+23,1.1837815049669e+23,0,FLOAT
"antagonistic_mixed_(1.5,4,2)",1.5,4,2,0.666666678564843,5.5,-16.0199353501965,-9.94926880292511e+22,9.94926880292511e+22,0,FLOAT
"antagonistic_mixed_(1.5,4,2)",1.5,4,2,0.666666679274502,5.5,-16.0199353501965,-8.36201209185498e+22,8.36201209185498e+22,0,FLOAT
"antagonistic_mixed_(1.5,4,2)",1.5,4,2,0.666666680026488,5.5,-16.0199353501965,-7.02797786808911e+22,7.02797786808911e+22,0,FLOAT
"antagonistic_mixed_(1.5,4,2)",1.5,4,2,0.666666680823326,5.5,-16.0199353501965,-5.90676925131696e+22,5.90676925131696e+22,0,FLOAT
"antagonistic_mixed_(1.5,4,2)",1.5,4,2,0.666666681667691,5.5,-16.0199353501965,-4.96443274334874e+22,4.96443274334874e+22,0,FLOAT
"antagonistic_mixed_(1.5,4,2)",1.5,4,2,0.666666682562417,5.5,-16.0199353501965,-4.17243173455329e+22,4.17243173455329e+22,0,FLOAT
"antagonistic_mixed_(1.5,4,2)",1.5,4,2,0.666666683510509,5.5,-16.0199353501965,-3.50678265757852e+22,3.50678265757852e+22,0,FLOAT
"antagonistic_mixed_(1.5,4,2)",1.5,4,2,0.666666684515149,5.5,-16.0199353501965,-2.94732796193158e+22,2.94732796193158e+22,0,FLOAT
"antagonistic_mixed_(1.5,4,2)",1.5,4,2,0.66666668557971,5.5,-16.0199353501965,-2.47712586841405e+22,2.47712586841405e+22,0,FLOAT
"antagonistic_mixed_(1.5,4,2)",1.5,4,2,0.666666686707767,5.5,-16.0199353501965,-2.08193757431422e+22,2.08193757431422e+22,0,FLOAT
"antagonistic_mixed_(1.5,4,2)",1.5,4,2,0.666666687903105,5.5,-16.0199353501965,-1.74979558187e+22,1.74979558187e+22,0,FLOAT
"antagonistic_mixed_(1.5,4,2)",1.5,4,2,0.666666689169739,5.5,-16.0199353501965,-1.47064189203761e+22,1.47064189203761e+22,0,FLOAT
"antagonistic_mixed_(1.5,4,2)",1.5,4,2,0.66666669051192,5.5,-16.0199353501965,-1.23602299572838e+22,1.23602299572838e+22,0,FLOAT
"antagonistic_mixed_(1.5,4,2)",1.5,4,2,0.666666691934155,5.5,-16.0199353501965,-1.0388340400621e+22,1.0388340400621e+22,0,FLOAT
"antagonistic_mixed_(1.5,4,2)",1.5,4,2,0.666666693441218,5.5,-16.0199353501965,-8.73103620786319e+21,8.73103620786319e+21,0,FLOAT
"antagonistic_mixed_(1.5,4,2)",1.5,4,2,0.666666695038169,5.5,-16.0199353501965,-7.33813006732405e+21,7.33813006732405e+21,0,FLOAT
"antagonistic_mixed_(1.5,4,2)",1.5,4,2,0.666666696730369,5.5,-16.0199353501965,-6.16744133613303e+21,6.16744133613303e+21,0,FLOAT
"antagonistic_mixed_(1.5,4,2)",1.5,4,2,0.666666698523499,5.5,-16.0199353501965,-5.18351846417196e+21,5.18351846417196e+21,0,FLOAT
"antagonistic_mixed_(1.5,4,2)",1.5,4,2,0.666666700423579,5.5,-16.0199353501965,-4.35656569745553e+21,4.35656569745553e+21,0,FLOAT
"antagonistic_mixed_(1.5,4,2)",1.5,4,2,0.666666702436989,5.5,-16.0199353501965,-3.661540845677e+21,3.661540845677e+21,0,FLOAT
"antagonistic_mixed_(1.5,4,2)",1.5,4,2,0.666666704570486,5.5,-16.0199353501965,-3.07739688234125e+21,3.07739688234125e+21,0,FLOAT
"antagonistic_mixed_(1.5,4,2)",1.5,4,2,0.666666706831235,5.5,-16.0199353501965,-2.58644429487455e+21,2.58644429487455e+21,0,FLOAT
"antagonistic_mixed_(1.5,4,2)",1.5,4,2,0.666666709226825,5.5,-16.0199353501965,-2.17381584571133e+21,2.17381584571133e+21,0,FLOAT
"antagonistic_mixed_(1.5,4,2)",1.5,4,2,0.666666711765299,5.5,-16.0199353501965,-1.82701609937308e+21,1.82701609937308e+21,0,FLOAT
"antagonistic_mixed_(1.5,4,2)",1.5,4,2,0.666666714455177,5.5,-16.0199353501965,-1.53554306641066e+21,1.53554306641066e+21,0,FLOAT
"antagonistic_mixed_(1.5,4,2)",1.5,4,2,0.666666717305492,5.5,-16.0199353501965,-1.29057017825143e+21,1.29057017825143e+21,0,FLOAT
"antagonistic_mixed_(1.5,4,2)",1.5,4,2,0.666666720325813,5.5,-16.0199353501965,-1.08467903936307e+21,1.08467903936307e+21,0,FLOAT
"antagonistic_mixed_(1.5,4,2)",1.5,4,2,0.666666723526278,5.5,-16.0199353501965,-9.11634760887191e+20,9.11634760887191e+20,0,FLOAT
"antagonistic_mixed_(1.5,4,2)",1.5,4,2,0.666666726917633,5.5,-16.0199353501965,-7.66197095082375e+20,7.66197095082375e+20,0,FLOAT
"antagonistic_mixed_(1.5,4,2)",1.5,4,2,0.666666730511263,5.5,-16.0199353501965,-6.43961840305846e+20,6.43961840305846e+20,0,FLOAT
"antagonistic_mixed_(1.5,4,2)",1.5,4,2,0.666666734319233,5.5,-16.0199353501965,-5.41227382439129e+20,5.41227382439129e+20,0,FLOAT
"antagonistic_mixed_(1.5,4,2)",1.5,4,2,0.666666738354327,5.5,-16.0199353501965,-4.54882671790859e+20,4.54882671790859e+20,0,FLOAT
"antagonistic_mixed_(1.5,4,2)",1.5,4,2,0.666666742630091,5.5,-16.0199353501965,-3.82312961518151e+20,3.82312961518151e+20,0,FLOAT
"antagonistic_mixed_(1.5,4,2)",1.5,4,2,0.66666674716088,5.5,-16.0199353501965,-3.21320663286607e+20,3.21320663286607e+20,0,FLOAT
"antagonistic_mixed_(1.5,4,2)",1.5,4,2,0.666666751961906,5.5,-16.0199353501965,-2.70058771136576e+20,2.70058771136576e+20,0,FLOAT
"antagonistic_mixed_(1.5,4,2)",1.5,4,2,0.666666757049286,5.5,-16.0199353501965,-2.26974947411007e+20,2.26974947411007e+20,0,FLOAT
"antagonistic_mixed_(1.5,4,2)",1.5,4,2,0.666666762440099,5.5,-16.0199353501965,-1.90764502223306e+20,1.90764502223306e+20,0,FLOAT
"antagonistic_mixed_(1.5,4,2)",1.5,4,2,0.666666768152444,5.5,-16.0199353501965,-1.60330888273148e+20,1.60330888273148e+20,0,FLOAT
"antagonistic_mixed_(1.5,4,2)",1.5,4,2,0.666666774205498,5.5,-16.0199353501965,-1.34752502831292e+20,1.34752502831292e+20,0,FLOAT
"antagonistic_mixed_(1.5,4,2)",1.5,4,2,0.666666780619582,5.5,-16.0199353501965,-1.13254764337563e+20,1.13254764337563e+20,0,FLOAT
"antagonistic_mixed_(1.5,4,2)",1.5,4,2,0.66666678741623,5.5,-16.0199353501965,-9.51866681823556e+19,9.51866681823556e+19,0,FLOAT
"antagonistic_mixed_(1.5,4,2)",1.5,4,2,0.66666679461826,5.5,-16.0199353501965,-8.00010652878489e+19,8.00010652878489e+19,0,FLOAT
"antagonistic_mixed_(1.5,4,2)",1.5,4,2,0.666666802249851,5.5,-16.0199353501965,-6.72380975415303e+19,6.72380975415303e+19,0,FLOAT
"antagonistic_mixed_(1.5,4,2)",1.5,4,2,0.666666810336623,5.5,-16.0199353501965,-5.65112699206879e+19,5.65112699206879e+19,0,FLOAT
"antagonistic_mixed_(1.5,4,2)",1.5,4,2,0.666666818905725,5.5,-16.0199353501965,-4.74957466118847e+19,4.74957466118847e+19,0,FLOAT
"antagonistic_mixed_(1.5,4,2)",1.5,4,2,0.666666827985925,5.5,-16.0199353501965,-3.99185146449755e+19,3.99185146449755e+19,0,FLOAT
"antagonistic_mixed_(1.5,4,2)",1.5,4,2,0.666666837607709,5.5,-16.0199353501965,-3.35501163474073e+19,3.35501163474073e+19,0,FLOAT
"antagonistic_mixed_(1.5,4,2)",1.5,4,2,0.666666847803377,5.5,-16.0199353501965,-2.81977002569818e+19,2.81977002569818e+19,0,FLOAT
"antagonistic_mixed_(1.5,4,2)",1.5,4,2,0.66666685860716,5.5,-16.0199353501965,-2.36991817334982e+19,2.36991817334982e+19,0,FLOAT
"antagonistic_mixed_(1.5,4,2)",1.5,4,2,0.666666870055327,5.5,-16.0199353501965,-1.99183343207631e+19,1.99183343207631e+19,0,FLOAT
"antagonistic_mixed_(1.5,4,2)",1.5,4,2,0.666666882186313,5.5,-16.0199353501965,-1.67406642603666e+19,1.67406642603666e+19,0,FLOAT
"antagonistic_mixed_(1.5,4,2)",1.5,4,2,0.666666895040844,5.5,-16.0199353501965,-1.40699436500653e+19,1.40699436500653e+19,0,FLOAT
"antagonistic_mixed_(1.5,4,2)",1.5,4,2,0.666666908662074,5.5,-16.0199353501965,-1.18252963701139e+19,1.18252963701139e+19,0,FLOAT
"antagonistic_mixed_(1.5,4,2)",1.5,4,2,0.666666923095735,5.5,-16.0199353501965,-9.93874878986229e+18,9.93874878986229e+18,0,FLOAT
"antagonistic_mixed_(1.5,4,2)",1.5,4,2,0.666666938390282,5.5,-16.0199353501965,-8.35317148864381e+18,8.35317148864381e+18,0,FLOAT
"antagonistic_mixed_(1.5,4,2)",1.5,4,2,0.666666954597062,5.5,-16.0199353501965,-7.02054916004875e+18,7.02054916004875e+18,0,FLOAT
"antagonistic_mixed_(1.5,4,2)",1.5,4,2,0.666666971770485,5.5,-16.0199353501965,-5.90052667500714e+18,5.90052667500714e+18,0,FLOAT
"antagonistic_mixed_(1.5,4,2)",1.5,4,2,0.666666989968206,5.5,-16.0199353501965,-4.95918688677839e+18,4.95918688677839e+18,0,FLOAT
"antagonistic_mixed_(1.5,4,2)",1.5,4,2,0.666667009251318,5.5,-16.0199353501965,-4.16802367685265e+18,4.16802367685265e+18,0,FLOAT
"antagonistic_mixed_(1.5,4,2)",1.5,4,2,0.666667029684559,5.5,-16.0199353501965,-3.50307862985599e+18,3.50307862985599e+18,0,FLOAT
"antagonistic_mixed_(1.5,4,2)",1.5,4,2,0.666667051336528,5.5,-16.0199353501965,-2.94421552887601e+18,2.94421552887601e+18,0,FLOAT
"antagonistic_mixed_(1.5,4,2)",1.5,4,2,0.666667074279914,5.5,-16.0199353501965,-2.47451060398122e+18,2.47451060398122e+18,0,FLOAT
"antagonistic_mixed_(1.5,4,2)",1.5,4,2,0.666667098591744,5.5,-16.0199353501965,-2.07974000292701e+18,2.07974000292701e+18,0,FLOAT
"antagonistic_mixed_(1.5,4,2)",1.5,4,2,0.666667124353638,5.5,-16.0199353501965,-1.74794908634082e+18,1.74794908634082e+18,0,FLOAT
"antagonistic_mixed_(1.5,4,2)",1.5,4,2,0.666667151652083,5.5,-16.0199353501965,-1.46909039408271e+18,1.46909039408271e+18,0,FLOAT
"antagonistic_mixed_(1.5,4,2)",1.5,4,2,0.666667180578726,5.5,-16.0199353501965,-1.23471938659161e+18,1.23471938659161e+18,0,FLOAT
"antagonistic_mixed_(1.5,4,2)",1.5,4,2,0.66666721123068,5.5,-16.0199353501965,-1.03773872458095e+18,1.03773872458095e+18,0,FLOAT
"antagonistic_mixed_(1.5,4,2)",1.5,4,2,0.66666724371085,5.5,-16.0199353501965,-8.72183343108102e+17,8.72183343108102e+17,0,FLOAT
"antagonistic_mixed_(1.5,4,2)",1.5,4,2,0.666667278128279,5.5,-16.0199353501965,-7.33039811611349e+17,7.33039811611349e+17,0,FLOAT
"antagonistic_mixed_(1.5,4,2)",1.5,4,2,0.666667314598514,5.5,-16.0199353501965,-6.16094520141554e+17,6.16094520141554e+17,0,FLOAT
"antagonistic_mixed_(1.5,4,2)",1.5,4,2,0.666667353243992,5.5,-16.0199353501965,-5.17806073336824e+17,5.17806073336824e+17,0,FLOAT
"antagonistic_mixed_(1.5,4,2)",1.5,4,2,0.666667394194455,5.5,-16.0199353501965,-4.35198054020937e+17,4.35198054020937e+17,0,FLOAT
"antagonistic_mixed_(1.5,4,2)",1.5,4,2,0.666667437587381,5.5,-16.0199353501965,-3.65768887488737e+17,3.65768887488737e+17,0,FLOAT
"antagonistic_mixed_(1.5,4,2)",1.5,4,2,0.666667483568452,5.5,-16.0199353501965,-3.07416087013575e+17,3.07416087013575e+17,0,FLOAT
"antagonistic_mixed_(1.5,4,2)",1.5,4,2,0.666667532292033,5.5,-16.0199353501965,-2.58372585907196e+17,2.58372585907196e+17,0,FLOAT
"antagonistic_mixed_(1.5,4,2)",1.5,4,2,0.666667583921701,5.5,-16.0199353501965,-2.17153226786916e+17,2.17153226786916e+17,0,FLOAT
"antagonistic_mixed_(1.5,4,2)",1.5,4,2,0.666667638630787,5.5,-16.0199353501965,-1.82509786484948e+17,1.82509786484948e+17,0,FLOAT
"antagonistic_mixed_(1.5,4,2)",1.5,4,2,0.666667696602962,5.5,-16.0199353501965,-1.5339317702227e+17,1.5339317702227e+17,0,FLOAT
"antagonistic_mixed_(1.5,4,2)",1.5,4,2,0.66666775803285,5.5,-16.0199353501965,-1.28921676427936e+17,1.28921676427936e+17,0,FLOAT
"antagonistic_mixed_(1.5,4,2)",1.5,4,2,0.666667823126684,5.5,-16.0199353501965,-1.08354228228922e+17,1.08354228228922e+17,0,FLOAT
"antagonistic_mixed_(1.5,4,2)",1.5,4,2,0.666667892102997,5.5,-16.0199353501965,-9.10680003543764e+16,9.10680003543764e+16,0,FLOAT
"antagonistic_mixed_(1.5,4,2)",1.5,4,2,0.666667965193359,5.5,-16.0199353501965,-7.65395240538946e+16,7.65395240538946e+16,0,FLOAT
"antagonistic_mixed_(1.5,4,2)",1.5,4,2,0.666668042643148,5.5,-16.0199353501965,-6.43288421822344e+16,6.43288421822344e+16,0,FLOAT
"antagonistic_mixed_(1.5,4,2)",1.5,4,2,0.66666812471238,5.5,-16.0199353501965,-5.40661859911412e+16,5.40661859911412e+16,0,FLOAT
"antagonistic_mixed_(1.5,4,2)",1.5,4,2,0.666668211676578,5.5,-16.0199353501965,-4.54407777996448e+16,4.54407777996448e+16,0,FLOAT
"antagonistic_mixed_(1.5,4,2)",1.5,4,2,0.666668303827701,5.5,-16.0199353501965,-3.81914197445844e+16,3.81914197445844e+16,0,FLOAT
"antagonistic_mixed_(1.5,4,2)",1.5,4,2,0.666668401475117,5.5,-16.0199353501965,-3.20985841403189e+16,3.20985841403189e+16,0,FLOAT
"antagonistic_mixed_(1.5,4,2)",1.5,4,2,0.666668504946651,5.5,-16.0199353501965,-2.69777655825107e+16,2.69777655825107e+16,0,FLOAT
"antagonistic_mixed_(1.5,4,2)",1.5,4,2,0.666668614589678,5.5,-16.0199353501965,-2.26738936991358e+16,2.26738936991358e+16,0,FLOAT
"antagonistic_mixed_(1.5,4,2)",1.5,4,2,0.666668730772293,5.5,-16.0199353501965,-1.90566372341117e+16,1.90566372341117e+16,0,FLOAT
"antagonistic_mixed_(1.5,4,2)",1.5,4,2,0.666668853884545,5.5,-16.0199353501965,-1.601645729279e+16,1.601645729279e+16,0,FLOAT
"antagonistic_mixed_(1.5,4,2)",1.5,4,2,0.666668984339748,5.5,-16.0199353501965,-1.34612902305919e+16,1.34612902305919e+16,0,FLOAT
"antagonistic_mixed_(1.5,4,2)",1.5,4,2,0.666669122575868,5.5,-16.0199353501965,-1.13137597621945e+16,1.13137597621945e+16,0,FLOAT
"antagonistic_mixed_(1.5,4,2)",1.5,4,2,0.666669269056992,5.5,-16.0199353501965,-9.50883379126646e+15,9.50883379126645e+15,0,FLOAT
"antagonistic_mixed_(1.5,4,2)",1.5,4,2,0.666669424274889,5.5,-16.0199353501965,-7.99185510260599e+15,7.99185510260598e+15,0,FLOAT
"antagonistic_mixed_(1.5,4,2)",1.5,4,2,0.666669588750657,5.5,-16.0199353501965,-6.71688619351247e+15,6.71688619351246e+15,0,FLOAT
"antagonistic_mixed_(1.5,4,2)",1.5,4,2,0.666669763036477,5.5,-16.0199353501965,-5.64531818668703e+15,5.64531818668701e+15,0,FLOAT
"antagonistic_mixed_(1.5,4,2)",1.5,4,2,0.666669947717462,5.5,-16.0199353501965,-4.74470165476298e+15,4.74470165476296e+15,0,FLOAT
"antagonistic_mixed_(1.5,4,2)",1.5,4,2,0.666670143413626,5.5,-16.0199353501965,-3.98776397372711e+15,3.9877639737271e+15,0,FLOAT
"antagonistic_mixed_(1.5,4,2)",1.5,4,2,0.666670350781961,5.5,-16.0199353501965,-3.35158344803093e+15,3.35158344803091e+15,0,FLOAT
"antagonistic_mixed_(1.5,4,2)",1.5,4,2,0.666670570518648,5.5,-16.0199353501965,-2.81689518130123e+15,2.81689518130121e+15,0,FLOAT
"antagonistic_mixed_(1.5,4,2)",1.5,4,2,0.666670803361388,5.5,-16.0199353501965,-2.36750769205294e+15,2.36750769205292e+15,0,FLOAT
"antagonistic_mixed_(1.5,4,2)",1.5,4,2,0.666671050091883,5.5,-16.0199353501965,-1.98981259791981e+15,1.9898125979198e+15,0,FLOAT
"antagonistic_mixed_(1.5,4,2)",1.5,4,2,0.66667131153846,5.5,-16.0199353501965,-1.67237252166179e+15,1.67237252166177e+15,0,FLOAT
"antagonistic_mixed_(1.5,4,2)",1.5,4,2,0.666671588578849,5.5,-16.0199353501965,-1.4055747403749e+15,1.40557474037489e+15,0,FLOAT
"antagonistic_mixed_(1.5,4,2)",1.5,4,2,0.666671882143135,5.5,-16.0199353501965,-1.18134009040861e+15,1.18134009040859e+15,0,FLOAT
"antagonistic_mixed_(1.5,4,2)",1.5,4,2,0.666672193216873,5.5,-16.0199353501965,-992878311718232,992878311718216,0,FLOAT
"antagonistic_mixed_(1.5,4,2)",1.5,4,2,0.666672522844405,5.5,-16.0199353501965,-834482422902417,834482422902401,0,FLOAT
"antagonistic_mixed_(1.5,4,2)",1.5,4,2,0.666672872132358,5.5,-16.0199353501965,-701355901165778,701355901165762,0,FLOAT
"antagonistic_mixed_(1.5,4,2)",1.5,4,2,0.666673242253367,5.5,-16.0199353501965,-589467432904316,589467432904300,0,FLOAT
"antagonistic_mixed_(1.5,4,2)",1.5,4,2,0.666673634450005,5.5,-16.0199353501965,-495428836256682,495428836256666,0,FLOAT
"antagonistic_mixed_(1.5,4,2)",1.5,4,2,0.66667405003896,5.5,-16.0199353501965,-416392459617118,416392459617102,0,FLOAT
"antagonistic_mixed_(1.5,4,2)",1.5,4,2,0.66667449041545,5.5,-16.0199353501965,-349964948566196,349964948566180,0,FLOAT
"antagonistic_mixed_(1.5,4,2)",1.5,4,2,0.666674957057912,5.5,-16.0199353501965,-294134769748865,294134769748849,0,FLOAT
"antagonistic_mixed_(1.5,4,2)",1.5,4,2,0.666675451532965,5.5,-16.0199353501965,-247211297351233,247211297351217,0,FLOAT
"antagonistic_mixed_(1.5,4,2)",1.5,4,2,0.666675975500663,5.5,-16.0199353501965,-207773617542981,207773617542965,0,FLOAT
"antagonistic_mixed_(1.5,4,2)",1.5,4,2,0.666676530720078,5.5,-16.0199353501965,-174627499988392,174627499988376,0,FLOAT
"antagonistic_mixed_(1.5,4,2)",1.5,4,2,0.666677119055197,5.5,-16.0199353501965,-146769234229947,146769234229931,0,FLOAT
"antagonistic_mixed_(1.5,4,2)",1.5,4,2,0.666677742481186,5.5,-16.0199353501965,-123355235240015,123355235239999,0,FLOAT
"antagonistic_mixed_(1.5,4,2)",1.5,4,2,0.666678403091018,5.5,-16.0199353501965,-103676497985066,103676497985050,0,FLOAT
"antagonistic_mixed_(1.5,4,2)",1.5,4,2,0.666679103102497,5.5,-16.0199353501965,-87137127347940,87137127347924,0,FLOAT
"antagonistic_mixed_(1.5,4,2)",1.5,4,2,0.666679844865711,5.5,-16.0199353501965,-73236293271144.1,73236293271128.1,0,FLOAT
"antagonistic_mixed_(1.5,4,2)",1.5,4,2,0.666680630870915,5.5,-16.0199353501965,-61553064653853.9,61553064653837.9,0,FLOAT
"antagonistic_mixed_(1.5,4,2)",1.5,4,2,0.666681463756893,5.5,-16.0199353501965,-51733662799039,51733662799023,0,FLOAT
"antagonistic_mixed_(1.5,4,2)",1.5,4,2,0.666682346319819,5.5,-16.0199353501965,-43480748328239.4,43480748328223.4,0,FLOAT
"antagonistic_mixed_(1.5,4,2)",1.5,4,2,0.666683281522644,5.5,-16.0199353501965,-36544417223475.5,36544417223459.5,0,FLOAT
"antagonistic_mixed_(1.5,4,2)",1.5,4,2,0.666684272505039,5.5,-16.0199353501965,-30714633301585.9,30714633301569.8,0,FLOAT
"antagonistic_mixed_(1.5,4,2)",1.5,4,2,0.666685322593942,5.5,-16.0199353501965,-25814867963052.1,25814867963036.1,0,FLOAT
"antagonistic_mixed_(1.5,4,2)",1.5,4,2,0.666686435314721,5.5,-16.0199353501965,-21696754620052,21696754620036,0,FLOAT
"antagonistic_mixed_(1.5,4,2)",1.5,4,2,0.666687614403016,5.5,-16.0199353501965,-18235595918994.9,18235595918978.9,0,FLOAT
"antagonistic_mixed_(1.5,4,2)",1.5,4,2,0.666688863817274,5.5,-16.0199353501965,-15326587719050.1,15326587719034.1,0,FLOAT
"antagonistic_mixed_(1.5,4,2)",1.5,4,2,0.666690187752041,5.5,-16.0199353501965,-12881645467488.6,12881645467472.6,0,FLOAT
"antagonistic_mixed_(1.5,4,2)",1.5,4,2,0.666691590652045,5.5,-16.0199353501965,-10826736877773.6,10826736877757.6,0,FLOAT
"antagonistic_mixed_(1.5,4,2)",1.5,4,2,0.666693077227118,5.5,-16.0199353501965,-9099640134727.79,9099640134711.77,0,FLOAT
"antagonistic_mixed_(1.5,4,2)",1.5,4,2,0.666694652468004,5.5,-16.0199353501965,-7648059740104.87,7648059740088.85,0,FLOAT
"antagonistic_mixed_(1.5,4,2)",1.5,4,2,0.66669632166312,5.5,-16.0199353501965,-6428042943408.47,6428042943392.45,0,FLOAT
"antagonistic_mixed_(1.5,4,2)",1.5,4,2,0.666698090416304,5.5,-16.0199353501965,-5402648805550.43,5402648805534.41,0,FLOAT
"antagonistic_mixed_(1.5,4,2)",1.5,4,2,0.666699964665634,5.5,-16.0199353501965,-4540829589888.02,4540829589872,0,FLOAT
"antagonistic_mixed_(1.5,4,2)",1.5,4,2,0.66670195070336,5.5,-16.0199353501965,-3816490608749.02,3816490608733,0,FLOAT
"antagonistic_mixed_(1.5,4,2)",1.5,4,2,0.666704055197027,5.5,-16.0199353501965,-3207700055560.66,3207700055544.64,0,FLOAT
"antagonistic_mixed_(1.5,4,2)",1.5,4,2,0.666706285211866,5.5,-16.0199353501965,-2696024894186.37,2696024894170.35,0,FLOAT
"antagonistic_mixed_(1.5,4,2)",1.5,4,2,0.666708648234505,5.5,-16.0199353501965,-2265972695499.14,2265972695483.12,0,FLOAT
"antagonistic_mixed_(1.5,4,2)",1.5,4,2,0.666711152198109,5.5,-16.0199353501965,-1904522519617.72,1904522519601.7,0,FLOAT
"antagonistic_mixed_(1.5,4,2)",1.5,4,2,0.666713805509012,5.5,-16.0199353501965,-1600730637264.9,1600730637248.88,0,FLOAT
"antagonistic_mixed_(1.5,4,2)",1.5,4,2,0.666716617074936,5.5,-16.0199353501965,-1345399151098.77,1345399151082.75,0,FLOAT
"antagonistic_mixed_(1.5,4,2)",1.5,4,2,0.6667195963349,5.5,-16.0199353501965,-1130797482763.76,1130797482747.74,0,FLOAT
"antagonistic_mixed_(1.5,4,2)",1.5,4,2,0.666722753290909,5.5,-16.0199353501965,-950428291600.718,950428291584.698,0,FLOAT
"antagonistic_mixed_(1.5,4,2)",1.5,4,2,0.666726098541527,5.5,-16.0199353501965,-798830736557.663,798830736541.643,0,FLOAT
"antagonistic_mixed_(1.5,4,2)",1.5,4,2,0.666729643317467,5.5,-16.0199353501965,-671415124077.987,671415124061.967,0,FLOAT
"antagonistic_mixed_(1.5,4,2)",1.5,4,2,0.666733399519287,5.5,-16.0199353501965,-564323934839.596,564323934823.576,0,FLOAT
"antagonistic_mixed_(1.5,4,2)",1.5,4,2,0.666737379757347,5.5,-16.0199353501965,-474315020961.434,474315020945.414,0,FLOAT
"antagonistic_mixed_(1.5,4,2)",1.5,4,2,0.666741597394146,5.5,-16.0199353501965,-398663436861.4,398663436845.38,0,FLOAT
"antagonistic_mixed_(1.5,4,2)",1.5,4,2,0.666746066589179,5.5,-16.0199353501965,-335078931071.316,335078931055.296,0,FLOAT
"antagonistic_mixed_(1.5,4,2)",1.5,4,2,0.666750802346474,5.5,-16.0199353501965,-281636600603.965,281636600587.945,0,FLOAT
"antagonistic_mixed_(1.5,4,2)",1.5,4,2,0.666755820564966,5.5,-16.0199353501965,-236718608006.285,236718607990.265,0,FLOAT
"antagonistic_mixed_(1.5,4,2)",1.5,4,2,0.666761138091871,5.5,-16.0199353501965,-198965196263.75,198965196247.731,0,FLOAT
"antagonistic_mixed_(1.5,4,2)",1.5,4,2,0.666766772779247,5.5,-16.0199353501965,-167233518262.815,167233518246.796,0,FLOAT
"antagonistic_mixed_(1.5,4,2)",1.5,4,2,0.666772743543927,5.5,-16.0199353501965,-140563034139.016,140563034122.996,0,FLOAT
"antagonistic_mixed_(1.5,4,2)",1.5,4,2,0.666779070431024,5.5,-16.0199353501965,-118146428730.923,118146428714.903,0,FLOAT
"antagonistic_mixed_(1.5,4,2)",1.5,4,2,0.666785774681232,5.5,-16.0199353501965,-99305168520.1107,99305168504.0907,0,FLOAT
"antagonistic_mixed_(1.5,4,2)",1.5,4,2,0.666792878802131,5.5,-16.0199353501965,-83468957914.4213,83468957898.4014,0,FLOAT
"antagonistic_mixed_(1.5,4,2)",1.5,4,2,0.66680040664375,5.5,-16.0199353501965,-70158472811.9409,70158472795.921,0,FLOAT
"antagonistic_mixed_(1.5,4,2)",1.5,4,2,0.666808383478639,5.5,-16.0199353501965,-58970848625.4525,58970848609.4326,0,FLOAT
"antagonistic_mixed_(1.5,4,2)",1.5,4,2,0.666816836086713,5.5,-16.0199353501965,-49567483346.5237,49567483330.5037,0,FLOAT
"antagonistic_mixed_(1.5,4,2)",1.5,4,2,0.666825792845157,5.5,-16.0199353501965,-41663786336.8843,41663786320.8644,0,FLOAT
"antagonistic_mixed_(1.5,4,2)",1.5,4,2,0.666835283823696,5.5,-16.0199353501965,-35020562443.5868,35020562427.5668,0,FLOAT
"antagonistic_mixed_(1.5,4,2)",1.5,4,2,0.666845340885544,5.5,-16.0199353501965,-29436770560.8853,29436770544.8653,0,FLOAT
"antagonistic_mixed_(1.5,4,2)",1.5,4,2,0.666855997794376,5.5,-16.0199353501965,-24743437375.3166,24743437359.2967,0,FLOAT
"antagonistic_mixed_(1.5,4,2)",1.5,4,2,0.666867290327678,5.5,-16.0199353501965,-20798542009.6386,20798541993.6187,0,FLOAT
"antagonistic_mixed_(1.5,4,2)",1.5,4,2,0.666879256396864,5.5,-16.0199353501965,-17482716682.1573,17482716666.1374,0,FLOAT
"antagonistic_mixed_(1.5,4,2)",1.5,4,2,0.666891936174548,5.5,-16.0199353501965,-14695633205.087,14695633189.067,0,FLOAT
"antagonistic_mixed_(1.5,4,2)",1.5,4,2,0.666905372229415,5.5,-16.0199353501965,-12352965912.2341,12352965896.2142,0,FLOAT
"antagonistic_mixed_(1.5,4,2)",1.5,4,2,0.666919609669129,5.5,-16.0199353501965,-10383839061.5802,10383839045.5602,0,FLOAT
"antagonistic_mixed_(1.5,4,2)",1.5,4,2,0.666934696291775,5.5,-16.0199353501965,-8728681426.48677,8728681410.46684,0,FLOAT
"antagonistic_mixed_(1.5,4,2)",1.5,4,2,0.666950682746323,5.5,-16.0199353501965,-7337423119.15055,7337423103.13061,0,FLOAT
"antagonistic_mixed_(1.5,4,2)",1.5,4,2,0.666967622702667,5.5,-16.0199353501965,-6167980052.34698,6167980036.32704,0,FLOAT
"antagonistic_mixed_(1.5,4,2)",1.5,4,2,0.666985573031808,5.5,-16.0199353501965,-5184980154.13685,5184980138.11692,0,FLOAT
"antagonistic_mixed_(1.5,4,2)",1.5,4,2,0.667004593996783,5.5,-16.0199353501965,-4358692771.1054,4358692755.08546,0,FLOAT
"antagonistic_mixed_(1.5,4,2)",1.5,4,2,0.667024749454976,5.5,-16.0199353501965,-3664128846.64163,3664128830.6217,0,FLOAT
"antagonistic_mixed_(1.5,4,2)",1.5,4,2,0.667046107072505,5.5,-16.0199353501965,-3080284632.54359,3080284616.52366,0,FLOAT
"antagonistic_mixed_(1.5,4,2)",1.5,4,2,0.667068738551391,5.5,-16.0199353501965,-2589506037.26204,2589506021.24211,0,FLOAT
"antagonistic_mixed_(1.5,4,2)",1.5,4,2,0.667092719870275,5.5,-16.0199353501965,-2176954367.09282,2176954351.07289,0,FLOAT
"antagonistic_mixed_(1.5,4,2)",1.5,4,2,0.667118131539495,5.5,-16.0199353501965,-1830157286.26415,1830157270.24421,0,FLOAT
"antagonistic_mixed_(1.5,4,2)",1.5,4,2,0.667145058871377,5.5,-16.0199353501965,-1538631402.07824,1538631386.0583,0,FLOAT
"antagonistic_mixed_(1.5,4,2)",1.5,4,2,0.667173592266644,5.5,-16.0199353501965,-1293565049.77987,1293565033.75994,0,FLOAT
"antagonistic_mixed_(1.5,4,2)",1.5,4,2,0.667203827517915,5.5,-16.0199353501965,-1087551674.38086,1087551658.36093,0,FLOAT
"antagonistic_mixed_(1.5,4,2)",1.5,4,2,0.667235866131295,5.5,-16.0199353501965,-914365738.584224,914365722.564289,0,FLOAT
"antagonistic_mixed_(1.5,4,2)",1.5,4,2,0.667269815667157,5.5,-16.0199353501965,-768774373.338656,768774357.318721,0,FLOAT
"antagonistic_mixed_(1.5,4,2)",1.5,4,2,0.667305790101244,5.5,-16.0199353501965,-646379069.701792,646379053.681856,0,FLOAT
"antagonistic_mixed_(1.5,4,2)",1.5,4,2,0.667343910207308,5.5,-16.0199353501965,-543482620.134822,543482604.114887,0,FLOAT
"antagonistic_mixed_(1.5,4,2)",1.5,4,2,0.667384303962572,5.5,-16.0199353501965,-456977281.751654,456977265.731719,0,FLOAT
"antagonistic_mixed_(1.5,4,2)",1.5,4,2,0.667427106977381,5.5,-16.0199353501965,-384250776.477093,384250760.457157,0,FLOAT
"antagonistic_mixed_(1.5,4,2)",1.5,4,2,0.66747246295047,5.5,-16.0199353501965,-323107283.054395,323107267.03446,0,FLOAT
"antagonistic_mixed_(1.5,4,2)",1.5,4,2,0.667520524151393,5.5,-16.0199353501965,-271701029.652545,271701013.632609,0,FLOAT
"antagonistic_mixed_(1.5,4,2)",1.5,4,2,0.667571451931725,5.5,-16.0199353501965,-228480477.275935,228480461.256,0,FLOAT
"antagonistic_mixed_(1.5,4,2)",1.5,4,2,0.667625417266748,5.5,-16.0199353501965,-192141404.749157,192141388.729221,0,FLOAT
"antagonistic_mixed_(1.5,4,2)",1.5,4,2,0.66768260132946,5.5,-16.0199353501965,-161587475.507853,161587459.487918,0,FLOAT
"antagonistic_mixed_(1.5,4,2)",1.5,4,2,0.667743196098802,5.5,-16.0199353501965,-135897092.891963,135897076.872028,0,FLOAT
"antagonistic_mixed_(1.5,4,2)",1.5,4,2,0.667807405004176,5.5,-16.0199353501965,-114295540.972075,114295524.95214,0,FLOAT
"antagonistic_mixed_(1.5,4,2)",1.5,4,2,0.667875443608401,5.5,-16.0199353501965,-96131567.9259282,96131551.9059929,0,FLOAT
"antagonistic_mixed_(1.5,4,2)",1.5,4,2,0.667947540331402,5.5,-16.0199353501965,-80857703.4358287,80857687.4158934,0,FLOAT
"antagonistic_mixed_(1.5,4,2)",1.5,4,2,0.668023937217061,5.5,-16.0199353501965,-68013714.5922384,68013698.572303,0,FLOAT
"antagonistic_mixed_(1.5,4,2)",1.5,4,2,0.668104890745814,5.5,-16.0199353501965,-57212699.7718235,57212683.7518881,0,FLOAT
"antagonistic_mixed_(1.5,4,2)",1.5,4,2,0.668190672695706,5.5,-16.0199353501965,-48129399.7926899,48129383.7727546,0,FLOAT
"antagonistic_mixed_(1.5,4,2)",1.5,4,2,0.66828157105481,5.5,-16.0199353501965,-40490372.7489209,40490356.7289856,0,FLOAT
"antagonistic_mixed_(1.5,4,2)",1.5,4,2,0.668377890988062,5.5,-16.0199353501965,-34065735.3223766,34065719.3024412,0,FLOAT
"antagonistic_mixed_(1.5,4,2)",1.5,4,2,0.668479955861763,5.5,-16.0199353501965,-28662220.7713245,28662204.7513891,0,FLOAT
"antagonistic_mixed_(1.5,4,2)",1.5,4,2,0.668588108329191,5.5,-16.0199353501965,-24117343.6351504,24117327.615215,0,FLOAT
"antagonistic_mixed_(1.5,4,2)",1.5,4,2,0.668702711480957,5.5,-16.0199353501965,-20294494.6804824,20294478.6605471,0,FLOAT
"antagonistic_mixed_(1.5,4,2)",1.5,4,2,0.668824150063978,5.5,-16.0199353501965,-17078817.7582123,17078801.738277,0,FLOAT
"antagonistic_mixed_(1.5,4,2)",1.5,4,2,0.668952831773153,5.5,-16.0199353501965,-14373743.8968815,14373727.8769461,0,FLOAT
"antagonistic_mixed_(1.5,4,2)",1.5,4,2,0.669089188620082,5.5,-16.0199353501965,-12098077.840265,12098061.8203296,0,FLOAT
"antagonistic_mixed_(1.5,4,2)",1.5,4,2,0.669233678383419,5.5,-16.0199353501965,-10183548.948452,10183532.9285166,0,FLOAT
"antagonistic_mixed_(1.5,4,2)",1.5,4,2,0.669386786145729,5.5,-16.0199353501965,-8572752.42792472,8572736.40798937,0,FLOAT
"antagonistic_mixed_(1.5,4,2)",1.5,4,2,0.669549025922018,5.5,-16.0199353501965,-7217418.6618781,7217402.64194275,0,FLOAT
"antagonistic_mixed_(1.5,4,2)",1.5,4,2,0.669720942385384,5.5,-16.0199353501965,-6076958.33518948,6076942.31525413,0,FLOAT
"antagonistic_mixed_(1.5,4,2)",1.5,4,2,0.669903112695601,5.5,-16.0199353501965,-5117239.3887337,5117223.36879835,0,FLOAT
"antagonistic_mixed_(1.5,4,2)",1.5,4,2,0.670096148436769,5.5,-16.0199353501965,-4309558.84819443,4309542.82825908,0,FLOAT
"antagonistic_mixed_(1.5,4,2)",1.5,4,2,0.670300697670525,5.5,-16.0199353501965,-3629778.46474078,3629762.44480543,0,FLOAT
"antagonistic_mixed_(1.5,4,2)",1.5,4,2,0.670517447111728,5.5,-16.0199353501965,-3057598.05765166,3057582.03771631,0,FLOAT
"antagonistic_mixed_(1.5,4,2)",1.5,4,2,0.670747124433902,5.5,-16.0199353501965,-2575944.6117723,2575928.59183695,0,FLOAT
"antagonistic_mixed_(1.5,4,2)",1.5,4,2,0.67099050071219,5.5,-16.0199353501965,-2170458.681733,2170442.66179765,0,FLOAT
"antagonistic_mixed_(1.5,4,2)",1.5,4,2,0.671248393012015,5.5,-16.0199353501965,-1829062.59589704,1829046.57596169,0,FLOAT
"antagonistic_mixed_(1.5,4,2)",1.5,4,2,0.671521667132144,5.5,-16.0199353501965,-1541597.42507586,1541581.40514051,0,FLOAT
"antagonistic_mixed_(1.5,4,2)",1.5,4,2,0.671811240511352,5.5,-16.0199353501965,-1299517.75895853,1299501.73902318,0,FLOAT
"antagonistic_mixed_(1.5,4,2)",1.5,4,2,0.67211808530846,5.5,-16.0199353501965,-1095635.0797663,1095619.05983095,0,FLOAT
"antagonistic_mixed_(1.5,4,2)",1.5,4,2,0.672443231666078,5.5,-16.0199353501965,-923901.990745179,923885.970809829,0,FLOAT
"antagonistic_mixed_(1.5,4,2)",1.5,4,2,0.672787771169006,5.5,-16.0199353501965,-779230.791136152,779214.771200801,0,FLOAT
"antagonistic_mixed_(1.5,4,2)",1.5,4,2,0.673152860508921,5.5,-16.0199353501965,-657340.92653878,657324.90660343,0,FLOAT
"antagonistic_mixed_(1.5,4,2)",1.5,4,2,0.673539725367628,5.5,-16.0199353501965,-554630.715502266,554614.695566915,0,FLOAT
"antagonistic_mixed_(1.5,4,2)",1.5,4,2,0.673949664531935,5.5,-16.0199353501965,-468069.486083594,468053.466148244,0,FLOAT
"antagonistic_mixed_(1.5,4,2)",1.5,4,2,0.674384054253956,5.5,-16.0199353501965,-395106.872192845,395090.852257495,0,FLOAT
"antagonistic_mixed_(1.5,4,2)",1.5,4,2,0.674844352871474,5.5,-16.0199353501965,-333596.53741271,333580.51747736,0,FLOAT
"antagonistic_mixed_(1.5,4,2)",1.5,4,2,0.675332105703892,5.5,-16.0199353501965,-281732.02930291,281716.009367559,0,FLOAT
"antagonistic_mixed_(1.5,4,2)",1.5,4,2,0.675848950240194,5.5,-16.0199353501965,-237992.833136099,237976.813200749,0,FLOAT
"antagonistic_mixed_(1.5,4,2)",1.5,4,2,0.676396621636343,5.5,-16.0199353501965,-201099.001624824,201082.981689474,0,FLOAT
"antagonistic_mixed_(1.5,4,2)",1.5,4,2,0.676976958540561,5.5,-16.0199353501965,-169972.995786972,169956.975851622,0,FLOAT
"antagonistic_mixed_(1.5,4,2)",1.5,4,2,0.677591909266059,5.5,-16.0199353501965,-143707.589475932,143691.569540582,0,FLOAT
"antagonistic_mixed_(1.5,4,2)",1.5,4,2,0.67824353833194,5.5,-16.0199353501965,-121538.87284061,121522.85290526,0,FLOAT
"antagonistic_mixed_(1.5,4,2)",1.5,4,2,0.678934033394218,5.5,-16.0199353501965,-102823.543601361,102807.523666011,0,FLOAT
"antagonistic_mixed_(1.5,4,2)",1.5,4,2,0.679665712590243,5.5,-16.0199353501965,-87019.8041726051,87003.7842372549,0,FLOAT
"antagonistic_mixed_(1.5,4,2)",1.5,4,2,0.680441032321174,5.5,-16.0199353501965,-73671.29123246,73655.2712971098,0,FLOAT
"antagonistic_mixed_(1.5,4,2)",1.5,4,2,0.681262595498641,5.5,-16.0199353501965,-62393.5556136129,62377.5356782627,0,FLOAT
"antagonistic_mixed_(1.5,4,2)",1.5,4,2,0.68213316028326,5.5,-16.0199353501965,-52862.687124396,52846.6671890458,0,FLOAT
"antagonistic_mixed_(1.5,4,2)",1.5,4,2,0.683055649344363,5.5,-16.0199353501965,-44805.7434218895,44789.7234865393,0,FLOAT
"antagonistic_mixed_(1.5,4,2)",1.5,4,2,0.684033159672015,5.5,-16.0199353501965,-37992.6962970211,37976.6763616709,0,FLOAT
"antagonistic_mixed_(1.5,4,2)",1.5,4,2,0.68506897297426,5.5,-16.0199353501965,-32229.6543329236,32213.6343975734,0,FLOAT
"antagonistic_mixed_(1.5,4,2)",1.5,4,2,0.686166566694507,5.5,-16.0199353501965,-27353.1592379048,27337.1393025546,0,FLOAT
"antagonistic_mixed_(1.5,4,2)",1.5,4,2,0.687329625686041,5.5,-16.0199353501965,-23225.3853904156,23209.3654550654,0,FLOAT
"antagonistic_mixed_(1.5,4,2)",1.5,4,2,0.68856205458285,5.5,-16.0199353501965,-19730.0992377879,19714.0793024377,0,FLOAT
"antagonistic_mixed_(1.5,4,2)",1.5,4,2,0.689867990908302,5.5,-16.0199353501965,-16769.2579806463,16753.2380452961,0,FLOAT
"antagonistic_mixed_(1.5,4,2)",1.5,4,2,0.691251818965688,5.5,-16.0199353501965,-14260.146138058,14244.1262027078,0,FLOAT
"antagonistic_mixed_(1.5,4,2)",1.5,4,2,0.692718184557244,5.5,-16.0199353501965,-12132.9647022407,12116.9447668905,0,FLOAT
"antagonistic_mixed_(1.5,4,2)",1.5,4,2,0.694272010581095,5.5,-16.0199353501965,-10328.8011417448,10312.7812063946,0,FLOAT
"antagonistic_mixed_(1.5,4,2)",1.5,4,2,0.695918513558455,5.5,-16.0199353501965,-8797.919906573,8781.8999712228,0,FLOAT
"antagonistic_mixed_(1.5,4,2)",1.5,4,2,0.697663221146592,5.5,-16.0199353501965,-7498.32267099693,7482.30273564673,0,FLOAT
"antagonistic_mixed_(1.5,4,2)",1.5,4,2,0.699511990696333,5.5,-16.0199353501965,-6394.53560832639,6378.51567297619,0,FLOAT
"antagonistic_mixed_(1.5,4,2)",1.5,4,2,0.701471028916427,5.5,-16.0199353501965,-5456.58776918506,5440.56783383486,0,FLOAT
"antagonistic_mixed_(1.5,4,2)",1.5,4,2,0.703546912710775,5.5,-16.0199353501965,-4659.15033482315,4643.13039947296,0,FLOAT
"antagonistic_mixed_(1.5,4,2)",1.5,4,2,0.705746611258478,5.5,-16.0199353501965,-3980.81131113096,3964.79137578076,0,FLOAT
"antagonistic_mixed_(1.5,4,2)",1.5,4,2,0.708077509410841,5.5,-16.0199353501965,-3403.46426141359,3387.4443260634,0,FLOAT
"antagonistic_mixed_(1.5,4,2)",1.5,4,2,0.710547432483875,5.5,-16.0199353501965,-2911.79306784244,2895.77313249224,0,FLOAT
"antagonistic_mixed_(1.5,4,2)",1.5,4,2,0.713164672529529,5.5,-16.0199353501965,-2492.83756469951,2476.81762934932,0,FLOAT
"antagonistic_mixed_(1.5,4,2)",1.5,4,2,0.715938016173855,5.5,-16.0199353501965,-2135.62728673671,2119.60735138651,0,FLOAT
"antagonistic_mixed_(1.5,4,2)",1.5,4,2,0.718876774115565,5.5,-16.0199353501965,-1830.87259521565,1814.85265986545,0,FLOAT
"antagonistic_mixed_(1.5,4,2)",1.5,4,2,0.721990812384003,5.5,-16.0199353501965,-1570.70414303695,1554.68420768676,0,FLOAT
"antagonistic_mixed_(1.5,4,2)",1.5,4,2,0.725290585461487,5.5,-16.0199353501965,-1348.45306973508,1332.43313438488,0,FLOAT
"antagonistic_mixed_(1.5,4,2)",1.5,4,2,0.728787171381207,5.5,-16.0199353501965,-1158.46551982906,1142.44558447886,0,FLOAT
"antagonistic_mixed_(1.5,4,2)",1.5,4,2,0.732492308918514,5.5,-16.0199353501965,-995.946090085863,979.926154735667,0,FLOAT
"antagonistic_mixed_(1.5,4,2)",1.5,4,2,0.736418437000464,5.5,-16.0199353501965,-856.825662955664,840.805727605468,0,FLOAT
"antagonistic_mixed_(1.5,4,2)",1.5,4,2,0.740578736465914,5.5,-16.0199353501965,-737.649800237707,721.629864887511,0,FLOAT
"antagonistic_mixed_(1.5,4,2)",1.5,4,2,0.744987174316374,5.5,-16.0199353501965,-635.48447434928,619.464538999083,0,FLOAT
"antagonistic_mixed_(1.5,4,2)",1.5,4,2,0.749658550606174,5.5,-16.0199353501965,-547.836422406683,531.816487056487,0,FLOAT
"antagonistic_mixed_(1.5,4,2)",1.5,4,2,0.754608548129361,5.5,-16.0199353501965,-472.585835833951,456.565900483754,0,FLOAT
"antagonistic_mixed_(1.5,4,2)",1.5,4,2,0.759853785070145,5.5,-16.0199353501965,-407.929458132668,391.909522782471,0,FLOAT
"antagonistic_mixed_(1.5,4,2)",1.5,4,2,0.765411870793641,5.5,-16.0199353501965,-352.332466489566,336.312531139369,0,FLOAT
"antagonistic_mixed_(1.5,4,2)",1.5,4,2,0.771301464964215,5.5,-16.0199353501965,-304.487768081498,288.467832731302,0,FLOAT
"antagonistic_mixed_(1.5,4,2)",1.5,4,2,0.777542340189913,5.5,-16.0199353501965,-263.281556841976,247.26162149178,0,FLOAT
"antagonistic_mixed_(1.5,4,2)",1.5,4,2,0.784155448403264,5.5,-16.0199353501965,-227.764157457691,211.744222107494,0,FLOAT
"antagonistic_mixed_(1.5,4,2)",1.5,4,2,0.791162991201332,5.5,-16.0199353501965,-197.125335833432,181.105400483236,0,FLOAT
"antagonistic_mixed_(1.5,4,2)",1.5,4,2,0.798588494381158,5.5,-16.0199353501965,-170.673383713633,154.653448363437,0,FLOAT
"antagonistic_mixed_(1.5,4,2)",1.5,4,2,0.806456886920807,5.5,-16.0199353501965,-147.817393376817,131.797458026621,0,FLOAT
"antagonistic_mixed_(1.5,4,2)",1.5,4,2,0.814794584671205,5.5,-16.0199353501965,-128.052229521071,112.032294170875,0,FLOAT
"antagonistic_mixed_(1.5,4,2)",1.5,4,2,0.823629579039712,5.5,-16.0199353501965,-110.945782323426,94.9258469732292,0,FLOAT
"antagonistic_mixed_(1.5,4,2)",1.5,4,2,0.83299153096317,5.5,-16.0199353501965,-96.128150446188,80.1082150959915,0,FLOAT
"antagonistic_mixed_(1.5,4,2)",1.5,4,2,0.842911870485915,5.5,-16.0199353501965,-83.2824573826099,67.2625220324135,0,FLOAT
"antagonistic_mixed_(1.5,4,2)",1.5,4,2,0.853423902277057,5.5,-16.0199353501965,-72.137050584367,56.1171152341705,0,FLOAT
"antagonistic_mixed_(1.5,4,2)",1.5,4,2,0.864562917441269,5.5,-16.0199353501965,-62.4588716412097,46.4389362910132,0,FLOAT
"antagonistic_mixed_(1.5,4,2)",1.5,4,2,0.876366311998457,5.5,-16.0199353501965,-54.0478185209329,38.0278831707364,0,FLOAT
"antagonistic_mixed_(1.5,4,2)",1.5,4,2,0.888873712430073,5.5,-16.0199353501965,-46.7319484759143,30.7120131257178,0,FLOAT
"antagonistic_mixed_(1.5,4,2)",1.5,4,2,0.9,5.5,-16.0199353501965,-41.3037991886829,25.2838638384864,0,FLOAT
"antagonistic_mixed_(1.5,4,2)",1.5,4,2,0.902127108713561,5.5,-16.0199353501965,-40.3633934764206,24.3434581262241,0,FLOAT
"antagonistic_mixed_(1.5,4,2)",1.5,4,2,0.912667383761716,5.5,-16.0199353501965,-36.0998351880455,20.079899837849,0,FLOAT
"antagonistic_mixed_(1.5,4,2)",1.5,4,2,0.916170995291558,5.5,-16.0199353501965,-34.8148796030868,18.7949442528903,0,FLOAT
"antagonistic_mixed_(1.5,4,2)",1.5,4,2,0.923730141409766,5.5,-16.0199353501965,-32.2398930973094,16.2199577471129,0,FLOAT
"antagonistic_mixed_(1.5,4,2)",1.5,4,2,0.931052520449102,5.5,-16.0199353501965,-29.9767582662819,13.9568229160854,0,FLOAT
"antagonistic_mixed_(1.5,4,2)",1.5,4,2,0.933391537091908,5.5,-16.0199353501965,-29.2972710007995,13.277335650603,0,FLOAT
"antagonistic_mixed_(1.5,4,2)",1.5,4,2,0.941829086706256,5.5,-16.0199353501965,-27.0042351811175,10.984299830921,0,FLOAT
"antagonistic_mixed_(1.5,4,2)",1.5,4,2,0.946821644600358,5.5,-16.0199353501965,-25.7544708550734,9.73453550487696,0,FLOAT
"antagonistic_mixed_(1.5,4,2)",1.5,4,2,0.94919781953087,5.5,-16.0199353501965,-25.1853281366157,9.16539278641922,0,FLOAT
"antagonistic_mixed_(1.5,4,2)",1.5,4,2,0.955633126690214,5.5,-16.0199353501965,-23.7213118796547,7.70137652945823,0,FLOAT
"antagonistic_mixed_(1.5,4,2)",1.5,4,2,0.961253248795439,5.5,-16.0199353501965,-22.5286219647801,6.5086866145836,0,FLOAT
"antagonistic_mixed_(1.5,4,2)",1.5,4,2,0.963531308016255,5.5,-16.0199353501965,-22.0663797807024,6.0464444305059,0,FLOAT
"antagonistic_mixed_(1.5,4,2)",1.5,4,2,0.966161448465718,5.5,-16.0199353501965,-21.5471291672985,5.52719381710197,0,FLOAT
"antagonistic_mixed_(1.5,4,2)",1.5,4,2,0.970447907647971,5.5,-16.0199353501965,-20.7325679140397,4.71263256384321,0,FLOAT
"antagonistic_mixed_(1.5,4,2)",1.5,4,2,0.974191384595819,5.5,-16.0199353501965,-20.0516956054825,4.03176025528598,0,FLOAT
"antagonistic_mixed_(1.5,4,2)",1.5,4,2,0.977460660952652,5.5,-16.0199353501965,-19.4791077020129,3.45917235181642,0,FLOAT
"antagonistic_mixed_(1.5,4,2)",1.5,4,2,0.980315805527134,5.5,-16.0199353501965,-18.9950884018932,2.97515305169673,0,FLOAT
"antagonistic_mixed_(1.5,4,2)",1.5,4,2,0.981237608556118,5.5,-16.0199353501965,-18.8419080706049,2.8219727204084,0,FLOAT
"antagonistic_mixed_(1.5,4,2)",1.5,4,2,0.982809277981414,5.5,-16.0199353501965,-18.5841270577555,2.56419170755903,0,FLOAT
"antagonistic_mixed_(1.5,4,2)",1.5,4,2,0.984986892710918,5.5,-16.0199353501965,-18.2338731605458,2.21393781034933,0,FLOAT
"antagonistic_mixed_(1.5,4,2)",1.5,4,2,0.986888660625784,5.5,-16.0199353501965,-17.9343866407763,1.91445129057985,0,FLOAT
"antagonistic_mixed_(1.5,4,2)",1.5,4,2,0.988549524300617,5.5,-16.0199353501965,-17.6775910000854,1.65765564988893,0,FLOAT
"antagonistic_mixed_(1.5,4,2)",1.5,4,2,0.99,5.5,-16.0199353501965,-17.4568682762207,1.43693292602423,0,FLOAT
"antagonistic_mixed_(1.5,4,2)",1.5,4,2,0.991266738376172,5.5,-16.0199353501965,-17.2667548290673,1.24681947887085,0,FLOAT
"antagonistic_mixed_(1.5,4,2)",1.5,4,2,0.992373014140977,5.5,-16.0199353501965,-17.1027098830972,1.08277453290075,0,FLOAT
"antagonistic_mixed_(1.5,4,2)",1.5,4,2,0.993339153709191,5.5,-16.0199353501965,-16.9609373099943,0.941001959797788,0,FLOAT
"antagonistic_mixed_(1.5,4,2)",1.5,4,2,0.994182908670626,5.5,-16.0199353501965,-16.8382468772472,0.818311527050707,0,FLOAT
"antagonistic_mixed_(1.5,4,2)",1.5,4,2,0.994919781953087,5.5,-16.0199353501965,-16.7319451070919,0.712009756895423,0,FLOAT
"antagonistic_mixed_(1.5,4,2)",1.5,4,2,0.995563312669021,5.5,-16.0199353501965,-16.639748603715,0.619813253518554,0,FLOAT
"antagonistic_mixed_(1.5,4,2)",1.5,4,2,0.996125324879544,5.5,-16.0199353501965,-16.5597146112344,0.539779261037896,0,FLOAT
"antagonistic_mixed_(1.5,4,2)",1.5,4,2,0.996616144846572,5.5,-16.0199353501965,-16.4901849186533,0.470249568456762,0,FLOAT
"antagonistic_mixed_(1.5,4,2)",1.5,4,2,0.997044790764797,5.5,-16.0199353501965,-16.4297402014084,0.409804851211906,0,FLOAT
"antagonistic_mixed_(1.5,4,2)",1.5,4,2,0.997419138459582,5.5,-16.0199353501965,-16.3771625967983,0.357227246601848,0,FLOAT
"antagonistic_mixed_(1.5,4,2)",1.5,4,2,0.997746066095265,5.5,-16.0199353501965,-16.3314048303575,0.31146948016104,0,FLOAT
"antagonistic_mixed_(1.5,4,2)",1.5,4,2,0.998031580552713,5.5,-16.0199353501965,-16.2915645957351,0.271629245538563,0,FLOAT
"antagonistic_mixed_(1.5,4,2)",1.5,4,2,0.998280927798141,5.5,-16.0199353501965,-16.25686317918,0.236927828983514,0,FLOAT
"antagonistic_mixed_(1.5,4,2)",1.5,4,2,0.998498689271092,5.5,-16.0199353501965,-16.2266275376142,0.20669218741774,0,FLOAT
"antagonistic_mixed_(1.5,4,2)",1.5,4,2,0.998688866062578,5.5,-16.0199353501965,-16.2002752051832,0.180339854986713,0,FLOAT
"antagonistic_mixed_(1.5,4,2)",1.5,4,2,0.998854952430062,5.5,-16.0199353501965,-16.1773015305339,0.157366180337412,0,FLOAT
"antagonistic_mixed_(1.5,4,2)",1.5,4,2,0.999,5.5,-16.0199353501965,-16.1572688456046,0.137333495408075,0,FLOAT
"antagonistic_mixed_(1.5,4,2)",1.5,4,2,0.999126673837617,5.5,-16.0199353501965,-16.1397972435207,0.119861893324231,0,FLOAT
"antagonistic_mixed_(1.5,4,2)",1.5,4,2,0.999237301414098,5.5,-16.0199353501965,-16.1245567035087,0.104621353312197,0,FLOAT
"antagonistic_mixed_(1.5,4,2)",1.5,4,2,0.999333915370919,5.5,-16.0199353501965,-16.1112603484409,0.0913249982444029,0,FLOAT
"antagonistic_mixed_(1.5,4,2)",1.5,4,2,0.999418290867063,5.5,-16.0199353501965,-16.0996586586136,0.0797233084171332,0,FLOAT
"antagonistic_mixed_(1.5,4,2)",1.5,4,2,0.999491978195309,5.5,-16.0199353501965,-16.0895344958118,0.069599145615264,0,FLOAT
"antagonistic_mixed_(1.5,4,2)",1.5,4,2,0.999556331266902,5.5,-16.0199353501965,-16.0806988162863,0.0607634660898455,0,FLOAT
"antagonistic_mixed_(1.5,4,2)",1.5,4,2,0.999612532487954,5.5,-16.0199353501965,-16.0729869712199,0.0530516210234033,0,FLOAT
"antagonistic_mixed_(1.5,4,2)",1.5,4,2,0.999661614484657,5.5,-16.0199353501965,-16.0662555095474,0.0463201593508806,0,FLOAT
"antagonistic_mixed_(1.5,4,2)",1.5,4,2,0.99970447907648,5.5,-16.0199353501965,-16.0603794113838,0.0404440611873262,0,FLOAT
"antagonistic_mixed_(1.5,4,2)",1.5,4,2,0.999741913845958,5.5,-16.0199353501965,-16.0552496913609,0.0353143411644155,0,FLOAT
"antagonistic_mixed_(1.5,4,2)",1.5,4,2,0.999774606609527,5.5,-16.0199353501965,-16.0507713203483,0.0308359701518377,0,FLOAT
"antagonistic_mixed_(1.5,4,2)",1.5,4,2,0.999803158055271,5.5,-16.0199353501965,-16.0468614216865,0.026926071490049,0,FLOAT
"antagonistic_mixed_(1.5,4,2)",1.5,4,2,0.999828092779814,5.5,-16.0199353501965,-16.0434477044665,0.0235123542700393,0,FLOAT
"antagonistic_mixed_(1.5,4,2)",1.5,4,2,0.999849868927109,5.5,-16.0199353501965,-16.0404671017839,0.020531751587427,0,FLOAT
"antagonistic_mixed_(1.5,4,2)",1.5,4,2,0.999868886606258,5.5,-16.0199353501965,-16.0378645864475,0.0179292362510353,0,FLOAT
"antagonistic_mixed_(1.5,4,2)",1.5,4,2,0.999885495243006,5.5,-16.0199353501965,-16.0355921404811,0.0156567902845985,0,FLOAT
"antagonistic_mixed_(1.5,4,2)",1.5,4,2,0.9999,5.5,-16.0199353501965,-16.0336078580364,0.0136725078399245,0,FLOAT
"antagonistic_mixed_(1.5,4,2)",1.5,4,2,0.999912667383762,5.5,-16.0199353501965,-16.0318751641333,0.0119398139368343,0,FLOAT
"antagonistic_mixed_(1.5,4,2)",1.5,4,2,0.99992373014141,5.5,-16.0199353501965,-16.0303621340332,0.0104267838366887,0,FLOAT
"antagonistic_mixed_(1.5,4,2)",1.5,4,2,0.999933391537092,5.5,-16.0199353501965,-16.0290409001004,0.00910554990385748,0,FLOAT
"antagonistic_mixed_(1.5,4,2)",1.5,4,2,0.999941829086706,5.5,-16.0199353501965,-16.0278871347679,0.00795178457136458,0,FLOAT
"antagonistic_mixed_(1.5,4,2)",1.5,4,2,0.999949197819531,5.5,-16.0199353501965,-16.0268795997355,0.00694424953899286,0,FLOAT
"antagonistic_mixed_(1.5,4,2)",1.5,4,2,0.99995563312669,5.5,-16.0199353501965,-16.0259997528354,0.00606440263894825,0,FLOAT
"antagonistic_mixed_(1.5,4,2)",1.5,4,2,0.999961253248795,5.5,-16.0199353501965,-16.0252314051267,0.00529605493023055,0,FLOAT
"antagonistic_mixed_(1.5,4,2)",1.5,4,2,0.999966161448466,5.5,-16.0199353501965,-16.0245604217535,0.00462507155696557,0,FLOAT
"antagonistic_mixed_(1.5,4,2)",1.5,4,2,0.999970447907648,5.5,-16.0199353501965,-16.0239744609459,0.00403911074943153,0,FLOAT
"antagonistic_mixed_(1.5,4,2)",1.5,4,2,0.999974191384596,5.5,-16.0199353501965,-16.0234627462734,0.00352739607691177,0,FLOAT
"antagonistic_mixed_(1.5,4,2)",1.5,4,2,0.999977460660953,5.5,-16.0199353501965,-16.0230158678915,0.00308051769504658,0,FLOAT
"antagonistic_mixed_(1.5,4,2)",1.5,4,2,0.999980315805527,5.5,-16.0199353501965,-16.0226256090766,0.00269025888010077,0,FLOAT
"antagonistic_mixed_(1.5,4,2)",1.5,4,2,0.999982809277981,5.5,-16.0199353501965,-16.022284794818,0.00234944462152242,0,FLOAT
"antagonistic_mixed_(1.5,4,2)",1.5,4,2,0.999984986892711,5.5,-16.0199353501965,-16.0219871596542,0.00205180945772554,0,FLOAT
"antagonistic_mixed_(1.5,4,2)",1.5,4,2,0.999986888660626,5.5,-16.0199353501965,-16.0217272322991,0.00179188210264414,0,FLOAT
"antagonistic_mixed_(1.5,4,2)",1.5,4,2,0.999988549524301,5.5,-16.0199353501965,-16.021500234921,0.00156488472451599,0,FLOAT
"antagonistic_mixed_(1.5,4,2)",1.5,4,2,0.99999,5.5,-16.0199353501965,-16.0213019952085,0.00136664501196293,0,FLOAT
"antagonistic_mixed_(1.5,4,2)",1.5,4,2,0.999991266738376,5.5,-16.0199353501965,-16.021128869597,0.00119351940052681,0,FLOAT
"antagonistic_mixed_(1.5,4,2)",1.5,4,2,0.999992373014141,5.5,-16.0199353501965,-16.0209776762375,0.0010423260409631,0,FLOAT
"antagonistic_mixed_(1.5,4,2)",1.5,4,2,0.999993339153709,5.5,-16.0199353501965,-16.0208456364682,0.000910286271661676,0,FLOAT
"antagonistic_mixed_(1.5,4,2)",1.5,4,2,0.999994182908671,5.5,-16.0199353501965,-16.0207303237106,0.000794973514103958,0,FLOAT
"antagonistic_mixed_(1.5,4,2)",1.5,4,2,0.999994919781953,5.5,-16.0199353501965,-16.0206296188462,0.000694268649695573,0,FLOAT
"antagonistic_mixed_(1.5,4,2)",1.5,4,2,0.999995563312669,5.5,-16.0199353501965,-16.0205416712511,0.000606321054622327,0,FLOAT
"antagonistic_mixed_(1.5,4,2)",1.5,4,2,0.99999612532488,5.5,-16.0199353501965,-16.0204648647712,0.000529514574751033,0,FLOAT
"antagonistic_mixed_(1.5,4,2)",1.5,4,2,0.999996616144847,5.5,-16.0199353501965,-16.0203977880106,0.000462437814103822,0,FLOAT
"antagonistic_mixed_(1.5,4,2)",1.5,4,2,0.999997044790765,5.5,-16.0199353501965,-16.0203392083858,0.000403858189294226,0,FLOAT
"antagonistic_mixed_(1.5,4,2)",1.5,4,2,0.99999741913846,5.5,-16.0199353501965,-16.0202880494691,0.000352699272610835,0,FLOAT
"antagonistic_mixed_(1.5,4,2)",1.5,4,2,0.999997746066095,5.5,-16.0199353501965,-16.020243371203,0.000308021006482306,0,FLOAT
"antagonistic_mixed_(1.5,4,2)",1.5,4,2,0.999998031580553,5.5,-16.0199353501965,-16.0202043526219,0.00026900242544059,0,FLOAT
"antagonistic_mixed_(1.5,4,2)",1.5,4,2,0.999998280927798,5.5,-16.0199353501965,-16.020170276764,0.000234926567490135,0,FLOAT
"antagonistic_mixed_(1.5,4,2)",1.5,4,2,0.999998498689271,5.5,-16.0199353501965,-16.0201405174942,0.000205167297682607,0,FLOAT
"antagonistic_mixed_(1.5,4,2)",1.5,4,2,0.999998688866063,5.5,-16.0199353501965,-16.0201145279975,0.000179177800980312,0,FLOAT
"antagonistic_mixed_(1.5,4,2)",1.5,4,2,0.99999885495243,5.5,-16.0199353501965,-16.0200918307299,0.000156480533370029,0,FLOAT
"antagonistic_mixed_(1.5,4,2)",1.5,4,2,0.999999,5.5,-16.0199353501965,-16.0200720086426,0.000136658446113103,0,FLOAT
"antagonistic_mixed_(1.5,4,2)",1.5,4,2,0.999999126673838,5.5,-16.0199353501965,-16.0200546975184,0.000119347321888341,0,FLOAT
"antagonistic_mixed_(1.5,4,2)",1.5,4,2,0.999999237301414,5.5,-16.0199353501965,-16.0200395792784,0.000104229081856033,0,FLOAT
"antagonistic_mixed_(1.5,4,2)",1.5,4,2,0.999999333915371,5.5,-16.0199353501965,-16.0200263761372,9.10259407547187e-05,0,FLOAT
"antagonistic_mixed_(1.5,4,2)",1.5,4,2,0.999999418290867,5.5,-16.0199353501965,-16.020014845499,7.94953025007317e-05,0,FLOAT
"antagonistic_mixed_(1.5,4,2)",1.5,4,2,0.999999491978195,5.5,-16.0199353501965,-16.0200047754988,6.94253022928137e-05,0,FLOAT
"antagonistic_mixed_(1.5,4,2)",1.5,4,2,0.999999556331267,5.5,-16.0199353501965,-16.0199959811101,6.06309135910976e-05,0,FLOAT
"antagonistic_mixed_(1.5,4,2)",1.5,4,2,0.999999612532488,5.5,-16.0199353501965,-16.0199883007449,5.29505484543336e-05,0,FLOAT
"antagonistic_mixed_(1.5,4,2)",1.5,4,2,0.999999661614485,5.5,-16.0199353501965,-16.0199815932846,4.6243088114295e-05,0,FLOAT
"antagonistic_mixed_(1.5,4,2)",1.5,4,2,0.999999704479076,5.5,-16.0199353501965,-16.0199757354866,4.03852901555979e-05,0,FLOAT
"antagonistic_mixed_(1.5,4,2)",1.5,4,2,0.999999741913846,5.5,-16.0199353501965,-16.0199706197205,3.52695239591583e-05,0,FLOAT
"antagonistic_mixed_(1.5,4,2)",1.5,4,2,0.999999774606609,5.5,-16.0199353501965,-16.0199661519895,3.0801793048596e-05,0,FLOAT
"antagonistic_mixed_(1.5,4,2)",1.5,4,2,0.999999803158055,5.5,-16.0199353501965,-16.0199622502044,2.69000079491377e-05,0,FLOAT
"antagonistic_mixed_(1.5,4,2)",1.5,4,2,0.99999982809278,5.5,-16.0199353501965,-16.0199588426743,2.34924778226286e-05,0,FLOAT
"antagonistic_mixed_(1.5,4,2)",1.5,4,2,0.999999849868927,5.5,-16.0199353501965,-16.0199558667898,2.0516593323805e-05,0,FLOAT
"antagonistic_mixed_(1.5,4,2)",1.5,4,2,0.999999868886606,5.5,-16.0199353501965,-16.0199532678725,1.79176759864674e-05,0,FLOAT
"antagonistic_mixed_(1.5,4,2)",1.5,4,2,0.999999885495243,5.5,-16.0199353501965,-16.0199509981705,1.56479739601423e-05,0,FLOAT
"antagonistic_mixed_(1.5,4,2)",1.5,4,2,0.9999999,5.5,-16.0199353501965,-16.0199490159806,1.36657840634768e-05,0,FLOAT
"antagonistic_mixed_(1.5,4,2)",1.5,4,2,0.999999912667384,5.5,-16.0199353501965,-16.0199472848825,1.19346860252278e-05,0,FLOAT
"antagonistic_mixed_(1.5,4,2)",1.5,4,2,0.999999923730141,5.5,-16.0199353501965,-16.0199457730695,1.0422872957605e-05,0,FLOAT
"antagonistic_mixed_(1.5,4,2)",1.5,4,2,0.999999933391537,5.5,-16.0199353501965,-16.0199444527637,9.10256722974623e-06,0,FLOAT
"antagonistic_mixed_(1.5,4,2)",1.5,4,2,0.999999941829087,5.5,-16.0199353501965,-16.0199432997063,7.94950976157338e-06,0,FLOAT
"antagonistic_mixed_(1.5,4,2)",1.5,4,2,0.99999994919782,5.5,-16.0199353501965,-16.0199422927111,6.94251461297313e-06,0,FLOAT
"antagonistic_mixed_(1.5,4,2)",1.5,4,2,0.999999955633127,5.5,-16.0199353501965,-16.0199414132759,6.06307945005824e-06,0,FLOAT
"antagonistic_mixed_(1.5,4,2)",1.5,4,2,0.999999961253249,5.5,-16.0199353501965,-16.0199406452422,5.29504575297324e-06,0,FLOAT
"antagonistic_mixed_(1.5,4,2)",1.5,4,2,0.999999966161448,5.5,-16.0199353501965,-16.0199399744984,4.62430189074325e-06,0,FLOAT
"antagonistic_mixed_(1.5,4,2)",1.5,4,2,0.999999970447908,5.5,-16.0199353501965,-16.0199393887202,4.03852373054292e-06,0,FLOAT
"antagonistic_mixed_(1.5,4,2)",1.5,4,2,0.999999974191385,5.5,-16.0199353501965,-16.0199388771448,3.52694834759859e-06,0,FLOAT
"antagonistic_mixed_(1.5,4,2)",1.5,4,2,0.999999977460661,5.5,-16.0199353501965,-16.0199384303727,3.08017621719614e-06,0,FLOAT
"antagonistic_mixed_(1.5,4,2)",1.5,4,2,0.999999980315806,5.5,-16.0199353501965,-16.019938040195,2.68999846042561e-06,0,FLOAT
"antagonistic_mixed_(1.5,4,2)",1.5,4,2,0.999999982809278,5.5,-16.0199353501965,-16.0199376994425,2.34924600306385e-06,0,FLOAT
"antagonistic_mixed_(1.5,4,2)",1.5,4,2,0.999999984986893,5.5,-16.0199353501965,-16.0199374018545,2.05165798305984e-06,0,FLOAT
"antagonistic_mixed_(1.5,4,2)",1.5,4,2,0.999999986888661,5.5,-16.0199353501965,-16.0199371419631,1.7917665680045e-06,0,FLOAT
"antagonistic_mixed_(1.5,4,2)",1.5,4,2,0.999999988549524,5.5,-16.0199353501965,-16.0199369149931,1.56479660162745e-06,0,FLOAT
"antagonistic_mixed_(1.5,4,2)",1.5,4,2,0.99999999,5.5,-16.0199353501965,-16.0199367167743,1.36657782334737e-06,0,FLOAT
"all_mutualistic_(0.5,0.5,0.5)",0.5,0.5,0.5,0.666666676666667,-0.5,-5,-1.67583891416241e+23,1.67583891416241e+23,0.707106781186548,FLOAT
"all_mutualistic_(0.5,0.5,0.5)",0.5,0.5,0.5,0.66666667726311,-0.5,-5,-1.40848386016182e+23,1.40848386016182e+23,0.707106781186548,FLOAT
"all_mutualistic_(0.5,0.5,0.5)",0.5,0.5,0.5,0.666666677895128,-0.5,-5,-1.1837813603123e+23,1.1837813603123e+23,0.707106781186548,FLOAT
"all_mutualistic_(0.5,0.5,0.5)",0.5,0.5,0.5,0.666666678564843,-0.5,-5,-9.94926751464e+22,9.94926751464e+22,0.707106781186548,FLOAT
"all_mutualistic_(0.5,0.5,0.5)",0.5,0.5,0.5,0.666666679274502,-0.5,-5,-8.36201094451602e+22,8.36201094451602e+22,0.707106781186548,FLOAT
"all_mutualistic_(0.5,0.5,0.5)",0.5,0.5,0.5,0.666666680026488,-0.5,-5,-7.02797684627603e+22,7.02797684627603e+22,0.707106781186548,FLOAT
"all_mutualistic_(0.5,0.5,0.5)",0.5,0.5,0.5,0.666666680823326,-0.5,-5,-5.90676834129643e+22,5.90676834129643e+22,0.707106781186548,FLOAT
"all_mutualistic_(0.5,0.5,0.5)",0.5,0.5,0.5,0.666666681667691,-0.5,-5,-4.96443193288992e+22,4.96443193288992e+22,0.707106781186548,FLOAT
"all_mutualistic_(0.5,0.5,0.5)",0.5,0.5,0.5,0.666666682562417,-0.5,-5,-4.17243101276356e+22,4.17243101276356e+22,0.707106781186548,FLOAT
"all_mutualistic_(0.5,0.5,0.5)",0.5,0.5,0.5,0.666666683510509,-0.5,-5,-3.50678201475698e+22,3.50678201475698e+22,0.707106781186548,FLOAT
"all_mutualistic_(0.5,0.5,0.5)",0.5,0.5,0.5,0.666666684515149,-0.5,-5,-2.9473273894386e+22,2.9473273894386e+22,0.707106781186548,FLOAT
"all_mutualistic_(0.5,0.5,0.5)",0.5,0.5,0.5,0.66666668557971,-0.5,-5,-2.47712535855526e+22,2.47712535855526e+22,0.707106781186548,FLOAT
"all_mutualistic_(0.5,0.5,0.5)",0.5,0.5,0.5,0.666666686707767,-0.5,-5,-2.08193712023707e+22,2.08193712023707e+22,0.707106781186548,FLOAT
"all_mutualistic_(0.5,0.5,0.5)",0.5,0.5,0.5,0.666666687903105,-0.5,-5,-1.74979517747164e+22,1.74979517747164e+22,0.707106781186548,FLOAT
"all_mutualistic_(0.5,0.5,0.5)",0.5,0.5,0.5,0.666666689169739,-0.5,-5,-1.47064153188287e+22,1.47064153188287e+22,0.707106781186548,FLOAT
"all_mutualistic_(0.5,0.5,0.5)",0.5,0.5,0.5,0.66666669051192,-0.5,-5,-1.23602267497675e+22,1.23602267497675e+22,0.707106781186548,FLOAT
"all_mutualistic_(0.5,0.5,0.5)",0.5,0.5,0.5,0.666666691934155,-0.5,-5,-1.03883375440264e+22,1.03883375440264e+22,0.707106781186548,FLOAT
"all_mutualistic_(0.5,0.5,0.5)",0.5,0.5,0.5,0.666666693441218,-0.5,-5,-8.73103366379738e+21,8.73103366379738e+21,0.707106781186548,FLOAT
"all_mutualistic_(0.5,0.5,0.5)",0.5,0.5,0.5,0.666666695038169,-0.5,-5,-7.33812780159439e+21,7.33812780159439e+21,0.707106781186548,FLOAT
"all_mutualistic_(0.5,0.5,0.5)",0.5,0.5,0.5,0.666666696730369,-0.5,-5,-6.16743931828789e+21,6.16743931828789e+21,0.707106781186548,FLOAT
"all_mutualistic_(0.5,0.5,0.5)",0.5,0.5,0.5,0.666666698523499,-0.5,-5,-5.18351666709125e+21,5.18351666709125e+21,0.707106781186548,FLOAT
"all_mutualistic_(0.5,0.5,0.5)",0.5,0.5,0.5,0.666666700423579,-0.5,-5,-4.35656409698633e+21,4.35656409698633e+21,0.707106781186548,FLOAT
"all_mutualistic_(0.5,0.5,0.5)",0.5,0.5,0.5,0.666666702436989,-0.5,-5,-3.66153942030887e+21,3.66153942030887e+21,0.707106781186548,FLOAT
"all_mutualistic_(0.5,0.5,0.5)",0.5,0.5,0.5,0.666666704570486,-0.5,-5,-3.07739561291698e+21,3.07739561291698e+21,0.707106781186548,FLOAT
"all_mutualistic_(0.5,0.5,0.5)",0.5,0.5,0.5,0.666666706831235,-0.5,-5,-2.58644316433298e+21,2.58644316433298e+21,0.707106781186548,FLOAT
"all_mutualistic_(0.5,0.5,0.5)",0.5,0.5,0.5,0.666666709226825,-0.5,-5,-2.17381483885784e+21,2.17381483885784e+21,0.707106781186548,FLOAT
"all_mutualistic_(0.5,0.5,0.5)",0.5,0.5,0.5,0.666666711765299,-0.5,-5,-1.82701520267546e+21,1.82701520267546e+21,0.707106781186548,FLOAT
"all_mutualistic_(0.5,0.5,0.5)",0.5,0.5,0.5,0.666666714455177,-0.5,-5,-1.53554226781719e+21,1.53554226781719e+21,0.707106781186548,FLOAT
"all_mutualistic_(0.5,0.5,0.5)",0.5,0.5,0.5,0.666666717305492,-0.5,-5,-1.29056946702891e+21,1.29056946702891e+21,0.707106781186548,FLOAT
"all_mutualistic_(0.5,0.5,0.5)",0.5,0.5,0.5,0.666666720325813,-0.5,-5,-1.08467840595261e+21,1.08467840595261e+21,0.707106781186548,FLOAT
"all_mutualistic_(0.5,0.5,0.5)",0.5,0.5,0.5,0.666666723526278,-0.5,-5,-9.11634196775663e+20,9.11634196775663e+20,0.707106781186548,FLOAT
"all_mutualistic_(0.5,0.5,0.5)",0.5,0.5,0.5,0.666666726917633,-0.5,-5,-7.66196592688063e+20,7.66196592688063e+20,0.707106781186548,FLOAT
"all_mutualistic_(0.5,0.5,0.5)",0.5,0.5,0.5,0.666666730511263,-0.5,-5,-6.4396139287651e+20,6.4396139287651e+20,0.707106781186548,FLOAT
"all_mutualistic_(0.5,0.5,0.5)",0.5,0.5,0.5,0.666666734319233,-0.5,-5,-5.41226983961269e+20,5.41226983961269e+20,0.707106781186548,FLOAT
"all_mutualistic_(0.5,0.5,0.5)",0.5,0.5,0.5,0.666666738354327,-0.5,-5,-4.54882316908888e+20,4.54882316908888e+20,0.707106781186548,FLOAT
"all_mutualistic_(0.5,0.5,0.5)",0.5,0.5,0.5,0.666666742630091,-0.5,-5,-3.82312645462415e+20,3.82312645462415e+20,0.707106781186548,FLOAT
"all_mutualistic_(0.5,0.5,0.5)",0.5,0.5,0.5,0.66666674716088,-0.5,-5,-3.21320381809283e+20,3.21320381809283e+20,0.707106781186548,FLOAT
"all_mutualistic_(0.5,0.5,0.5)",0.5,0.5,0.5,0.666666751961906,-0.5,-5,-2.70058520454574e+20,2.70058520454574e+20,0.707106781186548,FLOAT
"all_mutualistic_(0.5,0.5,0.5)",0.5,0.5,0.5,0.666666757049286,-0.5,-5,-2.26974724155132e+20,2.26974724155132e+20,0.707106781186548,FLOAT
"all_mutualistic_(0.5,0.5,0.5)",0.5,0.5,0.5,0.666666762440099,-0.5,-5,-1.90764303392976e+20,1.90764303392976e+20,0.707106781186548,FLOAT
"all_mutualistic_(0.5,0.5,0.5)",0.5,0.5,0.5,0.666666768152444,-0.5,-5,-1.6033071119606e+20,1.6033071119606e+20,0.707106781186548,FLOAT
"all_mutualistic_(0.5,0.5,0.5)",0.5,0.5,0.5,0.666666774205498,-0.5,-5,-1.34752345127508e+20,1.34752345127508e+20,0.707106781186548,FLOAT
"all_mutualistic_(0.5,0.5,0.5)",0.5,0.5,0.5,0.666666780619582,-0.5,-5,-1.13254623887528e+20,1.13254623887528e+20,0.707106781186548,FLOAT
"all_mutualistic_(0.5,0.5,0.5)",0.5,0.5,0.5,0.66666678741623,-0.5,-5,-9.51865430984044e+19,9.51865430984044e+19,0.707106781186548,FLOAT
"all_mutualistic_(0.5,0.5,0.5)",0.5,0.5,0.5,0.66666679461826,-0.5,-5,-8.00009538888393e+19,8.00009538888393e+19,0.707106781186548,FLOAT
"all_mutualistic_(0.5,0.5,0.5)",0.5,0.5,0.5,0.666666802249851,-0.5,-5,-6.72379983302465e+19,6.72379983302465e+19,0.707106781186548,FLOAT
"all_mutualistic_(0.5,0.5,0.5)",0.5,0.5,0.5,0.666666810336623,-0.5,-5,-5.65111815637189e+19,5.65111815637189e+19,0.707106781186548,FLOAT
"all_mutualistic_(0.5,0.5,0.5)",0.5,0.5,0.5,0.666666818905725,-0.5,-5,-4.74956679217032e+19,4.74956679217032e+19,0.707106781186548,FLOAT
"all_mutualistic_(0.5,0.5,0.5)",0.5,0.5,0.5,0.666666827985925,-0.5,-5,-3.9918444563976e+19,3.9918444563976e+19,0.707106781186548,FLOAT
"all_mutualistic_(0.5,0.5,0.5)",0.5,0.5,0.5,0.666666837607709,-0.5,-5,-3.35500539336932e+19,3.35500539336932e+19,0.707106781186548,FLOAT
"all_mutualistic_(0.5,0.5,0.5)",0.5,0.5,0.5,0.666666847803377,-0.5,-5,-2.81976446717061e+19,2.81976446717061e+19,0.707106781186548,FLOAT
"all_mutualistic_(0.5,0.5,0.5)",0.5,0.5,0.5,0.66666685860716,-0.5,-5,-2.36991322295882e+19,2.36991322295882e+19,0.707106781186548,FLOAT
"all_mutualistic_(0.5,0.5,0.5)",0.5,0.5,0.5,0.666666870055327,-0.5,-5,-1.99182902328805e+19,1.99182902328805e+19,0.707106781186548,FLOAT
"all_mutualistic_(0.5,0.5,0.5)",0.5,0.5,0.5,0.666666882186313,-0.5,-5,-1.67406249959652e+19,1.67406249959652e+19,0.707106781186548,FLOAT
"all_mutualistic_(0.5,0.5,0.5)",0.5,0.5,0.5,0.666666895040844,-0.5,-5,-1.40699086814274e+19,1.40699086814274e+19,0.707106781186548,FLOAT
"all_mutualistic_(0.5,0.5,0.5)",0.5,0.5,0.5,0.666666908662074,-0.5,-5,-1.18252652272566e+19,1.18252652272566e+19,0.707106781186548,FLOAT
"all_mutualistic_(0.5,0.5,0.5)",0.5,0.5,0.5,0.666666923095735,-0.5,-5,-9.93872105422228e+18,9.93872105422228e+18,0.707106781186548,FLOAT
"all_mutualistic_(0.5,0.5,0.5)",0.5,0.5,0.5,0.666666938390282,-0.5,-5,-8.35314678745073e+18,8.35314678745073e+18,0.707106781186548,FLOAT
"all_mutualistic_(0.5,0.5,0.5)",0.5,0.5,0.5,0.666666954597062,-0.5,-5,-7.02052716131582e+18,7.02052716131582e+18,0.707106781186548,FLOAT
"all_mutualistic_(0.5,0.5,0.5)",0.5,0.5,0.5,0.666666971770485,-0.5,-5,-5.90050708306885e+18,5.90050708306885e+18,0.707106781186548,FLOAT
"all_mutualistic_(0.5,0.5,0.5)",0.5,0.5,0.5,0.666666989968206,-0.5,-5,-4.95916943831683e+18,4.95916943831683e+18,0.707106781186548,FLOAT
"all_mutualistic_(0.5,0.5,0.5)",0.5,0.5,0.5,0.666667009251318,-0.5,-5,-4.1680081373585e+18,4.1680081373585e+18,0.707106781186548,FLOAT
"all_mutualistic_(0.5,0.5,0.5)",0.5,0.5,0.5,0.666667029684559,-0.5,-5,-3.50306479047664e+18,3.50306479047664e+18,0.707106781186548,FLOAT
"all_mutualistic_(0.5,0.5,0.5)",0.5,0.5,0.5,0.666667051336528,-0.5,-5,-2.94420320360865e+18,2.94420320360865e+18,0.707106781186548,FLOAT
"all_mutualistic_(0.5,0.5,0.5)",0.5,0.5,0.5,0.666667074279914,-0.5,-5,-2.47449962717276e+18,2.47449962717276e+18,0.707106781186548,FLOAT
"all_mutualistic_(0.5,0.5,0.5)",0.5,0.5,0.5,0.666667098591744,-0.5,-5,-2.07973022704795e+18,2.07973022704795e+18,0.707106781186548,FLOAT
"all_mutualistic_(0.5,0.5,0.5)",0.5,0.5,0.5,0.666667124353638,-0.5,-5,-1.74794038000218e+18,1.74794038000218e+18,0.707106781186548,FLOAT
"all_mutualistic_(0.5,0.5,0.5)",0.5,0.5,0.5,0.666667151652083,-0.5,-5,-1.46908264027029e+18,1.46908264027029e+18,0.707106781186548,FLOAT
"all_mutualistic_(0.5,0.5,0.5)",0.5,0.5,0.5,0.666667180578726,-0.5,-5,-1.23471248109328e+18,1.23471248109328e+18,0.707106781186548,FLOAT
"all_mutualistic_(0.5,0.5,0.5)",0.5,0.5,0.5,0.66666721123068,-0.5,-5,-1.03773257458602e+18,1.03773257458602e+18,0.707106781186548,FLOAT
"all_mutualistic_(0.5,0.5,0.5)",0.5,0.5,0.5,0.66666724371085,-0.5,-5,-8.72177865959905e+17,8.72177865959905e+17,0.707106781186548,FLOAT
"all_mutualistic_(0.5,0.5,0.5)",0.5,0.5,0.5,0.666667278128279,-0.5,-5,-7.33034933696391e+17,7.33034933696391e+17,0.707106781186548,FLOAT
"all_mutualistic_(0.5,0.5,0.5)",0.5,0.5,0.5,0.666667314598514,-0.5,-5,-6.16090175900081e+17,6.16090175900081e+17,0.707106781186548,FLOAT
"all_mutualistic_(0.5,0.5,0.5)",0.5,0.5,0.5,0.666667353243992,-0.5,-5,-5.17802204381728e+17,5.17802204381728e+17,0.707106781186548,FLOAT
"all_mutualistic_(0.5,0.5,0.5)",0.5,0.5,0.5,0.666667394194455,-0.5,-5,-4.35194608353008e+17,4.35194608353008e+17,0.707106781186548,FLOAT
"all_mutualistic_(0.5,0.5,0.5)",0.5,0.5,0.5,0.666667437587381,-0.5,-5,-3.65765818797791e+17,3.65765818797791e+17,0.707106781186548,FLOAT
"all_mutualistic_(0.5,0.5,0.5)",0.5,0.5,0.5,0.666667483568452,-0.5,-5,-3.0741335405605e+17,3.0741335405605e+17,0.707106781186548,FLOAT
"all_mutualistic_(0.5,0.5,0.5)",0.5,0.5,0.5,0.666667532292033,-0.5,-5,-2.58370151951818e+17,2.58370151951818e+17,0.707106781186548,FLOAT
"all_mutualistic_(0.5,0.5,0.5)",0.5,0.5,0.5,0.666667583921701,-0.5,-5,-2.17151059121039e+17,2.17151059121039e+17,0.707106781186548,FLOAT
"all_mutualistic_(0.5,0.5,0.5)",0.5,0.5,0.5,0.666667638630787,-0.5,-5,-1.82507855974888e+17,1.82507855974888e+17,0.707106781186548,FLOAT
"all_mutualistic_(0.5,0.5,0.5)",0.5,0.5,0.5,0.666667696602962,-0.5,-5,-1.53391457721743e+17,1.53391457721743e+17,0.707106781186548,FLOAT
"all_mutualistic_(0.5,0.5,0.5)",0.5,0.5,0.5,0.66666775803285,-0.5,-5,-1.28920145229335e+17,1.28920145229335e+17,0.707106781186548,FLOAT
"all_mutualistic_(0.5,0.5,0.5)",0.5,0.5,0.5,0.666667823126684,-0.5,-5,-1.08352864552757e+17,1.08352864552757e+17,0.707106781186548,FLOAT
"all_mutualistic_(0.5,0.5,0.5)",0.5,0.5,0.5,0.666667892102997,-0.5,-5,-9.10667858726779e+16,9.10667858726779e+16,0.707106781186548,FLOAT
"all_mutualistic_(0.5,0.5,0.5)",0.5,0.5,0.5,0.666667965193359,-0.5,-5,-7.65384424438824e+16,7.65384424438824e+16,0.707106781186548,FLOAT
"all_mutualistic_(0.5,0.5,0.5)",0.5,0.5,0.5,0.666668042643148,-0.5,-5,-6.432787890694e+16,6.432787890694e+16,0.707106781186548,FLOAT
"all_mutualistic_(0.5,0.5,0.5)",0.5,0.5,0.5,0.66666812471238,-0.5,-5,-5.40653281040276e+16,5.40653281040276e+16,0.707106781186548,FLOAT
"all_mutualistic_(0.5,0.5,0.5)",0.5,0.5,0.5,0.666668211676578,-0.5,-5,-4.54400137706067e+16,4.54400137706067e+16,0.707106781186548,FLOAT
"all_mutualistic_(0.5,0.5,0.5)",0.5,0.5,0.5,0.666668303827701,-0.5,-5,-3.81907393049778e+16,3.81907393049778e+16,0.707106781186548,FLOAT
"all_mutualistic_(0.5,0.5,0.5)",0.5,0.5,0.5,0.666668401475117,-0.5,-5,-3.20979781449527e+16,3.20979781449527e+16,0.707106781186548,FLOAT
"all_mutualistic_(0.5,0.5,0.5)",0.5,0.5,0.5,0.666668504946651,-0.5,-5,-2.69772258867331e+16,2.69772258867331e+16,0.707106781186548,FLOAT
"all_mutualistic_(0.5,0.5,0.5)",0.5,0.5,0.5,0.666668614589678,-0.5,-5,-2.26734130493691e+16,2.26734130493691e+16,0.707106781186548,FLOAT
"all_mutualistic_(0.5,0.5,0.5)",0.5,0.5,0.5,0.666668730772293,-0.5,-5,-1.90562091703631e+16,1.90562091703631e+16,0.707106781186548,FLOAT
"all_mutualistic_(0.5,0.5,0.5)",0.5,0.5,0.5,0.666668853884545,-0.5,-5,-1.60160760618299e+16,1.60160760618299e+16,0.707106781186548,FLOAT
"all_mutualistic_(0.5,0.5,0.5)",0.5,0.5,0.5,0.666668984339748,-0.5,-5,-1.34609507086284e+16,1.34609507086284e+16,0.707106781186548,FLOAT
"all_mutualistic_(0.5,0.5,0.5)",0.5,0.5,0.5,0.666669122575868,-0.5,-5,-1.13134573860097e+16,1.13134573860097e+16,0.707106781186548,FLOAT
"all_mutualistic_(0.5,0.5,0.5)",0.5,0.5,0.5,0.666669269056992,-0.5,-5,-9.50856449688636e+15,9.50856449688636e+15,0.707106781186548,FLOAT
"all_mutualistic_(0.5,0.5,0.5)",0.5,0.5,0.5,0.666669424274889,-0.5,-5,-7.99161527067978e+15,7.99161527067977e+15,0.707106781186548,FLOAT
"all_mutualistic_(0.5,0.5,0.5)",0.5,0.5,0.5,0.666669588750657,-0.5,-5,-6.71667260066836e+15,6.71667260066835e+15,0.707106781186548,FLOAT
"all_mutualistic_(0.5,0.5,0.5)",0.5,0.5,0.5,0.666669763036477,-0.5,-5,-5.64512796220965e+15,5.64512796220965e+15,0.707106781186548,FLOAT
"all_mutualistic_(0.5,0.5,0.5)",0.5,0.5,0.5,0.666669947717462,-0.5,-5,-4.74453224201067e+15,4.74453224201066e+15,0.707106781186548,FLOAT
"all_mutualistic_(0.5,0.5,0.5)",0.5,0.5,0.5,0.666670143413626,-0.5,-5,-3.98761309577036e+15,3.98761309577036e+15,0.707106781186548,FLOAT
"all_mutualistic_(0.5,0.5,0.5)",0.5,0.5,0.5,0.666670350781961,-0.5,-5,-3.35144907705009e+15,3.35144907705008e+15,0.707106781186548,FLOAT
"all_mutualistic_(0.5,0.5,0.5)",0.5,0.5,0.5,0.666670570518648,-0.5,-5,-2.81677551133245e+15,2.81677551133244e+15,0.707106781186548,FLOAT
"all_mutualistic_(0.5,0.5,0.5)",0.5,0.5,0.5,0.666670803361388,-0.5,-5,-2.36740111471576e+15,2.36740111471576e+15,0.707106781186548,FLOAT
"all_mutualistic_(0.5,0.5,0.5)",0.5,0.5,0.5,0.666671050091883,-0.5,-5,-1.98971768080044e+15,1.98971768080044e+15,0.707106781186548,FLOAT
"all_mutualistic_(0.5,0.5,0.5)",0.5,0.5,0.5,0.66667131153846,-0.5,-5,-1.67228798906114e+15,1.67228798906114e+15,0.707106781186548,FLOAT
"all_mutualistic_(0.5,0.5,0.5)",0.5,0.5,0.5,0.666671588578849,-0.5,-5,-1.40549945616316e+15,1.40549945616316e+15,0.707106781186548,FLOAT
"all_mutualistic_(0.5,0.5,0.5)",0.5,0.5,0.5,0.666671882143135,-0.5,-5,-1.18127304275545e+15,1.18127304275544e+15,0.707106781186548,FLOAT
"all_mutualistic_(0.5,0.5,0.5)",0.5,0.5,0.5,0.666672193216873,-0.5,-5,-992818599493742,992818599493736,0.707106781186548,FLOAT
"all_mutualistic_(0.5,0.5,0.5)",0.5,0.5,0.5,0.666672522844405,-0.5,-5,-834429243565772,834429243565767,0.707106781186548,FLOAT
"all_mutualistic_(0.5,0.5,0.5)",0.5,0.5,0.5,0.666672872132358,-0.5,-5,-701308539979006,701308539979001,0.707106781186548,FLOAT
"all_mutualistic_(0.5,0.5,0.5)",0.5,0.5,0.5,0.666673242253367,-0.5,-5,-589425253326138,589425253326133,0.707106781186548,FLOAT
"all_mutualistic_(0.5,0.5,0.5)",0.5,0.5,0.5,0.666673634450005,-0.5,-5,-495391271387304,495391271387299,0.707106781186548,FLOAT
"all_mutualistic_(0.5,0.5,0.5)",0.5,0.5,0.5,0.66667405003896,-0.5,-5,-416359004579044,416359004579039,0.707106781186548,FLOAT
"all_mutualistic_(0.5,0.5,0.5)",0.5,0.5,0.5,0.66667449041545,-0.5,-5,-349935153718605,349935153718600,0.707106781186548,FLOAT
"all_mutualistic_(0.5,0.5,0.5)",0.5,0.5,0.5,0.666674957057912,-0.5,-5,-294108234644384,294108234644379,0.707106781186548,FLOAT
"all_mutualistic_(0.5,0.5,0.5)",0.5,0.5,0.5,0.666675451532965,-0.5,-5,-247187665353883,247187665353878,0.707106781186548,FLOAT
"all_mutualistic_(0.5,0.5,0.5)",0.5,0.5,0.5,0.666675975500663,-0.5,-5,-207752571034928,207752571034923,0.707106781186548,FLOAT
"all_mutualistic_(0.5,0.5,0.5)",0.5,0.5,0.5,0.666676530720078,-0.5,-5,-174608756101141,174608756101136,0.707106781186548,FLOAT
"all_mutualistic_(0.5,0.5,0.5)",0.5,0.5,0.5,0.666677119055197,-0.5,-5,-146752541042541,146752541042536,0.707106781186548,FLOAT
"all_mutualistic_(0.5,0.5,0.5)",0.5,0.5,0.5,0.666677742481186,-0.5,-5,-123340368393196,123340368393191,0.707106781186548,FLOAT
"all_mutualistic_(0.5,0.5,0.5)",0.5,0.5,0.5,0.666678403091018,-0.5,-5,-103663257665848,103663257665843,0.707106781186548,FLOAT
"all_mutualistic_(0.5,0.5,0.5)",0.5,0.5,0.5,0.666679103102497,-0.5,-5,-87125335604104.9,87125335604099.9,0.707106781186548,FLOAT
"all_mutualistic_(0.5,0.5,0.5)",0.5,0.5,0.5,0.666679844865711,-0.5,-5,-73225791619535.1,73225791619530.1,0.707106781186548,FLOAT
"all_mutualistic_(0.5,0.5,0.5)",0.5,0.5,0.5,0.666680630870915,-0.5,-5,-61543711950346.5,61543711950341.5,0.707106781186548,FLOAT
"all_mutualistic_(0.5,0.5,0.5)",0.5,0.5,0.5,0.666681463756893,-0.5,-5,-51725333341541.5,51725333341536.5,0.707106781186548,FLOAT
"all_mutualistic_(0.5,0.5,0.5)",0.5,0.5,0.5,0.666682346319819,-0.5,-5,-43473330167241.9,43473330167236.9,0.707106781186548,FLOAT
"all_mutualistic_(0.5,0.5,0.5)",0.5,0.5,0.5,0.666683281522644,-0.5,-5,-36537810657433.1,36537810657428.1,0.707106781186548,FLOAT
"all_mutualistic_(0.5,0.5,0.5)",0.5,0.5,0.5,0.666684272505039,-0.5,-5,-30708749536917,30708749536912,0.707106781186548,FLOAT
"all_mutualistic_(0.5,0.5,0.5)",0.5,0.5,0.5,0.666685322593942,-0.5,-5,-25809627920740.6,25809627920735.6,0.707106781186548,FLOAT
"all_mutualistic_(0.5,0.5,0.5)",0.5,0.5,0.5,0.666686435314721,-0.5,-5,-21692087872814,21692087872809,0.707106781186548,FLOAT
"all_mutualistic_(0.5,0.5,0.5)",0.5,0.5,0.5,0.666687614403016,-0.5,-5,-18231439744726.8,18231439744721.8,0.707106781186548,FLOAT
"all_mutualistic_(0.5,0.5,0.5)",0.5,0.5,0.5,0.666688863817274,-0.5,-5,-15322886257834.5,15322886257829.5,0.707106781186548,FLOAT
"all_mutualistic_(0.5,0.5,0.5)",0.5,0.5,0.5,0.666690187752041,-0.5,-5,-12878348970829,12878348970824,0.707106781186548,FLOAT
"all_mutualistic_(0.5,0.5,0.5)",0.5,0.5,0.5,0.666691590652045,-0.5,-5,-10823801039968.2,10823801039963.2,0.707106781186548,FLOAT
"all_mutualistic_(0.5,0.5,0.5)",0.5,0.5,0.5,0.666693077227118,-0.5,-5,-9097025497393.32,9097025497388.32,0.707106781186548,FLOAT
"all_mutualistic_(0.5,0.5,0.5)",0.5,0.5,0.5,0.666694652468004,-0.5,-5,-7645731161851.13,7645731161846.13,0.707106781186548,FLOAT
"all_mutualistic_(0.5,0.5,0.5)",0.5,0.5,0.5,0.66669632166312,-0.5,-5,-6425969127532.42,6425969127527.42,0.707106781186548,FLOAT
"all_mutualistic_(0.5,0.5,0.5)",0.5,0.5,0.5,0.666698090416304,-0.5,-5,-5400801879403.7,5400801879398.7,0.707106781186548,FLOAT
"all_mutualistic_(0.5,0.5,0.5)",0.5,0.5,0.5,0.666699964665634,-0.5,-5,-4539184730264.43,4539184730259.43,0.707106781186548,FLOAT
"all_mutualistic_(0.5,0.5,0.5)",0.5,0.5,0.5,0.66670195070336,-0.5,-5,-3815025708256.83,3815025708251.83,0.707106781186548,FLOAT
"all_mutualistic_(0.5,0.5,0.5)",0.5,0.5,0.5,0.666704055197027,-0.5,-5,-3206395425495.63,3206395425490.63,0.707106781186548,FLOAT
"all_mutualistic_(0.5,0.5,0.5)",0.5,0.5,0.5,0.666706285211866,-0.5,-5,-2694862999912.49,2694862999907.49,0.707106781186548,FLOAT
"all_mutualistic_(0.5,0.5,0.5)",0.5,0.5,0.5,0.666708648234505,-0.5,-5,-2264937920780.26,2264937920775.26,0.707106781186548,FLOAT
"all_mutualistic_(0.5,0.5,0.5)",0.5,0.5,0.5,0.666711152198109,-0.5,-5,-1903600956732.75,1903600956727.75,0.707106781186548,FLOAT
"all_mutualistic_(0.5,0.5,0.5)",0.5,0.5,0.5,0.666713805509012,-0.5,-5,-1599909900085.65,1599909900080.65,0.707106781186548,FLOAT
"all_mutualistic_(0.5,0.5,0.5)",0.5,0.5,0.5,0.666716617074936,-0.5,-5,-1344668208618.24,1344668208613.24,0.707106781186548,FLOAT
"all_mutualistic_(0.5,0.5,0.5)",0.5,0.5,0.5,0.6667195963349,-0.5,-5,-1130146510837.56,1130146510832.56,0.707106781186548,FLOAT
"all_mutualistic_(0.5,0.5,0.5)",0.5,0.5,0.5,0.666722753290909,-0.5,-5,-949848540908.675,949848540903.675,0.707106781186548,FLOAT
"all_mutualistic_(0.5,0.5,0.5)",0.5,0.5,0.5,0.666726098541527,-0.5,-5,-798314415011.424,798314415006.424,0.707106781186548,FLOAT
"all_mutualistic_(0.5,0.5,0.5)",0.5,0.5,0.5,0.666729643317467,-0.5,-5,-670955292093.873,670955292088.873,0.707106781186548,FLOAT
"all_mutualistic_(0.5,0.5,0.5)",0.5,0.5,0.5,0.666733399519287,-0.5,-5,-563914412069.253,563914412064.253,0.707106781186548,FLOAT
"all_mutualistic_(0.5,0.5,0.5)",0.5,0.5,0.5,0.666737379757347,-0.5,-5,-473950303226.736,473950303221.736,0.707106781186548,FLOAT
"all_mutualistic_(0.5,0.5,0.5)",0.5,0.5,0.5,0.666741597394146,-0.5,-5,-398338622177.184,398338622172.184,0.707106781186548,FLOAT
"all_mutualistic_(0.5,0.5,0.5)",0.5,0.5,0.5,0.666746066589179,-0.5,-5,-334789653761.682,334789653756.682,0.707106781186548,FLOAT
"all_mutualistic_(0.5,0.5,0.5)",0.5,0.5,0.5,0.666750802346474,-0.5,-5,-281378972626.661,281378972621.661,0.707106781186548,FLOAT
"all_mutualistic_(0.5,0.5,0.5)",0.5,0.5,0.5,0.666755820564966,-0.5,-5,-236489166696.569,236489166691.569,0.707106781186548,FLOAT
"all_mutualistic_(0.5,0.5,0.5)",0.5,0.5,0.5,0.666761138091871,-0.5,-5,-198760857795.392,198760857790.392,0.707106781186548,FLOAT
"all_mutualistic_(0.5,0.5,0.5)",0.5,0.5,0.5,0.666766772779247,-0.5,-5,-167051536200.761,167051536195.761,0.707106781186548,FLOAT
"all_mutualistic_(0.5,0.5,0.5)",0.5,0.5,0.5,0.666772743543927,-0.5,-5,-140400962526.641,140400962521.641,0.707106781186548,FLOAT
"all_mutualistic_(0.5,0.5,0.5)",0.5,0.5,0.5,0.666779070431024,-0.5,-5,-118002089215.772,118002089210.772,0.707106781186548,FLOAT
"all_mutualistic_(0.5,0.5,0.5)",0.5,0.5,0.5,0.666785774681232,-0.5,-5,-99176621076.2887,99176621071.2887,0.707106781186548,FLOAT
"all_mutualistic_(0.5,0.5,0.5)",0.5,0.5,0.5,0.666792878802131,-0.5,-5,-83354474768.1306,83354474763.1306,0.707106781186548,FLOAT
"all_mutualistic_(0.5,0.5,0.5)",0.5,0.5,0.5,0.66680040664375,-0.5,-5,-70056515219.734,70056515214.734,0.707106781186548,FLOAT
"all_mutualistic_(0.5,0.5,0.5)",0.5,0.5,0.5,0.666808383478639,-0.5,-5,-58880046193.0862,58880046188.0862,0.707106781186548,FLOAT
"all_mutualistic_(0.5,0.5,0.5)",0.5,0.5,0.5,0.666816836086713,-0.5,-5,-49486615610.4618,49486615605.4618,0.707106781186548,FLOAT
"all_mutualistic_(0.5,0.5,0.5)",0.5,0.5,0.5,0.666825792845157,-0.5,-5,-41591766360.898,41591766355.898,0.707106781186548,FLOAT
"all_mutualistic_(0.5,0.5,0.5)",0.5,0.5,0.5,0.666835283823696,-0.5,-5,-34956422209.9921,34956422204.9921,0.707106781186548,FLOAT
"all_mutualistic_(0.5,0.5,0.5)",0.5,0.5,0.5,0.666845340885544,-0.5,-5,-29379647960.0699,29379647955.0699,0.707106781186548,FLOAT
"all_mutualistic_(0.5,0.5,0.5)",0.5,0.5,0.5,0.666855997794376,-0.5,-5,-24692564618.6951,24692564613.6951,0.707106781186548,FLOAT
"all_mutualistic_(0.5,0.5,0.5)",0.5,0.5,0.5,0.666867290327678,-0.5,-5,-20753235310.3042,20753235305.3042,0.707106781186548,FLOAT
"all_mutualistic_(0.5,0.5,0.5)",0.5,0.5,0.5,0.666879256396864,-0.5,-5,-17442367064.5364,17442367059.5364,0.707106781186548,FLOAT
"all_mutualistic_(0.5,0.5,0.5)",0.5,0.5,0.5,0.666891936174548,-0.5,-5,-14659698320.0748,14659698315.0748,0.707106781186548,FLOAT
"all_mutualistic_(0.5,0.5,0.5)",0.5,0.5,0.5,0.666905372229415,-0.5,-5,-12320962747.8083,12320962742.8083,0.707106781186548,FLOAT
"all_mutualistic_(0.5,0.5,0.5)",0.5,0.5,0.5,0.666919609669129,-0.5,-5,-10355337450.9193,10355337445.9193,0.707106781186548,FLOAT
"all_mutualistic_(0.5,0.5,0.5)",0.5,0.5,0.5,0.666934696291775,-0.5,-5,-8703298266.34248,8703298261.34248,0.707106781186548,FLOAT
"all_mutualistic_(0.5,0.5,0.5)",0.5,0.5,0.5,0.666950682746323,-0.5,-5,-7314817220.76782,7314817215.76782,0.707106781186548,FLOAT
"all_mutualistic_(0.5,0.5,0.5)",0.5,0.5,0.5,0.666967622702667,-0.5,-5,-6147847555.72628,6147847550.72628,0.707106781186548,FLOAT
"all_mutualistic_(0.5,0.5,0.5)",0.5,0.5,0.5,0.666985573031808,-0.5,-5,-5167050444.00672,5167050439.00672,0.707106781186548,FLOAT
"all_mutualistic_(0.5,0.5,0.5)",0.5,0.5,0.5,0.667004593996783,-0.5,-5,-4342724839.71366,4342724834.71366,0.707106781186548,FLOAT
"all_mutualistic_(0.5,0.5,0.5)",0.5,0.5,0.5,0.667024749454976,-0.5,-5,-3649908054.48175,3649908049.48175,0.707106781186548,FLOAT
"all_mutualistic_(0.5,0.5,0.5)",0.5,0.5,0.5,0.667046107072505,-0.5,-5,-3067619823.4786,3067619818.4786,0.707106781186548,FLOAT
"all_mutualistic_(0.5,0.5,0.5)",0.5,0.5,0.5,0.667068738551391,-0.5,-5,-2578226969.27327,2578226964.27327,0.707106781186548,FLOAT
"all_mutualistic_(0.5,0.5,0.5)",0.5,0.5,0.5,0.667092719870275,-0.5,-5,-2166909424.1217,2166909419.1217,0.707106781186548,FLOAT
"all_mutualistic_(0.5,0.5,0.5)",0.5,0.5,0.5,0.667118131539495,-0.5,-5,-1821211440.39407,1821211435.39407,0.707106781186548,FLOAT
"all_mutualistic_(0.5,0.5,0.5)",0.5,0.5,0.5,0.667145058871377,-0.5,-5,-1530664398.66737,1530664393.66737,0.707106781186548,FLOAT
"all_mutualistic_(0.5,0.5,0.5)",0.5,0.5,0.5,0.667173592266644,-0.5,-5,-1286469791.15276,1286469786.15276,0.707106781186548,FLOAT
"all_mutualistic_(0.5,0.5,0.5)",0.5,0.5,0.5,0.667203827517915,-0.5,-5,-1081232780.35533,1081232775.35533,0.707106781186548,FLOAT
"all_mutualistic_(0.5,0.5,0.5)",0.5,0.5,0.5,0.667235866131295,-0.5,-5,-908738264.486438,908738259.486438,0.707106781186548,FLOAT
"all_mutualistic_(0.5,0.5,0.5)",0.5,0.5,0.5,0.667269815667157,-0.5,-5,-763762668.276305,763762663.276305,0.707106781186548,FLOAT
"all_mutualistic_(0.5,0.5,0.5)",0.5,0.5,0.5,0.667305790101244,-0.5,-5,-641915759.750131,641915754.750131,0.707106781186548,FLOAT
"all_mutualistic_(0.5,0.5,0.5)",0.5,0.5,0.5,0.667343910207308,-0.5,-5,-539507702.769354,539507697.769354,0.707106781186548,FLOAT
"all_mutualistic_(0.5,0.5,0.5)",0.5,0.5,0.5,0.667384303962572,-0.5,-5,-453437319.356276,453437314.356276,0.707106781186548,FLOAT
"all_mutualistic_(0.5,0.5,0.5)",0.5,0.5,0.5,0.667427106977381,-0.5,-5,-381098178.088274,381098173.088274,0.707106781186548,FLOAT
"all_mutualistic_(0.5,0.5,0.5)",0.5,0.5,0.5,0.66747246295047,-0.5,-5,-320299664.687707,320299659.687707,0.707106781186548,FLOAT
"all_mutualistic_(0.5,0.5,0.5)",0.5,0.5,0.5,0.667520524151393,-0.5,-5,-269200644.614163,269200639.614163,0.707106781186548,FLOAT
"all_mutualistic_(0.5,0.5,0.5)",0.5,0.5,0.5,0.667571451931725,-0.5,-5,-226253708.802262,226253703.802262,0.707106781186548,FLOAT
"all_mutualistic_(0.5,0.5,0.5)",0.5,0.5,0.5,0.667625417266748,-0.5,-5,-190158314.155453,190158309.155453,0.707106781186548,FLOAT
"all_mutualistic_(0.5,0.5,0.5)",0.5,0.5,0.5,0.66768260132946,-0.5,-5,-159821399.772828,159821394.772828,0.707106781186548,FLOAT
"all_mutualistic_(0.5,0.5,0.5)",0.5,0.5,0.5,0.667743196098802,-0.5,-5,-134324286.269671,134324281.269671,0.707106781186548,FLOAT
"all_mutualistic_(0.5,0.5,0.5)",0.5,0.5,0.5,0.667807405004176,-0.5,-5,-112894855.814252,112894850.814252,0.707106781186548,FLOAT
"all_mutualistic_(0.5,0.5,0.5)",0.5,0.5,0.5,0.667875443608401,-0.5,-5,-94884170.4248588,94884165.4248588,0.707106781186548,FLOAT
"all_mutualistic_(0.5,0.5,0.5)",0.5,0.5,0.5,0.667947540331402,-0.5,-5,-79746820.4672021,79746815.4672021,0.707106781186548,FLOAT
"all_mutualistic_(0.5,0.5,0.5)",0.5,0.5,0.5,0.668023937217061,-0.5,-5,-67024408.2554315,67024403.2554315,0.707106781186548,FLOAT
"all_mutualistic_(0.5,0.5,0.5)",0.5,0.5,0.5,0.668104890745814,-0.5,-5,-56331666.5973202,56331661.5973202,0.707106781186548,FLOAT
"all_mutualistic_(0.5,0.5,0.5)",0.5,0.5,0.5,0.668190672695706,-0.5,-5,-47344791.9178764,47344786.9178764,0.707106781186548,FLOAT
"all_mutualistic_(0.5,0.5,0.5)",0.5,0.5,0.5,0.66828157105481,-0.5,-5,-39791638.658753,39791633.658753,0.707106781186548,FLOAT
"all_mutualistic_(0.5,0.5,0.5)",0.5,0.5,0.5,0.668377890988062,-0.5,-5,-33443478.0143866,33443473.0143866,0.707106781186548,FLOAT
"all_mutualistic_(0.5,0.5,0.5)",0.5,0.5,0.5,0.668479955861763,-0.5,-5,-28108071.4386107,28108066.4386107,0.707106781186548,FLOAT
"all_mutualistic_(0.5,0.5,0.5)",0.5,0.5,0.5,0.668588108329191,-0.5,-5,-23623849.1695723,23623844.1695723,0.707106781186548,FLOAT
"all_mutualistic_(0.5,0.5,0.5)",0.5,0.5,0.5,0.668702711480957,-0.5,-5,-19855017.4840226,19855012.4840226,0.707106781186548,FLOAT
"all_mutualistic_(0.5,0.5,0.5)",0.5,0.5,0.5,0.668824150063978,-0.5,-5,-16687446.5159016,16687441.5159016,0.707106781186548,FLOAT
"all_mutualistic_(0.5,0.5,0.5)",0.5,0.5,0.5,0.668952831773153,-0.5,-5,-14025214.1120059,14025209.1120059,0.707106781186548,FLOAT
"all_mutualistic_(0.5,0.5,0.5)",0.5,0.5,0.5,0.669089188620082,-0.5,-5,-11787701.063786,11787696.063786,0.707106781186548,FLOAT
"all_mutualistic_(0.5,0.5,0.5)",0.5,0.5,0.5,0.669233678383419,-0.5,-5,-9907149.75142492,9907144.75142492,0.707106781186548,FLOAT
"all_mutualistic_(0.5,0.5,0.5)",0.5,0.5,0.5,0.669386786145729,-0.5,-5,-8326612.26976753,8326607.26976753,0.707106781186548,FLOAT
"all_mutualistic_(0.5,0.5,0.5)",0.5,0.5,0.5,0.669549025922018,-0.5,-5,-6998225.90003101,6998220.90003101,0.707106781186548,FLOAT
"all_mutualistic_(0.5,0.5,0.5)",0.5,0.5,0.5,0.669720942385384,-0.5,-5,-5881763.70424494,5881758.70424494,0.707106781186548,FLOAT
"all_mutualistic_(0.5,0.5,0.5)",0.5,0.5,0.5,0.669903112695601,-0.5,-5,-4943416.35063175,4943411.35063175,0.707106781186548,FLOAT
"all_mutualistic_(0.5,0.5,0.5)",0.5,0.5,0.5,0.670096148436769,-0.5,-5,-4154768.28054709,4154763.28054709,0.707106781186548,FLOAT
"all_mutualistic_(0.5,0.5,0.5)",0.5,0.5,0.5,0.670300697670525,-0.5,-5,-3491937.2126569,3491932.2126569,0.707106781186548,FLOAT
"all_mutualistic_(0.5,0.5,0.5)",0.5,0.5,0.5,0.670517447111728,-0.5,-5,-2934850.92636098,2934845.92636098,0.707106781186548,FLOAT
"all_mutualistic_(0.5,0.5,0.5)",0.5,0.5,0.5,0.670747124433902,-0.5,-5,-2466639.42359464,2466634.42359464,0.707106781186548,FLOAT
"all_mutualistic_(0.5,0.5,0.5)",0.5,0.5,0.5,0.67099050071219,-0.5,-5,-2073124.06212515,2073119.06212515,0.707106781186548,FLOAT
"all_mutualistic_(0.5,0.5,0.5)",0.5,0.5,0.5,0.671248393012015,-0.5,-5,-1742388.18999064,1742383.18999064,0.707106781186548,FLOAT
"all_mutualistic_(0.5,0.5,0.5)",0.5,0.5,0.5,0.671521667132144,-0.5,-5,-1464416.27878762,1464411.27878762,0.707106781186548,FLOAT
"all_mutualistic_(0.5,0.5,0.5)",0.5,0.5,0.5,0.671811240511352,-0.5,-5,-1230790.62784725,1230785.62784725,0.707106781186548,FLOAT
"all_mutualistic_(0.5,0.5,0.5)",0.5,0.5,0.5,0.67211808530846,-0.5,-5,-1034436.45472219,1034431.45472219,0.707106781186548,FLOAT
"all_mutualistic_(0.5,0.5,0.5)",0.5,0.5,0.5,0.672443231666078,-0.5,-5,-869407.652672445,869402.652672445,0.707106781186548,FLOAT
"all_mutualistic_(0.5,0.5,0.5)",0.5,0.5,0.5,0.672787771169006,-0.5,-5,-730706.727340887,730701.727340887,0.707106781186548,FLOAT
"all_mutualistic_(0.5,0.5,0.5)",0.5,0.5,0.5,0.673152860508921,-0.5,-5,-614133.459837236,614128.459837236,0.707106781186548,FLOAT
"all_mutualistic_(0.5,0.5,0.5)",0.5,0.5,0.5,0.673539725367628,-0.5,-5,-516157.713364338,516152.713364338,0.707106781186548,FLOAT
"all_mutualistic_(0.5,0.5,0.5)",0.5,0.5,0.5,0.673949664531935,-0.5,-5,-433812.531643598,433807.531643598,0.707106781186548,FLOAT
"all_mutualistic_(0.5,0.5,0.5)",0.5,0.5,0.5,0.674384054253956,-0.5,-5,-364604.291888048,364599.291888048,0.707106781186548,FLOAT
"all_mutualistic_(0.5,0.5,0.5)",0.5,0.5,0.5,0.674844352871474,-0.5,-5,-306437.191524315,306432.191524315,0.707106781186548,FLOAT
"all_mutualistic_(0.5,0.5,0.5)",0.5,0.5,0.5,0.675332105703892,-0.5,-5,-257549.78192855,257544.78192855,0.707106781186548,FLOAT
"all_mutualistic_(0.5,0.5,0.5)",0.5,0.5,0.5,0.675848950240194,-0.5,-5,-216461.627255394,216456.627255394,0.707106781186548,FLOAT
"all_mutualistic_(0.5,0.5,0.5)",0.5,0.5,0.5,0.676396621636343,-0.5,-5,-181928.473052862,181923.473052862,0.707106781186548,FLOAT
"all_mutualistic_(0.5,0.5,0.5)",0.5,0.5,0.5,0.676976958540561,-0.5,-5,-152904.567054062,152899.567054062,0.707106781186548,FLOAT
"all_mutualistic_(0.5,0.5,0.5)",0.5,0.5,0.5,0.677591909266059,-0.5,-5,-128510.991122959,128505.991122959,0.707106781186548,FLOAT
"all_mutualistic_(0.5,0.5,0.5)",0.5,0.5,0.5,0.67824353833194,-0.5,-5,-108009.0453645,108004.0453645,0.707106781186548,FLOAT
"all_mutualistic_(0.5,0.5,0.5)",0.5,0.5,0.5,0.678934033394218,-0.5,-5,-90777.8784017908,90772.8784017908,0.707106781186548,FLOAT
"all_mutualistic_(0.5,0.5,0.5)",0.5,0.5,0.5,0.679665712590243,-0.5,-5,-76295.6864079237,76290.6864079237,0.707106781186548,FLOAT
"all_mutualistic_(0.5,0.5,0.5)",0.5,0.5,0.5,0.680441032321174,-0.5,-5,-64123.9115510402,64118.9115510402,0.707106781186548,FLOAT
"all_mutualistic_(0.5,0.5,0.5)",0.5,0.5,0.5,0.681262595498641,-0.5,-5,-53893.9613411193,53888.9613411193,0.707106781186548,FLOAT
"all_mutualistic_(0.5,0.5,0.5)",0.5,0.5,0.5,0.68213316028326,-0.5,-5,-45296.0467062869,45291.0467062869,0.707106781186548,FLOAT
"all_mutualistic_(0.5,0.5,0.5)",0.5,0.5,0.5,0.683055649344363,-0.5,-5,-38069.8007871234,38064.8007871234,0.707106781186548,FLOAT
"all_mutualistic_(0.5,0.5,0.5)",0.5,0.5,0.5,0.684033159672015,-0.5,-5,-31996.394361973,31991.394361973,0.707106781186548,FLOAT
"all_mutualistic_(0.5,0.5,0.5)",0.5,0.5,0.5,0.68506897297426,-0.5,-5,-26891.9091382116,26886.9091382116,0.707106781186548,FLOAT
"all_mutualistic_(0.5,0.5,0.5)",0.5,0.5,0.5,0.686166566694507,-0.5,-5,-22601.7682357685,22596.7682357685,0.707106781186548,FLOAT
"all_mutualistic_(0.5,0.5,0.5)",0.5,0.5,0.5,0.687329625686041,-0.5,-5,-18996.0552036823,18991.0552036823,0.707106781186548,FLOAT
"all_mutualistic_(0.5,0.5,0.5)",0.5,0.5,0.5,0.68856205458285,-0.5,-5,-15965.579817547,15960.579817547,0.707106781186548,FLOAT
"all_mutualistic_(0.5,0.5,0.5)",0.5,0.5,0.5,0.689867990908302,-0.5,-5,-13418.5715201201,13413.5715201201,0.707106781186548,FLOAT
"all_mutualistic_(0.5,0.5,0.5)",0.5,0.5,0.5,0.691251818965688,-0.5,-5,-11277.9003740273,11272.9003740273,0.707106781186548,FLOAT
"all_mutualistic_(0.5,0.5,0.5)",0.5,0.5,0.5,0.692718184557244,-0.5,-5,-9478.74136988489,9473.74136988489,0.707106781186548,FLOAT
"all_mutualistic_(0.5,0.5,0.5)",0.5,0.5,0.5,0.694272010581095,-0.5,-5,-7966.6113591272,7961.6113591272,0.707106781186548,FLOAT
"all_mutualistic_(0.5,0.5,0.5)",0.5,0.5,0.5,0.695918513558455,-0.5,-5,-6695.71916483494,6690.71916483494,0.707106781186548,FLOAT
"all_mutualistic_(0.5,0.5,0.5)",0.5,0.5,0.5,0.697663221146592,-0.5,-5,-5627.57890770371,5622.57890770371,0.707106781186548,FLOAT
"all_mutualistic_(0.5,0.5,0.5)",0.5,0.5,0.5,0.699511990696333,-0.5,-5,-4729.84455510968,4724.84455510968,0.707106781186548,FLOAT
"all_mutualistic_(0.5,0.5,0.5)",0.5,0.5,0.5,0.701471028916427,-0.5,-5,-3975.33040044227,3970.33040044227,0.707106781186548,FLOAT
"all_mutualistic_(0.5,0.5,0.5)",0.5,0.5,0.5,0.703546912710775,-0.5,-5,-3341.18781030649,3336.18781030649,0.707106781186548,FLOAT
"all_mutualistic_(0.5,0.5,0.5)",0.5,0.5,0.5,0.705746611258478,-0.5,-5,-2808.21330939674,2803.21330939674,0.707106781186548,FLOAT
"all_mutualistic_(0.5,0.5,0.5)",0.5,0.5,0.5,0.708077509410841,-0.5,-5,-2360.26705008121,2355.26705008121,0.707106781186548,FLOAT
"all_mutualistic_(0.5,0.5,0.5)",0.5,0.5,0.5,0.710547432483875,-0.5,-5,-1983.78405646674,1978.78405646674,0.707106781186548,FLOAT
"all_mutualistic_(0.5,0.5,0.5)",0.5,0.5,0.5,0.713164672529529,-0.5,-5,-1667.36344216483,1662.36344216483,0.707106781186548,FLOAT
"all_mutualistic_(0.5,0.5,0.5)",0.5,0.5,0.5,0.715938016173855,-0.5,-5,-1401.4231622211,1396.4231622211,0.707106781186548,FLOAT
"all_mutualistic_(0.5,0.5,0.5)",0.5,0.5,0.5,0.718876774115565,-0.5,-5,-1177.90984421312,1172.90984421312,0.707106781186548,FLOAT
"all_mutualistic_(0.5,0.5,0.5)",0.5,0.5,0.5,0.721990812384003,-0.5,-5,-990.054911459617,985.054911459617,0.707106781186548,FLOAT
"all_mutualistic_(0.5,0.5,0.5)",0.5,0.5,0.5,0.725290585461487,-0.5,-5,-832.169613127401,827.169613127401,0.707106781186548,FLOAT
"all_mutualistic_(0.5,0.5,0.5)",0.5,0.5,0.5,0.728787171381207,-0.5,-5,-699.472754223213,694.472754223213,0.707106781186548,FLOAT
"all_mutualistic_(0.5,0.5,0.5)",0.5,0.5,0.5,0.732492308918514,-0.5,-5,-587.945908693286,582.945908693286,0.707106781186548,FLOAT
"all_mutualistic_(0.5,0.5,0.5)",0.5,0.5,0.5,0.736418437000464,-0.5,-5,-494.211731112544,489.211731112544,0.707106781186548,FLOAT
"all_mutualistic_(0.5,0.5,0.5)",0.5,0.5,0.5,0.740578736465914,-0.5,-5,-415.431681929526,410.431681929526,0.707106781186548,FLOAT
"all_mutualistic_(0.5,0.5,0.5)",0.5,0.5,0.5,0.744987174316374,-0.5,-5,-349.220069125257,344.220069125257,0.707106781186548,FLOAT
"all_mutualistic_(0.5,0.5,0.5)",0.5,0.5,0.5,0.749658550606174,-0.5,-5,-293.571803247007,288.571803247007,0.707106781186548,FLOAT
"all_mutualistic_(0.5,0.5,0.5)",0.5,0.5,0.5,0.754608548129361,-0.5,-5,-246.801678053709,241.801678053709,0.707106781186548,FLOAT
"all_mutualistic_(0.5,0.5,0.5)",0.5,0.5,0.5,0.759853785070145,-0.5,-5,-207.493338034802,202.493338034802,0.707106781186548,FLOAT
"all_mutualistic_(0.5,0.5,0.5)",0.5,0.5,0.5,0.765411870793641,-0.5,-5,-174.456387407375,169.456387407375,0.707106781186548,FLOAT
"all_mutualistic_(0.5,0.5,0.5)",0.5,0.5,0.5,0.771301464964215,-0.5,-5,-146.690341741018,141.690341741018,0.707106781186548,FLOAT
"all_mutualistic_(0.5,0.5,0.5)",0.5,0.5,0.5,0.777542340189913,-0.5,-5,-123.354330571822,118.354330571822,0.707106781186548,FLOAT
"all_mutualistic_(0.5,0.5,0.5)",0.5,0.5,0.5,0.784155448403264,-0.5,-5,-103.741633521253,98.7416335212529,0.707106781186548,FLOAT
"all_mutualistic_(0.5,0.5,0.5)",0.5,0.5,0.5,0.791162991201332,-0.5,-5,-87.2582788060433,82.2582788060433,0.707106781186548,FLOAT
"all_mutualistic_(0.5,0.5,0.5)",0.5,0.5,0.5,0.798588494381158,-0.5,-5,-73.4050560442813,68.4050560442813,0.707106781186548,FLOAT
"all_mutualistic_(0.5,0.5,0.5)",0.5,0.5,0.5,0.806456886920807,-0.5,-5,-61.762398655707,56.762398655707,0.707106781186548,FLOAT
"all_mutualistic_(0.5,0.5,0.5)",0.5,0.5,0.5,0.814794584671205,-0.5,-5,-51.9776780519502,46.9776780519502,0.707106781186548,FLOAT
"all_mutualistic_(0.5,0.5,0.5)",0.5,0.5,0.5,0.823629579039712,-0.5,-5,-43.7545248464195,38.7545248464195,0.707106781186548,FLOAT
"all_mutualistic_(0.5,0.5,0.5)",0.5,0.5,0.5,0.83299153096317,-0.5,-5,-36.8438536954233,31.8438536954233,0.707106781186548,FLOAT
"all_mutualistic_(0.5,0.5,0.5)",0.5,0.5,0.5,0.842911870485915,-0.5,-5,-31.036319970645,26.036319970645,0.707106781186548,FLOAT
"all_mutualistic_(0.5,0.5,0.5)",0.5,0.5,0.5,0.853423902277057,-0.5,-5,-26.1559798205365,21.1559798205365,0.707106781186548,FLOAT
"all_mutualistic_(0.5,0.5,0.5)",0.5,0.5,0.5,0.864562917441269,-0.5,-5,-22.0549616175715,17.0549616175715,0.707106781186548,FLOAT
"all_mutualistic_(0.5,0.5,0.5)",0.5,0.5,0.5,0.876366311998457,-0.5,-5,-18.6089874132313,13.6089874132313,0.707106781186548,FLOAT
"all_mutualistic_(0.5,0.5,0.5)",0.5,0.5,0.5,0.888873712430073,-0.5,-5,-15.7136087608138,10.7136087608138,0.707106781186548,FLOAT
"all_mutualistic_(0.5,0.5,0.5)",0.5,0.5,0.5,0.9,-0.5,-5,-13.634661053094,8.63466105309404,0.707106781186548,FLOAT
"all_mutualistic_(0.5,0.5,0.5)",0.5,0.5,0.5,0.902127108713561,-0.5,-5,-13.2810428976376,8.28104289763757,0.707106781186548,FLOAT
"all_mutualistic_(0.5,0.5,0.5)",0.5,0.5,0.5,0.912667383761716,-0.5,-5,-11.7039844013146,6.70398440131463,0.707106781186548,FLOAT
"all_mutualistic_(0.5,0.5,0.5)",0.5,0.5,0.5,0.916170995291558,-0.5,-5,-11.2375134589485,6.23751345894849,0.707106781186548,FLOAT
"all_mutualistic_(0.5,0.5,0.5)",0.5,0.5,0.5,0.923730141409766,-0.5,-5,-10.3158453834609,5.31584538346093,0.707106781186548,FLOAT
"all_mutualistic_(0.5,0.5,0.5)",0.5,0.5,0.5,0.931052520449102,-0.5,-5,-9.52101517780402,4.52101517780402,0.707106781186548,FLOAT
"all_mutualistic_(0.5,0.5,0.5)",0.5,0.5,0.5,0.933391537091908,-0.5,-5,-9.28529068575719,4.28529068575719,0.707106781186548,FLOAT
"all_mutualistic_(0.5,0.5,0.5)",0.5,0.5,0.5,0.941829086706256,-0.5,-5,-8.50024070086268,3.50024070086268,0.707106781186548,FLOAT
"all_mutualistic_(0.5,0.5,0.5)",0.5,0.5,0.5,0.946821644600358,-0.5,-5,-8.07943487317437,3.07943487317436,0.707106781186548,FLOAT
"all_mutualistic_(0.5,0.5,0.5)",0.5,0.5,0.5,0.94919781953087,-0.5,-5,-7.88952215074968,2.88952215074968,0.707106781186548,FLOAT
"all_mutualistic_(0.5,0.5,0.5)",0.5,0.5,0.5,0.955633126690214,-0.5,-5,-7.4061337068907,2.4061337068907,0.707106781186548,FLOAT
"all_mutualistic_(0.5,0.5,0.5)",0.5,0.5,0.5,0.961253248795439,-0.5,-5,-7.01798791413128,2.01798791413128,0.707106781186548,FLOAT
"all_mutualistic_(0.5,0.5,0.5)",0.5,0.5,0.5,0.963531308016255,-0.5,-5,-6.86897183409148,1.86897183409148,0.707106781186548,FLOAT
"all_mutualistic_(0.5,0.5,0.5)",0.5,0.5,0.5,0.966161448465718,-0.5,-5,-6.70254451121713,1.70254451121713,0.707106781186548,FLOAT
"all_mutualistic_(0.5,0.5,0.5)",0.5,0.5,0.5,0.970447907647971,-0.5,-5,-6.44357266258315,1.44357266258315,0.707106781186548,FLOAT
"all_mutualistic_(0.5,0.5,0.5)",0.5,0.5,0.5,0.974191384595819,-0.5,-5,-6.2291287955119,1.2291287955119,0.707106781186548,FLOAT
"all_mutualistic_(0.5,0.5,0.5)",0.5,0.5,0.5,0.977460660952652,-0.5,-5,-6.05025482658989,1.05025482658989,0.707106781186548,FLOAT
"all_mutualistic_(0.5,0.5,0.5)",0.5,0.5,0.5,0.980315805527134,-0.5,-5,-5.9001174426345,0.900117442634494,0.707106781186548,FLOAT
"all_mutualistic_(0.5,0.5,0.5)",0.5,0.5,0.5,0.981237608556118,-0.5,-5,-5.85280980096392,0.852809800963919,0.707106781186548,FLOAT
"all_mutualistic_(0.5,0.5,0.5)",0.5,0.5,0.5,0.982809277981414,-0.5,-5,-5.773425305435,0.773425305435,0.707106781186548,FLOAT
"all_mutualistic_(0.5,0.5,0.5)",0.5,0.5,0.5,0.984986892710918,-0.5,-5,-5.66602593550056,0.666025935500555,0.707106781186548,FLOAT
"all_mutualistic_(0.5,0.5,0.5)",0.5,0.5,0.5,0.986888660625784,-0.5,-5,-5.57462146029497,0.574621460294964,0.707106781186548,FLOAT
"all_mutualistic_(0.5,0.5,0.5)",0.5,0.5,0.5,0.988549524300617,-0.5,-5,-5.4965646428857,0.496564642885703,0.707106781186548,FLOAT
"all_mutualistic_(0.5,0.5,0.5)",0.5,0.5,0.5,0.99,-0.5,-5,-5.42971016060242,0.429710160602417,0.707106781186548,FLOAT
"all_mutualistic_(0.5,0.5,0.5)",0.5,0.5,0.5,0.991266738376172,-0.5,-5,-5.37230456506735,0.372304565067354,0.707106781186548,FLOAT
"all_mutualistic_(0.5,0.5,0.5)",0.5,0.5,0.5,0.992373014140977,-0.5,-5,-5.32290375278973,0.322903752789726,0.707106781186548,FLOAT
"all_mutualistic_(0.5,0.5,0.5)",0.5,0.5,0.5,0.993339153709191,-0.5,-5,-5.28031028715622,0.280310287156217,0.707106781186548,FLOAT
"all_mutualistic_(0.5,0.5,0.5)",0.5,0.5,0.5,0.994182908670626,-0.5,-5,-5.24352523866194,0.243525238661936,0.707106781186548,FLOAT
"all_mutualistic_(0.5,0.5,0.5)",0.5,0.5,0.5,0.994919781953087,-0.5,-5,-5.21171077657518,0.211710776575181,0.707106781186548,FLOAT
"all_mutualistic_(0.5,0.5,0.5)",0.5,0.5,0.5,0.995563312669021,-0.5,-5,-5.18416081619141,0.184160816191413,0.707106781186548,FLOAT
"all_mutualistic_(0.5,0.5,0.5)",0.5,0.5,0.5,0.996125324879544,-0.5,-5,-5.16027776845333,0.160277768453326,0.707106781186548,FLOAT
"all_mutualistic_(0.5,0.5,0.5)",0.5,0.5,0.5,0.996616144846572,-0.5,-5,-5.1395539604131,0.139553960413098,0.707106781186548,FLOAT
"all_mutualistic_(0.5,0.5,0.5)",0.5,0.5,0.5,0.997044790764797,-0.5,-5,-5.12155666598187,0.121556665981871,0.707106781186548,FLOAT
"all_mutualistic_(0.5,0.5,0.5)",0.5,0.5,0.5,0.997419138459582,-0.5,-5,-5.10591595319798,0.105915953197981,0.707106781186548,FLOAT
"all_mutualistic_(0.5,0.5,0.5)",0.5,0.5,0.5,0.997746066095265,-0.5,-5,-5.09231474815182,0.0923147481518241,0.707106781186548,FLOAT
"all_mutualistic_(0.5,0.5,0.5)",0.5,0.5,0.5,0.998031580552713,-0.5,-5,-5.08048065805169,0.0804806580516884,0.707106781186548,FLOAT
"all_mutualistic_(0.5,0.5,0.5)",0.5,0.5,0.5,0.998280927798141,-0.5,-5,-5.07017920139982,0.0701792013998217,0.707106781186548,FLOAT
"all_mutualistic_(0.5,0.5,0.5)",0.5,0.5,0.5,0.998498689271092,-0.5,-5,-5.06120817211919,0.0612081721191862,0.707106781186548,FLOAT
"all_mutualistic_(0.5,0.5,0.5)",0.5,0.5,0.5,0.998688866062578,-0.5,-5,-5.05339292394889,0.0533929239488904,0.707106781186548,FLOAT
"all_mutualistic_(0.5,0.5,0.5)",0.5,0.5,0.5,0.998854952430062,-0.5,-5,-5.04658240664692,0.0465824066469214,0.707106781186548,FLOAT
"all_mutualistic_(0.5,0.5,0.5)",0.5,0.5,0.5,0.999,-0.5,-5,-5.04064582019291,0.0406458201929079,0.707106781186548,FLOAT
"all_mutualistic_(0.5,0.5,0.5)",0.5,0.5,0.5,0.999126673837617,-0.5,-5,-5.03546977994249,0.0354697799424866,0.707106781186548,FLOAT
"all_mutualistic_(0.5,0.5,0.5)",0.5,0.5,0.5,0.999237301414098,-0.5,-5,-5.03095590650124,0.0309559065012417,0.707106781186548,FLOAT
"all_mutualistic_(0.5,0.5,0.5)",0.5,0.5,0.5,0.999333915370919,-0.5,-5,-5.02701877039648,0.0270187703964835,0.707106781186548,FLOAT
"all_mutualistic_(0.5,0.5,0.5)",0.5,0.5,0.5,0.999418290867063,-0.5,-5,-5.02358413449409,0.0235841344940875,0.707106781186548,FLOAT
"all_mutualistic_(0.5,0.5,0.5)",0.5,0.5,0.5,0.999491978195309,-0.5,-5,-5.02058744733133,0.0205874473313292,0.707106781186548,FLOAT
"all_mutualistic_(0.5,0.5,0.5)",0.5,0.5,0.5,0.999556331266902,-0.5,-5,-5.0179725487122,0.017972548712196,0.707106781186548,FLOAT
"all_mutualistic_(0.5,0.5,0.5)",0.5,0.5,0.5,0.999612532487954,-0.5,-5,-5.01569055549173,0.0156905554917284,0.707106781186548,FLOAT
"all_mutualistic_(0.5,0.5,0.5)",0.5,0.5,0.5,0.999661614484657,-0.5,-5,-5.01369890080484,0.0136989008048394,0.707106781186548,FLOAT
"all_mutualistic_(0.5,0.5,0.5)",0.5,0.5,0.5,0.99970447907648,-0.5,-5,-5.01196050433645,0.0119605043364484,0.707106781186548,FLOAT
"all_mutualistic_(0.5,0.5,0.5)",0.5,0.5,0.5,0.999741913845958,-0.5,-5,-5.01044305478709,0.0104430547870882,0.707106781186548,FLOAT
"all_mutualistic_(0.5,0.5,0.5)",0.5,0.5,0.5,0.999774606609527,-0.5,-5,-5.00911838861866,0.00911838861865988,0.707106781186548,FLOAT
"all_mutualistic_(0.5,0.5,0.5)",0.5,0.5,0.5,0.999803158055271,-0.5,-5,-5.00796195159229,0.0079619515922893,0.707106781186548,FLOAT
"all_mutualistic_(0.5,0.5,0.5)",0.5,0.5,0.5,0.999828092779814,-0.5,-5,-5.00695233162975,0.00695233162974418,0.707106781186548,FLOAT
"all_mutualistic_(0.5,0.5,0.5)",0.5,0.5,0.5,0.999849868927109,-0.5,-5,-5.00607085321854,0.00607085321853429,0.707106781186548,FLOAT
"all_mutualistic_(0.5,0.5,0.5)",0.5,0.5,0.5,0.999868886606258,-0.5,-5,-5.00530122499847,0.00530122499846719,0.707106781186548,FLOAT
"all_mutualistic_(0.5,0.5,0.5)",0.5,0.5,0.5,0.999885495243006,-0.5,-5,-5.00462923336241,0.00462923336240983,0.707106781186548,FLOAT
"all_mutualistic_(0.5,0.5,0.5)",0.5,0.5,0.5,0.9999,-0.5,-5,-5.00404247591496,0.00404247591496354,0.707106781186548,FLOAT
"all_mutualistic_(0.5,0.5,0.5)",0.5,0.5,0.5,0.999912667383762,-0.5,-5,-5.00353012949089,0.00353012949088605,0.707106781186548,FLOAT
"all_mutualistic_(0.5,0.5,0.5)",0.5,0.5,0.5,0.99992373014141,-0.5,-5,-5.00308274816586,0.00308274816585818,0.707106781186548,FLOAT
"all_mutualistic_(0.5,0.5,0.5)",0.5,0.5,0.5,0.999933391537092,-0.5,-5,-5.00269208731585,0.00269208731584758,0.707106781186548,FLOAT
"all_mutualistic_(0.5,0.5,0.5)",0.5,0.5,0.5,0.999941829086706,-0.5,-5,-5.00235095031554,0.002350950315539,0.707106781186548,FLOAT
"all_mutualistic_(0.5,0.5,0.5)",0.5,0.5,0.5,0.999949197819531,-0.5,-5,-5.00205305492421,0.00205305492421193,0.707106781186548,FLOAT
"all_mutualistic_(0.5,0.5,0.5)",0.5,0.5,0.5,0.99995563312669,-0.5,-5,-5.00179291680151,0.0017929168015085,0.707106781186548,FLOAT
"all_mutualistic_(0.5,0.5,0.5)",0.5,0.5,0.5,0.999961253248795,-0.5,-5,-5.00156574793442,0.00156574793441688,0.707106781186548,FLOAT
"all_mutualistic_(0.5,0.5,0.5)",0.5,0.5,0.5,0.999966161448466,-0.5,-5,-5.00136736804973,0.00136736804972415,0.707106781186548,FLOAT
"all_mutualistic_(0.5,0.5,0.5)",0.5,0.5,0.5,0.999970447907648,-0.5,-5,-5.00119412733865,0.00119412733865065,0.707106781186548,FLOAT
"all_mutualistic_(0.5,0.5,0.5)",0.5,0.5,0.5,0.999974191384596,-0.5,-5,-5.00104283903936,0.00104283903936242,0.707106781186548,FLOAT
"all_mutualistic_(0.5,0.5,0.5)",0.5,0.5,0.5,0.999977460660953,-0.5,-5,-5.00091072061208,0.000910720612077753,0.707106781186548,FLOAT
"all_mutualistic_(0.5,0.5,0.5)",0.5,0.5,0.5,0.999980315805527,-0.5,-5,-5.00079534240582,0.000795342405820243,0.707106781186548,FLOAT
"all_mutualistic_(0.5,0.5,0.5)",0.5,0.5,0.5,0.999982809277981,-0.5,-5,-5.00069458285847,0.000694582858471016,0.707106781186548,FLOAT
"all_mutualistic_(0.5,0.5,0.5)",0.5,0.5,0.5,0.999984986892711,-0.5,-5,-5.00060658939501,0.000606589395013124,0.707106781186548,FLOAT
"all_mutualistic_(0.5,0.5,0.5)",0.5,0.5,0.5,0.999986888660626,-0.5,-5,-5.00052974429676,0.000529744296757784,0.707106781186548,FLOAT
"all_mutualistic_(0.5,0.5,0.5)",0.5,0.5,0.5,0.999988549524301,-0.5,-5,-5.00046263490766,0.00046263490765952,0.707106781186548,FLOAT
"all_mutualistic_(0.5,0.5,0.5)",0.5,0.5,0.5,0.99999,-0.5,-5,-5.00040402762499,0.000404027624991699,0.707106781186548,FLOAT
"all_mutualistic_(0.5,0.5,0.5)",0.5,0.5,0.5,0.999991266738376,-0.5,-5,-5.00035284519265,0.000352845192652218,0.707106781186548,FLOAT
"all_mutualistic_(0.5,0.5,0.5)",0.5,0.5,0.5,0.999992373014141,-0.5,-5,-5.00030814687678,0.000308146876778714,0.707106781186548,FLOAT
"all_mutualistic_(0.5,0.5,0.5)",0.5,0.5,0.5,0.999993339153709,-0.5,-5,-5.00026911115727,0.000269111157267687,0.707106781186548,FLOAT
"all_mutualistic_(0.5,0.5,0.5)",0.5,0.5,0.5,0.999994182908671,-0.5,-5,-5.00023502061522,0.000235020615215298,0.707106781186548,FLOAT
"all_mutualistic_(0.5,0.5,0.5)",0.5,0.5,0.5,0.999994919781953,-0.5,-5,-5.00020524873749,0.000205248737488617,0.707106781186548,FLOAT
"all_mutualistic_(0.5,0.5,0.5)",0.5,0.5,0.5,0.999995563312669,-0.5,-5,-5.00017924839478,0.000179248394780451,0.707106781186548,FLOAT
"all_mutualistic_(0.5,0.5,0.5)",0.5,0.5,0.5,0.99999612532488,-0.5,-5,-5.00015654178077,0.000156541780770958,0.707106781186548,FLOAT
"all_mutualistic_(0.5,0.5,0.5)",0.5,0.5,0.5,0.999996616144847,-0.5,-5,-5.00013671162694,0.000136711626936403,0.707106781186548,FLOAT
"all_mutualistic_(0.5,0.5,0.5)",0.5,0.5,0.5,0.999997044790765,-0.5,-5,-5.00011939353107,0.000119393531065271,0.707106781186548,FLOAT
"all_mutualistic_(0.5,0.5,0.5)",0.5,0.5,0.5,0.99999741913846,-0.5,-5,-5.00010426925829,0.000104269258291545,0.707106781186548,FLOAT
"all_mutualistic_(0.5,0.5,0.5)",0.5,0.5,0.5,0.999997746066095,-0.5,-5,-5.00009106089119,9.10608911928179e-05,0.707106781186548,FLOAT
"all_mutualistic_(0.5,0.5,0.5)",0.5,0.5,0.5,0.999998031580553,-0.5,-5,-5.00007952572136,7.95257213637157e-05,0.707106781186548,FLOAT
"all_mutualistic_(0.5,0.5,0.5)",0.5,0.5,0.5,0.999998280927798,-0.5,-5,-5.00006945178834,6.94517883408352e-05,0.707106781186548,FLOAT
"all_mutualistic_(0.5,0.5,0.5)",0.5,0.5,0.5,0.999998498689271,-0.5,-5,-5.00006065398392,6.06539839216325e-05,0.707106781186548,FLOAT
"all_mutualistic_(0.5,0.5,0.5)",0.5,0.5,0.5,0.999998688866063,-0.5,-5,-5.0000529706501,5.29706501000149e-05,0.707106781186548,FLOAT
"all_mutualistic_(0.5,0.5,0.5)",0.5,0.5,0.5,0.99999885495243,-0.5,-5,-5.00004626060812,4.62606081157446e-05,0.707106781186548,FLOAT
"all_mutualistic_(0.5,0.5,0.5)",0.5,0.5,0.5,0.999999,-0.5,-5,-5.00004040056393,4.04005639262905e-05,0.707106781186548,FLOAT
"all_mutualistic_(0.5,0.5,0.5)",0.5,0.5,0.5,0.999999126673838,-0.5,-5,-5.00003528284243,3.52828424281526e-05,0.707106781186548,FLOAT
"all_mutualistic_(0.5,0.5,0.5)",0.5,0.5,0.5,0.999999237301414,-0.5,-5,-5.00003081340877,3.08134087649847e-05,0.707106781186548,FLOAT
"all_mutualistic_(0.5,0.5,0.5)",0.5,0.5,0.5,0.999999333915371,-0.5,-5,-5.00002691014031,2.69101403063132e-05,0.707106781186548,FLOAT
"all_mutualistic_(0.5,0.5,0.5)",0.5,0.5,0.5,0.999999418290867,-0.5,-5,-5.00002350131758,2.35013175746701e-05,0.707106781186548,FLOAT
"all_mutualistic_(0.5,0.5,0.5)",0.5,0.5,0.5,0.999999491978195,-0.5,-5,-5.00002052430635,2.05243063451377e-05,0.707106781186548,FLOAT
"all_mutualistic_(0.5,0.5,0.5)",0.5,0.5,0.5,0.999999556331267,-0.5,-5,-5.00001792440672,1.79244067197715e-05,0.707106781186548,FLOAT
"all_mutualistic_(0.5,0.5,0.5)",0.5,0.5,0.5,0.999999612532488,-0.5,-5,-5.00001565384802,1.56538480187152e-05,0.707106781186548,FLOAT
"all_mutualistic_(0.5,0.5,0.5)",0.5,0.5,0.5,0.999999661614485,-0.5,-5,-5.00001367091096,1.36709109597177e-05,0.707106781186548,FLOAT
"all_mutualistic_(0.5,0.5,0.5)",0.5,0.5,0.5,0.999999704479076,-0.5,-5,-5.00001193916111,1.19391611077546e-05,0.707106781186548,FLOAT
"all_mutualistic_(0.5,0.5,0.5)",0.5,0.5,0.5,0.999999741913846,-0.5,-5,-5.00001042677939,1.0426779391004e-05,0.707106781186548,FLOAT
"all_mutualistic_(0.5,0.5,0.5)",0.5,0.5,0.5,0.999999774606609,-0.5,-5,-5.00000910597743,9.1059774307567e-06,0.707106781186548,FLOAT
"all_mutualistic_(0.5,0.5,0.5)",0.5,0.5,0.5,0.999999803158055,-0.5,-5,-5.00000795248696,7.95248695517614e-06,0.707106781186548,FLOAT
"all_mutualistic_(0.5,0.5,0.5)",0.5,0.5,0.5,0.99999982809278,-0.5,-5,-5.00000694511387,6.9451138662302e-06,0.707106781186548,FLOAT
"all_mutualistic_(0.5,0.5,0.5)",0.5,0.5,0.5,0.999999849868927,-0.5,-5,-5.00000606534884,6.0653488436202e-06,0.707106781186548,FLOAT
"all_mutualistic_(0.5,0.5,0.5)",0.5,0.5,0.5,0.999999868886606,-0.5,-5,-5.00000529702721,5.29702721152603e-06,0.707106781186548,FLOAT
"all_mutualistic_(0.5,0.5,0.5)",0.5,0.5,0.5,0.999999885495243,-0.5,-5,-5.00000462603199,4.62603198858602e-06,0.707106781186548,FLOAT
"all_mutualistic_(0.5,0.5,0.5)",0.5,0.5,0.5,0.9999999,-0.5,-5,-5.00000404003441,4.04003440745981e-06,0.707106781186548,FLOAT
"all_mutualistic_(0.5,0.5,0.5)",0.5,0.5,0.5,0.999999912667384,-0.5,-5,-5.00000352826748,3.52826747729296e-06,0.707106781186548,FLOAT
"all_mutualistic_(0.5,0.5,0.5)",0.5,0.5,0.5,0.999999923730141,-0.5,-5,-5.00000308132809,3.08132808779504e-06,0.707106781186548,FLOAT
"all_mutualistic_(0.5,0.5,0.5)",0.5,0.5,0.5,0.999999933391537,-0.5,-5,-5.00000269100428,2.69100427896518e-06,0.707106781186548,FLOAT
"all_mutualistic_(0.5,0.5,0.5)",0.5,0.5,0.5,0.999999941829087,-0.5,-5,-5.00000235012432,2.35012432092674e-06,0.707106781186548,FLOAT
"all_mutualistic_(0.5,0.5,0.5)",0.5,0.5,0.5,0.99999994919782,-0.5,-5,-5.00000205242496,2.05242496065239e-06,0.707106781186548,FLOAT
"all_mutualistic_(0.5,0.5,0.5)",0.5,0.5,0.5,0.999999955633127,-0.5,-5,-5.00000179243635,1.79243634423898e-06,0.707106781186548,FLOAT
"all_mutualistic_(0.5,0.5,0.5)",0.5,0.5,0.5,0.999999961253249,-0.5,-5,-5.0000015653815,1.5653815008676e-06,0.707106781186548,FLOAT
"all_mutualistic_(0.5,0.5,0.5)",0.5,0.5,0.5,0.999999966161448,-0.5,-5,-5.00000136708858,1.36708858100576e-06,0.707106781186548,FLOAT
"all_mutualistic_(0.5,0.5,0.5)",0.5,0.5,0.5,0.999999970447908,-0.5,-5,-5.00000119391419,1.19391418884618e-06,0.707106781186548,FLOAT
"all_mutualistic_(0.5,0.5,0.5)",0.5,0.5,0.5,0.999999974191385,-0.5,-5,-5.00000104267647,1.04267647227374e-06,0.707106781186548,FLOAT
"all_mutualistic_(0.5,0.5,0.5)",0.5,0.5,0.5,0.999999977460661,-0.5,-5,-5.00000091059663,9.105966256584e-07,0.707106781186548,FLOAT
"all_mutualistic_(0.5,0.5,0.5)",0.5,0.5,0.5,0.999999980315806,-0.5,-5,-5.00000079524785,7.95247846241409e-07,0.707106781186548,FLOAT
"all_mutualistic_(0.5,0.5,0.5)",0.5,0.5,0.5,0.999999982809278,-0.5,-5,-5.00000069451074,6.9451074047322e-07,0.707106781186548,FLOAT
"all_mutualistic_(0.5,0.5,0.5)",0.5,0.5,0.5,0.999999984986893,-0.5,-5,-5.00000060653439,6.06534392488811e-07,0.707106781186548,FLOAT
"all_mutualistic_(0.5,0.5,0.5)",0.5,0.5,0.5,0.999999986888661,-0.5,-5,-5.00000052970235,5.2970234509786e-07,0.707106781186548,FLOAT
"all_mutualistic_(0.5,0.5,0.5)",0.5,0.5,0.5,0.999999988549524,-0.5,-5,-5.00000046260291,4.6260290798017e-07,0.707106781186548,FLOAT
"all_mutualistic_(0.5,0.5,0.5)",0.5,0.5,0.5,0.99999999,-0.5,-5,-5.00000040400323,4.04003224652172e-07,0.707106781186548,FLOAT
"mutualistic_mixed_(0.2,0.8,0.5)",0.2,0.8,0.5,0.666666676666667,-0.5,-4.69736659610103,-1.67583891416241e+23,1.67583891416241e+23,0.565685424949238,FLOAT
"mutualistic_mixed_(0.2,0.8,0.5)",0.2,0.8,0.5,0.66666667726311,-0.5,-4.69736659610103,-1.40848386016182e+23,1.40848386016182e+23,0.565685424949238,FLOAT
"mutualistic_mixed_(0.2,0.8,0.5)",0.2,0.8,0.5,0.666666677895128,-0.5,-4.69736659610103,-1.1837813603123e+23,1.1837813603123e+23,0.565685424949238,FLOAT
"mutualistic_mixed_(0.2,0.8,0.5)",0.2,0.8,0.5,0.666666678564843,-0.5,-4.69736659610103,-9.94926751464e+22,9.94926751464e+22,0.565685424949238,FLOAT
"mutualistic_mixed_(0.2,0.8,0.5)",0.2,0.8,0.5,0.666666679274502,-0.5,-4.69736659610103,-8.36201094451602e+22,8.36201094451602e+22,0.565685424949238,FLOAT
"mutualistic_mixed_(0.2,0.8,0.5)",0.2,0.8,0.5,0.666666680026488,-0.5,-4.69736659610103,-7.02797684627603e+22,7.02797684627603e+22,0.565685424949238,FLOAT
"mutualistic_mixed_(0.2,0.8,0.5)",0.2,0.8,0.5,0.666666680823326,-0.5,-4.69736659610103,-5.90676834129638e+22,5.90676834129638e+22,0.565685424949238,FLOAT
"mutualistic_mixed_(0.2,0.8,0.5)",0.2,0.8,0.5,0.666666681667691,-0.5,-4.69736659610103,-4.96443193288992e+22,4.96443193288992e+22,0.565685424949238,FLOAT
"mutualistic_mixed_(0.2,0.8,0.5)",0.2,0.8,0.5,0.666666682562417,-0.5,-4.69736659610103,-4.17243101276356e+22,4.17243101276356e+22,0.565685424949238,FLOAT
"mutualistic_mixed_(0.2,0.8,0.5)",0.2,0.8,0.5,0.666666683510509,-0.5,-4.69736659610103,-3.50678201475698e+22,3.50678201475698e+22,0.565685424949238,FLOAT
"mutualistic_mixed_(0.2,0.8,0.5)",0.2,0.8,0.5,0.666666684515149,-0.5,-4.69736659610103,-2.94732738943858e+22,2.94732738943858e+22,0.565685424949238,FLOAT
"mutualistic_mixed_(0.2,0.8,0.5)",0.2,0.8,0.5,0.66666668557971,-0.5,-4.69736659610103,-2.47712535855526e+22,2.47712535855526e+22,0.565685424949238,FLOAT
"mutualistic_mixed_(0.2,0.8,0.5)",0.2,0.8,0.5,0.666666686707767,-0.5,-4.69736659610103,-2.08193712023706e+22,2.08193712023706e+22,0.565685424949238,FLOAT
"mutualistic_mixed_(0.2,0.8,0.5)",0.2,0.8,0.5,0.666666687903105,-0.5,-4.69736659610103,-1.74979517747164e+22,1.74979517747164e+22,0.565685424949238,FLOAT
"mutualistic_mixed_(0.2,0.8,0.5)",0.2,0.8,0.5,0.666666689169739,-0.5,-4.69736659610103,-1.47064153188287e+22,1.47064153188287e+22,0.565685424949238,FLOAT
"mutualistic_mixed_(0.2,0.8,0.5)",0.2,0.8,0.5,0.66666669051192,-0.5,-4.69736659610103,-1.23602267497675e+22,1.23602267497675e+22,0.565685424949238,FLOAT
"mutualistic_mixed_(0.2,0.8,0.5)",0.2,0.8,0.5,0.666666691934155,-0.5,-4.69736659610103,-1.03883375440264e+22,1.03883375440264e+22,0.565685424949238,FLOAT
"mutualistic_mixed_(0.2,0.8,0.5)",0.2,0.8,0.5,0.666666693441218,-0.5,-4.69736659610103,-8.73103366379738e+21,8.73103366379738e+21,0.565685424949238,FLOAT
"mutualistic_mixed_(0.2,0.8,0.5)",0.2,0.8,0.5,0.666666695038169,-0.5,-4.69736659610103,-7.33812780159433e+21,7.33812780159433e+21,0.565685424949238,FLOAT
"mutualistic_mixed_(0.2,0.8,0.5)",0.2,0.8,0.5,0.666666696730369,-0.5,-4.69736659610103,-6.16743931828789e+21,6.16743931828789e+21,0.565685424949238,FLOAT
"mutualistic_mixed_(0.2,0.8,0.5)",0.2,0.8,0.5,0.666666698523499,-0.5,-4.69736659610103,-5.18351666709125e+21,5.18351666709125e+21,0.565685424949238,FLOAT
"mutualistic_mixed_(0.2,0.8,0.5)",0.2,0.8,0.5,0.666666700423579,-0.5,-4.69736659610103,-4.35656409698633e+21,4.35656409698633e+21,0.565685424949238,FLOAT
"mutualistic_mixed_(0.2,0.8,0.5)",0.2,0.8,0.5,0.666666702436989,-0.5,-4.69736659610103,-3.66153942030884e+21,3.66153942030884e+21,0.565685424949238,FLOAT
"mutualistic_mixed_(0.2,0.8,0.5)",0.2,0.8,0.5,0.666666704570486,-0.5,-4.69736659610103,-3.07739561291698e+21,3.07739561291698e+21,0.565685424949238,FLOAT
"mutualistic_mixed_(0.2,0.8,0.5)",0.2,0.8,0.5,0.666666706831235,-0.5,-4.69736659610103,-2.58644316433298e+21,2.58644316433298e+21,0.565685424949238,FLOAT
"mutualistic_mixed_(0.2,0.8,0.5)",0.2,0.8,0.5,0.666666709226825,-0.5,-4.69736659610103,-2.17381483885784e+21,2.17381483885784e+21,0.565685424949238,FLOAT
"mutualistic_mixed_(0.2,0.8,0.5)",0.2,0.8,0.5,0.666666711765299,-0.5,-4.69736659610103,-1.82701520267546e+21,1.82701520267546e+21,0.565685424949238,FLOAT
"mutualistic_mixed_(0.2,0.8,0.5)",0.2,0.8,0.5,0.666666714455177,-0.5,-4.69736659610103,-1.53554226781719e+21,1.53554226781719e+21,0.565685424949238,FLOAT
"mutualistic_mixed_(0.2,0.8,0.5)",0.2,0.8,0.5,0.666666717305492,-0.5,-4.69736659610103,-1.29056946702891e+21,1.29056946702891e+21,0.565685424949238,FLOAT
"mutualistic_mixed_(0.2,0.8,0.5)",0.2,0.8,0.5,0.666666720325813,-0.5,-4.69736659610103,-1.08467840595261e+21,1.08467840595261e+21,0.565685424949238,FLOAT
"mutualistic_mixed_(0.2,0.8,0.5)",0.2,0.8,0.5,0.666666723526278,-0.5,-4.69736659610103,-9.11634196775657e+20,9.11634196775657e+20,0.565685424949238,FLOAT
"mutualistic_mixed_(0.2,0.8,0.5)",0.2,0.8,0.5,0.666666726917633,-0.5,-4.69736659610103,-7.66196592688063e+20,7.66196592688063e+20,0.565685424949238,FLOAT
"mutualistic_mixed_(0.2,0.8,0.5)",0.2,0.8,0.5,0.666666730511263,-0.5,-4.69736659610103,-6.4396139287651e+20,6.4396139287651e+20,0.565685424949238,FLOAT
"mutualistic_mixed_(0.2,0.8,0.5)",0.2,0.8,0.5,0.666666734319233,-0.5,-4.69736659610103,-5.41226983961269e+20,5.41226983961269e+20,0.565685424949238,FLOAT
"mutualistic_mixed_(0.2,0.8,0.5)",0.2,0.8,0.5,0.666666738354327,-0.5,-4.69736659610103,-4.54882316908885e+20,4.54882316908885e+20,0.565685424949238,FLOAT
"mutualistic_mixed_(0.2,0.8,0.5)",0.2,0.8,0.5,0.666666742630091,-0.5,-4.69736659610103,-3.82312645462413e+20,3.82312645462413e+20,0.565685424949238,FLOAT
"mutualistic_mixed_(0.2,0.8,0.5)",0.2,0.8,0.5,0.66666674716088,-0.5,-4.69736659610103,-3.21320381809281e+20,3.21320381809281e+20,0.565685424949238,FLOAT
"mutualistic_mixed_(0.2,0.8,0.5)",0.2,0.8,0.5,0.666666751961906,-0.5,-4.69736659610103,-2.70058520454574e+20,2.70058520454574e+20,0.565685424949238,FLOAT
"mutualistic_mixed_(0.2,0.8,0.5)",0.2,0.8,0.5,0.666666757049286,-0.5,-4.69736659610103,-2.26974724155131e+20,2.26974724155131e+20,0.565685424949238,FLOAT
"mutualistic_mixed_(0.2,0.8,0.5)",0.2,0.8,0.5,0.666666762440099,-0.5,-4.69736659610103,-1.90764303392974e+20,1.90764303392974e+20,0.565685424949238,FLOAT
"mutualistic_mixed_(0.2,0.8,0.5)",0.2,0.8,0.5,0.666666768152444,-0.5,-4.69736659610103,-1.60330711196059e+20,1.60330711196059e+20,0.565685424949238,FLOAT
"mutualistic_mixed_(0.2,0.8,0.5)",0.2,0.8,0.5,0.666666774205498,-0.5,-4.69736659610103,-1.34752345127507e+20,1.34752345127507e+20,0.565685424949238,FLOAT
"mutualistic_mixed_(0.2,0.8,0.5)",0.2,0.8,0.5,0.666666780619582,-0.5,-4.69736659610103,-1.13254623887527e+20,1.13254623887527e+20,0.565685424949238,FLOAT
"mutualistic_mixed_(0.2,0.8,0.5)",0.2,0.8,0.5,0.66666678741623,-0.5,-4.69736659610103,-9.51865430984037e+19,9.51865430984037e+19,0.565685424949238,FLOAT
"mutualistic_mixed_(0.2,0.8,0.5)",0.2,0.8,0.5,0.66666679461826,-0.5,-4.69736659610103,-8.00009538888387e+19,8.00009538888387e+19,0.565685424949238,FLOAT
"mutualistic_mixed_(0.2,0.8,0.5)",0.2,0.8,0.5,0.666666802249851,-0.5,-4.69736659610103,-6.7237998330246e+19,6.7237998330246e+19,0.565685424949238,FLOAT
"mutualistic_mixed_(0.2,0.8,0.5)",0.2,0.8,0.5,0.666666810336623,-0.5,-4.69736659610103,-5.65111815637185e+19,5.65111815637185e+19,0.565685424949238,FLOAT
"mutualistic_mixed_(0.2,0.8,0.5)",0.2,0.8,0.5,0.666666818905725,-0.5,-4.69736659610103,-4.74956679217028e+19,4.74956679217028e+19,0.565685424949238,FLOAT
"mutualistic_mixed_(0.2,0.8,0.5)",0.2,0.8,0.5,0.666666827985925,-0.5,-4.69736659610103,-3.99184445639757e+19,3.99184445639757e+19,0.565685424949238,FLOAT
"mutualistic_mixed_(0.2,0.8,0.5)",0.2,0.8,0.5,0.666666837607709,-0.5,-4.69736659610103,-3.3550053933693e+19,3.3550053933693e+19,0.565685424949238,FLOAT
"mutualistic_mixed_(0.2,0.8,0.5)",0.2,0.8,0.5,0.666666847803377,-0.5,-4.69736659610103,-2.81976446717057e+19,2.81976446717057e+19,0.565685424949238,FLOAT
"mutualistic_mixed_(0.2,0.8,0.5)",0.2,0.8,0.5,0.66666685860716,-0.5,-4.69736659610103,-2.3699132229588e+19,2.3699132229588e+19,0.565685424949238,FLOAT
"mutualistic_mixed_(0.2,0.8,0.5)",0.2,0.8,0.5,0.666666870055327,-0.5,-4.69736659610103,-1.99182902328803e+19,1.99182902328803e+19,0.565685424949238,FLOAT
"mutualistic_mixed_(0.2,0.8,0.5)",0.2,0.8,0.5,0.666666882186313,-0.5,-4.69736659610103,-1.6740624995965e+19,1.6740624995965e+19,0.565685424949238,FLOAT
"mutualistic_mixed_(0.2,0.8,0.5)",0.2,0.8,0.5,0.666666895040844,-0.5,-4.69736659610103,-1.40699086814271e+19,1.40699086814271e+19,0.565685424949238,FLOAT
"mutualistic_mixed_(0.2,0.8,0.5)",0.2,0.8,0.5,0.666666908662074,-0.5,-4.69736659610103,-1.18252652272566e+19,1.18252652272566e+19,0.565685424949238,FLOAT
"mutualistic_mixed_(0.2,0.8,0.5)",0.2,0.8,0.5,0.666666923095735,-0.5,-4.69736659610103,-9.93872105422207e+18,9.93872105422207e+18,0.565685424949238,FLOAT
"mutualistic_mixed_(0.2,0.8,0.5)",0.2,0.8,0.5,0.666666938390282,-0.5,-4.69736659610103,-8.35314678745055e+18,8.35314678745055e+18,0.565685424949238,FLOAT
"mutualistic_mixed_(0.2,0.8,0.5)",0.2,0.8,0.5,0.666666954597062,-0.5,-4.69736659610103,-7.02052716131562e+18,7.02052716131562e+18,0.565685424949238,FLOAT
"mutualistic_mixed_(0.2,0.8,0.5)",0.2,0.8,0.5,0.666666971770485,-0.5,-4.69736659610103,-5.90050708306868e+18,5.90050708306868e+18,0.565685424949238,FLOAT
"mutualistic_mixed_(0.2,0.8,0.5)",0.2,0.8,0.5,0.666666989968206,-0.5,-4.69736659610103,-4.95916943831669e+18,4.95916943831669e+18,0.565685424949238,FLOAT
"mutualistic_mixed_(0.2,0.8,0.5)",0.2,0.8,0.5,0.666667009251318,-0.5,-4.69736659610103,-4.16800813735835e+18,4.16800813735835e+18,0.565685424949238,FLOAT
"mutualistic_mixed_(0.2,0.8,0.5)",0.2,0.8,0.5,0.666667029684559,-0.5,-4.69736659610103,-3.50306479047652e+18,3.50306479047652e+18,0.565685424949238,FLOAT
"mutualistic_mixed_(0.2,0.8,0.5)",0.2,0.8,0.5,0.666667051336528,-0.5,-4.69736659610103,-2.9442032036085e+18,2.9442032036085e+18,0.565685424949238,FLOAT
"mutualistic_mixed_(0.2,0.8,0.5)",0.2,0.8,0.5,0.666667074279914,-0.5,-4.69736659610103,-2.47449962717264e+18,2.47449962717264e+18,0.565685424949238,FLOAT
"mutualistic_mixed_(0.2,0.8,0.5)",0.2,0.8,0.5,0.666667098591744,-0.5,-4.69736659610103,-2.07973022704785e+18,2.07973022704785e+18,0.565685424949238,FLOAT
"mutualistic_mixed_(0.2,0.8,0.5)",0.2,0.8,0.5,0.666667124353638,-0.5,-4.69736659610103,-1.74794038000208e+18,1.74794038000208e+18,0.565685424949238,FLOAT
"mutualistic_mixed_(0.2,0.8,0.5)",0.2,0.8,0.5,0.666667151652083,-0.5,-4.69736659610103,-1.4690826402702e+18,1.4690826402702e+18,0.565685424949238,FLOAT
"mutualistic_mixed_(0.2,0.8,0.5)",0.2,0.8,0.5,0.666667180578726,-0.5,-4.69736659610103,-1.23471248109318e+18,1.23471248109318e+18,0.565685424949238,FLOAT
"mutualistic_mixed_(0.2,0.8,0.5)",0.2,0.8,0.5,0.66666721123068,-0.5,-4.69736659610103,-1.03773257458592e+18,1.03773257458592e+18,0.565685424949238,FLOAT
"mutualistic_mixed_(0.2,0.8,0.5)",0.2,0.8,0.5,0.66666724371085,-0.5,-4.69736659610103,-8.72177865959818e+17,8.72177865959818e+17,0.565685424949238,FLOAT
"mutualistic_mixed_(0.2,0.8,0.5)",0.2,0.8,0.5,0.666667278128279,-0.5,-4.69736659610103,-7.33034933696313e+17,7.33034933696313e+17,0.565685424949238,FLOAT
"mutualistic_mixed_(0.2,0.8,0.5)",0.2,0.8,0.5,0.666667314598514,-0.5,-4.69736659610103,-6.16090175900002e+17,6.16090175900002e+17,0.565685424949238,FLOAT
"mutualistic_mixed_(0.2,0.8,0.5)",0.2,0.8,0.5,0.666667353243992,-0.5,-4.69736659610103,-5.17802204381658e+17,5.17802204381658e+17,0.565685424949238,FLOAT
"mutualistic_mixed_(0.2,0.8,0.5)",0.2,0.8,0.5,0.666667394194455,-0.5,-4.69736659610103,-4.3519460835294e+17,4.3519460835294e+17,0.565685424949238,FLOAT
"mutualistic_mixed_(0.2,0.8,0.5)",0.2,0.8,0.5,0.666667437587381,-0.5,-4.69736659610103,-3.65765818797728e+17,3.65765818797728e+17,0.565685424949238,FLOAT
"mutualistic_mixed_(0.2,0.8,0.5)",0.2,0.8,0.5,0.666667483568452,-0.5,-4.69736659610103,-3.07413354055989e+17,3.07413354055989e+17,0.565685424949238,FLOAT
"mutualistic_mixed_(0.2,0.8,0.5)",0.2,0.8,0.5,0.666667532292033,-0.5,-4.69736659610103,-2.58370151951762e+17,2.58370151951762e+17,0.565685424949238,FLOAT
"mutualistic_mixed_(0.2,0.8,0.5)",0.2,0.8,0.5,0.666667583921701,-0.5,-4.69736659610103,-2.17151059120985e+17,2.17151059120985e+17,0.565685424949238,FLOAT
"mutualistic_mixed_(0.2,0.8,0.5)",0.2,0.8,0.5,0.666667638630787,-0.5,-4.69736659610103,-1.82507855974836e+17,1.82507855974836e+17,0.565685424949238,FLOAT
"mutualistic_mixed_(0.2,0.8,0.5)",0.2,0.8,0.5,0.666667696602962,-0.5,-4.69736659610103,-1.53391457721694e+17,1.53391457721694e+17,0.565685424949238,FLOAT
"mutualistic_mixed_(0.2,0.8,0.5)",0.2,0.8,0.5,0.66666775803285,-0.5,-4.69736659610103,-1.2892014522929e+17,1.2892014522929e+17,0.565685424949238,FLOAT
"mutualistic_mixed_(0.2,0.8,0.5)",0.2,0.8,0.5,0.666667823126684,-0.5,-4.69736659610103,-1.08352864552715e+17,1.08352864552715e+17,0.565685424949238,FLOAT
"mutualistic_mixed_(0.2,0.8,0.5)",0.2,0.8,0.5,0.666667892102997,-0.5,-4.69736659610103,-9.10667858726378e+16,9.10667858726378e+16,0.565685424949238,FLOAT
"mutualistic_mixed_(0.2,0.8,0.5)",0.2,0.8,0.5,0.666667965193359,-0.5,-4.69736659610103,-7.65384424438444e+16,7.65384424438444e+16,0.565685424949238,FLOAT
"mutualistic_mixed_(0.2,0.8,0.5)",0.2,0.8,0.5,0.666668042643148,-0.5,-4.69736659610103,-6.43278789069039e+16,6.43278789069039e+16,0.565685424949238,FLOAT
"mutualistic_mixed_(0.2,0.8,0.5)",0.2,0.8,0.5,0.66666812471238,-0.5,-4.69736659610103,-5.40653281039938e+16,5.40653281039938e+16,0.565685424949238,FLOAT
"mutualistic_mixed_(0.2,0.8,0.5)",0.2,0.8,0.5,0.666668211676578,-0.5,-4.69736659610103,-4.54400137705744e+16,4.54400137705744e+16,0.565685424949238,FLOAT
"mutualistic_mixed_(0.2,0.8,0.5)",0.2,0.8,0.5,0.666668303827701,-0.5,-4.69736659610103,-3.81907393049477e+16,3.81907393049477e+16,0.565685424949238,FLOAT
"mutualistic_mixed_(0.2,0.8,0.5)",0.2,0.8,0.5,0.666668401475117,-0.5,-4.69736659610103,-3.20979781449242e+16,3.20979781449242e+16,0.565685424949238,FLOAT
"mutualistic_mixed_(0.2,0.8,0.5)",0.2,0.8,0.5,0.666668504946651,-0.5,-4.69736659610103,-2.6977225886706e+16,2.6977225886706e+16,0.565685424949238,FLOAT
"mutualistic_mixed_(0.2,0.8,0.5)",0.2,0.8,0.5,0.666668614589678,-0.5,-4.69736659610103,-2.26734130493436e+16,2.26734130493436e+16,0.565685424949238,FLOAT
"mutualistic_mixed_(0.2,0.8,0.5)",0.2,0.8,0.5,0.666668730772293,-0.5,-4.69736659610103,-1.90562091703392e+16,1.90562091703392e+16,0.565685424949238,FLOAT
"mutualistic_mixed_(0.2,0.8,0.5)",0.2,0.8,0.5,0.666668853884545,-0.5,-4.69736659610103,-1.60160760618071e+16,1.60160760618071e+16,0.565685424949238,FLOAT
"mutualistic_mixed_(0.2,0.8,0.5)",0.2,0.8,0.5,0.666668984339748,-0.5,-4.69736659610103,-1.3460950708607e+16,1.3460950708607e+16,0.565685424949238,FLOAT
"mutualistic_mixed_(0.2,0.8,0.5)",0.2,0.8,0.5,0.666669122575868,-0.5,-4.69736659610103,-1.13134573859895e+16,1.13134573859895e+16,0.565685424949238,FLOAT
"mutualistic_mixed_(0.2,0.8,0.5)",0.2,0.8,0.5,0.666669269056992,-0.5,-4.69736659610103,-9.50856449686731e+15,9.50856449686731e+15,0.565685424949238,FLOAT
"mutualistic_mixed_(0.2,0.8,0.5)",0.2,0.8,0.5,0.666669424274889,-0.5,-4.69736659610103,-7.99161527066177e+15,7.99161527066177e+15,0.565685424949238,FLOAT
"mutualistic_mixed_(0.2,0.8,0.5)",0.2,0.8,0.5,0.666669588750657,-0.5,-4.69736659610103,-6.71667260065137e+15,6.71667260065136e+15,0.565685424949238,FLOAT
"mutualistic_mixed_(0.2,0.8,0.5)",0.2,0.8,0.5,0.666669763036477,-0.5,-4.69736659610103,-5.64512796219361e+15,5.6451279621936e+15,0.565685424949238,FLOAT
"mutualistic_mixed_(0.2,0.8,0.5)",0.2,0.8,0.5,0.666669947717462,-0.5,-4.69736659610103,-4.74453224199556e+15,4.74453224199556e+15,0.565685424949238,FLOAT
"mutualistic_mixed_(0.2,0.8,0.5)",0.2,0.8,0.5,0.666670143413626,-0.5,-4.69736659610103,-3.98761309575611e+15,3.98761309575611e+15,0.565685424949238,FLOAT
"mutualistic_mixed_(0.2,0.8,0.5)",0.2,0.8,0.5,0.666670350781961,-0.5,-4.69736659610103,-3.35144907703661e+15,3.35144907703661e+15,0.565685424949238,FLOAT
"mutualistic_mixed_(0.2,0.8,0.5)",0.2,0.8,0.5,0.666670570518648,-0.5,-4.69736659610103,-2.81677551131974e+15,2.81677551131973e+15,0.565685424949238,FLOAT
"mutualistic_mixed_(0.2,0.8,0.5)",0.2,0.8,0.5,0.666670803361388,-0.5,-4.69736659610103,-2.36740111470377e+15,2.36740111470377e+15,0.565685424949238,FLOAT
"mutualistic_mixed_(0.2,0.8,0.5)",0.2,0.8,0.5,0.666671050091883,-0.5,-4.69736659610103,-1.98971768078912e+15,1.98971768078911e+15,0.565685424949238,FLOAT
"mutualistic_mixed_(0.2,0.8,0.5)",0.2,0.8,0.5,0.66667131153846,-0.5,-4.69736659610103,-1.67228798905046e+15,1.67228798905046e+15,0.565685424949238,FLOAT
"mutualistic_mixed_(0.2,0.8,0.5)",0.2,0.8,0.5,0.666671588578849,-0.5,-4.69736659610103,-1.40549945615307e+15,1.40549945615307e+15,0.565685424949238,FLOAT
"mutualistic_mixed_(0.2,0.8,0.5)",0.2,0.8,0.5,0.666671882143135,-0.5,-4.69736659610103,-1.18127304274594e+15,1.18127304274593e+15,0.565685424949238,FLOAT
"mutualistic_mixed_(0.2,0.8,0.5)",0.2,0.8,0.5,0.666672193216873,-0.5,-4.69736659610103,-992818599484761,992818599484756,0.565685424949238,FLOAT
"mutualistic_mixed_(0.2,0.8,0.5)",0.2,0.8,0.5,0.666672522844405,-0.5,-4.69736659610103,-834429243557299,834429243557295,0.565685424949238,FLOAT
"mutualistic_mixed_(0.2,0.8,0.5)",0.2,0.8,0.5,0.666672872132358,-0.5,-4.69736659610103,-701308539971013,701308539971008,0.565685424949238,FLOAT
"mutualistic_mixed_(0.2,0.8,0.5)",0.2,0.8,0.5,0.666673242253367,-0.5,-4.69736659610103,-589425253318587,589425253318582,0.565685424949238,FLOAT
"mutualistic_mixed_(0.2,0.8,0.5)",0.2,0.8,0.5,0.666673634450005,-0.5,-4.69736659610103,-495391271380183,495391271380178,0.565685424949238,FLOAT
"mutualistic_mixed_(0.2,0.8,0.5)",0.2,0.8,0.5,0.66667405003896,-0.5,-4.69736659610103,-416359004572323,416359004572318,0.565685424949238,FLOAT
"mutualistic_mixed_(0.2,0.8,0.5)",0.2,0.8,0.5,0.66667449041545,-0.5,-4.69736659610103,-349935153712264,349935153712260,0.565685424949238,FLOAT
"mutualistic_mixed_(0.2,0.8,0.5)",0.2,0.8,0.5,0.666674957057912,-0.5,-4.69736659610103,-294108234638399,294108234638394,0.565685424949238,FLOAT
"mutualistic_mixed_(0.2,0.8,0.5)",0.2,0.8,0.5,0.666675451532965,-0.5,-4.69736659610103,-247187665348232,247187665348228,0.565685424949238,FLOAT
"mutualistic_mixed_(0.2,0.8,0.5)",0.2,0.8,0.5,0.666675975500663,-0.5,-4.69736659610103,-207752571029597,207752571029592,0.565685424949238,FLOAT
"mutualistic_mixed_(0.2,0.8,0.5)",0.2,0.8,0.5,0.666676530720078,-0.5,-4.69736659610103,-174608756096110,174608756096105,0.565685424949238,FLOAT
"mutualistic_mixed_(0.2,0.8,0.5)",0.2,0.8,0.5,0.666677119055197,-0.5,-4.69736659610103,-146752541037795,146752541037790,0.565685424949238,FLOAT
"mutualistic_mixed_(0.2,0.8,0.5)",0.2,0.8,0.5,0.666677742481186,-0.5,-4.69736659610103,-123340368388716,123340368388711,0.565685424949238,FLOAT
"mutualistic_mixed_(0.2,0.8,0.5)",0.2,0.8,0.5,0.666678403091018,-0.5,-4.69736659610103,-103663257661620,103663257661616,0.565685424949238,FLOAT
"mutualistic_mixed_(0.2,0.8,0.5)",0.2,0.8,0.5,0.666679103102497,-0.5,-4.69736659610103,-87125335600114.4,87125335600109.7,0.565685424949238,FLOAT
"mutualistic_mixed_(0.2,0.8,0.5)",0.2,0.8,0.5,0.666679844865711,-0.5,-4.69736659610103,-73225791615769.9,73225791615765.2,0.565685424949238,FLOAT
"mutualistic_mixed_(0.2,0.8,0.5)",0.2,0.8,0.5,0.666680630870915,-0.5,-4.69736659610103,-61543711946793.1,61543711946788.4,0.565685424949238,FLOAT
"mutualistic_mixed_(0.2,0.8,0.5)",0.2,0.8,0.5,0.666681463756893,-0.5,-4.69736659610103,-51725333338188.1,51725333338183.4,0.565685424949238,FLOAT
"mutualistic_mixed_(0.2,0.8,0.5)",0.2,0.8,0.5,0.666682346319819,-0.5,-4.69736659610103,-43473330164077.2,43473330164072.5,0.565685424949238,FLOAT
"mutualistic_mixed_(0.2,0.8,0.5)",0.2,0.8,0.5,0.666683281522644,-0.5,-4.69736659610103,-36537810654446.6,36537810654441.9,0.565685424949238,FLOAT
"mutualistic_mixed_(0.2,0.8,0.5)",0.2,0.8,0.5,0.666684272505039,-0.5,-4.69736659610103,-30708749534098.6,30708749534093.9,0.565685424949238,FLOAT
"mutualistic_mixed_(0.2,0.8,0.5)",0.2,0.8,0.5,0.666685322593942,-0.5,-4.69736659610103,-25809627918080.8,25809627918076.1,0.565685424949238,FLOAT
"mutualistic_mixed_(0.2,0.8,0.5)",0.2,0.8,0.5,0.666686435314721,-0.5,-4.69736659610103,-21692087870303.9,21692087870299.2,0.565685424949238,FLOAT
"mutualistic_mixed_(0.2,0.8,0.5)",0.2,0.8,0.5,0.666687614403016,-0.5,-4.69736659610103,-18231439742358,18231439742353.3,0.565685424949238,FLOAT
"mutualistic_mixed_(0.2,0.8,0.5)",0.2,0.8,0.5,0.666688863817274,-0.5,-4.69736659610103,-15322886255599,15322886255594.3,0.565685424949238,FLOAT
"mutualistic_mixed_(0.2,0.8,0.5)",0.2,0.8,0.5,0.666690187752041,-0.5,-4.69736659610103,-12878348968719.5,12878348968714.8,0.565685424949238,FLOAT
"mutualistic_mixed_(0.2,0.8,0.5)",0.2,0.8,0.5,0.666691590652045,-0.5,-4.69736659610103,-10823801037977.3,10823801037972.6,0.565685424949238,FLOAT
"mutualistic_mixed_(0.2,0.8,0.5)",0.2,0.8,0.5,0.666693077227118,-0.5,-4.69736659610103,-9097025495514.48,9097025495509.79,0.565685424949238,FLOAT
"mutualistic_mixed_(0.2,0.8,0.5)",0.2,0.8,0.5,0.666694652468004,-0.5,-4.69736659610103,-7645731160078.06,7645731160073.36,0.565685424949238,FLOAT
"mutualistic_mixed_(0.2,0.8,0.5)",0.2,0.8,0.5,0.66669632166312,-0.5,-4.69736659610103,-6425969125859.14,6425969125854.44,0.565685424949238,FLOAT
"mutualistic_mixed_(0.2,0.8,0.5)",0.2,0.8,0.5,0.666698090416304,-0.5,-4.69736659610103,-5400801877824.59,5400801877819.89,0.565685424949238,FLOAT
"mutualistic_mixed_(0.2,0.8,0.5)",0.2,0.8,0.5,0.666699964665634,-0.5,-4.69736659610103,-4539184728774.22,4539184728769.52,0.565685424949238,FLOAT
"mutualistic_mixed_(0.2,0.8,0.5)",0.2,0.8,0.5,0.66670195070336,-0.5,-4.69736659610103,-3815025706850.51,3815025706845.81,0.565685424949238,FLOAT
"mutualistic_mixed_(0.2,0.8,0.5)",0.2,0.8,0.5,0.666704055197027,-0.5,-4.69736659610103,-3206395424168.46,3206395424163.76,0.565685424949238,FLOAT
"mutualistic_mixed_(0.2,0.8,0.5)",0.2,0.8,0.5,0.666706285211866,-0.5,-4.69736659610103,-2694862998660.01,2694862998655.31,0.565685424949238,FLOAT
"mutualistic_mixed_(0.2,0.8,0.5)",0.2,0.8,0.5,0.666708648234505,-0.5,-4.69736659610103,-2264937919598.27,2264937919593.58,0.565685424949238,FLOAT
"mutualistic_mixed_(0.2,0.8,0.5)",0.2,0.8,0.5,0.666711152198109,-0.5,-4.69736659610103,-1903600955617.29,1903600955612.6,0.565685424949238,FLOAT
"mutualistic_mixed_(0.2,0.8,0.5)",0.2,0.8,0.5,0.666713805509012,-0.5,-4.69736659610103,-1599909899032.98,1599909899028.28,0.565685424949238,FLOAT
"mutualistic_mixed_(0.2,0.8,0.5)",0.2,0.8,0.5,0.666716617074936,-0.5,-4.69736659610103,-1344668207624.82,1344668207620.12,0.565685424949238,FLOAT
"mutualistic_mixed_(0.2,0.8,0.5)",0.2,0.8,0.5,0.6667195963349,-0.5,-4.69736659610103,-1130146509900.05,1130146509895.35,0.565685424949238,FLOAT
"mutualistic_mixed_(0.2,0.8,0.5)",0.2,0.8,0.5,0.666722753290909,-0.5,-4.69736659610103,-949848540023.931,949848540019.234,0.565685424949238,FLOAT
"mutualistic_mixed_(0.2,0.8,0.5)",0.2,0.8,0.5,0.666726098541527,-0.5,-4.69736659610103,-798314414176.483,798314414171.786,0.565685424949238,FLOAT
"mutualistic_mixed_(0.2,0.8,0.5)",0.2,0.8,0.5,0.666729643317467,-0.5,-4.69736659610103,-670955291305.922,670955291301.225,0.565685424949238,FLOAT
"mutualistic_mixed_(0.2,0.8,0.5)",0.2,0.8,0.5,0.666733399519287,-0.5,-4.69736659610103,-563914411325.651,563914411320.954,0.565685424949238,FLOAT
"mutualistic_mixed_(0.2,0.8,0.5)",0.2,0.8,0.5,0.666737379757347,-0.5,-4.69736659610103,-473950302524.988,473950302520.29,0.565685424949238,FLOAT
"mutualistic_mixed_(0.2,0.8,0.5)",0.2,0.8,0.5,0.666741597394146,-0.5,-4.69736659610103,-398338621514.932,398338621510.235,0.565685424949238,FLOAT
"mutualistic_mixed_(0.2,0.8,0.5)",0.2,0.8,0.5,0.666746066589179,-0.5,-4.69736659610103,-334789653136.704,334789653132.007,0.565685424949238,FLOAT
"mutualistic_mixed_(0.2,0.8,0.5)",0.2,0.8,0.5,0.666750802346474,-0.5,-4.69736659610103,-281378972036.859,281378972032.162,0.565685424949238,FLOAT
"mutualistic_mixed_(0.2,0.8,0.5)",0.2,0.8,0.5,0.666755820564966,-0.5,-4.69736659610103,-236489166139.962,236489166135.264,0.565685424949238,FLOAT
"mutualistic_mixed_(0.2,0.8,0.5)",0.2,0.8,0.5,0.666761138091871,-0.5,-4.69736659610103,-198760857270.112,198760857265.415,0.565685424949238,FLOAT
"mutualistic_mixed_(0.2,0.8,0.5)",0.2,0.8,0.5,0.666766772779247,-0.5,-4.69736659610103,-167051535705.046,167051535700.348,0.565685424949238,FLOAT
"mutualistic_mixed_(0.2,0.8,0.5)",0.2,0.8,0.5,0.666772743543927,-0.5,-4.69736659610103,-140400962058.825,140400962054.128,0.565685424949238,FLOAT
"mutualistic_mixed_(0.2,0.8,0.5)",0.2,0.8,0.5,0.666779070431024,-0.5,-4.69736659610103,-118002088774.286,118002088769.589,0.565685424949238,FLOAT
"mutualistic_mixed_(0.2,0.8,0.5)",0.2,0.8,0.5,0.666785774681232,-0.5,-4.69736659610103,-99176620659.6506,99176620654.9532,0.565685424949238,FLOAT
"mutualistic_mixed_(0.2,0.8,0.5)",0.2,0.8,0.5,0.666792878802131,-0.5,-4.69736659610103,-83354474374.9412,83354474370.2438,0.565685424949238,FLOAT
"mutualistic_mixed_(0.2,0.8,0.5)",0.2,0.8,0.5,0.66680040664375,-0.5,-4.69736659610103,-70056514848.6735,70056514843.9761,0.565685424949238,FLOAT
"mutualistic_mixed_(0.2,0.8,0.5)",0.2,0.8,0.5,0.666808383478639,-0.5,-4.69736659610103,-58880045842.9089,58880045838.2115,0.565685424949238,FLOAT
"mutualistic_mixed_(0.2,0.8,0.5)",0.2,0.8,0.5,0.666816836086713,-0.5,-4.69736659610103,-49486615279.9926,49486615275.2952,0.565685424949238,FLOAT
"mutualistic_mixed_(0.2,0.8,0.5)",0.2,0.8,0.5,0.666825792845157,-0.5,-4.69736659610103,-41591766049.0275,41591766044.3302,0.565685424949238,FLOAT
"mutualistic_mixed_(0.2,0.8,0.5)",0.2,0.8,0.5,0.666835283823696,-0.5,-4.69736659610103,-34956421915.6734,34956421910.976,0.565685424949238,FLOAT
"mutualistic_mixed_(0.2,0.8,0.5)",0.2,0.8,0.5,0.666845340885544,-0.5,-4.69736659610103,-29379647682.3149,29379647677.6175,0.565685424949238,FLOAT
"mutualistic_mixed_(0.2,0.8,0.5)",0.2,0.8,0.5,0.666855997794376,-0.5,-4.69736659610103,-24692564356.5715,24692564351.8742,0.565685424949238,FLOAT
"mutualistic_mixed_(0.2,0.8,0.5)",0.2,0.8,0.5,0.666867290327678,-0.5,-4.69736659610103,-20753235062.9324,20753235058.2351,0.565685424949238,FLOAT
"mutualistic_mixed_(0.2,0.8,0.5)",0.2,0.8,0.5,0.666879256396864,-0.5,-4.69736659610103,-17442366831.0859,17442366826.3886,0.565685424949238,FLOAT
"mutualistic_mixed_(0.2,0.8,0.5)",0.2,0.8,0.5,0.666891936174548,-0.5,-4.69736659610103,-14659698099.7621,14659698095.0647,0.565685424949238,FLOAT
"mutualistic_mixed_(0.2,0.8,0.5)",0.2,0.8,0.5,0.666905372229415,-0.5,-4.69736659610103,-12320962539.8938,12320962535.1964,0.565685424949238,FLOAT
"mutualistic_mixed_(0.2,0.8,0.5)",0.2,0.8,0.5,0.666919609669129,-0.5,-4.69736659610103,-10355337254.7052,10355337250.0078,0.565685424949238,FLOAT
"mutualistic_mixed_(0.2,0.8,0.5)",0.2,0.8,0.5,0.666934696291775,-0.5,-4.69736659610103,-8703298081.17014,8703298076.47277,0.565685424949238,FLOAT
"mutualistic_mixed_(0.2,0.8,0.5)",0.2,0.8,0.5,0.666950682746323,-0.5,-4.69736659610103,-7314817046.01573,7314817041.31836,0.565685424949238,FLOAT
"mutualistic_mixed_(0.2,0.8,0.5)",0.2,0.8,0.5,0.666967622702667,-0.5,-4.69736659610103,-6147847390.80797,6147847386.1106,0.565685424949238,FLOAT
"mutualistic_mixed_(0.2,0.8,0.5)",0.2,0.8,0.5,0.666985573031808,-0.5,-4.69736659610103,-5167050288.36863,5167050283.67126,0.565685424949238,FLOAT
"mutualistic_mixed_(0.2,0.8,0.5)",0.2,0.8,0.5,0.667004593996783,-0.5,-4.69736659610103,-4342724692.83346,4342724688.1361,0.565685424949238,FLOAT
"mutualistic_mixed_(0.2,0.8,0.5)",0.2,0.8,0.5,0.667024749454976,-0.5,-4.69736659610103,-3649907915.86647,3649907911.1691,0.565685424949238,FLOAT
"mutualistic_mixed_(0.2,0.8,0.5)",0.2,0.8,0.5,0.667046107072505,-0.5,-4.69736659610103,-3067619692.66305,3067619687.96569,0.565685424949238,FLOAT
"mutualistic_mixed_(0.2,0.8,0.5)",0.2,0.8,0.5,0.667068738551391,-0.5,-4.69736659610103,-2578226845.8184,2578226841.12103,0.565685424949238,FLOAT
"mutualistic_mixed_(0.2,0.8,0.5)",0.2,0.8,0.5,0.667092719870275,-0.5,-4.69736659610103,-2166909307.6132,2166909302.91584,0.565685424949238,FLOAT
"mutualistic_mixed_(0.2,0.8,0.5)",0.2,0.8,0.5,0.667118131539495,-0.5,-4.69736659610103,-1821211330.44097,1821211325.7436,0.565685424949238,FLOAT
"mutualistic_mixed_(0.2,0.8,0.5)",0.2,0.8,0.5,0.667145058871377,-0.5,-4.69736659610103,-1530664294.90067,1530664290.2033,0.565685424949238,FLOAT
"mutualistic_mixed_(0.2,0.8,0.5)",0.2,0.8,0.5,0.667173592266644,-0.5,-4.69736659610103,-1286469693.22425,1286469688.52689,0.565685424949238,FLOAT
"mutualistic_mixed_(0.2,0.8,0.5)",0.2,0.8,0.5,0.667203827517915,-0.5,-4.69736659610103,-1081232687.93639,1081232683.23902,0.565685424949238,FLOAT
"mutualistic_mixed_(0.2,0.8,0.5)",0.2,0.8,0.5,0.667235866131295,-0.5,-4.69736659610103,-908738177.266946,908738172.569579,0.565685424949238,FLOAT
"mutualistic_mixed_(0.2,0.8,0.5)",0.2,0.8,0.5,0.667269815667157,-0.5,-4.69736659610103,-763762585.963602,763762581.266235,0.565685424949238,FLOAT
"mutualistic_mixed_(0.2,0.8,0.5)",0.2,0.8,0.5,0.667305790101244,-0.5,-4.69736659610103,-641915682.068028,641915677.370662,0.565685424949238,FLOAT
"mutualistic_mixed_(0.2,0.8,0.5)",0.2,0.8,0.5,0.667343910207308,-0.5,-4.69736659610103,-539507629.457205,539507624.759838,0.565685424949238,FLOAT
"mutualistic_mixed_(0.2,0.8,0.5)",0.2,0.8,0.5,0.667384303962572,-0.5,-4.69736659610103,-453437250.168109,453437245.470742,0.565685424949238,FLOAT
"mutualistic_mixed_(0.2,0.8,0.5)",0.2,0.8,0.5,0.667427106977381,-0.5,-4.69736659610103,-381098112.791958,381098108.094592,0.565685424949238,FLOAT
"mutualistic_mixed_(0.2,0.8,0.5)",0.2,0.8,0.5,0.66747246295047,-0.5,-4.69736659610103,-320299603.064183,320299598.366816,0.565685424949238,FLOAT
"mutualistic_mixed_(0.2,0.8,0.5)",0.2,0.8,0.5,0.667520524151393,-0.5,-4.69736659610103,-269200586.456697,269200581.75933,0.565685424949238,FLOAT
"mutualistic_mixed_(0.2,0.8,0.5)",0.2,0.8,0.5,0.667571451931725,-0.5,-4.69736659610103,-226253653.915759,226253649.218392,0.565685424949238,FLOAT
"mutualistic_mixed_(0.2,0.8,0.5)",0.2,0.8,0.5,0.667625417266748,-0.5,-4.69736659610103,-190158262.355799,190158257.658432,0.565685424949238,FLOAT
"mutualistic_mixed_(0.2,0.8,0.5)",0.2,0.8,0.5,0.66768260132946,-0.5,-4.69736659610103,-159821350.88627,159821346.188903,0.565685424949238,FLOAT
"mutualistic_mixed_(0.2,0.8,0.5)",0.2,0.8,0.5,0.667743196098802,-0.5,-4.69736659610103,-134324240.132239,134324235.434872,0.565685424949238,FLOAT
"mutualistic_mixed_(0.2,0.8,0.5)",0.2,0.8,0.5,0.667807405004176,-0.5,-4.69736659610103,-112894812.271203,112894807.573837,0.565685424949238,FLOAT
"mutualistic_mixed_(0.2,0.8,0.5)",0.2,0.8,0.5,0.667875443608401,-0.5,-4.69736659610103,-94884129.3301613,94884124.6327947,0.565685424949238,FLOAT
"mutualistic_mixed_(0.2,0.8,0.5)",0.2,0.8,0.5,0.667947540331402,-0.5,-4.69736659610103,-79746781.6830435,79746776.9856769,0.565685424949238,FLOAT
"mutualistic_mixed_(0.2,0.8,0.5)",0.2,0.8,0.5,0.668023937217061,-0.5,-4.69736659610103,-67024371.6517562,67024366.9543896,0.565685424949238,FLOAT
"mutualistic_mixed_(0.2,0.8,0.5)",0.2,0.8,0.5,0.668104890745814,-0.5,-4.69736659610103,-56331632.0513933,56331627.3540267,0.565685424949238,FLOAT
"mutualistic_mixed_(0.2,0.8,0.5)",0.2,0.8,0.5,0.668190672695706,-0.5,-4.69736659610103,-47344759.3138709,47344754.6165043,0.565685424949238,FLOAT
"mutualistic_mixed_(0.2,0.8,0.5)",0.2,0.8,0.5,0.66828157105481,-0.5,-4.69736659610103,-39791607.8873614,39791603.1899948,0.565685424949238,FLOAT
"mutualistic_mixed_(0.2,0.8,0.5)",0.2,0.8,0.5,0.668377890988062,-0.5,-4.69736659610103,-33443448.9724539,33443444.2750873,0.565685424949238,FLOAT
"mutualistic_mixed_(0.2,0.8,0.5)",0.2,0.8,0.5,0.668479955861763,-0.5,-4.69736659610103,-28108044.0287881,28108039.3314215,0.565685424949238,FLOAT
"mutualistic_mixed_(0.2,0.8,0.5)",0.2,0.8,0.5,0.668588108329191,-0.5,-4.69736659610103,-23623823.2999903,23623818.6026237,0.565685424949238,FLOAT
"mutualistic_mixed_(0.2,0.8,0.5)",0.2,0.8,0.5,0.668702711480957,-0.5,-4.69736659610103,-19854993.0679827,19854988.3706161,0.565685424949238,FLOAT
"mutualistic_mixed_(0.2,0.8,0.5)",0.2,0.8,0.5,0.668824150063978,-0.5,-4.69736659610103,-16687423.471585,16687418.7742184,0.565685424949238,FLOAT
"mutualistic_mixed_(0.2,0.8,0.5)",0.2,0.8,0.5,0.668952831773153,-0.5,-4.69736659610103,-14025192.3621991,14025187.6648325,0.565685424949238,FLOAT
"mutualistic_mixed_(0.2,0.8,0.5)",0.2,0.8,0.5,0.669089188620082,-0.5,-4.69736659610103,-11787680.5356214,11787675.8382548,0.565685424949238,FLOAT
"mutualistic_mixed_(0.2,0.8,0.5)",0.2,0.8,0.5,0.669233678383419,-0.5,-4.69736659610103,-9907130.37613612,9907125.67876952,0.565685424949238,FLOAT
"mutualistic_mixed_(0.2,0.8,0.5)",0.2,0.8,0.5,0.669386786145729,-0.5,-4.69736659610103,-8326593.98245872,8326589.28509213,0.565685424949238,FLOAT
"mutualistic_mixed_(0.2,0.8,0.5)",0.2,0.8,0.5,0.669549025922018,-0.5,-4.69736659610103,-6998208.63945888,6998203.94209229,0.565685424949238,FLOAT
"mutualistic_mixed_(0.2,0.8,0.5)",0.2,0.8,0.5,0.669720942385384,-0.5,-4.69736659610103,-5881747.41261318,5881742.71524658,0.565685424949238,FLOAT
"mutualistic_mixed_(0.2,0.8,0.5)",0.2,0.8,0.5,0.669903112695601,-0.5,-4.69736659610103,-4943400.97339699,4943396.27603039,0.565685424949238,FLOAT
"mutualistic_mixed_(0.2,0.8,0.5)",0.2,0.8,0.5,0.670096148436769,-0.5,-4.69736659610103,-4154753.76623576,4154749.06886916,0.565685424949238,FLOAT
"mutualistic_mixed_(0.2,0.8,0.5)",0.2,0.8,0.5,0.670300697670525,-0.5,-4.69736659610103,-3491923.51269244,3491918.81532585,0.565685424949238,FLOAT
"mutualistic_mixed_(0.2,0.8,0.5)",0.2,0.8,0.5,0.670517447111728,-0.5,-4.69736659610103,-2934837.99490078,2934833.29753418,0.565685424949238,FLOAT
"mutualistic_mixed_(0.2,0.8,0.5)",0.2,0.8,0.5,0.670747124433902,-0.5,-4.69736659610103,-2466627.21737611,2466622.52000952,0.565685424949238,FLOAT
"mutualistic_mixed_(0.2,0.8,0.5)",0.2,0.8,0.5,0.67099050071219,-0.5,-4.69736659610103,-2073112.54032047,2073107.84295387,0.565685424949238,FLOAT
"mutualistic_mixed_(0.2,0.8,0.5)",0.2,0.8,0.5,0.671248393012015,-0.5,-4.69736659610103,-1742377.31406973,1742372.61670314,0.565685424949238,FLOAT
"mutualistic_mixed_(0.2,0.8,0.5)",0.2,0.8,0.5,0.671521667132144,-0.5,-4.69736659610103,-1464406.01238875,1464401.31502215,0.565685424949238,FLOAT
"mutualistic_mixed_(0.2,0.8,0.5)",0.2,0.8,0.5,0.671811240511352,-0.5,-4.69736659610103,-1230780.93665497,1230776.23928838,0.565685424949238,FLOAT
"mutualistic_mixed_(0.2,0.8,0.5)",0.2,0.8,0.5,0.67211808530846,-0.5,-4.69736659610103,-1034427.30635216,1034422.60898557,0.565685424949238,FLOAT
"mutualistic_mixed_(0.2,0.8,0.5)",0.2,0.8,0.5,0.672443231666078,-0.5,-4.69736659610103,-869399.016562658,869394.319196062,0.565685424949238,FLOAT
"mutualistic_mixed_(0.2,0.8,0.5)",0.2,0.8,0.5,0.672787771169006,-0.5,-4.69736659610103,-730698.574649111,730693.877282515,0.565685424949238,FLOAT
"mutualistic_mixed_(0.2,0.8,0.5)",0.2,0.8,0.5,0.673152860508921,-0.5,-4.69736659610103,-614125.763344158,614121.065977562,0.565685424949238,FLOAT
"mutualistic_mixed_(0.2,0.8,0.5)",0.2,0.8,0.5,0.673539725367628,-0.5,-4.69736659610103,-516150.447382195,516145.750015599,0.565685424949238,FLOAT
"mutualistic_mixed_(0.2,0.8,0.5)",0.2,0.8,0.5,0.673949664531935,-0.5,-4.69736659610103,-433805.671929928,433800.974563332,0.565685424949238,FLOAT
"mutualistic_mixed_(0.2,0.8,0.5)",0.2,0.8,0.5,0.674384054253956,-0.5,-4.69736659610103,-364597.815564307,364593.11819771,0.565685424949238,FLOAT
"mutualistic_mixed_(0.2,0.8,0.5)",0.2,0.8,0.5,0.674844352871474,-0.5,-4.69736659610103,-306431.076999063,306426.379632467,0.565685424949238,FLOAT
"mutualistic_mixed_(0.2,0.8,0.5)",0.2,0.8,0.5,0.675332105703892,-0.5,-4.69736659610103,-257544.008824967,257539.311458371,0.565685424949238,FLOAT
"mutualistic_mixed_(0.2,0.8,0.5)",0.2,0.8,0.5,0.675848950240194,-0.5,-4.69736659610103,-216456.176342865,216451.478976269,0.565685424949238,FLOAT
"mutualistic_mixed_(0.2,0.8,0.5)",0.2,0.8,0.5,0.676396621636343,-0.5,-4.69736659610103,-181923.326182413,181918.628815817,0.565685424949238,FLOAT
"mutualistic_mixed_(0.2,0.8,0.5)",0.2,0.8,0.5,0.676976958540561,-0.5,-4.69736659610103,-152899.707097433,152895.009730837,0.565685424949238,FLOAT
"mutualistic_mixed_(0.2,0.8,0.5)",0.2,0.8,0.5,0.677591909266059,-0.5,-4.69736659610103,-128506.401915091,128501.704548495,0.565685424949238,FLOAT
"mutualistic_mixed_(0.2,0.8,0.5)",0.2,0.8,0.5,0.67824353833194,-0.5,-4.69736659610103,-108004.711649265,108000.014282668,0.565685424949238,FLOAT
"mutualistic_mixed_(0.2,0.8,0.5)",0.2,0.8,0.5,0.678934033394218,-0.5,-4.69736659610103,-90773.7857807707,90769.0884141746,0.565685424949238,FLOAT
"mutualistic_mixed_(0.2,0.8,0.5)",0.2,0.8,0.5,0.679665712590243,-0.5,-4.69736659610103,-76291.8212920677,76287.1239254716,0.565685424949238,FLOAT
"mutualistic_mixed_(0.2,0.8,0.5)",0.2,0.8,0.5,0.680441032321174,-0.5,-4.69736659610103,-64120.2611150376,64115.5637484415,0.565685424949238,FLOAT
"mutualistic_mixed_(0.2,0.8,0.5)",0.2,0.8,0.5,0.681262595498641,-0.5,-4.69736659610103,-53890.5134803366,53885.8161137405,0.565685424949238,FLOAT
"mutualistic_mixed_(0.2,0.8,0.5)",0.2,0.8,0.5,0.68213316028326,-0.5,-4.69736659610103,-45292.7899961253,45288.0926295292,0.565685424949238,FLOAT
"mutualistic_mixed_(0.2,0.8,0.5)",0.2,0.8,0.5,0.683055649344363,-0.5,-4.69736659610103,-38066.724444656,38062.0270780599,0.565685424949238,FLOAT
"mutualistic_mixed_(0.2,0.8,0.5)",0.2,0.8,0.5,0.684033159672015,-0.5,-4.69736659610103,-31993.4882097367,31988.7908431406,0.565685424949238,FLOAT
"mutualistic_mixed_(0.2,0.8,0.5)",0.2,0.8,0.5,0.68506897297426,-0.5,-4.69736659610103,-26889.1635700306,26884.4662034345,0.565685424949238,FLOAT
"mutualistic_mixed_(0.2,0.8,0.5)",0.2,0.8,0.5,0.686166566694507,-0.5,-4.69736659610103,-22599.1741844943,22594.4768178982,0.565685424949238,FLOAT
"mutualistic_mixed_(0.2,0.8,0.5)",0.2,0.8,0.5,0.687329625686041,-0.5,-4.69736659610103,-18993.6041107417,18988.9067441456,0.565685424949238,FLOAT
"mutualistic_mixed_(0.2,0.8,0.5)",0.2,0.8,0.5,0.68856205458285,-0.5,-4.69736659610103,-15963.2636041968,15958.5662376007,0.565685424949238,FLOAT
"mutualistic_mixed_(0.2,0.8,0.5)",0.2,0.8,0.5,0.689867990908302,-0.5,-4.69736659610103,-13416.3825603103,13411.6851937142,0.565685424949238,FLOAT
"mutualistic_mixed_(0.2,0.8,0.5)",0.2,0.8,0.5,0.691251818965688,-0.5,-4.69736659610103,-11275.8314687825,11271.1341021864,0.565685424949238,FLOAT
"mutualistic_mixed_(0.2,0.8,0.5)",0.2,0.8,0.5,0.692718184557244,-0.5,-4.69736659610103,-9476.78572311702,9472.08835652092,0.565685424949238,FLOAT
"mutualistic_mixed_(0.2,0.8,0.5)",0.2,0.8,0.5,0.694272010581095,-0.5,-4.69736659610103,-7964.76255479836,7960.06518820225,0.565685424949238,FLOAT
"mutualistic_mixed_(0.2,0.8,0.5)",0.2,0.8,0.5,0.695918513558455,-0.5,-4.69736659610103,-6693.97114539342,6689.27377879732,0.565685424949238,FLOAT
"mutualistic_mixed_(0.2,0.8,0.5)",0.2,0.8,0.5,0.697663221146592,-0.5,-4.69736659610103,-5625.92595372005,5621.22858712395,0.565685424949238,FLOAT
"mutualistic_mixed_(0.2,0.8,0.5)",0.2,0.8,0.5,0.699511990696333,-0.5,-4.69736659610103,-4728.28126604431,4723.58389944821,0.565685424949238,FLOAT
"mutualistic_mixed_(0.2,0.8,0.5)",0.2,0.8,0.5,0.701471028916427,-0.5,-4.69736659610103,-3973.85167647925,3969.15430988315,0.565685424949238,FLOAT
"mutualistic_mixed_(0.2,0.8,0.5)",0.2,0.8,0.5,0.703546912710775,-0.5,-4.69736659610103,-3339.78883519205,3335.09146859595,0.565685424949238,FLOAT
"mutualistic_mixed_(0.2,0.8,0.5)",0.2,0.8,0.5,0.705746611258478,-0.5,-4.69736659610103,-2806.88953422419,2802.19216762809,0.565685424949238,FLOAT
"mutualistic_mixed_(0.2,0.8,0.5)",0.2,0.8,0.5,0.708077509410841,-0.5,-4.69736659610103,-2359.01417796692,2354.31681137082,0.565685424949238,FLOAT
"mutualistic_mixed_(0.2,0.8,0.5)",0.2,0.8,0.5,0.710547432483875,-0.5,-4.69736659610103,-1982.5980280649,1977.9006614688,0.565685424949238,FLOAT
"mutualistic_mixed_(0.2,0.8,0.5)",0.2,0.8,0.5,0.713164672529529,-0.5,-4.69736659610103,-1666.24042197119,1661.54305537509,0.565685424949238,FLOAT
"mutualistic_mixed_(0.2,0.8,0.5)",0.2,0.8,0.5,0.715938016173855,-0.5,-4.69736659610103,-1400.3595256185,1395.6621590224,0.565685424949238,FLOAT
"mutualistic_mixed_(0.2,0.8,0.5)",0.2,0.8,0.5,0.718876774115565,-0.5,-4.69736659610103,-1176.9021652139,1172.2047986178,0.565685424949238,FLOAT
"mutualistic_mixed_(0.2,0.8,0.5)",0.2,0.8,0.5,0.721990812384003,-0.5,-4.69736659610103,-989.099951102061,984.40258450596,0.565685424949238,FLOAT
"mutualistic_mixed_(0.2,0.8,0.5)",0.2,0.8,0.5,0.725290585461487,-0.5,-4.69736659610103,-831.264308485288,826.566941889187,0.565685424949238,FLOAT
"mutualistic_mixed_(0.2,0.8,0.5)",0.2,0.8,0.5,0.728787171381207,-0.5,-4.69736659610103,-698.614207989454,693.916841393353,0.565685424949238,FLOAT
"mutualistic_mixed_(0.2,0.8,0.5)",0.2,0.8,0.5,0.732492308918514,-0.5,-4.69736659610103,-587.131379300001,582.434012703899,0.565685424949238,FLOAT
"mutualistic_mixed_(0.2,0.8,0.5)",0.2,0.8,0.5,0.736418437000464,-0.5,-4.69736659610103,-493.43862335148,488.741256755379,0.565685424949238,FLOAT
"mutualistic_mixed_(0.2,0.8,0.5)",0.2,0.8,0.5,0.740578736465914,-0.5,-4.69736659610103,-414.697538037846,410.000171441745,0.565685424949238,FLOAT
"mutualistic_mixed_(0.2,0.8,0.5)",0.2,0.8,0.5,0.744987174316374,-0.5,-4.69736659610103,-348.522560302771,343.82519370667,0.565685424949238,FLOAT
"mutualistic_mixed_(0.2,0.8,0.5)",0.2,0.8,0.5,0.749658550606174,-0.5,-4.69736659610103,-292.90872157175,288.211354975649,0.565685424949238,FLOAT
"mutualistic_mixed_(0.2,0.8,0.5)",0.2,0.8,0.5,0.754608548129361,-0.5,-4.69736659610103,-246.170928763356,241.473562167255,0.565685424949238,FLOAT
"mutualistic_mixed_(0.2,0.8,0.5)",0.2,0.8,0.5,0.759853785070145,-0.5,-4.69736659610103,-206.892932141826,202.195565545725,0.565685424949238,FLOAT
"mutualistic_mixed_(0.2,0.8,0.5)",0.2,0.8,0.5,0.765411870793641,-0.5,-4.69736659610103,-173.884434616018,169.187068019916,0.565685424949238,FLOAT
"mutualistic_mixed_(0.2,0.8,0.5)",0.2,0.8,0.5,0.771301464964215,-0.5,-4.69736659610103,-146.145043634075,141.447677037974,0.565685424949238,FLOAT
"mutualistic_mixed_(0.2,0.8,0.5)",0.2,0.8,0.5,0.777542340189913,-0.5,-4.69736659610103,-122.83397403496,118.136607438859,0.565685424949238,FLOAT
"mutualistic_mixed_(0.2,0.8,0.5)",0.2,0.8,0.5,0.784155448403264,-0.5,-4.69736659610103,-103.244584372003,98.5472177759024,0.565685424949238,FLOAT
"mutualistic_mixed_(0.2,0.8,0.5)",0.2,0.8,0.5,0.791162991201332,-0.5,-4.69736659610103,-86.7829755938988,82.0856089977978,0.565685424949238,FLOAT
"mutualistic_mixed_(0.2,0.8,0.5)",0.2,0.8,0.5,0.798588494381158,-0.5,-4.69736659610103,-72.9500039873443,68.2526373912433,0.565685424949238,FLOAT
"mutualistic_mixed_(0.2,0.8,0.5)",0.2,0.8,0.5,0.806456886920807,-0.5,-4.69736659610103,-61.3261636783415,56.6287970822404,0.565685424949238,FLOAT
"mutualistic_mixed_(0.2,0.8,0.5)",0.2,0.8,0.5,0.814794584671205,-0.5,-4.69736659610103,-51.5588808869261,46.8615142908251,0.565685424949238,FLOAT
"mutualistic_mixed_(0.2,0.8,0.5)",0.2,0.8,0.5,0.823629579039712,-0.5,-4.69736659610103,-43.3518351644845,38.6544685683835,0.565685424949238,FLOAT
"mutualistic_mixed_(0.2,0.8,0.5)",0.2,0.8,0.5,0.83299153096317,-0.5,-4.69736659610103,-36.4559842256201,31.7586176295191,0.565685424949238,FLOAT
"mutualistic_mixed_(0.2,0.8,0.5)",0.2,0.8,0.5,0.842911870485915,-0.5,-4.69736659610103,-30.662020577023,25.964653980922,0.565685424949238,FLOAT
"mutualistic_mixed_(0.2,0.8,0.5)",0.2,0.8,0.5,0.853423902277057,-0.5,-4.69736659610103,-25.7940315069638,21.0966649108627,0.565685424949238,FLOAT
"mutualistic_mixed_(0.2,0.8,0.5)",0.2,0.8,0.5,0.864562917441269,-0.5,-4.69736659610103,-21.7041704453944,17.0068038492934,0.565685424949238,FLOAT
"mutualistic_mixed_(0.2,0.8,0.5)",0.2,0.8,0.5,0.876366311998457,-0.5,-4.69736659610103,-18.2681783424631,13.5708117463621,0.565685424949238,FLOAT
"mutualistic_mixed_(0.2,0.8,0.5)",0.2,0.8,0.5,0.888873712430073,-0.5,-4.69736659610103,-15.3816194753097,10.6842528792087,0.565685424949238,FLOAT
"mutualistic_mixed_(0.2,0.8,0.5)",0.2,0.8,0.5,0.9,-0.5,-4.69736659610103,-13.3092116116175,8.61184501551648,0.565685424949238,FLOAT
"mutualistic_mixed_(0.2,0.8,0.5)",0.2,0.8,0.5,0.902127108713561,-0.5,-4.69736659610103,-12.9567177687159,8.25935117261483,0.565685424949238,FLOAT
"mutualistic_mixed_(0.2,0.8,0.5)",0.2,0.8,0.5,0.912667383761716,-0.5,-4.69736659610103,-11.3846865180174,6.68731992191637,0.565685424949238,FLOAT
"mutualistic_mixed_(0.2,0.8,0.5)",0.2,0.8,0.5,0.916170995291558,-0.5,-4.69736659610103,-10.9196979785036,6.22233138240256,0.565685424949238,FLOAT
"mutualistic_mixed_(0.2,0.8,0.5)",0.2,0.8,0.5,0.923730141409766,-0.5,-4.69736659610103,-10.0009320439569,5.30356544785585,0.565685424949238,FLOAT
"mutualistic_mixed_(0.2,0.8,0.5)",0.2,0.8,0.5,0.931052520449102,-0.5,-4.69736659610103,-9.20855152345038,4.51118492734935,0.565685424949238,FLOAT
"mutualistic_mixed_(0.2,0.8,0.5)",0.2,0.8,0.5,0.933391537091908,-0.5,-4.69736659610103,-8.97353897446563,4.2761723783646,0.565685424949238,FLOAT
"mutualistic_mixed_(0.2,0.8,0.5)",0.2,0.8,0.5,0.941829086706256,-0.5,-4.69736659610103,-8.19079039922415,3.49342380312312,0.565685424949238,FLOAT
"mutualistic_mixed_(0.2,0.8,0.5)",0.2,0.8,0.5,0.946821644600358,-0.5,-4.69736659610103,-7.77115989025496,3.07379329415393,0.565685424949238,FLOAT
"mutualistic_mixed_(0.2,0.8,0.5)",0.2,0.8,0.5,0.94919781953087,-0.5,-4.69736659610103,-7.58176042669429,2.88439383059326,0.565685424949238,FLOAT
"mutualistic_mixed_(0.2,0.8,0.5)",0.2,0.8,0.5,0.955633126690214,-0.5,-4.69736659610103,-7.09961948465447,2.40225288855344,0.565685424949238,FLOAT
"mutualistic_mixed_(0.2,0.8,0.5)",0.2,0.8,0.5,0.961253248795439,-0.5,-4.69736659610103,-6.71240103966535,2.01503444356432,0.565685424949238,FLOAT
"mutualistic_mixed_(0.2,0.8,0.5)",0.2,0.8,0.5,0.963531308016255,-0.5,-4.69736659610103,-6.56371988266774,1.86635328656671,0.565685424949238,FLOAT
"mutualistic_mixed_(0.2,0.8,0.5)",0.2,0.8,0.5,0.966161448465718,-0.5,-4.69736659610103,-6.39765091973467,1.70028432363364,0.565685424949238,FLOAT
"mutualistic_mixed_(0.2,0.8,0.5)",0.2,0.8,0.5,0.970447907647971,-0.5,-4.69736659610103,-6.13920014414018,1.44183354803915,0.565685424949238,FLOAT
"mutualistic_mixed_(0.2,0.8,0.5)",0.2,0.8,0.5,0.974191384595819,-0.5,-4.69736659610103,-5.92514992649813,1.2277833303971,0.565685424949238,FLOAT
"mutualistic_mixed_(0.2,0.8,0.5)",0.2,0.8,0.5,0.977460660952652,-0.5,-4.69736659610103,-5.74657482754699,1.04920823144596,0.565685424949238,FLOAT
"mutualistic_mixed_(0.2,0.8,0.5)",0.2,0.8,0.5,0.980315805527134,-0.5,-4.69736659610103,-5.59666546832724,0.899298872226212,0.565685424949238,FLOAT
"mutualistic_mixed_(0.2,0.8,0.5)",0.2,0.8,0.5,0.981237608556118,-0.5,-4.69736659610103,-5.54942505761367,0.852058461512644,0.565685424949238,FLOAT
"mutualistic_mixed_(0.2,0.8,0.5)",0.2,0.8,0.5,0.982809277981414,-0.5,-4.69736659610103,-5.47014815241629,0.772781556315262,0.565685424949238,FLOAT
"mutualistic_mixed_(0.2,0.8,0.5)",0.2,0.8,0.5,0.984986892710918,-0.5,-4.69736659610103,-5.36288346787216,0.665516871771133,0.565685424949238,FLOAT
"mutualistic_mixed_(0.2,0.8,0.5)",0.2,0.8,0.5,0.986888660625784,-0.5,-4.69736659610103,-5.27158326601695,0.574216669915923,0.565685424949238,FLOAT
"mutualistic_mixed_(0.2,0.8,0.5)",0.2,0.8,0.5,0.988549524300617,-0.5,-4.69736659610103,-5.19360757723774,0.496240981136713,0.565685424949238,FLOAT
"mutualistic_mixed_(0.2,0.8,0.5)",0.2,0.8,0.5,0.99,-0.5,-4.69736659610103,-5.12681653298331,0.429449936882278,0.565685424949238,FLOAT
"mutualistic_mixed_(0.2,0.8,0.5)",0.2,0.8,0.5,0.991266738376172,-0.5,-4.69736659610103,-5.06946079479595,0.372094198694925,0.565685424949238,FLOAT
"mutualistic_mixed_(0.2,0.8,0.5)",0.2,0.8,0.5,0.992373014140977,-0.5,-4.69736659610103,-5.02009936847356,0.322732772372534,0.565685424949238,FLOAT
"mutualistic_mixed_(0.2,0.8,0.5)",0.2,0.8,0.5,0.993339153709191,-0.5,-4.69736659610103,-4.97753717887547,0.280170582774444,0.565685424949238,FLOAT
"mutualistic_mixed_(0.2,0.8,0.5)",0.2,0.8,0.5,0.994182908670626,-0.5,-4.69736659610103,-4.9407770969747,0.243410500873667,0.565685424949238,FLOAT
"mutualistic_mixed_(0.2,0.8,0.5)",0.2,0.8,0.5,0.994919781953087,-0.5,-4.69736659610103,-4.90898267012765,0.211616074026622,0.565685424949238,FLOAT
"mutualistic_mixed_(0.2,0.8,0.5)",0.2,0.8,0.5,0.995563312669021,-0.5,-4.69736659610103,-4.8814488725506,0.184082276449568,0.565685424949238,FLOAT
"mutualistic_mixed_(0.2,0.8,0.5)",0.2,0.8,0.5,0.996125324879544,-0.5,-4.69736659610103,-4.8575789320902,0.160212335989168,0.565685424949238,FLOAT
"mutualistic_mixed_(0.2,0.8,0.5)",0.2,0.8,0.5,0.996616144846572,-0.5,-4.69736659610103,-4.83686580854956,0.13949921244853,0.565685424949238,FLOAT
"mutualistic_mixed_(0.2,0.8,0.5)",0.2,0.8,0.5,0.997044790764797,-0.5,-4.69736659610103,-4.81887726798151,0.121510671880476,0.565685424949238,FLOAT
"mutualistic_mixed_(0.2,0.8,0.5)",0.2,0.8,0.5,0.997419138459582,-0.5,-4.69736659610103,-4.80324376283077,0.105877166729738,0.565685424949238,FLOAT
"mutualistic_mixed_(0.2,0.8,0.5)",0.2,0.8,0.5,0.997746066095265,-0.5,-4.69736659610103,-4.7896485207561,0.0922819246550732,0.565685424949238,FLOAT
"mutualistic_mixed_(0.2,0.8,0.5)",0.2,0.8,0.5,0.998031580552713,-0.5,-4.69736659610103,-4.77781938661091,0.0804527905098853,0.565685424949238,FLOAT
"mutualistic_mixed_(0.2,0.8,0.5)",0.2,0.8,0.5,0.998280927798141,-0.5,-4.69736659610103,-4.76752206703359,0.070155470932562,0.565685424949238,FLOAT
"mutualistic_mixed_(0.2,0.8,0.5)",0.2,0.8,0.5,0.998498689271092,-0.5,-4.69736659610103,-4.75855450559274,0.0611879094917098,0.565685424949238,FLOAT
"mutualistic_mixed_(0.2,0.8,0.5)",0.2,0.8,0.5,0.998688866062578,-0.5,-4.69736659610103,-4.7507421756316,0.0533755795305728,0.565685424949238,FLOAT
"mutualistic_mixed_(0.2,0.8,0.5)",0.2,0.8,0.5,0.998854952430062,-0.5,-4.69736659610103,-4.74393412297004,0.0465675268690076,0.565685424949238,FLOAT
"mutualistic_mixed_(0.2,0.8,0.5)",0.2,0.8,0.5,0.999,-0.5,-4.69736659610103,-4.73799962512293,0.0406330290219028,0.565685424949238,FLOAT
"mutualistic_mixed_(0.2,0.8,0.5)",0.2,0.8,0.5,0.999126673837617,-0.5,-4.69736659610103,-4.7328253603383,0.0354587642372683,0.565685424949238,FLOAT
"mutualistic_mixed_(0.2,0.8,0.5)",0.2,0.8,0.5,0.999237301414098,-0.5,-4.69736659610103,-4.72831300048889,0.0309464043878567,0.565685424949238,FLOAT
"mutualistic_mixed_(0.2,0.8,0.5)",0.2,0.8,0.5,0.999333915370919,-0.5,-4.69736659610103,-4.72437715809722,0.0270105619961916,0.565685424949238,FLOAT
"mutualistic_mixed_(0.2,0.8,0.5)",0.2,0.8,0.5,0.999418290867063,-0.5,-4.69736659610103,-4.72094363059443,0.0235770344934041,0.565685424949238,FLOAT
"mutualistic_mixed_(0.2,0.8,0.5)",0.2,0.8,0.5,0.999491978195309,-0.5,-4.69736659610103,-4.7179478951006,0.0205812989995664,0.565685424949238,FLOAT
"mutualistic_mixed_(0.2,0.8,0.5)",0.2,0.8,0.5,0.999556331266902,-0.5,-4.69736659610103,-4.71533381516218,0.0179672190611537,0.565685424949238,FLOAT
"mutualistic_mixed_(0.2,0.8,0.5)",0.2,0.8,0.5,0.999612532487954,-0.5,-4.69736659610103,-4.71305252744142,0.0156859313403874,0.565685424949238,FLOAT
"mutualistic_mixed_(0.2,0.8,0.5)",0.2,0.8,0.5,0.999661614484657,-0.5,-4.69736659610103,-4.7110614816654,0.0136948855643748,0.565685424949238,FLOAT
"mutualistic_mixed_(0.2,0.8,0.5)",0.2,0.8,0.5,0.99970447907648,-0.5,-4.69736659610103,-4.70932361147214,0.0119570153711068,0.565685424949238,FLOAT
"mutualistic_mixed_(0.2,0.8,0.5)",0.2,0.8,0.5,0.999741913845958,-0.5,-4.69736659610103,-4.70780661733863,0.0104400212375984,0.565685424949238,FLOAT
"mutualistic_mixed_(0.2,0.8,0.5)",0.2,0.8,0.5,0.999774606609527,-0.5,-4.69736659610103,-4.70648234569997,0.00911574959894246,0.565685424949238,FLOAT
"mutualistic_mixed_(0.2,0.8,0.5)",0.2,0.8,0.5,0.999803158055271,-0.5,-4.69736659610103,-4.70532625078986,0.00795965468883164,0.565685424949238,FLOAT
"mutualistic_mixed_(0.2,0.8,0.5)",0.2,0.8,0.5,0.999828092779814,-0.5,-4.69736659610103,-4.70431692774863,0.00695033164759895,0.565685424949238,FLOAT
"mutualistic_mixed_(0.2,0.8,0.5)",0.2,0.8,0.5,0.999849868927109,-0.5,-4.69736659610103,-4.70343570723023,0.00606911112919839,0.565685424949238,FLOAT
"mutualistic_mixed_(0.2,0.8,0.5)",0.2,0.8,0.5,0.999868886606258,-0.5,-4.69736659610103,-4.70266630315483,0.00529970705380034,0.565685424949238,FLOAT
"mutualistic_mixed_(0.2,0.8,0.5)",0.2,0.8,0.5,0.999885495243006,-0.5,-4.69736659610103,-4.70199450644682,0.00462791034579269,0.565685424949238,FLOAT
"mutualistic_mixed_(0.2,0.8,0.5)",0.2,0.8,0.5,0.9999,-0.5,-4.69736659610103,-4.70140791860734,0.00404132250630784,0.565685424949238,FLOAT
"mutualistic_mixed_(0.2,0.8,0.5)",0.2,0.8,0.5,0.999912667383762,-0.5,-4.69736659610103,-4.70089571982762,0.00352912372658665,0.565685424949238,FLOAT
"mutualistic_mixed_(0.2,0.8,0.5)",0.2,0.8,0.5,0.99992373014141,-0.5,-4.69736659610103,-4.70044846707923,0.00308187097820412,0.565685424949238,FLOAT
"mutualistic_mixed_(0.2,0.8,0.5)",0.2,0.8,0.5,0.999933391537092,-0.5,-4.69736659610103,-4.7000579182402,0.00269132213917356,0.565685424949238,FLOAT
"mutualistic_mixed_(0.2,0.8,0.5)",0.2,0.8,0.5,0.999941829086706,-0.5,-4.69736659610103,-4.69971687884974,0.00235028274871052,0.565685424949238,FLOAT
"mutualistic_mixed_(0.2,0.8,0.5)",0.2,0.8,0.5,0.999949197819531,-0.5,-4.69736659610103,-4.69941906854177,0.00205247244073803,0.565685424949238,FLOAT
"mutualistic_mixed_(0.2,0.8,0.5)",0.2,0.8,0.5,0.99995563312669,-0.5,-4.69736659610103,-4.69915900460113,0.0017924085001022,0.565685424949238,FLOAT
"mutualistic_mixed_(0.2,0.8,0.5)",0.2,0.8,0.5,0.999961253248795,-0.5,-4.69736659610103,-4.69893190042503,0.00156530432400537,0.565685424949238,FLOAT
"mutualistic_mixed_(0.2,0.8,0.5)",0.2,0.8,0.5,0.999966161448466,-0.5,-4.69736659610103,-4.69873357696488,0.00136698086385412,0.565685424949238,FLOAT
"mutualistic_mixed_(0.2,0.8,0.5)",0.2,0.8,0.5,0.999970447907648,-0.5,-4.69736659610103,-4.69856038547608,0.0011937893750531,0.565685424949238,FLOAT
"mutualistic_mixed_(0.2,0.8,0.5)",0.2,0.8,0.5,0.999974191384596,-0.5,-4.69736659610103,-4.69840914012213,0.00104254402110104,0.565685424949238,FLOAT
"mutualistic_mixed_(0.2,0.8,0.5)",0.2,0.8,0.5,0.999977460660953,-0.5,-4.69736659610103,-4.69827705916829,0.000910463067259393,0.565685424949238,FLOAT
"mutualistic_mixed_(0.2,0.8,0.5)",0.2,0.8,0.5,0.999980315805527,-0.5,-4.69736659610103,-4.69816171366428,0.00079511756324635,0.565685424949238,FLOAT
"mutualistic_mixed_(0.2,0.8,0.5)",0.2,0.8,0.5,0.999982809277981,-0.5,-4.69736659610103,-4.69806098265813,0.000694386557098525,0.565685424949238,FLOAT
"mutualistic_mixed_(0.2,0.8,0.5)",0.2,0.8,0.5,0.999984986892711,-0.5,-4.69736659610103,-4.69797301410632,0.000606418005292042,0.565685424949238,FLOAT
"mutualistic_mixed_(0.2,0.8,0.5)",0.2,0.8,0.5,0.999986888660626,-0.5,-4.69736659610103,-4.69789619075329,0.000529594652260101,0.565685424949238,FLOAT
"mutualistic_mixed_(0.2,0.8,0.5)",0.2,0.8,0.5,0.999988549524301,-0.5,-4.69736659610103,-4.69782910034664,0.000462504245612116,0.565685424949238,FLOAT
"mutualistic_mixed_(0.2,0.8,0.5)",0.2,0.8,0.5,0.99999,-0.5,-4.69736659610103,-4.69777050963558,0.000403913534551492,0.565685424949238,FLOAT
"mutualistic_mixed_(0.2,0.8,0.5)",0.2,0.8,0.5,0.999991266738376,-0.5,-4.69736659610103,-4.69771934167088,0.000352745569849766,0.565685424949238,FLOAT
"mutualistic_mixed_(0.2,0.8,0.5)",0.2,0.8,0.5,0.999992373014141,-0.5,-4.69736659610103,-4.69767465598632,0.000308059885295364,0.565685424949238,FLOAT
"mutualistic_mixed_(0.2,0.8,0.5)",0.2,0.8,0.5,0.999993339153709,-0.5,-4.69736659610103,-4.6976356312953,0.000269035194267353,0.565685424949238,FLOAT
"mutualistic_mixed_(0.2,0.8,0.5)",0.2,0.8,0.5,0.999994182908671,-0.5,-4.69736659610103,-4.69760155038258,0.000234954281554955,0.565685424949238,FLOAT
"mutualistic_mixed_(0.2,0.8,0.5)",0.2,0.8,0.5,0.999994919781953,-0.5,-4.69736659610103,-4.69757178691279,0.000205190811764844,0.565685424949238,FLOAT
"mutualistic_mixed_(0.2,0.8,0.5)",0.2,0.8,0.5,0.999995563312669,-0.5,-4.69736659610103,-4.69754579391172,0.000179197810695975,0.565685424949238,FLOAT
"mutualistic_mixed_(0.2,0.8,0.5)",0.2,0.8,0.5,0.99999612532488,-0.5,-4.69736659610103,-4.69752309370842,0.000156497607392225,0.565685424949238,FLOAT
"mutualistic_mixed_(0.2,0.8,0.5)",0.2,0.8,0.5,0.999996616144847,-0.5,-4.69736659610103,-4.6975032691525,0.000136673051472691,0.565685424949238,FLOAT
"mutualistic_mixed_(0.2,0.8,0.5)",0.2,0.8,0.5,0.999997044790765,-0.5,-4.69736659610103,-4.69748595594489,0.000119359843864686,0.565685424949238,FLOAT
"mutualistic_mixed_(0.2,0.8,0.5)",0.2,0.8,0.5,0.99999741913846,-0.5,-4.69736659610103,-4.69747083594075,0.000104239839716413,0.565685424949238,FLOAT
"mutualistic_mixed_(0.2,0.8,0.5)",0.2,0.8,0.5,0.999997746066095,-0.5,-4.69736659610103,-4.69745763130123,9.10352002039261e-05,0.565685424949238,FLOAT
"mutualistic_mixed_(0.2,0.8,0.5)",0.2,0.8,0.5,0.999998031580553,-0.5,-4.69736659610103,-4.69744609938656,7.95032855336331e-05,0.565685424949238,FLOAT
"mutualistic_mixed_(0.2,0.8,0.5)",0.2,0.8,0.5,0.999998280927798,-0.5,-4.69736659610103,-4.69743602829617,6.94321951391075e-05,0.565685424949238,FLOAT
"mutualistic_mixed_(0.2,0.8,0.5)",0.2,0.8,0.5,0.999998498689271,-0.5,-4.69736659610103,-4.69742723297415,6.06368731181917e-05,0.565685424949238,FLOAT
"mutualistic_mixed_(0.2,0.8,0.5)",0.2,0.8,0.5,0.999998688866063,-0.5,-4.69736659610103,-4.69741955180816,5.29557071340392e-05,0.565685424949238,FLOAT
"mutualistic_mixed_(0.2,0.8,0.5)",0.2,0.8,0.5,0.99999885495243,-0.5,-4.69736659610103,-4.69741284365933,4.62475582985178e-05,0.565685424949238,FLOAT
"mutualistic_mixed_(0.2,0.8,0.5)",0.2,0.8,0.5,0.999999,-0.5,-4.69736659610103,-4.69740698526841,4.03891673768086e-05,0.565685424949238,FLOAT
"mutualistic_mixed_(0.2,0.8,0.5)",0.2,0.8,0.5,0.999999126673838,-0.5,-4.69736659610103,-4.69740186899071,3.52728896801935e-05,0.565685424949238,FLOAT
"mutualistic_mixed_(0.2,0.8,0.5)",0.2,0.8,0.5,0.999999237301414,-0.5,-4.69736659610103,-4.69739740081792,3.08047168884329e-05,0.565685424949238,FLOAT
"mutualistic_mixed_(0.2,0.8,0.5)",0.2,0.8,0.5,0.999999333915371,-0.5,-4.69736659610103,-4.69739349865058,2.69025495498454e-05,0.565685424949238,FLOAT
"mutualistic_mixed_(0.2,0.8,0.5)",0.2,0.8,0.5,0.999999418290867,-0.5,-4.69736659610103,-4.69739009078947,2.34946884383191e-05,0.565685424949238,FLOAT
"mutualistic_mixed_(0.2,0.8,0.5)",0.2,0.8,0.5,0.999999491978195,-0.5,-4.69736659610103,-4.69738711461803,2.05185169965816e-05,0.565685424949238,FLOAT
"mutualistic_mixed_(0.2,0.8,0.5)",0.2,0.8,0.5,0.999999556331267,-0.5,-4.69736659610103,-4.6973845154518,1.79193507703346e-05,0.565685424949238,FLOAT
"mutualistic_mixed_(0.2,0.8,0.5)",0.2,0.8,0.5,0.999999612532488,-0.5,-4.69736659610103,-4.69738224553358,1.56494325542766e-05,0.565685424949238,FLOAT
"mutualistic_mixed_(0.2,0.8,0.5)",0.2,0.8,0.5,0.999999661614485,-0.5,-4.69736659610103,-4.69738026315587,1.36670548460671e-05,0.565685424949238,FLOAT
"mutualistic_mixed_(0.2,0.8,0.5)",0.2,0.8,0.5,0.999999704479076,-0.5,-4.69736659610103,-4.69737853189451,1.19357934806885e-05,0.565685424949238,FLOAT
"mutualistic_mixed_(0.2,0.8,0.5)",0.2,0.8,0.5,0.999999741913846,-0.5,-4.69736659610103,-4.6973770199394,1.0423838366691e-05,0.565685424949238,FLOAT
"mutualistic_mixed_(0.2,0.8,0.5)",0.2,0.8,0.5,0.999999774606609,-0.5,-4.69736659610103,-4.69737569951,9.10340896886908e-06,0.565685424949238,FLOAT
"mutualistic_mixed_(0.2,0.8,0.5)",0.2,0.8,0.5,0.999999803158055,-0.5,-4.69736659610103,-4.69737454634488,7.95024385347176e-06,0.565685424949238,FLOAT
"mutualistic_mixed_(0.2,0.8,0.5)",0.2,0.8,0.5,0.99999982809278,-0.5,-4.69736659610103,-4.69737353925594,6.94315491411857e-06,0.565685424949238,FLOAT
"mutualistic_mixed_(0.2,0.8,0.5)",0.2,0.8,0.5,0.999999849868927,-0.5,-4.69736659610103,-4.69737265973907,6.06363804411814e-06,0.565685424949238,FLOAT
"mutualistic_mixed_(0.2,0.8,0.5)",0.2,0.8,0.5,0.999999868886606,-0.5,-4.69736659610103,-4.69737189163416,5.29553312933473e-06,0.565685424949238,FLOAT
"mutualistic_mixed_(0.2,0.8,0.5)",0.2,0.8,0.5,0.999999885495243,-0.5,-4.69736659610103,-4.6973712208282,4.62472717277507e-06,0.565685424949238,FLOAT
"mutualistic_mixed_(0.2,0.8,0.5)",0.2,0.8,0.5,0.9999999,-0.5,-4.69736659610103,-4.69737063499591,4.03889487810005e-06,0.565685424949238,FLOAT
"mutualistic_mixed_(0.2,0.8,0.5)",0.2,0.8,0.5,0.999999912667384,-0.5,-4.69736659610103,-4.69737012337333,3.52727229824268e-06,0.565685424949238,FLOAT
"mutualistic_mixed_(0.2,0.8,0.5)",0.2,0.8,0.5,0.999999923730141,-0.5,-4.69736659610103,-4.69736967656,3.08045897057241e-06,0.565685424949238,FLOAT
"mutualistic_mixed_(0.2,0.8,0.5)",0.2,0.8,0.5,0.999999933391537,-0.5,-4.69736659610103,-4.69736928634629,2.69024526033945e-06,0.565685424949238,FLOAT
"mutualistic_mixed_(0.2,0.8,0.5)",0.2,0.8,0.5,0.999999941829087,-0.5,-4.69736659610103,-4.69736894556248,2.34946144672676e-06,0.565685424949238,FLOAT
"mutualistic_mixed_(0.2,0.8,0.5)",0.2,0.8,0.5,0.99999994919782,-0.5,-4.69736659610103,-4.69736864794709,2.05184605661657e-06,0.565685424949238,FLOAT
"mutualistic_mixed_(0.2,0.8,0.5)",0.2,0.8,0.5,0.999999955633127,-0.5,-4.69736659610103,-4.6973683880318,1.79193077354256e-06,0.565685424949238,FLOAT
"mutualistic_mixed_(0.2,0.8,0.5)",0.2,0.8,0.5,0.999999961253249,-0.5,-4.69736659610103,-4.697368161041,1.56493997227614e-06,0.565685424949238,FLOAT
"mutualistic_mixed_(0.2,0.8,0.5)",0.2,0.8,0.5,0.999999966161448,-0.5,-4.69736659610103,-4.69736796280401,1.36670298367392e-06,0.565685424949238,FLOAT
"mutualistic_mixed_(0.2,0.8,0.5)",0.2,0.8,0.5,0.999999970447908,-0.5,-4.69736659610103,-4.69736778967847,1.19357743777471e-06,0.565685424949238,FLOAT
"mutualistic_mixed_(0.2,0.8,0.5)",0.2,0.8,0.5,0.999999974191385,-0.5,-4.69736659610103,-4.69736763848341,1.04238237952359e-06,0.565685424949238,FLOAT
"mutualistic_mixed_(0.2,0.8,0.5)",0.2,0.8,0.5,0.999999977460661,-0.5,-4.69736659610103,-4.69736750644081,9.10339784887526e-07,0.565685424949238,FLOAT
"mutualistic_mixed_(0.2,0.8,0.5)",0.2,0.8,0.5,0.999999980315806,-0.5,-4.69736659610103,-4.69736739112457,7.95023540334228e-07,0.565685424949238,FLOAT
"mutualistic_mixed_(0.2,0.8,0.5)",0.2,0.8,0.5,0.999999982809278,-0.5,-4.69736659610103,-4.69736729041588,6.94314849170041e-07,0.565685424949238,FLOAT
"mutualistic_mixed_(0.2,0.8,0.5)",0.2,0.8,0.5,0.999999984986893,-0.5,-4.69736659610103,-4.69736720246435,6.06363316890679e-07,0.565685424949238,FLOAT
"mutualistic_mixed_(0.2,0.8,0.5)",0.2,0.8,0.5,0.999999986888661,-0.5,-4.69736659610103,-4.69736712565397,5.29552937500455e-07,0.565685424949238,FLOAT
"mutualistic_mixed_(0.2,0.8,0.5)",0.2,0.8,0.5,0.999999988549524,-0.5,-4.69736659610103,-4.69736705857346,4.62472427464888e-07,0.565685424949238,FLOAT
"mutualistic_mixed_(0.2,0.8,0.5)",0.2,0.8,0.5,0.99999999,-0.5,-4.69736659610103,-4.6973669999903,4.03889273137281e-07,0.565685424949238,FLOAT
"mixed_(3,0.5,1)",3,0.5,1,0.666666676666667,2.5,-9.32780492029403,-1.67583900535147e+23,1.67583900535147e+23,0,FLOAT
"mixed_(3,0.5,1)",3,0.5,1,0.66666667726311,2.5,-9.32780492029403,-1.40848394137424e+23,1.40848394137424e+23,0,FLOAT
"mixed_(3,0.5,1)",3,0.5,1,0.666666677895128,2.5,-9.32780492029403,-1.1837814326396e+23,1.1837814326396e+23,0,FLOAT
"mixed_(3,0.5,1)",3,0.5,1,0.666666678564843,2.5,-9.32780492029403,-9.94926815878253e+22,9.94926815878253e+22,0,FLOAT
"mixed_(3,0.5,1)",3,0.5,1,0.666666679274502,2.5,-9.32780492029403,-8.36201151818554e+22,8.36201151818554e+22,0,FLOAT
"mixed_(3,0.5,1)",3,0.5,1,0.666666680026488,2.5,-9.32780492029403,-7.02797735718258e+22,7.02797735718258e+22,0,FLOAT
"mixed_(3,0.5,1)",3,0.5,1,0.666666680823326,2.5,-9.32780492029403,-5.90676879630666e+22,5.90676879630666e+22,0,FLOAT
"mixed_(3,0.5,1)",3,0.5,1,0.666666681667691,2.5,-9.32780492029403,-4.96443233811929e+22,4.96443233811929e+22,0,FLOAT
"mixed_(3,0.5,1)",3,0.5,1,0.666666682562417,2.5,-9.32780492029403,-4.17243137365841e+22,4.17243137365841e+22,0,FLOAT
"mixed_(3,0.5,1)",3,0.5,1,0.666666683510509,2.5,-9.32780492029403,-3.50678233616775e+22,3.50678233616775e+22,0,FLOAT
"mixed_(3,0.5,1)",3,0.5,1,0.666666684515149,2.5,-9.32780492029403,-2.94732767568506e+22,2.94732767568506e+22,0,FLOAT
"mixed_(3,0.5,1)",3,0.5,1,0.66666668557971,2.5,-9.32780492029403,-2.47712561348466e+22,2.47712561348466e+22,0,FLOAT
"mixed_(3,0.5,1)",3,0.5,1,0.666666686707767,2.5,-9.32780492029403,-2.08193734727564e+22,2.08193734727564e+22,0,FLOAT
"mixed_(3,0.5,1)",3,0.5,1,0.666666687903105,2.5,-9.32780492029403,-1.74979537967082e+22,1.74979537967082e+22,0,FLOAT
"mixed_(3,0.5,1)",3,0.5,1,0.666666689169739,2.5,-9.32780492029403,-1.47064171196023e+22,1.47064171196023e+22,0,FLOAT
"mixed_(3,0.5,1)",3,0.5,1,0.66666669051192,2.5,-9.32780492029403,-1.23602283535257e+22,1.23602283535257e+22,0,FLOAT
"mixed_(3,0.5,1)",3,0.5,1,0.666666691934155,2.5,-9.32780492029403,-1.03883389723237e+22,1.03883389723237e+22,0,FLOAT
"mixed_(3,0.5,1)",3,0.5,1,0.666666693441218,2.5,-9.32780492029403,-8.73103493583035e+21,8.73103493583035e+21,0,FLOAT
"mixed_(3,0.5,1)",3,0.5,1,0.666666695038169,2.5,-9.32780492029403,-7.33812893445921e+21,7.33812893445921e+21,0,FLOAT
"mixed_(3,0.5,1)",3,0.5,1,0.666666696730369,2.5,-9.32780492029403,-6.16744032721044e+21,6.16744032721044e+21,0,FLOAT
"mixed_(3,0.5,1)",3,0.5,1,0.666666698523499,2.5,-9.32780492029403,-5.1835175656316e+21,5.1835175656316e+21,0,FLOAT
"mixed_(3,0.5,1)",3,0.5,1,0.666666700423579,2.5,-9.32780492029403,-4.35656489722093e+21,4.35656489722093e+21,0,FLOAT
"mixed_(3,0.5,1)",3,0.5,1,0.666666702436989,2.5,-9.32780492029403,-3.66154013299293e+21,3.66154013299293e+21,0,FLOAT
"mixed_(3,0.5,1)",3,0.5,1,0.666666704570486,2.5,-9.32780492029403,-3.0773962476291e+21,3.0773962476291e+21,0,FLOAT
"mixed_(3,0.5,1)",3,0.5,1,0.666666706831235,2.5,-9.32780492029403,-2.58644372960376e+21,2.58644372960376e+21,0,FLOAT
"mixed_(3,0.5,1)",3,0.5,1,0.666666709226825,2.5,-9.32780492029403,-2.17381534228459e+21,2.17381534228459e+21,0,FLOAT
"mixed_(3,0.5,1)",3,0.5,1,0.666666711765299,2.5,-9.32780492029403,-1.82701565102426e+21,1.82701565102426e+21,0,FLOAT
"mixed_(3,0.5,1)",3,0.5,1,0.666666714455177,2.5,-9.32780492029403,-1.53554266711392e+21,1.53554266711392e+21,0,FLOAT
"mixed_(3,0.5,1)",3,0.5,1,0.666666717305492,2.5,-9.32780492029403,-1.29056982264016e+21,1.29056982264016e+21,0,FLOAT
"mixed_(3,0.5,1)",3,0.5,1,0.666666720325813,2.5,-9.32780492029403,-1.08467872265783e+21,1.08467872265783e+21,0,FLOAT
"mixed_(3,0.5,1)",3,0.5,1,0.666666723526278,2.5,-9.32780492029403,-9.11634478831422e+20,9.11634478831422e+20,0,FLOAT
"mixed_(3,0.5,1)",3,0.5,1,0.666666726917633,2.5,-9.32780492029403,-7.66196843885214e+20,7.66196843885214e+20,0,FLOAT
"mixed_(3,0.5,1)",3,0.5,1,0.666666730511263,2.5,-9.32780492029403,-6.43961616591169e+20,6.43961616591169e+20,0,FLOAT
"mixed_(3,0.5,1)",3,0.5,1,0.666666734319233,2.5,-9.32780492029403,-5.41227183200193e+20,5.41227183200193e+20,0,FLOAT
"mixed_(3,0.5,1)",3,0.5,1,0.666666738354327,2.5,-9.32780492029403,-4.54882494349865e+20,4.54882494349865e+20,0,FLOAT
"mixed_(3,0.5,1)",3,0.5,1,0.666666742630091,2.5,-9.32780492029403,-3.82312803490278e+20,3.82312803490278e+20,0,FLOAT
"mixed_(3,0.5,1)",3,0.5,1,0.66666674716088,2.5,-9.32780492029403,-3.21320522547939e+20,3.21320522547939e+20,0,FLOAT
"mixed_(3,0.5,1)",3,0.5,1,0.666666751961906,2.5,-9.32780492029403,-2.7005864579557e+20,2.7005864579557e+20,0,FLOAT
"mixed_(3,0.5,1)",3,0.5,1,0.666666757049286,2.5,-9.32780492029403,-2.26974835783065e+20,2.26974835783065e+20,0,FLOAT
"mixed_(3,0.5,1)",3,0.5,1,0.666666762440099,2.5,-9.32780492029403,-1.90764402808135e+20,1.90764402808135e+20,0,FLOAT
"mixed_(3,0.5,1)",3,0.5,1,0.666666768152444,2.5,-9.32780492029403,-1.60330799734598e+20,1.60330799734598e+20,0,FLOAT
"mixed_(3,0.5,1)",3,0.5,1,0.666666774205498,2.5,-9.32780492029403,-1.34752423979396e+20,1.34752423979396e+20,0,FLOAT
"mixed_(3,0.5,1)",3,0.5,1,0.666666780619582,2.5,-9.32780492029403,-1.13254694112542e+20,1.13254694112542e+20,0,FLOAT
"mixed_(3,0.5,1)",3,0.5,1,0.66666678741623,2.5,-9.32780492029403,-9.5186605640376e+19,9.5186605640376e+19,0,FLOAT
"mixed_(3,0.5,1)",3,0.5,1,0.66666679461826,2.5,-9.32780492029403,-8.00010095883403e+19,8.00010095883403e+19,0,FLOAT
"mixed_(3,0.5,1)",3,0.5,1,0.666666802249851,2.5,-9.32780492029403,-6.72380479358849e+19,6.72380479358849e+19,0,FLOAT
"mixed_(3,0.5,1)",3,0.5,1,0.666666810336623,2.5,-9.32780492029403,-5.65112257422002e+19,5.65112257422002e+19,0,FLOAT
"mixed_(3,0.5,1)",3,0.5,1,0.666666818905725,2.5,-9.32780492029403,-4.74957072667908e+19,4.74957072667908e+19,0,FLOAT
"mixed_(3,0.5,1)",3,0.5,1,0.666666827985925,2.5,-9.32780492029403,-3.99184796044728e+19,3.99184796044728e+19,0,FLOAT
"mixed_(3,0.5,1)",3,0.5,1,0.666666837607709,2.5,-9.32780492029403,-3.35500851405474e+19,3.35500851405474e+19,0,FLOAT
"mixed_(3,0.5,1)",3,0.5,1,0.666666847803377,2.5,-9.32780492029403,-2.81976724643413e+19,2.81976724643413e+19,0,FLOAT
"mixed_(3,0.5,1)",3,0.5,1,0.66666685860716,2.5,-9.32780492029403,-2.36991569815407e+19,2.36991569815407e+19,0,FLOAT
"mixed_(3,0.5,1)",3,0.5,1,0.666666870055327,2.5,-9.32780492029403,-1.99183122768194e+19,1.99183122768194e+19,0,FLOAT
"mixed_(3,0.5,1)",3,0.5,1,0.666666882186313,2.5,-9.32780492029403,-1.67406446281637e+19,1.67406446281637e+19,0,FLOAT
"mixed_(3,0.5,1)",3,0.5,1,0.666666895040844,2.5,-9.32780492029403,-1.40699261657442e+19,1.40699261657442e+19,0,FLOAT
"mixed_(3,0.5,1)",3,0.5,1,0.666666908662074,2.5,-9.32780492029403,-1.18252807986832e+19,1.18252807986832e+19,0,FLOAT
"mixed_(3,0.5,1)",3,0.5,1,0.666666923095735,2.5,-9.32780492029403,-9.93873492204041e+18,9.93873492204041e+18,0,FLOAT
"mixed_(3,0.5,1)",3,0.5,1,0.666666938390282,2.5,-9.32780492029403,-8.3531591380455e+18,8.3531591380455e+18,0,FLOAT
"mixed_(3,0.5,1)",3,0.5,1,0.666666954597062,2.5,-9.32780492029403,-7.0205381606806e+18,7.0205381606806e+18,0,FLOAT
"mixed_(3,0.5,1)",3,0.5,1,0.666666971770485,2.5,-9.32780492029403,-5.9005168790364e+18,5.9005168790364e+18,0,FLOAT
"mixed_(3,0.5,1)",3,0.5,1,0.666666989968206,2.5,-9.32780492029403,-4.95917816254614e+18,4.95917816254614e+18,0,FLOAT
"mixed_(3,0.5,1)",3,0.5,1,0.666667009251318,2.5,-9.32780492029403,-4.16801590710418e+18,4.16801590710418e+18,0,FLOAT
"mixed_(3,0.5,1)",3,0.5,1,0.666667029684559,2.5,-9.32780492029403,-3.503071710165e+18,3.503071710165e+18,0,FLOAT
"mixed_(3,0.5,1)",3,0.5,1,0.666667051336528,2.5,-9.32780492029403,-2.94420936624107e+18,2.94420936624107e+18,0,FLOAT
"mixed_(3,0.5,1)",3,0.5,1,0.666667074279914,2.5,-9.32780492029403,-2.4745051155758e+18,2.4745051155758e+18,0,FLOAT
"mixed_(3,0.5,1)",3,0.5,1,0.666667098591744,2.5,-9.32780492029403,-2.07973511498637e+18,2.07973511498637e+18,0,FLOAT
"mixed_(3,0.5,1)",3,0.5,1,0.666667124353638,2.5,-9.32780492029403,-1.74794473317045e+18,1.74794473317045e+18,0,FLOAT
"mixed_(3,0.5,1)",3,0.5,1,0.666667151652083,2.5,-9.32780492029403,-1.46908651717551e+18,1.46908651717551e+18,0,FLOAT
"mixed_(3,0.5,1)",3,0.5,1,0.666667180578726,2.5,-9.32780492029403,-1.2347159338415e+18,1.2347159338415e+18,0,FLOAT
"mixed_(3,0.5,1)",3,0.5,1,0.66666721123068,2.5,-9.32780492029403,-1.0377356495826e+18,1.0377356495826e+18,0,FLOAT
"mixed_(3,0.5,1)",3,0.5,1,0.66666724371085,2.5,-9.32780492029403,-8.72180604533168e+17,8.72180604533168e+17,0,FLOAT
"mixed_(3,0.5,1)",3,0.5,1,0.666667278128279,2.5,-9.32780492029403,-7.33037372653081e+17,7.33037372653081e+17,0,FLOAT
"mixed_(3,0.5,1)",3,0.5,1,0.666667314598514,2.5,-9.32780492029403,-6.16092348020073e+17,6.16092348020073e+17,0,FLOAT
"mixed_(3,0.5,1)",3,0.5,1,0.666667353243992,2.5,-9.32780492029403,-5.17804138858573e+17,5.17804138858573e+17,0,FLOAT
"mixed_(3,0.5,1)",3,0.5,1,0.666667394194455,2.5,-9.32780492029403,-4.35196331186311e+17,4.35196331186311e+17,0,FLOAT
"mixed_(3,0.5,1)",3,0.5,1,0.666667437587381,2.5,-9.32780492029403,-3.65767353142639e+17,3.65767353142639e+17,0,FLOAT
"mixed_(3,0.5,1)",3,0.5,1,0.666667483568452,2.5,-9.32780492029403,-3.07414720534222e+17,3.07414720534222e+17,0,FLOAT
"mixed_(3,0.5,1)",3,0.5,1,0.666667532292033,2.5,-9.32780492029403,-2.58371368928949e+17,2.58371368928949e+17,0,FLOAT
"mixed_(3,0.5,1)",3,0.5,1,0.666667583921701,2.5,-9.32780492029403,-2.17152142953452e+17,2.17152142953452e+17,0,FLOAT
"mixed_(3,0.5,1)",3,0.5,1,0.666667638630787,2.5,-9.32780492029403,-1.82508821229421e+17,1.82508821229421e+17,0,FLOAT
"mixed_(3,0.5,1)",3,0.5,1,0.666667696602962,2.5,-9.32780492029403,-1.53392317371537e+17,1.53392317371537e+17,0,FLOAT
"mixed_(3,0.5,1)",3,0.5,1,0.66666775803285,2.5,-9.32780492029403,-1.28920910828194e+17,1.28920910828194e+17,0,FLOAT
"mixed_(3,0.5,1)",3,0.5,1,0.666667823126684,2.5,-9.32780492029403,-1.08353546390423e+17,1.08353546390423e+17,0,FLOAT
"mixed_(3,0.5,1)",3,0.5,1,0.666667892102997,2.5,-9.32780492029403,-9.10673931131338e+16,9.10673931131338e+16,0,FLOAT
"mixed_(3,0.5,1)",3,0.5,1,0.666667965193359,2.5,-9.32780492029403,-7.65389832485167e+16,7.65389832485167e+16,0,FLOAT
"mixed_(3,0.5,1)",3,0.5,1,0.666668042643148,2.5,-9.32780492029403,-6.43283605442365e+16,6.43283605442365e+16,0,FLOAT
"mixed_(3,0.5,1)",3,0.5,1,0.66666812471238,2.5,-9.32780492029403,-5.40657570472535e+16,5.40657570472535e+16,0,FLOAT
"mixed_(3,0.5,1)",3,0.5,1,0.666668211676578,2.5,-9.32780492029403,-4.54403957848134e+16,4.54403957848134e+16,0,FLOAT
"mixed_(3,0.5,1)",3,0.5,1,0.666668303827701,2.5,-9.32780492029403,-3.81910795244866e+16,3.81910795244866e+16,0,FLOAT
"mixed_(3,0.5,1)",3,0.5,1,0.666668401475117,2.5,-9.32780492029403,-3.20982811423579e+16,3.20982811423579e+16,0,FLOAT
"mixed_(3,0.5,1)",3,0.5,1,0.666668504946651,2.5,-9.32780492029403,-2.69774957343593e+16,2.69774957343593e+16,0,FLOAT
"mixed_(3,0.5,1)",3,0.5,1,0.666668614589678,2.5,-9.32780492029403,-2.26736533740048e+16,2.26736533740048e+16,0,FLOAT
"mixed_(3,0.5,1)",3,0.5,1,0.666668730772293,2.5,-9.32780492029403,-1.90564232020037e+16,1.90564232020037e+16,0,FLOAT
"mixed_(3,0.5,1)",3,0.5,1,0.666668853884545,2.5,-9.32780492029403,-1.60162666770894e+16,1.60162666770894e+16,0,FLOAT
"mixed_(3,0.5,1)",3,0.5,1,0.666668984339748,2.5,-9.32780492029403,-1.3461120469402e+16,1.3461120469402e+16,0,FLOAT
"mixed_(3,0.5,1)",3,0.5,1,0.666669122575868,2.5,-9.32780492029403,-1.13136085739057e+16,1.13136085739057e+16,0,FLOAT
"mixed_(3,0.5,1)",3,0.5,1,0.666669269056992,2.5,-9.32780492029403,-9.50869914389104e+15,9.50869914389103e+15,0,FLOAT
"mixed_(3,0.5,1)",3,0.5,1,0.666669424274889,2.5,-9.32780492029403,-7.99173518646787e+15,7.99173518646786e+15,0,FLOAT
"mixed_(3,0.5,1)",3,0.5,1,0.666669588750657,2.5,-9.32780492029403,-6.71677939692529e+15,6.71677939692528e+15,0,FLOAT
"mixed_(3,0.5,1)",3,0.5,1,0.666669763036477,2.5,-9.32780492029403,-5.64522307429252e+15,5.64522307429251e+15,0,FLOAT
"mixed_(3,0.5,1)",3,0.5,1,0.666669947717462,2.5,-9.32780492029403,-4.74461694823977e+15,4.74461694823976e+15,0,FLOAT
"mixed_(3,0.5,1)",3,0.5,1,0.666670143413626,2.5,-9.32780492029403,-3.98768853460999e+15,3.98768853460998e+15,0,FLOAT
"mixed_(3,0.5,1)",3,0.5,1,0.666670350781961,2.5,-9.32780492029403,-3.35151626240956e+15,3.35151626240955e+15,0,FLOAT
"mixed_(3,0.5,1)",3,0.5,1,0.666670570518648,2.5,-9.32780492029403,-2.81683534619325e+15,2.81683534619324e+15,0,FLOAT
"mixed_(3,0.5,1)",3,0.5,1,0.666670803361388,2.5,-9.32780492029403,-2.36745440326774e+15,2.36745440326773e+15,0,FLOAT
"mixed_(3,0.5,1)",3,0.5,1,0.666671050091883,2.5,-9.32780492029403,-1.98976513925007e+15,1.98976513925006e+15,0,FLOAT
"mixed_(3,0.5,1)",3,0.5,1,0.66667131153846,2.5,-9.32780492029403,-1.6723302552576e+15,1.6723302552576e+15,0,FLOAT
"mixed_(3,0.5,1)",3,0.5,1,0.666671588578849,2.5,-9.32780492029403,-1.40553709817101e+15,1.405537098171e+15,0,FLOAT
"mixed_(3,0.5,1)",3,0.5,1,0.666671882143135,2.5,-9.32780492029403,-1.18130656648953e+15,1.18130656648952e+15,0,FLOAT
"mixed_(3,0.5,1)",3,0.5,1,0.666672193216873,2.5,-9.32780492029403,-992848455518692,992848455518682,0,FLOAT
"mixed_(3,0.5,1)",3,0.5,1,0.666672522844405,2.5,-9.32780492029403,-834455833151718,834455833151708,0,FLOAT
"mixed_(3,0.5,1)",3,0.5,1,0.666672872132358,2.5,-9.32780492029403,-701332220494651,701332220494642,0,FLOAT
"mixed_(3,0.5,1)",3,0.5,1,0.666673242253367,2.5,-9.32780492029403,-589446343041859,589446343041850,0,FLOAT
"mixed_(3,0.5,1)",3,0.5,1,0.666673634450005,2.5,-9.32780492029403,-495410053752759,495410053752749,0,FLOAT
"mixed_(3,0.5,1)",3,0.5,1,0.66667405003896,2.5,-9.32780492029403,-416375732032740,416375732032731,0,FLOAT
"mixed_(3,0.5,1)",3,0.5,1,0.66667449041545,2.5,-9.32780492029403,-349950051080740,349950051080731,0,FLOAT
"mixed_(3,0.5,1)",3,0.5,1,0.666674957057912,2.5,-9.32780492029403,-294121502138434,294121502138424,0,FLOAT
"mixed_(3,0.5,1)",3,0.5,1,0.666675451532965,2.5,-9.32780492029403,-247199481297641,247199481297632,0,FLOAT
"mixed_(3,0.5,1)",3,0.5,1,0.666675975500663,2.5,-9.32780492029403,-207763094237130,207763094237121,0,FLOAT
"mixed_(3,0.5,1)",3,0.5,1,0.666676530720078,2.5,-9.32780492029403,-174618127995860,174618127995850,0,FLOAT
"mixed_(3,0.5,1)",3,0.5,1,0.666677119055197,2.5,-9.32780492029403,-146760887590090,146760887590080,0,FLOAT
"mixed_(3,0.5,1)",3,0.5,1,0.666677742481186,2.5,-9.32780492029403,-123347801773049,123347801773040,0,FLOAT
"mixed_(3,0.5,1)",3,0.5,1,0.666678403091018,2.5,-9.32780492029403,-103669877784352,103669877784343,0,FLOAT
"mixed_(3,0.5,1)",3,0.5,1,0.666679103102497,2.5,-9.32780492029403,-87131231437230.6,87131231437221.3,0,FLOAT
"mixed_(3,0.5,1)",3,0.5,1,0.666679844865711,2.5,-9.32780492029403,-73231042408731.6,73231042408722.3,0,FLOAT
"mixed_(3,0.5,1)",3,0.5,1,0.666680630870915,2.5,-9.32780492029403,-61548388267552.6,61548388267543.3,0,FLOAT
"mixed_(3,0.5,1)",3,0.5,1,0.666681463756893,2.5,-9.32780492029403,-51729498037687.3,51729498037677.9,0,FLOAT
"mixed_(3,0.5,1)",3,0.5,1,0.666682346319819,2.5,-9.32780492029403,-43477039216972.7,43477039216963.4,0,FLOAT
"mixed_(3,0.5,1)",3,0.5,1,0.666683281522644,2.5,-9.32780492029403,-36541113911418.2,36541113911408.9,0,FLOAT
"mixed_(3,0.5,1)",3,0.5,1,0.666684272505039,2.5,-9.32780492029403,-30711691391849.6,30711691391840.2,0,FLOAT
"mixed_(3,0.5,1)",3,0.5,1,0.666685322593942,2.5,-9.32780492029403,-25812247916036.7,25812247916027.4,0,FLOAT
"mixed_(3,0.5,1)",3,0.5,1,0.666686435314721,2.5,-9.32780492029403,-21694421222028.9,21694421222019.5,0,FLOAT
"mixed_(3,0.5,1)",3,0.5,1,0.666687614403016,2.5,-9.32780492029403,-18233517808830.3,18233517808821,0,FLOAT
"mixed_(3,0.5,1)",3,0.5,1,0.666688863817274,2.5,-9.32780492029403,-15324736966708,15324736966698.7,0,FLOAT
"mixed_(3,0.5,1)",3,0.5,1,0.666690187752041,2.5,-9.32780492029403,-12879997198647.9,12879997198638.6,0,FLOAT
"mixed_(3,0.5,1)",3,0.5,1,0.666691590652045,2.5,-9.32780492029403,-10825268939514.4,10825268939505,0,FLOAT
"mixed_(3,0.5,1)",3,0.5,1,0.666693077227118,2.5,-9.32780492029403,-9098332797793.45,9098332797784.12,0,FLOAT
"mixed_(3,0.5,1)",3,0.5,1,0.666694652468004,2.5,-9.32780492029403,-7646895433739.03,7646895433729.7,0,FLOAT
"mixed_(3,0.5,1)",3,0.5,1,0.66669632166312,2.5,-9.32780492029403,-6427006019201.76,6427006019192.43,0,FLOAT
"mixed_(3,0.5,1)",3,0.5,1,0.666698090416304,2.5,-9.32780492029403,-5401725327124.03,5401725327114.7,0,FLOAT
"mixed_(3,0.5,1)",3,0.5,1,0.666699964665634,2.5,-9.32780492029403,-4540007145587.3,4540007145577.98,0,FLOAT
"mixed_(3,0.5,1)",3,0.5,1,0.66670195070336,2.5,-9.32780492029403,-3815758144829.47,3815758144820.14,0,FLOAT
"mixed_(3,0.5,1)",3,0.5,1,0.666704055197027,2.5,-9.32780492029403,-3207047727624.27,3207047727614.94,0,FLOAT
"mixed_(3,0.5,1)",3,0.5,1,0.666706285211866,2.5,-9.32780492029403,-2695443934871.8,2695443934862.47,0,FLOAT
"mixed_(3,0.5,1)",3,0.5,1,0.666708648234505,2.5,-9.32780492029403,-2265455296647.44,2265455296638.11,0,FLOAT
"mixed_(3,0.5,1)",3,0.5,1,0.666711152198109,2.5,-9.32780492029403,-1904061727329.78,1904061727320.45,0,FLOAT
"mixed_(3,0.5,1)",3,0.5,1,0.666713805509012,2.5,-9.32780492029403,-1600320258440.22,1600320258430.89,0,FLOAT
"mixed_(3,0.5,1)",3,0.5,1,0.666716617074936,2.5,-9.32780492029403,-1345033670199.48,1345033670190.15,0,FLOAT
"mixed_(3,0.5,1)",3,0.5,1,0.6667195963349,2.5,-9.32780492029403,-1130471987685.25,1130471987675.92,0,FLOAT
"mixed_(3,0.5,1)",3,0.5,1,0.666722753290909,2.5,-9.32780492029403,-950138407652.3,950138407642.972,0,FLOAT
"mixed_(3,0.5,1)",3,0.5,1,0.666726098541527,2.5,-9.32780492029403,-798572567666.287,798572567656.96,0,FLOAT
"mixed_(3,0.5,1)",3,0.5,1,0.666729643317467,2.5,-9.32780492029403,-671185200424.561,671185200415.233,0,FLOAT
"mixed_(3,0.5,1)",3,0.5,1,0.666733399519287,2.5,-9.32780492029403,-564119166224.223,564119166214.896,0,FLOAT
"mixed_(3,0.5,1)",3,0.5,1,0.666737379757347,2.5,-9.32780492029403,-474132655270.785,474132655261.457,0,FLOAT
"mixed_(3,0.5,1)",3,0.5,1,0.666741597394146,2.5,-9.32780492029403,-398501023079.99,398501023070.662,0,FLOAT
"mixed_(3,0.5,1)",3,0.5,1,0.666746066589179,2.5,-9.32780492029403,-334934286339.581,334934286330.253,0,FLOAT
"mixed_(3,0.5,1)",3,0.5,1,0.666750802346474,2.5,-9.32780492029403,-281507780880.381,281507780871.053,0,FLOAT
"mixed_(3,0.5,1)",3,0.5,1,0.666755820564966,2.5,-9.32780492029403,-236603881939.23,236603881929.903,0,FLOAT
"mixed_(3,0.5,1)",3,0.5,1,0.666761138091871,2.5,-9.32780492029403,-198863021921.946,198863021912.618,0,FLOAT
"mixed_(3,0.5,1)",3,0.5,1,0.666766772779247,2.5,-9.32780492029403,-167142522411.59,167142522402.262,0,FLOAT
"mixed_(3,0.5,1)",3,0.5,1,0.666772743543927,2.5,-9.32780492029403,-140481993783.879,140481993774.551,0,FLOAT
"mixed_(3,0.5,1)",3,0.5,1,0.666779070431024,2.5,-9.32780492029403,-118074254680.379,118074254671.051,0,FLOAT
"mixed_(3,0.5,1)",3,0.5,1,0.666785774681232,2.5,-9.32780492029403,-99240890746.8037,99240890737.4759,0,FLOAT
"mixed_(3,0.5,1)",3,0.5,1,0.666792878802131,2.5,-9.32780492029403,-83411712517.8553,83411712508.5275,0,FLOAT
"mixed_(3,0.5,1)",3,0.5,1,0.66680040664375,2.5,-9.32780492029403,-70107490407.56,70107490398.2321,0,FLOAT
"mixed_(3,0.5,1)",3,0.5,1,0.666808383478639,2.5,-9.32780492029403,-58925444004.0252,58925443994.6974,0,FLOAT
"mixed_(3,0.5,1)",3,0.5,1,0.666816836086713,2.5,-9.32780492029403,-49527046264.8538,49527046255.526,0,FLOAT
"mixed_(3,0.5,1)",3,0.5,1,0.666825792845157,2.5,-9.32780492029403,-41627773316.0726,41627773306.7448,0,FLOAT
"mixed_(3,0.5,1)",3,0.5,1,0.666835283823696,2.5,-9.32780492029403,-34988489464.6134,34988489455.2856,0,FLOAT
"mixed_(3,0.5,1)",3,0.5,1,0.666845340885544,2.5,-9.32780492029403,-29408206559.3391,29408206550.0113,0,FLOAT
"mixed_(3,0.5,1)",3,0.5,1,0.666855997794376,2.5,-9.32780492029403,-24717998447.8406,24717998438.5128,0,FLOAT
"mixed_(3,0.5,1)",3,0.5,1,0.666867290327678,2.5,-9.32780492029403,-20775886254.2254,20775886244.8976,0,FLOAT
"mixed_(3,0.5,1)",3,0.5,1,0.666879256396864,2.5,-9.32780492029403,-17462539602.9474,17462539593.6196,0,FLOAT
"mixed_(3,0.5,1)",3,0.5,1,0.666891936174548,2.5,-9.32780492029403,-14677663619.9098,14677663610.582,0,FLOAT
"mixed_(3,0.5,1)",3,0.5,1,0.666905372229415,2.5,-9.32780492029403,-12336962307.8891,12336962298.5613,0,FLOAT
"mixed_(3,0.5,1)",3,0.5,1,0.666919609669129,2.5,-9.32780492029403,-10369586347.8718,10369586338.544,0,FLOAT
"mixed_(3,0.5,1)",3,0.5,1,0.666934696291775,2.5,-9.32780492029403,-8715988045.38804,8715988036.06024,0,FLOAT
"mixed_(3,0.5,1)",3,0.5,1,0.666950682746323,2.5,-9.32780492029403,-7326118470.2415,7326118460.9137,0,FLOAT
"mixed_(3,0.5,1)",3,0.5,1,0.666967622702667,2.5,-9.32780492029403,-6157912199.92556,6157912190.59775,0,FLOAT
"mixed_(3,0.5,1)",3,0.5,1,0.666985573031808,2.5,-9.32780492029403,-5176013785.18596,5176013775.85816,0,FLOAT
"mixed_(3,0.5,1)",3,0.5,1,0.667004593996783,2.5,-9.32780492029403,-4350707376.67052,4350707367.34272,0,FLOAT
"mixed_(3,0.5,1)",3,0.5,1,0.667024749454976,2.5,-9.32780492029403,-3657017102.17685,3657017092.84904,0,FLOAT
"mixed_(3,0.5,1)",3,0.5,1,0.667046107072505,2.5,-9.32780492029403,-3073950955.45764,3073950946.12984,0,FLOAT
"mixed_(3,0.5,1)",3,0.5,1,0.667068738551391,2.5,-9.32780492029403,-2583865302.27735,2583865292.94954,0,FLOAT
"mixed_(3,0.5,1)",3,0.5,1,0.667092719870275,2.5,-9.32780492029403,-2171930762.15209,2171930752.82429,0,FLOAT
"mixed_(3,0.5,1)",3,0.5,1,0.667118131539495,2.5,-9.32780492029403,-1825683293.60782,1825683284.28002,0,FLOAT
"mixed_(3,0.5,1)",3,0.5,1,0.667145058871377,2.5,-9.32780492029403,-1534646890.79811,1534646881.47031,0,FLOAT
"mixed_(3,0.5,1)",3,0.5,1,0.667173592266644,2.5,-9.32780492029403,-1290016467.65284,1290016458.32504,0,FLOAT
"mixed_(3,0.5,1)",3,0.5,1,0.667203827517915,2.5,-9.32780492029403,-1084391328.12103,1084391318.79323,0,FLOAT
"mixed_(3,0.5,1)",3,0.5,1,0.667235866131295,2.5,-9.32780492029403,-911551152.839692,911551143.511887,0,FLOAT
"mixed_(3,0.5,1)",3,0.5,1,0.667269815667157,2.5,-9.32780492029403,-766267719.81801,766267710.490205,0,FLOAT
"mixed_(3,0.5,1)",3,0.5,1,0.667305790101244,2.5,-9.32780492029403,-644146658.757549,644146649.429744,0,FLOAT
"mixed_(3,0.5,1)",3,0.5,1,0.667343910207308,2.5,-9.32780492029403,-541494447.97078,541494438.642975,0,FLOAT
"mixed_(3,0.5,1)",3,0.5,1,0.667384303962572,2.5,-9.32780492029403,-455206627.168434,455206617.840629,0,FLOAT
"mixed_(3,0.5,1)",3,0.5,1,0.667427106977381,2.5,-9.32780492029403,-382673841.736216,382673832.408411,0,FLOAT
"mixed_(3,0.5,1)",3,0.5,1,0.66747246295047,2.5,-9.32780492029403,-321702874.033966,321702864.706161,0,FLOAT
"mixed_(3,0.5,1)",3,0.5,1,0.667520524151393,2.5,-9.32780492029403,-270450270.995857,270450261.668052,0,FLOAT
"mixed_(3,0.5,1)",3,0.5,1,0.667571451931725,2.5,-9.32780492029403,-227366558.70453,227366549.376725,0,FLOAT
"mixed_(3,0.5,1)",3,0.5,1,0.667625417266748,2.5,-9.32780492029403,-191149355.130772,191149345.802967,0,FLOAT
"mixed_(3,0.5,1)",3,0.5,1,0.66768260132946,2.5,-9.32780492029403,-160703961.642711,160703952.314906,0,FLOAT
"mixed_(3,0.5,1)",3,0.5,1,0.667743196098802,2.5,-9.32780492029403,-135110240.313049,135110230.985244,0,FLOAT
"mixed_(3,0.5,1)",3,0.5,1,0.667807405004176,2.5,-9.32780492029403,-113594774.350949,113594765.023144,0,FLOAT
"mixed_(3,0.5,1)",3,0.5,1,0.667875443608401,2.5,-9.32780492029403,-95507468.9391144,95507459.6113095,0,FLOAT
"mixed_(3,0.5,1)",3,0.5,1,0.667947540331402,2.5,-9.32780492029403,-80301884.181472,80301874.8536671,0,FLOAT
"mixed_(3,0.5,1)",3,0.5,1,0.668023937217061,2.5,-9.32780492029403,-67518704.8557518,67518695.5279468,0,FLOAT
"mixed_(3,0.5,1)",3,0.5,1,0.668104890745814,2.5,-9.32780492029403,-56771846.6253512,56771837.2975462,0,FLOAT
"mixed_(3,0.5,1)",3,0.5,1,0.668190672695706,2.5,-9.32780492029403,-47736778.1790005,47736768.8511956,0,FLOAT
"mixed_(3,0.5,1)",3,0.5,1,0.66828157105481,2.5,-9.32780492029403,-40140705.8479599,40140696.520155,0,FLOAT
"mixed_(3,0.5,1)",3,0.5,1,0.668377890988062,2.5,-9.32780492029403,-33754323.6302035,33754314.3023986,0,FLOAT
"mixed_(3,0.5,1)",3,0.5,1,0.668479955861763,2.5,-9.32780492029403,-28384878.9382405,28384869.6104356,0,FLOAT
"mixed_(3,0.5,1)",3,0.5,1,0.668588108329191,2.5,-9.32780492029403,-23870344.2141194,23870334.8863145,0,FLOAT
"mixed_(3,0.5,1)",3,0.5,1,0.668702711480957,2.5,-9.32780492029403,-20074518.0298135,20074508.7020086,0,FLOAT
"mixed_(3,0.5,1)",3,0.5,1,0.668824150063978,2.5,-9.32780492029403,-16882907.4251934,16882898.0973885,0,FLOAT
"mixed_(3,0.5,1)",3,0.5,1,0.668952831773153,2.5,-9.32780492029403,-14199266.8827124,14199257.5549075,0,FLOAT
"mixed_(3,0.5,1)",3,0.5,1,0.669089188620082,2.5,-9.32780492029403,-11942689.2122483,11942679.8844433,0,FLOAT
"mixed_(3,0.5,1)",3,0.5,1,0.669233678383419,2.5,-9.32780492029403,-10045160.323824,10045150.996019,0,FLOAT
"mixed_(3,0.5,1)",3,0.5,1,0.669386786145729,2.5,-9.32780492029403,-8449503.90574618,8449494.57794126,0,FLOAT
"mixed_(3,0.5,1)",3,0.5,1,0.669549025922018,2.5,-9.32780492029403,-7107653.82574629,7107644.49794137,0,FLOAT
"mixed_(3,0.5,1)",3,0.5,1,0.669720942385384,2.5,-9.32780492029403,-5979201.99080474,5979192.66299982,0,FLOAT
"mixed_(3,0.5,1)",3,0.5,1,0.669903112695601,2.5,-9.32780492029403,-5030177.73711129,5030168.40930637,0,FLOAT
"mixed_(3,0.5,1)",3,0.5,1,0.670096148436769,2.5,-9.32780492029403,-4232021.82804691,4232012.50024199,0,FLOAT
"mixed_(3,0.5,1)",3,0.5,1,0.670300697670525,2.5,-9.32780492029403,-3560724.02671097,3560714.69890605,0,FLOAT
"mixed_(3,0.5,1)",3,0.5,1,0.670517447111728,2.5,-9.32780492029403,-2996098.15903966,2996088.83123473,0,FLOAT
"mixed_(3,0.5,1)",3,0.5,1,0.670747124433902,2.5,-9.32780492029403,-2521172.7435243,2521163.41571938,0,FLOAT
"mixed_(3,0.5,1)",3,0.5,1,0.67099050071219,2.5,-9.32780492029403,-2121678.76005318,2121669.43224826,0,FLOAT
"mixed_(3,0.5,1)",3,0.5,1,0.671248393012015,2.5,-9.32780492029403,-1785619.06918438,1785609.74137946,0,FLOAT
"mixed_(3,0.5,1)",3,0.5,1,0.671521667132144,2.5,-9.32780492029403,-1502906.46322205,1502897.13541713,0,FLOAT
"mixed_(3,0.5,1)",3,0.5,1,0.671811240511352,2.5,-9.32780492029403,-1265059.40659009,1265050.07878517,0,FLOAT
"mixed_(3,0.5,1)",3,0.5,1,0.67211808530846,2.5,-9.32780492029403,-1064946.26796956,1064936.94016464,0,FLOAT
"mixed_(3,0.5,1)",3,0.5,1,0.672443231666078,2.5,-9.32780492029403,-896570.31335086,896560.98554594,0,FLOAT
"mixed_(3,0.5,1)",3,0.5,1,0.672787771169006,2.5,-9.32780492029403,-754888.961916048,754879.634111128,0,FLOAT
"mixed_(3,0.5,1)",3,0.5,1,0.673152860508921,2.5,-9.32780492029403,-635661.842818679,635652.515013758,0,FLOAT
"mixed_(3,0.5,1)",3,0.5,1,0.673539725367628,2.5,-9.32780492029403,-535323.061845367,535313.734040446,0,FLOAT
"mixed_(3,0.5,1)",3,0.5,1,0.673949664531935,2.5,-9.32780492029403,-450873.818957491,450864.49115257,0,FLOAT
"mixed_(3,0.5,1)",3,0.5,1,0.674384054253956,2.5,-9.32780492029403,-379792.13299745,379782.80519253,0,FLOAT
"mixed_(3,0.5,1)",3,0.5,1,0.674844352871474,2.5,-9.32780492029403,-319956.947003818,319947.619198897,0,FLOAT
"mixed_(3,0.5,1)",3,0.5,1,0.675332105703892,2.5,-9.32780492029403,-269584.322273409,269574.994468488,0,FLOAT
"mixed_(3,0.5,1)",3,0.5,1,0.675848950240194,2.5,-9.32780492029403,-227173.794683226,227164.466878306,0,FLOAT
"mixed_(3,0.5,1)",3,0.5,1,0.676396621636343,2.5,-9.32780492029403,-191463.273898658,191453.946093737,0,FLOAT
"mixed_(3,0.5,1)",3,0.5,1,0.676976958540561,2.5,-9.32780492029403,-161391.124237205,161381.796432285,0,FLOAT
"mixed_(3,0.5,1)",3,0.5,1,0.677591909266059,2.5,-9.32780492029403,-136064.282939601,136054.955134681,0,FLOAT
"mixed_(3,0.5,1)",3,0.5,1,0.67824353833194,2.5,-9.32780492029403,-114731.453986146,114722.126181226,0,FLOAT
"mixed_(3,0.5,1)",3,0.5,1,0.678934033394218,2.5,-9.32780492029403,-96760.5689027407,96751.2410978204,0,FLOAT
"mixed_(3,0.5,1)",3,0.5,1,0.679665712590243,2.5,-9.32780492029403,-81619.8348659129,81610.5070609926,0,FLOAT
"mixed_(3,0.5,1)",3,0.5,1,0.680441032321174,2.5,-9.32780492029403,-68861.7987363802,68852.4709314599,0,FLOAT
"mixed_(3,0.5,1)",3,0.5,1,0.681262595498641,2.5,-9.32780492029403,-58109.9467026013,58100.618897681,0,FLOAT
"mixed_(3,0.5,1)",3,0.5,1,0.68213316028326,2.5,-9.32780492029403,-49047.4357527798,49038.1079478595,0,FLOAT
"mixed_(3,0.5,1)",3,0.5,1,0.683055649344363,2.5,-9.32780492029403,-41407.6175305508,41398.2897256305,0,FLOAT
"mixed_(3,0.5,1)",3,0.5,1,0.684033159672015,2.5,-9.32780492029403,-34966.0692109171,34956.7414059968,0,FLOAT
"mixed_(3,0.5,1)",3,0.5,1,0.68506897297426,2.5,-9.32780492029403,-29533.8914946137,29524.5636896934,0,FLOAT
"mixed_(3,0.5,1)",3,0.5,1,0.686166566694507,2.5,-9.32780492029403,-24952.0720347978,24942.7442298775,0,FLOAT
"mixed_(3,0.5,1)",3,0.5,1,0.687329625686041,2.5,-9.32780492029403,-21086.7447352117,21077.4169302915,0,FLOAT
"mixed_(3,0.5,1)",3,0.5,1,0.68856205458285,2.5,-9.32780492029403,-17825.2023646976,17815.8745597773,0,FLOAT
"mixed_(3,0.5,1)",3,0.5,1,0.689867990908302,2.5,-9.32780492029403,-15072.5426352097,15063.2148302894,0,FLOAT
"mixed_(3,0.5,1)",3,0.5,1,0.691251818965688,2.5,-9.32780492029403,-12748.8469753814,12739.5191704611,0,FLOAT
"mixed_(3,0.5,1)",3,0.5,1,0.692718184557244,2.5,-9.32780492029403,-10786.8072757738,10777.4794708535,0,FLOAT
"mixed_(3,0.5,1)",3,0.5,1,0.694272010581095,2.5,-9.32780492029403,-9129.72936995514,9120.40156503485,0,FLOAT
"mixed_(3,0.5,1)",3,0.5,1,0.695918513558455,2.5,-9.32780492029403,-7729.85335484368,7720.52554992338,0,FLOAT
"mixed_(3,0.5,1)",3,0.5,1,0.697663221146592,2.5,-9.32780492029403,-6546.94038680617,6537.61258188588,0,FLOAT
"mixed_(3,0.5,1)",3,0.5,1,0.699511990696333,2.5,-9.32780492029403,-5547.08360466415,5537.75579974385,0,FLOAT
"mixed_(3,0.5,1)",3,0.5,1,0.701471028916427,2.5,-9.32780492029403,-4701.70756900972,4692.37976408943,0,FLOAT
"mixed_(3,0.5,1)",3,0.5,1,0.703546912710775,2.5,-9.32780492029403,-3986.72627243637,3977.39846751608,0,FLOAT
"mixed_(3,0.5,1)",3,0.5,1,0.705746611258478,2.5,-9.32780492029403,-3381.83453845293,3372.50673353264,0,FLOAT
"mixed_(3,0.5,1)",3,0.5,1,0.708077509410841,2.5,-9.32780492029403,-2869.91163166415,2860.58382674386,0,FLOAT
"mixed_(3,0.5,1)",3,0.5,1,0.710547432483875,2.5,-9.32780492029403,-2436.51926909042,2427.19146417012,0,FLOAT
"mixed_(3,0.5,1)",3,0.5,1,0.713164672529529,2.5,-9.32780492029403,-2069.47905382346,2060.15124890316,0,FLOAT
"mixed_(3,0.5,1)",3,0.5,1,0.715938016173855,2.5,-9.32780492029403,-1758.51673293491,1749.18892801462,0,FLOAT
"mixed_(3,0.5,1)",3,0.5,1,0.718876774115565,2.5,-9.32780492029403,-1494.96268344591,1485.63487852561,0,FLOAT
"mixed_(3,0.5,1)",3,0.5,1,0.721990812384003,2.5,-9.32780492029403,-1271.49971355334,1262.17190863305,0,FLOAT
"mixed_(3,0.5,1)",3,0.5,1,0.725290585461487,2.5,-9.32780492029403,-1081.95068191187,1072.62287699157,0,FLOAT
"mixed_(3,0.5,1)",3,0.5,1,0.728787171381207,2.5,-9.32780492029403,-921.099628225207,911.771823304913,0,FLOAT
"mixed_(3,0.5,1)",3,0.5,1,0.732492308918514,2.5,-9.32780492029403,-784.541109549774,775.21330462948,0,FLOAT
"mixed_(3,0.5,1)",3,0.5,1,0.736418437000464,2.5,-9.32780492029403,-668.553278691808,659.225473771514,0,FLOAT
"mixed_(3,0.5,1)",3,0.5,1,0.740578736465914,2.5,-9.32780492029403,-569.99094921974,560.663144299446,0,FLOAT
"mixed_(3,0.5,1)",3,0.5,1,0.744987174316374,2.5,-9.32780492029403,-486.195487214484,476.86768229419,0,FLOAT
"mixed_(3,0.5,1)",3,0.5,1,0.749658550606174,2.5,-9.32780492029403,-414.91887084886,405.591065928566,0,FLOAT
"mixed_(3,0.5,1)",3,0.5,1,0.754608548129361,2.5,-9.32780492029403,-354.259680277566,344.931875357272,0,FLOAT
"mixed_(3,0.5,1)",3,0.5,1,0.759853785070145,2.5,-9.32780492029403,-302.609134789826,293.281329869532,0,FLOAT
"mixed_(3,0.5,1)",3,0.5,1,0.765411870793641,2.5,-9.32780492029403,-258.605592369589,249.277787449294,0,FLOAT
"mixed_(3,0.5,1)",3,0.5,1,0.771301464964215,2.5,-9.32780492029403,-221.09617767197,211.768372751676,0,FLOAT
"mixed_(3,0.5,1)",3,0.5,1,0.777542340189913,2.5,-9.32780492029403,-189.104415483169,179.776610562875,0,FLOAT
"mixed_(3,0.5,1)",3,0.5,1,0.784155448403264,2.5,-9.32780492029403,-161.802924311075,152.475119390781,0,FLOAT
"mixed_(3,0.5,1)",3,0.5,1,0.791162991201332,2.5,-9.32780492029403,-138.490374174961,129.162569254667,0,FLOAT
"mixed_(3,0.5,1)",3,0.5,1,0.798588494381158,2.5,-9.32780492029403,-118.57203839851,109.244233478216,0,FLOAT
"mixed_(3,0.5,1)",3,0.5,1,0.806456886920807,2.5,-9.32780492029403,-101.54337502263,92.2155701023365,0,FLOAT
"mixed_(3,0.5,1)",3,0.5,1,0.814794584671205,2.5,-9.32780492029403,-86.9761625065354,77.6483575862414,0,FLOAT
"mixed_(3,0.5,1)",3,0.5,1,0.823629579039712,2.5,-9.32780492029403,-74.5067893377217,65.1789844174277,0,FLOAT
"mixed_(3,0.5,1)",3,0.5,1,0.83299153096317,2.5,-9.32780492029403,-63.8263602609233,54.4985553406293,0,FLOAT
"mixed_(3,0.5,1)",3,0.5,1,0.842911870485915,2.5,-9.32780492029403,-54.6723349443601,45.3445300240661,0,FLOAT
"mixed_(3,0.5,1)",3,0.5,1,0.853423902277057,2.5,-9.32780492029403,-46.8214596108176,37.4936546905235,0,FLOAT
"mixed_(3,0.5,1)",3,0.5,1,0.864562917441269,2.5,-9.32780492029403,-40.0837898017509,30.7559848814568,0,FLOAT
"mixed_(3,0.5,1)",3,0.5,1,0.876366311998457,2.5,-9.32780492029403,-34.297634133189,24.969829212895,0,FLOAT
"mixed_(3,0.5,1)",3,0.5,1,0.888873712430073,2.5,-9.32780492029403,-29.3252755827416,19.9974706624475,0,FLOAT
"mixed_(3,0.5,1)",3,0.5,1,0.9,2.5,-9.32780492029403,-25.6773900427375,16.3495851224435,0,FLOAT
"mixed_(3,0.5,1)",3,0.5,1,0.902127108713561,2.5,-9.32780492029403,-25.0493493066902,15.7215443863962,0,FLOAT
"mixed_(3,0.5,1)",3,0.5,1,0.912667383761716,2.5,-9.32780492029403,-22.217794629139,12.8899897088449,0,FLOAT
"mixed_(3,0.5,1)",3,0.5,1,0.916170995291558,2.5,-9.32780492029403,-21.3697748865179,12.0419699662239,0,FLOAT
"mixed_(3,0.5,1)",3,0.5,1,0.923730141409766,2.5,-9.32780492029403,-19.6783864470743,10.3505815267802,0,FLOAT
"mixed_(3,0.5,1)",3,0.5,1,0.931052520449102,2.5,-9.32780492029403,-18.2011567976545,8.87335187736048,0,FLOAT
"mixed_(3,0.5,1)",3,0.5,1,0.933391537091908,2.5,-9.32780492029403,-17.7594235621324,8.43161864183832,0,FLOAT
"mixed_(3,0.5,1)",3,0.5,1,0.941829086706256,2.5,-9.32780492029403,-16.2751658231392,6.94736090284514,0,FLOAT
"mixed_(3,0.5,1)",3,0.5,1,0.946821644600358,2.5,-9.32780492029403,-15.4705802373462,6.14277531705218,0,FLOAT
"mixed_(3,0.5,1)",3,0.5,1,0.94919781953087,2.5,-9.32780492029403,-15.1052412478747,5.77743632758068,0,FLOAT
"mixed_(3,0.5,1)",3,0.5,1,0.955633126690214,2.5,-9.32780492029403,-14.168665354905,4.84086043461101,0,FLOAT
"mixed_(3,0.5,1)",3,0.5,1,0.961253248795439,2.5,-9.32780492029403,-13.4091966102119,4.08139168991792,0,FLOAT
"mixed_(3,0.5,1)",3,0.5,1,0.963531308016255,2.5,-9.32780492029403,-13.1157406158268,3.78793569553279,0,FLOAT
"mixed_(3,0.5,1)",3,0.5,1,0.966161448465718,2.5,-9.32780492029403,-12.7866992919941,3.45889437170011,0,FLOAT
"mixed_(3,0.5,1)",3,0.5,1,0.970447907647971,2.5,-9.32780492029403,-12.2718482183733,2.94404329807925,0,FLOAT
"mixed_(3,0.5,1)",3,0.5,1,0.974191384595819,2.5,-9.32780492029403,-11.8427715897478,2.51496666945373,0,FLOAT
"mixed_(3,0.5,1)",3,0.5,1,0.977460660952652,2.5,-9.32780492029403,-11.4828592195364,2.15505429924241,0,FLOAT
"mixed_(3,0.5,1)",3,0.5,1,0.980315805527134,2.5,-9.32780492029403,-11.1792940666476,1.8514891463536,0,FLOAT
"mixed_(3,0.5,1)",3,0.5,1,0.981237608556118,2.5,-9.32780492029403,-11.0833542960605,1.75554937576651,0,FLOAT
"mixed_(3,0.5,1)",3,0.5,1,0.982809277981414,2.5,-9.32780492029403,-10.922045431001,1.59424051070699,0,FLOAT
"mixed_(3,0.5,1)",3,0.5,1,0.984986892710918,2.5,-9.32780492029403,-10.7031642512358,1.37535933094177,0,FLOAT
"mixed_(3,0.5,1)",3,0.5,1,0.986888660625784,2.5,-9.32780492029403,-10.5162805574241,1.18847563713009,0,FLOAT
"mixed_(3,0.5,1)",3,0.5,1,0.988549524300617,2.5,-9.32780492029403,-10.356238951865,1.02843403157097,0,FLOAT
"mixed_(3,0.5,1)",3,0.5,1,0.99,2.5,-9.32780492029403,-10.218830072776,0.891025152481937,0,FLOAT
"mixed_(3,0.5,1)",3,0.5,1,0.991266738376172,2.5,-9.32780492029403,-10.1005899269918,0.77278500669779,0,FLOAT
"mixed_(3,0.5,1)",3,0.5,1,0.992373014140977,2.5,-9.32780492029403,-9.99864795369394,0.67084303339991,0,FLOAT
"mixed_(3,0.5,1)",3,0.5,1,0.993339153709191,2.5,-9.32780492029403,-9.91061057627675,0.582805655982726,0,FLOAT
"mixed_(3,0.5,1)",3,0.5,1,0.994182908670626,2.5,-9.32780492029403,-9.83447093966316,0.506666019369131,0,FLOAT
"mixed_(3,0.5,1)",3,0.5,1,0.994919781953087,2.5,-9.32780492029403,-9.76853820673415,0.440733286440127,0,FLOAT
"mixed_(3,0.5,1)",3,0.5,1,0.995563312669021,2.5,-9.32780492029403,-9.71138163260884,0.383576712314817,0,FLOAT
"mixed_(3,0.5,1)",3,0.5,1,0.996125324879544,2.5,-9.32780492029403,-9.66178592506942,0.333981004775392,0,FLOAT
"mixed_(3,0.5,1)",3,0.5,1,0.996616144846572,2.5,-9.32780492029403,-9.61871531226557,0.290910391971545,0,FLOAT
"mixed_(3,0.5,1)",3,0.5,1,0.997044790764797,2.5,-9.32780492029403,-9.58128439270719,0.253479472413169,0,FLOAT
"mixed_(3,0.5,1)",3,0.5,1,0.997419138459582,2.5,-9.32780492029403,-9.54873431614112,0.220929395847097,0,FLOAT
"mixed_(3,0.5,1)",3,0.5,1,0.997746066095265,2.5,-9.32780492029403,-9.5204131905021,0.192608270208078,0,FLOAT
"mixed_(3,0.5,1)",3,0.5,1,0.998031580552713,2.5,-9.32780492029403,-9.4957598662792,0.167954945985171,0,FLOAT
"mixed_(3,0.5,1)",3,0.5,1,0.998280927798141,2.5,-9.32780492029403,-9.47429044071377,0.146485520419745,0,FLOAT
"mixed_(3,0.5,1)",3,0.5,1,0.998498689271092,2.5,-9.32780492029403,-9.45558696804263,0.127782047748603,0,FLOAT
"mixed_(3,0.5,1)",3,0.5,1,0.998688866062578,2.5,-9.32780492029403,-9.43928797113699,0.111483050842965,0,FLOAT
"mixed_(3,0.5,1)",3,0.5,1,0.998854952430062,2.5,-9.32780492029403,-9.42508043339346,0.0972755130994383,0,FLOAT
"mixed_(3,0.5,1)",3,0.5,1,0.999,2.5,-9.32780492029403,-9.4126930141327,0.0848880938386696,0,FLOAT
"mixed_(3,0.5,1)",3,0.5,1,0.999126673837617,2.5,-9.32780492029403,-9.40189028080131,0.0740853605072829,0,FLOAT
"mixed_(3,0.5,1)",3,0.5,1,0.999237301414098,2.5,-9.32780492029403,-9.39246779044454,0.0646628701505119,0,FLOAT
"mixed_(3,0.5,1)",3,0.5,1,0.999333915370919,2.5,-9.32780492029403,-9.38424788380061,0.0564429635065871,0,FLOAT
"mixed_(3,0.5,1)",3,0.5,1,0.999418290867063,2.5,-9.32780492029403,-9.3770760798853,0.0492711595912692,0,FLOAT
"mixed_(3,0.5,1)",3,0.5,1,0.999491978195309,2.5,-9.32780492029403,-9.37081797853176,0.0430130582377366,0,FLOAT
"mixed_(3,0.5,1)",3,0.5,1,0.999556331266902,2.5,-9.32780492029403,-9.36535659411576,0.0375516738217314,0,FLOAT
"mixed_(3,0.5,1)",3,0.5,1,0.999612532487954,2.5,-9.32780492029403,-9.36059005645894,0.0327851361649181,0,FLOAT
"mixed_(3,0.5,1)",3,0.5,1,0.999661614484657,2.5,-9.32780492029403,-9.35642962529771,0.0286247050036881,0,FLOAT
"mixed_(3,0.5,1)",3,0.5,1,0.99970447907648,2.5,-9.32780492029403,-9.35279797322101,0.0249930529269875,0,FLOAT
"mixed_(3,0.5,1)",3,0.5,1,0.999741913845958,2.5,-9.32780492029403,-9.34962769899415,0.0218227787001268,0,FLOAT
"mixed_(3,0.5,1)",3,0.5,1,0.999774606609527,2.5,-9.32780492029403,-9.34686003899477,0.0190551187007468,0,FLOAT
"mixed_(3,0.5,1)",3,0.5,1,0.999803158055271,2.5,-9.32780492029403,-9.34444374931935,0.0166388290253252,0,FLOAT
"mixed_(3,0.5,1)",3,0.5,1,0.999828092779814,2.5,-9.32780492029403,-9.34233413515975,0.0145292148657212,0,FLOAT
"mixed_(3,0.5,1)",3,0.5,1,0.999849868927109,2.5,-9.32780492029403,-9.34049220744057,0.0126872871465427,0,FLOAT
"mixed_(3,0.5,1)",3,0.5,1,0.999868886606258,2.5,-9.32780492029403,-9.33888394956795,0.0110790292739225,0,FLOAT
"mixed_(3,0.5,1)",3,0.5,1,0.999885495243006,2.5,-9.32780492029403,-9.33747967955877,0.00967475926474393,0,FLOAT
"mixed_(3,0.5,1)",3,0.5,1,0.9999,2.5,-9.32780492029403,-9.33625349487272,0.00844857457869708,0,FLOAT
"mixed_(3,0.5,1)",3,0.5,1,0.999912667383762,2.5,-9.32780492029403,-9.33518278901769,0.00737786872366719,0,FLOAT
"mixed_(3,0.5,1)",3,0.5,1,0.99992373014141,2.5,-9.32780492029403,-9.334247830492,0.00644291019797372,0,FLOAT
"mixed_(3,0.5,1)",3,0.5,1,0.999933391537092,2.5,-9.32780492029403,-9.33343139590396,0.00562647560993312,0,FLOAT
"mixed_(3,0.5,1)",3,0.5,1,0.999941829086706,2.5,-9.32780492029403,-9.33271845020625,0.00491352991222627,0,FLOAT
"mixed_(3,0.5,1)",3,0.5,1,0.999949197819531,2.5,-9.32780492029403,-9.33209586792429,0.0042909476302686,0,FLOAT
"mixed_(3,0.5,1)",3,0.5,1,0.99995563312669,2.5,-9.32780492029403,-9.33155219006972,0.0037472697756975,0,FLOAT
"mixed_(3,0.5,1)",3,0.5,1,0.999961253248795,2.5,-9.32780492029403,-9.33107741213022,0.00327249183619749,0,FLOAT
"mixed_(3,0.5,1)",3,0.5,1,0.999966161448466,2.5,-9.32780492029403,-9.33066279913159,0.00285787883756328,0,FLOAT
"mixed_(3,0.5,1)",3,0.5,1,0.999970447907648,2.5,-9.32780492029403,-9.33030072429135,0.00249580399732707,0,FLOAT
"mixed_(3,0.5,1)",3,0.5,1,0.999974191384596,2.5,-9.32780492029403,-9.32998452823664,0.00217960794261174,0,FLOAT
"mixed_(3,0.5,1)",3,0.5,1,0.999977460660953,2.5,-9.32780492029403,-9.32970839615094,0.00190347585691697,0,FLOAT
"mixed_(3,0.5,1)",3,0.5,1,0.999980315805527,2.5,-9.32780492029403,-9.32946725055641,0.00166233026238594,0,FLOAT
"mixed_(3,0.5,1)",3,0.5,1,0.999982809277981,2.5,-9.32780492029403,-9.32925665773346,0.00145173743943694,0,FLOAT
"mixed_(3,0.5,1)",3,0.5,1,0.999984986892711,2.5,-9.32780492029403,-9.32907274603705,0.0012678257430192,0,FLOAT
"mixed_(3,0.5,1)",3,0.5,1,0.999986888660626,2.5,-9.32780492029403,-9.32891213459245,0.00110721429842187,0,FLOAT
"mixed_(3,0.5,1)",3,0.5,1,0.999988549524301,2.5,-9.32780492029403,-9.32877187104825,0.00096695075422204,0,FLOAT
"mixed_(3,0.5,1)",3,0.5,1,0.99999,2.5,-9.32780492029403,-9.32864937723313,0.000844456939107729,0,FLOAT
"mixed_(3,0.5,1)",3,0.5,1,0.999991266738376,2.5,-9.32780492029403,-9.32854240171088,0.000737481416853925,0,FLOAT
"mixed_(3,0.5,1)",3,0.5,1,0.999992373014141,2.5,-9.32780492029403,-9.32844897835636,0.000644058062333031,0,FLOAT
"mixed_(3,0.5,1)",3,0.5,1,0.999993339153709,2.5,-9.32780492029403,-9.32836739018737,0.00056246989334241,0,FLOAT
"mixed_(3,0.5,1)",3,0.5,1,0.999994182908671,2.5,-9.32780492029403,-9.32829613778416,0.000491217490131035,0,FLOAT
"mixed_(3,0.5,1)",3,0.5,1,0.999994919781953,2.5,-9.32780492029403,-9.32823391171441,0.00042899142038344,0,FLOAT
"mixed_(3,0.5,1)",3,0.5,1,0.999995563312669,2.5,-9.32780492029403,-9.32817956845487,0.000374648160846647,0,FLOAT
"mixed_(3,0.5,1)",3,0.5,1,0.99999612532488,2.5,-9.32780492029403,-9.32813210936596,0.000327189071930079,0,FLOAT
"mixed_(3,0.5,1)",3,0.5,1,0.999996616144847,2.5,-9.32780492029403,-9.32809066233182,0.000285742037794634,0,FLOAT
"mixed_(3,0.5,1)",3,0.5,1,0.999997044790765,2.5,-9.32780492029403,-9.32805446572787,0.000249545433847587,0,FLOAT
"mixed_(3,0.5,1)",3,0.5,1,0.99999741913846,2.5,-9.32780492029403,-9.32802285442035,0.000217934126327535,0,FLOAT
"mixed_(3,0.5,1)",3,0.5,1,0.999997746066095,2.5,-9.32780492029403,-9.32799524754045,0.000190327246425426,0,FLOAT
"mixed_(3,0.5,1)",3,0.5,1,0.999998031580553,2.5,-9.32780492029403,-9.32797113780777,0.000166217513747569,0,FLOAT
"mixed_(3,0.5,1)",3,0.5,1,0.999998280927798,2.5,-9.32780492029403,-9.32795008220676,0.000145161912735503,0,FLOAT
"mixed_(3,0.5,1)",3,0.5,1,0.999998498689271,2.5,-9.32780492029403,-9.32793169384479,0.000126773550759296,0,FLOAT
"mixed_(3,0.5,1)",3,0.5,1,0.999998688866063,2.5,-9.32780492029403,-9.32791563484169,0.000110714547668422,0,FLOAT
"mixed_(3,0.5,1)",3,0.5,1,0.99999885495243,2.5,-9.32780492029403,-9.32790161012047,9.6689826444063e-05,0,FLOAT
"mixed_(3,0.5,1)",3,0.5,1,0.999999,2.5,-9.32780492029403,-9.32788936198459,8.44416905589895e-05,0,FLOAT
"mixed_(3,0.5,1)",3,0.5,1,0.999999126673838,2.5,-9.32780492029403,-9.32787866538238,7.37450883487867e-05,0,FLOAT
"mixed_(3,0.5,1)",3,0.5,1,0.999999237301414,2.5,-9.32780492029403,-9.32786932377151,6.4403477479047e-05,0,FLOAT
"mixed_(3,0.5,1)",3,0.5,1,0.999999333915371,2.5,-9.32780492029403,-9.32786116550723,5.62452132015778e-05,0,FLOAT
"mixed_(3,0.5,1)",3,0.5,1,0.999999418290867,2.5,-9.32780492029403,-9.32785404068839,4.91203943671081e-05,0,FLOAT
"mixed_(3,0.5,1)",3,0.5,1,0.999999491978195,2.5,-9.32780492029403,-9.32784781840289,4.28981088589353e-05,0,FLOAT
"mixed_(3,0.5,1)",3,0.5,1,0.999999556331267,2.5,-9.32780492029403,-9.32784238432211,3.74640280877969e-05,0,FLOAT
"mixed_(3,0.5,1)",3,0.5,1,0.999999612532488,2.5,-9.32780492029403,-9.32783763860022,3.27183061958891e-05,0,FLOAT
"mixed_(3,0.5,1)",3,0.5,1,0.999999661614485,2.5,-9.32780492029403,-9.32783349403943,2.85737454035484e-05,0,FLOAT
"mixed_(3,0.5,1)",3,0.5,1,0.999999704479076,2.5,-9.32780492029403,-9.32782987448781,2.49541937851205e-05,0,FLOAT
"mixed_(3,0.5,1)",3,0.5,1,0.999999741913846,2.5,-9.32780492029403,-9.32782671344001,2.17931459811638e-05,0,FLOAT
"mixed_(3,0.5,1)",3,0.5,1,0.999999774606609,2.5,-9.32780492029403,-9.32782395281531,1.90325212816589e-05,0,FLOAT
"mixed_(3,0.5,1)",3,0.5,1,0.999999803158055,2.5,-9.32780492029403,-9.3278215418903,1.66215962700278e-05,0,FLOAT
"mixed_(3,0.5,1)",3,0.5,1,0.99999982809278,2.5,-9.32780492029403,-9.32781943636701,1.45160729818627e-05,0,FLOAT
"mixed_(3,0.5,1)",3,0.5,1,0.999999849868927,2.5,-9.32780492029403,-9.32781759755889,1.26772648592066e-05,0,FLOAT
"mixed_(3,0.5,1)",3,0.5,1,0.999999868886606,2.5,-9.32780492029403,-9.32781599167997,1.10713859466927e-05,0,FLOAT
"mixed_(3,0.5,1)",3,0.5,1,0.999999885495243,2.5,-9.32780492029403,-9.32781458922419,9.66893016673964e-06,0,FLOAT
"mixed_(3,0.5,1)",3,0.5,1,0.9999999,2.5,-9.32780492029403,-9.32781336442306,8.44412903155956e-06,0,FLOAT
"mixed_(3,0.5,1)",3,0.5,1,0.999999912667384,2.5,-9.32780492029403,-9.32781229477234,7.3744783097851e-06,0,FLOAT
"mixed_(3,0.5,1)",3,0.5,1,0.999999923730141,2.5,-9.32780492029403,-9.32781136061849,6.44032446217579e-06,0,FLOAT
"mixed_(3,0.5,1)",3,0.5,1,0.999999933391537,2.5,-9.32780492029403,-9.3278105447976,5.6245035775504e-06,0,FLOAT
"mixed_(3,0.5,1)",3,0.5,1,0.999999941829087,2.5,-9.32780492029403,-9.32780983231992,4.91202589358863e-06,0,FLOAT
"mixed_(3,0.5,1)",3,0.5,1,0.99999994919782,2.5,-9.32780492029403,-9.32780921009459,4.28980055922068e-06,0,FLOAT
"mixed_(3,0.5,1)",3,0.5,1,0.999999955633127,2.5,-9.32780492029403,-9.32780866668895,3.7463949276173e-06,0,FLOAT
"mixed_(3,0.5,1)",3,0.5,1,0.999999961253249,2.5,-9.32780492029403,-9.32780819211863,3.271824608575e-06,0,FLOAT
"mixed_(3,0.5,1)",3,0.5,1,0.999999966161448,2.5,-9.32780492029403,-9.32780777766399,2.85736996730179e-06,0,FLOAT
"mixed_(3,0.5,1)",3,0.5,1,0.999999970447908,2.5,-9.32780492029403,-9.32780741570991,2.49541588104307e-06,0,FLOAT
"mixed_(3,0.5,1)",3,0.5,1,0.999999974191385,2.5,-9.32780492029403,-9.32780709960596,2.17931193269294e-06,0,FLOAT
"mixed_(3,0.5,1)",3,0.5,1,0.999999977460661,2.5,-9.32780492029403,-9.32780682354413,1.9032501086258e-06,0,FLOAT
"mixed_(3,0.5,1)",3,0.5,1,0.999999980315806,2.5,-9.32780492029403,-9.32780658245212,1.66215809116466e-06,0,FLOAT
"mixed_(3,0.5,1)",3,0.5,1,0.999999982809278,2.5,-9.32780492029403,-9.32780637190015,1.45160612241568e-06,0,FLOAT
"mixed_(3,0.5,1)",3,0.5,1,0.999999984986893,2.5,-9.32780492029403,-9.32780618801963,1.26772560271604e-06,0,FLOAT
"mixed_(3,0.5,1)",3,0.5,1,0.999999986888661,2.5,-9.32780492029403,-9.32780602743194,1.10713791379169e-06,0,FLOAT
"mixed_(3,0.5,1)",3,0.5,1,0.999999988549524,2.5,-9.32780492029403,-9.32780588718652,9.66892491405247e-07,0,FLOAT
"mixed_(3,0.5,1)",3,0.5,1,0.99999999,2.5,-9.32780492029403,-9.32780576470654,8.44412509692916e-07,0,FLOAT
"mixed_(5,0.2,0.2)",5,0.2,0.2,0.666666676666667,3.4,-6.4,-1.67583903270819e+23,1.67583903270819e+23,0,FLOAT
"mixed_(5,0.2,0.2)",5,0.2,0.2,0.66666667726311,3.4,-6.4,-1.40848396573797e+23,1.40848396573797e+23,0,FLOAT
"mixed_(5,0.2,0.2)",5,0.2,0.2,0.666666677895128,3.4,-6.4,-1.18378145433778e+23,1.18378145433778e+23,0,FLOAT
"mixed_(5,0.2,0.2)",5,0.2,0.2,0.666666678564843,3.4,-6.4,-9.94926835202525e+22,9.94926835202525e+22,0,FLOAT
"mixed_(5,0.2,0.2)",5,0.2,0.2,0.666666679274502,3.4,-6.4,-8.36201169028634e+22,8.36201169028634e+22,0,FLOAT
"mixed_(5,0.2,0.2)",5,0.2,0.2,0.666666680026488,3.4,-6.4,-7.02797751045454e+22,7.02797751045454e+22,0,FLOAT
"mixed_(5,0.2,0.2)",5,0.2,0.2,0.666666680823326,3.4,-6.4,-5.90676893280976e+22,5.90676893280976e+22,0,FLOAT
"mixed_(5,0.2,0.2)",5,0.2,0.2,0.666666681667691,3.4,-6.4,-4.96443245968811e+22,4.96443245968811e+22,0,FLOAT
"mixed_(5,0.2,0.2)",5,0.2,0.2,0.666666682562417,3.4,-6.4,-4.17243148192687e+22,4.17243148192687e+22,0,FLOAT
"mixed_(5,0.2,0.2)",5,0.2,0.2,0.666666683510509,3.4,-6.4,-3.50678243259096e+22,3.50678243259096e+22,0,FLOAT
"mixed_(5,0.2,0.2)",5,0.2,0.2,0.666666684515149,3.4,-6.4,-2.947327761559e+22,2.947327761559e+22,0,FLOAT
"mixed_(5,0.2,0.2)",5,0.2,0.2,0.66666668557971,3.4,-6.4,-2.47712568996345e+22,2.47712568996345e+22,0,FLOAT
"mixed_(5,0.2,0.2)",5,0.2,0.2,0.666666686707767,3.4,-6.4,-2.0819374153872e+22,2.0819374153872e+22,0,FLOAT
"mixed_(5,0.2,0.2)",5,0.2,0.2,0.666666687903105,3.4,-6.4,-1.74979544033055e+22,1.74979544033055e+22,0,FLOAT
"mixed_(5,0.2,0.2)",5,0.2,0.2,0.666666689169739,3.4,-6.4,-1.47064176598343e+22,1.47064176598343e+22,0,FLOAT
"mixed_(5,0.2,0.2)",5,0.2,0.2,0.66666669051192,3.4,-6.4,-1.2360228834653e+22,1.2360228834653e+22,0,FLOAT
"mixed_(5,0.2,0.2)",5,0.2,0.2,0.666666691934155,3.4,-6.4,-1.03883394008128e+22,1.03883394008128e+22,0,FLOAT
"mixed_(5,0.2,0.2)",5,0.2,0.2,0.666666693441218,3.4,-6.4,-8.7310353174401e+21,8.7310353174401e+21,0,FLOAT
"mixed_(5,0.2,0.2)",5,0.2,0.2,0.666666695038169,3.4,-6.4,-7.33812927431852e+21,7.33812927431852e+21,0,FLOAT
"mixed_(5,0.2,0.2)",5,0.2,0.2,0.666666696730369,3.4,-6.4,-6.16744062988708e+21,6.16744062988708e+21,0,FLOAT
"mixed_(5,0.2,0.2)",5,0.2,0.2,0.666666698523499,3.4,-6.4,-5.18351783519362e+21,5.18351783519362e+21,0,FLOAT
"mixed_(5,0.2,0.2)",5,0.2,0.2,0.666666700423579,3.4,-6.4,-4.3565651372912e+21,4.3565651372912e+21,0,FLOAT
"mixed_(5,0.2,0.2)",5,0.2,0.2,0.666666702436989,3.4,-6.4,-3.66154034679807e+21,3.66154034679807e+21,0,FLOAT
"mixed_(5,0.2,0.2)",5,0.2,0.2,0.666666704570486,3.4,-6.4,-3.07739643804265e+21,3.07739643804265e+21,0,FLOAT
"mixed_(5,0.2,0.2)",5,0.2,0.2,0.666666706831235,3.4,-6.4,-2.58644389918491e+21,2.58644389918491e+21,0,FLOAT
"mixed_(5,0.2,0.2)",5,0.2,0.2,0.666666709226825,3.4,-6.4,-2.17381549331254e+21,2.17381549331254e+21,0,FLOAT
"mixed_(5,0.2,0.2)",5,0.2,0.2,0.666666711765299,3.4,-6.4,-1.82701578552883e+21,1.82701578552883e+21,0,FLOAT
"mixed_(5,0.2,0.2)",5,0.2,0.2,0.666666714455177,3.4,-6.4,-1.53554278690287e+21,1.53554278690287e+21,0,FLOAT
"mixed_(5,0.2,0.2)",5,0.2,0.2,0.666666717305492,3.4,-6.4,-1.29056992932348e+21,1.29056992932348e+21,0,FLOAT
"mixed_(5,0.2,0.2)",5,0.2,0.2,0.666666720325813,3.4,-6.4,-1.08467881766934e+21,1.08467881766934e+21,0,FLOAT
"mixed_(5,0.2,0.2)",5,0.2,0.2,0.666666723526278,3.4,-6.4,-9.1163456344809e+20,9.1163456344809e+20,0,FLOAT
"mixed_(5,0.2,0.2)",5,0.2,0.2,0.666666726917633,3.4,-6.4,-7.66196919244308e+20,7.66196919244308e+20,0,FLOAT
"mixed_(5,0.2,0.2)",5,0.2,0.2,0.666666730511263,3.4,-6.4,-6.4396168370552e+20,6.4396168370552e+20,0,FLOAT
"mixed_(5,0.2,0.2)",5,0.2,0.2,0.666666734319233,3.4,-6.4,-5.41227242971826e+20,5.41227242971826e+20,0,FLOAT
"mixed_(5,0.2,0.2)",5,0.2,0.2,0.666666738354327,3.4,-6.4,-4.54882547582118e+20,4.54882547582118e+20,0,FLOAT
"mixed_(5,0.2,0.2)",5,0.2,0.2,0.666666742630091,3.4,-6.4,-3.82312850898593e+20,3.82312850898593e+20,0,FLOAT
"mixed_(5,0.2,0.2)",5,0.2,0.2,0.66666674716088,3.4,-6.4,-3.21320564769499e+20,3.21320564769499e+20,0,FLOAT
"mixed_(5,0.2,0.2)",5,0.2,0.2,0.666666751961906,3.4,-6.4,-2.70058683397835e+20,2.70058683397835e+20,0,FLOAT
"mixed_(5,0.2,0.2)",5,0.2,0.2,0.666666757049286,3.4,-6.4,-2.2697486927141e+20,2.2697486927141e+20,0,FLOAT
"mixed_(5,0.2,0.2)",5,0.2,0.2,0.666666762440099,3.4,-6.4,-1.90764432632653e+20,1.90764432632653e+20,0,FLOAT
"mixed_(5,0.2,0.2)",5,0.2,0.2,0.666666768152444,3.4,-6.4,-1.60330826296132e+20,1.60330826296132e+20,0,FLOAT
"mixed_(5,0.2,0.2)",5,0.2,0.2,0.666666774205498,3.4,-6.4,-1.34752447634934e+20,1.34752447634934e+20,0,FLOAT
"mixed_(5,0.2,0.2)",5,0.2,0.2,0.666666780619582,3.4,-6.4,-1.1325471518002e+20,1.1325471518002e+20,0,FLOAT
"mixed_(5,0.2,0.2)",5,0.2,0.2,0.66666678741623,3.4,-6.4,-9.51866244029429e+19,9.51866244029429e+19,0,FLOAT
"mixed_(5,0.2,0.2)",5,0.2,0.2,0.66666679461826,3.4,-6.4,-8.00010262981676e+19,8.00010262981676e+19,0,FLOAT
"mixed_(5,0.2,0.2)",5,0.2,0.2,0.666666802249851,3.4,-6.4,-6.72380628175541e+19,6.72380628175541e+19,0,FLOAT
"mixed_(5,0.2,0.2)",5,0.2,0.2,0.666666810336623,3.4,-6.4,-5.65112389957233e+19,5.65112389957233e+19,0,FLOAT
"mixed_(5,0.2,0.2)",5,0.2,0.2,0.666666818905725,3.4,-6.4,-4.74957190702973e+19,4.74957190702973e+19,0,FLOAT
"mixed_(5,0.2,0.2)",5,0.2,0.2,0.666666827985925,3.4,-6.4,-3.99184901166032e+19,3.99184901166032e+19,0,FLOAT
"mixed_(5,0.2,0.2)",5,0.2,0.2,0.666666837607709,3.4,-6.4,-3.35500945025862e+19,3.35500945025862e+19,0,FLOAT
"mixed_(5,0.2,0.2)",5,0.2,0.2,0.666666847803377,3.4,-6.4,-2.81976808021155e+19,2.81976808021155e+19,0,FLOAT
"mixed_(5,0.2,0.2)",5,0.2,0.2,0.66666685860716,3.4,-6.4,-2.36991644071109e+19,2.36991644071109e+19,0,FLOAT
"mixed_(5,0.2,0.2)",5,0.2,0.2,0.666666870055327,3.4,-6.4,-1.99183188899864e+19,1.99183188899864e+19,0,FLOAT
"mixed_(5,0.2,0.2)",5,0.2,0.2,0.666666882186313,3.4,-6.4,-1.67406505178093e+19,1.67406505178093e+19,0,FLOAT
"mixed_(5,0.2,0.2)",5,0.2,0.2,0.666666895040844,3.4,-6.4,-1.40699314110262e+19,1.40699314110262e+19,0,FLOAT
"mixed_(5,0.2,0.2)",5,0.2,0.2,0.666666908662074,3.4,-6.4,-1.18252854700989e+19,1.18252854700989e+19,0,FLOAT
"mixed_(5,0.2,0.2)",5,0.2,0.2,0.666666923095735,3.4,-6.4,-9.93873908237421e+18,9.93873908237421e+18,0,FLOAT
"mixed_(5,0.2,0.2)",5,0.2,0.2,0.666666938390282,3.4,-6.4,-8.35316284321298e+18,8.35316284321298e+18,0,FLOAT
"mixed_(5,0.2,0.2)",5,0.2,0.2,0.666666954597062,3.4,-6.4,-7.0205414604797e+18,7.0205414604797e+18,0,FLOAT
"mixed_(5,0.2,0.2)",5,0.2,0.2,0.666666971770485,3.4,-6.4,-5.9005198178169e+18,5.9005198178169e+18,0,FLOAT
"mixed_(5,0.2,0.2)",5,0.2,0.2,0.666666989968206,3.4,-6.4,-4.95918077980569e+18,4.95918077980569e+18,0,FLOAT
"mixed_(5,0.2,0.2)",5,0.2,0.2,0.666667009251318,3.4,-6.4,-4.16801823801918e+18,4.16801823801918e+18,0,FLOAT
"mixed_(5,0.2,0.2)",5,0.2,0.2,0.666667029684559,3.4,-6.4,-3.50307378606329e+18,3.50307378606329e+18,0,FLOAT
"mixed_(5,0.2,0.2)",5,0.2,0.2,0.666667051336528,3.4,-6.4,-2.94421121502305e+18,2.94421121502305e+18,0,FLOAT
"mixed_(5,0.2,0.2)",5,0.2,0.2,0.666667074279914,3.4,-6.4,-2.47450676208941e+18,2.47450676208941e+18,0,FLOAT
"mixed_(5,0.2,0.2)",5,0.2,0.2,0.666667098591744,3.4,-6.4,-2.07973658136099e+18,2.07973658136099e+18,0,FLOAT
"mixed_(5,0.2,0.2)",5,0.2,0.2,0.666667124353638,3.4,-6.4,-1.74794603911442e+18,1.74794603911442e+18,0,FLOAT
"mixed_(5,0.2,0.2)",5,0.2,0.2,0.666667151652083,3.4,-6.4,-1.46908768024092e+18,1.46908768024092e+18,0,FLOAT
"mixed_(5,0.2,0.2)",5,0.2,0.2,0.666667180578726,3.4,-6.4,-1.23471696966017e+18,1.23471696966017e+18,0,FLOAT
"mixed_(5,0.2,0.2)",5,0.2,0.2,0.66666721123068,3.4,-6.4,-1.0377365720761e+18,1.0377365720761e+18,0,FLOAT
"mixed_(5,0.2,0.2)",5,0.2,0.2,0.66666724371085,3.4,-6.4,-8.72181426099976e+17,8.72181426099976e+17,0,FLOAT
"mixed_(5,0.2,0.2)",5,0.2,0.2,0.666667278128279,3.4,-6.4,-7.3303810433521e+17,7.3303810433521e+17,0,FLOAT
"mixed_(5,0.2,0.2)",5,0.2,0.2,0.666667314598514,3.4,-6.4,-6.16092999651473e+17,6.16092999651473e+17,0,FLOAT
"mixed_(5,0.2,0.2)",5,0.2,0.2,0.666667353243992,3.4,-6.4,-5.17804719197287e+17,5.17804719197287e+17,0,FLOAT
"mixed_(5,0.2,0.2)",5,0.2,0.2,0.666667394194455,3.4,-6.4,-4.35196848032203e+17,4.35196848032203e+17,0,FLOAT
"mixed_(5,0.2,0.2)",5,0.2,0.2,0.666667437587381,3.4,-6.4,-3.65767813442225e+17,3.65767813442225e+17,0,FLOAT
"mixed_(5,0.2,0.2)",5,0.2,0.2,0.666667483568452,3.4,-6.4,-3.07415130474027e+17,3.07415130474027e+17,0,FLOAT
"mixed_(5,0.2,0.2)",5,0.2,0.2,0.666667532292033,3.4,-6.4,-2.58371734018647e+17,2.58371734018647e+17,0,FLOAT
"mixed_(5,0.2,0.2)",5,0.2,0.2,0.666667583921701,3.4,-6.4,-2.17152468099927e+17,2.17152468099927e+17,0,FLOAT
"mixed_(5,0.2,0.2)",5,0.2,0.2,0.666667638630787,3.4,-6.4,-1.82509110802715e+17,1.82509110802715e+17,0,FLOAT
"mixed_(5,0.2,0.2)",5,0.2,0.2,0.666667696602962,3.4,-6.4,-1.53392575263583e+17,1.53392575263583e+17,0,FLOAT
"mixed_(5,0.2,0.2)",5,0.2,0.2,0.66666775803285,3.4,-6.4,-1.2892114050512e+17,1.2892114050512e+17,0,FLOAT
"mixed_(5,0.2,0.2)",5,0.2,0.2,0.666667823126684,3.4,-6.4,-1.08353750939146e+17,1.08353750939146e+17,0,FLOAT
"mixed_(5,0.2,0.2)",5,0.2,0.2,0.666667892102997,3.4,-6.4,-9.10675752828386e+16,9.10675752828386e+16,0,FLOAT
"mixed_(5,0.2,0.2)",5,0.2,0.2,0.666667965193359,3.4,-6.4,-7.65391454876128e+16,7.65391454876128e+16,0,FLOAT
"mixed_(5,0.2,0.2)",5,0.2,0.2,0.666668042643148,3.4,-6.4,-6.43285050332598e+16,6.43285050332598e+16,0,FLOAT
"mixed_(5,0.2,0.2)",5,0.2,0.2,0.66666812471238,3.4,-6.4,-5.40658857281771e+16,5.40658857281771e+16,0,FLOAT
"mixed_(5,0.2,0.2)",5,0.2,0.2,0.666668211676578,3.4,-6.4,-4.5440510387147e+16,4.54405103871469e+16,0,FLOAT
"mixed_(5,0.2,0.2)",5,0.2,0.2,0.666668303827701,3.4,-6.4,-3.81911815885189e+16,3.81911815885189e+16,0,FLOAT
"mixed_(5,0.2,0.2)",5,0.2,0.2,0.666668401475117,3.4,-6.4,-3.20983720398614e+16,3.20983720398614e+16,0,FLOAT
"mixed_(5,0.2,0.2)",5,0.2,0.2,0.666668504946651,3.4,-6.4,-2.69775766870263e+16,2.69775766870263e+16,0,FLOAT
"mixed_(5,0.2,0.2)",5,0.2,0.2,0.666668614589678,3.4,-6.4,-2.26737254698659e+16,2.26737254698659e+16,0,FLOAT
"mixed_(5,0.2,0.2)",5,0.2,0.2,0.666668730772293,3.4,-6.4,-1.90564874100521e+16,1.90564874100521e+16,0,FLOAT
"mixed_(5,0.2,0.2)",5,0.2,0.2,0.666668853884545,3.4,-6.4,-1.6016323860305e+16,1.6016323860305e+16,0,FLOAT
"mixed_(5,0.2,0.2)",5,0.2,0.2,0.666668984339748,3.4,-6.4,-1.34611713963484e+16,1.34611713963484e+16,0,FLOAT
"mixed_(5,0.2,0.2)",5,0.2,0.2,0.666669122575868,3.4,-6.4,-1.13136539290611e+16,1.13136539290611e+16,0,FLOAT
"mixed_(5,0.2,0.2)",5,0.2,0.2,0.666669269056992,3.4,-6.4,-9.50873953684739e+15,9.50873953684738e+15,0,FLOAT
"mixed_(5,0.2,0.2)",5,0.2,0.2,0.666669424274889,3.4,-6.4,-7.99177116012375e+15,7.99177116012374e+15,0,FLOAT
"mixed_(5,0.2,0.2)",5,0.2,0.2,0.666669588750657,3.4,-6.4,-6.71681143478264e+15,6.71681143478264e+15,0,FLOAT
"mixed_(5,0.2,0.2)",5,0.2,0.2,0.666669763036477,3.4,-6.4,-5.64525160695503e+15,5.64525160695502e+15,0,FLOAT
"mixed_(5,0.2,0.2)",5,0.2,0.2,0.666669947717462,3.4,-6.4,-4.74464235920032e+15,4.74464235920031e+15,0,FLOAT
"mixed_(5,0.2,0.2)",5,0.2,0.2,0.666670143413626,3.4,-6.4,-3.98771116540482e+15,3.98771116540482e+15,0,FLOAT
"mixed_(5,0.2,0.2)",5,0.2,0.2,0.666670350781961,3.4,-6.4,-3.35153641720858e+15,3.35153641720857e+15,0,FLOAT
"mixed_(5,0.2,0.2)",5,0.2,0.2,0.666670570518648,3.4,-6.4,-2.8168532958882e+15,2.81685329588819e+15,0,FLOAT
"mixed_(5,0.2,0.2)",5,0.2,0.2,0.666670803361388,3.4,-6.4,-2.36747038911298e+15,2.36747038911298e+15,0,FLOAT
"mixed_(5,0.2,0.2)",5,0.2,0.2,0.666671050091883,3.4,-6.4,-1.98977937610517e+15,1.98977937610516e+15,0,FLOAT
"mixed_(5,0.2,0.2)",5,0.2,0.2,0.66667131153846,3.4,-6.4,-1.67234293447502e+15,1.67234293447501e+15,0,FLOAT
"mixed_(5,0.2,0.2)",5,0.2,0.2,0.666671588578849,3.4,-6.4,-1.40554839016796e+15,1.40554839016795e+15,0,FLOAT
"mixed_(5,0.2,0.2)",5,0.2,0.2,0.666671882143135,3.4,-6.4,-1.18131662303842e+15,1.18131662303842e+15,0,FLOAT
"mixed_(5,0.2,0.2)",5,0.2,0.2,0.666672193216873,3.4,-6.4,-992857411787007,992857411787000,0,FLOAT
"mixed_(5,0.2,0.2)",5,0.2,0.2,0.666672522844405,3.4,-6.4,-834463809518678,834463809518672,0,FLOAT
"mixed_(5,0.2,0.2)",5,0.2,0.2,0.666672872132358,3.4,-6.4,-701339324169162,701339324169155,0,FLOAT
"mixed_(5,0.2,0.2)",5,0.2,0.2,0.666673242253367,3.4,-6.4,-589452669503424,589452669503418,0,FLOAT
"mixed_(5,0.2,0.2)",5,0.2,0.2,0.666673634450005,3.4,-6.4,-495415688034746,495415688034740,0,FLOAT
"mixed_(5,0.2,0.2)",5,0.2,0.2,0.66667405003896,3.4,-6.4,-416380749865278,416380749865271,0,FLOAT
"mixed_(5,0.2,0.2)",5,0.2,0.2,0.66667449041545,3.4,-6.4,-349954519908525,349954519908518,0,FLOAT
"mixed_(5,0.2,0.2)",5,0.2,0.2,0.666674957057912,3.4,-6.4,-294125482027231,294125482027225,0,FLOAT
"mixed_(5,0.2,0.2)",5,0.2,0.2,0.666675451532965,3.4,-6.4,-247203025741585,247203025741579,0,FLOAT
"mixed_(5,0.2,0.2)",5,0.2,0.2,0.666675975500663,3.4,-6.4,-207766250877699,207766250877693,0,FLOAT
"mixed_(5,0.2,0.2)",5,0.2,0.2,0.666676530720078,3.4,-6.4,-174620939262202,174620939262196,0,FLOAT
"mixed_(5,0.2,0.2)",5,0.2,0.2,0.666677119055197,3.4,-6.4,-146763391269286,146763391269279,0,FLOAT
"mixed_(5,0.2,0.2)",5,0.2,0.2,0.666677742481186,3.4,-6.4,-123350031517983,123350031517977,0,FLOAT
"mixed_(5,0.2,0.2)",5,0.2,0.2,0.666678403091018,3.4,-6.4,-103671863566026,103671863566020,0,FLOAT
"mixed_(5,0.2,0.2)",5,0.2,0.2,0.666679103102497,3.4,-6.4,-87132999947583.2,87132999947576.8,0,FLOAT
"mixed_(5,0.2,0.2)",5,0.2,0.2,0.666679844865711,3.4,-6.4,-73232617419392,73232617419385.6,0,FLOAT
"mixed_(5,0.2,0.2)",5,0.2,0.2,0.666680630870915,3.4,-6.4,-61549790949343.8,61549790949337.4,0,FLOAT
"mixed_(5,0.2,0.2)",5,0.2,0.2,0.666681463756893,3.4,-6.4,-51730747245172,51730747245165.6,0,FLOAT
"mixed_(5,0.2,0.2)",5,0.2,0.2,0.666682346319819,3.4,-6.4,-43478151741868.6,43478151741862.2,0,FLOAT
"mixed_(5,0.2,0.2)",5,0.2,0.2,0.666683281522644,3.4,-6.4,-36542104708287.6,36542104708281.2,0,FLOAT
"mixed_(5,0.2,0.2)",5,0.2,0.2,0.666684272505039,3.4,-6.4,-30712573779098.5,30712573779092.1,0,FLOAT
"mixed_(5,0.2,0.2)",5,0.2,0.2,0.666685322593942,3.4,-6.4,-25813033754921.8,25813033754915.4,0,FLOAT
"mixed_(5,0.2,0.2)",5,0.2,0.2,0.666686435314721,3.4,-6.4,-21695121076080.5,21695121076074.1,0,FLOAT
"mixed_(5,0.2,0.2)",5,0.2,0.2,0.666687614403016,3.4,-6.4,-18234141085833.2,18234141085826.8,0,FLOAT
"mixed_(5,0.2,0.2)",5,0.2,0.2,0.666688863817274,3.4,-6.4,-15325292045149.1,15325292045142.7,0,FLOAT
"mixed_(5,0.2,0.2)",5,0.2,0.2,0.666690187752041,3.4,-6.4,-12880491540329,12880491540322.6,0,FLOAT
"mixed_(5,0.2,0.2)",5,0.2,0.2,0.666691590652045,3.4,-6.4,-10825709189844.8,10825709189838.4,0,FLOAT
"mixed_(5,0.2,0.2)",5,0.2,0.2,0.666693077227118,3.4,-6.4,-9098724875109.86,9098724875103.46,0,FLOAT
"mixed_(5,0.2,0.2)",5,0.2,0.2,0.666694652468004,3.4,-6.4,-7647244608852.72,7647244608846.32,0,FLOAT
"mixed_(5,0.2,0.2)",5,0.2,0.2,0.66669632166312,3.4,-6.4,-6427316986243.3,6427316986236.9,0,FLOAT
"mixed_(5,0.2,0.2)",5,0.2,0.2,0.666698090416304,3.4,-6.4,-5402002266636.99,5402002266630.59,0,FLOAT
"mixed_(5,0.2,0.2)",5,0.2,0.2,0.666699964665634,3.4,-6.4,-4540253780718.76,4540253780712.37,0,FLOAT
"mixed_(5,0.2,0.2)",5,0.2,0.2,0.66670195070336,3.4,-6.4,-3815977791373.17,3815977791366.77,0,FLOAT
"mixed_(5,0.2,0.2)",5,0.2,0.2,0.666704055197027,3.4,-6.4,-3207243338588.52,3207243338582.12,0,FLOAT
"mixed_(5,0.2,0.2)",5,0.2,0.2,0.666706285211866,3.4,-6.4,-2695618140171.44,2695618140165.04,0,FLOAT
"mixed_(5,0.2,0.2)",5,0.2,0.2,0.666708648234505,3.4,-6.4,-2265610438453.12,2265610438446.72,0,FLOAT
"mixed_(5,0.2,0.2)",5,0.2,0.2,0.666711152198109,3.4,-6.4,-1904199891549.78,1904199891543.38,0,FLOAT
"mixed_(5,0.2,0.2)",5,0.2,0.2,0.666713805509012,3.4,-6.4,-1600443302757.96,1600443302751.56,0,FLOAT
"mixed_(5,0.2,0.2)",5,0.2,0.2,0.666716617074936,3.4,-6.4,-1345143249043.47,1345143249037.07,0,FLOAT
"mixed_(5,0.2,0.2)",5,0.2,0.2,0.6667195963349,3.4,-6.4,-1130569574467.15,1130569574460.75,0,FLOAT
"mixed_(5,0.2,0.2)",5,0.2,0.2,0.666722753290909,3.4,-6.4,-950225314571.934,950225314565.534,0,FLOAT
"mixed_(5,0.2,0.2)",5,0.2,0.2,0.666726098541527,3.4,-6.4,-798649963349.878,798649963343.478,0,FLOAT
"mixed_(5,0.2,0.2)",5,0.2,0.2,0.666729643317467,3.4,-6.4,-671254125633.148,671254125626.748,0,FLOAT
"mixed_(5,0.2,0.2)",5,0.2,0.2,0.666733399519287,3.4,-6.4,-564180547843.496,564180547837.096,0,FLOAT
"mixed_(5,0.2,0.2)",5,0.2,0.2,0.666737379757347,3.4,-6.4,-474187318770.262,474187318763.862,0,FLOAT
"mixed_(5,0.2,0.2)",5,0.2,0.2,0.666741597394146,3.4,-6.4,-398549703609.099,398549703602.699,0,FLOAT
"mixed_(5,0.2,0.2)",5,0.2,0.2,0.666746066589179,3.4,-6.4,-334977638609.709,334977638603.309,0,FLOAT
"mixed_(5,0.2,0.2)",5,0.2,0.2,0.666750802346474,3.4,-6.4,-281546387965.748,281546387959.348,0,FLOAT
"mixed_(5,0.2,0.2)",5,0.2,0.2,0.666755820564966,3.4,-6.4,-236638263114.868,236638263108.468,0,FLOAT
"mixed_(5,0.2,0.2)",5,0.2,0.2,0.666761138091871,3.4,-6.4,-198893639644.123,198893639637.723,0,FLOAT
"mixed_(5,0.2,0.2)",5,0.2,0.2,0.666766772779247,3.4,-6.4,-167169788534.526,167169788528.126,0,FLOAT
"mixed_(5,0.2,0.2)",5,0.2,0.2,0.666772743543927,3.4,-6.4,-140506275096.276,140506275089.876,0,FLOAT
"mixed_(5,0.2,0.2)",5,0.2,0.2,0.666779070431024,3.4,-6.4,-118095877836.215,118095877829.815,0,FLOAT
"mixed_(5,0.2,0.2)",5,0.2,0.2,0.666785774681232,3.4,-6.4,-99260146656.6365,99260146650.2365,0,FLOAT
"mixed_(5,0.2,0.2)",5,0.2,0.2,0.666792878802131,3.4,-6.4,-83428860259.6823,83428860253.2822,0,FLOAT
"mixed_(5,0.2,0.2)",5,0.2,0.2,0.66680040664375,3.4,-6.4,-70122760709.7827,70122760703.3827,0,FLOAT
"mixed_(5,0.2,0.2)",5,0.2,0.2,0.666808383478639,3.4,-6.4,-58939042347.3434,58939042340.9434,0,FLOAT
"mixed_(5,0.2,0.2)",5,0.2,0.2,0.666816836086713,3.4,-6.4,-49539155644.7758,49539155638.3758,0,FLOAT
"mixed_(5,0.2,0.2)",5,0.2,0.2,0.666825792845157,3.4,-6.4,-41638556703.1774,41638556696.7774,0,FLOAT
"mixed_(5,0.2,0.2)",5,0.2,0.2,0.666835283823696,3.4,-6.4,-34998091995.63,34998091989.23,0,FLOAT
"mixed_(5,0.2,0.2)",5,0.2,0.2,0.666845340885544,3.4,-6.4,-29416757488.4968,29416757482.0968,0,FLOAT
"mixed_(5,0.2,0.2)",5,0.2,0.2,0.666855997794376,3.4,-6.4,-24725612884.7158,24725612878.3158,0,FLOAT
"mixed_(5,0.2,0.2)",5,0.2,0.2,0.666867290327678,3.4,-6.4,-20782666711.4476,20782666705.0476,0,FLOAT
"mixed_(5,0.2,0.2)",5,0.2,0.2,0.666879256396864,3.4,-6.4,-17468577374.5648,17468577368.1648,0,FLOAT
"mixed_(5,0.2,0.2)",5,0.2,0.2,0.666891936174548,3.4,-6.4,-14683040008.9435,14683040002.5435,0,FLOAT
"mixed_(5,0.2,0.2)",5,0.2,0.2,0.666905372229415,3.4,-6.4,-12341749719.5751,12341749713.1751,0,FLOAT
"mixed_(5,0.2,0.2)",5,0.2,0.2,0.666919609669129,3.4,-6.4,-10373849263.2872,10373849256.8872,0,FLOAT
"mixed_(5,0.2,0.2)",5,0.2,0.2,0.666934696291775,3.4,-6.4,-8719783888.54753,8719783882.14753,0,FLOAT
"mixed_(5,0.2,0.2)",5,0.2,0.2,0.666950682746323,3.4,-6.4,-7329498380.32009,7329498373.92009,0,FLOAT
"mixed_(5,0.2,0.2)",5,0.2,0.2,0.666967622702667,3.4,-6.4,-6160921718.98783,6160921712.58782,0,FLOAT
"mixed_(5,0.2,0.2)",5,0.2,0.2,0.666985573031808,3.4,-6.4,-5178693470.66628,5178693464.26628,0,FLOAT
"mixed_(5,0.2,0.2)",5,0.2,0.2,0.667004593996783,3.4,-6.4,-4353093346.83729,4353093340.43729,0,FLOAT
"mixed_(5,0.2,0.2)",5,0.2,0.2,0.667024749454976,3.4,-6.4,-3659141521.91315,3659141515.51315,0,FLOAT
"mixed_(5,0.2,0.2)",5,0.2,0.2,0.667046107072505,3.4,-6.4,-3075842468.88832,3075842462.48832,0,FLOAT
"mixed_(5,0.2,0.2)",5,0.2,0.2,0.667068738551391,3.4,-6.4,-2585549418.05848,2585549411.65848,0,FLOAT
"mixed_(5,0.2,0.2)",5,0.2,0.2,0.667092719870275,3.4,-6.4,-2173430196.60181,2173430190.20181,0,FLOAT
"mixed_(5,0.2,0.2)",5,0.2,0.2,0.667118131539495,3.4,-6.4,-1827018276.29152,1827018269.89152,0,FLOAT
"mixed_(5,0.2,0.2)",5,0.2,0.2,0.667145058871377,3.4,-6.4,-1535835436.67581,1535835430.27581,0,FLOAT
"mixed_(5,0.2,0.2)",5,0.2,0.2,0.667173592266644,3.4,-6.4,-1291074619.44743,1291074613.04743,0,FLOAT
"mixed_(5,0.2,0.2)",5,0.2,0.2,0.667203827517915,3.4,-6.4,-1085333372.16566,1085333365.76566,0,FLOAT
"mixed_(5,0.2,0.2)",5,0.2,0.2,0.667235866131295,3.4,-6.4,-912389811.306001,912389804.906001,0,FLOAT
"mixed_(5,0.2,0.2)",5,0.2,0.2,0.667269815667157,3.4,-6.4,-767014321.909599,767014315.509599,0,FLOAT
"mixed_(5,0.2,0.2)",5,0.2,0.2,0.667305790101244,3.4,-6.4,-644811293.170203,644811286.770203,0,FLOAT
"mixed_(5,0.2,0.2)",5,0.2,0.2,0.667343910207308,3.4,-6.4,-542086098.669165,542086092.269165,0,FLOAT
"mixed_(5,0.2,0.2)",5,0.2,0.2,0.667384303962572,3.4,-6.4,-455733294.304777,455733287.904777,0,FLOAT
"mixed_(5,0.2,0.2)",5,0.2,0.2,0.667427106977381,3.4,-6.4,-383142649.336676,383142642.936676,0,FLOAT
"mixed_(5,0.2,0.2)",5,0.2,0.2,0.66747246295047,3.4,-6.4,-322120165.900572,322120159.500572,0,FLOAT
"mixed_(5,0.2,0.2)",5,0.2,0.2,0.667520524151393,3.4,-6.4,-270821696.113467,270821689.713466,0,FLOAT
"mixed_(5,0.2,0.2)",5,0.2,0.2,0.667571451931725,3.4,-6.4,-227697147.301187,227697140.901187,0,FLOAT
"mixed_(5,0.2,0.2)",5,0.2,0.2,0.667625417266748,3.4,-6.4,-191443586.414159,191443580.014159,0,FLOAT
"mixed_(5,0.2,0.2)",5,0.2,0.2,0.66768260132946,3.4,-6.4,-160965824.123535,160965817.723534,0,FLOAT
"mixed_(5,0.2,0.2)",5,0.2,0.2,0.667743196098802,3.4,-6.4,-135343285.526517,135343279.126517,0,FLOAT
"mixed_(5,0.2,0.2)",5,0.2,0.2,0.667807405004176,3.4,-6.4,-113802164.698757,113802158.298757,0,FLOAT
"mixed_(5,0.2,0.2)",5,0.2,0.2,0.667875443608401,3.4,-6.4,-95692020.2952933,95692013.8952933,0,FLOAT
"mixed_(5,0.2,0.2)",5,0.2,0.2,0.667947540331402,3.4,-6.4,-80466103.835088,80466097.4350881,0,FLOAT
"mixed_(5,0.2,0.2)",5,0.2,0.2,0.668023937217061,3.4,-6.4,-67664825.3007225,67664818.9007225,0,FLOAT
"mixed_(5,0.2,0.2)",5,0.2,0.2,0.668104890745814,3.4,-6.4,-56901855.6518357,56901849.2518357,0,FLOAT
"mixed_(5,0.2,0.2)",5,0.2,0.2,0.668190672695706,3.4,-6.4,-47852445.6710783,47852439.2710783,0,FLOAT
"mixed_(5,0.2,0.2)",5,0.2,0.2,0.66828157105481,3.4,-6.4,-40243607.6480405,40243601.2480405,0,FLOAT
"mixed_(5,0.2,0.2)",5,0.2,0.2,0.668377890988062,3.4,-6.4,-33845862.7911623,33845856.3911623,0,FLOAT
"mixed_(5,0.2,0.2)",5,0.2,0.2,0.668479955861763,3.4,-6.4,-28466304.6491586,28466298.2491586,0,FLOAT
"mixed_(5,0.2,0.2)",5,0.2,0.2,0.668588108329191,3.4,-6.4,-23942768.6542195,23942762.2542195,0,FLOAT
"mixed_(5,0.2,0.2)",5,0.2,0.2,0.668702711480957,3.4,-6.4,-20138931.3773296,20138924.9773296,0,FLOAT
"mixed_(5,0.2,0.2)",5,0.2,0.2,0.668824150063978,3.4,-6.4,-16940191.2230979,16940184.8230979,0,FLOAT
"mixed_(5,0.2,0.2)",5,0.2,0.2,0.668952831773153,3.4,-6.4,-14250205.9411339,14250199.5411339,0,FLOAT
"mixed_(5,0.2,0.2)",5,0.2,0.2,0.669089188620082,3.4,-6.4,-11987982.20773,11987975.80773,0,FLOAT
"mixed_(5,0.2,0.2)",5,0.2,0.2,0.669233678383419,3.4,-6.4,-10085429.2380513,10085422.8380513,0,FLOAT
"mixed_(5,0.2,0.2)",5,0.2,0.2,0.669386786145729,3.4,-6.4,-8485302.43076367,8485296.03076367,0,FLOAT
"mixed_(5,0.2,0.2)",5,0.2,0.2,0.669549025922018,3.4,-6.4,-7139474.84878422,7139468.44878422,0,FLOAT
"mixed_(5,0.2,0.2)",5,0.2,0.2,0.669720942385384,3.4,-6.4,-6007484.25945735,6007477.85945735,0,FLOAT
"mixed_(5,0.2,0.2)",5,0.2,0.2,0.669903112695601,3.4,-6.4,-5055311.79458371,5055305.39458371,0,FLOAT
"mixed_(5,0.2,0.2)",5,0.2,0.2,0.670096148436769,3.4,-6.4,-4254355.29837067,4254348.89837067,0,FLOAT
"mixed_(5,0.2,0.2)",5,0.2,0.2,0.670300697670525,3.4,-6.4,-3580566.3210832,3580559.9210832,0,FLOAT
"mixed_(5,0.2,0.2)",5,0.2,0.2,0.670517447111728,3.4,-6.4,-3013724.66665511,3013718.26665511,0,FLOAT
"mixed_(5,0.2,0.2)",5,0.2,0.2,0.670747124433902,3.4,-6.4,-2536828.56333357,2536822.16333357,0,FLOAT
"mixed_(5,0.2,0.2)",5,0.2,0.2,0.67099050071219,3.4,-6.4,-2135582.0237048,2135575.6237048,0,FLOAT
"mixed_(5,0.2,0.2)",5,0.2,0.2,0.671248393012015,3.4,-6.4,-1797963.89990823,1797957.49990823,0,FLOAT
"mixed_(5,0.2,0.2)",5,0.2,0.2,0.671521667132144,3.4,-6.4,-1513865.61051286,1513859.21051286,0,FLOAT
"mixed_(5,0.2,0.2)",5,0.2,0.2,0.671811240511352,3.4,-6.4,-1274786.59218755,1274780.19218755,0,FLOAT
"mixed_(5,0.2,0.2)",5,0.2,0.2,0.67211808530846,3.4,-6.4,-1073578.27474652,1073571.87474652,0,FLOAT
"mixed_(5,0.2,0.2)",5,0.2,0.2,0.672443231666078,3.4,-6.4,-904228.84526116,904222.44526116,0,FLOAT
"mixed_(5,0.2,0.2)",5,0.2,0.2,0.672787771169006,3.4,-6.4,-761682.300072214,761675.900072214,0,FLOAT
"mixed_(5,0.2,0.2)",5,0.2,0.2,0.673152860508921,3.4,-6.4,-641686.320025656,641679.920025656,0,FLOAT
"mixed_(5,0.2,0.2)",5,0.2,0.2,0.673539725367628,3.4,-6.4,-540664.375472623,540657.975472623,0,FLOAT
"mixed_(5,0.2,0.2)",5,0.2,0.2,0.673949664531935,3.4,-6.4,-455608.199855465,455601.799855465,0,FLOAT
"mixed_(5,0.2,0.2)",5,0.2,0.2,0.674384054253956,3.4,-6.4,-383987.386226103,383980.986226103,0,FLOAT
"mixed_(5,0.2,0.2)",5,0.2,0.2,0.674844352871474,3.4,-6.4,-323673.378414984,323666.978414984,0,FLOAT
"mixed_(5,0.2,0.2)",5,0.2,0.2,0.675332105703892,3.4,-6.4,-272875.563451424,272869.163451424,0,FLOAT
"mixed_(5,0.2,0.2)",5,0.2,0.2,0.675848950240194,3.4,-6.4,-230087.537379375,230081.137379375,0,FLOAT
"mixed_(5,0.2,0.2)",5,0.2,0.2,0.676396621636343,3.4,-6.4,-194041.923875834,194035.523875834,0,FLOAT
"mixed_(5,0.2,0.2)",5,0.2,0.2,0.676976958540561,3.4,-6.4,-163672.383355498,163665.983355498,0,FLOAT
"mixed_(5,0.2,0.2)",5,0.2,0.2,0.677591909266059,3.4,-6.4,-138081.667346599,138075.267346599,0,FLOAT
"mixed_(5,0.2,0.2)",5,0.2,0.2,0.67824353833194,3.4,-6.4,-116514.755414738,116508.355414738,0,FLOAT
"mixed_(5,0.2,0.2)",5,0.2,0.2,0.678934033394218,3.4,-6.4,-98336.2653123561,98329.8653123561,0,FLOAT
"mixed_(5,0.2,0.2)",5,0.2,0.2,0.679665712590243,3.4,-6.4,-83011.4559802679,83005.0559802678,0,FLOAT
"mixed_(5,0.2,0.2)",5,0.2,0.2,0.680441032321174,3.4,-6.4,-70090.2514226573,70083.8514226572,0,FLOAT
"mixed_(5,0.2,0.2)",5,0.2,0.2,0.681262595498641,3.4,-6.4,-59193.8045954228,59187.4045954228,0,FLOAT
"mixed_(5,0.2,0.2)",5,0.2,0.2,0.68213316028326,3.4,-6.4,-50003.1970440413,49996.7970440413,0,FLOAT
"mixed_(5,0.2,0.2)",5,0.2,0.2,0.683055649344363,3.4,-6.4,-42249.9344166778,42243.5344166778,0,FLOAT
"mixed_(5,0.2,0.2)",5,0.2,0.2,0.684033159672015,3.4,-6.4,-35707.9521066298,35701.5521066298,0,FLOAT
"mixed_(5,0.2,0.2)",5,0.2,0.2,0.68506897297426,3.4,-6.4,-30186.8907816628,30180.4907816628,0,FLOAT
"mixed_(5,0.2,0.2)",5,0.2,0.2,0.686166566694507,3.4,-6.4,-25526.4398108107,25520.0398108107,0,FLOAT
"mixed_(5,0.2,0.2)",5,0.2,0.2,0.687329625686041,3.4,-6.4,-21591.5787576616,21585.1787576616,0,FLOAT
"mixed_(5,0.2,0.2)",5,0.2,0.2,0.68856205458285,3.4,-6.4,-18268.5741444566,18262.1741444566,0,FLOAT
"mixed_(5,0.2,0.2)",5,0.2,0.2,0.689867990908302,3.4,-6.4,-15461.6114199311,15455.2114199311,0,FLOAT
"mixed_(5,0.2,0.2)",5,0.2,0.2,0.691251818965688,3.4,-6.4,-13089.9611721906,13083.5611721906,0,FLOAT
"mixed_(5,0.2,0.2)",5,0.2,0.2,0.692718184557244,3.4,-6.4,-11085.5946928681,11079.1946928681,0,FLOAT
"mixed_(5,0.2,0.2)",5,0.2,0.2,0.694272010581095,3.4,-6.4,-9391.17750543415,9384.77750543415,0,FLOAT
"mixed_(5,0.2,0.2)",5,0.2,0.2,0.695918513558455,3.4,-6.4,-7958.38082637733,7951.98082637733,0,FLOAT
"mixed_(5,0.2,0.2)",5,0.2,0.2,0.697663221146592,3.4,-6.4,-6746.46047578485,6740.06047578485,0,FLOAT
"mixed_(5,0.2,0.2)",5,0.2,0.2,0.699511990696333,3.4,-6.4,-5721.06078164984,5714.66078164983,0,FLOAT
"mixed_(5,0.2,0.2)",5,0.2,0.2,0.701471028916427,3.4,-6.4,-4853.20777218235,4846.80777218235,0,FLOAT
"mixed_(5,0.2,0.2)",5,0.2,0.2,0.703546912710775,3.4,-6.4,-4118.46162602457,4112.06162602457,0,FLOAT
"mixed_(5,0.2,0.2)",5,0.2,0.2,0.705746611258478,3.4,-6.4,-3496.20312271403,3489.80312271403,0,FLOAT
"mixed_(5,0.2,0.2)",5,0.2,0.2,0.708077509410841,3.4,-6.4,-2969.03284881827,2962.63284881827,0,FLOAT
"mixed_(5,0.2,0.2)",5,0.2,0.2,0.710547432483875,3.4,-6.4,-2522.26528981561,2515.86528981561,0,FLOAT
"mixed_(5,0.2,0.2)",5,0.2,0.2,0.713164672529529,3.4,-6.4,-2143.5027756761,2137.1027756761,0,FLOAT
"mixed_(5,0.2,0.2)",5,0.2,0.2,0.715938016173855,3.4,-6.4,-1822.27663465597,1815.87663465597,0,FLOAT
"mixed_(5,0.2,0.2)",5,0.2,0.2,0.718876774115565,3.4,-6.4,-1549.7449169108,1543.3449169108,0,FLOAT
"mixed_(5,0.2,0.2)",5,0.2,0.2,0.721990812384003,3.4,-6.4,-1318.43773755098,1312.03773755098,0,FLOAT
"mixed_(5,0.2,0.2)",5,0.2,0.2,0.725290585461487,3.4,-6.4,-1122.04270849097,1115.64270849097,0,FLOAT
"mixed_(5,0.2,0.2)",5,0.2,0.2,0.728787171381207,3.4,-6.4,-955.224122571989,948.824122571989,0,FLOAT
"mixed_(5,0.2,0.2)",5,0.2,0.2,0.732492308918514,3.4,-6.4,-813.470557856673,807.070557856673,0,FLOAT
"mixed_(5,0.2,0.2)",5,0.2,0.2,0.736418437000464,3.4,-6.4,-692.966414885437,686.566414885437,0,FLOAT
"mixed_(5,0.2,0.2)",5,0.2,0.2,0.740578736465914,3.4,-6.4,-590.483610416043,584.083610416043,0,FLOAT
"mixed_(5,0.2,0.2)",5,0.2,0.2,0.744987174316374,3.4,-6.4,-503.290249076457,496.890249076457,0,FLOAT
"mixed_(5,0.2,0.2)",5,0.2,0.2,0.749658550606174,3.4,-6.4,-429.073597381845,422.673597381845,0,FLOAT
"mixed_(5,0.2,0.2)",5,0.2,0.2,0.754608548129361,3.4,-6.4,-365.875107782467,359.475107782467,0,FLOAT
"mixed_(5,0.2,0.2)",5,0.2,0.2,0.759853785070145,3.4,-6.4,-312.035596502277,305.635596502277,0,FLOAT
"mixed_(5,0.2,0.2)",5,0.2,0.2,0.765411870793641,3.4,-6.4,-266.148978561856,259.748978561855,0,FLOAT
"mixed_(5,0.2,0.2)",5,0.2,0.2,0.771301464964215,3.4,-6.4,-227.023215520921,220.623215520921,0,FLOAT
"mixed_(5,0.2,0.2)",5,0.2,0.2,0.777542340189913,3.4,-6.4,-193.647343665508,187.247343665508,0,FLOAT
"mixed_(5,0.2,0.2)",5,0.2,0.2,0.784155448403264,3.4,-6.4,-165.163628943018,158.763628943018,0,FLOAT
"mixed_(5,0.2,0.2)",5,0.2,0.2,0.791162991201332,3.4,-6.4,-140.84404524592,134.44404524592,0,FLOAT
"mixed_(5,0.2,0.2)",5,0.2,0.2,0.798588494381158,3.4,-6.4,-120.070399143556,113.670399143556,0,FLOAT
"mixed_(5,0.2,0.2)",5,0.2,0.2,0.806456886920807,3.4,-6.4,-102.317530627722,95.9175306277219,0,FLOAT
"mixed_(5,0.2,0.2)",5,0.2,0.2,0.814794584671205,3.4,-6.4,-87.1391090350322,80.7391090350322,0,FLOAT
"mixed_(5,0.2,0.2)",5,0.2,0.2,0.823629579039712,3.4,-6.4,-74.1556186906075,67.7556186906075,0,FLOAT
"mixed_(5,0.2,0.2)",5,0.2,0.2,0.83299153096317,3.4,-6.4,-63.0441922027589,56.6441922027589,0,FLOAT
"mixed_(5,0.2,0.2)",5,0.2,0.2,0.842911870485915,3.4,-6.4,-53.5300025719231,47.1300025719231,0,FLOAT
"mixed_(5,0.2,0.2)",5,0.2,0.2,0.853423902277057,3.4,-6.4,-45.3789698726812,38.9789698726812,0,FLOAT
"mixed_(5,0.2,0.2)",5,0.2,0.2,0.864562917441269,3.4,-6.4,-38.3915754275342,31.9915754275342,0,FLOAT
"mixed_(5,0.2,0.2)",5,0.2,0.2,0.876366311998457,3.4,-6.4,-32.3976069916146,25.9976069916146,0,FLOAT
"mixed_(5,0.2,0.2)",5,0.2,0.2,0.888873712430073,3.4,-6.4,-27.2516829771918,20.8516829771918,0,FLOAT
"mixed_(5,0.2,0.2)",5,0.2,0.2,0.9,3.4,-6.4,-23.4788576153658,17.0788576153658,0,FLOAT
"mixed_(5,0.2,0.2)",5,0.2,0.2,0.902127108713561,3.4,-6.4,-22.8294219970422,16.4294219970422,0,FLOAT
"mixed_(5,0.2,0.2)",5,0.2,0.2,0.912667383761716,3.4,-6.4,-19.9012887326929,13.5012887326929,0,FLOAT
"mixed_(5,0.2,0.2)",5,0.2,0.2,0.916170995291558,3.4,-6.4,-19.0241346049945,12.6241346049945,0,FLOAT
"mixed_(5,0.2,0.2)",5,0.2,0.2,0.923730141409766,3.4,-6.4,-17.2739050032636,10.8739050032636,0,FLOAT
"mixed_(5,0.2,0.2)",5,0.2,0.2,0.931052520449102,3.4,-6.4,-15.7439129115166,9.34391291151655,0,FLOAT
"mixed_(5,0.2,0.2)",5,0.2,0.2,0.933391537091908,3.4,-6.4,-15.2860256073413,8.88602560734128,0,FLOAT
"mixed_(5,0.2,0.2)",5,0.2,0.2,0.941829086706256,3.4,-6.4,-13.7456226375297,7.34562263752969,0,FLOAT
"mixed_(5,0.2,0.2)",5,0.2,0.2,0.946821644600358,3.4,-6.4,-12.9089695306419,6.50896953064191,0,FLOAT
"mixed_(5,0.2,0.2)",5,0.2,0.2,0.94919781953087,3.4,-6.4,-12.5285652609272,6.12856526092719,0,FLOAT
"mixed_(5,0.2,0.2)",5,0.2,0.2,0.955633126690214,3.4,-6.4,-11.5515415418651,5.15154154186507,0,FLOAT
"mixed_(5,0.2,0.2)",5,0.2,0.2,0.961253248795439,3.4,-6.4,-10.7568185640856,4.35681856408565,0,FLOAT
"mixed_(5,0.2,0.2)",5,0.2,0.2,0.963531308016255,3.4,-6.4,-10.4489982947104,4.04899829471042,0,FLOAT
"mixed_(5,0.2,0.2)",5,0.2,0.2,0.966161448465718,3.4,-6.4,-10.1032697254038,3.70326972540383,0,FLOAT
"mixed_(5,0.2,0.2)",5,0.2,0.2,0.970447907647971,3.4,-6.4,-9.56088450973821,3.1608845097382,0,FLOAT
"mixed_(5,0.2,0.2)",5,0.2,0.2,0.974191384595819,3.4,-6.4,-9.10729545852416,2.70729545852416,0,FLOAT
"mixed_(5,0.2,0.2)",5,0.2,0.2,0.977460660952652,3.4,-6.4,-8.72551642987902,2.32551642987902,0,FLOAT
"mixed_(5,0.2,0.2)",5,0.2,0.2,0.980315805527134,3.4,-6.4,-8.40243146730847,2.00243146730847,0,FLOAT
"mixed_(5,0.2,0.2)",5,0.2,0.2,0.981237608556118,3.4,-6.4,-8.30009452606854,1.90009452606854,0,FLOAT
"mixed_(5,0.2,0.2)",5,0.2,0.2,0.982809277981414,3.4,-6.4,-8.12776187478045,1.72776187478045,0,FLOAT
"mixed_(5,0.2,0.2)",5,0.2,0.2,0.984986892710918,3.4,-6.4,-7.89334552952548,1.49334552952548,0,FLOAT
"mixed_(5,0.2,0.2)",5,0.2,0.2,0.986888660625784,3.4,-6.4,-7.69262458614667,1.29262458614667,0,FLOAT
"mixed_(5,0.2,0.2)",5,0.2,0.2,0.988549524300617,3.4,-6.4,-7.52027503466644,1.12027503466644,0,FLOAT
"mixed_(5,0.2,0.2)",5,0.2,0.2,0.99,3.4,-6.4,-7.37193456374142,0.971934563741423,0,FLOAT
"mixed_(5,0.2,0.2)",5,0.2,0.2,0.991266738376172,3.4,-6.4,-7.24399967557083,0.843999675570833,0,FLOAT
"mixed_(5,0.2,0.2)",5,0.2,0.2,0.992373014140977,3.4,-6.4,-7.13347233089866,0.733472330898664,0,FLOAT
"mixed_(5,0.2,0.2)",5,0.2,0.2,0.993339153709191,3.4,-6.4,-7.03784252404337,0.637842524043368,0,FLOAT
"mixed_(5,0.2,0.2)",5,0.2,0.2,0.994182908670626,3.4,-6.4,-6.95499727225203,0.554997272252026,0,FLOAT
"mixed_(5,0.2,0.2)",5,0.2,0.2,0.994919781953087,3.4,-6.4,-6.88314927115837,0.483149271158368,0,FLOAT
"mixed_(5,0.2,0.2)",5,0.2,0.2,0.995563312669021,3.4,-6.4,-6.82078036989992,0.420780369899918,0,FLOAT
"mixed_(5,0.2,0.2)",5,0.2,0.2,0.996125324879544,3.4,-6.4,-6.76659634337331,0.366596343373313,0,FLOAT
"mixed_(5,0.2,0.2)",5,0.2,0.2,0.996616144846572,3.4,-6.4,-6.71949037191622,0.319490371916217,0,FLOAT
"mixed_(5,0.2,0.2)",5,0.2,0.2,0.997044790764797,3.4,-6.4,-6.67851330341745,0.278513303417446,0,FLOAT
"mixed_(5,0.2,0.2)",5,0.2,0.2,0.997419138459582,3.4,-6.4,-6.6428492516307,0.242849251630702,0,FLOAT
"mixed_(5,0.2,0.2)",5,0.2,0.2,0.997746066095265,3.4,-6.4,-6.61179543288071,0.211795432880709,0,FLOAT
"mixed_(5,0.2,0.2)",5,0.2,0.2,0.998031580552713,3.4,-6.4,-6.58474539942963,0.184745399429628,0,FLOAT
"mixed_(5,0.2,0.2)",5,0.2,0.2,0.998280927798141,3.4,-6.4,-6.56117501781655,0.161175017816554,0,FLOAT
"mixed_(5,0.2,0.2)",5,0.2,0.2,0.998498689271092,3.4,-6.4,-6.54063068286258,0.140630682862577,0,FLOAT
"mixed_(5,0.2,0.2)",5,0.2,0.2,0.998688866062578,3.4,-6.4,-6.52271936569747,0.122719365697467,0,FLOAT
"mixed_(5,0.2,0.2)",5,0.2,0.2,0.998854952430062,3.4,-6.4,-6.5071001763197,0.107100176319697,0,FLOAT
"mixed_(5,0.2,0.2)",5,0.2,0.2,0.999,3.4,-6.4,-6.49347718445556,0.0934771844555549,0,FLOAT
"mixed_(5,0.2,0.2)",5,0.2,0.2,0.999126673837617,3.4,-6.4,-6.48159329160901,0.0815932916090052,0,FLOAT
"mixed_(5,0.2,0.2)",5,0.2,0.2,0.999237301414098,3.4,-6.4,-6.47122498567404,0.0712249856740392,0,FLOAT
"mixed_(5,0.2,0.2)",5,0.2,0.2,0.999333915370919,3.4,-6.4,-6.46217783987088,0.0621778398708752,0,FLOAT
"mixed_(5,0.2,0.2)",5,0.2,0.2,0.999418290867063,3.4,-6.4,-6.45428264195955,0.0542826419595492,0,FLOAT
"mixed_(5,0.2,0.2)",5,0.2,0.2,0.999491978195309,3.4,-6.4,-6.44739205909035,0.0473920590903507,0,FLOAT
"mixed_(5,0.2,0.2)",5,0.2,0.2,0.999556331266902,3.4,-6.4,-6.44137775933094,0.0413777593309348,0,FLOAT
"mixed_(5,0.2,0.2)",5,0.2,0.2,0.999612532487954,3.4,-6.4,-6.43612792366757,0.036127923667566,0,FLOAT
"mixed_(5,0.2,0.2)",5,0.2,0.2,0.999661614484657,3.4,-6.4,-6.43154509272617,0.0315450927261693,0,FLOAT
"mixed_(5,0.2,0.2)",5,0.2,0.2,0.99970447907648,3.4,-6.4,-6.42754430106694,0.0275443010669356,0,FLOAT
"mixed_(5,0.2,0.2)",5,0.2,0.2,0.999741913845958,3.4,-6.4,-6.42405145904022,0.0240514590402174,0,FLOAT
"mixed_(5,0.2,0.2)",5,0.2,0.2,0.999774606609527,3.4,-6.4,-6.42100194813355,0.0210019481335468,0,FLOAT
"mixed_(5,0.2,0.2)",5,0.2,0.2,0.999803158055271,3.4,-6.4,-6.41833940071468,0.0183394007146838,0,FLOAT
"mixed_(5,0.2,0.2)",5,0.2,0.2,0.999828092779814,3.4,-6.4,-6.41601463925796,0.016014639257957,0,FLOAT
"mixed_(5,0.2,0.2)",5,0.2,0.2,0.999849868927109,3.4,-6.4,-6.41398475367289,0.0139847536728883,0,FLOAT
"mixed_(5,0.2,0.2)",5,0.2,0.2,0.999868886606258,3.4,-6.4,-6.41221229834699,0.0122122983469932,0,FLOAT
"mixed_(5,0.2,0.2)",5,0.2,0.2,0.999885495243006,3.4,-6.4,-6.41066459305894,0.0106645930589444,0,FLOAT
"mixed_(5,0.2,0.2)",5,0.2,0.2,0.9999,3.4,-6.4,-6.40931311408858,0.00931311408858448,0,FLOAT
"mixed_(5,0.2,0.2)",5,0.2,0.2,0.999912667383762,3.4,-6.4,-6.40813296370609,0.00813296370609073,0,FLOAT
"mixed_(5,0.2,0.2)",5,0.2,0.2,0.99992373014141,3.4,-6.4,-6.40710240781377,0.00710240781377358,0,FLOAT
"mixed_(5,0.2,0.2)",5,0.2,0.2,0.999933391537092,3.4,-6.4,-6.40620247288019,0.00620247288018483,0,FLOAT
"mixed_(5,0.2,0.2)",5,0.2,0.2,0.999941829086706,3.4,-6.4,-6.40541659448364,0.00541659448363774,0,FLOAT
"mixed_(5,0.2,0.2)",5,0.2,0.2,0.999949197819531,3.4,-6.4,-6.40473031079568,0.00473031079568464,0,FLOAT
"mixed_(5,0.2,0.2)",5,0.2,0.2,0.99995563312669,3.4,-6.4,-6.40413099521253,0.00413099521253102,0,FLOAT
"mixed_(5,0.2,0.2)",5,0.2,0.2,0.999961253248795,3.4,-6.4,-6.40360762309843,0.0036076230984321,0,FLOAT
"mixed_(5,0.2,0.2)",5,0.2,0.2,0.999966161448466,3.4,-6.4,-6.40315056826264,0.00315056826264026,0,FLOAT
"mixed_(5,0.2,0.2)",5,0.2,0.2,0.999970447907648,3.4,-6.4,-6.40275142535875,0.00275142535874906,0,FLOAT
"mixed_(5,0.2,0.2)",5,0.2,0.2,0.999974191384596,3.4,-6.4,-6.40240285488957,0.00240285488957248,0,FLOAT
"mixed_(5,0.2,0.2)",5,0.2,0.2,0.999977460660953,3.4,-6.4,-6.40209844792784,0.00209844792784253,0,FLOAT
"mixed_(5,0.2,0.2)",5,0.2,0.2,0.999980315805527,3.4,-6.4,-6.40183260803603,0.00183260803603247,0,FLOAT
"mixed_(5,0.2,0.2)",5,0.2,0.2,0.999982809277981,3.4,-6.4,-6.40160044819186,0.00160044819185678,0,FLOAT
"mixed_(5,0.2,0.2)",5,0.2,0.2,0.999984986892711,3.4,-6.4,-6.40139770080674,0.0013977008067414,0,FLOAT
"mixed_(5,0.2,0.2)",5,0.2,0.2,0.999986888660626,3.4,-6.4,-6.40122063917057,0.00122063917057424,0,FLOAT
"mixed_(5,0.2,0.2)",5,0.2,0.2,0.999988549524301,3.4,-6.4,-6.40106600886855,0.0010660088685448,0,FLOAT
"mixed_(5,0.2,0.2)",5,0.2,0.2,0.99999,3.4,-6.4,-6.40093096790179,0.000930967901792812,0,FLOAT
"mixed_(5,0.2,0.2)",5,0.2,0.2,0.999991266738376,3.4,-6.4,-6.40081303440548,0.000813034405478419,0,FLOAT
"mixed_(5,0.2,0.2)",5,0.2,0.2,0.999992373014141,3.4,-6.4,-6.40071004099906,0.00071004099906169,0,FLOAT
"mixed_(5,0.2,0.2)",5,0.2,0.2,0.999993339153709,3.4,-6.4,-6.40062009492642,0.00062009492641657,0,FLOAT
"mixed_(5,0.2,0.2)",5,0.2,0.2,0.999994182908671,3.4,-6.4,-6.40054154325042,0.000541543250424326,0,FLOAT
"mixed_(5,0.2,0.2)",5,0.2,0.2,0.999994919781953,3.4,-6.4,-6.40047294246092,0.000472942460918446,0,FLOAT
"mixed_(5,0.2,0.2)",5,0.2,0.2,0.999995563312669,3.4,-6.4,-6.40041303193551,0.000413031935512009,0,FLOAT
"mixed_(5,0.2,0.2)",5,0.2,0.2,0.99999612532488,3.4,-6.4,-6.40036071076467,0.00036071076466726,0,FLOAT
"mixed_(5,0.2,0.2)",5,0.2,0.2,0.999996616144847,3.4,-6.4,-6.40031501751442,0.000315017514415317,0,FLOAT
"mixed_(5,0.2,0.2)",5,0.2,0.2,0.999997044790765,3.4,-6.4,-6.40027511255385,0.000275112553847379,0,FLOAT
"mixed_(5,0.2,0.2)",5,0.2,0.2,0.99999741913846,3.4,-6.4,-6.40024026262241,0.000240262622405396,0,FLOAT
"mixed_(5,0.2,0.2)",5,0.2,0.2,0.999997746066095,3.4,-6.4,-6.40020982735296,0.00020982735295938,0,FLOAT
"mixed_(5,0.2,0.2)",5,0.2,0.2,0.999998031580553,3.4,-6.4,-6.40018324750259,0.000183247502590689,0,FLOAT
"mixed_(5,0.2,0.2)",5,0.2,0.2,0.999998280927798,3.4,-6.4,-6.40016003467473,0.000160034674729914,0,FLOAT
"mixed_(5,0.2,0.2)",5,0.2,0.2,0.999998498689271,3.4,-6.4,-6.40013976234366,0.000139762343657424,0,FLOAT
"mixed_(5,0.2,0.2)",5,0.2,0.2,0.999998688866063,3.4,-6.4,-6.40012205801613,0.000122058016131632,0,FLOAT
"mixed_(5,0.2,0.2)",5,0.2,0.2,0.99999885495243,3.4,-6.4,-6.40010659638629,0.000106596386284963,0,FLOAT
"mixed_(5,0.2,0.2)",5,0.2,0.2,0.999999,3.4,-6.4,-6.40009309335765,9.30933576448467e-05,0,FLOAT
"mixed_(5,0.2,0.2)",5,0.2,0.2,0.999999126673838,3.4,-6.4,-6.4000813008226,8.1300822595054e-05,0,FLOAT
"mixed_(5,0.2,0.2)",5,0.2,0.2,0.999999237301414,3.4,-6.4,-6.40007100210322,7.10021032173103e-05,0,FLOAT
"mixed_(5,0.2,0.2)",5,0.2,0.2,0.999999333915371,3.4,-6.4,-6.40006200796978,6.20079697792875e-05,0,FLOAT
"mixed_(5,0.2,0.2)",5,0.2,0.2,0.999999418290867,3.4,-6.4,-6.40005415316357,5.41531635711578e-05,0,FLOAT
"mixed_(5,0.2,0.2)",5,0.2,0.2,0.999999491978195,3.4,-6.4,-6.40004729336024,4.72933602431169e-05,0,FLOAT
"mixed_(5,0.2,0.2)",5,0.2,0.2,0.999999556331267,3.4,-6.4,-6.40004130251792,4.13025179213378e-05,0,FLOAT
"mixed_(5,0.2,0.2)",5,0.2,0.2,0.999999612532488,3.4,-6.4,-6.40003607056116,3.60705611637258e-05,0,FLOAT
"mixed_(5,0.2,0.2)",5,0.2,0.2,0.999999661614485,3.4,-6.4,-6.40003150135844,3.15013584355484e-05,0,FLOAT
"mixed_(5,0.2,0.2)",5,0.2,0.2,0.999999704479076,3.4,-6.4,-6.40002751095564,2.75109556380215e-05,0,FLOAT
"mixed_(5,0.2,0.2)",5,0.2,0.2,0.999999741913846,3.4,-6.4,-6.40002402603363,2.40260336248355e-05,0,FLOAT
"mixed_(5,0.2,0.2)",5,0.2,0.2,0.999999774606609,3.4,-6.4,-6.40002098256093,2.09825609278624e-05,0,FLOAT
"mixed_(5,0.2,0.2)",5,0.2,0.2,0.999999803158055,3.4,-6.4,-6.40001832461727,1.83246172724694e-05,0,FLOAT
"mixed_(5,0.2,0.2)",5,0.2,0.2,0.99999982809278,3.4,-6.4,-6.40001600336605,1.60033660492331e-05,0,FLOAT
"mixed_(5,0.2,0.2)",5,0.2,0.2,0.999999849868927,3.4,-6.4,-6.40001397615701,1.39761570103758e-05,0,FLOAT
"mixed_(5,0.2,0.2)",5,0.2,0.2,0.999999868886606,3.4,-6.4,-6.40001220574261,1.22057426068523e-05,0,FLOAT
"mixed_(5,0.2,0.2)",5,0.2,0.2,0.999999885495243,3.4,-6.4,-6.40001065959363,1.06595936308906e-05,0,FLOAT
"mixed_(5,0.2,0.2)",5,0.2,0.2,0.9999999,3.4,-6.4,-6.40000930930145,9.30930144527053e-06,0,FLOAT
"mixed_(5,0.2,0.2)",5,0.2,0.2,0.999999912667384,3.4,-6.4,-6.40000813005609,8.13005608790718e-06,0,FLOAT
"mixed_(5,0.2,0.2)",5,0.2,0.2,0.999999923730141,3.4,-6.4,-6.40000710019036,7.1001903592105e-06,0,FLOAT
"mixed_(5,0.2,0.2)",5,0.2,0.2,0.999999933391537,3.4,-6.4,-6.40000620078175,6.20078175295191e-06,0,FLOAT
"mixed_(5,0.2,0.2)",5,0.2,0.2,0.999999941829087,3.4,-6.4,-6.40000541530475,5.41530474684748e-06,0,FLOAT
"mixed_(5,0.2,0.2)",5,0.2,0.2,0.99999994919782,3.4,-6.4,-6.40000472932716,4.72932716455432e-06,0,FLOAT
"mixed_(5,0.2,0.2)",5,0.2,0.2,0.999999955633127,3.4,-6.4,-6.40000413024503,4.130245033096e-06,0,FLOAT
"mixed_(5,0.2,0.2)",5,0.2,0.2,0.999999961253249,3.4,-6.4,-6.40000360705097,3.60705096724701e-06,0,FLOAT
"mixed_(5,0.2,0.2)",5,0.2,0.2,0.999999966161448,3.4,-6.4,-6.40000315013192,3.15013192064839e-06,0,FLOAT
"mixed_(5,0.2,0.2)",5,0.2,0.2,0.999999970447908,3.4,-6.4,-6.40000275109256,2.75109256264727e-06,0,FLOAT
"mixed_(5,0.2,0.2)",5,0.2,0.2,0.999999974191385,3.4,-6.4,-6.40000240260107,2.40260107453594e-06,0,FLOAT
"mixed_(5,0.2,0.2)",5,0.2,0.2,0.999999977460661,3.4,-6.4,-6.40000209825435,2.09825434893673e-06,0,FLOAT
"mixed_(5,0.2,0.2)",5,0.2,0.2,0.999999980315806,3.4,-6.4,-6.4000018324604,1.83246039675566e-06,0,FLOAT
"mixed_(5,0.2,0.2)",5,0.2,0.2,0.999999982809278,3.4,-6.4,-6.40000160033559,1.600335593821e-06,0,FLOAT
"mixed_(5,0.2,0.2)",5,0.2,0.2,0.999999984986893,3.4,-6.4,-6.40000139761494,1.39761493933577e-06,0,FLOAT
"mixed_(5,0.2,0.2)",5,0.2,0.2,0.999999986888661,3.4,-6.4,-6.40000122057367,1.22057367057948e-06,0,FLOAT
"mixed_(5,0.2,0.2)",5,0.2,0.2,0.999999988549524,3.4,-6.4,-6.40000106595891,1.06595890692063e-06,0,FLOAT
"mixed_(5,0.2,0.2)",5,0.2,0.2,0.99999999,3.4,-6.4,-6.40000093092981,9.30929809683789e-07,0,FLOAT
"weak_pair_loops_(1.01,0.99,1.005)",1.01,0.99,1.005,0.666666676666667,1.005,-8.00983740224193,-1.67583895990892e+23,1.67583895990892e+23,0.00141421356237308,FLOAT
"weak_pair_loops_(1.01,0.99,1.005)",1.01,0.99,1.005,0.66666667726311,1.005,-8.00983740224193,-1.40848390090339e+23,1.40848390090339e+23,0.00141421356237308,FLOAT
"weak_pair_loops_(1.01,0.99,1.005)",1.01,0.99,1.005,0.666666677895128,1.005,-8.00983740224193,-1.1837813965965e+23,1.1837813965965e+23,0.00141421356237308,FLOAT
"weak_pair_loops_(1.01,0.99,1.005)",1.01,0.99,1.005,0.666666678564843,1.005,-8.00983740224193,-9.94926783778482e+22,9.94926783778482e+22,0.00141421356237308,FLOAT
"weak_pair_loops_(1.01,0.99,1.005)",1.01,0.99,1.005,0.666666679274502,1.005,-8.00983740224193,-8.36201123230689e+22,8.36201123230689e+22,0.00141421356237308,FLOAT
"weak_pair_loops_(1.01,0.99,1.005)",1.01,0.99,1.005,0.666666680026488,1.005,-8.00983740224193,-7.02797710258084e+22,7.02797710258084e+22,0.00141421356237308,FLOAT
"weak_pair_loops_(1.01,0.99,1.005)",1.01,0.99,1.005,0.666666680823326,1.005,-8.00983740224193,-5.90676856955992e+22,5.90676856955992e+22,0.00141421356237308,FLOAT
"weak_pair_loops_(1.01,0.99,1.005)",1.01,0.99,1.005,0.666666681667691,1.005,-8.00983740224193,-4.96443213617998e+22,4.96443213617998e+22,0.00141421356237308,FLOAT
"weak_pair_loops_(1.01,0.99,1.005)",1.01,0.99,1.005,0.666666682562417,1.005,-8.00983740224193,-4.1724311938125e+22,4.1724311938125e+22,0.00141421356237308,FLOAT
"weak_pair_loops_(1.01,0.99,1.005)",1.01,0.99,1.005,0.666666683510509,1.005,-8.00983740224193,-3.50678217599806e+22,3.50678217599806e+22,0.00141421356237308,FLOAT
"weak_pair_loops_(1.01,0.99,1.005)",1.01,0.99,1.005,0.666666684515149,1.005,-8.00983740224193,-2.94732753303892e+22,2.94732753303892e+22,0.00141421356237308,FLOAT
"weak_pair_loops_(1.01,0.99,1.005)",1.01,0.99,1.005,0.66666668557971,1.005,-8.00983740224193,-2.47712548644486e+22,2.47712548644486e+22,0.00141421356237308,FLOAT
"weak_pair_loops_(1.01,0.99,1.005)",1.01,0.99,1.005,0.666666686707767,1.005,-8.00983740224193,-2.08193723413475e+22,2.08193723413475e+22,0.00141421356237308,FLOAT
"weak_pair_loops_(1.01,0.99,1.005)",1.01,0.99,1.005,0.666666687903105,1.005,-8.00983740224193,-1.74979527890824e+22,1.74979527890824e+22,0.00141421356237308,FLOAT
"weak_pair_loops_(1.01,0.99,1.005)",1.01,0.99,1.005,0.666666689169739,1.005,-8.00983740224193,-1.47064162222168e+22,1.47064162222168e+22,0.00141421356237308,FLOAT
"weak_pair_loops_(1.01,0.99,1.005)",1.01,0.99,1.005,0.66666669051192,1.005,-8.00983740224193,-1.23602275543195e+22,1.23602275543195e+22,0.00141421356237308,FLOAT
"weak_pair_loops_(1.01,0.99,1.005)",1.01,0.99,1.005,0.666666691934155,1.005,-8.00983740224193,-1.03883382605556e+22,1.03883382605556e+22,0.00141421356237308,FLOAT
"weak_pair_loops_(1.01,0.99,1.005)",1.01,0.99,1.005,0.666666693441218,1.005,-8.00983740224193,-8.73103430193389e+21,8.73103430193389e+21,0.00141421356237308,FLOAT
"weak_pair_loops_(1.01,0.99,1.005)",1.01,0.99,1.005,0.666666695038169,1.005,-8.00983740224193,-7.33812836991491e+21,7.33812836991491e+21,0.00141421356237308,FLOAT
"weak_pair_loops_(1.01,0.99,1.005)",1.01,0.99,1.005,0.666666696730369,1.005,-8.00983740224193,-6.16743982443069e+21,6.16743982443069e+21,0.00141421356237308,FLOAT
"weak_pair_loops_(1.01,0.99,1.005)",1.01,0.99,1.005,0.666666698523499,1.005,-8.00983740224193,-5.18351711785901e+21,5.18351711785901e+21,0.00141421356237308,FLOAT
"weak_pair_loops_(1.01,0.99,1.005)",1.01,0.99,1.005,0.666666700423579,1.005,-8.00983740224193,-4.35656449843736e+21,4.35656449843736e+21,0.00141421356237308,FLOAT
"weak_pair_loops_(1.01,0.99,1.005)",1.01,0.99,1.005,0.666666702436989,1.005,-8.00983740224193,-3.66153977783871e+21,3.66153977783871e+21,0.00141421356237308,FLOAT
"weak_pair_loops_(1.01,0.99,1.005)",1.01,0.99,1.005,0.666666704570486,1.005,-8.00983740224193,-3.07739593133093e+21,3.07739593133093e+21,0.00141421356237308,FLOAT
"weak_pair_loops_(1.01,0.99,1.005)",1.01,0.99,1.005,0.666666706831235,1.005,-8.00983740224193,-2.58644344791051e+21,2.58644344791051e+21,0.00141421356237308,FLOAT
"weak_pair_loops_(1.01,0.99,1.005)",1.01,0.99,1.005,0.666666709226825,1.005,-8.00983740224193,-2.17381509141027e+21,2.17381509141027e+21,0.00141421356237308,FLOAT
"weak_pair_loops_(1.01,0.99,1.005)",1.01,0.99,1.005,0.666666711765299,1.005,-8.00983740224193,-1.82701542759712e+21,1.82701542759712e+21,0.00141421356237308,FLOAT
"weak_pair_loops_(1.01,0.99,1.005)",1.01,0.99,1.005,0.666666714455177,1.005,-8.00983740224193,-1.53554246813106e+21,1.53554246813106e+21,0.00141421356237308,FLOAT
"weak_pair_loops_(1.01,0.99,1.005)",1.01,0.99,1.005,0.666666717305492,1.005,-8.00983740224193,-1.29056964542724e+21,1.29056964542724e+21,0.00141421356237308,FLOAT
"weak_pair_loops_(1.01,0.99,1.005)",1.01,0.99,1.005,0.666666720325813,1.005,-8.00983740224193,-1.08467856483307e+21,1.08467856483307e+21,0.00141421356237308,FLOAT
"weak_pair_loops_(1.01,0.99,1.005)",1.01,0.99,1.005,0.666666723526278,1.005,-8.00983740224193,-9.1163433827364e+20,9.1163433827364e+20,0.00141421356237308,FLOAT
"weak_pair_loops_(1.01,0.99,1.005)",1.01,0.99,1.005,0.666666726917633,1.005,-8.00983740224193,-7.66196718705311e+20,7.66196718705311e+20,0.00141421356237308,FLOAT
"weak_pair_loops_(1.01,0.99,1.005)",1.01,0.99,1.005,0.666666730511263,1.005,-8.00983740224193,-6.43961505106709e+20,6.43961505106709e+20,0.00141421356237308,FLOAT
"weak_pair_loops_(1.01,0.99,1.005)",1.01,0.99,1.005,0.666666734319233,1.005,-8.00983740224193,-5.41227083912803e+20,5.41227083912803e+20,0.00141421356237308,FLOAT
"weak_pair_loops_(1.01,0.99,1.005)",1.01,0.99,1.005,0.666666738354327,1.005,-8.00983740224193,-4.54882405925118e+20,4.54882405925118e+20,0.00141421356237308,FLOAT
"weak_pair_loops_(1.01,0.99,1.005)",1.01,0.99,1.005,0.666666742630091,1.005,-8.00983740224193,-3.82312724739731e+20,3.82312724739731e+20,0.00141421356237308,FLOAT
"weak_pair_loops_(1.01,0.99,1.005)",1.01,0.99,1.005,0.66666674716088,1.005,-8.00983740224193,-3.21320452413182e+20,3.21320452413182e+20,0.00141421356237308,FLOAT
"weak_pair_loops_(1.01,0.99,1.005)",1.01,0.99,1.005,0.666666751961906,1.005,-8.00983740224193,-2.70058583333979e+20,2.70058583333979e+20,0.00141421356237308,FLOAT
"weak_pair_loops_(1.01,0.99,1.005)",1.01,0.99,1.005,0.666666757049286,1.005,-8.00983740224193,-2.26974780155149e+20,2.26974780155149e+20,0.00141421356237308,FLOAT
"weak_pair_loops_(1.01,0.99,1.005)",1.01,0.99,1.005,0.666666762440099,1.005,-8.00983740224193,-1.90764353266253e+20,1.90764353266253e+20,0.00141421356237308,FLOAT
"weak_pair_loops_(1.01,0.99,1.005)",1.01,0.99,1.005,0.666666768152444,1.005,-8.00983740224193,-1.60330755612899e+20,1.60330755612899e+20,0.00141421356237308,FLOAT
"weak_pair_loops_(1.01,0.99,1.005)",1.01,0.99,1.005,0.666666774205498,1.005,-8.00983740224193,-1.34752384684876e+20,1.34752384684876e+20,0.00141421356237308,FLOAT
"weak_pair_loops_(1.01,0.99,1.005)",1.01,0.99,1.005,0.666666780619582,1.005,-8.00983740224193,-1.13254659117081e+20,1.13254659117081e+20,0.00141421356237308,FLOAT
"weak_pair_loops_(1.01,0.99,1.005)",1.01,0.99,1.005,0.66666678741623,1.005,-8.00983740224193,-9.51865744736309e+19,9.51865744736309e+19,0.00141421356237308,FLOAT
"weak_pair_loops_(1.01,0.99,1.005)",1.01,0.99,1.005,0.66666679461826,1.005,-8.00983740224193,-8.00009818314262e+19,8.00009818314262e+19,0.00141421356237308,FLOAT
"weak_pair_loops_(1.01,0.99,1.005)",1.01,0.99,1.005,0.666666802249851,1.005,-8.00983740224193,-6.72380232157454e+19,6.72380232157454e+19,0.00141421356237308,FLOAT
"weak_pair_loops_(1.01,0.99,1.005)",1.01,0.99,1.005,0.666666810336623,1.005,-8.00983740224193,-5.65112037265936e+19,5.65112037265936e+19,0.00141421356237308,FLOAT
"weak_pair_loops_(1.01,0.99,1.005)",1.01,0.99,1.005,0.666666818905725,1.005,-8.00983740224193,-4.74956876598252e+19,4.74956876598252e+19,0.00141421356237308,FLOAT
"weak_pair_loops_(1.01,0.99,1.005)",1.01,0.99,1.005,0.666666827985925,1.005,-8.00983740224193,-3.99184621426282e+19,3.99184621426282e+19,0.00141421356237308,FLOAT
"weak_pair_loops_(1.01,0.99,1.005)",1.01,0.99,1.005,0.666666837607709,1.005,-8.00983740224193,-3.35500695891346e+19,3.35500695891346e+19,0.00141421356237308,FLOAT
"weak_pair_loops_(1.01,0.99,1.005)",1.01,0.99,1.005,0.666666847803377,1.005,-8.00983740224193,-2.81976586143474e+19,2.81976586143474e+19,0.00141421356237308,FLOAT
"weak_pair_loops_(1.01,0.99,1.005)",1.01,0.99,1.005,0.66666685860716,1.005,-8.00983740224193,-2.36991446468201e+19,2.36991446468201e+19,0.00141421356237308,FLOAT
"weak_pair_loops_(1.01,0.99,1.005)",1.01,0.99,1.005,0.666666870055327,1.005,-8.00983740224193,-1.99183012915922e+19,1.99183012915922e+19,0.00141421356237308,FLOAT
"weak_pair_loops_(1.01,0.99,1.005)",1.01,0.99,1.005,0.666666882186313,1.005,-8.00983740224193,-1.67406348447871e+19,1.67406348447871e+19,0.00141421356237308,FLOAT
"weak_pair_loops_(1.01,0.99,1.005)",1.01,0.99,1.005,0.666666895040844,1.005,-8.00983740224193,-1.40699174527284e+19,1.40699174527284e+19,0.00141421356237308,FLOAT
"weak_pair_loops_(1.01,0.99,1.005)",1.01,0.99,1.005,0.666666908662074,1.005,-8.00983740224193,-1.18252730389243e+19,1.18252730389243e+19,0.00141421356237308,FLOAT
"weak_pair_loops_(1.01,0.99,1.005)",1.01,0.99,1.005,0.666666923095735,1.005,-8.00983740224193,-9.93872801124627e+18,9.93872801124627e+18,0.00141421356237308,FLOAT
"weak_pair_loops_(1.01,0.99,1.005)",1.01,0.99,1.005,0.666666938390282,1.005,-8.00983740224193,-8.35315298333425e+18,8.35315298333425e+18,0.00141421356237308,FLOAT
"weak_pair_loops_(1.01,0.99,1.005)",1.01,0.99,1.005,0.666666954597062,1.005,-8.00983740224193,-7.02053267933218e+18,7.02053267933218e+18,0.00141421356237308,FLOAT
"weak_pair_loops_(1.01,0.99,1.005)",1.01,0.99,1.005,0.666666971770485,1.005,-8.00983740224193,-5.90051199738083e+18,5.90051199738083e+18,0.00141421356237308,FLOAT
"weak_pair_loops_(1.01,0.99,1.005)",1.01,0.99,1.005,0.666666989968206,1.005,-8.00983740224193,-4.95917381497337e+18,4.95917381497337e+18,0.00141421356237308,FLOAT
"weak_pair_loops_(1.01,0.99,1.005)",1.01,0.99,1.005,0.666667009251318,1.005,-8.00983740224193,-4.16801203518232e+18,4.16801203518232e+18,0.00141421356237308,FLOAT
"weak_pair_loops_(1.01,0.99,1.005)",1.01,0.99,1.005,0.666667029684559,1.005,-8.00983740224193,-3.50306826185497e+18,3.50306826185497e+18,0.00141421356237308,FLOAT
"weak_pair_loops_(1.01,0.99,1.005)",1.01,0.99,1.005,0.666667051336528,1.005,-8.00983740224193,-2.94420629519717e+18,2.94420629519717e+18,0.00141421356237308,FLOAT
"weak_pair_loops_(1.01,0.99,1.005)",1.01,0.99,1.005,0.666667074279914,1.005,-8.00983740224193,-2.47450238052281e+18,2.47450238052281e+18,0.00141421356237308,FLOAT
"weak_pair_loops_(1.01,0.99,1.005)",1.01,0.99,1.005,0.666667098591744,1.005,-8.00983740224193,-2.07973267916484e+18,2.07973267916484e+18,0.00141421356237308,FLOAT
"weak_pair_loops_(1.01,0.99,1.005)",1.01,0.99,1.005,0.666667124353638,1.005,-8.00983740224193,-1.74794256384266e+18,1.74794256384266e+18,0.00141421356237308,FLOAT
"weak_pair_loops_(1.01,0.99,1.005)",1.01,0.99,1.005,0.666667151652083,1.005,-8.00983740224193,-1.46908458518541e+18,1.46908458518541e+18,0.00141421356237308,FLOAT
"weak_pair_loops_(1.01,0.99,1.005)",1.01,0.99,1.005,0.666667180578726,1.005,-8.00983740224193,-1.23471421322292e+18,1.23471421322292e+18,0.00141421356237308,FLOAT
"weak_pair_loops_(1.01,0.99,1.005)",1.01,0.99,1.005,0.66666721123068,1.005,-8.00983740224193,-1.03773411721019e+18,1.03773411721019e+18,0.00141421356237308,FLOAT
"weak_pair_loops_(1.01,0.99,1.005)",1.01,0.99,1.005,0.66666724371085,1.005,-8.00983740224193,-8.72179239811659e+17,8.72179239811659e+17,0.00141421356237308,FLOAT
"weak_pair_loops_(1.01,0.99,1.005)",1.01,0.99,1.005,0.666667278128279,1.005,-8.00983740224193,-7.33036157240455e+17,7.33036157240455e+17,0.00141421356237308,FLOAT
"weak_pair_loops_(1.01,0.99,1.005)",1.01,0.99,1.005,0.666667314598514,1.005,-8.00983740224193,-6.16091265581023e+17,6.16091265581023e+17,0.00141421356237308,FLOAT
"weak_pair_loops_(1.01,0.99,1.005)",1.01,0.99,1.005,0.666667353243992,1.005,-8.00983740224193,-5.17803174844984e+17,5.17803174844984e+17,0.00141421356237308,FLOAT
"weak_pair_loops_(1.01,0.99,1.005)",1.01,0.99,1.005,0.666667394194455,1.005,-8.00983740224193,-4.35195472641712e+17,4.35195472641712e+17,0.00141421356237308,FLOAT
"weak_pair_loops_(1.01,0.99,1.005)",1.01,0.99,1.005,0.666667437587381,1.005,-8.00983740224193,-3.65766588528084e+17,3.65766588528084e+17,0.00141421356237308,FLOAT
"weak_pair_loops_(1.01,0.99,1.005)",1.01,0.99,1.005,0.666667483568452,1.005,-8.00983740224193,-3.07414039573192e+17,3.07414039573192e+17,0.00141421356237308,FLOAT
"weak_pair_loops_(1.01,0.99,1.005)",1.01,0.99,1.005,0.666667532292033,1.005,-8.00983740224193,-2.58370762469239e+17,2.58370762469239e+17,0.00141421356237308,FLOAT
"weak_pair_loops_(1.01,0.99,1.005)",1.01,0.99,1.005,0.666667583921701,1.005,-8.00983740224193,-2.17151602844161e+17,2.17151602844161e+17,0.00141421356237308,FLOAT
"weak_pair_loops_(1.01,0.99,1.005)",1.01,0.99,1.005,0.666667638630787,1.005,-8.00983740224193,-1.8250834021141e+17,1.8250834021141e+17,0.00141421356237308,FLOAT
"weak_pair_loops_(1.01,0.99,1.005)",1.01,0.99,1.005,0.666667696602962,1.005,-8.00983740224193,-1.53391888979859e+17,1.53391888979859e+17,0.00141421356237308,FLOAT
"weak_pair_loops_(1.01,0.99,1.005)",1.01,0.99,1.005,0.66666775803285,1.005,-8.00983740224193,-1.28920529305205e+17,1.28920529305205e+17,0.00141421356237308,FLOAT
"weak_pair_loops_(1.01,0.99,1.005)",1.01,0.99,1.005,0.666667823126684,1.005,-8.00983740224193,-1.08353206608405e+17,1.08353206608405e+17,0.00141421356237308,FLOAT
"weak_pair_loops_(1.01,0.99,1.005)",1.01,0.99,1.005,0.666667892102997,1.005,-8.00983740224193,-9.10670905053677e+16,9.10670905053677e+16,0.00141421356237308,FLOAT
"weak_pair_loops_(1.01,0.99,1.005)",1.01,0.99,1.005,0.666667965193359,1.005,-8.00983740224193,-7.65387137479135e+16,7.65387137479135e+16,0.00141421356237308,FLOAT
"weak_pair_loops_(1.01,0.99,1.005)",1.01,0.99,1.005,0.666668042643148,1.005,-8.00983740224193,-6.43281205286688e+16,6.43281205286688e+16,0.00141421356237308,FLOAT
"weak_pair_loops_(1.01,0.99,1.005)",1.01,0.99,1.005,0.66666812471238,1.005,-8.00983740224193,-5.4065543290878e+16,5.4065543290878e+16,0.00141421356237308,FLOAT
"weak_pair_loops_(1.01,0.99,1.005)",1.01,0.99,1.005,0.666668211676578,1.005,-8.00983740224193,-4.54402054147138e+16,4.54402054147138e+16,0.00141421356237308,FLOAT
"weak_pair_loops_(1.01,0.99,1.005)",1.01,0.99,1.005,0.666668303827701,1.005,-8.00983740224193,-3.81909099820603e+16,3.81909099820603e+16,0.00141421356237308,FLOAT
"weak_pair_loops_(1.01,0.99,1.005)",1.01,0.99,1.005,0.666668401475117,1.005,-8.00983740224193,-3.20981301489299e+16,3.20981301489299e+16,0.00141421356237308,FLOAT
"weak_pair_loops_(1.01,0.99,1.005)",1.01,0.99,1.005,0.666668504946651,1.005,-8.00983740224193,-2.69773612605556e+16,2.69773612605556e+16,0.00141421356237308,FLOAT
"weak_pair_loops_(1.01,0.99,1.005)",1.01,0.99,1.005,0.666668614589678,1.005,-8.00983740224193,-2.26735336124764e+16,2.26735336124764e+16,0.00141421356237308,FLOAT
"weak_pair_loops_(1.01,0.99,1.005)",1.01,0.99,1.005,0.666668730772293,1.005,-8.00983740224193,-1.90563165431372e+16,1.90563165431372e+16,0.00141421356237308,FLOAT
"weak_pair_loops_(1.01,0.99,1.005)",1.01,0.99,1.005,0.666668853884545,1.005,-8.00983740224193,-1.6016171687373e+16,1.6016171687373e+16,0.00141421356237308,FLOAT
"weak_pair_loops_(1.01,0.99,1.005)",1.01,0.99,1.005,0.666668984339748,1.005,-8.00983740224193,-1.34610358721587e+16,1.34610358721586e+16,0.00141421356237308,FLOAT
"weak_pair_loops_(1.01,0.99,1.005)",1.01,0.99,1.005,0.666669122575868,1.005,-8.00983740224193,-1.13135332321346e+16,1.13135332321346e+16,0.00141421356237308,FLOAT
"weak_pair_loops_(1.01,0.99,1.005)",1.01,0.99,1.005,0.666669269056992,1.005,-8.00983740224193,-9.50863204498637e+15,9.50863204498636e+15,0.00141421356237308,FLOAT
"weak_pair_loops_(1.01,0.99,1.005)",1.01,0.99,1.005,0.666669424274889,1.005,-8.00983740224193,-7.99167542860894e+15,7.99167542860893e+15,0.00141421356237308,FLOAT
"weak_pair_loops_(1.01,0.99,1.005)",1.01,0.99,1.005,0.666669588750657,1.005,-8.00983740224193,-6.71672617695618e+15,6.71672617695617e+15,0.00141421356237308,FLOAT
"weak_pair_loops_(1.01,0.99,1.005)",1.01,0.99,1.005,0.666669763036477,1.005,-8.00983740224193,-5.64517567692754e+15,5.64517567692753e+15,0.00141421356237308,FLOAT
"weak_pair_loops_(1.01,0.99,1.005)",1.01,0.99,1.005,0.666669947717462,1.005,-8.00983740224193,-4.74457473644981e+15,4.7445747364498e+15,0.00141421356237308,FLOAT
"weak_pair_loops_(1.01,0.99,1.005)",1.01,0.99,1.005,0.666670143413626,1.005,-8.00983740224193,-3.98765094106079e+15,3.98765094106078e+15,0.00141421356237308,FLOAT
"weak_pair_loops_(1.01,0.99,1.005)",1.01,0.99,1.005,0.666670350781961,1.005,-8.00983740224193,-3.3514827818368e+15,3.35148278183679e+15,0.00141421356237308,FLOAT
"weak_pair_loops_(1.01,0.99,1.005)",1.01,0.99,1.005,0.666670570518648,1.005,-8.00983740224193,-2.8168055286116e+15,2.81680552861159e+15,0.00141421356237308,FLOAT
"weak_pair_loops_(1.01,0.99,1.005)",1.01,0.99,1.005,0.666670803361388,1.005,-8.00983740224193,-2.367427847923e+15,2.36742784792299e+15,0.00141421356237308,FLOAT
"weak_pair_loops_(1.01,0.99,1.005)",1.01,0.99,1.005,0.666671050091883,1.005,-8.00983740224193,-1.98974148923308e+15,1.98974148923307e+15,0.00141421356237308,FLOAT
"weak_pair_loops_(1.01,0.99,1.005)",1.01,0.99,1.005,0.66667131153846,1.005,-8.00983740224193,-1.67230919270723e+15,1.67230919270722e+15,0.00141421356237308,FLOAT
"weak_pair_loops_(1.01,0.99,1.005)",1.01,0.99,1.005,0.666671588578849,1.005,-8.00983740224193,-1.4055183400021e+15,1.40551834000209e+15,0.00141421356237308,FLOAT
"weak_pair_loops_(1.01,0.99,1.005)",1.01,0.99,1.005,0.666671882143135,1.005,-8.00983740224193,-1.18128986058817e+15,1.18128986058816e+15,0.00141421356237308,FLOAT
"weak_pair_loops_(1.01,0.99,1.005)",1.01,0.99,1.005,0.666672193216873,1.005,-8.00983740224193,-992833577353833,992833577353825,0.00141421356237308,FLOAT
"weak_pair_loops_(1.01,0.99,1.005)",1.01,0.99,1.005,0.666672522844405,1.005,-8.00983740224193,-834442582757361,834442582757353,0.00141421356237308,FLOAT
"weak_pair_loops_(1.01,0.99,1.005)",1.01,0.99,1.005,0.666672872132358,1.005,-8.00983740224193,-701320419782344,701320419782336,0.00141421356237308,FLOAT
"weak_pair_loops_(1.01,0.99,1.005)",1.01,0.99,1.005,0.666673242253367,1.005,-8.00983740224193,-589435833407124,589435833407116,0.00141421356237308,FLOAT
"weak_pair_loops_(1.01,0.99,1.005)",1.01,0.99,1.005,0.666673634450005,1.005,-8.00983740224193,-495400693943428,495400693943420,0.00141421356237308,FLOAT
"weak_pair_loops_(1.01,0.99,1.005)",1.01,0.99,1.005,0.66667405003896,1.005,-8.00983740224193,-416367396250525,416367396250517,0.00141421356237308,FLOAT
"weak_pair_loops_(1.01,0.99,1.005)",1.01,0.99,1.005,0.66667449041545,1.005,-8.00983740224193,-349942627290466,349942627290458,0.00141421356237308,FLOAT
"weak_pair_loops_(1.01,0.99,1.005)",1.01,0.99,1.005,0.666674957057912,1.005,-8.00983740224193,-294114890562274,294114890562266,0.00141421356237308,FLOAT
"weak_pair_loops_(1.01,0.99,1.005)",1.01,0.99,1.005,0.666675451532965,1.005,-8.00983740224193,-247193593074089,247193593074081,0.00141421356237308,FLOAT
"weak_pair_loops_(1.01,0.99,1.005)",1.01,0.99,1.005,0.666675975500663,1.005,-8.00983740224193,-207757850226687,207757850226679,0.00141421356237308,FLOAT
"weak_pair_loops_(1.01,0.99,1.005)",1.01,0.99,1.005,0.666676530720078,1.005,-8.00983740224193,-174613457717385,174613457717377,0.00141421356237308,FLOAT
"weak_pair_loops_(1.01,0.99,1.005)",1.01,0.99,1.005,0.666677119055197,1.005,-8.00983740224193,-146756728273528,146756728273520,0.00141421356237308,FLOAT
"weak_pair_loops_(1.01,0.99,1.005)",1.01,0.99,1.005,0.666677742481186,1.005,-8.00983740224193,-123344097515782,123344097515774,0.00141421356237308,FLOAT
"weak_pair_loops_(1.01,0.99,1.005)",1.01,0.99,1.005,0.666678403091018,1.005,-8.00983740224193,-103666578799865,103666578799857,0.00141421356237308,FLOAT
"weak_pair_loops_(1.01,0.99,1.005)",1.01,0.99,1.005,0.666679103102497,1.005,-8.00983740224193,-87128293385968.8,87128293385960.8,0.00141421356237308,FLOAT
"weak_pair_loops_(1.01,0.99,1.005)",1.01,0.99,1.005,0.666679844865711,1.005,-8.00983740224193,-73228425802171,73228425802163,0.00141421356237308,FLOAT
"weak_pair_loops_(1.01,0.99,1.005)",1.01,0.99,1.005,0.666680630870915,1.005,-8.00983740224193,-61546057937467,61546057937459,0.00141421356237308,FLOAT
"weak_pair_loops_(1.01,0.99,1.005)",1.01,0.99,1.005,0.666681463756893,1.005,-8.00983740224193,-51727422663479.1,51727422663471.1,0.00141421356237308,FLOAT
"weak_pair_loops_(1.01,0.99,1.005)",1.01,0.99,1.005,0.666682346319819,1.005,-8.00983740224193,-43475190904720.4,43475190904712.3,0.00141421356237308,FLOAT
"weak_pair_loops_(1.01,0.99,1.005)",1.01,0.99,1.005,0.666683281522644,1.005,-8.00983740224193,-36539467818975.1,36539467818967.1,0.00141421356237308,FLOAT
"weak_pair_loops_(1.01,0.99,1.005)",1.01,0.99,1.005,0.666684272505039,1.005,-8.00983740224193,-30710225394961.4,30710225394953.4,0.00141421356237308,FLOAT
"weak_pair_loops_(1.01,0.99,1.005)",1.01,0.99,1.005,0.666685322593942,1.005,-8.00983740224193,-25810942310986.8,25810942310978.8,0.00141421356237308,FLOAT
"weak_pair_loops_(1.01,0.99,1.005)",1.01,0.99,1.005,0.666686435314721,1.005,-8.00983740224193,-21693258460815.9,21693258460807.9,0.00141421356237308,FLOAT
"weak_pair_loops_(1.01,0.99,1.005)",1.01,0.99,1.005,0.666687614403016,1.005,-8.00983740224193,-18232482263319.9,18232482263311.9,0.00141421356237308,FLOAT
"weak_pair_loops_(1.01,0.99,1.005)",1.01,0.99,1.005,0.666688863817274,1.005,-8.00983740224193,-15323814718586.8,15323814718578.8,0.00141421356237308,FLOAT
"weak_pair_loops_(1.01,0.99,1.005)",1.01,0.99,1.005,0.666690187752041,1.005,-8.00983740224193,-12879175852358.4,12879175852350.4,0.00141421356237308,FLOAT
"weak_pair_loops_(1.01,0.99,1.005)",1.01,0.99,1.005,0.666691590652045,1.005,-8.00983740224193,-10824537455655.9,10824537455647.9,0.00141421356237308,FLOAT
"weak_pair_loops_(1.01,0.99,1.005)",1.01,0.99,1.005,0.666693077227118,1.005,-8.00983740224193,-9097681344749.85,9097681344741.84,0.00141421356237308,FLOAT
"weak_pair_loops_(1.01,0.99,1.005)",1.01,0.99,1.005,0.666694652468004,1.005,-8.00983740224193,-7646315255539.26,7646315255531.25,0.00141421356237308,FLOAT
"weak_pair_loops_(1.01,0.99,1.005)",1.01,0.99,1.005,0.66669632166312,1.005,-8.00983740224193,-6426489317837.5,6426489317829.49,0.00141421356237308,FLOAT
"weak_pair_loops_(1.01,0.99,1.005)",1.01,0.99,1.005,0.666698090416304,1.005,-8.00983740224193,-5401265157742.45,5401265157734.44,0.00141421356237308,FLOAT
"weak_pair_loops_(1.01,0.99,1.005)",1.01,0.99,1.005,0.666699964665634,1.005,-8.00983740224193,-4539597323150.25,4539597323142.24,0.00141421356237308,FLOAT
"weak_pair_loops_(1.01,0.99,1.005)",1.01,0.99,1.005,0.66670195070336,1.005,-8.00983740224193,-3815393160984.86,3815393160976.85,0.00141421356237308,FLOAT
"weak_pair_loops_(1.01,0.99,1.005)",1.01,0.99,1.005,0.666704055197027,1.005,-8.00983740224193,-3206722676672.2,3206722676664.19,0.00141421356237308,FLOAT
"weak_pair_loops_(1.01,0.99,1.005)",1.01,0.99,1.005,0.666706285211866,1.005,-8.00983740224193,-2695154447830.53,2695154447822.52,0.00141421356237308,FLOAT
"weak_pair_loops_(1.01,0.99,1.005)",1.01,0.99,1.005,0.666708648234505,1.005,-8.00983740224193,-2265197482532.84,2265197482524.83,0.00141421356237308,FLOAT
"weak_pair_loops_(1.01,0.99,1.005)",1.01,0.99,1.005,0.666711152198109,1.005,-8.00983740224193,-1903832120859.26,1903832120851.25,0.00141421356237308,FLOAT
"weak_pair_loops_(1.01,0.99,1.005)",1.01,0.99,1.005,0.666713805509012,1.005,-8.00983740224193,-1600115773458.17,1600115773450.16,0.00141421356237308,FLOAT
"weak_pair_loops_(1.01,0.99,1.005)",1.01,0.99,1.005,0.666716617074936,1.005,-8.00983740224193,-1344851558198.26,1344851558190.25,0.00141421356237308,FLOAT
"weak_pair_loops_(1.01,0.99,1.005)",1.01,0.99,1.005,0.6667195963349,1.005,-8.00983740224193,-1130309800864.22,1130309800856.21,0.00141421356237308,FLOAT
"weak_pair_loops_(1.01,0.99,1.005)",1.01,0.99,1.005,0.666722753290909,1.005,-8.00983740224193,-949993966018.47,949993966010.46,0.00141421356237308,FLOAT
"weak_pair_loops_(1.01,0.99,1.005)",1.01,0.99,1.005,0.666726098541527,1.005,-8.00983740224193,-798443929734.336,798443929726.326,0.00141421356237308,FLOAT
"weak_pair_loops_(1.01,0.99,1.005)",1.01,0.99,1.005,0.666729643317467,1.005,-8.00983740224193,-671070637122.468,671070637114.458,0.00141421356237308,FLOAT
"weak_pair_loops_(1.01,0.99,1.005)",1.01,0.99,1.005,0.666733399519287,1.005,-8.00983740224193,-564017137653.811,564017137645.801,0.00141421356237308,FLOAT
"weak_pair_loops_(1.01,0.99,1.005)",1.01,0.99,1.005,0.666737379757347,1.005,-8.00983740224193,-474041790010.777,474041790002.767,0.00141421356237308,FLOAT
"weak_pair_loops_(1.01,0.99,1.005)",1.01,0.99,1.005,0.666741597394146,1.005,-8.00983740224193,-398420099753.47,398420099745.46,0.00141421356237308,FLOAT
"weak_pair_loops_(1.01,0.99,1.005)",1.01,0.99,1.005,0.666746066589179,1.005,-8.00983740224193,-334862217198.093,334862217190.083,0.00141421356237308,FLOAT
"weak_pair_loops_(1.01,0.99,1.005)",1.01,0.99,1.005,0.666750802346474,1.005,-8.00983740224193,-281443597184.026,281443597176.016,0.00141421356237308,FLOAT
"weak_pair_loops_(1.01,0.99,1.005)",1.01,0.99,1.005,0.666755820564966,1.005,-8.00983740224193,-236546720936.281,236546720928.272,0.00141421356237308,FLOAT
"weak_pair_loops_(1.01,0.99,1.005)",1.01,0.99,1.005,0.666761138091871,1.005,-8.00983740224193,-198812115252.974,198812115244.965,0.00141421356237308,FLOAT
"weak_pair_loops_(1.01,0.99,1.005)",1.01,0.99,1.005,0.666766772779247,1.005,-8.00983740224193,-167097185782.273,167097185774.263,0.00141421356237308,FLOAT
"weak_pair_loops_(1.01,0.99,1.005)",1.01,0.99,1.005,0.666772743543927,1.005,-8.00983740224193,-140441617767.649,140441617759.639,0.00141421356237308,FLOAT
"weak_pair_loops_(1.01,0.99,1.005)",1.01,0.99,1.005,0.666779070431024,1.005,-8.00983740224193,-118038296527.341,118038296519.332,0.00141421356237308,FLOAT
"weak_pair_loops_(1.01,0.99,1.005)",1.01,0.99,1.005,0.666785774681232,1.005,-8.00983740224193,-99208867088.8077,99208867080.7979,0.00141421356237308,FLOAT
"weak_pair_loops_(1.01,0.99,1.005)",1.01,0.99,1.005,0.666792878802131,1.005,-8.00983740224193,-83383192871.68,83383192863.6702,0.00141421356237308,FLOAT
"weak_pair_loops_(1.01,0.99,1.005)",1.01,0.99,1.005,0.66680040664375,1.005,-8.00983740224193,-70082091388.8975,70082091380.8876,0.00141421356237308,FLOAT
"weak_pair_loops_(1.01,0.99,1.005)",1.01,0.99,1.005,0.666808383478639,1.005,-8.00983740224193,-58902824174.4934,58902824166.4836,0.00141421356237308,FLOAT
"weak_pair_loops_(1.01,0.99,1.005)",1.01,0.99,1.005,0.666816836086713,1.005,-8.00983740224193,-49506901542.7816,49506901534.7718,0.00141421356237308,FLOAT
"weak_pair_loops_(1.01,0.99,1.005)",1.01,0.99,1.005,0.666825792845157,1.005,-8.00983740224193,-41609832889.3768,41609832881.367,0.00141421356237308,FLOAT
"weak_pair_loops_(1.01,0.99,1.005)",1.01,0.99,1.005,0.666835283823696,1.005,-8.00983740224193,-34972512150.8369,34972512142.827,0.00141421356237308,FLOAT
"weak_pair_loops_(1.01,0.99,1.005)",1.01,0.99,1.005,0.666845340885544,1.005,-8.00983740224193,-29393977563.9258,29393977555.916,0.00141421356237308,FLOAT
"weak_pair_loops_(1.01,0.99,1.005)",1.01,0.99,1.005,0.666855997794376,1.005,-8.00983740224193,-24705326477.0784,24705326469.0686,0.00141421356237308,FLOAT
"weak_pair_loops_(1.01,0.99,1.005)",1.01,0.99,1.005,0.666867290327678,1.005,-8.00983740224193,-20764600944.0544,20764600936.0446,0.00141421356237308,FLOAT
"weak_pair_loops_(1.01,0.99,1.005)",1.01,0.99,1.005,0.666879256396864,1.005,-8.00983740224193,-17452489229.0753,17452489221.0655,0.00141421356237308,FLOAT
"weak_pair_loops_(1.01,0.99,1.005)",1.01,0.99,1.005,0.666891936174548,1.005,-8.00983740224193,-14668713058.457,14668713050.4472,0.00141421356237308,FLOAT
"weak_pair_loops_(1.01,0.99,1.005)",1.01,0.99,1.005,0.666905372229415,1.005,-8.00983740224193,-12328991219.1554,12328991211.1455,0.00141421356237308,FLOAT
"weak_pair_loops_(1.01,0.99,1.005)",1.01,0.99,1.005,0.666919609669129,1.005,-8.00983740224193,-10362487558.8118,10362487550.802,0.00141421356237308,FLOAT
"weak_pair_loops_(1.01,0.99,1.005)",1.01,0.99,1.005,0.666934696291775,1.005,-8.00983740224193,-8709666109.05653,8709666101.04669,0.00141421356237308,FLOAT
"weak_pair_loops_(1.01,0.99,1.005)",1.01,0.99,1.005,0.666950682746323,1.005,-8.00983740224193,-7320488382.84666,7320488374.83683,0.00141421356237308,FLOAT
"weak_pair_loops_(1.01,0.99,1.005)",1.01,0.99,1.005,0.666967622702667,1.005,-8.00983740224193,-6152898258.24655,6152898250.23671,0.00141421356237308,FLOAT
"weak_pair_loops_(1.01,0.99,1.005)",1.01,0.99,1.005,0.666985573031808,1.005,-8.00983740224193,-5171548568.99801,5171548560.98817,0.00141421356237308,FLOAT
"weak_pair_loops_(1.01,0.99,1.005)",1.01,0.99,1.005,0.667004593996783,1.005,-8.00983740224193,-4346730842.50093,4346730834.4911,0.00141421356237308,FLOAT
"weak_pair_loops_(1.01,0.99,1.005)",1.01,0.99,1.005,0.667024749454976,1.005,-8.00983740224193,-3653475776.21162,3653475768.20178,0.00141421356237308,FLOAT
"weak_pair_loops_(1.01,0.99,1.005)",1.01,0.99,1.005,0.667046107072505,1.005,-8.00983740224193,-3070797214.75056,3070797206.74072,0.00141421356237308,FLOAT
"weak_pair_loops_(1.01,0.99,1.005)",1.01,0.99,1.005,0.667068738551391,1.005,-8.00983740224193,-2581056734.60109,2581056726.59125,0.00141421356237308,FLOAT
"weak_pair_loops_(1.01,0.99,1.005)",1.01,0.99,1.005,0.667092719870275,1.005,-8.00983740224193,-2169429595.88702,2169429587.87718,0.00141421356237308,FLOAT
"weak_pair_loops_(1.01,0.99,1.005)",1.01,0.99,1.005,0.667118131539495,1.005,-8.00983740224193,-1823455890.00588,1823455881.99604,0.00141421356237308,FLOAT
"weak_pair_loops_(1.01,0.99,1.005)",1.01,0.99,1.005,0.667145058871377,1.005,-8.00983740224193,-1532663291.79758,1532663283.78774,0.00141421356237308,FLOAT
"weak_pair_loops_(1.01,0.99,1.005)",1.01,0.99,1.005,0.667173592266644,1.005,-8.00983740224193,-1288249993.16629,1288249985.15645,0.00141421356237308,FLOAT
"weak_pair_loops_(1.01,0.99,1.005)",1.01,0.99,1.005,0.667203827517915,1.005,-8.00983740224193,-1082818217.38362,1082818209.37379,0.00141421356237308,FLOAT
"weak_pair_loops_(1.01,0.99,1.005)",1.01,0.99,1.005,0.667235866131295,1.005,-8.00983740224193,-910150244.997408,910150236.987571,0.00141421356237308,FLOAT
"weak_pair_loops_(1.01,0.99,1.005)",1.01,0.99,1.005,0.667269815667157,1.005,-8.00983740224193,-765020169.462557,765020161.45272,0.00141421356237308,FLOAT
"weak_pair_loops_(1.01,0.99,1.005)",1.01,0.99,1.005,0.667305790101244,1.005,-8.00983740224193,-643035682.584586,643035674.574748,0.00141421356237308,FLOAT
"weak_pair_loops_(1.01,0.99,1.005)",1.01,0.99,1.005,0.667343910207308,1.005,-8.00983740224193,-540505099.156232,540505091.146395,0.00141421356237308,FLOAT
"weak_pair_loops_(1.01,0.99,1.005)",1.01,0.99,1.005,0.667384303962572,1.005,-8.00983740224193,-454325594.430413,454325586.420576,0.00141421356237308,FLOAT
"weak_pair_loops_(1.01,0.99,1.005)",1.01,0.99,1.005,0.667427106977381,1.005,-8.00983740224193,-381889270.381643,381889262.371806,0.00141421356237308,FLOAT
"weak_pair_loops_(1.01,0.99,1.005)",1.01,0.99,1.005,0.66747246295047,1.005,-8.00983740224193,-321004206.584654,321004198.574817,0.00141421356237308,FLOAT
"weak_pair_loops_(1.01,0.99,1.005)",1.01,0.99,1.005,0.667520524151393,1.005,-8.00983740224193,-269828105.251852,269828097.242014,0.00141421356237308,FLOAT
"weak_pair_loops_(1.01,0.99,1.005)",1.01,0.99,1.005,0.667571451931725,1.005,-8.00983740224193,-226812521.336956,226812513.327119,0.00141421356237308,FLOAT
"weak_pair_loops_(1.01,0.99,1.005)",1.01,0.99,1.005,0.667625417266748,1.005,-8.00983740224193,-190655989.105096,190655981.095258,0.00141421356237308,FLOAT
"weak_pair_loops_(1.01,0.99,1.005)",1.01,0.99,1.005,0.66768260132946,1.005,-8.00983740224193,-160264625.959253,160264617.949415,0.00141421356237308,FLOAT
"weak_pair_loops_(1.01,0.99,1.005)",1.01,0.99,1.005,0.667743196098802,1.005,-8.00983740224193,-134719020.717131,134719012.707294,0.00141421356237308,FLOAT
"weak_pair_loops_(1.01,0.99,1.005)",1.01,0.99,1.005,0.667807405004176,1.005,-8.00983740224193,-113246403.8125,113246395.802662,0.00141421356237308,FLOAT
"weak_pair_loops_(1.01,0.99,1.005)",1.01,0.99,1.005,0.667875443608401,1.005,-8.00983740224193,-95197256.832845,95197248.8230076,0.00141421356237308,FLOAT
"weak_pair_loops_(1.01,0.99,1.005)",1.01,0.99,1.005,0.667947540331402,1.005,-8.00983740224193,-80025653.2157171,80025645.2058797,0.00141421356237308,FLOAT
"weak_pair_loops_(1.01,0.99,1.005)",1.01,0.99,1.005,0.668023937217061,1.005,-8.00983740224193,-67272734.9021736,67272726.8923362,0.00141421356237308,FLOAT
"weak_pair_loops_(1.01,0.99,1.005)",1.01,0.99,1.005,0.668104890745814,1.005,-8.00983740224193,-56552824.6944971,56552816.6846597,0.00141421356237308,FLOAT
"weak_pair_loops_(1.01,0.99,1.005)",1.01,0.99,1.005,0.668190672695706,1.005,-8.00983740224193,-47541753.8692862,47541745.8594488,0.00141421356237308,FLOAT
"weak_pair_loops_(1.01,0.99,1.005)",1.01,0.99,1.005,0.66828157105481,1.005,-8.00983740224193,-39967051.6692299,39967043.6593926,0.00141421356237308,FLOAT
"weak_pair_loops_(1.01,0.99,1.005)",1.01,0.99,1.005,0.668377890988062,1.005,-8.00983740224193,-33599699.6685352,33599691.6586979,0.00141421356237308,FLOAT
"weak_pair_loops_(1.01,0.99,1.005)",1.01,0.99,1.005,0.668479955861763,1.005,-8.00983740224193,-28247201.3870115,28247193.3771741,0.00141421356237308,FLOAT
"weak_pair_loops_(1.01,0.99,1.005)",1.01,0.99,1.005,0.668588108329191,1.005,-8.00983740224193,-23747757.3483242,23747749.3384868,0.00141421356237308,FLOAT
"weak_pair_loops_(1.01,0.99,1.005)",1.01,0.99,1.005,0.668702711480957,1.005,-8.00983740224193,-19965369.2468977,19965361.2370603,0.00141421356237308,FLOAT
"weak_pair_loops_(1.01,0.99,1.005)",1.01,0.99,1.005,0.668824150063978,1.005,-8.00983740224193,-16785725.016889,16785717.0070516,0.00141421356237308,FLOAT
"weak_pair_loops_(1.01,0.99,1.005)",1.01,0.99,1.005,0.668952831773153,1.005,-8.00983740224193,-14112740.2390708,14112732.2292333,0.00141421356237308,FLOAT
"weak_pair_loops_(1.01,0.99,1.005)",1.01,0.99,1.005,0.669089188620082,1.005,-8.00983740224193,-11865651.1917546,11865643.1819172,0.00141421356237308,FLOAT
"weak_pair_loops_(1.01,0.99,1.005)",1.01,0.99,1.005,0.669233678383419,1.005,-8.00983740224193,-9976571.55259602,9976563.54275862,0.00141421356237308,FLOAT
"weak_pair_loops_(1.01,0.99,1.005)",1.01,0.99,1.005,0.669386786145729,1.005,-8.00983740224193,-8388438.79474814,8388430.78491073,0.00141421356237308,FLOAT
"weak_pair_loops_(1.01,0.99,1.005)",1.01,0.99,1.005,0.669549025922018,1.005,-8.00983740224193,-7053288.11804273,7053280.10820532,0.00141421356237308,FLOAT
"weak_pair_loops_(1.01,0.99,1.005)",1.01,0.99,1.005,0.669720942385384,1.005,-8.00983740224193,-5930801.67144538,5930793.66160798,0.00141421356237308,FLOAT
"weak_pair_loops_(1.01,0.99,1.005)",1.01,0.99,1.005,0.669903112695601,1.005,-8.00983740224193,-4987089.15655391,4987081.14671651,0.00141421356237308,FLOAT
"weak_pair_loops_(1.01,0.99,1.005)",1.01,0.99,1.005,0.670096148436769,1.005,-8.00983740224193,-4193662.90633796,4193654.89650055,0.00141421356237308,FLOAT
"weak_pair_loops_(1.01,0.99,1.005)",1.01,0.99,1.005,0.670300697670525,1.005,-8.00983740224193,-3526576.42017129,3526568.41033388,0.00141421356237308,FLOAT
"weak_pair_loops_(1.01,0.99,1.005)",1.01,0.99,1.005,0.670517447111728,1.005,-8.00983740224193,-2965700.28414071,2965692.27430331,0.00141421356237308,FLOAT
"weak_pair_loops_(1.01,0.99,1.005)",1.01,0.99,1.005,0.670747124433902,1.005,-8.00983740224193,-2494113.56416313,2494105.55432573,0.00141421356237308,FLOAT
"weak_pair_loops_(1.01,0.99,1.005)",1.01,0.99,1.005,0.67099050071219,1.005,-8.00983740224193,-2097592.25469602,2097584.24485862,0.00141421356237308,FLOAT
"weak_pair_loops_(1.01,0.99,1.005)",1.01,0.99,1.005,0.671248393012015,1.005,-8.00983740224193,-1764179.30348837,1764171.29365097,0.00141421356237308,FLOAT
"weak_pair_loops_(1.01,0.99,1.005)",1.01,0.99,1.005,0.671521667132144,1.005,-8.00983740224193,-1483823.20188364,1483815.19204624,0.00141421356237308,FLOAT
"weak_pair_loops_(1.01,0.99,1.005)",1.01,0.99,1.005,0.671811240511352,1.005,-8.00983740224193,-1248074.20541741,1248066.19558,0.00141421356237308,FLOAT
"weak_pair_loops_(1.01,0.99,1.005)",1.01,0.99,1.005,0.67211808530846,1.005,-8.00983740224193,-1049828.99363188,1049820.98379448,0.00141421356237308,FLOAT
"weak_pair_loops_(1.01,0.99,1.005)",1.01,0.99,1.005,0.672443231666078,1.005,-8.00983740224193,-883116.044007645,883108.034170243,0.00141421356237308,FLOAT
"weak_pair_loops_(1.01,0.99,1.005)",1.01,0.99,1.005,0.672787771169006,1.005,-8.00983740224193,-742915.227048264,742907.217210862,0.00141421356237308,FLOAT
"weak_pair_loops_(1.01,0.99,1.005)",1.01,0.99,1.005,0.673152860508921,1.005,-8.00983740224193,-625006.165145335,624998.155307932,0.00141421356237308,FLOAT
"weak_pair_loops_(1.01,0.99,1.005)",1.01,0.99,1.005,0.673539725367628,1.005,-8.00983740224193,-525840.76826934,525832.758431938,0.00141421356237308,FLOAT
"weak_pair_loops_(1.01,0.99,1.005)",1.01,0.99,1.005,0.673949664531935,1.005,-8.00983740224193,-442436.09110157,442428.081264167,0.00141421356237308,FLOAT
"weak_pair_loops_(1.01,0.99,1.005)",1.01,0.99,1.005,0.674384054253956,1.005,-8.00983740224193,-372284.271112675,372276.261275273,0.00141421356237308,FLOAT
"weak_pair_loops_(1.01,0.99,1.005)",1.01,0.99,1.005,0.674844352871474,1.005,-8.00983740224193,-313276.823900866,313268.814063464,0.00141421356237308,FLOAT
"weak_pair_loops_(1.01,0.99,1.005)",1.01,0.99,1.005,0.675332105703892,1.005,-8.00983740224193,-263641.006482626,263632.996645224,0.00141421356237308,FLOAT
"weak_pair_loops_(1.01,0.99,1.005)",1.01,0.99,1.005,0.675848950240194,1.005,-8.00983740224193,-221886.324324189,221878.314486786,0.00141421356237308,FLOAT
"weak_pair_loops_(1.01,0.99,1.005)",1.01,0.99,1.005,0.676396621636343,1.005,-8.00983740224193,-186759.564766503,186751.554929101,0.00141421356237308,FLOAT
"weak_pair_loops_(1.01,0.99,1.005)",1.01,0.99,1.005,0.676976958540561,1.005,-8.00983740224193,-157206.997417633,157198.98758023,0.00141421356237308,FLOAT
"weak_pair_loops_(1.01,0.99,1.005)",1.01,0.99,1.005,0.677591909266059,1.005,-8.00983740224193,-132342.5988716,132334.589034198,0.00141421356237308,FLOAT
"weak_pair_loops_(1.01,0.99,1.005)",1.01,0.99,1.005,0.67824353833194,1.005,-8.00983740224193,-111421.341322881,111413.331485478,0.00141421356237308,FLOAT
"weak_pair_loops_(1.01,0.99,1.005)",1.01,0.99,1.005,0.678934033394218,1.005,-8.00983740224193,-93816.7377957385,93808.7279583363,0.00141421356237308,FLOAT
"weak_pair_loops_(1.01,0.99,1.005)",1.01,0.99,1.005,0.679665712590243,1.005,-8.00983740224193,-79001.9654329655,78993.9555955633,0.00141421356237308,FLOAT
"weak_pair_loops_(1.01,0.99,1.005)",1.01,0.99,1.005,0.680441032321174,1.005,-8.00983740224193,-66533.9964846049,66525.9866472026,0.00141421356237308,FLOAT
"weak_pair_loops_(1.01,0.99,1.005)",1.01,0.99,1.005,0.681262595498641,1.005,-8.00983740224193,-56040.2575785335,56032.2477411313,0.00141421356237308,FLOAT
"weak_pair_loops_(1.01,0.99,1.005)",1.01,0.99,1.005,0.68213316028326,1.005,-8.00983740224193,-47207.414293265,47199.4044558627,0.00141421356237308,FLOAT
"weak_pair_loops_(1.01,0.99,1.005)",1.01,0.99,1.005,0.683055649344363,1.005,-8.00983740224193,-39771.9423023575,39763.9324649553,0.00141421356237308,FLOAT
"weak_pair_loops_(1.01,0.99,1.005)",1.01,0.99,1.005,0.684033159672015,1.005,-8.00983740224193,-33512.2003630112,33504.1905256089,0.00141421356237308,FLOAT
"weak_pair_loops_(1.01,0.99,1.005)",1.01,0.99,1.005,0.68506897297426,1.005,-8.00983740224193,-28241.7658134554,28233.7559760532,0.00141421356237308,FLOAT
"weak_pair_loops_(1.01,0.99,1.005)",1.01,0.99,1.005,0.686166566694507,1.005,-8.00983740224193,-23803.8313974705,23795.8215600683,0.00141421356237308,FLOAT
"weak_pair_loops_(1.01,0.99,1.005)",1.01,0.99,1.005,0.687329625686041,1.005,-8.00983740224193,-20066.4943044397,20058.4844670375,0.00141421356237308,FLOAT
"weak_pair_loops_(1.01,0.99,1.005)",1.01,0.99,1.005,0.68856205458285,1.005,-8.00983740224193,-16918.7952699034,16910.7854325011,0.00141421356237308,FLOAT
"weak_pair_loops_(1.01,0.99,1.005)",1.01,0.99,1.005,0.689867990908302,1.005,-8.00983740224193,-14267.388240075,14259.3784026727,0.00141421356237308,FLOAT
"weak_pair_loops_(1.01,0.99,1.005)",1.01,0.99,1.005,0.691251818965688,1.005,-8.00983740224193,-12033.7401497022,12025.7303122999,0.00141421356237308,FLOAT
"weak_pair_loops_(1.01,0.99,1.005)",1.01,0.99,1.005,0.692718184557244,1.005,-8.00983740224193,-10151.7763720011,10143.7665345988,0.00141421356237308,FLOAT
"weak_pair_loops_(1.01,0.99,1.005)",1.01,0.99,1.005,0.694272010581095,1.005,-8.00983740224193,-8565.90085649429,8557.89101909204,0.00141421356237308,FLOAT
"weak_pair_loops_(1.01,0.99,1.005)",1.01,0.99,1.005,0.695918513558455,1.005,-8.00983740224193,-7229.33128232352,7221.32144492128,0.00141421356237308,FLOAT
"weak_pair_loops_(1.01,0.99,1.005)",1.01,0.99,1.005,0.697663221146592,1.005,-8.00983740224193,-6102.69906314359,6094.68922574135,0.00141421356237308,FLOAT
"weak_pair_loops_(1.01,0.99,1.005)",1.01,0.99,1.005,0.699511990696333,1.005,-8.00983740224193,-5152.8720325197,5144.86219511745,0.00141421356237308,FLOAT
"weak_pair_loops_(1.01,0.99,1.005)",1.01,0.99,1.005,0.701471028916427,1.005,-8.00983740224193,-4351.9643575474,4343.95452014516,0.00141421356237308,FLOAT
"weak_pair_loops_(1.01,0.99,1.005)",1.01,0.99,1.005,0.703546912710775,1.005,-8.00983740224193,-3676.50387629485,3668.49403889261,0.00141421356237308,FLOAT
"weak_pair_loops_(1.01,0.99,1.005)",1.01,0.99,1.005,0.705746611258478,1.005,-8.00983740224193,-3106.73180239985,3098.72196499761,0.00141421356237308,FLOAT
"weak_pair_loops_(1.01,0.99,1.005)",1.01,0.99,1.005,0.708077509410841,1.005,-8.00983740224193,-2626.0137312297,2618.00389382746,0.00141421356237308,FLOAT
"weak_pair_loops_(1.01,0.99,1.005)",1.01,0.99,1.005,0.710547432483875,1.005,-8.00983740224193,-2220.3442370641,2212.33439966186,0.00141421356237308,FLOAT
"weak_pair_loops_(1.01,0.99,1.005)",1.01,0.99,1.005,0.713164672529529,1.005,-8.00983740224193,-1877.93017118721,1869.92033378497,0.00141421356237308,FLOAT
"weak_pair_loops_(1.01,0.99,1.005)",1.01,0.99,1.005,0.715938016173855,1.005,-8.00983740224193,-1588.84014178988,1580.83030438764,0.00141421356237308,FLOAT
"weak_pair_loops_(1.01,0.99,1.005)",1.01,0.99,1.005,0.718876774115565,1.005,-8.00983740224193,-1344.70964983058,1336.69981242834,0.00141421356237308,FLOAT
"weak_pair_loops_(1.01,0.99,1.005)",1.01,0.99,1.005,0.721990812384003,1.005,-8.00983740224193,-1138.49303069347,1130.48319329123,0.00141421356237308,FLOAT
"weak_pair_loops_(1.01,0.99,1.005)",1.01,0.99,1.005,0.725290585461487,1.005,-8.00983740224193,-964.254760229411,956.244922827169,0.00141421356237308,FLOAT
"weak_pair_loops_(1.01,0.99,1.005)",1.01,0.99,1.005,0.728787171381207,1.005,-8.00983740224193,-816.993868115373,808.984030713131,0.00141421356237308,FLOAT
"weak_pair_loops_(1.01,0.99,1.005)",1.01,0.99,1.005,0.732492308918514,1.005,-8.00983740224193,-692.496197179207,684.486359776965,0.00141421356237308,FLOAT
"weak_pair_loops_(1.01,0.99,1.005)",1.01,0.99,1.005,0.736418437000464,1.005,-8.00983740224193,-587.210084472606,579.200247070364,0.00141421356237308,FLOAT
"weak_pair_loops_(1.01,0.99,1.005)",1.01,0.99,1.005,0.740578736465914,1.005,-8.00983740224193,-498.141743702723,490.131906300481,0.00141421356237308,FLOAT
"weak_pair_loops_(1.01,0.99,1.005)",1.01,0.99,1.005,0.744987174316374,1.005,-8.00983740224193,-422.767220393103,414.757382990861,0.00141421356237308,FLOAT
"weak_pair_loops_(1.01,0.99,1.005)",1.01,0.99,1.005,0.749658550606174,1.005,-8.00983740224193,-358.958288692254,350.948451290012,0.00141421356237308,FLOAT
"weak_pair_loops_(1.01,0.99,1.005)",1.01,0.99,1.005,0.754608548129361,1.005,-8.00983740224193,-304.920077092108,296.910239689866,0.00141421356237308,FLOAT
"weak_pair_loops_(1.01,0.99,1.005)",1.01,0.99,1.005,0.759853785070145,1.005,-8.00983740224193,-259.138562076062,251.12872467382,0.00141421356237308,FLOAT
"weak_pair_loops_(1.01,0.99,1.005)",1.01,0.99,1.005,0.765411870793641,1.005,-8.00983740224193,-220.336364492887,212.326527090645,0.00141421356237308,FLOAT
"weak_pair_loops_(1.01,0.99,1.005)",1.01,0.99,1.005,0.771301464964215,1.005,-8.00983740224193,-187.435532164774,179.425694762532,0.00141421356237308,FLOAT
"weak_pair_loops_(1.01,0.99,1.005)",1.01,0.99,1.005,0.777542340189913,1.005,-8.00983740224193,-159.526201380052,151.51636397781,0.00141421356237308,FLOAT
"weak_pair_loops_(1.01,0.99,1.005)",1.01,0.99,1.005,0.784155448403264,1.005,-8.00983740224193,-135.840205794691,127.830368392449,0.00141421356237308,FLOAT
"weak_pair_loops_(1.01,0.99,1.005)",1.01,0.99,1.005,0.791162991201332,1.005,-8.00983740224193,-115.728849168461,107.719011766219,0.00141421356237308,FLOAT
"weak_pair_loops_(1.01,0.99,1.005)",1.01,0.99,1.005,0.798588494381158,1.005,-8.00983740224193,-98.6441827445907,90.6343453423488,0.00141421356237308,FLOAT
"weak_pair_loops_(1.01,0.99,1.005)",1.01,0.99,1.005,0.806456886920807,1.005,-8.00983740224193,-84.123232689724,76.113395287482,0.00141421356237308,FLOAT
"weak_pair_loops_(1.01,0.99,1.005)",1.01,0.99,1.005,0.814794584671205,1.005,-8.00983740224193,-71.7747109911196,63.7648735888776,0.00141421356237308,FLOAT
"weak_pair_loops_(1.01,0.99,1.005)",1.01,0.99,1.005,0.823629579039712,1.005,-8.00983740224193,-61.2678172066099,53.257979804368,0.00141421356237308,FLOAT
"weak_pair_loops_(1.01,0.99,1.005)",1.01,0.99,1.005,0.83299153096317,1.005,-8.00983740224193,-52.3228007042794,44.3129633020374,0.00141421356237308,FLOAT
"weak_pair_loops_(1.01,0.99,1.005)",1.01,0.99,1.005,0.842911870485915,1.005,-8.00983740224193,-44.7030053836813,36.6931679814394,0.00141421356237308,FLOAT
"weak_pair_loops_(1.01,0.99,1.005)",1.01,0.99,1.005,0.853423902277057,1.005,-8.00983740224193,-38.2081629111783,30.1983255089364,0.00141421356237308,FLOAT
"weak_pair_loops_(1.01,0.99,1.005)",1.01,0.99,1.005,0.864562917441269,1.005,-8.00983740224193,-32.6687375509111,24.6589001486692,0.00141421356237308,FLOAT
"weak_pair_loops_(1.01,0.99,1.005)",1.01,0.99,1.005,0.876366311998457,1.005,-8.00983740224193,-27.9411568416942,19.9313194394522,0.00141421356237308,FLOAT
"weak_pair_loops_(1.01,0.99,1.005)",1.01,0.99,1.005,0.888873712430073,1.005,-8.00983740224193,-23.9037885936057,15.8939511913638,0.00141421356237308,FLOAT
"weak_pair_loops_(1.01,0.99,1.005)",1.01,0.99,1.005,0.9,1.005,-8.00983740224193,-20.9589373802969,12.9490999780549,0.00141421356237308,FLOAT
"weak_pair_loops_(1.01,0.99,1.005)",1.01,0.99,1.005,0.902127108713561,1.005,-8.00983740224193,-20.4535467422038,12.4437093399619,0.00141421356237308,FLOAT
"weak_pair_loops_(1.01,0.99,1.005)",1.01,0.99,1.005,0.912667383761716,1.005,-8.00983740224193,-18.1813658762518,10.1715284740099,0.00141421356237308,FLOAT
"weak_pair_loops_(1.01,0.99,1.005)",1.01,0.99,1.005,0.916170995291558,1.005,-8.00983740224193,-17.5030271641357,9.49318976189378,0.00141421356237308,FLOAT
"weak_pair_loops_(1.01,0.99,1.005)",1.01,0.99,1.005,0.923730141409766,1.005,-8.00983740224193,-16.1532614400257,8.1434240377838,0.00141421356237308,FLOAT
"weak_pair_loops_(1.01,0.99,1.005)",1.01,0.99,1.005,0.931052520449102,1.005,-8.00983740224193,-14.9780901812128,6.96825277897086,0.00141421356237308,FLOAT
"weak_pair_loops_(1.01,0.99,1.005)",1.01,0.99,1.005,0.933391537091908,1.005,-8.00983740224193,-14.6273878602459,6.617550458004,0.00141421356237308,FLOAT
"weak_pair_loops_(1.01,0.99,1.005)",1.01,0.99,1.005,0.941829086706256,1.005,-8.00983740224193,-13.451524496326,5.44168709408408,0.00141421356237308,FLOAT
"weak_pair_loops_(1.01,0.99,1.005)",1.01,0.99,1.005,0.946821644600358,1.005,-8.00983740224193,-12.8158196282411,4.80598222599918,0.00141421356237308,FLOAT
"weak_pair_loops_(1.01,0.99,1.005)",1.01,0.99,1.005,0.94919781953087,1.005,-8.00983740224193,-12.5275805033308,4.51774310108889,0.00141421356237308,FLOAT
"weak_pair_loops_(1.01,0.99,1.005)",1.01,0.99,1.005,0.955633126690214,1.005,-8.00983740224193,-11.7898936901276,3.78005628788568,0.00141421356237308,FLOAT
"weak_pair_loops_(1.01,0.99,1.005)",1.01,0.99,1.005,0.961253248795439,1.005,-8.00983740224193,-11.1930686389306,3.18323123668867,0.00141421356237308,FLOAT
"weak_pair_loops_(1.01,0.99,1.005)",1.01,0.99,1.005,0.963531308016255,1.005,-8.00983740224193,-10.9627994261109,2.952962023869,0.00141421356237308,FLOAT
"weak_pair_loops_(1.01,0.99,1.005)",1.01,0.99,1.005,0.966161448465718,1.005,-8.00983740224193,-10.7048409759404,2.69500357369847,0.00141421356237308,FLOAT
"weak_pair_loops_(1.01,0.99,1.005)",1.01,0.99,1.005,0.970447907647971,1.005,-8.00983740224193,-10.3017230886659,2.29188568642396,0.00141421356237308,FLOAT
"weak_pair_loops_(1.01,0.99,1.005)",1.01,0.99,1.005,0.974191384595819,1.005,-8.00983740224193,-9.96625531353068,1.95641791128874,0.00141421356237308,FLOAT
"weak_pair_loops_(1.01,0.99,1.005)",1.01,0.99,1.005,0.977460660952652,1.005,-8.00983740224193,-9.6852183255336,1.67538092329166,0.00141421356237308,FLOAT
"weak_pair_loops_(1.01,0.99,1.005)",1.01,0.99,1.005,0.980315805527134,1.005,-8.00983740224193,-9.44843974246856,1.43860234022662,0.00141421356237308,FLOAT
"weak_pair_loops_(1.01,0.99,1.005)",1.01,0.99,1.005,0.981237608556118,1.005,-8.00983740224193,-9.37365791648951,1.36382051424758,0.00141421356237308,FLOAT
"weak_pair_loops_(1.01,0.99,1.005)",1.01,0.99,1.005,0.982809277981414,1.005,-8.00983740224193,-9.24797862162793,1.238141219386,0.00141421356237308,FLOAT
"weak_pair_loops_(1.01,0.99,1.005)",1.01,0.99,1.005,0.984986892710918,1.005,-8.00983740224193,-9.07755641232368,1.06771901008174,0.00141421356237308,FLOAT
"weak_pair_loops_(1.01,0.99,1.005)",1.01,0.99,1.005,0.986888660625784,1.005,-8.00983740224193,-8.93215231506481,0.922314912822875,0.00141421356237308,FLOAT
"weak_pair_loops_(1.01,0.99,1.005)",1.01,0.99,1.005,0.988549524300617,1.005,-8.00983740224193,-8.8077105706067,0.797873168364765,0.00141421356237308,FLOAT
"weak_pair_loops_(1.01,0.99,1.005)",1.01,0.99,1.005,0.99,1.005,-8.00983740224193,-8.70092537329567,0.691087971053735,0.00141421356237308,FLOAT
"weak_pair_loops_(1.01,0.99,1.005)",1.01,0.99,1.005,0.991266738376172,1.005,-8.00983740224193,-8.60908053276317,0.599243130521232,0.00141421356237308,FLOAT
"weak_pair_loops_(1.01,0.99,1.005)",1.01,0.99,1.005,0.992373014140977,1.005,-8.00983740224193,-8.5299283514479,0.520090949205963,0.00141421356237308,FLOAT
"weak_pair_loops_(1.01,0.99,1.005)",1.01,0.99,1.005,0.993339153709191,1.005,-8.00983740224193,-8.46159699570441,0.451759593462473,0.00141421356237308,FLOAT
"weak_pair_loops_(1.01,0.99,1.005)",1.01,0.99,1.005,0.994182908670626,1.005,-8.00983740224193,-8.40251884551259,0.392681443270655,0.00141421356237308,FLOAT
"weak_pair_loops_(1.01,0.99,1.005)",1.01,0.99,1.005,0.994919781953087,1.005,-8.00983740224193,-8.351374481302,0.341537079060066,0.00141421356237308,FLOAT
"weak_pair_loops_(1.01,0.99,1.005)",1.01,0.99,1.005,0.995563312669021,1.005,-8.00983740224193,-8.30704846157477,0.297211059332833,0.00141421356237308,FLOAT
"weak_pair_loops_(1.01,0.99,1.005)",1.01,0.99,1.005,0.996125324879544,1.005,-8.00983740224193,-8.26859408788849,0.258756685646553,0.00141421356237308,FLOAT
"weak_pair_loops_(1.01,0.99,1.005)",1.01,0.99,1.005,0.996616144846572,1.005,-8.00983740224193,-8.23520509056003,0.225367688318091,0.00141421356237308,FLOAT
"weak_pair_loops_(1.01,0.99,1.005)",1.01,0.99,1.005,0.997044790764797,1.005,-8.00983740224193,-8.20619269525676,0.196355293014822,0.00141421356237308,FLOAT
"weak_pair_loops_(1.01,0.99,1.005)",1.01,0.99,1.005,0.997419138459582,1.005,-8.00983740224193,-8.18096691152843,0.171129509286498,0.00141421356237308,FLOAT
"weak_pair_loops_(1.01,0.99,1.005)",1.01,0.99,1.005,0.997746066095265,1.005,-8.00983740224193,-8.15902116261173,0.149183760369795,0.00141421356237308,FLOAT
"weak_pair_loops_(1.01,0.99,1.005)",1.01,0.99,1.005,0.998031580552713,1.005,-8.00983740224193,-8.13991958116788,0.130082178925948,0.00141421356237308,FLOAT
"weak_pair_loops_(1.01,0.99,1.005)",1.01,0.99,1.005,0.998280927798141,1.005,-8.00983740224193,-8.12328644853313,0.113449046291192,0.00141421356237308,FLOAT
"weak_pair_loops_(1.01,0.99,1.005)",1.01,0.99,1.005,0.998498689271092,1.005,-8.00983740224193,-8.1087973699656,0.0989599677236619,0.00141421356237308,FLOAT
"weak_pair_loops_(1.01,0.99,1.005)",1.01,0.99,1.005,0.998688866062578,1.005,-8.00983740224193,-8.0961718654468,0.0863344632048673,0.00141421356237308,FLOAT
"weak_pair_loops_(1.01,0.99,1.005)",1.01,0.99,1.005,0.998854952430062,1.005,-8.00983740224193,-8.08516712211944,0.0753297198774998,0.00141421356237308,FLOAT
"weak_pair_loops_(1.01,0.99,1.005)",1.01,0.99,1.005,0.999,1.005,-8.00983740224193,-8.0755727056696,0.06573530342766,0.00141421356237308,FLOAT
"weak_pair_loops_(1.01,0.99,1.005)",1.01,0.99,1.005,0.999126673837617,1.005,-8.00983740224193,-8.06720606770682,0.05736866546488,0.00141421356237308,FLOAT
"weak_pair_loops_(1.01,0.99,1.005)",1.01,0.99,1.005,0.999237301414098,1.005,-8.00983740224193,-8.05990871726189,0.0500713150199541,0.00141421356237308,FLOAT
"weak_pair_loops_(1.01,0.99,1.005)",1.01,0.99,1.005,0.999333915370919,1.005,-8.00983740224193,-8.05354294898104,0.0437055467391065,0.00141421356237308,FLOAT
"weak_pair_loops_(1.01,0.99,1.005)",1.01,0.99,1.005,0.999418290867063,1.005,-8.00983740224193,-8.04798903998284,0.0381516377409028,0.00141421356237308,FLOAT
"weak_pair_loops_(1.01,0.99,1.005)",1.01,0.99,1.005,0.999491978195309,1.005,-8.00983740224193,-8.0431428428196,0.0333054405776583,0.00141421356237308,FLOAT
"weak_pair_loops_(1.01,0.99,1.005)",1.01,0.99,1.005,0.999556331266902,1.005,-8.00983740224193,-8.03891371441688,0.0290763121749453,0.00141421356237308,FLOAT
"weak_pair_loops_(1.01,0.99,1.005)",1.01,0.99,1.005,0.999612532487954,1.005,-8.00983740224193,-8.03522273091515,0.0253853286732166,0.00141421356237308,FLOAT
"weak_pair_loops_(1.01,0.99,1.005)",1.01,0.99,1.005,0.999661614484657,1.005,-8.00983740224193,-8.03200114651302,0.0221637442710829,0.00141421356237308,FLOAT
"weak_pair_loops_(1.01,0.99,1.005)",1.01,0.99,1.005,0.99970447907648,1.005,-8.00983740224193,-8.02918906110001,0.0193516588580778,0.00141421356237308,FLOAT
"weak_pair_loops_(1.01,0.99,1.005)",1.01,0.99,1.005,0.999741913845958,1.005,-8.00983740224193,-8.02673426696999,0.0168968647280501,0.00141421356237308,FLOAT
"weak_pair_loops_(1.01,0.99,1.005)",1.01,0.99,1.005,0.999774606609527,1.005,-8.00983740224193,-8.02459124945683,0.0147538472148945,0.00141421356237308,FLOAT
"weak_pair_loops_(1.01,0.99,1.005)",1.01,0.99,1.005,0.999803158055271,1.005,-8.00983740224193,-8.02272032011813,0.0128829178761904,0.00141421356237308,FLOAT
"weak_pair_loops_(1.01,0.99,1.005)",1.01,0.99,1.005,0.999828092779814,1.005,-8.00983740224193,-8.02108686425088,0.0112494620089461,0.00141421356237308,FLOAT
"weak_pair_loops_(1.01,0.99,1.005)",1.01,0.99,1.005,0.999849868927109,1.005,-8.00983740224193,-8.01966068717344,0.00982328493150497,0.00141421356237308,FLOAT
"weak_pair_loops_(1.01,0.99,1.005)",1.01,0.99,1.005,0.999868886606258,1.005,-8.00983740224193,-8.01841544593957,0.00857804369763038,0.00141421356237308,FLOAT
"weak_pair_loops_(1.01,0.99,1.005)",1.01,0.99,1.005,0.999885495243006,1.005,-8.00983740224193,-8.01732815503627,0.00749075279433242,0.00141421356237308,FLOAT
"weak_pair_loops_(1.01,0.99,1.005)",1.01,0.99,1.005,0.9999,1.005,-8.00983740224193,-8.01637875621749,0.006541353975555,0.00141421356237308,FLOAT
"weak_pair_loops_(1.01,0.99,1.005)",1.01,0.99,1.005,0.999912667383762,1.005,-8.00983740224193,-8.01554974398684,0.00571234174490165,0.00141421356237308,FLOAT
"weak_pair_loops_(1.01,0.99,1.005)",1.01,0.99,1.005,0.99992373014141,1.005,-8.00983740224193,-8.01482583940417,0.0049884371622344,0.00141421356237308,FLOAT
"weak_pair_loops_(1.01,0.99,1.005)",1.01,0.99,1.005,0.999933391537092,1.005,-8.00983740224193,-8.01419370588452,0.00435630364258621,0.00141421356237308,FLOAT
"weak_pair_loops_(1.01,0.99,1.005)",1.01,0.99,1.005,0.999941829086706,1.005,-8.00983740224193,-8.01364170151017,0.00380429926823211,0.00141421356237308,FLOAT
"weak_pair_loops_(1.01,0.99,1.005)",1.01,0.99,1.005,0.999949197819531,1.005,-8.00983740224193,-8.01315966310857,0.00332226086663923,0.00141421356237308,FLOAT
"weak_pair_loops_(1.01,0.99,1.005)",1.01,0.99,1.005,0.99995563312669,1.005,-8.00983740224193,-8.01273871797959,0.00290131573765962,0.00141421356237308,FLOAT
"weak_pair_loops_(1.01,0.99,1.005)",1.01,0.99,1.005,0.999961253248795,1.005,-8.00983740224193,-8.01237111969865,0.00253371745670883,0.00141421356237308,FLOAT
"weak_pair_loops_(1.01,0.99,1.005)",1.01,0.99,1.005,0.999966161448466,1.005,-8.00983740224193,-8.01205010489223,0.00221270265029538,0.00141421356237308,FLOAT
"weak_pair_loops_(1.01,0.99,1.005)",1.01,0.99,1.005,0.999970447907648,1.005,-8.00983740224193,-8.011769768288,0.00193236604606639,0.00141421356237308,FLOAT
"weak_pair_loops_(1.01,0.99,1.005)",1.01,0.99,1.005,0.999974191384596,1.005,-8.00983740224193,-8.01152495369325,0.0016875514513135,0.00141421356237308,FLOAT
"weak_pair_loops_(1.01,0.99,1.005)",1.01,0.99,1.005,0.999977460660953,1.005,-8.00983740224193,-8.01131115886013,0.00147375661819282,0.00141421356237308,FLOAT
"weak_pair_loops_(1.01,0.99,1.005)",1.01,0.99,1.005,0.999980315805527,1.005,-8.00983740224193,-8.01112445246029,0.00128705021835884,0.00141421356237308,FLOAT
"weak_pair_loops_(1.01,0.99,1.005)",1.01,0.99,1.005,0.999982809277981,1.005,-8.00983740224193,-8.01096140162146,0.00112399937952823,0.00141421356237308,FLOAT
"weak_pair_loops_(1.01,0.99,1.005)",1.01,0.99,1.005,0.999984986892711,1.005,-8.00983740224193,-8.01081900867686,0.000981606434924842,0.00141421356237308,FLOAT
"weak_pair_loops_(1.01,0.99,1.005)",1.01,0.99,1.005,0.999986888660626,1.005,-8.00983740224193,-8.01069465595291,0.000857253710972117,0.00141421356237308,FLOAT
"weak_pair_loops_(1.01,0.99,1.005)",1.01,0.99,1.005,0.999988549524301,1.005,-8.00983740224193,-8.01058605757064,0.000748655328703052,0.00141421356237308,FLOAT
"weak_pair_loops_(1.01,0.99,1.005)",1.01,0.99,1.005,0.99999,1.005,-8.00983740224193,-8.01049121736762,0.000653815125680524,0.00141421356237308,FLOAT
"weak_pair_loops_(1.01,0.99,1.005)",1.01,0.99,1.005,0.999991266738376,1.005,-8.00983740224193,-8.01040839216148,0.000570989919543408,0.00141421356237308,FLOAT
"weak_pair_loops_(1.01,0.99,1.005)",1.01,0.99,1.005,0.999992373014141,1.005,-8.00983740224193,-8.01033605967587,0.000498657433931626,0.00141421356237308,FLOAT
"weak_pair_loops_(1.01,0.99,1.005)",1.01,0.99,1.005,0.999993339153709,1.005,-8.00983740224193,-8.01027289053604,0.000435488294099784,0.00141421356237308,FLOAT
"weak_pair_loops_(1.01,0.99,1.005)",1.01,0.99,1.005,0.999994182908671,1.005,-8.00983740224193,-8.01021772381676,0.000380321574827036,0.00141421356237308,FLOAT
"weak_pair_loops_(1.01,0.99,1.005)",1.01,0.99,1.005,0.999994919781953,1.005,-8.00983740224193,-8.01016954569183,0.000332143449895739,0.00141421356237308,FLOAT
"weak_pair_loops_(1.01,0.99,1.005)",1.01,0.99,1.005,0.999995563312669,1.005,-8.00983740224193,-8.01012747079085,0.000290068548908451,0.00141421356237308,FLOAT
"weak_pair_loops_(1.01,0.99,1.005)",1.01,0.99,1.005,0.99999612532488,1.005,-8.00983740224193,-8.01009072592002,0.000253323678087725,0.00141421356237308,FLOAT
"weak_pair_loops_(1.01,0.99,1.005)",1.01,0.99,1.005,0.999996616144847,1.005,-8.00983740224193,-8.01005863584682,0.000221233604881022,0.00141421356237308,FLOAT
"weak_pair_loops_(1.01,0.99,1.005)",1.01,0.99,1.005,0.999997044790765,1.005,-8.00983740224193,-8.01003061088652,0.000193208644587273,0.00141421356237308,FLOAT
"weak_pair_loops_(1.01,0.99,1.005)",1.01,0.99,1.005,0.99999741913846,1.005,-8.00983740224193,-8.01000613606242,0.000168733820480327,0.00141421356237308,FLOAT
"weak_pair_loops_(1.01,0.99,1.005)",1.01,0.99,1.005,0.999997746066095,1.005,-8.00983740224193,-8.00998476163973,0.000147359397793423,0.00141421356237308,FLOAT
"weak_pair_loops_(1.01,0.99,1.005)",1.01,0.99,1.005,0.999998031580553,1.005,-8.00983740224193,-8.00996609485942,0.000128692617483495,0.00141421356237308,FLOAT
"weak_pair_loops_(1.01,0.99,1.005)",1.01,0.99,1.005,0.999998280927798,1.005,-8.00983740224193,-8.00994979271923,0.000112390477289281,0.00141421356237308,FLOAT
"weak_pair_loops_(1.01,0.99,1.005)",1.01,0.99,1.005,0.999998498689271,1.005,-8.00983740224193,-8.00993555566988,9.81534279453911e-05,0.00141421356237308,FLOAT
"weak_pair_loops_(1.01,0.99,1.005)",1.01,0.99,1.005,0.999998688866063,1.005,-8.00983740224193,-8.0099231221098,8.57198678598792e-05,0.00141421356237308,FLOAT
"weak_pair_loops_(1.01,0.99,1.005)",1.01,0.99,1.005,0.99999885495243,1.005,-8.00983740224193,-8.00991226357753,7.48613355909811e-05,0.00141421356237308,FLOAT
"weak_pair_loops_(1.01,0.99,1.005)",1.01,0.99,1.005,0.999999,1.005,-8.00983740224193,-8.00990278055328,6.53783113406803e-05,0.00141421356237308,FLOAT
"weak_pair_loops_(1.01,0.99,1.005)",1.01,0.99,1.005,0.999999126673838,1.005,-8.00983740224193,-8.00989449879233,5.70965503925436e-05,0.00141421356237308,FLOAT
"weak_pair_loops_(1.01,0.99,1.005)",1.01,0.99,1.005,0.999999237301414,1.005,-8.00983740224193,-8.00988726612317,4.98638812320706e-05,0.00141421356237308,FLOAT
"weak_pair_loops_(1.01,0.99,1.005)",1.01,0.99,1.005,0.999999333915371,1.005,-8.00983740224193,-8.00988094965109,4.35474091560195e-05,0.00141421356237308,FLOAT
"weak_pair_loops_(1.01,0.99,1.005)",1.01,0.99,1.005,0.999999418290867,1.005,-8.00983740224193,-8.0098754333162,3.80310742631451e-05,0.00141421356237308,FLOAT
"weak_pair_loops_(1.01,0.99,1.005)",1.01,0.99,1.005,0.999999491978195,1.005,-8.00983740224193,-8.00987061576076,3.32135188259031e-05,0.00141421356237308,FLOAT
"weak_pair_loops_(1.01,0.99,1.005)",1.01,0.99,1.005,0.999999556331267,1.005,-8.00983740224193,-8.00986640846671,2.90062247767509e-05,0.00141421356237308,FLOAT
"weak_pair_loops_(1.01,0.99,1.005)",1.01,0.99,1.005,0.999999612532488,1.005,-8.00983740224193,-8.00986273412917,2.53318872331931e-05,0.00141421356237308,FLOAT
"weak_pair_loops_(1.01,0.99,1.005)",1.01,0.99,1.005,0.999999661614485,1.005,-8.00983740224193,-8.0098595252359,2.21229939594281e-05,0.00141421356237308,FLOAT
"weak_pair_loops_(1.01,0.99,1.005)",1.01,0.99,1.005,0.999999704479076,1.005,-8.00983740224193,-8.00985672282684,1.9320584904392e-05,0.00141421356237308,FLOAT
"weak_pair_loops_(1.01,0.99,1.005)",1.01,0.99,1.005,0.999999741913846,1.005,-8.00983740224193,-8.00985427541076,1.68731688248158e-05,0.00141421356237308,FLOAT
"weak_pair_loops_(1.01,0.99,1.005)",1.01,0.99,1.005,0.999999774606609,1.005,-8.00983740224193,-8.0098521380191,1.47357771584922e-05,0.00141421356237308,FLOAT
"weak_pair_loops_(1.01,0.99,1.005)",1.01,0.99,1.005,0.999999803158055,1.005,-8.00983740224193,-8.00985027137966,1.28691377216938e-05,0.00141421356237308,FLOAT
"weak_pair_loops_(1.01,0.99,1.005)",1.01,0.99,1.005,0.99999982809278,1.005,-8.00983740224193,-8.00984864119507,1.12389531352619e-05,0.00141421356237308,FLOAT
"weak_pair_loops_(1.01,0.99,1.005)",1.01,0.99,1.005,0.999999849868927,1.005,-8.00983740224193,-8.00984721751258,9.81527064602972e-06,0.00141421356237308,FLOAT
"weak_pair_loops_(1.01,0.99,1.005)",1.01,0.99,1.005,0.999999868886606,1.005,-8.00983740224193,-8.00984597417369,8.57193175285431e-06,0.00141421356237308,FLOAT
"weak_pair_loops_(1.01,0.99,1.005)",1.01,0.99,1.005,0.999999885495243,1.005,-8.00983740224193,-8.00984488833354,7.48609160083902e-06,0.00141421356237308,FLOAT
"weak_pair_loops_(1.01,0.99,1.005)",1.01,0.99,1.005,0.9999999,1.005,-8.00983740224193,-8.00984394004106,6.53779912340724e-06,0.00141421356237308,FLOAT
"weak_pair_loops_(1.01,0.99,1.005)",1.01,0.99,1.005,0.999999912667384,1.005,-8.00983740224193,-8.00984311187256,5.70963062607177e-06,0.00141421356237308,FLOAT
"weak_pair_loops_(1.01,0.99,1.005)",1.01,0.99,1.005,0.999999923730141,1.005,-8.00983740224193,-8.00984238861145,4.98636950929665e-06,0.00141421356237308,FLOAT
"weak_pair_loops_(1.01,0.99,1.005)",1.01,0.99,1.005,0.999999933391537,1.005,-8.00983740224193,-8.00984175696865,4.35472671966863e-06,0.00141421356237308,FLOAT
"weak_pair_loops_(1.01,0.99,1.005)",1.01,0.99,1.005,0.999999941829087,1.005,-8.00983740224193,-8.00984120533854,3.80309660208411e-06,0.00141421356237308,FLOAT
"weak_pair_loops_(1.01,0.99,1.005)",1.01,0.99,1.005,0.99999994919782,1.005,-8.00983740224193,-8.00984072358555,3.32134361968883e-06,0.00141421356237308,FLOAT
"weak_pair_loops_(1.01,0.99,1.005)",1.01,0.99,1.005,0.999999955633127,1.005,-8.00983740224193,-8.00984030285811,2.90061617391757e-06,0.00141421356237308,FLOAT
"weak_pair_loops_(1.01,0.99,1.005)",1.01,0.99,1.005,0.999999961253249,1.005,-8.00983740224193,-8.00983993542586,2.53318392040569e-06,0.00141421356237308,FLOAT
"weak_pair_loops_(1.01,0.99,1.005)",1.01,0.99,1.005,0.999999966161448,1.005,-8.00983740224193,-8.00983961453767,2.212295735049e-06,0.00141421356237308,FLOAT
"weak_pair_loops_(1.01,0.99,1.005)",1.01,0.99,1.005,0.999999970447908,1.005,-8.00983740224193,-8.00983933429763,1.93205569054555e-06,0.00141421356237308,FLOAT
"weak_pair_loops_(1.01,0.99,1.005)",1.01,0.99,1.005,0.999999974191385,1.005,-8.00983740224193,-8.00983908955669,1.68731475724826e-06,0.00141421356237308,FLOAT
"weak_pair_loops_(1.01,0.99,1.005)",1.01,0.99,1.005,0.999999977460661,1.005,-8.00983740224193,-8.00983887581803,1.47357609314724e-06,0.00141421356237308,FLOAT
"weak_pair_loops_(1.01,0.99,1.005)",1.01,0.99,1.005,0.999999980315806,1.005,-8.00983740224193,-8.00983868915448,1.28691254808189e-06,0.00141421356237308,FLOAT
"weak_pair_loops_(1.01,0.99,1.005)",1.01,0.99,1.005,0.999999982809278,1.005,-8.00983740224193,-8.00983852613631,1.12389437845195e-06,0.00141421356237308,FLOAT
"weak_pair_loops_(1.01,0.99,1.005)",1.01,0.99,1.005,0.999999984986893,1.005,-8.00983740224193,-8.00983838376829,9.81526351750972e-07,0.00141421356237308,FLOAT
"weak_pair_loops_(1.01,0.99,1.005)",1.01,0.99,1.005,0.999999986888661,1.005,-8.00983740224193,-8.00983825943457,8.57192633318959e-07,0.00141421356237308,FLOAT
"weak_pair_loops_(1.01,0.99,1.005)",1.01,0.99,1.005,0.999999988549524,1.005,-8.00983740224193,-8.00983815085068,7.48608741218959e-07,0.00141421356237308,FLOAT
"weak_pair_loops_(1.01,0.99,1.005)",1.01,0.99,1.005,0.99999999,1.005,-8.00983740224193,-8.00983805602154,6.53779599346649e-07,0.00141421356237308,FLOAT
"strong_antagonism_(20,20,20)",20,20,20,0.666666676666667,58,-122,-1.67584069234919e+23,1.67584069234919e+23,0,FLOAT
"strong_antagonism_(20,20,20)",20,20,20,0.66666667726311,58,-122,-1.4084854438042e+23,1.4084854438042e+23,0,FLOAT
"strong_antagonism_(20,20,20)",20,20,20,0.666666677895128,58,-122,-1.18378277069465e+23,1.18378277069465e+23,0,FLOAT
"strong_antagonism_(20,20,20)",20,20,20,0.666666678564843,58,-122,-9.94928007541987e+22,9.94928007541987e+22,0,FLOAT
"strong_antagonism_(20,20,20)",20,20,20,0.666666679274502,58,-122,-8.36202213107084e+22,8.36202213107084e+22,0,FLOAT
"strong_antagonism_(20,20,20)",20,20,20,0.666666680026488,58,-122,-7.02798680895373e+22,7.02798680895373e+22,0,FLOAT
"strong_antagonism_(20,20,20)",20,20,20,0.666666680823326,58,-122,-5.90677721399696e+22,5.90677721399696e+22,0,FLOAT
"strong_antagonism_(20,20,20)",20,20,20,0.666666681667691,58,-122,-4.9644398348635e+22,4.9644398348635e+22,0,FLOAT
"strong_antagonism_(20,20,20)",20,20,20,0.666666682562417,58,-122,-4.17243805021334e+22,4.17243805021334e+22,0,FLOAT
"strong_antagonism_(20,20,20)",20,20,20,0.666666683510509,58,-122,-3.50678828226713e+22,3.50678828226713e+22,0,FLOAT
"strong_antagonism_(20,20,20)",20,20,20,0.666666684515149,58,-122,-2.9473329712452e+22,2.9473329712452e+22,0,FLOAT
"strong_antagonism_(20,20,20)",20,20,20,0.66666668557971,58,-122,-2.47713032967843e+22,2.47713032967843e+22,0,FLOAT
"strong_antagonism_(20,20,20)",20,20,20,0.666666686707767,58,-122,-2.08194154748937e+22,2.08194154748937e+22,0,FLOAT
"strong_antagonism_(20,20,20)",20,20,20,0.666666687903105,58,-122,-1.74979912035573e+22,1.74979912035573e+22,0,FLOAT
"strong_antagonism_(20,20,20)",20,20,20,0.666666689169739,58,-122,-1.47064504339158e+22,1.47064504339158e+22,0,FLOAT
"strong_antagonism_(20,20,20)",20,20,20,0.66666669051192,58,-122,-1.23602580230517e+22,1.23602580230517e+22,0,FLOAT
"strong_antagonism_(20,20,20)",20,20,20,0.666666691934155,58,-122,-1.03883653958243e+22,1.03883653958243e+22,0,FLOAT
"strong_antagonism_(20,20,20)",20,20,20,0.666666693441218,58,-122,-8.73105846844004e+21,8.73105846844004e+21,0,FLOAT
"strong_antagonism_(20,20,20)",20,20,20,0.666666695038169,58,-122,-7.33814989245897e+21,7.33814989245897e+21,0,FLOAT
"strong_antagonism_(20,20,20)",20,20,20,0.666666696730369,58,-122,-6.16745899227834e+21,6.16745899227834e+21,0,FLOAT
"strong_antagonism_(20,20,20)",20,20,20,0.666666698523499,58,-122,-5.1835341886282e+21,5.1835341886282e+21,0,FLOAT
"strong_antagonism_(20,20,20)",20,20,20,0.666666700423579,58,-122,-4.3565797015611e+21,4.3565797015611e+21,0,FLOAT
"strong_antagonism_(20,20,20)",20,20,20,0.666666702436989,58,-122,-3.66155331764864e+21,3.66155331764864e+21,0,FLOAT
"strong_antagonism_(20,20,20)",20,20,20,0.666666704570486,58,-122,-3.0774079898038e+21,3.0774079898038e+21,0,FLOAT
"strong_antagonism_(20,20,20)",20,20,20,0.666666706831235,58,-122,-2.58645418711348e+21,2.58645418711348e+21,0,FLOAT
"strong_antagonism_(20,20,20)",20,20,20,0.666666709226825,58,-122,-2.17382465567946e+21,2.17382465567946e+21,0,FLOAT
"strong_antagonism_(20,20,20)",20,20,20,0.666666711765299,58,-122,-1.82702394547741e+21,1.82702394547741e+21,0,FLOAT
"strong_antagonism_(20,20,20)",20,20,20,0.666666714455177,58,-122,-1.53555005410375e+21,1.53555005410375e+21,0,FLOAT
"strong_antagonism_(20,20,20)",20,20,20,0.666666717305492,58,-122,-1.29057640144861e+21,1.29057640144861e+21,0,FLOAT
"strong_antagonism_(20,20,20)",20,20,20,0.666666720325813,58,-122,-1.08468458170481e+21,1.08468458170481e+21,0,FLOAT
"strong_antagonism_(20,20,20)",20,20,20,0.666666723526278,58,-122,-9.11639696863239e+20,9.11639696863239e+20,0,FLOAT
"strong_antagonism_(20,20,20)",20,20,20,0.666666726917633,58,-122,-7.66201491032765e+20,7.66201491032765e+20,0,FLOAT
"strong_antagonism_(20,20,20)",20,20,20,0.666666730511263,58,-122,-6.43965755312694e+20,6.43965755312694e+20,0,FLOAT
"strong_antagonism_(20,20,20)",20,20,20,0.666666734319233,58,-122,-5.41230869120535e+20,5.41230869120535e+20,0,FLOAT
"strong_antagonism_(20,20,20)",20,20,20,0.666666738354327,58,-122,-4.54885777008238e+20,4.54885777008238e+20,0,FLOAT
"strong_antagonism_(20,20,20)",20,20,20,0.666666742630091,58,-122,-3.82315727005952e+20,3.82315727005952e+20,0,FLOAT
"strong_antagonism_(20,20,20)",20,20,20,0.66666674716088,58,-122,-3.21323126213316e+20,3.21323126213316e+20,0,FLOAT
"strong_antagonism_(20,20,20)",20,20,20,0.666666751961906,58,-122,-2.700609646042e+20,2.700609646042e+20,0,FLOAT
"strong_antagonism_(20,20,20)",20,20,20,0.666666757049286,58,-122,-2.26976900900007e+20,2.26976900900007e+20,0,FLOAT
"strong_antagonism_(20,20,20)",20,20,20,0.666666762440099,58,-122,-1.90766241988801e+20,1.90766241988801e+20,0,FLOAT
"strong_antagonism_(20,20,20)",20,20,20,0.666666768152444,58,-122,-1.60332437697767e+20,1.60332437697767e+20,0,FLOAT
"strong_antagonism_(20,20,20)",20,20,20,0.666666774205498,58,-122,-1.34753882739489e+20,1.34753882739489e+20,0,FLOAT
"strong_antagonism_(20,20,20)",20,20,20,0.666666780619582,58,-122,-1.13255993275454e+20,1.13255993275454e+20,0,FLOAT
"strong_antagonism_(20,20,20)",20,20,20,0.66666678741623,58,-122,-9.51877626670094e+19,9.51877626670094e+19,0,FLOAT
"strong_antagonism_(20,20,20)",20,20,20,0.66666679461826,58,-122,-8.00020400292601e+19,8.00020400292601e+19,0,FLOAT
"strong_antagonism_(20,20,20)",20,20,20,0.666666802249851,58,-122,-6.72389656403339e+19,6.72389656403339e+19,0,FLOAT
"strong_antagonism_(20,20,20)",20,20,20,0.666666810336623,58,-122,-5.65120430442317e+19,5.65120430442317e+19,0,FLOAT
"strong_antagonism_(20,20,20)",20,20,20,0.666666818905725,58,-122,-4.74964351510368e+19,4.74964351510368e+19,0,FLOAT
"strong_antagonism_(20,20,20)",20,20,20,0.666666827985925,58,-122,-3.99191278537793e+19,3.99191278537793e+19,0,FLOAT
"strong_antagonism_(20,20,20)",20,20,20,0.666666837607709,58,-122,-3.35506624674592e+19,3.35506624674592e+19,0,FLOAT
"strong_antagonism_(20,20,20)",20,20,20,0.666666847803377,58,-122,-2.81981866281965e+19,2.81981866281965e+19,0,FLOAT
"strong_antagonism_(20,20,20)",20,20,20,0.66666685860716,58,-122,-2.36996148927596e+19,2.36996148927596e+19,0,FLOAT
"strong_antagonism_(20,20,20)",20,20,20,0.666666870055327,58,-122,-1.99187200897818e+19,1.99187200897818e+19,0,FLOAT
"strong_antagonism_(20,20,20)",20,20,20,0.666666882186313,58,-122,-1.67410078239214e+19,1.67410078239214e+19,0,FLOAT
"strong_antagonism_(20,20,20)",20,20,20,0.666666895040844,58,-122,-1.40702496256889e+19,1.40702496256889e+19,0,FLOAT
"strong_antagonism_(20,20,20)",20,20,20,0.666666908662074,58,-122,-1.18255688701537e+19,1.18255688701537e+19,0,FLOAT
"strong_antagonism_(20,20,20)",20,20,20,0.666666923095735,58,-122,-9.93899147674951e+18,9.93899147674951e+18,0,FLOAT
"strong_antagonism_(20,20,20)",20,20,20,0.666666938390282,58,-122,-8.35338762411775e+18,8.35338762411775e+18,0,FLOAT
"strong_antagonism_(20,20,20)",20,20,20,0.666666954597062,58,-122,-7.02074164899434e+18,7.02074164899434e+18,0,FLOAT
"strong_antagonism_(20,20,20)",20,20,20,0.666666971770485,58,-122,-5.90069810449806e+18,5.90069810449806e+18,0,FLOAT
"strong_antagonism_(20,20,20)",20,20,20,0.666666989968206,58,-122,-4.95933956084605e+18,4.95933956084605e+18,0,FLOAT
"strong_antagonism_(20,20,20)",20,20,20,0.666667009251318,58,-122,-4.16815964745388e+18,4.16815964745388e+18,0,FLOAT
"strong_antagonism_(20,20,20)",20,20,20,0.666667029684559,58,-122,-3.50319972445111e+18,3.50319972445111e+18,0,FLOAT
"strong_antagonism_(20,20,20)",20,20,20,0.666667051336528,58,-122,-2.94432337498999e+18,2.94432337498999e+18,0,FLOAT
"strong_antagonism_(20,20,20)",20,20,20,0.666667074279914,58,-122,-2.47460665107813e+18,2.47460665107813e+18,0,FLOAT
"strong_antagonism_(20,20,20)",20,20,20,0.666667098591744,58,-122,-2.07982554189063e+18,2.07982554189063e+18,0,FLOAT
"strong_antagonism_(20,20,20)",20,20,20,0.666667124353638,58,-122,-1.7480252668245e+18,1.7480252668245e+18,0,FLOAT
"strong_antagonism_(20,20,20)",20,20,20,0.666667151652083,58,-122,-1.46915823996076e+18,1.46915823996076e+18,0,FLOAT
"strong_antagonism_(20,20,20)",20,20,20,0.666667180578726,58,-122,-1.23477980972029e+18,1.23477980972029e+18,0,FLOAT
"strong_antagonism_(20,20,20)",20,20,20,0.66666721123068,58,-122,-1.03779253705394e+18,1.03779253705394e+18,0,FLOAT
"strong_antagonism_(20,20,20)",20,20,20,0.66666724371085,58,-122,-8.7223126817112e+17,8.7223126817112e+17,0,FLOAT
"strong_antagonism_(20,20,20)",20,20,20,0.666667278128279,58,-122,-7.33082493382626e+17,7.33082493382626e+17,0,FLOAT
"strong_antagonism_(20,20,20)",20,20,20,0.666667314598514,58,-122,-6.16132532268961e+17,6.16132532268961e+17,0,FLOAT
"strong_antagonism_(20,20,20)",20,20,20,0.666667353243992,58,-122,-5.17839926707627e+17,5.17839926707627e+17,0,FLOAT
"strong_antagonism_(20,20,20)",20,20,20,0.666667394194455,58,-122,-4.35228203628258e+17,4.35228203628257e+17,0,FLOAT
"strong_antagonism_(20,20,20)",20,20,20,0.666667437587381,58,-122,-3.65795738546711e+17,3.65795738546711e+17,0,FLOAT
"strong_antagonism_(20,20,20)",20,20,20,0.666667483568452,58,-122,-3.07440000403455e+17,3.07440000403454e+17,0,FLOAT
"strong_antagonism_(20,20,20)",20,20,20,0.666667532292033,58,-122,-2.58393883027625e+17,2.58393883027625e+17,0,FLOAT
"strong_antagonism_(20,20,20)",20,20,20,0.666667583921701,58,-122,-2.17172193873595e+17,2.17172193873595e+17,0,FLOAT
"strong_antagonism_(20,20,20)",20,20,20,0.666667638630787,58,-122,-1.82526678457663e+17,1.82526678457663e+17,0,FLOAT
"strong_antagonism_(20,20,20)",20,20,20,0.666667696602962,58,-122,-1.53408220911043e+17,1.53408220911043e+17,0,FLOAT
"strong_antagonism_(20,20,20)",20,20,20,0.66666775803285,58,-122,-1.28935074424323e+17,1.28935074424323e+17,0,FLOAT
"strong_antagonism_(20,20,20)",20,20,20,0.666667823126684,58,-122,-1.08366160403502e+17,1.08366160403502e+17,0,FLOAT
"strong_antagonism_(20,20,20)",20,20,20,0.666667892102997,58,-122,-9.10786270769226e+16,9.10786270769225e+16,0,FLOAT
"strong_antagonism_(20,20,20)",20,20,20,0.666667965193359,58,-122,-7.65489881487526e+16,7.65489881487525e+16,0,FLOAT
"strong_antagonism_(20,20,20)",20,20,20,0.666668042643148,58,-122,-6.43372708479061e+16,6.4337270847906e+16,0,FLOAT
"strong_antagonism_(20,20,20)",20,20,20,0.66666812471238,58,-122,-5.40736925098384e+16,5.40736925098383e+16,0,FLOAT
"strong_antagonism_(20,20,20)",20,20,20,0.666668211676578,58,-122,-4.54474630598244e+16,4.54474630598243e+16,0,FLOAT
"strong_antagonism_(20,20,20)",20,20,20,0.666668303827701,58,-122,-3.81973735968927e+16,3.81973735968925e+16,0,FLOAT
"strong_antagonism_(20,20,20)",20,20,20,0.666668401475117,58,-122,-3.21038866052004e+16,3.21038866052003e+16,0,FLOAT
"strong_antagonism_(20,20,20)",20,20,20,0.666668504946651,58,-122,-2.69824879256887e+16,2.69824879256886e+16,0,FLOAT
"strong_antagonism_(20,20,20)",20,20,20,0.666668614589678,58,-122,-2.26780993894326e+16,2.26780993894324e+16,0,FLOAT
"strong_antagonism_(20,20,20)",20,20,20,0.666668730772293,58,-122,-1.90603827964757e+16,1.90603827964756e+16,0,FLOAT
"strong_antagonism_(20,20,20)",20,20,20,0.666668853884545,58,-122,-1.60197930679997e+16,1.60197930679996e+16,0,FLOAT
"strong_antagonism_(20,20,20)",20,20,20,0.666668984339748,58,-122,-1.34642610518386e+16,1.34642610518385e+16,0,FLOAT
"strong_antagonism_(20,20,20)",20,20,20,0.666669122575868,58,-122,-1.13164055576485e+16,1.13164055576483e+16,0,FLOAT
"strong_antagonism_(20,20,20)",20,20,20,0.666669269056992,58,-122,-9.51119012071414e+15,9.51119012071402e+15,0,FLOAT
"strong_antagonism_(20,20,20)",20,20,20,0.666669424274889,58,-122,-7.99395363537861e+15,7.99395363537849e+15,0,FLOAT
"strong_antagonism_(20,20,20)",20,20,20,0.666669588750657,58,-122,-6.71875513412451e+15,6.71875513412438e+15,0,FLOAT
"strong_antagonism_(20,20,20)",20,20,20,0.666669763036477,58,-122,-5.6469826539088e+15,5.64698265390868e+15,0,FLOAT
"strong_antagonism_(20,20,20)",20,20,20,0.666669947717462,58,-122,-4.74618401921934e+15,4.74618401921921e+15,0,FLOAT
"strong_antagonism_(20,20,20)",20,20,20,0.666670143413626,58,-122,-3.98908415856104e+15,3.98908415856092e+15,0,FLOAT
"strong_antagonism_(20,20,20)",20,20,20,0.666670350781961,58,-122,-3.35275919667337e+15,3.35275919667325e+15,0,FLOAT
"strong_antagonism_(20,20,20)",20,20,20,0.666670570518648,58,-122,-2.8179422959445e+15,2.81794229594438e+15,0,FLOAT
"strong_antagonism_(20,20,20)",20,20,20,0.666670803361388,58,-122,-2.36844024603389e+15,2.36844024603376e+15,0,FLOAT
"strong_antagonism_(20,20,20)",20,20,20,0.666671050091883,58,-122,-1.99064312486712e+15,1.990643124867e+15,0,FLOAT
"strong_antagonism_(20,20,20)",20,20,20,0.66667131153846,58,-122,-1.67311218394945e+15,1.67311218394933e+15,0,FLOAT
"strong_antagonism_(20,20,20)",20,20,20,0.666671588578849,58,-122,-1.40623347914568e+15,1.40623347914556e+15,0,FLOAT
"strong_antagonism_(20,20,20)",20,20,20,0.666671882143135,58,-122,-1.18192675918414e+15,1.18192675918402e+15,0,FLOAT
"strong_antagonism_(20,20,20)",20,20,20,0.666672193216873,58,-122,-993400795391396,993400795391274,0,FLOAT
"strong_antagonism_(20,20,20)",20,20,20,0.666672522844405,58,-122,-834947743711144,834947743711022,0,FLOAT
"strong_antagonism_(20,20,20)",20,20,20,0.666672872132358,58,-122,-701770313072688,701770313072566,0,FLOAT
"strong_antagonism_(20,20,20)",20,20,20,0.666673242253367,58,-122,-589836505650743,589836505650621,0,FLOAT
"strong_antagonism_(20,20,20)",20,20,20,0.666673634450005,58,-122,-495757530220588,495757530220466,0,FLOAT
"strong_antagonism_(20,20,20)",20,20,20,0.66667405003896,58,-122,-416685192481113,416685192480991,0,FLOAT
"strong_antagonism_(20,20,20)",20,20,20,0.66667449041545,58,-122,-350225654691748,350225654691626,0,FLOAT
"strong_antagonism_(20,20,20)",20,20,20,0.666674957057912,58,-122,-294366953054508,294366953054386,0,FLOAT
"strong_antagonism_(20,20,20)",20,20,20,0.666675451532965,58,-122,-247418078405622,247418078405500,0,FLOAT
"strong_antagonism_(20,20,20)",20,20,20,0.666675975500663,58,-122,-207957775505733,207957775505611,0,FLOAT
"strong_antagonism_(20,20,20)",20,20,20,0.666676530720078,58,-122,-174791509962255,174791509962133,0,FLOAT
"strong_antagonism_(20,20,20)",20,20,20,0.666677119055197,58,-122,-146915300526476,146915300526354,0,FLOAT
"strong_antagonism_(20,20,20)",20,20,20,0.666677742481186,58,-122,-123485321005762,123485321005640,0,FLOAT
"strong_antagonism_(20,20,20)",20,20,20,0.666678403091018,58,-122,-103792351586491,103792351586369,0,FLOAT
"strong_antagonism_(20,20,20)",20,20,20,0.666679103102497,58,-122,-87240305869652.4,87240305869530.4,0,FLOAT
"strong_antagonism_(20,20,20)",20,20,20,0.666679844865711,58,-122,-73328183443296.3,73328183443174.3,0,FLOAT
"strong_antagonism_(20,20,20)",20,20,20,0.666680630870915,58,-122,-61634901489938.1,61634901489816.1,0,FLOAT
"strong_antagonism_(20,20,20)",20,20,20,0.666681463756893,58,-122,-51806546194618.3,51806546194496.3,0,FLOAT
"strong_antagonism_(20,20,20)",20,20,20,0.666682346319819,58,-122,-43545657843660.7,43545657843538.7,0,FLOAT
"strong_antagonism_(20,20,20)",20,20,20,0.666683281522644,58,-122,-36602225249268.5,36602225249146.5,0,FLOAT
"strong_antagonism_(20,20,20)",20,20,20,0.666684272505039,58,-122,-30766116783490.5,30766116783368.5,0,FLOAT
"strong_antagonism_(20,20,20)",20,20,20,0.666685322593942,58,-122,-25860718844254.3,25860718844132.3,0,FLOAT
"strong_antagonism_(20,20,20)",20,20,20,0.666686435314721,58,-122,-21737589140977.9,21737589140855.9,0,FLOAT
"strong_antagonism_(20,20,20)",20,20,20,0.666687614403016,58,-122,-18271962899648.6,18271962899526.6,0,FLOAT
"strong_antagonism_(20,20,20)",20,20,20,0.666688863817274,58,-122,-15358975935216.8,15358975935094.8,0,FLOAT
"strong_antagonism_(20,20,20)",20,20,20,0.666690187752041,58,-122,-12910490219933.9,12910490219811.9,0,FLOAT
"strong_antagonism_(20,20,20)",20,20,20,0.666691590652045,58,-122,-10852425842733.7,10852425842611.7,0,FLOAT
"strong_antagonism_(20,20,20)",20,20,20,0.666693077227118,58,-122,-9122518574320.65,9122518574198.65,0,FLOAT
"strong_antagonism_(20,20,20)",20,20,20,0.666694652468004,58,-122,-7668435142691.37,7668435142569.37,0,FLOAT
"strong_antagonism_(20,20,20)",20,20,20,0.66669632166312,58,-122,-6446189156269.08,6446189156147.08,0,FLOAT
"strong_antagonism_(20,20,20)",20,20,20,0.666698090416304,58,-122,-5418809715422.8,5418809715300.8,0,FLOAT
"strong_antagonism_(20,20,20)",20,20,20,0.666699964665634,58,-122,-4555222400831.22,4555222400709.22,0,FLOAT
"strong_antagonism_(20,20,20)",20,20,20,0.66670195070336,58,-122,-3829308761389.39,3829308761267.39,0,FLOAT
"strong_antagonism_(20,20,20)",20,20,20,0.666704055197027,58,-122,-3219115826955.07,3219115826833.07,0,FLOAT
"strong_antagonism_(20,20,20)",20,20,20,0.666706285211866,58,-122,-2706191713244.63,2706191713122.63,0,FLOAT
"strong_antagonism_(20,20,20)",20,20,20,0.666708648234505,58,-122,-2275027205084.51,2275027204962.51,0,FLOAT
"strong_antagonism_(20,20,20)",20,20,20,0.666711152198109,58,-122,-1912586413041.96,1912586412919.96,0,FLOAT
"strong_antagonism_(20,20,20)",20,20,20,0.666713805509012,58,-122,-1607912293859.57,1607912293737.57,0,FLOAT
"strong_antagonism_(20,20,20)",20,20,20,0.666716617074936,58,-122,-1351795092844.73,1351795092722.73,0,FLOAT
"strong_antagonism_(20,20,20)",20,20,20,0.6667195963349,58,-122,-1136493671556.82,1136493671434.82,0,FLOAT
"strong_antagonism_(20,20,20)",20,20,20,0.666722753290909,58,-122,-955501284588.785,955501284466.785,0,FLOAT
"strong_antagonism_(20,20,20)",20,20,20,0.666726098541527,58,-122,-803348715076.799,803348714954.799,0,FLOAT
"strong_antagonism_(20,20,20)",20,20,20,0.666729643317467,58,-122,-675438810016.633,675438809894.633,0,FLOAT
"strong_antagonism_(20,20,20)",20,20,20,0.666733399519287,58,-122,-567907406747.165,567907406625.165,0,FLOAT
"strong_antagonism_(20,20,20)",20,20,20,0.666737379757347,58,-122,-477506440869.613,477506440747.613,0,FLOAT
"strong_antagonism_(20,20,20)",20,20,20,0.666741597394146,58,-122,-401505697586.824,401505697464.824,0,FLOAT
"strong_antagonism_(20,20,20)",20,20,20,0.666746066589179,58,-122,-337610232699.401,337610232577.401,0,FLOAT
"strong_antagonism_(20,20,20)",20,20,20,0.666750802346474,58,-122,-283890963901.973,283890963779.973,0,FLOAT
"strong_antagonism_(20,20,20)",20,20,20,0.666755820564966,58,-122,-238726331665.882,238726331543.882,0,FLOAT
"strong_antagonism_(20,20,20)",20,20,20,0.666761138091871,58,-122,-200753264118.454,200753263996.454,0,FLOAT
"strong_antagonism_(20,20,20)",20,20,20,0.666766772779247,58,-122,-168825961953.42,168825961831.42,0,FLOAT
"strong_antagonism_(20,20,20)",20,20,20,0.666772743543927,58,-122,-141981256101.224,141981255979.224,0,FLOAT
"strong_antagonism_(20,20,20)",20,20,20,0.666779070431024,58,-122,-119409489846.18,119409489724.18,0,FLOAT
"strong_antagonism_(20,20,20)",20,20,20,0.666785774681232,58,-122,-100430044295.707,100430044173.707,0,FLOAT
"strong_antagonism_(20,20,20)",20,20,20,0.666792878802131,58,-122,-84470766635.9512,84470766513.9512,0,FLOAT
"strong_antagonism_(20,20,20)",20,20,20,0.66680040664375,58,-122,-71050678734.4954,71050678612.4954,0,FLOAT
"strong_antagonism_(20,20,20)",20,20,20,0.666808383478639,58,-122,-59765442934.483,59765442812.483,0,FLOAT
"strong_antagonism_(20,20,20)",20,20,20,0.666816836086713,58,-122,-50275145320.4865,50275145198.4865,0,FLOAT
"strong_antagonism_(20,20,20)",20,20,20,0.666825792845157,58,-122,-42294026877.732,42294026755.732,0,FLOAT
"strong_antagonism_(20,20,20)",20,20,20,0.666835283823696,58,-122,-35581851904.1527,35581851782.1527,0,FLOAT
"strong_antagonism_(20,20,20)",20,20,20,0.666845340885544,58,-122,-29936652587.1818,29936652465.1818,0,FLOAT
"strong_antagonism_(20,20,20)",20,20,20,0.666855997794376,58,-122,-25188630293.8057,25188630171.8057,0,FLOAT
"strong_antagonism_(20,20,20)",20,20,20,0.666867290327678,58,-122,-21195029122.1215,21195029000.1215,0,FLOAT
"strong_antagonism_(20,20,20)",20,20,20,0.666879256396864,58,-122,-17835826681.8598,17835826559.8598,0,FLOAT
"strong_antagonism_(20,20,20)",20,20,20,0.666891936174548,58,-122,-15010111794.7443,15010111672.7443,0,FLOAT
"strong_antagonism_(20,20,20)",20,20,20,0.666905372229415,58,-122,-12633039586.724,12633039464.724,0,FLOAT
"strong_antagonism_(20,20,20)",20,20,20,0.666919609669129,58,-122,-10633271912.3537,10633271790.3537,0,FLOAT
"strong_antagonism_(20,20,20)",20,20,20,0.666934696291775,58,-122,-8950825731.25325,8950825609.25325,0,FLOAT
"strong_antagonism_(20,20,20)",20,20,20,0.666950682746323,58,-122,-7535264396.74653,7535264274.74653,0,FLOAT
"strong_antagonism_(20,20,20)",20,20,20,0.666967622702667,58,-122,-6344177188.33354,6344177066.33354,0,FLOAT
"strong_antagonism_(20,20,20)",20,20,20,0.666985573031808,58,-122,-5341901136.41355,5341901014.41355,0,FLOAT
"strong_antagonism_(20,20,20)",20,20,20,0.667004593996783,58,-122,-4498446515.83623,4498446393.83623,0,FLOAT
"strong_antagonism_(20,20,20)",20,20,20,0.667024749454976,58,-122,-3788593542.23183,3788593420.23183,0,FLOAT
"strong_antagonism_(20,20,20)",20,20,20,0.667046107072505,58,-122,-3191132982.61692,3191132860.61692,0,FLOAT
"strong_antagonism_(20,20,20)",20,20,20,0.667068738551391,58,-122,-2688227741.90438,2688227619.90438,0,FLOAT
"strong_antagonism_(20,20,20)",20,20,20,0.667092719870275,58,-122,-2264876144.51352,2264876022.51352,0,FLOAT
"strong_antagonism_(20,20,20)",20,20,20,0.667118131539495,58,-122,-1908460703.96781,1908460581.96781,0,FLOAT
"strong_antagonism_(20,20,20)",20,20,20,0.667145058871377,58,-122,-1608368757.19959,1608368635.19959,0,FLOAT
"strong_antagonism_(20,20,20)",20,20,20,0.667173592266644,58,-122,-1355673512.01538,1355673390.01538,0,FLOAT
"strong_antagonism_(20,20,20)",20,20,20,0.667203827517915,58,-122,-1142865881.5989,1142865759.5989,0,FLOAT
"strong_antagonism_(20,20,20)",20,20,20,0.667235866131295,58,-122,-963629014.400566,963628892.400566,0,FLOAT
"strong_antagonism_(20,20,20)",20,20,20,0.667269815667157,58,-122,-812648717.422402,812648595.422402,0,FLOAT
"strong_antagonism_(20,20,20)",20,20,20,0.667305790101244,58,-122,-685454055.082293,685453933.082293,0,FLOAT
"strong_antagonism_(20,20,20)",20,20,20,0.667343910207308,58,-122,-578283317.090275,578283195.090275,0,FLOAT
"strong_antagonism_(20,20,20)",20,20,20,0.667384303962572,58,-122,-487971314.777369,487971192.777369,0,FLOAT
"strong_antagonism_(20,20,20)",20,20,20,0.667427106977381,58,-122,-411854609.179556,411854487.179556,0,FLOAT
"strong_antagonism_(20,20,20)",20,20,20,0.66747246295047,58,-122,-347691815.440816,347691693.440816,0,FLOAT
"strong_antagonism_(20,20,20)",20,20,20,0.667520524151393,58,-122,-293596583.043798,293596461.043798,0,FLOAT
"strong_antagonism_(20,20,20)",20,20,20,0.667571451931725,58,-122,-247981233.840809,247981111.840809,0,FLOAT
"strong_antagonism_(20,20,20)",20,20,20,0.667625417266748,58,-122,-209509361.327486,209509239.327486,0,FLOAT
"strong_antagonism_(20,20,20)",20,20,20,0.66768260132946,58,-122,-177055964.862286,177055842.862286,0,FLOAT
"strong_antagonism_(20,20,20)",20,20,20,0.667743196098802,58,-122,-149673919.714395,149673797.714395,0,FLOAT
"strong_antagonism_(20,20,20)",20,20,20,0.667807405004176,58,-122,-126565774.792806,126565652.792806,0,FLOAT
"strong_antagonism_(20,20,20)",20,20,20,0.667875443608401,58,-122,-107060030.462577,107059908.462577,0,FLOAT
"strong_antagonism_(20,20,20)",20,20,20,0.667947540331402,58,-122,-90591183.812124,90591061.812124,0,FLOAT
"strong_antagonism_(20,20,20)",20,20,20,0.668023937217061,58,-122,-76682942.1994238,76682820.1994238,0,FLOAT
"strong_antagonism_(20,20,20)",20,20,20,0.668104890745814,58,-122,-64934101.2880692,64933979.2880692,0,FLOAT
"strong_antagonism_(20,20,20)",20,20,20,0.668190672695706,58,-122,-55006663.9749637,55006541.9749637,0,FLOAT
"strong_antagonism_(20,20,20)",20,20,20,0.66828157105481,58,-122,-46615844.0282342,46615722.0282342,0,FLOAT
"strong_antagonism_(20,20,20)",20,20,20,0.668377890988062,58,-122,-39521654.9323905,39521532.9323905,0,FLOAT
"strong_antagonism_(20,20,20)",20,20,20,0.668479955861763,58,-122,-33521832.0911451,33521710.0911451,0,FLOAT
"strong_antagonism_(20,20,20)",20,20,20,0.668588108329191,58,-122,-28445876.6021453,28445754.6021453,0,FLOAT
"strong_antagonism_(20,20,20)",20,20,20,0.668702711480957,58,-122,-24150042.5036522,24149920.5036522,0,FLOAT
"strong_antagonism_(20,20,20)",20,20,20,0.668824150063978,58,-122,-20513117.715129,20512995.715129,0,FLOAT
"strong_antagonism_(20,20,20)",20,20,20,0.668952831773153,58,-122,-17432872.7080862,17432750.7080862,0,FLOAT
"strong_antagonism_(20,20,20)",20,20,20,0.669089188620082,58,-122,-14823070.9669154,14822948.9669154,0,FLOAT
"strong_antagonism_(20,20,20)",20,20,20,0.669233678383419,58,-122,-12610952.1365124,12610830.1365124,0,FLOAT
"strong_antagonism_(20,20,20)",20,20,20,0.669386786145729,58,-122,-10735112.9115775,10734990.9115775,0,FLOAT
"strong_antagonism_(20,20,20)",20,20,20,0.669549025922018,58,-122,-9143722.62782635,9143600.62782635,0,FLOAT
"strong_antagonism_(20,20,20)",20,20,20,0.669720942385384,58,-122,-7793020.52726155,7792898.52726155,0,FLOAT
"strong_antagonism_(20,20,20)",20,20,20,0.669903112695601,58,-122,-6646050.08893375,6645928.08893375,0,FLOAT
"strong_antagonism_(20,20,20)",20,20,20,0.670096148436769,58,-122,-5671592.89747746,5671470.89747746,0,FLOAT
"strong_antagonism_(20,20,20)",20,20,20,0.670300697670525,58,-122,-4843270.47658072,4843148.47658072,0,FLOAT
"strong_antagonism_(20,20,20)",20,20,20,0.670517447111728,58,-122,-4138787.52309184,4138665.52309184,0,FLOAT
"strong_antagonism_(20,20,20)",20,20,20,0.670747124433902,58,-122,-3539294.18997072,3539172.18997072,0,FLOAT
"strong_antagonism_(20,20,20)",20,20,20,0.67099050071219,58,-122,-3028848.60961815,3028726.60961815,0,FLOAT
"strong_antagonism_(20,20,20)",20,20,20,0.671248393012015,58,-122,-2593963.82957931,2593841.82957931,0,FLOAT
"strong_antagonism_(20,20,20)",20,20,20,0.671521667132144,58,-122,-2223225.83980453,2223103.83980453,0,FLOAT
"strong_antagonism_(20,20,20)",20,20,20,0.671811240511352,58,-122,-1906971.47983622,1906849.47983622,0,FLOAT
"strong_antagonism_(20,20,20)",20,20,20,0.67211808530846,58,-122,-1637016.78870517,1636894.78870517,0,FLOAT
"strong_antagonism_(20,20,20)",20,20,20,0.672443231666078,58,-122,-1406427.85322885,1406305.85322885,0,FLOAT
"strong_antagonism_(20,20,20)",20,20,20,0.672787771169006,58,-122,-1209327.46652399,1209205.46652399,0,FLOAT
"strong_antagonism_(20,20,20)",20,20,20,0.673152860508921,58,-122,-1040731.96549595,1040609.96549595,0,FLOAT
"strong_antagonism_(20,20,20)",20,20,20,0.673539725367628,58,-122,-896413.505511121,896291.505511121,0,FLOAT
"strong_antagonism_(20,20,20)",20,20,20,0.673949664531935,58,-122,-772783.7789685,772661.7789685,0,FLOAT
"strong_antagonism_(20,20,20)",20,20,20,0.674384054253956,58,-122,-666795.81446799,666673.81446799,0,FLOAT
"strong_antagonism_(20,20,20)",20,20,20,0.674844352871474,58,-122,-575861.023517446,575739.023517446,0,FLOAT
"strong_antagonism_(20,20,20)",20,20,20,0.675332105703892,58,-122,-497779.10806922,497657.10806922,0,FLOAT
"strong_antagonism_(20,20,20)",20,20,20,0.675848950240194,58,-122,-430678.817930934,430556.817930934,0,FLOAT
"strong_antagonism_(20,20,20)",20,20,20,0.676396621636343,58,-122,-372967.863452511,372845.863452511,0,FLOAT
"strong_antagonism_(20,20,20)",20,20,20,0.676976958540561,58,-122,-323290.55526667,323168.55526667,0,FLOAT
"strong_antagonism_(20,20,20)",20,20,20,0.677591909266059,58,-122,-280491.967174189,280369.967174189,0,FLOAT
"strong_antagonism_(20,20,20)",20,20,20,0.67824353833194,58,-122,-243587.607180551,243465.607180551,0,FLOAT
"strong_antagonism_(20,20,20)",20,20,20,0.678934033394218,58,-122,-211737.740811733,211615.740811733,0,FLOAT
"strong_antagonism_(20,20,20)",20,20,20,0.679665712590243,58,-122,-184225.644880012,184103.644880012,0,FLOAT
"strong_antagonism_(20,20,20)",20,20,20,0.680441032321174,58,-122,-160439.182802316,160317.182802316,0,FLOAT
"strong_antagonism_(20,20,20)",20,20,20,0.681262595498641,58,-122,-139855.187732032,139733.187732032,0,FLOAT
"strong_antagonism_(20,20,20)",20,20,20,0.68213316028326,58,-122,-122026.219959117,121904.219959117,0,FLOAT
"strong_antagonism_(20,20,20)",20,20,20,0.683055649344363,58,-122,-106569.332626724,106447.332626724,0,FLOAT
"strong_antagonism_(20,20,20)",20,20,20,0.684033159672015,58,-122,-93156.5367936292,93034.5367936292,0,FLOAT
"strong_antagonism_(20,20,20)",20,20,20,0.68506897297426,58,-122,-81506.7049158169,81384.7049158169,0,FLOAT
"strong_antagonism_(20,20,20)",20,20,20,0.686166566694507,58,-122,-71378.6923357621,71256.6923357621,0,FLOAT
"strong_antagonism_(20,20,20)",20,20,20,0.687329625686041,58,-122,-62565.4905408953,62443.4905408953,0,FLOAT
"strong_antagonism_(20,20,20)",20,20,20,0.68856205458285,58,-122,-54889.2547819512,54767.2547819512,0,FLOAT
"strong_antagonism_(20,20,20)",20,20,20,0.689867990908302,58,-122,-48197.0729679374,48075.0729679374,0,FLOAT
"strong_antagonism_(20,20,20)",20,20,20,0.691251818965688,58,-122,-42357.3632854218,42235.3632854218,0,FLOAT
"strong_antagonism_(20,20,20)",20,20,20,0.692718184557244,58,-122,-37256.8053215898,37134.8053215898,0,FLOAT
"strong_antagonism_(20,20,20)",20,20,20,0.694272010581095,58,-122,-32797.7241053895,32675.7241053895,0,FLOAT
"strong_antagonism_(20,20,20)",20,20,20,0.695918513558455,58,-122,-28895.8588416581,28773.8588416581,0,FLOAT
"strong_antagonism_(20,20,20)",20,20,20,0.697663221146592,58,-122,-25478.4585558166,25356.4585558166,0,FLOAT
"strong_antagonism_(20,20,20)",20,20,20,0.699511990696333,58,-122,-22482.6556915101,22360.6556915101,0,FLOAT
"strong_antagonism_(20,20,20)",20,20,20,0.701471028916427,58,-122,-19854.0761634398,19732.0761634398,0,FLOAT
"strong_antagonism_(20,20,20)",20,20,20,0.703546912710775,58,-122,-17545.6506755654,17423.6506755654,0,FLOAT
"strong_antagonism_(20,20,20)",20,20,20,0.705746611258478,58,-122,-15516.5974505782,15394.5974505782,0,FLOAT
"strong_antagonism_(20,20,20)",20,20,20,0.708077509410841,58,-122,-13731.5510313879,13609.5510313879,0,FLOAT
"strong_antagonism_(20,20,20)",20,20,20,0.710547432483875,58,-122,-12159.8156370158,12037.8156370158,0,FLOAT
"strong_antagonism_(20,20,20)",20,20,20,0.713164672529529,58,-122,-10774.7247913996,10652.7247913996,0,FLOAT
"strong_antagonism_(20,20,20)",20,20,20,0.715938016173855,58,-122,-9553.09168496803,9431.09168496803,0,FLOAT
"strong_antagonism_(20,20,20)",20,20,20,0.718876774115565,58,-122,-8474.73705203118,8352.73705203118,0,FLOAT
"strong_antagonism_(20,20,20)",20,20,20,0.721990812384003,58,-122,-7522.08331669202,7400.08331669202,0,FLOAT
"strong_antagonism_(20,20,20)",20,20,20,0.725290585461487,58,-122,-6679.80543063523,6557.80543063523,0,FLOAT
"strong_antagonism_(20,20,20)",20,20,20,0.728787171381207,58,-122,-5934.53024385104,5812.53024385104,0,FLOAT
"strong_antagonism_(20,20,20)",20,20,20,0.732492308918514,58,-122,-5274.5774529546,5152.5774529546,0,FLOAT
"strong_antagonism_(20,20,20)",20,20,20,0.736418437000464,58,-122,-4689.73619411239,4567.73619411239,0,FLOAT
"strong_antagonism_(20,20,20)",20,20,20,0.740578736465914,58,-122,-4171.07221640422,4049.07221640422,0,FLOAT
"strong_antagonism_(20,20,20)",20,20,20,0.744987174316374,58,-122,-3710.76131017463,3588.76131017463,0,FLOAT
"strong_antagonism_(20,20,20)",20,20,20,0.749658550606174,58,-122,-3301.94529336009,3179.94529336009,0,FLOAT
"strong_antagonism_(20,20,20)",20,20,20,0.754608548129361,58,-122,-2938.60739366273,2816.60739366273,0,FLOAT
"strong_antagonism_(20,20,20)",20,20,20,0.759853785070145,58,-122,-2615.46431993551,2493.46431993551,0,FLOAT
"strong_antagonism_(20,20,20)",20,20,20,0.765411870793641,58,-122,-2327.87270421751,2205.87270421751,0,FLOAT
"strong_antagonism_(20,20,20)",20,20,20,0.771301464964215,58,-122,-2071.74792663583,1949.74792663583,0,FLOAT
"strong_antagonism_(20,20,20)",20,20,20,0.777542340189913,58,-122,-1843.49361743337,1721.49361743337,0,FLOAT
"strong_antagonism_(20,20,20)",20,20,20,0.784155448403264,58,-122,-1639.94037091934,1517.94037091934,0,FLOAT
"strong_antagonism_(20,20,20)",20,20,20,0.791162991201332,58,-122,-1458.29241127648,1336.29241127648,0,FLOAT
"strong_antagonism_(20,20,20)",20,20,20,0.798588494381158,58,-122,-1296.08112502956,1174.08112502956,0,FLOAT
"strong_antagonism_(20,20,20)",20,20,20,0.806456886920807,58,-122,-1151.12452388722,1029.12452388722,0,FLOAT
"strong_antagonism_(20,20,20)",20,20,20,0.814794584671205,58,-122,-1021.49182818157,899.491828181571,0,FLOAT
"strong_antagonism_(20,20,20)",20,20,20,0.823629579039712,58,-122,-905.472468163039,783.472468163039,0,FLOAT
"strong_antagonism_(20,20,20)",20,20,20,0.83299153096317,58,-122,-801.54889025658,679.54889025658,0,FLOAT
"strong_antagonism_(20,20,20)",20,20,20,0.842911870485915,58,-122,-708.372629736335,586.372629736335,0,FLOAT
"strong_antagonism_(20,20,20)",20,20,20,0.853423902277057,58,-122,-624.74317114772,502.74317114772,0,FLOAT
"strong_antagonism_(20,20,20)",20,20,20,0.864562917441269,58,-122,-549.589163421253,427.589163421253,0,FLOAT
"strong_antagonism_(20,20,20)",20,20,20,0.876366311998457,58,-122,-481.951587141289,359.951587141289,0,FLOAT
"strong_antagonism_(20,20,20)",20,20,20,0.888873712430073,58,-122,-420.968484470939,298.968484470939,0,FLOAT
"strong_antagonism_(20,20,20)",20,20,20,0.9,58,-122,-374.134531740541,252.134531740541,0,FLOAT
"strong_antagonism_(20,20,20)",20,20,20,0.902127108713561,58,-122,-365.860852991917,243.860852991917,0,FLOAT
"strong_antagonism_(20,20,20)",20,20,20,0.912667383761716,58,-122,-327.669725892732,205.669725892732,0,FLOAT
"strong_antagonism_(20,20,20)",20,20,20,0.916170995291558,58,-122,-315.919264408418,193.919264408418,0,FLOAT
"strong_antagonism_(20,20,20)",20,20,20,0.923730141409766,58,-122,-291.990559899338,169.990559899338,0,FLOAT
"strong_antagonism_(20,20,20)",20,20,20,0.931052520449102,58,-122,-270.490682027507,148.490682027507,0,FLOAT
"strong_antagonism_(20,20,20)",20,20,20,0.933391537091908,58,-122,-263.940251351749,141.940251351749,0,FLOAT
"strong_antagonism_(20,20,20)",20,20,20,0.941829086706256,58,-122,-241.471451035343,119.471451035343,0,FLOAT
"strong_antagonism_(20,20,20)",20,20,20,0.946821644600358,58,-122,-228.964789203006,106.964789203006,0,FLOAT
"strong_antagonism_(20,20,20)",20,20,20,0.94919781953087,58,-122,-223.201813448129,101.201813448129,0,FLOAT
"strong_antagonism_(20,20,20)",20,20,20,0.955633126690214,58,-122,-208.165631842285,86.1656318422849,0,FLOAT
"strong_antagonism_(20,20,20)",20,20,20,0.961253248795439,58,-122,-195.668213367639,73.6682133676387,0,FLOAT
"strong_antagonism_(20,20,20)",20,20,20,0.963531308016255,58,-122,-190.758853729818,68.7588537298179,0,FLOAT
"strong_antagonism_(20,20,20)",20,20,20,0.966161448465718,58,-122,-185.196962548549,63.1969625485491,0,FLOAT
"strong_antagonism_(20,20,20)",20,20,20,0.970447907647971,58,-122,-176.365169163421,54.3651691634213,0,FLOAT
"strong_antagonism_(20,20,20)",20,20,20,0.974191384595819,58,-122,-168.875378205139,46.8753782051387,0,FLOAT
"strong_antagonism_(20,20,20)",20,20,20,0.977460660952652,58,-122,-162.494871757756,40.4948717577561,0,FLOAT
"strong_antagonism_(20,20,20)",20,20,20,0.980315805527134,58,-122,-157.038858446295,35.0388584462946,0,FLOAT
"strong_antagonism_(20,20,20)",20,20,20,0.981237608556118,58,-122,-155.299645788094,33.2996457880943,0,FLOAT
"strong_antagonism_(20,20,20)",20,20,20,0.982809277981414,58,-122,-152.358692950617,30.3586929506168,0,FLOAT
"strong_antagonism_(20,20,20)",20,20,20,0.984986892710918,58,-122,-148.333453378349,26.3334533783493,0,FLOAT
"strong_antagonism_(20,20,20)",20,20,20,0.986888660625784,58,-122,-144.863806827133,22.8638068271332,0,FLOAT
"strong_antagonism_(20,20,20)",20,20,20,0.988549524300617,58,-122,-141.867464032481,19.8674640324813,0,FLOAT
"strong_antagonism_(20,20,20)",20,20,20,0.99,58,-122,-139.275757198446,17.2757571984458,0,FLOAT
"strong_antagonism_(20,20,20)",20,20,20,0.991266738376172,58,-122,-137.031024923069,15.0310249230695,0,FLOAT
"strong_antagonism_(20,20,20)",20,20,20,0.992373014140977,58,-122,-135.084586189307,13.0845861893065,0,FLOAT
"strong_antagonism_(20,20,20)",20,20,20,0.993339153709191,58,-122,-133.39515067841,11.3951506784101,0,FLOAT
"strong_antagonism_(20,20,20)",20,20,20,0.994182908670626,58,-122,-131.927556818412,9.92755681841186,0,FLOAT
"strong_antagonism_(20,20,20)",20,20,20,0.994919781953087,58,-122,-130.651759285256,8.65175928525554,0,FLOAT
"strong_antagonism_(20,20,20)",20,20,20,0.995563312669021,58,-122,-129.542008761675,7.54200876167471,0,FLOAT
"strong_antagonism_(20,20,20)",20,20,20,0.996125324879544,58,-122,-128.576181625895,6.57618162589478,0,FLOAT
"strong_antagonism_(20,20,20)",20,20,20,0.996616144846572,58,-122,-127.735227855668,5.73522785566831,0,FLOAT
"strong_antagonism_(20,20,20)",20,20,20,0.997044790764797,58,-122,-127.002713101909,5.00271310190925,0,FLOAT
"strong_antagonism_(20,20,20)",20,20,20,0.997419138459582,58,-122,-126.364436492179,4.36443649217895,0,FLOAT
"strong_antagonism_(20,20,20)",20,20,20,0.997746066095265,58,-122,-125.808109868919,3.80810986891942,0,FLOAT
"strong_antagonism_(20,20,20)",20,20,20,0.998031580552713,58,-122,-125.323087265362,3.32308726536172,0,FLOAT
"strong_antagonism_(20,20,20)",20,20,20,0.998280927798141,58,-122,-124.900135762512,2.90013576251235,0,FLOAT
"strong_antagonism_(20,20,20)",20,20,20,0.998498689271092,58,-122,-124.531240657127,2.53124065712672,0,FLOAT
"strong_antagonism_(20,20,20)",20,20,20,0.998688866062578,58,-122,-124.2094392479,2.20943924790021,0,FLOAT
"strong_antagonism_(20,20,20)",20,20,20,0.998854952430062,58,-122,-123.928678619196,1.92867861919646,0,FLOAT
"strong_antagonism_(20,20,20)",20,20,20,0.999,58,-122,-123.683693643899,1.68369364389937,0,FLOAT
"strong_antagonism_(20,20,20)",20,20,20,0.999126673837617,58,-122,-123.469902094496,1.46990209449581,0,FLOAT
"strong_antagonism_(20,20,20)",20,20,20,0.999237301414098,58,-122,-123.283314285004,1.28331428500366,0,FLOAT
"strong_antagonism_(20,20,20)",20,20,20,0.999333915370919,58,-122,-123.120455096156,1.12045509615555,0,FLOAT
"strong_antagonism_(20,20,20)",20,20,20,0.999418290867063,58,-122,-122.978296585046,0.978296585045598,0,FLOAT
"strong_antagonism_(20,20,20)",20,20,20,0.999491978195309,58,-122,-122.854199665536,0.854199665535873,0,FLOAT
"strong_antagonism_(20,20,20)",20,20,20,0.999556331266902,58,-122,-122.745863580234,0.745863580233788,0,FLOAT
"strong_antagonism_(20,20,20)",20,20,20,0.999612532487954,58,-122,-122.65128207891,0.651282078910469,0,FLOAT
"strong_antagonism_(20,20,20)",20,20,20,0.999661614484657,58,-122,-122.568705379754,0.568705379754078,0,FLOAT
"strong_antagonism_(20,20,20)",20,20,20,0.99970447907648,58,-122,-122.496607124914,0.496607124914192,0,FLOAT
"strong_antagonism_(20,20,20)",20,20,20,0.999741913845958,58,-122,-122.433655655321,0.433655655320791,0,FLOAT
"strong_antagonism_(20,20,20)",20,20,20,0.999774606609527,58,-122,-122.378689025536,0.378689025535635,0,FLOAT
"strong_antagonism_(20,20,20)",20,20,20,0.999803158055271,58,-122,-122.330693260543,0.330693260543057,0,FLOAT
"strong_antagonism_(20,20,20)",20,20,20,0.999828092779814,58,-122,-122.288783425346,0.28878342534577,0,FLOAT
"strong_antagonism_(20,20,20)",20,20,20,0.999849868927109,58,-122,-122.252187137046,0.25218713704578,0,FLOAT
"strong_antagonism_(20,20,20)",20,20,20,0.999868886606258,58,-122,-122.220230199363,0.220230199362675,0,FLOAT
"strong_antagonism_(20,20,20)",20,20,20,0.999885495243006,58,-122,-122.192324082646,0.192324082645825,0,FLOAT
"strong_antagonism_(20,20,20)",20,20,20,0.9999,58,-122,-122.167955009449,0.167955009448548,0,FLOAT
"strong_antagonism_(20,20,20)",20,20,20,0.999912667383762,58,-122,-122.146674437605,0.146674437605043,0,FLOAT
"strong_antagonism_(20,20,20)",20,20,20,0.99992373014141,58,-122,-122.128090760226,0.128090760225803,0,FLOAT
"strong_antagonism_(20,20,20)",20,20,20,0.999933391537092,58,-122,-122.111862065744,0.11186206574348,0,FLOAT
"strong_antagonism_(20,20,20)",20,20,20,0.999941829086706,58,-122,-122.097689821674,0.0976898216738959,0,FLOAT
"strong_antagonism_(20,20,20)",20,20,20,0.999949197819531,58,-122,-122.085313363503,0.0853133635027348,0,FLOAT
"strong_antagonism_(20,20,20)",20,20,20,0.99995563312669,58,-122,-122.07450508552,0.0745050855202294,0,FLOAT
"strong_antagonism_(20,20,20)",20,20,20,0.999961253248795,58,-122,-122.06506624377,0.0650662437697349,0,FLOAT
"strong_antagonism_(20,20,20)",20,20,20,0.999966161448466,58,-122,-122.056823292879,0.0568232928788746,0,FLOAT
"strong_antagonism_(20,20,20)",20,20,20,0.999970447907648,58,-122,-122.049624688613,0.0496246886125391,0,FLOAT
"strong_antagonism_(20,20,20)",20,20,20,0.999974191384596,58,-122,-122.043338096756,0.0433380967562584,0,FLOAT
"strong_antagonism_(20,20,20)",20,20,20,0.999977460660953,58,-122,-122.037847956543,0.0378479565431746,0,FLOAT
"strong_antagonism_(20,20,20)",20,20,20,0.999980315805527,58,-122,-122.033053353483,0.0330533534826145,0,FLOAT
"strong_antagonism_(20,20,20)",20,20,20,0.999982809277981,58,-122,-122.028866162222,0.0288661622220161,0,FLOAT
"strong_antagonism_(20,20,20)",20,20,20,0.999984986892711,58,-122,-122.025209425093,0.0252094250932089,0,FLOAT
"strong_antagonism_(20,20,20)",20,20,20,0.999986888660626,58,-122,-122.022015936388,0.0220159363882431,0,FLOAT
"strong_antagonism_(20,20,20)",20,20,20,0.999988549524301,58,-122,-122.019227006227,0.0192270062271689,0,FLOAT
"strong_antagonism_(20,20,20)",20,20,20,0.99999,58,-122,-122.016791381201,0.0167913812013865,0,FLOAT
"strong_antagonism_(20,20,20)",20,20,20,0.999991266738376,58,-122,-122.014664301893,0.0146643018929637,0,FLOAT
"strong_antagonism_(20,20,20)",20,20,20,0.999992373014141,58,-122,-122.012806679894,0.0128066798943962,0,FLOAT
"strong_antagonism_(20,20,20)",20,20,20,0.999993339153709,58,-122,-122.011184379164,0.0111843791639785,0,FLOAT
"strong_antagonism_(20,20,20)",20,20,20,0.999994182908671,58,-122,-122.009767588479,0.00976758847934889,0,FLOAT
"strong_antagonism_(20,20,20)",20,20,20,0.999994919781953,58,-122,-122.008530273437,0.00853027343666213,0,FLOAT
"strong_antagonism_(20,20,20)",20,20,20,0.999995563312669,58,-122,-122.007449697903,0.00744969790270034,0,FLOAT
"strong_antagonism_(20,20,20)",20,20,20,0.99999612532488,58,-122,-122.006506006118,0.00650600611817254,0,FLOAT
"strong_antagonism_(20,20,20)",20,20,20,0.999996616144847,58,-122,-122.005681857758,0.00568185775756547,0,FLOAT
"strong_antagonism_(20,20,20)",20,20,20,0.999997044790765,58,-122,-122.004962109236,0.00496210923557783,0,FLOAT
"strong_antagonism_(20,20,20)",20,20,20,0.99999741913846,58,-122,-122.004333535396,0.00433353539628456,0,FLOAT
"strong_antagonism_(20,20,20)",20,20,20,0.999997746066095,58,-122,-122.003784586466,0.00378458646616764,0,FLOAT
"strong_antagonism_(20,20,20)",20,20,20,0.999998031580553,58,-122,-122.003305175804,0.00330517580366063,0,FLOAT
"strong_antagonism_(20,20,20)",20,20,20,0.999998280927798,58,-122,-122.00288649454,0.00288649453975154,0,FLOAT
"strong_antagonism_(20,20,20)",20,20,20,0.999998498689271,58,-122,-122.002520849704,0.00252084970361466,0,FLOAT
"strong_antagonism_(20,20,20)",20,20,20,0.999998688866063,58,-122,-122.002201522857,0.00220152285692166,0,FLOAT
"strong_antagonism_(20,20,20)",20,20,20,0.99999885495243,58,-122,-122.001922646638,0.00192264663795072,0,FLOAT
"strong_antagonism_(20,20,20)",20,20,20,0.999999,58,-122,-122.001679096946,0.00167909694644663,0,FLOAT
"strong_antagonism_(20,20,20)",20,20,20,0.999999126673838,58,-122,-122.001466398787,0.00146639878647647,0,FLOAT
"strong_antagonism_(20,20,20)",20,20,20,0.999999237301414,58,-122,-122.001280644039,0.00128064403875783,0,FLOAT
"strong_antagonism_(20,20,20)",20,20,20,0.999999333915371,58,-122,-122.001118419649,0.00111841964928772,0,FLOAT
"strong_antagonism_(20,20,20)",20,20,20,0.999999418290867,58,-122,-122.000976744916,0.000976744915845984,0,FLOAT
"strong_antagonism_(20,20,20)",20,20,20,0.999999491978195,58,-122,-122.000853016718,0.000853016717826449,0,FLOAT
"strong_antagonism_(20,20,20)",20,20,20,0.999999556331267,58,-122,-122.000744961686,0.000744961685853696,0,FLOAT
"strong_antagonism_(20,20,20)",20,20,20,0.999999612532488,58,-122,-122.000650594431,0.00065059443085147,0,FLOAT
"strong_antagonism_(20,20,20)",20,20,20,0.999999661614485,58,-122,-122.000568181062,0.000568181061566975,0,FLOAT
"strong_antagonism_(20,20,20)",20,20,20,0.999999704479076,58,-122,-122.000496207328,0.000496207328012588,0,FLOAT
"strong_antagonism_(20,20,20)",20,20,20,0.999999741913846,58,-122,-122.000433350797,0.000433350797294452,0,FLOAT
"strong_antagonism_(20,20,20)",20,20,20,0.999999774606609,58,-122,-122.000378456555,0.000378456555125695,0,FLOAT
"strong_antagonism_(20,20,20)",20,20,20,0.999999803158055,58,-122,-122.000330515985,0.000330515985126567,0,FLOAT
"strong_antagonism_(20,20,20)",20,20,20,0.99999982809278,58,-122,-122.000288648237,0.000288648237386724,0,FLOAT
"strong_antagonism_(20,20,20)",20,20,20,0.999999849868927,58,-122,-122.000252084043,0.000252084042585921,0,FLOAT
"strong_antagonism_(20,20,20)",20,20,20,0.999999868886606,58,-122,-122.000220151578,0.000220151577764227,0,FLOAT
"strong_antagonism_(20,20,20)",20,20,20,0.999999885495243,58,-122,-122.000192264124,0.000192264123995756,0,FLOAT
"strong_antagonism_(20,20,20)",20,20,20,0.9999999,58,-122,-122.000167909283,0.000167909282907885,0,FLOAT
"strong_antagonism_(20,20,20)",20,20,20,0.999999912667384,58,-122,-122.000146639565,0.000146639564718498,0,FLOAT
"strong_antagonism_(20,20,20)",20,20,20,0.999999923730141,58,-122,-122.000128064164,0.000128064164357511,0,FLOAT
"strong_antagonism_(20,20,20)",20,20,20,0.999999933391537,58,-122,-122.000111841782,0.000111841782427291,0,FLOAT
"strong_antagonism_(20,20,20)",20,20,20,0.999999941829087,58,-122,-122.000097674352,9.76743523892765e-05,0,FLOAT
"strong_antagonism_(20,20,20)",20,20,20,0.99999994919782,58,-122,-122.000085301566,8.53015655479794e-05,0,FLOAT
"strong_antagonism_(20,20,20)",20,20,20,0.999999955633127,58,-122,-122.000074496087,7.44960874214939e-05,0,FLOAT
"strong_antagonism_(20,20,20)",20,20,20,0.999999961253249,58,-122,-122.000065059381,6.50593811428735e-05,0,FLOAT
"strong_antagonism_(20,20,20)",20,20,20,0.999999966161448,58,-122,-122.000056818059,5.68180590505563e-05,0,FLOAT
"strong_antagonism_(20,20,20)",20,20,20,0.999999970447908,58,-122,-122.000049620697,4.96206967852686e-05,0,FLOAT
"strong_antagonism_(20,20,20)",20,20,20,0.999999974191385,58,-122,-122.000043335052,4.33350522541787e-05,0,FLOAT
"strong_antagonism_(20,20,20)",20,20,20,0.999999977460661,58,-122,-122.000037845635,3.78456345799805e-05,0,FLOAT
"strong_antagonism_(20,20,20)",20,20,20,0.999999980315806,58,-122,-122.000033051583,3.30515827329236e-05,0,FLOAT
"strong_antagonism_(20,20,20)",20,20,20,0.999999982809278,58,-122,-122.000028864812,2.88648117248158e-05,0,FLOAT
"strong_antagonism_(20,20,20)",20,20,20,0.999999984986893,58,-122,-122.000025208395,2.52083951863824e-05,0,FLOAT
"strong_antagonism_(20,20,20)",20,20,20,0.999999986888661,58,-122,-122.000022015151,2.20151507051014e-05,0,FLOAT
"strong_antagonism_(20,20,20)",20,20,20,0.999999988549524,58,-122,-122.000019226407,1.922640691987e-05,0,FLOAT
"strong_antagonism_(20,20,20)",20,20,20,0.99999999,58,-122,-122.000016790924,1.6790924291854e-05,0,FLOAT
"anisotropic_(0.01,1,100)",0.01,1,100,0.666666676666667,99.01,-24.2,-1.67584193890192e+23,1.67584193890192e+23,0,FLOAT
"anisotropic_(0.01,1,100)",0.01,1,100,0.66666667726311,99.01,-24.2,-1.4084865539764e+23,1.4084865539764e+23,0,FLOAT
"anisotropic_(0.01,1,100)",0.01,1,100,0.666666677895128,99.01,-24.2,-1.18378375940722e+23,1.18378375940722e+23,0,FLOAT
"anisotropic_(0.01,1,100)",0.01,1,100,0.666666678564843,99.01,-24.2,-9.94928888083333e+22,9.94928888083333e+22,0,FLOAT
"anisotropic_(0.01,1,100)",0.01,1,100,0.666666679274502,99.01,-24.2,-8.36202997311816e+22,8.36202997311816e+22,0,FLOAT
"anisotropic_(0.01,1,100)",0.01,1,100,0.666666680026488,99.01,-24.2,-7.02799379303267e+22,7.02799379303267e+22,0,FLOAT
"anisotropic_(0.01,1,100)",0.01,1,100,0.666666680823326,99.01,-24.2,-5.90678343397472e+22,5.90678343397472e+22,0,FLOAT
"anisotropic_(0.01,1,100)",0.01,1,100,0.666666681667691,99.01,-24.2,-4.96444537433746e+22,4.96444537433746e+22,0,FLOAT
"anisotropic_(0.01,1,100)",0.01,1,100,0.666666682562417,99.01,-24.2,-4.17244298363467e+22,4.17244298363467e+22,0,FLOAT
"anisotropic_(0.01,1,100)",0.01,1,100,0.666666683510509,99.01,-24.2,-3.50679267594167e+22,3.50679267594167e+22,0,FLOAT
"anisotropic_(0.01,1,100)",0.01,1,100,0.666666684515149,99.01,-24.2,-2.94733688422458e+22,2.94733688422458e+22,0,FLOAT
"anisotropic_(0.01,1,100)",0.01,1,100,0.66666668557971,99.01,-24.2,-2.4771338145536e+22,2.4771338145536e+22,0,FLOAT
"anisotropic_(0.01,1,100)",0.01,1,100,0.666666686707767,99.01,-24.2,-2.08194465109767e+22,2.08194465109767e+22,0,FLOAT
"anisotropic_(0.01,1,100)",0.01,1,100,0.666666687903105,99.01,-24.2,-1.74980188441e+22,1.74980188441e+22,0,FLOAT
"anisotropic_(0.01,1,100)",0.01,1,100,0.666666689169739,99.01,-24.2,-1.47064750504114e+22,1.47064750504114e+22,0,FLOAT
"anisotropic_(0.01,1,100)",0.01,1,100,0.66666669051192,99.01,-24.2,-1.23602799463495e+22,1.23602799463495e+22,0,FLOAT
"anisotropic_(0.01,1,100)",0.01,1,100,0.666666691934155,99.01,-24.2,-1.03883849205767e+22,1.03883849205767e+22,0,FLOAT
"anisotropic_(0.01,1,100)",0.01,1,100,0.666666693441218,99.01,-24.2,-8.73107585706256e+21,8.73107585706256e+21,0,FLOAT
"anisotropic_(0.01,1,100)",0.01,1,100,0.666666695038169,99.01,-24.2,-7.33816537865733e+21,7.33816537865733e+21,0,FLOAT
"anisotropic_(0.01,1,100)",0.01,1,100,0.666666696730369,99.01,-24.2,-6.16747278418956e+21,6.16747278418956e+21,0,FLOAT
"anisotropic_(0.01,1,100)",0.01,1,100,0.666666698523499,99.01,-24.2,-5.1835464716178e+21,5.1835464716178e+21,0,FLOAT
"anisotropic_(0.01,1,100)",0.01,1,100,0.666666700423579,99.01,-24.2,-4.3565906407142e+21,4.3565906407142e+21,0,FLOAT
"anisotropic_(0.01,1,100)",0.01,1,100,0.666666702436989,99.01,-24.2,-3.66156305998928e+21,3.66156305998928e+21,0,FLOAT
"anisotropic_(0.01,1,100)",0.01,1,100,0.666666704570486,99.01,-24.2,-3.07741666627082e+21,3.07741666627082e+21,0,FLOAT
"anisotropic_(0.01,1,100)",0.01,1,100,0.666666706831235,99.01,-24.2,-2.58646191431994e+21,2.58646191431994e+21,0,FLOAT
"anisotropic_(0.01,1,100)",0.01,1,100,0.666666709226825,99.01,-24.2,-2.17383153748036e+21,2.17383153748036e+21,0,FLOAT
"anisotropic_(0.01,1,100)",0.01,1,100,0.666666711765299,99.01,-24.2,-1.82703007436541e+21,1.82703007436541e+21,0,FLOAT
"anisotropic_(0.01,1,100)",0.01,1,100,0.666666714455177,99.01,-24.2,-1.53555551245221e+21,1.53555551245221e+21,0,FLOAT
"anisotropic_(0.01,1,100)",0.01,1,100,0.666666717305492,99.01,-24.2,-1.29058126261871e+21,1.29058126261871e+21,0,FLOAT
"anisotropic_(0.01,1,100)",0.01,1,100,0.666666720325813,99.01,-24.2,-1.08468891103156e+21,1.08468891103156e+21,0,FLOAT
"anisotropic_(0.01,1,100)",0.01,1,100,0.666666723526278,99.01,-24.2,-9.11643552533657e+20,9.11643552533657e+20,0,FLOAT
"anisotropic_(0.01,1,100)",0.01,1,100,0.666666726917633,99.01,-24.2,-7.66204924867807e+20,7.66204924867807e+20,0,FLOAT
"anisotropic_(0.01,1,100)",0.01,1,100,0.666666730511263,99.01,-24.2,-6.43968813463818e+20,6.43968813463818e+20,0,FLOAT
"anisotropic_(0.01,1,100)",0.01,1,100,0.666666734319233,99.01,-24.2,-5.41233592689909e+20,5.41233592689909e+20,0,FLOAT
"anisotropic_(0.01,1,100)",0.01,1,100,0.666666738354327,99.01,-24.2,-4.54888202601225e+20,4.54888202601225e+20,0,FLOAT
"anisotropic_(0.01,1,100)",0.01,1,100,0.666666742630091,99.01,-24.2,-3.82317887223037e+20,3.82317887223037e+20,0,FLOAT
"anisotropic_(0.01,1,100)",0.01,1,100,0.66666674716088,99.01,-24.2,-3.2132505008831e+20,3.2132505008831e+20,0,FLOAT
"anisotropic_(0.01,1,100)",0.01,1,100,0.666666751961906,99.01,-24.2,-2.70062677994427e+20,2.70062677994427e+20,0,FLOAT
"anisotropic_(0.01,1,100)",0.01,1,100,0.666666757049286,99.01,-24.2,-2.2697842683385e+20,2.2697842683385e+20,0,FLOAT
"anisotropic_(0.01,1,100)",0.01,1,100,0.666666762440099,99.01,-24.2,-1.90767600975187e+20,1.90767600975187e+20,0,FLOAT
"anisotropic_(0.01,1,100)",0.01,1,100,0.666666768152444,99.01,-24.2,-1.60333648001806e+20,1.60333648001806e+20,0,FLOAT
"anisotropic_(0.01,1,100)",0.01,1,100,0.666666774205498,99.01,-24.2,-1.34754960627995e+20,1.34754960627995e+20,0,FLOAT
"anisotropic_(0.01,1,100)",0.01,1,100,0.666666780619582,99.01,-24.2,-1.13256953235537e+20,1.13256953235537e+20,0,FLOAT
"anisotropic_(0.01,1,100)",0.01,1,100,0.66666678741623,99.01,-24.2,-9.51886176008052e+19,9.51886176008052e+19,0,FLOAT
"anisotropic_(0.01,1,100)",0.01,1,100,0.66666679461826,99.01,-24.2,-8.00028014273254e+19,8.00028014273254e+19,0,FLOAT
"anisotropic_(0.01,1,100)",0.01,1,100,0.666666802249851,99.01,-24.2,-6.72396437360895e+19,6.72396437360895e+19,0,FLOAT
"anisotropic_(0.01,1,100)",0.01,1,100,0.666666810336623,99.01,-24.2,-5.65126469514974e+19,5.65126469514974e+19,0,FLOAT
"anisotropic_(0.01,1,100)",0.01,1,100,0.666666818905725,99.01,-24.2,-4.74969729865219e+19,4.74969729865219e+19,0,FLOAT
"anisotropic_(0.01,1,100)",0.01,1,100,0.666666827985925,99.01,-24.2,-3.99196068461737e+19,3.99196068461737e+19,0,FLOAT
"anisotropic_(0.01,1,100)",0.01,1,100,0.666666837607709,99.01,-24.2,-3.35510890545898e+19,3.35510890545898e+19,0,FLOAT
"anisotropic_(0.01,1,100)",0.01,1,100,0.666666847803377,99.01,-24.2,-2.81985665435488e+19,2.81985665435488e+19,0,FLOAT
"anisotropic_(0.01,1,100)",0.01,1,100,0.66666685860716,99.01,-24.2,-2.36999532425401e+19,2.36999532425401e+19,0,FLOAT
"anisotropic_(0.01,1,100)",0.01,1,100,0.666666870055327,99.01,-24.2,-1.99190214215464e+19,1.99190214215464e+19,0,FLOAT
"anisotropic_(0.01,1,100)",0.01,1,100,0.666666882186313,99.01,-24.2,-1.67412761876932e+19,1.67412761876932e+19,0,FLOAT
"anisotropic_(0.01,1,100)",0.01,1,100,0.666666895040844,99.01,-24.2,-1.40704886283922e+19,1.40704886283922e+19,0,FLOAT
"anisotropic_(0.01,1,100)",0.01,1,100,0.666666908662074,99.01,-24.2,-1.18257817240923e+19,1.18257817240923e+19,0,FLOAT
"anisotropic_(0.01,1,100)",0.01,1,100,0.666666923095735,99.01,-24.2,-9.93918104278034e+18,9.93918104278034e+18,0,FLOAT
"anisotropic_(0.01,1,100)",0.01,1,100,0.666666938390282,99.01,-24.2,-8.35355645010123e+18,8.35355645010123e+18,0,FLOAT
"anisotropic_(0.01,1,100)",0.01,1,100,0.666666954597062,99.01,-24.2,-7.02089200403819e+18,7.02089200403819e+18,0,FLOAT
"anisotropic_(0.01,1,100)",0.01,1,100,0.666666971770485,99.01,-24.2,-5.90083200945519e+18,5.90083200945519e+18,0,FLOAT
"anisotropic_(0.01,1,100)",0.01,1,100,0.666666989968206,99.01,-24.2,-4.959458815474e+18,4.959458815474e+18,0,FLOAT
"anisotropic_(0.01,1,100)",0.01,1,100,0.666667009251318,99.01,-24.2,-4.16826585460523e+18,4.16826585460523e+18,0,FLOAT
"anisotropic_(0.01,1,100)",0.01,1,100,0.666667029684559,99.01,-24.2,-3.50329431161564e+18,3.50329431161564e+18,0,FLOAT
"anisotropic_(0.01,1,100)",0.01,1,100,0.666667051336528,99.01,-24.2,-2.94440761348032e+18,2.94440761348032e+18,0,FLOAT
"anisotropic_(0.01,1,100)",0.01,1,100,0.666667074279914,99.01,-24.2,-2.47468167311687e+18,2.47468167311687e+18,0,FLOAT
"anisotropic_(0.01,1,100)",0.01,1,100,0.666667098591744,99.01,-24.2,-2.07989235582745e+18,2.07989235582745e+18,0,FLOAT
"anisotropic_(0.01,1,100)",0.01,1,100,0.666667124353638,99.01,-24.2,-1.74808477068874e+18,1.74808477068874e+18,0,FLOAT
"anisotropic_(0.01,1,100)",0.01,1,100,0.666667151652083,99.01,-24.2,-1.46921123353121e+18,1.46921123353121e+18,0,FLOAT
"anisotropic_(0.01,1,100)",0.01,1,100,0.666667180578726,99.01,-24.2,-1.23482700527432e+18,1.23482700527432e+18,0,FLOAT
"anisotropic_(0.01,1,100)",0.01,1,100,0.66666721123068,99.01,-24.2,-1.03783456894085e+18,1.03783456894085e+18,0,FLOAT
"anisotropic_(0.01,1,100)",0.01,1,100,0.66666724371085,99.01,-24.2,-8.72268701337916e+17,8.72268701337916e+17,0,FLOAT
"anisotropic_(0.01,1,100)",0.01,1,100,0.666667278128279,99.01,-24.2,-7.33115830967075e+17,7.33115830967075e+17,0,FLOAT
"anisotropic_(0.01,1,100)",0.01,1,100,0.666667314598514,99.01,-24.2,-6.16162222362011e+17,6.16162222362011e+17,0,FLOAT
"anisotropic_(0.01,1,100)",0.01,1,100,0.666667353243992,99.01,-24.2,-5.17866368375774e+17,5.17866368375774e+17,0,FLOAT
"anisotropic_(0.01,1,100)",0.01,1,100,0.666667394194455,99.01,-24.2,-4.35251752277234e+17,4.35251752277234e+17,0,FLOAT
"anisotropic_(0.01,1,100)",0.01,1,100,0.666667437587381,99.01,-24.2,-3.65816710698249e+17,3.65816710698249e+17,0,FLOAT
"anisotropic_(0.01,1,100)",0.01,1,100,0.666667483568452,99.01,-24.2,-3.07458677949437e+17,3.07458677949437e+17,0,FLOAT
"anisotropic_(0.01,1,100)",0.01,1,100,0.666667532292033,99.01,-24.2,-2.58410517018826e+17,2.58410517018826e+17,0,FLOAT
"anisotropic_(0.01,1,100)",0.01,1,100,0.666667583921701,99.01,-24.2,-2.17187007893931e+17,2.17187007893931e+17,0,FLOAT
"anisotropic_(0.01,1,100)",0.01,1,100,0.666667638630787,99.01,-24.2,-1.8253987162924e+17,1.8253987162924e+17,0,FLOAT
"anisotropic_(0.01,1,100)",0.01,1,100,0.666667696602962,99.01,-24.2,-1.53419970570454e+17,1.53419970570454e+17,0,FLOAT
"anisotropic_(0.01,1,100)",0.01,1,100,0.66666775803285,99.01,-24.2,-1.28945538506125e+17,1.28945538506125e+17,0,FLOAT
"anisotropic_(0.01,1,100)",0.01,1,100,0.666667823126684,99.01,-24.2,-1.08375479562946e+17,1.08375479562946e+17,0,FLOAT
"anisotropic_(0.01,1,100)",0.01,1,100,0.666667892102997,99.01,-24.2,-9.10869265804234e+16,9.10869265804233e+16,0,FLOAT
"anisotropic_(0.01,1,100)",0.01,1,100,0.666667965193359,99.01,-24.2,-7.65563795575418e+16,7.65563795575418e+16,0,FLOAT
"anisotropic_(0.01,1,100)",0.01,1,100,0.666668042643148,99.01,-24.2,-6.43438535174796e+16,6.43438535174796e+16,0,FLOAT
"anisotropic_(0.01,1,100)",0.01,1,100,0.66666812471238,99.01,-24.2,-5.40795549253465e+16,5.40795549253465e+16,0,FLOAT
"anisotropic_(0.01,1,100)",0.01,1,100,0.666668211676578,99.01,-24.2,-4.54526840253726e+16,4.54526840253725e+16,0,FLOAT
"anisotropic_(0.01,1,100)",0.01,1,100,0.666668303827701,99.01,-24.2,-3.82020232947171e+16,3.82020232947171e+16,0,FLOAT
"anisotropic_(0.01,1,100)",0.01,1,100,0.666668401475117,99.01,-24.2,-3.21080275389675e+16,3.21080275389675e+16,0,FLOAT
"anisotropic_(0.01,1,100)",0.01,1,100,0.666668504946651,99.01,-24.2,-2.69861757605864e+16,2.69861757605863e+16,0,FLOAT
"anisotropic_(0.01,1,100)",0.01,1,100,0.666668614589678,99.01,-24.2,-2.26813837003537e+16,2.26813837003537e+16,0,FLOAT
"anisotropic_(0.01,1,100)",0.01,1,100,0.666668730772293,99.01,-24.2,-1.90633077343438e+16,1.90633077343437e+16,0,FLOAT
"anisotropic_(0.01,1,100)",0.01,1,100,0.666668853884545,99.01,-24.2,-1.60223979531932e+16,1.60223979531932e+16,0,FLOAT
"anisotropic_(0.01,1,100)",0.01,1,100,0.666668984339748,99.01,-24.2,-1.34665809026912e+16,1.34665809026912e+16,0,FLOAT
"anisotropic_(0.01,1,100)",0.01,1,100,0.666669122575868,99.01,-24.2,-1.13184715611287e+16,1.13184715611287e+16,0,FLOAT
"anisotropic_(0.01,1,100)",0.01,1,100,0.666669269056992,99.01,-24.2,-9.51303005160702e+15,9.513030051607e+15,0,FLOAT
"anisotropic_(0.01,1,100)",0.01,1,100,0.666669424274889,99.01,-24.2,-7.99559222960796e+15,7.99559222960793e+15,0,FLOAT
"anisotropic_(0.01,1,100)",0.01,1,100,0.666669588750657,99.01,-24.2,-6.72021442122943e+15,6.72021442122941e+15,0,FLOAT
"anisotropic_(0.01,1,100)",0.01,1,100,0.666669763036477,99.01,-24.2,-5.6482822531461e+15,5.64828225314607e+15,0,FLOAT
"anisotropic_(0.01,1,100)",0.01,1,100,0.666669947717462,99.01,-24.2,-4.74734140326943e+15,4.7473414032694e+15,0,FLOAT
"anisotropic_(0.01,1,100)",0.01,1,100,0.666670143413626,99.01,-24.2,-3.99011488838229e+15,3.99011488838227e+15,0,FLOAT
"anisotropic_(0.01,1,100)",0.01,1,100,0.666670350781961,99.01,-24.2,-3.35367713066263e+15,3.35367713066261e+15,0,FLOAT
"anisotropic_(0.01,1,100)",0.01,1,100,0.666670570518648,99.01,-24.2,-2.81875977621277e+15,2.81875977621274e+15,0,FLOAT
"anisotropic_(0.01,1,100)",0.01,1,100,0.666670803361388,99.01,-24.2,-2.36916826430241e+15,2.36916826430239e+15,0,FLOAT
"anisotropic_(0.01,1,100)",0.01,1,100,0.666671050091883,99.01,-24.2,-1.9912914702133e+15,1.99129147021328e+15,0,FLOAT
"anisotropic_(0.01,1,100)",0.01,1,100,0.66667131153846,99.01,-24.2,-1.67368957438797e+15,1.67368957438794e+15,0,FLOAT
"anisotropic_(0.01,1,100)",0.01,1,100,0.666671588578849,99.01,-24.2,-1.40674767881361e+15,1.40674767881359e+15,0,FLOAT
"anisotropic_(0.01,1,100)",0.01,1,100,0.666671882143135,99.01,-24.2,-1.18238468270518e+15,1.18238468270516e+15,0,FLOAT
"anisotropic_(0.01,1,100)",0.01,1,100,0.666672193216873,99.01,-24.2,-993808600821692,993808600821667,0,FLOAT
"anisotropic_(0.01,1,100)",0.01,1,100,0.666672522844405,99.01,-24.2,-835310915315994,835310915315970,0,FLOAT
"anisotropic_(0.01,1,100)",0.01,1,100,0.666672872132358,99.01,-24.2,-702093735046877,702093735046853,0,FLOAT
"anisotropic_(0.01,1,100)",0.01,1,100,0.666673242253367,99.01,-24.2,-590124527773230,590124527773206,0,FLOAT
"anisotropic_(0.01,1,100)",0.01,1,100,0.666673634450005,99.01,-24.2,-496014026325890,496014026325866,0,FLOAT
"anisotropic_(0.01,1,100)",0.01,1,100,0.66667405003896,99.01,-24.2,-416913612533470,416913612533446,0,FLOAT
"anisotropic_(0.01,1,100)",0.01,1,100,0.66667449041545,99.01,-24.2,-350429071161902,350429071161878,0,FLOAT
"anisotropic_(0.01,1,100)",0.01,1,100,0.666674957057912,99.01,-24.2,-294548102222367,294548102222343,0,FLOAT
"anisotropic_(0.01,1,100)",0.01,1,100,0.666675451532965,99.01,-24.2,-247579397144022,247579397143998,0,FLOAT
"anisotropic_(0.01,1,100)",0.01,1,100,0.666675975500663,99.01,-24.2,-208101434039775,208101434039751,0,FLOAT
"anisotropic_(0.01,1,100)",0.01,1,100,0.666676530720078,99.01,-24.2,-174919441044341,174919441044317,0,FLOAT
"anisotropic_(0.01,1,100)",0.01,1,100,0.666677119055197,99.01,-24.2,-147029225419347,147029225419323,0,FLOAT
"anisotropic_(0.01,1,100)",0.01,1,100,0.666677742481186,99.01,-24.2,-123586772622710,123586772622686,0,FLOAT
"anisotropic_(0.01,1,100)",0.01,1,100,0.666678403091018,99.01,-24.2,-103882695099781,103882695099756,0,FLOAT
"anisotropic_(0.01,1,100)",0.01,1,100,0.666679103102497,99.01,-24.2,-87320757064146.9,87320757064122.7,0,FLOAT
"anisotropic_(0.01,1,100)",0.01,1,100,0.666679844865711,99.01,-24.2,-73399825061999.4,73399825061975.2,0,FLOAT
"anisotropic_(0.01,1,100)",0.01,1,100,0.666680630870915,99.01,-24.2,-61698697791124.3,61698697791100.1,0,FLOAT
"anisotropic_(0.01,1,100)",0.01,1,100,0.666681463756893,99.01,-24.2,-51863355916256.3,51863355916232.1,0,FLOAT
"anisotropic_(0.01,1,100)",0.01,1,100,0.666682346319819,99.01,-24.2,-43596245749354.5,43596245749330.2,0,FLOAT
"anisotropic_(0.01,1,100)",0.01,1,100,0.666683281522644,99.01,-24.2,-36647272410929.4,36647272410905.2,0,FLOAT
"anisotropic_(0.01,1,100)",0.01,1,100,0.666684272505039,99.01,-24.2,-30806229738949.3,30806229738925.1,0,FLOAT
"anisotropic_(0.01,1,100)",0.01,1,100,0.666685322593942,99.01,-24.2,-25896437752904.6,25896437752880.4,0,FLOAT
"anisotropic_(0.01,1,100)",0.01,1,100,0.666686435314721,99.01,-24.2,-21769395047079.2,21769395047055,0,FLOAT
"anisotropic_(0.01,1,100)",0.01,1,100,0.666687614403016,99.01,-24.2,-18300284200914.9,18300284200890.7,0,FLOAT
"anisotropic_(0.01,1,100)",0.01,1,100,0.666688863817274,99.01,-24.2,-15384194143647.8,15384194143623.6,0,FLOAT
"anisotropic_(0.01,1,100)",0.01,1,100,0.666690187752041,99.01,-24.2,-12932945092318.9,12932945092294.7,0,FLOAT
"anisotropic_(0.01,1,100)",0.01,1,100,0.666691590652045,99.01,-24.2,-10872419949795,10872419949770.8,0,FLOAT
"anisotropic_(0.01,1,100)",0.01,1,100,0.666693077227118,99.01,-24.2,-9140321369917.97,9140321369893.77,0,FLOAT
"anisotropic_(0.01,1,100)",0.01,1,100,0.666694652468004,99.01,-24.2,-7684286587783.16,7684286587758.96,0,FLOAT
"anisotropic_(0.01,1,100)",0.01,1,100,0.66669632166312,99.01,-24.2,-6460302946346.51,6460302946322.31,0,FLOAT
"anisotropic_(0.01,1,100)",0.01,1,100,0.666698090416304,99.01,-24.2,-5431376154802.77,5431376154778.57,0,FLOAT
"anisotropic_(0.01,1,100)",0.01,1,100,0.666699964665634,99.01,-24.2,-4566410962444.38,4566410962420.18,0,FLOAT
"anisotropic_(0.01,1,100)",0.01,1,100,0.66670195070336,99.01,-24.2,-3839270366475.49,3839270366451.29,0,FLOAT
"anisotropic_(0.01,1,100)",0.01,1,100,0.666704055197027,99.01,-24.2,-3227984875311.5,3227984875287.3,0,FLOAT
"anisotropic_(0.01,1,100)",0.01,1,100,0.666706285211866,99.01,-24.2,-2714087891320.51,2714087891296.31,0,FLOAT
"anisotropic_(0.01,1,100)",0.01,1,100,0.666708648234505,99.01,-24.2,-2282057096227.19,2282057096202.98,0,FLOAT
"anisotropic_(0.01,1,100)",0.01,1,100,0.666711152198109,99.01,-24.2,-1918844931544.07,1918844931519.87,0,FLOAT
"anisotropic_(0.01,1,100)",0.01,1,100,0.666713805509012,99.01,-24.2,-1613483962085.23,1613483962061.03,0,FLOAT
"anisotropic_(0.01,1,100)",0.01,1,100,0.666716617074936,99.01,-24.2,-1356755178604.03,1356755178579.83,0,FLOAT
"anisotropic_(0.01,1,100)",0.01,1,100,0.6667195963349,99.01,-24.2,-1140909201020.42,1140909200996.22,0,FLOAT
"anisotropic_(0.01,1,100)",0.01,1,100,0.666722753290909,99.01,-24.2,-959431944360.504,959431944336.304,0,FLOAT
"anisotropic_(0.01,1,100)",0.01,1,100,0.666726098541527,99.01,-24.2,-806847655552.056,806847655527.856,0,FLOAT
"anisotropic_(0.01,1,100)",0.01,1,100,0.666729643317467,99.01,-24.2,-678553360827.99,678553360803.79,0,FLOAT
"anisotropic_(0.01,1,100)",0.01,1,100,0.666733399519287,99.01,-24.2,-570679713916.489,570679713892.289,0,FLOAT
"anisotropic_(0.01,1,100)",0.01,1,100,0.666737379757347,99.01,-24.2,-479974034233.549,479974034209.349,0,FLOAT
"anisotropic_(0.01,1,100)",0.01,1,100,0.666741597394146,99.01,-24.2,-403701996125.181,403701996100.981,0,FLOAT
"anisotropic_(0.01,1,100)",0.01,1,100,0.666746066589179,99.01,-24.2,-339564994561.219,339564994537.019,0,FLOAT
"anisotropic_(0.01,1,100)",0.01,1,100,0.666750802346474,99.01,-24.2,-285630687180.62,285630687156.42,0,FLOAT
"anisotropic_(0.01,1,100)",0.01,1,100,0.666755820564966,99.01,-24.2,-240274611312.385,240274611288.185,0,FLOAT
"anisotropic_(0.01,1,100)",0.01,1,100,0.666761138091871,99.01,-24.2,-202131109792.609,202131109768.409,0,FLOAT
"anisotropic_(0.01,1,100)",0.01,1,100,0.666766772779247,99.01,-24.2,-170052081087.126,170052081062.926,0,FLOAT
"anisotropic_(0.01,1,100)",0.01,1,100,0.666772743543927,99.01,-24.2,-143072305980.746,143072305956.546,0,FLOAT
"anisotropic_(0.01,1,100)",0.01,1,100,0.666779070431024,99.01,-24.2,-120380302103.546,120380302079.346,0,FLOAT
"anisotropic_(0.01,1,100)",0.01,1,100,0.666785774681232,99.01,-24.2,-101293824828.5,101293824804.3,0,FLOAT
"anisotropic_(0.01,1,100)",0.01,1,100,0.666792878802131,99.01,-24.2,-85239273644.3884,85239273620.1884,0,FLOAT
"anisotropic_(0.01,1,100)",0.01,1,100,0.66680040664375,99.01,-24.2,-71734381270.4761,71734381246.2761,0,FLOAT
"anisotropic_(0.01,1,100)",0.01,1,100,0.666808383478639,99.01,-24.2,-60373662095.2543,60373662071.0543,0,FLOAT
"anisotropic_(0.01,1,100)",0.01,1,100,0.666816836086713,99.01,-24.2,-50816179986.2263,50816179962.0263,0,FLOAT
"anisotropic_(0.01,1,100)",0.01,1,100,0.666825792845157,99.01,-24.2,-42775265684.5367,42775265660.3367,0,FLOAT
"anisotropic_(0.01,1,100)",0.01,1,100,0.666835283823696,99.01,-24.2,-36009872958.7986,36009872934.5986,0,FLOAT
"anisotropic_(0.01,1,100)",0.01,1,100,0.666845340885544,99.01,-24.2,-30317312265.2307,30317312241.0307,0,FLOAT
"anisotropic_(0.01,1,100)",0.01,1,100,0.666855997794376,99.01,-24.2,-25527142315.8099,25527142291.6099,0,FLOAT
"anisotropic_(0.01,1,100)",0.01,1,100,0.666867290327678,99.01,-24.2,-21496034971.9458,21496034947.7458,0,FLOAT
"anisotropic_(0.01,1,100)",0.01,1,100,0.666879256396864,99.01,-24.2,-18103458314.7102,18103458290.5102,0,FLOAT
"anisotropic_(0.01,1,100)",0.01,1,100,0.666891936174548,99.01,-24.2,-15248047478.8038,15248047454.6038,0,FLOAT
"anisotropic_(0.01,1,100)",0.01,1,100,0.666905372229415,99.01,-24.2,-12844553629.9405,12844553605.7405,0,FLOAT
"anisotropic_(0.01,1,100)",0.01,1,100,0.666919609669129,99.01,-24.2,-10821278943.6915,10821278919.4915,0,FLOAT
"anisotropic_(0.01,1,100)",0.01,1,100,0.666934696291775,99.01,-24.2,-9117920132.47133,9117920108.27133,0,FLOAT
"anisotropic_(0.01,1,100)",0.01,1,100,0.666950682746323,99.01,-24.2,-7683755415.53831,7683755391.33831,0,FLOAT
"anisotropic_(0.01,1,100)",0.01,1,100,0.666967622702667,99.01,-24.2,-6476120205.57451,6476120181.37451,0,FLOAT
"anisotropic_(0.01,1,100)",0.01,1,100,0.666985573031808,99.01,-24.2,-5459125508.52075,5459125484.32075,0,FLOAT
"anisotropic_(0.01,1,100)",0.01,1,100,0.667004593996783,99.01,-24.2,-4602580367.17835,4602580342.97835,0,FLOAT
"anisotropic_(0.01,1,100)",0.01,1,100,0.667024749454976,99.01,-24.2,-3881085841.48712,3881085817.28712,0,FLOAT
"anisotropic_(0.01,1,100)",0.01,1,100,0.667046107072505,99.01,-24.2,-3273273200.44006,3273273176.24006,0,FLOAT
"anisotropic_(0.01,1,100)",0.01,1,100,0.667068738551391,99.01,-24.2,-2761163354.71537,2761163330.51537,0,FLOAT
"anisotropic_(0.01,1,100)",0.01,1,100,0.667092719870275,99.01,-24.2,-2329628220.24039,2329628196.04039,0,FLOAT
"anisotropic_(0.01,1,100)",0.01,1,100,0.667118131539495,99.01,-24.2,-1965937779.7631,1965937755.5631,0,FLOAT
"anisotropic_(0.01,1,100)",0.01,1,100,0.667145058871377,99.01,-24.2,-1659379196.16344,1659379171.96344,0,FLOAT
"anisotropic_(0.01,1,100)",0.01,1,100,0.667173592266644,99.01,-24.2,-1400936505.4871,1400936481.2871,0,FLOAT
"anisotropic_(0.01,1,100)",0.01,1,100,0.667203827517915,99.01,-24.2,-1183021245.34653,1183021221.14653,0,FLOAT
"anisotropic_(0.01,1,100)",0.01,1,100,0.667235866131295,99.01,-24.2,-999245910.803108,999245886.603108,0,FLOAT
"anisotropic_(0.01,1,100)",0.01,1,100,0.667269815667157,99.01,-24.2,-844233421.278636,844233397.078636,0,FLOAT
"anisotropic_(0.01,1,100)",0.01,1,100,0.667305790101244,99.01,-24.2,-713456867.803738,713456843.603738,0,FLOAT
"anisotropic_(0.01,1,100)",0.01,1,100,0.667343910207308,99.01,-24.2,-603104722.567539,603104698.367539,0,FLOAT
"anisotropic_(0.01,1,100)",0.01,1,100,0.667384303962572,99.01,-24.2,-509967459.996513,509967435.796513,0,FLOAT
"anisotropic_(0.01,1,100)",0.01,1,100,0.667427106977381,99.01,-24.2,-431342183.569543,431342159.369543,0,FLOAT
"anisotropic_(0.01,1,100)",0.01,1,100,0.66747246295047,99.01,-24.2,-364952394.833489,364952370.633489,0,FLOAT
"anisotropic_(0.01,1,100)",0.01,1,100,0.667520524151393,99.01,-24.2,-308880496.914085,308880472.714085,0,FLOAT
"anisotropic_(0.01,1,100)",0.01,1,100,0.667571451931725,99.01,-24.2,-261511008.071191,261510983.871191,0,FLOAT
"anisotropic_(0.01,1,100)",0.01,1,100,0.667625417266748,99.01,-24.2,-221482783.019579,221482758.819579,0,FLOAT
"anisotropic_(0.01,1,100)",0.01,1,100,0.66768260132946,99.01,-24.2,-187648810.623589,187648786.423589,0,FLOAT
"anisotropic_(0.01,1,100)",0.01,1,100,0.667743196098802,99.01,-24.2,-159042384.311176,159042360.111176,0,FLOAT
"anisotropic_(0.01,1,100)",0.01,1,100,0.667807405004176,99.01,-24.2,-134848633.019286,134848608.819286,0,FLOAT
"anisotropic_(0.01,1,100)",0.01,1,100,0.667875443608401,99.01,-24.2,-114380561.478339,114380537.278339,0,FLOAT
"anisotropic_(0.01,1,100)",0.01,1,100,0.667947540331402,99.01,-24.2,-97058883.9950598,97058859.7950598,0,FLOAT
"anisotropic_(0.01,1,100)",0.01,1,100,0.668023937217061,99.01,-24.2,-82395049.7078582,82395025.5078583,0,FLOAT
"anisotropic_(0.01,1,100)",0.01,1,100,0.668104890745814,99.01,-24.2,-69976952.9842535,69976928.7842535,0,FLOAT
"anisotropic_(0.01,1,100)",0.01,1,100,0.668190672695706,99.01,-24.2,-59456903.0990221,59456878.8990221,0,FLOAT
"anisotropic_(0.01,1,100)",0.01,1,100,0.66828157105481,99.01,-24.2,-50541494.9962558,50541470.7962558,0,FLOAT
"anisotropic_(0.01,1,100)",0.01,1,100,0.668377890988062,99.01,-24.2,-42983079.8376183,42983055.6376183,0,FLOAT
"anisotropic_(0.01,1,100)",0.01,1,100,0.668479955861763,99.01,-24.2,-36572581.8890405,36572557.6890405,0,FLOAT
"anisotropic_(0.01,1,100)",0.01,1,100,0.668588108329191,99.01,-24.2,-31133448.5369284,31133424.3369284,0,FLOAT
"anisotropic_(0.01,1,100)",0.01,1,100,0.668702711480957,99.01,-24.2,-26516554.0666578,26516529.8666578,0,FLOAT
"anisotropic_(0.01,1,100)",0.01,1,100,0.668824150063978,99.01,-24.2,-22595906.2968588,22595882.0968588,0,FLOAT
"anisotropic_(0.01,1,100)",0.01,1,100,0.668952831773153,99.01,-24.2,-19265029.1010561,19265004.9010561,0,FLOAT
"anisotropic_(0.01,1,100)",0.01,1,100,0.669089188620082,99.01,-24.2,-16433913.981723,16433889.781723,0,FLOAT
"anisotropic_(0.01,1,100)",0.01,1,100,0.669233678383419,99.01,-24.2,-14026450.7969523,14026426.5969523,0,FLOAT
"anisotropic_(0.01,1,100)",0.01,1,100,0.669386786145729,99.01,-24.2,-11978261.9853921,11978237.7853921,0,FLOAT
"anisotropic_(0.01,1,100)",0.01,1,100,0.669549025922018,99.01,-24.2,-10234876.6182127,10234852.4182127,0,FLOAT
"anisotropic_(0.01,1,100)",0.01,1,100,0.669720942385384,99.01,-24.2,-8750190.68807858,8750166.48807858,0,FLOAT
"anisotropic_(0.01,1,100)",0.01,1,100,0.669903112695601,99.01,-24.2,-7485168.52604928,7485144.32604928,0,FLOAT
"anisotropic_(0.01,1,100)",0.01,1,100,0.670096148436769,99.01,-24.2,-6406747.37313631,6406723.17313631,0,FLOAT
"anisotropic_(0.01,1,100)",0.01,1,100,0.670300697670525,99.01,-24.2,-5486913.13701955,5486888.93701955,0,FLOAT
"anisotropic_(0.01,1,100)",0.01,1,100,0.670517447111728,99.01,-24.2,-4701920.41652604,4701896.21652604,0,FLOAT
"anisotropic_(0.01,1,100)",0.01,1,100,0.670747124433902,99.01,-24.2,-4031634.12774606,4031609.92774606,0,FLOAT
"anisotropic_(0.01,1,100)",0.01,1,100,0.67099050071219,99.01,-24.2,-3458973.64350555,3458949.44350555,0,FLOAT
"anisotropic_(0.01,1,100)",0.01,1,100,0.671248393012015,99.01,-24.2,-2969443.36910145,2969419.16910145,0,FLOAT
"anisotropic_(0.01,1,100)",0.01,1,100,0.671521667132144,99.01,-24.2,-2550736.21173767,2550712.01173767,0,FLOAT
"anisotropic_(0.01,1,100)",0.01,1,100,0.671811240511352,99.01,-24.2,-2192398.53462868,2192374.33462868,0,FLOAT
"anisotropic_(0.01,1,100)",0.01,1,100,0.67211808530846,99.01,-24.2,-1885546.98280998,1885522.78280998,0,FLOAT
"anisotropic_(0.01,1,100)",0.01,1,100,0.672443231666078,99.01,-24.2,-1622629.07988135,1622604.87988135,0,FLOAT
"anisotropic_(0.01,1,100)",0.01,1,100,0.672787771169006,99.01,-24.2,-1397220.76818122,1397196.56818122,0,FLOAT
"anisotropic_(0.01,1,100)",0.01,1,100,0.673152860508921,99.01,-24.2,-1203855.13710296,1203830.93710296,0,FLOAT
"anisotropic_(0.01,1,100)",0.01,1,100,0.673539725367628,99.01,-24.2,-1037877.4872892,1037853.2872892,0,FLOAT
"anisotropic_(0.01,1,100)",0.01,1,100,0.673949664531935,99.01,-24.2,-895322.639034475,895298.439034475,0,FLOAT
"anisotropic_(0.01,1,100)",0.01,1,100,0.674384054253956,99.01,-24.2,-772811.033961705,772786.833961705,0,FLOAT
"anisotropic_(0.01,1,100)",0.01,1,100,0.674844352871474,99.01,-24.2,-667460.718851969,667436.518851969,0,FLOAT
"anisotropic_(0.01,1,100)",0.01,1,100,0.675332105703892,99.01,-24.2,-576812.755372822,576788.555372822,0,FLOAT
"anisotropic_(0.01,1,100)",0.01,1,100,0.675848950240194,99.01,-24.2,-498767.982785322,498743.782785322,0,FLOAT
"anisotropic_(0.01,1,100)",0.01,1,100,0.676396621636343,99.01,-24.2,-431533.383816042,431509.183816042,0,FLOAT
"anisotropic_(0.01,1,100)",0.01,1,100,0.676976958540561,99.01,-24.2,-373576.576264639,373552.376264639,0,FLOAT
"anisotropic_(0.01,1,100)",0.01,1,100,0.677591909266059,99.01,-24.2,-323587.182583297,323562.982583297,0,FLOAT
"anisotropic_(0.01,1,100)",0.01,1,100,0.67824353833194,99.01,-24.2,-280444.02334659,280419.82334659,0,FLOAT
"anisotropic_(0.01,1,100)",0.01,1,100,0.678934033394218,99.01,-24.2,-243187.243898859,243163.043898859,0,FLOAT
"anisotropic_(0.01,1,100)",0.01,1,100,0.679665712590243,99.01,-24.2,-210994.621294501,210970.421294501,0,FLOAT
"anisotropic_(0.01,1,100)",0.01,1,100,0.680441032321174,99.01,-24.2,-183161.41495242,183137.21495242,0,FLOAT
"anisotropic_(0.01,1,100)",0.01,1,100,0.681262595498641,99.01,-24.2,-159083.222612905,159059.022612905,0,FLOAT
"anisotropic_(0.01,1,100)",0.01,1,100,0.68213316028326,99.01,-24.2,-138241.386062297,138217.186062297,0,FLOAT
"anisotropic_(0.01,1,100)",0.01,1,100,0.683055649344363,99.01,-24.2,-120190.561077764,120166.361077764,0,FLOAT
"anisotropic_(0.01,1,100)",0.01,1,100,0.684033159672015,99.01,-24.2,-104548.125161099,104523.925161099,0,FLOAT
"anisotropic_(0.01,1,100)",0.01,1,100,0.68506897297426,99.01,-24.2,-90985.1465802541,90960.9465802541,0,FLOAT
"anisotropic_(0.01,1,100)",0.01,1,100,0.686166566694507,99.01,-24.2,-79218.680453312,79194.480453312,0,FLOAT
"anisotropic_(0.01,1,100)",0.01,1,100,0.687329625686041,99.01,-24.2,-69005.1933006041,68980.9933006041,0,FLOAT
"anisotropic_(0.01,1,100)",0.01,1,100,0.68856205458285,99.01,-24.2,-60134.9476749195,60110.7476749195,0,FLOAT
"anisotropic_(0.01,1,100)",0.01,1,100,0.689867990908302,99.01,-24.2,-52427.2040152841,52403.0040152841,0,FLOAT
"anisotropic_(0.01,1,100)",0.01,1,100,0.691251818965688,99.01,-24.2,-45726.1184802519,45701.9184802519,0,FLOAT
"anisotropic_(0.01,1,100)",0.01,1,100,0.692718184557244,99.01,-24.2,-39897.2338118042,39873.0338118042,0,FLOAT
"anisotropic_(0.01,1,100)",0.01,1,100,0.694272010581095,99.01,-24.2,-34824.4757754662,34800.2757754662,0,FLOAT
"anisotropic_(0.01,1,100)",0.01,1,100,0.695918513558455,99.01,-24.2,-30407.5808496995,30383.3808496995,0,FLOAT
"anisotropic_(0.01,1,100)",0.01,1,100,0.697663221146592,99.01,-24.2,-26559.8919642746,26535.6919642746,0,FLOAT
"anisotropic_(0.01,1,100)",0.01,1,100,0.699511990696333,99.01,-24.2,-23206.4685219099,23182.2685219099,0,FLOAT
"anisotropic_(0.01,1,100)",0.01,1,100,0.701471028916427,99.01,-24.2,-20282.4649408027,20258.2649408027,0,FLOAT
"anisotropic_(0.01,1,100)",0.01,1,100,0.703546912710775,99.01,-24.2,-17731.7387477688,17707.5387477688,0,FLOAT
"anisotropic_(0.01,1,100)",0.01,1,100,0.705746611258478,99.01,-24.2,-15505.6550185651,15481.4550185651,0,FLOAT
"anisotropic_(0.01,1,100)",0.01,1,100,0.708077509410841,99.01,-24.2,-13562.0588605218,13537.8588605218,0,FLOAT
"anisotropic_(0.01,1,100)",0.01,1,100,0.710547432483875,99.01,-24.2,-11864.3917956007,11840.1917956007,0,FLOAT
"anisotropic_(0.01,1,100)",0.01,1,100,0.713164672529529,99.01,-24.2,-10380.9314415769,10356.7314415769,0,FLOAT
"anisotropic_(0.01,1,100)",0.01,1,100,0.715938016173855,99.01,-24.2,-9084.13690003331,9059.93690003331,0,FLOAT
"anisotropic_(0.01,1,100)",0.01,1,100,0.718876774115565,99.01,-24.2,-7950.08482249753,7925.88482249753,0,FLOAT
"anisotropic_(0.01,1,100)",0.01,1,100,0.721990812384003,99.01,-24.2,-6957.98330820168,6933.78330820169,0,FLOAT
"anisotropic_(0.01,1,100)",0.01,1,100,0.725290585461487,99.01,-24.2,-6089.7526460655,6065.5526460655,0,FLOAT
"anisotropic_(0.01,1,100)",0.01,1,100,0.728787171381207,99.01,-24.2,-5329.66349824819,5305.46349824819,0,FLOAT
"anisotropic_(0.01,1,100)",0.01,1,100,0.732492308918514,99.01,-24.2,-4664.02447418547,4639.82447418547,0,FLOAT
"anisotropic_(0.01,1,100)",0.01,1,100,0.736418437000464,99.01,-24.2,-4080.91219736497,4056.71219736497,0,FLOAT
"anisotropic_(0.01,1,100)",0.01,1,100,0.740578736465914,99.01,-24.2,-3569.93795179887,3545.73795179887,0,FLOAT
"anisotropic_(0.01,1,100)",0.01,1,100,0.744987174316374,99.01,-24.2,-3122.04583634679,3097.84583634679,0,FLOAT
"anisotropic_(0.01,1,100)",0.01,1,100,0.749658550606174,99.01,-24.2,-2729.33807403592,2705.13807403592,0,FLOAT
"anisotropic_(0.01,1,100)",0.01,1,100,0.754608548129361,99.01,-24.2,-2384.92373841021,2360.72373841021,0,FLOAT
"anisotropic_(0.01,1,100)",0.01,1,100,0.759853785070145,99.01,-24.2,-2082.78768508435,2058.58768508435,0,FLOAT
"anisotropic_(0.01,1,100)",0.01,1,100,0.765411870793641,99.01,-24.2,-1817.67692713341,1793.47692713341,0,FLOAT
"anisotropic_(0.01,1,100)",0.01,1,100,0.771301464964215,99.01,-24.2,-1585.00207881395,1560.80207881395,0,FLOAT
"anisotropic_(0.01,1,100)",0.01,1,100,0.777542340189913,99.01,-24.2,-1380.75182281891,1356.55182281891,0,FLOAT
"anisotropic_(0.01,1,100)",0.01,1,100,0.784155448403264,99.01,-24.2,-1201.41863983917,1177.21863983917,0,FLOAT
"anisotropic_(0.01,1,100)",0.01,1,100,0.791162991201332,99.01,-24.2,-1043.93428245653,1019.73428245653,0,FLOAT
"anisotropic_(0.01,1,100)",0.01,1,100,0.798588494381158,99.01,-24.2,-905.613684113501,881.413684113501,0,FLOAT
"anisotropic_(0.01,1,100)",0.01,1,100,0.806456886920807,99.01,-24.2,-784.106172994962,759.906172994962,0,FLOAT
"anisotropic_(0.01,1,100)",0.01,1,100,0.814794584671205,99.01,-24.2,-677.353014232378,653.153014232378,0,FLOAT
"anisotropic_(0.01,1,100)",0.01,1,100,0.823629579039712,99.01,-24.2,-583.550435308359,559.350435308359,0,FLOAT
"anisotropic_(0.01,1,100)",0.01,1,100,0.83299153096317,99.01,-24.2,-501.11740159658,476.91740159658,0,FLOAT
"anisotropic_(0.01,1,100)",0.01,1,100,0.842911870485915,99.01,-24.2,-428.667503523228,404.467503523228,0,FLOAT
"anisotropic_(0.01,1,100)",0.01,1,100,0.853423902277057,99.01,-24.2,-364.984394680185,340.784394680185,0,FLOAT
"anisotropic_(0.01,1,100)",0.01,1,100,0.864562917441269,99.01,-24.2,-309.000280261183,284.800280261183,0,FLOAT
"anisotropic_(0.01,1,100)",0.01,1,100,0.876366311998457,99.01,-24.2,-259.776992424562,235.576992424562,0,FLOAT
"anisotropic_(0.01,1,100)",0.01,1,100,0.888873712430073,99.01,-24.2,-216.489189360486,192.289189360486,0,FLOAT
"anisotropic_(0.01,1,100)",0.01,1,100,0.9,99.01,-24.2,-184.057181377622,159.857181377622,0,FLOAT
"anisotropic_(0.01,1,100)",0.01,1,100,0.902127108713561,99.01,-24.2,-178.40913919575,154.20913919575,0,FLOAT
"anisotropic_(0.01,1,100)",0.01,1,100,0.912667383761716,99.01,-24.2,-152.685041322263,128.485041322263,0,FLOAT
"anisotropic_(0.01,1,100)",0.01,1,100,0.916170995291558,99.01,-24.2,-144.892286700465,120.692286700465,0,FLOAT
"anisotropic_(0.01,1,100)",0.01,1,100,0.923730141409766,99.01,-24.2,-129.214838624908,105.014838624908,0,FLOAT
"anisotropic_(0.01,1,100)",0.01,1,100,0.931052520449102,99.01,-24.2,-115.361989526867,91.1619895268667,0,FLOAT
"anisotropic_(0.01,1,100)",0.01,1,100,0.933391537091908,99.01,-24.2,-111.187755343318,86.9877553433177,0,FLOAT
"anisotropic_(0.01,1,100)",0.01,1,100,0.941829086706256,99.01,-24.2,-97.042503619413,72.8425036194131,0,FLOAT
"anisotropic_(0.01,1,100)",0.01,1,100,0.946821644600358,99.01,-24.2,-89.2890763214935,65.0890763214935,0,FLOAT
"anisotropic_(0.01,1,100)",0.01,1,100,0.94919781953087,99.01,-24.2,-85.7460601669517,61.5460601669517,0,FLOAT
"anisotropic_(0.01,1,100)",0.01,1,100,0.955633126690214,99.01,-24.2,-76.5909980104979,52.3909980104979,0,FLOAT
"anisotropic_(0.01,1,100)",0.01,1,100,0.961253248795439,99.01,-24.2,-69.0785278187569,44.878527818757,0,FLOAT
"anisotropic_(0.01,1,100)",0.01,1,100,0.963531308016255,99.01,-24.2,-66.1505026831888,41.9505026831888,0,FLOAT
"anisotropic_(0.01,1,100)",0.01,1,100,0.966161448465718,99.01,-24.2,-62.8480722827851,38.6480722827851,0,FLOAT
"anisotropic_(0.01,1,100)",0.01,1,100,0.970447907647971,99.01,-24.2,-57.6332846175707,33.4332846175707,0,FLOAT
"anisotropic_(0.01,1,100)",0.01,1,100,0.974191384595819,99.01,-24.2,-53.2336970399534,29.0336970399534,0,FLOAT
"anisotropic_(0.01,1,100)",0.01,1,100,0.977460660952652,99.01,-24.2,-49.4959287008291,25.2959287008292,0,FLOAT
"anisotropic_(0.01,1,100)",0.01,1,100,0.980315805527134,99.01,-24.2,-46.3009186424578,22.1009186424578,0,FLOAT
"anisotropic_(0.01,1,100)",0.01,1,100,0.981237608556118,99.01,-24.2,-45.2814420388597,21.0814420388597,0,FLOAT
"anisotropic_(0.01,1,100)",0.01,1,100,0.982809277981414,99.01,-24.2,-43.555058758563,19.355058758563,0,FLOAT
"anisotropic_(0.01,1,100)",0.01,1,100,0.984986892710918,99.01,-24.2,-41.1839121843377,16.9839121843377,0,FLOAT
"anisotropic_(0.01,1,100)",0.01,1,100,0.986888660625784,99.01,-24.2,-39.1276829077535,14.9276829077535,0,FLOAT
"anisotropic_(0.01,1,100)",0.01,1,100,0.988549524300617,99.01,-24.2,-37.33789492723,13.13789492723,0,FLOAT
"anisotropic_(0.01,1,100)",0.01,1,100,0.99,99.01,-24.2,-35.7749218252525,11.5749218252526,0,FLOAT
"anisotropic_(0.01,1,100)",0.01,1,100,0.991266738376172,99.01,-24.2,-34.4061240851767,10.2061240851767,0,FLOAT
"anisotropic_(0.01,1,100)",0.01,1,100,0.992373014140977,99.01,-24.2,-33.2044272938864,9.00442729388642,0,FLOAT
"anisotropic_(0.01,1,100)",0.01,1,100,0.993339153709191,99.01,-24.2,-32.1472246607067,7.94722466070674,0,FLOAT
"anisotropic_(0.01,1,100)",0.01,1,100,0.994182908670626,99.01,-24.2,-31.2155212226521,7.01552122265214,0,FLOAT
"anisotropic_(0.01,1,100)",0.01,1,100,0.994919781953087,99.01,-24.2,-30.3932603852094,6.19326038520937,0,FLOAT
"anisotropic_(0.01,1,100)",0.01,1,100,0.995563312669021,99.01,-24.2,-29.6667896532521,5.46678965325206,0,FLOAT
"anisotropic_(0.01,1,100)",0.01,1,100,0.996125324879544,99.01,-24.2,-29.0244338370609,4.82443383706091,0,FLOAT
"anisotropic_(0.01,1,100)",0.01,1,100,0.996616144846572,99.01,-24.2,-28.4561521688476,4.25615216884762,0,FLOAT
"anisotropic_(0.01,1,100)",0.01,1,100,0.997044790764797,99.01,-24.2,-27.9532616239333,3.7532616239333,0,FLOAT
"anisotropic_(0.01,1,100)",0.01,1,100,0.997419138459582,99.01,-24.2,-27.5082129736992,3.30821297369917,0,FLOAT
"anisotropic_(0.01,1,100)",0.01,1,100,0.997746066095265,99.01,-24.2,-27.114409165319,2.91440916531903,0,FLOAT
"anisotropic_(0.01,1,100)",0.01,1,100,0.998031580552713,99.01,-24.2,-26.7660578549226,2.56605785492266,0,FLOAT
"anisotropic_(0.01,1,100)",0.01,1,100,0.998280927798141,99.01,-24.2,-26.4580515581077,2.2580515581077,0,FLOAT
"anisotropic_(0.01,1,100)",0.01,1,100,0.998498689271092,99.01,-24.2,-26.1858701053432,1.98587010534318,0,FLOAT
"anisotropic_(0.01,1,100)",0.01,1,100,0.998688866062578,99.01,-24.2,-25.9455010335232,1.74550103352325,0,FLOAT
"anisotropic_(0.01,1,100)",0.01,1,100,0.998854952430062,99.01,-24.2,-25.7333743034353,1.53337430343531,0,FLOAT
"anisotropic_(0.01,1,100)",0.01,1,100,0.999,99.01,-24.2,-25.5463083683432,1.3463083683432,0,FLOAT
"anisotropic_(0.01,1,100)",0.01,1,100,0.999126673837617,99.01,-24.2,-25.3814651672356,1.18146516723563,0,FLOAT
"anisotropic_(0.01,1,100)",0.01,1,100,0.999237301414098,99.01,-24.2,-25.2363120950189,1.03631209501889,0,FLOAT
"anisotropic_(0.01,1,100)",0.01,1,100,0.999333915370919,99.01,-24.2,-25.1085894172877,0.9085894172877,0,FLOAT
"anisotropic_(0.01,1,100)",0.01,1,100,0.999418290867063,99.01,-24.2,-24.9962819505799,0.796281950579896,0,FLOAT
"anisotropic_(0.01,1,100)",0.01,1,100,0.999491978195309,99.01,-24.2,-24.897594121091,0.697594121091058,0,FLOAT
"anisotropic_(0.01,1,100)",0.01,1,100,0.999556331266902,99.01,-24.2,-24.8109277483205,0.610927748320535,0,FLOAT
"anisotropic_(0.01,1,100)",0.01,1,100,0.999612532487954,99.01,-24.2,-24.7348620801349,0.534862080134914,0,FLOAT
"anisotropic_(0.01,1,100)",0.01,1,100,0.999661614484657,99.01,-24.2,-24.6681357393911,0.468135739391101,0,FLOAT
"anisotropic_(0.01,1,100)",0.01,1,100,0.99970447907648,99.01,-24.2,-24.6096303376731,0.409630337673121,0,FLOAT
"anisotropic_(0.01,1,100)",0.01,1,100,0.999741913845958,99.01,-24.2,-24.5583555771306,0.358355577130638,0,FLOAT
"anisotropic_(0.01,1,100)",0.01,1,100,0.999774606609527,99.01,-24.2,-24.5134357044104,0.313435704410381,0,FLOAT
"anisotropic_(0.01,1,100)",0.01,1,100,0.999803158055271,99.01,-24.2,-24.4740972077314,0.27409720773143,0,FLOAT
"anisotropic_(0.01,1,100)",0.01,1,100,0.999828092779814,99.01,-24.2,-24.4396576644478,0.239657664447833,0,FLOAT
"anisotropic_(0.01,1,100)",0.01,1,100,0.999849868927109,99.01,-24.2,-24.4095156558988,0.209515655898841,0,FLOAT
"anisotropic_(0.01,1,100)",0.01,1,100,0.999868886606258,99.01,-24.2,-24.3831416717951,0.183141671795141,0,FLOAT
"anisotropic_(0.01,1,100)",0.01,1,100,0.999885495243006,99.01,-24.2,-24.3600699297536,0.160069929753661,0,FLOAT
"anisotropic_(0.01,1,100)",0.01,1,100,0.9999,99.01,-24.2,-24.3398910380744,0.139891038074438,0,FLOAT
"anisotropic_(0.01,1,100)",0.01,1,100,0.999912667383762,99.01,-24.2,-24.3222454322172,0.122245432217227,0,FLOAT
"anisotropic_(0.01,1,100)",0.01,1,100,0.99992373014141,99.01,-24.2,-24.3068175180059,0.106817518005926,0,FLOAT
"anisotropic_(0.01,1,100)",0.01,1,100,0.999933391537092,99.01,-24.2,-24.2933304575426,0.0933304575426206,0,FLOAT
"anisotropic_(0.01,1,100)",0.01,1,100,0.999941829086706,99.01,-24.2,-24.2815415371483,0.081541537148297,0,FLOAT
"anisotropic_(0.01,1,100)",0.01,1,100,0.999949197819531,99.01,-24.2,-24.2712380603021,0.0712380603020932,0,FLOAT
"anisotropic_(0.01,1,100)",0.01,1,100,0.99995563312669,99.01,-24.2,-24.262233712423,0.0622337124230512,0,FLOAT
"anisotropic_(0.01,1,100)",0.01,1,100,0.999961253248795,99.01,-24.2,-24.2543653483222,0.0543653483221647,0,FLOAT
"anisotropic_(0.01,1,100)",0.01,1,100,0.999966161448466,99.01,-24.2,-24.2474901571528,0.0474901571527653,0,FLOAT
"anisotropic_(0.01,1,100)",0.01,1,100,0.999970447907648,99.01,-24.2,-24.2414831636223,0.0414831636223028,0,FLOAT
"anisotropic_(0.01,1,100)",0.01,1,100,0.999974191384596,99.01,-24.2,-24.2362350280181,0.0362350280181545,0,FLOAT
"anisotropic_(0.01,1,100)",0.01,1,100,0.999977460660953,99.01,-24.2,-24.2316501112167,0.0316501112167344,0,FLOAT
"anisotropic_(0.01,1,100)",0.01,1,100,0.999980315805527,99.01,-24.2,-24.2276447742276,0.027644774227582,0,FLOAT
"anisotropic_(0.01,1,100)",0.01,1,100,0.999982809277981,99.01,-24.2,-24.2241458850011,0.0241458850010758,0,FLOAT
"anisotropic_(0.01,1,100)",0.01,1,100,0.999984986892711,99.01,-24.2,-24.2210895081076,0.0210895081075932,0,FLOAT
"anisotropic_(0.01,1,100)",0.01,1,100,0.999986888660626,99.01,-24.2,-24.2184197555806,0.0184197555806378,0,FLOAT
"anisotropic_(0.01,1,100)",0.01,1,100,0.999988549524301,99.01,-24.2,-24.2160877796306,0.0160877796305812,0,FLOAT
"anisotropic_(0.01,1,100)",0.01,1,100,0.99999,99.01,-24.2,-24.2140508901091,0.0140508901091465,0,FLOAT
"anisotropic_(0.01,1,100)",0.01,1,100,0.999991266738376,99.01,-24.2,-24.2122717815944,0.0122717815943645,0,FLOAT
"anisotropic_(0.01,1,100)",0.01,1,100,0.999992373014141,99.01,-24.2,-24.2107178567125,0.0107178567125032,0,FLOAT
"anisotropic_(0.01,1,100)",0.01,1,100,0.999993339153709,99.01,-24.2,-24.2093606339025,0.00936063390247455,0,FLOAT
"anisotropic_(0.01,1,100)",0.01,1,100,0.999994182908671,99.01,-24.2,-24.2081752292201,0.00817522922015712,0,FLOAT
"anisotropic_(0.01,1,100)",0.01,1,100,0.999994919781953,99.01,-24.2,-24.2071399030388,0.00713990303877665,0,FLOAT
"anisotropic_(0.01,1,100)",0.01,1,100,0.999995563312669,99.01,-24.2,-24.2062356635977,0.00623566359766414,0,FLOAT
"anisotropic_(0.01,1,100)",0.01,1,100,0.99999612532488,99.01,-24.2,-24.2054459203326,0.00544592033257629,0,FLOAT
"anisotropic_(0.01,1,100)",0.01,1,100,0.999996616144847,99.01,-24.2,-24.2047561807882,0.00475618078822038,0,FLOAT
"anisotropic_(0.01,1,100)",0.01,1,100,0.999997044790765,99.01,-24.2,-24.2041537856664,0.00415378566641778,0,FLOAT
"anisotropic_(0.01,1,100)",0.01,1,100,0.99999741913846,99.01,-24.2,-24.2036276772427,0.00362767724266178,0,FLOAT
"anisotropic_(0.01,1,100)",0.01,1,100,0.999997746066095,99.01,-24.2,-24.2031681969693,0.00316819696929826,0,FLOAT
"anisotropic_(0.01,1,100)",0.01,1,100,0.999998031580553,99.01,-24.2,-24.202766908603,0.00276690860299311,0,FLOAT
"anisotropic_(0.01,1,100)",0.01,1,100,0.999998280927798,99.01,-24.2,-24.2024164436503,0.00241644365033267,0,FLOAT
"anisotropic_(0.01,1,100)",0.01,1,100,0.999998498689271,99.01,-24.2,-24.202110366326,0.00211036632605044,0,FLOAT
"anisotropic_(0.01,1,100)",0.01,1,100,0.999998688866063,99.01,-24.2,-24.2018430555661,0.00184305556609843,0,FLOAT
"anisotropic_(0.01,1,100)",0.01,1,100,0.99999885495243,99.01,-24.2,-24.2016096019479,0.00160960194787663,0,FLOAT
"anisotropic_(0.01,1,100)",0.01,1,100,0.999999,99.01,-24.2,-24.2014057176392,0.00140571763924413,0,FLOAT
"anisotropic_(0.01,1,100)",0.01,1,100,0.999999126673838,99.01,-24.2,-24.2012276577308,0.00122765773076594,0,FLOAT
"anisotropic_(0.01,1,100)",0.01,1,100,0.999999237301414,99.01,-24.2,-24.201072151518,0.00107215151797391,0,FLOAT
"anisotropic_(0.01,1,100)",0.01,1,100,0.999999333915371,99.01,-24.2,-24.2009363424729,0.000936342472883211,0,FLOAT
"anisotropic_(0.01,1,100)",0.01,1,100,0.999999418290867,99.01,-24.2,-24.2008177358128,0.000817735812788101,0,FLOAT
"anisotropic_(0.01,1,100)",0.01,1,100,0.999999491978195,99.01,-24.2,-24.2007141526986,0.000714152698563453,0,FLOAT
"anisotropic_(0.01,1,100)",0.01,1,100,0.999999556331267,99.01,-24.2,-24.2006236902333,0.000623690233339858,0,FLOAT
"anisotropic_(0.01,1,100)",0.01,1,100,0.999999612532488,99.01,-24.2,-24.2005446865219,0.000544686521863014,0,FLOAT
"anisotropic_(0.01,1,100)",0.01,1,100,0.999999661614485,99.01,-24.2,-24.200475690152,0.000475690152015318,0,FLOAT
"anisotropic_(0.01,1,100)",0.01,1,100,0.999999704479076,99.01,-24.2,-24.2004154335414,0.000415433541419929,0,FLOAT
"anisotropic_(0.01,1,100)",0.01,1,100,0.999999741913846,99.01,-24.2,-24.2003628096563,0.000362809656294871,0,FLOAT
"anisotropic_(0.01,1,100)",0.01,1,100,0.999999774606609,99.01,-24.2,-24.2003168516805,0.0003168516805232,0,FLOAT
"anisotropic_(0.01,1,100)",0.01,1,100,0.999999803158055,99.01,-24.2,-24.2002767152556,0.000276715255594695,0,FLOAT
"anisotropic_(0.01,1,100)",0.01,1,100,0.99999982809278,99.01,-24.2,-24.200241662972,0.00024166297204431,0,FLOAT
"anisotropic_(0.01,1,100)",0.01,1,100,0.999999849868927,99.01,-24.2,-24.2002110508248,0.000211050824859171,0,FLOAT
"anisotropic_(0.01,1,100)",0.01,1,100,0.999999868886606,99.01,-24.2,-24.2001843163811,0.000184316381108829,0,FLOAT
"anisotropic_(0.01,1,100)",0.01,1,100,0.999999885495243,99.01,-24.2,-24.2001609684511,0.000160968451112353,0,FLOAT
"anisotropic_(0.01,1,100)",0.01,1,100,0.9999999,99.01,-24.2,-24.2001405780612,0.000140578061234464,0,FLOAT
"anisotropic_(0.01,1,100)",0.01,1,100,0.999999912667384,99.01,-24.2,-24.2001227705762,0.000122770576254538,0,FLOAT
"anisotropic_(0.01,1,100)",0.01,1,100,0.999999923730141,99.01,-24.2,-24.2001072188151,0.000107218815116994,0,FLOAT
"anisotropic_(0.01,1,100)",0.01,1,100,0.999999933391537,99.01,-24.2,-24.2000936370416,9.36370415729471e-05,0,FLOAT
"anisotropic_(0.01,1,100)",0.01,1,100,0.999999941829087,99.01,-24.2,-24.2000817757125,8.17757124735863e-05,0,FLOAT
"anisotropic_(0.01,1,100)",0.01,1,100,0.99999994919782,99.01,-24.2,-24.2000714168953,7.14168952811178e-05,0,FLOAT
"anisotropic_(0.01,1,100)",0.01,1,100,0.999999955633127,99.01,-24.2,-24.2000623702631,6.23702630662137e-05,0,FLOAT
"anisotropic_(0.01,1,100)",0.01,1,100,0.999999961253249,99.01,-24.2,-24.2000544695977,5.44695976998355e-05,0,FLOAT
"anisotropic_(0.01,1,100)",0.01,1,100,0.999999966161448,99.01,-24.2,-24.2000475697364,4.75697364379357e-05,0,FLOAT
"anisotropic_(0.01,1,100)",0.01,1,100,0.999999970447908,99.01,-24.2,-24.2000415439041,4.15439040750698e-05,0,FLOAT
"anisotropic_(0.01,1,100)",0.01,1,100,0.999999974191385,99.01,-24.2,-24.2000362813852,3.62813852206045e-05,0,FLOAT
"anisotropic_(0.01,1,100)",0.01,1,100,0.999999977460661,99.01,-24.2,-24.2000316854879,3.16854879542916e-05,0,FLOAT
"anisotropic_(0.01,1,100)",0.01,1,100,0.999999980315806,99.01,-24.2,-24.2000276717697,2.76717697289541e-05,0,FLOAT
"anisotropic_(0.01,1,100)",0.01,1,100,0.999999982809278,99.01,-24.2,-24.2000241664835,2.41664834845778e-05,0,FLOAT
"anisotropic_(0.01,1,100)",0.01,1,100,0.999999984986893,99.01,-24.2,-24.2000211052247,2.11052246754662e-05,0,FLOAT
"anisotropic_(0.01,1,100)",0.01,1,100,0.999999986888661,99.01,-24.2,-24.2000184317464,1.8431746383385e-05,0,FLOAT
"anisotropic_(0.01,1,100)",0.01,1,100,0.999999988549524,99.01,-24.2,-24.2000160969275,1.60969275242451e-05,0,FLOAT
"anisotropic_(0.01,1,100)",0.01,1,100,0.99999999,99.01,-24.2,-24.2000140578693,1.40578693361704e-05,0,FLOAT
