triple,beta12,beta13,beta23,alpha,T1,T_alpha,W_over_T1,evidence
"no_pair_loops_(1,1,1)",1,1,1,0.666666676666667,9,1.67583895975694e+23,1.86204328861882e+22,FLOAT
"no_pair_loops_(1,1,1)",1,1,1,0.66666667726311,9,1.40848390076803e+23,1.56498211196448e+22,FLOAT
"no_pair_loops_(1,1,1)",1,1,1,0.666666677895128,9,1.18378139647596e+23,1.31531266275106e+22,FLOAT
"no_pair_loops_(1,1,1)",1,1,1,0.666666678564843,9,9.94926783671126e+22,1.10547420407903e+22,FLOAT
"no_pair_loops_(1,1,1)",1,1,1,0.666666679274502,9,8.36201123135078e+22,9.29112359038975e+21,FLOAT
"no_pair_loops_(1,1,1)",1,1,1,0.666666680026488,9,7.02797710172932e+22,7.80886344636591e+21,FLOAT
"no_pair_loops_(1,1,1)",1,1,1,0.666666680823326,9,5.90676856880156e+22,6.56307618755729e+21,FLOAT
"no_pair_loops_(1,1,1)",1,1,1,0.666666681667691,9,4.96443213550462e+22,5.51603570611624e+21,FLOAT
"no_pair_loops_(1,1,1)",1,1,1,0.666666682562417,9,4.172431193211e+22,4.63603465912333e+21,FLOAT
"no_pair_loops_(1,1,1)",1,1,1,0.666666683510509,9,3.50678217546236e+22,3.89642463940263e+21,FLOAT
"no_pair_loops_(1,1,1)",1,1,1,0.666666684515149,9,2.94732753256184e+22,3.27480836951316e+21,FLOAT
"no_pair_loops_(1,1,1)",1,1,1,0.66666668557971,9,2.47712548601997e+22,2.7523616511333e+21,FLOAT
"no_pair_loops_(1,1,1)",1,1,1,0.666666686707767,9,2.08193723375636e+22,2.31326359306262e+21,FLOAT
"no_pair_loops_(1,1,1)",1,1,1,0.666666687903105,9,1.74979527857124e+22,1.94421697619027e+21,FLOAT
"no_pair_loops_(1,1,1)",1,1,1,0.666666689169739,9,1.47064162192155e+22,1.6340462465795e+21,FLOAT
"no_pair_loops_(1,1,1)",1,1,1,0.66666669051192,9,1.23602275516465e+22,1.37335861684962e+21,FLOAT
"no_pair_loops_(1,1,1)",1,1,1,0.666666691934155,9,1.03883382581751e+22,1.1542598064639e+21,FLOAT
"no_pair_loops_(1,1,1)",1,1,1,0.666666693441218,9,8.73103429981387e+21,9.70114922201542e+20,FLOAT
"no_pair_loops_(1,1,1)",1,1,1,0.666666695038169,9,7.3381283680268e+21,8.15347596447422e+20,FLOAT
"no_pair_loops_(1,1,1)",1,1,1,0.666666696730369,9,6.16743982274919e+21,6.85271091416576e+20,FLOAT
"no_pair_loops_(1,1,1)",1,1,1,0.666666698523499,9,5.18351711636142e+21,5.7594634626238e+20,FLOAT
"no_pair_loops_(1,1,1)",1,1,1,0.666666700423579,9,4.35656449710362e+21,4.84062721900403e+20,FLOAT
"no_pair_loops_(1,1,1)",1,1,1,0.666666702436989,9,3.66153977665091e+21,4.06837752961212e+20,FLOAT
"no_pair_loops_(1,1,1)",1,1,1,0.666666704570486,9,3.07739593027306e+21,3.41932881141451e+20,FLOAT
"no_pair_loops_(1,1,1)",1,1,1,0.666666706831235,9,2.58644344696839e+21,2.8738260521871e+20,FLOAT
"no_pair_loops_(1,1,1)",1,1,1,0.666666709226825,9,2.17381509057122e+21,2.41535010063469e+20,FLOAT
"no_pair_loops_(1,1,1)",1,1,1,0.666666711765299,9,1.82701542684987e+21,2.0300171409443e+20,FLOAT
"no_pair_loops_(1,1,1)",1,1,1,0.666666714455177,9,1.53554246746557e+21,1.70615829718396e+20,FLOAT
"no_pair_loops_(1,1,1)",1,1,1,0.666666717305492,9,1.29056964483455e+21,1.43396627203839e+20,FLOAT
"no_pair_loops_(1,1,1)",1,1,1,0.666666720325813,9,1.08467856430523e+21,1.20519840478359e+20,FLOAT
"no_pair_loops_(1,1,1)",1,1,1,0.666666723526278,9,9.11634337803545e+20,1.01292704200394e+20,FLOAT
"no_pair_loops_(1,1,1)",1,1,1,0.666666726917633,9,7.66196718286645e+20,8.51329686985161e+19,FLOAT
"no_pair_loops_(1,1,1)",1,1,1,0.666666730511263,9,6.43961504733851e+20,7.15512783037612e+19,FLOAT
"no_pair_loops_(1,1,1)",1,1,1,0.666666734319233,9,5.41227083580739e+20,6.01363426200821e+19,FLOAT
"no_pair_loops_(1,1,1)",1,1,1,0.666666738354327,9,4.54882405629384e+20,5.0542489514376e+19,FLOAT
"no_pair_loops_(1,1,1)",1,1,1,0.666666742630091,9,3.82312724476351e+20,4.24791916084834e+19,FLOAT
"no_pair_loops_(1,1,1)",1,1,1,0.66666674716088,9,3.21320452178617e+20,3.57022724642908e+19,FLOAT
"no_pair_loops_(1,1,1)",1,1,1,0.666666751961906,9,2.70058583125078e+20,3.00065092361198e+19,FLOAT
"no_pair_loops_(1,1,1)",1,1,1,0.666666757049286,9,2.26974779969102e+20,2.52194199965669e+19,FLOAT
"no_pair_loops_(1,1,1)",1,1,1,0.666666762440099,9,1.90764353100561e+20,2.11960392333957e+19,FLOAT
"no_pair_loops_(1,1,1)",1,1,1,0.666666768152444,9,1.60330755465335e+20,1.78145283850372e+19,FLOAT
"no_pair_loops_(1,1,1)",1,1,1,0.666666774205498,9,1.34752384553456e+20,1.49724871726063e+19,FLOAT
"no_pair_loops_(1,1,1)",1,1,1,0.666666780619582,9,1.1325465900004e+20,1.25838510000044e+19,FLOAT
"no_pair_loops_(1,1,1)",1,1,1,0.66666678741623,9,9.51865743693939e+19,1.05762860410438e+19,FLOAT
"no_pair_loops_(1,1,1)",1,1,1,0.66666679461826,9,8.00009817385935e+19,8.88899797095483e+18,FLOAT
"no_pair_loops_(1,1,1)",1,1,1,0.666666802249851,9,6.7238023133069e+19,7.47089145922989e+18,FLOAT
"no_pair_loops_(1,1,1)",1,1,1,0.666666810336623,9,5.65112036529627e+19,6.27902262810696e+18,FLOAT
"no_pair_loops_(1,1,1)",1,1,1,0.666666818905725,9,4.749568759425e+19,5.27729862158333e+18,FLOAT
"no_pair_loops_(1,1,1)",1,1,1,0.666666827985925,9,3.99184620842275e+19,4.43538467602528e+18,FLOAT
"no_pair_loops_(1,1,1)",1,1,1,0.666666837607709,9,3.3550069537123e+19,3.72778550412478e+18,FLOAT
"no_pair_loops_(1,1,1)",1,1,1,0.666666847803377,9,2.81976585680262e+19,3.13307317422514e+18,FLOAT
"no_pair_loops_(1,1,1)",1,1,1,0.66666685860716,9,2.36991446055668e+19,2.63323828950743e+18,FLOAT
"no_pair_loops_(1,1,1)",1,1,1,0.666666870055327,9,1.99183012548524e+19,2.21314458387249e+18,FLOAT
"no_pair_loops_(1,1,1)",1,1,1,0.666666882186313,9,1.67406348120667e+19,1.86007053467408e+18,FLOAT
"no_pair_loops_(1,1,1)",1,1,1,0.666666895040844,9,1.40699174235879e+19,1.56332415817643e+18,FLOAT
"no_pair_loops_(1,1,1)",1,1,1,0.666666908662074,9,1.1825273012972e+19,1.31391922366355e+18,FLOAT
"no_pair_loops_(1,1,1)",1,1,1,0.666666923095735,9,9.9387279881332e+18,1.10430310979258e+18,FLOAT
"no_pair_loops_(1,1,1)",1,1,1,0.666666938390282,9,8.3531529627499e+18,9.28128106972211e+17,FLOAT
"no_pair_loops_(1,1,1)",1,1,1,0.666666954597062,9,7.0205326609999e+18,7.80059184555544e+17,FLOAT
"no_pair_loops_(1,1,1)",1,1,1,0.666666971770485,9,5.90051198105422e+18,6.55612442339358e+17,FLOAT
"no_pair_loops_(1,1,1)",1,1,1,0.666666989968206,9,4.95917380043298e+18,5.5101931115922e+17,FLOAT
"no_pair_loops_(1,1,1)",1,1,1,0.666667009251318,9,4.16801202223276e+18,4.63112446914751e+17,FLOAT
"no_pair_loops_(1,1,1)",1,1,1,0.666667029684559,9,3.50306825032215e+18,3.8922980559135e+17,FLOAT
"no_pair_loops_(1,1,1)",1,1,1,0.666667051336528,9,2.94420628492611e+18,3.27134031658457e+17,FLOAT
"no_pair_loops_(1,1,1)",1,1,1,0.666667074279914,9,2.47450237137546e+18,2.74944707930607e+17,FLOAT
"no_pair_loops_(1,1,1)",1,1,1,0.666667098591744,9,2.07973267101827e+18,2.31081407890919e+17,FLOAT
"no_pair_loops_(1,1,1)",1,1,1,0.666667124353638,9,1.74794255658738e+18,1.9421583962082e+17,FLOAT
"no_pair_loops_(1,1,1)",1,1,1,0.666667151652083,9,1.4690845787239e+18,1.63231619858211e+17,FLOAT
"no_pair_loops_(1,1,1)",1,1,1,0.666667180578726,9,1.23471420746833e+18,1.37190467496481e+17,FLOAT
"no_pair_loops_(1,1,1)",1,1,1,0.66666721123068,9,1.03773411208519e+18,1.15303790231688e+17,FLOAT
"no_pair_loops_(1,1,1)",1,1,1,0.66666724371085,9,8.72179235247373e+17,9.69088039163748e+16,FLOAT
"no_pair_loops_(1,1,1)",1,1,1,0.666667278128279,9,7.33036153175521e+17,8.14484614639468e+16,FLOAT
"no_pair_loops_(1,1,1)",1,1,1,0.666667314598514,9,6.1609126196082e+17,6.84545846623134e+16,FLOAT
"no_pair_loops_(1,1,1)",1,1,1,0.666667353243992,9,5.17803171620853e+17,5.75336857356503e+16,FLOAT
"no_pair_loops_(1,1,1)",1,1,1,0.666667394194455,9,4.35195469770324e+17,4.83550521967026e+16,FLOAT
"no_pair_loops_(1,1,1)",1,1,1,0.666667437587381,9,3.6576658597084e+17,4.06407317745378e+16,FLOAT
"no_pair_loops_(1,1,1)",1,1,1,0.666667483568452,9,3.07414037295726e+17,3.41571152550806e+16,FLOAT
"no_pair_loops_(1,1,1)",1,1,1,0.666667532292033,9,2.58370760440941e+17,2.87078622712157e+16,FLOAT
"no_pair_loops_(1,1,1)",1,1,1,0.666667583921701,9,2.17151601037772e+17,2.41279556708635e+16,FLOAT
"no_pair_loops_(1,1,1)",1,1,1,0.666667638630787,9,1.82508338602651e+17,2.02787042891834e+16,FLOAT
"no_pair_loops_(1,1,1)",1,1,1,0.666667696602962,9,1.53391887547108e+17,1.70435430607898e+16,FLOAT
"no_pair_loops_(1,1,1)",1,1,1,0.66666775803285,9,1.28920528029206e+17,1.43245031143563e+16,FLOAT
"no_pair_loops_(1,1,1)",1,1,1,0.666667823126684,9,1.08353205472007e+17,1.20392450524452e+16,FLOAT
"no_pair_loops_(1,1,1)",1,1,1,0.666667892102997,9,9.10670894932995e+16,1.01185654992555e+16,FLOAT
"no_pair_loops_(1,1,1)",1,1,1,0.666667965193359,9,7.65387128465712e+16,8.50430142739679e+15,FLOAT
"no_pair_loops_(1,1,1)",1,1,1,0.666668042643148,9,6.43281197259388e+16,7.14756885843764e+15,FLOAT
"no_pair_loops_(1,1,1)",1,1,1,0.66666812471238,9,5.40655425759716e+16,6.00728250844129e+15,FLOAT
"no_pair_loops_(1,1,1)",1,1,1,0.666668211676578,9,4.54402047780223e+16,5.04891164200248e+15,FLOAT
"no_pair_loops_(1,1,1)",1,1,1,0.666668303827701,9,3.81909094150267e+16,4.24343437944741e+15,FLOAT
"no_pair_loops_(1,1,1)",1,1,1,0.666668401475117,9,3.20981296439334e+16,3.56645884932593e+15,FLOAT
"no_pair_loops_(1,1,1)",1,1,1,0.666668504946651,9,2.69773608108087e+16,2.9974845345343e+15,FLOAT
"no_pair_loops_(1,1,1)",1,1,1,0.666668614589678,9,2.26735332119347e+16,2.51928146799274e+15,FLOAT
"no_pair_loops_(1,1,1)",1,1,1,0.666668730772293,9,1.90563161864172e+16,2.11736846515746e+15,FLOAT
"no_pair_loops_(1,1,1)",1,1,1,0.666668853884545,9,1.60161713696802e+16,1.77957459663114e+15,FLOAT
"no_pair_loops_(1,1,1)",1,1,1,0.666668984339748,9,1.34610355892234e+16,1.49567062102482e+15,FLOAT
"no_pair_loops_(1,1,1)",1,1,1,0.666669122575868,9,1.13135329801541e+16,1.25705922001713e+15,FLOAT
"no_pair_loops_(1,1,1)",1,1,1,0.666669269056992,9,9.50863182057406e+15,1.05651464673045e+15,FLOAT
"no_pair_loops_(1,1,1)",1,1,1,0.666669424274889,9,7.99167522874875e+15,887963914305416,FLOAT
"no_pair_loops_(1,1,1)",1,1,1,0.666669588750657,9,6.71672599896191e+15,746302888773544,FLOAT
"no_pair_loops_(1,1,1)",1,1,1,0.666669763036477,9,5.64517551840691e+15,627241724267433,FLOAT
"no_pair_loops_(1,1,1)",1,1,1,0.666669947717462,9,4.74457459527226e+15,527174955030250,FLOAT
"no_pair_loops_(1,1,1)",1,1,1,0.666670143413626,9,3.98765081532894e+15,443072312814326,FLOAT
"no_pair_loops_(1,1,1)",1,1,1,0.666670350781961,9,3.35148266986077e+15,372386963317863,FLOAT
"no_pair_loops_(1,1,1)",1,1,1,0.666670570518648,9,2.81680542888642e+15,312978380987379,FLOAT
"no_pair_loops_(1,1,1)",1,1,1,0.666670803361388,9,2.36742775910837e+15,263047528789818,FLOAT
"no_pair_loops_(1,1,1)",1,1,1,0.666671050091883,9,1.98974141013531e+15,221082378903922,FLOAT
"no_pair_loops_(1,1,1)",1,1,1,0.66667131153846,9,1.67230912226323e+15,185812124695913,FLOAT
"no_pair_loops_(1,1,1)",1,1,1,0.666671588578849,9,1.4055182772651e+15,156168697473899,FLOAT
"no_pair_loops_(1,1,1)",1,1,1,0.666671882143135,9,1.18128980471499e+15,131254422746109,FLOAT
"no_pair_loops_(1,1,1)",1,1,1,0.666672193216873,9,992833527593510,110314836399278,FLOAT
"no_pair_loops_(1,1,1)",1,1,1,0.666672522844405,9,834442538441126,92715837604568.5,FLOAT
"no_pair_loops_(1,1,1)",1,1,1,0.666672872132358,9,701320380314569,77924486701617.8,FLOAT
"no_pair_loops_(1,1,1)",1,1,1,0.666673242253367,9,589435798257360,65492866473039,FLOAT
"no_pair_loops_(1,1,1)",1,1,1,0.666673634450005,9,495400662639264,55044518071028.3,FLOAT
"no_pair_loops_(1,1,1)",1,1,1,0.66667405003896,9,416367368371230,46263040930135.6,FLOAT
"no_pair_loops_(1,1,1)",1,1,1,0.66667449041545,9,349942602461331,38882511384591.4,FLOAT
"no_pair_loops_(1,1,1)",1,1,1,0.666674957057912,9,294114868449599,32679429827732.2,FLOAT
"no_pair_loops_(1,1,1)",1,1,1,0.666675451532965,9,247193573380674,27465952597851.6,FLOAT
"no_pair_loops_(1,1,1)",1,1,1,0.666675975500663,9,207757832687850,23084203631982.4,FLOAT
"no_pair_loops_(1,1,1)",1,1,1,0.666676530720078,9,174613442097404,19401493566377.3,FLOAT
"no_pair_loops_(1,1,1)",1,1,1,0.666677119055197,9,146756714362468,16306301595828.8,FLOAT
"no_pair_loops_(1,1,1)",1,1,1,0.666677742481186,9,123344085126677,13704898347407.5,FLOAT
"no_pair_loops_(1,1,1)",1,1,1,0.666678403091018,9,103666567766203,11518507529577.1,FLOAT
"no_pair_loops_(1,1,1)",1,1,1,0.666679103102497,9,87128283559456.9,9680920395494.21,FLOAT
"no_pair_loops_(1,1,1)",1,1,1,0.666679844865711,9,73228417050739.2,8136490783414.46,FLOAT
"no_pair_loops_(1,1,1)",1,1,1,0.666680630870915,9,61546050143495.1,6838450015942.89,FLOAT
"no_pair_loops_(1,1,1)",1,1,1,0.666681463756893,9,51727415722215.2,5747490635800.69,FLOAT
"no_pair_loops_(1,1,1)",1,1,1,0.666682346319819,9,43475184722873,4830576080318.23,FLOAT
"no_pair_loops_(1,1,1)",1,1,1,0.666683281522644,9,36539462313459.6,4059940257050.07,FLOAT
"no_pair_loops_(1,1,1)",1,1,1,0.666684272505039,9,30710220491782.9,3412246721308.22,FLOAT
"no_pair_loops_(1,1,1)",1,1,1,0.666685322593942,9,25810937944246,2867881993804.11,FLOAT
"no_pair_loops_(1,1,1)",1,1,1,0.666686435314721,9,21693254571823.3,2410361619090.48,FLOAT
"no_pair_loops_(1,1,1)",1,1,1,0.666687614403016,9,18232478799806.8,2025830977755.31,FLOAT
"no_pair_loops_(1,1,1)",1,1,1,0.666688863817274,9,15323811634003.3,1702645737110.48,FLOAT
"no_pair_loops_(1,1,1)",1,1,1,0.666690187752041,9,12879173105247.2,1431019233915.36,FLOAT
"no_pair_loops_(1,1,1)",1,1,1,0.666691590652045,9,10824535009095.6,1202726112120.73,FLOAT
"no_pair_loops_(1,1,1)",1,1,1,0.666693077227118,9,9097679165858.24,1010853240649.92,FLOAT
"no_pair_loops_(1,1,1)",1,1,1,0.666694652468004,9,7646313315031.78,849590368335.864,FLOAT
"no_pair_loops_(1,1,1)",1,1,1,0.66669632166312,9,6426487589633.52,714054176624.947,FLOAT
"no_pair_loops_(1,1,1)",1,1,1,0.666698090416304,9,5401263618614.65,600140402067.295,FLOAT
"no_pair_loops_(1,1,1)",1,1,1,0.666699964665634,9,4539595952412.55,504399550267.061,FLOAT
"no_pair_loops_(1,1,1)",1,1,1,0.66670195070336,9,3815391940214.37,423932437800.596,FLOAT
"no_pair_loops_(1,1,1)",1,1,1,0.666704055197027,9,3206721589461.59,356302398828.065,FLOAT
"no_pair_loops_(1,1,1)",1,1,1,0.666706285211866,9,2695153479567.52,299461497728.724,FLOAT
"no_pair_loops_(1,1,1)",1,1,1,0.666708648234505,9,2265196620203.85,251688513354.983,FLOAT
"no_pair_loops_(1,1,1)",1,1,1,0.666711152198109,9,1903831352874.47,211536816985.052,FLOAT
"no_pair_loops_(1,1,1)",1,1,1,0.666713805509012,9,1600115089495.74,177790565498.527,FLOAT
"no_pair_loops_(1,1,1)",1,1,1,0.666716617074936,9,1344850949065.63,149427883228.515,FLOAT
"no_pair_loops_(1,1,1)",1,1,1,0.6667195963349,9,1130309258374.57,125589917596.174,FLOAT
"no_pair_loops_(1,1,1)",1,1,1,0.666722753290909,9,949993482880.637,105554831430.182,FLOAT
"no_pair_loops_(1,1,1)",1,1,1,0.666726098541527,9,798443499454.866,88715944382.874,FLOAT
"no_pair_loops_(1,1,1)",1,1,1,0.666729643317467,9,671070253918.34,74563361545.4822,FLOAT
"no_pair_loops_(1,1,1)",1,1,1,0.666733399519287,9,564016796374.691,62668532929.5212,FLOAT
"no_pair_loops_(1,1,1)",1,1,1,0.666737379757347,9,474041486069.814,52671276228.9794,FLOAT
"no_pair_loops_(1,1,1)",1,1,1,0.666741597394146,9,398419829065.642,44268869895.1825,FLOAT
"no_pair_loops_(1,1,1)",1,1,1,0.666746066589179,9,334861976125.304,37206886235.1448,FLOAT
"no_pair_loops_(1,1,1)",1,1,1,0.666750802346474,9,281443382486.208,31271486941.9119,FLOAT
"no_pair_loops_(1,1,1)",1,1,1,0.666755820564966,9,236546529727.851,26282947746.539,FLOAT
"no_pair_loops_(1,1,1)",1,1,1,0.666761138091871,9,198811944964.048,22090216106.1165,FLOAT
"no_pair_loops_(1,1,1)",1,1,1,0.666766772779247,9,167097034124.129,18566337123.9032,FLOAT
"no_pair_loops_(1,1,1)",1,1,1,0.666772743543927,9,140441482701.964,15604609188.1071,FLOAT
"no_pair_loops_(1,1,1)",1,1,1,0.666779070431024,9,118038176238.8,13115352914.4222,FLOAT
"no_pair_loops_(1,1,1)",1,1,1,0.666785774681232,9,99208759960.6979,11023195550.1887,FLOAT
"no_pair_loops_(1,1,1)",1,1,1,0.666792878802131,9,83383097464.1701,9264788606.13001,FLOAT
"no_pair_loops_(1,1,1)",1,1,1,0.66680040664375,9,70082006419.6813,7786889601.18681,FLOAT
"no_pair_loops_(1,1,1)",1,1,1,0.666808383478639,9,58902748501.5569,6544749832.50632,FLOAT
"no_pair_loops_(1,1,1)",1,1,1,0.666816836086713,9,49506834149.0542,5500759348.89491,FLOAT
"no_pair_loops_(1,1,1)",1,1,1,0.666825792845157,9,41609772869.062,4623308095.56245,FLOAT
"no_pair_loops_(1,1,1)",1,1,1,0.666835283823696,9,34972458697.2373,3885828743.13748,FLOAT
"no_pair_loops_(1,1,1)",1,1,1,0.666845340885544,9,29393929958.6019,3265992216.62244,FLOAT
"no_pair_loops_(1,1,1)",1,1,1,0.666855997794376,9,24705284080.1926,2745031563.46584,FLOAT
"no_pair_loops_(1,1,1)",1,1,1,0.666867290327678,9,20764563185.7709,2307173686.30788,FLOAT
"no_pair_loops_(1,1,1)",1,1,1,0.666879256396864,9,17452455601.9021,1939161732.54467,FLOAT
"no_pair_loops_(1,1,1)",1,1,1,0.666891936174548,9,14668683110.4247,1629853677.93608,FLOAT
"no_pair_loops_(1,1,1)",1,1,1,0.666905372229415,9,12328964547.7428,1369884948.74921,FLOAT
"no_pair_loops_(1,1,1)",1,1,1,0.666919609669129,9,10362463805.5362,1151384866.2818,FLOAT
"no_pair_loops_(1,1,1)",1,1,1,0.666934696291775,9,8709644954.65534,967738327.295038,FLOAT
"no_pair_loops_(1,1,1)",1,1,1,0.666950682746323,9,7320469542.9866,813385503.776289,FLOAT
"no_pair_loops_(1,1,1)",1,1,1,0.666967622702667,9,6152881479.70211,683653496.744679,FLOAT
"no_pair_loops_(1,1,1)",1,1,1,0.666985573031808,9,5171533626.24819,574614846.360911,FLOAT
"no_pair_loops_(1,1,1)",1,1,1,0.667004593996783,9,4346717534.69808,482968613.966454,FLOAT
"no_pair_loops_(1,1,1)",1,1,1,0.667024749454976,9,3653463924.4821,405940435.053567,FLOAT
"no_pair_loops_(1,1,1)",1,1,1,0.667046107072505,9,3070786659.79062,341198516.754513,FLOAT
"no_pair_loops_(1,1,1)",1,1,1,0.667068738551391,9,2581047334.53579,286783036.170644,FLOAT
"no_pair_loops_(1,1,1)",1,1,1,0.667092719870275,9,2169421224.36343,241046801.707048,FLOAT
"no_pair_loops_(1,1,1)",1,1,1,0.667118131539495,9,1823448434.49487,202605380.610541,FLOAT
"no_pair_loops_(1,1,1)",1,1,1,0.667145058871377,9,1532656652.08142,170295182.564602,FLOAT
"no_pair_loops_(1,1,1)",1,1,1,0.667173592266644,9,1288244079.99168,143138230.110187,FLOAT
"no_pair_loops_(1,1,1)",1,1,1,0.667203827517915,9,1082812951.26215,120312549.140239,FLOAT
"no_pair_loops_(1,1,1)",1,1,1,0.667235866131295,9,910145555.137201,101127282.904133,FLOAT
"no_pair_loops_(1,1,1)",1,1,1,0.667269815667157,9,765015992.816809,85001775.9796455,FLOAT
"no_pair_loops_(1,1,1)",1,1,1,0.667305790101244,9,643031963.004218,71447994.8893576,FLOAT
"no_pair_loops_(1,1,1)",1,1,1,0.667343910207308,9,540501786.635233,60055753.0705815,FLOAT
"no_pair_loops_(1,1,1)",1,1,1,0.667384303962572,9,454322644.433745,50480292.8259716,FLOAT
"no_pair_loops_(1,1,1)",1,1,1,0.667427106977381,9,381886643.246687,42431848.2496319,FLOAT
"no_pair_loops_(1,1,1)",1,1,1,0.66747246295047,9,321001866.988137,35666873.109793,FLOAT
"no_pair_loops_(1,1,1)",1,1,1,0.667520524151393,9,269826021.735094,29980668.0816771,FLOAT
"no_pair_loops_(1,1,1)",1,1,1,0.667571451931725,9,226810665.883062,25201184.098118,FLOAT
"no_pair_loops_(1,1,1)",1,1,1,0.667625417266748,9,190654336.762398,21183814.195822,FLOAT
"no_pair_loops_(1,1,1)",1,1,1,0.66768260132946,9,160263154.505961,17807016.167329,FLOAT
"no_pair_loops_(1,1,1)",1,1,1,0.667743196098802,9,134717710.362664,14968633.4847405,FLOAT
"no_pair_loops_(1,1,1)",1,1,1,0.667807405004176,9,113245236.931495,12582803.1034995,FLOAT
"no_pair_loops_(1,1,1)",1,1,1,0.667875443608401,9,95196217.7282731,10577356.5253637,FLOAT
"no_pair_loops_(1,1,1)",1,1,1,0.667947540331402,9,80024727.9079063,8891635.43421181,FLOAT
"no_pair_loops_(1,1,1)",1,1,1,0.668023937217061,9,67271910.9409222,7474655.77121358,FLOAT
"no_pair_loops_(1,1,1)",1,1,1,0.668104890745814,9,56552090.9917387,6283564.66574874,FLOAT
"no_pair_loops_(1,1,1)",1,1,1,0.668190672695706,9,47541100.5500645,5282343.50556272,FLOAT
"no_pair_loops_(1,1,1)",1,1,1,0.66828157105481,9,39966469.9389753,4440717.88210837,FLOAT
"no_pair_loops_(1,1,1)",1,1,1,0.668377890988062,9,33599181.6948646,3733241.41054051,FLOAT
"no_pair_loops_(1,1,1)",1,1,1,0.668479955861763,9,28246740.1944583,3138525.68827314,FLOAT
"no_pair_loops_(1,1,1)",1,1,1,0.668588108329191,9,23747346.7245864,2638593.0805096,FLOAT
"no_pair_loops_(1,1,1)",1,1,1,0.668702711480957,9,19965003.6593424,2218332.73992693,FLOAT
"no_pair_loops_(1,1,1)",1,1,1,0.668824150063978,9,16785399.5381924,1865043.39313249,FLOAT
"no_pair_loops_(1,1,1)",1,1,1,0.668952831773153,9,14112450.4809936,1568049.05344373,FLOAT
"no_pair_loops_(1,1,1)",1,1,1,0.669089188620082,9,11865393.2461621,1318376.02735135,FLOAT
"no_pair_loops_(1,1,1)",1,1,1,0.669233678383419,9,9976341.93893183,1108481.43765909,FLOAT
"no_pair_loops_(1,1,1)",1,1,1,0.669386786145729,9,8388234.41325422,932025.045917135,FLOAT
"no_pair_loops_(1,1,1)",1,1,1,0.669549025922018,9,7053106.20809744,783677.467566382,FLOAT
"no_pair_loops_(1,1,1)",1,1,1,0.669720942385384,9,5930639.77445975,658958.974939972,FLOAT
"no_pair_loops_(1,1,1)",1,1,1,0.669903112695601,9,4986945.08292711,554104.009214123,FLOAT
"no_pair_loops_(1,1,1)",1,1,1,0.670096148436769,9,4193534.70602825,465947.300669805,FLOAT
"no_pair_loops_(1,1,1)",1,1,1,0.670300697670525,9,3526462.35648659,391828.150720732,FLOAT
"no_pair_loops_(1,1,1)",1,1,1,0.670517447111728,9,2965598.81039668,329509.978932964,FLOAT
"no_pair_loops_(1,1,1)",1,1,1,0.670747124433902,9,2494023.30289495,277112.700321661,FLOAT
"no_pair_loops_(1,1,1)",1,1,1,0.67099050071219,9,2097511.97914464,233055.886571626,FLOAT
"no_pair_loops_(1,1,1)",1,1,1,0.671248393012015,9,1764107.9211122,196010.991234689,FLOAT
"no_pair_loops_(1,1,1)",1,1,1,0.671521667132144,9,1483759.73967423,164861.193297137,FLOAT
"no_pair_loops_(1,1,1)",1,1,1,0.671811240511352,9,1248017.79682162,138667.644091292,FLOAT
"no_pair_loops_(1,1,1)",1,1,1,0.67211808530846,9,1049778.86690495,116641.096322772,FLOAT
"no_pair_loops_(1,1,1)",1,1,1,0.672443231666078,9,883071.511840411,98118.0568711568,FLOAT
"no_pair_loops_(1,1,1)",1,1,1,0.672787771169006,9,742875.677329301,82540.7419254779,FLOAT
"no_pair_loops_(1,1,1)",1,1,1,0.673152860508921,9,624971.052733757,69440.2280815286,FLOAT
"no_pair_loops_(1,1,1)",1,1,1,0.673539725367628,9,525809.60766771,58422.2897408567,FLOAT
"no_pair_loops_(1,1,1)",1,1,1,0.673949664531935,9,442408.449930451,49155.4944367168,FLOAT
"no_pair_loops_(1,1,1)",1,1,1,0.674384054253956,9,372259.764299106,41361.196033234,FLOAT
"no_pair_loops_(1,1,1)",1,1,1,0.674844352871474,9,313255.108502659,34805.1231669622,FLOAT
"no_pair_loops_(1,1,1)",1,1,1,0.675332105703892,9,263621.777078925,29290.308564325,FLOAT
"no_pair_loops_(1,1,1)",1,1,1,0.675848950240194,9,221869.30891033,24651.1454344811,FLOAT
"no_pair_loops_(1,1,1)",1,1,1,0.676396621636343,9,186744.521098007,20748.3912331119,FLOAT
"no_pair_loops_(1,1,1)",1,1,1,0.676976958540561,9,157193.709754193,17464.9677504659,FLOAT
"no_pair_loops_(1,1,1)",1,1,1,0.677591909266059,9,132330.8750773,14702.4305641444,FLOAT
"no_pair_loops_(1,1,1)",1,1,1,0.67824353833194,9,111411.010283668,12378.0011426298,FLOAT
"no_pair_loops_(1,1,1)",1,1,1,0.678934033394218,9,93807.6471194497,10422.0719021611,FLOAT
"no_pair_loops_(1,1,1)",1,1,1,0.679665712590243,9,78993.979400982,8776.10882233133,FLOAT
"no_pair_loops_(1,1,1)",1,1,1,0.680441032321174,9,66526.9942276148,7390.88824751276,FLOAT
"no_pair_loops_(1,1,1)",1,1,1,0.681262595498641,9,56034.131451879,6225.01460576433,FLOAT
"no_pair_loops_(1,1,1)",1,1,1,0.68213316028326,9,47202.0684300388,5243.67427000431,FLOAT
"no_pair_loops_(1,1,1)",1,1,1,0.683055649344363,9,39767.2913248027,4417.58792497808,FLOAT
"no_pair_loops_(1,1,1)",1,1,1,0.684033159672015,9,33508.1682349029,3722.1298038781,FLOAT
"no_pair_loops_(1,1,1)",1,1,1,0.68506897297426,9,28238.2848180426,3136.58720200473,FLOAT
"no_pair_loops_(1,1,1)",1,1,1,0.686166566694507,9,23800.8412272381,2643.53791413757,FLOAT
"no_pair_loops_(1,1,1)",1,1,1,0.687329625686041,9,20063.9412504595,2228.32680560661,FLOAT
"no_pair_loops_(1,1,1)",1,1,1,0.68856205458285,9,16916.6314998753,1878.62572220836,FLOAT
"no_pair_loops_(1,1,1)",1,1,1,0.689867990908302,9,14265.5711553583,1584.06346170648,FLOAT
"no_pair_loops_(1,1,1)",1,1,1,0.691251818965688,9,12032.2318126924,1335.91464585471,FLOAT
"no_pair_loops_(1,1,1)",1,1,1,0.692718184557244,9,10150.5429961566,1126.83811068406,FLOAT
"no_pair_loops_(1,1,1)",1,1,1,0.694272010581095,9,8564.91235215945,950.656928017716,FLOAT
"no_pair_loops_(1,1,1)",1,1,1,0.695918513558455,9,7228.56085224241,802.173428026935,FLOAT
"no_pair_loops_(1,1,1)",1,1,1,0.697663221146592,9,6102.12284222851,677.013649136501,FLOAT
"no_pair_loops_(1,1,1)",1,1,1,0.699511990696333,9,5152.46876703236,571.496529670263,FLOAT
"no_pair_loops_(1,1,1)",1,1,1,0.701471028916427,9,4351.715119381,482.523902153445,FLOAT
"no_pair_loops_(1,1,1)",1,1,1,0.703546912710775,9,3676.39180851635,407.487978724039,FLOAT
"no_pair_loops_(1,1,1)",1,1,1,0.705746611258478,9,3106.74189263272,344.193543625857,FLOAT
"no_pair_loops_(1,1,1)",1,1,1,0.708077509410841,9,2626.13260983081,290.792512203424,FLOAT
"no_pair_loops_(1,1,1)",1,1,1,0.710547432483875,9,2220.55999738234,245.728888598038,FLOAT
"no_pair_loops_(1,1,1)",1,1,1,0.713164672529529,9,1878.23220948768,207.692467720853,FLOAT
"no_pair_loops_(1,1,1)",1,1,1,0.715938016173855,9,1589.21901469221,175.579890521357,FLOAT
"no_pair_loops_(1,1,1)",1,1,1,0.718876774115565,9,1345.15694734518,148.461883038353,FLOAT
"no_pair_loops_(1,1,1)",1,1,1,0.721990812384003,9,1139.00126314899,125.555695905443,FLOAT
"no_pair_loops_(1,1,1)",1,1,1,0.725290585461487,9,964.817257571758,106.201917507973,FLOAT
"no_pair_loops_(1,1,1)",1,1,1,0.728787171381207,9,817.604690224643,89.8449655805159,FLOAT
"no_pair_loops_(1,1,1)",1,1,1,0.732492308918514,9,693.150053999019,76.0166726665577,FLOAT
"no_pair_loops_(1,1,1)",1,1,1,0.736418437000464,9,587.902264878313,64.3224738753681,FLOAT
"no_pair_loops_(1,1,1)",1,1,1,0.740578736465914,9,498.868052152351,54.4297835724835,FLOAT
"no_pair_loops_(1,1,1)",1,1,1,0.744987174316374,9,423.523920509477,46.0582133899419,FLOAT
"no_pair_loops_(1,1,1)",1,1,1,0.749658550606174,9,359.742053017976,38.9713392242196,FLOAT
"no_pair_loops_(1,1,1)",1,1,1,0.754608548129361,9,305.727942341982,32.9697713713314,FLOAT
"no_pair_loops_(1,1,1)",1,1,1,0.759853785070145,9,259.96788928546,27.8853210317178,FLOAT
"no_pair_loops_(1,1,1)",1,1,1,0.765411870793641,9,221.184803526379,23.5760892807088,FLOAT
"no_pair_loops_(1,1,1)",1,1,1,0.771301464964215,9,188.300990107922,19.9223322342136,FLOAT
"no_pair_loops_(1,1,1)",1,1,1,0.777542340189913,9,160.406814389477,16.8229793766086,FLOAT
"no_pair_loops_(1,1,1)",1,1,1,0.784155448403264,9,136.734314028008,14.1927015586675,FLOAT
"no_pair_loops_(1,1,1)",1,1,1,0.791162991201332,9,116.634974457065,11.9594416063406,FLOAT
"no_pair_loops_(1,1,1)",1,1,1,0.798588494381158,9,99.5610087091561,10.0623343010173,FLOAT
"no_pair_loops_(1,1,1)",1,1,1,0.806456886920807,9,85.0495870310879,8.44995411456532,FLOAT
"no_pair_loops_(1,1,1)",1,1,1,0.814794584671205,9,72.709549718497,7.07883885761078,FLOAT
"no_pair_loops_(1,1,1)",1,1,1,0.823629579039712,9,62.2102105910929,5.91224562123255,FLOAT
"no_pair_loops_(1,1,1)",1,1,1,0.83299153096317,9,53.2719207687799,4.91910230764221,FLOAT
"no_pair_loops_(1,1,1)",1,1,1,0.842911870485915,9,45.6581147611232,4.07312386234702,FLOAT
"no_pair_loops_(1,1,1)",1,1,1,0.853423902277057,9,39.1686049211306,3.35206721345896,FLOAT
"no_pair_loops_(1,1,1)",1,1,1,0.864562917441269,9,33.6339273612314,2.73710304013683,FLOAT
"no_pair_loops_(1,1,1)",1,1,1,0.876366311998457,9,28.9105735963274,2.21228595514749,FLOAT
"no_pair_loops_(1,1,1)",1,1,1,0.888873712430073,9,24.8769684006657,1.76410760007396,FLOAT
"no_pair_loops_(1,1,1)",1,1,1,0.9,9,21.9349677272044,1.43721863635605,FLOAT
"no_pair_loops_(1,1,1)",1,1,1,0.902127108713561,9,21.4300764280169,1.38111960311299,FLOAT
"no_pair_loops_(1,1,1)",1,1,1,0.912667383761716,9,19.1601812392185,1.12890902657983,FLOAT
"no_pair_loops_(1,1,1)",1,1,1,0.916170995291558,9,18.4825387092116,1.05361541213462,FLOAT
"no_pair_loops_(1,1,1)",1,1,1,0.923730141409766,9,17.1341789084708,0.903797656496754,FLOAT
"no_pair_loops_(1,1,1)",1,1,1,0.931052520449102,9,15.9602557632559,0.773361751472874,FLOAT
"no_pair_loops_(1,1,1)",1,1,1,0.933391537091908,9,15.6099305499036,0.734436727767067,FLOAT
"no_pair_loops_(1,1,1)",1,1,1,0.941829086706256,9,14.4353482179507,0.603927579772297,FLOAT
"no_pair_loops_(1,1,1)",1,1,1,0.946821644600358,9,13.800347205455,0.533371911717221,FLOAT
"no_pair_loops_(1,1,1)",1,1,1,0.94919781953087,9,13.5124299844009,0.501381109377877,FLOAT
"no_pair_loops_(1,1,1)",1,1,1,0.955633126690214,9,12.7755752514959,0.419508361277324,FLOAT
"no_pair_loops_(1,1,1)",1,1,1,0.961253248795439,9,12.1794324895375,0.353270276615272,FLOAT
"no_pair_loops_(1,1,1)",1,1,1,0.963531308016255,9,11.9494288012821,0.327714311253562,FLOAT
"no_pair_loops_(1,1,1)",1,1,1,0.966161448465718,9,11.6917693654254,0.299085485047271,FLOAT
"no_pair_loops_(1,1,1)",1,1,1,0.970447907647971,9,11.2891221559512,0.254346906216802,FLOAT
"no_pair_loops_(1,1,1)",1,1,1,0.974191384595819,9,10.9540493399343,0.217116593326035,FLOAT
"no_pair_loops_(1,1,1)",1,1,1,0.977460660952652,9,10.6733455948749,0.18592728831943,FLOAT
"no_pair_loops_(1,1,1)",1,1,1,0.980315805527134,9,10.436849501041,0.15964994456011,FLOAT
"no_pair_loops_(1,1,1)",1,1,1,0.981237608556118,9,10.3621572287612,0.151350803195684,FLOAT
"no_pair_loops_(1,1,1)",1,1,1,0.982809277981414,9,10.2366288071271,0.137403200791897,FLOAT
"no_pair_loops_(1,1,1)",1,1,1,0.984986892710918,9,10.0664119307578,0.118490214528644,FLOAT
"no_pair_loops_(1,1,1)",1,1,1,0.986888660625784,9,9.92118371499902,0.102353746111003,FLOAT
"no_pair_loops_(1,1,1)",1,1,1,0.988549524300617,9,9.79689301008891,0.0885436677876563,FLOAT
"no_pair_loops_(1,1,1)",1,1,1,0.99,9,9.69023780551587,0.0766930895017638,FLOAT
"no_pair_loops_(1,1,1)",1,1,1,0.991266738376172,9,9.59850505736967,0.0665005619299629,FLOAT
"no_pair_loops_(1,1,1)",1,1,1,0.992373014140977,9,9.51944969287345,0.0577166325414949,FLOAT
"no_pair_loops_(1,1,1)",1,1,1,0.993339153709191,9,9.45120207998549,0.0501335644428319,FLOAT
"no_pair_loops_(1,1,1)",1,1,1,0.994182908670626,9,9.39219645429705,0.0435773838107829,FLOAT
"no_pair_loops_(1,1,1)",1,1,1,0.994919781953087,9,9.34111496694419,0.0379016629937993,FLOAT
"no_pair_loops_(1,1,1)",1,1,1,0.995563312669021,9,9.29684351101654,0.0329826123351709,FLOAT
"no_pair_loops_(1,1,1)",1,1,1,0.996125324879544,9,9.25843652583168,0.0287151695368533,FLOAT
"no_pair_loops_(1,1,1)",1,1,1,0.996616144846572,9,9.225088714531,0.0250098571701116,FLOAT
"no_pair_loops_(1,1,1)",1,1,1,0.997044790764797,9,9.19611213674454,0.02179023741606,FLOAT
"no_pair_loops_(1,1,1)",1,1,1,0.997419138459582,9,9.17091751858094,0.0189908353978827,FLOAT
"no_pair_loops_(1,1,1)",1,1,1,0.997746066095265,9,9.14899890019981,0.0165554333555343,FLOAT
"no_pair_loops_(1,1,1)",1,1,1,0.998031580552713,9,9.12992094634349,0.0144356607048319,FLOAT
"no_pair_loops_(1,1,1)",1,1,1,0.998280927798141,9,9.11330839796866,0.0125898219965173,FLOAT
"no_pair_loops_(1,1,1)",1,1,1,0.998498689271092,9,9.09883725790283,0.0109819175447594,FLOAT
"no_pair_loops_(1,1,1)",1,1,1,0.998688866062578,9,9.08622739043456,0.00958082115939598,FLOAT
"no_pair_loops_(1,1,1)",1,1,1,0.998854952430062,9,9.07523628119966,0.00835958679996216,FLOAT
"no_pair_loops_(1,1,1)",1,1,1,0.999,9,9.06565375489747,0.00729486165527425,FLOAT
"no_pair_loops_(1,1,1)",1,1,1,0.999126673837617,9,9.0572974880736,0.00636638756373347,FLOAT
"no_pair_loops_(1,1,1)",1,1,1,0.999237301414098,9,9.05000918523902,0.00555657613766887,FLOAT
"no_pair_loops_(1,1,1)",1,1,1,0.999333915370919,9,9.04365131102637,0.00485014566959663,FLOAT
"no_pair_loops_(1,1,1)",1,1,1,0.999418290867063,9,9.03810429045152,0.00423381005016922,FLOAT
"no_pair_loops_(1,1,1)",1,1,1,0.999491978195309,9,9.0332641048063,0.00369601164514479,FLOAT
"no_pair_loops_(1,1,1)",1,1,1,0.999556331266902,9,9.02904022312587,0.00322669145843039,FLOAT
"no_pair_loops_(1,1,1)",1,1,1,0.999612532487954,9,9.02535381921384,0.00281709102376008,FLOAT
"no_pair_loops_(1,1,1)",1,1,1,0.999661614484657,9,9.022136232374,0.00245958137488935,FLOAT
"no_pair_loops_(1,1,1)",1,1,1,0.99970447907648,9,9.01932763667844,0.00214751518649356,FLOAT
"no_pair_loops_(1,1,1)",1,1,1,0.999741913845958,9,9.01687588909826,0.00187509878869601,FLOAT
"no_pair_loops_(1,1,1)",1,1,1,0.999774606609527,9,9.0147355313693,0.00163728126325581,FLOAT
"no_pair_loops_(1,1,1)",1,1,1,0.999803158055271,9,9.0128669242436,0.00142965824928905,FLOAT
"no_pair_loops_(1,1,1)",1,1,1,0.999828092779814,9,9.01123549593308,0.00124838843700855,FLOAT
"no_pair_loops_(1,1,1)",1,1,1,0.999849868927109,9,9.00981108919837,0.00109012102204077,FLOAT
"no_pair_loops_(1,1,1)",1,1,1,0.999868886606258,9,9.00856739376471,0.000951932640523228,FLOAT
"no_pair_loops_(1,1,1)",1,1,1,0.999885495243006,9,9.00748145263079,0.000831272514531831,FLOAT
"no_pair_loops_(1,1,1)",1,1,1,0.9999,9,9.00653323243438,0.00072591471493154,FLOAT
"no_pair_loops_(1,1,1)",1,1,1,0.999912667383762,9,9.00570524939849,0.000633916599832239,FLOAT
"no_pair_loops_(1,1,1)",1,1,1,0.99992373014141,9,9.00498224354169,0.00055358261574333,FLOAT
"no_pair_loops_(1,1,1)",1,1,1,0.999933391537092,9,9.00435089482901,0.000483432758778651,FLOAT
"no_pair_loops_(1,1,1)",1,1,1,0.999941829086706,9,9.00379957579078,0.000422175087864968,FLOAT
"no_pair_loops_(1,1,1)",1,1,1,0.999949197819531,9,9.00331813586822,0.000368681763135352,FLOAT
"no_pair_loops_(1,1,1)",1,1,1,0.99995563312669,9,9.00289771337386,0.000321968152651545,FLOAT
"no_pair_loops_(1,1,1)",1,1,1,0.999961253248795,9,9.00253057149844,0.000281174610937758,FLOAT
"no_pair_loops_(1,1,1)",1,1,1,0.999966161448466,9,9.00220995526385,0.00024555058487251,FLOAT
"no_pair_loops_(1,1,1)",1,1,1,0.999970447907648,9,9.0019299667283,0.000214440747589053,FLOAT
"no_pair_loops_(1,1,1)",1,1,1,0.999974191384596,9,9.00168545609995,0.000187272899994737,FLOAT
"no_pair_loops_(1,1,1)",1,1,1,0.999977460660953,9,9.00147192672018,0.000163547413353745,FLOAT
"no_pair_loops_(1,1,1)",1,1,1,0.999980315805527,9,9.00128545214127,0.00014282801569681,FLOAT
"no_pair_loops_(1,1,1)",1,1,1,0.999982809277981,9,9.00112260375279,0.000124733750309858,FLOAT
"no_pair_loops_(1,1,1)",1,1,1,0.999984986892711,9,9.00098038760963,0.000108931956625745,FLOAT
"no_pair_loops_(1,1,1)",1,1,1,0.999986888660626,9,9.00085618928815,9.51321431274089e-05,FLOAT
"no_pair_loops_(1,1,1)",1,1,1,0.999988549524301,9,9.00074772574741,8.30806386016292e-05,FLOAT
"no_pair_loops_(1,1,1)",1,1,1,0.99999,9,9.00065300330336,7.25559225958566e-05,FLOAT
"no_pair_loops_(1,1,1)",1,1,1,0.999991266738376,9,9.00057028093796,6.33645486618977e-05,FLOAT
"no_pair_loops_(1,1,1)",1,1,1,0.999992373014141,9,9.00049803826487,5.53375849860297e-05,FLOAT
"no_pair_loops_(1,1,1)",1,1,1,0.999993339153709,9,9.00043494755994,4.83275066596178e-05,FLOAT
"no_pair_loops_(1,1,1)",1,1,1,0.999994182908671,9,9.00037984933933,4.22054821479871e-05,FLOAT
"no_pair_loops_(1,1,1)",1,1,1,0.999994919781953,9,9.00033173103566,3.68590039627748e-05,FLOAT
"no_pair_loops_(1,1,1)",1,1,1,0.999995563312669,9,9.00028970837783,3.21898197588568e-05,FLOAT
"no_pair_loops_(1,1,1)",1,1,1,0.99999612532488,9,9.00025300913207,2.81121257853635e-05,FLOAT
"no_pair_loops_(1,1,1)",1,1,1,0.999996616144847,9,9.00022095890422,2.45509893578423e-05,FLOAT
"no_pair_loops_(1,1,1)",1,1,1,0.999997044790765,9,9.00019296874177,2.14409713083323e-05,FLOAT
"no_pair_loops_(1,1,1)",1,1,1,0.99999741913846,9,9.00016852430743,1.87249230479599e-05,FLOAT
"no_pair_loops_(1,1,1)",1,1,1,0.999997746066095,9,9.00014717642485,1.635293609444e-05,FLOAT
"no_pair_loops_(1,1,1)",1,1,1,0.999998031580553,9,9.00012853282263,1.42814247365348e-05,FLOAT
"no_pair_loops_(1,1,1)",1,1,1,0.999998280927798,9,9.00011225092442,1.24723249354099e-05,FLOAT
"no_pair_loops_(1,1,1)",1,1,1,0.999998498689271,9,9.00009803155289,1.08923947657047e-05,FLOAT
"no_pair_loops_(1,1,1)",1,1,1,0.999998688866063,9,9.00008561343128,9.5126034750987e-06,FLOAT
"no_pair_loops_(1,1,1)",1,1,1,0.99999885495243,9,9.00007476838181,8.30759797941659e-06,FLOAT
"no_pair_loops_(1,1,1)",1,1,1,0.999999,9,9.00006529713242,7.25523693607184e-06,FLOAT
"no_pair_loops_(1,1,1)",1,1,1,0.999999126673838,9,9.00005702565477,6.336183863414e-06,FLOAT
"no_pair_loops_(1,1,1)",1,1,1,0.999999237301414,9,9.00004980196626,5.53355180679363e-06,FLOAT
"no_pair_loops_(1,1,1)",1,1,1,0.999999333915371,9,9.00004349333721,4.83259302283854e-06,FLOAT
"no_pair_loops_(1,1,1)",1,1,1,0.999999418290867,9,9.00003798385183,4.22042798121759e-06,FLOAT
"no_pair_loops_(1,1,1)",1,1,1,0.999999491978195,9,9.00003317227826,3.68580869509256e-06,FLOAT
"no_pair_loops_(1,1,1)",1,1,1,0.999999556331267,9,9.00002897020832,3.21891203528916e-06,FLOAT
"no_pair_loops_(1,1,1)",1,1,1,0.999999612532488,9,9.00002530043313,2.81115923645498e-06,FLOAT
"no_pair_loops_(1,1,1)",1,1,1,0.999999661614485,9,9.00002209552426,2.45505825150853e-06,FLOAT
"no_pair_loops_(1,1,1)",1,1,1,0.999999704479076,9,9.00001929659491,2.14406610155038e-06,FLOAT
"no_pair_loops_(1,1,1)",1,1,1,0.999999741913846,9,9.00001685221775,1.87246863841355e-06,FLOAT
"no_pair_loops_(1,1,1)",1,1,1,0.999999774606609,9,9.00001471748003,1.63527555940846e-06,FLOAT
"no_pair_loops_(1,1,1)",1,1,1,0.999999803158055,9,9.00001285315837,1.42812870763799e-06,FLOAT
"no_pair_loops_(1,1,1)",1,1,1,0.99999982809278,9,9.00001122499795,1.24722199442336e-06,FLOAT
"no_pair_loops_(1,1,1)",1,1,1,0.999999849868927,9,9.00000980308322,1.08923146906963e-06,FLOAT
"no_pair_loops_(1,1,1)",1,1,1,0.999999868886606,9,9.00000856128815,9.51254239033182e-07,FLOAT
"no_pair_loops_(1,1,1)",1,1,1,0.999999885495243,9,9.00000747679626,8.3075513993928e-07,FLOAT
"no_pair_loops_(1,1,1)",1,1,1,0.9999999,9,9.00000652968127,7.25520140952717e-07,FLOAT
"no_pair_loops_(1,1,1)",1,1,1,0.999999912667384,9,9.00000570254109,6.33615677061685e-07,FLOAT
"no_pair_loops_(1,1,1)",1,1,1,0.999999923730141,9,9.00000498017803,5.53353114046078e-07,FLOAT
"no_pair_loops_(1,1,1)",1,1,1,0.999999933391537,9,9.00000434931954,4.83257726379015e-07,FLOAT
"no_pair_loops_(1,1,1)",1,1,1,0.999999941829087,9,9.00000379837437,4.22041596337408e-07,FLOAT
"no_pair_loops_(1,1,1)",1,1,1,0.99999994919782,9,9.00000331721958,3.68579952928864e-07,FLOAT
"no_pair_loops_(1,1,1)",1,1,1,0.999999955633127,9,9.00000289701454,3.21890504571974e-07,FLOAT
"no_pair_loops_(1,1,1)",1,1,1,0.999999961253249,9,9.00000253003852,2.81115390718709e-07,FLOAT
"no_pair_loops_(1,1,1)",1,1,1,0.999999966161448,9,9.00000220954877,2.45505419253315e-07,FLOAT
"no_pair_loops_(1,1,1)",1,1,1,0.999999970447908,9,9.0000019296567,2.14406299529439e-07,FLOAT
"no_pair_loops_(1,1,1)",1,1,1,0.999999974191385,9,9.00000168521965,1.87246627487209e-07,FLOAT
"no_pair_loops_(1,1,1)",1,1,1,0.999999977460661,9,9.00000147174638,1.63527375344567e-07,FLOAT
"no_pair_loops_(1,1,1)",1,1,1,0.999999980315806,9,9.00000128531461,1.42812734280382e-07,FLOAT
"no_pair_loops_(1,1,1)",1,1,1,0.999999982809278,9,9.00000112249886,1.24722095367563e-07,FLOAT
"no_pair_loops_(1,1,1)",1,1,1,0.999999984986893,9,9.00000098030761,1.08923068293305e-07,FLOAT
"no_pair_loops_(1,1,1)",1,1,1,0.999999986888661,9,9.00000085612827,9.51253633887619e-08,FLOAT
"no_pair_loops_(1,1,1)",1,1,1,0.999999988549524,9,9.0000007476792,8.30754670981075e-08,FLOAT
"no_pair_loops_(1,1,1)",1,1,1,0.99999999,9,9.00000065296781,7.2551979239203e-08,FLOAT
"all_antagonistic_(3,3,3)",3,3,3,0.666666676666667,27,1.67583914213507e+23,6.2068116375373e+21,FLOAT
"all_antagonistic_(3,3,3)",3,3,3,0.66666667726311,27,1.40848406319289e+23,5.21660764145515e+21,FLOAT
"all_antagonistic_(3,3,3)",3,3,3,0.666666677895128,27,1.18378154113055e+23,4.3843760782613e+21,FLOAT
"all_antagonistic_(3,3,3)",3,3,3,0.666666678564843,27,9.94926912499641e+22,3.68491449073941e+21,FLOAT
"all_antagonistic_(3,3,3)",3,3,3,0.666666679274502,27,8.36201237868972e+22,3.09704162173693e+21,FLOAT
"all_antagonistic_(3,3,3)",3,3,3,0.666666680026488,27,7.02797812354245e+22,2.60295486057128e+21,FLOAT
"all_antagonistic_(3,3,3)",3,3,3,0.666666680823326,27,5.90676947882213e+22,2.18769239956375e+21,FLOAT
"all_antagonistic_(3,3,3)",3,3,3,0.666666681667691,27,4.96443294596343e+22,1.83867886887535e+21,FLOAT
"all_antagonistic_(3,3,3)",3,3,3,0.666666682562417,27,4.17243191500073e+22,1.54534515370397e+21,FLOAT
"all_antagonistic_(3,3,3)",3,3,3,0.666666683510509,27,3.50678281828393e+22,1.29880845121627e+21,FLOAT
"all_antagonistic_(3,3,3)",3,3,3,0.666666684515149,27,2.94732810505482e+22,1.09160300187216e+21,FLOAT
"all_antagonistic_(3,3,3)",3,3,3,0.66666668557971,27,2.47712599587875e+22,9.17454072547685e+20,FLOAT
"all_antagonistic_(3,3,3)",3,3,3,0.666666686707767,27,2.08193768783352e+22,7.71088032530932e+20,FLOAT
"all_antagonistic_(3,3,3)",3,3,3,0.666666687903105,27,1.74979568296961e+22,6.48072475173929e+20,FLOAT
"all_antagonistic_(3,3,3)",3,3,3,0.666666689169739,27,1.47064198207629e+22,5.44682215583809e+20,FLOAT
"all_antagonistic_(3,3,3)",3,3,3,0.66666669051192,27,1.23602307591629e+22,4.5778632441344e+20,FLOAT
"all_antagonistic_(3,3,3)",3,3,3,0.666666691934155,27,1.03883411147697e+22,3.84753374621102e+20,FLOAT
"all_antagonistic_(3,3,3)",3,3,3,0.666666693441218,27,8.73103684387975e+21,3.23371734958509e+20,FLOAT
"all_antagonistic_(3,3,3)",3,3,3,0.666666695038169,27,7.33813063375648e+21,2.71782616065055e+20,FLOAT
"all_antagonistic_(3,3,3)",3,3,3,0.666666696730369,27,6.16744184059436e+21,2.28423771873865e+20,FLOAT
"all_antagonistic_(3,3,3)",3,3,3,0.666666698523499,27,5.18351891344214e+21,1.91982181979339e+20,FLOAT
"all_antagonistic_(3,3,3)",3,3,3,0.666666700423579,27,4.35656609757285e+21,1.61354299910105e+20,FLOAT
"all_antagonistic_(3,3,3)",3,3,3,0.666666702436989,27,3.66154120201907e+21,1.35612637111818e+20,FLOAT
"all_antagonistic_(3,3,3)",3,3,3,0.666666704570486,27,3.07739719969735e+21,1.13977674062865e+20,FLOAT
"all_antagonistic_(3,3,3)",3,3,3,0.666666706831235,27,2.58644457750998e+21,9.57942436114806e+19,FLOAT
"all_antagonistic_(3,3,3)",3,3,3,0.666666709226825,27,2.17381609742472e+21,8.05117073120266e+19,FLOAT
"all_antagonistic_(3,3,3)",3,3,3,0.666666711765299,27,1.8270163235475e+21,6.76672712425001e+19,FLOAT
"all_antagonistic_(3,3,3)",3,3,3,0.666666714455177,27,1.53554326605906e+21,5.68719728170022e+19,FLOAT
"all_antagonistic_(3,3,3)",3,3,3,0.666666717305492,27,1.29057035605708e+21,4.77989020761881e+19,FLOAT
"all_antagonistic_(3,3,3)",3,3,3,0.666666720325813,27,1.08467919771571e+21,4.01733036191004e+19,FLOAT
"all_antagonistic_(3,3,3)",3,3,3,0.666666723526278,27,9.11634901915094e+20,3.3764255626485e+19,FLOAT
"all_antagonistic_(3,3,3)",3,3,3,0.666666726917633,27,7.66197220680973e+20,2.8377674840036e+19,FLOAT
"all_antagonistic_(3,3,3)",3,3,3,0.666666730511263,27,6.439619521632e+20,2.38504426727111e+19,FLOAT
"all_antagonistic_(3,3,3)",3,3,3,0.666666734319233,27,5.41227482058611e+20,2.00454622984671e+19,FLOAT
"all_antagonistic_(3,3,3)",3,3,3,0.666666738354327,27,4.54882760511369e+20,1.68475096485692e+19,FLOAT
"all_antagonistic_(3,3,3)",3,3,3,0.666666742630091,27,3.823130405321e+20,1.41597422419296e+19,FLOAT
"all_antagonistic_(3,3,3)",3,3,3,0.66666674716088,27,3.21320733655955e+20,1.19007679131835e+19,FLOAT
"all_antagonistic_(3,3,3)",3,3,3,0.666666751961906,27,2.70058833807091e+20,1.00021790298923e+19,FLOAT
"all_antagonistic_(3,3,3)",3,3,3,0.666666757049286,27,2.26975003224988e+20,8.40648160092549e+18,FLOAT
"all_antagonistic_(3,3,3)",3,3,3,0.666666762440099,27,1.90764551930901e+20,7.06535377521857e+18,FLOAT
"all_antagonistic_(3,3,3)",3,3,3,0.666666768152444,27,1.60330932542432e+20,5.93818268675675e+18,FLOAT
"all_antagonistic_(3,3,3)",3,3,3,0.666666774205498,27,1.34752542257249e+20,4.99083489841663e+18,FLOAT
"all_antagonistic_(3,3,3)",3,3,3,0.666666780619582,27,1.13254799450083e+20,4.19462220185491e+18,FLOAT
"all_antagonistic_(3,3,3)",3,3,3,0.66666678741623,27,9.51866994533537e+19,3.52543331308717e+18,FLOAT
"all_antagonistic_(3,3,3)",3,3,3,0.66666679461826,27,8.00010931376111e+19,2.96300344954115e+18,FLOAT
"all_antagonistic_(3,3,3)",3,3,3,0.666666802249851,27,6.72381223443603e+19,2.4903008275689e+18,FLOAT
"all_antagonistic_(3,3,3)",3,3,3,0.666666810336623,27,5.65112920099385e+19,2.09301081518291e+18,FLOAT
"all_antagonistic_(3,3,3)",3,3,3,0.666666818905725,27,4.74957662844382e+19,1.75910245497919e+18,FLOAT
"all_antagonistic_(3,3,3)",3,3,3,0.666666827985925,27,3.99185321652328e+19,1.47846415426788e+18,FLOAT
"all_antagonistic_(3,3,3)",3,3,3,0.666666837607709,27,3.35501319508428e+19,1.24259747966084e+18,FLOAT
"all_antagonistic_(3,3,3)",3,3,3,0.666666847803377,27,2.81977141533073e+19,1.04435978345583e+18,FLOAT
"all_antagonistic_(3,3,3)",3,3,3,0.66666685860716,27,2.36991941094818e+19,8.77747929980809e+17,FLOAT
"all_antagonistic_(3,3,3)",3,3,3,0.666666870055327,27,1.99183453427396e+19,7.37716494175542e+17,FLOAT
"all_antagonistic_(3,3,3)",3,3,3,0.666666882186313,27,1.67406740764725e+19,6.20024965795277e+17,FLOAT
"all_antagonistic_(3,3,3)",3,3,3,0.666666895040844,27,1.40699523922301e+19,5.21109347860375e+17,FLOAT
"all_antagonistic_(3,3,3)",3,3,3,0.666666908662074,27,1.18253041558332e+19,4.37974227993823e+17,FLOAT
"all_antagonistic_(3,3,3)",3,3,3,0.666666923095735,27,9.93875572377702e+18,3.68102063843593e+17,FLOAT
"all_antagonistic_(3,3,3)",3,3,3,0.666666938390282,27,8.35317766394652e+18,3.09376950516538e+17,FLOAT
"all_antagonistic_(3,3,3)",3,3,3,0.666666954597062,27,7.02055465973614e+18,2.6002054295319e+17,FLOAT
"all_antagonistic_(3,3,3)",3,3,3,0.666666971770485,27,5.90053157299565e+18,2.18538206407246e+17,FLOAT
"all_antagonistic_(3,3,3)",3,3,3,0.666666989968206,27,4.95919124889752e+18,1.83673749959167e+17,FLOAT
"all_antagonistic_(3,3,3)",3,3,3,0.666667009251318,27,4.1680275617297e+18,1.54371391175174e+17,FLOAT
"all_antagonistic_(3,3,3)",3,3,3,0.666667029684559,27,3.50308208970414e+18,1.29743781100153e+17,FLOAT
"all_antagonistic_(3,3,3)",3,3,3,0.666667051336528,27,2.944218610196e+18,1.09045133710963e+17,FLOAT
"all_antagonistic_(3,3,3)",3,3,3,0.666667074279914,27,2.47451334818628e+18,9.16486425254178e+16,FLOAT
"all_antagonistic_(3,3,3)",3,3,3,0.666667098591744,27,2.07974244689958e+18,7.70274980333176e+16,FLOAT
"all_antagonistic_(3,3,3)",3,3,3,0.666667124353638,27,1.74795126292812e+18,6.47389356640044e+16,FLOAT
"all_antagonistic_(3,3,3)",3,3,3,0.666667151652083,27,1.4690923325383e+18,5.44108271310481e+16,FLOAT
"all_antagonistic_(3,3,3)",3,3,3,0.666667180578726,27,1.23472111296854e+18,4.57304115914273e+16,FLOAT
"all_antagonistic_(3,3,3)",3,3,3,0.66666721123068,27,1.0377402620819e+18,3.8434824521552e+16,FLOAT
"all_antagonistic_(3,3,3)",3,3,3,0.66666724371085,27,8.72184712397241e+17,3.23031374961941e+16,FLOAT
"all_antagonistic_(3,3,3)",3,3,3,0.666667278128279,27,7.33041031092062e+17,2.71496678182245e+16,FLOAT
"all_antagonistic_(3,3,3)",3,3,3,0.666667314598514,27,6.16095606203784e+17,2.28183557853253e+16,FLOAT
"all_antagonistic_(3,3,3)",3,3,3,0.666667353243992,27,5.17807040577356e+17,1.91780385399021e+16,FLOAT
"all_antagonistic_(3,3,3)",3,3,3,0.666667394194455,27,4.35198915439578e+17,1.6118478349614e+16,FLOAT
"all_antagonistic_(3,3,3)",3,3,3,0.666667437587381,27,3.65769654663035e+17,1.35470242467791e+16,FLOAT
"all_antagonistic_(3,3,3)",3,3,3,0.666667483568452,27,3.07416770254434e+17,1.13858063057198e+16,FLOAT
"all_antagonistic_(3,3,3)",3,3,3,0.666667532292033,27,2.58373194397434e+17,9.56937757027533e+15,FLOAT
"all_antagonistic_(3,3,3)",3,3,3,0.666667583921701,27,2.17153768704699e+17,8.04273217424812e+15,FLOAT
"all_antagonistic_(3,3,3)",3,3,3,0.666667638630787,27,1.82510269113704e+17,6.75963959680386e+15,FLOAT
"all_antagonistic_(3,3,3)",3,3,3,0.666667696602962,27,1.53393606848575e+17,5.68124469809537e+15,FLOAT
"all_antagonistic_(3,3,3)",3,3,3,0.66666775803285,27,1.28922059228691e+17,4.77489108254412e+15,FLOAT
"all_antagonistic_(3,3,3)",3,3,3,0.666667823126684,27,1.08354569149006e+17,4.01313219070392e+15,FLOAT
"all_antagonistic_(3,3,3)",3,3,3,0.666667892102997,27,9.10683039757852e+16,3.3729001472513e+15,FLOAT
"all_antagonistic_(3,3,3)",3,3,3,0.666667965193359,27,7.65397944573264e+16,2.8348072021232e+15,FLOAT
"all_antagonistic_(3,3,3)",3,3,3,0.666668042643148,27,6.43290830019345e+16,2.38255862970128e+15,FLOAT
"all_antagonistic_(3,3,3)",3,3,3,0.66666812471238,27,5.40664004637462e+16,2.00245927643504e+15,FLOAT
"all_antagonistic_(3,3,3)",3,3,3,0.666668211676578,27,4.54409688076852e+16,1.68299884472908e+15,FLOAT
"all_antagonistic_(3,3,3)",3,3,3,0.666668303827701,27,3.81915898552224e+16,1.4145033279712e+15,FLOAT
"all_antagonistic_(3,3,3)",3,3,3,0.666668401475117,27,3.20987356398554e+16,1.18884206073539e+15,FLOAT
"all_antagonistic_(3,3,3)",3,3,3,0.666668504946651,27,2.69779005071112e+16,999181500263378,FLOAT
"all_antagonistic_(3,3,3)",3,3,3,0.666668614589678,27,2.26740138621969e+16,839778291192475,FLOAT
"all_antagonistic_(3,3,3)",3,3,3,0.666668730772293,27,1.90567442506332e+16,705805342616044,FLOAT
"all_antagonistic_(3,3,3)",3,3,3,0.666668853884545,27,1.60165526010815e+16,593205651891908,FLOAT
"all_antagonistic_(3,3,3)",3,3,3,0.666668984339748,27,1.34613751116032e+16,498569448577895,FLOAT
"all_antagonistic_(3,3,3)",3,3,3,0.666669122575868,27,1.13138353567318e+16,419030939138214,FLOAT
"all_antagonistic_(3,3,3)",3,3,3,0.666669269056992,27,9.50890111532497e+15,352181522789813,FLOAT
"all_antagonistic_(3,3,3)",3,3,3,0.666669424274889,27,7.99191506102488e+15,295996854112032,FLOAT
"all_antagonistic_(3,3,3)",3,3,3,0.666669588750657,27,6.71693959213622e+15,248775540449489,FLOAT
"all_antagonistic_(3,3,3)",3,3,3,0.666669763036477,27,5.64536574319589e+15,209087620118365,FLOAT
"all_antagonistic_(3,3,3)",3,3,3,0.666669947717462,27,4.74474400831862e+15,175731259567355,FLOAT
"all_antagonistic_(3,3,3)",3,3,3,0.666670143413626,27,3.98780169356318e+15,147696359020858,FLOAT
"all_antagonistic_(3,3,3)",3,3,3,0.666670350781961,27,3.3516170411035e+15,124133964485314,FLOAT
"all_antagonistic_(3,3,3)",3,3,3,0.666670570518648,27,2.81692509910235e+15,104330559226012,FLOAT
"all_antagonistic_(3,3,3)",3,3,3,0.666670803361388,27,2.36753433667876e+15,87686456914027.1,FLOAT
"all_antagonistic_(3,3,3)",3,3,3,0.666671050091883,27,1.98983632747479e+15,73697641758324.7,FLOAT
"all_antagonistic_(3,3,3)",3,3,3,0.66667131153846,27,1.6723936550716e+15,61940505743391.7,FLOAT
"all_antagonistic_(3,3,3)",3,3,3,0.666671588578849,27,1.40559356167288e+15,52059020802698.2,FLOAT
"all_antagonistic_(3,3,3)",3,3,3,0.666671882143135,27,1.18135685255313e+15,43753957501967,FLOAT
"all_antagonistic_(3,3,3)",3,3,3,0.666672193216873,27,992893239992580,36773823703427.9,FLOAT
"all_antagonistic_(3,3,3)",3,3,3,0.666672522844405,27,834495717942521,30907248812685,FLOAT
"all_antagonistic_(3,3,3)",3,3,3,0.666672872132358,27,701367741656822,25976583024325.7,FLOAT
"all_antagonistic_(3,3,3)",3,3,3,0.666673242253367,27,589477977982273,21832517703046.1,FLOAT
"all_antagonistic_(3,3,3)",3,3,3,0.666673634450005,27,495438227647117,18349563986929.2,FLOAT
"all_antagonistic_(3,3,3)",3,3,3,0.66667405003896,27,416400823539983,15422252723702.1,FLOAT
"all_antagonistic_(3,3,3)",3,3,3,0.66667449041545,27,349972397432246,12961940645637.7,FLOAT
"all_antagonistic_(3,3,3)",3,3,3,0.666674957057912,27,294141403670461,10894126061867.9,FLOAT
"all_antagonistic_(3,3,3)",3,3,3,0.666675451532965,27,247217205487857,9156192795845.57,FLOAT
"all_antagonistic_(3,3,3)",3,3,3,0.666675975500663,27,207778879299552,7695514048130.55,FLOAT
"all_antagonistic_(3,3,3)",3,3,3,0.666676530720078,27,174632186082472,6467858743794.27,FLOAT
"all_antagonistic_(3,3,3)",3,3,3,0.666677119055197,27,146773407642184,5436052134894.7,FLOAT
"all_antagonistic_(3,3,3)",3,3,3,0.666677742481186,27,123358952060610,4568850076317.9,FLOAT
"all_antagonistic_(3,3,3)",3,3,3,0.666678403091018,27,103679808167631,3839992895096.46,FLOAT
"all_antagonistic_(3,3,3)",3,3,3,0.666679103102497,27,87140075380876.3,3227410199290.71,FLOAT
"all_antagonistic_(3,3,3)",3,3,3,0.666679844865711,27,73238918775564.6,2712552547242.13,FLOAT
"all_antagonistic_(3,3,3)",3,3,3,0.666680630870915,27,61555402916097.9,2279829737632.26,FLOAT
"all_antagonistic_(3,3,3)",3,3,3,0.666681463756893,27,51735745244919.3,1916138712773.79,FLOAT
"all_antagonistic_(3,3,3)",3,3,3,0.666682346319819,27,43482602945407.3,1610466775754.82,FLOAT
"all_antagonistic_(3,3,3)",3,3,3,0.666683281522644,27,36546068937575,1353558108798.07,FLOAT
"all_antagonistic_(3,3,3)",3,3,3,0.666684272505039,27,30716104311256.1,1137633493008.49,FLOAT
"all_antagonistic_(3,3,3)",3,3,3,0.666685322593942,27,25816178038277.3,956154742157.42,FLOAT
"all_antagonistic_(3,3,3)",3,3,3,0.666686435314721,27,21697921367870.1,803626717327.522,FLOAT
"all_antagonistic_(3,3,3)",3,3,3,0.666687614403016,27,18236635020136.5,675430926670.724,FLOAT
"all_antagonistic_(3,3,3)",3,3,3,0.666688863817274,27,15327513138688,567685671802.26,FLOAT
"all_antagonistic_(3,3,3)",3,3,3,0.666690187752041,27,12882469642929.2,477128505292.675,FLOAT
"all_antagonistic_(3,3,3)",3,3,3,0.666691590652045,27,10827470885614.7,401017440206.951,FLOAT
"all_antagonistic_(3,3,3)",3,3,3,0.666693077227118,27,9100293839727.4,337047919988.904,FLOAT
"all_antagonistic_(3,3,3)",3,3,3,0.666694652468004,27,7648641927763.92,283283034360.627,FLOAT
"all_antagonistic_(3,3,3)",3,3,3,0.66669632166312,27,6428561438047.47,238094868074.832,FLOAT
"all_antagonistic_(3,3,3)",3,3,3,0.666698090416304,27,5403110575467.96,200115206497.813,FLOAT
"all_antagonistic_(3,3,3)",3,3,3,0.666699964665634,27,4541240841014.48,168194105221.759,FLOAT
"all_antagonistic_(3,3,3)",3,3,3,0.66670195070336,27,3816856868053.97,141365069186.184,FLOAT
"all_antagonistic_(3,3,3)",3,3,3,0.666704055197027,27,3208026245334.87,118815786863.254,FLOAT
"all_antagonistic_(3,3,3)",3,3,3,0.666706285211866,27,2696315398197.15,99863533265.5612,FLOAT
"all_antagonistic_(3,3,3)",3,3,3,0.666708648234505,27,2266231417907.73,83934496958.5454,FLOAT
"all_antagonistic_(3,3,3)",3,3,3,0.666711152198109,27,1904752937450.83,70546405089.7716,FLOAT
"all_antagonistic_(3,3,3)",3,3,3,0.666713805509012,27,1600935847145.62,59293920263.6525,FLOAT
"all_antagonistic_(3,3,3)",3,3,3,0.666716617074936,27,1345581910864.7,49836367068.063,FLOAT
"all_antagonistic_(3,3,3)",3,3,3,0.6667195963349,27,1130960248532.09,41887416611.2996,FLOAT
"all_antagonistic_(3,3,3)",3,3,3,0.666722753290909,27,950573250777.972,35206416694.4805,FLOAT
"all_antagonistic_(3,3,3)",3,3,3,0.666726098541527,27,798959837238.122,29591105081.8934,FLOAT
"all_antagonistic_(3,3,3)",3,3,3,0.666729643317467,27,671530101225.699,24871485229.5814,FLOAT
"all_antagonistic_(3,3,3)",3,3,3,0.666733399519287,27,564426333605.94,20904679021.4422,FLOAT
"all_antagonistic_(3,3,3)",3,3,3,0.666737379757347,27,474406217451.613,17570600645.356,FLOAT
"all_antagonistic_(3,3,3)",3,3,3,0.666741597394146,27,398744656628.967,14768320614.8877,FLOAT
"all_antagonistic_(3,3,3)",3,3,3,0.666746066589179,27,335151265589.28,12413009835.64,FLOAT
"all_antagonistic_(3,3,3)",3,3,3,0.666750802346474,27,281701021933.882,10433371181.7364,FLOAT
"all_antagonistic_(3,3,3)",3,3,3,0.666755820564966,27,236775981862.466,8769480808.72097,FLOAT
"all_antagonistic_(3,3,3)",3,3,3,0.666761138091871,27,199016293648.165,7370973837.82092,FLOAT
"all_antagonistic_(3,3,3)",3,3,3,0.666766772779247,27,167279025827.087,6195519474.07729,FLOAT
"all_antagonistic_(3,3,3)",3,3,3,0.666772743543927,27,140603563412.746,5207539384.65727,FLOAT
"all_antagonistic_(3,3,3)",3,3,3,0.666779070431024,27,118182524340.395,4377130530.12574,FLOAT
"all_antagonistic_(3,3,3)",3,3,3,0.666785774681232,27,99337315507.8202,3679159832.62297,FLOAT
"all_antagonistic_(3,3,3)",3,3,3,0.666792878802131,27,83497588257.8112,3092503267.80782,FLOAT
"all_antagonistic_(3,3,3)",3,3,3,0.66680040664375,27,70183971228.9531,2599406340.81308,FLOAT
"all_antagonistic_(3,3,3)",3,3,3,0.666808383478639,27,58993557744.9221,2184946582.14526,FLOAT
"all_antagonistic_(3,3,3)",3,3,3,0.666816836086713,27,49587708312.9051,1836581788.36686,FLOAT
"all_antagonistic_(3,3,3)",3,3,3,0.666825792845157,27,41681798911.1969,1543770329.04433,FLOAT
"all_antagonistic_(3,3,3)",3,3,3,0.666835283823696,27,35036604655.6963,1297652023.28505,FLOAT
"all_antagonistic_(3,3,3)",3,3,3,0.666845340885544,27,29451057962.2072,1090779923.52619,FLOAT
"all_antagonistic_(3,3,3)",3,3,3,0.666855997794376,27,24756161935.6582,916894885.505859,FLOAT
"all_antagonistic_(3,3,3)",3,3,3,0.666867290327678,27,20809874697.1118,770736098.893031,FLOAT
"all_antagonistic_(3,3,3)",3,3,3,0.666879256396864,27,17492809760.8373,647881841.993973,FLOAT
"all_antagonistic_(3,3,3)",3,3,3,0.666891936174548,27,14704622281.2954,544615639.047976,FLOAT
"all_antagonistic_(3,3,3)",3,3,3,0.666905372229415,27,12360971756.9502,457813767.775933,FLOAT
"all_antagonistic_(3,3,3)",3,3,3,0.666919609669129,27,10390969233.4713,384850711.350789,FLOAT
"all_antagonistic_(3,3,3)",3,3,3,0.666934696291775,27,8735031717.37217,323519692.236006,FLOAT
"all_antagonistic_(3,3,3)",3,3,3,0.666950682746323,27,7343078841.32521,271965882.012045,FLOAT
"all_antagonistic_(3,3,3)",3,3,3,0.666967622702667,27,6173017185.06671,228630265.113582,FLOAT
"all_antagonistic_(3,3,3)",3,3,3,0.666985573031808,27,5189466364.67303,192202456.950853,FLOAT
"all_antagonistic_(3,3,3)",3,3,3,0.667004593996783,27,4362688324.0923,161581048.040456,FLOAT
"all_antagonistic_(3,3,3)",3,3,3,0.667024749454976,27,3667687413.9375,135840273.590278,FLOAT
"all_antagonistic_(3,3,3)",3,3,3,0.667046107072505,27,3083454014.48989,114201999.536662,FLOAT
"all_antagonistic_(3,3,3)",3,3,3,0.667068738551391,27,2592328805.03422,96012176.9642305,FLOAT
"all_antagonistic_(3,3,3)",3,3,3,0.667092719870275,27,2179468434.77563,80721052.1398382,FLOAT
"all_antagonistic_(3,3,3)",3,3,3,0.667118131539495,27,1832396420.34008,67866533.0866696,FLOAT
"all_antagonistic_(3,3,3)",3,3,3,0.667145058871377,27,1540625675.17618,57060209.1917102,FLOAT
"all_antagonistic_(3,3,3)",3,3,3,0.667173592266644,27,1295341244.78229,47975600.6586032,FLOAT
"all_antagonistic_(3,3,3)",3,3,3,0.667203827517915,27,1089133644.32053,40338282.1229827,FLOAT
"all_antagonistic_(3,3,3)",3,3,3,0.667235866131295,27,915774727.167259,33917581.4876763,FLOAT
"all_antagonistic_(3,3,3)",3,3,3,0.667269815667157,27,770029300.401527,28519602.7185751,FLOAT
"all_antagonistic_(3,3,3)",3,3,3,0.667305790101244,27,647496785.438691,23981361.4236552,FLOAT
"all_antagonistic_(3,3,3)",3,3,3,0.667343910207308,27,544478131.512037,20165855.722668,FLOAT
"all_antagonistic_(3,3,3)",3,3,3,0.667384303962572,27,457863954.151781,16957923.2278437,FLOAT
"all_antagonistic_(3,3,3)",3,3,3,0.667427106977381,27,385040513.283084,14260758.7512253,FLOAT
"all_antagonistic_(3,3,3)",3,3,3,0.66747246295047,27,323810685.586862,11992987.3550689,FLOAT
"all_antagonistic_(3,3,3)",3,3,3,0.667520524151393,27,272327539.60975,10086204.1707315,FLOAT
"all_antagonistic_(3,3,3)",3,3,3,0.667571451931725,27,229038503.590769,8482906.54039884,FLOAT
"all_antagonistic_(3,3,3)",3,3,3,0.667625417266748,27,192638436.567888,7134755.90992177,FLOAT
"all_antagonistic_(3,3,3)",3,3,3,0.66768260132946,27,162030182.809011,6001116.88181522,FLOAT
"all_antagonistic_(3,3,3)",3,3,3,0.667743196098802,27,136291416.097541,5047829.22583485,FLOAT
"all_antagonistic_(3,3,3)",3,3,3,0.667807405004176,27,114646770.755324,4246175.69464163,FLOAT
"all_antagonistic_(3,3,3)",3,3,3,0.667875443608401,27,96444416.2882698,3572014.41808406,FLOAT
"all_antagonistic_(3,3,3)",3,3,3,0.667947540331402,27,81136367.0080567,3005049.62992802,FLOAT
"all_antagonistic_(3,3,3)",3,3,3,0.668023937217061,27,68261931.0106937,2528218.66706273,FLOAT
"all_antagonistic_(3,3,3)",3,3,3,0.668104890745814,27,57433797.8871507,2127176.6995241,FLOAT
"all_antagonistic_(3,3,3)",3,3,3,0.668190672695706,27,48326344.3859061,1789863.60688541,FLOAT
"all_antagonistic_(3,3,3)",3,3,3,0.66828157105481,27,40665804.3556986,1506139.90206291,FLOAT
"all_antagonistic_(3,3,3)",3,3,3,0.668377890988062,27,34222005.700713,1267480.692619,FLOAT
"all_antagonistic_(3,3,3)",3,3,3,0.668479955861763,27,28801424.4892114,1066718.42552635,FLOAT
"all_antagonistic_(3,3,3)",3,3,3,0.668588108329191,27,24241346.2027195,897826.637137759,FLOAT
"all_antagonistic_(3,3,3)",3,3,3,0.668702711480957,27,20404957.6046616,755738.170543021,FLOAT
"all_antagonistic_(3,3,3)",3,3,3,0.668824150063978,27,17177220.8565694,636192.365058126,FLOAT
"all_antagonistic_(3,3,3)",3,3,3,0.668952831773153,27,14461405.1704993,535606.59890738,FLOAT
"all_antagonistic_(3,3,3)",3,3,3,0.669089188620082,27,12176171.1726873,450968.302692123,FLOAT
"all_antagonistic_(3,3,3)",3,3,3,0.669233678383419,27,10253119.8685258,379744.180315769,FLOAT
"all_antagonistic_(3,3,3)",3,3,3,0.669386786145729,27,8634732.14834422,319803.894383119,FLOAT
"all_antagonistic_(3,3,3)",3,3,3,0.669549025922018,27,7272636.58206617,269355.910446895,FLOAT
"all_antagonistic_(3,3,3)",3,3,3,0.669720942385384,27,6126153.17651306,226893.562093076,FLOAT
"all_antagonistic_(3,3,3)",3,3,3,0.669903112695601,27,5161069.11167176,191149.707839695,FLOAT
"all_antagonistic_(3,3,3)",3,3,3,0.670096148436769,27,4348609.48470813,161058.610544745,FLOAT
"all_antagonistic_(3,3,3)",3,3,3,0.670300697670525,27,3664571.98451817,135723.888315488,FLOAT
"all_antagonistic_(3,3,3)",3,3,3,0.670517447111728,27,3088599.3739161,114391.5694043,FLOAT
"all_antagonistic_(3,3,3)",3,3,3,0.670747124433902,27,2603567.82078161,96427.4378067263,FLOAT
"all_antagonistic_(3,3,3)",3,3,3,0.67099050071219,27,2195072.61979862,81297.9859184675,FLOAT
"all_antagonistic_(3,3,3)",3,3,3,0.671248393012015,27,1850995.78858182,68554.3995771044,FLOAT
"all_antagonistic_(3,3,3)",3,3,3,0.671521667132144,27,1561142.49506126,57819.0924096764,FLOAT
"all_antagonistic_(3,3,3)",3,3,3,0.671811240511352,27,1316935.35179821,48774.3833999338,FLOAT
"all_antagonistic_(3,3,3)",3,3,3,0.67211808530846,27,1111157.36026467,41152.9763060988,FLOAT
"all_antagonistic_(3,3,3)",3,3,3,0.672443231666078,27,937735.756930073,34729.9539603731,FLOAT
"all_antagonistic_(3,3,3)",3,3,3,0.672787771169006,27,791560.247656428,29316.0462094973,FLOAT
"all_antagonistic_(3,3,3)",3,3,3,0.673152860508921,27,668330.154741558,24751.9686941318,FLOAT
"all_antagonistic_(3,3,3)",3,3,3,0.673539725367628,27,564425.873368858,20903.6619766244,FLOAT
"all_antagonistic_(3,3,3)",3,3,3,0.673949664531935,27,476800.767573672,17658.2876879138,FLOAT
"all_antagonistic_(3,3,3)",3,3,3,0.674384054253956,27,402890.252313685,14920.8611968032,FLOAT
"all_antagonistic_(3,3,3)",3,3,3,0.674844352871474,27,340535.326451498,12611.4194982036,FLOAT
"all_antagonistic_(3,3,3)",3,3,3,0.675332105703892,27,287918.257096109,10662.6391517077,FLOAT
"all_antagonistic_(3,3,3)",3,3,3,0.675848950240194,27,243508.481966389,9017.83266542181,FLOAT
"all_antagonistic_(3,3,3)",3,3,3,0.676396621636343,27,206017.104302459,7629.26312231328,FLOAT
"all_antagonistic_(3,3,3)",3,3,3,0.676976958540561,27,174358.613661236,6456.72643189762,FLOAT
"all_antagonistic_(3,3,3)",3,3,3,0.677591909266059,27,147618.683509315,5466.35864849315,FLOAT
"all_antagonistic_(3,3,3)",3,3,3,0.67824353833194,27,125027.079441756,4629.63257191689,FLOAT
"all_antagonistic_(3,3,3)",3,3,3,0.678934033394218,27,105934.865633408,3922.51354197808,FLOAT
"all_antagonistic_(3,3,3)",3,3,3,0.679665712590243,27,89795.2264140967,3324.74912644803,FLOAT
"all_antagonistic_(3,3,3)",3,3,3,0.680441032321174,27,76147.3285531935,2819.27142789606,FLOAT
"all_antagonistic_(3,3,3)",3,3,3,0.681262595498641,27,64602.7412240054,2391.69411940761,FLOAT
"all_antagonistic_(3,3,3)",3,3,3,0.68213316028326,27,54834.0074520313,2029.88916489005,FLOAT
"all_antagonistic_(3,3,3)",3,3,3,0.683055649344363,27,46565.0254520453,1723.63057229797,FLOAT
"all_antagonistic_(3,3,3)",3,3,3,0.684033159672015,27,39562.9525755313,1464.29453983449,FLOAT
"all_antagonistic_(3,3,3)",3,3,3,0.68506897297426,27,33631.3902611291,1244.60704670848,FLOAT
"all_antagonistic_(3,3,3)",3,3,3,0.686166566694507,27,28604.6467830454,1058.43136233501,FLOAT
"all_antagonistic_(3,3,3)",3,3,3,0.687329625686041,27,24342.9068838087,900.589143844768,FLOAT
"all_antagonistic_(3,3,3)",3,3,3,0.68856205458285,27,20728.1645314727,766.709797461953,FLOAT
"all_antagonistic_(3,3,3)",3,3,3,0.689867990908302,27,17660.7978754386,653.103625016244,FLOAT
"all_antagonistic_(3,3,3)",3,3,3,0.691251818965688,27,15056.6846773638,556.65498805051,FLOAT
"all_antagonistic_(3,3,3)",3,3,3,0.692718184557244,27,12844.7726422299,474.732320082591,FLOAT
"all_antagonistic_(3,3,3)",3,3,3,0.694272010581095,27,10965.0326557742,405.112320584229,FLOAT
"all_antagonistic_(3,3,3)",3,3,3,0.695918513558455,27,9366.73435668317,345.916087284562,FLOAT
"all_antagonistic_(3,3,3)",3,3,3,0.697663221146592,27,8006.99307886209,295.555299217115,FLOAT
"all_antagonistic_(3,3,3)",3,3,3,0.699511990696333,27,6849.54527951234,252.686862204161,FLOAT
"all_antagonistic_(3,3,3)",3,3,3,0.701471028916427,27,5863.71636557946,216.174680206647,FLOAT
"all_antagonistic_(3,3,3)",3,3,3,0.703546912710775,27,5023.55054849903,185.057427722186,FLOAT
"all_antagonistic_(3,3,3)",3,3,3,0.705746611258478,27,4307.07716679182,158.521376547845,FLOAT
"all_antagonistic_(3,3,3)",3,3,3,0.708077509410841,27,3695.69196225003,135.877480083334,FLOAT
"all_antagonistic_(3,3,3)",3,3,3,0.710547432483875,27,3173.63519959753,116.542044429538,FLOAT
"all_antagonistic_(3,3,3)",3,3,3,0.713164672529529,27,2727.55138364939,100.020421616644,FLOAT
"all_antagonistic_(3,3,3)",3,3,3,0.715938016173855,27,2346.11773794661,85.8932495535782,FLOAT
"all_antagonistic_(3,3,3)",3,3,3,0.718876774115565,27,2019.73063676436,73.8048383986801,FLOAT
"all_antagonistic_(3,3,3)",3,3,3,0.721990812384003,27,1740.24088896478,63.4533662579549,FLOAT
"all_antagonistic_(3,3,3)",3,3,3,0.725290585461487,27,1500.7302084162,54.5826003117109,FLOAT
"all_antagonistic_(3,3,3)",3,3,3,0.728787171381207,27,1295.32241454543,46.9749042424234,FLOAT
"all_antagonistic_(3,3,3)",3,3,3,0.732492308918514,27,1119.02392411623,40.4453305228232,FLOAT
"all_antagonistic_(3,3,3)",3,3,3,0.736418437000464,27,967.588951891221,34.836627847823,FLOAT
"all_antagonistic_(3,3,3)",3,3,3,0.740578736465914,27,837.405558965054,30.0150207024094,FLOAT
"all_antagonistic_(3,3,3)",3,3,3,0.744987174316374,27,725.399294725437,25.8666405453866,FLOAT
"all_antagonistic_(3,3,3)",3,3,3,0.749658550606174,27,628.951689669704,22.2945070248039,FLOAT
"all_antagonistic_(3,3,3)",3,3,3,0.754608548129361,27,545.831286868722,19.2159735877304,FLOAT
"all_antagonistic_(3,3,3)",3,3,3,0.759853785070145,27,474.135262510254,16.5605652781576,FLOAT
"all_antagonistic_(3,3,3)",3,3,3,0.765411870793641,27,412.239991421275,14.2681478304176,FLOAT
"all_antagonistic_(3,3,3)",3,3,3,0.771301464964215,27,358.759170809537,12.2873766966495,FLOAT
"all_antagonistic_(3,3,3)",3,3,3,0.777542340189913,27,312.50833228999,10.574382677407,FLOAT
"all_antagonistic_(3,3,3)",3,3,3,0.784155448403264,27,272.474754975036,9.09165759166801,FLOAT
"all_antagonistic_(3,3,3)",3,3,3,0.791162991201332,27,237.791946397782,7.80710912584378,FLOAT
"all_antagonistic_(3,3,3)",3,3,3,0.798588494381158,27,207.717987838726,6.69325880884169,FLOAT
"all_antagonistic_(3,3,3)",3,3,3,0.806456886920807,27,181.617150054557,5.72656111313174,FLOAT
"all_antagonistic_(3,3,3)",3,3,3,0.814794584671205,27,158.944277674002,4.88682509903711,FLOAT
"all_antagonistic_(3,3,3)",3,3,3,0.823629579039712,27,139.231518332153,4.15672290119086,FLOAT
"all_antagonistic_(3,3,3)",3,3,3,0.83299153096317,27,122.077038235033,3.5213717864827,FLOAT
"all_antagonistic_(3,3,3)",3,3,3,0.842911870485915,27,107.135421192814,2.9679785626968,FLOAT
"all_antagonistic_(3,3,3)",3,3,3,0.853423902277057,27,94.1094948409639,2.48553684596162,FLOAT
"all_antagonistic_(3,3,3)",3,3,3,0.864562917441269,27,82.7433671338407,2.06456915310521,FLOAT
"all_antagonistic_(3,3,3)",3,3,3,0.876366311998457,27,72.8164893762298,1.69690701393444,FLOAT
"all_antagonistic_(3,3,3)",3,3,3,0.888873712430073,27,64.1385899990292,1.37550333329738,FLOAT
"all_antagonistic_(3,3,3)",3,3,3,0.9,27,57.6691387948003,1.13589402943705,FLOAT
"all_antagonistic_(3,3,3)",3,3,3,0.902127108713561,27,56.5453467664839,1.09427210246237,FLOAT
"all_antagonistic_(3,3,3)",3,3,3,0.912667383761716,27,51.4381182326793,0.905115490099235,FLOAT
"all_antagonistic_(3,3,3)",3,3,3,0.916170995291558,27,49.8946847587937,0.84795128736273,FLOAT
"all_antagonistic_(3,3,3)",3,3,3,0.923730141409766,27,46.7952878144299,0.733158807941848,FLOAT
"all_antagonistic_(3,3,3)",3,3,3,0.931052520449102,27,44.0636038016027,0.631985325985286,FLOAT
"all_antagonistic_(3,3,3)",3,3,3,0.933391537091908,27,43.2419362838173,0.601553195696937,FLOAT
"all_antagonistic_(3,3,3)",3,3,3,0.941829086706256,27,40.4635677593653,0.498650657754269,FLOAT
"all_antagonistic_(3,3,3)",3,3,3,0.946821644600358,27,38.9454523654449,0.442424161683143,FLOAT
"all_antagonistic_(3,3,3)",3,3,3,0.94919781953087,27,38.2531440774978,0.416783113981399,FLOAT
"all_antagonistic_(3,3,3)",3,3,3,0.955633126690214,27,36.4693849928387,0.35071796269773,FLOAT
"all_antagonistic_(3,3,3)",3,3,3,0.961253248795439,27,35.0129032127069,0.296774193063219,FLOAT
"all_antagonistic_(3,3,3)",3,3,3,0.963531308016255,27,34.4475755164542,0.275836130239045,FLOAT
"all_antagonistic_(3,3,3)",3,3,3,0.966161448465718,27,33.8119332015572,0.252293822279897,FLOAT
"all_antagonistic_(3,3,3)",3,3,3,0.970447907647971,27,32.8134703537209,0.215313716804477,FLOAT
"all_antagonistic_(3,3,3)",3,3,3,0.974191384595819,27,31.9775875172726,0.18435509323232,FLOAT
"all_antagonistic_(3,3,3)",3,3,3,0.977460660952652,27,31.2736842586629,0.1582846021727,FLOAT
"all_antagonistic_(3,3,3)",3,3,3,0.980315805527134,27,30.6779485665791,0.136220317280707,FLOAT
"all_antagonistic_(3,3,3)",3,3,3,0.981237608556118,27,30.4892722137129,0.129232304211588,FLOAT
"all_antagonistic_(3,3,3)",3,3,3,0.982809277981414,27,30.1716001273002,0.11746667138149,FLOAT
"all_antagonistic_(3,3,3)",3,3,3,0.984986892710918,27,29.739649787278,0.101468510639927,FLOAT
"all_antagonistic_(3,3,3)",3,3,3,0.986888660625784,27,29.3700074270847,0.0877780528549872,FLOAT
"all_antagonistic_(3,3,3)",3,3,3,0.988549524300617,27,29.0528296686488,0.0760307284684725,FLOAT
"all_antagonistic_(3,3,3)",3,3,3,0.99,27,28.7800356493723,0.0659272462730491,FLOAT
"all_antagonistic_(3,3,3)",3,3,3,0.991266738376172,27,28.5449425109195,0.0572200929970191,FLOAT
"all_antagonistic_(3,3,3)",3,3,3,0.992373014140977,27,28.3419874518052,0.0497032389557481,FLOAT
"all_antagonistic_(3,3,3)",3,3,3,0.993339153709191,27,28.1665132484777,0.0432041943880612,FLOAT
"all_antagonistic_(3,3,3)",3,3,3,0.994182908670626,27,28.0146009161164,0.0375778117080148,FLOAT
"all_antagonistic_(3,3,3)",3,3,3,0.994919781953087,27,27.8829378058492,0.0327014002166377,FLOAT
"all_antagonistic_(3,3,3)",3,3,3,0.995563312669021,27,27.7687126431885,0.0284708386366123,FLOAT
"all_antagonistic_(3,3,3)",3,3,3,0.996125324879544,27,27.6695312676173,0.0247974543561956,FLOAT
"all_antagonistic_(3,3,3)",3,3,3,0.996616144846572,27,27.5833484383921,0.0216054977182276,FLOAT
"all_antagonistic_(3,3,3)",3,3,3,0.997044790764797,27,27.5084122275123,0.0188300825004563,FLOAT
"all_antagonistic_(3,3,3)",3,3,3,0.997419138459582,27,27.4432183622871,0.0164154948995212,FLOAT
"all_antagonistic_(3,3,3)",3,3,3,0.997746066095265,27,27.386472498867,0.014313796254333,FLOAT
"all_antagonistic_(3,3,3)",3,3,3,0.998031580552713,27,27.3370588677818,0.0124836617696955,FLOAT
"all_antagonistic_(3,3,3)",3,3,3,0.998280927798141,27,27.2940140770909,0.0108894102626259,FLOAT
"all_antagonistic_(3,3,3)",3,3,3,0.998498689271092,27,27.2565051193159,0.00950018960429273,FLOAT
"all_antagonistic_(3,3,3)",3,3,3,0.998688866062578,27,27.2238108270331,0.0082892898901133,FLOAT
"all_antagonistic_(3,3,3)",3,3,3,0.998854952430062,27,27.1953061747802,0.00723356202889549,FLOAT
"all_antagonistic_(3,3,3)",3,3,3,0.999,27,27.1704489433177,0.00631292382658286,FLOAT
"all_antagonistic_(3,3,3)",3,3,3,0.999126673837617,27,27.1487683547189,0.00550993906366296,FLOAT
"all_antagonistic_(3,3,3)",3,3,3,0.999237301414098,27,27.1298553594709,0.00480945775817984,FLOAT
"all_antagonistic_(3,3,3)",3,3,3,0.999333915370919,27,27.1133543143672,0.00419830793952737,FLOAT
"all_antagonistic_(3,3,3)",3,3,3,0.999418290867063,27,27.0989558359171,0.00366503095989441,FLOAT
"all_antagonistic_(3,3,3)",3,3,3,0.999491978195309,27,27.0863906508917,0.00319965373672849,FLOAT
"all_antagonistic_(3,3,3)",3,3,3,0.999556331266902,27,27.0754242954486,0.00279349242402402,FLOAT
"all_antagonistic_(3,3,3)",3,3,3,0.999612532487954,27,27.0658525385267,0.00243898290839716,FLOAT
"all_antagonistic_(3,3,3)",3,3,3,0.999661614484657,27,27.0574974250373,0.00212953426064144,FLOAT
"all_antagonistic_(3,3,3)",3,3,3,0.99970447907648,27,27.0502038507044,0.00185940187793952,FLOAT
"all_antagonistic_(3,3,3)",3,3,3,0.999741913845958,27,27.0438365938982,0.00162357755178698,FLOAT
"all_antagonistic_(3,3,3)",3,3,3,0.999774606609527,27,27.0382777410313,0.00141769411227067,FLOAT
"all_antagonistic_(3,3,3)",3,3,3,0.999803158055271,27,27.0334244514527,0.00123794264639482,FLOAT
"all_antagonistic_(3,3,3)",3,3,3,0.999828092779814,27,27.0291870156391,0.00108100057922695,FLOAT
"all_antagonistic_(3,3,3)",3,3,3,0.999849868927109,27,27.0254871670999,0.000943969151848549,FLOAT
"all_antagonistic_(3,3,3)",3,3,3,0.999868886606258,27,27.0222566140086,0.000824319037355852,FLOAT
"all_antagonistic_(3,3,3)",3,3,3,0.999885495243006,27,27.0194357613237,0.000719843011990557,FLOAT
"all_antagonistic_(3,3,3)",3,3,3,0.9999,27,27.0169725981986,0.000628614748094684,FLOAT
"all_antagonistic_(3,3,3)",3,3,3,0.999912667383762,27,27.0148217289283,0.000548952923268673,FLOAT
"all_antagonistic_(3,3,3)",3,3,3,0.99992373014141,27,27.0129435286333,0.000479389949382162,FLOAT
"all_antagonistic_(3,3,3)",3,3,3,0.999933391537092,27,27.0113034074053,0.000418644718714173,FLOAT
"all_antagonistic_(3,3,3)",3,3,3,0.999941829086706,27,27.0098711688173,0.000365598845084728,FLOAT
"all_antagonistic_(3,3,3)",3,3,3,0.999949197819531,27,27.0086204505713,0.000319275947086497,FLOAT
"all_antagonistic_(3,3,3)",3,3,3,0.99995563312669,27,27.0075282366696,0.000278823580354244,FLOAT
"all_antagonistic_(3,3,3)",3,3,3,0.999961253248795,27,27.0065744318902,0.000243497477414573,FLOAT
"all_antagonistic_(3,3,3)",3,3,3,0.999966161448466,27,27.0057414905547,0.00021264779832306,FLOAT
"all_antagonistic_(3,3,3)",3,3,3,0.999970447907648,27,27.0050140926166,0.000185707133948733,FLOAT
"all_antagonistic_(3,3,3)",3,3,3,0.999974191384596,27,27.0043788610072,0.000162180037302148,FLOAT
"all_antagonistic_(3,3,3)",3,3,3,0.999977460660953,27,27.0038241149581,0.000141633887338739,FLOAT
"all_antagonistic_(3,3,3)",3,3,3,0.999980315805527,27,27.0033396547032,0.000123690914934274,FLOAT
"all_antagonistic_(3,3,3)",3,3,3,0.999982809277981,27,27.0029165735525,0.000108021242686784,FLOAT
"all_antagonistic_(3,3,3)",3,3,3,0.999984986892711,27,27.0025470938485,9.43368092023362e-05,FLOAT
"all_antagonistic_(3,3,3)",3,3,3,0.999986888660626,27,27.0022244237597,8.23860651740494e-05,FLOAT
"all_antagonistic_(3,3,3)",3,3,3,0.999988549524301,27,27.0019426322605,7.19493429806122e-05,FLOAT
"all_antagonistic_(3,3,3)",3,3,3,0.99999,27,27.0016965399802,6.28348140818115e-05,FLOAT
"all_antagonistic_(3,3,3)",3,3,3,0.999991266738376,27,27.0014816239056,5.48749594652573e-05,FLOAT
"all_antagonistic_(3,3,3)",3,3,3,0.999992373014141,27,27.0012939341738,4.79234879170084e-05,FLOAT
"all_antagonistic_(3,3,3)",3,3,3,0.999993339153709,27,27.0011300214214,4.18526452368913e-05,FLOAT
"all_antagonistic_(3,3,3)",3,3,3,0.999994182908671,27,27.0009868733473,3.6550864715784e-05,FLOAT
"all_antagonistic_(3,3,3)",3,3,3,0.999994919781953,27,27.0008618593204,3.19207155691267e-05,FLOAT
"all_antagonistic_(3,3,3)",3,3,3,0.999995563312669,27,27.0007526820102,2.78771114877606e-05,FLOAT
"all_antagonistic_(3,3,3)",3,3,3,0.99999612532488,27,27.0006573351505,2.4345746315067e-05,FLOAT
"all_antagonistic_(3,3,3)",3,3,3,0.999996616144847,27,27.0005740666566,2.12617280223737e-05,FLOAT
"all_antagonistic_(3,3,3)",3,3,3,0.999997044790765,27,27.0005013464174,1.85683858313881e-05,FLOAT
"all_antagonistic_(3,3,3)",3,3,3,0.99999741913846,27,27.0004378381704,1.62162285326259e-05,FLOAT
"all_antagonistic_(3,3,3)",3,3,3,0.999997746066095,27,27.00038237494,1.41620348142571e-05,FLOAT
"all_antagonistic_(3,3,3)",3,3,3,0.999998031580553,27,27.0003339375896,1.23680588754593e-05,FLOAT
"all_antagonistic_(3,3,3)",3,3,3,0.999998280927798,27,27.000291636091,1.08013367022284e-05,FLOAT
"all_antagonistic_(3,3,3)",3,3,3,0.999998498689271,27,27.0002546931668,9.43308025048429e-06,FLOAT
"all_antagonistic_(3,3,3)",3,3,3,0.999998688866063,27,27.0002224300066,8.23814839160756e-06,FLOAT
"all_antagonistic_(3,3,3)",3,3,3,0.99999885495243,27,27.000194253792,7.19458488899986e-06,FLOAT
"all_antagonistic_(3,3,3)",3,3,3,0.999999,27,27.0001696468027,6.2832149163912e-06,FLOAT
"all_antagonistic_(3,3,3)",3,3,3,0.999999126673838,27,27.0001481569028,5.48729269456561e-06,FLOAT
"all_antagonistic_(3,3,3)",3,3,3,0.999999237301414,27,27.0001293892319,4.79219377306587e-06,FLOAT
"all_antagonistic_(3,3,3)",3,3,3,0.999999333915371,27,27.0001129989499,4.1851462916148e-06,FLOAT
"all_antagonistic_(3,3,3)",3,3,3,0.999999418290867,27,27.0000986849,3.65499629666559e-06,FLOAT
"all_antagonistic_(3,3,3)",3,3,3,0.999999491978195,27,27.0000861840751,3.19200278113911e-06,FLOAT
"all_antagonistic_(3,3,3)",3,3,3,0.999999556331267,27,27.0000752667847,2.78765869344545e-06,FLOAT
"all_antagonistic_(3,3,3)",3,3,3,0.999999612532488,27,27.0000657324349,2.43453462505588e-06,FLOAT
"all_antagonistic_(3,3,3)",3,3,3,0.999999661614485,27,27.0000574058418,2.12614228919013e-06,FLOAT
"all_antagonistic_(3,3,3)",3,3,3,0.999999704479076,27,27.0000501340134,1.85681531082469e-06,FLOAT
"all_antagonistic_(3,3,3)",3,3,3,0.999999741913846,27,27.0000437833378,1.62160510336557e-06,FLOAT
"all_antagonistic_(3,3,3)",3,3,3,0.999999774606609,27,27.0000382371285,1.41618994365234e-06,FLOAT
"all_antagonistic_(3,3,3)",3,3,3,0.999999803158055,27,27.0000333934802,1.23679556249154e-06,FLOAT
"all_antagonistic_(3,3,3)",3,3,3,0.99999982809278,27,27.0000291633965,1.08012579581719e-06,FLOAT
"all_antagonistic_(3,3,3)",3,3,3,0.999999849868927,27,27.0000254691545,9.43302019080689e-07,FLOAT
"all_antagonistic_(3,3,3)",3,3,3,0.999999868886606,27,27.000022242877,8.23810257870676e-07,FLOAT
"all_antagonistic_(3,3,3)",3,3,3,0.999999885495243,27,27.0000194252849,7.1945499592453e-07,FLOAT
"all_antagonistic_(3,3,3)",3,3,3,0.9999999,27,27.0000169646083,6.28318826959121e-07,FLOAT
"all_antagonistic_(3,3,3)",3,3,3,0.999999912667384,27,27.0000148156354,5.48727237409602e-07,FLOAT
"all_antagonistic_(3,3,3)",3,3,3,0.999999923730141,27,27.0000129388813,4.79217827428666e-07,FLOAT
"all_antagonistic_(3,3,3)",3,3,3,0.999999933391537,27,27.0000112998631,4.18513447107848e-07,FLOAT
"all_antagonistic_(3,3,3)",3,3,3,0.999999941829087,27,27.0000098684657,3.65498728435206e-07,FLOAT
"all_antagonistic_(3,3,3)",3,3,3,0.99999994919782,27,27.0000086183889,3.19199590611182e-07,FLOAT
"all_antagonistic_(3,3,3)",3,3,3,0.999999955633127,27,27.0000075266643,2.78765344898215e-07,FLOAT
"all_antagonistic_(3,3,3)",3,3,3,0.999999961253249,27,27.0000065732327,2.43453062548977e-07,FLOAT
"all_antagonistic_(3,3,3)",3,3,3,0.999999966161448,27,27.000005740576,2.12613924227762e-07,FLOAT
"all_antagonistic_(3,3,3)",3,3,3,0.999999970447908,27,27.0000050133951,1.85681298682362e-07,FLOAT
"all_antagonistic_(3,3,3)",3,3,3,0.999999974191385,27,27.000004378329,1.62160332635082e-07,FLOAT
"all_antagonistic_(3,3,3)",3,3,3,0.999999977460661,27,27.0000038237092,1.41618859651595e-07,FLOAT
"all_antagonistic_(3,3,3)",3,3,3,0.999999980315806,27,27.0000033393453,1.23679453904683e-07,FLOAT
"all_antagonistic_(3,3,3)",3,3,3,0.999999982809278,27,27.0000029163375,1.08012501198329e-07,FLOAT
"all_antagonistic_(3,3,3)",3,3,3,0.999999984986893,27,27.0000025469138,9.43301423803775e-08,FLOAT
"all_antagonistic_(3,3,3)",3,3,3,0.999999986888661,27,27.0000022242865,8.23809801939088e-08,FLOAT
"all_antagonistic_(3,3,3)",3,3,3,0.999999988549524,27,27.0000019425275,7.19454641705818e-08,FLOAT
"all_antagonistic_(3,3,3)",3,3,3,0.99999999,27,27.0000016964601,6.28318568532096e-08,FLOAT
"antagonistic_mixed_(1.5,4,2)",1.5,4,2,0.666666676666667,21.5199353501965,1.67583909654054e+23,7.78737979120015e+21,FLOAT
"antagonistic_mixed_(1.5,4,2)",1.5,4,2,0.66666667726311,21.5199353501965,1.40848402258667e+23,6.5450197673285e+21,FLOAT
"antagonistic_mixed_(1.5,4,2)",1.5,4,2,0.666666677895128,21.5199353501965,1.1837815049669e+23,5.50085995010247e+21,FLOAT
"antagonistic_mixed_(1.5,4,2)",1.5,4,2,0.666666678564843,21.5199353501965,9.94926880292511e+22,4.62328006149622e+21,FLOAT
"antagonistic_mixed_(1.5,4,2)",1.5,4,2,0.666666679274502,21.5199353501965,8.36201209185498e+22,3.88570502456395e+21,FLOAT
"antagonistic_mixed_(1.5,4,2)",1.5,4,2,0.666666680026488,21.5199353501965,7.02797786808911e+22,3.26579878318498e+21,FLOAT
"antagonistic_mixed_(1.5,4,2)",1.5,4,2,0.666666680823326,21.5199353501965,5.90676925131696e+22,2.74478949643454e+21,FLOAT
"antagonistic_mixed_(1.5,4,2)",1.5,4,2,0.666666681667691,21.5199353501965,4.96443274334874e+22,2.30689946905598e+21,FLOAT
"antagonistic_mixed_(1.5,4,2)",1.5,4,2,0.666666682562417,21.5199353501965,4.17243173455329e+22,1.93886815487817e+21,FLOAT
"antagonistic_mixed_(1.5,4,2)",1.5,4,2,0.666666683510509,21.5199353501965,3.50678265757852e+22,1.62955074005206e+21,FLOAT
"antagonistic_mixed_(1.5,4,2)",1.5,4,2,0.666666684515149,21.5199353501965,2.94732796193158e+22,1.36958030494486e+21,FLOAT
"antagonistic_mixed_(1.5,4,2)",1.5,4,2,0.66666668557971,21.5199353501965,2.47712586841405e+22,1.15108425192896e+21,FLOAT
"antagonistic_mixed_(1.5,4,2)",1.5,4,2,0.666666686707767,21.5199353501965,2.08193757431422e+22,9.67446017116036e+20,FLOAT
"antagonistic_mixed_(1.5,4,2)",1.5,4,2,0.666666687903105,21.5199353501965,1.74979558187e+22,8.13104478891486e+20,FLOAT
"antagonistic_mixed_(1.5,4,2)",1.5,4,2,0.666666689169739,21.5199353501965,1.47064189203761e+22,6.83385831837167e+20,FLOAT
"antagonistic_mixed_(1.5,4,2)",1.5,4,2,0.66666669051192,21.5199353501965,1.23602299572838e+22,5.74361853608956e+20,FLOAT
"antagonistic_mixed_(1.5,4,2)",1.5,4,2,0.666666691934155,21.5199353501965,1.0388340400621e+22,4.82731022727081e+20,FLOAT
"antagonistic_mixed_(1.5,4,2)",1.5,4,2,0.666666693441218,21.5199353501965,8.73103620786319e+21,4.05718514753041e+20,FLOAT
"antagonistic_mixed_(1.5,4,2)",1.5,4,2,0.666666695038169,21.5199353501965,7.33813006732405e+21,3.40992198531723e+20,FLOAT
"antagonistic_mixed_(1.5,4,2)",1.5,4,2,0.666666696730369,21.5199353501965,6.16744133613303e+21,2.86592001126839e+20,FLOAT
"antagonistic_mixed_(1.5,4,2)",1.5,4,2,0.666666698523499,21.5199353501965,5.18351846417196e+21,2.40870540725143e+20,FLOAT
"antagonistic_mixed_(1.5,4,2)",1.5,4,2,0.666666700423579,21.5199353501965,4.35656569745553e+21,2.02443252108364e+20,FLOAT
"antagonistic_mixed_(1.5,4,2)",1.5,4,2,0.666666702436989,21.5199353501965,3.661540845677e+21,1.70146461227337e+20,FLOAT
"antagonistic_mixed_(1.5,4,2)",1.5,4,2,0.666666704570486,21.5199353501965,3.07739688234125e+21,1.43002143466623e+20,FLOAT
"antagonistic_mixed_(1.5,4,2)",1.5,4,2,0.666666706831235,21.5199353501965,2.58644429487455e+21,1.2018829298439e+20,FLOAT
"antagonistic_mixed_(1.5,4,2)",1.5,4,2,0.666666709226825,21.5199353501965,2.17381584571133e+21,1.01014050940979e+20,FLOAT
"antagonistic_mixed_(1.5,4,2)",1.5,4,2,0.666666711765299,21.5199353501965,1.82701609937308e+21,8.48987726794633e+19,FLOAT
"antagonistic_mixed_(1.5,4,2)",1.5,4,2,0.666666714455177,21.5199353501965,1.53554306641066e+21,7.13544460716348e+19,FLOAT
"antagonistic_mixed_(1.5,4,2)",1.5,4,2,0.666666717305492,21.5199353501965,1.29057017825143e+21,5.99709133531226e+19,FLOAT
"antagonistic_mixed_(1.5,4,2)",1.5,4,2,0.666666720325813,21.5199353501965,1.08467903936307e+21,5.04034525063368e+19,FLOAT
"antagonistic_mixed_(1.5,4,2)",1.5,4,2,0.666666723526278,21.5199353501965,9.11634760887191e+20,4.23623373421922e+19,FLOAT
"antagonistic_mixed_(1.5,4,2)",1.5,4,2,0.666666726917633,21.5199353501965,7.66197095082375e+20,3.56040611932126e+19,FLOAT
"antagonistic_mixed_(1.5,4,2)",1.5,4,2,0.666666730511263,21.5199353501965,6.43961840305846e+20,2.99239672344074e+19,FLOAT
"antagonistic_mixed_(1.5,4,2)",1.5,4,2,0.666666734319233,21.5199353501965,5.41227382439129e+20,2.51500468580259e+19,FLOAT
"antagonistic_mixed_(1.5,4,2)",1.5,4,2,0.666666738354327,21.5199353501965,4.54882671790859e+20,2.11377341236625e+19,FLOAT
"antagonistic_mixed_(1.5,4,2)",1.5,4,2,0.666666742630091,21.5199353501965,3.82312961518151e+20,1.77655255602178e+19,FLOAT
"antagonistic_mixed_(1.5,4,2)",1.5,4,2,0.66666674716088,21.5199353501965,3.21320663286607e+20,1.49313024438837e+19,FLOAT
"antagonistic_mixed_(1.5,4,2)",1.5,4,2,0.666666751961906,21.5199353501965,2.70058771136576e+20,1.25492371023369e+19,FLOAT
"antagonistic_mixed_(1.5,4,2)",1.5,4,2,0.666666757049286,21.5199353501965,2.26974947411007e+20,1.05471946693806e+19,FLOAT
"antagonistic_mixed_(1.5,4,2)",1.5,4,2,0.666666762440099,21.5199353501965,1.90764502223306e+20,8.86454810941449e+18,FLOAT
"antagonistic_mixed_(1.5,4,2)",1.5,4,2,0.666666768152444,21.5199353501965,1.60330888273148e+20,7.45034246916006e+18,FLOAT
"antagonistic_mixed_(1.5,4,2)",1.5,4,2,0.666666774205498,21.5199353501965,1.34752502831292e+20,6.26175221432818e+18,FLOAT
"antagonistic_mixed_(1.5,4,2)",1.5,4,2,0.666666780619582,21.5199353501965,1.13254764337563e+20,5.26278366986492e+18,FLOAT
"antagonistic_mixed_(1.5,4,2)",1.5,4,2,0.66666678741623,21.5199353501965,9.51866681823556e+19,4.42318560132136e+18,FLOAT
"antagonistic_mixed_(1.5,4,2)",1.5,4,2,0.66666679461826,21.5199353501965,8.00010652878489e+19,3.7175327892943e+18,FLOAT
"antagonistic_mixed_(1.5,4,2)",1.5,4,2,0.666666802249851,21.5199353501965,6.72380975415303e+19,3.12445629818848e+18,FLOAT
"antagonistic_mixed_(1.5,4,2)",1.5,4,2,0.666666810336623,21.5199353501965,5.65112699206879e+19,2.62599626816128e+18,FLOAT
"antagonistic_mixed_(1.5,4,2)",1.5,4,2,0.666666818905725,21.5199353501965,4.74957466118847e+19,2.20705805286962e+18,FLOAT
"antagonistic_mixed_(1.5,4,2)",1.5,4,2,0.666666827985925,21.5199353501965,3.99185146449755e+19,1.85495513789315e+18,FLOAT
"antagonistic_mixed_(1.5,4,2)",1.5,4,2,0.666666837607709,21.5199353501965,3.35501163474073e+19,1.55902495994724e+18,FLOAT
"antagonistic_mixed_(1.5,4,2)",1.5,4,2,0.666666847803377,21.5199353501965,2.81977002569818e+19,1.31030599293712e+18,FLOAT
"antagonistic_mixed_(1.5,4,2)",1.5,4,2,0.66666685860716,21.5199353501965,2.36991817334982e+19,1.10126640010012e+18,FLOAT
"antagonistic_mixed_(1.5,4,2)",1.5,4,2,0.666666870055327,21.5199353501965,1.99183343207631e+19,9.25575936759553e+17,FLOAT
"antagonistic_mixed_(1.5,4,2)",1.5,4,2,0.666666882186313,21.5199353501965,1.67406642603666e+19,7.7791424499859e+17,FLOAT
"antagonistic_mixed_(1.5,4,2)",1.5,4,2,0.666666895040844,21.5199353501965,1.40699436500653e+19,6.53809754588173e+17,FLOAT
"antagonistic_mixed_(1.5,4,2)",1.5,4,2,0.666666908662074,21.5199353501965,1.18252963701139e+19,5.4950427023499e+17,FLOAT
"antagonistic_mixed_(1.5,4,2)",1.5,4,2,0.666666923095735,21.5199353501965,9.93874878986229e+18,4.61839156490381e+17,FLOAT
"antagonistic_mixed_(1.5,4,2)",1.5,4,2,0.666666938390282,21.5199353501965,8.35317148864381e+18,3.88159692522847e+17,FLOAT
"antagonistic_mixed_(1.5,4,2)",1.5,4,2,0.666666954597062,21.5199353501965,7.02054916004875e+18,3.26234677093704e+17,FLOAT
"antagonistic_mixed_(1.5,4,2)",1.5,4,2,0.666666971770485,21.5199353501965,5.90052667500714e+18,2.74188866229715e+17,FLOAT
"antagonistic_mixed_(1.5,4,2)",1.5,4,2,0.666666989968206,21.5199353501965,4.95918688677839e+18,2.30446179604025e+17,FLOAT
"antagonistic_mixed_(1.5,4,2)",1.5,4,2,0.666667009251318,21.5199353501965,4.16802367685265e+18,1.93681979477443e+17,FLOAT
"antagonistic_mixed_(1.5,4,2)",1.5,4,2,0.666667029684559,21.5199353501965,3.50307862985599e+18,1.62782953240796e+17,FLOAT
"antagonistic_mixed_(1.5,4,2)",1.5,4,2,0.666667051336528,21.5199353501965,2.94421552887601e+18,1.36813400271164e+17,FLOAT
"antagonistic_mixed_(1.5,4,2)",1.5,4,2,0.666667074279914,21.5199353501965,2.47451060398122e+18,1.14986897670147e+17,FLOAT
"antagonistic_mixed_(1.5,4,2)",1.5,4,2,0.666667098591744,21.5199353501965,2.07974000292701e+18,9.66424837753067e+16,FLOAT
"antagonistic_mixed_(1.5,4,2)",1.5,4,2,0.666667124353638,21.5199353501965,1.74794908634082e+18,8.12246439357851e+16,FLOAT
"antagonistic_mixed_(1.5,4,2)",1.5,4,2,0.666667151652083,21.5199353501965,1.46909039408271e+18,6.82664873372539e+16,FLOAT
"antagonistic_mixed_(1.5,4,2)",1.5,4,2,0.666667180578726,21.5199353501965,1.23471938659161e+18,5.7375608546163e+16,FLOAT
"antagonistic_mixed_(1.5,4,2)",1.5,4,2,0.66666721123068,21.5199353501965,1.03773872458095e+18,4.82222045602696e+16,FLOAT
"antagonistic_mixed_(1.5,4,2)",1.5,4,2,0.66666724371085,21.5199353501965,8.72183343108102e+17,4.05290875142029e+16,FLOAT
"antagonistic_mixed_(1.5,4,2)",1.5,4,2,0.666667278128279,21.5199353501965,7.33039811611349e+17,3.40632906039216e+16,FLOAT
"antagonistic_mixed_(1.5,4,2)",1.5,4,2,0.666667314598514,21.5199353501965,6.16094520141554e+17,2.86290135223817e+16,FLOAT
"antagonistic_mixed_(1.5,4,2)",1.5,4,2,0.666667353243992,21.5199353501965,5.17806073336824e+17,2.40616927937052e+16,FLOAT
"antagonistic_mixed_(1.5,4,2)",1.5,4,2,0.666667394194455,21.5199353501965,4.35198054020937e+17,2.02230186540483e+16,FLOAT
"antagonistic_mixed_(1.5,4,2)",1.5,4,2,0.666667437587381,21.5199353501965,3.65768887488737e+17,1.69967465764435e+16,FLOAT
"antagonistic_mixed_(1.5,4,2)",1.5,4,2,0.666667483568452,21.5199353501965,3.07416087013575e+17,1.42851770700495e+16,FLOAT
"antagonistic_mixed_(1.5,4,2)",1.5,4,2,0.666667532292033,21.5199353501965,2.58372585907196e+17,1.20061971238606e+16,FLOAT
"antagonistic_mixed_(1.5,4,2)",1.5,4,2,0.666667583921701,21.5199353501965,2.17153226786916e+17,1.00907936410196e+16,FLOAT
"antagonistic_mixed_(1.5,4,2)",1.5,4,2,0.666667638630787,21.5199353501965,1.82509786484948e+17,8.480963511969e+15,FLOAT
"antagonistic_mixed_(1.5,4,2)",1.5,4,2,0.666667696602962,21.5199353501965,1.5339317702227e+17,7.12795714885221e+15,FLOAT
"antagonistic_mixed_(1.5,4,2)",1.5,4,2,0.66666775803285,21.5199353501965,1.28921676427936e+17,5.9908022180354e+15,FLOAT
"antagonistic_mixed_(1.5,4,2)",1.5,4,2,0.666667823126684,21.5199353501965,1.08354228228922e+17,5.03506290635454e+15,FLOAT
"antagonistic_mixed_(1.5,4,2)",1.5,4,2,0.666667892102997,21.5199353501965,9.10680003543764e+16,4.23179711613515e+15,FLOAT
"antagonistic_mixed_(1.5,4,2)",1.5,4,2,0.666667965193359,21.5199353501965,7.65395240538946e+16,3.55668001824158e+15,FLOAT
"antagonistic_mixed_(1.5,4,2)",1.5,4,2,0.666668042643148,21.5199353501965,6.43288421822344e+16,2.98926744599384e+15,FLOAT
"antagonistic_mixed_(1.5,4,2)",1.5,4,2,0.66666812471238,21.5199353501965,5.40661859911412e+16,2.51237678512113e+15,FLOAT
"antagonistic_mixed_(1.5,4,2)",1.5,4,2,0.666668211676578,21.5199353501965,4.54407777996448e+16,2.11156665018652e+15,FLOAT
"antagonistic_mixed_(1.5,4,2)",1.5,4,2,0.666668303827701,21.5199353501965,3.81914197445844e+16,1.774699557554e+15,FLOAT
"antagonistic_mixed_(1.5,4,2)",1.5,4,2,0.666668401475117,21.5199353501965,3.20985841403189e+16,1.49157437594374e+15,FLOAT
"antagonistic_mixed_(1.5,4,2)",1.5,4,2,0.666668504946651,21.5199353501965,2.69777655825107e+16,1.25361740839358e+15,FLOAT
"antagonistic_mixed_(1.5,4,2)",1.5,4,2,0.666668614589678,21.5199353501965,2.26738936991358e+16,1.05362276094983e+15,FLOAT
"antagonistic_mixed_(1.5,4,2)",1.5,4,2,0.666668730772293,21.5199353501965,1.90566372341117e+16,885534130284349,FLOAT
"antagonistic_mixed_(1.5,4,2)",1.5,4,2,0.666668853884545,21.5199353501965,1.601645729279e+16,744261403770610,FLOAT
"antagonistic_mixed_(1.5,4,2)",1.5,4,2,0.666668984339748,21.5199353501965,1.34612902305919e+16,625526518157918,FLOAT
"antagonistic_mixed_(1.5,4,2)",1.5,4,2,0.666669122575868,21.5199353501965,1.13137597621945e+16,525733910352625,FLOAT
"antagonistic_mixed_(1.5,4,2)",1.5,4,2,0.666669269056992,21.5199353501965,9.50883379126647e+15,441861633714417,FLOAT
"antagonistic_mixed_(1.5,4,2)",1.5,4,2,0.666669424274889,21.5199353501965,7.991855102606e+15,371369847193012,FLOAT
"antagonistic_mixed_(1.5,4,2)",1.5,4,2,0.666669588750657,21.5199353501965,6.71688619351248e+15,312123902056756,FLOAT
"antagonistic_mixed_(1.5,4,2)",1.5,4,2,0.666669763036477,21.5199353501965,5.64531818668704e+15,262329700104581,FLOAT
"antagonistic_mixed_(1.5,4,2)",1.5,4,2,0.666669947717462,21.5199353501965,4.74470165476298e+15,220479363787663,FLOAT
"antagonistic_mixed_(1.5,4,2)",1.5,4,2,0.666670143413626,21.5199353501965,3.98776397372712e+15,185305574056508,FLOAT
"antagonistic_mixed_(1.5,4,2)",1.5,4,2,0.666670350781961,21.5199353501965,3.35158344803094e+15,155743193159747,FLOAT
"antagonistic_mixed_(1.5,4,2)",1.5,4,2,0.666670570518648,21.5199353501965,2.81689518130123e+15,130897009468734,FLOAT
"antagonistic_mixed_(1.5,4,2)",1.5,4,2,0.666670803361388,21.5199353501965,2.36750769205295e+15,110014628460829,FLOAT
"antagonistic_mixed_(1.5,4,2)",1.5,4,2,0.666671050091883,21.5199353501965,1.98981259791982e+15,92463688460924.2,FLOAT
"antagonistic_mixed_(1.5,4,2)",1.5,4,2,0.66667131153846,21.5199353501965,1.67237252166179e+15,77712711234817.9,FLOAT
"antagonistic_mixed_(1.5,4,2)",1.5,4,2,0.666671588578849,21.5199353501965,1.40557474037491e+15,65315007573294.2,FLOAT
"antagonistic_mixed_(1.5,4,2)",1.5,4,2,0.666671882143135,21.5199353501965,1.18134009040862e+15,54895150528312.7,FLOAT
"antagonistic_mixed_(1.5,4,2)",1.5,4,2,0.666672193216873,21.5199353501965,992878311718238,46137606621999,FLOAT
"antagonistic_mixed_(1.5,4,2)",1.5,4,2,0.666672522844405,21.5199353501965,834482422902423,38777180754624.4,FLOAT
"antagonistic_mixed_(1.5,4,2)",1.5,4,2,0.666672872132358,21.5199353501965,701355901165784,32590985509599.1,FLOAT
"antagonistic_mixed_(1.5,4,2)",1.5,4,2,0.666673242253367,21.5199353501965,589467432904322,27391691625082.8,FLOAT
"antagonistic_mixed_(1.5,4,2)",1.5,4,2,0.666673634450005,21.5199353501965,495428836256687,23021855233042.9,FLOAT
"antagonistic_mixed_(1.5,4,2)",1.5,4,2,0.66667405003896,21.5199353501965,416392459617124,19349150117837.2,FLOAT
"antagonistic_mixed_(1.5,4,2)",1.5,4,2,0.66667449041545,21.5199353501965,349964948566202,16262360591291.7,FLOAT
"antagonistic_mixed_(1.5,4,2)",1.5,4,2,0.666674957057912,21.5199353501965,294134769748871,13668013633050.4,FLOAT
"antagonistic_mixed_(1.5,4,2)",1.5,4,2,0.666675451532965,21.5199353501965,247211297351239,11487548328018.6,FLOAT
"antagonistic_mixed_(1.5,4,2)",1.5,4,2,0.666675975500663,21.5199353501965,207773617542986,9654936883491.5,FLOAT
"antagonistic_mixed_(1.5,4,2)",1.5,4,2,0.666676530720078,21.5199353501965,174627499988398,8114685158047.27,FLOAT
"antagonistic_mixed_(1.5,4,2)",1.5,4,2,0.666677119055197,21.5199353501965,146769234229952,6820152191051.58,FLOAT
"antagonistic_mixed_(1.5,4,2)",1.5,4,2,0.666677742481186,21.5199353501965,123355235240021,5732137816988.05,FLOAT
"antagonistic_mixed_(1.5,4,2)",1.5,4,2,0.666678403091018,21.5199353501965,103676497985071,4817695606325.46,FLOAT
"antagonistic_mixed_(1.5,4,2)",1.5,4,2,0.666679103102497,21.5199353501965,87137127347945.5,4049135182328.9,FLOAT
"antagonistic_mixed_(1.5,4,2)",1.5,4,2,0.666679844865711,21.5199353501965,73236293271149.6,3403183702894.32,FLOAT
"antagonistic_mixed_(1.5,4,2)",1.5,4,2,0.666680630870915,21.5199353501965,61553064653859.4,2860281113868.49,FLOAT
"antagonistic_mixed_(1.5,4,2)",1.5,4,2,0.666681463756893,21.5199353501965,51733662799044.5,2403987835332.91,FLOAT
"antagonistic_mixed_(1.5,4,2)",1.5,4,2,0.666682346319819,21.5199353501965,43480748328244.9,2020486940162.97,FLOAT
"antagonistic_mixed_(1.5,4,2)",1.5,4,2,0.666683281522644,21.5199353501965,36544417223481,1698165753231.5,FLOAT
"antagonistic_mixed_(1.5,4,2)",1.5,4,2,0.666684272505039,21.5199353501965,30714633301591.4,1427264199531.59,FLOAT
"antagonistic_mixed_(1.5,4,2)",1.5,4,2,0.666685322593942,21.5199353501965,25814867963057.6,1199579252583.6,FLOAT
"antagonistic_mixed_(1.5,4,2)",1.5,4,2,0.666686435314721,21.5199353501965,21696754620057.5,1008216533505.43,FLOAT
"antagonistic_mixed_(1.5,4,2)",1.5,4,2,0.666687614403016,21.5199353501965,18235595919000.4,847381538198.365,FLOAT
"antagonistic_mixed_(1.5,4,2)",1.5,4,2,0.666688863817274,21.5199353501965,15326587719055.6,712204171138.189,FLOAT
"antagonistic_mixed_(1.5,4,2)",1.5,4,2,0.666690187752041,21.5199353501965,12881645467494.1,598591271667.319,FLOAT
"antagonistic_mixed_(1.5,4,2)",1.5,4,2,0.666691590652045,21.5199353501965,10826736877779.1,503102667437.092,FLOAT
"antagonistic_mixed_(1.5,4,2)",1.5,4,2,0.666693077227118,21.5199353501965,9099640134733.29,422847001472.459,FLOAT
"antagonistic_mixed_(1.5,4,2)",1.5,4,2,0.666694652468004,21.5199353501965,7648059740110.37,355394178264.528,FLOAT
"antagonistic_mixed_(1.5,4,2)",1.5,4,2,0.66669632166312,21.5199353501965,6428042943413.97,298701777620.989,FLOAT
"antagonistic_mixed_(1.5,4,2)",1.5,4,2,0.666698090416304,21.5199353501965,5402648805555.93,251053207996.049,FLOAT
"antagonistic_mixed_(1.5,4,2)",1.5,4,2,0.666699964665634,21.5199353501965,4540829589893.52,211005726363.882,FLOAT
"antagonistic_mixed_(1.5,4,2)",1.5,4,2,0.66670195070336,21.5199353501965,3816490608754.52,177346750658.252,FLOAT
"antagonistic_mixed_(1.5,4,2)",1.5,4,2,0.666704055197027,21.5199353501965,3207700055566.16,149057141824.33,FLOAT
"antagonistic_mixed_(1.5,4,2)",1.5,4,2,0.666706285211866,21.5199353501965,2696024894191.87,125280343565.053,FLOAT
"antagonistic_mixed_(1.5,4,2)",1.5,4,2,0.666708648234505,21.5199353501965,2265972695504.64,105296445301.005,FLOAT
"antagonistic_mixed_(1.5,4,2)",1.5,4,2,0.666711152198109,21.5199353501965,1904522519623.22,88500382952.3264,FLOAT
"antagonistic_mixed_(1.5,4,2)",1.5,4,2,0.666713805509012,21.5199353501965,1600730637270.4,74383617385.4614,FLOAT
"antagonistic_mixed_(1.5,4,2)",1.5,4,2,0.666716617074936,21.5199353501965,1345399151104.27,62518735729.8665,FLOAT
"antagonistic_mixed_(1.5,4,2)",1.5,4,2,0.6667195963349,21.5199353501965,1130797482769.26,52546509287.604,FLOAT
"antagonistic_mixed_(1.5,4,2)",1.5,4,2,0.666722753290909,21.5199353501965,950428291606.218,44165016117.3007,FLOAT
"antagonistic_mixed_(1.5,4,2)",1.5,4,2,0.666726098541527,21.5199353501965,798830736563.163,37120498902.1656,FLOAT
"antagonistic_mixed_(1.5,4,2)",1.5,4,2,0.666729643317467,21.5199353501965,671415124083.487,31199681278.5888,FLOAT
"antagonistic_mixed_(1.5,4,2)",1.5,4,2,0.666733399519287,21.5199353501965,564323934845.096,26223309951.4597,FLOAT
"antagonistic_mixed_(1.5,4,2)",1.5,4,2,0.666737379757347,21.5199353501965,474315020966.934,22040727038.7587,FLOAT
"antagonistic_mixed_(1.5,4,2)",1.5,4,2,0.666741597394146,21.5199353501965,398663436866.9,18525308294.7454,FLOAT
"antagonistic_mixed_(1.5,4,2)",1.5,4,2,0.666746066589179,21.5199353501965,335078931076.816,15570629074.9724,FLOAT
"antagonistic_mixed_(1.5,4,2)",1.5,4,2,0.666750802346474,21.5199353501965,281636600609.465,13087241945.8906,FLOAT
"antagonistic_mixed_(1.5,4,2)",1.5,4,2,0.666755820564966,21.5199353501965,236718608011.785,10999968361.341,FLOAT
"antagonistic_mixed_(1.5,4,2)",1.5,4,2,0.666761138091871,21.5199353501965,198965196269.25,9245622396.62648,FLOAT
"antagonistic_mixed_(1.5,4,2)",1.5,4,2,0.666766772779247,21.5199353501965,167233518268.315,7771097613.6956,FLOAT
"antagonistic_mixed_(1.5,4,2)",1.5,4,2,0.666772743543927,21.5199353501965,140563034144.516,6531759126.39128,FLOAT
"antagonistic_mixed_(1.5,4,2)",1.5,4,2,0.666779070431024,21.5199353501965,118146428736.423,5490092176.96485,FLOAT
"antagonistic_mixed_(1.5,4,2)",1.5,4,2,0.666785774681232,21.5199353501965,99305168525.6107,4614566302.73678,FLOAT
"antagonistic_mixed_(1.5,4,2)",1.5,4,2,0.666792878802131,21.5199353501965,83468957919.9213,3878680699.55141,FLOAT
"antagonistic_mixed_(1.5,4,2)",1.5,4,2,0.66680040664375,21.5199353501965,70158472817.4409,3260161875.68521,FLOAT
"antagonistic_mixed_(1.5,4,2)",1.5,4,2,0.666808383478639,21.5199353501965,58970848630.9525,2740289301.51475,FLOAT
"antagonistic_mixed_(1.5,4,2)",1.5,4,2,0.666816836086713,21.5199353501965,49567483352.0237,2303328635.69923,FLOAT
"antagonistic_mixed_(1.5,4,2)",1.5,4,2,0.666825792845157,21.5199353501965,41663786342.3843,1936055366.47135,FLOAT
"antagonistic_mixed_(1.5,4,2)",1.5,4,2,0.666835283823696,21.5199353501965,35020562449.0868,1627354444.03866,FLOAT
"antagonistic_mixed_(1.5,4,2)",1.5,4,2,0.666845340885544,21.5199353501965,29436770566.3853,1367883781.51873,FLOAT
"antagonistic_mixed_(1.5,4,2)",1.5,4,2,0.666855997794376,21.5199353501965,24743437380.8166,1149791435.55237,FLOAT
"antagonistic_mixed_(1.5,4,2)",1.5,4,2,0.666867290327678,21.5199353501965,20798542015.1386,966477903.170316,FLOAT
"antagonistic_mixed_(1.5,4,2)",1.5,4,2,0.666879256396864,21.5199353501965,17482716687.6573,812396337.704507,FLOAT
"antagonistic_mixed_(1.5,4,2)",1.5,4,2,0.666891936174548,21.5199353501965,14695633210.587,682884634.638683,FLOAT
"antagonistic_mixed_(1.5,4,2)",1.5,4,2,0.666905372229415,21.5199353501965,12352965917.7341,574024303.288688,FLOAT
"antagonistic_mixed_(1.5,4,2)",1.5,4,2,0.666919609669129,21.5199353501965,10383839067.0802,482521851.324494,FLOAT
"antagonistic_mixed_(1.5,4,2)",1.5,4,2,0.666934696291775,21.5199353501965,8728681431.98677,405609090.753478,FLOAT
"antagonistic_mixed_(1.5,4,2)",1.5,4,2,0.666950682746323,21.5199353501965,7337423124.65055,340959346.937054,FLOAT
"antagonistic_mixed_(1.5,4,2)",1.5,4,2,0.666967622702667,21.5199353501965,6167980057.84698,286617033.738938,FLOAT
"antagonistic_mixed_(1.5,4,2)",1.5,4,2,0.666985573031808,21.5199353501965,5184980159.63685,240938462.58091,FLOAT
"antagonistic_mixed_(1.5,4,2)",1.5,4,2,0.667004593996783,21.5199353501965,4358692776.6054,202542093.373234,FLOAT
"antagonistic_mixed_(1.5,4,2)",1.5,4,2,0.667024749454976,21.5199353501965,3664128852.14163,170266721.112071,FLOAT
"antagonistic_mixed_(1.5,4,2)",1.5,4,2,0.667046107072505,21.5199353501965,3080284638.04359,143136332.261125,FLOAT
"antagonistic_mixed_(1.5,4,2)",1.5,4,2,0.667068738551391,21.5199353501965,2589506042.76204,120330566.941897,FLOAT
"antagonistic_mixed_(1.5,4,2)",1.5,4,2,0.667092719870275,21.5199353501965,2176954372.59282,101159892.706323,FLOAT
"antagonistic_mixed_(1.5,4,2)",1.5,4,2,0.667118131539495,21.5199353501965,1830157291.76415,85044738.3071483,FLOAT
"antagonistic_mixed_(1.5,4,2)",1.5,4,2,0.667145058871377,21.5199353501965,1538631407.57824,71497955.7800694,FLOAT
"antagonistic_mixed_(1.5,4,2)",1.5,4,2,0.667173592266644,21.5199353501965,1293565055.27987,60110079.9193676,FLOAT
"antagonistic_mixed_(1.5,4,2)",1.5,4,2,0.667203827517915,21.5199353501965,1087551679.88086,50536938.9202649,FLOAT
"antagonistic_mixed_(1.5,4,2)",1.5,4,2,0.667235866131295,21.5199353501965,914365744.084224,42489241.1470902,FLOAT
"antagonistic_mixed_(1.5,4,2)",1.5,4,2,0.667269815667157,21.5199353501965,768774378.838656,35723822.809333,FLOAT
"antagonistic_mixed_(1.5,4,2)",1.5,4,2,0.667305790101244,21.5199353501965,646379075.201792,30036291.6134855,FLOAT
"antagonistic_mixed_(1.5,4,2)",1.5,4,2,0.667343910207308,21.5199353501965,543482625.634822,25254843.719125,FLOAT
"antagonistic_mixed_(1.5,4,2)",1.5,4,2,0.667384303962572,21.5199353501965,456977287.251654,21235066.8482629,FLOAT
"antagonistic_mixed_(1.5,4,2)",1.5,4,2,0.667427106977381,21.5199353501965,384250781.977093,17855572.2498325,FLOAT
"antagonistic_mixed_(1.5,4,2)",1.5,4,2,0.66747246295047,21.5199353501965,323107288.554395,15014323.3135461,FLOAT
"antagonistic_mixed_(1.5,4,2)",1.5,4,2,0.667520524151393,21.5199353501965,271701035.152545,12625549.7152378,FLOAT
"antagonistic_mixed_(1.5,4,2)",1.5,4,2,0.667571451931725,21.5199353501965,228480482.775935,10617153.701343,FLOAT
"antagonistic_mixed_(1.5,4,2)",1.5,4,2,0.667625417266748,21.5199353501965,192141410.249157,8928530.01658608,FLOAT
"antagonistic_mixed_(1.5,4,2)",1.5,4,2,0.66768260132946,21.5199353501965,161587481.007853,7508733.50028175,FLOAT
"antagonistic_mixed_(1.5,4,2)",1.5,4,2,0.667743196098802,21.5199353501965,135897098.391963,6314938.90016669,FLOAT
"antagonistic_mixed_(1.5,4,2)",1.5,4,2,0.667807405004176,21.5199353501965,114295546.472075,5311146.29724463,FLOAT
"antagonistic_mixed_(1.5,4,2)",1.5,4,2,0.667875443608401,21.5199353501965,96131573.4259282,4467092.96945518,FLOAT
"antagonistic_mixed_(1.5,4,2)",1.5,4,2,0.667947540331402,21.5199353501965,80857708.9358287,3757338.76984696,FLOAT
"antagonistic_mixed_(1.5,4,2)",1.5,4,2,0.668023937217061,21.5199353501965,68013720.0922384,3160497.34655369,FLOAT
"antagonistic_mixed_(1.5,4,2)",1.5,4,2,0.668104890745814,21.5199353501965,57212705.2718235,2658589.94559506,FLOAT
"antagonistic_mixed_(1.5,4,2)",1.5,4,2,0.668190672695706,21.5199353501965,48129405.2926899,2236502.24731345,FLOAT
"antagonistic_mixed_(1.5,4,2)",1.5,4,2,0.66828157105481,21.5199353501965,40490378.2489209,1881527.80526898,FLOAT
"antagonistic_mixed_(1.5,4,2)",1.5,4,2,0.668377890988062,21.5199353501965,34065740.8223766,1582984.27704757,FLOAT
"antagonistic_mixed_(1.5,4,2)",1.5,4,2,0.668479955861763,21.5199353501965,28662226.2713245,1331890.83912036,FLOAT
"antagonistic_mixed_(1.5,4,2)",1.5,4,2,0.668588108329191,21.5199353501965,24117349.1351504,1120697.02918484,FLOAT
"antagonistic_mixed_(1.5,4,2)",1.5,4,2,0.668702711480957,21.5199353501965,20294500.1804824,943054.815467267,FLOAT
"antagonistic_mixed_(1.5,4,2)",1.5,4,2,0.668824150063978,21.5199353501965,17078823.2582123,793627.000283765,FLOAT
"antagonistic_mixed_(1.5,4,2)",1.5,4,2,0.668952831773153,21.5199353501965,14373749.3968815,667926.164416423,FLOAT
"antagonistic_mixed_(1.5,4,2)",1.5,4,2,0.669089188620082,21.5199353501965,12098083.340265,562179.282765324,FLOAT
"antagonistic_mixed_(1.5,4,2)",1.5,4,2,0.669233678383419,21.5199353501965,10183554.448452,473213.91829477,FLOAT
"antagonistic_mixed_(1.5,4,2)",1.5,4,2,0.669386786145729,21.5199353501965,8572757.92792472,398362.553998616,FLOAT
"antagonistic_mixed_(1.5,4,2)",1.5,4,2,0.669549025922018,21.5199353501965,7217424.1618781,335382.171205122,FLOAT
"antagonistic_mixed_(1.5,4,2)",1.5,4,2,0.669720942385384,21.5199353501965,6076963.83518948,282386.643656838,FLOAT
"antagonistic_mixed_(1.5,4,2)",1.5,4,2,0.669903112695601,21.5199353501965,5117244.8887337,237789.90436194,FLOAT
"antagonistic_mixed_(1.5,4,2)",1.5,4,2,0.670096148436769,21.5199353501965,4309564.34819443,200258.167979103,FLOAT
"antagonistic_mixed_(1.5,4,2)",1.5,4,2,0.670300697670525,21.5199353501965,3629783.96474078,168669.765300772,FLOAT
"antagonistic_mixed_(1.5,4,2)",1.5,4,2,0.670517447111728,21.5199353501965,3057603.55765166,142081.376545046,FLOAT
"antagonistic_mixed_(1.5,4,2)",1.5,4,2,0.670747124433902,21.5199353501965,2575950.1117723,119699.643605734,FLOAT
"antagonistic_mixed_(1.5,4,2)",1.5,4,2,0.67099050071219,21.5199353501965,2170464.181733,100857.304005694,FLOAT
"antagonistic_mixed_(1.5,4,2)",1.5,4,2,0.671248393012015,21.5199353501965,1829068.09589704,84993.1259642462,FLOAT
"antagonistic_mixed_(1.5,4,2)",1.5,4,2,0.671521667132144,21.5199353501965,1541602.92507586,71635.0388629971,FLOAT
"antagonistic_mixed_(1.5,4,2)",1.5,4,2,0.671811240511352,21.5199353501965,1299523.25895853,60385.9499518113,FLOAT
"antagonistic_mixed_(1.5,4,2)",1.5,4,2,0.67211808530846,21.5199353501965,1095640.5797663,50911.8192969359,FLOAT
"antagonistic_mixed_(1.5,4,2)",1.5,4,2,0.672443231666078,21.5199353501965,923907.490745179,42931.633193842,FLOAT
"antagonistic_mixed_(1.5,4,2)",1.5,4,2,0.672787771169006,21.5199353501965,779236.291136152,36208.9736107728,FLOAT
"antagonistic_mixed_(1.5,4,2)",1.5,4,2,0.673152860508921,21.5199353501965,657346.42653878,30544.9294296987,FLOAT
"antagonistic_mixed_(1.5,4,2)",1.5,4,2,0.673539725367628,21.5199353501965,554636.215502266,25772.1357681426,FLOAT
"antagonistic_mixed_(1.5,4,2)",1.5,4,2,0.673949664531935,21.5199353501965,468074.986083594,21749.7617224008,FLOAT
"antagonistic_mixed_(1.5,4,2)",1.5,4,2,0.674384054253956,21.5199353501965,395112.372192845,18359.2955010382,FLOAT
"antagonistic_mixed_(1.5,4,2)",1.5,4,2,0.674844352871474,21.5199353501965,333602.03741271,15500.9999820615,FLOAT
"antagonistic_mixed_(1.5,4,2)",1.5,4,2,0.675332105703892,21.5199353501965,281737.52930291,13090.9319560287,FLOAT
"antagonistic_mixed_(1.5,4,2)",1.5,4,2,0.675848950240194,21.5199353501965,237998.333136099,11058.4353218596,FLOAT
"antagonistic_mixed_(1.5,4,2)",1.5,4,2,0.676396621636343,21.5199353501965,201104.501624824,9344.03279643859,FLOAT
"antagonistic_mixed_(1.5,4,2)",1.5,4,2,0.676976958540561,21.5199353501965,169978.495786972,7897.6527153029,FLOAT
"antagonistic_mixed_(1.5,4,2)",1.5,4,2,0.677591909266059,21.5199353501965,143713.089475932,6677.13760298402,FLOAT
"antagonistic_mixed_(1.5,4,2)",1.5,4,2,0.67824353833194,21.5199353501965,121544.37284061,5646.98968317999,FLOAT
"antagonistic_mixed_(1.5,4,2)",1.5,4,2,0.678934033394218,21.5199353501965,102829.043601361,4777.31563747807,FLOAT
"antagonistic_mixed_(1.5,4,2)",1.5,4,2,0.679665712590243,21.5199353501965,87025.3041726051,4042.93892251217,FLOAT
"antagonistic_mixed_(1.5,4,2)",1.5,4,2,0.680441032321174,21.5199353501965,73676.79123246,3422.653000509,FLOAT
"antagonistic_mixed_(1.5,4,2)",1.5,4,2,0.681262595498641,21.5199353501965,62399.0556136129,2898.59307954162,FLOAT
"antagonistic_mixed_(1.5,4,2)",1.5,4,2,0.68213316028326,21.5199353501965,52868.187124396,2455.70752556017,FLOAT
"antagonistic_mixed_(1.5,4,2)",1.5,4,2,0.683055649344363,21.5199353501965,44811.2434218895,2081.31310608841,FLOAT
"antagonistic_mixed_(1.5,4,2)",1.5,4,2,0.684033159672015,21.5199353501965,37998.1962970211,1764.72074584202,FLOAT
"antagonistic_mixed_(1.5,4,2)",1.5,4,2,0.68506897297426,21.5199353501965,32235.1543329236,1496.92059354998,FLOAT
"antagonistic_mixed_(1.5,4,2)",1.5,4,2,0.686166566694507,21.5199353501965,27358.6592379048,1270.31698086886,FLOAT
"antagonistic_mixed_(1.5,4,2)",1.5,4,2,0.687329625686041,21.5199353501965,23230.8853904156,1078.50535224091,FLOAT
"antagonistic_mixed_(1.5,4,2)",1.5,4,2,0.68856205458285,21.5199353501965,19735.5992377879,916.084504048367,FLOAT
"antagonistic_mixed_(1.5,4,2)",1.5,4,2,0.689867990908302,21.5199353501965,16774.7579806463,778.498530440203,FLOAT
"antagonistic_mixed_(1.5,4,2)",1.5,4,2,0.691251818965688,21.5199353501965,14265.646138058,661.903763692198,FLOAT
"antagonistic_mixed_(1.5,4,2)",1.5,4,2,0.692718184557244,21.5199353501965,12138.4647022407,563.056745743425,FLOAT
"antagonistic_mixed_(1.5,4,2)",1.5,4,2,0.694272010581095,21.5199353501965,10334.3011417448,479.219897205707,FLOAT
"antagonistic_mixed_(1.5,4,2)",1.5,4,2,0.695918513558455,21.5199353501965,8803.419906573,408.082079630533,FLOAT
"antagonistic_mixed_(1.5,4,2)",1.5,4,2,0.697663221146592,21.5199353501965,7503.82267099693,347.69169209323,FLOAT
"antagonistic_mixed_(1.5,4,2)",1.5,4,2,0.699511990696333,21.5199353501965,6400.03560832639,296.400317620747,FLOAT
"antagonistic_mixed_(1.5,4,2)",1.5,4,2,0.701471028916427,21.5199353501965,5462.08776918506,252.81524992059,FLOAT
"antagonistic_mixed_(1.5,4,2)",1.5,4,2,0.703546912710775,21.5199353501965,4664.65033482315,215.759495738009,FLOAT
"antagonistic_mixed_(1.5,4,2)",1.5,4,2,0.705746611258478,21.5199353501965,3986.31131113096,184.238070944974,FLOAT
"antagonistic_mixed_(1.5,4,2)",1.5,4,2,0.708077509410841,21.5199353501965,3408.96426141359,157.409595843998,FLOAT
"antagonistic_mixed_(1.5,4,2)",1.5,4,2,0.710547432483875,21.5199353501965,2917.29306784244,134.562352784475,FLOAT
"antagonistic_mixed_(1.5,4,2)",1.5,4,2,0.713164672529529,21.5199353501965,2498.33756469951,115.094101773252,FLOAT
"antagonistic_mixed_(1.5,4,2)",1.5,4,2,0.715938016173855,21.5199353501965,2141.12728673671,98.4950612952077,FLOAT
"antagonistic_mixed_(1.5,4,2)",1.5,4,2,0.718876774115565,21.5199353501965,1836.37259521565,84.3335553909497,FLOAT
"antagonistic_mixed_(1.5,4,2)",1.5,4,2,0.721990812384003,21.5199353501965,1576.20414303695,72.243906981466,FLOAT
"antagonistic_mixed_(1.5,4,2)",1.5,4,2,0.725290585461487,21.5199353501965,1353.95306973508,61.9162238502133,FLOAT
"antagonistic_mixed_(1.5,4,2)",1.5,4,2,0.728787171381207,21.5199353501965,1163.96551982906,53.0877795814767,FLOAT
"antagonistic_mixed_(1.5,4,2)",1.5,4,2,0.732492308918514,21.5199353501965,1001.44609008586,45.5357387830963,FLOAT
"antagonistic_mixed_(1.5,4,2)",1.5,4,2,0.736418437000464,21.5199353501965,862.325662955664,39.0710154990215,FLOAT
"antagonistic_mixed_(1.5,4,2)",1.5,4,2,0.740578736465914,21.5199353501965,743.149800237707,33.5330870257899,FLOAT
"antagonistic_mixed_(1.5,4,2)",1.5,4,2,0.744987174316374,21.5199353501965,640.98447434928,28.7856133821251,FLOAT
"antagonistic_mixed_(1.5,4,2)",1.5,4,2,0.749658550606174,21.5199353501965,553.336422406683,24.7127362792766,FLOAT
"antagonistic_mixed_(1.5,4,2)",1.5,4,2,0.754608548129361,21.5199353501965,478.085835833951,21.2159513053363,FLOAT
"antagonistic_mixed_(1.5,4,2)",1.5,4,2,0.759853785070145,21.5199353501965,413.429458132668,18.2114637616183,FLOAT
"antagonistic_mixed_(1.5,4,2)",1.5,4,2,0.765411870793641,21.5199353501965,357.832466489566,15.6279526711635,FLOAT
"antagonistic_mixed_(1.5,4,2)",1.5,4,2,0.771301464964215,21.5199353501965,309.987768081498,13.4046793374158,FLOAT
"antagonistic_mixed_(1.5,4,2)",1.5,4,2,0.777542340189913,21.5199353501965,268.781556841976,11.4898868174119,FLOAT
"antagonistic_mixed_(1.5,4,2)",1.5,4,2,0.784155448403264,21.5199353501965,233.264157457691,9.83944508483669,FLOAT
"antagonistic_mixed_(1.5,4,2)",1.5,4,2,0.791162991201332,21.5199353501965,202.625335833432,8.41570374334708,FLOAT
"antagonistic_mixed_(1.5,4,2)",1.5,4,2,0.798588494381158,21.5199353501965,176.173383713633,7.18652011944936,FLOAT
"antagonistic_mixed_(1.5,4,2)",1.5,4,2,0.806456886920807,21.5199353501965,153.317393376817,6.12443559340977,FLOAT
"antagonistic_mixed_(1.5,4,2)",1.5,4,2,0.814794584671205,21.5199353501965,133.552229521071,5.20597726469711,FLOAT
"antagonistic_mixed_(1.5,4,2)",1.5,4,2,0.823629579039712,21.5199353501965,116.445782323426,4.41106562024883,FLOAT
"antagonistic_mixed_(1.5,4,2)",1.5,4,2,0.83299153096317,21.5199353501965,101.628150446188,3.72251188455638,FLOAT
"antagonistic_mixed_(1.5,4,2)",1.5,4,2,0.842911870485915,21.5199353501965,88.7824573826099,3.1255912686466,FLOAT
"antagonistic_mixed_(1.5,4,2)",1.5,4,2,0.853423902277057,21.5199353501965,77.637050584367,2.6076804749164,FLOAT
"antagonistic_mixed_(1.5,4,2)",1.5,4,2,0.864562917441269,21.5199353501965,67.9588716412097,2.15794961905353,FLOAT
"antagonistic_mixed_(1.5,4,2)",1.5,4,2,0.876366311998457,21.5199353501965,59.5478185209329,1.767100251553,FLOAT
"antagonistic_mixed_(1.5,4,2)",1.5,4,2,0.888873712430073,21.5199353501965,52.2319484759143,1.42714244378236,FLOAT
"antagonistic_mixed_(1.5,4,2)",1.5,4,2,0.9,21.5199353501965,46.8037991886829,1.17490426560485,FLOAT
"antagonistic_mixed_(1.5,4,2)",1.5,4,2,0.902127108713561,21.5199353501965,45.8633934764206,1.13120498412658,FLOAT
"antagonistic_mixed_(1.5,4,2)",1.5,4,2,0.912667383761716,21.5199353501965,41.5998351880455,0.933083650628423,FLOAT
"antagonistic_mixed_(1.5,4,2)",1.5,4,2,0.916170995291558,21.5199353501965,40.3148796030868,0.873373639234408,FLOAT
"antagonistic_mixed_(1.5,4,2)",1.5,4,2,0.923730141409766,21.5199353501965,37.7398930973094,0.753717772993439,FLOAT
"antagonistic_mixed_(1.5,4,2)",1.5,4,2,0.931052520449102,21.5199353501965,35.4767582662819,0.648553199113491,FLOAT
"antagonistic_mixed_(1.5,4,2)",1.5,4,2,0.933391537091908,21.5199353501965,34.7972710007995,0.616978417199651,FLOAT
"antagonistic_mixed_(1.5,4,2)",1.5,4,2,0.941829086706256,21.5199353501965,32.5042351811175,0.510424387999879,FLOAT
"antagonistic_mixed_(1.5,4,2)",1.5,4,2,0.946821644600358,21.5199353501965,31.2544708550734,0.452349663066626,FLOAT
"antagonistic_mixed_(1.5,4,2)",1.5,4,2,0.94919781953087,21.5199353501965,30.6853281366157,0.425902431269875,FLOAT
"antagonistic_mixed_(1.5,4,2)",1.5,4,2,0.955633126690214,21.5199353501965,29.2213118796547,0.357871731681941,FLOAT
"antagonistic_mixed_(1.5,4,2)",1.5,4,2,0.961253248795439,21.5199353501965,28.0286219647801,0.302449171369103,FLOAT
"antagonistic_mixed_(1.5,4,2)",1.5,4,2,0.963531308016255,21.5199353501965,27.5663797807024,0.280969451446363,FLOAT
"antagonistic_mixed_(1.5,4,2)",1.5,4,2,0.966161448465718,21.5199353501965,27.0471291672985,0.256840632983198,FLOAT
"antagonistic_mixed_(1.5,4,2)",1.5,4,2,0.970447907647971,21.5199353501965,26.2325679140397,0.218989159918651,FLOAT
"antagonistic_mixed_(1.5,4,2)",1.5,4,2,0.974191384595819,21.5199353501965,25.5516956054825,0.187350017073781,FLOAT
"antagonistic_mixed_(1.5,4,2)",1.5,4,2,0.977460660952652,21.5199353501965,24.9791077020129,0.160742692555758,FLOAT
"antagonistic_mixed_(1.5,4,2)",1.5,4,2,0.980315805527134,21.5199353501965,24.4950884018932,0.138251021821474,FLOAT
"antagonistic_mixed_(1.5,4,2)",1.5,4,2,0.981237608556118,21.5199353501965,24.3419080706049,0.131132955303355,FLOAT
"antagonistic_mixed_(1.5,4,2)",1.5,4,2,0.982809277981414,21.5199353501965,24.0841270577555,0.119154247716437,FLOAT
"antagonistic_mixed_(1.5,4,2)",1.5,4,2,0.984986892710918,21.5199353501965,23.7338731605458,0.102878460103232,FLOAT
"antagonistic_mixed_(1.5,4,2)",1.5,4,2,0.986888660625784,21.5199353501965,23.4343866407763,0.0889617584544635,FLOAT
"antagonistic_mixed_(1.5,4,2)",1.5,4,2,0.988549524300617,21.5199353501965,23.1775910000854,0.0770288396741767,FLOAT
"antagonistic_mixed_(1.5,4,2)",1.5,4,2,0.99,21.5199353501965,22.9568682762207,0.0667721767115399,FLOAT
"antagonistic_mixed_(1.5,4,2)",1.5,4,2,0.991266738376172,21.5199353501965,22.7667548290673,0.0579378821813917,FLOAT
"antagonistic_mixed_(1.5,4,2)",1.5,4,2,0.992373014140977,21.5199353501965,22.6027098830972,0.0503149528695432,FLOAT
"antagonistic_mixed_(1.5,4,2)",1.5,4,2,0.993339153709191,21.5199353501965,22.4609373099943,0.0437269882313655,FLOAT
"antagonistic_mixed_(1.5,4,2)",1.5,4,2,0.994182908670626,21.5199353501965,22.3382468772472,0.038025742816334,FLOAT
"antagonistic_mixed_(1.5,4,2)",1.5,4,2,0.994919781953087,21.5199353501965,22.2319451070919,0.0330860546423027,FLOAT
"antagonistic_mixed_(1.5,4,2)",1.5,4,2,0.995563312669021,21.5199353501965,22.139748603715,0.0288018176371006,FLOAT
"antagonistic_mixed_(1.5,4,2)",1.5,4,2,0.996125324879544,21.5199353501965,22.0597146112344,0.0250827547691944,FLOAT
"antagonistic_mixed_(1.5,4,2)",1.5,4,2,0.996616144846572,21.5199353501965,21.9901849186533,0.0218518113927544,FLOAT
"antagonistic_mixed_(1.5,4,2)",1.5,4,2,0.997044790764797,21.5199353501965,21.9297402014084,0.0190430335659983,FLOAT
"antagonistic_mixed_(1.5,4,2)",1.5,4,2,0.997419138459582,21.5199353501965,21.8771625967983,0.0165998289859447,FLOAT
"antagonistic_mixed_(1.5,4,2)",1.5,4,2,0.997746066095265,21.5199353501965,21.8314048303575,0.0144735323360624,FLOAT
"antagonistic_mixed_(1.5,4,2)",1.5,4,2,0.998031580552713,21.5199353501965,21.7915645957351,0.0126222147566109,FLOAT
"antagonistic_mixed_(1.5,4,2)",1.5,4,2,0.998280927798141,21.5199353501965,21.75686317918,0.011009690555662,FLOAT
"antagonistic_mixed_(1.5,4,2)",1.5,4,2,0.998498689271092,21.5199353501965,21.7266275376142,0.0096046844032853,FLOAT
"antagonistic_mixed_(1.5,4,2)",1.5,4,2,0.998688866062578,21.5199353501965,21.7002752051832,0.00838012996098829,FLOAT
"antagonistic_mixed_(1.5,4,2)",1.5,4,2,0.998854952430062,21.5199353501965,21.6773015305339,0.00731257681663878,FLOAT
"antagonistic_mixed_(1.5,4,2)",1.5,4,2,0.999,21.5199353501965,21.6572688456046,0.00638168717392645,FLOAT
"antagonistic_mixed_(1.5,4,2)",1.5,4,2,0.999126673837617,21.5199353501965,21.6397972435207,0.00556980731464588,FLOAT
"antagonistic_mixed_(1.5,4,2)",1.5,4,2,0.999237301414098,21.5199353501965,21.6245567035087,0.00486160165491584,FLOAT
"antagonistic_mixed_(1.5,4,2)",1.5,4,2,0.999333915370919,21.5199353501965,21.6112603484409,0.004243739433147,FLOAT
"antagonistic_mixed_(1.5,4,2)",1.5,4,2,0.999418290867063,21.5199353501965,21.5996586586136,0.00370462583273538,FLOAT
"antagonistic_mixed_(1.5,4,2)",1.5,4,2,0.999491978195309,21.5199353501965,21.5895344958118,0.00323417075761004,FLOAT
"antagonistic_mixed_(1.5,4,2)",1.5,4,2,0.999556331266902,21.5199353501965,21.5806988162863,0.00282358962055575,FLOAT
"antagonistic_mixed_(1.5,4,2)",1.5,4,2,0.999612532487954,21.5199353501965,21.5729869712199,0.00246523143123285,FLOAT
"antagonistic_mixed_(1.5,4,2)",1.5,4,2,0.999661614484657,21.5199353501965,21.5662555095474,0.00215243022793085,FLOAT
"antagonistic_mixed_(1.5,4,2)",1.5,4,2,0.99970447907648,21.5199353501965,21.5603794113838,0.00187937651898926,FLOAT
"antagonistic_mixed_(1.5,4,2)",1.5,4,2,0.999741913845958,21.5199353501965,21.5552496913609,0.00164100591334225,FLOAT
"antagonistic_mixed_(1.5,4,2)",1.5,4,2,0.999774606609527,21.5199353501965,21.5507713203483,0.00143290254594358,FLOAT
"antagonistic_mixed_(1.5,4,2)",1.5,4,2,0.999803158055271,21.5199353501965,21.5468614216865,0.00125121525933409,FLOAT
"antagonistic_mixed_(1.5,4,2)",1.5,4,2,0.999828092779814,21.5199353501965,21.5434477044665,0.00109258480043829,FLOAT
"antagonistic_mixed_(1.5,4,2)",1.5,4,2,0.999849868927109,21.5199353501965,21.5404671017839,0.000954080542218709,FLOAT
"antagonistic_mixed_(1.5,4,2)",1.5,4,2,0.999868886606258,21.5199353501965,21.5378645864475,0.000833145451381273,FLOAT
"antagonistic_mixed_(1.5,4,2)",1.5,4,2,0.999885495243006,21.5199353501965,21.5355921404811,0.000727548202622996,FLOAT
"antagonistic_mixed_(1.5,4,2)",1.5,4,2,0.9999,21.5199353501965,21.5336078580364,0.000635341492315386,FLOAT
"antagonistic_mixed_(1.5,4,2)",1.5,4,2,0.999912667383762,21.5199353501965,21.5318751641333,0.000554825734489266,FLOAT
"antagonistic_mixed_(1.5,4,2)",1.5,4,2,0.99992373014141,21.5199353501965,21.5303621340332,0.0004845174331155,FLOAT
"antagonistic_mixed_(1.5,4,2)",1.5,4,2,0.999933391537092,21.5199353501965,21.5290409001004,0.000423121619822819,FLOAT
"antagonistic_mixed_(1.5,4,2)",1.5,4,2,0.999941829086706,21.5199353501965,21.5278871347679,0.000369507828065663,FLOAT
"antagonistic_mixed_(1.5,4,2)",1.5,4,2,0.999949197819531,21.5199353501965,21.5268795997355,0.000322689145017783,FLOAT
"antagonistic_mixed_(1.5,4,2)",1.5,4,2,0.99995563312669,21.5199353501965,21.5259997528354,0.000281803943193207,FLOAT
"antagonistic_mixed_(1.5,4,2)",1.5,4,2,0.999961253248795,21.5199353501965,21.5252314051267,0.00024609994612192,FLOAT
"antagonistic_mixed_(1.5,4,2)",1.5,4,2,0.999966161448466,21.5199353501965,21.5245604217535,0.000214920327672979,FLOAT
"antagonistic_mixed_(1.5,4,2)",1.5,4,2,0.999970447907648,21.5199353501965,21.5239744609459,0.00018769158381299,FLOAT
"antagonistic_mixed_(1.5,4,2)",1.5,4,2,0.999974191384596,21.5199353501965,21.5234627462734,0.000163912949528427,FLOAT
"antagonistic_mixed_(1.5,4,2)",1.5,4,2,0.999977460660953,21.5199353501965,21.5230158678915,0.000143147163080044,FLOAT
"antagonistic_mixed_(1.5,4,2)",1.5,4,2,0.999980315805527,21.5199353501965,21.5226256090766,0.000125012405303355,FLOAT
"antagonistic_mixed_(1.5,4,2)",1.5,4,2,0.999982809277981,21.5199353501965,21.522284794818,0.000109175263925733,FLOAT
"antagonistic_mixed_(1.5,4,2)",1.5,4,2,0.999984986892711,21.5199353501965,21.5219871596542,9.53445920880429e-05,FLOAT
"antagonistic_mixed_(1.5,4,2)",1.5,4,2,0.999986888660626,21.5199353501965,21.5217272322991,8.32661471089306e-05,FLOAT
"antagonistic_mixed_(1.5,4,2)",1.5,4,2,0.999988549524301,21.5199353501965,21.521500234921,7.27179101168491e-05,FLOAT
"antagonistic_mixed_(1.5,4,2)",1.5,4,2,0.99999,21.5199353501965,21.5213019952085,6.35059998890959e-05,FLOAT
"antagonistic_mixed_(1.5,4,2)",1.5,4,2,0.999991266738376,21.5199353501965,21.521128869597,5.54611053009466e-05,FLOAT
"antagonistic_mixed_(1.5,4,2)",1.5,4,2,0.999992373014141,21.5199353501965,21.5209776762375,4.84353704600505e-05,FLOAT
"antagonistic_mixed_(1.5,4,2)",1.5,4,2,0.999993339153709,21.5199353501965,21.5208456364682,4.22996750152116e-05,FLOAT
"antagonistic_mixed_(1.5,4,2)",1.5,4,2,0.999994182908671,21.5199353501965,21.5207303237106,3.69412594028401e-05,FLOAT
"antagonistic_mixed_(1.5,4,2)",1.5,4,2,0.999994919781953,21.5199353501965,21.5206296188462,3.2261651273466e-05,FLOAT
"antagonistic_mixed_(1.5,4,2)",1.5,4,2,0.999995563312669,21.5199353501965,21.5205416712511,2.81748548383437e-05,FLOAT
"antagonistic_mixed_(1.5,4,2)",1.5,4,2,0.99999612532488,21.5199353501965,21.5204648647712,2.4605769772733e-05,FLOAT
"antagonistic_mixed_(1.5,4,2)",1.5,4,2,0.999996616144847,21.5199353501965,21.5203977880106,2.1488810564647e-05,FLOAT
"antagonistic_mixed_(1.5,4,2)",1.5,4,2,0.999997044790765,21.5199353501965,21.5203392083858,1.87667008623489e-05,FLOAT
"antagonistic_mixed_(1.5,4,2)",1.5,4,2,0.99999741913846,21.5199353501965,21.5202880494691,1.63894206405046e-05,FLOAT
"antagonistic_mixed_(1.5,4,2)",1.5,4,2,0.999997746066095,21.5199353501965,21.520243371203,1.43132867952363e-05,FLOAT
"antagonistic_mixed_(1.5,4,2)",1.5,4,2,0.999998031580553,21.5199353501965,21.5202043526219,1.25001502589613e-05,FLOAT
"antagonistic_mixed_(1.5,4,2)",1.5,4,2,0.999998280927798,21.5199353501965,21.520170276764,1.0916694853732e-05,FLOAT
"antagonistic_mixed_(1.5,4,2)",1.5,4,2,0.999998498689271,21.5199353501965,21.5201405174942,9.53382500197583e-06,FLOAT
"antagonistic_mixed_(1.5,4,2)",1.5,4,2,0.999998688866063,21.5199353501965,21.5201145279975,8.32613100664712e-06,FLOAT
"antagonistic_mixed_(1.5,4,2)",1.5,4,2,0.99999885495243,21.5199353501965,21.5200918307299,7.27142209414678e-06,FLOAT
"antagonistic_mixed_(1.5,4,2)",1.5,4,2,0.999999,21.5199353501965,21.5200720086426,6.35031861802758e-06,FLOAT
"antagonistic_mixed_(1.5,4,2)",1.5,4,2,0.999999126673838,21.5199353501965,21.5200546975184,5.54589593073529e-06,FLOAT
"antagonistic_mixed_(1.5,4,2)",1.5,4,2,0.999999237301414,21.5199353501965,21.5200395792784,4.84337337263801e-06,FLOAT
"antagonistic_mixed_(1.5,4,2)",1.5,4,2,0.999999333915371,21.5199353501965,21.5200263761372,4.22984266790037e-06,FLOAT
"antagonistic_mixed_(1.5,4,2)",1.5,4,2,0.999999418290867,21.5199353501965,21.520014845499,3.6940307304411e-06,FLOAT
"antagonistic_mixed_(1.5,4,2)",1.5,4,2,0.999999491978195,21.5199353501965,21.5200047754988,3.22609251203814e-06,FLOAT
"antagonistic_mixed_(1.5,4,2)",1.5,4,2,0.999999556331267,21.5199353501965,21.5199959811101,2.81743009932156e-06,FLOAT
"antagonistic_mixed_(1.5,4,2)",1.5,4,2,0.999999612532488,21.5199353501965,21.5199883007449,2.46053473640431e-06,FLOAT
"antagonistic_mixed_(1.5,4,2)",1.5,4,2,0.999999661614485,21.5199353501965,21.5199815932846,2.14884884000698e-06,FLOAT
"antagonistic_mixed_(1.5,4,2)",1.5,4,2,0.999999704479076,21.5199353501965,21.5199757354866,1.87664551488669e-06,FLOAT
"antagonistic_mixed_(1.5,4,2)",1.5,4,2,0.999999741913846,21.5199353501965,21.5199706197205,1.63892332319838e-06,FLOAT
"antagonistic_mixed_(1.5,4,2)",1.5,4,2,0.999999774606609,21.5199353501965,21.5199661519895,1.43131438581737e-06,FLOAT
"antagonistic_mixed_(1.5,4,2)",1.5,4,2,0.999999803158055,21.5199353501965,21.5199622502044,1.2500041246124e-06,FLOAT
"antagonistic_mixed_(1.5,4,2)",1.5,4,2,0.99999982809278,21.5199353501965,21.5199588426743,1.09166117092513e-06,FLOAT
"antagonistic_mixed_(1.5,4,2)",1.5,4,2,0.999999849868927,21.5199353501965,21.5199558667898,9.53376159822786e-07,FLOAT
"antagonistic_mixed_(1.5,4,2)",1.5,4,2,0.999999868886606,21.5199353501965,21.5199532678725,8.32608262752231e-07,FLOAT
"antagonistic_mixed_(1.5,4,2)",1.5,4,2,0.999999885495243,21.5199353501965,21.5199509981705,7.27138520887769e-07,FLOAT
"antagonistic_mixed_(1.5,4,2)",1.5,4,2,0.9999999,21.5199353501965,21.5199490159806,6.35029048233273e-07,FLOAT
"antagonistic_mixed_(1.5,4,2)",1.5,4,2,0.999999912667384,21.5199353501965,21.5199472848825,5.54587447918094e-07,FLOAT
"antagonistic_mixed_(1.5,4,2)",1.5,4,2,0.999999923730141,21.5199353501965,21.5199457730695,4.84335700270115e-07,FLOAT
"antagonistic_mixed_(1.5,4,2)",1.5,4,2,0.999999933391537,21.5199353501965,21.5199444527637,4.22983019308332e-07,FLOAT
"antagonistic_mixed_(1.5,4,2)",1.5,4,2,0.999999941829087,21.5199353501965,21.5199432997063,3.69402120973416e-07,FLOAT
"antagonistic_mixed_(1.5,4,2)",1.5,4,2,0.99999994919782,21.5199353501965,21.5199422927111,3.22608525536752e-07,FLOAT
"antagonistic_mixed_(1.5,4,2)",1.5,4,2,0.999999955633127,21.5199353501965,21.5199414132759,2.81742456535906e-07,FLOAT
"antagonistic_mixed_(1.5,4,2)",1.5,4,2,0.999999961253249,21.5199353501965,21.5199406452422,2.46053051127075e-07,FLOAT
"antagonistic_mixed_(1.5,4,2)",1.5,4,2,0.999999966161448,21.5199353501965,21.5199399744984,2.14884562406505e-07,FLOAT
"antagonistic_mixed_(1.5,4,2)",1.5,4,2,0.999999970447908,21.5199353501965,21.5199393887202,1.87664305901646e-07,FLOAT
"antagonistic_mixed_(1.5,4,2)",1.5,4,2,0.999999974191385,21.5199353501965,21.5199388771448,1.63892144200442e-07,FLOAT
"antagonistic_mixed_(1.5,4,2)",1.5,4,2,0.999999977460661,21.5199353501965,21.5199384303727,1.43131295102521e-07,FLOAT
"antagonistic_mixed_(1.5,4,2)",1.5,4,2,0.999999980315806,21.5199353501965,21.519938040195,1.25000303980981e-07,FLOAT
"antagonistic_mixed_(1.5,4,2)",1.5,4,2,0.999999982809278,21.5199353501965,21.5199376994425,1.09166034415731e-07,FLOAT
"antagonistic_mixed_(1.5,4,2)",1.5,4,2,0.999999984986893,21.5199353501965,21.5199374018545,9.53375532813163e-08,FLOAT
"antagonistic_mixed_(1.5,4,2)",1.5,4,2,0.999999986888661,21.5199353501965,21.5199371419631,8.32607783827819e-08,FLOAT
"antagonistic_mixed_(1.5,4,2)",1.5,4,2,0.999999988549524,21.5199353501965,21.5199369149931,7.27138151747822e-08,FLOAT
"antagonistic_mixed_(1.5,4,2)",1.5,4,2,0.99999999,21.5199353501965,21.5199367167743,6.35028777321532e-08,FLOAT
"all_mutualistic_(0.5,0.5,0.5)",0.5,0.5,0.5,0.666666676666667,4.5,1.67583891416241e+23,3.72408647591646e+22,FLOAT
"all_mutualistic_(0.5,0.5,0.5)",0.5,0.5,0.5,0.66666667726311,4.5,1.40848386016182e+23,3.12996413369293e+22,FLOAT
"all_mutualistic_(0.5,0.5,0.5)",0.5,0.5,0.5,0.666666677895128,4.5,1.1837813603123e+23,2.63062524513845e+22,FLOAT
"all_mutualistic_(0.5,0.5,0.5)",0.5,0.5,0.5,0.666666678564843,4.5,9.94926751464e+22,2.21094833658667e+22,FLOAT
"all_mutualistic_(0.5,0.5,0.5)",0.5,0.5,0.5,0.666666679274502,4.5,8.36201094451602e+22,1.85822465433689e+22,FLOAT
"all_mutualistic_(0.5,0.5,0.5)",0.5,0.5,0.5,0.666666680026488,4.5,7.02797684627603e+22,1.56177263250578e+22,FLOAT
"all_mutualistic_(0.5,0.5,0.5)",0.5,0.5,0.5,0.666666680823326,4.5,5.90676834129643e+22,1.31261518695476e+22,FLOAT
"all_mutualistic_(0.5,0.5,0.5)",0.5,0.5,0.5,0.666666681667691,4.5,4.96443193288992e+22,1.10320709619776e+22,FLOAT
"all_mutualistic_(0.5,0.5,0.5)",0.5,0.5,0.5,0.666666682562417,4.5,4.17243101276356e+22,9.27206891725235e+21,FLOAT
"all_mutualistic_(0.5,0.5,0.5)",0.5,0.5,0.5,0.666666683510509,4.5,3.50678201475698e+22,7.79284892168218e+21,FLOAT
"all_mutualistic_(0.5,0.5,0.5)",0.5,0.5,0.5,0.666666684515149,4.5,2.9473273894386e+22,6.54961642097467e+21,FLOAT
"all_mutualistic_(0.5,0.5,0.5)",0.5,0.5,0.5,0.66666668557971,4.5,2.47712535855526e+22,5.5047230190117e+21,FLOAT
"all_mutualistic_(0.5,0.5,0.5)",0.5,0.5,0.5,0.666666686707767,4.5,2.08193712023707e+22,4.62652693386016e+21,FLOAT
"all_mutualistic_(0.5,0.5,0.5)",0.5,0.5,0.5,0.666666687903105,4.5,1.74979517747164e+22,3.88843372771476e+21,FLOAT
"all_mutualistic_(0.5,0.5,0.5)",0.5,0.5,0.5,0.666666689169739,4.5,1.47064153188287e+22,3.26809229307303e+21,FLOAT
"all_mutualistic_(0.5,0.5,0.5)",0.5,0.5,0.5,0.66666669051192,4.5,1.23602267497675e+22,2.74671705550388e+21,FLOAT
"all_mutualistic_(0.5,0.5,0.5)",0.5,0.5,0.5,0.666666691934155,4.5,1.03883375440264e+22,2.30851945422809e+21,FLOAT
"all_mutualistic_(0.5,0.5,0.5)",0.5,0.5,0.5,0.666666693441218,4.5,8.73103366379738e+21,1.94022970306608e+21,FLOAT
"all_mutualistic_(0.5,0.5,0.5)",0.5,0.5,0.5,0.666666695038169,4.5,7.33812780159439e+21,1.63069506702097e+21,FLOAT
"all_mutualistic_(0.5,0.5,0.5)",0.5,0.5,0.5,0.666666696730369,4.5,6.16743931828789e+21,1.37054207073064e+21,FLOAT
"all_mutualistic_(0.5,0.5,0.5)",0.5,0.5,0.5,0.666666698523499,4.5,5.18351666709125e+21,1.15189259268694e+21,FLOAT
"all_mutualistic_(0.5,0.5,0.5)",0.5,0.5,0.5,0.666666700423579,4.5,4.35656409698633e+21,9.6812535488585e+20,FLOAT
"all_mutualistic_(0.5,0.5,0.5)",0.5,0.5,0.5,0.666666702436989,4.5,3.66153942030887e+21,8.13675426735304e+20,FLOAT
"all_mutualistic_(0.5,0.5,0.5)",0.5,0.5,0.5,0.666666704570486,4.5,3.07739561291698e+21,6.83865691759329e+20,FLOAT
"all_mutualistic_(0.5,0.5,0.5)",0.5,0.5,0.5,0.666666706831235,4.5,2.58644316433298e+21,5.74765147629551e+20,FLOAT
"all_mutualistic_(0.5,0.5,0.5)",0.5,0.5,0.5,0.666666709226825,4.5,2.17381483885784e+21,4.83069964190632e+20,FLOAT
"all_mutualistic_(0.5,0.5,0.5)",0.5,0.5,0.5,0.666666711765299,4.5,1.82701520267546e+21,4.06003378372325e+20,FLOAT
"all_mutualistic_(0.5,0.5,0.5)",0.5,0.5,0.5,0.666666714455177,4.5,1.53554226781719e+21,3.41231615070486e+20,FLOAT
"all_mutualistic_(0.5,0.5,0.5)",0.5,0.5,0.5,0.666666717305492,4.5,1.29056946702891e+21,2.86793214895314e+20,FLOAT
"all_mutualistic_(0.5,0.5,0.5)",0.5,0.5,0.5,0.666666720325813,4.5,1.08467840595261e+21,2.41039645767246e+20,FLOAT
"all_mutualistic_(0.5,0.5,0.5)",0.5,0.5,0.5,0.666666723526278,4.5,9.11634196775663e+20,2.02585377061258e+20,FLOAT
"all_mutualistic_(0.5,0.5,0.5)",0.5,0.5,0.5,0.666666726917633,4.5,7.66196592688063e+20,1.70265909486236e+20,FLOAT
"all_mutualistic_(0.5,0.5,0.5)",0.5,0.5,0.5,0.666666730511263,4.5,6.4396139287651e+20,1.43102531750336e+20,FLOAT
"all_mutualistic_(0.5,0.5,0.5)",0.5,0.5,0.5,0.666666734319233,4.5,5.41226983961269e+20,1.20272663102504e+20,FLOAT
"all_mutualistic_(0.5,0.5,0.5)",0.5,0.5,0.5,0.666666738354327,4.5,4.54882316908888e+20,1.01084959313086e+20,FLOAT
"all_mutualistic_(0.5,0.5,0.5)",0.5,0.5,0.5,0.666666742630091,4.5,3.82312645462415e+20,8.49583656583145e+19,FLOAT
"all_mutualistic_(0.5,0.5,0.5)",0.5,0.5,0.5,0.66666674716088,4.5,3.21320381809283e+20,7.14045292909519e+19,FLOAT
"all_mutualistic_(0.5,0.5,0.5)",0.5,0.5,0.5,0.666666751961906,4.5,2.70058520454574e+20,6.0013004545461e+19,FLOAT
"all_mutualistic_(0.5,0.5,0.5)",0.5,0.5,0.5,0.666666757049286,4.5,2.26974724155132e+20,5.04388275900294e+19,FLOAT
"all_mutualistic_(0.5,0.5,0.5)",0.5,0.5,0.5,0.666666762440099,4.5,1.90764303392976e+20,4.23920674206613e+19,FLOAT
"all_mutualistic_(0.5,0.5,0.5)",0.5,0.5,0.5,0.666666768152444,4.5,1.6033071119606e+20,3.56290469324578e+19,FLOAT
"all_mutualistic_(0.5,0.5,0.5)",0.5,0.5,0.5,0.666666774205498,4.5,1.34752345127508e+20,2.99449655838907e+19,FLOAT
"all_mutualistic_(0.5,0.5,0.5)",0.5,0.5,0.5,0.666666780619582,4.5,1.13254623887528e+20,2.51676941972284e+19,FLOAT
"all_mutualistic_(0.5,0.5,0.5)",0.5,0.5,0.5,0.66666678741623,4.5,9.51865430984044e+19,2.11525651329788e+19,FLOAT
"all_mutualistic_(0.5,0.5,0.5)",0.5,0.5,0.5,0.66666679461826,4.5,8.00009538888393e+19,1.77779897530754e+19,FLOAT
"all_mutualistic_(0.5,0.5,0.5)",0.5,0.5,0.5,0.666666802249851,4.5,6.72379983302465e+19,1.49417774067214e+19,FLOAT
"all_mutualistic_(0.5,0.5,0.5)",0.5,0.5,0.5,0.666666810336623,4.5,5.65111815637189e+19,1.25580403474931e+19,FLOAT
"all_mutualistic_(0.5,0.5,0.5)",0.5,0.5,0.5,0.666666818905725,4.5,4.74956679217032e+19,1.05545928714896e+19,FLOAT
"all_mutualistic_(0.5,0.5,0.5)",0.5,0.5,0.5,0.666666827985925,4.5,3.9918444563976e+19,8.87076545866132e+18,FLOAT
"all_mutualistic_(0.5,0.5,0.5)",0.5,0.5,0.5,0.666666837607709,4.5,3.35500539336932e+19,7.45556754082071e+18,FLOAT
"all_mutualistic_(0.5,0.5,0.5)",0.5,0.5,0.5,0.666666847803377,4.5,2.81976446717061e+19,6.26614326037912e+18,FLOAT
"all_mutualistic_(0.5,0.5,0.5)",0.5,0.5,0.5,0.66666685860716,4.5,2.36991322295882e+19,5.26647382879738e+18,FLOAT
"all_mutualistic_(0.5,0.5,0.5)",0.5,0.5,0.5,0.666666870055327,4.5,1.99182902328805e+19,4.42628671841788e+18,FLOAT
"all_mutualistic_(0.5,0.5,0.5)",0.5,0.5,0.5,0.666666882186313,4.5,1.67406249959652e+19,3.72013888799228e+18,FLOAT
"all_mutualistic_(0.5,0.5,0.5)",0.5,0.5,0.5,0.666666895040844,4.5,1.40699086814274e+19,3.12664637365053e+18,FLOAT
"all_mutualistic_(0.5,0.5,0.5)",0.5,0.5,0.5,0.666666908662074,4.5,1.18252652272566e+19,2.62783671716814e+18,FLOAT
"all_mutualistic_(0.5,0.5,0.5)",0.5,0.5,0.5,0.666666923095735,4.5,9.93872105422228e+18,2.20860467871606e+18,FLOAT
"all_mutualistic_(0.5,0.5,0.5)",0.5,0.5,0.5,0.666666938390282,4.5,8.35314678745073e+18,1.85625484165572e+18,FLOAT
"all_mutualistic_(0.5,0.5,0.5)",0.5,0.5,0.5,0.666666954597062,4.5,7.02052716131582e+18,1.56011714695907e+18,FLOAT
"all_mutualistic_(0.5,0.5,0.5)",0.5,0.5,0.5,0.666666971770485,4.5,5.90050708306885e+18,1.31122379623752e+18,FLOAT
"all_mutualistic_(0.5,0.5,0.5)",0.5,0.5,0.5,0.666666989968206,4.5,4.95916943831683e+18,1.10203765295929e+18,FLOAT
"all_mutualistic_(0.5,0.5,0.5)",0.5,0.5,0.5,0.666667009251318,4.5,4.1680081373585e+18,9.26224030524111e+17,FLOAT
"all_mutualistic_(0.5,0.5,0.5)",0.5,0.5,0.5,0.666667029684559,4.5,3.50306479047664e+18,7.78458842328142e+17,FLOAT
"all_mutualistic_(0.5,0.5,0.5)",0.5,0.5,0.5,0.666667051336528,4.5,2.94420320360865e+18,6.54267378579699e+17,FLOAT
"all_mutualistic_(0.5,0.5,0.5)",0.5,0.5,0.5,0.666667074279914,4.5,2.47449962717276e+18,5.49888806038392e+17,FLOAT
"all_mutualistic_(0.5,0.5,0.5)",0.5,0.5,0.5,0.666667098591744,4.5,2.07973022704795e+18,4.62162272677322e+17,FLOAT
"all_mutualistic_(0.5,0.5,0.5)",0.5,0.5,0.5,0.666667124353638,4.5,1.74794038000218e+18,3.8843119555604e+17,FLOAT
"all_mutualistic_(0.5,0.5,0.5)",0.5,0.5,0.5,0.666667151652083,4.5,1.46908264027029e+18,3.26462808948954e+17,FLOAT
"all_mutualistic_(0.5,0.5,0.5)",0.5,0.5,0.5,0.666667180578726,4.5,1.23471248109328e+18,2.74380551354061e+17,FLOAT
"all_mutualistic_(0.5,0.5,0.5)",0.5,0.5,0.5,0.66666721123068,4.5,1.03773257458602e+18,2.30607238796892e+17,FLOAT
"all_mutualistic_(0.5,0.5,0.5)",0.5,0.5,0.5,0.66666724371085,4.5,8.72177865959905e+17,1.93817303546645e+17,FLOAT
"all_mutualistic_(0.5,0.5,0.5)",0.5,0.5,0.5,0.666667278128279,4.5,7.33034933696391e+17,1.62896651932531e+17,FLOAT
"all_mutualistic_(0.5,0.5,0.5)",0.5,0.5,0.5,0.666667314598514,4.5,6.16090175900081e+17,1.36908927977796e+17,FLOAT
"all_mutualistic_(0.5,0.5,0.5)",0.5,0.5,0.5,0.666667353243992,4.5,5.17802204381728e+17,1.15067156529273e+17,FLOAT
"all_mutualistic_(0.5,0.5,0.5)",0.5,0.5,0.5,0.666667394194455,4.5,4.35194608353008e+17,9.6709912967335e+16,FLOAT
"all_mutualistic_(0.5,0.5,0.5)",0.5,0.5,0.5,0.666667437587381,4.5,3.65765818797791e+17,8.12812930661757e+16,FLOAT
"all_mutualistic_(0.5,0.5,0.5)",0.5,0.5,0.5,0.666667483568452,4.5,3.0741335405605e+17,6.83140786791222e+16,FLOAT
"all_mutualistic_(0.5,0.5,0.5)",0.5,0.5,0.5,0.666667532292033,4.5,2.58370151951818e+17,5.74155893226263e+16,FLOAT
"all_mutualistic_(0.5,0.5,0.5)",0.5,0.5,0.5,0.666667583921701,4.5,2.17151059121039e+17,4.82557909157865e+16,FLOAT
"all_mutualistic_(0.5,0.5,0.5)",0.5,0.5,0.5,0.666667638630787,4.5,1.82507855974888e+17,4.05573013277529e+16,FLOAT
"all_mutualistic_(0.5,0.5,0.5)",0.5,0.5,0.5,0.666667696602962,4.5,1.53391457721743e+17,3.40869906048317e+16,FLOAT
"all_mutualistic_(0.5,0.5,0.5)",0.5,0.5,0.5,0.66666775803285,4.5,1.28920145229335e+17,2.86489211620744e+16,FLOAT
"all_mutualistic_(0.5,0.5,0.5)",0.5,0.5,0.5,0.666667823126684,4.5,1.08352864552757e+17,2.40784143450572e+16,FLOAT
"all_mutualistic_(0.5,0.5,0.5)",0.5,0.5,0.5,0.666667892102997,4.5,9.10667858726779e+16,2.02370635272617e+16,FLOAT
"all_mutualistic_(0.5,0.5,0.5)",0.5,0.5,0.5,0.666667965193359,4.5,7.65384424438824e+16,1.70085427653072e+16,FLOAT
"all_mutualistic_(0.5,0.5,0.5)",0.5,0.5,0.5,0.666668042643148,4.5,6.432787890694e+16,1.42950842015422e+16,FLOAT
"all_mutualistic_(0.5,0.5,0.5)",0.5,0.5,0.5,0.66666812471238,4.5,5.40653281040276e+16,1.20145173564506e+16,FLOAT
"all_mutualistic_(0.5,0.5,0.5)",0.5,0.5,0.5,0.666668211676578,4.5,4.54400137706067e+16,1.00977808379126e+16,FLOAT
"all_mutualistic_(0.5,0.5,0.5)",0.5,0.5,0.5,0.666668303827701,4.5,3.81907393049778e+16,8.48683095666173e+15,FLOAT
"all_mutualistic_(0.5,0.5,0.5)",0.5,0.5,0.5,0.666668401475117,4.5,3.20979781449527e+16,7.1328840322117e+15,FLOAT
"all_mutualistic_(0.5,0.5,0.5)",0.5,0.5,0.5,0.666668504946651,4.5,2.69772258867331e+16,5.99493908594068e+15,FLOAT
"all_mutualistic_(0.5,0.5,0.5)",0.5,0.5,0.5,0.666668614589678,4.5,2.26734130493691e+16,5.03853623319312e+15,FLOAT
"all_mutualistic_(0.5,0.5,0.5)",0.5,0.5,0.5,0.666668730772293,4.5,1.90562091703631e+16,4.23471314896958e+15,FLOAT
"all_mutualistic_(0.5,0.5,0.5)",0.5,0.5,0.5,0.666668853884545,4.5,1.60160760618299e+16,3.55912801373997e+15,FLOAT
"all_mutualistic_(0.5,0.5,0.5)",0.5,0.5,0.5,0.666668984339748,4.5,1.34609507086284e+16,2.99132237969519e+15,FLOAT
"all_mutualistic_(0.5,0.5,0.5)",0.5,0.5,0.5,0.666669122575868,4.5,1.13134573860097e+16,2.51410164133549e+15,FLOAT
"all_mutualistic_(0.5,0.5,0.5)",0.5,0.5,0.5,0.666669269056992,4.5,9.50856449688636e+15,2.11301433264141e+15,FLOAT
"all_mutualistic_(0.5,0.5,0.5)",0.5,0.5,0.5,0.666669424274889,4.5,7.99161527067978e+15,1.7759145045955e+15,FLOAT
"all_mutualistic_(0.5,0.5,0.5)",0.5,0.5,0.5,0.666669588750657,4.5,6.71667260066836e+15,1.49259391125963e+15,FLOAT
"all_mutualistic_(0.5,0.5,0.5)",0.5,0.5,0.5,0.666669763036477,4.5,5.64512796220965e+15,1.25447288049103e+15,FLOAT
"all_mutualistic_(0.5,0.5,0.5)",0.5,0.5,0.5,0.666669947717462,4.5,4.74453224201067e+15,1.05434049822459e+15,FLOAT
"all_mutualistic_(0.5,0.5,0.5)",0.5,0.5,0.5,0.666670143413626,4.5,3.98761309577036e+15,886136243504524,FLOAT
"all_mutualistic_(0.5,0.5,0.5)",0.5,0.5,0.5,0.666670350781961,4.5,3.35144907705009e+15,744766461566685,FLOAT
"all_mutualistic_(0.5,0.5,0.5)",0.5,0.5,0.5,0.666670570518648,4.5,2.81677551133245e+15,625950113629431,FLOAT
"all_mutualistic_(0.5,0.5,0.5)",0.5,0.5,0.5,0.666670803361388,4.5,2.36740111471576e+15,526089136603502,FLOAT
"all_mutualistic_(0.5,0.5,0.5)",0.5,0.5,0.5,0.666671050091883,4.5,1.98971768080044e+15,442159484622319,FLOAT
"all_mutualistic_(0.5,0.5,0.5)",0.5,0.5,0.5,0.66667131153846,4.5,1.67228798906114e+15,371619553124697,FLOAT
"all_mutualistic_(0.5,0.5,0.5)",0.5,0.5,0.5,0.666671588578849,4.5,1.40549945616316e+15,312333212480701,FLOAT
"all_mutualistic_(0.5,0.5,0.5)",0.5,0.5,0.5,0.666671882143135,4.5,1.18127304275545e+15,262505120612320,FLOAT
"all_mutualistic_(0.5,0.5,0.5)",0.5,0.5,0.5,0.666672193216873,4.5,992818599493741,220626355443052,FLOAT
"all_mutualistic_(0.5,0.5,0.5)",0.5,0.5,0.5,0.666672522844405,4.5,834429243565771,185428720792393,FLOAT
"all_mutualistic_(0.5,0.5,0.5)",0.5,0.5,0.5,0.666672872132358,4.5,701308539979005,155846342217556,FLOAT
"all_mutualistic_(0.5,0.5,0.5)",0.5,0.5,0.5,0.666673242253367,4.5,589425253326138,130983389628030,FLOAT
"all_mutualistic_(0.5,0.5,0.5)",0.5,0.5,0.5,0.666673634450005,4.5,495391271387303,110086949197177,FLOAT
"all_mutualistic_(0.5,0.5,0.5)",0.5,0.5,0.5,0.66667405003896,4.5,416359004579044,92524223239786.5,FLOAT
"all_mutualistic_(0.5,0.5,0.5)",0.5,0.5,0.5,0.66667449041545,4.5,349935153718604,77763367493022.2,FLOAT
"all_mutualistic_(0.5,0.5,0.5)",0.5,0.5,0.5,0.666674957057912,4.5,294108234644383,65357385476528.6,FLOAT
"all_mutualistic_(0.5,0.5,0.5)",0.5,0.5,0.5,0.666675451532965,4.5,247187665353882,54930592300861.7,FLOAT
"all_mutualistic_(0.5,0.5,0.5)",0.5,0.5,0.5,0.666675975500663,4.5,207752571034927,46167238007760.6,FLOAT
"all_mutualistic_(0.5,0.5,0.5)",0.5,0.5,0.5,0.666676530720078,4.5,174608756101141,38801945800252.5,FLOAT
"all_mutualistic_(0.5,0.5,0.5)",0.5,0.5,0.5,0.666677119055197,4.5,146752541042541,32611675787230.3,FLOAT
"all_mutualistic_(0.5,0.5,0.5)",0.5,0.5,0.5,0.666677742481186,4.5,123340368393195,27408970754042.4,FLOAT
"all_mutualistic_(0.5,0.5,0.5)",0.5,0.5,0.5,0.666678403091018,4.5,103663257665848,23036279481298.5,FLOAT
"all_mutualistic_(0.5,0.5,0.5)",0.5,0.5,0.5,0.666679103102497,4.5,87125335604104.4,19361185689800,FLOAT
"all_mutualistic_(0.5,0.5,0.5)",0.5,0.5,0.5,0.666679844865711,4.5,73225791619534.6,16272398137673.3,FLOAT
"all_mutualistic_(0.5,0.5,0.5)",0.5,0.5,0.5,0.666680630870915,4.5,61543711950346,13676380433409.2,FLOAT
"all_mutualistic_(0.5,0.5,0.5)",0.5,0.5,0.5,0.666681463756893,4.5,51725333341541,11494518520341.4,FLOAT
"all_mutualistic_(0.5,0.5,0.5)",0.5,0.5,0.5,0.666682346319819,4.5,43473330167241.4,9660740037163.74,FLOAT
"all_mutualistic_(0.5,0.5,0.5)",0.5,0.5,0.5,0.666683281522644,4.5,36537810657432.6,8119513479428.46,FLOAT
"all_mutualistic_(0.5,0.5,0.5)",0.5,0.5,0.5,0.666684272505039,4.5,30708749536916.5,6824166563758.22,FLOAT
"all_mutualistic_(0.5,0.5,0.5)",0.5,0.5,0.5,0.666685322593942,4.5,25809627920740.1,5735472871274.57,FLOAT
"all_mutualistic_(0.5,0.5,0.5)",0.5,0.5,0.5,0.666686435314721,4.5,21692087872813.5,4820463971735.33,FLOAT
"all_mutualistic_(0.5,0.5,0.5)",0.5,0.5,0.5,0.666687614403016,4.5,18231439744726.3,4051431054382.62,FLOAT
"all_mutualistic_(0.5,0.5,0.5)",0.5,0.5,0.5,0.666688863817274,4.5,15322886257834,3405085835073.21,FLOAT
"all_mutualistic_(0.5,0.5,0.5)",0.5,0.5,0.5,0.666690187752041,4.5,12878348970828.5,2861855326849.79,FLOAT
"all_mutualistic_(0.5,0.5,0.5)",0.5,0.5,0.5,0.666691590652045,4.5,10823801039967.7,2405289119991.81,FLOAT
"all_mutualistic_(0.5,0.5,0.5)",0.5,0.5,0.5,0.666693077227118,4.5,9097025497392.82,2021561221641.85,FLOAT
"all_mutualistic_(0.5,0.5,0.5)",0.5,0.5,0.5,0.666694652468004,4.5,7645731161850.63,1699051369299.14,FLOAT
"all_mutualistic_(0.5,0.5,0.5)",0.5,0.5,0.5,0.66669632166312,4.5,6425969127531.92,1427993139450.54,FLOAT
"all_mutualistic_(0.5,0.5,0.5)",0.5,0.5,0.5,0.666698090416304,4.5,5400801879403.2,1200178195421.93,FLOAT
"all_mutualistic_(0.5,0.5,0.5)",0.5,0.5,0.5,0.666699964665634,4.5,4539184730263.93,1008707717835.43,FLOAT
"all_mutualistic_(0.5,0.5,0.5)",0.5,0.5,0.5,0.66670195070336,4.5,3815025708256.33,847783490722.628,FLOAT
"all_mutualistic_(0.5,0.5,0.5)",0.5,0.5,0.5,0.666704055197027,4.5,3206395425495.13,712532316775.696,FLOAT
"all_mutualistic_(0.5,0.5,0.5)",0.5,0.5,0.5,0.666706285211866,4.5,2694862999911.99,598858444423.886,FLOAT
"all_mutualistic_(0.5,0.5,0.5)",0.5,0.5,0.5,0.666708648234505,4.5,2264937920779.76,503319537950.057,FLOAT
"all_mutualistic_(0.5,0.5,0.5)",0.5,0.5,0.5,0.666711152198109,4.5,1903600956732.25,423022434828.388,FLOAT
"all_mutualistic_(0.5,0.5,0.5)",0.5,0.5,0.5,0.666713805509012,4.5,1599909900085.15,355535533351.255,FLOAT
"all_mutualistic_(0.5,0.5,0.5)",0.5,0.5,0.5,0.666716617074936,4.5,1344668208617.74,298815157469.61,FLOAT
"all_mutualistic_(0.5,0.5,0.5)",0.5,0.5,0.5,0.6667195963349,4.5,1130146510837.06,251143669073.902,FLOAT
"all_mutualistic_(0.5,0.5,0.5)",0.5,0.5,0.5,0.666722753290909,4.5,949848540908.175,211077453534.15,FLOAT
"all_mutualistic_(0.5,0.5,0.5)",0.5,0.5,0.5,0.666726098541527,4.5,798314415010.924,177403203334.761,FLOAT
"all_mutualistic_(0.5,0.5,0.5)",0.5,0.5,0.5,0.666729643317467,4.5,670955292093.373,149101176019.749,FLOAT
"all_mutualistic_(0.5,0.5,0.5)",0.5,0.5,0.5,0.666733399519287,4.5,563914412068.753,125314313792.056,FLOAT
"all_mutualistic_(0.5,0.5,0.5)",0.5,0.5,0.5,0.666737379757347,4.5,473950303226.236,105322289604.83,FLOAT
"all_mutualistic_(0.5,0.5,0.5)",0.5,0.5,0.5,0.666741597394146,4.5,398338622176.684,88519693816.0409,FLOAT
"all_mutualistic_(0.5,0.5,0.5)",0.5,0.5,0.5,0.666746066589179,4.5,334789653761.182,74397700834.8182,FLOAT
"all_mutualistic_(0.5,0.5,0.5)",0.5,0.5,0.5,0.666750802346474,4.5,281378972626.161,62528660582.5913,FLOAT
"all_mutualistic_(0.5,0.5,0.5)",0.5,0.5,0.5,0.666755820564966,4.5,236489166696.069,52553148153.682,FLOAT
"all_mutualistic_(0.5,0.5,0.5)",0.5,0.5,0.5,0.666761138091871,4.5,198760857794.892,44169079508.9759,FLOAT
"all_mutualistic_(0.5,0.5,0.5)",0.5,0.5,0.5,0.666766772779247,4.5,167051536200.261,37122563599.058,FLOAT
"all_mutualistic_(0.5,0.5,0.5)",0.5,0.5,0.5,0.666772743543927,4.5,140400962526.141,31200213893.6979,FLOAT
"all_mutualistic_(0.5,0.5,0.5)",0.5,0.5,0.5,0.666779070431024,4.5,118002089215.272,26222686491.2827,FLOAT
"all_mutualistic_(0.5,0.5,0.5)",0.5,0.5,0.5,0.666785774681232,4.5,99176621075.7887,22039249126.953,FLOAT
"all_mutualistic_(0.5,0.5,0.5)",0.5,0.5,0.5,0.666792878802131,4.5,83354474767.6306,18523216614.029,FLOAT
"all_mutualistic_(0.5,0.5,0.5)",0.5,0.5,0.5,0.66680040664375,4.5,70056515219.234,15568114492.1631,FLOAT
"all_mutualistic_(0.5,0.5,0.5)",0.5,0.5,0.5,0.666808383478639,4.5,58880046192.5862,13084454708.4636,FLOAT
"all_mutualistic_(0.5,0.5,0.5)",0.5,0.5,0.5,0.666816836086713,4.5,49486615609.9618,10997025690.1026,FLOAT
"all_mutualistic_(0.5,0.5,0.5)",0.5,0.5,0.5,0.666825792845157,4.5,41591766360.398,9242614745.75512,FLOAT
"all_mutualistic_(0.5,0.5,0.5)",0.5,0.5,0.5,0.666835283823696,4.5,34956422209.4921,7768093823.33158,FLOAT
"all_mutualistic_(0.5,0.5,0.5)",0.5,0.5,0.5,0.666845340885544,4.5,29379647959.5699,6528810656.68221,FLOAT
"all_mutualistic_(0.5,0.5,0.5)",0.5,0.5,0.5,0.666855997794376,4.5,24692564618.1951,5487236580.82112,FLOAT
"all_mutualistic_(0.5,0.5,0.5)",0.5,0.5,0.5,0.666867290327678,4.5,20753235309.8042,4611830067.84539,FLOAT
"all_mutualistic_(0.5,0.5,0.5)",0.5,0.5,0.5,0.666879256396864,4.5,17442367064.0364,3876081568.78587,FLOAT
"all_mutualistic_(0.5,0.5,0.5)",0.5,0.5,0.5,0.666891936174548,4.5,14659698319.5748,3257710736.68328,FLOAT
"all_mutualistic_(0.5,0.5,0.5)",0.5,0.5,0.5,0.666905372229415,4.5,12320962747.3083,2737991720.62407,FLOAT
"all_mutualistic_(0.5,0.5,0.5)",0.5,0.5,0.5,0.666919609669129,4.5,10355337450.4193,2301186099.09318,FLOAT
"all_mutualistic_(0.5,0.5,0.5)",0.5,0.5,0.5,0.666934696291775,4.5,8703298265.84248,1934066280.29833,FLOAT
"all_mutualistic_(0.5,0.5,0.5)",0.5,0.5,0.5,0.666950682746323,4.5,7314817220.26782,1625514936.83729,FLOAT
"all_mutualistic_(0.5,0.5,0.5)",0.5,0.5,0.5,0.666967622702667,4.5,6147847555.22628,1366188344.60584,FLOAT
"all_mutualistic_(0.5,0.5,0.5)",0.5,0.5,0.5,0.666985573031808,4.5,5167050443.50672,1148233430.89038,FLOAT
"all_mutualistic_(0.5,0.5,0.5)",0.5,0.5,0.5,0.667004593996783,4.5,4342724839.21366,965049963.269702,FLOAT
"all_mutualistic_(0.5,0.5,0.5)",0.5,0.5,0.5,0.667024749454976,4.5,3649908053.98175,811090677.66261,FLOAT
"all_mutualistic_(0.5,0.5,0.5)",0.5,0.5,0.5,0.667046107072505,4.5,3067619822.9786,681693292.995244,FLOAT
"all_mutualistic_(0.5,0.5,0.5)",0.5,0.5,0.5,0.667068738551391,4.5,2578226968.77327,572939325.394059,FLOAT
"all_mutualistic_(0.5,0.5,0.5)",0.5,0.5,0.5,0.667092719870275,4.5,2166909423.6217,481535426.471488,FLOAT
"all_mutualistic_(0.5,0.5,0.5)",0.5,0.5,0.5,0.667118131539495,4.5,1821211439.89407,404713652.309794,FLOAT
"all_mutualistic_(0.5,0.5,0.5)",0.5,0.5,0.5,0.667145058871377,4.5,1530664398.16737,340147643.037193,FLOAT
"all_mutualistic_(0.5,0.5,0.5)",0.5,0.5,0.5,0.667173592266644,4.5,1286469790.65276,285882174.700614,FLOAT
"all_mutualistic_(0.5,0.5,0.5)",0.5,0.5,0.5,0.667203827517915,4.5,1081232779.85533,240273950.078962,FLOAT
"all_mutualistic_(0.5,0.5,0.5)",0.5,0.5,0.5,0.667235866131295,4.5,908738263.986438,201941835.441431,FLOAT
"all_mutualistic_(0.5,0.5,0.5)",0.5,0.5,0.5,0.667269815667157,4.5,763762667.776305,169725036.283623,FLOAT
"all_mutualistic_(0.5,0.5,0.5)",0.5,0.5,0.5,0.667305790101244,4.5,641915759.250131,142647945.500029,FLOAT
"all_mutualistic_(0.5,0.5,0.5)",0.5,0.5,0.5,0.667343910207308,4.5,539507702.269354,119890599.504301,FLOAT
"all_mutualistic_(0.5,0.5,0.5)",0.5,0.5,0.5,0.667384303962572,4.5,453437318.856276,100763847.634728,FLOAT
"all_mutualistic_(0.5,0.5,0.5)",0.5,0.5,0.5,0.667427106977381,4.5,381098177.588274,84688482.9085054,FLOAT
"all_mutualistic_(0.5,0.5,0.5)",0.5,0.5,0.5,0.66747246295047,4.5,320299664.187707,71177702.1528238,FLOAT
"all_mutualistic_(0.5,0.5,0.5)",0.5,0.5,0.5,0.667520524151393,4.5,269200644.114163,59822364.3587028,FLOAT
"all_mutualistic_(0.5,0.5,0.5)",0.5,0.5,0.5,0.667571451931725,4.5,226253708.302262,50278600.8449472,FLOAT
"all_mutualistic_(0.5,0.5,0.5)",0.5,0.5,0.5,0.667625417266748,4.5,190158313.655453,42257402.034545,FLOAT
"all_mutualistic_(0.5,0.5,0.5)",0.5,0.5,0.5,0.66768260132946,4.5,159821399.272828,35515865.5050728,FLOAT
"all_mutualistic_(0.5,0.5,0.5)",0.5,0.5,0.5,0.667743196098802,4.5,134324285.769671,29849840.2821492,FLOAT
"all_mutualistic_(0.5,0.5,0.5)",0.5,0.5,0.5,0.667807405004176,4.5,112894855.314252,25087744.6253894,FLOAT
"all_mutualistic_(0.5,0.5,0.5)",0.5,0.5,0.5,0.667875443608401,4.5,94884169.9248588,21085370.0944131,FLOAT
"all_mutualistic_(0.5,0.5,0.5)",0.5,0.5,0.5,0.667947540331402,4.5,79746819.9672021,17721514.5482671,FLOAT
"all_mutualistic_(0.5,0.5,0.5)",0.5,0.5,0.5,0.668023937217061,4.5,67024407.7554315,14894311.8345403,FLOAT
"all_mutualistic_(0.5,0.5,0.5)",0.5,0.5,0.5,0.668104890745814,4.5,56331666.0973202,12518147.0216267,FLOAT
"all_mutualistic_(0.5,0.5,0.5)",0.5,0.5,0.5,0.668190672695706,4.5,47344791.4178764,10521063.7595281,FLOAT
"all_mutualistic_(0.5,0.5,0.5)",0.5,0.5,0.5,0.66828157105481,4.5,39791638.158753,8842585.25750067,FLOAT
"all_mutualistic_(0.5,0.5,0.5)",0.5,0.5,0.5,0.668377890988062,4.5,33443477.5143866,7431882.8920859,FLOAT
"all_mutualistic_(0.5,0.5,0.5)",0.5,0.5,0.5,0.668479955861763,4.5,28108070.9386107,6246236.98635793,FLOAT
"all_mutualistic_(0.5,0.5,0.5)",0.5,0.5,0.5,0.668588108329191,4.5,23623848.6695723,5249743.14879384,FLOAT
"all_mutualistic_(0.5,0.5,0.5)",0.5,0.5,0.5,0.668702711480957,4.5,19855016.9840226,4412224.99644946,FLOAT
"all_mutualistic_(0.5,0.5,0.5)",0.5,0.5,0.5,0.668824150063978,4.5,16687446.0159016,3708320.33686703,FLOAT
"all_mutualistic_(0.5,0.5,0.5)",0.5,0.5,0.5,0.668952831773153,4.5,14025213.6120059,3116713.13600131,FLOAT
"all_mutualistic_(0.5,0.5,0.5)",0.5,0.5,0.5,0.669089188620082,4.5,11787700.563786,2619488.01417468,FLOAT
"all_mutualistic_(0.5,0.5,0.5)",0.5,0.5,0.5,0.669233678383419,4.5,9907149.25142492,2201587.72253887,FLOAT
"all_mutualistic_(0.5,0.5,0.5)",0.5,0.5,0.5,0.669386786145729,4.5,8326611.76976753,1850357.17105945,FLOAT
"all_mutualistic_(0.5,0.5,0.5)",0.5,0.5,0.5,0.669549025922018,4.5,6998225.40003101,1555160.20000689,FLOAT
"all_mutualistic_(0.5,0.5,0.5)",0.5,0.5,0.5,0.669720942385384,4.5,5881763.20424494,1307057.48983221,FLOAT
"all_mutualistic_(0.5,0.5,0.5)",0.5,0.5,0.5,0.669903112695601,4.5,4943415.85063175,1098535.85569594,FLOAT
"all_mutualistic_(0.5,0.5,0.5)",0.5,0.5,0.5,0.670096148436769,4.5,4154767.78054709,923280.729010465,FLOAT
"all_mutualistic_(0.5,0.5,0.5)",0.5,0.5,0.5,0.670300697670525,4.5,3491936.7126569,775984.936145977,FLOAT
"all_mutualistic_(0.5,0.5,0.5)",0.5,0.5,0.5,0.670517447111728,4.5,2934850.42636098,652187.983635772,FLOAT
"all_mutualistic_(0.5,0.5,0.5)",0.5,0.5,0.5,0.670747124433902,4.5,2466638.92359464,548140.983021031,FLOAT
"all_mutualistic_(0.5,0.5,0.5)",0.5,0.5,0.5,0.67099050071219,4.5,2073123.56212515,460693.1249167,FLOAT
"all_mutualistic_(0.5,0.5,0.5)",0.5,0.5,0.5,0.671248393012015,4.5,1742387.68999064,387196.264442365,FLOAT
"all_mutualistic_(0.5,0.5,0.5)",0.5,0.5,0.5,0.671521667132144,4.5,1464415.77878762,325424.728619471,FLOAT
"all_mutualistic_(0.5,0.5,0.5)",0.5,0.5,0.5,0.671811240511352,4.5,1230790.12784725,273507.917299389,FLOAT
"all_mutualistic_(0.5,0.5,0.5)",0.5,0.5,0.5,0.67211808530846,4.5,1034435.95472219,229873.656604932,FLOAT
"all_mutualistic_(0.5,0.5,0.5)",0.5,0.5,0.5,0.672443231666078,4.5,869407.152672445,193200.589482765,FLOAT
"all_mutualistic_(0.5,0.5,0.5)",0.5,0.5,0.5,0.672787771169006,4.5,730706.227340887,162378.161631308,FLOAT
"all_mutualistic_(0.5,0.5,0.5)",0.5,0.5,0.5,0.673152860508921,4.5,614132.959837236,136472.991074941,FLOAT
"all_mutualistic_(0.5,0.5,0.5)",0.5,0.5,0.5,0.673539725367628,4.5,516157.213364338,114700.602969853,FLOAT
"all_mutualistic_(0.5,0.5,0.5)",0.5,0.5,0.5,0.673949664531935,4.5,433812.031643598,96401.6736985773,FLOAT
"all_mutualistic_(0.5,0.5,0.5)",0.5,0.5,0.5,0.674384054253956,4.5,364603.791888048,81022.0648640107,FLOAT
"all_mutualistic_(0.5,0.5,0.5)",0.5,0.5,0.5,0.674844352871474,4.5,306436.691524315,68096.0425609589,FLOAT
"all_mutualistic_(0.5,0.5,0.5)",0.5,0.5,0.5,0.675332105703892,4.5,257549.28192855,57232.1737619,FLOAT
"all_mutualistic_(0.5,0.5,0.5)",0.5,0.5,0.5,0.675848950240194,4.5,216461.127255394,48101.472723421,FLOAT
"all_mutualistic_(0.5,0.5,0.5)",0.5,0.5,0.5,0.676396621636343,4.5,181927.973052862,40427.4384561916,FLOAT
"all_mutualistic_(0.5,0.5,0.5)",0.5,0.5,0.5,0.676976958540561,4.5,152904.067054062,33977.6815675694,FLOAT
"all_mutualistic_(0.5,0.5,0.5)",0.5,0.5,0.5,0.677591909266059,4.5,128510.491122959,28556.8869162132,FLOAT
"all_mutualistic_(0.5,0.5,0.5)",0.5,0.5,0.5,0.67824353833194,4.5,108008.5453645,24000.8989698889,FLOAT
"all_mutualistic_(0.5,0.5,0.5)",0.5,0.5,0.5,0.678934033394218,4.5,90777.3784017908,20171.7507559535,FLOAT
"all_mutualistic_(0.5,0.5,0.5)",0.5,0.5,0.5,0.679665712590243,4.5,76295.1864079237,16953.4858684275,FLOAT
"all_mutualistic_(0.5,0.5,0.5)",0.5,0.5,0.5,0.680441032321174,4.5,64123.4115510402,14248.6470113423,FLOAT
"all_mutualistic_(0.5,0.5,0.5)",0.5,0.5,0.5,0.681262595498641,4.5,53893.4613411193,11975.3247424709,FLOAT
"all_mutualistic_(0.5,0.5,0.5)",0.5,0.5,0.5,0.68213316028326,4.5,45295.5467062869,10064.6770458415,FLOAT
"all_mutualistic_(0.5,0.5,0.5)",0.5,0.5,0.5,0.683055649344363,4.5,38069.3007871234,8458.84461936075,FLOAT
"all_mutualistic_(0.5,0.5,0.5)",0.5,0.5,0.5,0.684033159672015,4.5,31995.894361973,7109.19874710511,FLOAT
"all_mutualistic_(0.5,0.5,0.5)",0.5,0.5,0.5,0.68506897297426,4.5,26891.4091382116,5974.86869738036,FLOAT
"all_mutualistic_(0.5,0.5,0.5)",0.5,0.5,0.5,0.686166566694507,4.5,22601.2682357685,5021.50405239301,FLOAT
"all_mutualistic_(0.5,0.5,0.5)",0.5,0.5,0.5,0.687329625686041,4.5,18995.5552036823,4220.23448970719,FLOAT
"all_mutualistic_(0.5,0.5,0.5)",0.5,0.5,0.5,0.68856205458285,4.5,15965.079817547,3546.79551501044,FLOAT
"all_mutualistic_(0.5,0.5,0.5)",0.5,0.5,0.5,0.689867990908302,4.5,13418.0715201201,2980.79367113779,FLOAT
"all_mutualistic_(0.5,0.5,0.5)",0.5,0.5,0.5,0.691251818965688,4.5,11277.4003740273,2505.08897200606,FLOAT
"all_mutualistic_(0.5,0.5,0.5)",0.5,0.5,0.5,0.692718184557244,4.5,9478.24136988489,2105.27585997442,FLOAT
"all_mutualistic_(0.5,0.5,0.5)",0.5,0.5,0.5,0.694272010581095,4.5,7966.1113591272,1769.24696869493,FLOAT
"all_mutualistic_(0.5,0.5,0.5)",0.5,0.5,0.5,0.695918513558455,4.5,6695.21916483494,1486.82648107443,FLOAT
"all_mutualistic_(0.5,0.5,0.5)",0.5,0.5,0.5,0.697663221146592,4.5,5627.07890770371,1249.46197948971,FLOAT
"all_mutualistic_(0.5,0.5,0.5)",0.5,0.5,0.5,0.699511990696333,4.5,4729.34455510968,1049.96545669104,FLOAT
"all_mutualistic_(0.5,0.5,0.5)",0.5,0.5,0.5,0.701471028916427,4.5,3974.83040044227,882.295644542726,FLOAT
"all_mutualistic_(0.5,0.5,0.5)",0.5,0.5,0.5,0.703546912710775,4.5,3340.68781030649,741.375068956997,FLOAT
"all_mutualistic_(0.5,0.5,0.5)",0.5,0.5,0.5,0.705746611258478,4.5,2807.71330939674,622.936290977053,FLOAT
"all_mutualistic_(0.5,0.5,0.5)",0.5,0.5,0.5,0.708077509410841,4.5,2359.76705008121,523.392677795825,FLOAT
"all_mutualistic_(0.5,0.5,0.5)",0.5,0.5,0.5,0.710547432483875,4.5,1983.28405646674,439.729790325943,FLOAT
"all_mutualistic_(0.5,0.5,0.5)",0.5,0.5,0.5,0.713164672529529,4.5,1666.86344216483,369.414098258852,FLOAT
"all_mutualistic_(0.5,0.5,0.5)",0.5,0.5,0.5,0.715938016173855,4.5,1400.9231622211,310.316258271355,FLOAT
"all_mutualistic_(0.5,0.5,0.5)",0.5,0.5,0.5,0.718876774115565,4.5,1177.40984421312,260.64663204736,FLOAT
"all_mutualistic_(0.5,0.5,0.5)",0.5,0.5,0.5,0.721990812384003,4.5,989.554911459617,218.90109143547,FLOAT
"all_mutualistic_(0.5,0.5,0.5)",0.5,0.5,0.5,0.725290585461487,4.5,831.669613127401,183.815469583867,FLOAT
"all_mutualistic_(0.5,0.5,0.5)",0.5,0.5,0.5,0.728787171381207,4.5,698.972754223213,154.327278716269,FLOAT
"all_mutualistic_(0.5,0.5,0.5)",0.5,0.5,0.5,0.732492308918514,4.5,587.445908693286,129.543535265175,FLOAT
"all_mutualistic_(0.5,0.5,0.5)",0.5,0.5,0.5,0.736418437000464,4.5,493.711731112544,108.71371802501,FLOAT
"all_mutualistic_(0.5,0.5,0.5)",0.5,0.5,0.5,0.740578736465914,4.5,414.931681929526,91.2070404287835,FLOAT
"all_mutualistic_(0.5,0.5,0.5)",0.5,0.5,0.5,0.744987174316374,4.5,348.720069125257,76.4933486945015,FLOAT
"all_mutualistic_(0.5,0.5,0.5)",0.5,0.5,0.5,0.749658550606174,4.5,293.071803247007,64.1270673882238,FLOAT
"all_mutualistic_(0.5,0.5,0.5)",0.5,0.5,0.5,0.754608548129361,4.5,246.301678053709,53.7337062341575,FLOAT
"all_mutualistic_(0.5,0.5,0.5)",0.5,0.5,0.5,0.759853785070145,4.5,206.993338034802,44.9985195632893,FLOAT
"all_mutualistic_(0.5,0.5,0.5)",0.5,0.5,0.5,0.765411870793641,4.5,173.956387407375,37.6569749794167,FLOAT
"all_mutualistic_(0.5,0.5,0.5)",0.5,0.5,0.5,0.771301464964215,4.5,146.190341741018,31.486742609115,FLOAT
"all_mutualistic_(0.5,0.5,0.5)",0.5,0.5,0.5,0.777542340189913,4.5,122.854330571822,26.3009623492938,FLOAT
"all_mutualistic_(0.5,0.5,0.5)",0.5,0.5,0.5,0.784155448403264,4.5,103.241633521253,21.9425852269451,FLOAT
"all_mutualistic_(0.5,0.5,0.5)",0.5,0.5,0.5,0.791162991201332,4.5,86.7582788060433,18.2796175124541,FLOAT
"all_mutualistic_(0.5,0.5,0.5)",0.5,0.5,0.5,0.798588494381158,4.5,72.9050560442813,15.2011235653958,FLOAT
"all_mutualistic_(0.5,0.5,0.5)",0.5,0.5,0.5,0.806456886920807,4.5,61.262398655707,12.6138663679349,FLOAT
"all_mutualistic_(0.5,0.5,0.5)",0.5,0.5,0.5,0.814794584671205,4.5,51.4776780519502,10.4394840115445,FLOAT
"all_mutualistic_(0.5,0.5,0.5)",0.5,0.5,0.5,0.823629579039712,4.5,43.2545248464195,8.61211663253768,FLOAT
"all_mutualistic_(0.5,0.5,0.5)",0.5,0.5,0.5,0.83299153096317,4.5,36.3438536954233,7.07641193231629,FLOAT
"all_mutualistic_(0.5,0.5,0.5)",0.5,0.5,0.5,0.842911870485915,4.5,30.536319970645,5.78584888236555,FLOAT
"all_mutualistic_(0.5,0.5,0.5)",0.5,0.5,0.5,0.853423902277057,4.5,25.6559798205365,4.70132884900811,FLOAT
"all_mutualistic_(0.5,0.5,0.5)",0.5,0.5,0.5,0.864562917441269,4.5,21.5549616175715,3.78999147057145,FLOAT
"all_mutualistic_(0.5,0.5,0.5)",0.5,0.5,0.5,0.876366311998457,4.5,18.1089874132313,3.0242194251625,FLOAT
"all_mutualistic_(0.5,0.5,0.5)",0.5,0.5,0.5,0.888873712430073,4.5,15.2136087608138,2.38080194684752,FLOAT
"all_mutualistic_(0.5,0.5,0.5)",0.5,0.5,0.5,0.9,4.5,13.134661053094,1.91881356735423,FLOAT
"all_mutualistic_(0.5,0.5,0.5)",0.5,0.5,0.5,0.902127108713561,4.5,12.7810428976376,1.84023175503057,FLOAT
"all_mutualistic_(0.5,0.5,0.5)",0.5,0.5,0.5,0.912667383761716,4.5,11.2039844013146,1.48977431140325,FLOAT
"all_mutualistic_(0.5,0.5,0.5)",0.5,0.5,0.5,0.916170995291558,4.5,10.7375134589485,1.38611410198855,FLOAT
"all_mutualistic_(0.5,0.5,0.5)",0.5,0.5,0.5,0.923730141409766,4.5,9.81584538346093,1.18129897410243,FLOAT
"all_mutualistic_(0.5,0.5,0.5)",0.5,0.5,0.5,0.931052520449102,4.5,9.02101517780402,1.004670039512,FLOAT
"all_mutualistic_(0.5,0.5,0.5)",0.5,0.5,0.5,0.933391537091908,4.5,8.78529068575719,0.952286819057152,FLOAT
"all_mutualistic_(0.5,0.5,0.5)",0.5,0.5,0.5,0.941829086706256,4.5,8.00024070086268,0.777831266858373,FLOAT
"all_mutualistic_(0.5,0.5,0.5)",0.5,0.5,0.5,0.946821644600358,4.5,7.57943487317437,0.684318860705414,FLOAT
"all_mutualistic_(0.5,0.5,0.5)",0.5,0.5,0.5,0.94919781953087,4.5,7.38952215074968,0.642116033499928,FLOAT
"all_mutualistic_(0.5,0.5,0.5)",0.5,0.5,0.5,0.955633126690214,4.5,6.9061337068907,0.534696379309045,FLOAT
"all_mutualistic_(0.5,0.5,0.5)",0.5,0.5,0.5,0.961253248795439,4.5,6.51798791413128,0.44844175869584,FLOAT
"all_mutualistic_(0.5,0.5,0.5)",0.5,0.5,0.5,0.963531308016255,4.5,6.36897183409148,0.41532707424255,FLOAT
"all_mutualistic_(0.5,0.5,0.5)",0.5,0.5,0.5,0.966161448465718,4.5,6.20254451121713,0.378343224714918,FLOAT
"all_mutualistic_(0.5,0.5,0.5)",0.5,0.5,0.5,0.970447907647971,4.5,5.94357266258315,0.320793925018477,FLOAT
"all_mutualistic_(0.5,0.5,0.5)",0.5,0.5,0.5,0.974191384595819,4.5,5.7291287955119,0.273139732335979,FLOAT
"all_mutualistic_(0.5,0.5,0.5)",0.5,0.5,0.5,0.977460660952652,4.5,5.55025482658989,0.233389961464419,FLOAT
"all_mutualistic_(0.5,0.5,0.5)",0.5,0.5,0.5,0.980315805527134,4.5,5.4001174426345,0.200026098363221,FLOAT
"all_mutualistic_(0.5,0.5,0.5)",0.5,0.5,0.5,0.981237608556118,4.5,5.35280980096392,0.189513289103093,FLOAT
"all_mutualistic_(0.5,0.5,0.5)",0.5,0.5,0.5,0.982809277981414,4.5,5.273425305435,0.171872290096667,FLOAT
"all_mutualistic_(0.5,0.5,0.5)",0.5,0.5,0.5,0.984986892710918,4.5,5.16602593550056,0.148005763444568,FLOAT
"all_mutualistic_(0.5,0.5,0.5)",0.5,0.5,0.5,0.986888660625784,4.5,5.07462146029497,0.127693657843325,FLOAT
"all_mutualistic_(0.5,0.5,0.5)",0.5,0.5,0.5,0.988549524300617,4.5,4.9965646428857,0.110347698419045,FLOAT
"all_mutualistic_(0.5,0.5,0.5)",0.5,0.5,0.5,0.99,4.5,4.92971016060242,0.095491146800537,FLOAT
"all_mutualistic_(0.5,0.5,0.5)",0.5,0.5,0.5,0.991266738376172,4.5,4.87230456506735,0.0827343477927452,FLOAT
"all_mutualistic_(0.5,0.5,0.5)",0.5,0.5,0.5,0.992373014140977,4.5,4.82290375278973,0.0717563895088279,FLOAT
"all_mutualistic_(0.5,0.5,0.5)",0.5,0.5,0.5,0.993339153709191,4.5,4.78031028715622,0.0622911749236038,FLOAT
"all_mutualistic_(0.5,0.5,0.5)",0.5,0.5,0.5,0.994182908670626,4.5,4.74352523866194,0.0541167197026523,FLOAT
"all_mutualistic_(0.5,0.5,0.5)",0.5,0.5,0.5,0.994919781953087,4.5,4.71171077657518,0.0470468392389291,FLOAT
"all_mutualistic_(0.5,0.5,0.5)",0.5,0.5,0.5,0.995563312669021,4.5,4.68416081619141,0.0409246258203139,FLOAT
"all_mutualistic_(0.5,0.5,0.5)",0.5,0.5,0.5,0.996125324879544,4.5,4.66027776845333,0.0356172818785168,FLOAT
"all_mutualistic_(0.5,0.5,0.5)",0.5,0.5,0.5,0.996616144846572,4.5,4.6395539604131,0.0310119912029106,FLOAT
"all_mutualistic_(0.5,0.5,0.5)",0.5,0.5,0.5,0.997044790764797,4.5,4.62155666598187,0.0270125924404159,FLOAT
"all_mutualistic_(0.5,0.5,0.5)",0.5,0.5,0.5,0.997419138459582,4.5,4.60591595319798,0.0235368784884401,FLOAT
"all_mutualistic_(0.5,0.5,0.5)",0.5,0.5,0.5,0.997746066095265,4.5,4.59231474815182,0.0205143884781831,FLOAT
"all_mutualistic_(0.5,0.5,0.5)",0.5,0.5,0.5,0.998031580552713,4.5,4.58048065805169,0.017884590678153,FLOAT
"all_mutualistic_(0.5,0.5,0.5)",0.5,0.5,0.5,0.998280927798141,4.5,4.57017920139982,0.0155953780888493,FLOAT
"all_mutualistic_(0.5,0.5,0.5)",0.5,0.5,0.5,0.998498689271092,4.5,4.56120817211919,0.0136018160264858,FLOAT
"all_mutualistic_(0.5,0.5,0.5)",0.5,0.5,0.5,0.998688866062578,4.5,4.55339292394889,0.0118650942108645,FLOAT
"all_mutualistic_(0.5,0.5,0.5)",0.5,0.5,0.5,0.998854952430062,4.5,4.54658240664692,0.0103516459215381,FLOAT
"all_mutualistic_(0.5,0.5,0.5)",0.5,0.5,0.5,0.999,4.5,4.54064582019291,0.00903240448731286,FLOAT
"all_mutualistic_(0.5,0.5,0.5)",0.5,0.5,0.5,0.999126673837617,4.5,4.53546977994249,0.00788217332055257,FLOAT
"all_mutualistic_(0.5,0.5,0.5)",0.5,0.5,0.5,0.999237301414098,4.5,4.53095590650124,0.00687909033360926,FLOAT
"all_mutualistic_(0.5,0.5,0.5)",0.5,0.5,0.5,0.999333915370919,4.5,4.52701877039648,0.00600417119921855,FLOAT
"all_mutualistic_(0.5,0.5,0.5)",0.5,0.5,0.5,0.999418290867063,4.5,4.52358413449409,0.00524091877646388,FLOAT
"all_mutualistic_(0.5,0.5,0.5)",0.5,0.5,0.5,0.999491978195309,4.5,4.52058744733133,0.00457498829585094,FLOAT
"all_mutualistic_(0.5,0.5,0.5)",0.5,0.5,0.5,0.999556331266902,4.5,4.5179725487122,0.00399389971382133,FLOAT
"all_mutualistic_(0.5,0.5,0.5)",0.5,0.5,0.5,0.999612532487954,4.5,4.51569055549173,0.00348679010927297,FLOAT
"all_mutualistic_(0.5,0.5,0.5)",0.5,0.5,0.5,0.999661614484657,4.5,4.51369890080484,0.00304420017885319,FLOAT
"all_mutualistic_(0.5,0.5,0.5)",0.5,0.5,0.5,0.99970447907648,4.5,4.51196050433645,0.00265788985254408,FLOAT
"all_mutualistic_(0.5,0.5,0.5)",0.5,0.5,0.5,0.999741913845958,4.5,4.51044305478709,0.00232067884157515,FLOAT
"all_mutualistic_(0.5,0.5,0.5)",0.5,0.5,0.5,0.999774606609527,4.5,4.50911838861866,0.00202630858192442,FLOAT
"all_mutualistic_(0.5,0.5,0.5)",0.5,0.5,0.5,0.999803158055271,4.5,4.50796195159229,0.00176932257606429,FLOAT
"all_mutualistic_(0.5,0.5,0.5)",0.5,0.5,0.5,0.999828092779814,4.5,4.50695233162975,0.0015449625843876,FLOAT
"all_mutualistic_(0.5,0.5,0.5)",0.5,0.5,0.5,0.999849868927109,4.5,4.50607085321854,0.00134907849300762,FLOAT
"all_mutualistic_(0.5,0.5,0.5)",0.5,0.5,0.5,0.999868886606258,4.5,4.50530122499847,0.00117804999965938,FLOAT
"all_mutualistic_(0.5,0.5,0.5)",0.5,0.5,0.5,0.999885495243006,4.5,4.50462923336241,0.00102871852497996,FLOAT
"all_mutualistic_(0.5,0.5,0.5)",0.5,0.5,0.5,0.9999,4.5,4.50404247591496,0.000898327981103008,FLOAT
"all_mutualistic_(0.5,0.5,0.5)",0.5,0.5,0.5,0.999912667383762,4.5,4.50353012949089,0.000784473220196899,FLOAT
"all_mutualistic_(0.5,0.5,0.5)",0.5,0.5,0.5,0.99992373014141,4.5,4.50308274816586,0.000685055147968485,FLOAT
"all_mutualistic_(0.5,0.5,0.5)",0.5,0.5,0.5,0.999933391537092,4.5,4.50269208731585,0.000598241625743907,FLOAT
"all_mutualistic_(0.5,0.5,0.5)",0.5,0.5,0.5,0.999941829086706,4.5,4.50235095031554,0.000522433403453112,FLOAT
"all_mutualistic_(0.5,0.5,0.5)",0.5,0.5,0.5,0.999949197819531,4.5,4.50205305492421,0.000456234427602651,FLOAT
"all_mutualistic_(0.5,0.5,0.5)",0.5,0.5,0.5,0.99995563312669,4.5,4.50179291680151,0.000398425955890779,FLOAT
"all_mutualistic_(0.5,0.5,0.5)",0.5,0.5,0.5,0.999961253248795,4.5,4.50156574793442,0.000347943985425974,FLOAT
"all_mutualistic_(0.5,0.5,0.5)",0.5,0.5,0.5,0.999966161448466,4.5,4.50136736804973,0.000303859566605366,FLOAT
"all_mutualistic_(0.5,0.5,0.5)",0.5,0.5,0.5,0.999970447907648,4.5,4.50119412733865,0.000265361630811256,FLOAT
"all_mutualistic_(0.5,0.5,0.5)",0.5,0.5,0.5,0.999974191384596,4.5,4.50104283903936,0.000231742008747204,FLOAT
"all_mutualistic_(0.5,0.5,0.5)",0.5,0.5,0.5,0.999977460660953,4.5,4.50091072061208,0.000202382358239501,FLOAT
"all_mutualistic_(0.5,0.5,0.5)",0.5,0.5,0.5,0.999980315805527,4.5,4.50079534240582,0.000176742756848943,FLOAT
"all_mutualistic_(0.5,0.5,0.5)",0.5,0.5,0.5,0.999982809277981,4.5,4.50069458285847,0.000154351746326892,FLOAT
"all_mutualistic_(0.5,0.5,0.5)",0.5,0.5,0.5,0.999984986892711,4.5,4.50060658939501,0.00013479764333625,FLOAT
"all_mutualistic_(0.5,0.5,0.5)",0.5,0.5,0.5,0.999986888660626,4.5,4.50052974429676,0.000117720954835063,FLOAT
"all_mutualistic_(0.5,0.5,0.5)",0.5,0.5,0.5,0.999988549524301,4.5,4.50046263490766,0.000102807757257671,FLOAT
"all_mutualistic_(0.5,0.5,0.5)",0.5,0.5,0.5,0.99999,4.5,4.50040402762499,8.97839166648219e-05,FLOAT
"all_mutualistic_(0.5,0.5,0.5)",0.5,0.5,0.5,0.999991266738376,4.5,4.50035284519265,7.8410042811604e-05,FLOAT
"all_mutualistic_(0.5,0.5,0.5)",0.5,0.5,0.5,0.999992373014141,4.5,4.50030814687678,6.84770837286032e-05,FLOAT
"all_mutualistic_(0.5,0.5,0.5)",0.5,0.5,0.5,0.999993339153709,4.5,4.50026911115727,5.98024793928194e-05,FLOAT
"all_mutualistic_(0.5,0.5,0.5)",0.5,0.5,0.5,0.999994182908671,4.5,4.50023502061522,5.22268033811773e-05,FLOAT
"all_mutualistic_(0.5,0.5,0.5)",0.5,0.5,0.5,0.999994919781953,4.5,4.50020524873749,4.5610830553026e-05,FLOAT
"all_mutualistic_(0.5,0.5,0.5)",0.5,0.5,0.5,0.999995563312669,4.5,4.50017924839478,3.98329766178781e-05,FLOAT
"all_mutualistic_(0.5,0.5,0.5)",0.5,0.5,0.5,0.99999612532488,4.5,4.50015654178077,3.47870623935462e-05,FLOAT
"all_mutualistic_(0.5,0.5,0.5)",0.5,0.5,0.5,0.999996616144847,4.5,4.50013671162694,3.03803615414229e-05,FLOAT
"all_mutualistic_(0.5,0.5,0.5)",0.5,0.5,0.5,0.999997044790765,4.5,4.50011939353107,2.65318957922823e-05,FLOAT
"all_mutualistic_(0.5,0.5,0.5)",0.5,0.5,0.5,0.99999741913846,4.5,4.50010426925829,2.317094628701e-05,FLOAT
"all_mutualistic_(0.5,0.5,0.5)",0.5,0.5,0.5,0.999997746066095,4.5,4.50009106089119,2.0235753598404e-05,FLOAT
"all_mutualistic_(0.5,0.5,0.5)",0.5,0.5,0.5,0.999998031580553,4.5,4.50007952572136,1.76723825252702e-05,FLOAT
"all_mutualistic_(0.5,0.5,0.5)",0.5,0.5,0.5,0.999998280927798,4.5,4.50006945178834,1.54337307424078e-05,FLOAT
"all_mutualistic_(0.5,0.5,0.5)",0.5,0.5,0.5,0.999998498689271,4.5,4.50006065398392,1.34786630936961e-05,FLOAT
"all_mutualistic_(0.5,0.5,0.5)",0.5,0.5,0.5,0.999998688866063,4.5,4.5000529706501,1.17712555777811e-05,FLOAT
"all_mutualistic_(0.5,0.5,0.5)",0.5,0.5,0.5,0.99999885495243,4.5,4.50004626060812,1.02801351368321e-05,FLOAT
"all_mutualistic_(0.5,0.5,0.5)",0.5,0.5,0.5,0.999999,4.5,4.50004040056393,8.97790309473123e-06,FLOAT
"all_mutualistic_(0.5,0.5,0.5)",0.5,0.5,0.5,0.999999126673838,4.5,4.50003528284243,7.84063165070058e-06,FLOAT
"all_mutualistic_(0.5,0.5,0.5)",0.5,0.5,0.5,0.999999237301414,4.5,4.50003081340877,6.84742416999661e-06,FLOAT
"all_mutualistic_(0.5,0.5,0.5)",0.5,0.5,0.5,0.999999333915371,4.5,4.50002691014031,5.98003117918072e-06,FLOAT
"all_mutualistic_(0.5,0.5,0.5)",0.5,0.5,0.5,0.999999418290867,4.5,4.50002350131758,5.22251501659336e-06,FLOAT
"all_mutualistic_(0.5,0.5,0.5)",0.5,0.5,0.5,0.999999491978195,4.5,4.50002052430635,4.56095696558615e-06,FLOAT
"all_mutualistic_(0.5,0.5,0.5)",0.5,0.5,0.5,0.999999556331267,4.5,4.50001792440672,3.98320149328255e-06,FLOAT
"all_mutualistic_(0.5,0.5,0.5)",0.5,0.5,0.5,0.999999612532488,4.5,4.50001565384802,3.47863289304781e-06,FLOAT
"all_mutualistic_(0.5,0.5,0.5)",0.5,0.5,0.5,0.999999661614485,4.5,4.50001367091096,3.03798021327061e-06,FLOAT
"all_mutualistic_(0.5,0.5,0.5)",0.5,0.5,0.5,0.999999704479076,4.5,4.50001193916111,2.65314691283436e-06,FLOAT
"all_mutualistic_(0.5,0.5,0.5)",0.5,0.5,0.5,0.999999741913846,4.5,4.50001042677939,2.31706208688978e-06,FLOAT
"all_mutualistic_(0.5,0.5,0.5)",0.5,0.5,0.5,0.999999774606609,4.5,4.50000910597743,2.02355054016815e-06,FLOAT
"all_mutualistic_(0.5,0.5,0.5)",0.5,0.5,0.5,0.999999803158055,4.5,4.50000795248696,1.76721932337248e-06,FLOAT
"all_mutualistic_(0.5,0.5,0.5)",0.5,0.5,0.5,0.99999982809278,4.5,4.50000694511387,1.54335863694004e-06,FLOAT
"all_mutualistic_(0.5,0.5,0.5)",0.5,0.5,0.5,0.999999849868927,4.5,4.50000606534884,1.34785529858227e-06,FLOAT
"all_mutualistic_(0.5,0.5,0.5)",0.5,0.5,0.5,0.999999868886606,4.5,4.50000529702721,1.1771171581169e-06,FLOAT
"all_mutualistic_(0.5,0.5,0.5)",0.5,0.5,0.5,0.999999885495243,4.5,4.50000462603199,1.02800710857467e-06,FLOAT
"all_mutualistic_(0.5,0.5,0.5)",0.5,0.5,0.5,0.9999999,4.5,4.50000404003441,8.97785423879958e-07,FLOAT
"all_mutualistic_(0.5,0.5,0.5)",0.5,0.5,0.5,0.999999912667384,4.5,4.50000352826748,7.84059439398435e-07,FLOAT
"all_mutualistic_(0.5,0.5,0.5)",0.5,0.5,0.5,0.999999923730141,4.5,4.50000308132809,6.84739575065565e-07,FLOAT
"all_mutualistic_(0.5,0.5,0.5)",0.5,0.5,0.5,0.999999933391537,4.5,4.50000269100428,5.98000950881151e-07,FLOAT
"all_mutualistic_(0.5,0.5,0.5)",0.5,0.5,0.5,0.999999941829087,4.5,4.50000235012432,5.22249849094831e-07,FLOAT
"all_mutualistic_(0.5,0.5,0.5)",0.5,0.5,0.5,0.99999994919782,4.5,4.50000205242496,4.56094435700531e-07,FLOAT
"all_mutualistic_(0.5,0.5,0.5)",0.5,0.5,0.5,0.999999955633127,4.5,4.50000179243635,3.98319187608662e-07,FLOAT
"all_mutualistic_(0.5,0.5,0.5)",0.5,0.5,0.5,0.999999961253249,4.5,4.5000015653815,3.47862555748356e-07,FLOAT
"all_mutualistic_(0.5,0.5,0.5)",0.5,0.5,0.5,0.999999966161448,4.5,4.50000136708858,3.03797462445724e-07,FLOAT
"all_mutualistic_(0.5,0.5,0.5)",0.5,0.5,0.5,0.999999970447908,4.5,4.50000119391419,2.6531426418804e-07,FLOAT
"all_mutualistic_(0.5,0.5,0.5)",0.5,0.5,0.5,0.999999974191385,4.5,4.50000104267647,2.31705882727498e-07,FLOAT
"all_mutualistic_(0.5,0.5,0.5)",0.5,0.5,0.5,0.999999977460661,4.5,4.50000091059663,2.02354805701867e-07,FLOAT
"all_mutualistic_(0.5,0.5,0.5)",0.5,0.5,0.5,0.999999980315806,4.5,4.50000079524785,1.76721743609202e-07,FLOAT
"all_mutualistic_(0.5,0.5,0.5)",0.5,0.5,0.5,0.999999982809278,4.5,4.50000069451074,1.5433572010516e-07,FLOAT
"all_mutualistic_(0.5,0.5,0.5)",0.5,0.5,0.5,0.999999984986893,4.5,4.50000060653439,1.34785420553069e-07,FLOAT
"all_mutualistic_(0.5,0.5,0.5)",0.5,0.5,0.5,0.999999986888661,4.5,4.50000052970235,1.17711632243969e-07,FLOAT
"all_mutualistic_(0.5,0.5,0.5)",0.5,0.5,0.5,0.999999988549524,4.5,4.50000046260291,1.02800646217815e-07,FLOAT
"all_mutualistic_(0.5,0.5,0.5)",0.5,0.5,0.5,0.99999999,4.5,4.50000040400323,8.97784943671493e-08,FLOAT
"mutualistic_mixed_(0.2,0.8,0.5)",0.2,0.8,0.5,0.666666676666667,4.19736659610103,1.67583891416241e+23,3.99259601417496e+22,FLOAT
"mutualistic_mixed_(0.2,0.8,0.5)",0.2,0.8,0.5,0.66666667726311,4.19736659610103,1.40848386016182e+23,3.35563698789182e+22,FLOAT
"mutualistic_mixed_(0.2,0.8,0.5)",0.2,0.8,0.5,0.666666677895128,4.19736659610103,1.1837813603123e+23,2.82029537618165e+22,FLOAT
"mutualistic_mixed_(0.2,0.8,0.5)",0.2,0.8,0.5,0.666666678564843,4.19736659610103,9.94926751464e+22,2.37035943533785e+22,FLOAT
"mutualistic_mixed_(0.2,0.8,0.5)",0.2,0.8,0.5,0.666666679274502,4.19736659610103,8.36201094451602e+22,1.99220410061003e+22,FLOAT
"mutualistic_mixed_(0.2,0.8,0.5)",0.2,0.8,0.5,0.666666680026488,4.19736659610103,7.02797684627603e+22,1.67437765688715e+22,FLOAT
"mutualistic_mixed_(0.2,0.8,0.5)",0.2,0.8,0.5,0.666666680823326,4.19736659610103,5.90676834129638e+22,1.40725576526559e+22,FLOAT
"mutualistic_mixed_(0.2,0.8,0.5)",0.2,0.8,0.5,0.666666681667691,4.19736659610103,4.96443193288992e+22,1.18274918790782e+22,FLOAT
"mutualistic_mixed_(0.2,0.8,0.5)",0.2,0.8,0.5,0.666666682562417,4.19736659610103,4.17243101276356e+22,9.94059231480845e+21,FLOAT
"mutualistic_mixed_(0.2,0.8,0.5)",0.2,0.8,0.5,0.666666683510509,4.19736659610103,3.50678201475698e+22,8.35471940433905e+21,FLOAT
"mutualistic_mixed_(0.2,0.8,0.5)",0.2,0.8,0.5,0.666666684515149,4.19736659610103,2.94732738943858e+22,7.0218488710907e+21,FLOAT
"mutualistic_mixed_(0.2,0.8,0.5)",0.2,0.8,0.5,0.66666668557971,4.19736659610103,2.47712535855526e+22,5.90161784023413e+21,FLOAT
"mutualistic_mixed_(0.2,0.8,0.5)",0.2,0.8,0.5,0.666666686707767,4.19736659610103,2.08193712023706e+22,4.96010313269036e+21,FLOAT
"mutualistic_mixed_(0.2,0.8,0.5)",0.2,0.8,0.5,0.666666687903105,4.19736659610103,1.74979517747164e+22,4.16879283095511e+21,FLOAT
"mutualistic_mixed_(0.2,0.8,0.5)",0.2,0.8,0.5,0.666666689169739,4.19736659610103,1.47064153188287e+22,3.50372429524969e+21,FLOAT
"mutualistic_mixed_(0.2,0.8,0.5)",0.2,0.8,0.5,0.66666669051192,4.19736659610103,1.23602267497675e+22,2.94475749658107e+21,FLOAT
"mutualistic_mixed_(0.2,0.8,0.5)",0.2,0.8,0.5,0.666666691934155,4.19736659610103,1.03883375440264e+22,2.4749655066289e+21,FLOAT
"mutualistic_mixed_(0.2,0.8,0.5)",0.2,0.8,0.5,0.666666693441218,4.19736659610103,8.73103366379738e+21,2.08012177728477e+21,FLOAT
"mutualistic_mixed_(0.2,0.8,0.5)",0.2,0.8,0.5,0.666666695038169,4.19736659610103,7.33812780159433e+21,1.74826945266367e+21,FLOAT
"mutualistic_mixed_(0.2,0.8,0.5)",0.2,0.8,0.5,0.666666696730369,4.19736659610103,6.16743931828789e+21,1.46935922252225e+21,FLOAT
"mutualistic_mixed_(0.2,0.8,0.5)",0.2,0.8,0.5,0.666666698523499,4.19736659610103,5.18351666709125e+21,1.23494494664971e+21,FLOAT
"mutualistic_mixed_(0.2,0.8,0.5)",0.2,0.8,0.5,0.666666700423579,4.19736659610103,4.35656409698633e+21,1.03792794773589e+21,FLOAT
"mutualistic_mixed_(0.2,0.8,0.5)",0.2,0.8,0.5,0.666666702436989,4.19736659610103,3.66153942030884e+21,8.72342059354568e+20,FLOAT
"mutualistic_mixed_(0.2,0.8,0.5)",0.2,0.8,0.5,0.666666704570486,4.19736659610103,3.07739561291698e+21,7.3317294128552e+20,FLOAT
"mutualistic_mixed_(0.2,0.8,0.5)",0.2,0.8,0.5,0.666666706831235,4.19736659610103,2.58644316433298e+21,6.16206162867821e+20,FLOAT
"mutualistic_mixed_(0.2,0.8,0.5)",0.2,0.8,0.5,0.666666709226825,4.19736659610103,2.17381483885784e+21,5.17899685216231e+20,FLOAT
"mutualistic_mixed_(0.2,0.8,0.5)",0.2,0.8,0.5,0.666666711765299,4.19736659610103,1.82701520267546e+21,4.35276538478338e+20,FLOAT
"mutualistic_mixed_(0.2,0.8,0.5)",0.2,0.8,0.5,0.666666714455177,4.19736659610103,1.53554226781719e+21,3.65834680545551e+20,FLOAT
"mutualistic_mixed_(0.2,0.8,0.5)",0.2,0.8,0.5,0.666666717305492,4.19736659610103,1.29056946702891e+21,3.07471229276884e+20,FLOAT
"mutualistic_mixed_(0.2,0.8,0.5)",0.2,0.8,0.5,0.666666720325813,4.19736659610103,1.08467840595261e+21,2.58418792144621e+20,FLOAT
"mutualistic_mixed_(0.2,0.8,0.5)",0.2,0.8,0.5,0.666666723526278,4.19736659610103,9.11634196775657e+20,2.17191940685496e+20,FLOAT
"mutualistic_mixed_(0.2,0.8,0.5)",0.2,0.8,0.5,0.666666726917633,4.19736659610103,7.66196592688063e+20,1.82542214301651e+20,FLOAT
"mutualistic_mixed_(0.2,0.8,0.5)",0.2,0.8,0.5,0.666666730511263,4.19736659610103,6.4396139287651e+20,1.53420335854079e+20,FLOAT
"mutualistic_mixed_(0.2,0.8,0.5)",0.2,0.8,0.5,0.666666734319233,4.19736659610103,5.41226983961269e+20,1.28944415878284e+20,FLOAT
"mutualistic_mixed_(0.2,0.8,0.5)",0.2,0.8,0.5,0.666666738354327,4.19736659610103,4.54882316908885e+20,1.08373263686672e+20,FLOAT
"mutualistic_mixed_(0.2,0.8,0.5)",0.2,0.8,0.5,0.666666742630091,4.19736659610103,3.82312645462413e+20,9.10839300568948e+19,FLOAT
"mutualistic_mixed_(0.2,0.8,0.5)",0.2,0.8,0.5,0.66666674716088,4.19736659610103,3.21320381809281e+20,7.65528515207031e+19,FLOAT
"mutualistic_mixed_(0.2,0.8,0.5)",0.2,0.8,0.5,0.666666751961906,4.19736659610103,2.70058520454574e+20,6.43399889600861e+19,FLOAT
"mutualistic_mixed_(0.2,0.8,0.5)",0.2,0.8,0.5,0.666666757049286,4.19736659610103,2.26974724155131e+20,5.40755063820181e+19,FLOAT
"mutualistic_mixed_(0.2,0.8,0.5)",0.2,0.8,0.5,0.666666762440099,4.19736659610103,1.90764303392974e+20,4.54485685310826e+19,FLOAT
"mutualistic_mixed_(0.2,0.8,0.5)",0.2,0.8,0.5,0.666666768152444,4.19736659610103,1.60330711196059e+20,3.81979289931434e+19,FLOAT
"mutualistic_mixed_(0.2,0.8,0.5)",0.2,0.8,0.5,0.666666774205498,4.19736659610103,1.34752345127507e+20,3.2104020947963e+19,FLOAT
"mutualistic_mixed_(0.2,0.8,0.5)",0.2,0.8,0.5,0.666666780619582,4.19736659610103,1.13254623887527e+20,2.69823045699012e+19,FLOAT
"mutualistic_mixed_(0.2,0.8,0.5)",0.2,0.8,0.5,0.66666678741623,4.19736659610103,9.51865430984037e+19,2.26776815698737e+19,FLOAT
"mutualistic_mixed_(0.2,0.8,0.5)",0.2,0.8,0.5,0.66666679461826,4.19736659610103,8.00009538888387e+19,1.90597966742177e+19,FLOAT
"mutualistic_mixed_(0.2,0.8,0.5)",0.2,0.8,0.5,0.666666802249851,4.19736659610103,6.7237998330246e+19,1.60190912065446e+19,FLOAT
"mutualistic_mixed_(0.2,0.8,0.5)",0.2,0.8,0.5,0.666666810336623,4.19736659610103,5.65111815637185e+19,1.34634848469543e+19,FLOAT
"mutualistic_mixed_(0.2,0.8,0.5)",0.2,0.8,0.5,0.666666818905725,4.19736659610103,4.74956679217028e+19,1.1315587246018e+19,FLOAT
"mutualistic_mixed_(0.2,0.8,0.5)",0.2,0.8,0.5,0.666666827985925,4.19736659610103,3.99184445639757e+19,9.51035456399169e+18,FLOAT
"mutualistic_mixed_(0.2,0.8,0.5)",0.2,0.8,0.5,0.666666837607709,4.19736659610103,3.3550053933693e+19,7.99311977296858e+18,FLOAT
"mutualistic_mixed_(0.2,0.8,0.5)",0.2,0.8,0.5,0.666666847803377,4.19736659610103,2.81976446717057e+19,6.7179370746169e+18,FLOAT
"mutualistic_mixed_(0.2,0.8,0.5)",0.2,0.8,0.5,0.66666685860716,4.19736659610103,2.3699132229588e+19,5.64619069766324e+18,FLOAT
"mutualistic_mixed_(0.2,0.8,0.5)",0.2,0.8,0.5,0.666666870055327,4.19736659610103,1.99182902328803e+19,4.74542544160489e+18,FLOAT
"mutualistic_mixed_(0.2,0.8,0.5)",0.2,0.8,0.5,0.666666882186313,4.19736659610103,1.6740624995965e+19,3.98836380208379e+18,FLOAT
"mutualistic_mixed_(0.2,0.8,0.5)",0.2,0.8,0.5,0.666666895040844,4.19736659610103,1.40699086814271e+19,3.35208001476372e+18,FLOAT
"mutualistic_mixed_(0.2,0.8,0.5)",0.2,0.8,0.5,0.666666908662074,4.19736659610103,1.18252652272566e+19,2.81730579317069e+18,FLOAT
"mutualistic_mixed_(0.2,0.8,0.5)",0.2,0.8,0.5,0.666666923095735,4.19736659610103,9.93872105422207e+18,2.36784679790758e+18,FLOAT
"mutualistic_mixed_(0.2,0.8,0.5)",0.2,0.8,0.5,0.666666938390282,4.19736659610103,8.35314678745055e+18,1.99009226289881e+18,FLOAT
"mutualistic_mixed_(0.2,0.8,0.5)",0.2,0.8,0.5,0.666666954597062,4.19736659610103,7.02052716131562e+18,1.67260280954183e+18,FLOAT
"mutualistic_mixed_(0.2,0.8,0.5)",0.2,0.8,0.5,0.666666971770485,4.19736659610103,5.90050708306868e+18,1.40576405419286e+18,FLOAT
"mutualistic_mixed_(0.2,0.8,0.5)",0.2,0.8,0.5,0.666666989968206,4.19736659610103,4.95916943831669e+18,1.18149542690012e+18,FLOAT
"mutualistic_mixed_(0.2,0.8,0.5)",0.2,0.8,0.5,0.666667009251318,4.19736659610103,4.16800813735835e+18,9.93005505220834e+17,FLOAT
"mutualistic_mixed_(0.2,0.8,0.5)",0.2,0.8,0.5,0.666667029684559,4.19736659610103,3.50306479047652e+18,8.34586331756332e+17,FLOAT
"mutualistic_mixed_(0.2,0.8,0.5)",0.2,0.8,0.5,0.666667051336528,4.19736659610103,2.9442032036085e+18,7.01440566650384e+17,FLOAT
"mutualistic_mixed_(0.2,0.8,0.5)",0.2,0.8,0.5,0.666667074279914,4.19736659610103,2.47449962717264e+18,5.89536217653999e+17,FLOAT
"mutualistic_mixed_(0.2,0.8,0.5)",0.2,0.8,0.5,0.666667098591744,4.19736659610103,2.07973022704785e+18,4.95484532844886e+17,FLOAT
"mutualistic_mixed_(0.2,0.8,0.5)",0.2,0.8,0.5,0.666667124353638,4.19736659610103,1.74794038000208e+18,4.1643738758148e+17,FLOAT
"mutualistic_mixed_(0.2,0.8,0.5)",0.2,0.8,0.5,0.666667151652083,4.19736659610103,1.4690826402702e+18,3.50001031988686e+17,FLOAT
"mutualistic_mixed_(0.2,0.8,0.5)",0.2,0.8,0.5,0.666667180578726,4.19736659610103,1.23471248109318e+18,2.94163603017214e+17,FLOAT
"mutualistic_mixed_(0.2,0.8,0.5)",0.2,0.8,0.5,0.66666721123068,4.19736659610103,1.03773257458592e+18,2.47234200498446e+17,FLOAT
"mutualistic_mixed_(0.2,0.8,0.5)",0.2,0.8,0.5,0.66666724371085,4.19736659610103,8.72177865959818e+17,2.07791682234759e+17,FLOAT
"mutualistic_mixed_(0.2,0.8,0.5)",0.2,0.8,0.5,0.666667278128279,4.19736659610103,7.33034933696313e+17,1.74641627533138e+17,FLOAT
"mutualistic_mixed_(0.2,0.8,0.5)",0.2,0.8,0.5,0.666667314598514,4.19736659610103,6.16090175900002e+17,1.46780168420908e+17,FLOAT
"mutualistic_mixed_(0.2,0.8,0.5)",0.2,0.8,0.5,0.666667353243992,4.19736659610103,5.17802204381658e+17,1.23363588222827e+17,FLOAT
"mutualistic_mixed_(0.2,0.8,0.5)",0.2,0.8,0.5,0.666667394194455,4.19736659610103,4.3519460835294e+17,1.03682773088535e+17,FLOAT
"mutualistic_mixed_(0.2,0.8,0.5)",0.2,0.8,0.5,0.666667437587381,4.19736659610103,3.65765818797728e+17,8.71417376641562e+16,FLOAT
"mutualistic_mixed_(0.2,0.8,0.5)",0.2,0.8,0.5,0.666667483568452,4.19736659610103,3.07413354055989e+17,7.32395770103922e+16,FLOAT
"mutualistic_mixed_(0.2,0.8,0.5)",0.2,0.8,0.5,0.666667532292033,4.19736659610103,2.58370151951762e+17,6.15552980746938e+16,FLOAT
"mutualistic_mixed_(0.2,0.8,0.5)",0.2,0.8,0.5,0.666667583921701,4.19736659610103,2.17151059120985e+17,5.17350710616268e+16,FLOAT
"mutualistic_mixed_(0.2,0.8,0.5)",0.2,0.8,0.5,0.666667638630787,4.19736659610103,1.82507855974836e+17,4.34815143724566e+16,FLOAT
"mutualistic_mixed_(0.2,0.8,0.5)",0.2,0.8,0.5,0.666667696602962,4.19736659610103,1.53391457721694e+17,3.65446892020774e+16,FLOAT
"mutualistic_mixed_(0.2,0.8,0.5)",0.2,0.8,0.5,0.66666775803285,4.19736659610103,1.2892014522929e+17,3.07145307129106e+16,FLOAT
"mutualistic_mixed_(0.2,0.8,0.5)",0.2,0.8,0.5,0.666667823126684,4.19736659610103,1.08352864552715e+17,2.58144867911621e+16,FLOAT
"mutualistic_mixed_(0.2,0.8,0.5)",0.2,0.8,0.5,0.666667892102997,4.19736659610103,9.10667858726378e+16,2.16961715846385e+16,FLOAT
"mutualistic_mixed_(0.2,0.8,0.5)",0.2,0.8,0.5,0.666667965193359,4.19736659610103,7.65384424438444e+16,1.82348719587519e+16,FLOAT
"mutualistic_mixed_(0.2,0.8,0.5)",0.2,0.8,0.5,0.666668042643148,4.19736659610103,6.43278789069039e+16,1.53257709170933e+16,FLOAT
"mutualistic_mixed_(0.2,0.8,0.5)",0.2,0.8,0.5,0.66666812471238,4.19736659610103,5.40653281039938e+16,1.28807734245123e+16,FLOAT
"mutualistic_mixed_(0.2,0.8,0.5)",0.2,0.8,0.5,0.666668211676578,4.19736659610103,4.54400137705744e+16,1.08258387086761e+16,FLOAT
"mutualistic_mixed_(0.2,0.8,0.5)",0.2,0.8,0.5,0.666668303827701,4.19736659610103,3.81907393049477e+16,9.09873808507062e+15,FLOAT
"mutualistic_mixed_(0.2,0.8,0.5)",0.2,0.8,0.5,0.666668401475117,4.19736659610103,3.20979781449242e+16,7.64717053181398e+15,FLOAT
"mutualistic_mixed_(0.2,0.8,0.5)",0.2,0.8,0.5,0.666668504946651,4.19736659610103,2.6977225886706e+16,6.4271788677609e+15,FLOAT
"mutualistic_mixed_(0.2,0.8,0.5)",0.2,0.8,0.5,0.666668614589678,4.19736659610103,2.26734130493436e+16,5.40181862370686e+15,FLOAT
"mutualistic_mixed_(0.2,0.8,0.5)",0.2,0.8,0.5,0.666668730772293,4.19736659610103,1.90562091703392e+16,4.54003926844051e+15,FLOAT
"mutualistic_mixed_(0.2,0.8,0.5)",0.2,0.8,0.5,0.666668853884545,4.19736659610103,1.60160760618071e+16,3.81574391826642e+15,FLOAT
"mutualistic_mixed_(0.2,0.8,0.5)",0.2,0.8,0.5,0.666668984339748,4.19736659610103,1.3460950708607e+16,3.2069990553389e+15,FLOAT
"mutualistic_mixed_(0.2,0.8,0.5)",0.2,0.8,0.5,0.666669122575868,4.19736659610103,1.13134573859895e+16,2.69537032969641e+15,FLOAT
"mutualistic_mixed_(0.2,0.8,0.5)",0.2,0.8,0.5,0.666669269056992,4.19736659610103,9.50856449686731e+15,2.26536431335302e+15,FLOAT
"mutualistic_mixed_(0.2,0.8,0.5)",0.2,0.8,0.5,0.666669424274889,4.19736659610103,7.99161527066177e+15,1.90395932489796e+15,FLOAT
"mutualistic_mixed_(0.2,0.8,0.5)",0.2,0.8,0.5,0.666669588750657,4.19736659610103,6.71667260065136e+15,1.6002110959025e+15,FLOAT
"mutualistic_mixed_(0.2,0.8,0.5)",0.2,0.8,0.5,0.666669763036477,4.19736659610103,5.64512796219361e+15,1.34492135317354e+15,FLOAT
"mutualistic_mixed_(0.2,0.8,0.5)",0.2,0.8,0.5,0.666669947717462,4.19736659610103,4.74453224199556e+15,1.13035927012017e+15,FLOAT
"mutualistic_mixed_(0.2,0.8,0.5)",0.2,0.8,0.5,0.666670143413626,4.19736659610103,3.98761309575611e+15,950027357500828,FLOAT
"mutualistic_mixed_(0.2,0.8,0.5)",0.2,0.8,0.5,0.666670350781961,4.19736659610103,3.35144907703661e+15,798464704071786,FLOAT
"mutualistic_mixed_(0.2,0.8,0.5)",0.2,0.8,0.5,0.666670570518648,4.19736659610103,2.81677551131974e+15,671081604817712,FLOAT
"mutualistic_mixed_(0.2,0.8,0.5)",0.2,0.8,0.5,0.666670803361388,4.19736659610103,2.36740111470377e+15,564020573495502,FLOAT
"mutualistic_mixed_(0.2,0.8,0.5)",0.2,0.8,0.5,0.666671050091883,4.19736659610103,1.98971768078912e+15,474039528174017,FLOAT
"mutualistic_mixed_(0.2,0.8,0.5)",0.2,0.8,0.5,0.66667131153846,4.19736659610103,1.67228798905046e+15,398413612621747,FLOAT
"mutualistic_mixed_(0.2,0.8,0.5)",0.2,0.8,0.5,0.666671588578849,4.19736659610103,1.40549945615307e+15,334852680597080,FLOAT
"mutualistic_mixed_(0.2,0.8,0.5)",0.2,0.8,0.5,0.666671882143135,4.19736659610103,1.18127304274594e+15,281431944458516,FLOAT
"mutualistic_mixed_(0.2,0.8,0.5)",0.2,0.8,0.5,0.666672193216873,4.19736659610103,992818599484761,236533687671454,FLOAT
"mutualistic_mixed_(0.2,0.8,0.5)",0.2,0.8,0.5,0.666672522844405,4.19736659610103,834429243557299,198798276122082,FLOAT
"mutualistic_mixed_(0.2,0.8,0.5)",0.2,0.8,0.5,0.666672872132358,4.19736659610103,701308539971012,167082984989317,FLOAT
"mutualistic_mixed_(0.2,0.8,0.5)",0.2,0.8,0.5,0.666673242253367,4.19736659610103,589425253318587,140427394134719,FLOAT
"mutualistic_mixed_(0.2,0.8,0.5)",0.2,0.8,0.5,0.666673634450005,4.19736659610103,495391271380182,118024304057776,FLOAT
"mutualistic_mixed_(0.2,0.8,0.5)",0.2,0.8,0.5,0.66667405003896,4.19736659610103,416359004572322,99195291866828.5,FLOAT
"mutualistic_mixed_(0.2,0.8,0.5)",0.2,0.8,0.5,0.66667449041545,4.19736659610103,349935153712264,83370166913063.4,FLOAT
"mutualistic_mixed_(0.2,0.8,0.5)",0.2,0.8,0.5,0.666674957057912,4.19736659610103,294108234638398,70069703921404.9,FLOAT
"mutualistic_mixed_(0.2,0.8,0.5)",0.2,0.8,0.5,0.666675451532965,4.19736659610103,247187665348232,58891130828992.3,FLOAT
"mutualistic_mixed_(0.2,0.8,0.5)",0.2,0.8,0.5,0.666675975500663,4.19736659610103,207752571029597,49495931859412.9,FLOAT
"mutualistic_mixed_(0.2,0.8,0.5)",0.2,0.8,0.5,0.666676530720078,4.19736659610103,174608756096110,41599596341739.9,FLOAT
"mutualistic_mixed_(0.2,0.8,0.5)",0.2,0.8,0.5,0.666677119055197,4.19736659610103,146752541037794,34963003034833.8,FLOAT
"mutualistic_mixed_(0.2,0.8,0.5)",0.2,0.8,0.5,0.666677742481186,4.19736659610103,123340368388715,29385178912721.9,FLOAT
"mutualistic_mixed_(0.2,0.8,0.5)",0.2,0.8,0.5,0.666678403091018,4.19736659610103,103663257661620,24697213190267.7,FLOAT
"mutualistic_mixed_(0.2,0.8,0.5)",0.2,0.8,0.5,0.666679103102497,4.19736659610103,87125335600113.9,20757142271309.2,FLOAT
"mutualistic_mixed_(0.2,0.8,0.5)",0.2,0.8,0.5,0.666679844865711,4.19736659610103,73225791615769.4,17445650728670,FLOAT
"mutualistic_mixed_(0.2,0.8,0.5)",0.2,0.8,0.5,0.666680630870915,4.19736659610103,61543711946792.6,14662458124090.7,FLOAT
"mutualistic_mixed_(0.2,0.8,0.5)",0.2,0.8,0.5,0.666681463756893,4.19736659610103,51725333338187.6,12323282266131.2,FLOAT
"mutualistic_mixed_(0.2,0.8,0.5)",0.2,0.8,0.5,0.666682346319819,4.19736659610103,43473330164076.7,10357286924724.5,FLOAT
"mutualistic_mixed_(0.2,0.8,0.5)",0.2,0.8,0.5,0.666683281522644,4.19736659610103,36537810654446.1,8704936730659.21,FLOAT
"mutualistic_mixed_(0.2,0.8,0.5)",0.2,0.8,0.5,0.666684272505039,4.19736659610103,30708749534098.1,7316194292540.36,FLOAT
"mutualistic_mixed_(0.2,0.8,0.5)",0.2,0.8,0.5,0.666685322593942,4.19736659610103,25809627918080.3,6149004936107.06,FLOAT
"mutualistic_mixed_(0.2,0.8,0.5)",0.2,0.8,0.5,0.666686435314721,4.19736659610103,21692087870303.4,5168023181594.19,FLOAT
"mutualistic_mixed_(0.2,0.8,0.5)",0.2,0.8,0.5,0.666687614403016,4.19736659610103,18231439742357.5,4343542391386.21,FLOAT
"mutualistic_mixed_(0.2,0.8,0.5)",0.2,0.8,0.5,0.666688863817274,4.19736659610103,15322886255598.5,3650595177897.47,FLOAT
"mutualistic_mixed_(0.2,0.8,0.5)",0.2,0.8,0.5,0.666690187752041,4.19736659610103,12878348968719,3068197326551.74,FLOAT
"mutualistic_mixed_(0.2,0.8,0.5)",0.2,0.8,0.5,0.666691590652045,4.19736659610103,10823801037976.8,2578712340262.8,FLOAT
"mutualistic_mixed_(0.2,0.8,0.5)",0.2,0.8,0.5,0.666693077227118,4.19736659610103,9097025495513.98,2167317361309.37,FLOAT
"mutualistic_mixed_(0.2,0.8,0.5)",0.2,0.8,0.5,0.666694652468004,4.19736659610103,7645731160077.56,1821554297205.19,FLOAT
"mutualistic_mixed_(0.2,0.8,0.5)",0.2,0.8,0.5,0.66669632166312,4.19736659610103,6425969125858.64,1530952557687.86,FLOAT
"mutualistic_mixed_(0.2,0.8,0.5)",0.2,0.8,0.5,0.666698090416304,4.19736659610103,5400801877824.09,1286711978609.81,FLOAT
"mutualistic_mixed_(0.2,0.8,0.5)",0.2,0.8,0.5,0.666699964665634,4.19736659610103,4539184728773.72,1081436330337.7,FLOAT
"mutualistic_mixed_(0.2,0.8,0.5)",0.2,0.8,0.5,0.66670195070336,4.19736659610103,3815025706850.01,908909341011.487,FLOAT
"mutualistic_mixed_(0.2,0.8,0.5)",0.2,0.8,0.5,0.666704055197027,4.19736659610103,3206395424167.96,763906451998.31,FLOAT
"mutualistic_mixed_(0.2,0.8,0.5)",0.2,0.8,0.5,0.666706285211866,4.19736659610103,2694862998659.51,642036604846.141,FLOAT
"mutualistic_mixed_(0.2,0.8,0.5)",0.2,0.8,0.5,0.666708648234505,4.19736659610103,2264937919597.77,539609268749.005,FLOAT
"mutualistic_mixed_(0.2,0.8,0.5)",0.2,0.8,0.5,0.666711152198109,4.19736659610103,1903600955616.79,453522681907.477,FLOAT
"mutualistic_mixed_(0.2,0.8,0.5)",0.2,0.8,0.5,0.666713805509012,4.19736659610103,1599909899032.48,381169922235.158,FLOAT
"mutualistic_mixed_(0.2,0.8,0.5)",0.2,0.8,0.5,0.666716617074936,4.19736659610103,1344668207624.32,320359963046.639,FLOAT
"mutualistic_mixed_(0.2,0.8,0.5)",0.2,0.8,0.5,0.6667195963349,4.19736659610103,1130146509899.55,269251323185.627,FLOAT
"mutualistic_mixed_(0.2,0.8,0.5)",0.2,0.8,0.5,0.666722753290909,4.19736659610103,949848540023.431,226296302281.901,FLOAT
"mutualistic_mixed_(0.2,0.8,0.5)",0.2,0.8,0.5,0.666726098541527,4.19736659610103,798314414175.983,190194112402.13,FLOAT
"mutualistic_mixed_(0.2,0.8,0.5)",0.2,0.8,0.5,0.666729643317467,4.19736659610103,670955291305.422,159851486864.283,FLOAT
"mutualistic_mixed_(0.2,0.8,0.5)",0.2,0.8,0.5,0.666733399519287,4.19736659610103,563914411325.151,134349573336,FLOAT
"mutualistic_mixed_(0.2,0.8,0.5)",0.2,0.8,0.5,0.666737379757347,4.19736659610103,473950302524.488,112916108628.812,FLOAT
"mutualistic_mixed_(0.2,0.8,0.5)",0.2,0.8,0.5,0.666741597394146,4.19736659610103,398338621514.432,94902032593.5445,FLOAT
"mutualistic_mixed_(0.2,0.8,0.5)",0.2,0.8,0.5,0.666746066589179,4.19736659610103,334789653136.204,79761832917.5717,FLOAT
"mutualistic_mixed_(0.2,0.8,0.5)",0.2,0.8,0.5,0.666750802346474,4.19736659610103,281378972036.359,67037025618.2858,FLOAT
"mutualistic_mixed_(0.2,0.8,0.5)",0.2,0.8,0.5,0.666755820564966,4.19736659610103,236489166139.462,56342270974.1249,FLOAT
"mutualistic_mixed_(0.2,0.8,0.5)",0.2,0.8,0.5,0.666761138091871,4.19736659610103,198760857269.612,47353704451.2732,FLOAT
"mutualistic_mixed_(0.2,0.8,0.5)",0.2,0.8,0.5,0.666766772779247,4.19736659610103,167051535704.546,39799129257.7408,FLOAT
"mutualistic_mixed_(0.2,0.8,0.5)",0.2,0.8,0.5,0.666772743543927,4.19736659610103,140400962058.325,33449773528.1325,FLOAT
"mutualistic_mixed_(0.2,0.8,0.5)",0.2,0.8,0.5,0.666779070431024,4.19736659610103,118002088773.786,28113362525.7327,FLOAT
"mutualistic_mixed_(0.2,0.8,0.5)",0.2,0.8,0.5,0.666785774681232,4.19736659610103,99176620659.1506,23628296071.8941,FLOAT
"mutualistic_mixed_(0.2,0.8,0.5)",0.2,0.8,0.5,0.666792878802131,4.19736659610103,83354474374.4412,19858754879.2313,FLOAT
"mutualistic_mixed_(0.2,0.8,0.5)",0.2,0.8,0.5,0.66680040664375,4.19736659610103,70056514848.1735,16690587595.816,FLOAT
"mutualistic_mixed_(0.2,0.8,0.5)",0.2,0.8,0.5,0.666808383478639,4.19736659610103,58880045842.4089,14027854010.3945,FLOAT
"mutualistic_mixed_(0.2,0.8,0.5)",0.2,0.8,0.5,0.666816836086713,4.19736659610103,49486615279.4926,11789919737.1189,FLOAT
"mutualistic_mixed_(0.2,0.8,0.5)",0.2,0.8,0.5,0.666825792845157,4.19736659610103,41591766048.5275,9909014400.35405,FLOAT
"mutualistic_mixed_(0.2,0.8,0.5)",0.2,0.8,0.5,0.666835283823696,4.19736659610103,34956421915.1734,8328179374.05023,FLOAT
"mutualistic_mixed_(0.2,0.8,0.5)",0.2,0.8,0.5,0.666845340885544,4.19736659610103,29379647681.8149,6999542928.87082,FLOAT
"mutualistic_mixed_(0.2,0.8,0.5)",0.2,0.8,0.5,0.666855997794376,4.19736659610103,24692564356.0715,5882870553.83995,FLOAT
"mutualistic_mixed_(0.2,0.8,0.5)",0.2,0.8,0.5,0.666867290327678,4.19736659610103,20753235062.4324,4944346552.31519,FLOAT
"mutualistic_mixed_(0.2,0.8,0.5)",0.2,0.8,0.5,0.666879256396864,4.19736659610103,17442366830.5859,4155550016.19132,FLOAT
"mutualistic_mixed_(0.2,0.8,0.5)",0.2,0.8,0.5,0.666891936174548,4.19736659610103,14659698099.2621,3492594168.13442,FLOAT
"mutualistic_mixed_(0.2,0.8,0.5)",0.2,0.8,0.5,0.666905372229415,4.19736659610103,12320962539.3938,2935403008.79163,FLOAT
"mutualistic_mixed_(0.2,0.8,0.5)",0.2,0.8,0.5,0.666919609669129,4.19736659610103,10355337254.2052,2467103364.19672,FLOAT
"mutualistic_mixed_(0.2,0.8,0.5)",0.2,0.8,0.5,0.666934696291775,4.19736659610103,8703298080.67014,2073513922.88616,FLOAT
"mutualistic_mixed_(0.2,0.8,0.5)",0.2,0.8,0.5,0.666950682746323,4.19736659610103,7314817045.51573,1742715789.49362,FLOAT
"mutualistic_mixed_(0.2,0.8,0.5)",0.2,0.8,0.5,0.666967622702667,4.19736659610103,6147847390.30797,1464691550.13083,FLOAT
"mutualistic_mixed_(0.2,0.8,0.5)",0.2,0.8,0.5,0.666985573031808,4.19736659610103,5167050287.86863,1231021919.42705,FLOAT
"mutualistic_mixed_(0.2,0.8,0.5)",0.2,0.8,0.5,0.667004593996783,4.19736659610103,4342724692.33346,1034630783.06529,FLOAT
"mutualistic_mixed_(0.2,0.8,0.5)",0.2,0.8,0.5,0.667024749454976,4.19736659610103,3649907915.36647,869570914.906393,FLOAT
"mutualistic_mixed_(0.2,0.8,0.5)",0.2,0.8,0.5,0.667046107072505,4.19736659610103,3067619692.16305,730843879.782916,FLOAT
"mutualistic_mixed_(0.2,0.8,0.5)",0.2,0.8,0.5,0.667068738551391,4.19736659610103,2578226845.3184,614248668.085359,FLOAT
"mutualistic_mixed_(0.2,0.8,0.5)",0.2,0.8,0.5,0.667092719870275,4.19736659610103,2166909307.1132,516254478.445771,FLOAT
"mutualistic_mixed_(0.2,0.8,0.5)",0.2,0.8,0.5,0.667118131539495,4.19736659610103,1821211329.94097,433893796.037578,FLOAT
"mutualistic_mixed_(0.2,0.8,0.5)",0.2,0.8,0.5,0.667145058871377,4.19736659610103,1530664294.40067,364672528.633822,FLOAT
"mutualistic_mixed_(0.2,0.8,0.5)",0.2,0.8,0.5,0.667173592266644,4.19736659610103,1286469692.72425,306494479.115048,FLOAT
"mutualistic_mixed_(0.2,0.8,0.5)",0.2,0.8,0.5,0.667203827517915,4.19736659610103,1081232687.43639,257597867.254051,FLOAT
"mutualistic_mixed_(0.2,0.8,0.5)",0.2,0.8,0.5,0.667235866131295,4.19736659610103,908738176.766946,216501978.505693,FLOAT
"mutualistic_mixed_(0.2,0.8,0.5)",0.2,0.8,0.5,0.667269815667157,4.19736659610103,763762585.463602,181962324.181,FLOAT
"mutualistic_mixed_(0.2,0.8,0.5)",0.2,0.8,0.5,0.667305790101244,4.19736659610103,641915681.568028,152932955.145482,FLOAT
"mutualistic_mixed_(0.2,0.8,0.5)",0.2,0.8,0.5,0.667343910207308,4.19736659610103,539507628.957205,128534787.802665,FLOAT
"mutualistic_mixed_(0.2,0.8,0.5)",0.2,0.8,0.5,0.667384303962572,4.19736659610103,453437249.668109,108028983.194354,FLOAT
"mutualistic_mixed_(0.2,0.8,0.5)",0.2,0.8,0.5,0.667427106977381,4.19736659610103,381098112.291958,90794573.066026,FLOAT
"mutualistic_mixed_(0.2,0.8,0.5)",0.2,0.8,0.5,0.66747246295047,4.19736659610103,320299602.564183,76309655.3597071,FLOAT
"mutualistic_mixed_(0.2,0.8,0.5)",0.2,0.8,0.5,0.667520524151393,4.19736659610103,269200585.956697,64135589.6836347,FLOAT
"mutualistic_mixed_(0.2,0.8,0.5)",0.2,0.8,0.5,0.667571451931725,4.19736659610103,226253653.415759,53903714.1593877,FLOAT
"mutualistic_mixed_(0.2,0.8,0.5)",0.2,0.8,0.5,0.667625417266748,4.19736659610103,190158261.855799,45304181.3967528,FLOAT
"mutualistic_mixed_(0.2,0.8,0.5)",0.2,0.8,0.5,0.66768260132946,4.19736659610103,159821350.38627,38076575.521748,FLOAT
"mutualistic_mixed_(0.2,0.8,0.5)",0.2,0.8,0.5,0.667743196098802,4.19736659610103,134324239.632239,32002026.117911,FLOAT
"mutualistic_mixed_(0.2,0.8,0.5)",0.2,0.8,0.5,0.667807405004176,4.19736659610103,112894811.771203,26896580.2698067,FLOAT
"mutualistic_mixed_(0.2,0.8,0.5)",0.2,0.8,0.5,0.667875443608401,4.19736659610103,94884128.8301613,22605631.9981518,FLOAT
"mutualistic_mixed_(0.2,0.8,0.5)",0.2,0.8,0.5,0.667947540331402,4.19736659610103,79746781.1830435,18999240.3950978,FLOAT
"mutualistic_mixed_(0.2,0.8,0.5)",0.2,0.8,0.5,0.668023937217061,4.19736659610103,67024371.1517562,15968194.6810767,FLOAT
"mutualistic_mixed_(0.2,0.8,0.5)",0.2,0.8,0.5,0.668104890745814,4.19736659610103,56331631.5513933,13420707.0229114,FLOAT
"mutualistic_mixed_(0.2,0.8,0.5)",0.2,0.8,0.5,0.668190672695706,4.19736659610103,47344758.8138709,11279632.9633164,FLOAT
"mutualistic_mixed_(0.2,0.8,0.5)",0.2,0.8,0.5,0.66828157105481,4.19736659610103,39791607.3873614,9480135.28934012,FLOAT
"mutualistic_mixed_(0.2,0.8,0.5)",0.2,0.8,0.5,0.668377890988062,4.19736659610103,33443448.4724539,7967720.59561182,FLOAT
"mutualistic_mixed_(0.2,0.8,0.5)",0.2,0.8,0.5,0.668479955861763,4.19736659610103,28108043.5287881,6696589.08457776,FLOAT
"mutualistic_mixed_(0.2,0.8,0.5)",0.2,0.8,0.5,0.668588108329191,4.19736659610103,23623822.7999903,5628247.63140014,FLOAT
"mutualistic_mixed_(0.2,0.8,0.5)",0.2,0.8,0.5,0.668702711480957,4.19736659610103,19854992.5679827,4730344.11363058,FLOAT
"mutualistic_mixed_(0.2,0.8,0.5)",0.2,0.8,0.5,0.668824150063978,4.19736659610103,16687422.971585,3975687.70612496,FLOAT
"mutualistic_mixed_(0.2,0.8,0.5)",0.2,0.8,0.5,0.668952831773153,4.19736659610103,14025191.8621991,3341425.47326236,FLOAT
"mutualistic_mixed_(0.2,0.8,0.5)",0.2,0.8,0.5,0.669089188620082,4.19736659610103,11787680.0356214,2808350.32355871,FLOAT
"mutualistic_mixed_(0.2,0.8,0.5)",0.2,0.8,0.5,0.669233678383419,4.19736659610103,9907129.87613612,2360319.36976206,FLOAT
"mutualistic_mixed_(0.2,0.8,0.5)",0.2,0.8,0.5,0.669386786145729,4.19736659610103,8326593.48245872,1983765.08090258,FLOAT
"mutualistic_mixed_(0.2,0.8,0.5)",0.2,0.8,0.5,0.669549025922018,4.19736659610103,6998208.13945888,1667284.42271232,FLOAT
"mutualistic_mixed_(0.2,0.8,0.5)",0.2,0.8,0.5,0.669720942385384,4.19736659610103,5881746.91261318,1401293.54455486,FLOAT
"mutualistic_mixed_(0.2,0.8,0.5)",0.2,0.8,0.5,0.669903112695601,4.19736659610103,4943400.47339699,1177737.55588143,FLOAT
"mutualistic_mixed_(0.2,0.8,0.5)",0.2,0.8,0.5,0.670096148436769,4.19736659610103,4154753.26623576,989846.603517678,FLOAT
"mutualistic_mixed_(0.2,0.8,0.5)",0.2,0.8,0.5,0.670300697670525,4.19736659610103,3491923.01269244,831930.863167759,FLOAT
"mutualistic_mixed_(0.2,0.8,0.5)",0.2,0.8,0.5,0.670517447111728,4.19736659610103,2934837.49490078,699208.236959902,FLOAT
"mutualistic_mixed_(0.2,0.8,0.5)",0.2,0.8,0.5,0.670747124433902,4.19736659610103,2466626.71737611,587659.539269404,FLOAT
"mutualistic_mixed_(0.2,0.8,0.5)",0.2,0.8,0.5,0.67099050071219,4.19736659610103,2073112.04032047,493906.78547821,FLOAT
"mutualistic_mixed_(0.2,0.8,0.5)",0.2,0.8,0.5,0.671248393012015,4.19736659610103,1742376.81406973,415110.897942925,FLOAT
"mutualistic_mixed_(0.2,0.8,0.5)",0.2,0.8,0.5,0.671521667132144,4.19736659610103,1464405.51238875,348885.731444674,FLOAT
"mutualistic_mixed_(0.2,0.8,0.5)",0.2,0.8,0.5,0.671811240511352,4.19736659610103,1230780.43665497,293225.814593287,FLOAT
"mutualistic_mixed_(0.2,0.8,0.5)",0.2,0.8,0.5,0.67211808530846,4.19736659610103,1034426.80635216,246445.619009416,FLOAT
"mutualistic_mixed_(0.2,0.8,0.5)",0.2,0.8,0.5,0.672443231666078,4.19736659610103,869398.516562658,207128.517200201,FLOAT
"mutualistic_mixed_(0.2,0.8,0.5)",0.2,0.8,0.5,0.672787771169006,4.19736659610103,730698.074649111,174083.883442838,FLOAT
"mutualistic_mixed_(0.2,0.8,0.5)",0.2,0.8,0.5,0.673152860508921,4.19736659610103,614125.263344158,146311.038580243,FLOAT
"mutualistic_mixed_(0.2,0.8,0.5)",0.2,0.8,0.5,0.673539725367628,4.19736659610103,516149.947382195,122968.946885662,FLOAT
"mutualistic_mixed_(0.2,0.8,0.5)",0.2,0.8,0.5,0.673949664531935,4.19736659610103,433805.171929928,103350.747339128,FLOAT
"mutualistic_mixed_(0.2,0.8,0.5)",0.2,0.8,0.5,0.674384054253956,4.19736659610103,364597.315564307,86862.3480580382,FLOAT
"mutualistic_mixed_(0.2,0.8,0.5)",0.2,0.8,0.5,0.674844352871474,4.19736659610103,306430.576999063,73004.4356661886,FLOAT
"mutualistic_mixed_(0.2,0.8,0.5)",0.2,0.8,0.5,0.675332105703892,4.19736659610103,257543.508824967,61357.3547989832,FLOAT
"mutualistic_mixed_(0.2,0.8,0.5)",0.2,0.8,0.5,0.675848950240194,4.19736659610103,216455.676342865,51568.3998575042,FLOAT
"mutualistic_mixed_(0.2,0.8,0.5)",0.2,0.8,0.5,0.676396621636343,4.19736659610103,181922.826182413,43341.1341732226,FLOAT
"mutualistic_mixed_(0.2,0.8,0.5)",0.2,0.8,0.5,0.676976958540561,4.19736659610103,152899.207097433,36426.4131402919,FLOAT
"mutualistic_mixed_(0.2,0.8,0.5)",0.2,0.8,0.5,0.677591909266059,4.19736659610103,128505.901915091,30614.8394728878,FLOAT
"mutualistic_mixed_(0.2,0.8,0.5)",0.2,0.8,0.5,0.67824353833194,4.19736659610103,108004.211649265,25730.4221134724,FLOAT
"mutualistic_mixed_(0.2,0.8,0.5)",0.2,0.8,0.5,0.678934033394218,4.19736659610103,90773.2857807707,21625.2467674591,FLOAT
"mutualistic_mixed_(0.2,0.8,0.5)",0.2,0.8,0.5,0.679665712590243,4.19736659610103,76291.3212920677,18174.9966744233,FLOAT
"mutualistic_mixed_(0.2,0.8,0.5)",0.2,0.8,0.5,0.680441032321174,4.19736659610103,64119.7611150376,15275.1879733352,FLOAT
"mutualistic_mixed_(0.2,0.8,0.5)",0.2,0.8,0.5,0.681262595498641,4.19736659610103,53890.0134803366,12838.0056590233,FLOAT
"mutualistic_mixed_(0.2,0.8,0.5)",0.2,0.8,0.5,0.68213316028326,4.19736659610103,45292.2899961253,10789.6443145085,FLOAT
"mutualistic_mixed_(0.2,0.8,0.5)",0.2,0.8,0.5,0.683055649344363,4.19736659610103,38066.224444656,9068.07308978349,FLOAT
"mutualistic_mixed_(0.2,0.8,0.5)",0.2,0.8,0.5,0.684033159672015,4.19736659610103,31992.9882097367,7621.15724484377,FLOAT
"mutualistic_mixed_(0.2,0.8,0.5)",0.2,0.8,0.5,0.68506897297426,4.19736659610103,26888.6635700306,6405.07937248267,FLOAT
"mutualistic_mixed_(0.2,0.8,0.5)",0.2,0.8,0.5,0.686166566694507,4.19736659610103,22598.6741844943,5383.01249142412,FLOAT
"mutualistic_mixed_(0.2,0.8,0.5)",0.2,0.8,0.5,0.687329625686041,4.19736659610103,18993.1041107417,4524.00482764231,FLOAT
"mutualistic_mixed_(0.2,0.8,0.5)",0.2,0.8,0.5,0.68856205458285,4.19736659610103,15962.7636041968,3802.04251218484,FLOAT
"mutualistic_mixed_(0.2,0.8,0.5)",0.2,0.8,0.5,0.689867990908302,4.19736659610103,13415.8825603103,3195.26181157787,FLOAT
"mutualistic_mixed_(0.2,0.8,0.5)",0.2,0.8,0.5,0.691251818965688,4.19736659610103,11275.3314687825,2685.28703512728,FLOAT
"mutualistic_mixed_(0.2,0.8,0.5)",0.2,0.8,0.5,0.692718184557244,4.19736659610103,9476.28572311702,2256.67406924133,FLOAT
"mutualistic_mixed_(0.2,0.8,0.5)",0.2,0.8,0.5,0.694272010581095,4.19736659610103,7964.26255479836,1896.44268756425,FLOAT
"mutualistic_mixed_(0.2,0.8,0.5)",0.2,0.8,0.5,0.695918513558455,4.19736659610103,6693.47114539342,1593.68347406468,FLOAT
"mutualistic_mixed_(0.2,0.8,0.5)",0.2,0.8,0.5,0.697663221146592,4.19736659610103,5625.42595372005,1339.227455697,FLOAT
"mutualistic_mixed_(0.2,0.8,0.5)",0.2,0.8,0.5,0.699511990696333,4.19736659610103,4727.78126604431,1125.36844025871,FLOAT
"mutualistic_mixed_(0.2,0.8,0.5)",0.2,0.8,0.5,0.701471028916427,4.19736659610103,3973.35167647925,945.629651117473,FLOAT
"mutualistic_mixed_(0.2,0.8,0.5)",0.2,0.8,0.5,0.703546912710775,4.19736659610103,3339.28883519205,794.56759190249,FLOAT
"mutualistic_mixed_(0.2,0.8,0.5)",0.2,0.8,0.5,0.705746611258478,4.19736659610103,2806.38953422419,667.607201675229,FLOAT
"mutualistic_mixed_(0.2,0.8,0.5)",0.2,0.8,0.5,0.708077509410841,4.19736659610103,2358.51417796692,560.903308650183,FLOAT
"mutualistic_mixed_(0.2,0.8,0.5)",0.2,0.8,0.5,0.710547432483875,4.19736659610103,1982.0980280649,471.224186923794,FLOAT
"mutualistic_mixed_(0.2,0.8,0.5)",0.2,0.8,0.5,0.713164672529529,4.19736659610103,1665.74042197119,395.853690006136,FLOAT
"mutualistic_mixed_(0.2,0.8,0.5)",0.2,0.8,0.5,0.715938016173855,4.19736659610103,1399.8595256185,332.508997503063,FLOAT
"mutualistic_mixed_(0.2,0.8,0.5)",0.2,0.8,0.5,0.718876774115565,4.19736659610103,1176.4021652139,279.271484103074,FLOAT
"mutualistic_mixed_(0.2,0.8,0.5)",0.2,0.8,0.5,0.721990812384003,4.19736659610103,988.599951102061,234.528617400343,FLOAT
"mutualistic_mixed_(0.2,0.8,0.5)",0.2,0.8,0.5,0.725290585461487,4.19736659610103,830.764308485288,196.925125066987,FLOAT
"mutualistic_mixed_(0.2,0.8,0.5)",0.2,0.8,0.5,0.728787171381207,4.19736659610103,698.114207989454,165.321952587591,FLOAT
"mutualistic_mixed_(0.2,0.8,0.5)",0.2,0.8,0.5,0.732492308918514,4.19736659610103,586.631379300001,138.761768687283,FLOAT
"mutualistic_mixed_(0.2,0.8,0.5)",0.2,0.8,0.5,0.736418437000464,4.19736659610103,492.93862335148,116.439973865846,FLOAT
"mutualistic_mixed_(0.2,0.8,0.5)",0.2,0.8,0.5,0.740578736465914,4.19736659610103,414.197538037846,97.6803340986698,FLOAT
"mutualistic_mixed_(0.2,0.8,0.5)",0.2,0.8,0.5,0.744987174316374,4.19736659610103,348.022560302771,81.9145018274202,FLOAT
"mutualistic_mixed_(0.2,0.8,0.5)",0.2,0.8,0.5,0.749658550606174,4.19736659610103,292.40872157175,68.6648040805803,FLOAT
"mutualistic_mixed_(0.2,0.8,0.5)",0.2,0.8,0.5,0.754608548129361,4.19736659610103,245.670928763356,57.5297765011905,FLOAT
"mutualistic_mixed_(0.2,0.8,0.5)",0.2,0.8,0.5,0.759853785070145,4.19736659610103,206.392932141826,48.1720052123983,FLOAT
"mutualistic_mixed_(0.2,0.8,0.5)",0.2,0.8,0.5,0.765411870793641,4.19736659610103,173.384434616018,40.3079083387846,FLOAT
"mutualistic_mixed_(0.2,0.8,0.5)",0.2,0.8,0.5,0.771301464964215,4.19736659610103,145.645043634075,33.6991477392911,FLOAT
"mutualistic_mixed_(0.2,0.8,0.5)",0.2,0.8,0.5,0.777542340189913,4.19736659610103,122.33397403496,28.1454108746653,FLOAT
"mutualistic_mixed_(0.2,0.8,0.5)",0.2,0.8,0.5,0.784155448403264,4.19736659610103,102.744584372003,23.4783442236005,FLOAT
"mutualistic_mixed_(0.2,0.8,0.5)",0.2,0.8,0.5,0.791162991201332,4.19736659610103,86.2829755938988,19.5564545336707,FLOAT
"mutualistic_mixed_(0.2,0.8,0.5)",0.2,0.8,0.5,0.798588494381158,4.19736659610103,72.4500039873443,16.260823501727,FLOAT
"mutualistic_mixed_(0.2,0.8,0.5)",0.2,0.8,0.5,0.806456886920807,4.19736659610103,60.8261636783415,13.4915061111992,FLOAT
"mutualistic_mixed_(0.2,0.8,0.5)",0.2,0.8,0.5,0.814794584671205,4.19736659610103,51.0588808869261,11.1645035566717,FLOAT
"mutualistic_mixed_(0.2,0.8,0.5)",0.2,0.8,0.5,0.823629579039712,4.19736659610103,42.8518351644845,9.20921908615033,FLOAT
"mutualistic_mixed_(0.2,0.8,0.5)",0.2,0.8,0.5,0.83299153096317,4.19736659610103,35.9559842256201,7.56631971556165,FLOAT
"mutualistic_mixed_(0.2,0.8,0.5)",0.2,0.8,0.5,0.842911870485915,4.19736659610103,30.162020577023,6.18593906118202,FLOAT
"mutualistic_mixed_(0.2,0.8,0.5)",0.2,0.8,0.5,0.853423902277057,4.19736659610103,25.2940315069638,5.02616686625839,FLOAT
"mutualistic_mixed_(0.2,0.8,0.5)",0.2,0.8,0.5,0.864562917441269,4.19736659610103,21.2041704453944,4.05177948123262,FLOAT
"mutualistic_mixed_(0.2,0.8,0.5)",0.2,0.8,0.5,0.876366311998457,4.19736659610103,17.7681783424631,3.23317285627806,FLOAT
"mutualistic_mixed_(0.2,0.8,0.5)",0.2,0.8,0.5,0.888873712430073,4.19736659610103,14.8816194753097,2.54546574252851,FLOAT
"mutualistic_mixed_(0.2,0.8,0.5)",0.2,0.8,0.5,0.9,4.19736659610103,12.8092116116175,2.05172572334189,FLOAT
"mutualistic_mixed_(0.2,0.8,0.5)",0.2,0.8,0.5,0.902127108713561,4.19736659610103,12.4567177687159,1.96774596250111,FLOAT
"mutualistic_mixed_(0.2,0.8,0.5)",0.2,0.8,0.5,0.912667383761716,4.19736659610103,10.8846865180174,1.59321797817905,FLOAT
"mutualistic_mixed_(0.2,0.8,0.5)",0.2,0.8,0.5,0.916170995291558,4.19736659610103,10.4196979785036,1.48243696135156,FLOAT
"mutualistic_mixed_(0.2,0.8,0.5)",0.2,0.8,0.5,0.923730141409766,4.19736659610103,9.50093204395687,1.26354592252732,FLOAT
"mutualistic_mixed_(0.2,0.8,0.5)",0.2,0.8,0.5,0.931052520449102,4.19736659610103,8.70855152345038,1.0747655283529,FLOAT
"mutualistic_mixed_(0.2,0.8,0.5)",0.2,0.8,0.5,0.933391537091908,4.19736659610103,8.47353897446563,1.01877505346728,FLOAT
"mutualistic_mixed_(0.2,0.8,0.5)",0.2,0.8,0.5,0.941829086706256,4.19736659610103,7.69079039922415,0.832289418410151,FLOAT
"mutualistic_mixed_(0.2,0.8,0.5)",0.2,0.8,0.5,0.946821644600358,4.19736659610103,7.27115989025496,0.732314708229014,FLOAT
"mutualistic_mixed_(0.2,0.8,0.5)",0.2,0.8,0.5,0.94919781953087,4.19736659610103,7.08176042669429,0.687191305441988,FLOAT
"mutualistic_mixed_(0.2,0.8,0.5)",0.2,0.8,0.5,0.955633126690214,4.19736659610103,6.59961948465447,0.572323821032195,FLOAT
"mutualistic_mixed_(0.2,0.8,0.5)",0.2,0.8,0.5,0.961253248795439,4.19736659610103,6.21240103966535,0.480071110642588,FLOAT
"mutualistic_mixed_(0.2,0.8,0.5)",0.2,0.8,0.5,0.963531308016255,4.19736659610103,6.06371988266774,0.444648625235733,FLOAT
"mutualistic_mixed_(0.2,0.8,0.5)",0.2,0.8,0.5,0.966161448465718,4.19736659610103,5.89765091973467,0.405083588651288,FLOAT
"mutualistic_mixed_(0.2,0.8,0.5)",0.2,0.8,0.5,0.970447907647971,4.19736659610103,5.63920014414018,0.343509082427654,FLOAT
"mutualistic_mixed_(0.2,0.8,0.5)",0.2,0.8,0.5,0.974191384595819,4.19736659610103,5.42514992649813,0.2925127701587,FLOAT
"mutualistic_mixed_(0.2,0.8,0.5)",0.2,0.8,0.5,0.977460660952652,4.19736659610103,5.24657482754699,0.249968213979826,FLOAT
"mutualistic_mixed_(0.2,0.8,0.5)",0.2,0.8,0.5,0.980315805527134,4.19736659610103,5.09666546832724,0.21425311600411,FLOAT
"mutualistic_mixed_(0.2,0.8,0.5)",0.2,0.8,0.5,0.981237608556118,4.19736659610103,5.04942505761367,0.202998342414058,FLOAT
"mutualistic_mixed_(0.2,0.8,0.5)",0.2,0.8,0.5,0.982809277981414,4.19736659610103,4.97014815241629,0.184111046443526,FLOAT
"mutualistic_mixed_(0.2,0.8,0.5)",0.2,0.8,0.5,0.984986892710918,4.19736659610103,4.86288346787216,0.158555812682489,FLOAT
"mutualistic_mixed_(0.2,0.8,0.5)",0.2,0.8,0.5,0.986888660625784,4.19736659610103,4.77158326601695,0.13680403099632,FLOAT
"mutualistic_mixed_(0.2,0.8,0.5)",0.2,0.8,0.5,0.988549524300617,4.19736659610103,4.69360757723774,0.11822674283387,FLOAT
"mutualistic_mixed_(0.2,0.8,0.5)",0.2,0.8,0.5,0.99,4.19736659610103,4.62681653298331,0.102314136030243,FLOAT
"mutualistic_mixed_(0.2,0.8,0.5)",0.2,0.8,0.5,0.991266738376172,4.19736659610103,4.56946079479595,0.0886494401133717,FLOAT
"mutualistic_mixed_(0.2,0.8,0.5)",0.2,0.8,0.5,0.992373014140977,4.19736659610103,4.52009936847356,0.0768893459704767,FLOAT
"mutualistic_mixed_(0.2,0.8,0.5)",0.2,0.8,0.5,0.993339153709191,4.19736659610103,4.47753717887547,0.0667491333815581,FLOAT
"mutualistic_mixed_(0.2,0.8,0.5)",0.2,0.8,0.5,0.994182908670626,4.19736659610103,4.4407770969747,0.0579912417227919,FLOAT
"mutualistic_mixed_(0.2,0.8,0.5)",0.2,0.8,0.5,0.994919781953087,4.19736659610103,4.40898267012765,0.0504163906538911,FLOAT
"mutualistic_mixed_(0.2,0.8,0.5)",0.2,0.8,0.5,0.995563312669021,4.19736659610103,4.3814488725506,0.0438566115765451,FLOAT
"mutualistic_mixed_(0.2,0.8,0.5)",0.2,0.8,0.5,0.996125324879544,4.19736659610103,4.3575789320902,0.0381697267372334,FLOAT
"mutualistic_mixed_(0.2,0.8,0.5)",0.2,0.8,0.5,0.996616144846572,4.19736659610103,4.33686580854956,0.0332349365380931,FLOAT
"mutualistic_mixed_(0.2,0.8,0.5)",0.2,0.8,0.5,0.997044790764797,4.19736659610103,4.31887726798151,0.0289492635676256,FLOAT
"mutualistic_mixed_(0.2,0.8,0.5)",0.2,0.8,0.5,0.997419138459582,4.19736659610103,4.30324376283077,0.0252246651098068,FLOAT
"mutualistic_mixed_(0.2,0.8,0.5)",0.2,0.8,0.5,0.997746066095265,4.19736659610103,4.2896485207561,0.0219856718593021,FLOAT
"mutualistic_mixed_(0.2,0.8,0.5)",0.2,0.8,0.5,0.998031580552713,4.19736659610103,4.27781938661091,0.019167444317258,FLOAT
"mutualistic_mixed_(0.2,0.8,0.5)",0.2,0.8,0.5,0.998280927798141,4.19736659610103,4.26752206703359,0.0167141633513094,FLOAT
"mutualistic_mixed_(0.2,0.8,0.5)",0.2,0.8,0.5,0.998498689271092,4.19736659610103,4.25855450559274,0.0145776901042067,FLOAT
"mutualistic_mixed_(0.2,0.8,0.5)",0.2,0.8,0.5,0.998688866062578,4.19736659610103,4.2507421756316,0.0127164445393342,FLOAT
"mutualistic_mixed_(0.2,0.8,0.5)",0.2,0.8,0.5,0.998854952430062,4.19736659610103,4.24393412297004,0.0110944626357547,FLOAT
"mutualistic_mixed_(0.2,0.8,0.5)",0.2,0.8,0.5,0.999,4.19736659610103,4.23799962512293,0.00968060046497897,FLOAT
"mutualistic_mixed_(0.2,0.8,0.5)",0.2,0.8,0.5,0.999126673837617,4.19736659610103,4.2328253603383,0.00844785972952811,FLOAT
"mutualistic_mixed_(0.2,0.8,0.5)",0.2,0.8,0.5,0.999237301414098,4.19736659610103,4.22831300048889,0.00737281428231765,FLOAT
"mutualistic_mixed_(0.2,0.8,0.5)",0.2,0.8,0.5,0.999333915370919,4.19736659610103,4.22437715809722,0.00643512101642061,FLOAT
"mutualistic_mixed_(0.2,0.8,0.5)",0.2,0.8,0.5,0.999418290867063,4.19736659610103,4.22094363059443,0.00561710156918507,FLOAT
"mutualistic_mixed_(0.2,0.8,0.5)",0.2,0.8,0.5,0.999491978195309,4.19736659610103,4.2179478951006,0.00490338371175026,FLOAT
"mutualistic_mixed_(0.2,0.8,0.5)",0.2,0.8,0.5,0.999556331266902,4.19736659610103,4.21533381516218,0.00428059323620759,FLOAT
"mutualistic_mixed_(0.2,0.8,0.5)",0.2,0.8,0.5,0.999612532487954,4.19736659610103,4.21305252744142,0.00373708871532885,FLOAT
"mutualistic_mixed_(0.2,0.8,0.5)",0.2,0.8,0.5,0.999661614484657,4.19736659610103,4.2110614816654,0.00326273277561605,FLOAT
"mutualistic_mixed_(0.2,0.8,0.5)",0.2,0.8,0.5,0.99970447907648,4.19736659610103,4.20932361147214,0.00284869455582312,FLOAT
"mutualistic_mixed_(0.2,0.8,0.5)",0.2,0.8,0.5,0.999741913845958,4.19736659610103,4.20780661733863,0.00248727886844484,FLOAT
"mutualistic_mixed_(0.2,0.8,0.5)",0.2,0.8,0.5,0.999774606609527,4.19736659610103,4.20648234569997,0.00217177827817331,FLOAT
"mutualistic_mixed_(0.2,0.8,0.5)",0.2,0.8,0.5,0.999803158055271,4.19736659610103,4.20532625078986,0.00189634488829864,FLOAT
"mutualistic_mixed_(0.2,0.8,0.5)",0.2,0.8,0.5,0.999828092779814,4.19736659610103,4.20431692774863,0.00165587910621273,FLOAT
"mutualistic_mixed_(0.2,0.8,0.5)",0.2,0.8,0.5,0.999849868927109,4.19736659610103,4.20343570723023,0.00144593306070431,FLOAT
"mutualistic_mixed_(0.2,0.8,0.5)",0.2,0.8,0.5,0.999868886606258,4.19736659610103,4.20266630315483,0.00126262668091067,FLOAT
"mutualistic_mixed_(0.2,0.8,0.5)",0.2,0.8,0.5,0.999885495243006,4.19736659610103,4.20199450644682,0.00110257473104484,FLOAT
"mutualistic_mixed_(0.2,0.8,0.5)",0.2,0.8,0.5,0.9999,4.19736659610103,4.20140791860734,0.000962823335484173,FLOAT
"mutualistic_mixed_(0.2,0.8,0.5)",0.2,0.8,0.5,0.999912667383762,4.19736659610103,4.20089571982762,0.000840794733027342,FLOAT
"mutualistic_mixed_(0.2,0.8,0.5)",0.2,0.8,0.5,0.99992373014141,4.19736659610103,4.20044846707923,0.000734239172977384,FLOAT
"mutualistic_mixed_(0.2,0.8,0.5)",0.2,0.8,0.5,0.999933391537092,4.19736659610103,4.2000579182402,0.000641193014132611,FLOAT
"mutualistic_mixed_(0.2,0.8,0.5)",0.2,0.8,0.5,0.999941829086706,4.19736659610103,4.19971687884974,0.000559942214933934,FLOAT
"mutualistic_mixed_(0.2,0.8,0.5)",0.2,0.8,0.5,0.999949197819531,4.19736659610103,4.19941906854177,0.000488990511966381,FLOAT
"mutualistic_mixed_(0.2,0.8,0.5)",0.2,0.8,0.5,0.99995563312669,4.19736659610103,4.19915900460113,0.000427031677854202,FLOAT
"mutualistic_mixed_(0.2,0.8,0.5)",0.2,0.8,0.5,0.999961253248795,4.19736659610103,4.19893190042503,0.000372925330243823,FLOAT
"mutualistic_mixed_(0.2,0.8,0.5)",0.2,0.8,0.5,0.999966161448466,4.19736659610103,4.19873357696488,0.000325675833300793,FLOAT
"mutualistic_mixed_(0.2,0.8,0.5)",0.2,0.8,0.5,0.999970447907648,4.19736659610103,4.19856038547608,0.000284413893263939,FLOAT
"mutualistic_mixed_(0.2,0.8,0.5)",0.2,0.8,0.5,0.999974191384596,4.19736659610103,4.19840914012213,0.000248380501733985,FLOAT
"mutualistic_mixed_(0.2,0.8,0.5)",0.2,0.8,0.5,0.999977460660953,4.19736659610103,4.19827705916829,0.000216912925381626,FLOAT
"mutualistic_mixed_(0.2,0.8,0.5)",0.2,0.8,0.5,0.999980315805527,4.19736659610103,4.19816171366428,0.000189432479875582,FLOAT
"mutualistic_mixed_(0.2,0.8,0.5)",0.2,0.8,0.5,0.999982809277981,4.19736659610103,4.19806098265813,0.000165433859826194,FLOAT
"mutualistic_mixed_(0.2,0.8,0.5)",0.2,0.8,0.5,0.999984986892711,4.19736659610103,4.19797301410632,0.000144475825832166,FLOAT
"mutualistic_mixed_(0.2,0.8,0.5)",0.2,0.8,0.5,0.999986888660626,4.19736659610103,4.19789619075329,0.000126173075459276,FLOAT
"mutualistic_mixed_(0.2,0.8,0.5)",0.2,0.8,0.5,0.999988549524301,4.19736659610103,4.19782910034664,0.000110189147176647,FLOAT
"mutualistic_mixed_(0.2,0.8,0.5)",0.2,0.8,0.5,0.99999,4.19736659610103,4.19777050963558,9.62302256197233e-05,FLOAT
"mutualistic_mixed_(0.2,0.8,0.5)",0.2,0.8,0.5,0.999991266738376,4.19736659610103,4.19771934167088,8.40397334312982e-05,FLOAT
"mutualistic_mixed_(0.2,0.8,0.5)",0.2,0.8,0.5,0.999992373014141,4.19736659610103,4.19767465598632,7.33936095983429e-05,FLOAT
"mutualistic_mixed_(0.2,0.8,0.5)",0.2,0.8,0.5,0.999993339153709,4.19736659610103,4.1976356312953,6.40961870038376e-05,FLOAT
"mutualistic_mixed_(0.2,0.8,0.5)",0.2,0.8,0.5,0.999994182908671,4.19736659610103,4.19760155038258,5.59765929840883e-05,FLOAT
"mutualistic_mixed_(0.2,0.8,0.5)",0.2,0.8,0.5,0.999994919781953,4.19736659610103,4.19757178691279,4.88856065027647e-05,FLOAT
"mutualistic_mixed_(0.2,0.8,0.5)",0.2,0.8,0.5,0.999995563312669,4.19736659610103,4.19754579391172,4.2692913900452e-05,FLOAT
"mutualistic_mixed_(0.2,0.8,0.5)",0.2,0.8,0.5,0.99999612532488,4.19736659610103,4.19752309370842,3.72847126428264e-05,FLOAT
"mutualistic_mixed_(0.2,0.8,0.5)",0.2,0.8,0.5,0.999996616144847,4.19736659610103,4.1975032691525,3.25616188968693e-05,FLOAT
"mutualistic_mixed_(0.2,0.8,0.5)",0.2,0.8,0.5,0.999997044790765,4.19736659610103,4.19748595594489,2.8436840369283e-05,FLOAT
"mutualistic_mixed_(0.2,0.8,0.5)",0.2,0.8,0.5,0.99999741913846,4.19736659610103,4.19747083594075,2.4834580761481e-05,FLOAT
"mutualistic_mixed_(0.2,0.8,0.5)",0.2,0.8,0.5,0.999997746066095,4.19736659610103,4.19745763130123,2.16886464690717e-05,FLOAT
"mutualistic_mixed_(0.2,0.8,0.5)",0.2,0.8,0.5,0.999998031580553,4.19736659610103,4.19744609938656,1.89412298671944e-05,FLOAT
"mutualistic_mixed_(0.2,0.8,0.5)",0.2,0.8,0.5,0.999998280927798,4.19736659610103,4.19743602829617,1.65418467864121e-05,FLOAT
"mutualistic_mixed_(0.2,0.8,0.5)",0.2,0.8,0.5,0.999998498689271,4.19736659610103,4.19742723297415,1.44464086540637e-05,FLOAT
"mutualistic_mixed_(0.2,0.8,0.5)",0.2,0.8,0.5,0.999998688866063,4.19736659610103,4.19741955180816,1.26164122007428e-05,FLOAT
"mutualistic_mixed_(0.2,0.8,0.5)",0.2,0.8,0.5,0.99999885495243,4.19736659610103,4.19741284365933,1.1018231846005e-05,FLOAT
"mutualistic_mixed_(0.2,0.8,0.5)",0.2,0.8,0.5,0.999999,4.19736659610103,4.19740698526841,9.62250174057384e-06,FLOAT
"mutualistic_mixed_(0.2,0.8,0.5)",0.2,0.8,0.5,0.999999126673838,4.19736659610103,4.19740186899071,8.40357611673919e-06,FLOAT
"mutualistic_mixed_(0.2,0.8,0.5)",0.2,0.8,0.5,0.999999237301414,4.19736659610103,4.19739740081792,7.33905799818574e-06,FLOAT
"mutualistic_mixed_(0.2,0.8,0.5)",0.2,0.8,0.5,0.999999333915371,4.19736659610103,4.19739349865058,6.40938763243492e-06,FLOAT
"mutualistic_mixed_(0.2,0.8,0.5)",0.2,0.8,0.5,0.999999418290867,4.19736659610103,4.19739009078947,5.59748306477294e-06,FLOAT
"mutualistic_mixed_(0.2,0.8,0.5)",0.2,0.8,0.5,0.999999491978195,4.19736659610103,4.19738711461803,4.88842623745122e-06,FLOAT
"mutualistic_mixed_(0.2,0.8,0.5)",0.2,0.8,0.5,0.999999556331267,4.19736659610103,4.1973845154518,4.26918887356182e-06,FLOAT
"mutualistic_mixed_(0.2,0.8,0.5)",0.2,0.8,0.5,0.999999612532488,4.19736659610103,4.19738224553358,3.72839307598568e-06,FLOAT
"mutualistic_mixed_(0.2,0.8,0.5)",0.2,0.8,0.5,0.999999661614485,4.19736659610103,4.19738026315587,3.25610225677275e-06,FLOAT
"mutualistic_mixed_(0.2,0.8,0.5)",0.2,0.8,0.5,0.999999704479076,4.19736659610103,4.19737853189451,2.84363855465372e-06,FLOAT
"mutualistic_mixed_(0.2,0.8,0.5)",0.2,0.8,0.5,0.999999741913846,4.19736659610103,4.1973770199394,2.48342338655237e-06,FLOAT
"mutualistic_mixed_(0.2,0.8,0.5)",0.2,0.8,0.5,0.999999774606609,4.19736659610103,4.19737569951,2.1688381894794e-06,FLOAT
"mutualistic_mixed_(0.2,0.8,0.5)",0.2,0.8,0.5,0.999999803158055,4.19736659610103,4.19737454634488,1.89410280742616e-06,FLOAT
"mutualistic_mixed_(0.2,0.8,0.5)",0.2,0.8,0.5,0.99999982809278,4.19736659610103,4.19737353925594,1.65416928808842e-06,FLOAT
"mutualistic_mixed_(0.2,0.8,0.5)",0.2,0.8,0.5,0.999999849868927,4.19736659610103,4.19737265973907,1.44462912764177e-06,FLOAT
"mutualistic_mixed_(0.2,0.8,0.5)",0.2,0.8,0.5,0.999999868886606,4.19736659610103,4.19737189163416,1.26163226587208e-06,FLOAT
"mutualistic_mixed_(0.2,0.8,0.5)",0.2,0.8,0.5,0.999999885495243,4.19736659610103,4.1973712208282,1.10181635720621e-06,FLOAT
"mutualistic_mixed_(0.2,0.8,0.5)",0.2,0.8,0.5,0.9999999,4.19736659610103,4.19737063499591,9.6224496612991e-07,FLOAT
"mutualistic_mixed_(0.2,0.8,0.5)",0.2,0.8,0.5,0.999999912667384,4.19736659610103,4.19737012337333,8.40353640189349e-07,FLOAT
"mutualistic_mixed_(0.2,0.8,0.5)",0.2,0.8,0.5,0.999999923730141,4.19736659610103,4.19736967656,7.3390276975899e-07,FLOAT
"mutualistic_mixed_(0.2,0.8,0.5)",0.2,0.8,0.5,0.999999933391537,4.19736659610103,4.19736928634629,6.4093645354648e-07,FLOAT
"mutualistic_mixed_(0.2,0.8,0.5)",0.2,0.8,0.5,0.999999941829087,4.19736659610103,4.19736894556248,5.59746544156805e-07,FLOAT
"mutualistic_mixed_(0.2,0.8,0.5)",0.2,0.8,0.5,0.99999994919782,4.19736659610103,4.19736864794709,4.88841279320836e-07,FLOAT
"mutualistic_mixed_(0.2,0.8,0.5)",0.2,0.8,0.5,0.999999955633127,4.19736659610103,4.1973683880318,4.26917862072639e-07,FLOAT
"mutualistic_mixed_(0.2,0.8,0.5)",0.2,0.8,0.5,0.999999961253249,4.19736659610103,4.197368161041,3.72838525405387e-07,FLOAT
"mutualistic_mixed_(0.2,0.8,0.5)",0.2,0.8,0.5,0.999999966161448,4.19736659610103,4.19736796280401,3.25609629843498e-07,FLOAT
"mutualistic_mixed_(0.2,0.8,0.5)",0.2,0.8,0.5,0.999999970447908,4.19736659610103,4.19736778967847,2.84363400348073e-07,FLOAT
"mutualistic_mixed_(0.2,0.8,0.5)",0.2,0.8,0.5,0.999999974191385,4.19736659610103,4.19736763848341,2.48341991498161e-07,FLOAT
"mutualistic_mixed_(0.2,0.8,0.5)",0.2,0.8,0.5,0.999999977460661,4.19736659610103,4.19736750644081,2.16883554020073e-07,FLOAT
"mutualistic_mixed_(0.2,0.8,0.5)",0.2,0.8,0.5,0.999999980315806,4.19736659610103,4.19736739112457,1.8941007942283e-07,FLOAT
"mutualistic_mixed_(0.2,0.8,0.5)",0.2,0.8,0.5,0.999999982809278,4.19736659610103,4.19736729041588,1.65416775798187e-07,FLOAT
"mutualistic_mixed_(0.2,0.8,0.5)",0.2,0.8,0.5,0.999999984986893,4.19736659610103,4.19736720246435,1.44462796614891e-07,FLOAT
"mutualistic_mixed_(0.2,0.8,0.5)",0.2,0.8,0.5,0.999999986888661,4.19736659610103,4.19736712565397,1.26163137142312e-07,FLOAT
"mutualistic_mixed_(0.2,0.8,0.5)",0.2,0.8,0.5,0.999999988549524,4.19736659610103,4.19736705857346,1.10181566674325e-07,FLOAT
"mutualistic_mixed_(0.2,0.8,0.5)",0.2,0.8,0.5,0.99999999,4.19736659610103,4.1973669999903,9.622444546837e-08,FLOAT
"mixed_(3,0.5,1)",3,0.5,1,0.666666676666667,11.827804920294,1.67583900535147e+23,1.41686392077373e+22,FLOAT
"mixed_(3,0.5,1)",3,0.5,1,0.66666667726311,11.827804920294,1.40848394137424e+23,1.19082446055361e+22,FLOAT
"mixed_(3,0.5,1)",3,0.5,1,0.666666677895128,11.827804920294,1.1837814326396e+23,1.00084626066878e+22,FLOAT
"mixed_(3,0.5,1)",3,0.5,1,0.666666678564843,11.827804920294,9.94926815878253e+22,8.41176213661732e+21,FLOAT
"mixed_(3,0.5,1)",3,0.5,1,0.666666679274502,11.827804920294,8.36201151818554e+22,7.0697915416563e+21,FLOAT
"mixed_(3,0.5,1)",3,0.5,1,0.666666680026488,11.827804920294,7.02797735718258e+22,5.94191179558943e+21,FLOAT
"mixed_(3,0.5,1)",3,0.5,1,0.666666680823326,11.827804920294,5.90676879630666e+22,4.99396873393801e+21,FLOAT
"mixed_(3,0.5,1)",3,0.5,1,0.666666681667691,11.827804920294,4.96443233811929e+22,4.19725584888652e+21,FLOAT
"mixed_(3,0.5,1)",3,0.5,1,0.666666682562417,11.827804920294,4.17243137365841e+22,3.52764642448524e+21,FLOAT
"mixed_(3,0.5,1)",3,0.5,1,0.666666683510509,11.827804920294,3.50678233616775e+22,2.96486318450421e+21,FLOAT
"mixed_(3,0.5,1)",3,0.5,1,0.666666684515149,11.827804920294,2.94732767568506e+22,2.49186361759152e+21,FLOAT
"mixed_(3,0.5,1)",3,0.5,1,0.66666668557971,11.827804920294,2.47712561348466e+22,2.09432403575953e+21,FLOAT
"mixed_(3,0.5,1)",3,0.5,1,0.666666686707767,11.827804920294,2.08193734727564e+22,1.76020602411482e+21,FLOAT
"mixed_(3,0.5,1)",3,0.5,1,0.666666687903105,11.827804920294,1.74979537967082e+22,1.47939147750783e+21,FLOAT
"mixed_(3,0.5,1)",3,0.5,1,0.666666689169739,11.827804920294,1.47064171196023e+22,1.24337670588134e+21,FLOAT
"mixed_(3,0.5,1)",3,0.5,1,0.66666669051192,11.827804920294,1.23602283535257e+22,1.04501455991366e+21,FLOAT
"mixed_(3,0.5,1)",3,0.5,1,0.666666691934155,11.827804920294,1.03883389723237e+22,8.78298132437026e+20,FLOAT
"mixed_(3,0.5,1)",3,0.5,1,0.666666693441218,11.827804920294,8.73103493583035e+21,7.38178807874125e+20,FLOAT
"mixed_(3,0.5,1)",3,0.5,1,0.666666695038169,11.827804920294,7.33812893445921e+21,6.20413422770317e+20,FLOAT
"mixed_(3,0.5,1)",3,0.5,1,0.666666696730369,11.827804920294,6.16744032721044e+21,5.21435749809198e+20,FLOAT
"mixed_(3,0.5,1)",3,0.5,1,0.666666698523499,11.827804920294,5.1835175656316e+21,4.3824848317694e+20,FLOAT
"mixed_(3,0.5,1)",3,0.5,1,0.666666700423579,11.827804920294,4.35656489722093e+21,3.68332495046987e+20,FLOAT
"mixed_(3,0.5,1)",3,0.5,1,0.666666702436989,11.827804920294,3.66154013299293e+21,3.0957055494807e+20,FLOAT
"mixed_(3,0.5,1)",3,0.5,1,0.666666704570486,11.827804920294,3.0773962476291e+21,2.6018320967984e+20,FLOAT
"mixed_(3,0.5,1)",3,0.5,1,0.666666706831235,11.827804920294,2.58644372960376e+21,2.186748722213e+20,FLOAT
"mixed_(3,0.5,1)",3,0.5,1,0.666666709226825,11.827804920294,2.17381534228459e+21,1.83788569132957e+20,FLOAT
"mixed_(3,0.5,1)",3,0.5,1,0.666666711765299,11.827804920294,1.82701565102426e+21,1.54467854630362e+20,FLOAT
"mixed_(3,0.5,1)",3,0.5,1,0.666666714455177,11.827804920294,1.53554266711392e+21,1.29824821888908e+20,FLOAT
"mixed_(3,0.5,1)",3,0.5,1,0.666666717305492,11.827804920294,1.29056982264016e+21,1.09113215117863e+20,FLOAT
"mixed_(3,0.5,1)",3,0.5,1,0.666666720325813,11.827804920294,1.08467872265783e+21,9.17058346808498e+19,FLOAT
"mixed_(3,0.5,1)",3,0.5,1,0.666666723526278,11.827804920294,9.11634478831422e+20,7.70755423322251e+19,FLOAT
"mixed_(3,0.5,1)",3,0.5,1,0.666666726917633,11.827804920294,7.66196843885214e+20,6.47792932880201e+19,FLOAT
"mixed_(3,0.5,1)",3,0.5,1,0.666666730511263,11.827804920294,6.43961616591169e+20,5.44447275661663e+19,FLOAT
"mixed_(3,0.5,1)",3,0.5,1,0.666666734319233,11.827804920294,5.41227183200193e+20,4.57588865260672e+19,FLOAT
"mixed_(3,0.5,1)",3,0.5,1,0.666666738354327,11.827804920294,4.54882494349865e+20,3.84587417035753e+19,FLOAT
"mixed_(3,0.5,1)",3,0.5,1,0.666666742630091,11.827804920294,3.82312803490278e+20,3.2323225320897e+19,FLOAT
"mixed_(3,0.5,1)",3,0.5,1,0.66666674716088,11.827804920294,3.21320522547939e+20,2.71665389066927e+19,FLOAT
"mixed_(3,0.5,1)",3,0.5,1,0.666666751961906,11.827804920294,2.7005864579557e+20,2.28325245145197e+19,FLOAT
"mixed_(3,0.5,1)",3,0.5,1,0.666666757049286,11.827804920294,2.26974835783065e+20,1.91899373816712e+19,FLOAT
"mixed_(3,0.5,1)",3,0.5,1,0.666666762440099,11.827804920294,1.90764402808135e+20,1.61284705060381e+19,FLOAT
"mixed_(3,0.5,1)",3,0.5,1,0.666666768152444,11.827804920294,1.60330799734598e+20,1.35554146196227e+19,FLOAT
"mixed_(3,0.5,1)",3,0.5,1,0.666666774205498,11.827804920294,1.34752423979396e+20,1.13928514113544e+19,FLOAT
"mixed_(3,0.5,1)",3,0.5,1,0.666666780619582,11.827804920294,1.13254694112542e+20,9.57529270018823e+18,FLOAT
"mixed_(3,0.5,1)",3,0.5,1,0.66666678741623,11.827804920294,9.5186605640376e+19,8.04769830765942e+18,FLOAT
"mixed_(3,0.5,1)",3,0.5,1,0.66666679461826,11.827804920294,8.00010095883403e+19,6.76380868026285e+18,FLOAT
"mixed_(3,0.5,1)",3,0.5,1,0.666666802249851,11.827804920294,6.72380479358849e+19,5.68474441276238e+18,FLOAT
"mixed_(3,0.5,1)",3,0.5,1,0.666666810336623,11.827804920294,5.65112257422002e+19,4.77782869459056e+18,FLOAT
"mixed_(3,0.5,1)",3,0.5,1,0.666666818905725,11.827804920294,4.74957072667908e+19,4.01559778732046e+18,FLOAT
"mixed_(3,0.5,1)",3,0.5,1,0.666666827985925,11.827804920294,3.99184796044728e+19,3.37496939402349e+18,FLOAT
"mixed_(3,0.5,1)",3,0.5,1,0.666666837607709,11.827804920294,3.35500851405474e+19,2.83654366694724e+18,FLOAT
"mixed_(3,0.5,1)",3,0.5,1,0.666666847803377,11.827804920294,2.81976724643413e+19,2.3840156862885e+18,FLOAT
"mixed_(3,0.5,1)",3,0.5,1,0.66666685860716,11.827804920294,2.36991569815407e+19,2.00368176016142e+18,FLOAT
"mixed_(3,0.5,1)",3,0.5,1,0.666666870055327,11.827804920294,1.99183122768194e+19,1.68402441628402e+18,FLOAT
"mixed_(3,0.5,1)",3,0.5,1,0.666666882186313,11.827804920294,1.67406446281637e+19,1.41536360643218e+18,FLOAT
"mixed_(3,0.5,1)",3,0.5,1,0.666666895040844,11.827804920294,1.40699261657442e+19,1.18956359701225e+18,FLOAT
"mixed_(3,0.5,1)",3,0.5,1,0.666666908662074,11.827804920294,1.18252807986832e+19,9.99786594247386e+17,FLOAT
"mixed_(3,0.5,1)",3,0.5,1,0.666666923095735,11.827804920294,9.93873492204041e+18,8.40285664923982e+17,FLOAT
"mixed_(3,0.5,1)",3,0.5,1,0.666666938390282,11.827804920294,8.3531591380455e+18,7.06230716040407e+17,FLOAT
"mixed_(3,0.5,1)",3,0.5,1,0.666666954597062,11.827804920294,7.0205381606806e+18,5.93562221222877e+17,FLOAT
"mixed_(3,0.5,1)",3,0.5,1,0.666666971770485,11.827804920294,5.9005168790364e+18,4.98868295410618e+17,FLOAT
"mixed_(3,0.5,1)",3,0.5,1,0.666666989968206,11.827804920294,4.95917816254614e+18,4.19281362515307e+17,FLOAT
"mixed_(3,0.5,1)",3,0.5,1,0.666667009251318,11.827804920294,4.16801590710418e+18,3.52391330022086e+17,FLOAT
"mixed_(3,0.5,1)",3,0.5,1,0.666667029684559,11.827804920294,3.503071710165e+18,2.96172597854946e+17,FLOAT
"mixed_(3,0.5,1)",3,0.5,1,0.666667051336528,11.827804920294,2.94420936624107e+18,2.48922719480216e+17,FLOAT
"mixed_(3,0.5,1)",3,0.5,1,0.666667074279914,11.827804920294,2.4745051155758e+18,2.09210849540651e+17,FLOAT
"mixed_(3,0.5,1)",3,0.5,1,0.666667098591744,11.827804920294,2.07973511498637e+18,1.7583441128776e+17,FLOAT
"mixed_(3,0.5,1)",3,0.5,1,0.666667124353638,11.827804920294,1.74794473317045e+18,1.47782681989567e+17,FLOAT
"mixed_(3,0.5,1)",3,0.5,1,0.666667151652083,11.827804920294,1.46908651717551e+18,1.24206184247668e+17,FLOAT
"mixed_(3,0.5,1)",3,0.5,1,0.666667180578726,11.827804920294,1.2347159338415e+18,1.04390961988474e+17,FLOAT
"mixed_(3,0.5,1)",3,0.5,1,0.66666721123068,11.827804920294,1.0377356495826e+18,8.77369602031616e+16,FLOAT
"mixed_(3,0.5,1)",3,0.5,1,0.66666724371085,11.827804920294,8.72180604533168e+17,7.37398537100227e+16,FLOAT
"mixed_(3,0.5,1)",3,0.5,1,0.666667278128279,11.827804920294,7.33037372653081e+17,6.1975774676106e+16,FLOAT
"mixed_(3,0.5,1)",3,0.5,1,0.666667314598514,11.827804920294,6.16092348020073e+17,5.20884772932793e+16,FLOAT
"mixed_(3,0.5,1)",3,0.5,1,0.666667353243992,11.827804920294,5.17804138858573e+17,4.3778549134686e+16,FLOAT
"mixed_(3,0.5,1)",3,0.5,1,0.666667394194455,11.827804920294,4.35196331186311e+17,3.6794344691939e+16,FLOAT
"mixed_(3,0.5,1)",3,0.5,1,0.666667437587381,11.827804920294,3.65767353142639e+17,3.09243647158113e+16,FLOAT
"mixed_(3,0.5,1)",3,0.5,1,0.666667483568452,11.827804920294,3.07414720534222e+17,2.59908514391173e+16,FLOAT
"mixed_(3,0.5,1)",3,0.5,1,0.666667532292033,11.827804920294,2.58371368928949e+17,2.18444056754468e+16,FLOAT
"mixed_(3,0.5,1)",3,0.5,1,0.666667583921701,11.827804920294,2.17152142953452e+17,1.83594626743349e+16,FLOAT
"mixed_(3,0.5,1)",3,0.5,1,0.666667638630787,11.827804920294,1.82508821229421e+17,1.5430489635171e+16,FLOAT
"mixed_(3,0.5,1)",3,0.5,1,0.666667696602962,11.827804920294,1.53392317371537e+17,1.29687899323017e+16,FLOAT
"mixed_(3,0.5,1)",3,0.5,1,0.66666775803285,11.827804920294,1.28920910828194e+17,1.08998171424854e+16,FLOAT
"mixed_(3,0.5,1)",3,0.5,1,0.666667823126684,11.827804920294,1.08353546390423e+17,9.16091761071501e+15,FLOAT
"mixed_(3,0.5,1)",3,0.5,1,0.666667892102997,11.827804920294,9.10673931131338e+16,7.69943313462004e+15,FLOAT
"mixed_(3,0.5,1)",3,0.5,1,0.666667965193359,11.827804920294,7.65389832485167e+16,6.47110632651642e+15,FLOAT
"mixed_(3,0.5,1)",3,0.5,1,0.666668042643148,11.827804920294,6.43283605442365e+16,5.43874040684105e+15,FLOAT
"mixed_(3,0.5,1)",3,0.5,1,0.66666812471238,11.827804920294,5.40657570472535e+16,4.57107277399275e+15,FLOAT
"mixed_(3,0.5,1)",3,0.5,1,0.666668211676578,11.827804920294,4.54403957848134e+16,3.84182830973541e+15,FLOAT
"mixed_(3,0.5,1)",3,0.5,1,0.666668303827701,11.827804920294,3.81910795244866e+16,3.22892369140775e+15,FLOAT
"mixed_(3,0.5,1)",3,0.5,1,0.666668401475117,11.827804920294,3.20982811423579e+16,2.71379865990891e+15,FLOAT
"mixed_(3,0.5,1)",3,0.5,1,0.666668504946651,11.827804920294,2.69774957343593e+16,2.28085396370307e+15,FLOAT
"mixed_(3,0.5,1)",3,0.5,1,0.666668614589678,11.827804920294,2.26736533740048e+16,1.91697897680926e+15,FLOAT
"mixed_(3,0.5,1)",3,0.5,1,0.666668730772293,11.827804920294,1.90564232020037e+16,1.61115467581875e+15,FLOAT
"mixed_(3,0.5,1)",3,0.5,1,0.666668853884545,11.827804920294,1.60162666770894e+16,1.35411995590229e+15,FLOAT
"mixed_(3,0.5,1)",3,0.5,1,0.666668984339748,11.827804920294,1.3461120469402e+16,1.13809118091773e+15,FLOAT
"mixed_(3,0.5,1)",3,0.5,1,0.666669122575868,11.827804920294,1.13136085739057e+16,956526477241259,FLOAT
"mixed_(3,0.5,1)",3,0.5,1,0.666669269056992,11.827804920294,9.50869914389105e+15,803927627143740,FLOAT
"mixed_(3,0.5,1)",3,0.5,1,0.666669424274889,11.827804920294,7.99173518646788e+15,675673570905429,FLOAT
"mixed_(3,0.5,1)",3,0.5,1,0.666669588750657,11.827804920294,6.7167793969253e+15,567880468285430,FLOAT
"mixed_(3,0.5,1)",3,0.5,1,0.666669763036477,11.827804920294,5.64522307429252e+15,477284087143380,FLOAT
"mixed_(3,0.5,1)",3,0.5,1,0.666669947717462,11.827804920294,4.74461694823977e+15,401140953897455,FLOAT
"mixed_(3,0.5,1)",3,0.5,1,0.666670143413626,11.827804920294,3.98768853460999e+15,337145274333021,FLOAT
"mixed_(3,0.5,1)",3,0.5,1,0.666670350781961,11.827804920294,3.35151626240956e+15,283359108895942,FLOAT
"mixed_(3,0.5,1)",3,0.5,1,0.666670570518648,11.827804920294,2.81683534619325e+15,238153686603348,FLOAT
"mixed_(3,0.5,1)",3,0.5,1,0.666670803361388,11.827804920294,2.36745440326774e+15,200160082045797,FLOAT
"mixed_(3,0.5,1)",3,0.5,1,0.666671050091883,11.827804920294,1.98976513925008e+15,168227760996975,FLOAT
"mixed_(3,0.5,1)",3,0.5,1,0.66667131153846,11.827804920294,1.67233025525761e+15,141389739391815,FLOAT
"mixed_(3,0.5,1)",3,0.5,1,0.666671588578849,11.827804920294,1.40553709817102e+15,118833300654071,FLOAT
"mixed_(3,0.5,1)",3,0.5,1,0.666671882143135,11.827804920294,1.18130656648954e+15,99875384693118.4,FLOAT
"mixed_(3,0.5,1)",3,0.5,1,0.666672193216873,11.827804920294,992848455518694,83941903185701.3,FLOAT
"mixed_(3,0.5,1)",3,0.5,1,0.666672522844405,11.827804920294,834455833151720,70550354759399,FLOAT
"mixed_(3,0.5,1)",3,0.5,1,0.666672872132358,11.827804920294,701332220494654,59295213712165.9,FLOAT
"mixed_(3,0.5,1)",3,0.5,1,0.666673242253367,11.827804920294,589446343041862,49835649726559.5,FLOAT
"mixed_(3,0.5,1)",3,0.5,1,0.666673634450005,11.827804920294,495410053752761,41885206688075.3,FLOAT
"mixed_(3,0.5,1)",3,0.5,1,0.66667405003896,11.827804920294,416375732032743,35203128123826.1,FLOAT
"mixed_(3,0.5,1)",3,0.5,1,0.66667449041545,11.827804920294,349950051080743,29587066530011,FLOAT
"mixed_(3,0.5,1)",3,0.5,1,0.666674957057912,11.827804920294,294121502138436,24866955797839.9,FLOAT
"mixed_(3,0.5,1)",3,0.5,1,0.666675451532965,11.827804920294,247199481297644,20899861213765,FLOAT
"mixed_(3,0.5,1)",3,0.5,1,0.666675975500663,11.827804920294,207763094237132,17565651077034.8,FLOAT
"mixed_(3,0.5,1)",3,0.5,1,0.666676530720078,11.827804920294,174618127995862,14763358811933.3,FLOAT
"mixed_(3,0.5,1)",3,0.5,1,0.666677119055197,11.827804920294,146760887590092,12408125478825.7,FLOAT
"mixed_(3,0.5,1)",3,0.5,1,0.666677742481186,11.827804920294,123347801773052,10428630046256.6,FLOAT
"mixed_(3,0.5,1)",3,0.5,1,0.666678403091018,11.827804920294,103669877784355,8764929628359.62,FLOAT
"mixed_(3,0.5,1)",3,0.5,1,0.666679103102497,11.827804920294,87131231437233.1,7366644277986.22,FLOAT
"mixed_(3,0.5,1)",3,0.5,1,0.666679844865711,11.827804920294,73231042408734.1,6191431368898.65,FLOAT
"mixed_(3,0.5,1)",3,0.5,1,0.666680630870915,11.827804920294,61548388267555.1,5203703365274.42,FLOAT
"mixed_(3,0.5,1)",3,0.5,1,0.666681463756893,11.827804920294,51729498037689.8,4373550154595.55,FLOAT
"mixed_(3,0.5,1)",3,0.5,1,0.666682346319819,11.827804920294,43477039216975.2,3675833302117.28,FLOAT
"mixed_(3,0.5,1)",3,0.5,1,0.666683281522644,11.827804920294,36541113911420.7,3089424805164.99,FLOAT
"mixed_(3,0.5,1)",3,0.5,1,0.666684272505039,11.827804920294,30711691391852.1,2596567291970.25,FLOAT
"mixed_(3,0.5,1)",3,0.5,1,0.666685322593942,11.827804920294,25812247916039.2,2182336290628.11,FLOAT
"mixed_(3,0.5,1)",3,0.5,1,0.666686435314721,11.827804920294,21694421222031.4,1834188284995.85,FLOAT
"mixed_(3,0.5,1)",3,0.5,1,0.666687614403016,11.827804920294,18233517808832.8,1541580870811.97,FLOAT
"mixed_(3,0.5,1)",3,0.5,1,0.666688863817274,11.827804920294,15324736966710.5,1295653510517.8,FLOAT
"mixed_(3,0.5,1)",3,0.5,1,0.666690187752041,11.827804920294,12879997198650.4,1088959218167.29,FLOAT
"mixed_(3,0.5,1)",3,0.5,1,0.666691590652045,11.827804920294,10825268939516.9,915239050056.629,FLOAT
"mixed_(3,0.5,1)",3,0.5,1,0.666693077227118,11.827804920294,9098332797795.95,769232571816.711,FLOAT
"mixed_(3,0.5,1)",3,0.5,1,0.666694652468004,11.827804920294,7646895433741.53,646518562426.51,FLOAT
"mixed_(3,0.5,1)",3,0.5,1,0.66669632166312,11.827804920294,6427006019204.26,543381131368.26,FLOAT
"mixed_(3,0.5,1)",3,0.5,1,0.666698090416304,11.827804920294,5401725327126.53,456697194747.14,FLOAT
"mixed_(3,0.5,1)",3,0.5,1,0.666699964665634,11.827804920294,4540007145589.8,383841902717.577,FLOAT
"mixed_(3,0.5,1)",3,0.5,1,0.66670195070336,11.827804920294,3815758144831.97,322609154490.966,FLOAT
"mixed_(3,0.5,1)",3,0.5,1,0.666704055197027,11.827804920294,3207047727626.77,271144793917.959,FLOAT
"mixed_(3,0.5,1)",3,0.5,1,0.666706285211866,11.827804920294,2695443934874.3,227890462602.884,FLOAT
"mixed_(3,0.5,1)",3,0.5,1,0.666708648234505,11.827804920294,2265455296649.94,191536410340.271,FLOAT
"mixed_(3,0.5,1)",3,0.5,1,0.666711152198109,11.827804920294,1904061727332.28,160981833920.298,FLOAT
"mixed_(3,0.5,1)",3,0.5,1,0.666713805509012,11.827804920294,1600320258442.72,135301543203.936,FLOAT
"mixed_(3,0.5,1)",3,0.5,1,0.666716617074936,11.827804920294,1345033670201.98,113717945067.082,FLOAT
"mixed_(3,0.5,1)",3,0.5,1,0.6667195963349,11.827804920294,1130471987687.75,95577496863.8747,FLOAT
"mixed_(3,0.5,1)",3,0.5,1,0.666722753290909,11.827804920294,950138407654.8,80330916348.8768,FLOAT
"mixed_(3,0.5,1)",3,0.5,1,0.666726098541527,11.827804920294,798572567668.787,67516548762.719,FLOAT
"mixed_(3,0.5,1)",3,0.5,1,0.666729643317467,11.827804920294,671185200427.061,56746387426.7676,FLOAT
"mixed_(3,0.5,1)",3,0.5,1,0.666733399519287,11.827804920294,564119166226.723,47694324518.9127,FLOAT
"mixed_(3,0.5,1)",3,0.5,1,0.666737379757347,11.827804920294,474132655273.285,40086276232.7053,FLOAT
"mixed_(3,0.5,1)",3,0.5,1,0.666741597394146,11.827804920294,398501023082.49,33691883300.0803,FLOAT
"mixed_(3,0.5,1)",3,0.5,1,0.666746066589179,11.827804920294,334934286342.081,28317535551.8061,FLOAT
"mixed_(3,0.5,1)",3,0.5,1,0.666750802346474,11.827804920294,281507780882.881,23800509288.7561,FLOAT
"mixed_(3,0.5,1)",3,0.5,1,0.666755820564966,11.827804920294,236603881941.73,20004039931.6986,FLOAT
"mixed_(3,0.5,1)",3,0.5,1,0.666761138091871,11.827804920294,198863021924.446,16813180742.5578,FLOAT
"mixed_(3,0.5,1)",3,0.5,1,0.666766772779247,11.827804920294,167142522414.09,14131322213.0914,FLOAT
"mixed_(3,0.5,1)",3,0.5,1,0.666772743543927,11.827804920294,140481993786.379,11877266722.0368,FLOAT
"mixed_(3,0.5,1)",3,0.5,1,0.666779070431024,11.827804920294,118074254682.879,9982769877.14439,FLOAT
"mixed_(3,0.5,1)",3,0.5,1,0.666785774681232,11.827804920294,99240890749.3037,8390474091.0293,FLOAT
"mixed_(3,0.5,1)",3,0.5,1,0.666792878802131,11.827804920294,83411712520.3553,7052171816.3791,FLOAT
"mixed_(3,0.5,1)",3,0.5,1,0.66680040664375,11.827804920294,70107490410.06,5927345849.09685,FLOAT
"mixed_(3,0.5,1)",3,0.5,1,0.666808383478639,11.827804920294,58925444006.5252,4981942498.35773,FLOAT
"mixed_(3,0.5,1)",3,0.5,1,0.666816836086713,11.827804920294,49527046267.3538,4187340473.50984,FLOAT
"mixed_(3,0.5,1)",3,0.5,1,0.666825792845157,11.827804920294,41627773318.5726,3519484265.02371,FLOAT
"mixed_(3,0.5,1)",3,0.5,1,0.666835283823696,11.827804920294,34988489467.1134,2958155777.09206,FLOAT
"mixed_(3,0.5,1)",3,0.5,1,0.666845340885544,11.827804920294,29408206561.8391,2486362156.64608,FLOAT
"mixed_(3,0.5,1)",3,0.5,1,0.666855997794376,11.827804920294,24717998450.3406,2089821281.72421,FLOAT
"mixed_(3,0.5,1)",3,0.5,1,0.666867290327678,11.827804920294,20775886256.7254,1756529329.39827,FLOAT
"mixed_(3,0.5,1)",3,0.5,1,0.666879256396864,11.827804920294,17462539605.4474,1476397329.11536,FLOAT
"mixed_(3,0.5,1)",3,0.5,1,0.666891936174548,11.827804920294,14677663622.4098,1240945696.13658,FLOAT
"mixed_(3,0.5,1)",3,0.5,1,0.666905372229415,11.827804920294,12336962310.3891,1043047495.43118,FLOAT
"mixed_(3,0.5,1)",3,0.5,1,0.666919609669129,11.827804920294,10369586350.3718,876712662.106217,FLOAT
"mixed_(3,0.5,1)",3,0.5,1,0.666934696291775,11.827804920294,8715988047.88804,736906644.537689,FLOAT
"mixed_(3,0.5,1)",3,0.5,1,0.666950682746323,11.827804920294,7326118472.7415,619397978.769807,FLOAT
"mixed_(3,0.5,1)",3,0.5,1,0.666967622702667,11.827804920294,6157912202.42556,520630178.811292,FLOAT
"mixed_(3,0.5,1)",3,0.5,1,0.666985573031808,11.827804920294,5176013787.68596,437614063.703165,FLOAT
"mixed_(3,0.5,1)",3,0.5,1,0.667004593996783,11.827804920294,4350707379.17052,367837261.153827,FLOAT
"mixed_(3,0.5,1)",3,0.5,1,0.667024749454976,11.827804920294,3657017104.67685,309188147.546665,FLOAT
"mixed_(3,0.5,1)",3,0.5,1,0.667046107072505,11.827804920294,3073950957.95764,259891921.353521,FLOAT
"mixed_(3,0.5,1)",3,0.5,1,0.667068738551391,11.827804920294,2583865304.77735,218456874.319611,FLOAT
"mixed_(3,0.5,1)",3,0.5,1,0.667092719870275,11.827804920294,2171930764.65209,183629233.611869,FLOAT
"mixed_(3,0.5,1)",3,0.5,1,0.667118131539495,11.827804920294,1825683296.10782,154355207.630076,FLOAT
"mixed_(3,0.5,1)",3,0.5,1,0.667145058871377,11.827804920294,1534646893.29811,129749086.310781,FLOAT
"mixed_(3,0.5,1)",3,0.5,1,0.667173592266644,11.827804920294,1290016470.15284,109066430.078809,FLOAT
"mixed_(3,0.5,1)",3,0.5,1,0.667203827517915,11.827804920294,1084391330.62103,91681535.6780732,FLOAT
"mixed_(3,0.5,1)",3,0.5,1,0.667235866131295,11.827804920294,911551155.339692,77068496.6191704,FLOAT
"mixed_(3,0.5,1)",3,0.5,1,0.667269815667157,11.827804920294,766267722.31801,64785284.8143827,FLOAT
"mixed_(3,0.5,1)",3,0.5,1,0.667305790101244,11.827804920294,644146661.257549,54460371.4527388,FLOAT
"mixed_(3,0.5,1)",3,0.5,1,0.667343910207308,11.827804920294,541494450.47078,45781482.0494617,FLOAT
"mixed_(3,0.5,1)",3,0.5,1,0.667384303962572,11.827804920294,455206629.668434,38486145.2237507,FLOAT
"mixed_(3,0.5,1)",3,0.5,1,0.667427106977381,11.827804920294,382673844.236216,32353749.0673204,FLOAT
"mixed_(3,0.5,1)",3,0.5,1,0.66747246295047,11.827804920294,321702876.533966,27198864.6138547,FLOAT
"mixed_(3,0.5,1)",3,0.5,1,0.667520524151393,11.827804920294,270450273.495857,22865634.2821495,FLOAT
"mixed_(3,0.5,1)",3,0.5,1,0.667571451931725,11.827804920294,227366561.20453,19223055.4112887,FLOAT
"mixed_(3,0.5,1)",3,0.5,1,0.667625417266748,11.827804920294,191149357.630772,16161016.1049406,FLOAT
"mixed_(3,0.5,1)",3,0.5,1,0.66768260132946,11.827804920294,160703964.142711,13586963.3797538,FLOAT
"mixed_(3,0.5,1)",3,0.5,1,0.667743196098802,11.827804920294,135110242.813049,11423102.756237,FLOAT
"mixed_(3,0.5,1)",3,0.5,1,0.667807405004176,11.827804920294,113594776.850949,9604044.51955745,FLOAT
"mixed_(3,0.5,1)",3,0.5,1,0.667875443608401,11.827804920294,95507471.4391144,8074825.40124066,FLOAT
"mixed_(3,0.5,1)",3,0.5,1,0.667947540331402,11.827804920294,80301886.681472,6789245.79791521,FLOAT
"mixed_(3,0.5,1)",3,0.5,1,0.668023937217061,11.827804920294,67518707.3557518,5708472.19606226,FLOAT
"mixed_(3,0.5,1)",3,0.5,1,0.668104890745814,11.827804920294,56771849.1253512,4799862.50027997,FLOAT
"mixed_(3,0.5,1)",3,0.5,1,0.668190672695706,11.827804920294,47736780.6790005,4035978.71057962,FLOAT
"mixed_(3,0.5,1)",3,0.5,1,0.66828157105481,11.827804920294,40140708.3479599,3393757.06571572,FLOAT
"mixed_(3,0.5,1)",3,0.5,1,0.668377890988062,11.827804920294,33754326.1302035,2853810.53626301,FLOAT
"mixed_(3,0.5,1)",3,0.5,1,0.668479955861763,11.827804920294,28384881.4382405,2399842.55757661,FLOAT
"mixed_(3,0.5,1)",3,0.5,1,0.668588108329191,11.827804920294,23870346.7141194,2018154.25999781,FLOAT
"mixed_(3,0.5,1)",3,0.5,1,0.668702711480957,11.827804920294,20074520.5298135,1697230.28383441,FLOAT
"mixed_(3,0.5,1)",3,0.5,1,0.668824150063978,11.827804920294,16882909.9251934,1427390.64527696,FLOAT
"mixed_(3,0.5,1)",3,0.5,1,0.668952831773153,11.827804920294,14199269.3827124,1200498.11867835,FLOAT
"mixed_(3,0.5,1)",3,0.5,1,0.669089188620082,11.827804920294,11942691.7122483,1009712.28092815,FLOAT
"mixed_(3,0.5,1)",3,0.5,1,0.669233678383419,11.827804920294,10045162.823824,849282.775942954,FLOAT
"mixed_(3,0.5,1)",3,0.5,1,0.669386786145729,11.827804920294,8449506.40574618,714375.54431116,FLOAT
"mixed_(3,0.5,1)",3,0.5,1,0.669549025922018,11.827804920294,7107656.32574629,600926.76078434,FLOAT
"mixed_(3,0.5,1)",3,0.5,1,0.669720942385384,11.827804920294,5979204.49080474,505520.060847536,FLOAT
"mixed_(3,0.5,1)",3,0.5,1,0.669903112695601,11.827804920294,5030180.23711129,425283.342361832,FLOAT
"mixed_(3,0.5,1)",3,0.5,1,0.670096148436769,11.827804920294,4232024.32804691,357802.020642118,FLOAT
"mixed_(3,0.5,1)",3,0.5,1,0.670300697670525,11.827804920294,3560726.52671097,301046.113196931,FLOAT
"mixed_(3,0.5,1)",3,0.5,1,0.670517447111728,11.827804920294,2996100.65903966,253308.948822285,FLOAT
"mixed_(3,0.5,1)",3,0.5,1,0.670747124433902,11.827804920294,2521175.2435243,213155.647451844,FLOAT
"mixed_(3,0.5,1)",3,0.5,1,0.67099050071219,11.827804920294,2121681.26005318,179379.812784021,FLOAT
"mixed_(3,0.5,1)",3,0.5,1,0.671248393012015,11.827804920294,1785621.56918438,150967.128170649,FLOAT
"mixed_(3,0.5,1)",3,0.5,1,0.671521667132144,11.827804920294,1502908.96322205,127064.755087267,FLOAT
"mixed_(3,0.5,1)",3,0.5,1,0.671811240511352,11.827804920294,1265061.90659009,106955.609033981,FLOAT
"mixed_(3,0.5,1)",3,0.5,1,0.67211808530846,11.827804920294,1064948.76796956,90036.7352472504,FLOAT
"mixed_(3,0.5,1)",3,0.5,1,0.672443231666078,11.827804920294,896572.81335086,75801.1306060375,FLOAT
"mixed_(3,0.5,1)",3,0.5,1,0.672787771169006,11.827804920294,754891.461916048,63822.4623417582,FLOAT
"mixed_(3,0.5,1)",3,0.5,1,0.673152860508921,11.827804920294,635664.342818679,53742.2217645061,FLOAT
"mixed_(3,0.5,1)",3,0.5,1,0.673539725367628,11.827804920294,535325.561845367,45258.9248510483,FLOAT
"mixed_(3,0.5,1)",3,0.5,1,0.673949664531935,11.827804920294,450876.318957491,38119.0334293544,FLOAT
"mixed_(3,0.5,1)",3,0.5,1,0.674384054253956,11.827804920294,379794.63299745,32109.3227147247,FLOAT
"mixed_(3,0.5,1)",3,0.5,1,0.674844352871474,11.827804920294,319959.447003818,27050.4646766649,FLOAT
"mixed_(3,0.5,1)",3,0.5,1,0.675332105703892,11.827804920294,269586.822273409,22791.6334675045,FLOAT
"mixed_(3,0.5,1)",3,0.5,1,0.675848950240194,11.827804920294,227176.294683226,19205.970034942,FLOAT
"mixed_(3,0.5,1)",3,0.5,1,0.676396621636343,11.827804920294,191465.773898658,16186.7690060767,FLOAT
"mixed_(3,0.5,1)",3,0.5,1,0.676976958540561,11.827804920294,161393.624237205,13644.2727555802,FLOAT
"mixed_(3,0.5,1)",3,0.5,1,0.677591909266059,11.827804920294,136066.782939601,11502.9759157796,FLOAT
"mixed_(3,0.5,1)",3,0.5,1,0.67824353833194,11.827804920294,114733.953986146,9699.35900653779,FLOAT
"mixed_(3,0.5,1)",3,0.5,1,0.678934033394218,11.827804920294,96763.0689027407,8179.98282435447,FLOAT
"mixed_(3,0.5,1)",3,0.5,1,0.679665712590243,11.827804920294,81622.3348659129,6899.88612519016,FLOAT
"mixed_(3,0.5,1)",3,0.5,1,0.680441032321174,11.827804920294,68864.2987363802,5821.23829361808,FLOAT
"mixed_(3,0.5,1)",3,0.5,1,0.681262595498641,11.827804920294,58112.4467026013,4912.20638903103,FLOAT
"mixed_(3,0.5,1)",3,0.5,1,0.68213316028326,11.827804920294,49049.9357527798,4146.00243057107,FLOAT
"mixed_(3,0.5,1)",3,0.5,1,0.683055649344363,11.827804920294,41410.1175305508,3500.08222190068,FLOAT
"mixed_(3,0.5,1)",3,0.5,1,0.684033159672015,11.827804920294,34968.5692109171,2955.4715893241,FLOAT
"mixed_(3,0.5,1)",3,0.5,1,0.68506897297426,11.827804920294,29536.3914946137,2496.19975038948,FLOAT
"mixed_(3,0.5,1)",3,0.5,1,0.686166566694507,11.827804920294,24954.5720347978,2108.82276110937,FLOAT
"mixed_(3,0.5,1)",3,0.5,1,0.687329625686041,11.827804920294,21089.2447352117,1782.02270601598,FLOAT
"mixed_(3,0.5,1)",3,0.5,1,0.68856205458285,11.827804920294,17827.7023646976,1506.27057850853,FLOAT
"mixed_(3,0.5,1)",3,0.5,1,0.689867990908302,11.827804920294,15075.0426352097,1273.5427183487,FLOAT
"mixed_(3,0.5,1)",3,0.5,1,0.691251818965688,11.827804920294,12751.3469753814,1077.08228672277,FLOAT
"mixed_(3,0.5,1)",3,0.5,1,0.692718184557244,11.827804920294,10789.3072757738,911.198615760188,FLOAT
"mixed_(3,0.5,1)",3,0.5,1,0.694272010581095,11.827804920294,9132.22936995514,771.098409763772,FLOAT
"mixed_(3,0.5,1)",3,0.5,1,0.695918513558455,11.827804920294,7732.35335484368,652.743734103746,FLOAT
"mixed_(3,0.5,1)",3,0.5,1,0.697663221146592,11.827804920294,6549.44038680617,552.732533715424,FLOAT
"mixed_(3,0.5,1)",3,0.5,1,0.699511990696333,11.827804920294,5549.58360466415,468.198100751749,FLOAT
"mixed_(3,0.5,1)",3,0.5,1,0.701471028916427,11.827804920294,4704.20756900972,396.724480637848,FLOAT
"mixed_(3,0.5,1)",3,0.5,1,0.703546912710775,11.827804920294,3989.22627243637,336.275284748034,FLOAT
"mixed_(3,0.5,1)",3,0.5,1,0.705746611258478,11.827804920294,3384.33453845293,285.133780634658,FLOAT
"mixed_(3,0.5,1)",3,0.5,1,0.708077509410841,11.827804920294,2872.41163166415,241.852469331456,FLOAT
"mixed_(3,0.5,1)",3,0.5,1,0.710547432483875,11.827804920294,2439.01926909042,205.210643946754,FLOAT
"mixed_(3,0.5,1)",3,0.5,1,0.713164672529529,11.827804920294,2071.97905382346,174.178663140476,FLOAT
"mixed_(3,0.5,1)",3,0.5,1,0.715938016173855,11.827804920294,1761.01673293491,147.887874360642,FLOAT
"mixed_(3,0.5,1)",3,0.5,1,0.718876774115565,11.827804920294,1497.46268344591,125.605290967944,FLOAT
"mixed_(3,0.5,1)",3,0.5,1,0.721990812384003,11.827804920294,1273.99971355334,106.712269701661,FLOAT
"mixed_(3,0.5,1)",3,0.5,1,0.725290585461487,11.827804920294,1084.45068191187,90.686554624449,FLOAT
"mixed_(3,0.5,1)",3,0.5,1,0.728787171381207,11.827804920294,923.599628225207,77.0871543324581,FLOAT
"mixed_(3,0.5,1)",3,0.5,1,0.732492308918514,11.827804920294,787.041109549774,65.5416038608633,FLOAT
"mixed_(3,0.5,1)",3,0.5,1,0.736418437000464,11.827804920294,671.053278691808,55.7352339012983,FLOAT
"mixed_(3,0.5,1)",3,0.5,1,0.740578736465914,11.827804920294,572.49094921974,47.402129818481,FLOAT
"mixed_(3,0.5,1)",3,0.5,1,0.744987174316374,11.827804920294,488.695487214484,40.3175133093365,FLOAT
"mixed_(3,0.5,1)",3,0.5,1,0.749658550606174,11.827804920294,417.41887084886,34.291321903074,FLOAT
"mixed_(3,0.5,1)",3,0.5,1,0.754608548129361,11.827804920294,356.759680277566,29.1627971277613,FLOAT
"mixed_(3,0.5,1)",3,0.5,1,0.759853785070145,11.827804920294,305.109134789826,24.7959221382087,FLOAT
"mixed_(3,0.5,1)",3,0.5,1,0.765411870793641,11.827804920294,261.105592369589,21.0755748111457,FLOAT
"mixed_(3,0.5,1)",3,0.5,1,0.771301464964215,11.827804920294,223.59617767197,17.9042835233379,FLOAT
"mixed_(3,0.5,1)",3,0.5,1,0.777542340189913,11.827804920294,191.604415483169,15.1994906725606,FLOAT
"mixed_(3,0.5,1)",3,0.5,1,0.784155448403264,11.827804920294,164.302924311075,12.8912440151229,FLOAT
"mixed_(3,0.5,1)",3,0.5,1,0.791162991201332,11.827804920294,140.990374174961,10.9202485266772,FLOAT
"mixed_(3,0.5,1)",3,0.5,1,0.798588494381158,11.827804920294,121.07203839851,9.23622212358066,FLOAT
"mixed_(3,0.5,1)",3,0.5,1,0.806456886920807,11.827804920294,104.04337502263,7.79650752813093,FLOAT
"mixed_(3,0.5,1)",3,0.5,1,0.814794584671205,11.827804920294,89.4761625065354,6.56490009004233,FLOAT
"mixed_(3,0.5,1)",3,0.5,1,0.823629579039712,11.827804920294,77.0067893377217,5.51065771346924,FLOAT
"mixed_(3,0.5,1)",3,0.5,1,0.83299153096317,11.827804920294,66.3263602609233,4.60766437288133,FLOAT
"mixed_(3,0.5,1)",3,0.5,1,0.842911870485915,11.827804920294,57.1723349443601,3.83372319121229,FLOAT
"mixed_(3,0.5,1)",3,0.5,1,0.853423902277057,11.827804920294,49.3214596108176,3.16995883371329,FLOAT
"mixed_(3,0.5,1)",3,0.5,1,0.864562917441269,11.827804920294,42.5837898017509,2.60031215332999,FLOAT
"mixed_(3,0.5,1)",3,0.5,1,0.876366311998457,11.827804920294,36.797634133189,2.11111270275112,FLOAT
"mixed_(3,0.5,1)",3,0.5,1,0.888873712430073,11.827804920294,31.8252755827416,1.69071698402263,FLOAT
"mixed_(3,0.5,1)",3,0.5,1,0.9,11.827804920294,28.1773900427375,1.38230087768788,FLOAT
"mixed_(3,0.5,1)",3,0.5,1,0.902127108713561,11.827804920294,27.5493493066902,1.32920220550994,FLOAT
"mixed_(3,0.5,1)",3,0.5,1,0.912667383761716,11.827804920294,24.717794629139,1.08980405034652,FLOAT
"mixed_(3,0.5,1)",3,0.5,1,0.916170995291558,11.827804920294,23.8697748865179,1.01810691395175,FLOAT
"mixed_(3,0.5,1)",3,0.5,1,0.923730141409766,11.827804920294,22.1783864470743,0.875105870999007,FLOAT
"mixed_(3,0.5,1)",3,0.5,1,0.931052520449102,11.827804920294,20.7011567976545,0.750211213082799,FLOAT
"mixed_(3,0.5,1)",3,0.5,1,0.933391537091908,11.827804920294,20.2594235621324,0.712864195736898,FLOAT
"mixed_(3,0.5,1)",3,0.5,1,0.941829086706256,11.827804920294,18.7751658231392,0.587375337153636,FLOAT
"mixed_(3,0.5,1)",3,0.5,1,0.946821644600358,11.827804920294,17.9705802373462,0.519350408503311,FLOAT
"mixed_(3,0.5,1)",3,0.5,1,0.94919781953087,11.827804920294,17.6052412478747,0.488462260454415,FLOAT
"mixed_(3,0.5,1)",3,0.5,1,0.955633126690214,11.827804920294,16.668665354905,0.409278007815729,FLOAT
"mixed_(3,0.5,1)",3,0.5,1,0.961253248795439,11.827804920294,15.9091966102119,0.345067552045529,FLOAT
"mixed_(3,0.5,1)",3,0.5,1,0.963531308016255,11.827804920294,15.6157406158268,0.320256862626597,FLOAT
"mixed_(3,0.5,1)",3,0.5,1,0.966161448465718,11.827804920294,15.2866992919941,0.292437556673375,FLOAT
"mixed_(3,0.5,1)",3,0.5,1,0.970447907647971,11.827804920294,14.7718482183733,0.248908678991475,FLOAT
"mixed_(3,0.5,1)",3,0.5,1,0.974191384595819,11.827804920294,14.3427715897478,0.212631733986293,FLOAT
"mixed_(3,0.5,1)",3,0.5,1,0.977460660952652,11.827804920294,13.9828592195364,0.18220238782809,FLOAT
"mixed_(3,0.5,1)",3,0.5,1,0.980315805527134,11.827804920294,13.6792940666476,0.15653700401981,FLOAT
"mixed_(3,0.5,1)",3,0.5,1,0.981237608556118,11.827804920294,13.5833542960605,0.148425628220698,FLOAT
"mixed_(3,0.5,1)",3,0.5,1,0.982809277981414,11.827804920294,13.422045431001,0.134787521560455,FLOAT
"mixed_(3,0.5,1)",3,0.5,1,0.984986892710918,11.827804920294,13.2031642512358,0.116281874803493,FLOAT
"mixed_(3,0.5,1)",3,0.5,1,0.986888660625784,11.827804920294,13.0162805574241,0.100481504821822,FLOAT
"mixed_(3,0.5,1)",3,0.5,1,0.988549524300617,11.827804920294,12.856238951865,0.0869505405695691,FLOAT
"mixed_(3,0.5,1)",3,0.5,1,0.99,11.827804920294,12.718830072776,0.0753330950659429,FLOAT
"mixed_(3,0.5,1)",3,0.5,1,0.991266738376172,11.827804920294,12.6005899269918,0.0653362996689143,FLOAT
"mixed_(3,0.5,1)",3,0.5,1,0.992373014140977,11.827804920294,12.4986479536939,0.0567174583889936,FLOAT
"mixed_(3,0.5,1)",3,0.5,1,0.993339153709191,11.827804920294,12.4106105762768,0.0492742026022728,FLOAT
"mixed_(3,0.5,1)",3,0.5,1,0.994182908670626,11.827804920294,12.3344709396632,0.0428368596526139,FLOAT
"mixed_(3,0.5,1)",3,0.5,1,0.994919781953087,11.827804920294,12.2685382067342,0.0372624751093012,FLOAT
"mixed_(3,0.5,1)",3,0.5,1,0.995563312669021,11.827804920294,12.2113816326088,0.0324300844408314,FLOAT
"mixed_(3,0.5,1)",3,0.5,1,0.996125324879544,11.827804920294,12.1617859250694,0.0282369388932304,FLOAT
"mixed_(3,0.5,1)",3,0.5,1,0.996616144846572,11.827804920294,12.1187153122656,0.0245954675387319,FLOAT
"mixed_(3,0.5,1)",3,0.5,1,0.997044790764797,11.827804920294,12.0812843927072,0.0214308127434746,FLOAT
"mixed_(3,0.5,1)",3,0.5,1,0.997419138459582,11.827804920294,12.0487343161411,0.0186788163430079,FLOAT
"mixed_(3,0.5,1)",3,0.5,1,0.997746066095265,11.827804920294,12.0204131905021,0.0162843631177585,FLOAT
"mixed_(3,0.5,1)",3,0.5,1,0.998031580552713,11.827804920294,11.9957598662792,0.0142000098172904,FLOAT
"mixed_(3,0.5,1)",3,0.5,1,0.998280927798141,11.827804920294,11.9742904407138,0.0123848441369207,FLOAT
"mixed_(3,0.5,1)",3,0.5,1,0.998498689271092,11.827804920294,11.9555869680426,0.0108035302078204,FLOAT
"mixed_(3,0.5,1)",3,0.5,1,0.998688866062578,11.827804920294,11.939287971137,0.009425506388906,FLOAT
"mixed_(3,0.5,1)",3,0.5,1,0.998854952430062,11.827804920294,11.9250804333935,0.0082243082089166,FLOAT
"mixed_(3,0.5,1)",3,0.5,1,0.999,11.827804920294,11.9126930141327,0.00717699475183425,FLOAT
"mixed_(3,0.5,1)",3,0.5,1,0.999126673837617,11.827804920294,11.9018902808013,0.00626366100950549,FLOAT
"mixed_(3,0.5,1)",3,0.5,1,0.999237301414098,11.827804920294,11.8924677904445,0.00546702203716295,FLOAT
"mixed_(3,0.5,1)",3,0.5,1,0.999333915370919,11.827804920294,11.8842478838006,0.0047720573586518,FLOAT
"mixed_(3,0.5,1)",3,0.5,1,0.999418290867063,11.827804920294,11.8770760798853,0.00416570614102116,FLOAT
"mixed_(3,0.5,1)",3,0.5,1,0.999491978195309,11.827804920294,11.8708179785318,0.00363660531498412,FLOAT
"mixed_(3,0.5,1)",3,0.5,1,0.999556331266902,11.827804920294,11.8653565941158,0.00317486415059997,FLOAT
"mixed_(3,0.5,1)",3,0.5,1,0.999612532487954,11.827804920294,11.8605900564589,0.00277186987660455,FLOAT
"mixed_(3,0.5,1)",3,0.5,1,0.999661614484657,11.827804920294,11.8564296252977,0.00242011981061457,FLOAT
"mixed_(3,0.5,1)",3,0.5,1,0.99970447907648,11.827804920294,11.852797973221,0.00211307618745932,FLOAT
"mixed_(3,0.5,1)",3,0.5,1,0.999741913845958,11.827804920294,11.8496276989942,0.00184504046585039,FLOAT
"mixed_(3,0.5,1)",3,0.5,1,0.999774606609527,11.827804920294,11.8468600389948,0.00161104438474905,FLOAT
"mixed_(3,0.5,1)",3,0.5,1,0.999803158055271,11.827804920294,11.8444437493194,0.00140675544933756,FLOAT
"mixed_(3,0.5,1)",3,0.5,1,0.999828092779814,11.827804920294,11.8423341351597,0.00122839486816291,FLOAT
"mixed_(3,0.5,1)",3,0.5,1,0.999849868927109,11.827804920294,11.8404922074406,0.00107266624974292,FLOAT
"mixed_(3,0.5,1)",3,0.5,1,0.999868886606258,11.827804920294,11.8388839495679,0.000936693608711214,FLOAT
"mixed_(3,0.5,1)",3,0.5,1,0.999885495243006,11.827804920294,11.8374796795588,0.000817967436049277,FLOAT
"mixed_(3,0.5,1)",3,0.5,1,0.9999,11.827804920294,11.8362534948727,0.000714297761556846,FLOAT
"mixed_(3,0.5,1)",3,0.5,1,0.999912667383762,11.827804920294,11.8351827890177,0.000623773284509311,FLOAT
"mixed_(3,0.5,1)",3,0.5,1,0.99992373014141,11.827804920294,11.834247830492,0.000544725774680223,FLOAT
"mixed_(3,0.5,1)",3,0.5,1,0.999933391537092,11.827804920294,11.833431395904,0.000475699053869182,FLOAT
"mixed_(3,0.5,1)",3,0.5,1,0.999941829086706,11.827804920294,11.8327184502063,0.00041542196082349,FLOAT
"mixed_(3,0.5,1)",3,0.5,1,0.999949197819531,11.827804920294,11.8320958679243,0.000362784782060976,FLOAT
"mixed_(3,0.5,1)",3,0.5,1,0.99995563312669,11.827804920294,11.8315521900697,0.000316818699746051,FLOAT
"mixed_(3,0.5,1)",3,0.5,1,0.999961253248795,11.827804920294,11.8310774121302,0.000276677866962667,FLOAT
"mixed_(3,0.5,1)",3,0.5,1,0.999966161448466,11.827804920294,11.8306627991316,0.00024162377185134,FLOAT
"mixed_(3,0.5,1)",3,0.5,1,0.999970447907648,11.827804920294,11.8303007242914,0.000211011596331353,FLOAT
"mixed_(3,0.5,1)",3,0.5,1,0.999974191384596,11.827804920294,11.8299845282366,0.000184278313457131,FLOAT
"mixed_(3,0.5,1)",3,0.5,1,0.999977460660953,11.827804920294,11.8297083961509,0.000160932300603894,FLOAT
"mixed_(3,0.5,1)",3,0.5,1,0.999980315805527,11.827804920294,11.8294672505564,0.000140544274579109,FLOAT
"mixed_(3,0.5,1)",3,0.5,1,0.999982809277981,11.827804920294,11.8292566577335,0.000122739379725993,FLOAT
"mixed_(3,0.5,1)",3,0.5,1,0.999984986892711,11.827804920294,11.829072746037,0.00010719028184544,FLOAT
"mixed_(3,0.5,1)",3,0.5,1,0.999986888660626,11.827804920294,11.8289121345924,9.36111396732727e-05,FLOAT
"mixed_(3,0.5,1)",3,0.5,1,0.999988549524301,11.827804920294,11.8287718710482,8.17523421072794e-05,FLOAT
"mixed_(3,0.5,1)",3,0.5,1,0.99999,11.827804920294,11.8286493772331,7.13959136795382e-05,FLOAT
"mixed_(3,0.5,1)",3,0.5,1,0.999991266738376,11.827804920294,11.8285424017109,6.23515032437305e-05,FLOAT
"mixed_(3,0.5,1)",3,0.5,1,0.999992373014141,11.827804920294,11.8284489783564,5.44528817200867e-05,FLOAT
"mixed_(3,0.5,1)",3,0.5,1,0.999993339153709,11.827804920294,11.8283673901874,4.75548842014912e-05,FLOAT
"mixed_(3,0.5,1)",3,0.5,1,0.999994182908671,11.827804920294,11.8282961377842,4.15307399336803e-05,FLOAT
"mixed_(3,0.5,1)",3,0.5,1,0.999994919781953,11.827804920294,11.8282339117144,3.62697409430029e-05,FLOAT
"mixed_(3,0.5,1)",3,0.5,1,0.999995563312669,11.827804920294,11.8281795684549,3.16752062932514e-05,FLOAT
"mixed_(3,0.5,1)",3,0.5,1,0.99999612532488,11.827804920294,11.828132109366,2.7662704460799e-05,FLOAT
"mixed_(3,0.5,1)",3,0.5,1,0.999996616144847,11.827804920294,11.8280906623318,2.41585010676293e-05,FLOAT
"mixed_(3,0.5,1)",3,0.5,1,0.999997044790765,11.827804920294,11.8280544657279,2.10982033884765e-05,FLOAT
"mixed_(3,0.5,1)",3,0.5,1,0.99999741913846,11.827804920294,11.8280228544204,1.84255766641539e-05,FLOAT
"mixed_(3,0.5,1)",3,0.5,1,0.999997746066095,11.827804920294,11.8279952475405,1.60915104457687e-05,FLOAT
"mixed_(3,0.5,1)",3,0.5,1,0.999998031580553,11.827804920294,11.8279711378078,1.40531159304441e-05,FLOAT
"mixed_(3,0.5,1)",3,0.5,1,0.999998280927798,11.827804920294,11.8279500822068,1.22729376848646e-05,FLOAT
"mixed_(3,0.5,1)",3,0.5,1,0.999998498689271,11.827804920294,11.8279316938448,1.07182652752227e-05,FLOAT
"mixed_(3,0.5,1)",3,0.5,1,0.999998688866063,11.827804920294,11.8279156348417,9.36053210333724e-06,FLOAT
"mixed_(3,0.5,1)",3,0.5,1,0.99999885495243,11.827804920294,11.8279016101205,8.17479042777951e-06,FLOAT
"mixed_(3,0.5,1)",3,0.5,1,0.999999,11.827804920294,11.8278893619846,7.13925289840597e-06,FLOAT
"mixed_(3,0.5,1)",3,0.5,1,0.999999126673838,11.827804920294,11.8278786653824,6.23489217532288e-06,FLOAT
"mixed_(3,0.5,1)",3,0.5,1,0.999999237301414,11.827804920294,11.8278693237715,5.44509128389023e-06,FLOAT
"mixed_(3,0.5,1)",3,0.5,1,0.999999333915371,11.827804920294,11.8278611655072,4.75533825427513e-06,FLOAT
"mixed_(3,0.5,1)",3,0.5,1,0.999999418290867,11.827804920294,11.8278540406884,4.15295946273411e-06,FLOAT
"mixed_(3,0.5,1)",3,0.5,1,0.999999491978195,11.827804920294,11.8278478184029,3.6268867425545e-06,FLOAT
"mixed_(3,0.5,1)",3,0.5,1,0.999999556331267,11.827804920294,11.8278423843221,3.16745400691522e-06,FLOAT
"mixed_(3,0.5,1)",3,0.5,1,0.999999612532488,11.827804920294,11.8278376386002,2.76621963385204e-06,FLOAT
"mixed_(3,0.5,1)",3,0.5,1,0.999999661614485,11.827804920294,11.8278334940394,2.41581135266459e-06,FLOAT
"mixed_(3,0.5,1)",3,0.5,1,0.999999704479076,11.827804920294,11.8278298744878,2.10979078140733e-06,FLOAT
"mixed_(3,0.5,1)",3,0.5,1,0.999999741913846,11.827804920294,11.82782671344,1.84253512194569e-06,FLOAT
"mixed_(3,0.5,1)",3,0.5,1,0.999999774606609,11.827804920294,11.8278239528153,1.60913385111747e-06,FLOAT
"mixed_(3,0.5,1)",3,0.5,1,0.999999803158055,11.827804920294,11.8278215418903,1.40529847947599e-06,FLOAT
"mixed_(3,0.5,1)",3,0.5,1,0.99999982809278,11.827804920294,11.827819436367,1.22728376733338e-06,FLOAT
"mixed_(3,0.5,1)",3,0.5,1,0.999999849868927,11.827804920294,11.8278175975589,1.07181890001036e-06,FLOAT
"mixed_(3,0.5,1)",3,0.5,1,0.999999868886606,11.827804920294,11.82781599168,9.36047391828089e-07,FLOAT
"mixed_(3,0.5,1)",3,0.5,1,0.999999885495243,11.827804920294,11.8278145892242,8.17474605972727e-07,FLOAT
"mixed_(3,0.5,1)",3,0.5,1,0.9999999,11.827804920294,11.8278133644231,7.13921905921124e-07,FLOAT
"mixed_(3,0.5,1)",3,0.5,1,0.999999912667384,11.827804920294,11.8278122947723,6.23486636741197e-07,FLOAT
"mixed_(3,0.5,1)",3,0.5,1,0.999999923730141,11.827804920294,11.8278113606185,5.44507159661177e-07,FLOAT
"mixed_(3,0.5,1)",3,0.5,1,0.999999933391537,11.827804920294,11.8278105447976,4.75532325351421e-07,FLOAT
"mixed_(3,0.5,1)",3,0.5,1,0.999999941829087,11.827804920294,11.8278098323199,4.15294801249269e-07,FLOAT
"mixed_(3,0.5,1)",3,0.5,1,0.99999994919782,11.827804920294,11.8278092100946,3.62687801170975e-07,FLOAT
"mixed_(3,0.5,1)",3,0.5,1,0.999999955633127,11.827804920294,11.827808666689,3.16744734366499e-07,FLOAT
"mixed_(3,0.5,1)",3,0.5,1,0.999999961253249,11.827804920294,11.8278081921186,2.76621455174767e-07,FLOAT
"mixed_(3,0.5,1)",3,0.5,1,0.999999966161448,11.827804920294,11.827807777664,2.4158074863064e-07,FLOAT
"mixed_(3,0.5,1)",3,0.5,1,0.999999970447908,11.827804920294,11.8278074157099,2.10978782441826e-07,FLOAT
"mixed_(3,0.5,1)",3,0.5,1,0.999999974191385,11.827804920294,11.827807099606,1.84253286842236e-07,FLOAT
"mixed_(3,0.5,1)",3,0.5,1,0.999999977460661,11.827804920294,11.8278068235441,1.60913214366617e-07,FLOAT
"mixed_(3,0.5,1)",3,0.5,1,0.999999980315806,11.827804920294,11.8278065824521,1.40529718097797e-07,FLOAT
"mixed_(3,0.5,1)",3,0.5,1,0.999999982809278,11.827804920294,11.8278063719001,1.22728277326001e-07,FLOAT
"mixed_(3,0.5,1)",3,0.5,1,0.999999984986893,11.827804920294,11.8278061880196,1.07181815329139e-07,FLOAT
"mixed_(3,0.5,1)",3,0.5,1,0.999999986888661,11.827804920294,11.8278060274319,9.36046816169646e-08,FLOAT
"mixed_(3,0.5,1)",3,0.5,1,0.999999988549524,11.827804920294,11.8278058871865,8.17474161876193e-08,FLOAT
"mixed_(3,0.5,1)",3,0.5,1,0.99999999,11.827804920294,11.8278057647065,7.13921573261731e-08,FLOAT
"mixed_(5,0.2,0.2)",5,0.2,0.2,0.666666676666667,9.8,1.67583903270819e+23,1.71003982929407e+22,FLOAT
"mixed_(5,0.2,0.2)",5,0.2,0.2,0.66666667726311,9.8,1.40848396573797e+23,1.43722853646731e+22,FLOAT
"mixed_(5,0.2,0.2)",5,0.2,0.2,0.666666677895128,9.8,1.18378145433778e+23,1.20794025952835e+22,FLOAT
"mixed_(5,0.2,0.2)",5,0.2,0.2,0.666666678564843,9.8,9.94926835202525e+22,1.01523146449237e+22,FLOAT
"mixed_(5,0.2,0.2)",5,0.2,0.2,0.666666679274502,9.8,8.36201169028634e+22,8.53266499008811e+21,FLOAT
"mixed_(5,0.2,0.2)",5,0.2,0.2,0.666666680026488,9.8,7.02797751045454e+22,7.1714056229128e+21,FLOAT
"mixed_(5,0.2,0.2)",5,0.2,0.2,0.666666680823326,9.8,5.90676893280976e+22,6.02731523756098e+21,FLOAT
"mixed_(5,0.2,0.2)",5,0.2,0.2,0.666666681667691,9.8,4.96443245968811e+22,5.06574740784501e+21,FLOAT
"mixed_(5,0.2,0.2)",5,0.2,0.2,0.666666682562417,9.8,4.17243148192687e+22,4.25758314482334e+21,FLOAT
"mixed_(5,0.2,0.2)",5,0.2,0.2,0.666666683510509,9.8,3.50678243259096e+22,3.57834942101119e+21,FLOAT
"mixed_(5,0.2,0.2)",5,0.2,0.2,0.666666684515149,9.8,2.947327761559e+22,3.00747730771327e+21,FLOAT
"mixed_(5,0.2,0.2)",5,0.2,0.2,0.66666668557971,9.8,2.47712568996345e+22,2.52767927547291e+21,FLOAT
"mixed_(5,0.2,0.2)",5,0.2,0.2,0.666666686707767,9.8,2.0819374153872e+22,2.12442593406857e+21,FLOAT
"mixed_(5,0.2,0.2)",5,0.2,0.2,0.666666687903105,9.8,1.74979544033055e+22,1.7855055513577e+21,FLOAT
"mixed_(5,0.2,0.2)",5,0.2,0.2,0.666666689169739,9.8,1.47064176598343e+22,1.5006548632484e+21,FLOAT
"mixed_(5,0.2,0.2)",5,0.2,0.2,0.66666669051192,9.8,1.2360228834653e+22,1.26124784027071e+21,FLOAT
"mixed_(5,0.2,0.2)",5,0.2,0.2,0.666666691934155,9.8,1.03883394008128e+22,1.060034632736e+21,FLOAT
"mixed_(5,0.2,0.2)",5,0.2,0.2,0.666666693441218,9.8,8.7310353174401e+21,8.90921971167357e+20,FLOAT
"mixed_(5,0.2,0.2)",5,0.2,0.2,0.666666695038169,9.8,7.33812927431852e+21,7.48788701461073e+20,FLOAT
"mixed_(5,0.2,0.2)",5,0.2,0.2,0.666666696730369,9.8,6.16744062988708e+21,6.2933067651909e+20,FLOAT
"mixed_(5,0.2,0.2)",5,0.2,0.2,0.666666698523499,9.8,5.18351783519362e+21,5.28930391346288e+20,FLOAT
"mixed_(5,0.2,0.2)",5,0.2,0.2,0.666666700423579,9.8,4.3565651372912e+21,4.44547462988898e+20,FLOAT
"mixed_(5,0.2,0.2)",5,0.2,0.2,0.666666702436989,9.8,3.66154034679807e+21,3.73626565999803e+20,FLOAT
"mixed_(5,0.2,0.2)",5,0.2,0.2,0.666666704570486,9.8,3.07739643804265e+21,3.1402004469823e+20,FLOAT
"mixed_(5,0.2,0.2)",5,0.2,0.2,0.666666706831235,9.8,2.58644389918491e+21,2.63922846855603e+20,FLOAT
"mixed_(5,0.2,0.2)",5,0.2,0.2,0.666666709226825,9.8,2.17381549331254e+21,2.21817907480871e+20,FLOAT
"mixed_(5,0.2,0.2)",5,0.2,0.2,0.666666711765299,9.8,1.82701578552883e+21,1.8643018219682e+20,FLOAT
"mixed_(5,0.2,0.2)",5,0.2,0.2,0.666666714455177,9.8,1.53554278690287e+21,1.56688039479884e+20,FLOAT
"mixed_(5,0.2,0.2)",5,0.2,0.2,0.666666717305492,9.8,1.29056992932348e+21,1.31690809114641e+20,FLOAT
"mixed_(5,0.2,0.2)",5,0.2,0.2,0.666666720325813,9.8,1.08467881766934e+21,1.10681512007076e+20,FLOAT
"mixed_(5,0.2,0.2)",5,0.2,0.2,0.666666723526278,9.8,9.1163456344809e+20,9.30239350457235e+19,FLOAT
"mixed_(5,0.2,0.2)",5,0.2,0.2,0.666666726917633,9.8,7.66196919244308e+20,7.81833591065621e+19,FLOAT
"mixed_(5,0.2,0.2)",5,0.2,0.2,0.666666730511263,9.8,6.4396168370552e+20,6.57103758883184e+19,FLOAT
"mixed_(5,0.2,0.2)",5,0.2,0.2,0.666666734319233,9.8,5.41227242971826e+20,5.52272696910026e+19,FLOAT
"mixed_(5,0.2,0.2)",5,0.2,0.2,0.666666738354327,9.8,4.54882547582118e+20,4.64165864879713e+19,FLOAT
"mixed_(5,0.2,0.2)",5,0.2,0.2,0.666666742630091,9.8,3.82312850898593e+20,3.90115153978157e+19,FLOAT
"mixed_(5,0.2,0.2)",5,0.2,0.2,0.66666674716088,9.8,3.21320564769499e+20,3.27878127315815e+19,FLOAT
"mixed_(5,0.2,0.2)",5,0.2,0.2,0.666666751961906,9.8,2.70058683397835e+20,2.75570085099831e+19,FLOAT
"mixed_(5,0.2,0.2)",5,0.2,0.2,0.666666757049286,9.8,2.2697486927141e+20,2.31607009460623e+19,FLOAT
"mixed_(5,0.2,0.2)",5,0.2,0.2,0.666666762440099,9.8,1.90764432632653e+20,1.94657584319034e+19,FLOAT
"mixed_(5,0.2,0.2)",5,0.2,0.2,0.666666768152444,9.8,1.60330826296132e+20,1.63602883975645e+19,FLOAT
"mixed_(5,0.2,0.2)",5,0.2,0.2,0.666666774205498,9.8,1.34752447634934e+20,1.37502497586667e+19,FLOAT
"mixed_(5,0.2,0.2)",5,0.2,0.2,0.666666780619582,9.8,1.1325471518002e+20,1.15566035897979e+19,FLOAT
"mixed_(5,0.2,0.2)",5,0.2,0.2,0.66666678741623,9.8,9.51866244029429e+19,9.71292085744315e+18,FLOAT
"mixed_(5,0.2,0.2)",5,0.2,0.2,0.66666679461826,9.8,8.00010262981676e+19,8.16337003042527e+18,FLOAT
"mixed_(5,0.2,0.2)",5,0.2,0.2,0.666666802249851,9.8,6.72380628175541e+19,6.86102681811776e+18,FLOAT
"mixed_(5,0.2,0.2)",5,0.2,0.2,0.666666810336623,9.8,5.65112389957233e+19,5.76645295874727e+18,FLOAT
"mixed_(5,0.2,0.2)",5,0.2,0.2,0.666666818905725,9.8,4.74957190702973e+19,4.84650194594871e+18,FLOAT
"mixed_(5,0.2,0.2)",5,0.2,0.2,0.666666827985925,9.8,3.99184901166032e+19,4.07331531802073e+18,FLOAT
"mixed_(5,0.2,0.2)",5,0.2,0.2,0.666666837607709,9.8,3.35500945025862e+19,3.42347903087615e+18,FLOAT
"mixed_(5,0.2,0.2)",5,0.2,0.2,0.666666847803377,9.8,2.81976808021155e+19,2.8773143675628e+18,FLOAT
"mixed_(5,0.2,0.2)",5,0.2,0.2,0.66666685860716,9.8,2.36991644071109e+19,2.41828208235826e+18,FLOAT
"mixed_(5,0.2,0.2)",5,0.2,0.2,0.666666870055327,9.8,1.99183188899864e+19,2.03248151938637e+18,FLOAT
"mixed_(5,0.2,0.2)",5,0.2,0.2,0.666666882186313,9.8,1.67406505178093e+19,1.70822964467442e+18,FLOAT
"mixed_(5,0.2,0.2)",5,0.2,0.2,0.666666895040844,9.8,1.40699314110262e+19,1.4357072868394e+18,FLOAT
"mixed_(5,0.2,0.2)",5,0.2,0.2,0.666666908662074,9.8,1.18252854700989e+19,1.20666178266316e+18,FLOAT
"mixed_(5,0.2,0.2)",5,0.2,0.2,0.666666923095735,9.8,9.93873908237421e+18,1.01415704922186e+18,FLOAT
"mixed_(5,0.2,0.2)",5,0.2,0.2,0.666666938390282,9.8,8.35316284321298e+18,8.52363555429896e+17,FLOAT
"mixed_(5,0.2,0.2)",5,0.2,0.2,0.666666954597062,9.8,7.0205414604797e+18,7.16381781681602e+17,FLOAT
"mixed_(5,0.2,0.2)",5,0.2,0.2,0.666666971770485,9.8,5.9005198178169e+18,6.02093858960908e+17,FLOAT
"mixed_(5,0.2,0.2)",5,0.2,0.2,0.666666989968206,9.8,4.95918077980569e+18,5.06038855082214e+17,FLOAT
"mixed_(5,0.2,0.2)",5,0.2,0.2,0.666667009251318,9.8,4.16801823801918e+18,4.25307983471345e+17,FLOAT
"mixed_(5,0.2,0.2)",5,0.2,0.2,0.666667029684559,9.8,3.50307378606329e+18,3.57456508781969e+17,FLOAT
"mixed_(5,0.2,0.2)",5,0.2,0.2,0.666667051336528,9.8,2.94421121502305e+18,3.00429715818678e+17,FLOAT
"mixed_(5,0.2,0.2)",5,0.2,0.2,0.666667074279914,9.8,2.47450676208941e+18,2.52500690009124e+17,FLOAT
"mixed_(5,0.2,0.2)",5,0.2,0.2,0.666667098591744,9.8,2.07973658136099e+18,2.12218018506224e+17,FLOAT
"mixed_(5,0.2,0.2)",5,0.2,0.2,0.666667124353638,9.8,1.74794603911442e+18,1.78361840725961e+17,FLOAT
"mixed_(5,0.2,0.2)",5,0.2,0.2,0.666667151652083,9.8,1.46908768024092e+18,1.49906906147033e+17,FLOAT
"mixed_(5,0.2,0.2)",5,0.2,0.2,0.666667180578726,9.8,1.23471696966017e+18,1.25991527516344e+17,FLOAT
"mixed_(5,0.2,0.2)",5,0.2,0.2,0.66666721123068,9.8,1.0377365720761e+18,1.05891486946541e+17,FLOAT
"mixed_(5,0.2,0.2)",5,0.2,0.2,0.66666724371085,9.8,8.72181426099976e+17,8.89981047040792e+16,FLOAT
"mixed_(5,0.2,0.2)",5,0.2,0.2,0.666667278128279,9.8,7.3303810433521e+17,7.47998065648173e+16,FLOAT
"mixed_(5,0.2,0.2)",5,0.2,0.2,0.666667314598514,9.8,6.16092999651473e+17,6.28666326174972e+16,FLOAT
"mixed_(5,0.2,0.2)",5,0.2,0.2,0.666667353243992,9.8,5.17804719197287e+17,5.28372162446211e+16,FLOAT
"mixed_(5,0.2,0.2)",5,0.2,0.2,0.666667394194455,9.8,4.35196848032203e+17,4.44078416359391e+16,FLOAT
"mixed_(5,0.2,0.2)",5,0.2,0.2,0.666667437587381,9.8,3.65767813442225e+17,3.73232462696148e+16,FLOAT
"mixed_(5,0.2,0.2)",5,0.2,0.2,0.666667483568452,9.8,3.07415130474027e+17,3.13688908646966e+16,FLOAT
"mixed_(5,0.2,0.2)",5,0.2,0.2,0.666667532292033,9.8,2.58371734018647e+17,2.63644626549639e+16,FLOAT
"mixed_(5,0.2,0.2)",5,0.2,0.2,0.666667583921701,9.8,2.17152468099927e+17,2.21584151122374e+16,FLOAT
"mixed_(5,0.2,0.2)",5,0.2,0.2,0.666667638630787,9.8,1.82509110802715e+17,1.86233786533383e+16,FLOAT
"mixed_(5,0.2,0.2)",5,0.2,0.2,0.666667696602962,9.8,1.53392575263583e+17,1.56523035983248e+16,FLOAT
"mixed_(5,0.2,0.2)",5,0.2,0.2,0.66666775803285,9.8,1.2892114050512e+17,1.31552184188898e+16,FLOAT
"mixed_(5,0.2,0.2)",5,0.2,0.2,0.666667823126684,9.8,1.08353750939146e+17,1.1056505197872e+16,FLOAT
"mixed_(5,0.2,0.2)",5,0.2,0.2,0.666667892102997,9.8,9.10675752828386e+16,9.29260972273863e+15,FLOAT
"mixed_(5,0.2,0.2)",5,0.2,0.2,0.666667965193359,9.8,7.65391454876128e+16,7.8101168864911e+15,FLOAT
"mixed_(5,0.2,0.2)",5,0.2,0.2,0.666668042643148,9.8,6.43285050332598e+16,6.56413316665916e+15,FLOAT
"mixed_(5,0.2,0.2)",5,0.2,0.2,0.66666812471238,9.8,5.40658857281771e+16,5.51692711512011e+15,FLOAT
"mixed_(5,0.2,0.2)",5,0.2,0.2,0.666668211676578,9.8,4.5440510387147e+16,4.63678677419867e+15,FLOAT
"mixed_(5,0.2,0.2)",5,0.2,0.2,0.666668303827701,9.8,3.81911815885189e+16,3.89705934576724e+15,FLOAT
"mixed_(5,0.2,0.2)",5,0.2,0.2,0.666668401475117,9.8,3.20983720398614e+16,3.27534408570015e+15,FLOAT
"mixed_(5,0.2,0.2)",5,0.2,0.2,0.666668504946651,9.8,2.69775766870263e+16,2.75281394765574e+15,FLOAT
"mixed_(5,0.2,0.2)",5,0.2,0.2,0.666668614589678,9.8,2.26737254698659e+16,2.31364545610876e+15,FLOAT
"mixed_(5,0.2,0.2)",5,0.2,0.2,0.666668730772293,9.8,1.90564874100521e+16,1.94453953163797e+15,FLOAT
"mixed_(5,0.2,0.2)",5,0.2,0.2,0.666668853884545,9.8,1.6016323860305e+16,1.63431876125561e+15,FLOAT
"mixed_(5,0.2,0.2)",5,0.2,0.2,0.666668984339748,9.8,1.34611713963484e+16,1.37358891799473e+15,FLOAT
"mixed_(5,0.2,0.2)",5,0.2,0.2,0.666669122575868,9.8,1.13136539290612e+16,1.15445448255726e+15,FLOAT
"mixed_(5,0.2,0.2)",5,0.2,0.2,0.666669269056992,9.8,9.50873953684739e+15,970279544576264,FLOAT
"mixed_(5,0.2,0.2)",5,0.2,0.2,0.666669424274889,9.8,7.99177116012375e+15,815486853073851,FLOAT
"mixed_(5,0.2,0.2)",5,0.2,0.2,0.666669588750657,9.8,6.71681143478265e+15,685388921916596,FLOAT
"mixed_(5,0.2,0.2)",5,0.2,0.2,0.666669763036477,9.8,5.64525160695503e+15,576046082342349,FLOAT
"mixed_(5,0.2,0.2)",5,0.2,0.2,0.666669947717462,9.8,4.74464235920032e+15,484147179510236,FLOAT
"mixed_(5,0.2,0.2)",5,0.2,0.2,0.666670143413626,9.8,3.98771116540482e+15,406909302592328,FLOAT
"mixed_(5,0.2,0.2)",5,0.2,0.2,0.666670350781961,9.8,3.35153641720858e+15,341993511960058,FLOAT
"mixed_(5,0.2,0.2)",5,0.2,0.2,0.666670570518648,9.8,2.8168532958882e+15,287434009784509,FLOAT
"mixed_(5,0.2,0.2)",5,0.2,0.2,0.666670803361388,9.8,2.36747038911299e+15,241578611133977,FLOAT
"mixed_(5,0.2,0.2)",5,0.2,0.2,0.666671050091883,9.8,1.98977937610517e+15,203038711847466,FLOAT
"mixed_(5,0.2,0.2)",5,0.2,0.2,0.66667131153846,9.8,1.67234293447502e+15,170647238211736,FLOAT
"mixed_(5,0.2,0.2)",5,0.2,0.2,0.666671588578849,9.8,1.40554839016796e+15,143423305119179,FLOAT
"mixed_(5,0.2,0.2)",5,0.2,0.2,0.666671882143135,9.8,1.18131662303843e+15,120542512554940,FLOAT
"mixed_(5,0.2,0.2)",5,0.2,0.2,0.666672193216873,9.8,992857411787010,101311980794592,FLOAT
"mixed_(5,0.2,0.2)",5,0.2,0.2,0.666672522844405,9.8,834463809518681,85149368318231.8,FLOAT
"mixed_(5,0.2,0.2)",5,0.2,0.2,0.666672872132358,9.8,701339324169165,71565237160117.9,FLOAT
"mixed_(5,0.2,0.2)",5,0.2,0.2,0.666673242253367,9.8,589452669503428,60148231581981.4,FLOAT
"mixed_(5,0.2,0.2)",5,0.2,0.2,0.666673634450005,9.8,495415688034750,50552621228034.7,FLOAT
"mixed_(5,0.2,0.2)",5,0.2,0.2,0.66667405003896,9.8,416380749865281,42487831618905.2,FLOAT
"mixed_(5,0.2,0.2)",5,0.2,0.2,0.66667449041545,9.8,349954519908528,35709644888624.3,FLOAT
"mixed_(5,0.2,0.2)",5,0.2,0.2,0.666674957057912,9.8,294125482027235,30012804288492.3,FLOAT
"mixed_(5,0.2,0.2)",5,0.2,0.2,0.666675451532965,9.8,247203025741588,25224798545059,FLOAT
"mixed_(5,0.2,0.2)",5,0.2,0.2,0.666675975500663,9.8,207766250877703,21200637844662.5,FLOAT
"mixed_(5,0.2,0.2)",5,0.2,0.2,0.666676530720078,9.8,174620939262206,17818463190020,FLOAT
"mixed_(5,0.2,0.2)",5,0.2,0.2,0.666677119055197,9.8,146763391269289,14975856251967.3,FLOAT
"mixed_(5,0.2,0.2)",5,0.2,0.2,0.666677742481186,9.8,123350031517987,12586737909997.6,FLOAT
"mixed_(5,0.2,0.2)",5,0.2,0.2,0.666678403091018,9.8,103671863566030,10578761588369.4,FLOAT
"mixed_(5,0.2,0.2)",5,0.2,0.2,0.666679103102497,9.8,87132999947586.6,8891122443630.28,FLOAT
"mixed_(5,0.2,0.2)",5,0.2,0.2,0.666679844865711,9.8,73232617419395.4,7472716063202.61,FLOAT
"mixed_(5,0.2,0.2)",5,0.2,0.2,0.666680630870915,9.8,61549790949347.2,6280590913197.69,FLOAT
"mixed_(5,0.2,0.2)",5,0.2,0.2,0.666681463756893,9.8,51730747245175.4,5278647678078.12,FLOAT
"mixed_(5,0.2,0.2)",5,0.2,0.2,0.666682346319819,9.8,43478151741872,4436546096108.39,FLOAT
"mixed_(5,0.2,0.2)",5,0.2,0.2,0.666683281522644,9.8,36542104708291,3728786194722.57,FLOAT
"mixed_(5,0.2,0.2)",5,0.2,0.2,0.666684272505039,9.8,30712573779101.9,3133936099907.36,FLOAT
"mixed_(5,0.2,0.2)",5,0.2,0.2,0.666685322593942,9.8,25813033754925.2,2633983036215.86,FLOAT
"mixed_(5,0.2,0.2)",5,0.2,0.2,0.666686435314721,9.8,21695121076083.9,2213787864905.52,FLOAT
"mixed_(5,0.2,0.2)",5,0.2,0.2,0.666687614403016,9.8,18234141085836.6,1860626641410.89,FLOAT
"mixed_(5,0.2,0.2)",5,0.2,0.2,0.666688863817274,9.8,15325292045152.5,1563805310728.85,FLOAT
"mixed_(5,0.2,0.2)",5,0.2,0.2,0.666690187752041,9.8,12880491540332.4,1314335871461.49,FLOAT
"mixed_(5,0.2,0.2)",5,0.2,0.2,0.666691590652045,9.8,10825709189848.2,1104664203044.74,FLOAT
"mixed_(5,0.2,0.2)",5,0.2,0.2,0.666693077227118,9.8,9098724875113.26,928441313786.067,FLOAT
"mixed_(5,0.2,0.2)",5,0.2,0.2,0.666694652468004,9.8,7647244608856.12,780331082535.339,FLOAT
"mixed_(5,0.2,0.2)",5,0.2,0.2,0.66669632166312,9.8,6427316986246.7,655848672064.99,FLOAT
"mixed_(5,0.2,0.2)",5,0.2,0.2,0.666698090416304,9.8,5402002266640.39,551224721084.754,FLOAT
"mixed_(5,0.2,0.2)",5,0.2,0.2,0.666699964665634,9.8,4540253780722.17,463291202113.507,FLOAT
"mixed_(5,0.2,0.2)",5,0.2,0.2,0.66670195070336,9.8,3815977791376.57,389385488914.977,FLOAT
"mixed_(5,0.2,0.2)",5,0.2,0.2,0.666704055197027,9.8,3207243338591.92,327269728426.747,FLOAT
"mixed_(5,0.2,0.2)",5,0.2,0.2,0.666706285211866,9.8,2695618140174.84,275063075527.045,FLOAT
"mixed_(5,0.2,0.2)",5,0.2,0.2,0.666708648234505,9.8,2265610438456.52,231184738617.012,FLOAT
"mixed_(5,0.2,0.2)",5,0.2,0.2,0.666711152198109,9.8,1904199891553.18,194306111381.978,FLOAT
"mixed_(5,0.2,0.2)",5,0.2,0.2,0.666713805509012,9.8,1600443302761.36,163310541097.098,FLOAT
"mixed_(5,0.2,0.2)",5,0.2,0.2,0.666716617074936,9.8,1345143249046.87,137259515207.865,FLOAT
"mixed_(5,0.2,0.2)",5,0.2,0.2,0.6667195963349,9.8,1130569574470.55,115364242291.913,FLOAT
"mixed_(5,0.2,0.2)",5,0.2,0.2,0.666722753290909,9.8,950225314575.334,96961766792.4015,FLOAT
"mixed_(5,0.2,0.2)",5,0.2,0.2,0.666726098541527,9.8,798649963353.278,81494894218.7222,FLOAT
"mixed_(5,0.2,0.2)",5,0.2,0.2,0.666729643317467,9.8,671254125636.548,68495318941.5049,FLOAT
"mixed_(5,0.2,0.2)",5,0.2,0.2,0.666733399519287,9.8,564180547846.896,57569443656.8465,FLOAT
"mixed_(5,0.2,0.2)",5,0.2,0.2,0.666737379757347,9.8,474187318773.662,48386461098.3533,FLOAT
"mixed_(5,0.2,0.2)",5,0.2,0.2,0.666741597394146,9.8,398549703612.499,40668337102.3163,FLOAT
"mixed_(5,0.2,0.2)",5,0.2,0.2,0.666746066589179,9.8,334977638613.109,34181391694.2152,FLOAT
"mixed_(5,0.2,0.2)",5,0.2,0.2,0.666750802346474,9.8,281546387969.148,28729223261.1579,FLOAT
"mixed_(5,0.2,0.2)",5,0.2,0.2,0.666755820564966,9.8,236638263118.268,24146761541.6804,FLOAT
"mixed_(5,0.2,0.2)",5,0.2,0.2,0.666761138091871,9.8,198893639647.523,20295269350.7881,FLOAT
"mixed_(5,0.2,0.2)",5,0.2,0.2,0.666766772779247,9.8,167169788537.926,17058141686.5435,FLOAT
"mixed_(5,0.2,0.2)",5,0.2,0.2,0.666772743543927,9.8,140506275099.676,14337375009.1711,FLOAT
"mixed_(5,0.2,0.2)",5,0.2,0.2,0.666779070431024,9.8,118095877839.615,12050599778.5526,FLOAT
"mixed_(5,0.2,0.2)",5,0.2,0.2,0.666785774681232,9.8,99260146660.0365,10128586392.8813,FLOAT
"mixed_(5,0.2,0.2)",5,0.2,0.2,0.666792878802131,9.8,83428860263.0822,8513149005.43696,FLOAT
"mixed_(5,0.2,0.2)",5,0.2,0.2,0.66680040664375,9.8,70122760713.1827,7155383745.24313,FLOAT
"mixed_(5,0.2,0.2)",5,0.2,0.2,0.666808383478639,9.8,58939042350.7434,6014187993.97381,FLOAT
"mixed_(5,0.2,0.2)",5,0.2,0.2,0.666816836086713,9.8,49539155648.1758,5055015881.46692,FLOAT
"mixed_(5,0.2,0.2)",5,0.2,0.2,0.666825792845157,9.8,41638556706.5774,4248832315.99769,FLOAT
"mixed_(5,0.2,0.2)",5,0.2,0.2,0.666835283823696,9.8,34998091999.03,3571233876.45204,FLOAT
"mixed_(5,0.2,0.2)",5,0.2,0.2,0.666845340885544,9.8,29416757491.8968,3001709947.15274,FLOAT
"mixed_(5,0.2,0.2)",5,0.2,0.2,0.666855997794376,9.8,24725612888.1158,2523021722.27712,FLOAT
"mixed_(5,0.2,0.2)",5,0.2,0.2,0.666867290327678,9.8,20782666714.8476,2120680276.02526,FLOAT
"mixed_(5,0.2,0.2)",5,0.2,0.2,0.666879256396864,9.8,17468577377.9648,1782507894.7107,FLOAT
"mixed_(5,0.2,0.2)",5,0.2,0.2,0.666891936174548,9.8,14683040012.3435,1498269388.01464,FLOAT
"mixed_(5,0.2,0.2)",5,0.2,0.2,0.666905372229415,9.8,12341749722.9751,1259362215.63011,FLOAT
"mixed_(5,0.2,0.2)",5,0.2,0.2,0.666919609669129,9.8,10373849266.6872,1058556046.62115,FLOAT
"mixed_(5,0.2,0.2)",5,0.2,0.2,0.666934696291775,9.8,8719783891.94753,889773865.525258,FLOAT
"mixed_(5,0.2,0.2)",5,0.2,0.2,0.666950682746323,9.8,7329498383.72009,747907997.338785,FLOAT
"mixed_(5,0.2,0.2)",5,0.2,0.2,0.666967622702667,9.8,6160921722.38783,628665480.876309,FLOAT
"mixed_(5,0.2,0.2)",5,0.2,0.2,0.666985573031808,9.8,5178693474.06628,528438108.5986,FLOAT
"mixed_(5,0.2,0.2)",5,0.2,0.2,0.667004593996783,9.8,4353093350.23729,444193198.003805,FLOAT
"mixed_(5,0.2,0.2)",5,0.2,0.2,0.667024749454976,9.8,3659141525.31315,373381787.29726,FLOAT
"mixed_(5,0.2,0.2)",5,0.2,0.2,0.667046107072505,9.8,3075842472.28832,313861475.764114,FLOAT
"mixed_(5,0.2,0.2)",5,0.2,0.2,0.667068738551391,9.8,2585549421.45848,263831572.618212,FLOAT
"mixed_(5,0.2,0.2)",5,0.2,0.2,0.667092719870275,9.8,2173430200.00181,221778590.83692,FLOAT
"mixed_(5,0.2,0.2)",5,0.2,0.2,0.667118131539495,9.8,1827018279.69152,186430435.703216,FLOAT
"mixed_(5,0.2,0.2)",5,0.2,0.2,0.667145058871377,9.8,1535835440.07581,156717901.048552,FLOAT
"mixed_(5,0.2,0.2)",5,0.2,0.2,0.667173592266644,9.8,1291074622.84743,131742307.453819,FLOAT
"mixed_(5,0.2,0.2)",5,0.2,0.2,0.667203827517915,9.8,1085333375.56566,110748302.629149,FLOAT
"mixed_(5,0.2,0.2)",5,0.2,0.2,0.667235866131295,9.8,912389814.706001,93101000.5006124,FLOAT
"mixed_(5,0.2,0.2)",5,0.2,0.2,0.667269815667157,9.8,767014325.309599,78266766.8887346,FLOAT
"mixed_(5,0.2,0.2)",5,0.2,0.2,0.667305790101244,9.8,644811296.570203,65797070.0785922,FLOAT
"mixed_(5,0.2,0.2)",5,0.2,0.2,0.667343910207308,9.8,542086102.069165,55314907.3744046,FLOAT
"mixed_(5,0.2,0.2)",5,0.2,0.2,0.667384303962572,9.8,455733297.704777,46503396.7249773,FLOAT
"mixed_(5,0.2,0.2)",5,0.2,0.2,0.667427106977381,9.8,383142652.736676,39096188.0547628,FLOAT
"mixed_(5,0.2,0.2)",5,0.2,0.2,0.66747246295047,9.8,322120169.300572,32869404.0306706,FLOAT
"mixed_(5,0.2,0.2)",5,0.2,0.2,0.667520524151393,9.8,270821699.513466,27634866.2972925,FLOAT
"mixed_(5,0.2,0.2)",5,0.2,0.2,0.667571451931725,9.8,227697150.701187,23234402.1327742,FLOAT
"mixed_(5,0.2,0.2)",5,0.2,0.2,0.667625417266748,9.8,191443589.814159,19535059.1851183,FLOAT
"mixed_(5,0.2,0.2)",5,0.2,0.2,0.66768260132946,9.8,160965827.523535,16425083.441177,FLOAT
"mixed_(5,0.2,0.2)",5,0.2,0.2,0.667743196098802,9.8,135343288.926517,13810538.6863793,FLOAT
"mixed_(5,0.2,0.2)",5,0.2,0.2,0.667807405004176,9.8,113802168.098757,11612465.1325262,FLOAT
"mixed_(5,0.2,0.2)",5,0.2,0.2,0.667875443608401,9.8,95692023.6952933,9764491.21380544,FLOAT
"mixed_(5,0.2,0.2)",5,0.2,0.2,0.667947540331402,9.8,80466107.2350881,8210826.26888654,FLOAT
"mixed_(5,0.2,0.2)",5,0.2,0.2,0.668023937217061,9.8,67664828.7007225,6904573.35721658,FLOAT
"mixed_(5,0.2,0.2)",5,0.2,0.2,0.668104890745814,9.8,56901859.0518357,5806311.1481465,FLOAT
"mixed_(5,0.2,0.2)",5,0.2,0.2,0.668190672695706,9.8,47852449.0710783,4882901.96643656,FLOAT
"mixed_(5,0.2,0.2)",5,0.2,0.2,0.66828157105481,9.8,40243611.0480405,4106489.92326944,FLOAT
"mixed_(5,0.2,0.2)",5,0.2,0.2,0.668377890988062,9.8,33845866.1911623,3453658.81542473,FLOAT
"mixed_(5,0.2,0.2)",5,0.2,0.2,0.668479955861763,9.8,28466308.0491586,2904724.31113863,FLOAT
"mixed_(5,0.2,0.2)",5,0.2,0.2,0.668588108329191,9.8,23942772.0542195,2443139.0055326,FLOAT
"mixed_(5,0.2,0.2)",5,0.2,0.2,0.668702711480957,9.8,20138934.7773296,2054992.34462547,FLOAT
"mixed_(5,0.2,0.2)",5,0.2,0.2,0.668824150063978,9.8,16940194.6230979,1728590.28807122,FLOAT
"mixed_(5,0.2,0.2)",5,0.2,0.2,0.668952831773153,9.8,14250209.3411339,1454101.99399326,FLOAT
"mixed_(5,0.2,0.2)",5,0.2,0.2,0.669089188620082,9.8,11987985.60773,1223262.83752347,FLOAT
"mixed_(5,0.2,0.2)",5,0.2,0.2,0.669233678383419,9.8,10085432.6380513,1029124.77939299,FLOAT
"mixed_(5,0.2,0.2)",5,0.2,0.2,0.669386786145729,9.8,8485305.83076368,865846.533751395,FLOAT
"mixed_(5,0.2,0.2)",5,0.2,0.2,0.669549025922018,9.8,7139478.24878422,728517.188651451,FLOAT
"mixed_(5,0.2,0.2)",5,0.2,0.2,0.669720942385384,9.8,6007487.65945735,613007.944842587,FLOAT
"mixed_(5,0.2,0.2)",5,0.2,0.2,0.669903112695601,9.8,5055315.19458371,515847.489243236,FLOAT
"mixed_(5,0.2,0.2)",5,0.2,0.2,0.670096148436769,9.8,4254358.69837067,434117.234527619,FLOAT
"mixed_(5,0.2,0.2)",5,0.2,0.2,0.670300697670525,9.8,3580569.7210832,365363.257253388,FLOAT
"mixed_(5,0.2,0.2)",5,0.2,0.2,0.670517447111728,9.8,3013728.06665511,307522.272107665,FLOAT
"mixed_(5,0.2,0.2)",5,0.2,0.2,0.670747124433902,9.8,2536831.96333357,258859.404421793,FLOAT
"mixed_(5,0.2,0.2)",5,0.2,0.2,0.67099050071219,9.8,2135585.4237048,217915.879969878,FLOAT
"mixed_(5,0.2,0.2)",5,0.2,0.2,0.671248393012015,9.8,1797967.29990823,183465.051011043,FLOAT
"mixed_(5,0.2,0.2)",5,0.2,0.2,0.671521667132144,9.8,1513869.01051286,154475.429644169,FLOAT
"mixed_(5,0.2,0.2)",5,0.2,0.2,0.671811240511352,9.8,1274789.99218755,130079.611447709,FLOAT
"mixed_(5,0.2,0.2)",5,0.2,0.2,0.67211808530846,9.8,1073581.67474652,109548.150484339,FLOAT
"mixed_(5,0.2,0.2)",5,0.2,0.2,0.672443231666078,9.8,904232.24526116,92267.5964552204,FLOAT
"mixed_(5,0.2,0.2)",5,0.2,0.2,0.672787771169006,9.8,761685.700072214,77722.0306196137,FLOAT
"mixed_(5,0.2,0.2)",5,0.2,0.2,0.673152860508921,9.8,641689.720025656,65477.5428597608,FLOAT
"mixed_(5,0.2,0.2)",5,0.2,0.2,0.673539725367628,9.8,540667.775472623,55169.1811706758,FLOAT
"mixed_(5,0.2,0.2)",5,0.2,0.2,0.673949664531935,9.8,455611.599855465,46489.9795770882,FLOAT
"mixed_(5,0.2,0.2)",5,0.2,0.2,0.674384054253956,9.8,383990.786226103,39181.7332883779,FLOAT
"mixed_(5,0.2,0.2)",5,0.2,0.2,0.674844352871474,9.8,323676.778414984,33027.2426954065,FLOAT
"mixed_(5,0.2,0.2)",5,0.2,0.2,0.675332105703892,9.8,272878.963451424,27843.7921889208,FLOAT
"mixed_(5,0.2,0.2)",5,0.2,0.2,0.675848950240194,9.8,230090.937379375,23477.6670795281,FLOAT
"mixed_(5,0.2,0.2)",5,0.2,0.2,0.676396621636343,9.8,194045.323875834,19799.5432526361,FLOAT
"mixed_(5,0.2,0.2)",5,0.2,0.2,0.676976958540561,9.8,163675.783355498,16700.6105464794,FLOAT
"mixed_(5,0.2,0.2)",5,0.2,0.2,0.677591909266059,9.8,138085.067346599,14089.3129945509,FLOAT
"mixed_(5,0.2,0.2)",5,0.2,0.2,0.67824353833194,9.8,116518.155414738,11888.6076953814,FLOAT
"mixed_(5,0.2,0.2)",5,0.2,0.2,0.678934033394218,9.8,98339.6653123561,10033.6597257506,FLOAT
"mixed_(5,0.2,0.2)",5,0.2,0.2,0.679665712590243,9.8,83014.8559802679,8469.9036714559,FLOAT
"mixed_(5,0.2,0.2)",5,0.2,0.2,0.680441032321174,9.8,70093.6514226572,7151.41341047523,FLOAT
"mixed_(5,0.2,0.2)",5,0.2,0.2,0.681262595498641,9.8,59197.2045954228,6039.5310811656,FLOAT
"mixed_(5,0.2,0.2)",5,0.2,0.2,0.68213316028326,9.8,50006.5970440413,5101.71398408584,FLOAT
"mixed_(5,0.2,0.2)",5,0.2,0.2,0.683055649344363,9.8,42253.3344166778,4310.5647363957,FLOAT
"mixed_(5,0.2,0.2)",5,0.2,0.2,0.684033159672015,9.8,35711.3521066298,3643.01552108467,FLOAT
"mixed_(5,0.2,0.2)",5,0.2,0.2,0.68506897297426,9.8,30190.2907816628,3079.64191649621,FLOAT
"mixed_(5,0.2,0.2)",5,0.2,0.2,0.686166566694507,9.8,25529.8398108107,2604.08569498068,FLOAT
"mixed_(5,0.2,0.2)",5,0.2,0.2,0.687329625686041,9.8,21594.9787576616,2202.56926098588,FLOAT
"mixed_(5,0.2,0.2)",5,0.2,0.2,0.68856205458285,9.8,18271.9741444566,1863.48715759761,FLOAT
"mixed_(5,0.2,0.2)",5,0.2,0.2,0.689867990908302,9.8,15465.0114199311,1577.06238978888,FLOAT
"mixed_(5,0.2,0.2)",5,0.2,0.2,0.691251818965688,9.8,13093.3611721906,1335.05726246843,FLOAT
"mixed_(5,0.2,0.2)",5,0.2,0.2,0.692718184557244,9.8,11088.9946928681,1130.53007070082,FLOAT
"mixed_(5,0.2,0.2)",5,0.2,0.2,0.694272010581095,9.8,9394.57750543415,957.630357697362,FLOAT
"mixed_(5,0.2,0.2)",5,0.2,0.2,0.695918513558455,9.8,7961.78082637733,811.426614936462,FLOAT
"mixed_(5,0.2,0.2)",5,0.2,0.2,0.697663221146592,9.8,6749.86047578485,687.76127303927,FLOAT
"mixed_(5,0.2,0.2)",5,0.2,0.2,0.699511990696333,9.8,5724.46078164983,583.128651188759,FLOAT
"mixed_(5,0.2,0.2)",5,0.2,0.2,0.701471028916427,9.8,4856.60777218235,494.57222165126,FLOAT
"mixed_(5,0.2,0.2)",5,0.2,0.2,0.703546912710775,9.8,4121.86162602457,419.598125104548,FLOAT
"mixed_(5,0.2,0.2)",5,0.2,0.2,0.705746611258478,9.8,3499.60312271403,356.102359460616,FLOAT
"mixed_(5,0.2,0.2)",5,0.2,0.2,0.708077509410841,9.8,2972.43284881827,302.309474369211,FLOAT
"mixed_(5,0.2,0.2)",5,0.2,0.2,0.710547432483875,9.8,2525.66528981561,256.720947940369,FLOAT
"mixed_(5,0.2,0.2)",5,0.2,0.2,0.713164672529529,9.8,2146.9027756761,218.071711803683,FLOAT
"mixed_(5,0.2,0.2)",5,0.2,0.2,0.715938016173855,9.8,1825.67663465597,185.293534148568,FLOAT
"mixed_(5,0.2,0.2)",5,0.2,0.2,0.718876774115565,9.8,1553.1449169108,157.48417519498,FLOAT
"mixed_(5,0.2,0.2)",5,0.2,0.2,0.721990812384003,9.8,1321.83773755098,133.881401790916,FLOAT
"mixed_(5,0.2,0.2)",5,0.2,0.2,0.725290585461487,9.8,1125.44270849097,113.841092703161,FLOAT
"mixed_(5,0.2,0.2)",5,0.2,0.2,0.728787171381207,9.8,958.624122571989,96.8187880175499,FLOAT
"mixed_(5,0.2,0.2)",5,0.2,0.2,0.732492308918514,9.8,816.870557856673,82.3541385568034,FLOAT
"mixed_(5,0.2,0.2)",5,0.2,0.2,0.736418437000464,9.8,696.366414885437,70.0577974372895,FLOAT
"mixed_(5,0.2,0.2)",5,0.2,0.2,0.740578736465914,9.8,593.883610416043,59.6003684098004,FLOAT
"mixed_(5,0.2,0.2)",5,0.2,0.2,0.744987174316374,9.8,506.690249076457,50.7030866404548,FLOAT
"mixed_(5,0.2,0.2)",5,0.2,0.2,0.749658550606174,9.8,432.473597381845,43.1299589165148,FLOAT
"mixed_(5,0.2,0.2)",5,0.2,0.2,0.754608548129361,9.8,369.275107782467,36.6811334471905,FLOAT
"mixed_(5,0.2,0.2)",5,0.2,0.2,0.759853785070145,9.8,315.435596502277,31.1873057655385,FLOAT
"mixed_(5,0.2,0.2)",5,0.2,0.2,0.765411870793641,9.8,269.548978561856,26.5049978124342,FLOAT
"mixed_(5,0.2,0.2)",5,0.2,0.2,0.771301464964215,9.8,230.423215520921,22.5125730123388,FLOAT
"mixed_(5,0.2,0.2)",5,0.2,0.2,0.777542340189913,9.8,197.047343665508,19.1068718026029,FLOAT
"mixed_(5,0.2,0.2)",5,0.2,0.2,0.784155448403264,9.8,168.563628943018,16.200370300308,FLOAT
"mixed_(5,0.2,0.2)",5,0.2,0.2,0.791162991201332,9.8,144.24404524592,13.7187801271347,FLOAT
"mixed_(5,0.2,0.2)",5,0.2,0.2,0.798588494381158,9.8,123.470399143556,11.599020320771,FLOAT
"mixed_(5,0.2,0.2)",5,0.2,0.2,0.806456886920807,9.8,105.717530627722,9.78750312527774,FLOAT
"mixed_(5,0.2,0.2)",5,0.2,0.2,0.814794584671205,9.8,90.5391090350322,8.23868459541145,FLOAT
"mixed_(5,0.2,0.2)",5,0.2,0.2,0.823629579039712,9.8,77.5556186906075,6.91383864189873,FLOAT
"mixed_(5,0.2,0.2)",5,0.2,0.2,0.83299153096317,9.8,66.4441922027589,5.78001961252642,FLOAT
"mixed_(5,0.2,0.2)",5,0.2,0.2,0.842911870485915,9.8,56.9300025719231,4.80918393591052,FLOAT
"mixed_(5,0.2,0.2)",5,0.2,0.2,0.853423902277057,9.8,48.7789698726812,3.97744590537563,FLOAT
"mixed_(5,0.2,0.2)",5,0.2,0.2,0.864562917441269,9.8,41.7915754275342,3.26444647219736,FLOAT
"mixed_(5,0.2,0.2)",5,0.2,0.2,0.876366311998457,9.8,35.7976069916146,2.65281703996068,FLOAT
"mixed_(5,0.2,0.2)",5,0.2,0.2,0.888873712430073,9.8,30.6516829771918,2.12772275277467,FLOAT
"mixed_(5,0.2,0.2)",5,0.2,0.2,0.9,9.8,26.8788576153658,1.74274057299651,FLOAT
"mixed_(5,0.2,0.2)",5,0.2,0.2,0.902127108713561,9.8,26.2294219970422,1.67647163235124,FLOAT
"mixed_(5,0.2,0.2)",5,0.2,0.2,0.912667383761716,9.8,23.3012887326929,1.37768252374418,FLOAT
"mixed_(5,0.2,0.2)",5,0.2,0.2,0.916170995291558,9.8,22.4241346049945,1.28817700050965,FLOAT
"mixed_(5,0.2,0.2)",5,0.2,0.2,0.923730141409766,9.8,20.6739050032636,1.10958214319016,FLOAT
"mixed_(5,0.2,0.2)",5,0.2,0.2,0.931052520449102,9.8,19.1439129115166,0.953460501175158,FLOAT
"mixed_(5,0.2,0.2)",5,0.2,0.2,0.933391537091908,9.8,18.6860256073413,0.906737306871559,FLOAT
"mixed_(5,0.2,0.2)",5,0.2,0.2,0.941829086706256,9.8,17.1456226375297,0.749553330360173,FLOAT
"mixed_(5,0.2,0.2)",5,0.2,0.2,0.946821644600358,9.8,16.3089695306419,0.664180564351215,FLOAT
"mixed_(5,0.2,0.2)",5,0.2,0.2,0.94919781953087,9.8,15.9285652609272,0.625363802135428,FLOAT
"mixed_(5,0.2,0.2)",5,0.2,0.2,0.955633126690214,9.8,14.9515415418651,0.525667504271946,FLOAT
"mixed_(5,0.2,0.2)",5,0.2,0.2,0.961253248795439,9.8,14.1568185640856,0.444573322865882,FLOAT
"mixed_(5,0.2,0.2)",5,0.2,0.2,0.963531308016255,9.8,13.8489982947104,0.413163091296982,FLOAT
"mixed_(5,0.2,0.2)",5,0.2,0.2,0.966161448465718,9.8,13.5032697254038,0.377884665857534,FLOAT
"mixed_(5,0.2,0.2)",5,0.2,0.2,0.970447907647971,9.8,12.9608845097382,0.322539235687572,FLOAT
"mixed_(5,0.2,0.2)",5,0.2,0.2,0.974191384595819,9.8,12.5072954585242,0.276254638624915,FLOAT
"mixed_(5,0.2,0.2)",5,0.2,0.2,0.977460660952652,9.8,12.125516429879,0.237297594885614,FLOAT
"mixed_(5,0.2,0.2)",5,0.2,0.2,0.980315805527134,9.8,11.8024314673085,0.204329741562088,FLOAT
"mixed_(5,0.2,0.2)",5,0.2,0.2,0.981237608556118,9.8,11.7000945260685,0.193887196537606,FLOAT
"mixed_(5,0.2,0.2)",5,0.2,0.2,0.982809277981414,9.8,11.5277618747805,0.176302232120454,FLOAT
"mixed_(5,0.2,0.2)",5,0.2,0.2,0.984986892710918,9.8,11.2933455295255,0.152382196890356,FLOAT
"mixed_(5,0.2,0.2)",5,0.2,0.2,0.986888660625784,9.8,11.0926245861467,0.13190046797415,FLOAT
"mixed_(5,0.2,0.2)",5,0.2,0.2,0.988549524300617,9.8,10.9202750346664,0.114313779047596,FLOAT
"mixed_(5,0.2,0.2)",5,0.2,0.2,0.99,9.8,10.7719345637414,0.0991769963001451,FLOAT
"mixed_(5,0.2,0.2)",5,0.2,0.2,0.991266738376172,9.8,10.6439996755708,0.0861224158745748,FLOAT
"mixed_(5,0.2,0.2)",5,0.2,0.2,0.992373014140977,9.8,10.5334723308987,0.0748441153978228,FLOAT
"mixed_(5,0.2,0.2)",5,0.2,0.2,0.993339153709191,9.8,10.4378425240434,0.06508597184116,FLOAT
"mixed_(5,0.2,0.2)",5,0.2,0.2,0.994182908670626,9.8,10.354997272252,0.0566323747195944,FLOAT
"mixed_(5,0.2,0.2)",5,0.2,0.2,0.994919781953087,9.8,10.2831492711584,0.0493009460365681,FLOAT
"mixed_(5,0.2,0.2)",5,0.2,0.2,0.995563312669021,9.8,10.2207803698999,0.0429367724387671,FLOAT
"mixed_(5,0.2,0.2)",5,0.2,0.2,0.996125324879544,9.8,10.1665963433733,0.037407790140134,FLOAT
"mixed_(5,0.2,0.2)",5,0.2,0.2,0.996616144846572,9.8,10.1194903719162,0.0326010583587976,FLOAT
"mixed_(5,0.2,0.2)",5,0.2,0.2,0.997044790764797,9.8,10.0785133034174,0.0284197248385149,FLOAT
"mixed_(5,0.2,0.2)",5,0.2,0.2,0.997419138459582,9.8,10.0428492516307,0.0247805358806838,FLOAT
"mixed_(5,0.2,0.2)",5,0.2,0.2,0.997746066095265,9.8,10.0117954328807,0.0216117788653785,FLOAT
"mixed_(5,0.2,0.2)",5,0.2,0.2,0.998031580552713,9.8,9.98474539942963,0.0188515713703702,FLOAT
"mixed_(5,0.2,0.2)",5,0.2,0.2,0.998280927798141,9.8,9.96117501781655,0.0164464303894442,FLOAT
"mixed_(5,0.2,0.2)",5,0.2,0.2,0.998498689271092,9.8,9.94063068286258,0.0143500696798548,FLOAT
"mixed_(5,0.2,0.2)",5,0.2,0.2,0.998688866062578,9.8,9.92271936569747,0.0125223842548436,FLOAT
"mixed_(5,0.2,0.2)",5,0.2,0.2,0.998854952430062,9.8,9.9071001763197,0.0109285894203773,FLOAT
"mixed_(5,0.2,0.2)",5,0.2,0.2,0.999,9.8,9.89347718445556,0.0095384882097505,FLOAT
"mixed_(5,0.2,0.2)",5,0.2,0.2,0.999126673837617,9.8,9.88159329160901,0.00832584608255155,FLOAT
"mixed_(5,0.2,0.2)",5,0.2,0.2,0.999237301414098,9.8,9.87122498567404,0.00726785568102441,FLOAT
"mixed_(5,0.2,0.2)",5,0.2,0.2,0.999333915370919,9.8,9.86217783987088,0.00634467753784441,FLOAT
"mixed_(5,0.2,0.2)",5,0.2,0.2,0.999418290867063,9.8,9.85428264195955,0.00553904509791319,FLOAT
"mixed_(5,0.2,0.2)",5,0.2,0.2,0.999491978195309,9.8,9.84739205909035,0.00483592439697456,FLOAT
"mixed_(5,0.2,0.2)",5,0.2,0.2,0.999556331266902,9.8,9.84137775933094,0.0042222203398913,FLOAT
"mixed_(5,0.2,0.2)",5,0.2,0.2,0.999612532487954,9.8,9.83612792366757,0.00368652282322102,FLOAT
"mixed_(5,0.2,0.2)",5,0.2,0.2,0.999661614484657,9.8,9.83154509272617,0.00321888701287442,FLOAT
"mixed_(5,0.2,0.2)",5,0.2,0.2,0.99970447907648,9.8,9.82754430106694,0.00281064296601384,FLOAT
"mixed_(5,0.2,0.2)",5,0.2,0.2,0.999741913845958,9.8,9.82405145904022,0.0024542305143079,FLOAT
"mixed_(5,0.2,0.2)",5,0.2,0.2,0.999774606609527,9.8,9.82100194813355,0.00214305593199457,FLOAT
"mixed_(5,0.2,0.2)",5,0.2,0.2,0.999803158055271,9.8,9.81833940071468,0.00187136741986569,FLOAT
"mixed_(5,0.2,0.2)",5,0.2,0.2,0.999828092779814,9.8,9.81601463925796,0.00163414686305684,FLOAT
"mixed_(5,0.2,0.2)",5,0.2,0.2,0.999849868927109,9.8,9.81398475367289,0.00142701568090697,FLOAT
"mixed_(5,0.2,0.2)",5,0.2,0.2,0.999868886606258,9.8,9.81221229834699,0.00124615289255033,FLOAT
"mixed_(5,0.2,0.2)",5,0.2,0.2,0.999885495243006,9.8,9.81066459305895,0.00108822378152494,FLOAT
"mixed_(5,0.2,0.2)",5,0.2,0.2,0.9999,9.8,9.80931311408859,0.000950317764141274,FLOAT
"mixed_(5,0.2,0.2)",5,0.2,0.2,0.999912667383762,9.8,9.80813296370609,0.000829894255723544,FLOAT
"mixed_(5,0.2,0.2)",5,0.2,0.2,0.99992373014141,9.8,9.80710240781377,0.000724735491201386,FLOAT
"mixed_(5,0.2,0.2)",5,0.2,0.2,0.999933391537092,9.8,9.80620247288019,0.000632905395937227,FLOAT
"mixed_(5,0.2,0.2)",5,0.2,0.2,0.999941829086706,9.8,9.80541659448364,0.000552713722820177,FLOAT
"mixed_(5,0.2,0.2)",5,0.2,0.2,0.999949197819531,9.8,9.80473031079569,0.000482684775069862,FLOAT
"mixed_(5,0.2,0.2)",5,0.2,0.2,0.99995563312669,9.8,9.80413099521253,0.000421530123727655,FLOAT
"mixed_(5,0.2,0.2)",5,0.2,0.2,0.999961253248795,9.8,9.80360762309843,0.000368124805962459,FLOAT
"mixed_(5,0.2,0.2)",5,0.2,0.2,0.999966161448466,9.8,9.80315056826264,0.000321486557412272,FLOAT
"mixed_(5,0.2,0.2)",5,0.2,0.2,0.999970447907648,9.8,9.80275142535875,0.000280757689668271,FLOAT
"mixed_(5,0.2,0.2)",5,0.2,0.2,0.999974191384596,9.8,9.80240285488957,0.000245189274446172,FLOAT
"mixed_(5,0.2,0.2)",5,0.2,0.2,0.999977460660953,9.8,9.80209844792784,0.000214127339575768,FLOAT
"mixed_(5,0.2,0.2)",5,0.2,0.2,0.999980315805527,9.8,9.80183260803603,0.000187000820003313,FLOAT
"mixed_(5,0.2,0.2)",5,0.2,0.2,0.999982809277981,9.8,9.80160044819186,0.000163311039985386,FLOAT
"mixed_(5,0.2,0.2)",5,0.2,0.2,0.999984986892711,9.8,9.80139770080674,0.000142622531300143,FLOAT
"mixed_(5,0.2,0.2)",5,0.2,0.2,0.999986888660626,9.8,9.80122063917057,0.000124555017405535,FLOAT
"mixed_(5,0.2,0.2)",5,0.2,0.2,0.999988549524301,9.8,9.80106600886855,0.000108776415157633,FLOAT
"mixed_(5,0.2,0.2)",5,0.2,0.2,0.99999,9.8,9.80093096790179,9.49967246727359e-05,FLOAT
"mixed_(5,0.2,0.2)",5,0.2,0.2,0.999991266738376,9.8,9.80081303440548,8.29626944365733e-05,FLOAT
"mixed_(5,0.2,0.2)",5,0.2,0.2,0.999992373014141,9.8,9.80071004099906,7.24531631695602e-05,FLOAT
"mixed_(5,0.2,0.2)",5,0.2,0.2,0.999993339153709,9.8,9.80062009492642,6.32749924914867e-05,FLOAT
"mixed_(5,0.2,0.2)",5,0.2,0.2,0.999994182908671,9.8,9.80054154325043,5.5259515349421e-05,FLOAT
"mixed_(5,0.2,0.2)",5,0.2,0.2,0.999994919781953,9.8,9.80047294246092,4.82594347875966e-05,FLOAT
"mixed_(5,0.2,0.2)",5,0.2,0.2,0.999995563312669,9.8,9.80041303193551,4.21461158685724e-05,FLOAT
"mixed_(5,0.2,0.2)",5,0.2,0.2,0.99999612532488,9.8,9.80036071076467,3.68072208844143e-05,FLOAT
"mixed_(5,0.2,0.2)",5,0.2,0.2,0.999996616144847,9.8,9.80031501751442,3.21446443280935e-05,FLOAT
"mixed_(5,0.2,0.2)",5,0.2,0.2,0.999997044790765,9.8,9.80027511255385,2.80727095762631e-05,FLOAT
"mixed_(5,0.2,0.2)",5,0.2,0.2,0.99999741913846,9.8,9.80024026262241,2.45165941229996e-05,FLOAT
"mixed_(5,0.2,0.2)",5,0.2,0.2,0.999997746066095,9.8,9.80020982735296,2.14109543836102e-05,FLOAT
"mixed_(5,0.2,0.2)",5,0.2,0.2,0.999998031580553,9.8,9.80018324750259,1.86987247541519e-05,FLOAT
"mixed_(5,0.2,0.2)",5,0.2,0.2,0.999998280927798,9.8,9.80016003467473,1.63300688499912e-05,FLOAT
"mixed_(5,0.2,0.2)",5,0.2,0.2,0.999998498689271,9.8,9.80013976234366,1.42614636385126e-05,FLOAT
"mixed_(5,0.2,0.2)",5,0.2,0.2,0.999998688866063,9.8,9.80012205801613,1.24548996052686e-05,FLOAT
"mixed_(5,0.2,0.2)",5,0.2,0.2,0.99999885495243,9.8,9.80010659638629,1.08771822739758e-05,FLOAT
"mixed_(5,0.2,0.2)",5,0.2,0.2,0.999999,9.8,9.80009309335765,9.49932220865783e-06,FLOAT
"mixed_(5,0.2,0.2)",5,0.2,0.2,0.999999126673838,9.8,9.8000813008226,8.29600230561775e-06,FLOAT
"mixed_(5,0.2,0.2)",5,0.2,0.2,0.999999237301414,9.8,9.80007100210322,7.24511257319492e-06,FLOAT
"mixed_(5,0.2,0.2)",5,0.2,0.2,0.999999333915371,9.8,9.80006200796978,6.32734385502933e-06,FLOAT
"mixed_(5,0.2,0.2)",5,0.2,0.2,0.999999418290867,9.8,9.80005415316357,5.52583301746509e-06,FLOAT
"mixed_(5,0.2,0.2)",5,0.2,0.2,0.999999491978195,9.8,9.80004729336024,4.82585308603234e-06,FLOAT
"mixed_(5,0.2,0.2)",5,0.2,0.2,0.999999556331267,9.8,9.80004130251792,4.21454264503447e-06,FLOAT
"mixed_(5,0.2,0.2)",5,0.2,0.2,0.999999612532488,9.8,9.80003607056116,3.68066950650263e-06,FLOAT
"mixed_(5,0.2,0.2)",5,0.2,0.2,0.999999661614485,9.8,9.80003150135844,3.21442433015799e-06,FLOAT
"mixed_(5,0.2,0.2)",5,0.2,0.2,0.999999704479076,9.8,9.80002751095564,2.80724037122669e-06,FLOAT
"mixed_(5,0.2,0.2)",5,0.2,0.2,0.999999741913846,9.8,9.80002402603363,2.45163608416688e-06,FLOAT
"mixed_(5,0.2,0.2)",5,0.2,0.2,0.999999774606609,9.8,9.80002098256093,2.14107764570025e-06,FLOAT
"mixed_(5,0.2,0.2)",5,0.2,0.2,0.999999803158055,9.8,9.80001832461727,1.86985890535402e-06,FLOAT
"mixed_(5,0.2,0.2)",5,0.2,0.2,0.99999982809278,9.8,9.80001600336605,1.63299653563603e-06,FLOAT
"mixed_(5,0.2,0.2)",5,0.2,0.2,0.999999849868927,9.8,9.80001397615701,1.42613847044651e-06,FLOAT
"mixed_(5,0.2,0.2)",5,0.2,0.2,0.999999868886606,9.8,9.80001220574261,1.24548393947472e-06,FLOAT
"mixed_(5,0.2,0.2)",5,0.2,0.2,0.999999885495243,9.8,9.80001065959363,1.08771363580517e-06,FLOAT
"mixed_(5,0.2,0.2)",5,0.2,0.2,0.9999999,9.8,9.80000930930145,9.49928718905157e-07,FLOAT
"mixed_(5,0.2,0.2)",5,0.2,0.2,0.999999912667384,9.8,9.80000813005609,8.29597559990528e-07,FLOAT
"mixed_(5,0.2,0.2)",5,0.2,0.2,0.999999923730141,9.8,9.80000710019036,7.24509220327602e-07,FLOAT
"mixed_(5,0.2,0.2)",5,0.2,0.2,0.999999933391537,9.8,9.80000620078175,6.32732831933869e-07,FLOAT
"mixed_(5,0.2,0.2)",5,0.2,0.2,0.999999941829087,9.8,9.80000541530475,5.52582117025253e-07,FLOAT
"mixed_(5,0.2,0.2)",5,0.2,0.2,0.99999994919782,9.8,9.80000472932717,4.82584404546359e-07,FLOAT
"mixed_(5,0.2,0.2)",5,0.2,0.2,0.999999955633127,9.8,9.80000413024503,4.21453574805715e-07,FLOAT
"mixed_(5,0.2,0.2)",5,0.2,0.2,0.999999961253249,9.8,9.80000360705097,3.68066425229286e-07,FLOAT
"mixed_(5,0.2,0.2)",5,0.2,0.2,0.999999966161448,9.8,9.80000315013192,3.21442032719224e-07,FLOAT
"mixed_(5,0.2,0.2)",5,0.2,0.2,0.999999970447908,9.8,9.80000275109256,2.80723730882375e-07,FLOAT
"mixed_(5,0.2,0.2)",5,0.2,0.2,0.999999974191385,9.8,9.80000240260108,2.45163374952647e-07,FLOAT
"mixed_(5,0.2,0.2)",5,0.2,0.2,0.999999977460661,9.8,9.80000209825435,2.14107586626197e-07,FLOAT
"mixed_(5,0.2,0.2)",5,0.2,0.2,0.999999980315806,9.8,9.8000018324604,1.86985754770986e-07,FLOAT
"mixed_(5,0.2,0.2)",5,0.2,0.2,0.999999982809278,9.8,9.80000160033559,1.63299550389898e-07,FLOAT
"mixed_(5,0.2,0.2)",5,0.2,0.2,0.999999984986893,9.8,9.80000139761494,1.42613769319976e-07,FLOAT
"mixed_(5,0.2,0.2)",5,0.2,0.2,0.999999986888661,9.8,9.80000122057367,1.245483337326e-07,FLOAT
"mixed_(5,0.2,0.2)",5,0.2,0.2,0.999999988549524,9.8,9.80000106595891,1.08771317032717e-07,FLOAT
"mixed_(5,0.2,0.2)",5,0.2,0.2,0.99999999,9.8,9.80000093092981,9.49928377228356e-08,FLOAT
"weak_pair_loops_(1.01,0.99,1.005)",1.01,0.99,1.005,0.666666676666667,9.01483740224194,1.67583895990892e+23,1.85897857624382e+22,FLOAT
"weak_pair_loops_(1.01,0.99,1.005)",1.01,0.99,1.005,0.66666667726311,9.01483740224194,1.40848390090339e+23,1.56240632865226e+22,FLOAT
"weak_pair_loops_(1.01,0.99,1.005)",1.01,0.99,1.005,0.666666677895128,9.01483740224194,1.1837813965965e+23,1.31314780708313e+22,FLOAT
"weak_pair_loops_(1.01,0.99,1.005)",1.01,0.99,1.005,0.666666678564843,9.01483740224194,9.94926783778482e+22,1.10365471875405e+22,FLOAT
"weak_pair_loops_(1.01,0.99,1.005)",1.01,0.99,1.005,0.666666679274502,9.01483740224194,8.36201123230689e+22,9.27583145340737e+21,FLOAT
"weak_pair_loops_(1.01,0.99,1.005)",1.01,0.99,1.005,0.666666680026488,9.01483740224194,7.02797710258084e+22,7.79601094173149e+21,FLOAT
"weak_pair_loops_(1.01,0.99,1.005)",1.01,0.99,1.005,0.666666680823326,9.01483740224194,5.90676856955992e+22,6.5522741076738e+21,FLOAT
"weak_pair_loops_(1.01,0.99,1.005)",1.01,0.99,1.005,0.666666681667691,9.01483740224194,4.96443213617998e+22,5.50695693628967e+21,FLOAT
"weak_pair_loops_(1.01,0.99,1.005)",1.01,0.99,1.005,0.666666682562417,9.01483740224194,4.1724311938125e+22,4.62840427135696e+21,FLOAT
"weak_pair_loops_(1.01,0.99,1.005)",1.01,0.99,1.005,0.666666683510509,9.01483740224194,3.50678217599806e+22,3.89001156596118e+21,FLOAT
"weak_pair_loops_(1.01,0.99,1.005)",1.01,0.99,1.005,0.666666684515149,9.01483740224194,2.94732753303892e+22,3.26941840604461e+21,FLOAT
"weak_pair_loops_(1.01,0.99,1.005)",1.01,0.99,1.005,0.66666668557971,9.01483740224194,2.47712548644486e+22,2.74783157578506e+21,FLOAT
"weak_pair_loops_(1.01,0.99,1.005)",1.01,0.99,1.005,0.666666686707767,9.01483740224194,2.08193723413475e+22,2.3094562233779e+21,FLOAT
"weak_pair_loops_(1.01,0.99,1.005)",1.01,0.99,1.005,0.666666687903105,9.01483740224194,1.74979527890824e+22,1.94101701542956e+21,FLOAT
"weak_pair_loops_(1.01,0.99,1.005)",1.01,0.99,1.005,0.666666689169739,9.01483740224194,1.47064162222168e+22,1.63135679169981e+21,FLOAT
"weak_pair_loops_(1.01,0.99,1.005)",1.01,0.99,1.005,0.66666669051192,9.01483740224194,1.23602275543195e+22,1.37109822427253e+21,FLOAT
"weak_pair_loops_(1.01,0.99,1.005)",1.01,0.99,1.005,0.666666691934155,9.01483740224194,1.03883382605556e+22,1.15236002570296e+21,FLOAT
"weak_pair_loops_(1.01,0.99,1.005)",1.01,0.99,1.005,0.666666693441218,9.01483740224194,8.73103430193389e+21,9.68518223053311e+20,FLOAT
"weak_pair_loops_(1.01,0.99,1.005)",1.01,0.99,1.005,0.666666695038169,9.01483740224194,7.33812836991491e+21,8.14005626778134e+20,FLOAT
"weak_pair_loops_(1.01,0.99,1.005)",1.01,0.99,1.005,0.666666696730369,9.01483740224194,6.16743982443069e+21,6.84143212932147e+20,FLOAT
"weak_pair_loops_(1.01,0.99,1.005)",1.01,0.99,1.005,0.666666698523499,9.01483740224194,5.18351711785901e+21,5.74998403916848e+20,FLOAT
"weak_pair_loops_(1.01,0.99,1.005)",1.01,0.99,1.005,0.666666700423579,9.01483740224194,4.35656449843736e+21,4.83266009584811e+20,FLOAT
"weak_pair_loops_(1.01,0.99,1.005)",1.01,0.99,1.005,0.666666702436989,9.01483740224194,3.66153977783871e+21,4.06168144189501e+20,FLOAT
"weak_pair_loops_(1.01,0.99,1.005)",1.01,0.99,1.005,0.666666704570486,9.01483740224194,3.07739593133093e+21,3.41370098429684e+20,FLOAT
"weak_pair_loops_(1.01,0.99,1.005)",1.01,0.99,1.005,0.666666706831235,9.01483740224194,2.58644344791051e+21,2.86909606075344e+20,FLOAT
"weak_pair_loops_(1.01,0.99,1.005)",1.01,0.99,1.005,0.666666709226825,9.01483740224194,2.17381509141027e+21,2.41137470862165e+20,FLOAT
"weak_pair_loops_(1.01,0.99,1.005)",1.01,0.99,1.005,0.666666711765299,9.01483740224194,1.82701542759712e+21,2.02667596327667e+20,FLOAT
"weak_pair_loops_(1.01,0.99,1.005)",1.01,0.99,1.005,0.666666714455177,9.01483740224194,1.53554246813106e+21,1.70335015443449e+20,FLOAT
"weak_pair_loops_(1.01,0.99,1.005)",1.01,0.99,1.005,0.666666717305492,9.01483740224194,1.29056964542724e+21,1.4316061264802e+20,FLOAT
"weak_pair_loops_(1.01,0.99,1.005)",1.01,0.99,1.005,0.666666720325813,9.01483740224194,1.08467856483307e+21,1.20321478517551e+20,FLOAT
"weak_pair_loops_(1.01,0.99,1.005)",1.01,0.99,1.005,0.666666723526278,9.01483740224194,9.1163433827364e+20,1.01125987923745e+20,FLOAT
"weak_pair_loops_(1.01,0.99,1.005)",1.01,0.99,1.005,0.666666726917633,9.01483740224194,7.66196718705311e+20,8.49928495121568e+19,FLOAT
"weak_pair_loops_(1.01,0.99,1.005)",1.01,0.99,1.005,0.666666730511263,9.01483740224194,6.43961505106709e+20,7.14335130378014e+19,FLOAT
"weak_pair_loops_(1.01,0.99,1.005)",1.01,0.99,1.005,0.666666734319233,9.01483740224194,5.41227083912803e+20,6.00373650420143e+19,FLOAT
"weak_pair_loops_(1.01,0.99,1.005)",1.01,0.99,1.005,0.666666738354327,9.01483740224194,4.54882405925118e+20,5.04593023288464e+19,FLOAT
"weak_pair_loops_(1.01,0.99,1.005)",1.01,0.99,1.005,0.666666742630091,9.01483740224194,3.82312724739731e+20,4.24092756952724e+19,FLOAT
"weak_pair_loops_(1.01,0.99,1.005)",1.01,0.99,1.005,0.66666674716088,9.01483740224194,3.21320452413182e+20,3.56435105899161e+19,FLOAT
"weak_pair_loops_(1.01,0.99,1.005)",1.01,0.99,1.005,0.666666751961906,9.01483740224194,2.70058583333979e+20,2.99571219406373e+19,FLOAT
"weak_pair_loops_(1.01,0.99,1.005)",1.01,0.99,1.005,0.666666757049286,9.01483740224194,2.26974780155149e+20,2.51779117057288e+19,FLOAT
"weak_pair_loops_(1.01,0.99,1.005)",1.01,0.99,1.005,0.666666762440099,9.01483740224194,1.90764353266253e+20,2.11611529697486e+19,FLOAT
"weak_pair_loops_(1.01,0.99,1.005)",1.01,0.99,1.005,0.666666768152444,9.01483740224194,1.60330755612899e+20,1.77852077035827e+19,FLOAT
"weak_pair_loops_(1.01,0.99,1.005)",1.01,0.99,1.005,0.666666774205498,9.01483740224194,1.34752384684876e+20,1.49478441675902e+19,FLOAT
"weak_pair_loops_(1.01,0.99,1.005)",1.01,0.99,1.005,0.666666780619582,9.01483740224194,1.13254659117081e+20,1.25631394182346e+19,FLOAT
"weak_pair_loops_(1.01,0.99,1.005)",1.01,0.99,1.005,0.66666678741623,9.01483740224194,9.51865744736309e+19,1.05588786825993e+19,FLOAT
"weak_pair_loops_(1.01,0.99,1.005)",1.01,0.99,1.005,0.66666679461826,9.01483740224194,8.00009818314262e+19,8.87436769647453e+18,FLOAT
"weak_pair_loops_(1.01,0.99,1.005)",1.01,0.99,1.005,0.666666802249851,9.01483740224194,6.72380232157454e+19,7.45859522646784e+18,FLOAT
"weak_pair_loops_(1.01,0.99,1.005)",1.01,0.99,1.005,0.666666810336623,9.01483740224194,5.65112037265936e+19,6.26868807556525e+18,FLOAT
"weak_pair_loops_(1.01,0.99,1.005)",1.01,0.99,1.005,0.666666818905725,9.01483740224194,4.74956876598252e+19,5.2686127925073e+18,FLOAT
"weak_pair_loops_(1.01,0.99,1.005)",1.01,0.99,1.005,0.666666827985925,9.01483740224194,3.99184621426282e+19,4.42808454123651e+18,FLOAT
"weak_pair_loops_(1.01,0.99,1.005)",1.01,0.99,1.005,0.666666837607709,9.01483740224194,3.35500695891346e+19,3.72164999679206e+18,FLOAT
"weak_pair_loops_(1.01,0.99,1.005)",1.01,0.99,1.005,0.666666847803377,9.01483740224194,2.81976586143474e+19,3.12791649545835e+18,FLOAT
"weak_pair_loops_(1.01,0.99,1.005)",1.01,0.99,1.005,0.66666685860716,9.01483740224194,2.36991446468201e+19,2.62890428183722e+18,FLOAT
"weak_pair_loops_(1.01,0.99,1.005)",1.01,0.99,1.005,0.666666870055327,9.01483740224194,1.99183012915922e+19,2.20950200240313e+18,FLOAT
"weak_pair_loops_(1.01,0.99,1.005)",1.01,0.99,1.005,0.666666882186313,9.01483740224194,1.67406348447871e+19,1.85700907268985e+18,FLOAT
"weak_pair_loops_(1.01,0.99,1.005)",1.01,0.99,1.005,0.666666895040844,9.01483740224194,1.40699174527284e+19,1.56075110675089e+18,FLOAT
"weak_pair_loops_(1.01,0.99,1.005)",1.01,0.99,1.005,0.666666908662074,9.01483740224194,1.18252730389243e+19,1.31175666418381e+18,FLOAT
"weak_pair_loops_(1.01,0.99,1.005)",1.01,0.99,1.005,0.666666923095735,9.01483740224194,9.93872801124627e+18,1.10248555440108e+18,FLOAT
"weak_pair_loops_(1.01,0.99,1.005)",1.01,0.99,1.005,0.666666938390282,9.01483740224194,8.35315298333425e+18,9.26600515418822e+17,FLOAT
"weak_pair_loops_(1.01,0.99,1.005)",1.01,0.99,1.005,0.666666954597062,9.01483740224194,7.02053267933218e+18,7.78775297443103e+17,FLOAT
"weak_pair_loops_(1.01,0.99,1.005)",1.01,0.99,1.005,0.666666971770485,9.01483740224194,5.90051199738083e+18,6.54533380259682e+17,FLOAT
"weak_pair_loops_(1.01,0.99,1.005)",1.01,0.99,1.005,0.666666989968206,9.01483740224194,4.95917381497337e+18,5.5011239733953e+17,FLOAT
"weak_pair_loops_(1.01,0.99,1.005)",1.01,0.99,1.005,0.666667009251318,9.01483740224194,4.16801203518232e+18,4.62350217669568e+17,FLOAT
"weak_pair_loops_(1.01,0.99,1.005)",1.01,0.99,1.005,0.666667029684559,9.01483740224194,3.50306826185497e+18,3.88589178656043e+17,FLOAT
"weak_pair_loops_(1.01,0.99,1.005)",1.01,0.99,1.005,0.666667051336528,9.01483740224194,2.94420629519717e+18,3.26595607200298e+17,FLOAT
"weak_pair_loops_(1.01,0.99,1.005)",1.01,0.99,1.005,0.666667074279914,9.01483740224194,2.47450238052281e+18,2.74492181068891e+17,FLOAT
"weak_pair_loops_(1.01,0.99,1.005)",1.01,0.99,1.005,0.666667098591744,9.01483740224194,2.07973267916484e+18,2.30701074946468e+17,FLOAT
"weak_pair_loops_(1.01,0.99,1.005)",1.01,0.99,1.005,0.666667124353638,9.01483740224194,1.74794256384266e+18,1.93896183131152e+17,FLOAT
"weak_pair_loops_(1.01,0.99,1.005)",1.01,0.99,1.005,0.666667151652083,9.01483740224194,1.46908458518541e+18,1.62962959800036e+17,FLOAT
"weak_pair_loops_(1.01,0.99,1.005)",1.01,0.99,1.005,0.666667180578726,9.01483740224194,1.23471421322292e+18,1.36964668149849e+17,FLOAT
"weak_pair_loops_(1.01,0.99,1.005)",1.01,0.99,1.005,0.66666721123068,9.01483740224194,1.03773411721019e+18,1.15114013809291e+17,FLOAT
"weak_pair_loops_(1.01,0.99,1.005)",1.01,0.99,1.005,0.66666724371085,9.01483740224194,8.72179239811659e+17,9.67493034976708e+16,FLOAT
"weak_pair_loops_(1.01,0.99,1.005)",1.01,0.99,1.005,0.666667278128279,9.01483740224194,7.33036157240455e+17,8.13144069640294e+16,FLOAT
"weak_pair_loops_(1.01,0.99,1.005)",1.01,0.99,1.005,0.666667314598514,9.01483740224194,6.16091265581023e+17,6.83419165638866e+16,FLOAT
"weak_pair_loops_(1.01,0.99,1.005)",1.01,0.99,1.005,0.666667353243992,9.01483740224194,5.17803174844984e+17,5.74389921571086e+16,FLOAT
"weak_pair_loops_(1.01,0.99,1.005)",1.01,0.99,1.005,0.666667394194455,9.01483740224194,4.35195472641712e+17,4.82754655711796e+16,FLOAT
"weak_pair_loops_(1.01,0.99,1.005)",1.01,0.99,1.005,0.666667437587381,9.01483740224194,3.65766588528084e+17,4.05738420126268e+16,FLOAT
"weak_pair_loops_(1.01,0.99,1.005)",1.01,0.99,1.005,0.666667483568452,9.01483740224194,3.07414039573192e+17,3.41008967612372e+16,FLOAT
"weak_pair_loops_(1.01,0.99,1.005)",1.01,0.99,1.005,0.666667532292033,9.01483740224194,2.58370762469239e+17,2.86606126035045e+16,FLOAT
"weak_pair_loops_(1.01,0.99,1.005)",1.01,0.99,1.005,0.666667583921701,9.01483740224194,2.17151602844161e+17,2.40882439865368e+16,FLOAT
"weak_pair_loops_(1.01,0.99,1.005)",1.01,0.99,1.005,0.666667638630787,9.01483740224194,1.8250834021141e+17,2.02453280151255e+16,FLOAT
"weak_pair_loops_(1.01,0.99,1.005)",1.01,0.99,1.005,0.666667696602962,9.01483740224194,1.53391888979859e+17,1.70154914764976e+16,FLOAT
"weak_pair_loops_(1.01,0.99,1.005)",1.01,0.99,1.005,0.66666775803285,9.01483740224194,1.28920529305205e+17,1.43009267447401e+16,FLOAT
"weak_pair_loops_(1.01,0.99,1.005)",1.01,0.99,1.005,0.666667823126684,9.01483740224194,1.08353206608405e+17,1.20194299435127e+16,FLOAT
"weak_pair_loops_(1.01,0.99,1.005)",1.01,0.99,1.005,0.666667892102997,9.01483740224194,9.10670905053677e+16,1.01019115977311e+16,FLOAT
"weak_pair_loops_(1.01,0.99,1.005)",1.01,0.99,1.005,0.666667965193359,9.01483740224194,7.65387137479135e+16,8.49030440958134e+15,FLOAT
"weak_pair_loops_(1.01,0.99,1.005)",1.01,0.99,1.005,0.666668042643148,9.01483740224194,6.43281205286688e+16,7.13580485796347e+15,FLOAT
"weak_pair_loops_(1.01,0.99,1.005)",1.01,0.99,1.005,0.66666812471238,9.01483740224194,5.4065543290878e+16,5.99739528052189e+15,FLOAT
"weak_pair_loops_(1.01,0.99,1.005)",1.01,0.99,1.005,0.666668211676578,9.01483740224194,4.54402054147138e+16,5.04060177540341e+15,FLOAT
"weak_pair_loops_(1.01,0.99,1.005)",1.01,0.99,1.005,0.666668303827701,9.01483740224194,3.81909099820603e+16,4.2364502295474e+15,FLOAT
"weak_pair_loops_(1.01,0.99,1.005)",1.01,0.99,1.005,0.666668401475117,9.01483740224194,3.20981301489299e+16,3.56058891766004e+15,FLOAT
"weak_pair_loops_(1.01,0.99,1.005)",1.01,0.99,1.005,0.666668504946651,9.01483740224194,2.69773612605556e+16,2.99255106407649e+15,FLOAT
"weak_pair_loops_(1.01,0.99,1.005)",1.01,0.99,1.005,0.666668614589678,9.01483740224194,2.26735336124764e+16,2.51513506021058e+15,FLOAT
"weak_pair_loops_(1.01,0.99,1.005)",1.01,0.99,1.005,0.666668730772293,9.01483740224194,1.90563165431372e+16,2.1138835558363e+15,FLOAT
"weak_pair_loops_(1.01,0.99,1.005)",1.01,0.99,1.005,0.666668853884545,9.01483740224194,1.6016171687373e+16,1.77664565346347e+15,FLOAT
"weak_pair_loops_(1.01,0.99,1.005)",1.01,0.99,1.005,0.666668984339748,9.01483740224194,1.34610358721587e+16,1.49320894781873e+15,FLOAT
"weak_pair_loops_(1.01,0.99,1.005)",1.01,0.99,1.005,0.666669122575868,9.01483740224194,1.13135332321346e+16,1.25499027074199e+15,FLOAT
"weak_pair_loops_(1.01,0.99,1.005)",1.01,0.99,1.005,0.666669269056992,9.01483740224194,9.50863204498637e+15,1.05477576807116e+15,FLOAT
"weak_pair_loops_(1.01,0.99,1.005)",1.01,0.99,1.005,0.666669424274889,9.01483740224194,7.99167542860894e+15,886502448354914,FLOAT
"weak_pair_loops_(1.01,0.99,1.005)",1.01,0.99,1.005,0.666669588750657,9.01483740224194,6.71672617695618e+15,745074578415109,FLOAT
"weak_pair_loops_(1.01,0.99,1.005)",1.01,0.99,1.005,0.666669763036477,9.01483740224194,5.64517567692754e+15,626209372952596,FLOAT
"weak_pair_loops_(1.01,0.99,1.005)",1.01,0.99,1.005,0.666669947717462,9.01483740224194,4.74457473644981e+15,526307300370149,FLOAT
"weak_pair_loops_(1.01,0.99,1.005)",1.01,0.99,1.005,0.666670143413626,9.01483740224194,3.98765094106079e+15,442343079872863,FLOAT
"weak_pair_loops_(1.01,0.99,1.005)",1.01,0.99,1.005,0.666670350781961,9.01483740224194,3.3514827818368e+15,371774068936984,FLOAT
"weak_pair_loops_(1.01,0.99,1.005)",1.01,0.99,1.005,0.666670570518648,9.01483740224194,2.8168055286116e+15,312463265051355,FLOAT
"weak_pair_loops_(1.01,0.99,1.005)",1.01,0.99,1.005,0.666670803361388,9.01483740224194,2.367427847923e+15,262614592176031,FLOAT
"weak_pair_loops_(1.01,0.99,1.005)",1.01,0.99,1.005,0.666671050091883,9.01483740224194,1.98974148923308e+15,220718511100182,FLOAT
"weak_pair_loops_(1.01,0.99,1.005)",1.01,0.99,1.005,0.66667131153846,9.01483740224194,1.67230919270723e+15,185506306779458,FLOAT
"weak_pair_loops_(1.01,0.99,1.005)",1.01,0.99,1.005,0.666671588578849,9.01483740224194,1.4055183400021e+15,155911668429266,FLOAT
"weak_pair_loops_(1.01,0.99,1.005)",1.01,0.99,1.005,0.666671882143135,9.01483740224194,1.18128986058817e+15,131038399016979,FLOAT
"weak_pair_loops_(1.01,0.99,1.005)",1.01,0.99,1.005,0.666672193216873,9.01483740224194,992833577353834,110133276181655,FLOAT
"weak_pair_loops_(1.01,0.99,1.005)",1.01,0.99,1.005,0.666672522844405,9.01483740224194,834442582757362,92563242743549.9,FLOAT
"weak_pair_loops_(1.01,0.99,1.005)",1.01,0.99,1.005,0.666672872132358,9.01483740224194,701320419782345,77796236192559.8,FLOAT
"weak_pair_loops_(1.01,0.99,1.005)",1.01,0.99,1.005,0.666673242253367,9.01483740224194,589435833407125,65385076525121.4,FLOAT
"weak_pair_loops_(1.01,0.99,1.005)",1.01,0.99,1.005,0.666673634450005,9.01483740224194,495400693943429,54953924495656.1,FLOAT
"weak_pair_loops_(1.01,0.99,1.005)",1.01,0.99,1.005,0.66667405003896,9.01483740224194,416367396250526,46186900292507.7,FLOAT
"weak_pair_loops_(1.01,0.99,1.005)",1.01,0.99,1.005,0.66667449041545,9.01483740224194,349942627290466,38818517925063.1,FLOAT
"weak_pair_loops_(1.01,0.99,1.005)",1.01,0.99,1.005,0.666674957057912,9.01483740224194,294114890562275,32625645637171.6,FLOAT
"weak_pair_loops_(1.01,0.99,1.005)",1.01,0.99,1.005,0.666675451532965,9.01483740224194,247193593074090,27420748932488.3,FLOAT
"weak_pair_loops_(1.01,0.99,1.005)",1.01,0.99,1.005,0.666675975500663,9.01483740224194,207757850226688,23046211590573,FLOAT
"weak_pair_loops_(1.01,0.99,1.005)",1.01,0.99,1.005,0.666676530720078,9.01483740224194,174613457717386,19369562636143.8,FLOAT
"weak_pair_loops_(1.01,0.99,1.005)",1.01,0.99,1.005,0.666677119055197,9.01483740224194,146756728273529,16279464811758.2,FLOAT
"weak_pair_loops_(1.01,0.99,1.005)",1.01,0.99,1.005,0.666677742481186,9.01483740224194,123344097515783,13682343009880.4,FLOAT
"weak_pair_loops_(1.01,0.99,1.005)",1.01,0.99,1.005,0.666678403091018,9.01483740224194,103666578799866,11499550593566.5,FLOAT
"weak_pair_loops_(1.01,0.99,1.005)",1.01,0.99,1.005,0.666679103102497,9.01483740224194,87128293385969.8,9664987786057.29,FLOAT
"weak_pair_loops_(1.01,0.99,1.005)",1.01,0.99,1.005,0.666679844865711,9.01483740224194,73228425802172,8123100011094.1,FLOAT
"weak_pair_loops_(1.01,0.99,1.005)",1.01,0.99,1.005,0.666680630870915,9.01483740224194,61546057937468,6827195565629.71,FLOAT
"weak_pair_loops_(1.01,0.99,1.005)",1.01,0.99,1.005,0.666681463756893,9.01483740224194,51727422663480.1,5738031686584.48,FLOAT
"weak_pair_loops_(1.01,0.99,1.005)",1.01,0.99,1.005,0.666682346319819,9.01483740224194,43475190904721.4,4822626184461.22,FLOAT
"weak_pair_loops_(1.01,0.99,1.005)",1.01,0.99,1.005,0.666683281522644,9.01483740224194,36539467818976.1,4053258665528.45,FLOAT
"weak_pair_loops_(1.01,0.99,1.005)",1.01,0.99,1.005,0.666684272505039,9.01483740224194,30710225394962.4,3406631093237.02,FLOAT
"weak_pair_loops_(1.01,0.99,1.005)",1.01,0.99,1.005,0.666685322593942,9.01483740224194,25810942310987.8,2863162268967.8,FLOAT
"weak_pair_loops_(1.01,0.99,1.005)",1.01,0.99,1.005,0.666686435314721,9.01483740224194,21693258460816.9,2406394868022.01,FLOAT
"weak_pair_loops_(1.01,0.99,1.005)",1.01,0.99,1.005,0.666687614403016,9.01483740224194,18232482263320.9,2022497073411.17,FLOAT
"weak_pair_loops_(1.01,0.99,1.005)",1.01,0.99,1.005,0.666688863817274,9.01483740224194,15323814718587.8,1699843717066.69,FLOAT
"weak_pair_loops_(1.01,0.99,1.005)",1.01,0.99,1.005,0.666690187752041,9.01483740224194,12879175852359.4,1428664242923.27,FLOAT
"weak_pair_loops_(1.01,0.99,1.005)",1.01,0.99,1.005,0.666691590652045,9.01483740224194,10824537455656.9,1200746832433.81,FLOAT
"weak_pair_loops_(1.01,0.99,1.005)",1.01,0.99,1.005,0.666693077227118,9.01483740224194,9097681344750.86,1009189732305.02,FLOAT
"weak_pair_loops_(1.01,0.99,1.005)",1.01,0.99,1.005,0.666694652468004,9.01483740224194,7646315255540.27,848192253986.706,FLOAT
"weak_pair_loops_(1.01,0.99,1.005)",1.01,0.99,1.005,0.66669632166312,9.01483740224194,6426489317838.5,712879115959.569,FLOAT
"weak_pair_loops_(1.01,0.99,1.005)",1.01,0.99,1.005,0.666698090416304,9.01483740224194,5401265157743.46,599152809610.43,FLOAT
"weak_pair_loops_(1.01,0.99,1.005)",1.01,0.99,1.005,0.666699964665634,9.01483740224194,4539597323151.25,503569517738.974,FLOAT
"weak_pair_loops_(1.01,0.99,1.005)",1.01,0.99,1.005,0.66670195070336,9.01483740224194,3815393160985.87,423234828398.346,FLOAT
"weak_pair_loops_(1.01,0.99,1.005)",1.01,0.99,1.005,0.666704055197027,9.01483740224194,3206722676673.2,355716086001.362,FLOAT
"weak_pair_loops_(1.01,0.99,1.005)",1.01,0.99,1.005,0.666706285211866,9.01483740224194,2695154447831.54,298968725398.448,FLOAT
"weak_pair_loops_(1.01,0.99,1.005)",1.01,0.99,1.005,0.666708648234505,9.01483740224194,2265197482533.84,251274358199.904,FLOAT
"weak_pair_loops_(1.01,0.99,1.005)",1.01,0.99,1.005,0.666711152198109,9.01483740224194,1903832120860.26,211188736513.182,FLOAT
"weak_pair_loops_(1.01,0.99,1.005)",1.01,0.99,1.005,0.666713805509012,9.01483740224194,1600115773459.18,177498018217.414,FLOAT
"weak_pair_loops_(1.01,0.99,1.005)",1.01,0.99,1.005,0.666716617074936,9.01483740224194,1344851558199.26,149182009412.149,FLOAT
"weak_pair_loops_(1.01,0.99,1.005)",1.01,0.99,1.005,0.6667195963349,9.01483740224194,1130309800865.23,125383270981.14,FLOAT
"weak_pair_loops_(1.01,0.99,1.005)",1.01,0.99,1.005,0.666722753290909,9.01483740224194,949993966019.475,105381153716.006,FLOAT
"weak_pair_loops_(1.01,0.99,1.005)",1.01,0.99,1.005,0.666726098541527,9.01483740224194,798443929735.341,88569975707.799,FLOAT
"weak_pair_loops_(1.01,0.99,1.005)",1.01,0.99,1.005,0.666729643317467,9.01483740224194,671070637123.473,74440681198.2617,FLOAT
"weak_pair_loops_(1.01,0.99,1.005)",1.01,0.99,1.005,0.666733399519287,9.01483740224194,564017137654.816,62565425473.5125,FLOAT
"weak_pair_loops_(1.01,0.99,1.005)",1.01,0.99,1.005,0.666737379757347,9.01483740224194,474041790011.782,52584618984.3508,FLOAT
"weak_pair_loops_(1.01,0.99,1.005)",1.01,0.99,1.005,0.666741597394146,9.01483740224194,398420099754.475,44196038371.8485,FLOAT
"weak_pair_loops_(1.01,0.99,1.005)",1.01,0.99,1.005,0.666746066589179,9.01483740224194,334862217199.098,37145674652.6349,FLOAT
"weak_pair_loops_(1.01,0.99,1.005)",1.01,0.99,1.005,0.666750802346474,9.01483740224194,281443597185.031,31220041429.2578,FLOAT
"weak_pair_loops_(1.01,0.99,1.005)",1.01,0.99,1.005,0.666755820564966,9.01483740224194,236546720937.286,26239710199.2593,FLOAT
"weak_pair_loops_(1.01,0.99,1.005)",1.01,0.99,1.005,0.666761138091871,9.01483740224194,198812115253.979,22053877000.1022,FLOAT
"weak_pair_loops_(1.01,0.99,1.005)",1.01,0.99,1.005,0.666766772779247,9.01483740224194,167097185783.278,18535795857.2505,FLOAT
"weak_pair_loops_(1.01,0.99,1.005)",1.01,0.99,1.005,0.666772743543927,9.01483740224194,140441617768.654,15578940749.9143,FLOAT
"weak_pair_loops_(1.01,0.99,1.005)",1.01,0.99,1.005,0.666779070431024,9.01483740224194,118038296528.346,13093779871.1684,FLOAT
"weak_pair_loops_(1.01,0.99,1.005)",1.01,0.99,1.005,0.666785774681232,9.01483740224194,99208867089.8127,11005064501.3437,FLOAT
"weak_pair_loops_(1.01,0.99,1.005)",1.01,0.99,1.005,0.666792878802131,9.01483740224194,83383192872.685,9249550395.98754,FLOAT
"weak_pair_loops_(1.01,0.99,1.005)",1.01,0.99,1.005,0.66680040664375,9.01483740224194,70082091389.9025,7774082687.66541,FLOAT
"weak_pair_loops_(1.01,0.99,1.005)",1.01,0.99,1.005,0.666808383478639,9.01483740224194,58902824175.4984,6533986309.2633,FLOAT
"weak_pair_loops_(1.01,0.99,1.005)",1.01,0.99,1.005,0.666816836086713,9.01483740224194,49506901543.7866,5491713197.45154,FLOAT
"weak_pair_loops_(1.01,0.99,1.005)",1.01,0.99,1.005,0.666825792845157,9.01483740224194,41609832890.3818,4615705311.66972,FLOAT
"weak_pair_loops_(1.01,0.99,1.005)",1.01,0.99,1.005,0.666835283823696,9.01483740224194,34972512151.8419,3879439038.37129,FLOAT
"weak_pair_loops_(1.01,0.99,1.005)",1.01,0.99,1.005,0.666845340885544,9.01483740224194,29393977564.9308,3260622043.89908,FLOAT
"weak_pair_loops_(1.01,0.99,1.005)",1.01,0.99,1.005,0.666855997794376,9.01483740224194,24705326478.0835,2740518255.26266,FLOAT
"weak_pair_loops_(1.01,0.99,1.005)",1.01,0.99,1.005,0.666867290327678,9.01483740224194,20764600945.0594,2303380528.07037,FLOAT
"weak_pair_loops_(1.01,0.99,1.005)",1.01,0.99,1.005,0.666879256396864,9.01483740224194,17452489230.0803,1935973822.08193,FLOAT
"weak_pair_loops_(1.01,0.99,1.005)",1.01,0.99,1.005,0.666891936174548,9.01483740224194,14668713059.462,1627174445.40921,FLOAT
"weak_pair_loops_(1.01,0.99,1.005)",1.01,0.99,1.005,0.666905372229415,9.01483740224194,12328991220.1604,1367633231.86277,FLOAT
"weak_pair_loops_(1.01,0.99,1.005)",1.01,0.99,1.005,0.666919609669129,9.01483740224194,10362487559.8168,1149492452.10178,FLOAT
"weak_pair_loops_(1.01,0.99,1.005)",1.01,0.99,1.005,0.666934696291775,9.01483740224194,8709666110.06153,966147886.248137,FLOAT
"weak_pair_loops_(1.01,0.99,1.005)",1.01,0.99,1.005,0.666950682746323,9.01483740224194,7320488383.85166,812048853.262319,FLOAT
"weak_pair_loops_(1.01,0.99,1.005)",1.01,0.99,1.005,0.666967622702667,9.01483740224194,6152898259.25155,682530141.77566,FLOAT
"weak_pair_loops_(1.01,0.99,1.005)",1.01,0.99,1.005,0.666985573031808,9.01483740224194,5171548570.00301,573670753.030114,FLOAT
"weak_pair_loops_(1.01,0.99,1.005)",1.01,0.99,1.005,0.667004593996783,9.01483740224194,4346730843.50593,482175178.601678,FLOAT
"weak_pair_loops_(1.01,0.99,1.005)",1.01,0.99,1.005,0.667024749454976,9.01483740224194,3653475777.21662,405273617.835102,FLOAT
"weak_pair_loops_(1.01,0.99,1.005)",1.01,0.99,1.005,0.667046107072505,9.01483740224194,3070797215.75556,340638113.55899,FLOAT
"weak_pair_loops_(1.01,0.99,1.005)",1.01,0.99,1.005,0.667068738551391,9.01483740224194,2581056735.60609,286312066.588063,FLOAT
"weak_pair_loops_(1.01,0.99,1.005)",1.01,0.99,1.005,0.667092719870275,9.01483740224194,2169429596.89202,240650994.69655,FLOAT
"weak_pair_loops_(1.01,0.99,1.005)",1.01,0.99,1.005,0.667118131539495,9.01483740224194,1823455891.01088,202272742.217465,FLOAT
"weak_pair_loops_(1.01,0.99,1.005)",1.01,0.99,1.005,0.667145058871377,9.01483740224194,1532663292.80258,170015632.606594,FLOAT
"weak_pair_loops_(1.01,0.99,1.005)",1.01,0.99,1.005,0.667173592266644,9.01483740224194,1288249994.17129,142903296.828856,FLOAT
"weak_pair_loops_(1.01,0.99,1.005)",1.01,0.99,1.005,0.667203827517915,9.01483740224194,1082818218.38862,120115112.570361,FLOAT
"weak_pair_loops_(1.01,0.99,1.005)",1.01,0.99,1.005,0.667235866131295,9.01483740224194,910150246.002408,100961359.187823,FLOAT
"weak_pair_loops_(1.01,0.99,1.005)",1.01,0.99,1.005,0.667269815667157,9.01483740224194,765020170.467557,84862336.0929909,FLOAT
"weak_pair_loops_(1.01,0.99,1.005)",1.01,0.99,1.005,0.667305790101244,9.01483740224194,643035683.589586,71330812.2911711,FLOAT
"weak_pair_loops_(1.01,0.99,1.005)",1.01,0.99,1.005,0.667343910207308,9.01483740224194,540505100.161232,59957275.6589015,FLOAT
"weak_pair_loops_(1.01,0.99,1.005)",1.01,0.99,1.005,0.667384303962572,9.01483740224194,454325595.435413,50397535.3241077,FLOAT
"weak_pair_loops_(1.01,0.99,1.005)",1.01,0.99,1.005,0.667427106977381,9.01483740224194,381889271.386643,42362301.7622961,FLOAT
"weak_pair_loops_(1.01,0.99,1.005)",1.01,0.99,1.005,0.66747246295047,9.01483740224194,321004207.589654,35608429.1098789,FLOAT
"weak_pair_loops_(1.01,0.99,1.005)",1.01,0.99,1.005,0.667520524151393,9.01483740224194,269828106.256852,29931554.5253106,FLOAT
"weak_pair_loops_(1.01,0.99,1.005)",1.01,0.99,1.005,0.667571451931725,9.01483740224194,226812522.341956,25159911.7329295,FLOAT
"weak_pair_loops_(1.01,0.99,1.005)",1.01,0.99,1.005,0.667625417266748,9.01483740224194,190655990.110096,21149131.4361192,FLOAT
"weak_pair_loops_(1.01,0.99,1.005)",1.01,0.99,1.005,0.66768260132946,9.01483740224194,160264626.964253,17777871.169319,FLOAT
"weak_pair_loops_(1.01,0.99,1.005)",1.01,0.99,1.005,0.667743196098802,9.01483740224194,134719021.722131,14944142.2730253,FLOAT
"weak_pair_loops_(1.01,0.99,1.005)",1.01,0.99,1.005,0.667807405004176,9.01483740224194,113246404.8175,12562222.7833525,FLOAT
"weak_pair_loops_(1.01,0.99,1.005)",1.01,0.99,1.005,0.667875443608401,9.01483740224194,95197257.837845,10560062.7693332,FLOAT
"weak_pair_loops_(1.01,0.99,1.005)",1.01,0.99,1.005,0.667947540331402,9.01483740224194,80025654.2207171,8877103.56106676,FLOAT
"weak_pair_loops_(1.01,0.99,1.005)",1.01,0.99,1.005,0.668023937217061,9.01483740224194,67272735.9071736,7462444.84405297,FLOAT
"weak_pair_loops_(1.01,0.99,1.005)",1.01,0.99,1.005,0.668104890745814,9.01483740224194,56552825.6994971,6273304.12754814,FLOAT
"weak_pair_loops_(1.01,0.99,1.005)",1.01,0.99,1.005,0.668190672695706,9.01483740224194,47541754.8742862,5273721.94728941,FLOAT
"weak_pair_loops_(1.01,0.99,1.005)",1.01,0.99,1.005,0.66828157105481,9.01483740224194,39967052.6742299,4433473.60313487,FLOAT
"weak_pair_loops_(1.01,0.99,1.005)",1.01,0.99,1.005,0.668377890988062,9.01483740224194,33599700.6735353,3727154.48537561,FLOAT
"weak_pair_loops_(1.01,0.99,1.005)",1.01,0.99,1.005,0.668479955861763,9.01483740224194,28247202.3920115,3133411.29925972,FLOAT
"weak_pair_loops_(1.01,0.99,1.005)",1.01,0.99,1.005,0.668588108329191,9.01483740224194,23747758.3533242,2634295.91448659,FLOAT
"weak_pair_loops_(1.01,0.99,1.005)",1.01,0.99,1.005,0.668702711480957,9.01483740224194,19965370.2518977,2214722.27908348,FLOAT
"weak_pair_loops_(1.01,0.99,1.005)",1.01,0.99,1.005,0.668824150063978,9.01483740224194,16785726.021889,1862009.95737062,FLOAT
"weak_pair_loops_(1.01,0.99,1.005)",1.01,0.99,1.005,0.668952831773153,9.01483740224194,14112741.2440708,1565500.47433175,FLOAT
"weak_pair_loops_(1.01,0.99,1.005)",1.01,0.99,1.005,0.669089188620082,9.01483740224194,11865652.1967546,1316234.85288446,FLOAT
"weak_pair_loops_(1.01,0.99,1.005)",1.01,0.99,1.005,0.669233678383419,9.01483740224194,9976572.55759602,1106682.5831243,FLOAT
"weak_pair_loops_(1.01,0.99,1.005)",1.01,0.99,1.005,0.669386786145729,9.01483740224194,8388439.79974814,930513.81967517,FLOAT
"weak_pair_loops_(1.01,0.99,1.005)",1.01,0.99,1.005,0.669549025922018,9.01483740224194,7053289.12304273,782407.911922096,FLOAT
"weak_pair_loops_(1.01,0.99,1.005)",1.01,0.99,1.005,0.669720942385384,9.01483740224194,5930802.67644538,657892.471819074,FLOAT
"weak_pair_loops_(1.01,0.99,1.005)",1.01,0.99,1.005,0.669903112695601,9.01483740224194,4987090.16155391,553208.108387651,FLOAT
"weak_pair_loops_(1.01,0.99,1.005)",1.01,0.99,1.005,0.670096148436769,9.01483740224194,4193663.91133796,465194.735010708,FLOAT
"weak_pair_loops_(1.01,0.99,1.005)",1.01,0.99,1.005,0.670300697670525,9.01483740224194,3526577.42517128,391196.008644243,FLOAT
"weak_pair_loops_(1.01,0.99,1.005)",1.01,0.99,1.005,0.670517447111728,9.01483740224194,2965701.28914071,328979.008935398,FLOAT
"weak_pair_loops_(1.01,0.99,1.005)",1.01,0.99,1.005,0.670747124433902,9.01483740224194,2494114.56916313,276666.726535241,FLOAT
"weak_pair_loops_(1.01,0.99,1.005)",1.01,0.99,1.005,0.67099050071219,9.01483740224194,2097593.25969602,232681.317617217,FLOAT
"weak_pair_loops_(1.01,0.99,1.005)",1.01,0.99,1.005,0.671248393012015,9.01483740224194,1764180.30848837,195696.407481763,FLOAT
"weak_pair_loops_(1.01,0.99,1.005)",1.01,0.99,1.005,0.671521667132144,9.01483740224194,1483824.20688364,164597.000016575,FLOAT
"weak_pair_loops_(1.01,0.99,1.005)",1.01,0.99,1.005,0.671811240511352,9.01483740224194,1248075.21041741,138445.779983743,FLOAT
"weak_pair_loops_(1.01,0.99,1.005)",1.01,0.99,1.005,0.67211808530846,9.01483740224194,1049829.99863188,116454.788583696,FLOAT
"weak_pair_loops_(1.01,0.99,1.005)",1.01,0.99,1.005,0.672443231666078,9.01483740224194,883117.049007645,97961.6153643125,FLOAT
"weak_pair_loops_(1.01,0.99,1.005)",1.01,0.99,1.005,0.672787771169006,9.01483740224194,742916.232048264,82409.3862221081,FLOAT
"weak_pair_loops_(1.01,0.99,1.005)",1.01,0.99,1.005,0.673152860508921,9.01483740224194,625007.170145335,69329.9421188117,FLOAT
"weak_pair_loops_(1.01,0.99,1.005)",1.01,0.99,1.005,0.673539725367628,9.01483740224194,525841.77326934,58329.6996905531,FLOAT
"weak_pair_loops_(1.01,0.99,1.005)",1.01,0.99,1.005,0.673949664531935,9.01483740224194,442437.09610157,49077.7660786359,FLOAT
"weak_pair_loops_(1.01,0.99,1.005)",1.01,0.99,1.005,0.674384054253956,9.01483740224194,372285.276112675,41295.9485195695,FLOAT
"weak_pair_loops_(1.01,0.99,1.005)",1.01,0.99,1.005,0.674844352871474,9.01483740224194,313277.828900866,34750.3565605694,FLOAT
"weak_pair_loops_(1.01,0.99,1.005)",1.01,0.99,1.005,0.675332105703892,9.01483740224194,263642.011482626,29244.3429517276,FLOAT
"weak_pair_loops_(1.01,0.99,1.005)",1.01,0.99,1.005,0.675848950240194,9.01483740224194,221887.329324189,24612.569765441,FLOAT
"weak_pair_loops_(1.01,0.99,1.005)",1.01,0.99,1.005,0.676396621636343,9.01483740224194,186760.569766503,20716.0203336177,FLOAT
"weak_pair_loops_(1.01,0.99,1.005)",1.01,0.99,1.005,0.676976958540561,9.01483740224194,157208.002417633,17437.8062039295,FLOAT
"weak_pair_loops_(1.01,0.99,1.005)",1.01,0.99,1.005,0.677591909266059,9.01483740224194,132343.6038716,14679.642363964,FLOAT
"weak_pair_loops_(1.01,0.99,1.005)",1.01,0.99,1.005,0.67824353833194,9.01483740224194,111422.346322881,12358.8841943805,FLOAT
"weak_pair_loops_(1.01,0.99,1.005)",1.01,0.99,1.005,0.678934033394218,9.01483740224194,93817.7427957385,10406.0366008384,FLOAT
"weak_pair_loops_(1.01,0.99,1.005)",1.01,0.99,1.005,0.679665712590243,9.01483740224194,79002.9704329655,8762.6600537374,FLOAT
"weak_pair_loops_(1.01,0.99,1.005)",1.01,0.99,1.005,0.680441032321174,9.01483740224194,66535.0014846049,7379.61026680948,FLOAT
"weak_pair_loops_(1.01,0.99,1.005)",1.01,0.99,1.005,0.681262595498641,9.01483740224194,56041.2625785335,6215.55833355313,FLOAT
"weak_pair_loops_(1.01,0.99,1.005)",1.01,0.99,1.005,0.68213316028326,9.01483740224194,47208.419293265,5235.74661969217,FLOAT
"weak_pair_loops_(1.01,0.99,1.005)",1.01,0.99,1.005,0.683055649344363,9.01483740224194,39772.9473023575,4410.94283686872,FLOAT
"weak_pair_loops_(1.01,0.99,1.005)",1.01,0.99,1.005,0.684033159672015,9.01483740224194,33513.2053630111,3716.56071326108,FLOAT
"weak_pair_loops_(1.01,0.99,1.005)",1.01,0.99,1.005,0.68506897297426,9.01483740224194,28242.7708134554,3131.92071207314,FLOAT
"weak_pair_loops_(1.01,0.99,1.005)",1.01,0.99,1.005,0.686166566694507,9.01483740224194,23804.8363974705,2639.62848116932,FLOAT
"weak_pair_loops_(1.01,0.99,1.005)",1.01,0.99,1.005,0.687329625686041,9.01483740224194,20067.4993044397,2225.05227460332,FLOAT
"weak_pair_loops_(1.01,0.99,1.005)",1.01,0.99,1.005,0.68856205458285,9.01483740224194,16919.8002699034,1875.8835770344,FLOAT
"weak_pair_loops_(1.01,0.99,1.005)",1.01,0.99,1.005,0.689867990908302,9.01483740224194,14268.393240075,1581.76767549091,FLOAT
"weak_pair_loops_(1.01,0.99,1.005)",1.01,0.99,1.005,0.691251818965688,9.01483740224194,12034.7451497022,1333.9930356713,FLOAT
"weak_pair_loops_(1.01,0.99,1.005)",1.01,0.99,1.005,0.692718184557244,9.01483740224194,10152.7813720011,1125.23011586167,FLOAT
"weak_pair_loops_(1.01,0.99,1.005)",1.01,0.99,1.005,0.694272010581095,9.01483740224194,8566.90585649428,949.311744320951,FLOAT
"weak_pair_loops_(1.01,0.99,1.005)",1.01,0.99,1.005,0.695918513558455,9.01483740224194,7230.33628232352,801.048440776689,FLOAT
"weak_pair_loops_(1.01,0.99,1.005)",1.01,0.99,1.005,0.697663221146592,9.01483740224194,6103.70406314359,676.073117439216,FLOAT
"weak_pair_loops_(1.01,0.99,1.005)",1.01,0.99,1.005,0.699511990696333,9.01483740224194,5153.8770325197,570.710481570966,FLOAT
"weak_pair_loops_(1.01,0.99,1.005)",1.01,0.99,1.005,0.701471028916427,9.01483740224194,4352.9693575474,481.867206952046,FLOAT
"weak_pair_loops_(1.01,0.99,1.005)",1.01,0.99,1.005,0.703546912710775,9.01483740224194,3677.50887629485,406.939568092518,FLOAT
"weak_pair_loops_(1.01,0.99,1.005)",1.01,0.99,1.005,0.705746611258478,9.01483740224194,3107.73680239985,343.73575769952,FLOAT
"weak_pair_loops_(1.01,0.99,1.005)",1.01,0.99,1.005,0.708077509410841,9.01483740224194,2627.0187312297,290.410550630272,FLOAT
"weak_pair_loops_(1.01,0.99,1.005)",1.01,0.99,1.005,0.710547432483875,9.01483740224194,2221.3492370641,245.410349732062,FLOAT
"weak_pair_loops_(1.01,0.99,1.005)",1.01,0.99,1.005,0.713164672529529,9.01483740224194,1878.93517118721,207.426961835155,FLOAT
"weak_pair_loops_(1.01,0.99,1.005)",1.01,0.99,1.005,0.715938016173855,9.01483740224194,1589.84514178988,175.358715177103,FLOAT
"weak_pair_loops_(1.01,0.99,1.005)",1.01,0.99,1.005,0.718876774115565,9.01483740224194,1345.71464983058,148.277750644278,FLOAT
"weak_pair_loops_(1.01,0.99,1.005)",1.01,0.99,1.005,0.721990812384003,9.01483740224194,1139.49803069347,125.402505097883,FLOAT
"weak_pair_loops_(1.01,0.99,1.005)",1.01,0.99,1.005,0.725290585461487,9.01483740224194,965.259760229411,106.074561321467,FLOAT
"weak_pair_loops_(1.01,0.99,1.005)",1.01,0.99,1.005,0.728787171381207,9.01483740224194,817.998868115373,89.7391705048326,FLOAT
"weak_pair_loops_(1.01,0.99,1.005)",1.01,0.99,1.005,0.732492308918514,9.01483740224194,693.501197179207,75.9288636317209,FLOAT
"weak_pair_loops_(1.01,0.99,1.005)",1.01,0.99,1.005,0.736418437000464,9.01483740224194,588.215084472606,64.2496610006876,FLOAT
"weak_pair_loops_(1.01,0.99,1.005)",1.01,0.99,1.005,0.740578736465914,9.01483740224194,499.146743702723,54.3694671829121,FLOAT
"weak_pair_loops_(1.01,0.99,1.005)",1.01,0.99,1.005,0.744987174316374,9.01483740224194,423.772220393103,46.0083043636165,FLOAT
"weak_pair_loops_(1.01,0.99,1.005)",1.01,0.99,1.005,0.749658550606174,9.01483740224194,359.963288692254,38.9300922058486,FLOAT
"weak_pair_loops_(1.01,0.99,1.005)",1.01,0.99,1.005,0.754608548129361,9.01483740224194,305.925077092108,32.9357287815337,FLOAT
"weak_pair_loops_(1.01,0.99,1.005)",1.01,0.99,1.005,0.759853785070145,9.01483740224194,260.143562076062,27.8572661345357,FLOAT
"weak_pair_loops_(1.01,0.99,1.005)",1.01,0.99,1.005,0.765411870793641,9.01483740224194,221.341364492887,23.5530068504442,FLOAT
"weak_pair_loops_(1.01,0.99,1.005)",1.01,0.99,1.005,0.771301464964215,9.01483740224194,188.440532164774,19.9033755969808,FLOAT
"weak_pair_loops_(1.01,0.99,1.005)",1.01,0.99,1.005,0.777542340189913,9.01483740224194,160.531201380052,16.8074427987053,FLOAT
"weak_pair_loops_(1.01,0.99,1.005)",1.01,0.99,1.005,0.784155448403264,9.01483740224194,136.845205794691,14.179997119045,FLOAT
"weak_pair_loops_(1.01,0.99,1.005)",1.01,0.99,1.005,0.791162991201332,9.01483740224194,116.733849168461,11.9490798291525,FLOAT
"weak_pair_loops_(1.01,0.99,1.005)",1.01,0.99,1.005,0.798588494381158,9.01483740224194,99.6491827445907,10.0539079406811,FLOAT
"weak_pair_loops_(1.01,0.99,1.005)",1.01,0.99,1.005,0.806456886920807,9.01483740224194,85.128232689724,8.4431245835397,FLOAT
"weak_pair_loops_(1.01,0.99,1.005)",1.01,0.99,1.005,0.814794584671205,9.01483740224194,72.7797109911196,7.07332486917842,FLOAT
"weak_pair_loops_(1.01,0.99,1.005)",1.01,0.99,1.005,0.823629579039712,9.01483740224194,62.27281720661,5.90781368847796,FLOAT
"weak_pair_loops_(1.01,0.99,1.005)",1.01,0.99,1.005,0.83299153096317,9.01483740224194,53.3278007042794,4.91555879765697,FLOAT
"weak_pair_loops_(1.01,0.99,1.005)",1.01,0.99,1.005,0.842911870485915,9.01483740224194,45.7080053836813,4.07030835323929,FLOAT
"weak_pair_loops_(1.01,0.99,1.005)",1.01,0.99,1.005,0.853423902277057,9.01483740224194,39.2131629111783,3.34984694248908,FLOAT
"weak_pair_loops_(1.01,0.99,1.005)",1.01,0.99,1.005,0.864562917441269,9.01483740224194,33.6737375509111,2.7353682654927,FLOAT
"weak_pair_loops_(1.01,0.99,1.005)",1.01,0.99,1.005,0.876366311998457,9.01483740224194,28.9461568416942,2.21094608256555,FLOAT
"weak_pair_loops_(1.01,0.99,1.005)",1.01,0.99,1.005,0.888873712430073,9.01483740224194,24.9087885936057,1.76308794958532,FLOAT
"weak_pair_loops_(1.01,0.99,1.005)",1.01,0.99,1.005,0.9,9.01483740224194,21.9639373802969,1.4364208027573,FLOAT
"weak_pair_loops_(1.01,0.99,1.005)",1.01,0.99,1.005,0.902127108713561,9.01483740224194,21.4585467422038,1.38035871139142,FLOAT
"weak_pair_loops_(1.01,0.99,1.005)",1.01,0.99,1.005,0.912667383761716,9.01483740224194,19.1863658762518,1.12830969879504,FLOAT
"weak_pair_loops_(1.01,0.99,1.005)",1.01,0.99,1.005,0.916170995291558,9.01483740224194,18.5080271641357,1.05306278286649,FLOAT
"weak_pair_loops_(1.01,0.99,1.005)",1.01,0.99,1.005,0.923730141409766,9.01483740224194,17.1582614400257,0.903335653703369,FLOAT
"weak_pair_loops_(1.01,0.99,1.005)",1.01,0.99,1.005,0.931052520449102,9.01483740224194,15.9830901812128,0.772975980380733,FLOAT
"weak_pair_loops_(1.01,0.99,1.005)",1.01,0.99,1.005,0.933391537091908,9.01483740224194,15.6323878602459,0.734073190977161,FLOAT
"weak_pair_loops_(1.01,0.99,1.005)",1.01,0.99,1.005,0.941829086706256,9.01483740224194,14.456524496326,0.603636743656715,FLOAT
"weak_pair_loops_(1.01,0.99,1.005)",1.01,0.99,1.005,0.946821644600358,9.01483740224194,13.8208196282411,0.533119124789091,FLOAT
"weak_pair_loops_(1.01,0.99,1.005)",1.01,0.99,1.005,0.94919781953087,9.01483740224194,13.5325805033308,0.501145267463765,FLOAT
"weak_pair_loops_(1.01,0.99,1.005)",1.01,0.99,1.005,0.955633126690214,9.01483740224194,12.7948936901276,0.419314971443146,FLOAT
"weak_pair_loops_(1.01,0.99,1.005)",1.01,0.99,1.005,0.961253248795439,9.01483740224194,12.1980686389306,0.353110222032071,FLOAT
"weak_pair_loops_(1.01,0.99,1.005)",1.01,0.99,1.005,0.963531308016255,9.01483740224194,11.9677994261109,0.327566864726214,FLOAT
"weak_pair_loops_(1.01,0.99,1.005)",1.01,0.99,1.005,0.966161448465718,9.01483740224194,11.7098409759404,0.29895198919819,FLOAT
"weak_pair_loops_(1.01,0.99,1.005)",1.01,0.99,1.005,0.970447907647971,9.01483740224194,11.3067230886659,0.254234833548299,FLOAT
"weak_pair_loops_(1.01,0.99,1.005)",1.01,0.99,1.005,0.974191384595819,9.01483740224194,10.9712553135307,0.217021985421744,FLOAT
"weak_pair_loops_(1.01,0.99,1.005)",1.01,0.99,1.005,0.977460660952652,9.01483740224194,10.6902183255336,0.185847048430957,FLOAT
"weak_pair_loops_(1.01,0.99,1.005)",1.01,0.99,1.005,0.980315805527134,9.01483740224194,10.4534397424686,0.15958161817415,FLOAT
"weak_pair_loops_(1.01,0.99,1.005)",1.01,0.99,1.005,0.981237608556118,9.01483740224194,10.3786579164895,0.151286202223504,FLOAT
"weak_pair_loops_(1.01,0.99,1.005)",1.01,0.99,1.005,0.982809277981414,9.01483740224194,10.2529786216279,0.137344819894154,FLOAT
"weak_pair_loops_(1.01,0.99,1.005)",1.01,0.99,1.005,0.984986892710918,9.01483740224194,10.0825564123237,0.118440185046067,FLOAT
"weak_pair_loops_(1.01,0.99,1.005)",1.01,0.99,1.005,0.986888660625784,9.01483740224194,9.93715231506481,0.102310765205094,FLOAT
"weak_pair_loops_(1.01,0.99,1.005)",1.01,0.99,1.005,0.988549524300617,9.01483740224194,9.8127105706067,0.0885066621574715,FLOAT
"weak_pair_loops_(1.01,0.99,1.005)",1.01,0.99,1.005,0.99,9.01483740224194,9.70592537329567,0.0766611687174597,FLOAT
"weak_pair_loops_(1.01,0.99,1.005)",1.01,0.99,1.005,0.991266738376172,9.01483740224194,9.61408053276317,0.0664729826821063,FLOAT
"weak_pair_loops_(1.01,0.99,1.005)",1.01,0.99,1.005,0.992373014140977,9.01483740224194,9.5349283514479,0.0576927709285827,FLOAT
"weak_pair_loops_(1.01,0.99,1.005)",1.01,0.99,1.005,0.993339153709191,9.01483740224194,9.46659699570441,0.0501128942547675,FLOAT
"weak_pair_loops_(1.01,0.99,1.005)",1.01,0.99,1.005,0.994182908670626,9.01483740224194,9.40751884551259,0.0435594593390001,FLOAT
"weak_pair_loops_(1.01,0.99,1.005)",1.01,0.99,1.005,0.994919781953087,9.01483740224194,9.356374481302,0.0378861052973765,FLOAT
"weak_pair_loops_(1.01,0.99,1.005)",1.01,0.99,1.005,0.995563312669021,9.01483740224194,9.31204846157477,0.0329690981735198,FLOAT
"weak_pair_loops_(1.01,0.99,1.005)",1.01,0.99,1.005,0.996125324879544,9.01483740224194,9.27359408788849,0.0287034223803306,FLOAT
"weak_pair_loops_(1.01,0.99,1.005)",1.01,0.99,1.005,0.996616144846572,9.01483740224194,9.24020509056003,0.0249996398450895,FLOAT
"weak_pair_loops_(1.01,0.99,1.005)",1.01,0.99,1.005,0.997044790764797,9.01483740224194,9.21119269525676,0.0217813460469059,FLOAT
"weak_pair_loops_(1.01,0.99,1.005)",1.01,0.99,1.005,0.997419138459582,9.01483740224194,9.18596691152843,0.0189830943865875,FLOAT
"weak_pair_loops_(1.01,0.99,1.005)",1.01,0.99,1.005,0.997746066095265,9.01483740224194,9.16402116261173,0.0165486911979903,FLOAT
"weak_pair_loops_(1.01,0.99,1.005)",1.01,0.99,1.005,0.998031580552713,9.01483740224194,9.14491958116788,0.01442978648662,FLOAT
"weak_pair_loops_(1.01,0.99,1.005)",1.01,0.99,1.005,0.998280927798141,9.01483740224194,9.12828644853313,0.0125847024443256,FLOAT
"weak_pair_loops_(1.01,0.99,1.005)",1.01,0.99,1.005,0.998498689271092,9.01483740224194,9.1137973699656,0.0109774545350148,FLOAT
"weak_pair_loops_(1.01,0.99,1.005)",1.01,0.99,1.005,0.998688866062578,9.01483740224194,9.1011718654468,0.00957692960534112,FLOAT
"weak_pair_loops_(1.01,0.99,1.005)",1.01,0.99,1.005,0.998854952430062,9.01483740224194,9.09016712211944,0.00835619285365766,FLOAT
"weak_pair_loops_(1.01,0.99,1.005)",1.01,0.99,1.005,0.999,9.01483740224194,9.0805727056696,0.00729190117298311,FLOAT
"weak_pair_loops_(1.01,0.99,1.005)",1.01,0.99,1.005,0.999126673837617,9.01483740224194,9.07220606770682,0.00636380479259811,FLOAT
"weak_pair_loops_(1.01,0.99,1.005)",1.01,0.99,1.005,0.999237301414098,9.01483740224194,9.06490871726189,0.00555432258905764,FLOAT
"weak_pair_loops_(1.01,0.99,1.005)",1.01,0.99,1.005,0.999333915370919,9.01483740224194,9.05854294898104,0.00484817915054544,FLOAT
"weak_pair_loops_(1.01,0.99,1.005)",1.01,0.99,1.005,0.999418290867063,9.01483740224194,9.05298903998284,0.00423209382915933,FLOAT
"weak_pair_loops_(1.01,0.99,1.005)",1.01,0.99,1.005,0.999491978195309,9.01483740224194,9.04814284281959,0.0036945137323692,FLOAT
"weak_pair_loops_(1.01,0.99,1.005)",1.01,0.99,1.005,0.999556331266902,9.01483740224194,9.04391371441688,0.00322538398393234,FLOAT
"weak_pair_loops_(1.01,0.99,1.005)",1.01,0.99,1.005,0.999612532487954,9.01483740224194,9.04022273091515,0.00281594969942591,FLOAT
"weak_pair_loops_(1.01,0.99,1.005)",1.01,0.99,1.005,0.999661614484657,9.01483740224194,9.03700114651302,0.0024585850284522,FLOAT
"weak_pair_loops_(1.01,0.99,1.005)",1.01,0.99,1.005,0.99970447907648,9.01483740224194,9.03418906110001,0.0021466453574931,FLOAT
"weak_pair_loops_(1.01,0.99,1.005)",1.01,0.99,1.005,0.999741913845958,9.01483740224194,9.03173426696999,0.00187433937786254,FLOAT
"weak_pair_loops_(1.01,0.99,1.005)",1.01,0.99,1.005,0.999774606609527,9.01483740224194,9.02959124945683,0.00163661822799214,FLOAT
"weak_pair_loops_(1.01,0.99,1.005)",1.01,0.99,1.005,0.999803158055271,9.01483740224194,9.02772032011813,0.00142907933902241,FLOAT
"weak_pair_loops_(1.01,0.99,1.005)",1.01,0.99,1.005,0.999828092779814,9.01483740224194,9.02608686425088,0.00124788296305249,FLOAT
"weak_pair_loops_(1.01,0.99,1.005)",1.01,0.99,1.005,0.999849868927109,9.01483740224194,9.02466068717344,0.00108967965734601,FLOAT
"weak_pair_loops_(1.01,0.99,1.005)",1.01,0.99,1.005,0.999868886606258,9.01483740224194,9.02341544593957,0.000951547245377612,FLOAT
"weak_pair_loops_(1.01,0.99,1.005)",1.01,0.99,1.005,0.999885495243006,9.01483740224194,9.02232815503627,0.000830935984765462,FLOAT
"weak_pair_loops_(1.01,0.99,1.005)",1.01,0.99,1.005,0.9999,9.01483740224194,9.02137875621749,0.00072562084968146,FLOAT
"weak_pair_loops_(1.01,0.99,1.005)",1.01,0.99,1.005,0.999912667383762,9.01483740224194,9.02054974398684,0.000633659986311126,FLOAT
"weak_pair_loops_(1.01,0.99,1.005)",1.01,0.99,1.005,0.99992373014141,9.01483740224194,9.01982583940417,0.000553358528795407,FLOAT
"weak_pair_loops_(1.01,0.99,1.005)",1.01,0.99,1.005,0.999933391537092,9.01483740224194,9.01919370588452,0.000483237073305707,FLOAT
"weak_pair_loops_(1.01,0.99,1.005)",1.01,0.99,1.005,0.999941829086706,9.01483740224194,9.01864170151017,0.00042200420245916,FLOAT
"weak_pair_loops_(1.01,0.99,1.005)",1.01,0.99,1.005,0.999949197819531,9.01483740224194,9.01815966310857,0.000368532533466771,FLOAT
"weak_pair_loops_(1.01,0.99,1.005)",1.01,0.99,1.005,0.99995563312669,9.01483740224194,9.0177387179796,0.000321837833363259,FLOAT
"weak_pair_loops_(1.01,0.99,1.005)",1.01,0.99,1.005,0.999961253248795,9.01483740224194,9.01737111969864,0.000281060804943493,FLOAT
"weak_pair_loops_(1.01,0.99,1.005)",1.01,0.99,1.005,0.999966161448466,9.01483740224194,9.01705010489223,0.0002454511991248,FLOAT
"weak_pair_loops_(1.01,0.99,1.005)",1.01,0.99,1.005,0.999970447907648,9.01483740224194,9.016769768288,0.000214353954469087,FLOAT
"weak_pair_loops_(1.01,0.99,1.005)",1.01,0.99,1.005,0.999974191384596,9.01483740224194,9.01652495369325,0.00018719710362095,FLOAT
"weak_pair_loops_(1.01,0.99,1.005)",1.01,0.99,1.005,0.999977460660953,9.01483740224194,9.01631115886013,0.000163481220174455,FLOAT
"weak_pair_loops_(1.01,0.99,1.005)",1.01,0.99,1.005,0.999980315805527,9.01483740224194,9.01612445246029,0.000142770208815831,FLOAT
"weak_pair_loops_(1.01,0.99,1.005)",1.01,0.99,1.005,0.999982809277981,9.01483740224194,9.01596140162146,0.00012468326708241,FLOAT
"weak_pair_loops_(1.01,0.99,1.005)",1.01,0.99,1.005,0.999984986892711,9.01483740224194,9.01581900867686,0.000108887869090209,FLOAT
"weak_pair_loops_(1.01,0.99,1.005)",1.01,0.99,1.005,0.999986888660626,9.01483740224194,9.01569465595291,9.50936409301096e-05,FLOAT
"weak_pair_loops_(1.01,0.99,1.005)",1.01,0.99,1.005,0.999988549524301,9.01483740224194,9.01558605757064,8.30470140833451e-05,FLOAT
"weak_pair_loops_(1.01,0.99,1.005)",1.01,0.99,1.005,0.99999,9.01483740224194,9.01549121736762,7.25265577744002e-05,FLOAT
"weak_pair_loops_(1.01,0.99,1.005)",1.01,0.99,1.005,0.999991266738376,9.01483740224194,9.01540839216148,6.33389038610287e-05,FLOAT
"weak_pair_loops_(1.01,0.99,1.005)",1.01,0.99,1.005,0.999992373014141,9.01483740224194,9.01533605967587,5.53151889137361e-05,FLOAT
"weak_pair_loops_(1.01,0.99,1.005)",1.01,0.99,1.005,0.999993339153709,9.01483740224194,9.01527289053604,4.83079477386337e-05,FLOAT
"weak_pair_loops_(1.01,0.99,1.005)",1.01,0.99,1.005,0.999994182908671,9.01483740224194,9.01521772381676,4.21884009502437e-05,FLOAT
"weak_pair_loops_(1.01,0.99,1.005)",1.01,0.99,1.005,0.999994919781953,9.01483740224194,9.01516954569183,3.68440865958533e-05,FLOAT
"weak_pair_loops_(1.01,0.99,1.005)",1.01,0.99,1.005,0.999995563312669,9.01483740224194,9.01512747079084,3.2176792100134e-05,FLOAT
"weak_pair_loops_(1.01,0.99,1.005)",1.01,0.99,1.005,0.99999612532488,9.01483740224194,9.01509072592002,2.81007484421987e-05,FLOAT
"weak_pair_loops_(1.01,0.99,1.005)",1.01,0.99,1.005,0.999996616144847,9.01483740224194,9.01505863584682,2.45410532669177e-05,FLOAT
"weak_pair_loops_(1.01,0.99,1.005)",1.01,0.99,1.005,0.999997044790765,9.01483740224194,9.01503061088652,2.14322938913155e-05,FLOAT
"weak_pair_loops_(1.01,0.99,1.005)",1.01,0.99,1.005,0.99999741913846,9.01483740224194,9.01500613606242,1.87173448561994e-05,FLOAT
"weak_pair_loops_(1.01,0.99,1.005)",1.01,0.99,1.005,0.999997746066095,9.01483740224194,9.01498476163973,1.63463178777662e-05,FLOAT
"weak_pair_loops_(1.01,0.99,1.005)",1.01,0.99,1.005,0.999998031580553,9.01483740224194,9.01496609485942,1.42756448886687e-05,FLOAT
"weak_pair_loops_(1.01,0.99,1.005)",1.01,0.99,1.005,0.999998280927798,9.01483740224194,9.01494979271923,1.24672772535343e-05,FLOAT
"weak_pair_loops_(1.01,0.99,1.005)",1.01,0.99,1.005,0.999998498689271,9.01483740224194,9.01493555566988,1.08879865011188e-05,FLOAT
"weak_pair_loops_(1.01,0.99,1.005)",1.01,0.99,1.005,0.999998688866063,9.01483740224194,9.0149231221098,9.508753628608e-06,FLOAT
"weak_pair_loops_(1.01,0.99,1.005)",1.01,0.99,1.005,0.99999885495243,9.01483740224194,9.01491226357753,8.30423581154814e-06,FLOAT
"weak_pair_loops_(1.01,0.99,1.005)",1.01,0.99,1.005,0.999999,9.01483740224194,9.01490278055328,7.25230067093846e-06,FLOAT
"weak_pair_loops_(1.01,0.99,1.005)",1.01,0.99,1.005,0.999999126673838,9.01483740224194,9.01489449879233,6.33361954796256e-06,FLOAT
"weak_pair_loops_(1.01,0.99,1.005)",1.01,0.99,1.005,0.999999237301414,9.01483740224194,9.01488726612317,5.53131232513077e-06,FLOAT
"weak_pair_loops_(1.01,0.99,1.005)",1.01,0.99,1.005,0.999999333915371,9.01483740224194,9.01488094965109,4.83063722759875e-06,FLOAT
"weak_pair_loops_(1.01,0.99,1.005)",1.01,0.99,1.005,0.999999418290867,9.01483740224194,9.0148754333162,4.21871993539085e-06,FLOAT
"weak_pair_loops_(1.01,0.99,1.005)",1.01,0.99,1.005,0.999999491978195,9.01483740224194,9.01487061576076,3.68431701470767e-06,FLOAT
"weak_pair_loops_(1.01,0.99,1.005)",1.01,0.99,1.005,0.999999556331267,9.01483740224194,9.01486640846671,3.21760931256921e-06,FLOAT
"weak_pair_loops_(1.01,0.99,1.005)",1.01,0.99,1.005,0.999999612532488,9.01483740224194,9.01486273412917,2.81002153481917e-06,FLOAT
"weak_pair_loops_(1.01,0.99,1.005)",1.01,0.99,1.005,0.999999661614485,9.01483740224194,9.0148595252359,2.45406466831295e-06,FLOAT
"weak_pair_loops_(1.01,0.99,1.005)",1.01,0.99,1.005,0.999999704479076,9.01483740224194,9.01485672282684,2.14319837866262e-06,FLOAT
"weak_pair_loops_(1.01,0.99,1.005)",1.01,0.99,1.005,0.999999741913846,9.01483740224194,9.01485427541076,1.87171083314487e-06,FLOAT
"weak_pair_loops_(1.01,0.99,1.005)",1.01,0.99,1.005,0.999999774606609,9.01483740224194,9.01485213801909,1.63461374853278e-06,FLOAT
"weak_pair_loops_(1.01,0.99,1.005)",1.01,0.99,1.005,0.999999803158055,9.01483740224194,9.01485027137966,1.4275507308089e-06,FLOAT
"weak_pair_loops_(1.01,0.99,1.005)",1.01,0.99,1.005,0.99999982809278,9.01483740224194,9.01484864119507,1.24671723224502e-06,FLOAT
"weak_pair_loops_(1.01,0.99,1.005)",1.01,0.99,1.005,0.999999849868927,9.01483740224194,9.01484721751258,1.08879064680509e-06,FLOAT
"weak_pair_loops_(1.01,0.99,1.005)",1.01,0.99,1.005,0.999999868886606,9.01483740224194,9.01484597417369,9.50869258132434e-07,FLOAT
"weak_pair_loops_(1.01,0.99,1.005)",1.01,0.99,1.005,0.999999885495243,9.01483740224194,9.01484488833354,8.30418926799198e-07,FLOAT
"weak_pair_loops_(1.01,0.99,1.005)",1.01,0.99,1.005,0.9999999,9.01483740224194,9.01484394004106,7.2522651620775e-07,FLOAT
"weak_pair_loops_(1.01,0.99,1.005)",1.01,0.99,1.005,0.999999912667384,9.01483740224194,9.01484311187256,6.33359246685006e-07,FLOAT
"weak_pair_loops_(1.01,0.99,1.005)",1.01,0.99,1.005,0.999999923730141,9.01483740224194,9.01484238861145,5.53129167704852e-07,FLOAT
"weak_pair_loops_(1.01,0.99,1.005)",1.01,0.99,1.005,0.999999933391537,9.01483740224194,9.01484175696866,4.83062148030051e-07,FLOAT
"weak_pair_loops_(1.01,0.99,1.005)",1.01,0.99,1.005,0.999999941829087,9.01483740224194,9.01484120533854,4.21870792826314e-07,FLOAT
"weak_pair_loops_(1.01,0.99,1.005)",1.01,0.99,1.005,0.99999994919782,9.01483740224194,9.01484072358556,3.68430784881692e-07,FLOAT
"weak_pair_loops_(1.01,0.99,1.005)",1.01,0.99,1.005,0.999999955633127,9.01483740224194,9.01484030285811,3.21760231992227e-07,FLOAT
"weak_pair_loops_(1.01,0.99,1.005)",1.01,0.99,1.005,0.999999961253249,9.01483740224194,9.01483993542586,2.81001620703187e-07,FLOAT
"weak_pair_loops_(1.01,0.99,1.005)",1.01,0.99,1.005,0.999999966161448,9.01483740224194,9.01483961453767,2.45406060734807e-07,FLOAT
"weak_pair_loops_(1.01,0.99,1.005)",1.01,0.99,1.005,0.999999970447908,9.01483740224194,9.01483933429763,2.14319527279001e-07,FLOAT
"weak_pair_loops_(1.01,0.99,1.005)",1.01,0.99,1.005,0.999999974191385,9.01483740224194,9.01483908955669,1.87170847566106e-07,FLOAT
"weak_pair_loops_(1.01,0.99,1.005)",1.01,0.99,1.005,0.999999977460661,9.01483740224194,9.01483887581803,1.63461194849812e-07,FLOAT
"weak_pair_loops_(1.01,0.99,1.005)",1.01,0.99,1.005,0.999999980315806,9.01483740224194,9.01483868915448,1.42754937295024e-07,FLOAT
"weak_pair_loops_(1.01,0.99,1.005)",1.01,0.99,1.005,0.999999982809278,9.01483740224194,9.01483852613631,1.24671619498367e-07,FLOAT
"weak_pair_loops_(1.01,0.99,1.005)",1.01,0.99,1.005,0.999999984986893,9.01483740224194,9.01483838376829,1.08878985605095e-07,FLOAT
"weak_pair_loops_(1.01,0.99,1.005)",1.01,0.99,1.005,0.999999986888661,9.01483740224194,9.01483825943457,9.50868656938594e-08,FLOAT
"weak_pair_loops_(1.01,0.99,1.005)",1.01,0.99,1.005,0.999999988549524,9.01483740224194,9.01483815085068,8.30418462159711e-08,FLOAT
"weak_pair_loops_(1.01,0.99,1.005)",1.01,0.99,1.005,0.99999999,9.01483740224194,9.01483805602154,7.25226169008947e-08,FLOAT
"strong_antagonism_(20,20,20)",20,20,20,0.666666676666667,180,1.67584069234919e+23,9.31022606860662e+20,FLOAT
"strong_antagonism_(20,20,20)",20,20,20,0.66666667726311,180,1.4084854438042e+23,7.82491913224553e+20,FLOAT
"strong_antagonism_(20,20,20)",20,20,20,0.666666677895128,180,1.18378277069465e+23,6.57657094830362e+20,FLOAT
"strong_antagonism_(20,20,20)",20,20,20,0.666666678564843,180,9.94928007541987e+22,5.52737781967771e+20,FLOAT
"strong_antagonism_(20,20,20)",20,20,20,0.666666679274502,180,8.36202213107084e+22,4.64556785059491e+20,FLOAT
"strong_antagonism_(20,20,20)",20,20,20,0.666666680026488,180,7.02798680895373e+22,3.9044371160854e+20,FLOAT
"strong_antagonism_(20,20,20)",20,20,20,0.666666680823326,180,5.90677721399696e+22,3.28154289666498e+20,FLOAT
"strong_antagonism_(20,20,20)",20,20,20,0.666666681667691,180,4.9644398348635e+22,2.75802213047972e+20,FLOAT
"strong_antagonism_(20,20,20)",20,20,20,0.666666682562417,180,4.17243805021334e+22,2.31802113900741e+20,FLOAT
"strong_antagonism_(20,20,20)",20,20,20,0.666666683510509,180,3.50678828226713e+22,1.94821571237063e+20,FLOAT
"strong_antagonism_(20,20,20)",20,20,20,0.666666684515149,180,2.9473329712452e+22,1.63740720624733e+20,FLOAT
"strong_antagonism_(20,20,20)",20,20,20,0.66666668557971,180,2.47713032967843e+22,1.37618351648802e+20,FLOAT
"strong_antagonism_(20,20,20)",20,20,20,0.666666686707767,180,2.08194154748937e+22,1.15663419304965e+20,FLOAT
"strong_antagonism_(20,20,20)",20,20,20,0.666666687903105,180,1.74979912035573e+22,9.72110622419851e+19,FLOAT
"strong_antagonism_(20,20,20)",20,20,20,0.666666689169739,180,1.47064504339158e+22,8.17025024106431e+19,FLOAT
"strong_antagonism_(20,20,20)",20,20,20,0.66666669051192,180,1.23602580230517e+22,6.86681001280648e+19,FLOAT
"strong_antagonism_(20,20,20)",20,20,20,0.666666691934155,180,1.03883653958243e+22,5.77131410879127e+19,FLOAT
"strong_antagonism_(20,20,20)",20,20,20,0.666666693441218,180,8.73105846844004e+21,4.85058803802224e+19,FLOAT
"strong_antagonism_(20,20,20)",20,20,20,0.666666695038169,180,7.33814989245897e+21,4.07674994025498e+19,FLOAT
"strong_antagonism_(20,20,20)",20,20,20,0.666666696730369,180,6.16745899227834e+21,3.4263661068213e+19,FLOAT
"strong_antagonism_(20,20,20)",20,20,20,0.666666698523499,180,5.1835341886282e+21,2.87974121590456e+19,FLOAT
"strong_antagonism_(20,20,20)",20,20,20,0.666666700423579,180,4.3565797015611e+21,2.42032205642283e+19,FLOAT
"strong_antagonism_(20,20,20)",20,20,20,0.666666702436989,180,3.66155331764864e+21,2.03419628758258e+19,FLOAT
"strong_antagonism_(20,20,20)",20,20,20,0.666666704570486,180,3.0774079898038e+21,1.70967110544656e+19,FLOAT
"strong_antagonism_(20,20,20)",20,20,20,0.666666706831235,180,2.58645418711348e+21,1.43691899284082e+19,FLOAT
"strong_antagonism_(20,20,20)",20,20,20,0.666666709226825,180,2.17382465567946e+21,1.20768036426637e+19,FLOAT
"strong_antagonism_(20,20,20)",20,20,20,0.666666711765299,180,1.82702394547741e+21,1.01501330304301e+19,FLOAT
"strong_antagonism_(20,20,20)",20,20,20,0.666666714455177,180,1.53555005410375e+21,8.53083363390971e+18,FLOAT
"strong_antagonism_(20,20,20)",20,20,20,0.666666717305492,180,1.29057640144861e+21,7.16986889693673e+18,FLOAT
"strong_antagonism_(20,20,20)",20,20,20,0.666666720325813,180,1.08468458170481e+21,6.02602545391562e+18,FLOAT
"strong_antagonism_(20,20,20)",20,20,20,0.666666723526278,180,9.11639696863239e+20,5.06466498257355e+18,FLOAT
"strong_antagonism_(20,20,20)",20,20,20,0.666666726917633,180,7.66201491032765e+20,4.25667495018203e+18,FLOAT
"strong_antagonism_(20,20,20)",20,20,20,0.666666730511263,180,6.43965755312694e+20,3.57758752951497e+18,FLOAT
"strong_antagonism_(20,20,20)",20,20,20,0.666666734319233,180,5.41230869120535e+20,3.00683816178075e+18,FLOAT
"strong_antagonism_(20,20,20)",20,20,20,0.666666738354327,180,4.54885777008238e+20,2.52714320560132e+18,FLOAT
"strong_antagonism_(20,20,20)",20,20,20,0.666666742630091,180,3.82315727005952e+20,2.12397626114418e+18,FLOAT
"strong_antagonism_(20,20,20)",20,20,20,0.66666674716088,180,3.21323126213316e+20,1.78512847896287e+18,FLOAT
"strong_antagonism_(20,20,20)",20,20,20,0.666666751961906,180,2.700609646042e+20,1.50033869224555e+18,FLOAT
"strong_antagonism_(20,20,20)",20,20,20,0.666666757049286,180,2.26976900900007e+20,1.26098278277782e+18,FLOAT
"strong_antagonism_(20,20,20)",20,20,20,0.666666762440099,180,1.90766241988801e+20,1.05981245549334e+18,FLOAT
"strong_antagonism_(20,20,20)",20,20,20,0.666666768152444,180,1.60332437697767e+20,8.90735764987596e+17,FLOAT
"strong_antagonism_(20,20,20)",20,20,20,0.666666774205498,180,1.34753882739489e+20,7.4863268188605e+17,FLOAT
"strong_antagonism_(20,20,20)",20,20,20,0.666666780619582,180,1.13255993275454e+20,6.29199962641411e+17,FLOAT
"strong_antagonism_(20,20,20)",20,20,20,0.66666678741623,180,9.51877626670094e+19,5.28820903705608e+17,FLOAT
"strong_antagonism_(20,20,20)",20,20,20,0.66666679461826,180,8.00020400292601e+19,4.44455777940334e+17,FLOAT
"strong_antagonism_(20,20,20)",20,20,20,0.666666802249851,180,6.72389656403339e+19,3.73549809112966e+17,FLOAT
"strong_antagonism_(20,20,20)",20,20,20,0.666666810336623,180,5.65120430442317e+19,3.13955794690176e+17,FLOAT
"strong_antagonism_(20,20,20)",20,20,20,0.666666818905725,180,4.74964351510368e+19,2.63869084172427e+17,FLOAT
"strong_antagonism_(20,20,20)",20,20,20,0.666666827985925,180,3.99191278537793e+19,2.21772932520996e+17,FLOAT
"strong_antagonism_(20,20,20)",20,20,20,0.666666837607709,180,3.35506624674592e+19,1.86392569263662e+17,FLOAT
"strong_antagonism_(20,20,20)",20,20,20,0.666666847803377,180,2.81981866281965e+19,1.56656592378869e+17,FLOAT
"strong_antagonism_(20,20,20)",20,20,20,0.66666685860716,180,2.36996148927596e+19,1.31664527181998e+17,FLOAT
"strong_antagonism_(20,20,20)",20,20,20,0.666666870055327,180,1.99187200897818e+19,1.10659556054343e+17,FLOAT
"strong_antagonism_(20,20,20)",20,20,20,0.666666882186313,180,1.67410078239214e+19,9.30055990217854e+16,FLOAT
"strong_antagonism_(20,20,20)",20,20,20,0.666666895040844,180,1.40702496256889e+19,7.81680534760496e+16,FLOAT
"strong_antagonism_(20,20,20)",20,20,20,0.666666908662074,180,1.18255688701537e+19,6.5697604834187e+16,FLOAT
"strong_antagonism_(20,20,20)",20,20,20,0.666666923095735,180,9.93899147674951e+18,5.5216619315275e+16,FLOAT
"strong_antagonism_(20,20,20)",20,20,20,0.666666938390282,180,8.35338762411775e+18,4.64077090228764e+16,FLOAT
"strong_antagonism_(20,20,20)",20,20,20,0.666666954597062,180,7.02074164899434e+18,3.90041202721908e+16,FLOAT
"strong_antagonism_(20,20,20)",20,20,20,0.666666971770485,180,5.90069810449806e+18,3.27816561361003e+16,FLOAT
"strong_antagonism_(20,20,20)",20,20,20,0.666666989968206,180,4.95933956084605e+18,2.75518864491447e+16,FLOAT
"strong_antagonism_(20,20,20)",20,20,20,0.666667009251318,180,4.16815964745388e+18,2.31564424858549e+16,FLOAT
"strong_antagonism_(20,20,20)",20,20,20,0.666667029684559,180,3.50319972445111e+18,1.9462220691395e+16,FLOAT
"strong_antagonism_(20,20,20)",20,20,20,0.666667051336528,180,2.94432337498999e+18,1.63573520832777e+16,FLOAT
"strong_antagonism_(20,20,20)",20,20,20,0.666667074279914,180,2.47460665107813e+18,1.37478147282118e+16,FLOAT
"strong_antagonism_(20,20,20)",20,20,20,0.666667098591744,180,2.07982554189063e+18,1.15545863438368e+16,FLOAT
"strong_antagonism_(20,20,20)",20,20,20,0.666667124353638,180,1.7480252668245e+18,9.71125148235831e+15,FLOAT
"strong_antagonism_(20,20,20)",20,20,20,0.666667151652083,180,1.46915823996076e+18,8.16199022200422e+15,FLOAT
"strong_antagonism_(20,20,20)",20,20,20,0.666667180578726,180,1.23477980972029e+18,6.85988783177938e+15,FLOAT
"strong_antagonism_(20,20,20)",20,20,20,0.66666721123068,180,1.03779253705394e+18,5.76551409474409e+15,FLOAT
"strong_antagonism_(20,20,20)",20,20,20,0.66666724371085,180,8.7223126817112e+17,4.84572926761733e+15,FLOAT
"strong_antagonism_(20,20,20)",20,20,20,0.666667278128279,180,7.33082493382626e+17,4.07268051879236e+15,FLOAT
"strong_antagonism_(20,20,20)",20,20,20,0.666667314598514,180,6.16132532268961e+17,3.42295851260534e+15,FLOAT
"strong_antagonism_(20,20,20)",20,20,20,0.666667353243992,180,5.17839926707627e+17,2.87688848170904e+15,FLOAT
"strong_antagonism_(20,20,20)",20,20,20,0.666667394194455,180,4.35228203628258e+17,2.41793446460143e+15,FLOAT
"strong_antagonism_(20,20,20)",20,20,20,0.666667437587381,180,3.65795738546711e+17,2.03219854748173e+15,FLOAT
"strong_antagonism_(20,20,20)",20,20,20,0.666667483568452,180,3.07440000403455e+17,1.70800000224141e+15,FLOAT
"strong_antagonism_(20,20,20)",20,20,20,0.666667532292033,180,2.58393883027625e+17,1.43552157237569e+15,FLOAT
"strong_antagonism_(20,20,20)",20,20,20,0.666667583921701,180,2.17172193873595e+17,1.20651218818664e+15,FLOAT
"strong_antagonism_(20,20,20)",20,20,20,0.666667638630787,180,1.82526678457663e+17,1.01403710254257e+15,FLOAT
"strong_antagonism_(20,20,20)",20,20,20,0.666667696602962,180,1.53408220911043e+17,852267893950236,FLOAT
"strong_antagonism_(20,20,20)",20,20,20,0.66666775803285,180,1.28935074424323e+17,716305969024015,FLOAT
"strong_antagonism_(20,20,20)",20,20,20,0.666667823126684,180,1.08366160403502e+17,602034224463901,FLOAT
"strong_antagonism_(20,20,20)",20,20,20,0.666667892102997,180,9.10786270769227e+16,505992372649569,FLOAT
"strong_antagonism_(20,20,20)",20,20,20,0.666667965193359,180,7.65489881487527e+16,425272156381958,FLOAT
"strong_antagonism_(20,20,20)",20,20,20,0.666668042643148,180,6.43372708479062e+16,357429282488367,FLOAT
"strong_antagonism_(20,20,20)",20,20,20,0.66666812471238,180,5.40736925098384e+16,300409402832435,FLOAT
"strong_antagonism_(20,20,20)",20,20,20,0.666668211676578,180,4.54474630598245e+16,252485905887913,FLOAT
"strong_antagonism_(20,20,20)",20,20,20,0.666668303827701,180,3.81973735968927e+16,212207631093847,FLOAT
"strong_antagonism_(20,20,20)",20,20,20,0.666668401475117,180,3.21038866052005e+16,178354925584446,FLOAT
"strong_antagonism_(20,20,20)",20,20,20,0.666668504946651,180,2.69824879256888e+16,149902710698270,FLOAT
"strong_antagonism_(20,20,20)",20,20,20,0.666668614589678,180,2.26780993894326e+16,125989441052402,FLOAT
"strong_antagonism_(20,20,20)",20,20,20,0.666668730772293,180,1.90603827964758e+16,105891015535976,FLOAT
"strong_antagonism_(20,20,20)",20,20,20,0.666668853884545,180,1.60197930679998e+16,88998850377775.5,FLOAT
"strong_antagonism_(20,20,20)",20,20,20,0.666668984339748,180,1.34642610518387e+16,74801450287991.6,FLOAT
"strong_antagonism_(20,20,20)",20,20,20,0.666669122575868,180,1.13164055576485e+16,62868919764712.9,FLOAT
"strong_antagonism_(20,20,20)",20,20,20,0.666669269056992,180,9.5111901207142e+15,52839945115077.9,FLOAT
"strong_antagonism_(20,20,20)",20,20,20,0.666669424274889,180,7.99395363537867e+15,44410853529880.5,FLOAT
"strong_antagonism_(20,20,20)",20,20,20,0.666669588750657,180,6.71875513412456e+15,37326417411802.1,FLOAT
"strong_antagonism_(20,20,20)",20,20,20,0.666669763036477,180,5.64698265390886e+15,31372125855048.2,FLOAT
"strong_antagonism_(20,20,20)",20,20,20,0.666669947717462,180,4.74618401921939e+15,26367688995662.3,FLOAT
"strong_antagonism_(20,20,20)",20,20,20,0.666670143413626,180,3.9890841585611e+15,22161578658671.8,FLOAT
"strong_antagonism_(20,20,20)",20,20,20,0.666670350781961,180,3.35275919667343e+15,18626439981518.1,FLOAT
"strong_antagonism_(20,20,20)",20,20,20,0.666670570518648,180,2.81794229594456e+15,15655234977468.8,FLOAT
"strong_antagonism_(20,20,20)",20,20,20,0.666670803361388,180,2.36844024603394e+15,13158001366854.2,FLOAT
"strong_antagonism_(20,20,20)",20,20,20,0.666671050091883,180,1.99064312486718e+15,11059128471483.3,FLOAT
"strong_antagonism_(20,20,20)",20,20,20,0.66667131153846,180,1.67311218394951e+15,9295067688607.38,FLOAT
"strong_antagonism_(20,20,20)",20,20,20,0.666671588578849,180,1.40623347914574e+15,7812408217475.34,FLOAT
"strong_antagonism_(20,20,20)",20,20,20,0.666671882143135,180,1.1819267591842e+15,6566259773244.54,FLOAT
"strong_antagonism_(20,20,20)",20,20,20,0.666672193216873,180,993400795391454,5518893307729.3,FLOAT
"strong_antagonism_(20,20,20)",20,20,20,0.666672522844405,180,834947743711202,4638598576172.34,FLOAT
"strong_antagonism_(20,20,20)",20,20,20,0.666672872132358,180,701770313072746,3898723961514.26,FLOAT
"strong_antagonism_(20,20,20)",20,20,20,0.666673242253367,180,589836505650801,3276869475836.78,FLOAT
"strong_antagonism_(20,20,20)",20,20,20,0.666673634450005,180,495757530220646,2754208501224.81,FLOAT
"strong_antagonism_(20,20,20)",20,20,20,0.66667405003896,180,416685192481171,2314917736005.51,FLOAT
"strong_antagonism_(20,20,20)",20,20,20,0.66667449041545,180,350225654691806,1945698081620.15,FLOAT
"strong_antagonism_(20,20,20)",20,20,20,0.666674957057912,180,294366953054566,1635371961413.26,FLOAT
"strong_antagonism_(20,20,20)",20,20,20,0.666675451532965,180,247418078405680,1374544880030.55,FLOAT
"strong_antagonism_(20,20,20)",20,20,20,0.666675975500663,180,207957775505791,1155320975031.17,FLOAT
"strong_antagonism_(20,20,20)",20,20,20,0.666676530720078,180,174791509962313,971063944234.073,FLOAT
"strong_antagonism_(20,20,20)",20,20,20,0.666677119055197,180,146915300526534,816196114035.3,FLOAT
"strong_antagonism_(20,20,20)",20,20,20,0.666677742481186,180,123485321005820,686029561142.443,FLOAT
"strong_antagonism_(20,20,20)",20,20,20,0.666678403091018,180,103792351586549,576624175479.828,FLOAT
"strong_antagonism_(20,20,20)",20,20,20,0.666679103102497,180,87240305869710.4,484668365941.836,FLOAT
"strong_antagonism_(20,20,20)",20,20,20,0.666679844865711,180,73328183443354.3,407378796906.524,FLOAT
"strong_antagonism_(20,20,20)",20,20,20,0.666680630870915,180,61634901489996.1,342416119387.867,FLOAT
"strong_antagonism_(20,20,20)",20,20,20,0.666681463756893,180,51806546194676.3,287814145524.979,FLOAT
"strong_antagonism_(20,20,20)",20,20,20,0.666682346319819,180,43545657843718.7,241920321352.993,FLOAT
"strong_antagonism_(20,20,20)",20,20,20,0.666683281522644,180,36602225249326.5,203345695828.592,FLOAT
"strong_antagonism_(20,20,20)",20,20,20,0.666684272505039,180,30766116783548.5,170922871018.714,FLOAT
"strong_antagonism_(20,20,20)",20,20,20,0.666685322593942,180,25860718844312.3,143670660245.179,FLOAT
"strong_antagonism_(20,20,20)",20,20,20,0.666686435314721,180,21737589141035.9,120764384115.866,FLOAT
"strong_antagonism_(20,20,20)",20,20,20,0.666687614403016,180,18271962899706.6,101510904997.37,FLOAT
"strong_antagonism_(20,20,20)",20,20,20,0.666688863817274,180,15358975935274.8,85327644083.8598,FLOAT
"strong_antagonism_(20,20,20)",20,20,20,0.666690187752041,180,12910490219991.9,71724945665.6218,FLOAT
"strong_antagonism_(20,20,20)",20,20,20,0.666691590652045,180,10852425842791.7,60291254681.1764,FLOAT
"strong_antagonism_(20,20,20)",20,20,20,0.666693077227118,180,9122518574378.65,50680658745.548,FLOAT
"strong_antagonism_(20,20,20)",20,20,20,0.666694652468004,180,7668435142749.37,42602417458.7187,FLOAT
"strong_antagonism_(20,20,20)",20,20,20,0.66669632166312,180,6446189156327.08,35812161978.5949,FLOAT
"strong_antagonism_(20,20,20)",20,20,20,0.666698090416304,180,5418809715480.8,30104498418.3378,FLOAT
"strong_antagonism_(20,20,20)",20,20,20,0.666699964665634,180,4555222400889.22,25306791115.0512,FLOAT
"strong_antagonism_(20,20,20)",20,20,20,0.66670195070336,180,3829308761447.39,21273937562.5966,FLOAT
"strong_antagonism_(20,20,20)",20,20,20,0.666704055197027,180,3219115827013.07,17883976815.7393,FLOAT
"strong_antagonism_(20,20,20)",20,20,20,0.666706285211866,180,2706191713302.63,15034398406.2368,FLOAT
"strong_antagonism_(20,20,20)",20,20,20,0.666708648234505,180,2275027205142.51,12639040027.5695,FLOAT
"strong_antagonism_(20,20,20)",20,20,20,0.666711152198109,180,1912586413099.96,10625480071.7775,FLOAT
"strong_antagonism_(20,20,20)",20,20,20,0.666713805509012,180,1607912293917.57,8932846076.31985,FLOAT
"strong_antagonism_(20,20,20)",20,20,20,0.666716617074936,180,1351795092902.73,7509972737.3485,FLOAT
"strong_antagonism_(20,20,20)",20,20,20,0.6667195963349,180,1136493671614.82,6313853730.19347,FLOAT
"strong_antagonism_(20,20,20)",20,20,20,0.666722753290909,180,955501284646.785,5308340469.25991,FLOAT
"strong_antagonism_(20,20,20)",20,20,20,0.666726098541527,180,803348715134.799,4463048416.41555,FLOAT
"strong_antagonism_(20,20,20)",20,20,20,0.666729643317467,180,675438810074.633,3752437832.74796,FLOAT
"strong_antagonism_(20,20,20)",20,20,20,0.666733399519287,180,567907406805.165,3155041147.91758,FLOAT
"strong_antagonism_(20,20,20)",20,20,20,0.666737379757347,180,477506440927.613,2652813559.70896,FLOAT
"strong_antagonism_(20,20,20)",20,20,20,0.666741597394146,180,401505697644.824,2230587208.13791,FLOAT
"strong_antagonism_(20,20,20)",20,20,20,0.666746066589179,180,337610232757.401,1875612403.20779,FLOAT
"strong_antagonism_(20,20,20)",20,20,20,0.666750802346474,180,283890963959.973,1577172020.99985,FLOAT
"strong_antagonism_(20,20,20)",20,20,20,0.666755820564966,180,238726331723.882,1326257397.46601,FLOAT
"strong_antagonism_(20,20,20)",20,20,20,0.666761138091871,180,200753264176.454,1115295911.09141,FLOAT
"strong_antagonism_(20,20,20)",20,20,20,0.666766772779247,180,168825962011.42,937922010.174555,FLOAT
"strong_antagonism_(20,20,20)",20,20,20,0.666772743543927,180,141981256159.224,788784755.440131,FLOAT
"strong_antagonism_(20,20,20)",20,20,20,0.666779070431024,180,119409489904.18,663386054.023222,FLOAT
"strong_antagonism_(20,20,20)",20,20,20,0.666785774681232,180,100430044353.707,557944689.85393,FLOAT
"strong_antagonism_(20,20,20)",20,20,20,0.666792878802131,180,84470766693.9512,469282036.188618,FLOAT
"strong_antagonism_(20,20,20)",20,20,20,0.66680040664375,180,71050678792.4954,394725992.291641,FLOAT
"strong_antagonism_(20,20,20)",20,20,20,0.666808383478639,180,59765442992.483,332030237.847128,FLOAT
"strong_antagonism_(20,20,20)",20,20,20,0.666816836086713,180,50275145378.4865,279306362.213814,FLOAT
"strong_antagonism_(20,20,20)",20,20,20,0.666825792845157,180,42294026935.732,234966815.309622,FLOAT
"strong_antagonism_(20,20,20)",20,20,20,0.666835283823696,180,35581851962.1527,197676954.345293,FLOAT
"strong_antagonism_(20,20,20)",20,20,20,0.666845340885544,180,29936652645.1818,166314735.917676,FLOAT
"strong_antagonism_(20,20,20)",20,20,20,0.666855997794376,180,25188630351.8057,139936834.287809,FLOAT
"strong_antagonism_(20,20,20)",20,20,20,0.666867290327678,180,21195029180.1215,117750161.111786,FLOAT
"strong_antagonism_(20,20,20)",20,20,20,0.666879256396864,180,17835826739.8598,99087925.3325543,FLOAT
"strong_antagonism_(20,20,20)",20,20,20,0.666891936174548,180,15010111852.7443,83389509.2930237,FLOAT
"strong_antagonism_(20,20,20)",20,20,20,0.666905372229415,180,12633039644.724,70183552.5817998,FLOAT
"strong_antagonism_(20,20,20)",20,20,20,0.666919609669129,180,10633271970.3537,59073732.1686316,FLOAT
"strong_antagonism_(20,20,20)",20,20,20,0.666934696291775,180,8950825789.25325,49726808.9402958,FLOAT
"strong_antagonism_(20,20,20)",20,20,20,0.666950682746323,180,7535264454.74653,41862579.3041474,FLOAT
"strong_antagonism_(20,20,20)",20,20,20,0.666967622702667,180,6344177246.33354,35245428.1462974,FLOAT
"strong_antagonism_(20,20,20)",20,20,20,0.666985573031808,180,5341901194.41355,29677227.857853,FLOAT
"strong_antagonism_(20,20,20)",20,20,20,0.667004593996783,180,4498446573.83623,24991368.8546457,FLOAT
"strong_antagonism_(20,20,20)",20,20,20,0.667024749454976,180,3788593600.23183,21047741.2235102,FLOAT
"strong_antagonism_(20,20,20)",20,20,20,0.667046107072505,180,3191133040.61692,17728515.8923162,FLOAT
"strong_antagonism_(20,20,20)",20,20,20,0.667068738551391,180,2688227799.90438,14934597.8883577,FLOAT
"strong_antagonism_(20,20,20)",20,20,20,0.667092719870275,180,2264876202.51352,12582644.5695195,FLOAT
"strong_antagonism_(20,20,20)",20,20,20,0.667118131539495,180,1908460761.96781,10602558.7887101,FLOAT
"strong_antagonism_(20,20,20)",20,20,20,0.667145058871377,180,1608368815.19959,8935381.30666437,FLOAT
"strong_antagonism_(20,20,20)",20,20,20,0.667173592266644,180,1355673570.01538,7531518.8334188,FLOAT
"strong_antagonism_(20,20,20)",20,20,20,0.667203827517915,180,1142865939.5989,6349254.21999386,FLOAT
"strong_antagonism_(20,20,20)",20,20,20,0.667235866131295,180,963629072.400566,5353493.84666981,FLOAT
"strong_antagonism_(20,20,20)",20,20,20,0.667269815667157,180,812648775.422402,4514714.41901335,FLOAT
"strong_antagonism_(20,20,20)",20,20,20,0.667305790101244,180,685454113.082293,3808077.40601274,FLOAT
"strong_antagonism_(20,20,20)",20,20,20,0.667343910207308,180,578283375.090275,3212684.41716819,FLOAT
"strong_antagonism_(20,20,20)",20,20,20,0.667384303962572,180,487971372.777369,2710951.07098539,FLOAT
"strong_antagonism_(20,20,20)",20,20,20,0.667427106977381,180,411854667.179556,2288080.48433087,FLOAT
"strong_antagonism_(20,20,20)",20,20,20,0.66747246295047,180,347691873.440816,1931620.51911564,FLOAT
"strong_antagonism_(20,20,20)",20,20,20,0.667520524151393,180,293596641.043798,1631091.45024332,FLOAT
"strong_antagonism_(20,20,20)",20,20,20,0.667571451931725,180,247981291.840809,1377672.84356005,FLOAT
"strong_antagonism_(20,20,20)",20,20,20,0.667625417266748,180,209509419.327486,1163940.21848603,FLOAT
"strong_antagonism_(20,20,20)",20,20,20,0.66768260132946,180,177056022.862286,983643.571457143,FLOAT
"strong_antagonism_(20,20,20)",20,20,20,0.667743196098802,180,149673977.714395,831521.098413304,FLOAT
"strong_antagonism_(20,20,20)",20,20,20,0.667807405004176,180,126565832.792806,703142.515515587,FLOAT
"strong_antagonism_(20,20,20)",20,20,20,0.667875443608401,180,107060088.462577,594777.26923654,FLOAT
"strong_antagonism_(20,20,20)",20,20,20,0.667947540331402,180,90591241.812124,503283.676734022,FLOAT
"strong_antagonism_(20,20,20)",20,20,20,0.668023937217061,180,76683000.1994238,426015.667774576,FLOAT
"strong_antagonism_(20,20,20)",20,20,20,0.668104890745814,180,64934159.2880692,360744.329378162,FLOAT
"strong_antagonism_(20,20,20)",20,20,20,0.668190672695706,180,55006721.9749637,305591.89986091,FLOAT
"strong_antagonism_(20,20,20)",20,20,20,0.66828157105481,180,46615902.0282342,258976.23349019,FLOAT
"strong_antagonism_(20,20,20)",20,20,20,0.668377890988062,180,39521712.9323905,219564.071846614,FLOAT
"strong_antagonism_(20,20,20)",20,20,20,0.668479955861763,180,33521890.0911451,186231.722728584,FLOAT
"strong_antagonism_(20,20,20)",20,20,20,0.668588108329191,180,28445934.6021453,158031.970011918,FLOAT
"strong_antagonism_(20,20,20)",20,20,20,0.668702711480957,180,24150100.5036522,134166.22502029,FLOAT
"strong_antagonism_(20,20,20)",20,20,20,0.668824150063978,180,20513175.715129,113961.087306272,FLOAT
"strong_antagonism_(20,20,20)",20,20,20,0.668952831773153,180,17432930.7080862,96848.6150449231,FLOAT
"strong_antagonism_(20,20,20)",20,20,20,0.669089188620082,180,14823128.9669154,82349.7164828632,FLOAT
"strong_antagonism_(20,20,20)",20,20,20,0.669233678383419,180,12611010.1365124,70060.167425069,FLOAT
"strong_antagonism_(20,20,20)",20,20,20,0.669386786145729,180,10735170.9115775,59638.8383976526,FLOAT
"strong_antagonism_(20,20,20)",20,20,20,0.669549025922018,180,9143780.62782635,50797.781265702,FLOAT
"strong_antagonism_(20,20,20)",20,20,20,0.669720942385384,180,7793078.52726155,43293.8807070086,FLOAT
"strong_antagonism_(20,20,20)",20,20,20,0.669903112695601,180,6646108.08893375,36921.8227162986,FLOAT
"strong_antagonism_(20,20,20)",20,20,20,0.670096148436769,180,5671650.89747746,31508.1716526526,FLOAT
"strong_antagonism_(20,20,20)",20,20,20,0.670300697670525,180,4843328.47658072,26906.3804254485,FLOAT
"strong_antagonism_(20,20,20)",20,20,20,0.670517447111728,180,4138845.52309184,22992.5862393991,FLOAT
"strong_antagonism_(20,20,20)",20,20,20,0.670747124433902,180,3539352.18997072,19662.0677220596,FLOAT
"strong_antagonism_(20,20,20)",20,20,20,0.67099050071219,180,3028906.60961815,16826.258942323,FLOAT
"strong_antagonism_(20,20,20)",20,20,20,0.671248393012015,180,2594021.82957931,14410.2323865517,FLOAT
"strong_antagonism_(20,20,20)",20,20,20,0.671521667132144,180,2223283.83980453,12350.5768878029,FLOAT
"strong_antagonism_(20,20,20)",20,20,20,0.671811240511352,180,1907029.47983622,10593.6082213123,FLOAT
"strong_antagonism_(20,20,20)",20,20,20,0.67211808530846,180,1637074.78870517,9093.85993725095,FLOAT
"strong_antagonism_(20,20,20)",20,20,20,0.672443231666078,180,1406485.85322885,7812.81029571586,FLOAT
"strong_antagonism_(20,20,20)",20,20,20,0.672787771169006,180,1209385.46652399,6717.80814735549,FLOAT
"strong_antagonism_(20,20,20)",20,20,20,0.673152860508921,180,1040789.96549595,5781.16647497751,FLOAT
"strong_antagonism_(20,20,20)",20,20,20,0.673539725367628,180,896471.505511121,4979.39725283956,FLOAT
"strong_antagonism_(20,20,20)",20,20,20,0.673949664531935,180,772841.7789685,4292.56543871389,FLOAT
"strong_antagonism_(20,20,20)",20,20,20,0.674384054253956,180,666853.81446799,3703.74341371105,FLOAT
"strong_antagonism_(20,20,20)",20,20,20,0.674844352871474,180,575919.023517446,3198.55013065248,FLOAT
"strong_antagonism_(20,20,20)",20,20,20,0.675332105703892,180,497837.10806922,2764.76171149567,FLOAT
"strong_antagonism_(20,20,20)",20,20,20,0.675848950240194,180,430736.817930934,2391.98232183852,FLOAT
"strong_antagonism_(20,20,20)",20,20,20,0.676396621636343,180,373025.863452511,2071.36590806951,FLOAT
"strong_antagonism_(20,20,20)",20,20,20,0.676976958540561,180,323348.55526667,1795.38086259261,FLOAT
"strong_antagonism_(20,20,20)",20,20,20,0.677591909266059,180,280549.967174189,1557.61092874549,FLOAT
"strong_antagonism_(20,20,20)",20,20,20,0.67824353833194,180,243645.607180551,1352.58670655862,FLOAT
"strong_antagonism_(20,20,20)",20,20,20,0.678934033394218,180,211795.740811733,1175.64300450963,FLOAT
"strong_antagonism_(20,20,20)",20,20,20,0.679665712590243,180,184283.644880012,1022.79802711118,FLOAT
"strong_antagonism_(20,20,20)",20,20,20,0.680441032321174,180,160497.182802316,890.651015568423,FLOAT
"strong_antagonism_(20,20,20)",20,20,20,0.681262595498641,180,139913.187732032,776.295487400175,FLOAT
"strong_antagonism_(20,20,20)",20,20,20,0.68213316028326,180,122084.219959117,677.245666439537,FLOAT
"strong_antagonism_(20,20,20)",20,20,20,0.683055649344363,180,106627.332626724,591.374070148466,FLOAT
"strong_antagonism_(20,20,20)",20,20,20,0.684033159672015,180,93214.5367936292,516.858537742384,FLOAT
"strong_antagonism_(20,20,20)",20,20,20,0.68506897297426,180,81564.7049158169,452.137249532316,FLOAT
"strong_antagonism_(20,20,20)",20,20,20,0.686166566694507,180,71436.6923357621,395.870512976456,FLOAT
"strong_antagonism_(20,20,20)",20,20,20,0.687329625686041,180,62623.4905408953,346.908280782752,FLOAT
"strong_antagonism_(20,20,20)",20,20,20,0.68856205458285,180,54947.2547819512,304.262526566395,FLOAT
"strong_antagonism_(20,20,20)",20,20,20,0.689867990908302,180,48255.0729679374,267.083738710763,FLOAT
"strong_antagonism_(20,20,20)",20,20,20,0.691251818965688,180,42415.3632854218,234.640907141232,FLOAT
"strong_antagonism_(20,20,20)",20,20,20,0.692718184557244,180,37314.8053215898,206.304474008832,FLOAT
"strong_antagonism_(20,20,20)",20,20,20,0.694272010581095,180,32855.7241053895,181.531800585497,FLOAT
"strong_antagonism_(20,20,20)",20,20,20,0.695918513558455,180,28953.8588416581,159.854771342545,FLOAT
"strong_antagonism_(20,20,20)",20,20,20,0.697663221146592,180,25536.4585558166,140.869214198981,FLOAT
"strong_antagonism_(20,20,20)",20,20,20,0.699511990696333,180,22540.6556915101,124.225864952834,FLOAT
"strong_antagonism_(20,20,20)",20,20,20,0.701471028916427,180,19912.0761634398,109.622645352443,FLOAT
"strong_antagonism_(20,20,20)",20,20,20,0.703546912710775,180,17603.6506755654,96.7980593086967,FLOAT
"strong_antagonism_(20,20,20)",20,20,20,0.705746611258478,180,15574.5974505782,85.5255413921011,FLOAT
"strong_antagonism_(20,20,20)",20,20,20,0.708077509410841,180,13789.5510313879,75.6086168410441,FLOAT
"strong_antagonism_(20,20,20)",20,20,20,0.710547432483875,180,12217.8156370158,66.8767535389765,FLOAT
"strong_antagonism_(20,20,20)",20,20,20,0.713164672529529,180,10832.7247913996,59.1818043966646,FLOAT
"strong_antagonism_(20,20,20)",20,20,20,0.715938016173855,180,9611.09168496803,52.394953805378,FLOAT
"strong_antagonism_(20,20,20)",20,20,20,0.718876774115565,180,8532.73705203118,46.4040947335065,FLOAT
"strong_antagonism_(20,20,20)",20,20,20,0.721990812384003,180,7580.08331669202,41.1115739816223,FLOAT
"strong_antagonism_(20,20,20)",20,20,20,0.725290585461487,180,6737.80543063523,36.4322523924179,FLOAT
"strong_antagonism_(20,20,20)",20,20,20,0.728787171381207,180,5992.53024385104,32.2918346880613,FLOAT
"strong_antagonism_(20,20,20)",20,20,20,0.732492308918514,180,5332.5774529546,28.6254302941922,FLOAT
"strong_antagonism_(20,20,20)",20,20,20,0.736418437000464,180,4747.73619411239,25.3763121895133,FLOAT
"strong_antagonism_(20,20,20)",20,20,20,0.740578736465914,180,4229.07221640422,22.4948456466901,FLOAT
"strong_antagonism_(20,20,20)",20,20,20,0.744987174316374,180,3768.76131017463,19.9375628343035,FLOAT
"strong_antagonism_(20,20,20)",20,20,20,0.749658550606174,180,3359.94529336009,17.6663627408894,FLOAT
"strong_antagonism_(20,20,20)",20,20,20,0.754608548129361,180,2996.60739366273,15.6478188536818,FLOAT
"strong_antagonism_(20,20,20)",20,20,20,0.759853785070145,180,2673.46431993551,13.8525795551973,FLOAT
"strong_antagonism_(20,20,20)",20,20,20,0.765411870793641,180,2385.87270421751,12.2548483567639,FLOAT
"strong_antagonism_(20,20,20)",20,20,20,0.771301464964215,180,2129.74792663583,10.8319329257546,FLOAT
"strong_antagonism_(20,20,20)",20,20,20,0.777542340189913,180,1901.49361743337,9.56385343018537,FLOAT
"strong_antagonism_(20,20,20)",20,20,20,0.784155448403264,180,1697.94037091934,8.43300206066302,FLOAT
"strong_antagonism_(20,20,20)",20,20,20,0.791162991201332,180,1516.29241127648,7.42384672931377,FLOAT
"strong_antagonism_(20,20,20)",20,20,20,0.798588494381158,180,1354.08112502956,6.52267291683091,FLOAT
"strong_antagonism_(20,20,20)",20,20,20,0.806456886920807,180,1209.12452388722,5.71735846604011,FLOAT
"strong_antagonism_(20,20,20)",20,20,20,0.814794584671205,180,1079.49182818157,4.99717682323095,FLOAT
"strong_antagonism_(20,20,20)",20,20,20,0.823629579039712,180,963.472468163039,4.352624823128,FLOAT
"strong_antagonism_(20,20,20)",20,20,20,0.83299153096317,180,859.54889025658,3.77527161253655,FLOAT
"strong_antagonism_(20,20,20)",20,20,20,0.842911870485915,180,766.372629736335,3.25762572075742,FLOAT
"strong_antagonism_(20,20,20)",20,20,20,0.853423902277057,180,682.74317114772,2.79301761748733,FLOAT
"strong_antagonism_(20,20,20)",20,20,20,0.864562917441269,180,607.589163421253,2.3754953523403,FLOAT
"strong_antagonism_(20,20,20)",20,20,20,0.876366311998457,180,539.951587141289,1.99973103967383,FLOAT
"strong_antagonism_(20,20,20)",20,20,20,0.888873712430073,180,478.968484470939,1.66093602483855,FLOAT
"strong_antagonism_(20,20,20)",20,20,20,0.9,180,432.134531740541,1.40074739855856,FLOAT
"strong_antagonism_(20,20,20)",20,20,20,0.902127108713561,180,423.860852991917,1.35478251662176,FLOAT
"strong_antagonism_(20,20,20)",20,20,20,0.912667383761716,180,385.669725892732,1.14260958829295,FLOAT
"strong_antagonism_(20,20,20)",20,20,20,0.916170995291558,180,373.919264408418,1.07732924671344,FLOAT
"strong_antagonism_(20,20,20)",20,20,20,0.923730141409766,180,349.990559899338,0.944391999440767,FLOAT
"strong_antagonism_(20,20,20)",20,20,20,0.931052520449102,180,328.490682027507,0.824948233486152,FLOAT
"strong_antagonism_(20,20,20)",20,20,20,0.933391537091908,180,321.940251351749,0.78855695195416,FLOAT
"strong_antagonism_(20,20,20)",20,20,20,0.941829086706256,180,299.471451035343,0.663730283529683,FLOAT
"strong_antagonism_(20,20,20)",20,20,20,0.946821644600358,180,286.964789203006,0.594248828905587,FLOAT
"strong_antagonism_(20,20,20)",20,20,20,0.94919781953087,180,281.201813448129,0.56223229693405,FLOAT
"strong_antagonism_(20,20,20)",20,20,20,0.955633126690214,180,266.165631842285,0.47869795467936,FLOAT
"strong_antagonism_(20,20,20)",20,20,20,0.961253248795439,180,253.668213367639,0.409267852042437,FLOAT
"strong_antagonism_(20,20,20)",20,20,20,0.963531308016255,180,248.758853729818,0.381993631832321,FLOAT
"strong_antagonism_(20,20,20)",20,20,20,0.966161448465718,180,243.196962548549,0.351094236380828,FLOAT
"strong_antagonism_(20,20,20)",20,20,20,0.970447907647971,180,234.365169163421,0.302028717574563,FLOAT
"strong_antagonism_(20,20,20)",20,20,20,0.974191384595819,180,226.875378205139,0.260418767806326,FLOAT
"strong_antagonism_(20,20,20)",20,20,20,0.977460660952652,180,220.494871757756,0.224971509765312,FLOAT
"strong_antagonism_(20,20,20)",20,20,20,0.980315805527134,180,215.038858446295,0.194660324701636,FLOAT
"strong_antagonism_(20,20,20)",20,20,20,0.981237608556118,180,213.299645788094,0.18499803215608,FLOAT
"strong_antagonism_(20,20,20)",20,20,20,0.982809277981414,180,210.358692950617,0.168659405281204,FLOAT
"strong_antagonism_(20,20,20)",20,20,20,0.984986892710918,180,206.333453378349,0.146296963213052,FLOAT
"strong_antagonism_(20,20,20)",20,20,20,0.986888660625784,180,202.863806827133,0.127021149039629,FLOAT
"strong_antagonism_(20,20,20)",20,20,20,0.988549524300617,180,199.867464032481,0.110374800180452,FLOAT
"strong_antagonism_(20,20,20)",20,20,20,0.99,180,197.275757198446,0.0959764288802546,FLOAT
"strong_antagonism_(20,20,20)",20,20,20,0.991266738376172,180,195.031024923069,0.0835056940170525,FLOAT
"strong_antagonism_(20,20,20)",20,20,20,0.992373014140977,180,193.084586189307,0.0726921454961475,FLOAT
"strong_antagonism_(20,20,20)",20,20,20,0.993339153709191,180,191.39515067841,0.063306392657834,FLOAT
"strong_antagonism_(20,20,20)",20,20,20,0.994182908670626,180,189.927556818412,0.0551530934356214,FLOAT
"strong_antagonism_(20,20,20)",20,20,20,0.994919781953087,180,188.651759285256,0.0480653293625308,FLOAT
"strong_antagonism_(20,20,20)",20,20,20,0.995563312669021,180,187.542008761675,0.0419000486759706,FLOAT
"strong_antagonism_(20,20,20)",20,20,20,0.996125324879544,180,186.576181625895,0.0365343423660821,FLOAT
"strong_antagonism_(20,20,20)",20,20,20,0.996616144846572,180,185.735227855668,0.0318623769759351,FLOAT
"strong_antagonism_(20,20,20)",20,20,20,0.997044790764797,180,185.002713101909,0.0277928505661625,FLOAT
"strong_antagonism_(20,20,20)",20,20,20,0.997419138459582,180,184.364436492179,0.0242468694009942,FLOAT
"strong_antagonism_(20,20,20)",20,20,20,0.997746066095265,180,183.808109868919,0.0211561659384412,FLOAT
"strong_antagonism_(20,20,20)",20,20,20,0.998031580552713,180,183.323087265362,0.0184615959186762,FLOAT
"strong_antagonism_(20,20,20)",20,20,20,0.998280927798141,180,182.900135762512,0.0161118653472908,FLOAT
"strong_antagonism_(20,20,20)",20,20,20,0.998498689271092,180,182.531240657127,0.0140624480951484,FLOAT
"strong_antagonism_(20,20,20)",20,20,20,0.998688866062578,180,182.2094392479,0.0122746624883345,FLOAT
"strong_antagonism_(20,20,20)",20,20,20,0.998854952430062,180,181.928678619196,0.0107148812177581,FLOAT
"strong_antagonism_(20,20,20)",20,20,20,0.999,180,181.683693643899,0.00935385357721875,FLOAT
"strong_antagonism_(20,20,20)",20,20,20,0.999126673837617,180,181.469902094496,0.00816612274719893,FLOAT
"strong_antagonism_(20,20,20)",20,20,20,0.999237301414098,180,181.283314285004,0.00712952380557586,FLOAT
"strong_antagonism_(20,20,20)",20,20,20,0.999333915370919,180,181.120455096156,0.00622475053419751,FLOAT
"strong_antagonism_(20,20,20)",20,20,20,0.999418290867063,180,180.978296585046,0.0054349810280311,FLOAT
"strong_antagonism_(20,20,20)",20,20,20,0.999491978195309,180,180.854199665536,0.00474555369742152,FLOAT
"strong_antagonism_(20,20,20)",20,20,20,0.999556331266902,180,180.745863580234,0.00414368655685438,FLOAT
"strong_antagonism_(20,20,20)",20,20,20,0.999612532487954,180,180.65128207891,0.00361823377172483,FLOAT
"strong_antagonism_(20,20,20)",20,20,20,0.999661614484657,180,180.568705379754,0.0031594743319671,FLOAT
"strong_antagonism_(20,20,20)",20,20,20,0.99970447907648,180,180.496607124914,0.00275892847174551,FLOAT
"strong_antagonism_(20,20,20)",20,20,20,0.999741913845958,180,180.433655655321,0.00240919808511551,FLOAT
"strong_antagonism_(20,20,20)",20,20,20,0.999774606609527,180,180.378689025536,0.00210382791964242,FLOAT
"strong_antagonism_(20,20,20)",20,20,20,0.999803158055271,180,180.330693260543,0.00183718478079476,FLOAT
"strong_antagonism_(20,20,20)",20,20,20,0.999828092779814,180,180.288783425346,0.00160435236303205,FLOAT
"strong_antagonism_(20,20,20)",20,20,20,0.999849868927109,180,180.252187137046,0.00140103965025433,FLOAT
"strong_antagonism_(20,20,20)",20,20,20,0.999868886606258,180,180.220230199363,0.00122350110757041,FLOAT
"strong_antagonism_(20,20,20)",20,20,20,0.999885495243006,180,180.192324082646,0.00106846712581014,FLOAT
"strong_antagonism_(20,20,20)",20,20,20,0.9999,180,180.167955009449,0.000933083385825265,FLOAT
"strong_antagonism_(20,20,20)",20,20,20,0.999912667383762,180,180.146674437605,0.000814857986694682,FLOAT
"strong_antagonism_(20,20,20)",20,20,20,0.99992373014141,180,180.128090760226,0.000711615334587792,FLOAT
"strong_antagonism_(20,20,20)",20,20,20,0.999933391537092,180,180.111862065744,0.000621455920797113,FLOAT
"strong_antagonism_(20,20,20)",20,20,20,0.999941829086706,180,180.097689821674,0.000542721231521644,FLOAT
"strong_antagonism_(20,20,20)",20,20,20,0.999949197819531,180,180.085313363503,0.000473963130570749,FLOAT
"strong_antagonism_(20,20,20)",20,20,20,0.99995563312669,180,180.07450508552,0.000413917141779052,FLOAT
"strong_antagonism_(20,20,20)",20,20,20,0.999961253248795,180,180.06506624377,0.000361479132054083,FLOAT
"strong_antagonism_(20,20,20)",20,20,20,0.999966161448466,180,180.056823292879,0.000315684960438192,FLOAT
"strong_antagonism_(20,20,20)",20,20,20,0.999970447907648,180,180.049624688613,0.000275692714514106,FLOAT
"strong_antagonism_(20,20,20)",20,20,20,0.999974191384596,180,180.043338096756,0.000240767204201436,FLOAT
"strong_antagonism_(20,20,20)",20,20,20,0.999977460660953,180,180.037847956543,0.000210266425239859,FLOAT
"strong_antagonism_(20,20,20)",20,20,20,0.999980315805527,180,180.033053353483,0.000183629741570081,FLOAT
"strong_antagonism_(20,20,20)",20,20,20,0.999982809277981,180,180.028866162222,0.000160367567900089,FLOAT
"strong_antagonism_(20,20,20)",20,20,20,0.999984986892711,180,180.025209425093,0.000140052361628938,FLOAT
"strong_antagonism_(20,20,20)",20,20,20,0.999986888660626,180,180.022015936388,0.000122310757712461,FLOAT
"strong_antagonism_(20,20,20)",20,20,20,0.999988549524301,180,180.019227006227,0.000106816701262049,FLOAT
"strong_antagonism_(20,20,20)",20,20,20,0.99999,180,180.016791381201,9.32854511188136e-05,FLOAT
"strong_antagonism_(20,20,20)",20,20,20,0.999991266738376,180,180.014664301893,8.14683438497986e-05,FLOAT
"strong_antagonism_(20,20,20)",20,20,20,0.999992373014141,180,180.012806679894,7.11482216355345e-05,FLOAT
"strong_antagonism_(20,20,20)",20,20,20,0.999993339153709,180,180.011184379164,6.21354397998807e-05,FLOAT
"strong_antagonism_(20,20,20)",20,20,20,0.999994182908671,180,180.009767588479,5.42643804408271e-05,FLOAT
"strong_antagonism_(20,20,20)",20,20,20,0.999994919781953,180,180.008530273437,4.73904079814563e-05,FLOAT
"strong_antagonism_(20,20,20)",20,20,20,0.999995563312669,180,180.007449697903,4.13872105705574e-05,FLOAT
"strong_antagonism_(20,20,20)",20,20,20,0.99999612532488,180,180.006506006118,3.61444784342919e-05,FLOAT
"strong_antagonism_(20,20,20)",20,20,20,0.999996616144847,180,180.005681857758,3.15658764309193e-05,FLOAT
"strong_antagonism_(20,20,20)",20,20,20,0.999997044790765,180,180.004962109236,2.75672735309879e-05,FLOAT
"strong_antagonism_(20,20,20)",20,20,20,0.99999741913846,180,180.004333535396,2.40751966460253e-05,FLOAT
"strong_antagonism_(20,20,20)",20,20,20,0.999997746066095,180,180.003784586466,2.1025480367598e-05,FLOAT
"strong_antagonism_(20,20,20)",20,20,20,0.999998031580553,180,180.003305175804,1.83620877981146e-05,FLOAT
"strong_antagonism_(20,20,20)",20,20,20,0.999998280927798,180,180.00288649454,1.60360807763974e-05,FLOAT
"strong_antagonism_(20,20,20)",20,20,20,0.999998498689271,180,180.002520849704,1.4004720575637e-05,FLOAT
"strong_antagonism_(20,20,20)",20,20,20,0.999998688866063,180,180.002201522857,1.22306825384536e-05,FLOAT
"strong_antagonism_(20,20,20)",20,20,20,0.99999885495243,180,180.001922646638,1.06813702108373e-05,FLOAT
"strong_antagonism_(20,20,20)",20,20,20,0.999999,180,180.001679096946,9.32831636914797e-06,FLOAT
"strong_antagonism_(20,20,20)",20,20,20,0.999999126673838,180,180.001466398787,8.1466599248693e-06,FLOAT
"strong_antagonism_(20,20,20)",20,20,20,0.999999237301414,180,180.001280644039,7.11468910421015e-06,FLOAT
"strong_antagonism_(20,20,20)",20,20,20,0.999999333915371,180,180.001118419649,6.21344249604287e-06,FLOAT
"strong_antagonism_(20,20,20)",20,20,20,0.999999418290867,180,180.000976744916,5.4263606435888e-06,FLOAT
"strong_antagonism_(20,20,20)",20,20,20,0.999999491978195,180,180.000853016718,4.73898176570249e-06,FLOAT
"strong_antagonism_(20,20,20)",20,20,20,0.999999556331267,180,180.000744961686,4.13867603252053e-06,FLOAT
"strong_antagonism_(20,20,20)",20,20,20,0.999999612532488,180,180.000650594431,3.61441350473039e-06,FLOAT
"strong_antagonism_(20,20,20)",20,20,20,0.999999661614485,180,180.000568181062,3.15656145314986e-06,FLOAT
"strong_antagonism_(20,20,20)",20,20,20,0.999999704479076,180,180.000496207328,2.75670737784771e-06,FLOAT
"strong_antagonism_(20,20,20)",20,20,20,0.999999741913846,180,180.000433350797,2.40750442941362e-06,FLOAT
"strong_antagonism_(20,20,20)",20,20,20,0.999999774606609,180,180.000378456555,2.10253641736497e-06,FLOAT
"strong_antagonism_(20,20,20)",20,20,20,0.999999803158055,180,180.000330515985,1.83619991736982e-06,FLOAT
"strong_antagonism_(20,20,20)",20,20,20,0.99999982809278,180,180.000288648237,1.60360131881513e-06,FLOAT
"strong_antagonism_(20,20,20)",20,20,20,0.999999849868927,180,180.000252084043,1.40046690325511e-06,FLOAT
"strong_antagonism_(20,20,20)",20,20,20,0.999999868886606,180,180.000220151578,1.22306432091237e-06,FLOAT
"strong_antagonism_(20,20,20)",20,20,20,0.999999885495243,180,180.000192264124,1.06813402219864e-06,FLOAT
"strong_antagonism_(20,20,20)",20,20,20,0.9999999,180,180.000167909283,9.32829349488252e-07,FLOAT
"strong_antagonism_(20,20,20)",20,20,20,0.999999912667384,180,180.000146639565,8.14664248436101e-07,FLOAT
"strong_antagonism_(20,20,20)",20,20,20,0.999999923730141,180,180.000128064164,7.11467579763949e-07,FLOAT
"strong_antagonism_(20,20,20)",20,20,20,0.999999933391537,180,180.000111841782,6.21343235707172e-07,FLOAT
"strong_antagonism_(20,20,20)",20,20,20,0.999999941829087,180,180.000097674352,5.42635291051536e-07,FLOAT
"strong_antagonism_(20,20,20)",20,20,20,0.99999994919782,180,180.000085301566,4.73897586377663e-07,FLOAT
"strong_antagonism_(20,20,20)",20,20,20,0.999999955633127,180,180.000074496087,4.13867152341633e-07,FLOAT
"strong_antagonism_(20,20,20)",20,20,20,0.999999961253249,180,180.000065059381,3.61441006349297e-07,FLOAT
"strong_antagonism_(20,20,20)",20,20,20,0.999999966161448,180,180.000056818059,3.15655883614201e-07,FLOAT
"strong_antagonism_(20,20,20)",20,20,20,0.999999970447908,180,180.000049620697,2.75670537695937e-07,FLOAT
"strong_antagonism_(20,20,20)",20,20,20,0.999999974191385,180,180.000043335052,2.40750290300993e-07,FLOAT
"strong_antagonism_(20,20,20)",20,20,20,0.999999977460661,180,180.000037845635,2.10253525444336e-07,FLOAT
"strong_antagonism_(20,20,20)",20,20,20,0.999999980315806,180,180.000033051583,1.83619904071798e-07,FLOAT
"strong_antagonism_(20,20,20)",20,20,20,0.999999982809278,180,180.000028864812,1.60360065137866e-07,FLOAT
"strong_antagonism_(20,20,20)",20,20,20,0.999999984986893,180,180.000025208395,1.40046639924347e-07,FLOAT
"strong_antagonism_(20,20,20)",20,20,20,0.999999986888661,180,180.000022015151,1.22306392806119e-07,FLOAT
"strong_antagonism_(20,20,20)",20,20,20,0.999999988549524,180,180.000019226407,1.06813371777055e-07,FLOAT
"strong_antagonism_(20,20,20)",20,20,20,0.99999999,180,180.000016790924,9.32829127325224e-08,FLOAT
"anisotropic_(0.01,1,100)",0.01,1,100,0.666666676666667,123.21,1.67584193890192e+23,1.36015091218401e+21,FLOAT
"anisotropic_(0.01,1,100)",0.01,1,100,0.66666667726311,123.21,1.4084865539764e+23,1.14315928412986e+21,FLOAT
"anisotropic_(0.01,1,100)",0.01,1,100,0.666666677895128,123.21,1.18378375940722e+23,9.60785455244885e+20,FLOAT
"anisotropic_(0.01,1,100)",0.01,1,100,0.666666678564843,123.21,9.94928888083333e+22,8.07506605050996e+20,FLOAT
"anisotropic_(0.01,1,100)",0.01,1,100,0.666666679274502,123.21,8.36202997311816e+22,6.78681111364188e+20,FLOAT
"anisotropic_(0.01,1,100)",0.01,1,100,0.666666680026488,123.21,7.02799379303267e+22,5.70407742312529e+20,FLOAT
"anisotropic_(0.01,1,100)",0.01,1,100,0.666666680823326,123.21,5.90678343397472e+22,4.79407794332823e+20,FLOAT
"anisotropic_(0.01,1,100)",0.01,1,100,0.666666681667691,123.21,4.96444537433746e+22,4.02925523442697e+20,FLOAT
"anisotropic_(0.01,1,100)",0.01,1,100,0.666666682562417,123.21,4.17244298363467e+22,3.38644832694965e+20,FLOAT
"anisotropic_(0.01,1,100)",0.01,1,100,0.666666683510509,123.21,3.50679267594167e+22,2.84619160453021e+20,FLOAT
"anisotropic_(0.01,1,100)",0.01,1,100,0.666666684515149,123.21,2.94733688422458e+22,2.39212473356431e+20,FLOAT
"anisotropic_(0.01,1,100)",0.01,1,100,0.66666668557971,123.21,2.4771338145536e+22,2.01049737403912e+20,FLOAT
"anisotropic_(0.01,1,100)",0.01,1,100,0.666666686707767,123.21,2.08194465109767e+22,1.68975298360334e+20,FLOAT
"anisotropic_(0.01,1,100)",0.01,1,100,0.666666687903105,123.21,1.74980188441e+22,1.42017846311988e+20,FLOAT
"anisotropic_(0.01,1,100)",0.01,1,100,0.666666689169739,123.21,1.47064750504114e+22,1.19361050648579e+20,FLOAT
"anisotropic_(0.01,1,100)",0.01,1,100,0.66666669051192,123.21,1.23602799463495e+22,1.00318804856339e+20,FLOAT
"anisotropic_(0.01,1,100)",0.01,1,100,0.666666691934155,123.21,1.03883849205767e+22,8.43144624671428e+19,FLOAT
"anisotropic_(0.01,1,100)",0.01,1,100,0.666666693441218,123.21,8.73107585706256e+21,7.08633703194753e+19,FLOAT
"anisotropic_(0.01,1,100)",0.01,1,100,0.666666695038169,123.21,7.33816537865733e+21,5.95581964017314e+19,FLOAT
"anisotropic_(0.01,1,100)",0.01,1,100,0.666666696730369,123.21,6.16747278418956e+21,5.00565926807042e+19,FLOAT
"anisotropic_(0.01,1,100)",0.01,1,100,0.666666698523499,123.21,5.1835464716178e+21,4.20708260012807e+19,FLOAT
"anisotropic_(0.01,1,100)",0.01,1,100,0.666666700423579,123.21,4.3565906407142e+21,3.53590669646474e+19,FLOAT
"anisotropic_(0.01,1,100)",0.01,1,100,0.666666702436989,123.21,3.66156305998928e+21,2.97180672022505e+19,FLOAT
"anisotropic_(0.01,1,100)",0.01,1,100,0.666666704570486,123.21,3.07741666627082e+21,2.49770040278453e+19,FLOAT
"anisotropic_(0.01,1,100)",0.01,1,100,0.666666706831235,123.21,2.58646191431994e+21,2.09923051239343e+19,FLOAT
"anisotropic_(0.01,1,100)",0.01,1,100,0.666666709226825,123.21,2.17383153748036e+21,1.76433044191248e+19,FLOAT
"anisotropic_(0.01,1,100)",0.01,1,100,0.666666711765299,123.21,1.82703007436541e+21,1.48285859456652e+19,FLOAT
"anisotropic_(0.01,1,100)",0.01,1,100,0.666666714455177,123.21,1.53555551245221e+21,1.24629130139778e+19,FLOAT
"anisotropic_(0.01,1,100)",0.01,1,100,0.666666717305492,123.21,1.29058126261871e+21,1.04746470466578e+19,FLOAT
"anisotropic_(0.01,1,100)",0.01,1,100,0.666666720325813,123.21,1.08468891103156e+21,8.80357853284279e+18,FLOAT
"anisotropic_(0.01,1,100)",0.01,1,100,0.666666723526278,123.21,9.11643552533657e+20,7.39910358358621e+18,FLOAT
"anisotropic_(0.01,1,100)",0.01,1,100,0.666666726917633,123.21,7.66204924867807e+20,6.21869105484788e+18,FLOAT
"anisotropic_(0.01,1,100)",0.01,1,100,0.666666730511263,123.21,6.43968813463818e+20,5.22659535316791e+18,FLOAT
"anisotropic_(0.01,1,100)",0.01,1,100,0.666666734319233,123.21,5.41233592689909e+20,4.39277325452406e+18,FLOAT
"anisotropic_(0.01,1,100)",0.01,1,100,0.666666738354327,123.21,4.54888202601225e+20,3.69197469849221e+18,FLOAT
"anisotropic_(0.01,1,100)",0.01,1,100,0.666666742630091,123.21,3.82317887223037e+20,3.10297773900687e+18,FLOAT
"anisotropic_(0.01,1,100)",0.01,1,100,0.66666674716088,123.21,3.2132505008831e+20,2.60794619014942e+18,FLOAT
"anisotropic_(0.01,1,100)",0.01,1,100,0.666666751961906,123.21,2.70062677994427e+20,2.19188927842243e+18,FLOAT
"anisotropic_(0.01,1,100)",0.01,1,100,0.666666757049286,123.21,2.2697842683385e+20,1.84220783080797e+18,FLOAT
"anisotropic_(0.01,1,100)",0.01,1,100,0.666666762440099,123.21,1.90767600975187e+20,1.54831264487612e+18,FLOAT
"anisotropic_(0.01,1,100)",0.01,1,100,0.666666768152444,123.21,1.60333648001806e+20,1.30130385522121e+18,FLOAT
"anisotropic_(0.01,1,100)",0.01,1,100,0.666666774205498,123.21,1.34754960627995e+20,1.093701490366e+18,FLOAT
"anisotropic_(0.01,1,100)",0.01,1,100,0.666666780619582,123.21,1.13256953235537e+20,9.19218839668347e+17,FLOAT
"anisotropic_(0.01,1,100)",0.01,1,100,0.66666678741623,123.21,9.51886176008052e+19,7.72572174343034e+17,FLOAT
"anisotropic_(0.01,1,100)",0.01,1,100,0.66666679461826,123.21,8.00028014273254e+19,6.49320683607868e+17,FLOAT
"anisotropic_(0.01,1,100)",0.01,1,100,0.666666802249851,123.21,6.72396437360895e+19,5.45732032595483e+17,FLOAT
"anisotropic_(0.01,1,100)",0.01,1,100,0.666666810336623,123.21,5.65126469514974e+19,4.58669320278366e+17,FLOAT
"anisotropic_(0.01,1,100)",0.01,1,100,0.666666818905725,123.21,4.74969729865219e+19,3.8549608787048e+17,FLOAT
"anisotropic_(0.01,1,100)",0.01,1,100,0.666666827985925,123.21,3.99196068461737e+19,3.23996484426376e+17,FLOAT
"anisotropic_(0.01,1,100)",0.01,1,100,0.666666837607709,123.21,3.35510890545898e+19,2.72308165364741e+17,FLOAT
"anisotropic_(0.01,1,100)",0.01,1,100,0.666666847803377,123.21,2.81985665435488e+19,2.28865891920695e+17,FLOAT
"anisotropic_(0.01,1,100)",0.01,1,100,0.66666685860716,123.21,2.36999532425401e+19,1.92354137184807e+17,FLOAT
"anisotropic_(0.01,1,100)",0.01,1,100,0.666666870055327,123.21,1.99190214215464e+19,1.61667246339959e+17,FLOAT
"anisotropic_(0.01,1,100)",0.01,1,100,0.666666882186313,123.21,1.67412761876932e+19,1.35875953150663e+17,FLOAT
"anisotropic_(0.01,1,100)",0.01,1,100,0.666666895040844,123.21,1.40704886283922e+19,1.14199242175085e+17,FLOAT
"anisotropic_(0.01,1,100)",0.01,1,100,0.666666908662074,123.21,1.18257817240923e+19,9.59806973792084e+16,FLOAT
"anisotropic_(0.01,1,100)",0.01,1,100,0.666666923095735,123.21,9.93918104278034e+18,8.06686230239456e+16,FLOAT
"anisotropic_(0.01,1,100)",0.01,1,100,0.666666938390282,123.21,8.35355645010123e+18,6.77993381227273e+16,FLOAT
"anisotropic_(0.01,1,100)",0.01,1,100,0.666666954597062,123.21,7.02089200403819e+18,5.69831345186121e+16,FLOAT
"anisotropic_(0.01,1,100)",0.01,1,100,0.666666971770485,123.21,5.90083200945519e+18,4.78924763367843e+16,FLOAT
"anisotropic_(0.01,1,100)",0.01,1,100,0.666666989968206,123.21,4.959458815474e+18,4.02520803138869e+16,FLOAT
"anisotropic_(0.01,1,100)",0.01,1,100,0.666667009251318,123.21,4.16826585460523e+18,3.38305807532281e+16,FLOAT
"anisotropic_(0.01,1,100)",0.01,1,100,0.666667029684559,123.21,3.50329431161564e+18,2.84335225356354e+16,FLOAT
"anisotropic_(0.01,1,100)",0.01,1,100,0.666667051336528,123.21,2.94440761348032e+18,2.38974727171522e+16,FLOAT
"anisotropic_(0.01,1,100)",0.01,1,100,0.666667074279914,123.21,2.47468167311687e+18,2.00850716103959e+16,FLOAT
"anisotropic_(0.01,1,100)",0.01,1,100,0.666667098591744,123.21,2.07989235582745e+18,1.68808729472238e+16,FLOAT
"anisotropic_(0.01,1,100)",0.01,1,100,0.666667124353638,123.21,1.74808477068874e+18,1.41878481510327e+16,FLOAT
"anisotropic_(0.01,1,100)",0.01,1,100,0.666667151652083,123.21,1.46921123353121e+18,1.1924447963081e+16,FLOAT
"anisotropic_(0.01,1,100)",0.01,1,100,0.666667180578726,123.21,1.23482700527432e+18,1.00221329865621e+16,FLOAT
"anisotropic_(0.01,1,100)",0.01,1,100,0.66666721123068,123.21,1.03783456894085e+18,8.42329818148565e+15,FLOAT
"anisotropic_(0.01,1,100)",0.01,1,100,0.66666724371085,123.21,8.72268701337916e+17,7.07952845822511e+15,FLOAT
"anisotropic_(0.01,1,100)",0.01,1,100,0.666667278128279,123.21,7.33115830967075e+17,5.95013254579235e+15,FLOAT
"anisotropic_(0.01,1,100)",0.01,1,100,0.666667314598514,123.21,6.16162222362012e+17,5.0009108218652e+15,FLOAT
"anisotropic_(0.01,1,100)",0.01,1,100,0.666667353243992,123.21,5.17866368375774e+17,4.20311961996408e+15,FLOAT
"anisotropic_(0.01,1,100)",0.01,1,100,0.666667394194455,123.21,4.35251752277235e+17,3.53260086256988e+15,FLOAT
"anisotropic_(0.01,1,100)",0.01,1,100,0.666667437587381,123.21,3.65816710698249e+17,2.96905048858249e+15,FLOAT
"anisotropic_(0.01,1,100)",0.01,1,100,0.666667483568452,123.21,3.07458677949437e+17,2.49540360319322e+15,FLOAT
"anisotropic_(0.01,1,100)",0.01,1,100,0.666667532292033,123.21,2.58410517018826e+17,2.09731772598674e+15,FLOAT
"anisotropic_(0.01,1,100)",0.01,1,100,0.666667583921701,123.21,2.17187007893931e+17,1.76273847815868e+15,FLOAT
"anisotropic_(0.01,1,100)",0.01,1,100,0.666667638630787,123.21,1.8253987162924e+17,1.48153454775781e+15,FLOAT
"anisotropic_(0.01,1,100)",0.01,1,100,0.666667696602962,123.21,1.53419970570454e+17,1.24519089822623e+15,FLOAT
"anisotropic_(0.01,1,100)",0.01,1,100,0.66666775803285,123.21,1.28945538506125e+17,1.04655091718306e+15,FLOAT
"anisotropic_(0.01,1,100)",0.01,1,100,0.666667823126684,123.21,1.08375479562946e+17,879599704268695,FLOAT
"anisotropic_(0.01,1,100)",0.01,1,100,0.666667892102997,123.21,9.10869265804235e+16,739281929879258,FLOAT
"anisotropic_(0.01,1,100)",0.01,1,100,0.666667965193359,123.21,7.65563795575419e+16,621348750568475,FLOAT
"anisotropic_(0.01,1,100)",0.01,1,100,0.666668042643148,123.21,6.43438535174797e+16,522229149561558,FLOAT
"anisotropic_(0.01,1,100)",0.01,1,100,0.66666812471238,123.21,5.40795549253466e+16,438921799572652,FLOAT
"anisotropic_(0.01,1,100)",0.01,1,100,0.666668211676578,123.21,4.54526840253727e+16,368904180061460,FLOAT
"anisotropic_(0.01,1,100)",0.01,1,100,0.666668303827701,123.21,3.82020232947172e+16,310056191013044,FLOAT
"anisotropic_(0.01,1,100)",0.01,1,100,0.666668401475117,123.21,3.21080275389676e+16,260595954378439,FLOAT
"anisotropic_(0.01,1,100)",0.01,1,100,0.666668504946651,123.21,2.69861757605865e+16,219025856347588,FLOAT
"anisotropic_(0.01,1,100)",0.01,1,100,0.666668614589678,123.21,2.26813837003538e+16,184087198282231,FLOAT
"anisotropic_(0.01,1,100)",0.01,1,100,0.666668730772293,123.21,1.90633077343439e+16,154722082090283,FLOAT
"anisotropic_(0.01,1,100)",0.01,1,100,0.666668853884545,123.21,1.60223979531933e+16,130041376131752,FLOAT
"anisotropic_(0.01,1,100)",0.01,1,100,0.666668984339748,123.21,1.34665809026913e+16,109297791597201,FLOAT
"anisotropic_(0.01,1,100)",0.01,1,100,0.666669122575868,123.21,1.13184715611288e+16,91863254290468.8,FLOAT
"anisotropic_(0.01,1,100)",0.01,1,100,0.666669269056992,123.21,9.51303005160712e+15,77209885980090.9,FLOAT
"anisotropic_(0.01,1,100)",0.01,1,100,0.666669424274889,123.21,7.99559222960806e+15,64894020206216.5,FLOAT
"anisotropic_(0.01,1,100)",0.01,1,100,0.666669588750657,123.21,6.72021442122953e+15,54542767804800,FLOAT
"anisotropic_(0.01,1,100)",0.01,1,100,0.666669763036477,123.21,5.6482822531462e+15,45842725859476.3,FLOAT
"anisotropic_(0.01,1,100)",0.01,1,100,0.666669947717462,123.21,4.74734140326953e+15,38530487811617.6,FLOAT
"anisotropic_(0.01,1,100)",0.01,1,100,0.666670143413626,123.21,3.99011488838239e+15,32384667546321.5,FLOAT
"anisotropic_(0.01,1,100)",0.01,1,100,0.666670350781961,123.21,3.35367713066273e+15,27219195931033.3,FLOAT
"anisotropic_(0.01,1,100)",0.01,1,100,0.666670570518648,123.21,2.81875977621287e+15,22877686683002.5,FLOAT
"anisotropic_(0.01,1,100)",0.01,1,100,0.666670803361388,123.21,2.36916826430251e+15,19228701114377,FLOAT
"anisotropic_(0.01,1,100)",0.01,1,100,0.666671050091883,123.21,1.9912914702134e+15,16161768283526.3,FLOAT
"anisotropic_(0.01,1,100)",0.01,1,100,0.66667131153846,123.21,1.67368957438807e+15,13584040048599.5,FLOAT
"anisotropic_(0.01,1,100)",0.01,1,100,0.666671588578849,123.21,1.40674767881371e+15,11417479740391.1,FLOAT
"anisotropic_(0.01,1,100)",0.01,1,100,0.666671882143135,123.21,1.18238468270528e+15,9596499332076.6,FLOAT
"anisotropic_(0.01,1,100)",0.01,1,100,0.666672193216873,123.21,993808600821790,8065973547777.51,FLOAT
"anisotropic_(0.01,1,100)",0.01,1,100,0.666672522844405,123.21,835310915316093,6779570776040.66,FLOAT
"anisotropic_(0.01,1,100)",0.01,1,100,0.666672872132358,123.21,702093735046976,5698350256041.34,FLOAT
"anisotropic_(0.01,1,100)",0.01,1,100,0.666673242253367,123.21,590124527773329,4789583051482.88,FLOAT
"anisotropic_(0.01,1,100)",0.01,1,100,0.666673634450005,123.21,496014026325989,4025761109697.8,FLOAT
"anisotropic_(0.01,1,100)",0.01,1,100,0.66667405003896,123.21,416913612533569,3383764406569.64,FLOAT
"anisotropic_(0.01,1,100)",0.01,1,100,0.66667449041545,123.21,350429071162001,2844160954158.58,FLOAT
"anisotropic_(0.01,1,100)",0.01,1,100,0.666674957057912,123.21,294548102222466,2390618474331.17,FLOAT
"anisotropic_(0.01,1,100)",0.01,1,100,0.666675451532965,123.21,247579397144121,2009409927311.07,FLOAT
"anisotropic_(0.01,1,100)",0.01,1,100,0.666675975500663,123.21,208101434039874,1688997922569.2,FLOAT
"anisotropic_(0.01,1,100)",0.01,1,100,0.666676530720078,123.21,174919441044440,1419685423620.78,FLOAT
"anisotropic_(0.01,1,100)",0.01,1,100,0.666677119055197,123.21,147029225419446,1193322176928.19,FLOAT
"anisotropic_(0.01,1,100)",0.01,1,100,0.666677742481186,123.21,123586772622809,1003057971128.04,FLOAT
"anisotropic_(0.01,1,100)",0.01,1,100,0.666678403091018,123.21,103882695099880,843135257688.145,FLOAT
"anisotropic_(0.01,1,100)",0.01,1,100,0.666679103102497,123.21,87320757064245.9,708714853210.963,FLOAT
"anisotropic_(0.01,1,100)",0.01,1,100,0.666679844865711,123.21,73399825062098.4,595729446164.883,FLOAT
"anisotropic_(0.01,1,100)",0.01,1,100,0.666680630870915,123.21,61698697791223.3,500760472292.023,FLOAT
"anisotropic_(0.01,1,100)",0.01,1,100,0.666681463756893,123.21,51863355916355.3,420934631249.348,FLOAT
"anisotropic_(0.01,1,100)",0.01,1,100,0.666682346319819,123.21,43596245749453.5,353836910553.772,FLOAT
"anisotropic_(0.01,1,100)",0.01,1,100,0.666683281522644,123.21,36647272411028.4,297437484058.966,FLOAT
"anisotropic_(0.01,1,100)",0.01,1,100,0.666684272505039,123.21,30806229739048.3,250030271397.818,FLOAT
"anisotropic_(0.01,1,100)",0.01,1,100,0.666685322593942,123.21,25896437753003.6,210181298213.46,FLOAT
"anisotropic_(0.01,1,100)",0.01,1,100,0.666686435314721,123.21,21769395047178.2,176685293783.418,FLOAT
"anisotropic_(0.01,1,100)",0.01,1,100,0.666687614403016,123.21,18300284201013.9,148529211921.846,FLOAT
"anisotropic_(0.01,1,100)",0.01,1,100,0.666688863817274,123.21,15384194143746.8,124861570843.467,FLOAT
"anisotropic_(0.01,1,100)",0.01,1,100,0.666690187752041,123.21,12932945092417.9,104966683648.2,FLOAT
"anisotropic_(0.01,1,100)",0.01,1,100,0.666691590652045,123.21,10872419949894,88242999348.8419,FLOAT
"anisotropic_(0.01,1,100)",0.01,1,100,0.666693077227118,123.21,9140321370016.98,74184898708.6581,FLOAT
"anisotropic_(0.01,1,100)",0.01,1,100,0.666694652468004,123.21,7684286587882.17,62367393781.0158,FLOAT
"anisotropic_(0.01,1,100)",0.01,1,100,0.66669632166312,123.21,6460302946445.52,52433267967.8785,FLOAT
"anisotropic_(0.01,1,100)",0.01,1,100,0.666698090416304,123.21,5431376154901.78,44082267306.0512,FLOAT
"anisotropic_(0.01,1,100)",0.01,1,100,0.666699964665634,123.21,4566410962543.39,37062015765.1179,FLOAT
"anisotropic_(0.01,1,100)",0.01,1,100,0.66670195070336,123.21,3839270366574.5,31160379567.0099,FLOAT
"anisotropic_(0.01,1,100)",0.01,1,100,0.666704055197027,123.21,3227984875410.51,26199049389.5568,FLOAT
"anisotropic_(0.01,1,100)",0.01,1,100,0.666706285211866,123.21,2714087891419.52,22028146183.7214,FLOAT
"anisotropic_(0.01,1,100)",0.01,1,100,0.666708648234505,123.21,2282057096326.19,18521687332.2213,FLOAT
"anisotropic_(0.01,1,100)",0.01,1,100,0.666711152198109,123.21,1918844931643.08,15573775923.3818,FLOAT
"anisotropic_(0.01,1,100)",0.01,1,100,0.666713805509012,123.21,1613483962184.24,13095397792.8823,FLOAT
"anisotropic_(0.01,1,100)",0.01,1,100,0.666716617074936,123.21,1356755178703.04,11011729393.5543,FLOAT
"anisotropic_(0.01,1,100)",0.01,1,100,0.6667195963349,123.21,1140909201119.43,9259875018.2308,FLOAT
"anisotropic_(0.01,1,100)",0.01,1,100,0.666722753290909,123.21,959431944459.514,7786964891.94306,FLOAT
"anisotropic_(0.01,1,100)",0.01,1,100,0.666726098541527,123.21,806847655651.066,6548556574.3678,FLOAT
"anisotropic_(0.01,1,100)",0.01,1,100,0.666729643317467,123.21,678553360927,5507291297.81503,FLOAT
"anisotropic_(0.01,1,100)",0.01,1,100,0.666733399519287,123.21,570679714015.499,4631764579.9228,FLOAT
"anisotropic_(0.01,1,100)",0.01,1,100,0.666737379757347,123.21,479974034332.559,3895576935.38957,FLOAT
"anisotropic_(0.01,1,100)",0.01,1,100,0.666741597394146,123.21,403701996224.191,3276535963.80961,FLOAT
"anisotropic_(0.01,1,100)",0.01,1,100,0.666746066589179,123.21,339564994660.229,2755985671.1064,FLOAT
"anisotropic_(0.01,1,100)",0.01,1,100,0.666750802346474,123.21,285630687279.63,2318242733.19065,FLOAT
"anisotropic_(0.01,1,100)",0.01,1,100,0.666755820564966,123.21,240274611411.395,1950122646.60486,FLOAT
"anisotropic_(0.01,1,100)",0.01,1,100,0.666761138091871,123.21,202131109891.619,1640541431.44558,FLOAT
"anisotropic_(0.01,1,100)",0.01,1,100,0.666766772779247,123.21,170052081186.136,1380180838.10507,FLOAT
"anisotropic_(0.01,1,100)",0.01,1,100,0.666772743543927,123.21,143072306079.756,1161206930.9029,FLOAT
"anisotropic_(0.01,1,100)",0.01,1,100,0.666779070431024,123.21,120380302202.556,977033536.882934,FLOAT
"anisotropic_(0.01,1,100)",0.01,1,100,0.666785774681232,123.21,101293824927.51,822123405.60263,FLOAT
"anisotropic_(0.01,1,100)",0.01,1,100,0.666792878802131,123.21,85239273743.3984,691821066.635731,FLOAT
"anisotropic_(0.01,1,100)",0.01,1,100,0.66680040664375,123.21,71734381369.4861,582212330.543593,FLOAT
"anisotropic_(0.01,1,100)",0.01,1,100,0.666808383478639,123.21,60373662194.2643,490006185.139634,FLOAT
"anisotropic_(0.01,1,100)",0.01,1,100,0.666816836086713,123.21,50816180085.2363,412435516.289476,FLOAT
"anisotropic_(0.01,1,100)",0.01,1,100,0.666825792845157,123.21,42775265783.5467,347173651.979033,FLOAT
"anisotropic_(0.01,1,100)",0.01,1,100,0.666835283823696,123.21,36009873057.8086,292264206.919882,FLOAT
"anisotropic_(0.01,1,100)",0.01,1,100,0.666845340885544,123.21,30317312364.2407,246062107.304851,FLOAT
"anisotropic_(0.01,1,100)",0.01,1,100,0.666855997794376,123.21,25527142414.8199,207184013.404837,FLOAT
"anisotropic_(0.01,1,100)",0.01,1,100,0.666867290327678,123.21,21496035070.9558,174466641.893887,FLOAT
"anisotropic_(0.01,1,100)",0.01,1,100,0.666879256396864,123.21,18103458413.7202,146931728.678761,FLOAT
"anisotropic_(0.01,1,100)",0.01,1,100,0.666891936174548,123.21,15248047577.8138,123756573.773264,FLOAT
"anisotropic_(0.01,1,100)",0.01,1,100,0.666905372229415,123.21,12844553728.9505,104249278.514248,FLOAT
"anisotropic_(0.01,1,100)",0.01,1,100,0.666919609669129,123.21,10821279042.7015,87827927.2745031,FLOAT
"anisotropic_(0.01,1,100)",0.01,1,100,0.666934696291775,123.21,9117920231.48133,74003085.0440008,FLOAT
"anisotropic_(0.01,1,100)",0.01,1,100,0.666950682746323,123.21,7683755514.54831,62363082.4717013,FLOAT
"anisotropic_(0.01,1,100)",0.01,1,100,0.666967622702667,123.21,6476120304.58451,52561644.1958811,FLOAT
"anisotropic_(0.01,1,100)",0.01,1,100,0.666985573031808,123.21,5459125607.53075,44307487.0896904,FLOAT
"anisotropic_(0.01,1,100)",0.01,1,100,0.667004593996783,123.21,4602580466.18835,37355574.5716935,FLOAT
"anisotropic_(0.01,1,100)",0.01,1,100,0.667024749454976,123.21,3881085940.49712,31499763.1465556,FLOAT
"anisotropic_(0.01,1,100)",0.01,1,100,0.667046107072505,123.21,3273273299.45006,26566619.3997245,FLOAT
"anisotropic_(0.01,1,100)",0.01,1,100,0.667068738551391,123.21,2761163453.72537,22410221.0089714,FLOAT
"anisotropic_(0.01,1,100)",0.01,1,100,0.667092719870275,123.21,2329628319.25039,18907785.0502426,FLOAT
"anisotropic_(0.01,1,100)",0.01,1,100,0.667118131539495,123.21,1965937878.7731,15955991.8477648,FLOAT
"anisotropic_(0.01,1,100)",0.01,1,100,0.667145058871377,123.21,1659379295.17344,13467893.6122347,FLOAT
"anisotropic_(0.01,1,100)",0.01,1,100,0.667173592266644,123.21,1400936604.4971,11370314.757626,FLOAT
"anisotropic_(0.01,1,100)",0.01,1,100,0.667203827517915,123.21,1183021344.35653,9601665.62086301,FLOAT
"anisotropic_(0.01,1,100)",0.01,1,100,0.667235866131295,123.21,999246009.813108,8110103.77893927,FLOAT
"anisotropic_(0.01,1,100)",0.01,1,100,0.667269815667157,123.21,844233520.288636,6851987.63962857,FLOAT
"anisotropic_(0.01,1,100)",0.01,1,100,0.667305790101244,123.21,713456966.813738,5790575.79420289,FLOAT
"anisotropic_(0.01,1,100)",0.01,1,100,0.667343910207308,123.21,603104821.577539,4894933.02789984,FLOAT
"anisotropic_(0.01,1,100)",0.01,1,100,0.667384303962572,123.21,509967559.006513,4139010.11116397,FLOAT
"anisotropic_(0.01,1,100)",0.01,1,100,0.667427106977381,123.21,431342282.579543,3500869.72948253,FLOAT
"anisotropic_(0.01,1,100)",0.01,1,100,0.66747246295047,123.21,364952493.843489,2962035.31071738,FLOAT
"anisotropic_(0.01,1,100)",0.01,1,100,0.667520524151393,123.21,308880595.924085,2506943.2084578,FLOAT
"anisotropic_(0.01,1,100)",0.01,1,100,0.667571451931725,123.21,261511107.081191,2122481.81049582,FLOAT
"anisotropic_(0.01,1,100)",0.01,1,100,0.667625417266748,123.21,221482882.029579,1797603.75634753,FLOAT
"anisotropic_(0.01,1,100)",0.01,1,100,0.66768260132946,123.21,187648909.633589,1522999.64632408,FLOAT
"anisotropic_(0.01,1,100)",0.01,1,100,0.667743196098802,123.21,159042483.321176,1290823.4730231,FLOAT
"anisotropic_(0.01,1,100)",0.01,1,100,0.667807405004176,123.21,134848732.029286,1094461.56009485,FLOAT
"anisotropic_(0.01,1,100)",0.01,1,100,0.667875443608401,123.21,114380660.488339,928338.099816076,FLOAT
"anisotropic_(0.01,1,100)",0.01,1,100,0.667947540331402,123.21,97058983.0050598,787751.4795476,FLOAT
"anisotropic_(0.01,1,100)",0.01,1,100,0.668023937217061,123.21,82395148.7178583,668736.510898939,FLOAT
"anisotropic_(0.01,1,100)",0.01,1,100,0.668104890745814,123.21,69977051.9942535,567948.452108218,FLOAT
"anisotropic_(0.01,1,100)",0.01,1,100,0.668190672695706,123.21,59457002.1090221,482565.367251214,FLOAT
"anisotropic_(0.01,1,100)",0.01,1,100,0.66828157105481,123.21,50541594.0062558,410205.915073904,FLOAT
"anisotropic_(0.01,1,100)",0.01,1,100,0.668377890988062,123.21,42983178.8476183,348860.122048684,FLOAT
"anisotropic_(0.01,1,100)",0.01,1,100,0.668479955861763,123.21,36572680.8990405,296831.082615376,FLOAT
"anisotropic_(0.01,1,100)",0.01,1,100,0.668588108329191,123.21,31133547.5469284,252685.856155575,FLOAT
"anisotropic_(0.01,1,100)",0.01,1,100,0.668702711480957,123.21,26516653.0766578,215214.104915655,FLOAT
"anisotropic_(0.01,1,100)",0.01,1,100,0.668824150063978,123.21,22596005.3068588,183393.248087483,FLOAT
"anisotropic_(0.01,1,100)",0.01,1,100,0.668952831773153,123.21,19265128.1110561,156359.101542538,FLOAT
"anisotropic_(0.01,1,100)",0.01,1,100,0.669089188620082,123.21,16434012.991723,133381.136123066,FLOAT
"anisotropic_(0.01,1,100)",0.01,1,100,0.669233678383419,123.21,14026549.8069523,113841.624843376,FLOAT
"anisotropic_(0.01,1,100)",0.01,1,100,0.669386786145729,123.21,11978360.9953921,97218.0649735582,FLOAT
"anisotropic_(0.01,1,100)",0.01,1,100,0.669549025922018,123.21,10234975.6282127,83068.3582356361,FLOAT
"anisotropic_(0.01,1,100)",0.01,1,100,0.669720942385384,123.21,8750289.69807858,71018.3141634492,FLOAT
"anisotropic_(0.01,1,100)",0.01,1,100,0.669903112695601,123.21,7485267.53604928,60751.1105109105,FLOAT
"anisotropic_(0.01,1,100)",0.01,1,100,0.670096148436769,123.21,6406846.38313631,51998.4025090196,FLOAT
"anisotropic_(0.01,1,100)",0.01,1,100,0.670300697670525,123.21,5487012.14701955,44532.8215000369,FLOAT
"anisotropic_(0.01,1,100)",0.01,1,100,0.670517447111728,123.21,4702019.42652604,38161.6444811788,FLOAT
"anisotropic_(0.01,1,100)",0.01,1,100,0.670747124433902,123.21,4031733.13774606,32721.4505944814,FLOAT
"anisotropic_(0.01,1,100)",0.01,1,100,0.67099050071219,123.21,3459072.65350555,28073.6096380614,FLOAT
"anisotropic_(0.01,1,100)",0.01,1,100,0.671248393012015,123.21,2969542.37910145,24100.4721134766,FLOAT
"anisotropic_(0.01,1,100)",0.01,1,100,0.671521667132144,123.21,2550835.22173767,20702.1508947137,FLOAT
"anisotropic_(0.01,1,100)",0.01,1,100,0.671811240511352,123.21,2192497.54462868,17793.8019205314,FLOAT
"anisotropic_(0.01,1,100)",0.01,1,100,0.67211808530846,123.21,1885645.99280998,15303.3258892134,FLOAT
"anisotropic_(0.01,1,100)",0.01,1,100,0.672443231666078,123.21,1622728.08988135,13169.4252080298,FLOAT
"anisotropic_(0.01,1,100)",0.01,1,100,0.672787771169006,123.21,1397319.77818122,11339.9607838749,FLOAT
"anisotropic_(0.01,1,100)",0.01,1,100,0.673152860508921,123.21,1203954.14710296,9770.56194385975,FLOAT
"anisotropic_(0.01,1,100)",0.01,1,100,0.673539725367628,123.21,1037976.4972892,8423.45010380003,FLOAT
"anisotropic_(0.01,1,100)",0.01,1,100,0.673949664531935,123.21,895421.649034475,7266.44297568765,FLOAT
"anisotropic_(0.01,1,100)",0.01,1,100,0.674384054253956,123.21,772910.043961705,6272.11130558968,FLOAT
"anisotropic_(0.01,1,100)",0.01,1,100,0.674844352871474,123.21,667559.728851969,5417.06451466576,FLOAT
"anisotropic_(0.01,1,100)",0.01,1,100,0.675332105703892,123.21,576911.765372822,4681.34530779013,FLOAT
"anisotropic_(0.01,1,100)",0.01,1,100,0.675848950240194,123.21,498866.992785322,4047.91642549567,FLOAT
"anisotropic_(0.01,1,100)",0.01,1,100,0.676396621636343,123.21,431632.393816042,3502.22533735932,FLOAT
"anisotropic_(0.01,1,100)",0.01,1,100,0.676976958540561,123.21,373675.586264639,3031.83488568005,FLOAT
"anisotropic_(0.01,1,100)",0.01,1,100,0.677591909266059,123.21,323686.192583297,2626.1097523196,FLOAT
"anisotropic_(0.01,1,100)",0.01,1,100,0.67824353833194,123.21,280543.03334659,2275.95019354427,FLOAT
"anisotropic_(0.01,1,100)",0.01,1,100,0.678934033394218,123.21,243286.253898859,1973.56581364223,FLOAT
"anisotropic_(0.01,1,100)",0.01,1,100,0.679665712590243,123.21,211093.631294501,1712.28326673566,FLOAT
"anisotropic_(0.01,1,100)",0.01,1,100,0.680441032321174,123.21,183260.42495242,1486.38272017223,FLOAT
"anisotropic_(0.01,1,100)",0.01,1,100,0.681262595498641,123.21,159182.232612905,1290.95870962507,FLOAT
"anisotropic_(0.01,1,100)",0.01,1,100,0.68213316028326,123.21,138340.396062297,1121.80168868027,FLOAT
"anisotropic_(0.01,1,100)",0.01,1,100,0.683055649344363,123.21,120289.571077764,975.297143720189,FLOAT
"anisotropic_(0.01,1,100)",0.01,1,100,0.684033159672015,123.21,104647.135161099,848.33962471471,FLOAT
"anisotropic_(0.01,1,100)",0.01,1,100,0.68506897297426,123.21,91084.1565802541,738.259447936483,FLOAT
"anisotropic_(0.01,1,100)",0.01,1,100,0.686166566694507,123.21,79317.690453312,642.760169250158,FLOAT
"anisotropic_(0.01,1,100)",0.01,1,100,0.687329625686041,123.21,69104.2033006041,559.865216302281,FLOAT
"anisotropic_(0.01,1,100)",0.01,1,100,0.68856205458285,123.21,60233.9576749195,487.872312920376,FLOAT
"anisotropic_(0.01,1,100)",0.01,1,100,0.689867990908302,123.21,52526.2140152841,425.314536281829,FLOAT
"anisotropic_(0.01,1,100)",0.01,1,100,0.691251818965688,123.21,45825.1284802519,370.927022808635,FLOAT
"anisotropic_(0.01,1,100)",0.01,1,100,0.692718184557244,123.21,39996.2438118042,323.61848723159,FLOAT
"anisotropic_(0.01,1,100)",0.01,1,100,0.694272010581095,123.21,34923.4857754662,282.44684502448,FLOAT
"anisotropic_(0.01,1,100)",0.01,1,100,0.695918513558455,123.21,30506.5908496995,246.598334954139,FLOAT
"anisotropic_(0.01,1,100)",0.01,1,100,0.697663221146592,123.21,26658.9019642746,215.369628798592,FLOAT
"anisotropic_(0.01,1,100)",0.01,1,100,0.699511990696333,123.21,23305.4785219099,188.152491858696,FLOAT
"anisotropic_(0.01,1,100)",0.01,1,100,0.701471028916427,123.21,20381.4749408027,164.42062284557,FLOAT
"anisotropic_(0.01,1,100)",0.01,1,100,0.703546912710775,123.21,17830.7487477688,143.718356852275,FLOAT
"anisotropic_(0.01,1,100)",0.01,1,100,0.705746611258478,123.21,15604.6650185651,125.650961923262,FLOAT
"anisotropic_(0.01,1,100)",0.01,1,100,0.708077509410841,123.21,13661.0688605218,109.876299492913,FLOAT
"anisotropic_(0.01,1,100)",0.01,1,100,0.710547432483875,123.21,11963.4017956007,96.0976527522177,FLOAT
"anisotropic_(0.01,1,100)",0.01,1,100,0.713164672529529,123.21,10479.9414415769,84.0575557306788,FLOAT
"anisotropic_(0.01,1,100)",0.01,1,100,0.715938016173855,123.21,9183.14690003331,73.5324803184263,FLOAT
"anisotropic_(0.01,1,100)",0.01,1,100,0.718876774115565,123.21,8049.09482249753,64.3282592524757,FLOAT
"anisotropic_(0.01,1,100)",0.01,1,100,0.721990812384003,123.21,7056.99330820169,56.2761408018966,FLOAT
"anisotropic_(0.01,1,100)",0.01,1,100,0.725290585461487,123.21,6188.7626460655,49.229385975696,FLOAT
"anisotropic_(0.01,1,100)",0.01,1,100,0.728787171381207,123.21,5428.67349824819,43.0603319393571,FLOAT
"anisotropic_(0.01,1,100)",0.01,1,100,0.732492308918514,123.21,4763.03447418547,37.6578562956373,FLOAT
"anisotropic_(0.01,1,100)",0.01,1,100,0.736418437000464,123.21,4179.92219736497,32.9251862459619,FLOAT
"anisotropic_(0.01,1,100)",0.01,1,100,0.740578736465914,123.21,3668.94795179887,28.7780046408479,FLOAT
"anisotropic_(0.01,1,100)",0.01,1,100,0.744987174316374,123.21,3221.05583634679,25.1428117551075,FLOAT
"anisotropic_(0.01,1,100)",0.01,1,100,0.749658550606174,123.21,2828.34807403592,21.9555074591017,FLOAT
"anisotropic_(0.01,1,100)",0.01,1,100,0.754608548129361,123.21,2483.93373841022,19.160163447855,FLOAT
"anisotropic_(0.01,1,100)",0.01,1,100,0.759853785070145,123.21,2181.79768508435,16.7079594601441,FLOAT
"anisotropic_(0.01,1,100)",0.01,1,100,0.765411870793641,123.21,1916.68692713341,14.5562610756709,FLOAT
"anisotropic_(0.01,1,100)",0.01,1,100,0.771301464964215,123.21,1684.01207881395,12.6678198101936,FLOAT
"anisotropic_(0.01,1,100)",0.01,1,100,0.777542340189913,123.21,1479.76182281891,11.0100789125795,FLOAT
"anisotropic_(0.01,1,100)",0.01,1,100,0.784155448403264,123.21,1300.42863983917,9.55457056926527,FLOAT
"anisotropic_(0.01,1,100)",0.01,1,100,0.791162991201332,123.21,1142.94428245653,8.27639219589747,FLOAT
"anisotropic_(0.01,1,100)",0.01,1,100,0.798588494381158,123.21,1004.6236841135,7.15375118994807,FLOAT
"anisotropic_(0.01,1,100)",0.01,1,100,0.806456886920807,123.21,883.116172994962,6.16756897163349,FLOAT
"anisotropic_(0.01,1,100)",0.01,1,100,0.814794584671205,123.21,776.363014232378,5.30113638691972,FLOAT
"anisotropic_(0.01,1,100)",0.01,1,100,0.823629579039712,123.21,682.560435308359,4.53981361341092,FLOAT
"anisotropic_(0.01,1,100)",0.01,1,100,0.83299153096317,123.21,600.12740159658,3.87076861940248,FLOAT
"anisotropic_(0.01,1,100)",0.01,1,100,0.842911870485915,123.21,527.677503523228,3.2827489937767,FLOAT
"anisotropic_(0.01,1,100)",0.01,1,100,0.853423902277057,123.21,463.994394680185,2.76588259621934,FLOAT
"anisotropic_(0.01,1,100)",0.01,1,100,0.864562917441269,123.21,408.010280261183,2.3115029645417,FLOAT
"anisotropic_(0.01,1,100)",0.01,1,100,0.876366311998457,123.21,358.786992424562,1.9119957180794,FLOAT
"anisotropic_(0.01,1,100)",0.01,1,100,0.888873712430073,123.21,315.499189360486,1.56066219755285,FLOAT
"anisotropic_(0.01,1,100)",0.01,1,100,0.9,123.21,283.067181377622,1.29743674521242,FLOAT
"anisotropic_(0.01,1,100)",0.01,1,100,0.902127108713561,123.21,277.41913919575,1.25159596782526,FLOAT
"anisotropic_(0.01,1,100)",0.01,1,100,0.912667383761716,123.21,251.695041322263,1.04281341873438,FLOAT
"anisotropic_(0.01,1,100)",0.01,1,100,0.916170995291558,123.21,243.902286700465,0.979565674056208,FLOAT
"anisotropic_(0.01,1,100)",0.01,1,100,0.923730141409766,123.21,228.224838624908,0.852323988514795,FLOAT
"anisotropic_(0.01,1,100)",0.01,1,100,0.931052520449102,123.21,214.371989526867,0.739891157591646,FLOAT
"anisotropic_(0.01,1,100)",0.01,1,100,0.933391537091908,123.21,210.197755343318,0.706012136541821,FLOAT
"anisotropic_(0.01,1,100)",0.01,1,100,0.941829086706256,123.21,196.052503619413,0.591206100311769,FLOAT
"anisotropic_(0.01,1,100)",0.01,1,100,0.946821644600358,123.21,188.299076321494,0.528277545016586,FLOAT
"anisotropic_(0.01,1,100)",0.01,1,100,0.94919781953087,123.21,184.756060166952,0.499521631092864,FLOAT
"anisotropic_(0.01,1,100)",0.01,1,100,0.955633126690214,123.21,175.600998010498,0.425217092853648,FLOAT
"anisotropic_(0.01,1,100)",0.01,1,100,0.961253248795439,123.21,168.088527818757,0.364244199486705,FLOAT
"anisotropic_(0.01,1,100)",0.01,1,100,0.963531308016255,123.21,165.160502683189,0.340479690635409,FLOAT
"anisotropic_(0.01,1,100)",0.01,1,100,0.966161448465718,123.21,161.858072282785,0.313676424663462,FLOAT
"anisotropic_(0.01,1,100)",0.01,1,100,0.970447907647971,123.21,156.643284617571,0.271352038126538,FLOAT
"anisotropic_(0.01,1,100)",0.01,1,100,0.974191384595819,123.21,152.243697039953,0.235643998376377,FLOAT
"anisotropic_(0.01,1,100)",0.01,1,100,0.977460660952652,123.21,148.505928700829,0.205307432033351,FLOAT
"anisotropic_(0.01,1,100)",0.01,1,100,0.980315805527134,123.21,145.310918642458,0.179376013655205,FLOAT
"anisotropic_(0.01,1,100)",0.01,1,100,0.981237608556118,123.21,144.29144203886,0.171101712838728,FLOAT
"anisotropic_(0.01,1,100)",0.01,1,100,0.982809277981414,123.21,142.565058758563,0.157089998852066,FLOAT
"anisotropic_(0.01,1,100)",0.01,1,100,0.984986892710918,123.21,140.193912184338,0.137845241330555,FLOAT
"anisotropic_(0.01,1,100)",0.01,1,100,0.986888660625784,123.21,138.137682907754,0.121156423242866,FLOAT
"anisotropic_(0.01,1,100)",0.01,1,100,0.988549524300617,123.21,136.34789492723,0.106630102485431,FLOAT
"anisotropic_(0.01,1,100)",0.01,1,100,0.99,123.21,134.784921825253,0.093944662164212,FLOAT
"anisotropic_(0.01,1,100)",0.01,1,100,0.991266738376172,123.21,133.416124085177,0.0828351926400185,FLOAT
"anisotropic_(0.01,1,100)",0.01,1,100,0.992373014140977,123.21,132.214427293886,0.0730819519023328,FLOAT
"anisotropic_(0.01,1,100)",0.01,1,100,0.993339153709191,123.21,131.157224660707,0.0645014581665996,FLOAT
"anisotropic_(0.01,1,100)",0.01,1,100,0.994182908670626,123.21,130.225521222652,0.0569395440520424,FLOAT
"anisotropic_(0.01,1,100)",0.01,1,100,0.994919781953087,123.21,129.403260385209,0.0502658906355764,FLOAT
"anisotropic_(0.01,1,100)",0.01,1,100,0.995563312669021,123.21,128.676789653252,0.0443696912040586,FLOAT
"anisotropic_(0.01,1,100)",0.01,1,100,0.996125324879544,123.21,128.034433837061,0.0391561872986033,FLOAT
"anisotropic_(0.01,1,100)",0.01,1,100,0.996616144846572,123.21,127.466152168848,0.0345438857953707,FLOAT
"anisotropic_(0.01,1,100)",0.01,1,100,0.997044790764797,123.21,126.963261623933,0.0304623133181828,FLOAT
"anisotropic_(0.01,1,100)",0.01,1,100,0.997419138459582,123.21,126.518212973699,0.0268501986340327,FLOAT
"anisotropic_(0.01,1,100)",0.01,1,100,0.997746066095265,123.21,126.124409165319,0.0236539985822501,FLOAT
"anisotropic_(0.01,1,100)",0.01,1,100,0.998031580552713,123.21,125.776057854923,0.0208267012005735,FLOAT
"anisotropic_(0.01,1,100)",0.01,1,100,0.998280927798141,123.21,125.468051558108,0.018326852999819,FLOAT
"anisotropic_(0.01,1,100)",0.01,1,100,0.998498689271092,123.21,125.195870105343,0.0161177672700526,FLOAT
"anisotropic_(0.01,1,100)",0.01,1,100,0.998688866062578,123.21,124.955501033523,0.0141668779605816,FLOAT
"anisotropic_(0.01,1,100)",0.01,1,100,0.998854952430062,123.21,124.743374303435,0.0124452098322807,FLOAT
"anisotropic_(0.01,1,100)",0.01,1,100,0.999,123.21,124.556308368343,0.0109269407381154,FLOAT
"anisotropic_(0.01,1,100)",0.01,1,100,0.999126673837617,123.21,124.391465167236,0.00958903633824876,FLOAT
"anisotropic_(0.01,1,100)",0.01,1,100,0.999237301414098,123.21,124.246312095019,0.00841094144159472,FLOAT
"anisotropic_(0.01,1,100)",0.01,1,100,0.999333915370919,123.21,124.118589417288,0.00737431553678841,FLOAT
"anisotropic_(0.01,1,100)",0.01,1,100,0.999418290867063,123.21,124.00628195058,0.00646280294277978,FLOAT
"anisotropic_(0.01,1,100)",0.01,1,100,0.999491978195309,123.21,123.907594121091,0.00566183037976672,FLOAT
"anisotropic_(0.01,1,100)",0.01,1,100,0.999556331266902,123.21,123.820927748321,0.00495842665628224,FLOAT
"anisotropic_(0.01,1,100)",0.01,1,100,0.999612532487954,123.21,123.744862080135,0.00434106062929076,FLOAT
"anisotropic_(0.01,1,100)",0.01,1,100,0.999661614484657,123.21,123.678135739391,0.0037994946789311,FLOAT
"anisotropic_(0.01,1,100)",0.01,1,100,0.99970447907648,123.21,123.619630337673,0.00332465171392843,FLOAT
"anisotropic_(0.01,1,100)",0.01,1,100,0.999741913845958,123.21,123.568355577131,0.00290849425477346,FLOAT
"anisotropic_(0.01,1,100)",0.01,1,100,0.999774606609527,123.21,123.52343570441,0.00254391449079118,FLOAT
"anisotropic_(0.01,1,100)",0.01,1,100,0.999803158055271,123.21,123.484097207731,0.00222463442684384,FLOAT
"anisotropic_(0.01,1,100)",0.01,1,100,0.999828092779814,123.21,123.449657664448,0.00194511536764737,FLOAT
"anisotropic_(0.01,1,100)",0.01,1,100,0.999849868927109,123.21,123.419515655899,0.00170047606443341,FLOAT
"anisotropic_(0.01,1,100)",0.01,1,100,0.999868886606258,123.21,123.393141671795,0.00148641889290757,FLOAT
"anisotropic_(0.01,1,100)",0.01,1,100,0.999885495243006,123.21,123.370069929754,0.00129916345875871,FLOAT
"anisotropic_(0.01,1,100)",0.01,1,100,0.9999,123.21,123.349891038074,0.00113538704711012,FLOAT
"anisotropic_(0.01,1,100)",0.01,1,100,0.999912667383762,123.21,123.332245432217,0.000992171351491168,FLOAT
"anisotropic_(0.01,1,100)",0.01,1,100,0.99992373014141,123.21,123.316817518006,0.0008669549387706,FLOAT
"anisotropic_(0.01,1,100)",0.01,1,100,0.999933391537092,123.21,123.303330457543,0.000757490930465227,FLOAT
"anisotropic_(0.01,1,100)",0.01,1,100,0.999941829086706,123.21,123.291541537148,0.000661809407907613,FLOAT
"anisotropic_(0.01,1,100)",0.01,1,100,0.999949197819531,123.21,123.281238060302,0.000578184078419716,FLOAT
"anisotropic_(0.01,1,100)",0.01,1,100,0.99995563312669,123.21,123.272233712423,0.000505102771066076,FLOAT
"anisotropic_(0.01,1,100)",0.01,1,100,0.999961253248795,123.21,123.264365348322,0.000441241362893959,FLOAT
"anisotropic_(0.01,1,100)",0.01,1,100,0.999966161448466,123.21,123.257490157153,0.000385440769034699,FLOAT
"anisotropic_(0.01,1,100)",0.01,1,100,0.999970447907648,123.21,123.251483163622,0.000336686661977946,FLOAT
"anisotropic_(0.01,1,100)",0.01,1,100,0.999974191384596,123.21,123.246235028018,0.00029409161608761,FLOAT
"anisotropic_(0.01,1,100)",0.01,1,100,0.999977460660953,123.21,123.241650111217,0.00025687940278171,FLOAT
"anisotropic_(0.01,1,100)",0.01,1,100,0.999980315805527,123.21,123.237644774228,0.000224371189250727,FLOAT
"anisotropic_(0.01,1,100)",0.01,1,100,0.999982809277981,123.21,123.234145885001,0.000195973419374043,FLOAT
"anisotropic_(0.01,1,100)",0.01,1,100,0.999984986892711,123.21,123.231089508108,0.000171167178862051,FLOAT
"anisotropic_(0.01,1,100)",0.01,1,100,0.999986888660626,123.21,123.228419755581,0.00014949886844118,FLOAT
"anisotropic_(0.01,1,100)",0.01,1,100,0.999988549524301,123.21,123.226087779631,0.000130572028492664,FLOAT
"anisotropic_(0.01,1,100)",0.01,1,100,0.99999,123.21,123.224050890109,0.000114040176196303,FLOAT
"anisotropic_(0.01,1,100)",0.01,1,100,0.999991266738376,123.21,123.222271781594,9.96005323785771e-05,FLOAT
"anisotropic_(0.01,1,100)",0.01,1,100,0.999992373014141,123.21,123.220717856712,8.69885294416301e-05,FLOAT
"anisotropic_(0.01,1,100)",0.01,1,100,0.999993339153709,123.21,123.219360633902,7.59730046463318e-05,FLOAT
"anisotropic_(0.01,1,100)",0.01,1,100,0.999994182908671,123.21,123.21817522922,6.63519943199182e-05,FLOAT
"anisotropic_(0.01,1,100)",0.01,1,100,0.999994919781953,123.21,123.217139903039,5.79490547745853e-05,FLOAT
"anisotropic_(0.01,1,100)",0.01,1,100,0.999995563312669,123.21,123.216235663598,5.06100446202755e-05,FLOAT
"anisotropic_(0.01,1,100)",0.01,1,100,0.99999612532488,123.21,123.215445920333,4.42003111157884e-05,FLOAT
"anisotropic_(0.01,1,100)",0.01,1,100,0.999996616144847,123.21,123.214756180788,3.86022302428405e-05,FLOAT
"anisotropic_(0.01,1,100)",0.01,1,100,0.999997044790765,123.21,123.214153785666,3.37130562975227e-05,FLOAT
"anisotropic_(0.01,1,100)",0.01,1,100,0.99999741913846,123.21,123.213627677243,2.94430423071323e-05,FLOAT
"anisotropic_(0.01,1,100)",0.01,1,100,0.999997746066095,123.21,123.213168196969,2.5713797332183e-05,FLOAT
"anisotropic_(0.01,1,100)",0.01,1,100,0.999998031580553,123.21,123.212766908603,2.24568509292518e-05,FLOAT
"anisotropic_(0.01,1,100)",0.01,1,100,0.999998280927798,123.21,123.21241644365,1.96123987528015e-05,FLOAT
"anisotropic_(0.01,1,100)",0.01,1,100,0.999998498689271,123.21,123.212110366326,1.71282065258537e-05,FLOAT
"anisotropic_(0.01,1,100)",0.01,1,100,0.999998688866063,123.21,123.211843055566,1.49586524316081e-05,FLOAT
"anisotropic_(0.01,1,100)",0.01,1,100,0.99999885495243,123.21,123.211609601948,1.30638904949e-05,FLOAT
"anisotropic_(0.01,1,100)",0.01,1,100,0.999999,123.21,123.211405717639,1.14091197081741e-05,FLOAT
"anisotropic_(0.01,1,100)",0.01,1,100,0.999999126673838,123.21,123.211227657731,9.96394554635128e-06,FLOAT
"anisotropic_(0.01,1,100)",0.01,1,100,0.999999237301414,123.21,123.211072151518,8.7018222382429e-06,FLOAT
"anisotropic_(0.01,1,100)",0.01,1,100,0.999999333915371,123.21,123.210936342473,7.59956556191228e-06,FLOAT
"anisotropic_(0.01,1,100)",0.01,1,100,0.999999418290867,123.21,123.210817735813,6.63692730125883e-06,FLOAT
"anisotropic_(0.01,1,100)",0.01,1,100,0.999999491978195,123.21,123.210714152699,5.79622350915878e-06,FLOAT
"anisotropic_(0.01,1,100)",0.01,1,100,0.999999556331267,123.21,123.210623690233,5.06200984773848e-06,FLOAT
"anisotropic_(0.01,1,100)",0.01,1,100,0.999999612532488,123.21,123.210544686522,4.420798002297e-06,FLOAT
"anisotropic_(0.01,1,100)",0.01,1,100,0.999999661614485,123.21,123.210475690152,3.86080798648907e-06,FLOAT
"anisotropic_(0.01,1,100)",0.01,1,100,0.999999704479076,123.21,123.210415433541,3.37175181738438e-06,FLOAT
"anisotropic_(0.01,1,100)",0.01,1,100,0.999999741913846,123.21,123.210362809656,2.94464456046483e-06,FLOAT
"anisotropic_(0.01,1,100)",0.01,1,100,0.999999774606609,123.21,123.210316851681,2.57163931923708e-06,FLOAT
"anisotropic_(0.01,1,100)",0.01,1,100,0.999999803158055,123.21,123.210276715256,2.24588309061517e-06,FLOAT
"anisotropic_(0.01,1,100)",0.01,1,100,0.99999982809278,123.21,123.210241662972,1.96139089395593e-06,FLOAT
"anisotropic_(0.01,1,100)",0.01,1,100,0.999999849868927,123.21,123.210211050825,1.71293584010366e-06,FLOAT
"anisotropic_(0.01,1,100)",0.01,1,100,0.999999868886606,123.21,123.210184316381,1.49595309722286e-06,FLOAT
"anisotropic_(0.01,1,100)",0.01,1,100,0.999999885495243,123.21,123.210160968451,1.30645605967335e-06,FLOAT
"anisotropic_(0.01,1,100)",0.01,1,100,0.9999999,123.21,123.210140578061,1.14096308119848e-06,FLOAT
"anisotropic_(0.01,1,100)",0.01,1,100,0.999999912667384,123.21,123.210122770576,9.96433538304832e-07,FLOAT
"anisotropic_(0.01,1,100)",0.01,1,100,0.999999923730141,123.21,123.210107218815,8.70211956147991e-07,FLOAT
"anisotropic_(0.01,1,100)",0.01,1,100,0.999999933391537,123.21,123.210093637042,7.599792352321e-07,FLOAT
"anisotropic_(0.01,1,100)",0.01,1,100,0.999999941829087,123.21,123.210081775712,6.63710027380783e-07,FLOAT
"anisotropic_(0.01,1,100)",0.01,1,100,0.99999994919782,123.21,123.210071416895,5.79635543227967e-07,FLOAT
"anisotropic_(0.01,1,100)",0.01,1,100,0.999999955633127,123.21,123.210062370263,5.06211046718722e-07,FLOAT
"anisotropic_(0.01,1,100)",0.01,1,100,0.999999961253249,123.21,123.210054469598,4.42087474229653e-07,FLOAT
"anisotropic_(0.01,1,100)",0.01,1,100,0.999999966161448,123.21,123.210047569736,3.86086652365358e-07,FLOAT
"anisotropic_(0.01,1,100)",0.01,1,100,0.999999970447908,123.21,123.210041543904,3.37179645118658e-07,FLOAT
"anisotropic_(0.01,1,100)",0.01,1,100,0.999999974191385,123.21,123.210036281385,2.94467861542119e-07,FLOAT
"anisotropic_(0.01,1,100)",0.01,1,100,0.999999977460661,123.21,123.210031685488,2.57166528319873e-07,FLOAT
"anisotropic_(0.01,1,100)",0.01,1,100,0.999999980315806,123.21,123.21002767177,2.24590290795829e-07,FLOAT
"anisotropic_(0.01,1,100)",0.01,1,100,0.999999982809278,123.21,123.210024166483,1.96140601287053e-07,FLOAT
"anisotropic_(0.01,1,100)",0.01,1,100,0.999999984986893,123.21,123.210021105225,1.71294738052643e-07,FLOAT
"anisotropic_(0.01,1,100)",0.01,1,100,0.999999986888661,123.21,123.210018431746,1.49596188486202e-07,FLOAT
"anisotropic_(0.01,1,100)",0.01,1,100,0.999999988549524,123.21,123.210016096928,1.3064627484981e-07,FLOAT
"anisotropic_(0.01,1,100)",0.01,1,100,0.99999999,123.21,123.210014057869,1.14096821168496e-07,FLOAT
