rank,regime,beta12,beta13,beta23,alpha,T,x1,x2,x3,float_err_dT_b12,float_err_dT_b13,float_err_dT_b23,float_err_dT_alpha,float_err_dx_max,hess_min_eig,hess_cond,hp_err_dT_b12,hp_err_dT_b13,hp_err_dT_b23,hp_err_dT_alpha,hp_err_euler,dx1_dalpha_fd,dx2_dalpha_fd,dx3_dalpha_fd
0,near_23,1.234041516,0.02196941772,4.14210021,0.666666826772,4.08330545795e+19,0.3333335601,0.3333331613,0.3333332786,6.81e-06,0.000299,1.78e-06,2.76e-07,4.93e-05,0.3333,3,3.25e-36,1.92e-33,2.19e-36,1.75e-28,1.69e-39,1.41641,-1.07462,-0.341796
1,near_23,0.04544394662,0.8805805232,1.611607511,0.666666769749,1.52994482966e+20,0.3333333811,0.3333333355,0.3333332834,0.000205,8.32e-06,1.36e-06,1.93e-07,2.18e-05,0.3333,3,1.13e-33,3.81e-35,2.33e-35,1.75e-28,1.09e-39,0.46296,0.0209816,-0.483942
2,near_23,0.2180127285,0.04342937873,2.402870308,0.666666804127,6.45207795362e+19,0.3333334592,0.3333332631,0.3333332776,1.36e-05,0.000194,2.15e-07,3.29e-07,2.06e-05,0.3333,3,9.07e-35,1.87e-34,1.13e-35,1.75e-28,1.85e-39,0.915827,-0.51069,-0.405137
3,near_23,0.4252714834,0.2861852321,0.01271888139,0.666667034983,3.35405058759e+18,0.3333332824,0.3333333433,0.3333333743,1.14e-07,6.46e-06,0.000185,2.8e-07,1.09e-05,0.3333,3,2.31e-35,3.59e-36,2.9e-34,1.75e-28,7.35e-41,-0.138256,0.0270821,0.111174
4,near_23,0.6806669279,2.553839588,0.1418399669,0.666666869259,2.01539734763e+19,0.3333332129,0.3333335083,0.3333332789,7.05e-06,3.65e-06,0.000119,2.8e-07,3.51e-06,0.3333,3,1.64e-35,2.65e-36,5.39e-35,1.75e-28,1.19e-40,-0.594689,0.863604,-0.268915
5,near_23,0.2298361466,2.747802863,0.4082565152,0.66666676889,1.5688455669e+20,0.3333332888,0.3333334334,0.3333332778,0.000115,5.63e-07,5.58e-06,2.84e-07,4.42e-06,0.3333,3,3.41e-34,1.17e-35,8.55e-35,1.75e-28,2.79e-40,-0.435539,0.97895,-0.543412
6,near_23,8.854499477,0.6460482989,0.1320087511,0.666666788455,9.2771033311e+19,0.3333331066,0.3333331445,0.3333337489,1.01e-06,2.55e-05,0.000109,2.79e-07,2.46e-06,0.3333,3,2.48e-37,7.74e-35,2.45e-34,1.75e-28,1.25e-39,-1.86146,-1.55067,3.41214
7,near_23,0.7817267832,0.2198594461,0.0243741607,0.666666833076,3.63664722654e+19,0.3333333014,0.333333321,0.3333333776,4.85e-06,1.85e-05,0.000109,3.24e-07,1.69e-05,0.3333,3,1.33e-36,1.14e-34,1.12e-33,1.75e-28,2.5e-40,-0.192029,-0.0738382,0.265867
8,anisotropic,0.007937204073,0.0002945061045,0.003455136445,0.936647086792,1.27887841344,0.3326609553,0.3271270706,0.3402119741,2.14e-13,1.17e-11,1.92e-11,1.65e-11,9.46e-05,0.3333,2.882,2.17e-38,2.57e-40,9.73e-40,9.37e-31,1.05e-45,-0.0177163,-0.18698,0.204696
9,near_23,0.08124642252,3.875189161,0.02277741755,0.666666850562,2.69475098592e+19,0.3333331884,0.3333336167,0.3333331949,1.37e-05,1.19e-06,9.16e-05,2.41e-07,4.18e-06,0.3333,3,7.75e-35,4.14e-36,1e-33,1.75e-28,5.21e-40,-0.788171,1.54099,-0.752821
10,near_23,0.3587916788,1.272773782,0.06433369626,0.666666807154,6.04392322554e+19,0.3333332908,0.3333333934,0.3333333158,8.52e-06,3.8e-06,8.56e-05,2.87e-07,3.45e-06,0.3333,3,4.7e-35,5.02e-36,6.73e-34,1.75e-28,1.59e-39,-0.302884,0.427739,-0.124855
11,near_23,132.482742,1.683867165,0.2677632858,0.666666773826,1.36191777762e+20,0.3333304475,0.3333305392,0.3333390133,5.92e-08,1.42e-06,8.07e-05,2.38e-07,2.99e-06,0.3333,3,1.56e-37,3.41e-35,1.12e-34,1.75e-28,1.88e-40,-26.9297,-26.0736,53.0033
12,near_23,1.065313412,0.0266820752,0.7440124729,0.666666772971,1.39500412206e+20,0.3333333418,0.3333332957,0.3333333625,1.4e-05,7.65e-05,3.28e-05,2.51e-07,4.62e-05,0.3333,3,3.25e-35,2.62e-34,3.04e-35,1.75e-28,7.16e-40,0.0798131,-0.353885,0.274072
13,near_23,0.1592147408,0.5911857644,6.344182271,0.666666774774,1.32636512648e+20,0.3333335934,0.3333332174,0.3333331892,7.51e-05,2.22e-06,1.08e-06,3.37e-07,7.9e-06,0.3333,3,2.92e-35,1.77e-35,1.46e-36,1.75e-28,2.97e-41,2.40589,-1.07236,-1.33353
14,near_23,0.1122804111,0.3019792393,0.1785690909,0.666666873131,1.90413732038e+19,0.333333331,0.3333333464,0.3333333227,7e-05,1.52e-05,2.59e-06,2.53e-07,4.11e-06,0.3333,3,1.48e-35,2.96e-36,8.61e-36,1.75e-28,9e-40,-0.0115119,0.0631019,-0.0515901
15,near_23,1.734187536,0.1190180713,0.5772498544,0.666666775048,1.31632894724e+20,0.3333333181,0.333333288,0.3333333939,6.89e-07,6.37e-05,1.35e-05,2.8e-07,6.53e-06,0.3333,3,1.93e-35,3.37e-34,7.03e-35,1.75e-28,2.42e-40,-0.140812,-0.417859,0.558672
16,near_23,0.0177703138,6.908553179,1.93485621,0.666667079554,2.38089172666e+18,0.333333079,0.3333343206,0.3333326004,5.92e-05,8.88e-08,1.67e-06,3.02e-07,5.54e-06,0.3333,3,1.91e-34,8.69e-37,3.22e-36,1.75e-28,2.36e-40,-0.615998,2.39106,-1.77507
17,near_23,0.1937080106,0.08690829804,36.90234401,0.666666879089,1.74839492362e+19,0.3333364809,0.3333317527,0.3333317664,4.55e-05,5.81e-05,1.21e-07,2.69e-07,9.2e-06,0.3333,3,2.3e-35,8.09e-35,2.64e-37,1.75e-28,3.79e-41,14.8171,-7.44086,-7.37628
18,near_23,0.7520822602,0.5238057851,0.0792750251,0.666666863959,2.18224464789e+19,0.3333332889,0.3333333419,0.3333333692,5.2e-06,5.38e-06,5.41e-05,2.27e-07,3.3e-06,0.3333,3,4.2e-35,2.62e-35,4.03e-34,1.75e-28,8.61e-40,-0.225181,0.0435824,0.181598
19,near_23,5.751829312,0.0686107109,0.4272579094,0.666667005527,4.30696105146e+18,0.3333329942,0.3333329207,0.3333340851,1.35e-07,5.33e-05,1.22e-05,3.2e-07,1.69e-06,0.3333,3,1.39e-36,3.29e-35,1.16e-35,1.75e-28,3.44e-41,-1.00079,-1.21763,2.21842
20,near_23,23.3251217,50.41977662,0.06015848873,0.666666948564,7.48128287237e+18,0.3333291507,0.3333377335,0.3333331158,1.17e-07,2.58e-08,5.03e-05,2.87e-07,3.82e-06,0.3333,3,4.35e-37,3.45e-38,3.43e-34,1.75e-28,3.79e-40,-14.8372,15.6087,-0.771512
21,near_23,16.58577706,0.1163621993,4.949187501,0.666666921128,1.0171191643e+19,0.3333329844,0.3333322409,0.3333347747,2.05e-07,5.02e-05,1.04e-07,2.95e-07,2.06e-06,0.3333,3,6.9e-37,4.1e-35,3.78e-36,1.75e-28,4.37e-40,-1.37114,-4.29306,5.6642
22,two_equal,0.005415733459,0.005415733459,0.01339157647,0.93640981507,1.36884295105,0.341701507,0.3291492465,0.3291492465,4.93e-11,3.1e-11,6.13e-11,1.21e-11,4.95e-05,0.3169,3.075,4.65e-39,4.68e-39,1.13e-37,9.91e-31,1.05e-45,0.231285,-0.115642,-0.115642
23,near_23,0.1230931517,0.0701175507,0.8846198191,0.666666797293,7.51873696535e+19,0.3333333748,0.3333333105,0.3333333147,4.82e-05,2.31e-05,6.73e-06,2.51e-07,7.52e-06,0.3333,3,1.04e-34,4.74e-34,1.7e-35,1.75e-28,1.37e-39,0.317622,-0.174826,-0.142797
24,near_23,0.05353936877,1.50807417,0.09885225419,0.666667008068,4.21150227302e+18,0.3333332395,0.3333335304,0.3333332301,1.7e-05,2.34e-06,4.13e-05,2.53e-07,8.08e-06,0.3333,3,4.1e-35,6.77e-36,8.22e-35,1.75e-28,6.68e-40,-0.27487,0.577137,-0.302267
25,near_23,1.910146611,0.02616826732,0.431207702,0.666667599278,2.06600490323e+17,0.3333331315,0.3333329031,0.3333339654,1.34e-06,4.04e-05,8.66e-08,2.88e-07,4.47e-06,0.3333,3,1.25e-36,7.22e-35,8.43e-37,1.75e-28,3.81e-41,-0.216425,-0.461313,0.677738
26,near_23,0.5431894401,1.329677902,0.1399012748,0.666666831327,3.75374384682e+19,0.3333332805,0.3333333989,0.3333333206,6.93e-06,2.08e-06,3.79e-05,2.74e-07,1.03e-06,0.3333,3,8.75e-36,2.13e-37,7.42e-35,1.75e-28,5.15e-40,-0.321056,0.398283,-0.0772275
27,near_23,0.5455140586,0.3480988755,9.024996859,0.666666787273,9.55262519489e+19,0.3333337503,0.3333331176,0.333333132,7.09e-06,3.71e-05,7.32e-07,3.43e-07,2.46e-06,0.3333,3,2.19e-35,1.24e-35,3.56e-37,1.75e-28,3.47e-40,3.45757,-1.78846,-1.66911
28,near_23,0.168434915,0.3796723881,0.4133987816,0.666666824986,4.223098761e+19,0.3333333422,0.333333339,0.3333333188,3.68e-05,7.39e-06,1.86e-05,2.38e-07,4.32e-06,0.3333,3,6.63e-35,1.15e-35,8.02e-35,1.75e-28,1.15e-39,0.0561654,0.0357744,-0.0919398
29,near_23,1.752210836,0.0499335561,0.896483583,0.66666734142,5.45504876205e+17,0.3333333321,0.3333329867,0.3333336812,7.39e-07,3.57e-05,8.63e-07,2.92e-07,5.42e-07,0.3333,3,4.31e-36,2.47e-34,6.7e-36,1.75e-28,1.36e-40,-0.0018488,-0.513673,0.515522
30,near_23,0.6704014409,1.064180364,0.01097697421,0.666668878167,1.54942964261e+16,0.33333257,0.3333339782,0.3333334517,1.11e-06,4.41e-07,3.44e-05,2.76e-07,3.09e-06,0.3333,3,1.4e-36,1.33e-36,1.3e-34,1.75e-28,4.33e-41,-0.345153,0.291616,0.0535374
31,near_23,0.07582801533,0.5315181134,11.64757943,0.666667171135,1.30537523084e+18,0.3333356399,0.3333322495,0.3333321105,3.43e-05,3.05e-07,4.51e-08,3.03e-07,4.52e-06,0.3333,3,2.23e-35,1.84e-35,2.13e-37,1.75e-28,5.25e-40,4.57226,-2.14838,-2.42389
32,near_23,3.631544603,0.01462119269,1.750795023,0.666666774908,1.32147433583e+20,0.3333333302,0.3333332166,0.3333334533,2.27e-07,9.86e-06,4.22e-06,3.29e-07,3.35e-05,0.3333,3,1.31e-35,2.42e-33,4.17e-35,1.75e-28,7.5e-40,-0.0291365,-1.07883,1.10796
33,near_23,14.20483054,0.1975143188,0.6083816896,0.666667010633,4.11803088547e+18,0.3333324193,0.3333323339,0.3333352468,1.02e-07,3.26e-05,1.26e-06,2.69e-07,1.47e-06,0.3333,3,1.54e-36,8.07e-35,2.04e-35,1.75e-28,3.19e-40,-2.65729,-2.9057,5.56299
34,near_23,1.318982558,0.2839388169,0.2134789639,0.666666796303,7.69219627438e+19,0.3333333026,0.3333333081,0.3333333893,6.81e-06,2.37e-05,3.07e-05,3.56e-07,3.52e-06,0.3333,3,2.86e-35,6.92e-35,1.53e-34,1.75e-28,8.24e-41,-0.236996,-0.194396,0.431391
35,near_23,0.1072066308,1.039095171,0.5074757469,0.666666806129,6.17820955644e+19,0.3333333296,0.3333333745,0.3333332959,3.04e-05,3.58e-06,4.96e-06,3.04e-07,4.48e-06,0.3333,3,9.81e-35,1.43e-35,4.73e-35,1.75e-28,9.38e-40,-0.0264714,0.294946,-0.268474
36,near_23,0.7944260033,0.919996567,0.2729723957,0.66666684681,2.86669388386e+19,0.3333332909,0.3333333614,0.3333333477,1.84e-07,1.01e-05,2.81e-05,2.55e-07,2.59e-06,0.3333,3,2.82e-35,1.68e-35,1.8e-35,1.75e-28,1.13e-39,-0.235487,0.155704,0.0797836
37,near_23,0.6240686061,0.5532184779,1.747826899,0.666666777459,1.23227673641e+20,0.3333333851,0.3333333051,0.3333333098,1.24e-05,2.71e-05,7.67e-06,3.46e-07,1.93e-06,0.3333,3,4.57e-35,8.63e-35,1.94e-35,1.75e-28,1.19e-39,0.467228,-0.255032,-0.212196
38,near_23,2.573920077,0.5079959624,0.07591733277,0.666668041371,6.45068841595e+16,0.3333325216,0.3333328807,0.3333345978,1.31e-07,9.36e-07,2.67e-05,2.83e-07,1.76e-06,0.3333,3,6.65e-37,3.49e-36,2.04e-36,1.75e-28,1.5e-41,-0.590506,-0.329271,0.919777
39,near_23,0.2809877318,0.03765714186,6.013458267,0.666668312555,3.75869626741e+16,0.3333372169,0.3333312705,0.3333315126,5.17e-07,2.54e-05,7.75e-08,2.84e-07,1.91e-06,0.3333,3,7.48e-36,4.77e-36,7.24e-37,1.75e-28,5.75e-41,2.35954,-1.25333,-1.10621
40,near_23,0.08586808477,1.053239686,0.07677737949,0.666666963074,6.43522691444e+18,0.3333332745,0.3333334495,0.3333332761,2.53e-05,2.88e-06,1.07e-05,2.6e-07,3.6e-06,0.3333,3,6.52e-35,3.72e-36,3.44e-34,1.75e-28,3.32e-40,-0.198622,0.391747,-0.193126
41,near_23,0.07424533874,9.74819577,0.6968025933,0.666666904615,1.24390379299e+19,0.3333329291,0.3333342313,0.3333328396,2.51e-05,3.59e-07,8.84e-06,2.73e-07,1.96e-06,0.3333,3,1.47e-34,8.91e-37,1.03e-35,1.75e-28,1.21e-39,-1.69868,3.77375,-2.07507
42,near_23,0.4061649113,0.6829893945,0.1201259176,0.666666919017,1.04284429195e+19,0.3333332902,0.333333376,0.3333333338,1.08e-05,2.92e-06,2.5e-05,2.98e-07,3.38e-06,0.3333,3,2.92e-37,6.48e-37,1.12e-34,1.75e-28,1.64e-40,-0.171082,0.169225,0.00185708
43,near_23,0.2906152793,5.562959779,0.2605257694,0.666666877442,1.78967726514e+19,0.3333331068,0.3333337825,0.3333331107,2.48e-05,1.03e-06,7.47e-06,3.04e-07,2.96e-06,0.3333,3,5.6e-35,2.61e-36,9.44e-35,1.75e-28,8.53e-40,-1.07468,2.13116,-1.05649
44,near_23,5.021593926,0.1106181971,1.152765495,0.666666856467,2.4510099922e+19,0.3333332252,0.3333331056,0.3333336692,5.04e-07,2.47e-05,6.28e-06,2.59e-07,7.32e-06,0.3333,3,9.01e-37,1.51e-34,1.27e-35,1.75e-28,6.3e-40,-0.569668,-1.19975,1.76942
45,near_23,10.48920419,0.4189225087,11.19085719,0.666666809626,5.73585841393e+19,0.3333336639,0.3333327328,0.3333336033,3.79e-07,2.41e-05,6.12e-07,3.32e-07,6.83e-07,0.3333,3,1.24e-36,6.58e-35,1.51e-36,1.75e-28,5.89e-41,2.3123,-4.20038,1.88808
46,near_23,1.245481165,7.558519462,0.2974558701,0.666666770701,1.48834183835e+20,0.3333331612,0.3333336179,0.3333332208,1.22e-06,2.06e-06,2.41e-05,1.26e-07,2.05e-06,0.3333,3,3.53e-35,1.14e-36,1.57e-34,1.75e-28,2.95e-40,-1.6544,2.73563,-1.08123
47,near_23,0.08551164838,5.340672304,0.3089340957,0.666667110116,1.9217720302e+18,0.3333329036,0.3333342527,0.3333328437,2.37e-05,9.48e-08,3.68e-07,2.77e-07,3.38e-06,0.3333,3,7.61e-36,1.01e-36,1.22e-35,1.75e-28,1.02e-40,-0.969029,2.07314,-1.10411
48,near_23,2.225801491,0.09130953659,0.2288638817,0.66666705237,2.92060215825e+18,0.3333331888,0.3333331567,0.3333336545,1e-07,2.31e-05,7.89e-06,2.77e-07,6.48e-06,0.3333,3,3.6e-36,1.1e-34,3.59e-36,1.75e-28,1.34e-40,-0.374727,-0.457892,0.832619
49,near_23,0.2005900203,1.24632821,2.850686322,0.666666917572,1.06097579332e+19,0.3333335485,0.3333333051,0.3333331465,2.11e-05,3.29e-06,1.14e-06,2.82e-07,1.54e-06,0.3333,3,1.07e-34,5.51e-36,2.89e-36,1.75e-28,3.44e-40,0.857413,-0.11258,-0.744833
50,near_23,0.04687961234,0.6602073851,4.190080888,0.666667151271,1.47256004677e+18,0.3333340827,0.3333330485,0.3333328688,2.1e-05,2.35e-06,1.99e-07,2.82e-07,6.32e-06,0.3333,3,4.08e-35,6.16e-36,1.11e-36,1.75e-28,1e-40,1.54637,-0.587777,-0.958595
51,near_23,3.383768595,0.2885414221,0.2748513719,0.666666931966,8.97476390276e+18,0.3333331664,0.3333331686,0.333333665,9.93e-07,1.52e-05,2.09e-05,2.72e-07,1.55e-06,0.3333,3,1.45e-36,8.79e-35,6.52e-35,1.75e-28,4.21e-40,-0.629308,-0.621031,1.25034
52,near_23,5.017055943,0.8348801247,0.6122622902,0.666666794451,8.03149540084e+19,0.3333332142,0.3333332314,0.3333335545,1.79e-06,1.57e-06,2.08e-05,2.22e-07,1.39e-06,0.3333,3,8.87e-36,1.31e-35,9.96e-35,1.75e-28,1.87e-39,-0.932576,-0.797981,1.73056
53,near_23,0.01306788272,1.466450019,1.134775167,0.66667042959,3.14527981802e+15,0.3333339325,0.333334687,0.3333313805,2.07e-05,2.08e-08,2.1e-08,2.82e-07,1.34e-06,0.3333,3,4.58e-35,7.16e-37,6.61e-37,1.75e-28,8.65e-42,0.15922,0.359747,-0.518967
54,near_23,0.06629539074,0.8345954772,4.060073182,0.666667111633,1.90218313719e+18,0.3333339807,0.333333113,0.3333329063,2.02e-05,1.71e-06,3.08e-08,2.62e-07,3.44e-06,0.3333,3,1.03e-34,9.47e-36,6.85e-37,1.75e-28,1.87e-40,1.45491,-0.495199,-0.959714
55,near_23,0.2070950094,2.442553471,0.3360243219,0.66666695902,6.70670606174e+18,0.3333332168,0.3333335892,0.333333194,2.02e-05,2.67e-06,6.36e-06,2.79e-07,1.54e-06,0.3333,3,8.17e-35,2.61e-36,2.1e-35,1.75e-28,1.45e-40,-0.398552,0.875054,-0.476502
56,near_23,14.06782993,7.148852604,0.2238659242,0.666667174666,1.27835104179e+18,0.3333312071,0.333333334,0.333335459,6.5e-08,1.75e-07,1.96e-05,3.02e-07,1.02e-06,0.3333,3,1.86e-37,1.91e-37,3.9e-36,1.75e-28,1.33e-40,-4.18555,0.00124664,4.18431
57,near_23,0.09352747486,1.532070803,1.152770757,0.666666852203,2.6238690468e+19,0.3333333588,0.3333334013,0.3333332399,1.95e-05,1.85e-06,6.29e-06,2.56e-07,7e-06,0.3333,3,6.37e-35,8.32e-36,3.16e-36,1.75e-28,5.41e-40,0.137031,0.366356,-0.503387
58,near_23,2.228595492,2.425871611,0.005926917769,0.666669587918,6.72252839134e+15,0.3333306001,0.3333348742,0.3333345257,1.12e-09,6.16e-08,1.93e-05,2.79e-07,1.07e-05,0.3333,3,5.47e-38,8.41e-37,2.44e-34,1.75e-28,4.28e-42,-0.935633,0.527451,0.408182
59,near_23,2.39747243,0.09504855574,0.2962643507,0.666667195558,1.13274964196e+18,0.3333331308,0.3333330665,0.3333338027,5.28e-07,1.91e-05,3.85e-06,2.76e-07,1.69e-06,0.3333,3,2.44e-36,1.15e-34,2.04e-35,1.75e-28,1.76e-41,-0.382911,-0.504566,0.887476
60,near_23,4.037526971,0.06431179528,9.66918818,0.666668397961,3.22950548209e+16,0.3333386494,0.3333285959,0.3333327547,2.26e-07,1.89e-05,1.08e-07,2.78e-07,6.43e-07,0.3333,3,1.24e-37,2.16e-35,1.17e-37,1.75e-28,1.83e-41,3.07048,-2.73632,-0.334158
61,near_23,2.289101851,0.4419057363,0.3830615503,0.666666866802,2.09055010359e+19,0.3333332541,0.3333332612,0.3333334847,2.93e-06,4.53e-06,1.85e-05,2.92e-07,5.92e-07,0.3333,3,6.3e-36,5.17e-35,3.07e-35,1.75e-28,1.2e-40,-0.395989,-0.360412,0.756401
62,anisotropic,0.001245275616,0.0001167936534,0.001894571739,0.939211244593,1.11839647682,0.3349144092,0.3314339796,0.3336516112,1.56e-12,4.1e-10,3.01e-11,7.06e-12,1.75e-05,0.3315,2.994,8.8e-41,1.18e-39,7.34e-41,7.46e-31,1.93e-45,0.0516866,-0.0622904,0.0106038
63,near_23,0.2068608616,0.3343030343,0.8842842948,0.666666816275,5.00457964896e+19,0.3333333703,0.3333333206,0.3333333091,1.22e-05,1.73e-05,7.27e-06,2.62e-07,1.34e-06,0.3333,3,1.44e-34,7.26e-35,5.22e-36,1.75e-28,2.99e-40,0.247363,-0.0851557,-0.162207
64,near_23,1.883945562,0.01259475704,1.133492728,0.666671263846,1.72489842585e+15,0.3333336766,0.3333305611,0.3333357624,2.01e-07,1.73e-05,2.66e-07,2.81e-07,2.17e-06,0.3333,3,1.68e-37,6.19e-35,1.43e-37,1.75e-28,6.82e-42,0.0746622,-0.603036,0.528374
65,near_23,0.2245559274,0.6135062434,0.1317095387,0.666667253714,8.28347837032e+17,0.3333332653,0.3333334364,0.3333332983,1.71e-05,2.66e-06,1.72e-05,2.84e-07,7.62e-07,0.3333,3,3.21e-36,1.26e-35,6.82e-35,1.75e-28,2.36e-41,-0.11581,0.175485,-0.0596749
66,near_23,0.218784372,0.168832481,0.1306218612,0.666667093198,2.1596239232e+18,0.3333333225,0.3333333323,0.3333333452,1.94e-06,4.06e-06,1.71e-05,2.81e-07,1.43e-06,0.3333,3,2.48e-35,7.82e-36,4.96e-35,1.75e-28,5.06e-40,-0.0254684,-0.00236626,0.0278347
67,near_23,40.34433857,0.6244031733,0.3317865215,0.666666771842,1.44044378193e+20,0.333332479,0.3333324976,0.3333350234,1.58e-07,9.54e-06,1.7e-05,3.65e-07,2.79e-06,0.3333,3,8.85e-38,2.09e-35,1.01e-35,1.75e-28,5.47e-40,-8.12271,-7.94579,16.0685
68,near_23,0.2301271486,0.6101795513,0.20044931,0.666666800174,7.04238523786e+19,0.3333333215,0.3333333546,0.3333333239,1.68e-05,1.69e-05,5.45e-06,2.75e-07,5.3e-06,0.3333,3,2.74e-35,2.01e-35,6.83e-35,1.75e-28,5.76e-40,-0.0885554,0.159168,-0.0706122
69,near_23,0.3710488587,2.381963843,0.8749384334,0.666666885144,1.60700065959e+19,0.3333332892,0.3333334882,0.3333332226,1.67e-05,2.18e-06,7.84e-06,2.72e-07,6.64e-07,0.3333,3,7.73e-35,2.69e-36,2.06e-35,1.75e-28,3.1e-40,-0.202165,0.708981,-0.506816
70,near_23,0.0647138156,0.151496735,0.3412946498,0.666666927047,9.49309985971e+18,0.3333333578,0.3333333279,0.3333333143,4.61e-06,1.65e-05,7.06e-06,2.94e-07,3.85e-06,0.3333,3,2.48e-34,4.53e-35,3.4e-35,1.75e-28,5.21e-40,0.0939909,-0.020761,-0.07323
71,near_23,0.1572542861,0.4073731435,0.4734398615,0.666667123257,1.76056149965e+18,0.3333333685,0.3333333503,0.3333332812,1.63e-05,4.21e-06,4.28e-06,2.88e-07,6.9e-07,0.3333,3,3.1e-35,2.44e-38,4.57e-35,1.75e-28,1.33e-40,0.0770367,0.0370927,-0.114129
72,near_23,23.29586132,0.3907338535,0.279457409,0.666666846427,2.88504134649e+19,0.3333324955,0.3333325076,0.333334997,2.21e-07,2.48e-07,1.63e-05,3.18e-07,2.01e-06,0.3333,3,9.83e-37,4.26e-35,1.29e-35,1.75e-28,1.9e-40,-4.66093,-4.59365,9.25458
73,near_23,0.0294456001,4.974764797,2.173557536,0.666666767646,1.62755015061e+20,0.33333332,0.333333491,0.3333331891,1.62e-05,1.86e-06,2.33e-07,2.32e-07,1.47e-05,0.3333,3,1.36e-33,1.12e-35,1.67e-35,1.75e-28,2.07e-39,-0.132426,1.56118,-1.42875
74,near_23,0.1797224021,1.469858132,0.7587582129,0.666666968284,6.10749511865e+18,0.3333333253,0.333333455,0.3333332197,1.61e-05,2.31e-06,9.03e-07,2.71e-07,1.72e-06,0.3333,3,2.31e-35,3.9e-36,1.91e-36,1.75e-28,7.61e-40,-0.0266152,0.403315,-0.3767
75,near_23,0.4099774423,3.479898713,0.5819040627,0.666666770947,1.47782451035e+20,0.333333276,0.3333334588,0.3333332652,1.6e-05,1.51e-06,4.71e-06,2.95e-07,1.99e-06,0.3333,3,4.82e-35,7.54e-36,2.69e-35,1.75e-28,1.51e-39,-0.549393,1.20273,-0.65334
76,symmetric,0.02442836473,0.02442836473,0.02442836473,0.947528419361,1.22289294136,0.3333333333,0.3333333333,0.3333333333,5.32e-12,1.79e-12,1.79e-12,1.11e-11,1.54e-05,0.2971,3,1.34e-36,1.34e-36,1.34e-36,4.86e-31,1.23e-45,0,0,0
77,near_23,0.05013721524,2.719603757,3.268306976,0.666666839138,3.26651660252e+19,0.3333334643,0.333333407,0.3333331287,1.52e-05,1.64e-07,1.07e-06,2.57e-07,6.09e-06,0.3333,3,1.21e-35,6.4e-36,3.68e-36,1.75e-28,1.33e-39,0.759149,0.427404,-1.18655
78,near_23,0.4628268357,0.1735965744,0.7537238518,0.66666689705,1.37050269447e+19,0.3333333738,0.333333293,0.3333333333,3.53e-06,1.5e-05,9.48e-06,2.64e-07,1.52e-06,0.3333,3,6.97e-35,4.3e-36,5.62e-36,1.75e-28,4.23e-40,0.17554,-0.175205,-0.000335884
79,near_23,0.3314466866,0.4803984238,0.8092084571,0.666666825196,4.20636635279e+19,0.3333333591,0.3333333276,0.3333333133,1.49e-05,1.47e-05,1.02e-05,3.55e-07,1.84e-06,0.3333,3,8.59e-35,1.69e-35,1.13e-35,1.75e-28,7.26e-40,0.162551,-0.0362474,-0.126304
80,near_23,0.2123444452,4.568215216,81.35660787,0.666666944493,7.81502527131e+18,0.3333421758,0.3333292779,0.3333285463,1.43e-05,3.26e-07,2.39e-08,2.8e-07,8.46e-07,0.3333,3,1.03e-34,1.09e-37,2.05e-38,1.75e-28,1.68e-40,31.826,-14.5962,-17.2298
81,near_23,0.05747314499,0.04102466649,0.2709067422,0.666667934911,8.21527660353e+16,0.3333334466,0.3333332704,0.333333283,1e-06,1.36e-05,3.22e-07,2.74e-07,2.61e-06,0.3333,3,4.68e-35,8.47e-36,3.57e-36,1.75e-28,1.94e-40,0.0893434,-0.0496441,-0.0396993
82,near_23,0.6235895855,0.0962630351,0.2737056335,0.666666816343,4.99769095104e+19,0.3333333281,0.3333333121,0.3333333598,5.03e-06,4.18e-06,1.04e-05,2.81e-07,1.34e-05,0.3333,3,6.42e-35,5.73e-35,5.05e-35,1.75e-28,1.02e-39,-0.0347527,-0.142034,0.176787
83,near_23,4.593934661,0.0135672561,4.553594679,0.666669685303,6.09281860848e+15,0.3333360707,0.333327785,0.3333361443,1.63e-08,1.32e-05,5.09e-08,2.8e-07,5.16e-06,0.3333,3,3.54e-37,1.76e-35,1.81e-37,1.75e-28,4.54e-41,0.906807,-1.838,0.931194
84,near_23,23.54087732,2.096572973,0.5924261066,0.666666962912,6.44590185538e+18,0.3333318734,0.3333321429,0.3333359837,1.57e-08,2.91e-06,1.32e-05,3.1e-07,2.64e-07,0.3333,3,6.86e-37,2.49e-36,1.09e-35,1.75e-28,4.53e-40,-4.9279,-4.01849,8.94639
85,near_23,0.05775463739,6.186462356,8.411582932,0.666666768613,1.58167164141e+20,0.3333335507,0.3333334135,0.3333330358,4.02e-09,3.98e-07,2.04e-06,1.5e-07,1.32e-05,0.3333,3,6.53e-34,6.83e-36,5.71e-36,1.75e-28,3.1e-40,2.132,0.786703,-2.91871
86,near_23,18.53416347,3.052268461,0.4932151136,0.666666844669,2.97139830376e+19,0.3333325943,0.3333328698,0.3333345359,8.92e-08,2.5e-06,1.3e-05,2.96e-07,9.61e-07,0.3333,3,2.32e-36,3.12e-36,5.08e-35,1.75e-28,7.49e-41,-4.15154,-2.60434,6.75589
87,near_23,0.1610166934,0.3032570033,6.772683485,0.666667198292,1.11536410535e+18,0.3333347348,0.3333326554,0.3333326097,1.29e-05,6.61e-06,2.58e-07,2.77e-07,6.22e-07,0.3333,3,1.3e-35,3.34e-35,9.32e-37,1.75e-28,1.64e-40,2.63625,-1.27512,-1.36112
88,near_23,0.4805885308,0.123581355,0.498815398,0.666667973105,7.51562356507e+16,0.3333334369,0.3333331405,0.3333334225,1.49e-06,1.28e-05,2.89e-06,2.84e-07,5.85e-07,0.3333,3,1.2e-36,1.46e-35,1.87e-36,1.75e-28,8.63e-41,0.0792958,-0.147572,0.0682758
89,near_23,1.273148012,16.82161402,0.1979233848,0.666667014073,3.99690774376e+18,0.3333320942,0.3333355858,0.33333232,1.26e-06,6.61e-08,1.27e-05,2.81e-07,6.92e-07,0.3333,3,4.05e-36,4.99e-37,5.02e-35,1.75e-28,7.47e-40,-3.56685,6.48363,-2.91677
90,near_23,0.4715193888,0.5912798957,1.215879313,0.666666881346,1.69379540691e+19,0.3333333926,0.3333333115,0.3333332959,1.25e-05,3.98e-06,4.68e-06,2.98e-07,3.83e-07,0.3333,3,2.69e-35,3.02e-35,4.6e-36,1.75e-28,2.63e-40,0.275891,-0.101742,-0.174149
91,near_23,1.816851879,0.3866013907,6.934834554,0.666666805797,6.22249934303e+19,0.3333336604,0.3333331096,0.3333332299,2.95e-06,1.25e-05,3.03e-07,2.51e-07,2.09e-06,0.3333,3,1.07e-35,1.39e-35,4.75e-36,1.75e-28,9.83e-41,2.35112,-1.60793,-0.743197
92,near_23,0.6124058379,0.5448033806,0.1650798239,0.666667464066,3.30525305556e+17,0.3333332004,0.3333333835,0.3333334161,3.2e-06,3.67e-06,1.25e-05,2.82e-07,9.7e-07,0.3333,3,4.39e-36,6.71e-36,1.76e-35,1.75e-28,1.8e-40,-0.166678,0.0629029,0.103775
93,near_23,0.03410134664,2.583383705,1.626163239,0.666668556363,2.48347846014e+16,0.3333335751,0.3333346687,0.3333317562,1.24e-05,9.21e-08,2.54e-07,2.81e-07,2.19e-06,0.3333,3,4.99e-35,4.28e-37,1.26e-36,1.75e-28,1.13e-41,0.127945,0.706669,-0.834614
94,near_23,4.316184617,0.2399498541,0.2482637809,0.666666972193,5.87604643729e+18,0.3333330834,0.3333330818,0.3333338348,3.56e-07,4.26e-06,1.24e-05,2.8e-07,1.37e-06,0.3333,3,4.4e-37,8.85e-35,2.59e-35,1.75e-28,9.08e-40,-0.818143,-0.82317,1.64131
95,near_23,1.175831435,1.143985265,0.4799572232,0.666666808032,5.93204935692e+19,0.3333332946,0.3333333513,0.3333333541,3.49e-07,3.9e-06,1.22e-05,2.83e-07,3.9e-07,0.3333,3,2.1e-35,2.73e-35,1.54e-35,1.75e-28,9.09e-40,-0.274066,0.127406,0.14666
96,near_23,0.3107138118,4.828303221,12.75230306,0.666667179285,1.24410020381e+18,0.3333354373,0.3333329814,0.3333315813,1.19e-05,2.24e-08,2.03e-07,2.87e-07,3.14e-07,0.3333,3,1.7e-35,1.42e-36,5.48e-37,1.75e-28,5.07e-40,4.10424,-0.686463,-3.41778
97,near_23,2.470109974,3.045956457,0.02738321388,0.666668678734,2.0573635558e+16,0.3333311188,0.3333347909,0.3333340904,2.75e-07,2.87e-07,1.19e-05,2.78e-07,2.48e-06,0.3333,3,8.38e-37,5.88e-37,7.96e-35,1.75e-28,2.34e-41,-1.10062,0.724385,0.376238
98,near_23,0.5375681453,10.05226342,58.15590218,0.666666976558,5.6314517947e+18,0.3333399358,0.3333309234,0.3333291408,1.13e-05,3.89e-08,7.48e-08,2.76e-07,5.54e-07,0.3333,3,3.42e-36,6.67e-37,3.42e-39,1.75e-28,6.87e-40,21.305,-7.77625,-13.5288
99,near_23,1.386887495,0.3531506705,0.1806003069,0.666667190229,1.16769221115e+18,0.3333331878,0.3333332425,0.3333335697,9.03e-07,7.49e-07,1.11e-05,2.58e-07,1.6e-06,0.3333,3,7.16e-36,2.46e-35,1.71e-35,1.75e-28,7.14e-41,-0.277882,-0.173558,0.45144
100,near_23,0.1024771967,1.119232156,0.2127149378,0.666667093197,2.15964989764e+18,0.3333332649,0.3333334987,0.3333332365,1.08e-05,1.28e-06,6.87e-06,2.73e-07,3.45e-06,0.3333,3,2.22e-35,8.14e-36,2.02e-35,1.75e-28,2.92e-40,-0.160477,0.387604,-0.227127
101,near_23,0.1100667674,10.47119009,1.21690178,0.666667460996,3.34376957973e+17,0.3333320291,0.3333364734,0.3333314975,1.04e-05,8.24e-08,4.82e-07,2.76e-07,1.08e-06,0.3333,3,5.34e-35,1.3e-37,4.32e-36,1.75e-28,2.38e-40,-1.64193,3.95305,-2.31112
102,near_23,7.418073327,2.921461295,0.2940644799,0.666666794958,7.93678499111e+19,0.3333330812,0.333333285,0.3333336338,6.66e-07,1.99e-06,1.04e-05,2.84e-07,3.82e-07,0.3333,3,5.86e-37,9.79e-37,1.14e-34,1.75e-28,6.38e-40,-1.96523,-0.376706,2.34193
103,near_23,7.062938161,0.2461432515,1.634115219,0.666666915903,1.08242583561e+19,0.3333331304,0.3333329212,0.3333339484,1.04e-07,1.04e-05,8.74e-07,3.08e-07,5.88e-07,0.3333,3,3.44e-38,5.13e-35,1.3e-35,1.75e-28,5.76e-41,-0.814359,-1.65353,2.46788
104,near_23,0.2472146889,4.103906986,0.6142632645,0.66666747578,3.16377644064e+17,0.3333328242,0.3333345312,0.3333326446,1.03e-05,5.31e-08,1.39e-06,2.9e-07,3.77e-07,0.3333,3,1.63e-35,9.83e-37,1.13e-35,1.75e-28,3.44e-40,-0.6293,1.48052,-0.851218
105,near_23,0.1335476507,5.379934885,2.117539095,0.666666847266,2.84503620692e+19,0.3333332868,0.333333643,0.3333330702,1.03e-05,1.09e-06,6.7e-08,2.69e-07,7.04e-06,0.3333,3,3.4e-34,4.26e-36,2.13e-36,1.75e-28,4.26e-40,-0.257639,1.7148,-1.45716
106,near_23,9.209261551,3.096121608,0.7454689146,0.66666681799,4.83632883856e+19,0.3333330035,0.3333332186,0.3333337779,4.64e-08,2.64e-06,1.03e-05,3.77e-07,1.76e-06,0.3333,3,4.33e-37,5.75e-36,2.4e-35,1.75e-28,1.2e-40,-2.17946,-0.75826,2.93772
107,near_23,0.3580796943,0.5199654961,0.6001701893,0.666666837446,3.36452430596e+19,0.3333333444,0.3333333361,0.3333333194,1.02e-05,9.27e-06,4.03e-08,2.35e-07,1.67e-06,0.3333,3,6.34e-35,5.57e-36,3.47e-35,1.75e-28,1.02e-39,0.0649532,0.0164615,-0.0814147
108,near_23,5.656240418,0.2965684043,0.3898564281,0.666667344918,5.37110369859e+17,0.3333326262,0.333332588,0.3333347858,3.13e-07,9.78e-06,4.44e-06,3.04e-07,9.43e-07,0.3333,3,4.57e-37,2.57e-35,6.04e-36,1.75e-28,7.5e-41,-1.04254,-1.09894,2.14148
109,symmetric,0.0875673882,0.0875673882,0.0875673882,0.967948401285,1.46044633496,0.3333333333,0.3333333333,0.3333333333,1.48e-12,1.35e-12,1.35e-12,1.55e-11,9.56e-06,0.2529,3,2.8e-35,2.8e-35,2.8e-35,3.76e-32,0,0,0,0
110,near_23,1.643475445,0.07167104971,0.130970651,0.666667429202,3.77965547479e+17,0.33333311,0.3333330827,0.3333338073,8.82e-08,9.39e-06,4.24e-06,2.76e-07,3.86e-06,0.3333,3,3.57e-36,1.87e-35,3.12e-35,1.75e-28,2.9e-40,-0.292869,-0.328722,0.62159
111,near_23,0.3842686553,0.7969940181,0.2860731484,0.666667017814,3.8704665217e+18,0.3333332902,0.3333333987,0.3333333111,5.57e-06,4.5e-07,9.08e-06,2.72e-07,8.23e-07,0.3333,3,2.12e-35,1.42e-35,4.06e-35,1.75e-28,3.47e-40,-0.122757,0.186146,-0.0633882
112,near_23,0.4337551716,25.16639687,25.89641575,0.666666945069,7.76648522187e+18,0.3333348029,0.33333468,0.333330517,9.07e-06,4.28e-07,1.44e-07,2.81e-07,8.58e-07,0.3333,3,1.68e-35,7.3e-37,5.02e-37,1.75e-28,6.28e-40,5.27856,4.83721,-10.1158
113,near_23,0.1825862829,3.911357137,0.2904392215,0.666667112045,1.89691200833e+18,0.333333018,0.333333993,0.333332989,9.05e-06,5.25e-07,3.92e-06,2.81e-07,1.8e-06,0.3333,3,4.06e-35,1.22e-37,5.54e-35,1.75e-28,2.11e-40,-0.707996,1.4812,-0.773204
114,near_23,2.25222331,0.0481362286,16.78004098,0.66666833624,3.60113157313e+16,0.3333438509,0.3333269621,0.333329187,4.18e-07,9e-06,1.74e-08,2.85e-07,1.59e-06,0.3333,3,1.37e-37,7.07e-35,2.98e-38,1.75e-28,5.03e-41,6.29925,-3.81592,-2.48333
115,near_23,0.1902815908,2.635514053,2.742685887,0.666666797617,7.46290806968e+19,0.3333334035,0.333333395,0.3333332014,2.06e-06,8.68e-06,6.55e-07,2.55e-07,2.91e-06,0.3333,3,2.24e-34,1.35e-36,8.3e-36,1.75e-28,3.93e-40,0.535993,0.471197,-1.00719
116,near_23,3.16085976,6.013943105,0.8187631725,0.666666830914,3.78215521179e+19,0.3333330838,0.3333335997,0.3333333164,3.65e-06,3.17e-07,8.54e-06,2.28e-07,7.31e-07,0.3333,3,5.31e-36,1.61e-36,1.31e-35,1.75e-28,4.43e-40,-1.51901,1.62199,-0.102979
117,symmetric,0.008998937555,0.008998937555,0.008998937555,0.950990070866,0.850034356394,0.3333333333,0.3333333333,0.3333333333,7.42e-12,4.59e-12,4.59e-12,1.41e-11,8.48e-06,0.3128,3,1.48e-37,1.48e-37,1.48e-37,4.25e-31,1.75e-46,0,0,0
118,near_23,6.104116562,0.09359647703,1.098247681,0.666668722874,1.92770633782e+16,0.3333316753,0.3333304263,0.3333378984,2.34e-08,8.2e-06,4.01e-07,2.81e-07,3.27e-07,0.3333,3,4.52e-38,1.36e-35,3.82e-37,1.75e-28,1.36e-41,-0.806335,-1.41375,2.22008
119,near_23,0.2234639434,0.8878276367,0.5705716386,0.666667136352,1.61737963814e+18,0.3333333362,0.3333334263,0.3333332376,8.02e-06,1.6e-06,1.39e-06,2.76e-07,1.37e-06,0.3333,3,3.59e-35,9.02e-36,5.49e-36,1.75e-28,8.33e-41,0.00601616,0.197829,-0.203845
120,near_23,0.4522930297,1.262504742,2.239290098,0.666666983523,5.26801129771e+18,0.3333335098,0.3333333227,0.3333331675,7.91e-06,5.88e-07,5.17e-07,2.71e-07,1.06e-06,0.3333,3,4.61e-36,1.73e-35,3.23e-36,1.75e-28,5.85e-40,0.55699,-0.0335644,-0.523426
121,near_23,2.684737153,2.009775813,0.2935399352,0.666667772252,1.24010421674e+17,0.3333324181,0.3333335653,0.3333340165,6.5e-07,9.33e-07,7.86e-06,2.74e-07,1.87e-07,0.3333,3,1.08e-36,3.01e-36,1.19e-35,1.75e-28,5.48e-41,-0.82778,0.209852,0.617928
122,near_23,4.045045514,0.861591514,0.2949933745,0.666666867442,2.07062592426e+19,0.3333331587,0.3333332274,0.3333336139,1.62e-06,6.33e-06,7.85e-06,2.98e-07,1.07e-06,0.3333,3,4.02e-37,1.76e-35,7.01e-35,1.75e-28,6.74e-41,-0.869947,-0.527382,1.39733
123,near_23,3.259853794,5.022007249,0.1523431516,0.666668332892,3.6227654871e+16,0.3333306546,0.3333355603,0.3333337851,1.85e-07,1.44e-07,7.8e-06,2.83e-07,5.67e-07,0.3333,3,9.65e-37,7.83e-38,2.19e-35,1.75e-28,2.05e-42,-1.60764,1.3365,0.271142
124,near_23,2.465190423,1.242069812,0.765147891,0.666666839748,3.23205637562e+19,0.3333332574,0.3333333073,0.3333334353,2.26e-06,1.68e-06,7.75e-06,3.12e-07,6.63e-07,0.3333,3,8.73e-36,3.1e-35,2e-35,1.75e-28,1.48e-39,-0.43873,-0.150384,0.589114
125,near_23,0.1963643773,1.303049707,3.067894354,0.666667822801,1.08445170835e+17,0.3333344136,0.33333318,0.3333324064,7.69e-06,9.36e-07,4.3e-08,2.74e-07,2.37e-07,0.3333,3,1.93e-35,8.84e-38,3.29e-37,1.75e-28,1.52e-40,0.934375,-0.132637,-0.801738
126,near_23,1.390522631,0.496380785,0.1469729391,0.666667278268,7.32533398235e+17,0.333333137,0.3333332662,0.3333335968,1.16e-06,3.24e-06,7.61e-06,2.72e-07,1.02e-06,0.3333,3,1.54e-36,9.65e-36,3.25e-35,1.75e-28,1.92e-40,-0.321034,-0.109782,0.430816
127,near_23,0.05756341479,0.3591791442,0.852326909,0.666669582001,6.76342673238e+15,0.33333409,0.3333332208,0.3333326892,7.56e-06,2.09e-06,3.12e-08,2.76e-07,9.91e-08,0.3333,3,2.55e-35,6.1e-36,1.02e-36,1.75e-28,5.47e-41,0.259558,-0.0385997,-0.220959
128,near_23,0.1109911948,4.150528851,0.2134600755,0.666667122523,1.76908264211e+18,0.333332981,0.3333340661,0.3333329528,2.89e-06,1.43e-07,7.45e-06,2.67e-07,4.73e-06,0.3333,3,6.26e-35,1.04e-37,2.2e-35,1.75e-28,2.44e-40,-0.772796,1.60754,-0.834748
129,near_23,2.386659873,0.5009670795,0.03040928099,0.666669375989,8.42662032047e+15,0.3333317898,0.3333325607,0.3333356495,1.68e-07,1.14e-06,7.33e-06,2.81e-07,1.77e-06,0.3333,3,8.04e-38,9.09e-37,1.09e-35,1.75e-28,2.88e-42,-0.569693,-0.285191,0.854883
130,near_23,0.2977029963,1.39094627,3.813205623,0.666666869752,2.00075847015e+19,0.3333335764,0.3333332789,0.3333331447,7.23e-06,3.64e-06,3.13e-07,2.33e-07,2.17e-06,0.3333,3,7.44e-36,6.42e-36,3.29e-36,1.75e-28,7.12e-40,1.19665,-0.26784,-0.928814
131,near_23,1.192031637,0.4332570499,15.95342527,0.666666893278,1.44010084942e+19,0.3333347163,0.3333325899,0.3333326938,5.86e-06,6.99e-06,4.22e-07,2.73e-07,1.32e-06,0.3333,3,6.27e-36,3.64e-35,1.18e-36,1.75e-28,4.79e-40,6.10267,-3.28071,-2.82196
132,near_23,5.136014983,0.6041059207,1.553704016,0.666667008551,4.19370262923e+18,0.3333331519,0.3333329557,0.3333338924,4.68e-07,6.92e-06,3.73e-08,2.52e-07,5.93e-07,0.3333,3,4.4e-37,3.93e-36,6.77e-37,1.75e-28,5.7e-40,-0.530575,-1.1047,1.63528
133,near_23,0.4643130781,0.1739597029,0.2934827469,0.666667146338,1.51845118362e+18,0.3333333284,0.3333332937,0.3333333779,6.89e-06,3.54e-06,4.5e-07,2.71e-07,9.13e-07,0.3333,3,3.68e-36,8.19e-35,2.07e-35,1.75e-28,5.23e-40,-0.0103401,-0.0826039,0.092944
134,near_23,0.7358617046,2.2162676,4.402780969,0.666666892535,1.45433585713e+19,0.3333335998,0.3333333012,0.333333099,6.88e-06,1.33e-07,7.23e-07,2.35e-07,5.13e-07,0.3333,3,2.29e-35,4.99e-36,1.65e-36,1.75e-28,8.34e-41,1.17966,-0.142303,-1.03735
135,near_23,0.713007147,0.7431755704,0.527253421,0.666667169595,1.3173878587e+18,0.3333332926,0.3333333583,0.3333333491,2.25e-06,1.6e-06,6.73e-06,2.8e-07,2.31e-07,0.3333,3,5.24e-36,8.31e-36,2.91e-35,1.75e-28,9.19e-41,-0.0809511,0.0495955,0.0313557
136,near_23,335.9164316,1.779361239,0.203260874,0.666668394767,3.25074465425e+16,0.3332159881,0.3332176349,0.333566377,1.06e-09,1.51e-07,6.69e-06,2.8e-07,3.14e-07,0.3334,2.996,6.15e-39,2.94e-37,1.79e-35,1.75e-28,5.07e-41,-67.8334,-66.8805,134.714
137,near_23,1.579203681,0.3469769365,0.1337521953,0.666668004588,6.99746671847e+16,0.3333328861,0.3333330586,0.3333340553,5.79e-07,2.21e-06,6.63e-06,2.82e-07,8.93e-07,0.3333,3,2.51e-36,6.77e-36,3.32e-35,1.75e-28,4.55e-41,-0.334278,-0.205362,0.53964
138,near_23,1.810531808,15.6148451,2.420982662,0.666666797693,7.45008289501e+19,0.3333330011,0.3333340462,0.3333329527,6.46e-06,3.42e-07,3.77e-06,3.46e-07,4.64e-07,0.3333,3,1.97e-35,1.11e-36,1.54e-36,1.75e-28,1.17e-39,-2.53596,5.44099,-2.90503
139,near_23,4.356715444,1.438408431,0.5073479139,0.666666812694,5.38178310301e+19,0.3333331926,0.3333332748,0.3333335325,7.64e-07,7.61e-07,6.38e-06,2.9e-07,1.78e-06,0.3333,3,4.82e-36,1.24e-35,1.23e-36,1.75e-28,1.58e-40,-0.963414,-0.400495,1.36391
140,near_23,1.382827414,0.8935213884,1.656940448,0.666666793381,8.23678725001e+19,0.3333333598,0.3333333013,0.3333333388,1.68e-06,1.9e-06,6.12e-06,2.6e-07,9.33e-07,0.3333,3,5.77e-36,4.1e-35,1.14e-35,1.75e-28,1.99e-39,0.209097,-0.252466,0.0433685
141,near_23,0.416824518,2.372195869,1.979289094,0.666666861408,2.26914034799e+19,0.3333333792,0.3333334255,0.3333331953,6.08e-06,5.18e-07,1.99e-06,2.92e-07,1.16e-06,0.3333,3,3.48e-36,8.96e-36,1.08e-35,1.75e-28,3.56e-40,0.235705,0.473256,-0.70896
142,near_23,1.327399953,0.1931957311,0.03733681186,0.66666772189,1.42626182249e+17,0.3333330258,0.3333331253,0.3333338489,1.62e-07,6.07e-06,4.53e-06,2.72e-07,3.26e-06,0.3333,3,4.43e-36,1.93e-35,4.17e-35,1.75e-28,1.35e-40,-0.291402,-0.197169,0.488571
143,near_23,0.007424549467,2.746653202,0.4661430719,0.666672107607,1.0404416745e+15,0.3333313357,0.3333388376,0.3333298267,5.97e-06,2.42e-08,3.57e-08,2.81e-07,2.47e-06,0.3333,3,1.25e-34,1.69e-37,9.72e-37,1.75e-28,1.9e-41,-0.367134,1.01162,-0.644481
144,near_23,6.560217947,0.830514381,0.5704199582,0.666666880438,1.71547167424e+19,0.3333330641,0.3333330977,0.3333338382,7.61e-07,5.27e-06,5.94e-06,3e-07,3.84e-07,0.3333,3,3.52e-36,1.21e-35,2.32e-36,1.75e-28,6.11e-40,-1.25956,-1.1023,2.36186
145,near_23,6.692485437,0.1672846197,2.158318145,0.666667697716,1.52897565186e+17,0.3333328049,0.3333315638,0.3333356313,1.12e-07,5.93e-06,8.07e-07,2.71e-07,4.78e-07,0.3333,3,2.95e-37,5.45e-35,1.56e-36,1.75e-28,1.52e-40,-0.512502,-1.71628,2.22878
146,near_23,0.6116627183,4.091184638,0.322483433,0.666667124686,1.7441455156e+18,0.3333329588,0.3333340024,0.3333330388,3.86e-06,4.65e-07,5.76e-06,2.59e-07,3.98e-07,0.3333,3,6.57e-36,2.43e-38,2.29e-35,1.75e-28,2.2e-40,-0.817794,1.46075,-0.642956
147,near_23,0.05000106973,2.550393162,0.4821932694,0.666671061337,1.97450793971e+15,0.3333318844,0.3333373796,0.333330736,5.74e-06,2.36e-08,5.75e-07,2.79e-07,1.92e-07,0.3333,3,7.18e-36,2.88e-38,5.91e-37,1.75e-28,6.55e-41,-0.329698,0.920704,-0.591006
148,near_23,0.1550652945,0.9644262662,4.028877237,0.666667635876,1.84069864594e+17,0.3333346886,0.3333328929,0.3333324186,5.7e-06,1.29e-06,4.86e-08,2.76e-07,5.79e-07,0.3333,3,3.28e-36,1.96e-36,8.04e-37,1.75e-28,1.33e-40,1.39828,-0.454468,-0.943808
149,symmetric,0.01893102866,0.01893102866,0.01893102866,0.938494538383,1.47851129716,0.3333333333,0.3333333333,0.3333333333,2.28e-12,1.61e-12,1.61e-12,1.52e-11,5.66e-06,0.3081,3,3.22e-37,3.22e-37,3.22e-37,9e-31,7.01e-46,0,0,0
150,near_23,2.7536467,0.08359829153,3.20474974,0.666669096088,1.1687796271e+16,0.3333350823,0.3333304979,0.3333344197,1.17e-07,5.58e-06,1.33e-07,2.82e-07,4.21e-07,0.3333,3,2.16e-37,1.89e-35,1.17e-37,1.75e-28,7.14e-41,0.719915,-1.1671,0.447189
151,near_23,0.7369592906,0.05848774752,5.038439998,0.666668135008,5.29366670387e+16,0.3333360799,0.3333316589,0.3333322612,1.09e-06,5.58e-06,1.71e-07,2.81e-07,1.18e-06,0.3333,3,4.3e-36,5.7e-36,1.26e-37,1.75e-28,1.1e-40,1.87048,-1.14034,-0.730137
152,near_23,2.472305867,1.832852072,0.2437126856,0.666667772903,1.23791644709e+17,0.3333324822,0.3333335451,0.3333339727,4.84e-08,1.23e-07,5.51e-06,2.8e-07,4.39e-07,0.3333,3,3.5e-37,1.14e-36,1.06e-36,1.75e-28,1.54e-40,-0.769397,0.191394,0.578003
153,near_23,0.8020648425,4.596913302,1.203240091,0.666666945985,7.69018996153e+18,0.3333331649,0.333333738,0.3333330971,5.47e-06,1.58e-06,2.26e-06,2.76e-07,4.32e-07,0.3333,3,4.61e-36,1.59e-37,1.02e-35,1.75e-28,3.36e-40,-0.603085,1.44872,-0.845635
154,near_23,3.343575094,7.127444622,0.093713591,0.666669503215,7.34314080964e+15,0.3333274548,0.3333395171,0.3333330281,1.6e-07,3.06e-08,5.38e-06,2.8e-07,2.66e-07,0.3333,3,4.82e-38,8.76e-38,1.87e-35,1.75e-28,7.46e-41,-2.07239,2.17995,-0.107563
155,near_23,0.8530304495,2.569208356,3.913185505,0.666666929852,9.19284444599e+18,0.3333335669,0.3333333531,0.33333308,5.35e-06,2.72e-06,7.14e-07,3.27e-07,6.76e-07,0.3333,3,3.71e-36,1.07e-35,2.4e-36,1.75e-28,3.04e-40,0.887576,0.0750115,-0.962587
156,near_23,1.122955447,0.121275045,0.2512937523,0.666669503843,7.33792838118e+15,0.3333329093,0.3333326862,0.3333344045,1.26e-07,5.29e-06,6.55e-07,2.81e-07,2.38e-07,0.3333,3,8.63e-37,1.05e-35,2.1e-36,1.75e-28,5.3e-41,-0.149466,-0.228076,0.377542
157,near_23,0.3395605527,1.970338121,0.858777283,0.666666885597,1.59703733021e+19,0.3333333072,0.3333334543,0.3333332385,4.66e-06,5.89e-08,5.27e-06,3.15e-07,6.28e-07,0.3333,3,7.19e-35,5.75e-36,6.18e-36,1.75e-28,3.08e-40,-0.119377,0.552672,-0.433295
158,near_23,0.8199034057,0.8422640799,3.05618042,0.666666898521,1.34458865092e+19,0.3333335413,0.3333332309,0.3333332278,5.16e-06,3.35e-06,6.54e-07,2.76e-07,8.51e-07,0.3333,3,1.1e-35,2.01e-36,6.5e-36,1.75e-28,4.53e-40,0.89686,-0.44167,-0.45519
159,near_23,1.779697515,9.851405846,0.4171812188,0.666666767656,1.62706946493e+20,0.3333331136,0.3333336896,0.3333331968,6.37e-08,8.97e-08,5.12e-06,2.58e-07,2.16e-06,0.3333,3,1.25e-35,4.7e-36,5.35e-35,1.75e-28,2.8e-40,-2.1759,3.52802,-1.35212
160,near_23,1.434150141,3.235912387,0.8680428419,0.66666687973,1.73264146107e+19,0.3333332074,0.3333335124,0.3333332803,2.94e-06,2.9e-06,4.85e-06,2.8e-07,4.92e-07,0.3333,3,4.1e-37,7.29e-36,1.36e-35,1.75e-28,4.48e-40,-0.591293,0.840318,-0.249025
161,near_23,0.4881853643,2.212163461,3.54390842,0.666667345117,5.36637195471e+17,0.3333339332,0.333333387,0.3333326798,4.83e-06,4.57e-07,1.03e-08,2.89e-07,9.5e-07,0.3333,3,2.53e-35,3.51e-36,3.11e-36,1.75e-28,9.77e-41,0.884214,0.0790498,-0.963264
162,near_23,3.51355611,1.099263727,0.4590164805,0.666666994178,4.77037660435e+18,0.3333330895,0.3333332162,0.3333336943,2.1e-07,3.09e-06,4.83e-06,2.69e-07,3.61e-07,0.3333,3,1.23e-36,2.24e-36,1.3e-35,1.75e-28,4.73e-40,-0.744621,-0.357527,1.10215
163,near_23,9.522613418,0.3111562615,1.909156257,0.666667155588,1.43390035286e+18,0.3333327406,0.3333322682,0.3333349911,5.23e-07,4.73e-06,9.79e-07,2.86e-07,8.91e-07,0.3333,3,3.5e-37,5.02e-36,4.44e-36,1.75e-28,3.49e-40,-1.21229,-2.17844,3.39073
164,near_23,0.7810701364,0.1679009785,0.7724975301,0.666667357658,5.07941589099e+17,0.3333334163,0.3333331637,0.3333334199,1.08e-06,4.71e-06,1.27e-06,2.85e-07,4.58e-07,0.3333,3,1.55e-36,2.21e-36,5.47e-36,1.75e-28,4.52e-41,0.120119,-0.245421,0.125302
165,near_23,1.562518467,0.9583732475,1.191829588,0.666666842901,3.06167361413e+19,0.3333333285,0.3333333036,0.333333368,3.46e-06,8.04e-07,4.66e-06,2.83e-07,6.88e-07,0.3333,3,1.49e-35,1.45e-35,1.97e-35,1.75e-28,4.48e-41,-0.0276569,-0.168804,0.196461
166,near_23,1.977225443,2.42070785,0.09603778441,0.666670859122,2.27424323012e+15,0.3333297797,0.3333356722,0.3333345481,2.35e-07,6.45e-09,4.54e-06,2.79e-07,2.34e-07,0.3333,3,1.68e-37,3.72e-37,2.25e-35,1.75e-28,5.83e-41,-0.84761,0.557864,0.289746
167,near_23,0.3893815713,0.3798760662,0.4940822553,0.666667519132,2.70521821839e+17,0.3333333709,0.3333333121,0.333333317,7.65e-07,4.48e-06,2.86e-06,2.81e-07,2.77e-07,0.3333,3,3.61e-36,5.56e-36,2.23e-36,1.75e-28,2.36e-40,0.0441171,-0.0249321,-0.019185
168,near_23,5.754177343,0.386116195,3.503981238,0.666667298588,6.64119956438e+17,0.3333334438,0.3333322526,0.3333343035,2.19e-07,4.43e-06,6.75e-07,2.75e-07,4.15e-07,0.3333,3,1.32e-36,9.84e-36,9e-37,1.75e-28,2.55e-41,0.174869,-1.71018,1.53531
169,near_23,0.4584854535,34.15927571,1.301785379,0.666667188321,1.18058407334e+18,0.3333299678,0.3333403304,0.3333297018,4.37e-06,9.01e-08,1.4e-06,3.05e-07,7.57e-07,0.3333,3,2.02e-35,3.01e-37,6.92e-36,1.75e-28,2.96e-40,-6.4515,13.4129,-6.96136
170,near_23,0.1459548141,0.2456256811,0.4805546443,0.666669062445,1.21868451423e+16,0.3333336083,0.333333268,0.3333331237,4.36e-06,2.22e-06,1.74e-07,2.8e-07,1.02e-07,0.3333,3,9.6e-36,6.97e-36,2.53e-36,1.75e-28,6.73e-41,0.11478,-0.0272591,-0.0875207
171,near_23,0.7981442002,0.03478087787,0.1265577987,0.666669068196,1.20995109292e+16,0.3333330527,0.3333329195,0.3333340278,1.96e-07,2.72e-06,4.34e-06,2.83e-07,6.32e-07,0.3333,3,1.92e-36,7.88e-36,7.56e-37,1.75e-28,2.41e-41,-0.116851,-0.17234,0.289192
172,near_23,11.79806146,6.189997377,0.2981662838,0.666667056637,2.82581849246e+18,0.3333319665,0.3333333556,0.3333346779,2.31e-07,5.3e-08,4.32e-06,2.63e-07,1.35e-06,0.3333,3,1.34e-36,1.31e-36,1.76e-35,1.75e-28,4.01e-40,-3.50497,0.0572065,3.44776
173,near_23,1.202883014,1.460587139,4.628043631,0.666666983142,5.28707825685e+18,0.3333337538,0.3333331477,0.3333330984,4.3e-06,9.74e-07,1.42e-06,3.1e-07,2.99e-07,0.3333,3,1.45e-35,3.81e-36,5.58e-36,1.75e-28,2.99e-40,1.32862,-0.586409,-0.742216
174,near_23,1.031005377,0.7825508219,1.761370779,0.666666866683,2.09429969254e+19,0.3333334022,0.3333332839,0.3333333139,1.11e-07,4.3e-06,5.92e-07,3.24e-07,9.09e-07,0.3333,3,2.29e-35,1.75e-35,1.05e-36,1.75e-28,3.41e-40,0.344457,-0.247336,-0.0971209
175,near_23,0.5616337607,0.1508136286,0.3930336632,0.666668036051,6.52612533106e+16,0.3333333537,0.3333331531,0.3333334932,2.26e-06,4.28e-06,1.79e-06,2.83e-07,2.32e-07,0.3333,3,2.05e-36,1.5e-35,9.45e-36,1.75e-28,8.84e-41,0.0148368,-0.13161,0.116773
176,near_23,2.783102269,1.383279837,0.4174984537,0.666666898032,1.35313253113e+19,0.333333178,0.3333333131,0.3333335089,1.04e-06,4.72e-08,4.23e-06,2.8e-07,1.52e-06,0.3333,3,7.83e-36,1.33e-35,8.74e-36,1.75e-28,5.52e-40,-0.671384,-0.0874733,0.758857
177,near_23,0.6500332583,0.5790456743,7.670701089,0.666667568155,2.28747797893e+17,0.3333358972,0.333332032,0.3333320707,9.43e-07,4.19e-06,5.89e-08,2.8e-07,1.53e-07,0.3333,3,1.75e-37,1.26e-37,4.68e-37,1.75e-28,2.09e-40,2.84404,-1.44348,-1.40056
178,near_23,0.2904195857,0.7668853682,7.639559521,0.666666853541,2.56794096644e+19,0.3333338689,0.3333330924,0.3333330386,3.48e-06,4.16e-06,2.73e-07,2.6e-07,1.2e-06,0.3333,3,4.55e-35,2.07e-35,2.51e-36,1.75e-28,2.59e-41,2.86616,-1.28904,-1.57711
179,near_23,7.315279528,3.854533801,0.6428083987,0.666666786049,9.84941893028e+19,0.3333330955,0.3333333273,0.3333335771,8.58e-07,4.13e-06,2.55e-06,2.55e-07,1.66e-06,0.3333,3,4.38e-36,6.74e-36,3.94e-35,1.75e-28,5.56e-40,-1.99199,-0.0501838,2.04217
180,near_23,0.03013132047,1.175412664,0.365451166,0.666668192044,4.72172406222e+16,0.3333331874,0.3333339344,0.3333328782,3.88e-06,7.07e-07,2.34e-06,2.75e-07,1.64e-06,0.3333,3,4.33e-35,1.88e-40,3.03e-37,1.75e-28,4.21e-41,-0.0956556,0.394047,-0.298391
181,near_23,0.3651748265,4.613690026,0.01937002418,0.666681225474,5.43118934476e+13,0.3333188397,0.3333592767,0.3333218836,2.82e-08,3.71e-09,3.86e-06,2.8e-07,3.27e-07,0.3333,3,7.82e-38,1.68e-38,1.02e-35,1.75e-28,6.84e-42,-0.99545,1.78181,-0.786365
182,near_23,0.08915190455,0.06237330193,0.1715187379,0.666673804223,4.6086847508e+14,0.3333336088,0.3333331378,0.3333332534,5.46e-07,3.83e-06,4.21e-07,2.8e-07,3.18e-07,0.3333,3,2.2e-36,1.37e-36,5.99e-36,1.75e-28,1.29e-41,0.0385973,-0.0273941,-0.0112032
183,near_23,4.311882656,1.23049469,1.328326469,0.666666888669,1.53166326233e+19,0.3333332042,0.3333331911,0.3333336047,4.06e-07,1.83e-06,3.71e-06,2.47e-07,1.2e-07,0.3333,3,1.45e-36,1.16e-35,1.66e-35,1.75e-28,6.33e-40,-0.581567,-0.640717,1.22228
184,near_23,1.512748049,2.284199374,0.2412650876,0.666667465018,3.29344905265e+17,0.3333328001,0.3333337862,0.3333334138,4.75e-07,2.53e-07,3.63e-06,2.74e-07,1.1e-06,0.3333,3,5.9e-37,2.39e-37,4.99e-36,1.75e-28,7.57e-41,-0.667964,0.56719,0.100774
185,near_23,1.483731413,0.277008168,1.558272022,0.666667056622,2.82611362553e+18,0.3333334399,0.3333331378,0.3333334223,1.98e-06,3.61e-06,1.32e-06,2.95e-07,4.22e-07,0.3333,3,5.19e-37,4.44e-35,2.19e-36,1.75e-28,1.67e-40,0.273239,-0.501412,0.228172
186,near_23,2.723187884,0.5272706332,2.182345267,0.666667652507,1.74910558559e+17,0.3333335547,0.3333325682,0.3333338771,5.06e-07,3.58e-06,6.35e-07,2.73e-07,1.7e-07,0.3333,3,1.46e-37,7.03e-36,2.3e-36,1.75e-28,2.93e-40,0.224555,-0.776099,0.551544
187,near_23,1.697623536,1.671740521,0.920636529,0.66666741686,3.969301359e+17,0.3333331023,0.333333443,0.3333334547,5.67e-07,1.33e-06,3.53e-06,2.71e-07,1.09e-07,0.3333,3,1.67e-36,1.75e-36,3.73e-36,1.75e-28,1.34e-40,-0.30796,0.146156,0.161805
188,near_23,0.6950263036,0.5364043246,0.2032241059,0.666666987432,5.07774125855e+18,0.33333328,0.3333333446,0.3333333754,3.52e-06,6.52e-07,1.08e-06,3.09e-07,1.68e-06,0.3333,3,1.96e-35,3.95e-35,3.6e-35,1.75e-28,2.82e-41,-0.166262,0.0351793,0.131082
189,near_23,0.9503134221,7.191361753,0.2717946093,0.666666854653,2.52263894193e+19,0.3333330455,0.3333338319,0.3333331226,3.46e-06,9.26e-07,2.55e-06,3.52e-07,2.14e-06,0.3333,3,2.94e-36,1.48e-36,5.95e-35,1.75e-28,6.28e-40,-1.53126,2.65229,-1.12103
190,near_23,0.3091484537,9.847794322,0.03475362592,0.666672227867,9.74461334241e+14,0.3333220286,0.3333550202,0.3333229512,2.03e-08,1e-08,3.45e-06,2.81e-07,6.58e-07,0.3333,3,1.25e-36,3.15e-39,2.14e-35,1.75e-28,2.89e-41,-2.03262,3.89934,-1.86672
191,near_23,1.639591073,17.87332982,0.2867912582,0.666667818599,1.09639613589e+17,0.3333289367,0.3333411845,0.3333298788,4.21e-07,3.78e-08,3.42e-06,2.77e-07,4.02e-07,0.3333,3,1.47e-36,1.3e-37,1.33e-35,1.75e-28,3.18e-41,-3.81666,6.81542,-2.99876
192,symmetric,0.005080565276,0.005080565276,0.005080565276,0.949893605159,0.81430733367,0.3333333333,0.3333333333,0.3333333333,3.8e-12,3.19e-12,3.19e-12,4.1e-12,3.42e-06,0.3208,3,2.16e-38,2.16e-38,2.16e-38,4.05e-31,1.66e-45,0,0,0
193,symmetric,0.0765588596,0.0765588596,0.0765588596,0.993308716515,0.789049240692,0.3333333333,0.3333333333,0.3333333333,1.14e-12,3.44e-14,3.44e-14,2.03e-11,3.35e-06,0.2293,3,7.24e-35,7.24e-35,7.24e-35,4.69e-35,6.13e-46,0,0,0
194,near_23,1.120422637,0.799643038,1.013542133,0.666667104688,1.99410376552e+18,0.3333333428,0.3333332861,0.3333333711,1.81e-06,3.31e-06,1.93e-06,2.73e-07,1.22e-07,0.3333,3,6.23e-36,2.28e-36,5.11e-37,1.75e-28,3.75e-40,0.0215678,-0.107755,0.0861877
195,near_23,1.189469942,7.807037744,0.05379257963,0.666669594106,6.68014892264e+15,0.3333280892,0.3333418115,0.3333300993,3.8e-08,5.63e-08,3.31e-06,2.78e-07,6.35e-07,0.3333,3,1.53e-36,2.07e-37,1.05e-35,1.75e-28,4.32e-41,-1.79131,2.89599,-1.10468
196,near_23,2.546816916,0.5247872817,0.9870077249,0.666666902661,1.27504636619e+19,0.3333332811,0.3333332152,0.3333335037,7.02e-07,6.62e-07,3.3e-06,2.48e-07,6.48e-07,0.3333,3,2.08e-36,2.11e-35,6.54e-36,1.75e-28,6.72e-40,-0.2212,-0.500659,0.721859
197,near_23,3.758800749,1.086985406,0.9448904284,0.666666978551,5.52400868987e+18,0.3333331475,0.3333331743,0.3333336781,4.7e-07,7.84e-07,3.24e-06,3.15e-07,3.61e-07,0.3333,3,9.75e-37,3.15e-37,1.01e-35,1.75e-28,6.87e-41,-0.595731,-0.509821,1.10555
198,near_23,0.6900837596,0.505371328,0.03362944326,0.66666710101,2.04518277238e+18,0.3333332346,0.3333333585,0.333333407,3.12e-06,2.96e-06,3.23e-06,2.98e-07,2.34e-06,0.3333,3,2.59e-35,1.31e-35,2.74e-35,1.75e-28,1.78e-40,-0.227369,0.0578461,0.169523
199,near_23,16.98386041,0.3059899608,0.203871805,0.66666686156,2.26383514185e+19,0.3333326703,0.3333326823,0.3333346475,5.57e-09,1.27e-06,1.5e-06,2.71e-07,3.21e-06,0.3333,3,2.42e-37,5.86e-35,2.87e-35,1.75e-28,1.23e-41,-3.40227,-3.34053,6.7428
200,near_23,1.788510318,2.542080842,1.888098263,0.666666782319,1.08335583532e+20,0.3333333204,0.3333333661,0.3333333134,3.2e-06,2.45e-06,6.48e-07,3.02e-07,3.12e-07,0.3333,3,2.01e-35,2.35e-35,8.36e-36,1.75e-28,9.45e-40,-0.111729,0.283668,-0.17194
201,near_23,0.06472033651,0.2274365074,0.2861088319,0.666667894565,9.05199583421e+16,0.3333334026,0.3333333591,0.3333332383,8.63e-07,2.37e-07,3.17e-06,2.86e-07,7.35e-07,0.3333,3,6.68e-35,1.09e-35,8.41e-36,1.75e-28,6e-41,0.0564419,0.0209684,-0.0774103
202,near_23,0.2916796516,1.943863561,2.173447868,0.666668368756,3.39851204807e+16,0.3333340576,0.3333338213,0.3333321211,3.15e-06,1.27e-07,3.35e-07,2.79e-07,2.65e-07,0.3333,3,4.22e-36,1.24e-37,1.13e-36,1.75e-28,7.6e-41,0.425505,0.2867,-0.712205
203,near_23,7.950741308,0.2499161208,0.5984972401,0.666667796396,1.16229332824e+17,0.3333317388,0.3333315007,0.3333367605,1.28e-07,3.12e-06,1.37e-06,2.8e-07,2.19e-07,0.3333,3,1.79e-37,4.59e-36,1.15e-36,1.75e-28,7e-41,-1.41143,-1.62218,3.03361
204,near_23,0.2991077551,0.4450960132,2.453671282,0.666668246865,4.24716901047e+16,0.3333346591,0.3333327402,0.3333326007,3.11e-06,2.05e-06,5.4e-08,2.81e-07,3.75e-07,0.3333,3,7.62e-36,1.62e-36,1.27e-36,1.75e-28,5.85e-43,0.839005,-0.37537,-0.463635
205,near_23,1.223501318,1.391549656,1.397218848,0.666666878203,1.77041649447e+19,0.333333341,0.3333333403,0.3333333188,3.31e-07,7.47e-07,3.1e-06,2.88e-07,3.33e-07,0.3333,3,2.47e-36,1.68e-35,1.01e-35,1.75e-28,2.26e-40,0.0361524,0.0327248,-0.0688771
206,near_23,0.03896409126,0.2383142315,0.372149209,0.666669851546,5.18741903617e+15,0.3333336331,0.3333333754,0.3333329915,3.1e-06,1.82e-07,9.85e-07,2.8e-07,1.21e-06,0.3333,3,3.7e-35,2.6e-36,5.45e-37,1.75e-28,8.86e-42,0.0941212,0.0132038,-0.107325
207,near_23,0.6857758529,0.3980192258,1.457768754,0.666668088518,5.830031686e+16,0.3333338582,0.3333329472,0.3333331946,7.32e-07,3.1e-06,2.31e-07,2.81e-07,1.67e-07,0.3333,3,2.5e-36,1.93e-36,5.25e-37,1.75e-28,9.54e-41,0.369156,-0.271567,-0.0975891
208,near_23,0.5519583613,0.1740858724,6.647686383,0.66666739716,4.29919648258e+17,0.3333351838,0.3333323247,0.3333324916,6.73e-07,3.09e-06,1.47e-07,2.68e-07,3.01e-07,0.3333,3,6.66e-36,1.41e-35,2.51e-37,1.75e-28,5.23e-41,2.5331,-1.38078,-1.15232
209,near_23,0.6737311394,0.1938607173,0.1668945574,0.666666945489,7.73127502664e+18,0.3333333033,0.3333333079,0.3333333888,1.62e-07,2.65e-07,2.03e-06,2.83e-07,3.08e-06,0.3333,3,3.46e-36,1.8e-35,1.94e-35,1.75e-28,6.36e-40,-0.107579,-0.0912753,0.198854
210,near_23,0.609919193,2.388629154,0.3213063692,0.666668462147,2.89529473148e+16,0.3333324808,0.333334725,0.3333327941,4.08e-08,4.24e-07,3.07e-06,2.76e-07,3.23e-07,0.3333,3,5.12e-36,1.73e-36,4.97e-36,1.75e-28,2.68e-41,-0.474796,0.775097,-0.3003
211,near_23,2.27048929,0.320568841,3.733281183,0.666667231399,9.30477747076e+17,0.3333338882,0.333332723,0.3333333888,7.87e-07,2.97e-06,7.18e-08,3.04e-07,5.53e-07,0.3333,3,8.26e-37,2.54e-35,5.77e-37,1.75e-28,1.01e-40,0.98257,-1.08074,0.0981744
212,near_23,0.4233446663,0.06305697453,0.8213661624,0.666667889451,9.16604662433e+16,0.3333336183,0.3333330577,0.333333324,2.28e-06,2.92e-06,6.08e-07,2.82e-07,8.75e-07,0.3333,3,6.33e-36,1.92e-35,3.02e-36,1.75e-28,7.49e-41,0.23304,-0.225435,-0.00760438
213,symmetric,0.01613069586,0.01613069586,0.01613069586,0.94700672264,1.10271324047,0.3333333333,0.3333333333,0.3333333333,1.92e-12,4.67e-12,4.67e-12,1.68e-11,2.9e-06,0.3056,3,4.74e-37,4.74e-37,4.74e-37,5.37e-31,2.1e-45,0,0,0
214,near_23,1.156273513,0.2715797474,0.1485467081,0.666667633656,1.85339457945e+17,0.333333113,0.3333331849,0.3333337021,6.96e-07,2.9e-06,1.29e-06,2.83e-07,7.17e-07,0.3333,3,5.78e-36,1.22e-35,2.3e-35,1.75e-28,3.1e-41,-0.227886,-0.1535,0.381386
215,near_23,0.4174205187,0.7156810886,1.409652633,0.666667627602,1.88864748232e+17,0.3333336599,0.3333332567,0.3333330834,2.89e-06,1.18e-06,3.32e-07,2.75e-07,1.96e-07,0.3333,3,2.26e-36,3.15e-36,1.29e-36,1.75e-28,9.95e-41,0.339826,-0.0797485,-0.260077
216,near_23,0.2448413895,0.3060354497,0.1915148291,0.666669360432,8.57336822709e+15,0.3333332422,0.3333334287,0.3333333291,1.97e-06,1.53e-06,2.88e-06,2.78e-07,2.76e-07,0.3333,3,3.48e-36,4.79e-36,3.52e-36,1.75e-28,4.94e-41,-0.0338271,0.0354127,-0.00158557
217,near_23,3.669141482,0.798120005,1.614995624,0.666666867154,2.07956277432e+19,0.3333332833,0.3333331843,0.3333335323,6.8e-07,2.86e-06,2.83e-07,3.21e-07,1.36e-06,0.3333,3,2.65e-36,1.93e-35,1.57e-35,1.75e-28,1.31e-39,-0.24935,-0.743233,0.992583
218,near_23,1.871914153,22.09075732,0.8195581938,0.666667201507,1.09539333309e+18,0.3333309272,0.3333378054,0.3333312675,1.3e-06,4.24e-08,2.83e-06,2.81e-07,3.07e-07,0.3333,3,1.89e-36,1.6e-37,1.83e-36,1.75e-28,1.14e-42,-4.49876,8.36127,-3.86251
219,near_23,0.5762666698,7.275122627,0.940877139,0.666666996722,4.66093240967e+18,0.3333329363,0.3333342003,0.3333328635,2.83e-06,2.21e-07,1.36e-06,3.12e-07,8.93e-07,0.3333,3,8.45e-36,1.56e-36,1.05e-36,1.75e-28,2.74e-40,-1.20307,2.62658,-1.42351
220,near_23,2.035583024,0.7870646207,9.813980166,0.666666843203,3.04603668542e+19,0.3333339312,0.3333329678,0.333333101,1.13e-06,2.79e-06,4.2e-08,2.35e-07,3.78e-07,0.3333,3,4.97e-37,1.61e-35,3.78e-37,1.75e-28,4.01e-40,3.38681,-2.07083,-1.31598
221,near_23,0.09188885062,1.671474596,0.4506513937,0.666668110645,5.56609767248e+16,0.3333330825,0.3333341483,0.3333327693,2.77e-06,4.28e-07,2.62e-07,2.79e-07,4.95e-07,0.3333,3,2.04e-35,2.36e-36,8.64e-36,1.75e-28,6.75e-42,-0.173733,0.564374,-0.390642
222,near_23,0.5831474151,2.223291999,0.2772445205,0.666667662423,1.69736345316e+17,0.3333328814,0.333334053,0.3333330656,2.74e-06,2.47e-07,6.41e-07,2.71e-07,4.91e-07,0.3333,3,1.3e-36,1.31e-36,8.28e-36,1.75e-28,7.97e-41,-0.453842,0.722734,-0.268892
223,near_23,1.939364728,3.800854212,0.1627421893,0.666668130469,5.34306375213e+16,0.333331736,0.3333349557,0.3333333083,2.33e-07,1.07e-07,2.72e-06,2.83e-07,2.8e-07,0.3333,3,1.58e-37,9.94e-37,3.66e-35,1.75e-28,2.4e-41,-1.09124,1.10833,-0.0170962
224,near_23,0.4239831748,0.5027035743,1.217043864,0.666669172312,1.06530680231e+16,0.3333340945,0.3333330124,0.3333328931,2.7e-06,8.34e-07,3e-07,2.78e-07,8.19e-08,0.3333,3,3.75e-36,1.23e-36,2.37e-37,1.75e-28,2.02e-41,0.303791,-0.128098,-0.175693
225,near_23,1.963517206,0.3035041688,0.6365879098,0.666667323111,5.9243217564e+17,0.3333332019,0.3333330697,0.3333337285,8.73e-08,1.36e-06,2.65e-06,2.9e-07,2.35e-07,0.3333,3,3.87e-36,2.93e-35,7.78e-36,1.75e-28,1.94e-40,-0.200292,-0.401675,0.601967
226,near_23,0.4706315624,5.462186595,0.6413742041,0.666667084431,2.29847612486e+18,0.3333329418,0.3333341595,0.3333328987,2.59e-06,4.53e-07,1.42e-06,2.95e-07,8.51e-07,0.3333,3,2.78e-35,9.97e-37,1.6e-35,1.75e-28,4.84e-40,-0.937137,1.9775,-1.04037
227,near_23,5.620162209,4.170594523,0.719770173,0.666666853269,2.57920479922e+19,0.3333330193,0.3333334086,0.3333335721,9.01e-07,1.04e-06,2.57e-06,3.25e-07,3.29e-07,0.3333,3,4.13e-36,4.59e-36,6.34e-36,1.75e-28,6.45e-41,-1.68304,0.40332,1.27972
228,near_23,0.02621346901,1.089419319,0.08380698671,0.666676689091,1.66460614914e+14,0.3333314185,0.3333375121,0.3333310695,2.52e-06,1.14e-07,1.25e-06,2.8e-07,7.28e-07,0.3333,3,1.45e-35,2.09e-37,4.33e-36,1.75e-28,1.41e-41,-0.191059,0.416941,-0.225882
229,near_23,2.06325994,3.917344449,2.432742616,0.666666911928,1.13591860705e+19,0.3333332782,0.3333334984,0.3333332234,2.59e-07,6.05e-07,2.51e-06,2.77e-07,3.34e-07,0.3333,3,5.35e-36,8.3e-36,9.35e-37,1.75e-28,4.16e-41,-0.224733,0.672854,-0.448121
230,near_23,0.670567195,0.5345048556,0.138787715,0.666667850459,1.01019564912e+17,0.3333331121,0.3333333953,0.3333334927,1.39e-06,2.62e-08,2.5e-06,2.82e-07,4.9e-07,0.3333,3,5.11e-37,2.95e-36,1.31e-35,1.75e-28,1.42e-40,-0.186922,0.0523293,0.134593
231,near_23,6.567603046,4.451980387,0.5106202855,0.666667088147,2.23822461358e+18,0.3333324841,0.3333334884,0.3333340275,1.98e-07,3.15e-07,2.5e-06,2.73e-07,3.89e-07,0.3333,3,7.7e-37,2.09e-36,1.63e-35,1.75e-28,1.82e-40,-2.01498,0.367949,1.64704
232,near_23,0.4252756213,0.8912167904,0.4220035115,0.666667614253,1.96959232384e+17,0.3333332431,0.3333335119,0.333333245,2.48e-06,8.64e-07,9.74e-07,2.75e-07,4.91e-07,0.3333,3,8.31e-37,3.39e-36,9.62e-36,1.75e-28,2.88e-40,-0.0952216,0.188465,-0.0932433
233,near_23,0.1461147935,0.1012079443,0.1753071246,0.666669603694,6.61463156601e+15,0.3333333945,0.3333332629,0.3333333426,1.93e-06,2.47e-06,9.49e-07,2.82e-07,4.25e-07,0.3333,3,4.36e-36,4.77e-36,6.65e-36,1.75e-28,1.06e-42,0.0208169,-0.023984,0.00316704
234,symmetric,0.06119851856,0.06119851856,0.06119851856,0.969728499347,1.09219729948,0.3333333333,0.3333333333,0.3333333333,9.28e-14,1.63e-12,1.63e-12,1.44e-11,2.45e-06,0.2567,3,2.35e-35,2.35e-35,2.35e-35,3.21e-32,2.63e-46,0,0,0
235,near_23,0.9441245822,0.9216593701,1.973293187,0.666666774719,1.32840489824e+20,0.3333333786,0.3333333099,0.3333333114,2.34e-06,1.76e-06,1.35e-06,1.61e-07,8.66e-07,0.3333,3,2.43e-35,1.06e-35,4.51e-36,1.75e-28,1.31e-40,0.419351,-0.216467,-0.202884
236,near_23,0.5389401031,2.88226507,0.6669882463,0.666667018758,3.83943615939e+18,0.3333331852,0.3333336568,0.333333158,2.29e-06,1.15e-07,9.38e-07,2.78e-07,5.09e-07,0.3333,3,2e-35,6.62e-37,1.12e-35,1.75e-28,4.47e-41,-0.420645,0.918708,-0.498063
237,near_23,0.7515266425,0.1112586248,0.7419327613,0.666667220697,9.85444314216e+17,0.3333334027,0.3333331914,0.3333334059,2.27e-06,1.04e-06,6.82e-07,2.96e-07,2.94e-07,0.3333,3,4.33e-36,1.81e-35,1.92e-36,1.75e-28,3.3e-41,0.125168,-0.256137,0.130969
238,near_23,0.2904641171,0.7610566219,0.5839240383,0.666667380339,4.61037722387e+17,0.3333333501,0.3333334265,0.3333332234,2.16e-06,8.87e-07,2.22e-06,2.9e-07,3.45e-07,0.3333,3,1.14e-35,9.76e-36,2.89e-36,1.75e-28,2.79e-40,0.0234439,0.130538,-0.153982
239,near_23,0.4706570845,2.698729659,0.6002054868,0.666668350966,3.50733777988e+16,0.333332665,0.333334802,0.3333325331,7.46e-07,1.9e-07,2.19e-06,2.85e-07,8.18e-08,0.3333,3,2.47e-36,6.26e-38,1.03e-36,1.75e-28,1.81e-42,-0.396809,0.871944,-0.475135
240,near_23,0.1468862687,3.249803894,0.05145360751,0.666672288009,9.43454244076e+14,0.3333296019,0.3333404718,0.3333299263,9.06e-07,5.25e-08,2.19e-06,2.78e-07,3.04e-07,0.3333,3,3.37e-36,4.74e-38,4.07e-37,1.75e-28,2.11e-41,-0.663784,1.26987,-0.606084
241,near_23,4.867548318,0.7573192867,39.38446974,0.66666767756,1.62237377434e+17,0.3333482338,0.3333246271,0.3333271392,1.04e-07,2.17e-06,3.19e-09,2.84e-07,1.08e-07,0.3333,3,6.22e-37,6.54e-36,1.74e-37,1.75e-28,2.44e-41,14.7388,-8.61189,-6.12688
242,near_23,0.1043795242,0.8006051243,0.08173121443,0.666667344007,5.39276175676e+17,0.3333332321,0.3333335265,0.3333332414,1.19e-06,1.89e-06,2.14e-06,2.78e-07,1.38e-06,0.3333,3,1.54e-34,9.62e-36,1.02e-34,1.75e-28,1.78e-40,-0.149442,0.28519,-0.135748
243,near_23,7.447538101,0.4931977246,1.92565705,0.666667750888,1.31487909982e+17,0.3333324398,0.3333315008,0.3333360594,2.17e-07,2.11e-06,5.43e-07,2.75e-07,8.32e-08,0.3333,3,7.39e-37,1.71e-36,1.75e-36,1.75e-28,7.73e-41,-0.824121,-1.69018,2.5143
244,near_23,1.73856489,0.01410056674,2.77038907,0.666709464562,2.13829153879e+12,0.3333660021,0.3332946886,0.3333393093,1.06e-08,2.11e-06,2.72e-10,2.8e-07,2.21e-07,0.3333,3,2.06e-38,8.24e-37,1.33e-38,1.75e-28,4.14e-43,0.763223,-0.902896,0.139673
245,near_23,2.092277212,3.970419556,0.4582528833,0.666668248868,4.2310968136e+16,0.3333316924,0.3333350521,0.3333332555,7.14e-07,2.15e-07,2.09e-06,2.8e-07,2.48e-07,0.3333,3,3.69e-38,2.71e-37,3.8e-36,1.75e-28,1.8e-40,-1.03711,1.0863,-0.04919
246,near_23,3.322724233,0.1796651644,0.4216755966,0.666670944663,2.14052010477e+15,0.3333310409,0.3333304149,0.3333385442,1.69e-08,2.09e-06,2.12e-07,2.81e-07,2.08e-07,0.3333,3,2.22e-37,5.64e-37,1.4e-36,1.75e-28,4.25e-41,-0.535864,-0.682185,1.21805
247,near_23,0.2093002098,0.345281093,1.241104894,0.666671530568,1.4563945456e+15,0.3333352229,0.3333325885,0.3333321886,2.08e-06,1.39e-07,3.8e-08,2.79e-07,9.25e-08,0.3333,3,3.81e-37,1.32e-36,5.45e-37,1.75e-28,3.35e-41,0.388481,-0.153133,-0.235348
248,near_23,2.932556588,0.809583701,0.1087571636,0.666668616547,2.26053971439e+16,0.3333319483,0.3333327745,0.3333352772,4.21e-07,9.39e-07,2.06e-06,2.75e-07,5.4e-07,0.3333,3,1.99e-37,2.34e-36,9.52e-36,1.75e-28,7.76e-41,-0.710324,-0.286602,0.996926
249,near_23,2.811298725,0.3502522124,0.05441259665,0.666675224079,2.67433877418e+14,0.3333280687,0.3333295993,0.333342332,9.61e-09,4.06e-07,2.06e-06,2.81e-07,1.65e-07,0.3333,3,2.09e-38,1.13e-37,7.09e-36,1.75e-28,1.47e-41,-0.615204,-0.436334,1.05154
250,near_23,1.05702943,10.41144756,3.953523128,0.666667001766,4.45363786649e+18,0.3333330928,0.3333344012,0.333332506,2.03e-06,4.46e-08,2.02e-06,2.53e-07,2.96e-07,0.3333,3,1.29e-35,3.22e-37,5.56e-37,1.75e-28,1.94e-40,-0.717729,3.18667,-2.46894
251,two_equal,0.00359887689,0.001150519231,0.00359887689,0.933718519582,1.38705539783,0.3346451022,0.3307097956,0.3346451022,2.78e-11,2.77e-12,1.99e-11,1.87e-11,2.03e-06,0.3302,2.977,9.1e-40,2.26e-40,7.83e-40,1.12e-30,8.76e-47,0.0386856,-0.0773712,0.0386856
252,near_23,5.785036169,0.5094991882,0.8586413841,0.666668707852,1.97058038347e+16,0.3333314504,0.3333310196,0.33333753,3.55e-08,2.01e-06,5.04e-08,2.83e-07,9.33e-08,0.3333,3,1.45e-37,9.7e-37,6.62e-37,1.75e-28,1.05e-41,-0.922431,-1.13352,2.05595
253,symmetric,0.003628780471,0.003628780471,0.003628780471,0.945733895632,0.924092559656,0.3333333333,0.3333333333,0.3333333333,5.1e-12,3.63e-12,3.63e-12,1.6e-11,1.99e-06,0.3252,3,3.8e-39,3.94e-39,3.91e-39,4.94e-31,1.75e-45,0,0,0
254,near_23,1.594471726,0.5849684456,0.5144744162,0.666667276293,7.39674965375e+17,0.333333192,0.333333218,0.33333359,8.06e-07,1.99e-06,1.64e-07,2.7e-07,4.33e-07,0.3333,3,3.23e-36,9.3e-36,3.36e-36,1.75e-28,2.61e-40,-0.231862,-0.189241,0.421103
255,near_23,1.17783528,1.992164166,0.7735207533,0.666667129525,1.69000982752e+18,0.3333331819,0.333333523,0.3333332951,1.19e-06,7.26e-07,1.97e-06,2.87e-07,4.1e-07,0.3333,3,9.95e-36,1.99e-37,8.39e-36,1.75e-28,1.82e-40,-0.327079,0.409711,-0.0826313
256,near_23,0.6735227802,0.04297011437,0.9193616294,0.666679144266,8.62661614437e+13,0.3333361554,0.3333295438,0.3333343008,1.26e-07,1.97e-06,4.27e-08,2.8e-07,2.07e-07,0.3333,3,3.76e-37,4.29e-36,3.78e-37,1.75e-28,7.44e-42,0.226171,-0.303708,0.0775373
257,near_23,0.2283880239,0.9306050325,0.9012642689,0.666669642415,6.35982215103e+15,0.3333337193,0.3333337721,0.3333325087,1.96e-06,1.13e-07,5.44e-08,2.77e-07,1.23e-07,0.3333,3,7.02e-37,1.16e-36,1.94e-36,1.75e-28,2.97e-41,0.129694,0.147434,-0.277128
258,two_equal,0.001992555433,0.001992555433,0.005450260288,0.932602953826,1.4457593071,0.3368677956,0.3315661022,0.3315661022,9.02e-12,5.39e-11,4.23e-12,6.13e-12,1.96e-06,0.3268,3.032,1.97e-40,1.97e-40,3.58e-39,1.21e-30,1.75e-46,0.101261,-0.0506306,-0.0506306
259,near_23,0.3637990296,9.567772862,6.047179853,0.66666783744,1.04430394073e+17,0.3333338437,0.3333363356,0.3333298207,1.95e-06,1.05e-07,1.22e-07,2.8e-07,6.13e-07,0.3333,3,7.09e-36,5.77e-37,1.74e-37,1.75e-28,3.08e-42,0.435892,2.56431,-3.00021
260,near_23,1.460141356,6.838323454,2.100332719,0.666667168419,1.32668658108e+18,0.333332919,0.3333343563,0.3333327248,1.25e-07,3.06e-07,1.94e-06,2.93e-07,2.55e-07,0.3333,3,3.99e-36,4.08e-37,2.46e-36,1.75e-28,2.32e-40,-0.82583,2.03872,-1.21289
261,near_23,0.7720845874,0.116189589,5.32148348,0.666669745819,5.74050754008e+15,0.3333393865,0.3333296962,0.3333309173,2.36e-07,1.88e-06,6.76e-08,2.85e-07,7.7e-08,0.3333,3,7.21e-37,9.35e-37,1.8e-37,1.75e-28,3.53e-41,1.9658,-1.18118,-0.784623
262,near_23,0.5416573674,0.8440064472,0.2862400554,0.666667501534,2.87991943775e+17,0.3333331965,0.3333334781,0.3333333254,7.28e-07,5.31e-07,1.87e-06,2.81e-07,2.78e-07,0.3333,3,3.21e-37,1.28e-36,1.67e-35,1.75e-28,5.33e-41,-0.163884,0.173342,-0.00945827
263,near_23,2.439137564,0.03720581813,4.011837737,0.666672076029,1.05880353599e+15,0.3333393807,0.333326382,0.3333342374,8.95e-08,1.87e-06,5.8e-08,2.81e-07,4.4e-07,0.3333,3,8.42e-38,8.27e-36,7.01e-39,1.75e-28,1.84e-41,1.1179,-1.28504,0.167139
264,near_23,0.3208185182,0.1699967606,1.027738937,0.666669503222,7.34275001766e+15,0.3333342278,0.3333327568,0.3333330154,1.23e-06,1.87e-06,1.5e-07,2.77e-07,3.33e-07,0.3333,3,1.73e-36,2.07e-37,1.07e-36,1.75e-28,3.1e-41,0.315332,-0.20326,-0.112072
265,near_23,3.458487615,0.4065702502,0.3037108453,0.666668236691,4.33028531379e+16,0.3333323026,0.3333324002,0.3333352972,2.45e-07,8.5e-07,1.87e-06,2.81e-07,2.69e-07,0.3333,3,2.67e-37,1.03e-35,5.5e-36,1.75e-28,7.19e-41,-0.656514,-0.594325,1.25084
266,near_23,0.3524274937,0.2350776609,0.8360259281,0.666667627292,1.89047301581e+17,0.3333335433,0.3333331943,0.3333332624,1.15e-06,1.87e-06,8.91e-07,2.87e-07,1.43e-06,0.3333,3,1.69e-35,9.88e-36,3e-36,1.75e-28,8.52e-41,0.218573,-0.144761,-0.0738116
267,near_23,2.99676139,4.012219136,3.255450458,0.66666679513,7.90492657514e+19,0.3333333204,0.3333333792,0.3333333003,1.71e-06,1.99e-07,1.84e-06,3.71e-07,1.57e-07,0.3333,3,3.5e-36,4.14e-36,8.44e-37,1.75e-28,1.82e-39,-0.100379,0.357162,-0.256782
268,near_23,0.06317707137,5.680083157,1.65047233,0.666675895527,2.13221452116e+14,0.3333287915,0.3333512736,0.3333199348,1.84e-06,2.05e-09,8.13e-09,2.79e-07,4.52e-07,0.3333,3,2.5e-36,7.62e-39,2.33e-37,1.75e-28,1.74e-41,-0.492052,1.94377,-1.45172
269,symmetric,0.03711477886,0.03711477886,0.03711477886,0.957498864916,1.09876781421,0.3333333333,0.3333333333,0.3333333333,2e-12,4.79e-13,4.79e-13,1.58e-11,1.83e-06,0.2791,3,6.38e-36,6.38e-36,6.38e-36,1.82e-31,1.23e-45,0,0,0
270,near_23,1.038791694,0.0702980182,66.22021263,0.66666727864,7.31250122309e+17,0.3333495297,0.333325056,0.3333254143,1.21e-06,1.82e-06,8.52e-09,2.66e-07,1.83e-06,0.3333,3,3.68e-36,5.78e-35,3.5e-38,1.75e-28,2.34e-40,26.4638,-13.5247,-12.9391
271,near_23,4.544325846,0.2035110304,0.4178490466,0.666669629807,6.44145473401e+15,0.3333309972,0.3333306132,0.3333383897,7.33e-09,1.82e-06,1e-06,2.8e-07,1.95e-07,0.3333,3,1.23e-37,1.05e-35,1.71e-36,1.75e-28,8.96e-41,-0.788395,-0.917985,1.70638
272,near_23,3.708516554,11.43110941,0.2948297663,0.66666781003,1.12122397019e+17,0.3333299807,0.3333376788,0.3333323405,9.03e-08,8.39e-08,1.81e-06,2.69e-07,1.52e-07,0.3333,3,6.89e-37,2.61e-38,3.88e-36,1.75e-28,1.96e-40,-2.9322,3.80051,-0.868307
273,near_23,0.3577728865,0.8914339322,1.030197682,0.666668540649,2.54646162248e+16,0.3333336397,0.3333334825,0.3333328778,1.8e-06,5.27e-07,5.33e-07,2.83e-07,1.21e-07,0.3333,3,4.26e-36,2.51e-37,2.9e-37,1.75e-28,9.32e-41,0.163481,0.0795852,-0.243067
274,near_23,0.1364432143,0.4814819179,1.282103424,0.666669049617,1.23847724591e+16,0.333334268,0.3333331145,0.3333326174,6.44e-07,1.79e-06,1.95e-07,2.83e-07,3.06e-07,0.3333,3,1.04e-35,2.24e-36,6.91e-37,1.75e-28,1.19e-40,0.39224,-0.0918142,-0.300426
275,near_23,0.180576298,0.9585686319,1.02251201,0.666667604152,2.03394461283e+17,0.3333335045,0.3333334682,0.3333330273,1.75e-06,1.02e-06,9.72e-07,2.83e-07,4.59e-07,0.3333,3,7.46e-36,7.4e-39,9.96e-38,1.75e-28,1.51e-40,0.182565,0.143905,-0.32647
276,symmetric,0.08296094942,0.08296094942,0.08296094942,0.97161833144,1.3059097734,0.3333333333,0.3333333333,0.3333333333,1.81e-12,6.2e-13,6.2e-13,1.69e-11,1.73e-06,0.2503,3,3.16e-35,3.16e-35,3.16e-35,2.23e-32,5.25e-46,0,0,0
277,near_23,0.1788579667,0.1727799483,1.006016041,0.666669396601,8.23712274698e+15,0.3333342468,0.3333328716,0.3333328816,1.73e-06,1.13e-06,3.6e-08,2.77e-07,8.37e-08,0.3333,3,8.52e-36,1.42e-36,2.82e-36,1.75e-28,4.78e-41,0.334626,-0.16915,-0.165475
278,near_23,3.537669432,1.095707499,0.4527816002,0.666666930556,9.11943328134e+18,0.3333331351,0.3333332377,0.3333336273,1.67e-06,1.72e-06,4.45e-07,2.69e-07,1.34e-06,0.3333,3,7.37e-37,6.22e-36,6e-38,1.75e-28,1.38e-40,-0.751277,-0.362564,1.11384
279,near_23,0.5013262162,0.2734141239,4.224210493,0.666667236528,9.05578783151e+17,0.3333342146,0.3333328534,0.333332932,1.72e-06,2.85e-07,6.7e-07,2.84e-07,1.01e-06,0.3333,3,2.77e-36,9.45e-36,1.01e-36,1.75e-28,1.7e-40,1.54649,-0.842144,-0.704348
280,anisotropic,8275.114138,0.0001318158296,0.03533422585,0.788738859863,70752.9007485,0.01784662341,0.01762893369,0.9645244429,4.99e-13,1.71e-06,3.8e-09,7.99e-12,1.16e-07,0.0185,20.11,2.51e-36,2.3e-36,1.08e-39,3.6e-29,0,-0.0733946,-0.0743742,0.147769
281,near_23,0.3542114296,0.3577717196,1.59131299,0.666667057645,2.80397993025e+18,0.333333528,0.3333332364,0.3333332356,1.85e-07,4.75e-08,1.71e-06,2.66e-07,6.95e-07,0.3333,3,1.03e-35,5.72e-36,8.12e-36,1.75e-28,6.3e-40,0.497917,-0.247882,-0.250035
282,near_23,0.1972406085,2.235105681,0.03406938793,0.666670720802,2.51501593651e+15,0.3333314017,0.3333367967,0.3333318016,1.54e-06,1.8e-08,1.7e-06,2.79e-07,1.67e-06,0.3333,3,6.53e-36,2.14e-37,9.25e-36,1.75e-28,1.41e-41,-0.476462,0.854269,-0.377807
283,near_23,1.813788437,0.5151019839,0.03707174825,0.666679843464,7.32506853006e+13,0.3333273457,0.3333311541,0.3333415002,2.03e-09,1.23e-07,1.7e-06,2.8e-07,2.77e-07,0.3333,3,3.96e-38,2.71e-38,1.09e-36,1.75e-28,5.61e-42,-0.454405,-0.165375,0.61978
284,near_23,0.8939364075,4.832032795,10.23662052,0.666667665906,1.67971239184e+17,0.3333363031,0.333333038,0.3333306589,1.69e-06,1.02e-07,2.31e-08,2.75e-07,1.01e-07,0.3333,3,5.52e-37,6.95e-37,1.67e-37,1.75e-28,2.92e-41,2.97195,-0.295505,-2.67644
285,near_23,0.7943431566,0.1041334789,0.4396809761,0.666674557934,3.41028751746e+14,0.3333333029,0.333331702,0.3333349951,1.08e-07,1.69e-06,2.63e-09,2.81e-07,3.27e-08,0.3333,3,8.89e-40,5.88e-36,9.77e-38,1.75e-28,1.4e-41,-0.00385094,-0.206728,0.210579
286,near_23,1.677011164,6.711174838,1.457700092,0.66666746848,3.25100246175e+17,0.333332449,0.3333349957,0.3333325553,1.63e-06,5.1e-08,6.51e-07,2.71e-07,1.39e-07,0.3333,3,2.34e-36,1.31e-36,6.88e-37,1.75e-28,8.09e-41,-1.10293,2.07326,-0.970333
287,near_23,1.069875506,1.213725551,0.1380912818,0.666671149369,1.86044036201e+15,0.3333315198,0.333334435,0.3333340452,9.44e-08,1.57e-07,1.62e-06,2.83e-07,1.61e-07,0.3333,3,1.06e-37,2.95e-37,6.62e-36,1.75e-28,3.01e-41,-0.404563,0.245767,0.158796
288,near_23,0.1076532976,5.031195956,45.58767292,0.666669935445,4.79957475074e+15,0.3333899958,0.3333098672,0.333300137,1.61e-06,2.51e-08,7.33e-09,2.83e-07,1.56e-07,0.3333,3.001,9.06e-36,2.55e-37,1.47e-38,1.75e-28,1.81e-41,17.3297,-7.17651,-10.1532
289,near_23,0.5605993361,0.653819652,2.516990308,0.666668644207,2.16700225424e+16,0.3333348556,0.3333326279,0.3333325165,1.61e-06,4.34e-07,1.61e-07,2.8e-07,1.09e-07,0.3333,3,3.63e-37,2.97e-36,7.78e-37,1.75e-28,1.11e-41,0.76976,-0.356699,-0.41306
290,near_23,1.973324684,7.177574794,0.395028552,0.666669756254,5.68264176913e+15,0.3333281276,0.3333407967,0.3333310758,7.47e-08,1.02e-07,1.51e-06,2.81e-07,4.16e-08,0.3333,3,1.49e-37,1.81e-37,1.24e-36,1.75e-28,2.36e-41,-1.68489,2.41556,-0.730664
291,near_23,0.7969919509,2.747448915,0.6222392946,0.666668660131,2.11548996847e+16,0.3333324093,0.3333349707,0.33333262,1.51e-06,2.18e-07,6.51e-07,2.83e-07,6.5e-08,0.3333,3,2.21e-36,3.3e-37,1.26e-36,1.75e-28,2.55e-41,-0.463513,0.821371,-0.357858
292,near_23,1.780275954,8.584009413,0.127128559,0.666674254932,3.83582168984e+14,0.3333178735,0.3333566687,0.3333254579,5.41e-08,2.89e-09,1.5e-06,2.8e-07,1.15e-07,0.3333,3,1.66e-37,1.17e-38,1.57e-36,1.75e-28,1.5e-41,-2.03717,3.07485,-1.03768
293,near_23,0.06836807808,2.181253209,0.4683621482,0.666672219221,9.78946673488e+14,0.3333318642,0.3333376144,0.3333305214,1.5e-06,8.2e-08,2.94e-07,2.81e-07,2.42e-07,0.3333,3,5.59e-36,1.38e-37,6.19e-37,1.75e-28,2.4e-41,-0.264583,0.771007,-0.506424
294,near_23,0.9185910402,1.196201154,1.185764509,0.666667708336,1.48266984352e+17,0.3333333872,0.3333333938,0.333333219,8.72e-07,4.43e-07,1.49e-06,2.89e-07,2.18e-07,0.3333,3,7.81e-37,4.14e-36,4.83e-36,1.75e-28,4.36e-41,0.0517409,0.0580509,-0.109792
295,near_23,0.314015364,1.603675435,0.06791851528,0.666673095077,6.30846886433e+14,0.3333310249,0.3333369938,0.3333319814,8.48e-07,7.77e-08,1.48e-06,2.79e-07,1.63e-07,0.3333,3,3.54e-37,3.04e-37,1.46e-35,1.75e-28,1.48e-42,-0.359103,0.569412,-0.210309
296,near_23,0.3900511178,1.650565816,11.58088961,0.666667058689,2.78166484888e+18,0.333335002,0.3333326484,0.3333323496,5.34e-07,1.47e-06,3.23e-08,2.75e-07,5.5e-07,0.3333,3,2.51e-35,1.01e-36,5.67e-37,1.75e-28,3.99e-40,4.25655,-1.74722,-2.50933
297,near_23,0.3985953422,0.4341069202,7.610344816,0.666668807833,1.70723376849e+16,0.3333395418,0.3333302521,0.3333302061,7.76e-07,1.45e-06,3.46e-08,2.79e-07,1.75e-07,0.3333,3,3.55e-37,6.01e-36,2.02e-38,1.75e-28,5.49e-42,2.89951,-1.43902,-1.46049
298,near_23,4.761750846,2.665856096,1.682434269,0.666667129553,1.6897145412e+18,0.3333329543,0.3333332296,0.3333338161,1.34e-07,3.07e-07,1.45e-06,2.72e-07,1.74e-07,0.3333,3,2.29e-36,3.74e-36,4.64e-36,1.75e-28,1.36e-40,-0.818771,-0.224197,1.04297
299,near_23,5.792631261,3.942087624,0.8330359382,0.666667035431,3.34185733818e+18,0.3333327337,0.3333334269,0.3333338394,8.04e-07,7.97e-07,1.43e-06,2.95e-07,1.63e-07,0.3333,3,2.09e-36,3.13e-36,1.43e-35,1.75e-28,1.26e-40,-1.62609,0.253633,1.37246
300,near_23,1.766797525,0.4516290901,1.339579747,0.666670197725,3.80647916498e+15,0.3333336612,0.3333317655,0.3333345733,8.71e-08,1.43e-06,6.68e-08,2.87e-07,4.04e-08,0.3333,3,4.53e-37,8.41e-37,6.98e-37,1.75e-28,1.63e-41,0.0928541,-0.443999,0.351145
301,near_1,4.497348467,2.969730297,0.4861556508,0.999999989891,20.6228117113,0.1535372481,0.3794762325,0.4669865195,3.84e-13,1.69e-12,5.9e-14,1.43e-06,2.94e-12,0.2082,2.51,7.29e-35,8.48e-35,1.16e-34,7.75e-32,1.75e-46,-0.24821,0.0637009,0.184509
302,near_1,1.598632573,0.9638050169,2.769106772,0.999999985045,15.2894268235,0.4255731969,0.2510724229,0.3233543802,1.09e-13,1.09e-12,4.49e-13,1.42e-06,2.98e-12,0.2115,3.09,9.25e-35,1.02e-34,7.85e-35,7.1e-32,1.75e-46,0.141064,-0.125803,-0.0152615
303,near_23,0.3619118591,0.7290133935,0.225221773,0.666672558246,8.19475787698e+14,0.3333325729,0.3333343674,0.3333330598,1.23e-07,1e-07,1.4e-06,2.8e-07,7.8e-08,0.3333,3,1.73e-36,4.71e-37,7.23e-38,1.75e-28,1.61e-41,-0.12908,0.175516,-0.0464357
304,near_23,1.641661007,10.65761025,5.650169591,0.66666747746,3.14421281496e+17,0.3333331701,0.3333356247,0.3333312051,1.4e-06,9.48e-08,2.88e-07,2.61e-07,5.95e-08,0.3333,3,1.54e-36,2.39e-37,9.43e-37,1.75e-28,1.11e-40,-0.201288,2.82608,-2.62479
305,near_23,0.4421974677,0.092865732,0.3454609884,0.666673031245,6.50010323201e+14,0.3333335333,0.3333325612,0.3333339055,1.74e-08,1.39e-06,2.82e-08,2.78e-07,2.05e-07,0.3333,3,7.37e-37,1.16e-36,1.24e-36,1.75e-28,3.36e-41,0.0314117,-0.121311,0.0898995
306,near_23,1.604112207,5.44625746,0.1422076838,0.666669366315,8.51770820857e+15,0.3333296522,0.3333383094,0.3333320384,9.9e-08,1.95e-08,1.37e-06,2.83e-07,3.96e-07,0.3333,3,6.62e-37,5.21e-38,2.13e-36,1.75e-28,4.08e-41,-1.36352,1.84318,-0.479656
307,near_23,0.524187704,0.4667908068,0.156416871,0.666669352009,8.65431201342e+15,0.3333329663,0.3333334702,0.3333335634,4.94e-07,3.64e-07,1.35e-06,2.75e-07,2.31e-07,0.3333,3,5.17e-37,7.08e-37,1.87e-35,1.75e-28,2.21e-41,-0.13667,0.0509838,0.0856861
308,symmetric,0.1071237294,0.1071237294,0.1071237294,0.984090103699,1.27217563462,0.3333333333,0.3333333333,0.3333333333,1.1e-12,8.31e-13,8.31e-13,1.3e-11,1.29e-06,0.2363,3,5.62e-35,5.62e-35,5.62e-35,1.8e-33,0,0,0,0
309,near_23,3.385123153,1.46125649,0.8989418081,0.666667478673,3.13009109722e+17,0.3333328345,0.3333331105,0.333334055,6.4e-07,3.21e-07,1.29e-06,2.71e-07,1.33e-07,0.3333,3,1.16e-37,2.2e-36,7.43e-36,1.75e-28,3.48e-40,-0.614369,-0.274394,0.888763
310,symmetric,0.02158534711,0.02158534711,0.02158534711,0.958750242098,0.834031171083,0.3333333333,0.3333333333,0.3333333333,2.66e-13,2.07e-12,2.07e-12,1.43e-11,1.29e-06,0.2895,3,2.84e-36,2.84e-36,2.84e-36,2.19e-31,1.4e-45,0,0,0
311,near_23,1.946954773,2.412775702,0.06550281369,0.666669221179,1.00534291942e+16,0.3333311563,0.3333347816,0.3333340621,2.65e-07,9.02e-08,1.27e-06,2.81e-07,7.78e-07,0.3333,3,4.97e-38,9e-37,2.98e-35,1.75e-28,6.38e-41,-0.852223,0.566925,0.285297
312,near_23,0.2292066772,3.327208529,9.62650443,0.666668797361,1.73255964985e+16,0.3333400733,0.3333319588,0.3333279679,1.26e-06,8.79e-08,7e-08,2.81e-07,4.04e-07,0.3333,3,1.1e-35,1.48e-37,9.86e-38,1.75e-28,1.92e-41,3.16315,-0.645065,-2.51809
313,near_23,11.26317713,0.1126080809,2.22498382,0.666673379535,5.54079226174e+14,0.3333239654,0.3333153922,0.3333606424,1.89e-08,1.25e-06,8.23e-09,2.81e-07,5.83e-08,0.3333,3,1.44e-38,4e-37,2.88e-37,1.75e-28,2.05e-41,-1.39526,-2.67238,4.06764
314,near_1,0.6351364069,0.2009957133,1.445562751,0.999999989705,5.99072423008,0.4912231474,0.1831697574,0.3256070953,2.78e-13,1.15e-12,4.78e-13,1.24e-06,5.9e-12,0.1935,3.129,8.9e-35,1.23e-34,6.74e-35,1.64e-32,5.25e-46,0.732143,-0.696316,-0.0358271
315,near_23,10.91576021,0.1147336545,0.5121243928,0.666670452639,3.0883736852e+15,0.3333256991,0.3333247895,0.3333495114,2.42e-08,1.24e-06,5.23e-07,2.78e-07,1.54e-07,0.3333,3,3.05e-38,1.92e-36,1.81e-39,1.75e-28,5.58e-42,-2.0163,-2.25657,4.27287
316,near_1,4.51452244,10.16512801,4.90194104,0.999999989765,56.6565322547,0.2941433679,0.4235761003,0.2822805317,1.06e-12,6.66e-13,3.91e-13,1.24e-06,2.91e-12,0.1999,3.519,9.81e-35,7.88e-35,9.65e-35,4.01e-32,1.75e-46,0.0649318,-0.149517,0.0845856
317,near_23,0.3307250752,0.1138636785,1.736723086,0.666669647377,6.3281149474e+15,0.3333351528,0.3333322282,0.333332619,2.22e-07,1.22e-06,1.38e-08,2.8e-07,2.86e-07,0.3333,3,3.61e-36,2.25e-35,5.28e-37,1.75e-28,6.19e-41,0.610413,-0.370764,-0.239648
318,near_23,1.028613643,0.5111033489,2.674035229,0.666667417534,3.95862852766e+17,0.3333339096,0.3333329277,0.3333331627,9.98e-08,1.22e-06,7.18e-07,2.9e-07,1.21e-07,0.3333,3,3.42e-37,6.93e-36,7.28e-37,1.75e-28,6.8e-41,0.767506,-0.540196,-0.22731
319,near_23,14.47094836,0.2061267667,0.5133637127,0.666670886268,2.23081541615e+15,0.3333217264,0.3333209426,0.3333573309,2.44e-08,1.21e-06,6.31e-07,2.79e-07,8.12e-08,0.3333,3,3.19e-40,8.83e-36,1.03e-36,1.75e-28,3.59e-41,-2.75042,-2.93618,5.68659
320,near_23,12.28400825,0.1915069478,0.1046282994,0.666674525004,3.45389313972e+14,0.3333139101,0.3333143228,0.3333717671,1.2e-08,3.67e-07,1.2e-06,2.81e-07,1.16e-07,0.3334,2.999,5.43e-39,1.08e-37,5.85e-36,1.75e-28,1.92e-41,-2.4713,-2.41877,4.89007
321,near_23,1.823714573,4.627466341,0.3340272149,0.66666713015,1.68318694646e+18,0.3333327931,0.3333339963,0.3333332106,1.19e-06,1.78e-07,8.76e-07,2.68e-07,1.05e-06,0.3333,3,7.28e-36,1.1e-36,1.26e-35,1.75e-28,5.69e-40,-1.16549,1.43031,-0.264823
322,near_1,6.670933811,0.6898659541,13.74228622,0.999999982435,50.7008958736,0.5206210251,0.1166472648,0.3627317101,1.28e-13,7.3e-13,7.81e-13,1.16e-06,3.15e-12,0.1623,3.346,8.71e-35,1.21e-34,6.55e-35,6.07e-32,0,-0.0487944,0.0564533,-0.00765873
323,near_23,0.7257864505,1.490242145,0.744781563,0.666668147175,5.16417591701e+16,0.3333331166,0.3333337838,0.3333330996,1.14e-06,2.86e-07,7.78e-07,2.79e-07,1.02e-07,0.3333,3,1.36e-36,1.27e-36,1.53e-36,1.75e-28,2.75e-41,-0.146406,0.304297,-0.157891
324,near_23,0.1291287671,3.330647945,0.1998771613,0.666671823378,1.22214484043e+15,0.3333301533,0.333339914,0.3333299327,1.13e-06,4.61e-08,3.78e-07,2.8e-07,2.24e-07,0.3333,3,5.78e-36,2.96e-37,1.69e-36,1.75e-28,2.47e-42,-0.616672,1.27612,-0.659447
325,near_23,1.477185477,2.132229366,0.2655034589,0.666671601367,1.39463017118e+15,0.3333302719,0.3333358412,0.3333338869,3.81e-08,1.52e-07,1.12e-06,2.79e-07,1.66e-07,0.3333,3,2.3e-37,1.1e-38,1.51e-36,1.75e-28,3.64e-41,-0.620394,0.508209,0.112185
326,near_23,1.344466329,6.821057098,0.1300521673,0.666667620013,1.93412903053e+17,0.3333318145,0.3333356711,0.3333325144,4.67e-08,1.37e-07,1.12e-06,2.87e-07,9.42e-07,0.3333,3,1.74e-36,4.88e-37,3.48e-35,1.75e-28,9.18e-41,-1.59318,2.45212,-0.858945
327,near_23,0.06724843135,0.1254390761,3.981873568,0.666679202676,8.50708480898e+13,0.3333529652,0.3333237379,0.3333232969,1.11e-06,1.78e-07,3.66e-09,2.8e-07,1.33e-07,0.3333,3,1.69e-36,8.63e-37,3.79e-38,1.75e-28,1.77e-41,1.56594,-0.76538,-0.800564
328,near_23,0.3726391714,0.3918719221,1.403284189,0.666667431568,3.74469868818e+17,0.3333336481,0.3333331804,0.3333331715,2.51e-07,5.43e-07,1.1e-06,2.69e-07,5.43e-07,0.3333,3,6.04e-36,5.51e-36,5.53e-36,1.75e-28,1.36e-40,0.411542,-0.199957,-0.211585
329,near_1,1.816013446,27.05727049,0.6294761863,0.999999987874,53.9145299545,0.108052984,0.7084171964,0.1835298196,2.69e-12,4.8e-13,2.87e-13,1.08e-06,5.11e-12,0.1143,4.3,1.12e-34,3.99e-35,1.22e-34,6.79e-32,3.5e-46,-0.14795,0.246332,-0.0983819
330,anisotropic,0.008379971685,0.0005235247076,0.005166137841,0.946087127403,0.931021793712,0.3345729281,0.3237282517,0.3416988202,7.41e-12,8.8e-13,1.36e-12,1.44e-11,1.07e-06,0.3307,2.86,6.65e-36,6.14e-36,1.2e-36,5.14e-31,2.01e-45,0.04668,-0.326393,0.279713
331,near_23,0.3467321075,0.1699446336,33.76217961,0.666667303833,6.47873745274e+17,0.3333419375,0.3333289972,0.3333290653,1.07e-06,1.47e-07,1.05e-08,2.56e-07,6.72e-07,0.3333,3,1.27e-35,6.38e-35,1.72e-37,1.75e-28,2.89e-40,13.5033,-6.80507,-6.69819
332,near_23,1.514199374,0.1795368103,0.7530442192,0.666668571953,2.42299866275e+16,0.3333332613,0.3333326006,0.3333341381,2.53e-07,1.07e-06,9.03e-07,2.8e-07,2.18e-07,0.3333,3,2.3e-36,1.57e-35,1.99e-36,1.75e-28,6.12e-41,-0.037816,-0.38456,0.422376
333,near_23,6.021150905,0.2660249222,1.197920586,0.666667921849,8.47456595721e+16,0.333332349,0.3333316418,0.3333360092,2.22e-07,1.06e-06,4.95e-07,2.77e-07,3.19e-07,0.3333,3,1.58e-37,2.06e-35,7.03e-37,1.75e-28,2.31e-41,-0.784208,-1.34763,2.13184
334,near_1,1.959958727,0.2304313345,0.2785559412,0.999999989964,5.79751048667,0.219197438,0.1993655117,0.5814370502,5.09e-13,4.64e-13,2.97e-13,1.06e-06,3.79e-12,0.2426,1.727,5.72e-35,1.09e-34,1.07e-34,1.14e-32,0,-0.597462,-0.701275,1.29874
335,near_1,0.1116248758,11.3775731,2.50284538,0.999999986952,27.9757163401,0.2991068952,0.6377261454,0.06316695938,1.93e-12,3.52e-13,1.31e-12,1.05e-06,3.96e-12,0.05858,14.05,1.28e-34,4.95e-35,9.58e-35,6.09e-32,5.25e-46,-0.0920801,0.818922,-0.726841
336,near_23,0.7867486192,0.6936303846,2.144667961,0.666667556939,2.37500901374e+17,0.3333338373,0.3333330563,0.3333331064,1.04e-06,6.05e-07,5.84e-07,2.97e-07,1.7e-07,0.3333,3,2.67e-36,8.5e-36,4.68e-37,1.75e-28,1.33e-40,0.566096,-0.311197,-0.254898
337,near_1,0.341561787,4.621119087,4.040559464,0.999999987847,22.5076821546,0.4236969914,0.4531147594,0.1231882492,3.84e-12,5.91e-13,3.94e-13,1.01e-06,3.21e-12,0.108,8.111,1.2e-34,7.48e-35,7.88e-35,3.34e-32,8.76e-47,0.136484,0.180915,-0.3174
338,near_23,1.573798786,0.1520654406,6.824272616,0.666673674165,4.87059630817e+14,0.3333501698,0.3333219034,0.3333279269,5.45e-08,1.01e-06,2.48e-08,2.79e-07,1.15e-07,0.3333,3,6.47e-39,1.31e-36,6.38e-38,1.75e-28,2.33e-42,2.40244,-1.63101,-0.771435
339,near_23,12.87316899,0.09038406452,3.26736672,0.666672645748,7.84148401703e+14,0.3333255885,0.3333141041,0.3333603075,2.15e-09,9.98e-07,8.83e-09,2.79e-07,1.56e-07,0.3333,3,4.35e-38,1.13e-35,3.13e-38,1.75e-28,2.31e-41,-1.29503,-3.21576,4.51079
340,near_23,2.124113672,0.9817829769,0.5552254555,0.66666818498,4.78796237773e+16,0.3333327227,0.3333331143,0.3333341629,1.14e-07,9.94e-07,3.53e-07,2.8e-07,1.98e-07,0.3333,3,7.29e-38,1.43e-36,2.42e-36,1.75e-28,7.81e-41,-0.402147,-0.14425,0.546397
341,near_1,0.1363692199,0.1467589673,0.4318470782,0.999999988989,1.98675844661,0.4662216942,0.2717877197,0.261990586,9.27e-13,1.9e-12,4.48e-13,9.92e-07,3.61e-12,0.1883,3.746,1.01e-34,9.96e-35,7.3e-35,1.32e-32,4.38e-46,1.13878,-0.527411,-0.611368
342,near_23,1.746013643,2.285802236,2.665849029,0.666667247929,8.53334255605e+17,0.3333334856,0.333333352,0.3333331623,9.53e-07,9.67e-07,2.59e-07,2.9e-07,2.69e-07,0.3333,3,6.25e-36,1.77e-37,3.21e-36,1.75e-28,1.01e-40,0.261968,0.0321932,-0.294161
343,near_23,1.074326896,3.025823905,0.6384982966,0.666667296714,6.70062048442e+17,0.3333329749,0.3333338843,0.3333331409,8.04e-07,3.6e-07,9.62e-07,2.79e-07,1.35e-07,0.3333,3,4.87e-37,3.29e-36,4.55e-36,1.75e-28,1.99e-40,-0.568957,0.874412,-0.305455
344,symmetric,0.1011745525,0.1011745525,0.1011745525,0.98545352431,1.18095037868,0.3333333333,0.3333333333,0.3333333333,1.55e-12,1.45e-12,1.45e-12,4.55e-12,9.6e-07,0.2355,3,5.8e-35,5.8e-35,5.8e-35,1.24e-33,1.75e-46,0,0,0
345,near_1,0.1395549435,8.247564827,0.4956467283,0.999999981808,15.5981556768,0.1782582179,0.7271537679,0.09458801423,3.77e-12,2.4e-13,2.27e-12,9.56e-07,6.05e-12,0.08049,7.569,1.24e-34,3.73e-35,1.12e-34,5.9e-32,1.75e-46,-0.675738,1.71607,-1.04033
346,near_23,0.4890402015,0.7502892126,0.4240223942,0.666668260319,4.14049303122e+16,0.3333332077,0.333333522,0.3333332703,9.55e-07,5.84e-07,5.94e-07,2.86e-07,2.77e-07,0.3333,3,4.19e-36,4.89e-36,5.34e-38,1.75e-28,6.62e-41,-0.078857,0.118404,-0.0395472
347,near_23,0.5010627853,0.3571697565,0.08858658913,0.666671688992,1.32286514052e+15,0.333332644,0.3333334595,0.3333338965,2.2e-07,4.25e-07,9.42e-07,2.81e-07,3.04e-07,0.3333,3,1.53e-36,1.71e-36,8.09e-36,1.75e-28,2.39e-41,-0.137259,0.0251299,0.112129
348,near_23,0.0731249584,1.932382811,14.10154275,0.66666921038,1.01825649314e+16,0.3333467625,0.3333280485,0.3333251891,9.41e-07,3.3e-08,3.69e-08,2.78e-07,9.31e-07,0.3333,3,2.83e-36,1.85e-37,1e-37,1.75e-28,9.72e-41,5.27902,-2.07746,-3.20156
349,near_23,0.2416355812,0.5219548156,3.656714646,0.666670833856,2.31585940872e+15,0.333338834,0.3333309362,0.3333302299,9.4e-07,1.94e-07,8.96e-08,2.81e-07,1.1e-07,0.3333,3,2.49e-36,1.81e-37,2.29e-37,1.75e-28,4.32e-42,1.31996,-0.575239,-0.744721
350,near_1,4.804122766,5.439434652,15.49638788,0.999999985232,71.5823628024,0.4652777131,0.2756600853,0.2590622015,1.08e-12,1.97e-12,2.28e-13,9.27e-07,4.24e-12,0.1873,3.789,1.01e-34,9.9e-35,7.31e-35,2.94e-32,0,-0.277874,0.12146,0.156414
351,near_23,1.221363727,8.044816895,0.1488093627,0.666669657053,6.26713319986e+15,0.3333279285,0.3333422039,0.3333298677,5.45e-08,4.28e-08,8.92e-07,2.78e-07,2.99e-07,0.3333,3,6.43e-37,8.28e-38,1.86e-36,1.75e-28,1.13e-41,-1.80735,2.96623,-1.15888
352,near_23,3.190092431,0.3263780438,3.506613599,0.666669798247,5.45701476834e+15,0.3333355402,0.3333295189,0.3333349409,3e-08,8.81e-07,3.19e-08,2.77e-07,4.47e-08,0.3333,3,1.52e-37,1.8e-37,4.31e-37,1.75e-28,4.64e-41,0.704692,-1.21803,0.513335
353,near_23,3.720991844,0.1338406401,0.3787159431,0.666675338429,2.56997431725e+14,0.3333279204,0.3333266365,0.3333454431,1.45e-08,8.73e-07,4.13e-07,2.79e-07,1.16e-07,0.3333,3,3.79e-38,2.39e-36,2.65e-37,1.75e-28,6.91e-42,-0.624173,-0.772229,1.3964
354,anisotropic,1952.419122,0.000134903545,0.4205477744,0.698758775047,290148.745901,0.06581692884,0.06351779195,0.8706652792,1.44e-14,8.7e-07,2.39e-11,4.84e-12,1.12e-07,0.07539,5.62,9.67e-36,1.77e-36,6.6e-40,8.38e-29,4.64e-45,-0.85254,-0.894458,1.747
355,near_23,0.1154858789,0.1899204416,0.4386186177,0.666674664403,3.2758669357e+14,0.333334255,0.3333330525,0.3333326925,5.11e-07,8.62e-07,1.13e-07,2.81e-07,1.4e-07,0.3333,3,6.64e-36,1.56e-36,1.6e-36,1.75e-28,7.35e-42,0.115246,-0.0351207,-0.0801253
356,near_23,9.125279118,2.653076559,5.446875472,0.666667005959,4.2905502115e+18,0.3333332728,0.3333326997,0.3333340274,3.25e-07,3.32e-07,8.59e-07,2.49e-07,1.82e-07,0.3333,3,2.15e-36,3.3e-36,1.34e-36,1.75e-28,3.81e-40,-0.17827,-1.86739,2.04566
357,near_23,3.856102894,0.3553775985,0.1046155562,0.666677852298,1.1975000386e+14,0.3333243116,0.3333260075,0.333349681,3.69e-09,2.89e-07,8.5e-07,2.8e-07,3.96e-08,0.3333,3,7.34e-38,1.95e-37,5.67e-37,1.75e-28,2.6e-42,-0.806513,-0.654896,1.46141
358,two_equal,0.1234592739,0.1234592739,0.008372684542,0.963982315515,1.46337869091,0.2254085558,0.3872957221,0.3872957221,1.34e-14,5.85e-13,1.79e-12,1.89e-11,8.49e-07,0.2601,2.621,3.12e-35,3.12e-35,1.67e-37,7.65e-32,3.5e-46,-1.99098,0.99549,0.99549
359,near_23,0.09128203209,2.138246504,1.248896429,0.666675636377,2.32226051196e+14,0.3333338183,0.3333386412,0.3333275405,8.38e-07,1.27e-09,2.2e-09,2.8e-07,8.96e-08,0.3333,3,3.31e-36,8.98e-38,3.28e-37,1.75e-28,2.31e-41,0.0540764,0.591744,-0.645821
360,near_23,0.6116780644,9.221638838,0.441124815,0.666668332088,3.62803576145e+16,0.3333303291,0.3333391701,0.3333305008,8.26e-07,1.43e-08,1.58e-07,2.84e-07,2.55e-07,0.3333,3,2.21e-36,3.55e-37,1.81e-36,1.75e-28,1.27e-40,-1.80385,3.50458,-1.70073
361,near_23,0.3774094063,15.97132937,0.4507893325,0.6666710608,1.97544709725e+15,0.3333196555,0.3333608839,0.3333194606,6.37e-07,1.47e-08,8.08e-07,2.8e-07,7.88e-08,0.3333,3,2.73e-36,8.24e-38,4.02e-37,1.75e-28,5.68e-41,-3.11237,6.26911,-3.15674
362,near_23,8.620470598,0.9241861733,1.381195778,0.666667727622,1.40329605994e+17,0.3333318832,0.33333159,0.3333365268,1.13e-07,3.8e-08,8.04e-07,2.79e-07,1.63e-07,0.3333,3,1.68e-37,2.08e-37,4.38e-37,1.75e-28,1.18e-40,-1.3668,-1.64311,3.00992
363,near_1,0.6838319386,0.5097735819,2.019748069,0.999999986941,8.77406112069,0.479786793,0.2410395807,0.2791736262,4.4e-13,1.47e-12,6.06e-13,7.99e-07,2.67e-12,0.1918,3.51,9.86e-35,1.04e-34,7.11e-35,2.44e-32,7.01e-46,0.464682,-0.292839,-0.171844
364,near_23,0.1885082218,2.218598024,1.434419392,0.666670043335,4.35284732101e+15,0.3333336476,0.3333352485,0.333331104,7.97e-07,4.43e-08,1.28e-07,2.79e-07,1.33e-07,0.3333,3,4.37e-36,2.77e-37,4.73e-37,1.75e-28,8.01e-42,0.0930583,0.56716,-0.660218
365,near_1,0.4534365572,0.2988410762,0.1176608395,0.999999986597,2.44315015312,0.2194527107,0.3497398336,0.4308074557,1.69e-13,5.92e-13,4.98e-13,7.95e-07,2.49e-12,0.2353,2.389,7.78e-35,8.89e-35,1.07e-34,7.27e-32,5.25e-46,-0.8678,0.125021,0.742779
366,near_23,0.7074716568,1.005985138,2.762577632,0.666668562401,2.45982408413e+16,0.3333347896,0.3333327763,0.3333324341,7.86e-07,5.54e-07,1.1e-08,2.84e-07,1.29e-07,0.3333,3,1.94e-36,2e-36,4.78e-37,1.75e-28,2.78e-41,0.768173,-0.293846,-0.474327
367,near_23,1.029716494,5.119510995,0.3868768323,0.666668913318,1.47786379049e+16,0.3333308995,0.3333373278,0.3333317727,3.83e-08,1.54e-08,7.84e-07,2.81e-07,5.14e-08,0.3333,3,7.04e-37,3.06e-37,1.89e-37,1.75e-28,5.11e-41,-1.08331,1.77795,-0.694645
368,symmetric,0.001261182262,0.001261182262,0.001261182262,0.949289731083,0.762530873892,0.3333333333,0.3333333333,0.3333333333,2.19e-11,6.37e-12,6.37e-12,1.15e-11,7.81e-07,0.3299,3,9.95e-41,1.16e-40,1.16e-40,3.41e-31,1.4e-45,0,0,0
369,near_23,1.388966155,6.909941336,1.85140254,0.666668221142,4.46161022361e+16,0.3333318935,0.3333366476,0.3333314589,3.32e-07,6.97e-08,7.75e-07,2.75e-07,4.93e-08,0.3333,3,2.08e-36,1.05e-37,1.27e-36,1.75e-28,5.28e-42,-0.926227,2.13204,-1.20581
370,near_23,0.5233074172,0.2928359319,1.051154395,0.666669651334,6.30297064628e+15,0.333334107,0.3333327386,0.3333331545,1.75e-07,7.75e-07,1.03e-07,2.83e-07,9.68e-08,0.3333,3,2.85e-36,1.5e-36,2.77e-37,1.75e-28,3.05e-41,0.259205,-0.199275,-0.0599306
371,near_1,0.08740900086,3.534395242,14.2766079,0.999999979539,35.4511779579,0.6345958122,0.3157491971,0.04965499071,2.35e-12,1.72e-12,5.72e-13,7.67e-07,4.36e-12,0.04688,18.11,1.3e-34,9.35e-35,5e-35,1.88e-32,3.5e-46,0.773624,-0.0451547,-0.728469
372,near_23,18.92611297,0.741390653,1.001832816,0.666667581956,2.18560371453e+17,0.3333300751,0.333329931,0.3333399938,2.43e-08,6.88e-07,7.65e-07,2.83e-07,1.03e-07,0.3333,3,1.96e-37,3.29e-36,1.94e-36,1.75e-28,2.84e-40,-3.55963,-3.71709,7.27672
373,anisotropic,4518.154668,0.0001736282351,0.0002756221263,0.726465775544,174434.726642,0.03347839768,0.03347783174,0.9330437706,5.92e-13,7.65e-07,2.37e-07,1.03e-11,1.21e-07,0.03588,11.53,4.79e-36,3.77e-36,7.46e-37,8.04e-29,2.1e-45,-0.266973,-0.266978,0.533951
374,anisotropic,4.677711388,970.2728464,0.0001292212761,0.69118680917,280962.488467,0.08553733429,0.8037801797,0.110682486,1.97e-12,1.02e-12,7.57e-07,6.74e-12,2.78e-07,0.05314,19.61,5.7e-37,1.62e-35,1.41e-37,8.78e-29,1.05e-45,-1.76804,2.99647,-1.22843
375,near_23,0.2381253729,2.695634567,0.690941661,0.666673219713,5.95543402657e+14,0.3333312839,0.3333392263,0.3333294898,7.5e-07,4.47e-08,2.63e-07,2.8e-07,1.98e-07,0.3333,3,3.05e-36,9.69e-38,3.7e-37,1.75e-28,1.15e-41,-0.312735,0.899247,-0.586512
376,near_23,16.92542641,15.27383549,0.7337469513,0.66666926861,9.51487716129e+15,0.3333172194,0.3333400914,0.3333426892,3.83e-08,2.85e-08,7.4e-07,2.76e-07,6.19e-08,0.3333,3,1.99e-40,2.62e-38,3.38e-37,1.75e-28,9.5e-41,-6.19257,2.59716,3.59542
377,near_23,0.2191781564,2.481493529,0.374854784,0.666668320184,3.70687709284e+16,0.3333326832,0.3333347892,0.3333325276,7.36e-07,1.6e-07,1.14e-08,2.73e-07,1.17e-07,0.3333,3,3.98e-36,3.95e-37,6.27e-36,1.75e-28,6.57e-41,-0.39318,0.880483,-0.487303
378,near_1,1.770910289,0.9461596491,3.609442708,0.999999988743,17.6678688144,0.4519891479,0.2314142759,0.3165965762,6.27e-13,1.21e-12,6.08e-13,7.32e-07,3.36e-12,0.205,3.151,9.34e-35,1.05e-34,7.49e-35,9.39e-32,1.75e-46,0.15166,-0.130268,-0.0213916
379,near_1,17.4665314,0.1215747462,0.2532181609,0.999999987908,25.3127904714,0.1000178472,0.06930296315,0.8306791897,3.75e-13,1.35e-12,7.43e-13,7.19e-07,6.23e-12,0.1255,1.463,2.31e-35,1.27e-34,1.23e-34,8.74e-32,8.76e-47,-1.2301,-1.39203,2.62213
380,near_23,0.83456955,0.158405496,1.250970843,0.666678034566,1.14077058226e+14,0.3333367904,0.3333292811,0.3333339285,5.7e-08,7.12e-07,2.64e-08,2.8e-07,7.57e-08,0.3333,3,3.8e-37,2.58e-36,4.54e-37,1.75e-28,7.3e-43,0.304106,-0.356461,0.0523557
381,near_23,2.874602479,0.3314898404,5.838321553,0.666671602486,1.39374667838e+15,0.3333417588,0.3333253261,0.3333329151,5.28e-08,6.99e-07,2.26e-08,2.78e-07,9.47e-08,0.3333,3,2.29e-37,1.91e-36,1.98e-38,1.75e-28,2.19e-41,1.70693,-1.62222,-0.0847047
382,near_23,14.26861762,0.1857943286,2.523758883,0.666671382508,1.59812994738e+15,0.3333243945,0.3333177285,0.333357877,3.59e-09,6.98e-07,1.34e-08,2.81e-07,1.7e-07,0.3333,3,3.49e-39,5.2e-37,1.58e-37,1.75e-28,1.85e-42,-1.89519,-3.3087,5.20389
383,near_1,2.417628471,1.002820281,7.085246641,0.999999984895,27.2285107427,0.5101120254,0.1919108961,0.2979770784,6.42e-13,2.94e-13,2.99e-13,6.96e-07,3.87e-12,0.1874,3.321,9.6e-35,1.1e-34,6.7e-35,7.31e-32,3.5e-46,0.0961472,-0.0769179,-0.0192298
384,near_1,2.820933688,0.2921395472,49.53838978,0.999999982492,85.7182439164,0.7602113177,0.0583792618,0.1814094205,1.78e-12,8.72e-12,4.62e-13,6.81e-07,9.17e-12,0.08206,4.783,1.12e-34,1.29e-34,3.28e-35,6.58e-32,3.5e-46,0.375183,-0.241657,-0.133525
385,near_1,0.365407601,1.122142643,38.51870575,0.999999973647,61.9392069451,0.7885932404,0.1345988282,0.07680793146,1.6e-12,2.17e-12,1.53e-13,6.78e-07,5.13e-12,0.06505,7.708,1.26e-34,1.18e-34,2.89e-35,3.2e-32,5.25e-46,0.747255,-0.326199,-0.421056
386,near_1,33.33403558,0.06876154118,0.8904427275,0.999999976513,48.712319477,0.1352021804,0.03757108799,0.8272267316,3.77e-13,4.82e-12,4.79e-13,6.77e-07,7.51e-12,0.07168,3.271,2.36e-35,1.32e-34,1.18e-34,1.28e-32,1.75e-46,-0.820632,-1.22501,2.04564
387,near_23,1.068785322,0.4407103594,1.456155842,0.666669364306,8.53658017819e+15,0.333334096,0.3333324398,0.3333334642,2.06e-07,6.58e-07,4.43e-07,2.8e-07,1.37e-07,0.3333,3,2.36e-37,1.08e-36,5.25e-37,1.75e-28,5.33e-41,0.282713,-0.331223,0.0485107
388,near_23,0.2882873347,5.652172212,4.852620988,0.66666921185,1.01646758485e+16,0.3333352644,0.3333364947,0.3333282409,6.56e-07,9.87e-09,3.93e-08,2.77e-07,2.1e-07,0.3333,3,1.17e-36,1.83e-37,1.14e-37,1.75e-28,6.87e-41,0.758711,1.24208,-2.00079
389,near_1,1.810497353,3.300616777,3.273131868,0.999999988564,24.7156856312,0.3639112113,0.3654359218,0.2706528669,9.06e-13,8.03e-13,9.25e-13,6.56e-07,2.46e-12,0.1974,3.695,9.97e-35,8.68e-35,8.7e-35,8.87e-32,1.75e-46,0.00843386,0.00885417,-0.0172873
390,near_1,1.078755245,0.06066082344,0.3619110799,0.99999998742,3.55894340796,0.3188896566,0.1305550593,0.5505552841,6.31e-13,2.48e-12,1.83e-12,6.53e-07,3.89e-12,0.1977,2.345,6.14e-35,1.19e-34,9.31e-35,7.68e-32,1.75e-46,-0.109435,-1.53638,1.64581
391,symmetric,0.002933738808,0.002933738808,0.002933738808,0.935467276303,1.31178370345,0.3333333333,0.3333333333,0.3333333333,1.43e-11,7.21e-12,7.21e-12,1.65e-11,6.45e-07,0.3285,3,5.88e-40,4.83e-40,4.39e-40,9.94e-31,0,0,0,0
392,near_23,59.78898625,1.273485226,0.3635251918,0.666668207303,4.58357490649e+16,0.3333146028,0.3333154504,0.3333699467,9.27e-09,9.65e-08,6.39e-07,2.74e-07,7.59e-08,0.3334,2.999,3.77e-38,1.47e-36,5.38e-37,1.75e-28,7.02e-41,-12.1557,-11.6055,23.7612
393,near_23,2.788574656,3.739528869,0.2089408836,0.666669540707,7.05936574617e+15,0.3333297942,0.3333359291,0.3333342767,1.53e-08,3.68e-09,6.38e-07,2.8e-07,8.95e-08,0.3333,3,1.01e-37,2.04e-37,4.68e-36,1.75e-28,6.86e-41,-1.23139,0.903152,0.328235
394,near_1,0.2335453762,0.1812235723,2.150610603,0.999999985401,5.64283467117,0.6173511236,0.1792085572,0.2034403191,1.6e-12,6.21e-13,2.46e-13,6.36e-07,4.16e-12,0.1448,4.295,1.09e-34,1.12e-34,5.23e-35,7.78e-32,0,1.63929,-0.889574,-0.749714
395,anisotropic,2945.047031,0.4751315751,0.0001532543202,0.748013808347,60923.4662123,0.03347192208,0.03709259581,0.9294354821,4.66e-14,2.22e-10,6.29e-07,1.4e-11,1.33e-07,0.03975,10.08,5.31e-36,1.58e-38,9.64e-37,8.11e-29,5.25e-46,-0.218463,-0.195241,0.413704
396,near_1,0.1498031269,4.337027236,1.906524664,0.999999974832,14.8253268256,0.3586072906,0.5408713342,0.1005213752,1.89e-12,3.5e-13,2.24e-13,6.29e-07,3.51e-12,0.08998,9.632,1.23e-34,6.28e-35,8.77e-35,4.03e-32,3.5e-46,0.0787474,0.646634,-0.725382
397,near_23,1.902782827,0.6203687964,0.8319466204,0.666667612517,1.9804612122e+17,0.3333331695,0.3333330485,0.3333337819,6.28e-07,3.43e-07,1.83e-07,2.78e-07,4.51e-07,0.3333,3,2.54e-36,7.83e-36,2.83e-37,1.75e-28,1.63e-40,-0.173168,-0.301088,0.474256
398,near_23,1.997410977,7.252848155,8.365558404,0.666667218258,9.98586844666e+17,0.3333341649,0.3333337939,0.3333320412,6.23e-07,1.35e-07,1.15e-07,2.81e-07,4.51e-08,0.3333,3,7.38e-37,1.38e-36,1.08e-37,1.75e-28,3.84e-41,1.50761,0.834887,-2.3425
399,near_1,14.50507341,1.168548033,0.6937053838,0.999999982705,32.7462825629,0.1455481086,0.1889045042,0.6655473872,1.21e-13,1.47e-12,1.57e-12,6.21e-07,5.73e-12,0.2155,1.576,4.57e-35,1.11e-34,1.17e-34,5.94e-32,1.75e-46,-0.229075,-0.176186,0.405261
400,near_1,2.16816995,1.648392216,12.74999988,0.999999983116,40.0319730287,0.5643540111,0.2029209104,0.2327250785,1.22e-12,6.64e-13,7.49e-13,6.2e-07,4.14e-12,0.1636,3.983,1.05e-34,1.09e-34,5.96e-35,1.15e-32,2.63e-46,-0.0352609,0.0199056,0.0153562
401,near_23,0.3904362525,1.851937999,1.515786639,0.666673246751,5.88233169645e+14,0.3333343799,0.3333357172,0.3333299029,6.1e-07,1.09e-07,5.1e-08,2.81e-07,1.97e-08,0.3333,3,1.72e-36,9.15e-38,4.28e-37,1.75e-28,2.51e-41,0.159051,0.362279,-0.521329
402,symmetric,0.01825143618,0.01825143618,0.01825143618,0.952728861293,0.95239659595,0.3333333333,0.3333333333,0.3333333333,1.91e-12,1.59e-12,1.59e-12,2.77e-12,6.08e-07,0.2988,3,1.13e-36,1.13e-36,1.13e-36,3.67e-31,0,0,0,0
403,near_23,0.6536103925,1.456462937,3.169371726,0.666668131599,5.33069675875e+16,0.3333345818,0.3333330647,0.3333323536,3.37e-07,6.02e-07,1.49e-07,2.86e-07,8.08e-08,0.3333,3,2e-36,3.99e-36,1.14e-36,1.75e-28,1.74e-40,0.852206,-0.183401,-0.668804
404,near_23,0.0307113516,0.372813688,1.100554834,0.666688344945,1.64497006046e+13,0.3333411869,0.3333316486,0.3333271646,5.97e-07,1.63e-08,2.26e-08,2.8e-07,6.77e-08,0.3333,3,4.02e-36,2.46e-37,2.22e-38,1.75e-28,5.2e-42,0.36228,-0.0777134,-0.284566
405,near_23,2.238283485,0.488372715,3.230805908,0.666669848732,5.20134936497e+15,0.3333357285,0.3333304525,0.333333819,3.12e-08,5.97e-07,4.39e-08,2.78e-07,7.49e-08,0.3333,3,2.22e-37,1.28e-36,3.63e-37,1.75e-28,1e-41,0.752694,-0.905338,0.152643
406,near_1,1.497310065,0.2129177469,1.27914262,0.999999973184,7.93024184179,0.4016209032,0.1638561733,0.4345229235,4.57e-13,1.2e-12,3.08e-13,5.96e-07,1.49e-11,0.21,2.593,7.73e-35,1.14e-34,8.18e-35,3.11e-32,2.63e-46,0.261261,-0.648402,0.387141
407,near_1,1.344763703,0.0562275466,20.46276403,0.999999989986,35.0504479284,0.7640739089,0.04005234314,0.195873748,2.41e-12,5.6e-12,9.54e-13,5.91e-07,4.34e-11,0.06425,5.808,1.1e-34,1.31e-34,3.23e-35,1.05e-31,3.5e-46,1.74897,-1.19083,-0.558136
408,near_23,3.145044261,0.3920811086,7.869766586,0.666670649072,2.65354774788e+15,0.3333431263,0.3333251227,0.3333317511,2.01e-08,5.8e-07,5.67e-08,2.81e-07,5.66e-08,0.3333,3,3.54e-37,5.18e-37,4.7e-38,1.75e-28,1.69e-41,2.45891,-2.06165,-0.397261
409,near_23,1.207161441,2.273167555,53.93323872,0.666668170536,4.92796719303e+16,0.333364966,0.3333180016,0.3333170324,4.83e-07,5.79e-07,2.11e-08,2.86e-07,8.02e-08,0.3333,3,4.13e-37,1.68e-36,3.3e-38,1.75e-28,4.96e-41,21.0311,-10.1933,-10.8378
410,near_23,13.36624533,0.468022375,0.2744061247,0.666671344114,1.63776706215e+15,0.3333208109,0.3333213585,0.3333578306,7.11e-09,9.03e-08,5.78e-07,2.82e-07,6.78e-08,0.3333,3,5.92e-38,7.04e-37,7.46e-37,1.75e-28,2.07e-41,-2.67692,-2.55986,5.23677
411,near_23,0.8571960038,4.972830346,4.772447012,0.666669331329,8.85777374793e+15,0.3333353282,0.3333356511,0.3333290207,5.78e-07,1.12e-08,8.23e-08,2.79e-07,2.26e-08,0.3333,3,5.82e-37,4.43e-37,1.39e-37,1.75e-28,1.47e-41,0.748641,0.869783,-1.61842
412,anisotropic,0.001291341727,0.000170863513,3777.774429,0.954336951863,5323.07707849,0.9690148983,0.01548371279,0.01550138894,2.97e-08,5.7e-07,1.55e-13,5.66e-12,4.13e-08,0.00637,53.67,3.25e-38,2.57e-37,2.31e-36,1.07e-31,7.01e-46,0.115594,-0.0578325,-0.0577614
413,symmetric,0.01800248214,0.01800248214,0.01800248214,0.945984666759,1.17046563227,0.3333333333,0.3333333333,0.3333333333,2e-12,2.61e-12,2.61e-12,2.79e-12,5.69e-07,0.3043,3,5.67e-37,5.67e-37,5.67e-37,5.66e-31,1.23e-45,0,0,0
414,symmetric,0.008448510233,0.008448510233,0.008448510233,0.941060290003,1.18501651981,0.3333333333,0.3333333333,0.3333333333,9.28e-13,3.07e-12,3.07e-12,1.44e-11,5.69e-07,0.3187,3,3.82e-38,3.82e-38,3.81e-38,7.42e-31,1.05e-45,0,0,0
415,near_1,0.5768632703,10.6091701,1.533391861,0.999999989152,27.6149141159,0.2356431102,0.619824688,0.1445322018,2.01e-12,4.44e-13,8.4e-13,5.63e-07,3.81e-12,0.1184,6.022,1.17e-34,5.2e-35,1.05e-34,7.99e-32,1.75e-46,-0.125729,0.368718,-0.242989
416,near_1,0.6543280718,0.896415284,3.213121815,0.999999983881,12.5898372669,0.5051886166,0.2668361075,0.227975276,1.64e-12,4.49e-13,3.21e-13,5.55e-07,3.2e-12,0.1706,4.225,1.06e-34,1e-34,6.76e-35,2.95e-33,0,0.399115,-0.154432,-0.244683
417,near_1,0.3191350537,2.06914697,0.2589074353,0.99999998705,6.31116389427,0.2025431571,0.5725863023,0.2248705407,1.05e-12,7.38e-13,3.82e-13,5.47e-07,5.04e-12,0.1598,4.084,1.06e-34,5.84e-35,1.09e-34,8.96e-32,2.63e-46,-0.63458,1.16083,-0.526249
418,near_23,0.3704706032,0.087743918,4.405148496,0.666670817508,2.34333772457e+15,0.33334032,0.3333294853,0.3333301948,1.38e-07,5.46e-07,3.33e-08,2.8e-07,1.84e-07,0.3333,3,1.38e-36,7.91e-36,2.26e-37,1.75e-28,3.64e-41,1.68314,-0.927041,-0.756102
419,near_23,3.284325067,0.6070619801,1.535608803,0.666668968596,1.37392577769e+16,0.3333329529,0.3333316606,0.3333353866,1.14e-07,5.44e-07,7.3e-08,2.82e-07,4.65e-08,0.3333,3,4.09e-37,4.59e-36,9.11e-37,1.75e-28,6.2e-41,-0.165283,-0.726679,0.891962
420,near_23,0.2806560525,1.096489514,0.7639630299,0.6666686891,2.02586666345e+16,0.3333333948,0.3333338014,0.3333328038,2.82e-07,1.19e-07,5.44e-07,2.8e-07,1.65e-07,0.3333,3,2.15e-36,3.45e-36,3.66e-36,1.75e-28,9.11e-41,0.0303878,0.231433,-0.26182
421,near_1,0.3964123727,7.939663006,0.684106799,0.999999988234,18.2710194785,0.1934998315,0.6592037301,0.1472964384,1.6e-12,2.2e-13,3.94e-13,5.32e-07,1.88e-10,0.1165,5.534,1.17e-34,4.66e-35,1.1e-34,3.12e-32,0,-0.369293,0.860608,-0.491314
422,near_23,6.148390462,0.1784543103,0.4772173182,0.666675476194,2.45138376747e+14,0.3333237959,0.3333222046,0.3333539995,3.59e-09,5.26e-07,3.3e-07,2.8e-07,3.4e-08,0.3333,3,6.78e-38,1.04e-36,6.31e-37,1.75e-28,2.91e-41,-1.08253,-1.26317,2.3457
423,near_23,0.6608599523,2.168737662,0.8903275466,0.666669613285,6.55037111926e+15,0.3333327104,0.3333349879,0.3333323016,5.12e-07,9.72e-08,5.2e-07,2.8e-07,4.75e-08,0.3333,3,1.99e-36,1.53e-37,2.48e-37,1.75e-28,8.62e-41,-0.211393,0.561521,-0.350129
424,near_1,5.251161068,0.5258382421,1.733399371,0.999999972995,18.7772713069,0.3038317238,0.1673439058,0.5288243704,7.35e-14,6.04e-13,7.24e-13,5.13e-07,2.68e-10,0.2262,2.103,6.44e-35,1.14e-34,9.52e-35,3.04e-32,4.38e-46,-0.0484366,-0.272527,0.320964
425,near_1,0.1790342612,5.26155901,2.537737272,0.999999981738,18.5757658356,0.3696153436,0.5322110406,0.09817361578,2.2e-12,1.12e-12,7.19e-13,5.08e-07,3.19e-12,0.08821,9.927,1.23e-34,6.4e-35,8.62e-35,5.1e-33,5.25e-46,0.0915271,0.501703,-0.59323
426,near_23,12.10697228,1.301296792,1.327690105,0.666668866797,1.57365574873e+16,0.3333285657,0.3333285306,0.3333429036,2.8e-08,5.02e-07,2.4e-07,2.78e-07,2.5e-08,0.3333,3,2.06e-37,2.06e-36,1.72e-36,1.75e-28,7.42e-41,-2.16686,-2.18282,4.34967
427,near_1,0.1288745526,7.455526539,0.9404352617,0.999999970455,16.4773719313,0.2389024207,0.6726593993,0.08843818005,4.34e-14,1.14e-12,1.03e-12,5.02e-07,4.48e-12,0.07834,9.264,1.25e-34,4.48e-35,1.04e-34,1.1e-32,1.75e-46,-0.352113,1.26527,-0.913163
428,near_23,2.813493497,4.280416839,0.8447070565,0.66666814581,5.17855911159e+16,0.3333317223,0.3333347948,0.3333334829,1.77e-07,5.88e-08,4.97e-07,2.83e-07,4.84e-08,0.3333,3,8.46e-37,6.46e-37,1.59e-36,1.75e-28,8.7e-41,-1.08917,0.988021,0.101146
429,near_23,0.3549401848,8.352429449,0.6946376664,0.666671650166,1.35412924237e+15,0.333325984,0.3333490555,0.3333249605,4.96e-07,1.8e-08,1.34e-07,2.81e-07,4.03e-08,0.3333,3,1.8e-36,6.82e-38,3.38e-37,1.75e-28,8.62e-42,-1.47463,3.15464,-1.68001
430,near_1,0.8394531501,4.78584344,1.073516553,0.99999998998,17.1394377373,0.2502684502,0.528422097,0.2213094528,2.21e-12,8.94e-14,1.31e-12,4.81e-07,3.48e-12,0.1653,4.286,1.06e-34,6.45e-35,1.03e-34,3.69e-32,1.75e-46,-0.137717,0.323447,-0.18573
431,near_23,2.053155879,0.03554374624,7.76617117,0.666679275615,8.36139326003e+13,0.3333674897,0.3333085648,0.3333239456,6.73e-10,4.8e-07,1.5e-08,2.81e-07,1.57e-07,0.3333,3,1.33e-37,3.31e-36,5.56e-39,1.75e-28,1.16e-41,2.70845,-1.96413,-0.74432
432,near_1,2.151545326,0.908891816,1.189276075,0.999999983132,12.3251016833,0.310631942,0.271556917,0.417811141,8.94e-13,5.36e-13,2.5e-13,4.78e-07,2.83e-12,0.2425,2.398,7.96e-35,9.96e-35,9.42e-35,6.71e-32,5.25e-46,-0.0459032,-0.124914,0.170818
433,near_23,0.202362252,1.824303129,0.04896194314,0.66668114479,5.5220708863e+13,0.3333277056,0.3333432459,0.3333290485,3.26e-07,1.36e-08,4.75e-07,2.8e-07,1.76e-07,0.3333,3,8.1e-37,3.02e-38,4.74e-37,1.75e-28,4.51e-42,-0.388701,0.684649,-0.295949
434,near_1,0.1564769439,0.1502117643,146.0907698,0.999999971892,165.635522266,0.9391493537,0.03011451991,0.03073612641,8.46e-12,4.45e-12,2.76e-13,4.72e-07,6.78e-11,0.02327,6.423,1.33e-34,1.33e-34,8.32e-36,3.11e-32,3.5e-46,3.22016,-1.61173,-1.60843
435,anisotropic,8391.279115,0.0001597836125,2.166454361,0.822433686957,43484.8377498,0.02199564881,0.011151261,0.9668530902,5.22e-13,4.71e-07,4.8e-11,1.64e-11,5.25e-08,0.02238,15.2,3.06e-36,1.48e-36,8.68e-36,1.36e-29,8.76e-46,-0.0355114,-0.0557043,0.0912157
436,near_23,0.145724417,0.2550242926,1.932914917,0.666668711669,1.9595304779e+16,0.3333347614,0.3333326869,0.3333325517,6.79e-08,4.27e-07,2.37e-07,2.76e-07,4.67e-07,0.3333,3,1.07e-35,1.16e-35,4.97e-37,1.75e-28,8.59e-41,0.698326,-0.316121,-0.382205
437,near_23,1.902091437,1.364767928,1.258478882,0.666669036137,1.25974845556e+16,0.3333329752,0.3333331275,0.3333338973,8.41e-08,2.84e-07,4.63e-07,2.77e-07,3.83e-08,0.3333,3,4.04e-38,3.42e-37,8.54e-37,1.75e-28,2.65e-41,-0.151128,-0.0868663,0.237994
438,near_1,0.1857318657,1.090234148,0.1141205708,0.999999986776,3.28670244244,0.1863381766,0.575943276,0.2377185474,1.27e-12,9.83e-14,1.43e-12,4.59e-07,3.82e-12,0.1621,3.885,1.04e-34,5.8e-35,1.11e-34,7.74e-32,3.5e-46,-1.09579,1.80856,-0.712772
439,near_1,4.274619317,0.3939026499,0.4456755538,0.99999998328,11.3078957082,0.1985265313,0.186639517,0.6148339517,2.69e-13,8.06e-13,7.44e-13,4.51e-07,5.09e-12,0.2365,1.63,5.27e-35,1.11e-34,1.1e-34,8.13e-33,8.76e-47,-0.464595,-0.505562,0.970157
440,near_1,0.3809301403,0.7847492669,1.154163899,0.999999973187,6.64287021149,0.4168270526,0.3437064019,0.2394665455,5.01e-13,8.39e-14,4.11e-14,4.43e-07,2.88e-12,0.1816,4.162,1.04e-34,8.97e-35,7.97e-35,4.33e-32,3.5e-46,0.318175,0.0395295,-0.357705
441,near_1,0.3679058983,0.4260214637,0.622131192,0.999999988036,4.19433969675,0.3851316482,0.3187013954,0.2961669564,2.53e-14,8.84e-13,8.31e-13,4.4e-07,2.41e-12,0.2077,3.372,9.62e-35,9.31e-35,8.41e-35,1.32e-32,5.25e-46,0.264901,-0.0748288,-0.190072
442,near_23,2.539776675,0.5929656439,0.8963347749,0.666669850643,5.19193199368e+15,0.3333324735,0.3333318895,0.3333356371,9.21e-08,4.4e-07,9.17e-08,2.8e-07,2.34e-08,0.3333,3,2.52e-37,5.92e-37,1.14e-36,1.75e-28,7.8e-42,-0.270062,-0.453479,0.723541
443,anisotropic,0.0005684358553,0.0006379792386,4728.445009,0.683411890535,2567307.27567,0.8825963499,0.05870191616,0.05870173397,4.3e-07,6.07e-08,4.14e-13,1.84e-11,5.2e-08,0.02644,41.02,2.65e-37,1.29e-36,8.58e-36,8.26e-29,2.19e-45,3.06535,-1.53267,-1.53268
444,near_23,0.08448985659,1.128549426,0.2004592871,0.66667698111,1.52719396997e+14,0.3333316452,0.3333374329,0.333330922,2.28e-08,1.14e-08,4.28e-07,2.8e-07,2.48e-08,0.3333,3,2.97e-37,2.05e-37,1.55e-36,1.75e-28,1.29e-41,-0.163669,0.397457,-0.233788
445,near_1,0.2911583396,0.1628706177,3.907185685,0.999999988101,8.52536996424,0.6769793457,0.1382180676,0.1848025867,7.5e-13,2.29e-12,2.48e-13,4.26e-07,4.83e-12,0.1258,4.37,1.11e-34,1.18e-34,4.42e-35,5.8e-33,1.75e-46,1.79794,-1.02083,-0.777106
446,near_23,1.697812487,2.243757772,1.640436233,0.66667084423,2.29867017401e+15,0.3333327771,0.3333343009,0.333332922,4.21e-07,1.21e-07,2.11e-07,2.78e-07,2.81e-08,0.3333,3,1.19e-37,1.18e-37,8.6e-37,1.75e-28,2.94e-41,-0.133148,0.231607,-0.0984592
447,near_23,1.813812678,2.189836939,1.942194623,0.666669031006,1.26797662781e+16,0.3333332765,0.3333336305,0.333333093,4.19e-07,1.79e-07,1.1e-07,2.78e-07,3.33e-08,0.3333,3,4.17e-37,4.57e-37,3.25e-37,1.75e-28,7.37e-41,-0.0240343,0.125687,-0.101653
448,near_23,3.391039501,1.464552559,1.200053991,0.666667006144,4.28351717656e+18,0.3333331653,0.3333332196,0.333333615,3.66e-07,4.17e-07,3.32e-07,3.28e-07,3.39e-07,0.3333,3,2.6e-36,2.69e-36,3.06e-36,1.75e-28,8.1e-40,-0.49486,-0.334944,0.829804
449,near_1,2.019226741,0.2401818214,24.27452553,0.999999983382,46.7582071708,0.720520708,0.0716706279,0.2078086641,1.14e-13,3e-12,1.66e-13,4.17e-07,4.54e-12,0.09806,4.464,1.08e-34,1.27e-34,3.82e-35,2.73e-34,0,0.641659,-0.433635,-0.208024
450,near_23,0.8657665246,4.215163697,4.789683154,0.66666891476,1.47504154715e+16,0.3333353714,0.3333345905,0.3333300381,4.15e-07,1.22e-07,3.71e-08,2.81e-07,4.24e-08,0.3333,3,4.62e-37,9.16e-38,2.01e-37,1.75e-28,6.92e-41,0.906551,0.559218,-1.46577
451,near_23,0.3550696887,9.622311531,0.291651878,0.666678456378,1.02283172522e+14,0.3333110168,0.3333775143,0.3333114689,8.12e-09,1.22e-08,4.12e-07,2.81e-07,3.74e-08,0.3333,3,3.55e-37,1.19e-38,6.5e-37,1.75e-28,8.12e-43,-1.89254,3.74674,-1.8542
452,near_23,1.798720651,15.00951758,11.53126773,0.666667157815,1.41450892296e+18,0.3333339524,0.3333349852,0.3333310624,4.1e-07,4e-08,1.65e-07,2.72e-07,4.51e-08,0.3333,3,1.03e-37,3.08e-39,1.02e-36,1.75e-28,3.52e-40,1.26044,3.36329,-4.62373
453,near_1,0.2760793043,0.3471699947,0.5811361014,0.99999998538,3.52300434964,0.4061461709,0.3139167834,0.2799370457,2.39e-13,8.1e-13,8.78e-13,4.1e-07,3.05e-12,0.2003,3.56,9.84e-35,9.38e-35,8.12e-35,5.44e-32,5.25e-46,0.422985,-0.112795,-0.31019
454,near_1,0.8580446401,0.1889754394,0.09407385427,0.999999969241,2.78133995046,0.1839109559,0.2606608203,0.5554282238,1.87e-14,1.23e-12,2.16e-12,4.08e-07,2.94e-12,0.2379,1.882,6.08e-35,1.01e-34,1.12e-34,5.26e-33,5.25e-46,-1.19792,-0.582617,1.78054
455,anisotropic,0.002271309729,0.0001218418011,1514.113558,0.908515764662,3153.34626266,0.9463790272,0.02678746751,0.02683350526,1.96e-08,4.05e-07,3.86e-14,1.56e-12,2.96e-08,0.01129,51.63,5.8e-39,3.45e-37,4e-36,1.74e-30,0,0.151879,-0.0760139,-0.075865
456,near_1,0.4398635431,4.696758839,2.310616733,0.999999977664,18.9268015203,0.3494019904,0.4981504693,0.1524475403,2.15e-12,2.83e-13,2.67e-13,4.05e-07,4.12e-12,0.1285,6.431,1.16e-34,6.86e-35,8.89e-35,4.92e-32,1.75e-46,0.0265945,0.272784,-0.299379
457,near_1,0.1517728987,0.33212776,0.4417655493,0.999999986288,2.65866155668,0.4076283871,0.3534443891,0.2389272238,1.08e-12,8.37e-13,1.23e-12,4.03e-07,2.5e-12,0.1816,4.178,1.04e-34,8.84e-35,8.1e-35,2.16e-32,1.75e-46,0.52569,0.1423,-0.66799
458,near_1,2.151802176,0.9713358107,0.06835315338,0.999999984687,7.36531019941,0.09633495017,0.3631526419,0.540512408,9.97e-13,1.15e-12,1.63e-12,4.03e-07,3.92e-12,0.158,3.029,6.28e-35,8.71e-35,1.24e-34,9.95e-33,1.75e-46,-1.28791,0.162046,1.12587
459,near_1,0.3247079167,0.1219180172,0.1902590093,0.999999979365,1.83652955274,0.3218649728,0.257652919,0.4204821082,1.64e-13,8.32e-13,2.62e-13,4.03e-07,2.77e-12,0.2415,2.392,7.92e-35,1.01e-34,9.27e-35,4.91e-32,1.75e-46,-0.0999406,-0.659515,0.759456
460,near_1,0.2340051756,0.3424948798,0.1397061651,0.999999978334,2.08151171847,0.259070782,0.4056370882,0.3352921298,5.61e-13,7.12e-13,2.08e-12,4.02e-07,2.88e-12,0.2172,2.988,9.09e-35,8.13e-35,1.01e-34,3.5e-32,1.75e-46,-0.598716,0.582923,0.0157922
461,near_23,0.9649388035,0.0441051368,2.232451058,0.666697150412,5.91655774544e+12,0.3333545631,0.3333142325,0.3333312044,1.54e-08,4e-07,7.55e-09,2.8e-07,7.23e-08,0.3333,3,2.94e-38,3.24e-36,1.19e-39,1.75e-28,6.67e-42,0.696385,-0.626575,-0.0698093
462,near_23,0.1404073629,0.3818433325,0.5523997754,0.666673010619,6.56372411836e+14,0.3333340781,0.333333424,0.3333324979,3.91e-07,3.96e-07,1.87e-07,2.81e-07,6.14e-08,0.3333,3,3.66e-36,1e-36,6.21e-37,1.75e-28,1.04e-41,0.117405,0.0142852,-0.13169
463,near_23,0.677997496,1.076470231,0.6703268964,0.666667391739,4.39631271605e+17,0.3333332729,0.3333334509,0.3333332762,2.46e-07,3.93e-07,3.45e-07,2.76e-07,2.95e-07,0.3333,3,1.19e-35,1.03e-36,8.94e-37,1.75e-28,1.4e-40,-0.0833972,0.162157,-0.0787596
464,near_23,2.101087578,1.156377862,10.7309714,0.666669799505,5.45066198428e+15,0.3333448264,0.3333266921,0.3333284815,9.52e-08,3.87e-07,1.24e-08,2.79e-07,3.7e-08,0.3333,3,9.1e-37,1.76e-39,3.96e-38,1.75e-28,2.33e-42,3.66836,-2.11976,-1.5486
465,near_23,0.4290656049,3.948845933,0.3759619376,0.666673072921,6.37435327779e+14,0.3333286521,0.3333424902,0.3333288578,2.14e-07,8.06e-08,3.86e-07,2.8e-07,4.17e-08,0.3333,3,2.95e-37,1.55e-37,8.37e-37,1.75e-28,3.86e-41,-0.73071,1.42931,-0.698603
466,near_23,1.718986493,0.5947003618,0.2915637925,0.666672846911,7.09938572391e+14,0.3333311779,0.3333323106,0.3333365115,7.12e-08,1.32e-08,3.86e-07,2.82e-07,8.31e-08,0.3333,3,8.52e-38,1.45e-36,1.67e-36,1.75e-28,2.02e-41,-0.348763,-0.165484,0.514247
467,near_23,0.534846364,1.054545109,0.6446665392,0.666672695106,7.64928984451e+14,0.3333329688,0.3333344627,0.3333325685,3.82e-07,2.37e-07,6.61e-08,2.8e-07,2.13e-08,0.3333,3,3.22e-37,1.69e-37,7.83e-37,1.75e-28,1.3e-41,-0.0604712,0.18734,-0.126869
468,near_1,3.329779279,12.46909102,1.323053467,0.999999984896,42.3302378292,0.1767923066,0.5427402929,0.2804674005,1.18e-12,7.86e-13,1.34e-12,3.82e-07,3.57e-12,0.1761,3.472,9.84e-35,6.25e-35,1.13e-34,6.29e-32,1.75e-46,0.0480935,-0.0643358,0.0162422
469,near_1,4.418120055,0.9938739964,3.675045469,0.999999952603,25.1593161295,0.3821923641,0.1987542025,0.4190534334,3.88e-13,4.11e-13,2.17e-13,3.8e-07,3.02e-12,0.2251,2.513,7.94e-35,1.1e-34,8.45e-35,2.03e-32,3.5e-46,0.025615,-0.0705545,0.0449396
470,anisotropic,7903.816538,0.0001145260695,0.2012927312,0.714786521277,470781.256314,0.02906649121,0.0283117884,0.9426217204,7.4e-13,3.76e-07,6.19e-10,6.4e-12,2.63e-07,0.03081,13.63,4.12e-36,3.27e-36,1.89e-39,7.94e-29,1.75e-45,-0.281071,-0.289535,0.570606
471,near_1,0.7818294379,0.09159531945,0.250447827,0.99999998688,2.84700201552,0.2965956563,0.1793671161,0.5240372276,6.08e-13,8.15e-13,2.03e-12,3.75e-07,7.32e-12,0.233,2.055,6.51e-35,1.12e-34,9.62e-35,7.38e-32,3.5e-46,-0.282866,-1.18548,1.46834
472,near_1,0.1034398906,1.123504497,0.500813495,0.999999983069,4.3649974551,0.3387240639,0.5073357103,0.1539402258,1.52e-12,8.92e-13,2.11e-12,3.75e-07,2.78e-12,0.1293,6.333,1.16e-34,6.74e-35,9.04e-35,6.16e-32,3.5e-46,0.0330623,1.06718,-1.10025
473,near_23,1.691256793,2.807431289,0.3890277087,0.666672786931,7.31034940793e+14,0.3333287442,0.3333376929,0.3333335629,1.48e-07,8.48e-09,3.75e-07,2.82e-07,7.81e-08,0.3333,3,2.63e-37,1.59e-37,7.71e-37,1.75e-28,3.43e-42,-0.74981,0.712302,0.0375078
474,near_23,2.709051964,1.842930934,10.49680412,0.666667543379,2.48696562473e+17,0.3333362383,0.3333316513,0.3333321104,2.2e-07,3.72e-07,1.89e-07,2.85e-07,1.14e-07,0.3333,3,1.77e-36,1.22e-36,4.61e-37,1.75e-28,1.24e-41,3.31342,-1.91853,-1.39488
475,anisotropic,1.055287106,0.0001275930764,978.8350354,0.699626297678,146995.516504,0.8293406273,0.08157751991,0.08908185281,5.66e-11,3.7e-07,4.35e-13,2.34e-11,2.09e-07,0.04225,25,1.15e-38,2.63e-36,1.32e-35,8.69e-29,3.77e-45,2.10642,-1.12046,-0.985958
476,near_23,0.4510622627,3.406616849,0.1270936514,0.666684717224,2.84967776157e+13,0.3333202254,0.3333560136,0.333323761,1e-08,7.8e-09,3.7e-07,2.81e-07,9.03e-08,0.3333,3,2.18e-37,4.5e-38,4.41e-37,1.75e-28,9.6e-43,-0.726139,1.2564,-0.530256
477,near_23,0.8465953108,2.980887976,3.771233885,0.666672179456,1.00033317927e+15,0.3333374606,0.3333348265,0.333327713,3.69e-07,1.68e-08,2.62e-08,2.82e-07,1.11e-08,0.3333,3,9.42e-37,2.21e-37,3.54e-38,1.75e-28,4.6e-41,0.748639,0.270847,-1.01949
478,near_23,4.519735541,0.7591595044,0.9909576556,0.666668025648,6.6772314081e+16,0.3333324304,0.3333322399,0.3333353297,1.35e-09,1.88e-07,3.69e-07,2.77e-07,5.85e-08,0.3333,3,7.32e-37,3.84e-36,1.3e-36,1.75e-28,3.68e-41,-0.664437,-0.804582,1.46902
479,anisotropic,724.4615829,0.0001508291972,0.002559373877,0.680647350356,715213.133061,0.1316926039,0.1316813543,0.7366260418,3.3e-13,3.65e-07,2.04e-08,2.08e-11,1.1e-07,0.1788,2.355,1.97e-35,5.98e-37,2.85e-37,9.51e-29,8.23e-45,-3.28835,-3.28892,6.57727
480,near_1,9.370812432,1.710323127,13.26877878,0.999999982331,64.1858220929,0.4546696349,0.163237353,0.382093012,6.73e-13,1.01e-12,2.88e-13,3.64e-07,3.08e-12,0.199,2.865,8.45e-35,1.14e-34,7.46e-35,2.02e-32,1.75e-46,-0.173808,0.243654,-0.069846
481,near_23,0.7681339268,2.937083587,1.197401195,0.666670341433,3.37717006736e+15,0.3333323629,0.333336228,0.3333314092,3.62e-07,7.63e-08,2.14e-07,2.78e-07,3.19e-08,0.3333,3,1.12e-36,2.24e-38,1.64e-36,1.75e-28,4.69e-41,-0.26408,0.787694,-0.523614
482,near_1,0.8756891159,3.177926145,0.3025313103,0.999999973547,10.6829960826,0.1682824047,0.5454128864,0.2863047089,8.34e-13,1.96e-13,6.5e-13,3.62e-07,3.45e-12,0.1749,3.435,9.76e-35,6.22e-35,1.14e-34,3.71e-32,3.5e-46,-0.527934,0.67836,-0.150426
483,near_23,3.689236909,3.134548261,1.792002493,0.666667245651,8.63445423283e+17,0.3333329553,0.3333334253,0.3333336194,5.93e-08,3.6e-07,3.29e-07,2.78e-07,4.16e-08,0.3333,3,2.11e-36,1.63e-37,2.14e-36,1.75e-28,1.21e-40,-0.652918,0.158779,0.49414
484,near_1,6.217982923,0.6080196717,2.167658985,0.999999960946,22.521120888,0.3102419602,0.1643099602,0.5254480796,9.3e-13,2.35e-13,1.1e-12,3.58e-07,5.67e-11,0.2237,2.14,6.49e-35,1.14e-34,9.43e-35,7.72e-33,8.76e-47,-0.0277942,-0.203448,0.231242
485,near_23,0.5394111506,1.089166193,0.02602641681,0.666778660739,119305589073,0.3332977463,0.3333697388,0.333332515,9.12e-09,1.72e-09,3.57e-07,2.8e-07,8.33e-09,0.3333,3,2.93e-38,8.74e-39,1.32e-37,1.75e-28,1.68e-42,-0.317795,0.32508,-0.00728475
486,near_23,0.7733050832,3.555130684,0.1981119727,0.666672307798,9.3357043655e+14,0.333328863,0.3333403123,0.3333308248,3.56e-07,4.02e-09,3.44e-07,2.82e-07,7.56e-08,0.3333,3,9.74e-37,1.41e-38,3.12e-36,1.75e-28,1.72e-41,-0.792442,1.23712,-0.444676
487,anisotropic,7176.262477,0.0001058039706,0.01910356087,0.920060885293,13122.6883273,0.01287116078,0.01267841632,0.9744504229,1.2e-13,3.53e-07,4.49e-09,9.39e-12,7.2e-08,0.01321,15.48,1.85e-36,2.07e-36,1.39e-38,8.26e-31,3.5e-46,-0.0321639,-0.0326779,0.0648418
488,anisotropic,0.000228943407,2716.199474,0.0001445903146,0.756963271122,45075.9678873,0.03467441148,0.9306504303,0.03467515826,9.47e-08,3.92e-13,3.53e-07,2.56e-12,1.05e-07,0.01485,66.9,3.21e-38,4.99e-36,1e-36,8.13e-29,1.31e-45,-0.186117,0.372229,-0.186112
489,near_23,0.2938434743,1.498507471,0.2196913379,0.666677506136,1.31586892255e+14,0.3333303778,0.3333387585,0.3333308637,3.5e-07,8.7e-08,2.42e-07,2.8e-07,4.67e-08,0.3333,3,4.92e-39,2.94e-37,1.32e-36,1.75e-28,8.93e-42,-0.272666,0.500499,-0.227832
490,near_1,2.081730324,0.5150889455,2.080355182,0.99999998777,12.9806076384,0.4003328696,0.1992019701,0.4004651603,7.61e-13,4.61e-13,1.63e-12,3.48e-07,8.16e-12,0.2209,2.618,8.2e-35,1.09e-34,8.2e-35,3.15e-32,1.75e-46,0.143544,-0.287373,0.143828
491,anisotropic,0.5590265757,0.0001083487074,4633.148378,0.866152168633,14261.4434395,0.9633266113,0.01571027081,0.02096311789,7.12e-11,3.42e-07,7.97e-14,1.55e-11,2.03e-07,0.008651,83.99,6.56e-37,2.2e-36,2.96e-36,5.16e-30,5.25e-46,0.0958783,-0.0538769,-0.0420014
492,near_23,0.5555094805,2.280594632,0.5094737683,0.666672648208,7.83071963746e+14,0.3333311428,0.3333375479,0.3333313093,7.52e-08,4.91e-08,3.4e-07,2.79e-07,2.99e-08,0.3333,3,5.51e-37,3.2e-37,1.89e-36,1.75e-28,2.59e-41,-0.366208,0.704582,-0.338374
493,near_1,3.478239766,0.8022280049,0.466179164,0.999999979235,11.8573422443,0.1982817765,0.2601089353,0.5416092882,8.87e-13,1.59e-12,1.36e-12,3.34e-07,3.51e-12,0.243,1.893,6.27e-35,1.01e-34,1.1e-34,1.26e-32,8.76e-47,-0.369777,-0.200492,0.570269
494,symmetric,0.02804997727,0.02804997727,0.02804997727,0.949275562554,1.22081893979,0.3333333333,0.3333333333,0.3333333333,1.31e-12,3.09e-12,3.09e-12,1.61e-11,3.34e-07,0.2927,3,2.08e-36,2.08e-36,2.08e-36,4.13e-31,7.01e-46,0,0,0
495,near_1,3.771140955,0.4200282197,1.107375659,0.999999978211,13.2667709026,0.2889115531,0.1779330709,0.533155376,1.12e-12,9.06e-13,4.88e-14,3.33e-07,3.65e-12,0.2331,2.018,6.38e-35,1.12e-34,9.72e-35,1.9e-32,3.5e-46,-0.11046,-0.386423,0.496884
496,near_23,0.1269507899,1.021397333,0.751994906,0.666671589353,1.40484119108e+15,0.3333336862,0.333334488,0.3333318259,3.33e-07,9.46e-08,2.61e-07,2.8e-07,1.39e-07,0.3333,3,8.71e-36,2.66e-39,4.04e-37,1.75e-28,3.49e-41,0.0716753,0.234555,-0.30623
497,near_1,1.457412147,0.1097714936,2.732862562,0.99999994552,10.1868785906,0.5179506643,0.1038064968,0.3782428389,1.11e-12,1.91e-12,1.29e-13,3.33e-07,3.52e-12,0.1527,3.489,8.5e-35,1.23e-34,6.59e-35,5.29e-34,4.38e-46,0.757708,-0.942026,0.184318
498,near_23,0.9611759312,0.793491287,12.86557122,0.666671450884,1.53055477099e+15,0.3333564485,0.3333215332,0.3333220183,3.32e-07,4.96e-08,1.97e-08,2.8e-07,4.2e-08,0.3333,3,2.03e-37,2.87e-37,1.23e-38,1.75e-28,5.96e-42,4.83103,-2.46621,-2.36482
499,near_23,3.601609068,3.562552744,0.198464823,0.666676550228,1.73595133347e+14,0.3333198545,0.3333399561,0.3333401894,8.33e-09,6.08e-09,3.31e-07,2.8e-07,4.79e-08,0.3333,3,9.32e-38,7.33e-39,7.6e-38,1.75e-28,9.62e-42,-1.36371,0.670051,0.69366
