family,beta12,beta13,beta23,alpha_name,alpha,status,method,unconditional_certified,conditional_certified,L,U,mid,rel_width,x1_hat,x2_hat,x3_hat,x_enclosure_radius,core_rho,T1,hp_T_dps50,hp_in_bracket,closed_form_27h,closed_form_in_bracket,dps,boxes,seconds,method,reason
A,0.001,0.001,0.001,2/3+1e-8,0.666666676666666666666666666666666666666666667,CERTIFIED,U:x-space B&B (unconditional) + C:logit (conditional on C-15 Thm 1),True,True,167583884230741527985604.58350871905477891092,167583884230741527985604.58350871905477891113,167583884230741527985604.583508719054778911025,1.25254e-42,0.333333333333333333333333333333,0.333333333333333333333333333333,0.333333333333333333333333333333,1.54578e-50,0.01875,0.009,167583884230741527985604.583508719054778911014,True,167583884230741527985604.583508719054778911014,True,50,349,0.45,U:x-space B&B (unconditional) + C:logit (conditional on C-15 Thm 1),
A,0.001,0.001,0.001,2/3+1e-7,0.666666766666666666666666666666666666666666667,CERTIFIED,U:x-space B&B (unconditional) + C:logit (conditional on C-15 Thm 1),True,True,167583843277732311587.730861854819205684356417,167583843277732311587.730861854819205684356438,167583843277732311587.730861854819205684356427,1.25254e-43,0.333333333333333333333333333333,0.333333333333333333333333333333,0.333333333333333333333333333333,1.54578e-50,0.01875,0.009,167583843277732311587.730861854819205684356426,True,167583843277732311587.730861854819205684356426,True,50,349,0.38,U:x-space B&B (unconditional) + C:logit (conditional on C-15 Thm 1),
A,0.001,0.001,0.001,2/3+1e-6,0.666667666666666666666666666666666666666666667,CERTIFIED,U:x-space B&B (unconditional) + C:logit (conditional on C-15 Thm 1),True,True,167583433747640146.252810654251120208461482084,167583433747640146.252810654251120208461482087,167583433747640146.252810654251120208461482086,1.84198e-44,0.333333333333333333333333333333,0.333333333333333333333333333333,0.333333333333333333333333333333,1.54578e-50,0.01875,0.009,167583433747640146.252810654251120208461482086,True,167583433747640146.252810654251120208461482086,True,50,349,0.37,U:x-space B&B (unconditional) + C:logit (conditional on C-15 Thm 1),
A,0.001,0.001,0.001,2/3+1e-5,0.666676666666666666666666666666666666666666667,CERTIFIED,U:x-space B&B (unconditional) + C:logit (conditional on C-15 Thm 1),True,True,167579338446717.136720054784830731703421682106,167579338446717.136720054784830731705225000464,167579338446717.136720054784830731704323341285,1.0761e-35,0.333333333333333333333333333333,0.333333333333333333333333333333,0.333333333333333333333333333333,1.32781e-40,0.01875,0.009,167579338446717.136720054784830731704427030052,True,167579338446717.136720054784830731704427030052,True,40,349,0.6,U:x-space B&B (unconditional) + C:logit (conditional on C-15 Thm 1),
A,0.001,0.001,0.001,2/3+1e-4,0.666766666666666666666666666666666666666666667,CERTIFIED,U:x-space B&B (unconditional) + C:logit (conditional on C-15 Thm 1),True,True,167538385436.130852209907627394385203746168402,167538385436.130852209907627394385203926621912,167538385436.130852209907627394385203836395157,1.07709e-36,0.333333333333333333333333333333,0.333333333333333333333333333333,0.333333333333333333333333333333,1.32781e-40,0.01875,0.009,167538385436.130852209907627394385203840646508,True,167538385436.130852209907627394385203840646508,True,40,349,0.37,U:x-space B&B (unconditional) + C:logit (conditional on C-15 Thm 1),
A,0.001,0.001,0.001,2/3+1e-3,0.667666666666666666666666666666666666666666667,CERTIFIED,U:x-space B&B (unconditional) + C:logit (conditional on C-15 Thm 1),True,True,167128853.974022391047743245591971025284379068,167128853.974022391047743245591971025308916957,167128853.974022391047743245591971025296646472,1.4682e-37,0.333333333333333333333333333333,0.333333333333333333333333333333,0.333333333333333333333333333333,1.32782e-40,0.01875,0.009,167128853.97402239104774324559197102530120908,True,167128853.97402239104774324559197102530120908,True,40,349,0.49,U:x-space B&B (unconditional) + C:logit (conditional on C-15 Thm 1),
A,0.001,0.001,0.001,2/3+1e-2,0.676666666666666666666666666666666666666666667,CERTIFIED,U:x-space B&B (unconditional) + C:logit (conditional on C-15 Thm 1),True,True,163032.182533887296420620741031646780199031087,163032.182533887296420620741031646780200920906,163032.182533887296420620741031646780199975996,1.15917e-38,0.333333333333333333333333333333,0.333333333333333333333333333333,0.333333333333333333333333333333,1.32787e-40,0.01875,0.009,163032.182533887296420620741031646780200745801,True,163032.182533887296420620741031646780200745801,True,40,349,0.45,U:x-space B&B (unconditional) + C:logit (conditional on C-15 Thm 1),
A,0.001,0.001,0.001,0.7,0.7,CERTIFIED,U:x-space B&B (unconditional) + C:logit (conditional on C-15 Thm 1),True,True,4113.86161867366229064145760389673354443934349,4113.86161867366229064145760389673354446134874,4113.86161867366229064145760389673354445034612,5.34905e-39,0.333333333333333333333333333333,0.333333333333333333333333333333,0.333333333333333333333333333333,1.32802e-40,0.01875,0.009,4113.86161867366229064145760389673354445533964,True,4113.86161867366229064145760389673354445533964,True,40,349,0.48,U:x-space B&B (unconditional) + C:logit (conditional on C-15 Thm 1),
A,0.001,0.001,0.001,0.75,0.75,CERTIFIED,U:x-space B&B (unconditional) + C:logit (conditional on C-15 Thm 1),True,True,222.686933045325837109409826915191130751567344,222.686933045325837109409826915191130751928809,222.686933045325837109409826915191130751749546,1.6232e-39,0.333333333333333333333333333333,0.333333333333333333333333333333,0.333333333333333333333333333333,1.32843e-40,0.01875,0.009,222.686933045325837109409826915191130751799912,True,222.686933045325837109409826915191130751799912,True,40,349,0.46,U:x-space B&B (unconditional) + C:logit (conditional on C-15 Thm 1),
A,0.001,0.001,0.001,2/3+1e-1,0.766666666666666666666666666666666666666666667,CERTIFIED,U:x-space B&B (unconditional) + C:logit (conditional on C-15 Thm 1),True,True,120.709461631327317883011758119770604386902588,120.709461631327317883011758119770604387142095,120.709461631327317883011758119770604387023077,1.98416e-39,0.333333333333333333333333333333,0.333333333333333333333333333333,0.333333333333333333333333333333,1.32862e-40,0.01875,0.009,120.709461631327317883011758119770604387076042,True,120.709461631327317883011758119770604387076042,True,40,349,0.41,U:x-space B&B (unconditional) + C:logit (conditional on C-15 Thm 1),
A,0.001,0.001,0.001,0.8,0.8,CERTIFIED,U:x-space B&B (unconditional) + C:logit (conditional on C-15 Thm 1),True,True,43.743034465017227197732214842180105131247342,43.7430344650172271977322148421801051313046474,43.7430344650172271977322148421801051312759947,1.31005e-39,0.333333333333333333333333333333,0.333333333333333333333333333333,0.333333333333333333333333333333,1.32912e-40,0.01875,0.009,43.7430344650172271977322148421801051312825929,True,43.7430344650172271977322148421801051312825929,True,40,349,0.47,U:x-space B&B (unconditional) + C:logit (conditional on C-15 Thm 1),
A,0.001,0.001,0.001,0.85,0.85,CERTIFIED,U:x-space B&B (unconditional) + C:logit (conditional on C-15 Thm 1),True,True,12.3396298131970583140380655273415193343294382,12.3396298131970583140380655273415193343465196,12.3396298131970583140380655273415193343378871,1.38427e-39,0.333333333333333333333333333333,0.333333333333333333333333333333,0.333333333333333333333333333333,1.33052e-40,0.01875,0.009,12.3396298131970583140380655273415193343413061,True,12.3396298131970583140380655273415193343413061,True,40,349,0.42,U:x-space B&B (unconditional) + C:logit (conditional on C-15 Thm 1),
A,0.001,0.001,0.001,0.9,0.9,CERTIFIED,U:x-space B&B (unconditional) + C:logit (conditional on C-15 Thm 1),True,True,3.62319741091405829409363422297145176679648019,3.6231974109140582940936342229714517668019444,3.62319741091405829409363422297145176679918934,1.50812e-39,0.333333333333333333333333333333,0.333333333333333333333333333333,0.333333333333333333333333333333,1.3344e-40,0.01875,0.009,3.6231974109140582940936342229714517668000267,True,3.6231974109140582940936342229714517668000267,True,40,349,0.45,U:x-space B&B (unconditional) + C:logit (conditional on C-15 Thm 1),
A,0.001,0.001,0.001,1-1e-1,0.9,CERTIFIED,U:x-space B&B (unconditional) + C:logit (conditional on C-15 Thm 1),True,True,3.62319741091405829409363422297145176679648019,3.6231974109140582940936342229714517668019444,3.62319741091405829409363422297145176679918934,1.50812e-39,0.333333333333333333333333333333,0.333333333333333333333333333333,0.333333333333333333333333333333,1.3344e-40,0.01875,0.009,3.6231974109140582940936342229714517668000267,True,3.6231974109140582940936342229714517668000267,True,40,349,0.46,U:x-space B&B (unconditional) + C:logit (conditional on C-15 Thm 1),
A,0.001,0.001,0.001,0.95,0.95,CERTIFIED,U:x-space B&B (unconditional) + C:logit (conditional on C-15 Thm 1),True,True,0.735496689100738816200486646623610042282675107,0.73549668910073881620048664662361004228423631,0.735496689100738816200486646623610042283455708,2.12265e-39,0.333333333333333333333333333333,0.333333333333333333333333333333,0.333333333333333333333333333333,1.35537e-40,0.01875,0.009,0.735496689100738816200486646623610042283691666,True,0.735496689100738816200486646623610042283691666,True,40,351,0.44,U:x-space B&B (unconditional) + C:logit (conditional on C-15 Thm 1),
A,0.001,0.001,0.001,1-1e-2,0.99,CERTIFIED,U:x-space B&B (unconditional) + C:logit (conditional on C-15 Thm 1),True,True,0.0428744223169142325377984722555205452634672039,0.0428744223169142325377984722555205452636480051,0.0428744223169142325377984722555205452635576045,4.21699e-39,0.333333333333333333333333333333,0.333333333333333333333333333333,0.333333333333333333333333333333,2.12435e-40,0.01875,0.009,0.0428744223169142325377984722555205452635940776,True,0.0428744223169142325377984722555205452635940776,True,40,449,0.37,U:x-space B&B (unconditional) + C:logit (conditional on C-15 Thm 1),
A,0.001,0.001,0.001,1-1e-3,0.999,CERTIFIED,U:x-space B&B (unconditional) + C:logit (conditional on C-15 Thm 1),True,True,0.0106883916472615672715821196905193719376146529,0.0106883916472615672715821196905193719377007487,0.0106883916472615672715821196905193719376577008,8.05507e-39,0.333333333333333333333333333333,0.333333333333333333333333333333,0.333333333333333333333333333333,3.12395e-40,0.009375,0.009,0.010688391647261567271582119690519371937678356,True,0.010688391647261567271582119690519371937678356,True,40,861,0.65,U:x-space B&B (unconditional) + C:logit (conditional on C-15 Thm 1),
A,0.001,0.001,0.001,1-1e-4,0.9999,CERTIFIED,U:x-space B&B (unconditional) + C:logit (conditional on C-15 Thm 1),True,True,0.00915625691502751661118404203441651348435106362,0.00915625691502751661118404203441651348442550059,0.00915625691502751661118404203441651348438819242,8.12963e-39,0.333333333333333333333333333333,0.333333333333333333333333333333,0.333333333333333333333333333333,3.76516e-40,0.009375,0.009,0.00915625691502751661118404203441651348440333071,True,0.00915625691502751661118404203441651348440333071,True,40,987,0.84,U:x-space B&B (unconditional) + C:logit (conditional on C-15 Thm 1),
A,0.001,0.001,0.001,1-1e-5,0.99999,CERTIFIED,U:x-space B&B (unconditional) + C:logit (conditional on C-15 Thm 1),True,True,0.00901550500457305016518447786956873402923293411,0.00901550500457305016518447786956873402928333601,0.00901550500457305016518447786956873402925804538,5.59058e-39,0.333333333333333333333333333333,0.333333333333333333333333333333,0.333333333333333333333333333333,3.8454e-40,0.009375,0.009,0.00901550500457305016518447786956873402926549628,True,0.00901550500457305016518447786956873402926549628,True,40,1041,0.81,U:x-space B&B (unconditional) + C:logit (conditional on C-15 Thm 1),
A,0.001,0.001,0.001,1-1e-6,0.999999,CERTIFIED,U:x-space B&B (unconditional) + C:logit (conditional on C-15 Thm 1),True,True,0.00900154929873042285535999960408645902513092815,0.00900154929873042285535999960408645902518150942,0.00900154929873042285535999960408645902515621878,5.61917e-39,0.333333333333333333333333333333,0.333333333333333333333333333333,0.333333333333333333333333333333,3.85362e-40,0.009375,0.009,0.00900154929873042285535999960408645902515917359,True,0.00900154929873042285535999960408645902515917359,True,40,1097,0.85,U:x-space B&B (unconditional) + C:logit (conditional on C-15 Thm 1),
A,0.001,0.001,0.001,1-1e-7,0.9999999,CERTIFIED,U:x-space B&B (unconditional) + C:logit (conditional on C-15 Thm 1),True,True,0.00900015491786091564011097844548967465973213052,0.00900015491786091564011097844548967465980567067,0.0090001549178609156401109784454896746597689006,8.17099e-39,0.333333333333333333333333333333,0.333333333333333333333333333333,0.333333333333333333333333333333,3.85445e-40,0.009375,0.009,0.00900015491786091564011097844548967465978105726,True,0.00900015491786091564011097844548967465978105726,True,40,1145,0.76,U:x-space B&B (unconditional) + C:logit (conditional on C-15 Thm 1),
A,0.001,0.001,0.001,1-1e-8,0.99999999,CERTIFIED,U:x-space B&B (unconditional) + C:logit (conditional on C-15 Thm 1),True,True,0.00900001549166597543969989494876245663036643504,0.00900001549166597543969989494876245663044033392,0.00900001549166597543969989494876245663040338448,8.21097e-39,0.333333333333333333333333333333,0.333333333333333333333333333333,0.333333333333333333333333333333,3.85453e-40,0.009375,0.009,0.00900001549166597543969989494876245663042230735,True,0.00900001549166597543969989494876245663042230735,True,40,1201,0.81,U:x-space B&B (unconditional) + C:logit (conditional on C-15 Thm 1),
A,0.001,0.001,0.001,1-1e-9,0.999999999,CERTIFIED,U:x-space B&B (unconditional) + C:logit (conditional on C-15 Thm 1),True,True,0.00900000154916539638786901710658428190477073813,0.00900000154916539638786901710658428190482167813,0.00900000154916539638786901710658428190479620813,5.66e-39,0.333333333333333333333333333333,0.333333333333333333333333333333,0.333333333333333333333333333333,3.85454e-40,0.009375,0.009,0.00900000154916539638786901710658428190481326089,True,0.00900000154916539638786901710658428190481326089,True,40,1257,0.88,U:x-space B&B (unconditional) + C:logit (conditional on C-15 Thm 1),
A,0.001,0.001,0.001,1-1e-10,0.9999999999,CERTIFIED,U:x-space B&B (unconditional) + C:logit (conditional on C-15 Thm 1),True,True,0.00900000015491652762723103412607458181661118446,0.00900000015491652762723103412607458181668490397,0.0090000001549165276272310341260745818166481339,8.19106e-39,0.333333333333333333333333333333,0.333333333333333333333333333333,0.333333333333333333333333333333,3.85454e-40,0.009375,0.009,0.00900000015491652762723103412607458181665969373,True,0.00900000015491652762723103412607458181665969373,True,40,1305,0.75,U:x-space B&B (unconditional) + C:logit (conditional on C-15 Thm 1),
A,0.00316227766017,0.00316227766017,0.00316227766017,2/3+1e-8,0.666666676666666666666666666666666666666666667,CERTIFIED,U:x-space B&B (unconditional) + C:logit (conditional on C-15 Thm 1),True,True,167583884250459135855867.401103074572922834619,167583884250459135855867.401103074572922834829,167583884250459135855867.401103074572922834724,1.25254e-42,0.333333333333333333333333333333,0.333333333333333333333333333333,0.333333333333333333333333333333,1.54578e-50,0.01875,0.02846049894153,167583884250459135855867.401103074572922834713,True,167583884250459135855867.401103074572922834713,True,50,349,0.51,U:x-space B&B (unconditional) + C:logit (conditional on C-15 Thm 1),
A,0.00316227766017,0.00316227766017,0.00316227766017,2/3+1e-7,0.666666766666666666666666666666666666666666667,CERTIFIED,U:x-space B&B (unconditional) + C:logit (conditional on C-15 Thm 1),True,True,167583843474908390290.367038555665094949903266,167583843474908390290.367038555665094949903287,167583843474908390290.367038555665094949903277,1.25254e-43,0.333333333333333333333333333333,0.333333333333333333333333333333,0.333333333333333333333333333333,1.54578e-50,0.01875,0.02846049894153,167583843474908390290.367038555665094949903276,True,167583843474908390290.367038555665094949903276,True,50,349,0.46,U:x-space B&B (unconditional) + C:logit (conditional on C-15 Thm 1),
A,0.00316227766017,0.00316227766017,0.00316227766017,2/3+1e-6,0.666667666666666666666666666666666666666666667,CERTIFIED,U:x-space B&B (unconditional) + C:logit (conditional on C-15 Thm 1),True,True,167583435719400933.287173188997316923374976223,167583435719400933.287173188997316923374976226,167583435719400933.287173188997316923374976224,1.84198e-44,0.333333333333333333333333333333,0.333333333333333333333333333333,0.333333333333333333333333333333,1.54578e-50,0.01875,0.02846049894153,167583435719400933.287173188997316923374976224,True,167583435719400933.287173188997316923374976224,True,50,349,0.52,U:x-space B&B (unconditional) + C:logit (conditional on C-15 Thm 1),
A,0.00316227766017,0.00316227766017,0.00316227766017,2/3+1e-5,0.666676666666666666666666666666666666666666667,CERTIFIED,U:x-space B&B (unconditional) + C:logit (conditional on C-15 Thm 1),True,True,167579358164325.015064552343194759630961603889,167579358164325.015064552343194759632764919017,167579358164325.015064552343194759631863263068,1.0761e-35,0.333333333333333333333333333333,0.333333333333333333333333333333,0.333333333333333333333333333333,1.32781e-40,0.01875,0.02846049894153,167579358164325.015064552343194759631966954299,True,167579358164325.015064552343194759631966954299,True,40,349,0.43,U:x-space B&B (unconditional) + C:logit (conditional on C-15 Thm 1),
A,0.00316227766017,0.00316227766017,0.00316227766017,2/3+1e-4,0.666766666666666666666666666666666666666666667,CERTIFIED,U:x-space B&B (unconditional) + C:logit (conditional on C-15 Thm 1),True,True,167538582612.217637572112232732196085559522393,167538582612.217637572112232732196085739928571,167538582612.21763757211223273219608564972706,1.0768e-36,0.333333333333333333333333333333,0.333333333333333333333333333333,0.333333333333333333333333333333,1.32781e-40,0.01875,0.02846049894153,167538582612.217637572112232732196085653954292,True,167538582612.217637572112232732196085653954292,True,40,349,0.42,U:x-space B&B (unconditional) + C:logit (conditional on C-15 Thm 1),
A,0.00316227766017,0.00316227766017,0.00316227766017,2/3+1e-3,0.667666666666666666666666666666666666666666667,CERTIFIED,U:x-space B&B (unconditional) + C:logit (conditional on C-15 Thm 1),True,True,167130825.742902640777173428092332269250193795,167130825.742902640777173428092332269274731683,167130825.742902640777173428092332269262461198,1.46818e-37,0.333333333333333333333333333333,0.333333333333333333333333333333,0.333333333333333333333333333333,1.32783e-40,0.01875,0.02846049894153,167130825.742902640777173428092332269267027392,True,167130825.742902640777173428092332269267027392,True,40,349,0.44,U:x-space B&B (unconditional) + C:logit (conditional on C-15 Thm 1),
A,0.00316227766017,0.00316227766017,0.00316227766017,2/3+1e-2,0.676666666666666666666666666666666666666666667,CERTIFIED,U:x-space B&B (unconditional) + C:logit (conditional on C-15 Thm 1),True,True,163051.908342794789479877304344925981238939021,163051.908342794789479877304344925981240846896,163051.908342794789479877304344925981239892958,1.1701e-38,0.333333333333333333333333333333,0.333333333333333333333333333333,0.333333333333333333333333333333,1.32799e-40,0.01875,0.02846049894153,163051.908342794789479877304344925981240666601,True,163051.908342794789479877304344925981240666601,True,40,349,0.41,U:x-space B&B (unconditional) + C:logit (conditional on C-15 Thm 1),
A,0.00316227766017,0.00316227766017,0.00316227766017,0.7,0.7,CERTIFIED,U:x-space B&B (unconditional) + C:logit (conditional on C-15 Thm 1),True,True,4115.64471017769986992500203187024145008506534,4115.64471017769986992500203187024145010725867,4115.64471017769986992500203187024145009616201,5.39243e-39,0.333333333333333333333333333333,0.333333333333333333333333333333,0.333333333333333333333333333333,1.32846e-40,0.01875,0.02846049894153,4115.64471017769986992500203187024145010128364,True,4115.64471017769986992500203187024145010128364,True,40,349,0.47,U:x-space B&B (unconditional) + C:logit (conditional on C-15 Thm 1),
A,0.00316227766017,0.00316227766017,0.00316227766017,0.75,0.75,CERTIFIED,U:x-space B&B (unconditional) + C:logit (conditional on C-15 Thm 1),True,True,222.98017757858977599179448079210954010801087,222.980177578589775991794480792109540108381151,222.98017757858977599179448079210954010819601,1.6606e-39,0.333333333333333333333333333333,0.333333333333333333333333333333,0.333333333333333333333333333333,1.32978e-40,0.01875,0.02846049894153,222.980177578589775991794480792109540108252102,True,222.980177578589775991794480792109540108252102,True,40,349,0.41,U:x-space B&B (unconditional) + C:logit (conditional on C-15 Thm 1),
A,0.00316227766017,0.00316227766017,0.00316227766017,2/3+1e-1,0.766666666666666666666666666666666666666666667,CERTIFIED,U:x-space B&B (unconditional) + C:logit (conditional on C-15 Thm 1),True,True,120.916270496893811150966804212905981865286368,120.916270496893811150966804212905981865525875,120.916270496893811150966804212905981865405387,1.98077e-39,0.333333333333333333333333333333,0.333333333333333333333333333333,0.333333333333333333333333333333,1.33037e-40,0.01875,0.02846049894153,120.916270496893811150966804212905981865456142,True,120.916270496893811150966804212905981865456142,True,40,349,0.43,U:x-space B&B (unconditional) + C:logit (conditional on C-15 Thm 1),
A,0.00316227766017,0.00316227766017,0.00316227766017,0.8,0.8,CERTIFIED,U:x-space B&B (unconditional) + C:logit (conditional on C-15 Thm 1),True,True,43.8643211104440333162053567671694327860518217,43.8643211104440333162053567671694327861076577,43.8643211104440333162053567671694327860797397,1.27292e-39,0.333333333333333333333333333333,0.333333333333333333333333333333,0.333333333333333333333333333333,1.33196e-40,0.01875,0.02846049894153,43.8643211104440333162053567671694327860864195,True,43.8643211104440333162053567671694327860864195,True,40,349,0.43,U:x-space B&B (unconditional) + C:logit (conditional on C-15 Thm 1),
A,0.00316227766017,0.00316227766017,0.00316227766017,0.85,0.85,CERTIFIED,U:x-space B&B (unconditional) + C:logit (conditional on C-15 Thm 1),True,True,12.4100876267593710488897562698833510280587184,12.4100876267593710488897562698833510280763508,12.4100876267593710488897562698833510280675346,1.42081e-39,0.333333333333333333333333333333,0.333333333333333333333333333333,0.333333333333333333333333333333,1.3364e-40,0.01875,0.02846049894153,12.4100876267593710488897562698833510280705813,True,12.4100876267593710488897562698833510280705813,True,40,349,0.42,U:x-space B&B (unconditional) + C:logit (conditional on C-15 Thm 1),
A,0.00316227766017,0.00316227766017,0.00316227766017,0.9,0.9,CERTIFIED,U:x-space B&B (unconditional) + C:logit (conditional on C-15 Thm 1),True,True,3.67309405236068435281456000633620324843437849,3.67309405236068435281456000633620324843984271,3.67309405236068435281456000633620324843708764,1.48763e-39,0.333333333333333333333333333333,0.333333333333333333333333333333,0.333333333333333333333333333333,1.34879e-40,0.01875,0.02846049894153,3.67309405236068435281456000633620324843798927,True,3.67309405236068435281456000633620324843798927,True,40,351,0.43,U:x-space B&B (unconditional) + C:logit (conditional on C-15 Thm 1),
A,0.00316227766017,0.00316227766017,0.00316227766017,1-1e-1,0.9,CERTIFIED,U:x-space B&B (unconditional) + C:logit (conditional on C-15 Thm 1),True,True,3.67309405236068435281456000633620324843437849,3.67309405236068435281456000633620324843984271,3.67309405236068435281456000633620324843708764,1.48763e-39,0.333333333333333333333333333333,0.333333333333333333333333333333,0.333333333333333333333333333333,1.34879e-40,0.01875,0.02846049894153,3.67309405236068435281456000633620324843798927,True,3.67309405236068435281456000633620324843798927,True,40,351,0.41,U:x-space B&B (unconditional) + C:logit (conditional on C-15 Thm 1),
A,0.00316227766017,0.00316227766017,0.00316227766017,0.95,0.95,CERTIFIED,U:x-space B&B (unconditional) + C:logit (conditional on C-15 Thm 1),True,True,0.775904981961265162561406304586914859622334826,0.775904981961265162561406304586914859623953426,0.775904981961265162561406304586914859623149866,2.08608e-39,0.333333333333333333333333333333,0.333333333333333333333333333333,0.333333333333333333333333333333,1.41691e-40,0.01875,0.02846049894153,0.775904981961265162561406304586914859623369275,True,0.775904981961265162561406304586914859623369275,True,40,363,0.46,U:x-space B&B (unconditional) + C:logit (conditional on C-15 Thm 1),
A,0.00316227766017,0.00316227766017,0.00316227766017,1-1e-2,0.99,CERTIFIED,U:x-space B&B (unconditional) + C:logit (conditional on C-15 Thm 1),True,True,0.0725956606705519980692664394760366436787625925,0.0725956606705519980692664394760366436789807018,0.0725956606705519980692664394760366436788716471,3.00444e-39,0.333333333333333333333333333333,0.333333333333333333333333333333,0.333333333333333333333333333333,5.78733e-40,0.01875,0.02846049894153,0.072595660670551998069266439476036643678911166,True,0.072595660670551998069266439476036643678911166,True,40,521,0.45,U:x-space B&B (unconditional) + C:logit (conditional on C-15 Thm 1),
A,0.00316227766017,0.00316227766017,0.00316227766017,1-1e-3,0.999,CERTIFIED,U:x-space B&B (unconditional) + C:logit (conditional on C-15 Thm 1),True,True,0.0313545699482545405954441197085276986610038772,0.0313545699482545405954441197085276986611545448,0.031354569948254540595444119708527698661079211,4.80528e-39,0.333333333333333333333333333333,0.333333333333333333333333333333,0.333333333333333333333333333333,2.83637e-40,0.009375,0.02846049894153,0.0313545699482545405954441197085276986611120392,True,0.0313545699482545405954441197085276986611120392,True,40,917,0.81,U:x-space B&B (unconditional) + C:logit (conditional on C-15 Thm 1),
A,0.00316227766017,0.00316227766017,0.00316227766017,1-1e-4,0.9999,CERTIFIED,U:x-space B&B (unconditional) + C:logit (conditional on C-15 Thm 1),True,True,0.0287375250153471728445121031102212852387478677,0.0287375250153471728445121031102212852388845447,0.0287375250153471728445121031102212852388163856,4.75605e-39,0.333333333333333333333333333333,0.333333333333333333333333333333,0.333333333333333333333333333333,3.16981e-40,0.009375,0.02846049894153,0.02873752501534717284451210311022128523884166,True,0.02873752501534717284451210311022128523884166,True,40,999,0.83,U:x-space B&B (unconditional) + C:logit (conditional on C-15 Thm 1),
A,0.00316227766017,0.00316227766017,0.00316227766017,1-1e-5,0.99999,CERTIFIED,U:x-space B&B (unconditional) + C:logit (conditional on C-15 Thm 1),True,True,0.0284880806751205046331925384226986304154382747,0.0284880806751205046331925384226986304155315451,0.0284880806751205046331925384226986304154849099,3.27402e-39,0.333333333333333333333333333333,0.333333333333333333333333333333,0.333333333333333333333333333333,3.20783e-40,0.009375,0.02846049894153,0.0284880806751205046331925384226986304154972652,True,0.0284880806751205046331925384226986304154972652,True,40,1057,0.82,U:x-space B&B (unconditional) + C:logit (conditional on C-15 Thm 1),
A,0.00316227766017,0.00316227766017,0.00316227766017,1-1e-6,0.999999,CERTIFIED,U:x-space B&B (unconditional) + C:logit (conditional on C-15 Thm 1),True,True,0.0284632559090859500306296996738159807083351107,0.0284632559090859500306296996738159807084301748,0.0284632559090859500306296996738159807083824633,3.33989e-39,0.333333333333333333333333333333,0.333333333333333333333333333333,0.333333333333333333333333333333,3.21169e-40,0.009375,0.02846049894153,0.028463255909085950030629699673815980708387956,True,0.028463255909085950030629699673815980708387956,True,40,1105,0.88,U:x-space B&B (unconditional) + C:logit (conditional on C-15 Thm 1),
A,0.00316227766017,0.00316227766017,0.00316227766017,1-1e-7,0.9999999,CERTIFIED,U:x-space B&B (unconditional) + C:logit (conditional on C-15 Thm 1),True,True,0.0284607746262304984856932528396047450008851286,0.0284607746262304984856932528396047450010232406,0.0284607746262304984856932528396047450009540052,4.85271e-39,0.333333333333333333333333333333,0.333333333333333333333333333333,0.333333333333333333333333333333,3.21207e-40,0.009375,0.02846049894153,0.0284607746262304984856932528396047450009755009,True,0.0284607746262304984856932528396047450009755009,True,40,1161,0.88,U:x-space B&B (unconditional) + C:logit (conditional on C-15 Thm 1),
A,0.00316227766017,0.00316227766017,0.00316227766017,1-1e-8,0.99999999,CERTIFIED,U:x-space B&B (unconditional) + C:logit (conditional on C-15 Thm 1),True,True,0.0284605265098795018178485277374177013668333155,0.0284605265098795018178485277374177013669696338,0.0284605265098795018178485277374177013669014747,4.78973e-39,0.333333333333333333333333333333,0.333333333333333333333333333333,0.333333333333333333333333333333,3.21211e-40,0.009375,0.02846049894153,0.0284605265098795018178485277374177013669342484,True,0.0284605265098795018178485277374177013669342484,True,40,1217,0.86,U:x-space B&B (unconditional) + C:logit (conditional on C-15 Thm 1),
A,0.00316227766017,0.00316227766017,0.00316227766017,1-1e-9,0.999999999,CERTIFIED,U:x-space B&B (unconditional) + C:logit (conditional on C-15 Thm 1),True,True,0.0284605016983637447044120942763065428061399977,0.0284605016983637447044120942763065428062357792,0.0284605016983637447044120942763065428061877091,3.36542e-39,0.333333333333333333333333333333,0.333333333333333333333333333333,0.333333333333333333333333333333,3.21211e-40,0.009375,0.02846049894153,0.0284605016983637447044120942763065428062173797,True,0.0284605016983637447044120942763065428062173797,True,40,1265,1.1,U:x-space B&B (unconditional) + C:logit (conditional on C-15 Thm 1),
A,0.00316227766017,0.00316227766017,0.00316227766017,1-1e-10,0.9999999999,CERTIFIED,U:x-space B&B (unconditional) + C:logit (conditional on C-15 Thm 1),True,True,0.0284604992172133624156704162917920143624181747,0.0284604992172133624156704162917920143625562867,0.0284604992172133624156704162917920143624874101,4.85276e-39,0.333333333333333333333333333333,0.333333333333333333333333333333,0.333333333333333333333333333333,3.21211e-40,0.009375,0.02846049894153,0.0284604992172133624156704162917920143625065786,True,0.0284604992172133624156704162917920143625065786,True,40,1321,0.98,U:x-space B&B (unconditional) + C:logit (conditional on C-15 Thm 1),
A,0.01,0.01,0.01,2/3+1e-8,0.666666676666666666666666666666666666666666667,CERTIFIED,U:x-space B&B (unconditional) + C:logit (conditional on C-15 Thm 1),True,True,167583884312811686735898.211832260893706213868,167583884312811686735898.211832260893706214078,167583884312811686735898.211832260893706213973,1.25254e-42,0.333333333333333333333333333333,0.333333333333333333333333333333,0.333333333333333333333333333333,1.54578e-50,0.01875,0.09,167583884312811686735898.211832260893706213962,True,167583884312811686735898.211832260893706213962,True,50,349,0.43,U:x-space B&B (unconditional) + C:logit (conditional on C-15 Thm 1),
A,0.01,0.01,0.01,2/3+1e-7,0.666666766666666666666666666666666666666666667,CERTIFIED,U:x-space B&B (unconditional) + C:logit (conditional on C-15 Thm 1),True,True,167583844098433899090.700264553980133083129483,167583844098433899090.700264553980133083129504,167583844098433899090.700264553980133083129493,1.25254e-43,0.333333333333333333333333333333,0.333333333333333333333333333333,0.333333333333333333333333333333,1.54578e-50,0.01875,0.09,167583844098433899090.700264553980133083129492,True,167583844098433899090.700264553980133083129492,True,50,349,0.38,U:x-space B&B (unconditional) + C:logit (conditional on C-15 Thm 1),
A,0.01,0.01,0.01,2/3+1e-6,0.666667666666666666666666666666666666666666667,CERTIFIED,U:x-space B&B (unconditional) + C:logit (conditional on C-15 Thm 1),True,True,167583441954656021.315624187578227165540972791,167583441954656021.315624187578227165540972794,167583441954656021.315624187578227165540972792,1.84198e-44,0.333333333333333333333333333333,0.333333333333333333333333333333,0.333333333333333333333333333333,1.54578e-50,0.01875,0.09,167583441954656021.315624187578227165540972792,True,167583441954656021.315624187578227165540972792,True,50,349,0.46,U:x-space B&B (unconditional) + C:logit (conditional on C-15 Thm 1),
A,0.01,0.01,0.01,2/3+1e-5,0.666676666666666666666666666666666666666666667,CERTIFIED,U:x-space B&B (unconditional) + C:logit (conditional on C-15 Thm 1),True,True,167579420516875.92046812239472138779152510143,167579420516875.920468122394721387793328345472,167579420516875.920468122394721387792426725066,1.07605e-35,0.333333333333333333333333333333,0.333333333333333333333333333333,0.333333333333333333333333333333,1.32781e-40,0.01875,0.09,167579420516875.920468122394721387792530373737,True,167579420516875.920468122394721387792530373737,True,40,349,0.46,U:x-space B&B (unconditional) + C:logit (conditional on C-15 Thm 1),
A,0.01,0.01,0.01,2/3+1e-4,0.666766666666666666666666666666666666666666667,CERTIFIED,U:x-space B&B (unconditional) + C:logit (conditional on C-15 Thm 1),True,True,167539206137.751813883424387765521041361208153,167539206137.751813883424387765521041541623798,167539206137.751813883424387765521041451415976,1.07686e-36,0.333333333333333333333333333333,0.333333333333333333333333333333,0.333333333333333333333333333333,1.32782e-40,0.01875,0.09,167539206137.751813883424387765521041455642962,True,167539206137.751813883424387765521041455642962,True,40,349,0.41,U:x-space B&B (unconditional) + C:logit (conditional on C-15 Thm 1),
A,0.01,0.01,0.01,2/3+1e-3,0.667666666666666666666666666666666666666666667,CERTIFIED,U:x-space B&B (unconditional) + C:logit (conditional on C-15 Thm 1),True,True,167137061.023398921736455427206207042153882894,167137061.023398921736455427206207042178408456,167137061.023398921736455427206207042166147216,1.46739e-37,0.333333333333333333333333333333,0.333333333333333333333333333333,0.333333333333333333333333333333,1.32787e-40,0.01875,0.09,167137061.023398921736455427206207042170701212,True,167137061.023398921736455427206207042170701212,True,40,349,0.43,U:x-space B&B (unconditional) + C:logit (conditional on C-15 Thm 1),
A,0.01,0.01,0.01,2/3+1e-2,0.676666666666666666666666666666666666666666667,CERTIFIED,U:x-space B&B (unconditional) + C:logit (conditional on C-15 Thm 1),True,True,163114.286633518458558667884231841700000803297,163114.286633518458558667884231841700002681078,163114.286633518458558667884231841700001742187,1.15121e-38,0.333333333333333333333333333333,0.333333333333333333333333333333,0.333333333333333333333333333333,1.32838e-40,0.01875,0.09,163114.286633518458558667884231841700002504087,True,163114.286633518458558667884231841700002504087,True,40,349,0.44,U:x-space B&B (unconditional) + C:logit (conditional on C-15 Thm 1),
A,0.01,0.01,0.01,0.7,0.7,CERTIFIED,U:x-space B&B (unconditional) + C:logit (conditional on C-15 Thm 1),True,True,4121.28311817614147180247484988433580780543709,4121.28311817614147180247484988433580782716022,4121.28311817614147180247484988433580781625164,5.27096e-39,0.333333333333333333333333333333,0.333333333333333333333333333333,0.333333333333333333333333333333,1.32986e-40,0.01875,0.09,4121.28311817614147180247484988433580782108624,True,4121.28311817614147180247484988433580782108624,True,40,349,0.38,U:x-space B&B (unconditional) + C:logit (conditional on C-15 Thm 1),
A,0.01,0.01,0.01,0.75,0.75,CERTIFIED,U:x-space B&B (unconditional) + C:logit (conditional on C-15 Thm 1),True,True,223.907186618455582890991300523507209489726464,223.907186618455582890991300523507209490099683,223.907186618455582890991300523507209489914543,1.66685e-39,0.333333333333333333333333333333,0.333333333333333333333333333333,0.333333333333333333333333333333,1.33405e-40,0.01875,0.09,223.90718661845558289099130052350720948996513,True,223.90718661845558289099130052350720948996513,True,40,349,0.43,U:x-space B&B (unconditional) + C:logit (conditional on C-15 Thm 1),
A,0.01,0.01,0.01,2/3+1e-1,0.766666666666666666666666666666666666666666667,CERTIFIED,U:x-space B&B (unconditional) + C:logit (conditional on C-15 Thm 1),True,True,121.569903033352723137898071489890931628932383,121.569903033352723137898071489890931629173359,121.569903033352723137898071489890931629052871,1.9822e-39,0.333333333333333333333333333333,0.333333333333333333333333333333,0.333333333333333333333333333333,1.33594e-40,0.01875,0.09,121.569903033352723137898071489890931629105787,True,121.569903033352723137898071489890931629105787,True,40,349,0.35,U:x-space B&B (unconditional) + C:logit (conditional on C-15 Thm 1),
A,0.01,0.01,0.01,0.8,0.8,CERTIFIED,U:x-space B&B (unconditional) + C:logit (conditional on C-15 Thm 1),True,True,44.2473893399715426259842217415308905576652137,44.2473893399715426259842217415308905577232537,44.2473893399715426259842217415308905576946011,1.31172e-39,0.333333333333333333333333333333,0.333333333333333333333333333333,0.333333333333333333333333333333,1.34101e-40,0.01875,0.09,44.2473893399715426259842217415308905577016775,True,44.2473893399715426259842217415308905577016775,True,40,349,0.49,U:x-space B&B (unconditional) + C:logit (conditional on C-15 Thm 1),
A,0.01,0.01,0.01,0.85,0.85,CERTIFIED,U:x-space B&B (unconditional) + C:logit (conditional on C-15 Thm 1),True,True,12.632079492032435698894895090851479976558831,12.6320794920324356988948950908514799765766471,12.6320794920324356988948950908514799765676472,1.41038e-39,0.333333333333333333333333333333,0.333333333333333333333333333333,0.333333333333333333333333333333,1.35525e-40,0.01875,0.09,12.6320794920324356988948950908514799765707646,True,12.6320794920324356988948950908514799765707646,True,40,351,0.47,U:x-space B&B (unconditional) + C:logit (conditional on C-15 Thm 1),
A,0.01,0.01,0.01,0.9,0.9,CERTIFIED,U:x-space B&B (unconditional) + C:logit (conditional on C-15 Thm 1),True,True,3.82915449561893683926376596705476654994794209,3.82915449561893683926376596705476654995368181,3.82915449561893683926376596705476654995083491,1.49895e-39,0.333333333333333333333333333333,0.333333333333333333333333333333,0.333333333333333333333333333333,1.39552e-40,0.01875,0.09,3.82915449561893683926376596705476654995177633,True,3.82915449561893683926376596705476654995177633,True,40,361,0.48,U:x-space B&B (unconditional) + C:logit (conditional on C-15 Thm 1),
A,0.01,0.01,0.01,1-1e-1,0.9,CERTIFIED,U:x-space B&B (unconditional) + C:logit (conditional on C-15 Thm 1),True,True,3.82915449561893683926376596705476654994794209,3.82915449561893683926376596705476654995368181,3.82915449561893683926376596705476654995083491,1.49895e-39,0.333333333333333333333333333333,0.333333333333333333333333333333,0.333333333333333333333333333333,1.39552e-40,0.01875,0.09,3.82915449561893683926376596705476654995177633,True,3.82915449561893683926376596705476654995177633,True,40,361,0.46,U:x-space B&B (unconditional) + C:logit (conditional on C-15 Thm 1),
A,0.01,0.01,0.01,0.95,0.95,CERTIFIED,U:x-space B&B (unconditional) + C:logit (conditional on C-15 Thm 1),True,True,0.898277669908563088104705387546222434631763361,0.898277669908563088104705387546222434633485276,0.898277669908563088104705387546222434632624319,1.91691e-39,0.333333333333333333333333333333,0.333333333333333333333333333333,0.333333333333333333333333333333,1.62412e-40,0.01875,0.09,0.898277669908563088104705387546222434632869456,True,0.898277669908563088104705387546222434632869456,True,40,403,0.35,U:x-space B&B (unconditional) + C:logit (conditional on C-15 Thm 1),
A,0.01,0.01,0.01,1-1e-2,0.99,CERTIFIED,U:x-space B&B (unconditional) + C:logit (conditional on C-15 Thm 1),True,True,0.154631898108590278472526766897574930682839924,0.154631898108590278472526766897574930683138389,0.154631898108590278472526766897574930682989157,1.93017e-39,0.333333333333333333333333333333,0.333333333333333333333333333333,0.333333333333333333333333333333,1.51726e-40,0.009375,0.09,0.154631898108590278472526766897574930683045087,True,0.154631898108590278472526766897574930683045087,True,40,713,0.7,U:x-space B&B (unconditional) + C:logit (conditional on C-15 Thm 1),
A,0.01,0.01,0.01,1-1e-3,0.999,CERTIFIED,U:x-space B&B (unconditional) + C:logit (conditional on C-15 Thm 1),True,True,0.0950509840158119340467870647049964926904685902,0.095050984015811934046787064704996492690738357,0.0950509840158119340467870647049964926906034736,2.83813e-39,0.333333333333333333333333333333,0.333333333333333333333333333333,0.333333333333333333333333333333,2.98915e-40,0.009375,0.09,0.0950509840158119340467870647049964926906613872,True,0.0950509840158119340467870647049964926906613872,True,40,943,0.82,U:x-space B&B (unconditional) + C:logit (conditional on C-15 Thm 1),
A,0.01,0.01,0.01,1-1e-4,0.9999,CERTIFIED,U:x-space B&B (unconditional) + C:logit (conditional on C-15 Thm 1),True,True,0.090492714788982097563204312255907634322316406,0.0904927147889820975632043122559076343225761282,0.0904927147889820975632043122559076343224469846,2.87009e-39,0.333333333333333333333333333333,0.333333333333333333333333333333,0.333333333333333333333333333333,3.18824e-40,0.009375,0.09,0.0904927147889820975632043122559076343224941764,True,0.0904927147889820975632043122559076343224941764,True,40,1015,0.92,U:x-space B&B (unconditional) + C:logit (conditional on C-15 Thm 1),
A,0.01,0.01,0.01,1-1e-5,0.99999,CERTIFIED,U:x-space B&B (unconditional) + C:logit (conditional on C-15 Thm 1),True,True,0.0900491493727468069832911703661435460809694401,0.0900491493727468069832911703661435460811531111,0.0900491493727468069832911703661435460810612756,2.03967e-39,0.333333333333333333333333333333,0.333333333333333333333333333333,0.333333333333333333333333333333,3.20971e-40,0.009375,0.09,0.0900491493727468069832911703661435460810893452,True,0.0900491493727468069832911703661435460810893452,True,40,1069,0.88,U:x-space B&B (unconditional) + C:logit (conditional on C-15 Thm 1),
A,0.01,0.01,0.01,1-1e-6,0.999999,CERTIFIED,U:x-space B&B (unconditional) + C:logit (conditional on C-15 Thm 1),True,True,0.0900049137179399685278438995635438549401504153,0.0900049137179399685278438995635438549403326514,0.0900049137179399685278438995635438549402422508,2.02473e-39,0.333333333333333333333333333333,0.333333333333333333333333333333,0.333333333333333333333333333333,3.21187e-40,0.009375,0.09,0.0900049137179399685278438995635438549402510246,True,0.0900049137179399685278438995635438549402510246,True,40,1121,0.97,U:x-space B&B (unconditional) + C:logit (conditional on C-15 Thm 1),
A,0.01,0.01,0.01,1-1e-7,0.9999999,CERTIFIED,U:x-space B&B (unconditional) + C:logit (conditional on C-15 Thm 1),True,True,0.0900004913596023761912884940193030815016918636,0.0900004913596023761912884940193030815019472811,0.0900004913596023761912884940193030815018195723,2.83796e-39,0.333333333333333333333333333333,0.333333333333333333333333333333,0.333333333333333333333333333333,3.21209e-40,0.009375,0.09,0.0900004913596023761912884940193030815018598728,True,0.0900004913596023761912884940193030815018598728,True,40,1177,0.91,U:x-space B&B (unconditional) + C:logit (conditional on C-15 Thm 1),
A,0.01,0.01,0.01,1-1e-8,0.99999999,CERTIFIED,U:x-space B&B (unconditional) + C:logit (conditional on C-15 Thm 1),True,True,0.0900000491358383231389396906437149882237102847,0.090000049135838323138939690643714988223968572,0.0900000491358383231389396906437149882238394284,2.86986e-39,0.333333333333333333333333333333,0.333333333333333333333333333333,0.333333333333333333333333333333,3.21211e-40,0.009375,0.09,0.0900000491358383231389396906437149882238985014,True,0.0900000491358383231389396906437149882238985014,True,40,1225,1.02,U:x-space B&B (unconditional) + C:logit (conditional on C-15 Thm 1),
A,0.01,0.01,0.01,1-1e-9,0.999999999,CERTIFIED,U:x-space B&B (unconditional) + C:logit (conditional on C-15 Thm 1),True,True,0.0900000049135826131708184998336756556070321707,0.0900000049135826131708184998336756556072144068,0.0900000049135826131708184998336756556071225713,2.02485e-39,0.333333333333333333333333333333,0.333333333333333333333333333333,0.333333333333333333333333333333,3.21211e-40,0.009375,0.09,0.0900000049135826131708184998336756556071755101,True,0.0900000049135826131708184998336756556071755101,True,40,1281,1.0,U:x-space B&B (unconditional) + C:logit (conditional on C-15 Thm 1),
A,0.01,0.01,0.01,1-1e-10,0.9999999999,CERTIFIED,U:x-space B&B (unconditional) + C:logit (conditional on C-15 Thm 1),True,True,0.0900000004913582491256528217130731375604290995,0.0900000004913582491256528217130731375606859519,0.0900000004913582491256528217130731375605582432,2.85392e-39,0.333333333333333333333333333333,0.333333333333333333333333333333,0.333333333333333333333333333333,3.21211e-40,0.009375,0.09,0.090000000491358249125652821713073137560593905,True,0.090000000491358249125652821713073137560593905,True,40,1337,0.95,U:x-space B&B (unconditional) + C:logit (conditional on C-15 Thm 1),
A,0.0316227766017,0.0316227766017,0.0316227766017,2/3+1e-8,0.666666676666666666666666666666666666666666667,CERTIFIED,U:x-space B&B (unconditional) + C:logit (conditional on C-15 Thm 1),True,True,167583884509987765438526.385376132496647535553,167583884509987765438526.385376132496647535763,167583884509987765438526.385376132496647535658,1.25254e-42,0.333333333333333333333333333333,0.333333333333333333333333333333,0.333333333333333333333333333333,1.54578e-50,0.01875,0.2846049894153,167583884509987765438526.385376132496647535647,True,167583884509987765438526.385376132496647535647,True,50,349,0.38,U:x-space B&B (unconditional) + C:logit (conditional on C-15 Thm 1),
A,0.0316227766017,0.0316227766017,0.0316227766017,2/3+1e-7,0.666666766666666666666666666666666666666666667,CERTIFIED,U:x-space B&B (unconditional) + C:logit (conditional on C-15 Thm 1),True,True,167583846070194686117.059631877714549553047986,167583846070194686117.059631877714549553048007,167583846070194686117.059631877714549553047996,1.25254e-43,0.333333333333333333333333333333,0.333333333333333333333333333333,0.333333333333333333333333333333,1.54578e-50,0.01875,0.2846049894153,167583846070194686117.059631877714549553047995,True,167583846070194686117.059631877714549553047995,True,50,349,0.44,U:x-space B&B (unconditional) + C:logit (conditional on C-15 Thm 1),
A,0.0316227766017,0.0316227766017,0.0316227766017,2/3+1e-6,0.666667666666666666666666666666666666666666667,CERTIFIED,U:x-space B&B (unconditional) + C:logit (conditional on C-15 Thm 1),True,True,167583461672263891.656849838855885512635875806,167583461672263891.656849838855885512635875809,167583461672263891.656849838855885512635875808,1.84199e-44,0.333333333333333333333333333333,0.333333333333333333333333333333,0.333333333333333333333333333333,1.54578e-50,0.01875,0.2846049894153,167583461672263891.656849838855885512635875808,True,167583461672263891.656849838855885512635875808,True,50,349,0.41,U:x-space B&B (unconditional) + C:logit (conditional on C-15 Thm 1),
A,0.0316227766017,0.0316227766017,0.0316227766017,2/3+1e-5,0.666676666666666666666666666666666666666666667,CERTIFIED,U:x-space B&B (unconditional) + C:logit (conditional on C-15 Thm 1),True,True,167579617692954.701513287190735101959963012692,167579617692954.701513287190735101961766366594,167579617692954.701513287190735101960864688027,1.07612e-35,0.333333333333333333333333333333,0.333333333333333333333333333333,0.333333333333333333333333333333,1.32781e-40,0.01875,0.2846049894153,167579617692954.701513287190735101960968396553,True,167579617692954.701513287190735101960968396553,True,40,349,0.44,U:x-space B&B (unconditional) + C:logit (conditional on C-15 Thm 1),
A,0.0316227766017,0.0316227766017,0.0316227766017,2/3+1e-4,0.666766666666666666666666666666666666666666667,CERTIFIED,U:x-space B&B (unconditional) + C:logit (conditional on C-15 Thm 1),True,True,167541177898.617266548150285621852024667317772,167541177898.617266548150285621852024847755505,167541177898.617266548150285621852024757538216,1.07698e-36,0.333333333333333333333333333333,0.333333333333333333333333333333,0.333333333333333333333333333333,1.32783e-40,0.01875,0.2846049894153,167541177898.617266548150285621852024761773418,True,167541177898.617266548150285621852024761773418,True,40,349,0.42,U:x-space B&B (unconditional) + C:logit (conditional on C-15 Thm 1),
A,0.0316227766017,0.0316227766017,0.0316227766017,2/3+1e-3,0.667666666666666666666666666666666666666666667,CERTIFIED,U:x-space B&B (unconditional) + C:logit (conditional on C-15 Thm 1),True,True,167156778.709788946257982138777748072602950288,167156778.70978894625798213877774807262749742,167156778.709788946257982138777748072615223854,1.46851e-37,0.333333333333333333333333333333,0.333333333333333333333333333333,0.333333333333333333333333333333,1.32799e-40,0.01875,0.2846049894153,167156778.709788946257982138777748072619791261,True,167156778.709788946257982138777748072619791261,True,40,349,0.42,U:x-space B&B (unconditional) + C:logit (conditional on C-15 Thm 1),
A,0.0316227766017,0.0316227766017,0.0316227766017,2/3+1e-2,0.676666666666666666666666666666666666666666667,CERTIFIED,U:x-space B&B (unconditional) + C:logit (conditional on C-15 Thm 1),True,True,163311.542189754036643391799487046004927474624,163311.542189754036643391799487046004929361433,163311.542189754036643391799487046004928416524,1.15534e-38,0.333333333333333333333333333333,0.333333333333333333333333333333,0.333333333333333333333333333333,1.32962e-40,0.01875,0.2846049894153,163311.542189754036643391799487046004929191551,True,163311.542189754036643391799487046004929191551,True,40,349,0.38,U:x-space B&B (unconditional) + C:logit (conditional on C-15 Thm 1),
A,0.0316227766017,0.0316227766017,0.0316227766017,0.7,0.7,CERTIFIED,U:x-space B&B (unconditional) + C:logit (conditional on C-15 Thm 1),True,True,4139.11113781487821766522184708136286487343549,4139.11113781487821766522184708136286489591095,4139.1111378148782176652218470813628648846262,5.43002e-39,0.333333333333333333333333333333,0.333333333333333333333333333333,0.333333333333333333333333333333,1.3343e-40,0.01875,0.2846049894153,4139.11113781487821766522184708136286488982973,True,4139.11113781487821766522184708136286488982973,True,40,349,0.43,U:x-space B&B (unconditional) + C:logit (conditional on C-15 Thm 1),
A,0.0316227766017,0.0316227766017,0.0316227766017,0.75,0.75,CERTIFIED,U:x-space B&B (unconditional) + C:logit (conditional on C-15 Thm 1),True,True,226.835606080268291203035122993300159666448997,226.83560608026829120303512299330015966683691,226.835606080268291203035122993300159666642953,1.71011e-39,0.333333333333333333333333333333,0.333333333333333333333333333333,0.333333333333333333333333333333,1.34773e-40,0.01875,0.2846049894153,226.835606080268291203035122993300159666697289,True,226.835606080268291203035122993300159666697289,True,40,351,0.47,U:x-space B&B (unconditional) + C:logit (conditional on C-15 Thm 1),
A,0.0316227766017,0.0316227766017,0.0316227766017,2/3+1e-1,0.766666666666666666666666666666666666666666667,CERTIFIED,U:x-space B&B (unconditional) + C:logit (conditional on C-15 Thm 1),True,True,123.633427575530976344066255538466094157144423,123.633427575530976344066255538466094157400093,123.633427575530976344066255538466094157272258,2.06797e-39,0.333333333333333333333333333333,0.333333333333333333333333333333,0.333333333333333333333333333333,1.35383e-40,0.01875,0.2846049894153,123.633427575530976344066255538466094157323372,True,123.633427575530976344066255538466094157323372,True,40,351,0.46,U:x-space B&B (unconditional) + C:logit (conditional on C-15 Thm 1),
A,0.0316227766017,0.0316227766017,0.0316227766017,0.8,0.8,CERTIFIED,U:x-space B&B (unconditional) + C:logit (conditional on C-15 Thm 1),True,True,45.4542154222882741680544438593776269763677977,45.4542154222882741680544438593776269764287765,45.4542154222882741680544438593776269763986545,1.34154e-39,0.333333333333333333333333333333,0.333333333333333333333333333333,0.333333333333333333333333333333,1.37033e-40,0.01875,0.2846049894153,45.4542154222882741680544438593776269764054078,True,45.4542154222882741680544438593776269764054078,True,40,359,0.44,U:x-space B&B (unconditional) + C:logit (conditional on C-15 Thm 1),
A,0.0316227766017,0.0316227766017,0.0316227766017,0.85,0.85,CERTIFIED,U:x-space B&B (unconditional) + C:logit (conditional on C-15 Thm 1),True,True,13.3265444922191295002080107979417532247688925,13.3265444922191295002080107979417532247878106,13.3265444922191295002080107979417532247784434,1.41958e-39,0.333333333333333333333333333333,0.333333333333333333333333333333,0.333333333333333333333333333333,1.41732e-40,0.01875,0.2846049894153,13.3265444922191295002080107979417532247815889,True,13.3265444922191295002080107979417532247815889,True,40,363,0.46,U:x-space B&B (unconditional) + C:logit (conditional on C-15 Thm 1),
A,0.0316227766017,0.0316227766017,0.0316227766017,0.9,0.9,CERTIFIED,U:x-space B&B (unconditional) + C:logit (conditional on C-15 Thm 1),True,True,4.3081164414074627003663073706243400406061665,4.30811644140746270036630737062434004061222764,4.30811644140746270036630737062434004060919707,1.40691e-39,0.333333333333333333333333333333,0.333333333333333333333333333333,0.333333333333333333333333333333,1.55333e-40,0.01875,0.2846049894153,4.30811644140746270036630737062434004061001251,True,4.30811644140746270036630737062434004061001251,True,40,399,0.39,U:x-space B&B (unconditional) + C:logit (conditional on C-15 Thm 1),
A,0.0316227766017,0.0316227766017,0.0316227766017,1-1e-1,0.9,CERTIFIED,U:x-space B&B (unconditional) + C:logit (conditional on C-15 Thm 1),True,True,4.3081164414074627003663073706243400406061665,4.30811644140746270036630737062434004061222764,4.30811644140746270036630737062434004060919707,1.40691e-39,0.333333333333333333333333333333,0.333333333333333333333333333333,0.333333333333333333333333333333,1.55333e-40,0.01875,0.2846049894153,4.30811644140746270036630737062434004061001251,True,4.30811644140746270036630737062434004061001251,True,40,399,0.39,U:x-space B&B (unconditional) + C:logit (conditional on C-15 Thm 1),
A,0.0316227766017,0.0316227766017,0.0316227766017,0.95,0.95,CERTIFIED,U:x-space B&B (unconditional) + C:logit (conditional on C-15 Thm 1),True,True,1.25246331622682796778540721781943303655635315,1.25246331622682796778540721781943303655839649,1.25246331622682796778540721781943303655736335,1.63146e-39,0.333333333333333333333333333333,0.333333333333333333333333333333,0.333333333333333333333333333333,2.37534e-40,0.01875,0.2846049894153,1.25246331622682796778540721781943303655766816,True,1.25246331622682796778540721781943303655766816,True,40,463,0.39,U:x-space B&B (unconditional) + C:logit (conditional on C-15 Thm 1),
A,0.0316227766017,0.0316227766017,0.0316227766017,1-1e-2,0.99,CERTIFIED,U:x-space B&B (unconditional) + C:logit (conditional on C-15 Thm 1),True,True,0.387915992473988030239480489217510135885404026,0.387915992473988030239480489217510135885886162,0.387915992473988030239480489217510135885645094,1.24289e-39,0.333333333333333333333333333333,0.333333333333333333333333333333,0.333333333333333333333333333333,2.28759e-40,0.009375,0.2846049894153,0.387915992473988030239480489217510135885717173,True,0.387915992473988030239480489217510135885717173,True,40,813,0.8,U:x-space B&B (unconditional) + C:logit (conditional on C-15 Thm 1),
A,0.0316227766017,0.0316227766017,0.0316227766017,1-1e-3,0.999,CERTIFIED,U:x-space B&B (unconditional) + C:logit (conditional on C-15 Thm 1),True,True,0.293546989220950422011427068396446959835298624,0.293546989220950422011427068396446959835820938,0.293546989220950422011427068396446959835556911,1.77932e-39,0.333333333333333333333333333333,0.333333333333333333333333333333,0.333333333333333333333333333333,3.08357e-40,0.009375,0.2846049894153,0.293546989220950422011427068396446959835661494,True,0.293546989220950422011427068396446959835661494,True,40,963,0.88,U:x-space B&B (unconditional) + C:logit (conditional on C-15 Thm 1),
A,0.0316227766017,0.0316227766017,0.0316227766017,1-1e-4,0.9999,CERTIFIED,U:x-space B&B (unconditional) + C:logit (conditional on C-15 Thm 1),True,True,0.285486442404524692379775979678338083123322631,0.285486442404524692379775979678338083123821986,0.285486442404524692379775979678338083123575178,1.74914e-39,0.333333333333333333333333333333,0.333333333333333333333333333333,0.333333333333333333333333333333,3.19875e-40,0.009375,0.2846049894153,0.28548644240452469237977597967833808312365419,True,0.28548644240452469237977597967833808312365419,True,40,1033,0.99,U:x-space B&B (unconditional) + C:logit (conditional on C-15 Thm 1),
A,0.0316227766017,0.0316227766017,0.0316227766017,1-1e-5,0.99999,CERTIFIED,U:x-space B&B (unconditional) + C:logit (conditional on C-15 Thm 1),True,True,0.284693008355358293292605478493857436471143271,0.284693008355358293292605478493857436471516353,0.284693008355358293292605478493857436471332682,1.31047e-39,0.333333333333333333333333333333,0.333333333333333333333333333333,0.333333333333333333333333333333,3.21077e-40,0.009375,0.2846049894153,0.284693008355358293292605478493857436471374918,True,0.284693008355358293292605478493857436471374918,True,40,1081,0.99,U:x-space B&B (unconditional) + C:logit (conditional on C-15 Thm 1),
A,0.0316227766017,0.0316227766017,0.0316227766017,1-1e-6,0.999999,CERTIFIED,U:x-space B&B (unconditional) + C:logit (conditional on C-15 Thm 1),True,True,0.284613790046824751515620706463784912137894403,0.284613790046824751515620706463784912138273224,0.284613790046824751515620706463784912138083813,1.331e-39,0.333333333333333333333333333333,0.333333333333333333333333333333,0.333333333333333333333333333333,3.21198e-40,0.009375,0.2846049894153,0.284613790046824751515620706463784912138107605,True,0.284613790046824751515620706463784912138107605,True,40,1137,0.98,U:x-space B&B (unconditional) + C:logit (conditional on C-15 Thm 1),
A,0.0316227766017,0.0316227766017,0.0316227766017,1-1e-7,0.9999999,CERTIFIED,U:x-space B&B (unconditional) + C:logit (conditional on C-15 Thm 1),True,True,0.284605869465828771586838676462493518468631515,0.28460586946582877158683867646249351846914809,0.284605869465828771586838676462493518468889802,1.81505e-39,0.333333333333333333333333333333,0.333333333333333333333333333333,0.333333333333333333333333333333,3.2121e-40,0.009375,0.2846049894153,0.284605869465828771586838676462493518468959959,True,0.284605869465828771586838676462493518468959959,True,40,1185,1.0,U:x-space B&B (unconditional) + C:logit (conditional on C-15 Thm 1),
A,0.0316227766017,0.0316227766017,0.0316227766017,1-1e-8,0.99999999,CERTIFIED,U:x-space B&B (unconditional) + C:logit (conditional on C-15 Thm 1),True,True,0.284605077420226641230214973311363980986216509,0.284605077420226641230214973311363980986727344,0.284605077420226641230214973311363980986474796,1.79489e-39,0.333333333333333333333333333333,0.333333333333333333333333333333,0.333333333333333333333333333333,3.21211e-40,0.009375,0.2846049894153,0.284605077420226641230214973311363980986590195,True,0.284605077420226641230214973311363980986590195,True,40,1241,0.91,U:x-space B&B (unconditional) + C:logit (conditional on C-15 Thm 1),
A,0.0316227766017,0.0316227766017,0.0316227766017,1-1e-9,0.999999999,CERTIFIED,U:x-space B&B (unconditional) + C:logit (conditional on C-15 Thm 1),True,True,0.284604998215791401764843983219853541840628582,0.284604998215791401764843983219853541841018883,0.284604998215791401764843983219853541840823732,1.37138e-39,0.333333333333333333333333333333,0.333333333333333333333333333333,0.333333333333333333333333333333,3.21211e-40,0.009375,0.2846049894153,0.284604998215791401764843983219853541840921795,True,0.284604998215791401764843983219853541840921795,True,40,1297,0.97,U:x-space B&B (unconditional) + C:logit (conditional on C-15 Thm 1),
A,0.0316227766017,0.0316227766017,0.0316227766017,1-1e-10,0.9999999999,CERTIFIED,U:x-space B&B (unconditional) + C:logit (conditional on C-15 Thm 1),True,True,0.28460499029534912755290373035535383551069878,0.284604990295349127552903730355353835511198135,0.284604990295349127552903730355353835510945587,1.75456e-39,0.333333333333333333333333333333,0.333333333333333333333333333333,0.333333333333333333333333333333,3.21211e-40,0.009375,0.2846049894153,0.28460499029534912755290373035535383551101429,True,0.28460499029534912755290373035535383551101429,True,40,1345,1.05,U:x-space B&B (unconditional) + C:logit (conditional on C-15 Thm 1),
A,0.1,0.1,0.1,2/3+1e-8,0.666666676666666666666666666666666666666666667,CERTIFIED,U:x-space B&B (unconditional) + C:logit (conditional on C-15 Thm 1),True,True,167583885133513274238834.469326687984505980121,167583885133513274238834.469326687984505980331,167583885133513274238834.469326687984505980226,1.25254e-42,0.333333333333333333333333333333,0.333333333333333333333333333333,0.333333333333333333333333333333,1.54578e-50,0.01875,0.9,167583885133513274238834.469326687984505980215,True,167583885133513274238834.469326687984505980215,True,50,349,0.47,U:x-space B&B (unconditional) + C:logit (conditional on C-15 Thm 1),
A,0.1,0.1,0.1,2/3+1e-7,0.666666766666666666666666666666666666666666667,CERTIFIED,U:x-space B&B (unconditional) + C:logit (conditional on C-15 Thm 1),True,True,167583852305449774120.368550542604669598207897,167583852305449774120.368550542604669598207918,167583852305449774120.368550542604669598207907,1.25254e-43,0.333333333333333333333333333333,0.333333333333333333333333333333,0.333333333333333333333333333333,1.54578e-50,0.01875,0.9,167583852305449774120.368550542604669598207906,True,167583852305449774120.368550542604669598207906,True,50,349,0.52,U:x-space B&B (unconditional) + C:logit (conditional on C-15 Thm 1),
A,0.1,0.1,0.1,2/3+1e-6,0.666667666666666666666666666666666666666666667,CERTIFIED,U:x-space B&B (unconditional) + C:logit (conditional on C-15 Thm 1),True,True,167583524024814771.918018401001437972992136707,167583524024814771.91801840100143797299213671,167583524024814771.918018401001437972992136709,1.84199e-44,0.333333333333333333333333333333,0.333333333333333333333333333333,0.333333333333333333333333333333,1.54578e-50,0.01875,0.9,167583524024814771.918018401001437972992136708,True,167583524024814771.918018401001437972992136708,True,50,349,0.49,U:x-space B&B (unconditional) + C:logit (conditional on C-15 Thm 1),
A,0.1,0.1,0.1,2/3+1e-5,0.666676666666666666666666666666666666666666667,CERTIFIED,U:x-space B&B (unconditional) + C:logit (conditional on C-15 Thm 1),True,True,167580241218463.732206509966634931175557515352,167580241218463.732206509966634931177360814324,167580241218463.732206509966634931176459164838,1.07608e-35,0.333333333333333333333333333333,0.333333333333333333333333333333,0.333333333333333333333333333333,1.32782e-40,0.01875,0.9,167580241218463.732206509966634931176562841804,True,167580241218463.732206509966634931176562841804,True,40,349,0.44,U:x-space B&B (unconditional) + C:logit (conditional on C-15 Thm 1),
A,0.1,0.1,0.1,2/3+1e-4,0.666766666666666666666666666666666666666666667,CERTIFIED,U:x-space B&B (unconditional) + C:logit (conditional on C-15 Thm 1),True,True,167547413153.935676638479820411869248733077664,167547413153.93567663847982041186924891354064,167547413153.93567663847982041186924882331073,1.07709e-36,0.333333333333333333333333333333,0.333333333333333333333333333333,0.333333333333333333333333333333,1.32787e-40,0.01875,0.9,167547413153.935676638479820411869248827550399,True,167547413153.935676638479820411869248827550399,True,40,349,0.47,U:x-space B&B (unconditional) + C:logit (conditional on C-15 Thm 1),
A,0.1,0.1,0.1,2/3+1e-3,0.667666666666666666666666666666666666666666667,CERTIFIED,U:x-space B&B (unconditional) + C:logit (conditional on C-15 Thm 1),True,True,167219131.49129285156973795896077432083257445,167219131.491292851569737958960774320857133908,167219131.491292851569737958960774320844854179,1.4687e-37,0.333333333333333333333333333333,0.333333333333333333333333333333,0.333333333333333333333333333333,1.32837e-40,0.01875,0.9,167219131.491292851569737958960774320849417509,True,167219131.491292851569737958960774320849417509,True,40,349,0.46,U:x-space B&B (unconditional) + C:logit (conditional on C-15 Thm 1),
A,0.1,0.1,0.1,2/3+1e-2,0.676666666666666666666666666666666666666666667,CERTIFIED,U:x-space B&B (unconditional) + C:logit (conditional on C-15 Thm 1),True,True,163935.300534610997267944785835063870089107092,163935.30053461099726794478583506387009100293,163935.300534610997267944785835063870090055011,1.15645e-38,0.333333333333333333333333333333,0.333333333333333333333333333333,0.333333333333333333333333333333,1.33354e-40,0.01875,0.9,163935.300534610997267944785835063870090827728,True,163935.300534610997267944785835063870090827728,True,40,349,0.44,U:x-space B&B (unconditional) + C:logit (conditional on C-15 Thm 1),
A,0.1,0.1,0.1,0.7,0.7,CERTIFIED,U:x-space B&B (unconditional) + C:logit (conditional on C-15 Thm 1),True,True,4195.46736711147697188057591467671698591033493,4195.46736711147697188057591467671698593281038,4195.46736711147697188057591467671698592161967,5.35708e-39,0.333333333333333333333333333333,0.333333333333333333333333333333,0.333333333333333333333333333333,1.34857e-40,0.01875,0.9,4195.46736711147697188057591467671698592663899,True,4195.46736711147697188057591467671698592663899,True,40,351,0.44,U:x-space B&B (unconditional) + C:logit (conditional on C-15 Thm 1),
A,0.1,0.1,0.1,0.75,0.75,CERTIFIED,U:x-space B&B (unconditional) + C:logit (conditional on C-15 Thm 1),True,True,236.067921454278779001426026881549672058101552,236.067921454278779001426026881549672058507097,236.067921454278779001426026881549672058304324,1.71792e-39,0.333333333333333333333333333333,0.333333333333333333333333333333,0.333333333333333333333333333333,1.39274e-40,0.01875,0.9,236.06792145427877900142602688154967205836242,True,236.06792145427877900142602688154967205836242,True,40,361,0.52,U:x-space B&B (unconditional) + C:logit (conditional on C-15 Thm 1),
A,0.1,0.1,0.1,2/3+1e-1,0.766666666666666666666666666666666666666666667,CERTIFIED,U:x-space B&B (unconditional) + C:logit (conditional on C-15 Thm 1),True,True,130.127418880487694701242203783921722707242368,130.127418880487694701242203783921722707512731,130.12741888048769470124220378392172270737755,2.07768e-39,0.333333333333333333333333333333,0.333333333333333333333333333333,0.333333333333333333333333333333,1.41323e-40,0.01875,0.9,130.127418880487694701242203783921722707438426,True,130.127418880487694701242203783921722707438426,True,40,361,0.58,U:x-space B&B (unconditional) + C:logit (conditional on C-15 Thm 1),
A,0.1,0.1,0.1,0.8,0.8,CERTIFIED,U:x-space B&B (unconditional) + C:logit (conditional on C-15 Thm 1),True,True,49.2305694313123038077248507963824423443506644,49.2305694313123038077248507963824423444153166,49.2305694313123038077248507963824423443829905,1.31325e-39,0.333333333333333333333333333333,0.333333333333333333333333333333,0.333333333333333333333333333333,1.46956e-40,0.01875,0.9,49.230569431312303807724850796382442344391444,True,49.230569431312303807724850796382442344391444,True,40,383,0.36,U:x-space B&B (unconditional) + C:logit (conditional on C-15 Thm 1),
A,0.1,0.1,0.1,0.85,0.85,CERTIFIED,U:x-space B&B (unconditional) + C:logit (conditional on C-15 Thm 1),True,True,15.4624351035834013216916232338724542383941097,15.4624351035834013216916232338724542384157828,15.4624351035834013216916232338724542384049463,1.40167e-39,0.333333333333333333333333333333,0.333333333333333333333333333333,0.333333333333333333333333333333,1.63436e-40,0.01875,0.9,15.4624351035834013216916232338724542384084739,True,15.4624351035834013216916232338724542384084739,True,40,405,0.41,U:x-space B&B (unconditional) + C:logit (conditional on C-15 Thm 1),
A,0.1,0.1,0.1,0.9,0.9,CERTIFIED,U:x-space B&B (unconditional) + C:logit (conditional on C-15 Thm 1),True,True,5.72811906191015947702145857452149125224694393,5.72811906191015947702145857452149125225419893,5.72811906191015947702145857452149125225061735,1.26656e-39,0.333333333333333333333333333333,0.333333333333333333333333333333,0.333333333333333333333333333333,2.13409e-40,0.01875,0.9,5.72811906191015947702145857452149125225161128,True,5.72811906191015947702145857452149125225161128,True,40,449,0.43,U:x-space B&B (unconditional) + C:logit (conditional on C-15 Thm 1),
A,0.1,0.1,0.1,1-1e-1,0.9,CERTIFIED,U:x-space B&B (unconditional) + C:logit (conditional on C-15 Thm 1),True,True,5.72811906191015947702145857452149125224694393,5.72811906191015947702145857452149125225419893,5.72811906191015947702145857452149125225061735,1.26656e-39,0.333333333333333333333333333333,0.333333333333333333333333333333,0.333333333333333333333333333333,2.13409e-40,0.01875,0.9,5.72811906191015947702145857452149125225161128,True,5.72811906191015947702145857452149125225161128,True,40,449,0.45,U:x-space B&B (unconditional) + C:logit (conditional on C-15 Thm 1),
A,0.1,0.1,0.1,0.95,0.95,CERTIFIED,U:x-space B&B (unconditional) + C:logit (conditional on C-15 Thm 1),True,True,2.2429215235999016846061461521730341256484655,2.24292152359990168460614615217303412565135832,2.24292152359990168460614615217303412564993487,1.28975e-39,0.333333333333333333333333333333,0.333333333333333333333333333333,0.333333333333333333333333333333,6.67209e-40,0.01875,0.9,2.2429215235999016846061461521730341256502932,True,2.2429215235999016846061461521730341256502932,True,40,531,0.42,U:x-space B&B (unconditional) + C:logit (conditional on C-15 Thm 1),
A,0.1,0.1,0.1,1-1e-2,0.99,CERTIFIED,U:x-space B&B (unconditional) + C:logit (conditional on C-15 Thm 1),True,True,1.07659038516773650015257131832742836803967469,1.07659038516773650015257131832742836804061601,1.07659038516773650015257131832742836804015683,8.74347e-40,0.333333333333333333333333333333,0.333333333333333333333333333333,0.333333333333333333333333333333,2.09666e-40,0.009375,0.9,1.0765903851677365001525713183274283680402835,True,1.0765903851677365001525713183274283680402835,True,40,863,0.9,U:x-space B&B (unconditional) + C:logit (conditional on C-15 Thm 1),
A,0.1,0.1,0.1,1-1e-3,0.999,CERTIFIED,U:x-space B&B (unconditional) + C:logit (conditional on C-15 Thm 1),True,True,0.916159132718419844206184037251174510280209881,0.916159132718419844206184037251174510281311907,0.916159132718419844206184037251174510280760894,1.20288e-39,0.333333333333333333333333333333,0.333333333333333333333333333333,0.333333333333333333333333333333,2.51226e-40,0.009375,0.9,0.916159132718419844206184037251174510280938401,True,0.916159132718419844206184037251174510280938401,True,40,987,0.9,U:x-space B&B (unconditional) + C:logit (conditional on C-15 Thm 1),
A,0.1,0.1,0.1,1-1e-4,0.9999,CERTIFIED,U:x-space B&B (unconditional) + C:logit (conditional on C-15 Thm 1),True,True,0.901601826120025006158067331305264193697785655,0.901601826120025006158067331305264193698864722,0.901601826120025006158067331305264193698325189,1.19683e-39,0.333333333333333333333333333333,0.333333333333333333333333333333,0.333333333333333333333333333333,2.56382e-40,0.009375,0.9,0.901601826120025006158067331305264193698513021,True,0.901601826120025006158067331305264193698513021,True,40,1041,0.88,U:x-space B&B (unconditional) + C:logit (conditional on C-15 Thm 1),
A,0.1,0.1,0.1,1-1e-5,0.99999,CERTIFIED,U:x-space B&B (unconditional) + C:logit (conditional on C-15 Thm 1),True,True,0.900160042613748743898356399494735347886755632,0.900160042613748743898356399494735347887570672,0.900160042613748743898356399494735347887168892,9.05439e-40,0.333333333333333333333333333333,0.333333333333333333333333333333,0.333333333333333333333333333333,2.5691e-40,0.009375,0.9,0.90016004261374874389835639949473534788726431,True,0.90016004261374874389835639949473534788726431,True,40,1097,0.9,U:x-space B&B (unconditional) + C:logit (conditional on C-15 Thm 1),
A,0.1,0.1,0.1,1-1e-6,0.999999,CERTIFIED,U:x-space B&B (unconditional) + C:logit (conditional on C-15 Thm 1),True,True,0.900016002862261876652307523819835842051177206,0.900016002862261876652307523819835842052061123,0.900016002862261876652307523819835842051624904,9.82112e-40,0.333333333333333333333333333333,0.333333333333333333333333333333,0.333333333333333333333333333333,2.56963e-40,0.009375,0.9,0.90001600286226187665230752381983584205166209,True,0.90001600286226187665230752381983584205166209,True,40,1145,0.91,U:x-space B&B (unconditional) + C:logit (conditional on C-15 Thm 1),
A,0.1,0.1,0.1,1-1e-7,0.9999999,CERTIFIED,U:x-space B&B (unconditional) + C:logit (conditional on C-15 Thm 1),True,True,0.90000160027223592685655097269127397862434919,0.900001600272235926856550972691273978625451216,0.900001600272235926856550972691273978624900203,1.22447e-39,0.333333333333333333333333333333,0.333333333333333333333333333333,0.333333333333333333333333333333,2.56969e-40,0.009375,0.9,0.900001600272235926856550972691273978625032375,True,0.900001600272235926856550972691273978625032375,True,40,1201,1.08,U:x-space B&B (unconditional) + C:logit (conditional on C-15 Thm 1),
A,0.1,0.1,0.1,1-1e-8,0.99999999,CERTIFIED,U:x-space B&B (unconditional) + C:logit (conditional on C-15 Thm 1),True,True,0.900000160027083690946699894733444555152177781,0.900000160027083690946699894733444555153256848,0.900000160027083690946699894733444555152717314,1.19896e-39,0.333333333333333333333333333333,0.333333333333333333333333333333,0.333333333333333333333333333333,2.56969e-40,0.009375,0.9,0.900000160027083690946699894733444555152923419,True,0.900000160027083690946699894733444555152923419,True,40,1257,1.15,U:x-space B&B (unconditional) + C:logit (conditional on C-15 Thm 1),
A,0.1,0.1,0.1,1-1e-9,0.999999999,CERTIFIED,U:x-space B&B (unconditional) + C:logit (conditional on C-15 Thm 1),True,True,0.900000016002706970078149565333356501826371931,0.90000001600270697007814956533335650182722141,0.900000016002706970078149565333356501826796671,9.43865e-40,0.333333333333333333333333333333,0.333333333333333333333333333333,0.333333333333333333333333333333,2.56969e-40,0.009375,0.9,0.900000016002706970078149565333356501826996195,True,0.900000016002706970078149565333356501826996195,True,40,1305,1.03,U:x-space B&B (unconditional) + C:logit (conditional on C-15 Thm 1),
A,0.1,0.1,0.1,1-1e-10,0.9999999999,CERTIFIED,U:x-space B&B (unconditional) + C:logit (conditional on C-15 Thm 1),True,True,0.900000001600270683017650621419450151601570782,0.900000001600270683017650621419450151602672808,0.900000001600270683017650621419450151602121795,1.22447e-39,0.333333333333333333333333333333,0.333333333333333333333333333333,0.333333333333333333333333333333,2.56969e-40,0.009375,0.9,0.900000001600270683017650621419450151602287895,True,0.900000001600270683017650621419450151602287895,True,40,1361,1.02,U:x-space B&B (unconditional) + C:logit (conditional on C-15 Thm 1),
A,0.316227766017,0.316227766017,0.316227766017,2/3+1e-8,0.666666676666666666666666666666666666666666667,CERTIFIED,U:x-space B&B (unconditional) + C:logit (conditional on C-15 Thm 1),True,True,167583887105274061265115.992081944037532499582,167583887105274061265115.992081944037532499792,167583887105274061265115.992081944037532499687,1.25254e-42,0.333333333333333333333333333333,0.333333333333333333333333333333,0.333333333333333333333333333333,1.54578e-50,0.01875,2.846049894153,167583887105274061265115.992081944037532499676,True,167583887105274061265115.992081944037532499676,True,50,349,0.54,U:x-space B&B (unconditional) + C:logit (conditional on C-15 Thm 1),
A,0.316227766017,0.316227766017,0.316227766017,2/3+1e-7,0.666666766666666666666666666666666666666666667,CERTIFIED,U:x-space B&B (unconditional) + C:logit (conditional on C-15 Thm 1),True,True,167583872023057644383.749540240665996279472385,167583872023057644383.749540240665996279472406,167583872023057644383.749540240665996279472396,1.25254e-43,0.333333333333333333333333333333,0.333333333333333333333333333333,0.333333333333333333333333333333,1.54578e-50,0.01875,2.846049894153,167583872023057644383.749540240665996279472395,True,167583872023057644383.749540240665996279472395,True,50,349,0.5,U:x-space B&B (unconditional) + C:logit (conditional on C-15 Thm 1),
A,0.316227766017,0.316227766017,0.316227766017,2/3+1e-6,0.666667666666666666666666666666666666666666667,CERTIFIED,U:x-space B&B (unconditional) + C:logit (conditional on C-15 Thm 1),True,True,167583721200893475.117590581428096994987333876,167583721200893475.117590581428096994987333879,167583721200893475.117590581428096994987333877,1.84199e-44,0.333333333333333333333333333333,0.333333333333333333333333333333,0.333333333333333333333333333333,1.54578e-50,0.01875,2.846049894153,167583721200893475.117590581428096994987333877,True,167583721200893475.117590581428096994987333877,True,50,349,0.57,U:x-space B&B (unconditional) + C:logit (conditional on C-15 Thm 1),
A,0.316227766017,0.316227766017,0.316227766017,2/3+1e-5,0.666676666666666666666666666666666666666666667,CERTIFIED,U:x-space B&B (unconditional) + C:logit (conditional on C-15 Thm 1),True,True,167582212979251.329965894648654138272412881636,167582212979251.329965894648654138274216203226,167582212979251.329965894648654138273314540815,1.07608e-35,0.333333333333333333333333333333,0.333333333333333333333333333333,0.333333333333333333333333333333,1.32783e-40,0.01875,2.846049894153,167582212979251.329965894648654138273418218341,True,167582212979251.329965894648654138273418218341,True,40,349,0.63,U:x-space B&B (unconditional) + C:logit (conditional on C-15 Thm 1),
A,0.316227766017,0.316227766017,0.316227766017,2/3+1e-4,0.666766666666666666666666666666666666666666667,CERTIFIED,U:x-space B&B (unconditional) + C:logit (conditional on C-15 Thm 1),True,True,167567130762.377431687439219498342020547397167,167567130762.377431687439219498342020727907475,167567130762.377431687439219498342020637652321,1.07724e-36,0.333333333333333333333333333333,0.333333333333333333333333333333,0.333333333333333333333333333333,1.32799e-40,0.01875,2.846049894153,167567130762.377431687439219498342020641907067,True,167567130762.377431687439219498342020641907067,True,40,349,0.44,U:x-space B&B (unconditional) + C:logit (conditional on C-15 Thm 1),
A,0.316227766017,0.316227766017,0.316227766017,2/3+1e-3,0.667666666666666666666666666666666666666666667,CERTIFIED,U:x-space B&B (unconditional) + C:logit (conditional on C-15 Thm 1),True,True,167416308.141625567695297028618050664333356681,167416308.141625567695297028618050664357931547,167416308.141625567695297028618050664345642573,1.46789e-37,0.333333333333333333333333333333,0.333333333333333333333333333333,0.333333333333333333333333333333,1.32957e-40,0.01875,2.846049894153,167416308.141625567695297028618050664350204949,True,167416308.141625567695297028618050664350204949,True,40,349,0.44,U:x-space B&B (unconditional) + C:logit (conditional on C-15 Thm 1),
A,0.316227766017,0.316227766017,0.316227766017,2/3+1e-2,0.676666666666666666666666666666666666666666667,CERTIFIED,U:x-space B&B (unconditional) + C:logit (conditional on C-15 Thm 1),True,True,165907.63430531059882561270641329477745089691,165907.63430531059882561270641329477745282284,165907.634305310598825612706413294777451859875,1.16084e-38,0.333333333333333333333333333333,0.333333333333333333333333333333,0.333333333333333333333333333333,1.3461e-40,0.01875,2.846049894153,165907.634305310598825612706413294777452633682,True,165907.634305310598825612706413294777452633682,True,40,351,0.46,U:x-space B&B (unconditional) + C:logit (conditional on C-15 Thm 1),
A,0.316227766017,0.316227766017,0.316227766017,0.7,0.7,CERTIFIED,U:x-space B&B (unconditional) + C:logit (conditional on C-15 Thm 1),True,True,4373.50200363052931640182482160289758151030962,4373.50200363052931640182482160289758153438375,4373.50200363052931640182482160289758152234669,5.50454e-39,0.333333333333333333333333333333,0.333333333333333333333333333333,0.333333333333333333333333333333,1.39572e-40,0.01875,2.846049894153,4373.5020036305293164018248216028975815277595,True,4373.5020036305293164018248216028975815277595,True,40,361,0.52,U:x-space B&B (unconditional) + C:logit (conditional on C-15 Thm 1),
A,0.316227766017,0.316227766017,0.316227766017,0.75,0.75,CERTIFIED,U:x-space B&B (unconditional) + C:logit (conditional on C-15 Thm 1),True,True,265.040832203283064936446645245853463997234205,265.040832203283064936446645245853463997722035,265.040832203283064936446645245853463997481059,1.84058e-39,0.333333333333333333333333333333,0.333333333333333333333333333333,0.333333333333333333333333333333,1.5515e-40,0.01875,2.846049894153,265.040832203283064936446645245853463997547658,True,265.040832203283064936446645245853463997547658,True,40,399,0.51,U:x-space B&B (unconditional) + C:logit (conditional on C-15 Thm 1),
A,0.316227766017,0.316227766017,0.316227766017,2/3+1e-1,0.766666666666666666666666666666666666666666667,CERTIFIED,U:x-space B&B (unconditional) + C:logit (conditional on C-15 Thm 1),True,True,150.423846452513569854464081594928222253829982,150.423846452513569854464081594928222254147366,150.423846452513569854464081594928222253988674,2.10993e-39,0.333333333333333333333333333333,0.333333333333333333333333333333,0.333333333333333333333333333333,1.62732e-40,0.01875,2.846049894153,150.423846452513569854464081594928222254051678,True,150.423846452513569854464081594928222254051678,True,40,403,0.44,U:x-space B&B (unconditional) + C:logit (conditional on C-15 Thm 1),
A,0.316227766017,0.316227766017,0.316227766017,0.8,0.8,CERTIFIED,U:x-space B&B (unconditional) + C:logit (conditional on C-15 Thm 1),True,True,60.8942944869870096358733508146758704821159811,60.8942944869870096358733508146758704822019391,60.8942944869870096358733508146758704821593275,1.41159e-39,0.333333333333333333333333333333,0.333333333333333333333333333333,0.333333333333333333333333333333,1.84376e-40,0.01875,2.846049894153,60.8942944869870096358733508146758704821683116,True,60.8942944869870096358733508146758704821683116,True,40,427,0.48,U:x-space B&B (unconditional) + C:logit (conditional on C-15 Thm 1),
A,0.316227766017,0.316227766017,0.316227766017,0.85,0.85,CERTIFIED,U:x-space B&B (unconditional) + C:logit (conditional on C-15 Thm 1),True,True,21.8726669218435724622717025652718537988631684,21.8726669218435724622717025652718537988940252,21.8726669218435724622717025652718537988785968,1.41074e-39,0.333333333333333333333333333333,0.333333333333333333333333333333,0.333333333333333333333333333333,2.53436e-40,0.01875,2.846049894153,21.8726669218435724622717025652718537988839697,True,21.8726669218435724622717025652718537988839697,True,40,471,0.51,U:x-space B&B (unconditional) + C:logit (conditional on C-15 Thm 1),
A,0.316227766017,0.316227766017,0.316227766017,0.9,0.9,CERTIFIED,U:x-space B&B (unconditional) + C:logit (conditional on C-15 Thm 1),True,True,9.82542040558774016395712877880079763797849621,9.82542040558774016395712877880079763799116951,9.8254204055877401639571287788007976379849247,1.28985e-39,0.333333333333333333333333333333,0.333333333333333333333333333333,0.333333333333333333333333333333,5.45696e-40,0.01875,2.846049894153,9.82542040558774016395712877880079763798664755,True,9.82542040558774016395712877880079763798664755,True,40,525,0.5,U:x-space B&B (unconditional) + C:logit (conditional on C-15 Thm 1),
A,0.316227766017,0.316227766017,0.316227766017,1-1e-1,0.9,CERTIFIED,U:x-space B&B (unconditional) + C:logit (conditional on C-15 Thm 1),True,True,9.82542040558774016395712877880079763797849621,9.82542040558774016395712877880079763799116951,9.8254204055877401639571287788007976379849247,1.28985e-39,0.333333333333333333333333333333,0.333333333333333333333333333333,0.333333333333333333333333333333,5.45696e-40,0.01875,2.846049894153,9.82542040558774016395712877880079763798664755,True,9.82542040558774016395712877880079763798664755,True,40,525,0.53,U:x-space B&B (unconditional) + C:logit (conditional on C-15 Thm 1),
A,0.316227766017,0.316227766017,0.316227766017,0.95,0.95,CERTIFIED,U:x-space B&B (unconditional) + C:logit (conditional on C-15 Thm 1),True,True,5.04878974510695408970048794289459496219966818,5.04878974510695408970048794289459496220453546,5.04878974510695408970048794289459496220214773,9.64049e-40,0.333333333333333333333333333333,0.333333333333333333333333333333,0.333333333333333333333333333333,1.63862e-40,0.009375,2.846049894153,5.04878974510695408970048794289459496220260726,True,5.04878974510695408970048794289459496220260726,True,40,743,0.64,U:x-space B&B (unconditional) + C:logit (conditional on C-15 Thm 1),
A,0.316227766017,0.316227766017,0.316227766017,1-1e-2,0.99,CERTIFIED,U:x-space B&B (unconditional) + C:logit (conditional on C-15 Thm 1),True,True,3.17193554849978608543152267950912453022182843,3.17193554849978608543152267950912453022421615,3.17193554849978608543152267950912453022302229,7.52765e-40,0.333333333333333333333333333333,0.333333333333333333333333333333,0.333333333333333333333333333333,2.87461e-40,0.009375,2.846049894153,3.17193554849978608543152267950912453022329423,True,3.17193554849978608543152267950912453022329423,True,40,923,0.93,U:x-space B&B (unconditional) + C:logit (conditional on C-15 Thm 1),
A,0.316227766017,0.316227766017,0.316227766017,1-1e-3,0.999,CERTIFIED,U:x-space B&B (unconditional) + C:logit (conditional on C-15 Thm 1),True,True,2.87669663342731050274071826902213606944877119,2.87669663342731050274071826902213606945148033,2.87669663342731050274071826902213606945014872,9.41756e-40,0.333333333333333333333333333333,0.333333333333333333333333333333,0.333333333333333333333333333333,3.1747e-40,0.009375,2.846049894153,2.876696633427310502740718269022136069450545,True,2.876696633427310502740718269022136069450545,True,40,999,0.84,U:x-space B&B (unconditional) + C:logit (conditional on C-15 Thm 1),
A,0.316227766017,0.316227766017,0.316227766017,1-1e-4,0.9999,CERTIFIED,U:x-space B&B (unconditional) + C:logit (conditional on C-15 Thm 1),True,True,2.8490961503496099569686228039626865365180235,2.84909615034960995696862280396268653652073265,2.84909615034960995696862280396268653651940103,9.5088e-40,0.333333333333333333333333333333,0.333333333333333333333333333333,0.333333333333333333333333333333,3.20833e-40,0.009375,2.846049894153,2.84909615034960995696862280396268653651977439,True,2.84909615034960995696862280396268653651977439,True,40,1057,0.99,U:x-space B&B (unconditional) + C:logit (conditional on C-15 Thm 1),
A,0.316227766017,0.316227766017,0.316227766017,1-1e-5,0.99999,CERTIFIED,U:x-space B&B (unconditional) + C:logit (conditional on C-15 Thm 1),True,True,2.84635433655023969125726478346789218753995189,2.84635433655023969125726478346789218754201819,2.846354336550239691257264783467892187541008,7.25946e-40,0.333333333333333333333333333333,0.333333333333333333333333333333,0.333333333333333333333333333333,3.21174e-40,0.009375,2.846049894153,2.84635433655023969125726478346789218754127697,True,2.84635433655023969125726478346789218754127697,True,40,1105,0.89,U:x-space B&B (unconditional) + C:logit (conditional on C-15 Thm 1),
A,0.316227766017,0.316227766017,0.316227766017,1-1e-6,0.999999,CERTIFIED,U:x-space B&B (unconditional) + C:logit (conditional on C-15 Thm 1),True,True,2.84608033656145027265735718493390077437556454,2.84608033656145027265735718493390077437772267,2.84608033656145027265735718493390077437666656,7.58283e-40,0.333333333333333333333333333333,0.333333333333333333333333333333,0.333333333333333333333333333333,3.21208e-40,0.009375,2.846049894153,2.84608033656145027265735718493390077437683458,True,2.84608033656145027265735718493390077437683458,True,40,1161,0.84,U:x-space B&B (unconditional) + C:logit (conditional on C-15 Thm 1),
A,0.316227766017,0.316227766017,0.316227766017,1-1e-7,0.9999999,CERTIFIED,U:x-space B&B (unconditional) + C:logit (conditional on C-15 Thm 1),True,True,2.8460529383755332403824568283287412418795288,2.84605293837553324038245682832874124188210019,2.84605293837553324038245682832874124188081449,9.03495e-40,0.333333333333333333333333333333,0.333333333333333333333333333333,0.333333333333333333333333333333,3.21211e-40,0.009375,2.846049894153,2.84605293837553324038245682832874124188110586,True,2.84605293837553324038245682832874124188110586,True,40,1217,0.91,U:x-space B&B (unconditional) + C:logit (conditional on C-15 Thm 1),
A,0.316227766017,0.316227766017,0.316227766017,1-1e-8,0.99999999,CERTIFIED,U:x-space B&B (unconditional) + C:logit (conditional on C-15 Thm 1),True,True,2.84605019857507020711945080015415448462323526,2.8460501985750702071194508001541544846259444,2.84605019857507020711945080015415448462456687,9.51897e-40,0.333333333333333333333333333333,0.333333333333333333333333333333,0.333333333333333333333333333333,3.21211e-40,0.009375,2.846049894153,2.84605019857507020711945080015415448462501883,True,2.84605019857507020711945080015415448462501883,True,40,1265,0.88,U:x-space B&B (unconditional) + C:logit (conditional on C-15 Thm 1),
A,0.316227766017,0.316227766017,0.316227766017,1-1e-9,0.999999999,CERTIFIED,U:x-space B&B (unconditional) + C:logit (conditional on C-15 Thm 1),True,True,2.84604992459520518954370716474517854475298099,2.84604992459520518954370716474517854475523096,2.84604992459520518954370716474517854475408302,7.90559e-40,0.333333333333333333333333333333,0.333333333333333333333333333333,0.333333333333333333333333333333,3.21211e-40,0.009375,2.846049894153,2.84604992459520518954370716474517854475461281,True,2.84604992459520518954370716474517854475461281,True,40,1321,1.19,U:x-space B&B (unconditional) + C:logit (conditional on C-15 Thm 1),
A,0.316227766017,0.316227766017,0.316227766017,1-1e-10,0.9999999999,CERTIFIED,U:x-space B&B (unconditional) + C:logit (conditional on C-15 Thm 1),True,True,2.84604989719722050064268928735493707031935343,2.84604989719722050064268928735493707032206258,2.84604989719722050064268928735493707032073096,9.51897e-40,0.333333333333333333333333333333,0.333333333333333333333333333333,0.333333333333333333333333333333,3.21211e-40,0.009375,2.846049894153,2.84604989719722050064268928735493707032107969,True,2.84604989719722050064268928735493707032107969,True,40,1377,1.02,U:x-space B&B (unconditional) + C:logit (conditional on C-15 Thm 1),
A,1.0,1.0,1.0,2/3+1e-8,0.666666676666666666666666666666666666666666667,CERTIFIED,U:x-space B&B (unconditional) + C:logit (conditional on C-15 Thm 1),True,True,167583893340529149268195.360280920537714656263,167583893340529149268195.360280920537714656472,167583893340529149268195.360280920537714656368,1.25254e-42,0.333333333333333333333333333333,0.333333333333333333333333333333,0.333333333333333333333333333333,1.15933e-50,0.01875,9.0,167583893340529149268195.360280920537714656356,True,167583893340529149268195.360280920537714656356,True,50,349,0.4,U:x-space B&B (unconditional) + C:logit (conditional on C-15 Thm 1),
A,1.0,1.0,1.0,2/3+1e-7,0.666666766666666666666666666666666666666666667,CERTIFIED,U:x-space B&B (unconditional) + C:logit (conditional on C-15 Thm 1),True,True,167583934375608524415.36742004530207207884819,167583934375608524415.367420045302072078848211,167583934375608524415.367420045302072078848201,1.25254e-43,0.333333333333333333333333333333,0.333333333333333333333333333333,0.333333333333333333333333333333,1.15933e-50,0.01875,9.0,167583934375608524415.3674200453020720788482,True,167583934375608524415.3674200453020720788482,True,50,349,0.58,U:x-space B&B (unconditional) + C:logit (conditional on C-15 Thm 1),
A,1.0,1.0,1.0,2/3+1e-6,0.666667666666666666666666666666666666666666667,CERTIFIED,U:x-space B&B (unconditional) + C:logit (conditional on C-15 Thm 1),True,True,167584344726402276.257966699746638713488694441,167584344726402276.257966699746638713488694444,167584344726402276.257966699746638713488694443,1.84199e-44,0.333333333333333333333333333333,0.333333333333333333333333333333,0.333333333333333333333333333333,1.15934e-50,0.01875,9.0,167584344726402276.257966699746638713488694443,True,167584344726402276.257966699746638713488694443,True,50,349,0.49,U:x-space B&B (unconditional) + C:logit (conditional on C-15 Thm 1),
A,1.0,1.0,1.0,2/3+1e-5,0.666676666666666666666666666666666666666666667,CERTIFIED,U:x-space B&B (unconditional) + C:logit (conditional on C-15 Thm 1),True,True,167588448234340.165562030088626056953059290908,167588448234340.16556203008862605695486272882,167588448234340.16556203008862605695396101148,1.07611e-35,0.333333333333333333333333333333,0.333333333333333333333333333333,0.333333333333333333333333333333,9.95901e-41,0.01875,9.0,167588448234340.16556203008862605695406469247,True,167588448234340.16556203008862605695406469247,True,40,349,0.5,U:x-space B&B (unconditional) + C:logit (conditional on C-15 Thm 1),
A,1.0,1.0,1.0,2/3+1e-4,0.666766666666666666666666666666666666666666667,CERTIFIED,U:x-space B&B (unconditional) + C:logit (conditional on C-15 Thm 1),True,True,167629483314.089930560247897740703692574213709,167629483314.08993056024789774070369275478397,167629483314.089930560247897740703692664500417,1.0772e-36,0.333333333333333333333333333333,0.333333333333333333333333333333,0.333333333333333333333333333333,9.96275e-41,0.01875,9.0,167629483314.089930560247897740703692668732787,True,167629483314.089930560247897740703692668732787,True,40,349,0.49,U:x-space B&B (unconditional) + C:logit (conditional on C-15 Thm 1),
A,1.0,1.0,1.0,2/3+1e-3,0.667666666666666666666666666666666666666666667,CERTIFIED,U:x-space B&B (unconditional) + C:logit (conditional on C-15 Thm 1),True,True,168039834.482398572860210693770374427400158766,168039834.482398572860210693770374427424847647,168039834.482398572860210693770374427412503206,1.46923e-37,0.333333333333333333333333333333,0.333333333333333333333333333333,0.333333333333333333333333333333,1.00005e-40,0.01875,9.0,168039834.482398572860210693770374427417063035,True,168039834.482398572860210693770374427417063035,True,40,349,0.43,U:x-space B&B (unconditional) + C:logit (conditional on C-15 Thm 1),
A,1.0,1.0,1.0,2/3+1e-2,0.676666666666666666666666666666666666666666667,CERTIFIED,U:x-space B&B (unconditional) + C:logit (conditional on C-15 Thm 1),True,True,172143.716383259275555691308310764727445851721,172143.716383259275555691308310764727447895012,172143.716383259275555691308310764727446874871,1.18697e-38,0.333333333333333333333333333333,0.333333333333333333333333333333,0.333333333333333333333333333333,1.0406e-40,0.01875,9.0,172143.716383259275555691308310764727447678775,True,172143.716383259275555691308310764727447678775,True,40,359,0.46,U:x-space B&B (unconditional) + C:logit (conditional on C-15 Thm 1),
A,1.0,1.0,1.0,0.7,0.7,CERTIFIED,U:x-space B&B (unconditional) + C:logit (conditional on C-15 Thm 1),True,True,4935.48872732317803869647902651459797966812029,4935.48872732317803869647902651459797969567388,4935.48872732317803869647902651459797968185007,5.58275e-39,0.333333333333333333333333333333,0.333333333333333333333333333333,0.333333333333333333333333333333,1.17348e-40,0.01875,9.0,4935.48872732317803869647902651459797968768935,True,4935.48872732317803869647902651459797968768935,True,40,399,0.32,U:x-space B&B (unconditional) + C:logit (conditional on C-15 Thm 1),
A,1.0,1.0,1.0,0.75,0.75,CERTIFIED,U:x-space B&B (unconditional) + C:logit (conditional on C-15 Thm 1),True,True,355.611676355712141579508379731422559774362639,355.611676355712141579508379731422559775003283,355.6116763557121415795083797314225597746859,1.80153e-39,0.333333333333333333333333333333,0.333333333333333333333333333333,0.333333333333333333333333333333,1.67431e-40,0.01875,9.0,355.611676355712141579508379731422559774746505,True,355.611676355712141579508379731422559774746505,True,40,455,0.29,U:x-space B&B (unconditional) + C:logit (conditional on C-15 Thm 1),
A,1.0,1.0,1.0,2/3+1e-1,0.766666666666666666666666666666666666666666667,CERTIFIED,U:x-space B&B (unconditional) + C:logit (conditional on C-15 Thm 1),True,True,213.548423940685916596056730560372052057795022,213.548423940685916596056730560372052058250526,213.548423940685916596056730560372052058024243,2.13302e-39,0.333333333333333333333333333333,0.333333333333333333333333333333,0.333333333333333333333333333333,1.96309e-40,0.01875,9.0,213.548423940685916596056730560372052058105568,True,213.548423940685916596056730560372052058105568,True,40,477,0.42,U:x-space B&B (unconditional) + C:logit (conditional on C-15 Thm 1),
A,1.0,1.0,1.0,0.8,0.8,CERTIFIED,U:x-space B&B (unconditional) + C:logit (conditional on C-15 Thm 1),True,True,96.7154941467416273742783861443646213401263678,96.7154941467416273742783861443646213402615496,96.7154941467416273742783861443646213401939587,1.39773e-39,0.333333333333333333333333333333,0.333333333333333333333333333333,0.333333333333333333333333333333,2.99968e-40,0.01875,9.0,96.7154941467416273742783861443646213402102941,True,96.7154941467416273742783861443646213402102941,True,40,505,0.45,U:x-space B&B (unconditional) + C:logit (conditional on C-15 Thm 1),
A,1.0,1.0,1.0,0.85,0.85,CERTIFIED,U:x-space B&B (unconditional) + C:logit (conditional on C-15 Thm 1),True,True,41.1299975711176864408335975946652597636292854,41.1299975711176864408335975946652597636821827,41.1299975711176864408335975946652597636557341,1.2861e-39,0.333333333333333333333333333333,0.333333333333333333333333333333,0.333333333333333333333333333333,1.33657e-39,0.01875,9.0,41.1299975711176864408335975946652597636640924,True,41.1299975711176864408335975946652597636640924,True,40,555,0.49,U:x-space B&B (unconditional) + C:logit (conditional on C-15 Thm 1),
A,1.0,1.0,1.0,0.9,0.9,CERTIFIED,U:x-space B&B (unconditional) + C:logit (conditional on C-15 Thm 1),True,True,21.9349677272044052438195938705703957789676733,21.9349677272044052438195938705703957789919179,21.9349677272044052438195938705703957789797956,1.10529e-39,0.333333333333333333333333333333,0.333333333333333333333333333333,0.333333333333333333333333333333,1.26138e-40,0.009375,9.0,21.9349677272044052438195938705703957789826725,True,21.9349677272044052438195938705703957789826725,True,40,745,0.67,U:x-space B&B (unconditional) + C:logit (conditional on C-15 Thm 1),
A,1.0,1.0,1.0,1-1e-1,0.9,CERTIFIED,U:x-space B&B (unconditional) + C:logit (conditional on C-15 Thm 1),True,True,21.9349677272044052438195938705703957789676733,21.9349677272044052438195938705703957789919179,21.9349677272044052438195938705703957789797956,1.10529e-39,0.333333333333333333333333333333,0.333333333333333333333333333333,0.333333333333333333333333333333,1.26138e-40,0.009375,9.0,21.9349677272044052438195938705703957789826725,True,21.9349677272044052438195938705703957789826725,True,40,745,0.7,U:x-space B&B (unconditional) + C:logit (conditional on C-15 Thm 1),
A,1.0,1.0,1.0,0.95,0.95,CERTIFIED,U:x-space B&B (unconditional) + C:logit (conditional on C-15 Thm 1),True,True,13.4172204387339389052043201934541348602808478,13.4172204387339389052043201934541348602935211,13.4172204387339389052043201934541348602872763,9.44555e-40,0.333333333333333333333333333333,0.333333333333333333333333333333,0.333333333333333333333333333333,1.5424e-40,0.009375,9.0,13.4172204387339389052043201934541348602887117,True,13.4172204387339389052043201934541348602887117,True,40,837,0.94,U:x-space B&B (unconditional) + C:logit (conditional on C-15 Thm 1),
A,1.0,1.0,1.0,1-1e-2,0.99,CERTIFIED,U:x-space B&B (unconditional) + C:logit (conditional on C-15 Thm 1),True,True,9.69023780551587858353636336618204463294376184,9.69023780551587858353636336618204463295000666,9.69023780551587858353636336618204463294688425,6.44444e-40,0.333333333333333333333333333333,0.333333333333333333333333333333,0.333333333333333333333333333333,1.83966e-40,0.009375,9.0,9.69023780551587858353636336618204463294756871,True,9.69023780551587858353636336618204463294756871,True,40,945,0.65,U:x-space B&B (unconditional) + C:logit (conditional on C-15 Thm 1),
A,1.0,1.0,1.0,1-1e-3,0.999,CERTIFIED,U:x-space B&B (unconditional) + C:logit (conditional on C-15 Thm 1),True,True,9.06565375489746924228063408561833212821125238,9.06565375489746924228063408561833212821823187,9.06565375489746924228063408561833212821474213,7.69884e-40,0.333333333333333333333333333333,0.333333333333333333333333333333,0.333333333333333333333333333333,1.91823e-40,0.009375,9.0,9.0656537548974692422806340856183321282156365,True,9.0656537548974692422806340856183321282156365,True,40,1017,0.81,U:x-space B&B (unconditional) + C:logit (conditional on C-15 Thm 1),
A,1.0,1.0,1.0,1-1e-4,0.9999,CERTIFIED,U:x-space B&B (unconditional) + C:logit (conditional on C-15 Thm 1),True,True,9.00653323243438166756986253352716882687099535,9.00653323243438166756986253352716882687834219,9.00653323243438166756986253352716882687466877,8.15723e-40,0.333333333333333333333333333333,0.333333333333333333333333333333,0.333333333333333333333333333333,1.92636e-40,0.009375,9.0,9.00653323243438166756986253352716882687546474,True,9.00653323243438166756986253352716882687546474,True,40,1069,0.79,U:x-space B&B (unconditional) + C:logit (conditional on C-15 Thm 1),
A,1.0,1.0,1.0,1-1e-5,0.99999,CERTIFIED,U:x-space B&B (unconditional) + C:logit (conditional on C-15 Thm 1),True,True,9.00065300330336507178997253557018981192174813,9.0006530033033650717899725355701898119276256,9.00065300330336507178997253557018981192468686,6.53005e-40,0.333333333333333333333333333333,0.333333333333333333333333333333,0.333333333333333333333333333333,1.92718e-40,0.009375,9.0,9.00065300330336507178997253557018981192542345,True,9.00065300330336507178997253557018981192542345,True,40,1121,0.85,U:x-space B&B (unconditional) + C:logit (conditional on C-15 Thm 1),
A,1.0,1.0,1.0,1-1e-6,0.999999,CERTIFIED,U:x-space B&B (unconditional) + C:logit (conditional on C-15 Thm 1),True,True,9.0000652971324198551268413726971035569561195,9.00006529713241985512684137269710355696254799,9.00006529713241985512684137269710355695942558,7.14271e-40,0.333333333333333333333333333333,0.333333333333333333333333333333,0.333333333333333333333333333333,1.92726e-40,0.009375,9.0,9.00006529713241985512684137269710355696005989,True,9.00006529713241985512684137269710355696005989,True,40,1177,0.85,U:x-space B&B (unconditional) + C:logit (conditional on C-15 Thm 1),
A,1.0,1.0,1.0,1-1e-7,0.9999999,CERTIFIED,U:x-space B&B (unconditional) + C:logit (conditional on C-15 Thm 1),True,True,9.00000652968126430243349286721995564659987758,9.00000652968126430243349286721995564660685707,9.00000652968126430243349286721995564660336733,7.75499e-40,0.333333333333333333333333333333,0.333333333333333333333333333333,0.333333333333333333333333333333,1.92727e-40,0.009375,9.0,9.00000652968126430243349286721995564660389604,True,9.00000652968126430243349286721995564660389604,True,40,1225,1.0,U:x-space B&B (unconditional) + C:logit (conditional on C-15 Thm 1),
A,1.0,1.0,1.0,1-1e-8,0.99999999,CERTIFIED,U:x-space B&B (unconditional) + C:logit (conditional on C-15 Thm 1),True,True,9.00000065296780665489593497347427457804656791,9.00000065296780665489593497347427457805336374,9.00000065296780665489593497347427457805005766,7.55092e-40,0.333333333333333333333333333333,0.333333333333333333333333333333,0.333333333333333333333333333333,1.92727e-40,0.009375,9.0,9.00000065296780665489593497347427457805114485,True,9.00000065296780665489593497347427457805114485,True,40,1281,1.01,U:x-space B&B (unconditional) + C:logit (conditional on C-15 Thm 1),
A,1.0,1.0,1.0,1-1e-9,0.999999999,CERTIFIED,U:x-space B&B (unconditional) + C:logit (conditional on C-15 Thm 1),True,True,9.00000006529677746773760272544157819106150015,9.00000006529677746773760272544157819106774496,9.00000006529677746773760272544157819106462255,6.93868e-40,0.333333333333333333333333333333,0.333333333333333333333333333333,0.333333333333333333333333333333,1.92727e-40,0.009375,9.0,9.00000006529677746773760272544157819106539264,True,9.00000006529677746773760272544157819106539264,True,40,1337,0.94,U:x-space B&B (unconditional) + C:logit (conditional on C-15 Thm 1),
A,1.0,1.0,1.0,1-1e-10,0.9999999999,CERTIFIED,U:x-space B&B (unconditional) + C:logit (conditional on C-15 Thm 1),True,True,9.00000000652967771479624184819568867448239069,9.00000000652967771479624184819568867448900285,9.00000000652967771479624184819568867448569677,7.34684e-40,0.333333333333333333333333333333,0.333333333333333333333333333333,0.333333333333333333333333333333,1.92727e-40,0.009375,9.0,9.00000000652967771479624184819568867448647211,True,9.00000000652967771479624184819568867448647211,True,40,1385,1.0,U:x-space B&B (unconditional) + C:logit (conditional on C-15 Thm 1),
A,3.16227766017,3.16227766017,3.16227766017,2/3+1e-8,0.666666676666666666666666666666666666666666667,CERTIFIED,U:x-space B&B (unconditional) + C:logit (conditional on C-15 Thm 1),True,True,167583913058137019531016.604380561831112539714,167583913058137019531016.604380561831112539924,167583913058137019531016.604380561831112539819,1.25254e-42,0.333333333333333333333333333333,0.333333333333333333333333333333,0.333333333333333333333333333333,1.54578e-50,0.01875,28.46049894153,167583913058137019531016.604380561831112539808,True,167583913058137019531016.604380561831112539808,True,50,349,0.46,U:x-space B&B (unconditional) + C:logit (conditional on C-15 Thm 1),
A,3.16227766017,3.16227766017,3.16227766017,2/3+1e-7,0.666666766666666666666666666666666666666666667,CERTIFIED,U:x-space B&B (unconditional) + C:logit (conditional on C-15 Thm 1),True,True,167584131551687227055.193848312382646438227201,167584131551687227055.193848312382646438227222,167584131551687227055.193848312382646438227211,1.25254e-43,0.333333333333333333333333333333,0.333333333333333333333333333333,0.333333333333333333333333333333,1.54578e-50,0.01875,28.46049894153,167584131551687227055.19384831238264643822721,True,167584131551687227055.19384831238264643822721,True,50,349,0.39,U:x-space B&B (unconditional) + C:logit (conditional on C-15 Thm 1),
A,3.16227766017,3.16227766017,3.16227766017,2/3+1e-6,0.666667666666666666666666666666666666666666667,CERTIFIED,U:x-space B&B (unconditional) + C:logit (conditional on C-15 Thm 1),True,True,167586316487189314.270061849770402558452982878,167586316487189314.270061849770402558452982881,167586316487189314.270061849770402558452982879,1.842e-44,0.333333333333333333333333333333,0.333333333333333333333333333333,0.333333333333333333333333333333,1.5458e-50,0.01875,28.46049894153,167586316487189314.270061849770402558452982879,True,167586316487189314.270061849770402558452982879,True,50,349,0.47,U:x-space B&B (unconditional) + C:logit (conditional on C-15 Thm 1),
A,3.16227766017,3.16227766017,3.16227766017,2/3+1e-5,0.666676666666666666666666666666666666666666667,CERTIFIED,U:x-space B&B (unconditional) + C:logit (conditional on C-15 Thm 1),True,True,167608165842222.157950040343680651151105755738,167608165842222.157950040343680651152909490918,167608165842222.157950040343680651152007621712,1.07616e-35,0.333333333333333333333333333333,0.333333333333333333333333333333,0.333333333333333333333333333333,1.32799e-40,0.01875,28.46049894153,167608165842222.157950040343680651152111321474,True,167608165842222.157950040343680651152111321474,True,40,349,0.42,U:x-space B&B (unconditional) + C:logit (conditional on C-15 Thm 1),
A,3.16227766017,3.16227766017,3.16227766017,2/3+1e-4,0.666766666666666666666666666666666666666666667,CERTIFIED,U:x-space B&B (unconditional) + C:logit (conditional on C-15 Thm 1),True,True,167826659404.506505835283376983774790335741561,167826659404.506505835283376983774790516636833,167826659404.506505835283376983774790426189197,1.07787e-36,0.333333333333333333333333333333,0.333333333333333333333333333333,0.333333333333333333333333333333,1.32957e-40,0.01875,28.46049894153,167826659404.506505835283376983774790430448656,True,167826659404.506505835283376983774790430448656,True,40,349,0.5,U:x-space B&B (unconditional) + C:logit (conditional on C-15 Thm 1),
A,3.16227766017,3.16227766017,3.16227766017,2/3+1e-3,0.667666666666666666666666666666666666666666667,CERTIFIED,U:x-space B&B (unconditional) + C:logit (conditional on C-15 Thm 1),True,True,170011606.829269069690856482918496194719861071,170011606.829269069690856482918496194744941301,170011606.829269069690856482918496194732399645,1.47521e-37,0.333333333333333333333333333333,0.333333333333333333333333333333,0.333333333333333333333333333333,1.34564e-40,0.01875,28.46049894153,170011606.829269069690856482918496194737007216,True,170011606.829269069690856482918496194737007216,True,40,351,0.44,U:x-space B&B (unconditional) + C:logit (conditional on C-15 Thm 1),
A,3.16227766017,3.16227766017,3.16227766017,2/3+1e-2,0.676666666666666666666666666666666666666666667,CERTIFIED,U:x-space B&B (unconditional) + C:logit (conditional on C-15 Thm 1),True,True,191871.536028321351014043462600267538549174556,191871.536028321351014043462600267538551518774,191871.53602832135101404346260026753855034516,1.22176e-38,0.333333333333333333333333333333,0.333333333333333333333333333333,0.333333333333333333333333333333,1.53432e-40,0.01875,28.46049894153,191871.536028321351014043462600267538551202961,True,191871.536028321351014043462600267538551202961,True,40,399,0.58,U:x-space B&B (unconditional) + C:logit (conditional on C-15 Thm 1),
A,3.16227766017,3.16227766017,3.16227766017,0.7,0.7,CERTIFIED,U:x-space B&B (unconditional) + C:logit (conditional on C-15 Thm 1),True,True,6717.89406206071937447864611269162462705510423,6717.89406206071937447864611269162462709525912,6717.8940620607193744786461126916246270752287,5.9773e-39,0.333333333333333333333333333333,0.333333333333333333333333333333,0.333333333333333333333333333333,2.33035e-40,0.01875,28.46049894153,6717.89406206071937447864611269162462708235507,True,6717.89406206071937447864611269162462708235507,True,40,457,0.41,U:x-space B&B (unconditional) + C:logit (conditional on C-15 Thm 1),
A,3.16227766017,3.16227766017,3.16227766017,0.75,0.75,CERTIFIED,U:x-space B&B (unconditional) + C:logit (conditional on C-15 Thm 1),True,True,644.718965562955040446454228950843607683883327,644.718965562955040446454228950843607685129351,644.718965562955040446454228950843607684506339,1.93266e-39,0.333333333333333333333333333333,0.333333333333333333333333333333,0.333333333333333333333333333333,1.69343e-39,0.01875,28.46049894153,644.718965562955040446454228950843607684644931,True,644.718965562955040446454228950843607684644931,True,40,551,0.52,U:x-space B&B (unconditional) + C:logit (conditional on C-15 Thm 1),
A,3.16227766017,3.16227766017,3.16227766017,2/3+1e-1,0.766666666666666666666666666666666666666666667,CERTIFIED,U:x-space B&B (unconditional) + C:logit (conditional on C-15 Thm 1),True,True,415.368138798330328797221998474476672610425352,415.368138798330328797221998474476672611371625,415.36813879833032879722199847447667261089555,2.27815e-39,0.333333333333333333333333333333,0.333333333333333333333333333333,0.333333333333333333333333333333,1.87406e-40,0.009375,28.46049894153,415.368138798330328797221998474476672611039902,True,415.368138798330328797221998474476672611039902,True,40,677,0.59,U:x-space B&B (unconditional) + C:logit (conditional on C-15 Thm 1),
A,3.16227766017,3.16227766017,3.16227766017,0.8,0.8,CERTIFIED,U:x-space B&B (unconditional) + C:logit (conditional on C-15 Thm 1),True,True,211.476112663083735664459689197121385722436222,211.476112663083735664459689197121385722747728,211.476112663083735664459689197121385722591975,1.47301e-39,0.333333333333333333333333333333,0.333333333333333333333333333333,0.333333333333333333333333333333,2.17377e-40,0.009375,28.46049894153,211.476112663083735664459689197121385722629066,True,211.476112663083735664459689197121385722629066,True,40,749,0.71,U:x-space B&B (unconditional) + C:logit (conditional on C-15 Thm 1),
A,3.16227766017,3.16227766017,3.16227766017,0.85,0.85,CERTIFIED,U:x-space B&B (unconditional) + C:logit (conditional on C-15 Thm 1),True,True,102.844692336890505174155089960146386116959914,102.844692336890505174155089960146386117102442,102.844692336890505174155089960146386117030443,1.38586e-39,0.333333333333333333333333333333,0.333333333333333333333333333333,0.333333333333333333333333333333,2.60655e-40,0.009375,28.46049894153,102.844692336890505174155089960146386117050973,True,102.844692336890505174155089960146386117050973,True,40,817,0.79,U:x-space B&B (unconditional) + C:logit (conditional on C-15 Thm 1),
A,3.16227766017,3.16227766017,3.16227766017,0.9,0.9,CERTIFIED,U:x-space B&B (unconditional) + C:logit (conditional on C-15 Thm 1),True,True,60.653801415731424715630436695072383653256634,60.6538014157314247156304366950723836533256943,60.6538014157314247156304366950723836532911641,1.1386e-39,0.333333333333333333333333333333,0.333333333333333333333333333333,0.333333333333333333333333333333,2.97452e-40,0.009375,28.46049894153,60.6538014157314247156304366950723836532991463,True,60.6538014157314247156304366950723836532991463,True,40,865,0.76,U:x-space B&B (unconditional) + C:logit (conditional on C-15 Thm 1),
A,3.16227766017,3.16227766017,3.16227766017,1-1e-1,0.9,CERTIFIED,U:x-space B&B (unconditional) + C:logit (conditional on C-15 Thm 1),True,True,60.653801415731424715630436695072383653256634,60.6538014157314247156304366950723836533256943,60.6538014157314247156304366950723836532911641,1.1386e-39,0.333333333333333333333333333333,0.333333333333333333333333333333,0.333333333333333333333333333333,2.97452e-40,0.009375,28.46049894153,60.6538014157314247156304366950723836532991463,True,60.6538014157314247156304366950723836532991463,True,40,865,0.78,U:x-space B&B (unconditional) + C:logit (conditional on C-15 Thm 1),
A,3.16227766017,3.16227766017,3.16227766017,0.95,0.95,CERTIFIED,U:x-space B&B (unconditional) + C:logit (conditional on C-15 Thm 1),True,True,40.0597213507228891168124791827321483709943147,40.0597213507228891168124791827321483710310489,40.0597213507228891168124791827321483710126818,9.16986e-40,0.333333333333333333333333333333,0.333333333333333333333333333333,0.333333333333333333333333333333,3.20394e-40,0.009375,28.46049894153,40.0597213507228891168124791827321483710175182,True,40.0597213507228891168124791827321483710175182,True,40,923,0.8,U:x-space B&B (unconditional) + C:logit (conditional on C-15 Thm 1),
A,3.16227766017,3.16227766017,3.16227766017,1-1e-2,0.99,CERTIFIED,U:x-space B&B (unconditional) + C:logit (conditional on C-15 Thm 1),True,True,30.3366854496268694862204941569105354232313192,30.3366854496268694862204941569105354232533597,30.3366854496268694862204941569105354232423395,7.2653e-40,0.333333333333333333333333333333,0.333333333333333333333333333333,0.333333333333333333333333333333,3.23146e-40,0.009375,28.46049894153,30.3366854496268694862204941569105354232443554,True,30.3366854496268694862204941569105354232443554,True,40,971,0.75,U:x-space B&B (unconditional) + C:logit (conditional on C-15 Thm 1),
A,3.16227766017,3.16227766017,3.16227766017,1-1e-3,0.999,CERTIFIED,U:x-space B&B (unconditional) + C:logit (conditional on C-15 Thm 1),True,True,28.6402226999930829704983814530682325061512606,28.6402226999930829704983814530682325061751379,28.6402226999930829704983814530682325061630156,8.33696e-40,0.333333333333333333333333333333,0.333333333333333333333333333333,0.333333333333333333333333333333,3.21455e-40,0.009375,28.46049894153,28.6402226999930829704983814530682325061676539,True,28.6402226999930829704983814530682325061676539,True,40,1033,0.84,U:x-space B&B (unconditional) + C:logit (conditional on C-15 Thm 1),
A,3.16227766017,3.16227766017,3.16227766017,1-1e-4,0.9999,CERTIFIED,U:x-space B&B (unconditional) + C:logit (conditional on C-15 Thm 1),True,True,28.4783957625323612541062608252767844889477578,28.4783957625323612541062608252767844889723697,28.4783957625323612541062608252767844889602474,8.64231e-40,0.333333333333333333333333333333,0.333333333333333333333333333333,0.333333333333333333333333333333,3.21236e-40,0.009375,28.46049894153,28.4783957625323612541062608252767844889620782,True,28.4783957625323612541062608252767844889620782,True,40,1081,0.82,U:x-space B&B (unconditional) + C:logit (conditional on C-15 Thm 1),
A,3.16227766017,3.16227766017,3.16227766017,1-1e-5,0.99999,CERTIFIED,U:x-space B&B (unconditional) + C:logit (conditional on C-15 Thm 1),True,True,28.4622878713424856443523984919374949812056514,28.4622878713424856443523984919374949812247532,28.4622878713424856443523984919374949812152023,6.71126e-40,0.333333333333333333333333333333,0.333333333333333333333333333333,0.333333333333333333333333333333,3.21214e-40,0.009375,28.46049894153,28.4622878713424856443523984919374949812172782,True,28.4622878713424856443523984919374949812172782,True,40,1137,0.9,U:x-space B&B (unconditional) + C:logit (conditional on C-15 Thm 1),
A,3.16227766017,3.16227766017,3.16227766017,1-1e-6,0.999999,CERTIFIED,U:x-space B&B (unconditional) + C:logit (conditional on C-15 Thm 1),True,True,28.4606778269916189231321187533161875121598939,28.4606778269916189231321187533161875121789957,28.4606778269916189231321187533161875121694448,6.71164e-40,0.333333333333333333333333333333,0.333333333333333333333333333333,0.333333333333333333333333333333,3.21212e-40,0.009375,28.46049894153,28.4606778269916189231321187533161875121714719,True,28.4606778269916189231321187533161875121714719,True,40,1185,0.88,U:x-space B&B (unconditional) + C:logit (conditional on C-15 Thm 1),
A,3.16227766017,3.16227766017,3.16227766017,1-1e-7,0.9999999,CERTIFIED,U:x-space B&B (unconditional) + C:logit (conditional on C-15 Thm 1),True,True,28.4605168300009688424860866102631510360254996,28.4605168300009688424860866102631510360486422,28.4605168300009688424860866102631510360368872,8.13146e-40,0.333333333333333333333333333333,0.333333333333333333333333333333,0.333333333333333333333333333333,3.21211e-40,0.009375,28.46049894153,28.4605168300009688424860866102631510360397796,True,28.4605168300009688424860866102631510360397796,True,40,1241,0.86,U:x-space B&B (unconditional) + C:logit (conditional on C-15 Thm 1),
A,3.16227766017,3.16227766017,3.16227766017,1-1e-8,0.99999999,CERTIFIED,U:x-space B&B (unconditional) + C:logit (conditional on C-15 Thm 1),True,True,28.4605007303763449569967956034545784563687465,28.4605007303763449569967956034545784563915217,28.4605007303763449569967956034545784563801341,8.00239e-40,0.333333333333333333333333333333,0.333333333333333333333333333333,0.333333333333333333333333333333,3.21211e-40,0.009375,28.46049894153,28.4605007303763449569967956034545784563840088,True,28.4605007303763449569967956034545784563840088,True,40,1297,1.0,U:x-space B&B (unconditional) + C:logit (conditional on C-15 Thm 1),
A,3.16227766017,3.16227766017,3.16227766017,1-1e-9,0.999999999,CERTIFIED,U:x-space B&B (unconditional) + C:logit (conditional on C-15 Thm 1),True,True,28.4604991204146269764304078751942253973153609,28.46049912041462697643040787519422539733483,28.4604991204146269764304078751942253973249118,6.84075e-40,0.333333333333333333333333333333,0.333333333333333333333333333333,0.333333333333333333333333333333,3.21211e-40,0.009375,28.46049894153,28.4604991204146269764304078751942253973269604,True,28.4604991204146269764304078751942253973269604,True,40,1345,0.92,U:x-space B&B (unconditional) + C:logit (conditional on C-15 Thm 1),
A,3.16227766017,3.16227766017,3.16227766017,1-1e-10,0.9999999999,CERTIFIED,U:x-space B&B (unconditional) + C:logit (conditional on C-15 Thm 1),True,True,28.4604989594184626224503513171120576456769475,28.4604989594184626224503513171120576457015595,28.4604989594184626224503513171120576456890698,8.64774e-40,0.333333333333333333333333333333,0.333333333333333333333333333333,0.333333333333333333333333333333,3.21211e-40,0.009375,28.46049894153,28.4604989594184626224503513171120576456912176,True,28.4604989594184626224503513171120576456912176,True,40,1401,1.03,U:x-space B&B (unconditional) + C:logit (conditional on C-15 Thm 1),
A,10.0,10.0,10.0,2/3+1e-8,0.666666676666666666666666666666666666666666667,CERTIFIED,U:x-space B&B (unconditional) + C:logit (conditional on C-15 Thm 1),True,True,167583975410687899562525.979426608021692080182,167583975410687899562525.979426608021692080392,167583975410687899562525.979426608021692080287,1.25254e-42,0.333333333333333333333333333333,0.333333333333333333333333333333,0.333333333333333333333333333333,1.54578e-50,0.01875,90.0,167583975410687899562525.979426608021692080276,True,167583975410687899562525.979426608021692080276,True,50,349,0.41,U:x-space B&B (unconditional) + C:logit (conditional on C-15 Thm 1),
A,10.0,10.0,10.0,2/3+1e-7,0.666666766666666666666666666666666666666666667,CERTIFIED,U:x-space B&B (unconditional) + C:logit (conditional on C-15 Thm 1),True,True,167584755077196028087.062148710249998450611251,167584755077196028087.062148710249998450611272,167584755077196028087.062148710249998450611261,1.25254e-43,0.333333333333333333333333333333,0.333333333333333333333333333333,0.333333333333333333333333333333,1.54578e-50,0.01875,90.0,167584755077196028087.062148710249998450611261,True,167584755077196028087.062148710249998450611261,True,50,349,0.34,U:x-space B&B (unconditional) + C:logit (conditional on C-15 Thm 1),
A,10.0,10.0,10.0,2/3+1e-6,0.666667666666666666666666666666666666666666667,CERTIFIED,U:x-space B&B (unconditional) + C:logit (conditional on C-15 Thm 1),True,True,167592551742278041.327787912339969610635679028,167592551742278041.327787912339969610635679031,167592551742278041.327787912339969610635679029,1.84202e-44,0.333333333333333333333333333333,0.333333333333333333333333333333,0.333333333333333333333333333333,1.54584e-50,0.01875,90.0,167592551742278041.327787912339969610635679029,True,167592551742278041.327787912339969610635679029,True,50,349,0.42,U:x-space B&B (unconditional) + C:logit (conditional on C-15 Thm 1),
A,10.0,10.0,10.0,2/3+1e-5,0.666676666666666666666666666666666666666666667,CERTIFIED,U:x-space B&B (unconditional) + C:logit (conditional on C-15 Thm 1),True,True,167670518393825.812683925819553599931214583596,167670518393825.812683925819553599933019184731,167670518393825.812683925819553599932116882548,1.07628e-35,0.333333333333333333333333333333,0.333333333333333333333333333333,0.333333333333333333333333333333,1.32837e-40,0.01875,90.0,167670518393825.812683925819553599932220598757,True,167670518393825.812683925819553599932220598757,True,40,349,0.47,U:x-space B&B (unconditional) + C:logit (conditional on C-15 Thm 1),
A,10.0,10.0,10.0,2/3+1e-4,0.666766666666666666666666666666666666666666667,CERTIFIED,U:x-space B&B (unconditional) + C:logit (conditional on C-15 Thm 1),True,True,168450185633.396484428705306880461937945935099,168450185633.396484428705306880461938127669718,168450185633.396484428705306880461938036802408,1.07886e-36,0.333333333333333333333333333333,0.333333333333333333333333333333,0.333333333333333333333333333333,1.33338e-40,0.01875,90.0,168450185633.396484428705306880461938041043489,True,168450185633.396484428705306880461938041043489,True,40,349,0.37,U:x-space B&B (unconditional) + C:logit (conditional on C-15 Thm 1),
A,10.0,10.0,10.0,2/3+1e-3,0.667666666666666666666666666666666666666666667,CERTIFIED,U:x-space B&B (unconditional) + C:logit (conditional on C-15 Thm 1),True,True,176247548.386776570822282798445831138464730772,176247548.386776570822282798445831138491034353,176247548.386776570822282798445831138477882563,1.49242e-37,0.333333333333333333333333333333,0.333333333333333333333333333333,0.333333333333333333333333333333,1.38594e-40,0.01875,90.0,176247548.386776570822282798445831138482595358,True,176247548.386776570822282798445831138482595358,True,40,359,0.51,U:x-space B&B (unconditional) + C:logit (conditional on C-15 Thm 1),
A,10.0,10.0,10.0,2/3+1e-2,0.676666666666666666666666666666666666666666667,CERTIFIED,U:x-space B&B (unconditional) + C:logit (conditional on C-15 Thm 1),True,True,254687.30599031425072492162772535362453443022,254687.305990314250724921627725353624537698282,254687.305990314250724921627725353624536064251,1.28317e-38,0.333333333333333333333333333333,0.333333333333333333333333333333,0.333333333333333333333333333333,2.18097e-40,0.01875,90.0,254687.305990314250724921627725353624537109009,True,254687.305990314250724921627725353624537109009,True,40,453,0.39,U:x-space B&B (unconditional) + C:logit (conditional on C-15 Thm 1),
A,10.0,10.0,10.0,0.7,0.7,CERTIFIED,U:x-space B&B (unconditional) + C:logit (conditional on C-15 Thm 1),True,True,12567.7261253253303493770711618772809704760805,12567.7261253253303493770711618772809705567665,12567.7261253253303493770711618772809705165175,6.42009e-39,0.333333333333333333333333333333,0.333333333333333333333333333333,0.333333333333333333333333333333,4.0222e-39,0.01875,90.0,12567.7261253253303493770711618772809705288364,True,12567.7261253253303493770711618772809705288364,True,40,557,0.56,U:x-space B&B (unconditional) + C:logit (conditional on C-15 Thm 1),
A,10.0,10.0,10.0,0.75,0.75,CERTIFIED,U:x-space B&B (unconditional) + C:logit (conditional on C-15 Thm 1),True,True,1644.95273243318034597960341275871055295493435,1644.95273243318034597960341275871055295822573,1644.95273243318034597960341275871055295658004,2.0009e-39,0.333333333333333333333333333333,0.333333333333333333333333333333,0.333333333333333333333333333333,2.31757e-40,0.009375,90.0,1644.95273243318034597960341275871055295690844,True,1644.95273243318034597960341275871055295690844,True,40,835,0.65,U:x-space B&B (unconditional) + C:logit (conditional on C-15 Thm 1),
A,10.0,10.0,10.0,2/3+1e-1,0.766666666666666666666666666666666666666666667,CERTIFIED,U:x-space B&B (unconditional) + C:logit (conditional on C-15 Thm 1),True,True,1122.01632387022184454140324399740711224162691,1122.01632387022184454140324399740711224423651,1122.01632387022184454140324399740711224294346,2.32581e-39,0.333333333333333333333333333333,0.333333333333333333333333333333,0.333333333333333333333333333333,2.58763e-40,0.009375,90.0,1122.01632387022184454140324399740711224330458,True,1122.01632387022184454140324399740711224330458,True,40,871,0.92,U:x-space B&B (unconditional) + C:logit (conditional on C-15 Thm 1),
A,10.0,10.0,10.0,0.8,0.8,CERTIFIED,U:x-space B&B (unconditional) + C:logit (conditional on C-15 Thm 1),True,True,620.052351099789704104458982546323684256030231,620.052351099789704104458982546323684257041156,620.052351099789704104458982546323684256535694,1.63039e-39,0.333333333333333333333333333333,0.333333333333333333333333333333,0.333333333333333333333333333333,3.07716e-40,0.009375,90.0,620.05235109978970410445898254632368425664867,True,620.05235109978970410445898254632368425664867,True,40,909,0.88,U:x-space B&B (unconditional) + C:logit (conditional on C-15 Thm 1),
A,10.0,10.0,10.0,0.85,0.85,CERTIFIED,U:x-space B&B (unconditional) + C:logit (conditional on C-15 Thm 1),True,True,324.453625184799487426635216731008756970504031,324.453625184799487426635216731008756970974229,324.45362518479948742663521673100875697073913,1.4492e-39,0.333333333333333333333333333333,0.333333333333333333333333333333,0.333333333333333333333333333333,3.59305e-40,0.009375,90.0,324.453625184799487426635216731008756970803249,True,324.453625184799487426635216731008756970803249,True,40,953,0.76,U:x-space B&B (unconditional) + C:logit (conditional on C-15 Thm 1),
A,10.0,10.0,10.0,1-1e-1,0.9,CERTIFIED,U:x-space B&B (unconditional) + C:logit (conditional on C-15 Thm 1),True,True,198.082070159743101030662424802906155899324045,198.082070159743101030662424802906155899565021,198.082070159743101030662424802906155899444533,1.21655e-39,0.333333333333333333333333333333,0.333333333333333333333333333333,0.333333333333333333333333333333,3.69307e-40,0.009375,90.0,198.082070159743101030662424802906155899476719,True,198.082070159743101030662424802906155899476719,True,40,987,0.7,U:x-space B&B (unconditional) + C:logit (conditional on C-15 Thm 1),
A,10.0,10.0,10.0,0.9,0.9,CERTIFIED,U:x-space B&B (unconditional) + C:logit (conditional on C-15 Thm 1),True,True,198.082070159743101030662424802906155899324045,198.082070159743101030662424802906155899565021,198.082070159743101030662424802906155899444533,1.21655e-39,0.333333333333333333333333333333,0.333333333333333333333333333333,0.333333333333333333333333333333,3.69307e-40,0.009375,90.0,198.082070159743101030662424802906155899476719,True,198.082070159743101030662424802906155899476719,True,40,987,0.75,U:x-space B&B (unconditional) + C:logit (conditional on C-15 Thm 1),
A,10.0,10.0,10.0,0.95,0.95,CERTIFIED,U:x-space B&B (unconditional) + C:logit (conditional on C-15 Thm 1),True,True,131.157066735962338700579234918712414470206707,131.157066735962338700579234918712414470341889,131.157066735962338700579234918712414470274298,1.03069e-39,0.333333333333333333333333333333,0.333333333333333333333333333333,0.333333333333333333333333333333,3.30897e-40,0.009375,90.0,131.157066735962338700579234918712414470301774,True,131.157066735962338700579234918712414470301774,True,40,991,0.8,U:x-space B&B (unconditional) + C:logit (conditional on C-15 Thm 1),
A,10.0,10.0,10.0,1-1e-2,0.99,CERTIFIED,U:x-space B&B (unconditional) + C:logit (conditional on C-15 Thm 1),True,True,96.9580249422201029398323784943454358522306604,96.9580249422201029398323784943454358523011901,96.9580249422201029398323784943454358522659252,7.27425e-40,0.333333333333333333333333333333,0.333333333333333333333333333333,0.333333333333333333333333333333,2.73465e-40,0.009375,90.0,96.9580249422201029398323784943454358522777021,True,96.9580249422201029398323784943454358522777021,True,40,999,0.78,U:x-space B&B (unconditional) + C:logit (conditional on C-15 Thm 1),
A,10.0,10.0,10.0,1-1e-3,0.999,CERTIFIED,U:x-space B&B (unconditional) + C:logit (conditional on C-15 Thm 1),True,True,90.6734466272137960044281855078195564436213724,90.6734466272137960044281855078195564436963102,90.6734466272137960044281855078195564436581066,8.26458e-40,0.333333333333333333333333333333,0.333333333333333333333333333333,0.333333333333333333333333333333,2.58642e-40,0.009375,90.0,90.6734466272137960044281855078195564436735967,True,90.6734466272137960044281855078195564436735967,True,40,1041,0.96,U:x-space B&B (unconditional) + C:logit (conditional on C-15 Thm 1),
A,10.0,10.0,10.0,1-1e-4,0.9999,CERTIFIED,U:x-space B&B (unconditional) + C:logit (conditional on C-15 Thm 1),True,True,90.0671316757977058056418168214612246365591558,90.067131675797705805641816821461224636639971,90.0671316757977058056418168214612246366002981,8.97278e-40,0.333333333333333333333333333333,0.333333333333333333333333333333,0.333333333333333333333333333333,2.57137e-40,0.009375,90.0,90.0671316757977058056418168214612246366145449,True,90.0671316757977058056418168214612246366145449,True,40,1097,0.73,U:x-space B&B (unconditional) + C:logit (conditional on C-15 Thm 1),
A,10.0,10.0,10.0,1-1e-5,0.99999,CERTIFIED,U:x-space B&B (unconditional) + C:logit (conditional on C-15 Thm 1),True,True,90.0067110479366693621707497198837773215528028,90.0067110479366693621707497198837773216159857,90.0067110479366693621707497198837773215851289,7.01979e-40,0.333333333333333333333333333333,0.333333333333333333333333333333,0.333333333333333333333333333333,2.56986e-40,0.009375,90.0,90.0067110479366693621707497198837773215948312,True,90.0067110479366693621707497198837773215948312,True,40,1145,0.88,U:x-space B&B (unconditional) + C:logit (conditional on C-15 Thm 1),
A,10.0,10.0,10.0,1-1e-6,0.999999,CERTIFIED,U:x-space B&B (unconditional) + C:logit (conditional on C-15 Thm 1),True,True,90.0006710836074289062585573991934303280444128,90.0006710836074289062585573991934303281075956,90.0006710836074289062585573991934303280752695,7.02026e-40,0.333333333333333333333333333333,0.333333333333333333333333333333,0.333333333333333333333333333333,2.56971e-40,0.009375,90.0,90.0006710836074289062585573991934303280862907,True,90.0006710836074289062585573991934303280862907,True,40,1201,0.9,U:x-space B&B (unconditional) + C:logit (conditional on C-15 Thm 1),
A,10.0,10.0,10.0,1-1e-7,0.9999999,CERTIFIED,U:x-space B&B (unconditional) + C:logit (conditional on C-15 Thm 1),True,True,90.0000671081488907000067892907017533107144482,90.0000671081488907000067892907017533107879166,90.0000671081488907000067892907017533107511824,8.16315e-40,0.333333333333333333333333333333,0.333333333333333333333333333333,0.333333333333333333333333333333,2.56969e-40,0.009375,90.0,90.0000671081488907000067892907017533107620745,True,90.0000671081488907000067892907017533107620745,True,40,1257,0.8,U:x-space B&B (unconditional) + C:logit (conditional on C-15 Thm 1),
A,10.0,10.0,10.0,1-1e-8,0.99999999,CERTIFIED,U:x-space B&B (unconditional) + C:logit (conditional on C-15 Thm 1),True,True,90.0000067108127705582838387484245801939085839,90.0000067108127705582838387484245801939805829,90.0000067108127705582838387484245801939453181,7.99989e-40,0.333333333333333333333333333333,0.333333333333333333333333333333,0.333333333333333333333333333333,2.56969e-40,0.009375,90.0,90.0000067108127705582838387484245801939603039,True,90.0000067108127705582838387484245801939603039,True,40,1305,0.75,U:x-space B&B (unconditional) + C:logit (conditional on C-15 Thm 1),
A,10.0,10.0,10.0,1-1e-9,0.999999999,CERTIFIED,U:x-space B&B (unconditional) + C:logit (conditional on C-15 Thm 1),True,True,90.0000006710812558707214047905177181102303972,90.0000006710812558707214047905177181102921107,90.0000006710812558707214047905177181102612539,6.85705e-40,0.333333333333333333333333333333,0.333333333333333333333333333333,0.333333333333333333333333333333,2.56969e-40,0.009375,90.0,90.0000006710812558707214047905177181102772662,True,90.0000006710812558707214047905177181102772662,True,40,1361,1.0,U:x-space B&B (unconditional) + C:logit (conditional on C-15 Thm 1),
A,10.0,10.0,10.0,1-1e-10,0.9999999999,CERTIFIED,U:x-space B&B (unconditional) + C:logit (conditional on C-15 Thm 1),True,True,90.0000000671081253752210808775227059284467794,90.0000000671081253752210808775227059285246559,90.0000000671081253752210808775227059284864523,8.65294e-40,0.333333333333333333333333333333,0.333333333333333333333333333333,0.333333333333333333333333333333,2.56969e-40,0.009375,90.0,90.0000000671081253752210808775227059284990488,True,90.0000000671081253752210808775227059284990488,True,40,1417,0.86,U:x-space B&B (unconditional) + C:logit (conditional on C-15 Thm 1),
A,31.6227766017,31.6227766017,31.6227766017,2/3+1e-8,0.666666676666666666666666666666666666666666667,CERTIFIED,U:x-space B&B (unconditional) + C:logit (conditional on C-15 Thm 1),True,True,167584172586766602218624.920259551831819899922,167584172586766602218624.920259551831819900131,167584172586766602218624.920259551831819900027,1.25254e-42,0.333333333333333333333333333333,0.333333333333333333333333333333,0.333333333333333333333333333333,1.54578e-50,0.01875,284.6049894153,167584172586766602218624.920259551831819900015,True,167584172586766602218624.920259551831819900015,True,50,349,0.42,U:x-space B&B (unconditional) + C:logit (conditional on C-15 Thm 1),
A,31.6227766017,31.6227766017,31.6227766017,2/3+1e-7,0.666666766666666666666666666666666666666666667,CERTIFIED,U:x-space B&B (unconditional) + C:logit (conditional on C-15 Thm 1),True,True,167586726837983082371.385282791491866100983496,167586726837983082371.385282791491866100983517,167586726837983082371.385282791491866100983507,1.25255e-43,0.333333333333333333333333333333,0.333333333333333333333333333333,0.333333333333333333333333333333,1.5458e-50,0.01875,284.6049894153,167586726837983082371.385282791491866100983506,True,167586726837983082371.385282791491866100983506,True,50,349,0.54,U:x-space B&B (unconditional) + C:logit (conditional on C-15 Thm 1),
A,31.6227766017,31.6227766017,31.6227766017,2/3+1e-6,0.666667666666666666666666666666666666666666667,CERTIFIED,U:x-space B&B (unconditional) + C:logit (conditional on C-15 Thm 1),True,True,167612269350176303.098483232539493590506416557,167612269350176303.09848323253949359050641656,167612269350176303.098483232539493590506416559,1.84209e-44,0.333333333333333333333333333333,0.333333333333333333333333333333,0.333333333333333333333333333333,1.54598e-50,0.01875,284.6049894153,167612269350176303.098483232539493590506416558,True,167612269350176303.098483232539493590506416558,True,50,349,0.44,U:x-space B&B (unconditional) + C:logit (conditional on C-15 Thm 1),
A,31.6227766017,31.6227766017,31.6227766017,2/3+1e-5,0.666676666666666666666666666666666666666666667,CERTIFIED,U:x-space B&B (unconditional) + C:logit (conditional on C-15 Thm 1),True,True,167867694500483.369463182300562428759307178887,167867694500483.369463182300562428761114591143,167867694500483.369463182300562428760210883399,1.07669e-35,0.333333333333333333333333333333,0.333333333333333333333333333333,0.333333333333333333333333333333,1.32957e-40,0.01875,284.6049894153,167867694500483.369463182300562428760314670223,True,167867694500483.369463182300562428760314670223,True,40,349,0.39,U:x-space B&B (unconditional) + C:logit (conditional on C-15 Thm 1),
A,31.6227766017,31.6227766017,31.6227766017,2/3+1e-4,0.666766666666666666666666666666666666666666667,CERTIFIED,U:x-space B&B (unconditional) + C:logit (conditional on C-15 Thm 1),True,True,170421973942.321971922557575219538785472445482,170421973942.321971922557575219538785657032623,170421973942.321971922557575219538785564739052,1.08312e-36,0.333333333333333333333333333333,0.333333333333333333333333333333,0.333333333333333333333333333333,1.3456e-40,0.01875,284.6049894153,170421973942.321971922557575219538785569031154,True,170421973942.321971922557575219538785569031154,True,40,351,0.36,U:x-space B&B (unconditional) + C:logit (conditional on C-15 Thm 1),
A,31.6227766017,31.6227766017,31.6227766017,2/3+1e-3,0.667666666666666666666666666666666666666666667,CERTIFIED,U:x-space B&B (unconditional) + C:logit (conditional on C-15 Thm 1),True,True,195988969.08354756697981085446491051869130456,195988969.083547566979810854464910518721506223,195988969.08354756697981085446491051870640385,1.54099e-37,0.333333333333333333333333333333,0.333333333333333333333333333333,0.333333333333333333333333333333,1.52879e-40,0.01875,284.6049894153,195988969.083547566979810854464910518711508883,True,195988969.083547566979810854464910518711508883,True,40,399,0.39,U:x-space B&B (unconditional) + C:logit (conditional on C-15 Thm 1),
A,31.6227766017,31.6227766017,31.6227766017,2/3+1e-2,0.676666666666666666666666666666666666666666667,CERTIFIED,U:x-space B&B (unconditional) + C:logit (conditional on C-15 Thm 1),True,True,461557.795760785195455509035843674772342493324,461557.795760785195455509035843674772348933153,461557.795760785195455509035843674772345713238,1.39524e-38,0.333333333333333333333333333333,0.333333333333333333333333333333,0.333333333333333333333333333333,1.54723e-39,0.01875,284.6049894153,461557.79576078519545550903584367477234738826,True,461557.79576078519545550903584367477234738826,True,40,551,0.49,U:x-space B&B (unconditional) + C:logit (conditional on C-15 Thm 1),
A,31.6227766017,31.6227766017,31.6227766017,0.7,0.7,CERTIFIED,U:x-space B&B (unconditional) + C:logit (conditional on C-15 Thm 1),True,True,33614.8356228142356832859525042089130632980361,33614.8356228142356832859525042089130635229787,33614.8356228142356832859525042089130634108836,6.69177e-39,0.333333333333333333333333333333,0.333333333333333333333333333333,0.333333333333333333333333333333,2.61459e-40,0.009375,284.6049894153,33614.8356228142356832859525042089130634385376,True,33614.8356228142356832859525042089130634385376,True,40,867,0.81,U:x-space B&B (unconditional) + C:logit (conditional on C-15 Thm 1),
A,31.6227766017,31.6227766017,31.6227766017,0.75,0.75,CERTIFIED,U:x-space B&B (unconditional) + C:logit (conditional on C-15 Thm 1),True,True,5570.61117569775544388745966526541477861580112,5570.61117569775544388745966526541477862868454,5570.61117569775544388745966526541477862219581,2.31275e-39,0.333333333333333333333333333333,0.333333333333333333333333333333,0.333333333333333333333333333333,5.30564e-40,0.009375,284.6049894153,5570.6111756977554438874596652654147786239115,True,5570.6111756977554438874596652654147786239115,True,40,1021,0.75,U:x-space B&B (unconditional) + C:logit (conditional on C-15 Thm 1),
A,31.6227766017,31.6227766017,31.6227766017,2/3+1e-1,0.766666666666666666666666666666666666666666667,CERTIFIED,U:x-space B&B (unconditional) + C:logit (conditional on C-15 Thm 1),True,True,3935.99462766844430187669229404101912952328914,3935.99462766844430187669229404101912953396263,3935.99462766844430187669229404101912952860238,2.71176e-39,0.333333333333333333333333333333,0.333333333333333333333333333333,0.333333333333333333333333333333,6.21878e-40,0.009375,284.6049894153,3935.99462766844430187669229404101912953008298,True,3935.99462766844430187669229404101912953008298,True,40,1039,0.89,U:x-space B&B (unconditional) + C:logit (conditional on C-15 Thm 1),
A,31.6227766017,31.6227766017,31.6227766017,0.8,0.8,CERTIFIED,U:x-space B&B (unconditional) + C:logit (conditional on C-15 Thm 1),True,True,2274.94486738547923484705721613164618295860691,2274.94486738547923484705721613164618296208637,2274.94486738547923484705721613164618296034664,1.52947e-39,0.333333333333333333333333333333,0.333333333333333333333333333333,0.333333333333333333333333333333,7.8317e-40,0.009375,284.6049894153,2274.94486738547923484705721613164618296057596,True,2274.94486738547923484705721613164618296057596,True,40,1089,0.84,U:x-space B&B (unconditional) + C:logit (conditional on C-15 Thm 1),
A,31.6227766017,31.6227766017,31.6227766017,0.85,0.85,CERTIFIED,U:x-space B&B (unconditional) + C:logit (conditional on C-15 Thm 1),True,True,1224.09806556542105893839269127793381207638984,1224.09806556542105893839269127793381207817659,1224.09806556542105893839269127793381207728321,1.45965e-39,0.333333333333333333333333333333,0.333333333333333333333333333333,0.333333333333333333333333333333,8.76637e-40,0.009375,284.6049894153,1224.09806556542105893839269127793381207748147,True,1224.09806556542105893839269127793381207748147,True,40,1119,0.91,U:x-space B&B (unconditional) + C:logit (conditional on C-15 Thm 1),
A,31.6227766017,31.6227766017,31.6227766017,0.9,0.9,CERTIFIED,U:x-space B&B (unconditional) + C:logit (conditional on C-15 Thm 1),True,True,742.004621707960272833527937295670488012453108,742.004621707960272833527937295670488013428768,742.00462170796027283352793729567048801293506,1.3149e-39,0.333333333333333333333333333333,0.333333333333333333333333333333,0.333333333333333333333333333333,7.3099e-40,0.009375,284.6049894153,742.004621707960272833527937295670488013067645,True,742.004621707960272833527937295670488013067645,True,40,1125,0.89,U:x-space B&B (unconditional) + C:logit (conditional on C-15 Thm 1),
A,31.6227766017,31.6227766017,31.6227766017,1-1e-1,0.9,CERTIFIED,U:x-space B&B (unconditional) + C:logit (conditional on C-15 Thm 1),True,True,742.004621707960272833527937295670488012453108,742.004621707960272833527937295670488013428768,742.00462170796027283352793729567048801293506,1.3149e-39,0.333333333333333333333333333333,0.333333333333333333333333333333,0.333333333333333333333333333333,7.3099e-40,0.009375,284.6049894153,742.004621707960272833527937295670488013067645,True,742.004621707960272833527937295670488013067645,True,40,1125,1.0,U:x-space B&B (unconditional) + C:logit (conditional on C-15 Thm 1),
A,31.6227766017,31.6227766017,31.6227766017,0.95,0.95,CERTIFIED,U:x-space B&B (unconditional) + C:logit (conditional on C-15 Thm 1),True,True,468.407798607904271735481040199143289716443772,468.407798607904271735481040199143289716943357,468.407798607904271735481040199143289716696503,1.06656e-39,0.333333333333333333333333333333,0.333333333333333333333333333333,0.333333333333333333333333333333,4.77543e-40,0.009375,284.6049894153,468.407798607904271735481040199143289716776096,True,468.407798607904271735481040199143289716776096,True,40,1083,0.89,U:x-space B&B (unconditional) + C:logit (conditional on C-15 Thm 1),
A,31.6227766017,31.6227766017,31.6227766017,1-1e-2,0.99,CERTIFIED,U:x-space B&B (unconditional) + C:logit (conditional on C-15 Thm 1),True,True,317.153443545097118427035175860665572265892885,317.153443545097118427035175860665572266151494,317.153443545097118427035175860665572266022189,8.15406e-40,0.333333333333333333333333333333,0.333333333333333333333333333333,0.333333333333333333333333333333,2.95618e-40,0.009375,284.6049894153,317.153443545097118427035175860665572266060061,True,317.153443545097118427035175860665572266060061,True,40,1031,0.84,U:x-space B&B (unconditional) + C:logit (conditional on C-15 Thm 1),
A,31.6227766017,31.6227766017,31.6227766017,1-1e-3,0.999,CERTIFIED,U:x-space B&B (unconditional) + C:logit (conditional on C-15 Thm 1),True,True,287.790484875161393312511068549734447010866324,287.790484875161393312511068549734447011160198,287.790484875161393312511068549734447011013261,1.02114e-39,0.333333333333333333333333333333,0.333333333333333333333333333333,0.333333333333333333333333333333,2.60705e-40,0.009375,284.6049894153,287.790484875161393312511068549734447011062434,True,287.790484875161393312511068549734447011062434,True,40,1059,0.83,U:x-space B&B (unconditional) + C:logit (conditional on C-15 Thm 1),
A,31.6227766017,31.6227766017,31.6227766017,1-1e-4,0.9999,CERTIFIED,U:x-space B&B (unconditional) + C:logit (conditional on C-15 Thm 1),True,True,284.922890112841218305314332205144337402205731,284.922890112841218305314332205144337402487849,284.92289011284121830531433220514433740234679,9.90158e-40,0.333333333333333333333333333333,0.333333333333333333333333333333,0.333333333333333333333333333333,2.57341e-40,0.009375,284.6049894153,284.922890112841218305314332205144337402393337,True,284.922890112841218305314332205144337402393337,True,40,1105,0.93,U:x-space B&B (unconditional) + C:logit (conditional on C-15 Thm 1),
A,31.6227766017,31.6227766017,31.6227766017,1-1e-5,0.99999,CERTIFIED,U:x-space B&B (unconditional) + C:logit (conditional on C-15 Thm 1),True,True,284.636773040190629142448095662250238502377045,284.636773040190629142448095662250238502612143,284.636773040190629142448095662250238502494594,8.25961e-40,0.333333333333333333333333333333,0.333333333333333333333333333333,0.333333333333333333333333333333,2.57006e-40,0.009375,284.6049894153,284.636773040190629142448095662250238502528461,True,284.636773040190629142448095662250238502528461,True,40,1161,0.75,U:x-space B&B (unconditional) + C:logit (conditional on C-15 Thm 1),
A,31.6227766017,31.6227766017,31.6227766017,1-1e-6,0.999999,CERTIFIED,U:x-space B&B (unconditional) + C:logit (conditional on C-15 Thm 1),True,True,284.608167713383951374346066286267646303237364,284.608167713383951374346066286267646303484217,284.60816771338395137434606628626764630336079,8.67346e-40,0.333333333333333333333333333333,0.333333333333333333333333333333,0.333333333333333333333333333333,2.56973e-40,0.009375,284.6049894153,284.608167713383951374346066286267646303387274,True,284.608167713383951374346066286267646303387274,True,40,1217,0.96,U:x-space B&B (unconditional) + C:logit (conditional on C-15 Thm 1),
A,31.6227766017,31.6227766017,31.6227766017,1-1e-7,0.9999999,CERTIFIED,U:x-space B&B (unconditional) + C:logit (conditional on C-15 Thm 1),True,True,284.605307244464387535718771437706988176950355,284.605307244464387535718771437706988177238351,284.605307244464387535718771437706988177091414,1.01191e-39,0.333333333333333333333333333333,0.333333333333333333333333333333,0.333333333333333333333333333333,2.56969e-40,0.009375,284.6049894153,284.605307244464387535718771437706988177137087,True,284.605307244464387535718771437706988177137087,True,40,1265,0.81,U:x-space B&B (unconditional) + C:logit (conditional on C-15 Thm 1),
A,31.6227766017,31.6227766017,31.6227766017,1-1e-8,0.99999999,CERTIFIED,U:x-space B&B (unconditional) + C:logit (conditional on C-15 Thm 1),True,True,284.605021198209998721067432091111252436883274,284.605021198209998721067432091111252437188902,284.605021198209998721067432091111252437036088,1.07387e-39,0.333333333333333333333333333333,0.333333333333333333333333333333,0.333333333333333333333333333333,2.56969e-40,0.009375,284.6049894153,284.605021198209998721067432091111252437096248,True,284.605021198209998721067432091111252437096248,True,40,1321,1.1,U:x-space B&B (unconditional) + C:logit (conditional on C-15 Thm 1),
A,31.6227766017,31.6227766017,31.6227766017,1-1e-9,0.999999999,CERTIFIED,U:x-space B&B (unconditional) + C:logit (conditional on C-15 Thm 1),True,True,284.604992593590935471825211374903780002251848,284.60499259359093547182521137490378000250458,284.604992593590935471825211374903780002375275,8.88007e-40,0.333333333333333333333333333333,0.333333333333333333333333333333,0.333333333333333333333333333333,2.56969e-40,0.009375,284.6049894153,284.604992593590935471825211374903780002440473,True,284.604992593590935471825211374903780002440473,True,40,1377,0.88,U:x-space B&B (unconditional) + C:logit (conditional on C-15 Thm 1),
A,31.6227766017,31.6227766017,31.6227766017,1-1e-10,0.9999999999,CERTIFIED,U:x-space B&B (unconditional) + C:logit (conditional on C-15 Thm 1),True,True,284.604989733129092903179749331754925849811873,284.604989733129092903179749331754925850082237,284.604989733129092903179749331754925849947055,9.49961e-40,0.333333333333333333333333333333,0.333333333333333333333333333333,0.333333333333333333333333333333,2.56969e-40,0.009375,284.6049894153,284.604989733129092903179749331754925849986606,True,284.604989733129092903179749331754925849986606,True,40,1425,0.99,U:x-space B&B (unconditional) + C:logit (conditional on C-15 Thm 1),
A,100.0,100.0,100.0,2/3+1e-8,0.666666676666666666666666666666666666666666667,CERTIFIED,U:x-space B&B (unconditional) + C:logit (conditional on C-15 Thm 1),True,True,167584796112275403468106.895492395379548168307,167584796112275403468106.895492395379548168517,167584796112275403468106.895492395379548168412,1.25254e-42,0.333333333333333333333333333333,0.333333333333333333333333333333,0.333333333333333333333333333333,1.54578e-50,0.01875,900.0,167584796112275403468106.895492395379548168401,True,167584796112275403468106.895492395379548168401,True,50,349,0.38,U:x-space B&B (unconditional) + C:logit (conditional on C-15 Thm 1),
A,100.0,100.0,100.0,2/3+1e-7,0.666666766666666666666666666666666666666666667,CERTIFIED,U:x-space B&B (unconditional) + C:logit (conditional on C-15 Thm 1),True,True,167592962093072027031.258096841068698108457554,167592962093072027031.258096841068698108457575,167592962093072027031.258096841068698108457565,1.25256e-43,0.333333333333333333333333333333,0.333333333333333333333333333333,0.333333333333333333333333333333,1.54584e-50,0.01875,900.0,167592962093072027031.258096841068698108457564,True,167592962093072027031.258096841068698108457564,True,50,349,0.4,U:x-space B&B (unconditional) + C:logit (conditional on C-15 Thm 1),
A,100.0,100.0,100.0,2/3+1e-6,0.666667666666666666666666666666666666666666667,CERTIFIED,U:x-space B&B (unconditional) + C:logit (conditional on C-15 Thm 1),True,True,167674621901997444.76970765706884332461998883,167674621901997444.769707657068843324619988833,167674621901997444.769707657068843324619988831,1.84232e-44,0.333333333333333333333333333333,0.333333333333333333333333333333,0.333333333333333333333333333333,1.54642e-50,0.01875,900.0,167674621901997444.769707657068843324619988831,True,167674621901997444.769707657068843324619988831,True,50,349,0.39,U:x-space B&B (unconditional) + C:logit (conditional on C-15 Thm 1),
A,100.0,100.0,100.0,2/3+1e-5,0.666676666666666666666666666666666666666666667,CERTIFIED,U:x-space B&B (unconditional) + C:logit (conditional on C-15 Thm 1),True,True,168491220945715.288271061861702340188602218118,168491220945715.288271061861702340190418619501,168491220945715.288271061861702340189510420425,1.07804e-35,0.333333333333333333333333333333,0.333333333333333333333333333333,0.333333333333333333333333333333,1.33338e-40,0.01875,900.0,168491220945715.288271061861702340189614489455,True,168491220945715.288271061861702340189614489455,True,40,349,0.4,U:x-space B&B (unconditional) + C:logit (conditional on C-15 Thm 1),
A,100.0,100.0,100.0,2/3+1e-4,0.666766666666666666666666666666666666666666667,CERTIFIED,U:x-space B&B (unconditional) + C:logit (conditional on C-15 Thm 1),True,True,176658121059.004580072024899822780089139198351,176658121059.004580072024899822780089332715398,176658121059.004580072024899822780089235956874,1.09543e-36,0.333333333333333333333333333333,0.333333333333333333333333333333,0.333333333333333333333333333333,1.38579e-40,0.01875,900.0,176658121059.004580072024899822780089240349405,True,176658121059.004580072024899822780089240349405,True,40,359,0.46,U:x-space B&B (unconditional) + C:logit (conditional on C-15 Thm 1),
A,100.0,100.0,100.0,2/3+1e-3,0.667666666666666666666666666666666666666666667,CERTIFIED,U:x-space B&B (unconditional) + C:logit (conditional on C-15 Thm 1),True,True,258943337.210860627880377760891736444268259594,258943337.210860627880377760891736444310740986,258943337.21086062788037776089173644428950029,1.64057e-37,0.333333333333333333333333333333,0.333333333333333333333333333333,0.333333333333333333333333333333,2.15561e-40,0.01875,900.0,258943337.210860627880377760891736444295702673,True,258943337.210860627880377760891736444295702673,True,40,447,0.37,U:x-space B&B (unconditional) + C:logit (conditional on C-15 Thm 1),
A,100.0,100.0,100.0,2/3+1e-2,0.676666666666666666666666666666666666666666667,CERTIFIED,U:x-space B&B (unconditional) + C:logit (conditional on C-15 Thm 1),True,True,1206166.51890174639398678798210219862418475904,1206166.51890174639398678798210219862420317575,1206166.51890174639398678798210219862419395536,1.52688e-38,0.333333333333333333333333333333,0.333333333333333333333333333333,0.333333333333333333333333333333,2.50394e-40,0.009375,900.0,1206166.51890174639398678798210219862419791599,True,1206166.51890174639398678798210219862419791599,True,40,857,0.73,U:x-space B&B (unconditional) + C:logit (conditional on C-15 Thm 1),
A,100.0,100.0,100.0,0.7,0.7,CERTIFIED,U:x-space B&B (unconditional) + C:logit (conditional on C-15 Thm 1),True,True,119691.363271047568808631629925666219990549886,119691.363271047568808631629925666219991412041,119691.363271047568808631629925666219990981716,7.20315e-39,0.333333333333333333333333333333,0.333333333333333333333333333333,0.333333333333333333333333333333,9.01241e-40,0.009375,900.0,119691.363271047568808631629925666219991077829,True,119691.363271047568808631629925666219991077829,True,40,1057,0.81,U:x-space B&B (unconditional) + C:logit (conditional on C-15 Thm 1),
A,100.0,100.0,100.0,0.75,0.75,CERTIFIED,U:x-space B&B (unconditional) + C:logit (conditional on C-15 Thm 1),True,True,22976.4994375260564374782389174475993902468326,22976.4994375260564374782389174475993903028801,22976.4994375260564374782389174475993902750444,2.43934e-39,0.333333333333333333333333333333,0.333333333333333333333333333333,0.333333333333333333333333333333,7.48075e-39,0.009375,900.0,22976.4994375260564374782389174475993902823105,True,22976.4994375260564374782389174475993902823105,True,40,1187,0.87,U:x-space B&B (unconditional) + C:logit (conditional on C-15 Thm 1),
A,100.0,100.0,100.0,2/3+1e-1,0.766666666666666666666666666666666666666666667,CERTIFIED,U:x-space B&B (unconditional) + C:logit (conditional on C-15 Thm 1),True,True,16549.7725387393904055813492366018718670434583,16549.7725387393904055813492366018718670893496,16549.7725387393904055813492366018718670664039,2.77293e-39,0.333333333333333333333333333333,0.333333333333333333333333333333,0.333333333333333333333333333333,9.54774e-38,0.009375,900.0,16549.7725387393904055813492366018718670727432,True,16549.7725387393904055813492366018718670727432,True,40,1209,1.02,U:x-space B&B (unconditional) + C:logit (conditional on C-15 Thm 1),
A,100.0,100.0,100.0,0.8,0.8,CERTIFIED,U:x-space B&B (unconditional) + C:logit (conditional on C-15 Thm 1),True,True,9774.56276314076679519773936315599621628478336,9774.56276314076679519773936315599621630377935,9774.56276314076679519773936315599621629418731,1.94341e-39,0.333333333333333333333333333333,0.333333333333333333333333333333,0.333333333333333333333333333333,2.55385e-40,0.0046875,900.0,9774.56276314076679519773936315599621629690697,True,9774.56276314076679519773936315599621629690697,True,40,1379,1.11,U:x-space B&B (unconditional) + C:logit (conditional on C-15 Thm 1),
A,100.0,100.0,100.0,0.85,0.85,CERTIFIED,U:x-space B&B (unconditional) + C:logit (conditional on C-15 Thm 1),True,True,5284.76158654492319141672596799620058027264991,5284.76158654492319141672596799620058028130155,5284.76158654492319141672596799620058027697573,1.63709e-39,0.333333333333333333333333333333,0.333333333333333333333333333333,0.333333333333333333333333333333,2.54854e-40,0.0046875,900.0,5284.76158654492319141672596799620058027817367,True,5284.76158654492319141672596799620058027817367,True,40,1389,1.04,U:x-space B&B (unconditional) + C:logit (conditional on C-15 Thm 1),
A,100.0,100.0,100.0,0.9,0.9,CERTIFIED,U:x-space B&B (unconditional) + C:logit (conditional on C-15 Thm 1),True,True,3123.10821423922611321674424257445045270993366,3123.10821423922611321674424257445045271435352,3123.10821423922611321674424257445045271214359,1.41521e-39,0.333333333333333333333333333333,0.333333333333333333333333333333,0.333333333333333333333333333333,6.42468e-39,0.009375,900.0,3123.10821423922611321674424257445045271289362,True,3123.10821423922611321674424257445045271289362,True,40,1229,0.99,U:x-space B&B (unconditional) + C:logit (conditional on C-15 Thm 1),
A,100.0,100.0,100.0,1-1e-1,0.9,CERTIFIED,U:x-space B&B (unconditional) + C:logit (conditional on C-15 Thm 1),True,True,3123.10821423922611321674424257445045270993366,3123.10821423922611321674424257445045271435352,3123.10821423922611321674424257445045271214359,1.41521e-39,0.333333333333333333333333333333,0.333333333333333333333333333333,0.333333333333333333333333333333,6.42468e-39,0.009375,900.0,3123.10821423922611321674424257445045271289362,True,3123.10821423922611321674424257445045271289362,True,40,1229,1.03,U:x-space B&B (unconditional) + C:logit (conditional on C-15 Thm 1),
A,100.0,100.0,100.0,0.95,0.95,CERTIFIED,U:x-space B&B (unconditional) + C:logit (conditional on C-15 Thm 1),True,True,1830.57742932241796497056869428933138271284557,1830.5774293224179649705686942893313827150555,1830.57742932241796497056869428933138271395053,1.20723e-39,0.333333333333333333333333333333,0.333333333333333333333333333333,0.333333333333333333333333333333,1.14269e-39,0.009375,900.0,1830.57742932241796497056869428933138271422742,True,1830.57742932241796497056869428933138271422742,True,40,1175,0.98,U:x-space B&B (unconditional) + C:logit (conditional on C-15 Thm 1),
A,100.0,100.0,100.0,1-1e-2,0.99,CERTIFIED,U:x-space B&B (unconditional) + C:logit (conditional on C-15 Thm 1),True,True,1070.62430367494497365011880511970732078090304,1070.624303674944973650118805119707320782008,1070.62430367494497365011880511970732078144376,1.03208e-39,0.333333333333333333333333333333,0.333333333333333333333333333333,0.333333333333333333333333333333,4.18667e-40,0.009375,900.0,1070.62430367494497365011880511970732078163546,True,1070.62430367494497365011880511970732078163546,True,40,1073,0.76,U:x-space B&B (unconditional) + C:logit (conditional on C-15 Thm 1),
A,100.0,100.0,100.0,1-1e-3,0.999,CERTIFIED,U:x-space B&B (unconditional) + C:logit (conditional on C-15 Thm 1),True,True,916.836507756516895252447429897912694410972421,916.8365077565168952524474298979126944122302,916.836507756516895252447429897912694411607188,1.37187e-39,0.333333333333333333333333333333,0.333333333333333333333333333333,0.333333333333333333333333333333,2.64074e-40,0.009375,900.0,916.836507756516895252447429897912694411869973,True,916.836507756516895252447429897912694411869973,True,40,1079,0.74,U:x-space B&B (unconditional) + C:logit (conditional on C-15 Thm 1),
A,100.0,100.0,100.0,1-1e-4,0.9999,CERTIFIED,U:x-space B&B (unconditional) + C:logit (conditional on C-15 Thm 1),True,True,901.681615656635754730906773573294272436136203,901.681615656635754730906773573294272437370472,901.681615656635754730906773573294272436759215,1.36885e-39,0.333333333333333333333333333333,0.333333333333333333333333333333,0.333333333333333333333333333333,2.57673e-40,0.009375,900.0,901.681615656635754730906773573294272436989233,True,901.681615656635754730906773573294272436989233,True,40,1121,0.77,U:x-space B&B (unconditional) + C:logit (conditional on C-15 Thm 1),
A,100.0,100.0,100.0,1-1e-5,0.99999,CERTIFIED,U:x-space B&B (unconditional) + C:logit (conditional on C-15 Thm 1),True,True,900.168141435296932906849237512817567588751901,900.168141435296932906849237512817567589739317,900.168141435296932906849237512817567589245609,1.09692e-39,0.333333333333333333333333333333,0.333333333333333333333333333333,0.333333333333333333333333333333,2.57039e-40,0.009375,900.0,900.168141435296932906849237512817567589392764,True,900.168141435296932906849237512817567589392764,True,40,1177,0.83,U:x-space B&B (unconditional) + C:logit (conditional on C-15 Thm 1),
A,100.0,100.0,100.0,1-1e-6,0.999999,CERTIFIED,U:x-space B&B (unconditional) + C:logit (conditional on C-15 Thm 1),True,True,900.016813942446548223039810741771536808095251,900.016813942446548223039810741771536809129686,900.016813942446548223039810741771536808612469,1.14935e-39,0.333333333333333333333333333333,0.333333333333333333333333333333,0.333333333333333333333333333333,2.56976e-40,0.009375,900.0,900.016813942446548223039810741771536808708186,True,900.016813942446548223039810741771536808708186,True,40,1225,0.79,U:x-space B&B (unconditional) + C:logit (conditional on C-15 Thm 1),
A,100.0,100.0,100.0,1-1e-7,0.9999999,CERTIFIED,U:x-space B&B (unconditional) + C:logit (conditional on C-15 Thm 1),True,True,900.001681392234043863027554760815426139012754,900.001681392234043863027554760815426140305797,900.001681392234043863027554760815426139659275,1.43671e-39,0.333333333333333333333333333333,0.333333333333333333333333333333,0.333333333333333333333333333333,2.5697e-40,0.009375,900.0,900.001681392234043863027554760815426139854105,True,900.001681392234043863027554760815426139854105,True,40,1281,0.89,U:x-space B&B (unconditional) + C:logit (conditional on C-15 Thm 1),
A,100.0,100.0,100.0,1-1e-8,0.99999999,CERTIFIED,U:x-space B&B (unconditional) + C:logit (conditional on C-15 Thm 1),True,True,900.000168139203298497198398013533800698904998,900.000168139203298497198398013533800700092247,900.000168139203298497198398013533800699492745,1.31917e-39,0.333333333333333333333333333333,0.333333333333333333333333333333,0.333333333333333333333333333333,2.56969e-40,0.009375,900.0,900.00016813920329849719839801353380069973578,True,900.00016813920329849719839801353380069973578,True,40,1337,0.74,U:x-space B&B (unconditional) + C:logit (conditional on C-15 Thm 1),
A,100.0,100.0,100.0,1-1e-9,0.999999999,CERTIFIED,U:x-space B&B (unconditional) + C:logit (conditional on C-15 Thm 1),True,True,900.0000168139201287910492843342318118216226,900.000016813920128791049284334231811822668789,900.000016813920128791049284334231811822151572,1.16243e-39,0.333333333333333333333333333333,0.333333333333333333333333333333,0.333333333333333333333333333333,2.56969e-40,0.009375,900.0,900.00001681392012879104928433423181182239748,True,900.00001681392012879104928433423181182239748,True,40,1385,0.95,U:x-space B&B (unconditional) + C:logit (conditional on C-15 Thm 1),
A,100.0,100.0,100.0,1-1e-10,0.9999999999,CERTIFIED,U:x-space B&B (unconditional) + C:logit (conditional on C-15 Thm 1),True,True,900.000001681392010868518443366829539997874514,900.000001681392010868518443366829539999155803,900.000001681392010868518443366829539998509281,1.42365e-39,0.333333333333333333333333333333,0.333333333333333333333333333333,0.333333333333333333333333333333,2.56969e-40,0.009375,900.0,900.000001681392010868518443366829539998725203,True,900.000001681392010868518443366829539998725203,True,40,1441,0.96,U:x-space B&B (unconditional) + C:logit (conditional on C-15 Thm 1),
A,316.227766017,316.227766017,316.227766017,2/3+1e-8,0.666666676666666666666666666666666666666666667,CERTIFIED,U:x-space B&B (unconditional) + C:logit (conditional on C-15 Thm 1),True,True,167586767873062460102111.924763944759053333368,167586767873062460102111.924763944759053333578,167586767873062460102111.924763944759053333473,1.25254e-42,0.333333333333333333333333333333,0.333333333333333333333333333333,0.333333333333333333333333333333,1.5458e-50,0.01875,2846.049894153,167586767873062460102111.924763944759053333462,True,167586767873062460102111.924763944759053333462,True,50,349,0.36,U:x-space B&B (unconditional) + C:logit (conditional on C-15 Thm 1),
A,316.227766017,316.227766017,316.227766017,2/3+1e-7,0.666666766666666666666666666666666666666666667,CERTIFIED,U:x-space B&B (unconditional) + C:logit (conditional on C-15 Thm 1),True,True,167612679700972638092.008007181190802075602161,167612679700972638092.008007181190802075602182,167612679700972638092.008007181190802075602172,1.25261e-43,0.333333333333333333333333333333,0.333333333333333333333333333333,0.333333333333333333333333333333,1.54598e-50,0.01875,2846.049894153,167612679700972638092.008007181190802075602171,True,167612679700972638092.008007181190802075602171,True,50,349,0.37,U:x-space B&B (unconditional) + C:logit (conditional on C-15 Thm 1),
A,316.227766017,316.227766017,316.227766017,2/3+1e-6,0.666667666666666666666666666666666666666666667,CERTIFIED,U:x-space B&B (unconditional) + C:logit (conditional on C-15 Thm 1),True,True,167871798011000381.052577600792026401366583035,167871798011000381.052577600792026401366583038,167871798011000381.052577600792026401366583037,1.84304e-44,0.333333333333333333333333333333,0.333333333333333333333333333333,0.333333333333333333333333333333,1.54782e-50,0.01875,2846.049894153,167871798011000381.052577600792026401366583036,True,167871798011000381.052577600792026401366583036,True,50,349,0.45,U:x-space B&B (unconditional) + C:logit (conditional on C-15 Thm 1),
A,316.227766017,316.227766017,316.227766017,2/3+1e-5,0.666676666666666666666666666666666666666666667,CERTIFIED,U:x-space B&B (unconditional) + C:logit (conditional on C-15 Thm 1),True,True,170463011561684.38651179876238141343666924906,170463011561684.386511798762381413438513903832,170463011561684.386511798762381413437591578062,1.08214e-35,0.333333333333333333333333333333,0.333333333333333333333333333333,0.333333333333333333333333333333,1.34559e-40,0.01875,2846.049894153,170463011561684.38651179876238141343769643136,True,170463011561684.38651179876238141343769643136,True,40,351,0.44,U:x-space B&B (unconditional) + C:logit (conditional on C-15 Thm 1),
A,316.227766017,316.227766017,316.227766017,2/3+1e-4,0.666766666666666666666666666666666666666666667,CERTIFIED,U:x-space B&B (unconditional) + C:logit (conditional on C-15 Thm 1),True,True,196401529262.628818156539112119958144887661086,196401529262.628818156539112119958145109570814,196401529262.62881815653911211995814499861595,1.12988e-36,0.333333333333333333333333333333,0.333333333333333333333333333333,0.333333333333333333333333333333,1.52826e-40,0.01875,2846.049894153,196401529262.628818156539112119958145003349708,True,196401529262.628818156539112119958145003349708,True,40,399,0.3,U:x-space B&B (unconditional) + C:logit (conditional on C-15 Thm 1),
A,316.227766017,316.227766017,316.227766017,2/3+1e-3,0.667666666666666666666666666666666666666666667,CERTIFIED,U:x-space B&B (unconditional) + C:logit (conditional on C-15 Thm 1),True,True,466710304.396941055248891123861829553656840519,466710304.396941055248891123861829553740638502,466710304.396941055248891123861829553698736429,1.7955e-37,0.333333333333333333333333333333,0.333333333333333333333333333333,0.333333333333333333333333333333,1.75622e-39,0.01875,2846.049894153,466710304.396941055248891123861829553708651481,True,466710304.396941055248891123861829553708651481,True,40,551,0.42,U:x-space B&B (unconditional) + C:logit (conditional on C-15 Thm 1),
A,316.227766017,316.227766017,316.227766017,2/3+1e-2,0.676666666666666666666666666666666666666666667,CERTIFIED,U:x-space B&B (unconditional) + C:logit (conditional on C-15 Thm 1),True,True,4248996.48087474083797878700489081993317152537,4248996.48087474083797878700489081993323960699,4248996.48087474083797878700489081993320561433,1.6023e-38,0.333333333333333333333333333333,0.333333333333333333333333333333,0.333333333333333333333333333333,1.03009e-39,0.009375,2846.049894153,4248996.48087474083797878700489081993321797704,True,4248996.48087474083797878700489081993321797704,True,40,1045,0.8,U:x-space B&B (unconditional) + C:logit (conditional on C-15 Thm 1),
A,316.227766017,316.227766017,316.227766017,0.7,0.7,CERTIFIED,U:x-space B&B (unconditional) + C:logit (conditional on C-15 Thm 1),True,True,514689.586211220084481786644088153159489078069,514689.586211220084481786644088153159492857707,514689.586211220084481786644088153159490967888,7.34353e-39,0.333333333333333333333333333333,0.333333333333333333333333333333,0.333333333333333333333333333333,3.10253e-40,0.0046875,2846.049894153,514689.586211220084481786644088153159491334601,True,514689.586211220084481786644088153159491334601,True,40,1373,1.03,U:x-space B&B (unconditional) + C:logit (conditional on C-15 Thm 1),
A,316.227766017,316.227766017,316.227766017,0.75,0.75,CERTIFIED,U:x-space B&B (unconditional) + C:logit (conditional on C-15 Thm 1),True,True,107513.887797083500046073509715735117542459514,107513.887797083500046073509715735117542728843,107513.887797083500046073509715735117542594931,2.50506e-39,0.333333333333333333333333333333,0.333333333333333333333333333333,0.333333333333333333333333333333,3.46148e-40,0.0046875,2846.049894153,107513.887797083500046073509715735117542624043,True,107513.887797083500046073509715735117542624043,True,40,1497,1.15,U:x-space B&B (unconditional) + C:logit (conditional on C-15 Thm 1),
A,316.227766017,316.227766017,316.227766017,2/3+1e-1,0.766666666666666666666666666666666666666666667,CERTIFIED,U:x-space B&B (unconditional) + C:logit (conditional on C-15 Thm 1),True,True,78229.1842644076726372145225980965860214528265,78229.1842644076726372145225980965860216649797,78229.1842644076726372145225980965860215581508,2.71194e-39,0.333333333333333333333333333333,0.333333333333333333333333333333,0.333333333333333333333333333333,3.50856e-40,0.0046875,2846.049894153,78229.1842644076726372145225980965860215830849,True,78229.1842644076726372145225980965860215830849,True,40,1519,1.27,U:x-space B&B (unconditional) + C:logit (conditional on C-15 Thm 1),
A,316.227766017,316.227766017,316.227766017,0.8,0.8,CERTIFIED,U:x-space B&B (unconditional) + C:logit (conditional on C-15 Thm 1),True,True,46662.6677007411792104523497101881577209224176,46662.6677007411792104523497101881577210096863,46662.6677007411792104523497101881577209660519,1.8702e-39,0.333333333333333333333333333333,0.333333333333333333333333333333,0.333333333333333333333333333333,3.55203e-40,0.0046875,2846.049894153,46662.6677007411792104523497101881577209753349,True,46662.6677007411792104523497101881577209753349,True,40,1543,1.25,U:x-space B&B (unconditional) + C:logit (conditional on C-15 Thm 1),
A,316.227766017,316.227766017,316.227766017,0.85,0.85,CERTIFIED,U:x-space B&B (unconditional) + C:logit (conditional on C-15 Thm 1),True,True,25140.8749932309297365980946315647659400167063,25140.8749932309297365980946315647659400629738,25140.874993230929736598094631564765940039652,1.84033e-39,0.333333333333333333333333333333,0.333333333333333333333333333333,0.333333333333333333333333333333,3.51907e-40,0.0046875,2846.049894153,25140.874993230929736598094631564765940046975,True,25140.874993230929736598094631564765940046975,True,40,1547,1.21,U:x-space B&B (unconditional) + C:logit (conditional on C-15 Thm 1),
A,316.227766017,316.227766017,316.227766017,0.9,0.9,CERTIFIED,U:x-space B&B (unconditional) + C:logit (conditional on C-15 Thm 1),True,True,14453.4753401049095881836162527332614531382843,14453.4753401049095881836162527332614531610419,14453.475340104909588183616252733261453149569,1.57454e-39,0.333333333333333333333333333333,0.333333333333333333333333333333,0.333333333333333333333333333333,3.35591e-40,0.0046875,2846.049894153,14453.4753401049095881836162527332614531533991,True,14453.4753401049095881836162527332614531533991,True,40,1513,1.28,U:x-space B&B (unconditional) + C:logit (conditional on C-15 Thm 1),
A,316.227766017,316.227766017,316.227766017,1-1e-1,0.9,CERTIFIED,U:x-space B&B (unconditional) + C:logit (conditional on C-15 Thm 1),True,True,14453.4753401049095881836162527332614531382843,14453.4753401049095881836162527332614531610419,14453.475340104909588183616252733261453149569,1.57454e-39,0.333333333333333333333333333333,0.333333333333333333333333333333,0.333333333333333333333333333333,3.35591e-40,0.0046875,2846.049894153,14453.4753401049095881836162527332614531533991,True,14453.4753401049095881836162527332614531533991,True,40,1513,1.22,U:x-space B&B (unconditional) + C:logit (conditional on C-15 Thm 1),
A,316.227766017,316.227766017,316.227766017,0.95,0.95,CERTIFIED,U:x-space B&B (unconditional) + C:logit (conditional on C-15 Thm 1),True,True,7835.0765671918222204424387583714915432117528,7835.07656719182222044243875837149154322303754,7835.07656719182222044243875837149154321739517,1.44029e-39,0.333333333333333333333333333333,0.333333333333333333333333333333,0.333333333333333333333333333333,1.47344e-38,0.009375,2846.049894153,7835.07656719182222044243875837149154321919576,True,7835.07656719182222044243875837149154321919576,True,40,1279,1.04,U:x-space B&B (unconditional) + C:logit (conditional on C-15 Thm 1),
A,316.227766017,316.227766017,316.227766017,1-1e-2,0.99,CERTIFIED,U:x-space B&B (unconditional) + C:logit (conditional on C-15 Thm 1),True,True,3781.12674842262708043275988189770294863605674,3781.12674842262708043275988189770294864169911,3781.12674842262708043275988189770294863887792,1.49225e-39,0.333333333333333333333333333333,0.333333333333333333333333333333,0.333333333333333333333333333333,6.21824e-40,0.009375,2846.049894153,3781.12674842262708043275988189770294864011416,True,3781.12674842262708043275988189770294864011416,True,40,1135,0.89,U:x-space B&B (unconditional) + C:logit (conditional on C-15 Thm 1),
A,316.227766017,316.227766017,316.227766017,1-1e-3,0.999,CERTIFIED,U:x-space B&B (unconditional) + C:logit (conditional on C-15 Thm 1),True,True,2938.7901551912218509707297655136598851626142,2938.79015519122185097072976551365988516849167,2938.79015519122185097072976551365988516557644,1.99996e-39,0.333333333333333333333333333333,0.333333333333333333333333333333,0.333333333333333333333333333333,3.37455e-40,0.009375,2846.049894153,2938.79015519122185097072976551365988516684151,True,2938.79015519122185097072976551365988516684151,True,40,1089,0.75,U:x-space B&B (unconditional) + C:logit (conditional on C-15 Thm 1),
A,316.227766017,316.227766017,316.227766017,1-1e-4,0.9999,CERTIFIED,U:x-space B&B (unconditional) + C:logit (conditional on C-15 Thm 1),True,True,2855.31745504237434411161675384968710864308785,2855.31745504237434411161675384968710864887129,2855.31745504237434411161675384968710864595606,2.0255e-39,0.333333333333333333333333333333,0.333333333333333333333333333333,0.333333333333333333333333333333,3.22808e-40,0.009375,2846.049894153,2855.31745504237434411161675384968710864710219,True,2855.31745504237434411161675384968710864710219,True,40,1137,0.84,U:x-space B&B (unconditional) + C:logit (conditional on C-15 Thm 1),
A,316.227766017,316.227766017,316.227766017,1-1e-5,0.99999,CERTIFIED,U:x-space B&B (unconditional) + C:logit (conditional on C-15 Thm 1),True,True,2846.97658678788746384473397631042028229335013,2846.97658678788746384473397631042028229748787,2846.976586787887463844733976310420282295419,1.45338e-39,0.333333333333333333333333333333,0.333333333333333333333333333333,0.333333333333333333333333333333,3.21371e-40,0.009375,2846.049894153,2846.97658678788746384473397631042028229603502,True,2846.97658678788746384473397631042028229603502,True,40,1185,0.92,U:x-space B&B (unconditional) + C:logit (conditional on C-15 Thm 1),
A,316.227766017,316.227766017,316.227766017,1-1e-6,0.999999,CERTIFIED,U:x-space B&B (unconditional) + C:logit (conditional on C-15 Thm 1),True,True,2846.1425627831453868121839621875540126283896,2846.14256278314538681218396218755401263262138,2846.14256278314538681218396218755401263050549,1.48685e-39,0.333333333333333333333333333333,0.333333333333333333333333333333,0.333333333333333333333333333333,3.21227e-40,0.009375,2846.049894153,2846.14256278314538681218396218755401263093111,True,2846.14256278314538681218396218755401263093111,True,40,1241,0.86,U:x-space B&B (unconditional) + C:logit (conditional on C-15 Thm 1),
A,316.227766017,316.227766017,316.227766017,1-1e-7,0.9999999,CERTIFIED,U:x-space B&B (unconditional) + C:logit (conditional on C-15 Thm 1),True,True,2846.05916100968230213156912103521945369650587,2846.05916100968230213156912103521945370219527,2846.05916100968230213156912103521945369932706,1.99904e-39,0.333333333333333333333333333333,0.333333333333333333333333333333,0.333333333333333333333333333333,3.21213e-40,0.009375,2846.049894153,2846.05916100968230213156912103521945370028017,True,2846.05916100968230213156912103521945370028017,True,40,1297,0.89,U:x-space B&B (unconditional) + C:logit (conditional on C-15 Thm 1),
A,316.227766017,316.227766017,316.227766017,1-1e-8,0.99999999,CERTIFIED,U:x-space B&B (unconditional) + C:logit (conditional on C-15 Thm 1),True,True,2846.05082083860490904469710076018866076304795,2846.05082083860490904469710076018866076883139,2846.05082083860490904469710076018866076591616,2.03209e-39,0.333333333333333333333333333333,0.333333333333333333333333333333,0.333333333333333333333333333333,3.21212e-40,0.009375,2846.049894153,2846.05082083860490904469710076018866076721958,True,2846.05082083860490904469710076018866076721958,True,40,1345,1.0,U:x-space B&B (unconditional) + C:logit (conditional on C-15 Thm 1),
A,316.227766017,316.227766017,316.227766017,1-1e-9,0.999999999,CERTIFIED,U:x-space B&B (unconditional) + C:logit (conditional on C-15 Thm 1),True,True,2846.04998682155985769398214770491060553535259,2846.04998682155985769398214770491060553953735,2846.04998682155985769398214770491060553746848,1.47037e-39,0.333333333333333333333333333333,0.333333333333333333333333333333,0.333333333333333333333333333333,3.21211e-40,0.009375,2846.049894153,2846.04998682155985769398214770491060553860943,True,2846.04998682155985769398214770491060553860943,True,40,1401,0.88,U:x-space B&B (unconditional) + C:logit (conditional on C-15 Thm 1),
A,316.227766017,316.227766017,316.227766017,1-1e-10,0.9999999999,CERTIFIED,U:x-space B&B (unconditional) + C:logit (conditional on C-15 Thm 1),True,True,2846.04990341985597943729453618242839605038868,2846.04990341985597943729453618242839605612509,2846.04990341985597943729453618242839605325688,2.01557e-39,0.333333333333333333333333333333,0.333333333333333333333333333333,0.333333333333333333333333333333,3.21211e-40,0.009375,2846.049894153,2846.04990341985597943729453618242839605417034,True,2846.04990341985597943729453618242839605417034,True,40,1457,0.85,U:x-space B&B (unconditional) + C:logit (conditional on C-15 Thm 1),
A,1000.0,1000.0,1000.0,2/3+1e-8,0.666666676666666666666666666666666666666666667,CERTIFIED,U:x-space B&B (unconditional) + C:logit (conditional on C-15 Thm 1),True,True,167593003128151428806726.177676844107834942268,167593003128151428806726.177676844107834942478,167593003128151428806726.177676844107834942373,1.25256e-42,0.333333333333333333333333333333,0.333333333333333333333333333333,0.333333333333333333333333333333,1.54584e-50,0.01875,9000.0,167593003128151428806726.177676844107834942362,True,167593003128151428806726.177676844107834942362,True,50,349,0.45,U:x-space B&B (unconditional) + C:logit (conditional on C-15 Thm 1),
A,1000.0,1000.0,1000.0,2/3+1e-7,0.666666766666666666666666666666666666666666667,CERTIFIED,U:x-space B&B (unconditional) + C:logit (conditional on C-15 Thm 1),True,True,167675032252817811839.787745126316569038340017,167675032252817811839.787745126316569038340038,167675032252817811839.787745126316569038340027,1.25277e-43,0.333333333333333333333333333333,0.333333333333333333333333333333,0.333333333333333333333333333333,1.54642e-50,0.01875,9000.0,167675032252817811839.787745126316569038340026,True,167675032252817811839.787745126316569038340026,True,50,349,0.42,U:x-space B&B (unconditional) + C:logit (conditional on C-15 Thm 1),
A,1000.0,1000.0,1000.0,2/3+1e-6,0.666667666666666666666666666666666666666666667,CERTIFIED,U:x-space B&B (unconditional) + C:logit (conditional on C-15 Thm 1),True,True,168495324480138533.07182681870617923996979818,168495324480138533.071826818706179239969798183,168495324480138533.071826818706179239969798181,1.84531e-44,0.333333333333333333333333333333,0.333333333333333333333333333333,0.333333333333333333333333333333,1.55226e-50,0.01875,9000.0,168495324480138533.071826818706179239969798181,True,168495324480138533.071826818706179239969798181,True,50,349,0.42,U:x-space B&B (unconditional) + C:logit (conditional on C-15 Thm 1),
A,1000.0,1000.0,1000.0,2/3+1e-5,0.666676666666666666666666666666666666666666667,CERTIFIED,U:x-space B&B (unconditional) + C:logit (conditional on C-15 Thm 1),True,True,176699181401747.980051265052146255589154734595,176699181401747.980051265052146255591088947824,176699181401747.980051265052146255590121841209,1.09464e-35,0.333333333333333333333333333333,0.333333333333333333333333333333,0.333333333333333333333333333333,1.38578e-40,0.01875,9000.0,176699181401747.980051265052146255590229322707,True,176699181401747.980051265052146255590229322707,True,40,359,0.41,U:x-space B&B (unconditional) + C:logit (conditional on C-15 Thm 1),
A,1000.0,1000.0,1000.0,2/3+1e-4,0.666766666666666666666666666666666666666666667,CERTIFIED,U:x-space B&B (unconditional) + C:logit (conditional on C-15 Thm 1),True,True,259371364228.722765660471947592669933303906795,259371364228.722765660471947592669933616604947,259371364228.722765660471947592669933460255871,1.2056e-36,0.333333333333333333333333333333,0.333333333333333333333333333333,0.333333333333333333333333333333,2.15318e-40,0.01875,9000.0,259371364228.722765660471947592669933466065105,True,259371364228.722765660471947592669933466065105,True,40,447,0.43,U:x-space B&B (unconditional) + C:logit (conditional on C-15 Thm 1),
A,1000.0,1000.0,1000.0,2/3+1e-3,0.667666666666666666666666666666666666666666667,CERTIFIED,U:x-space B&B (unconditional) + C:logit (conditional on C-15 Thm 1),True,True,1216043602.85498449725846533241420948620226285,1216043602.85498449725846533241420948643850204,1216043602.85498449725846533241420948632037012,1.94269e-37,0.333333333333333333333333333333,0.333333333333333333333333333333,0.333333333333333333333333333333,2.49436e-40,0.009375,9000.0,1216043602.85498449725846533241420948634287686,True,1216043602.85498449725846533241420948634287686,True,40,855,0.76,U:x-space B&B (unconditional) + C:logit (conditional on C-15 Thm 1),
A,1000.0,1000.0,1000.0,2/3+1e-2,0.676666666666666666666666666666666666666666667,CERTIFIED,U:x-space B&B (unconditional) + C:logit (conditional on C-15 Thm 1),True,True,18209825.5327042895161874895872365742421021705,18209825.5327042895161874895872365742424099341,18209825.5327042895161874895872365742422562449,1.6901e-38,0.333333333333333333333333333333,0.333333333333333333333333333333,0.333333333333333333333333333333,2.57895e-40,0.0046875,9000.0,18209825.5327042895161874895872365742423090033,True,18209825.5327042895161874895872365742423090033,True,40,1369,1.16,U:x-space B&B (unconditional) + C:logit (conditional on C-15 Thm 1),
A,1000.0,1000.0,1000.0,0.7,0.7,CERTIFIED,U:x-space B&B (unconditional) + C:logit (conditional on C-15 Thm 1),True,True,2480727.17662631033192327416748846236211778015,2480727.17662631033192327416748846236213650982,2480727.17662631033192327416748846236212716906,7.55007e-39,0.333333333333333333333333333333,0.333333333333333333333333333333,0.333333333333333333333333333333,3.01851e-40,0.0046875,9000.0,2480727.17662631033192327416748846236212900556,True,2480727.17662631033192327416748846236212900556,True,40,1541,1.21,U:x-space B&B (unconditional) + C:logit (conditional on C-15 Thm 1),
A,1000.0,1000.0,1000.0,0.75,0.75,CERTIFIED,U:x-space B&B (unconditional) + C:logit (conditional on C-15 Thm 1),True,True,543353.181465311986475372410369323695818442645,543353.181465311986475372410369323695819706537,543353.181465311986475372410369323695819080609,2.3261e-39,0.333333333333333333333333333333,0.333333333333333333333333333333,0.333333333333333333333333333333,3.24067e-40,0.0046875,9000.0,543353.181465311986475372410369323695819181125,True,543353.181465311986475372410369323695819181125,True,40,1625,1.39,U:x-space B&B (unconditional) + C:logit (conditional on C-15 Thm 1),
A,1000.0,1000.0,1000.0,2/3+1e-1,0.766666666666666666666666666666666666666666667,CERTIFIED,U:x-space B&B (unconditional) + C:logit (conditional on C-15 Thm 1),True,True,397470.310567079645779594161052914785110668907,397470.310567079645779594161052914785111782335,397470.31056707964577959416105291478511122863,2.80129e-39,0.333333333333333333333333333333,0.333333333333333333333333333333,0.333333333333333333333333333333,3.26713e-40,0.0046875,9000.0,397470.310567079645779594161052914785111379733,True,397470.310567079645779594161052914785111379733,True,40,1625,1.21,U:x-space B&B (unconditional) + C:logit (conditional on C-15 Thm 1),
A,1000.0,1000.0,1000.0,0.8,0.8,CERTIFIED,U:x-space B&B (unconditional) + C:logit (conditional on C-15 Thm 1),True,True,238161.55327151054571324469576828617440669433,238161.553271510545713244695768286174407127664,238161.553271510545713244695768286174406910997,1.8195e-39,0.333333333333333333333333333333,0.333333333333333333333333333333,0.333333333333333333333333333333,3.28826e-40,0.0046875,9000.0,238161.553271510545713244695768286174406971113,True,238161.553271510545713244695768286174406971113,True,40,1641,1.32,U:x-space B&B (unconditional) + C:logit (conditional on C-15 Thm 1),
A,1000.0,1000.0,1000.0,0.85,0.85,CERTIFIED,U:x-space B&B (unconditional) + C:logit (conditional on C-15 Thm 1),True,True,127701.180344746806014524319356668303105937142,127701.180344746806014524319356668303106149296,127701.180344746806014524319356668303106042467,1.66133e-39,0.333333333333333333333333333333,0.333333333333333333333333333333,0.333333333333333333333333333333,3.2568e-40,0.0046875,9000.0,127701.180344746806014524319356668303106069574,True,127701.180344746806014524319356668303106069574,True,40,1645,1.32,U:x-space B&B (unconditional) + C:logit (conditional on C-15 Thm 1),
A,1000.0,1000.0,1000.0,0.9,0.9,CERTIFIED,U:x-space B&B (unconditional) + C:logit (conditional on C-15 Thm 1),True,True,71804.399983384484618521346596599258448894413,71804.3999833844846185213465965992584490147837,71804.3999833844846185213465965992584489545984,1.67637e-39,0.333333333333333333333333333333,0.333333333333333333333333333333,0.333333333333333333333333333333,3.13209e-40,0.0046875,9000.0,71804.3999833844846185213465965992584489741783,True,71804.3999833844846185213465965992584489741783,True,40,1629,1.26,U:x-space B&B (unconditional) + C:logit (conditional on C-15 Thm 1),
A,1000.0,1000.0,1000.0,1-1e-1,0.9,CERTIFIED,U:x-space B&B (unconditional) + C:logit (conditional on C-15 Thm 1),True,True,71804.399983384484618521346596599258448894413,71804.3999833844846185213465965992584490147837,71804.3999833844846185213465965992584489545984,1.67637e-39,0.333333333333333333333333333333,0.333333333333333333333333333333,0.333333333333333333333333333333,3.13209e-40,0.0046875,9000.0,71804.3999833844846185213465965992584489741783,True,71804.3999833844846185213465965992584489741783,True,40,1629,1.35,U:x-space B&B (unconditional) + C:logit (conditional on C-15 Thm 1),
A,1000.0,1000.0,1000.0,0.95,0.95,CERTIFIED,U:x-space B&B (unconditional) + C:logit (conditional on C-15 Thm 1),True,True,36426.3650924492314509452273290293970279594053,36426.3650924492314509452273290293970280210952,36426.3650924492314509452273290293970279902502,1.69355e-39,0.333333333333333333333333333333,0.333333333333333333333333333333,0.333333333333333333333333333333,2.80262e-40,0.0046875,9000.0,36426.3650924492314509452273290293970280026502,True,36426.3650924492314509452273290293970280026502,True,40,1549,1.21,U:x-space B&B (unconditional) + C:logit (conditional on C-15 Thm 1),
A,1000.0,1000.0,1000.0,1-1e-2,0.99,CERTIFIED,U:x-space B&B (unconditional) + C:logit (conditional on C-15 Thm 1),True,True,14207.3812791488771462459131895961839509891766,14207.3812791488771462459131895961839510158839,14207.3812791488771462459131895961839510025302,1.87981e-39,0.333333333333333333333333333333,0.333333333333333333333333333333,0.333333333333333333333333333333,6.07831e-40,0.009375,9000.0,14207.3812791488771462459131895961839510079838,True,14207.3812791488771462459131895961839510079838,True,40,1205,0.87,U:x-space B&B (unconditional) + C:logit (conditional on C-15 Thm 1),
A,1000.0,1000.0,1000.0,1-1e-3,0.999,CERTIFIED,U:x-space B&B (unconditional) + C:logit (conditional on C-15 Thm 1),True,True,9517.99467013994276845024901280482336876112097,9517.99467013994276845024901280482336879083747,9517.99467013994276845024901280482336877597922,3.12214e-39,0.333333333333333333333333333333,0.333333333333333333333333333333,0.333333333333333333333333333333,2.80595e-40,0.009375,9000.0,9517.99467013994276845024901280482336878293452,True,9517.99467013994276845024901280482336878293452,True,40,1115,0.85,U:x-space B&B (unconditional) + C:logit (conditional on C-15 Thm 1),
A,1000.0,1000.0,1000.0,1-1e-4,0.9999,CERTIFIED,U:x-space B&B (unconditional) + C:logit (conditional on C-15 Thm 1),True,True,9051.77872925376958909746811942774592464016162,9051.77872925376958909746811942774592466874964,9051.77872925376958909746811942774592465445563,3.15828e-39,0.333333333333333333333333333333,0.333333333333333333333333333333,0.333333333333333333333333333333,2.59257e-40,0.009375,9000.0,9051.77872925376958909746811942774592466045708,True,9051.77872925376958909746811942774592466045708,True,40,1145,0.85,U:x-space B&B (unconditional) + C:logit (conditional on C-15 Thm 1),
A,1000.0,1000.0,1000.0,1-1e-5,0.99999,CERTIFIED,U:x-space B&B (unconditional) + C:logit (conditional on C-15 Thm 1),True,True,9005.1776722064600853508392073473440185511535,9005.17767220646008535083920734734401857259452,9005.17767220646008535083920734734401856187401,2.38097e-39,0.333333333333333333333333333333,0.333333333333333333333333333333,0.333333333333333333333333333333,2.57197e-40,0.009375,9000.0,9005.17767220646008535083920734734401856580193,True,9005.17767220646008535083920734734401856580193,True,40,1201,0.88,U:x-space B&B (unconditional) + C:logit (conditional on C-15 Thm 1),
A,1000.0,1000.0,1000.0,1-1e-6,0.999999,CERTIFIED,U:x-space B&B (unconditional) + C:logit (conditional on C-15 Thm 1),True,True,9000.51776522011247832774438031769848518859378,9000.51776522011247832774438031769848520947056,9000.51776522011247832774438031769848519893813,2.31951e-39,0.333333333333333333333333333333,0.333333333333333333333333333333,0.333333333333333333333333333333,2.56992e-40,0.009375,9000.0,9000.51776522011247832774438031769848520122004,True,9000.51776522011247832774438031769848520122004,True,40,1257,0.92,U:x-space B&B (unconditional) + C:logit (conditional on C-15 Thm 1),
A,1000.0,1000.0,1000.0,1-1e-7,0.9999999,CERTIFIED,U:x-space B&B (unconditional) + C:logit (conditional on C-15 Thm 1),True,True,9000.05177650201256787216213146099935872612905,9000.05177650201256787216213146099935875490515,9000.05177650201256787216213146099935874042306,3.19733e-39,0.333333333333333333333333333333,0.333333333333333333333333333333,0.333333333333333333333333333333,2.56971e-40,0.009375,9000.0,9000.05177650201256787216213146099935874570297,True,9000.05177650201256787216213146099935874570297,True,40,1305,0.87,U:x-space B&B (unconditional) + C:logit (conditional on C-15 Thm 1),
A,1000.0,1000.0,1000.0,1-1e-8,0.99999999,CERTIFIED,U:x-space B&B (unconditional) + C:logit (conditional on C-15 Thm 1),True,True,9000.0051776500012766429219205883833295073462,9000.00517765000127664292192058838332953631038,9000.00517765000127664292192058838332952182829,3.21824e-39,0.333333333333333333333333333333,0.333333333333333333333333333333,0.333333333333333333333333333333,2.56969e-40,0.009375,9000.0,9000.00517765000127664292192058838332952908231,True,9000.00517765000127664292192058838332952908231,True,40,1361,0.91,U:x-space B&B (unconditional) + C:logit (conditional on C-15 Thm 1),
A,1000.0,1000.0,1000.0,1-1e-9,0.999999999,CERTIFIED,U:x-space B&B (unconditional) + C:logit (conditional on C-15 Thm 1),True,True,9000.00051776499812786950455800147238859233466,9000.0005177649981278695045580014723886135876,9000.00051776499812786950455800147238860286709,2.36144e-39,0.333333333333333333333333333333,0.333333333333333333333333333333,0.333333333333333333333333333333,2.56969e-40,0.009375,9000.0,9000.00051776499812786950455800147238860980613,True,9000.00051776499812786950455800147238860980613,True,40,1417,0.96,U:x-space B&B (unconditional) + C:logit (conditional on C-15 Thm 1),
A,1000.0,1000.0,1000.0,1-1e-10,0.9999999999,CERTIFIED,U:x-space B&B (unconditional) + C:logit (conditional on C-15 Thm 1),True,True,9000.00005177649979278900923476814556855662206,9000.000051776499792789009234768145568585022,9000.00005177649979278900923476814556857072799,3.15555e-39,0.333333333333333333333333333333,0.333333333333333333333333333333,0.333333333333333333333333333333,2.56969e-40,0.009375,9000.0,9000.0000517764997927890092347681455685754433,True,9000.0000517764997927890092347681455685754433,True,40,1465,0.94,U:x-space B&B (unconditional) + C:logit (conditional on C-15 Thm 1),
B,0.001,0.001,1,2/3+1e-8,0.666666676666666666666666666666666666666666667,CERTIFIED,U:x-space B&B (unconditional) + C:logit (conditional on C-15 Thm 1),True,True,167583887267337383405575.450623558095915075285,167583887267337383405575.450623558095915075495,167583887267337383405575.45062355809591507539,1.25254e-42,0.333333337359967958377799862857,0.333333331320016020811100068571,0.333333331320016020811100068571,3.97869e-50,0.01875,1.13049110640673517327995574178,167583887267337383405575.450623558095915075379,True,,,50,349,0.42,U:x-space B&B (unconditional) + C:logit (conditional on C-15 Thm 1),
B,0.001,0.001,1,2/3+1e-7,0.666666766666666666666666666666666666666666667,CERTIFIED,U:x-space B&B (unconditional) + C:logit (conditional on C-15 Thm 1),True,True,167583873643689215107.886700620559164974805569,167583873643689215107.88670062055916497480559,167583873643689215107.88670062055916497480558,1.25254e-43,0.333333373599682863784780505846,0.333333313200158568107609747077,0.333333313200158568107609747077,3.97869e-50,0.01875,1.13049110640673517327995574178,167583873643689215107.886700620559164974805579,True,,,50,349,0.33,U:x-space B&B (unconditional) + C:logit (conditional on C-15 Thm 1),
B,0.001,0.001,1,2/3+1e-6,0.666667666666666666666666666666666666666666667,CERTIFIED,U:x-space B&B (unconditional) + C:logit (conditional on C-15 Thm 1),True,True,167583737407044114.231727707483214163777734903,167583737407044114.231727707483214163777734906,167583737407044114.231727707483214163777734904,1.84199e-44,0.333333735997156640031557100335,0.333333132001421679984221449832,0.333333132001421679984221449832,4.94892e-50,0.01875,1.13049110640673517327995574178,167583737407044114.231727707483214163777734904,True,,,50,349,0.33,U:x-space B&B (unconditional) + C:logit (conditional on C-15 Thm 1),
B,0.001,0.001,1,2/3+1e-5,0.666676666666666666666666666666666666666666667,CERTIFIED,U:x-space B&B (unconditional) + C:logit (conditional on C-15 Thm 1),True,True,167582375024250.826881745963663449494859747856,167582375024250.826881745963663449496663046828,167582375024250.826881745963663449495761397342,1.07607e-35,0.333337360004368124287150045192,0.333331319997815937856424977404,0.333331319997815937856424977404,3.08743e-40,0.0187499,1.13049110640673517327995574178,167582375024250.826881745963663449495865058241,True,,,40,349,0.36,U:x-space B&B (unconditional) + C:logit (conditional on C-15 Thm 1),
B,0.001,0.001,1,2/3+1e-4,0.666766666666666666666666666666666666666666667,CERTIFIED,U:x-space B&B (unconditional) + C:logit (conditional on C-15 Thm 1),True,True,167568749561.601375227999412093758642820130625,167568749561.601375227999412093758643000622,167568749561.601375227999412093758642910376312,1.07712e-36,0.333373603325359557079827691067,0.333313198337320221460086154466,0.333313198337320221460086154466,2.85642e-40,0.0187489,1.13049110640673517327995574178,167568749561.601375227999412093758642914628355,True,,,40,349,0.35,U:x-space B&B (unconditional) + C:logit (conditional on C-15 Thm 1),
B,0.001,0.001,1,2/3+1e-3,0.667666666666666666666666666666666666666666667,CERTIFIED,U:x-space B&B (unconditional) + C:logit (conditional on C-15 Thm 1),True,True,167432330.974148107298629256414184968203637836,167432330.974148107298629256414184968228221946,167432330.974148107298629256414184968215929891,1.4683e-37,0.333736362930558252142555318857,0.333131818534720873928722340571,0.333131818534720873928722340571,4.26377e-40,0.0187387,1.13049110640673517327995574178,167432330.974148107298629256414184968220494623,True,,,40,349,0.29,U:x-space B&B (unconditional) + C:logit (conditional on C-15 Thm 1),
B,0.001,0.001,1,2/3+1e-2,0.676666666666666666666666666666666666666666667,CERTIFIED,U:x-space B&B (unconditional) + C:logit (conditional on C-15 Thm 1),True,True,166051.253795228298029631728165717429113585612,166051.253795228298029631728165717429115508533,166051.253795228298029631728165717429114545568,1.15803e-38,0.337398139038378182576523211578,0.331300930480810908711738394211,0.331300930480810908711738394211,3.90545e-40,0.0186357,1.13049110640673517327995574178,166051.253795228298029631728165717429115332639,True,,,40,359,0.29,U:x-space B&B (unconditional) + C:logit (conditional on C-15 Thm 1),
B,0.001,0.001,1,0.7,0.7,CERTIFIED,U:x-space B&B (unconditional) + C:logit (conditional on C-15 Thm 1),True,True,4382.45435165509319469226357072556844992217263,4382.45435165509319469226357072556844994540039,4382.45435165509319469226357072556844993373949,5.30017e-39,0.347227789876410841517258713904,0.326386105061794579241370643048,0.326386105061794579241370643048,5.05829e-40,0.0183592,1.13049110640673517327995574178,4382.45435165509319469226357072556844993887238,True,,,40,373,0.41,U:x-space B&B (unconditional) + C:logit (conditional on C-15 Thm 1),
B,0.001,0.001,1,2/3+1e-1,0.766666666666666666666666666666666666666666667,CERTIFIED,U:x-space B&B (unconditional) + C:logit (conditional on C-15 Thm 1),True,True,149.985995666785774746391916139721459251516686,149.985995666785774746391916139721459251831131,149.985995666785774746391916139721459251675378,2.09649e-39,0.379403210121700672101859156136,0.310298394939149663949070421932,0.310298394939149663949070421932,1.10426e-39,0.0174543,1.13049110640673517327995574178,149.985995666785774746391916139721459251740068,True,,,40,441,0.29,U:x-space B&B (unconditional) + C:logit (conditional on C-15 Thm 1),
B,0.001,0.001,1,0.8,0.8,CERTIFIED,U:x-space B&B (unconditional) + C:logit (conditional on C-15 Thm 1),True,True,60.1496119345410692863042052547306583651562855,60.149611934541069286304205254730658365234162,60.1496119345410692863042052547306583651952237,1.29471e-39,0.399158109248065968416804021788,0.300420945375967015791597989106,0.300420945375967015791597989106,1.86925e-39,0.0168987,1.13049110640673517327995574178,60.1496119345410692863042052547306583652039726,True,,,40,477,0.44,U:x-space B&B (unconditional) + C:logit (conditional on C-15 Thm 1),
B,0.001,0.001,1,0.9,0.9,CERTIFIED,U:x-space B&B (unconditional) + C:logit (conditional on C-15 Thm 1),True,True,8.821678746346856436661374749307499596505364,8.82167874634685643666137474930749959651656793,8.82167874634685643666137474930749959651087413,1.27005e-39,0.492523949281339230669107196949,0.253738025359330384665446401525,0.253738025359330384665446401525,4.55075e-39,0.00713638,1.13049110640673517327995574178,8.82167874634685643666137474930749959651231325,True,,,40,975,0.72,U:x-space B&B (unconditional) + C:logit (conditional on C-15 Thm 1),
B,0.001,0.001,1,1-1e-1,0.9,CERTIFIED,U:x-space B&B (unconditional) + C:logit (conditional on C-15 Thm 1),True,True,8.821678746346856436661374749307499596505364,8.82167874634685643666137474930749959651656793,8.82167874634685643666137474930749959651087413,1.27005e-39,0.492523949281339230669107196949,0.253738025359330384665446401525,0.253738025359330384665446401525,4.55075e-39,0.00713638,1.13049110640673517327995574178,8.82167874634685643666137474930749959651231325,True,,,40,975,0.84,U:x-space B&B (unconditional) + C:logit (conditional on C-15 Thm 1),
B,0.001,0.001,1,0.99,0.99,CERTIFIED,U:x-space B&B (unconditional) + C:logit (conditional on C-15 Thm 1),True,True,1.73364067736220774535070019877867063518930928,1.73364067736220774535070019877867063519139854,1.73364067736220774535070019877867063519036539,1.20513e-39,0.776309881816281949416527042825,0.111845059091859025291736478587,0.111845059091859025291736478587,1.6528e-38,0.000393205,1.13049110640673517327995574178,1.73364067736220774535070019877867063519067187,True,,,40,9479,7.36,U:x-space B&B (unconditional) + C:logit (conditional on C-15 Thm 1),
B,0.001,0.001,1,1-1e-2,0.99,CERTIFIED,U:x-space B&B (unconditional) + C:logit (conditional on C-15 Thm 1),True,True,1.73364067736220774535070019877867063518930928,1.73364067736220774535070019877867063519139854,1.73364067736220774535070019877867063519036539,1.20513e-39,0.776309881816281949416527042825,0.111845059091859025291736478587,0.111845059091859025291736478587,1.6528e-38,0.000393205,1.13049110640673517327995574178,1.73364067736220774535070019877867063519067187,True,,,40,9479,6.25,U:x-space B&B (unconditional) + C:logit (conditional on C-15 Thm 1),
B,0.001,0.001,1,1-1e-3,0.999,CERTIFIED,U:x-space B&B (unconditional) + C:logit (conditional on C-15 Thm 1),True,True,1.22419638673257501091137766195446417106117377,1.22419638673257501091137766195446417106509974,1.22419638673257501091137766195446417106312528,3.20698e-39,0.90543794829415011278601610765,0.0472810258529249436069919461749,0.0472810258529249436069919461749,2.75196e-38,4.15556e-5,1.13049110640673517327995574178,1.22419638673257501091137766195446417106396496,True,,,40,41599,22.12,U:x-space B&B (unconditional) + C:logit (conditional on C-15 Thm 1),
B,0.001,0.001,1,1-1e-4,0.9999,CERTIFIED,U:x-space B&B (unconditional) + C:logit (conditional on C-15 Thm 1),True,True,1.14173082315114291587595077752507064131965722,1.14173082315114291587595077752507064132486888,1.14173082315114291587595077752507064132225157,4.56471e-39,0.936037166797076123290202507084,0.0319814166014619383548987464579,0.0319814166014619383548987464579,2.53639e-38,1.40543e-5,1.13049110640673517327995574178,1.14173082315114291587595077752507064132329737,True,,,40,58621,33.2,U:x-space B&B (unconditional) + C:logit (conditional on C-15 Thm 1),
B,0.001,0.001,1,1-1e-5,0.99999,CERTIFIED,U:x-space B&B (unconditional) + C:logit (conditional on C-15 Thm 1),True,True,1.13164649954677101774286789575845813008730531,1.13164649954677101774286789575845813009095577,1.13164649954677101774286789575845813008911906,3.2258e-39,0.940052392429098756200784089521,0.0299738037854506218996079552396,0.0299738037854506218996079552396,1.86973e-38,1.31721e-5,1.13049110640673517327995574178,1.1316464995467710177428678957584581300896358,True,,,40,58905,32.62,U:x-space B&B (unconditional) + C:logit (conditional on C-15 Thm 1),
B,0.001,0.001,1,1-1e-6,0.999999,CERTIFIED,U:x-space B&B (unconditional) + C:logit (conditional on C-15 Thm 1),True,True,1.13060698415586098786478847249219962454571986,1.13060698415586098786478847249219962454939328,1.13060698415586098786478847249219962454755657,3.24907e-39,0.940469926653231675058385279679,0.0297650366733841624708073601604,0.0297650366733841624708073601604,1.81085e-38,1.30803e-5,1.13049110640673517327995574178,1.13060698415586098786478847249219962454777265,True,,,40,59153,33.2,U:x-space B&B (unconditional) + C:logit (conditional on C-15 Thm 1),
B,0.001,0.001,1,1-1e-7,0.9999999,CERTIFIED,U:x-space B&B (unconditional) + C:logit (conditional on C-15 Thm 1),True,True,1.13050269759256606181731436651265739002081883,1.13050269759256606181731436651265739002623713,1.13050269759256606181731436651265739002352798,4.79282e-39,0.940511852473532910062628260854,0.0297440737632335449686858695729,0.0297440737632335449686858695729,2.79557e-38,1.30711e-5,1.13049110640673517327995574178,1.13050269759256606181731436651265739002437984,True,,,40,59239,31.29,U:x-space B&B (unconditional) + C:logit (conditional on C-15 Thm 1),
B,0.001,0.001,1,1-1e-8,0.99999999,CERTIFIED,U:x-space B&B (unconditional) + C:logit (conditional on C-15 Thm 1),True,True,1.13049226555945427251528034997245341222821904,1.13049226555945427251528034997245341223359142,1.13049226555945427251528034997245341223090523,4.75225e-39,0.940516046793011612988340419345,0.0297419766034941935058297903276,0.0297419766034941935058297903276,2.97056e-38,1.30702e-5,1.13049110640673517327995574178,1.13049226555945427251528034997245341223226445,True,,,40,59317,34.08,U:x-space B&B (unconditional) + C:logit (conditional on C-15 Thm 1),
B,0.001,0.001,1,1-1e-9,0.999999999,CERTIFIED,U:x-space B&B (unconditional) + C:logit (conditional on C-15 Thm 1),True,True,1.13049122232234847016092303374552248925221021,1.13049122232234847016092303374552248925590659,1.13049122232234847016092303374552248925404692,3.26971e-39,0.940516466242347570552654774788,0.0297417668788262147236726126058,0.0297417668788262147236726126058,2.11302e-38,1.30701e-5,1.13049110640673517327995574178,1.1304912223223484701609230337455224892552535,True,,,40,59371,31.88,U:x-space B&B (unconditional) + C:logit (conditional on C-15 Thm 1),
B,0.001,0.001,1,1-1e-10,0.9999999999,CERTIFIED,U:x-space B&B (unconditional) + C:logit (conditional on C-15 Thm 1),True,True,1.13049111799829991686448307193266100679870294,1.13049111799829991686448307193266100680407532,1.13049111799829991686448307193266100680138913,4.75225e-39,0.940516508187455060796603356289,0.0297417459062724696016983218553,0.0297417459062724696016983218553,2.81175e-38,1.30701e-5,1.13049110640673517327995574178,1.13049111799829991686448307193266100680219723,True,,,40,59433,34.72,U:x-space B&B (unconditional) + C:logit (conditional on C-15 Thm 1),
B,0.00146779926762,0.00146779926762,1,0.7,0.7,CERTIFIED,U:x-space B&B (unconditional) + C:logit (conditional on C-15 Thm 1),True,True,4382.71641855214010848120197407773125181945683,4382.71641855214010848120197407773125184306076,4382.71641855214010848120197407773125183121177,5.38568e-39,0.347220844482967126250568600091,0.326389577758516436874715699955,0.326389577758516436874715699955,5.32179e-40,0.0183594,1.15911867105266347142114254787,4382.71641855214010848120197407773125183658806,True,,,40,373,0.35,U:x-space B&B (unconditional) + C:logit (conditional on C-15 Thm 1),
B,0.00146779926762,0.00146779926762,1,0.8,0.8,CERTIFIED,U:x-space B&B (unconditional) + C:logit (conditional on C-15 Thm 1),True,True,60.1681191022532767712628156267840609447176981,60.1681191022532767712628156267840609448029214,60.1681191022532767712628156267840609447603098,1.41642e-39,0.399114511440361966189428188349,0.300442744279819016905285905825,0.300442744279819016905285905825,2.17194e-39,0.0168999,1.15911867105266347142114254787,60.1681191022532767712628156267840609447723256,True,,,40,477,0.46,U:x-space B&B (unconditional) + C:logit (conditional on C-15 Thm 1),
B,0.00146779926762,0.00146779926762,1,0.9,0.9,CERTIFIED,U:x-space B&B (unconditional) + C:logit (conditional on C-15 Thm 1),True,True,8.82944425053428230092541730760851401632217249,8.82944425053428230092541730760851401633245807,8.82944425053428230092541730760851401632731528,1.16492e-39,0.492346939974393730924942587687,0.253826530012803134537528706157,0.253826530012803134537528706157,4.49157e-39,0.00713887,1.15911867105266347142114254787,8.82944425053428230092541730760851401632882605,True,,,40,977,0.67,U:x-space B&B (unconditional) + C:logit (conditional on C-15 Thm 1),
B,0.00146779926762,0.00146779926762,1,0.99,0.99,CERTIFIED,U:x-space B&B (unconditional) + C:logit (conditional on C-15 Thm 1),True,True,1.74317833442110832594493784485203063804804587,1.74317833442110832594493784485203063804995145,1.74317833442110832594493784485203063804898718,1.09317e-39,0.774230614758695767034641964196,0.112884692620652116482679017902,0.112884692620652116482679017902,1.36816e-38,0.00039686,1.15911867105266347142114254787,1.74317833442110832594493784485203063804930622,True,,,40,9151,7.0,U:x-space B&B (unconditional) + C:logit (conditional on C-15 Thm 1),
B,0.00215443469003,0.00215443469003,1,0.7,0.7,CERTIFIED,U:x-space B&B (unconditional) + C:logit (conditional on C-15 Thm 1),True,True,4383.10107428893563666032956119298808690327543,4383.10107428893563666032956119298808692716147,4383.10107428893563666032956119298808691521845,5.44958e-39,0.347210650859060472014529239571,0.326394674570469763992735380215,0.326394674570469763992735380215,6.1813e-40,0.0183597,1.1942812921045499885863112373,4383.10107428893563666032956119298808692047213,True,,,40,373,0.31,U:x-space B&B (unconditional) + C:logit (conditional on C-15 Thm 1),
B,0.00215443469003,0.00215443469003,1,0.8,0.8,CERTIFIED,U:x-space B&B (unconditional) + C:logit (conditional on C-15 Thm 1),True,True,60.195280130708152786568632258267322094991033,60.195280130708152786568632258267322095076991,60.1952801307081527865686322582673220950336447,1.42799e-39,0.399050554050970870091742199333,0.300474722974514564954128900334,0.300474722974514564954128900334,2.17137e-39,0.0169017,1.1942812921045499885863112373,60.1952801307081527865686322582673220950453537,True,,,40,477,0.4,U:x-space B&B (unconditional) + C:logit (conditional on C-15 Thm 1),
B,0.00215443469003,0.00215443469003,1,0.9,0.9,CERTIFIED,U:x-space B&B (unconditional) + C:logit (conditional on C-15 Thm 1),True,True,8.84083470682243901839408673273124213354896636,8.84083470682243901839408673273124213355961928,8.84083470682243901839408673273124213355429282,1.20497e-39,0.492087675916144658774564579852,0.253956162041927670612717710074,0.253956162041927670612717710074,4.26621e-39,0.00714252,1.1942812921045499885863112373,8.84083470682243901839408673273124213355595052,True,,,40,977,0.8,U:x-space B&B (unconditional) + C:logit (conditional on C-15 Thm 1),
B,0.00215443469003,0.00215443469003,1,0.99,0.99,CERTIFIED,U:x-space B&B (unconditional) + C:logit (conditional on C-15 Thm 1),True,True,1.7569984691693297292163953892148048887077948,1.75699846916932972921639538921480488870979222,1.75699846916932972921639538921480488870880499,1.13684e-39,0.771247553074323644063291056426,0.114376223462838177968354471787,0.114376223462838177968354471787,1.30775e-38,0.000402104,1.1942812921045499885863112373,1.75699846916932972921639538921480488870909339,True,,,40,8639,6.2,U:x-space B&B (unconditional) + C:logit (conditional on C-15 Thm 1),
B,0.00316227766017,0.00316227766017,1,0.7,0.7,CERTIFIED,U:x-space B&B (unconditional) + C:logit (conditional on C-15 Thm 1),True,True,4383.66565906995060713644435808373136194718205,4383.66565906995060713644435808373136197088002,4383.66565906995060713644435808373136195903104,5.40597e-39,0.347195690430531649746861372548,0.326402154784734175126569313726,0.326402154784734175126569313726,5.71606e-40,0.0183601,1.23758564071687727216871793949,4383.66565906995060713644435808373136196417559,True,,,40,373,0.37,U:x-space B&B (unconditional) + C:logit (conditional on C-15 Thm 1),
B,0.00316227766017,0.00316227766017,1,0.8,0.8,CERTIFIED,U:x-space B&B (unconditional) + C:logit (conditional on C-15 Thm 1),True,True,60.2351389389286214251166081789221668662221536,60.2351389389286214251166081789221668663037036,60.2351389389286214251166081789221668662625613,1.35386e-39,0.398956753682559942092057498847,0.300521623158720028953971250576,0.300521623158720028953971250576,2.17053e-39,0.0169043,1.23758564071687727216871793949,60.2351389389286214251166081789221668662732753,True,,,40,477,0.35,U:x-space B&B (unconditional) + C:logit (conditional on C-15 Thm 1),
B,0.00316227766017,0.00316227766017,1,0.9,0.9,CERTIFIED,U:x-space B&B (unconditional) + C:logit (conditional on C-15 Thm 1),True,True,8.85753700384647982079876140799771112676041206,8.85753700384647982079876140799771112677106497,8.85753700384647982079876140799771112676573851,1.2027e-39,0.491708307000954826250118937481,0.254145846499522586874940531259,0.254145846499522586874940531259,4.12498e-39,0.00714785,1.23758564071687727216871793949,8.85753700384647982079876140799771112676741591,True,,,40,943,0.85,U:x-space B&B (unconditional) + C:logit (conditional on C-15 Thm 1),
B,0.00316227766017,0.00316227766017,1,0.99,0.99,CERTIFIED,U:x-space B&B (unconditional) + C:logit (conditional on C-15 Thm 1),True,True,1.77691976668178028143581597908048534390257702,1.77691976668178028143581597908048534390452852,1.77691976668178028143581597908048534390354129,1.09825e-39,0.767008381012583920516059730637,0.116495809493708039741970134682,0.116495809493708039741970134682,1.08435e-38,0.000409556,1.23758564071687727216871793949,1.77691976668178028143581597908048534390389249,True,,,40,8223,5.52,U:x-space B&B (unconditional) + C:logit (conditional on C-15 Thm 1),
B,0.00464158883361,0.00464158883361,1,0.7,0.7,CERTIFIED,U:x-space B&B (unconditional) + C:logit (conditional on C-15 Thm 1),True,True,4384.49432900247019879520343923832853464580993,4384.49432900247019879520343923832853466913174,4384.49432900247019879520343923832853465747083,5.31916e-39,0.347173735326214721103876824094,0.326413132336892639448061587953,0.326413132336892639448061587953,5.32262e-40,0.0183607,1.29108318295754293707430904773,4384.49432900247019879520343923832853466256814,True,,,40,373,0.37,U:x-space B&B (unconditional) + C:logit (conditional on C-15 Thm 1),
B,0.00464158883361,0.00464158883361,1,0.8,0.8,CERTIFIED,U:x-space B&B (unconditional) + C:logit (conditional on C-15 Thm 1),True,True,60.2936261907562942868475953901749185236933259,60.2936261907562942868475953901749185237719371,60.2936261907562942868475953901749185237329988,1.30381e-39,0.398819237466947597690343374865,0.300590381266526201154828312568,0.300590381266526201154828312568,1.95476e-39,0.0169082,1.29108318295754293707430904773,60.2936261907562942868475953901749185237434484,True,,,40,477,0.37,U:x-space B&B (unconditional) + C:logit (conditional on C-15 Thm 1),
B,0.00464158883361,0.00464158883361,1,0.9,0.9,CERTIFIED,U:x-space B&B (unconditional) + C:logit (conditional on C-15 Thm 1),True,True,8.88201709593250945425530901078382466753018878,8.88201709593250945425530901078382466754047436,8.88201709593250945425530901078382466753533157,1.15802e-39,0.491153988896000793398742809577,0.254423005551999603300628595212,0.254423005551999603300628595212,4.04433e-39,0.00715565,1.29108318295754293707430904773,8.88201709593250945425530901078382466753666814,True,,,40,943,0.79,U:x-space B&B (unconditional) + C:logit (conditional on C-15 Thm 1),
B,0.00464158883361,0.00464158883361,1,0.99,0.99,CERTIFIED,U:x-space B&B (unconditional) + C:logit (conditional on C-15 Thm 1),True,True,1.80543864580283404597943625905887164423637442,1.80543864580283404597943625905887164423834889,1.80543864580283404597943625905887164423736166,1.09362e-39,0.761061089533651844243946695744,0.119469455233174077878026652128,0.119469455233174077878026652128,9.31525e-39,0.00042001,1.29108318295754293707430904773,1.80543864580283404597943625905887164423767168,True,,,40,7557,4.96,U:x-space B&B (unconditional) + C:logit (conditional on C-15 Thm 1),
B,0.00681292069058,0.00681292069058,1,0.7,0.7,CERTIFIED,U:x-space B&B (unconditional) + C:logit (conditional on C-15 Thm 1),True,True,4385.71059156334338256407640258356678226448187,4385.71059156334338256407640258356678228799176,4385.71059156334338256407640258356678227623681,5.36057e-39,0.347141517826833537685063701732,0.326429241086583231157468149134,0.326429241086583231157468149134,5.32319e-40,0.0183616,1.35741335686953675100984702468,4385.71059156334338256407640258356678228141515,True,,,40,373,0.44,U:x-space B&B (unconditional) + C:logit (conditional on C-15 Thm 1),
B,0.00681292069058,0.00681292069058,1,0.8,0.8,CERTIFIED,U:x-space B&B (unconditional) + C:logit (conditional on C-15 Thm 1),True,True,60.3794361971607740230622175381652043949280206,60.3794361971607740230622175381652043950139786,60.379436197160774023062217538165204394971367,1.42363e-39,0.398617743238387190995458489846,0.300691128380806404502270755077,0.300691128380806404502270755077,2.16751e-39,0.0169139,1.35741335686953675100984702468,60.3794361971607740230622175381652043949825323,True,,,40,477,0.36,U:x-space B&B (unconditional) + C:logit (conditional on C-15 Thm 1),
B,0.00681292069058,0.00681292069058,1,0.9,0.9,CERTIFIED,U:x-space B&B (unconditional) + C:logit (conditional on C-15 Thm 1),True,True,8.91787319550816306988181736247113609955200235,8.91787319550816306988181736247113609956283894,8.91787319550816306988181736247113609955732881,1.21515e-39,0.490345726359199618659317289892,0.254827136820400190670341355054,0.254827136820400190670341355054,4.11471e-39,0.00716701,1.35741335686953675100984702468,8.91787319550816306988181736247113609955898924,True,,,40,943,0.73,U:x-space B&B (unconditional) + C:logit (conditional on C-15 Thm 1),
B,0.00681292069058,0.00681292069058,1,0.99,0.99,CERTIFIED,U:x-space B&B (unconditional) + C:logit (conditional on C-15 Thm 1),True,True,1.84591106734526701093074375664378743985542542,1.84591106734526701093074375664378743985749172,1.84591106734526701093074375664378743985645857,1.11939e-39,0.752856577110823848397563443763,0.123571711444588075801218278119,0.123571711444588075801218278119,7.64607e-39,0.000434432,1.35741335686953675100984702468,1.84591106734526701093074375664378743985673517,True,,,40,6843,4.84,U:x-space B&B (unconditional) + C:logit (conditional on C-15 Thm 1),
B,0.01,0.01,1,2/3+1e-8,0.666666676666666666666666666666666666666666667,CERTIFIED,U:x-space B&B (unconditional) + C:logit (conditional on C-15 Thm 1),True,True,167583887322050822901415.816442528626193663107,167583887322050822901415.816442528626193663317,167583887322050822901415.816442528626193663212,1.25254e-42,0.33333333732369197011339273434,0.33333333133815401494330363283,0.33333333133815401494330363283,3.32432e-50,0.01875,1.44,167583887322050822901415.816442528626193663201,True,,,50,349,0.33,U:x-space B&B (unconditional) + C:logit (conditional on C-15 Thm 1),
B,0.01,0.01,1,2/3+1e-7,0.666666766666666666666666666666666666666666667,CERTIFIED,U:x-space B&B (unconditional) + C:logit (conditional on C-15 Thm 1),True,True,167583874190823639674.323197330881880547518629,167583874190823639674.32319733088188054751865,167583874190823639674.32319733088188054751864,1.25254e-43,0.333333373236922892965622623544,0.333333313381538553517188688228,0.333333313381538553517188688228,4.32058e-50,0.01875,1.44,167583874190823639674.323197330881880547518639,True,,,50,349,0.31,U:x-space B&B (unconditional) + C:logit (conditional on C-15 Thm 1),
B,0.01,0.01,1,2/3+1e-6,0.666667666666666666666666666666666666666666667,CERTIFIED,U:x-space B&B (unconditional) + C:logit (conditional on C-15 Thm 1),True,True,167583742878391320.714827469706127162842973818,167583742878391320.714827469706127162842973821,167583742878391320.714827469706127162842973819,1.84199e-44,0.333333732369548114294528411711,0.333333133815225942852735794145,0.333333133815225942852735794145,5.36867e-50,0.01875,1.44,167583742878391320.714827469706127162842973819,True,,,50,349,0.33,U:x-space B&B (unconditional) + C:logit (conditional on C-15 Thm 1),
B,0.01,0.01,1,2/3+1e-5,0.666676666666666666666666666666666666666666667,CERTIFIED,U:x-space B&B (unconditional) + C:logit (conditional on C-15 Thm 1),True,True,167582429738018.9890374369356557996078719557,167582429738018.989037436935655799609675219129,167582429738018.989037436935655799608773585799,1.07605e-35,0.333337323727401075580372679069,0.333331338136299462209813660465,0.333331338136299462209813660465,2.85565e-40,0.0187499,1.44,167582429738018.989037436935655799608877236151,True,,,40,349,0.31,U:x-space B&B (unconditional) + C:logit (conditional on C-15 Thm 1),
B,0.01,0.01,1,2/3+1e-4,0.666766666666666666666666666666666666666666667,CERTIFIED,U:x-space B&B (unconditional) + C:logit (conditional on C-15 Thm 1),True,True,167569296728.908183176509099850639954216515676,167569296728.908183176509099850639954397007051,167569296728.908183176509099850639954306761363,1.07711e-36,0.333373240467473131343654423584,0.333313379766263434328172788208,0.333313379766263434328172788208,2.85642e-40,0.0187489,1.44,167569296728.908183176509099850639954311007088,True,,,40,349,0.3,U:x-space B&B (unconditional) + C:logit (conditional on C-15 Thm 1),
B,0.01,0.01,1,2/3+1e-3,0.667666666666666666666666666666666666666666667,CERTIFIED,U:x-space B&B (unconditional) + C:logit (conditional on C-15 Thm 1),True,True,167437805.62521589549676996984355570677238654,167437805.625215895496769969843555706796939836,167437805.625215895496769969843555706784663188,1.46641e-37,0.333732725493159547589432725038,0.333133637253420226205283637481,0.333133637253420226205283637481,4.02991e-40,0.0187388,1.44,167437805.625215895496769969843555706789209613,True,,,40,349,0.34,U:x-space B&B (unconditional) + C:logit (conditional on C-15 Thm 1),
B,0.01,0.01,1,2/3+1e-2,0.676666666666666666666666666666666666666666667,CERTIFIED,U:x-space B&B (unconditional) + C:logit (conditional on C-15 Thm 1),True,True,166106.313864871546793835834053596401583761828,166106.313864871546793835834053596401585699795,166106.313864871546793835834053596401584730812,1.1667e-38,0.337360840472841810966532057139,0.33131957976357909451673397143,0.33131957976357909451673397143,4.23043e-40,0.0186367,1.44,166106.31386487154679383583405359640158551731,True,,,40,359,0.32,U:x-space B&B (unconditional) + C:logit (conditional on C-15 Thm 1),
B,0.01,0.01,1,0.7,0.7,CERTIFIED,U:x-space B&B (unconditional) + C:logit (conditional on C-15 Thm 1),True,True,4387.49569479816888613624636474683271503922176,4387.49569479816888613624636474683271506301377,4387.49569479816888613624636474683271505116479,5.42268e-39,0.347094246630121566278467826534,0.326452876684939216860766086733,0.326452876684939216860766086733,5.06053e-40,0.018363,1.44,4387.4956947981688861362463647468327150563028,True,,,40,373,0.35,U:x-space B&B (unconditional) + C:logit (conditional on C-15 Thm 1),
B,0.01,0.01,1,2/3+1e-1,0.766666666666666666666666666666666666666666667,CERTIFIED,U:x-space B&B (unconditional) + C:logit (conditional on C-15 Thm 1),True,True,150.587341257641286689199633057454672582984791,150.587341257641286689199633057454672583290419,150.587341257641286689199633057454672583137605,2.02958e-39,0.37887953927641407341236232807,0.310560230361792963293818835965,0.310560230361792963293818835965,1.09502e-39,0.017469,1.44,150.587341257641286689199633057454672583200459,True,,,40,445,0.29,U:x-space B&B (unconditional) + C:logit (conditional on C-15 Thm 1),
B,0.01,0.01,1,0.8,0.8,CERTIFIED,U:x-space B&B (unconditional) + C:logit (conditional on C-15 Thm 1),True,True,60.5053075495346796087065621959455323525739116,60.5053075495346796087065621959455323526598696,60.5053075495346796087065621959455323526165233,1.42067e-39,0.398322744900466141214635834574,0.300838627549766929392682082713,0.300838627549766929392682082713,1.97462e-39,0.0169222,1.44,60.5053075495346796087065621959455323526272701,True,,,40,477,0.54,U:x-space B&B (unconditional) + C:logit (conditional on C-15 Thm 1),
B,0.01,0.01,1,0.9,0.9,CERTIFIED,U:x-space B&B (unconditional) + C:logit (conditional on C-15 Thm 1),True,True,8.97034194213058573584350134925213065536046286,8.97034194213058573584350134925213065537074844,8.97034194213058573584350134925213065536560565,1.14662e-39,0.489170724797587615417835680227,0.255414637601206192291082159887,0.255414637601206192291082159887,3.79537e-39,0.00718354,1.44,8.97034194213058573584350134925213065536699518,True,,,40,945,0.64,U:x-space B&B (unconditional) + C:logit (conditional on C-15 Thm 1),
B,0.01,0.01,1,1-1e-1,0.9,CERTIFIED,U:x-space B&B (unconditional) + C:logit (conditional on C-15 Thm 1),True,True,8.97034194213058573584350134925213065536046286,8.97034194213058573584350134925213065537074844,8.97034194213058573584350134925213065536560565,1.14662e-39,0.489170724797587615417835680227,0.255414637601206192291082159887,0.255414637601206192291082159887,3.79537e-39,0.00718354,1.44,8.97034194213058573584350134925213065536699518,True,,,40,945,0.59,U:x-space B&B (unconditional) + C:logit (conditional on C-15 Thm 1),
B,0.01,0.01,1,0.99,0.99,CERTIFIED,U:x-space B&B (unconditional) + C:logit (conditional on C-15 Thm 1),True,True,1.90274909910837887866487705617048979993344361,1.90274909910837887866487705617048979993537216,1.90274909910837887866487705617048979993440788,1.01356e-39,0.741775302465591496707170806406,0.129112348767204251646414596797,0.129112348767204251646414596797,5.73071e-39,0.000453911,1.44,1.9027490991083788786648770561704897999347068,True,,,40,6271,4.34,U:x-space B&B (unconditional) + C:logit (conditional on C-15 Thm 1),
B,0.01,0.01,1,1-1e-2,0.99,CERTIFIED,U:x-space B&B (unconditional) + C:logit (conditional on C-15 Thm 1),True,True,1.90274909910837887866487705617048979993344361,1.90274909910837887866487705617048979993537216,1.90274909910837887866487705617048979993440788,1.01356e-39,0.741775302465591496707170806406,0.129112348767204251646414596797,0.129112348767204251646414596797,5.73071e-39,0.000453911,1.44,1.9027490991083788786648770561704897999347068,True,,,40,6271,3.56,U:x-space B&B (unconditional) + C:logit (conditional on C-15 Thm 1),
B,0.01,0.01,1,1-1e-3,0.999,CERTIFIED,U:x-space B&B (unconditional) + C:logit (conditional on C-15 Thm 1),True,True,1.48923608682215876796351422908453988402994015,1.48923608682215876796351422908453988403260338,1.48923608682215876796351422908453988403127176,1.78832e-39,0.821107298363281859083234221499,0.0894463508183590704583828892504,0.0894463508183590704583828892504,9.48342e-39,0.00015723,1.44,1.48923608682215876796351422908453988403178944,True,,,40,10483,6.22,U:x-space B&B (unconditional) + C:logit (conditional on C-15 Thm 1),
B,0.01,0.01,1,1-1e-4,0.9999,CERTIFIED,U:x-space B&B (unconditional) + C:logit (conditional on C-15 Thm 1),True,True,1.44498895832790650577518075800659788479310934,1.44498895832790650577518075800659788479570369,1.44498895832790650577518075800659788479441799,1.79541e-39,0.832059653524971998734369582772,0.0839701732375140006328152086138,0.0839701732375140006328152086138,1.09805e-38,0.000147604,1.44,1.44498895832790650577518075800659788479485594,True,,,40,11275,7.46,U:x-space B&B (unconditional) + C:logit (conditional on C-15 Thm 1),
B,0.01,0.01,1,1-1e-5,0.99999,CERTIFIED,U:x-space B&B (unconditional) + C:logit (conditional on C-15 Thm 1),True,True,1.44049961652292743908063722440181071069056408,1.44049961652292743908063722440181071069246967,1.44049961652292743908063722440181071069152835,1.32287e-39,0.833205416187181011738249139249,0.0833972919064094941308754303754,0.0833972919064094941308754303754,8.27136e-39,0.000146597,1.44,1.44049961652292743908063722440181071069175716,True,,,40,11335,7.48,U:x-space B&B (unconditional) + C:logit (conditional on C-15 Thm 1),
B,0.01,0.01,1,1-1e-6,0.999999,CERTIFIED,U:x-space B&B (unconditional) + C:logit (conditional on C-15 Thm 1),True,True,1.44004996893279129928188208400158825163603032,1.44004996893279129928188208400158825163798183,1.44004996893279129928188208400158825163699459,1.35516e-39,0.833320536085016701808775632271,0.0833397319574916490956121838643,0.0833397319574916490956121838643,7.79448e-39,0.000146496,1.44,1.4400499689327912992818820840015882516371138,True,,,40,11411,7.04,U:x-space B&B (unconditional) + C:logit (conditional on C-15 Thm 1),
B,0.01,0.01,1,1-1e-7,0.9999999,CERTIFIED,U:x-space B&B (unconditional) + C:logit (conditional on C-15 Thm 1),True,True,1.44000499696615842211283829117021702016430436,1.44000499696615842211283829117021702016689872,1.44000499696615842211283829117021702016561302,1.80163e-39,0.833332053553122204385617176077,0.0833339732234388978071914119616,0.0833339732234388978071914119616,1.09967e-38,0.000146485,1.44,1.44000499696615842211283829117021702016596429,True,,,40,11453,6.42,U:x-space B&B (unconditional) + C:logit (conditional on C-15 Thm 1),
B,0.01,0.01,1,1-1e-8,0.99999999,CERTIFIED,U:x-space B&B (unconditional) + C:logit (conditional on C-15 Thm 1),True,True,1.4400004996973447095114762205861508570848295,1.44000049969734470951147622058615085708751569,1.44000049969734470951147622058615085708616112,1.86541e-39,0.833333205354758383288016767075,0.0833333973226208083559916164626,0.0833333973226208083559916164626,1.1981e-38,0.000146484,1.44,1.44000049969734470951147622058615085708674964,True,,,40,11505,6.8,U:x-space B&B (unconditional) + C:logit (conditional on C-15 Thm 1),
B,0.01,0.01,1,1-1e-9,0.999999999,CERTIFIED,U:x-space B&B (unconditional) + C:logit (conditional on C-15 Thm 1),True,True,1.44000004996974175969853507115752704727254128,1.44000004996974175969853507115752704727449279,1.44000004996974175969853507115752704727352851,1.35521e-39,0.833333320535470299914799551388,0.0833333397322648500426002243058,0.0833333397322648500426002243058,8.77122e-39,0.000146484,1.44,1.44000004996974175969853507115752704727402479,True,,,40,11559,7.77,U:x-space B&B (unconditional) + C:logit (conditional on C-15 Thm 1),
B,0.01,0.01,1,1-1e-10,0.9999999999,CERTIFIED,U:x-space B&B (unconditional) + C:logit (conditional on C-15 Thm 1),True,True,1.44000000499697424885740176784993345040981394,1.44000000499697424885740176784993345041247717,1.44000000499697424885740176784993345041114556,1.84946e-39,0.833333332053546974607297436801,0.0833333339732265126963512815993,0.0833333339732265126963512815993,1.13671e-38,0.000146484,1.44,1.44000000499697424885740176784993345041147754,True,,,40,11607,6.85,U:x-space B&B (unconditional) + C:logit (conditional on C-15 Thm 1),
B,0.0146779926762,0.0146779926762,1,0.7,0.7,CERTIFIED,U:x-space B&B (unconditional) + C:logit (conditional on C-15 Thm 1),True,True,4390.11559674601435217566903056312402053594384,4390.11559674601435217566903056312402055964181,4390.11559674601435217566903056312402054779282,5.39803e-39,0.347024899935794442321689086293,0.326487550032102778839155456854,0.326487550032102778839155456854,5.32525e-40,0.0183649,1.5433230341558937369959654021,4390.11559674601435217566903056312402055304869,True,,,40,373,0.37,U:x-space B&B (unconditional) + C:logit (conditional on C-15 Thm 1),
B,0.0146779926762,0.0146779926762,1,0.8,0.8,CERTIFIED,U:x-space B&B (unconditional) + C:logit (conditional on C-15 Thm 1),True,True,60.6898891081608419213610308508193295665238501,60.6898891081608419213610308508193295666068694,60.6898891081608419213610308508193295665649924,1.36793e-39,0.397891361455713525304274577527,0.301054319272143237347862711236,0.301054319272143237347862711236,1.85956e-39,0.0169343,1.5433230341558937369959654021,60.6898891081608419213610308508193295665752672,True,,,40,477,0.39,U:x-space B&B (unconditional) + C:logit (conditional on C-15 Thm 1),
B,0.0146779926762,0.0146779926762,1,0.9,0.9,CERTIFIED,U:x-space B&B (unconditional) + C:logit (conditional on C-15 Thm 1),True,True,9.04701647705563051442758978970507325133390903,9.04701647705563051442758978970507325134529663,9.04701647705563051442758978970507325133960283,1.25871e-39,0.487469953090648398131378824396,0.256265023454675800934310587802,0.256265023454675800934310587802,3.94417e-39,0.00720745,1.5433230341558937369959654021,9.04701647705563051442758978970507325134099798,True,,,40,939,0.74,U:x-space B&B (unconditional) + C:logit (conditional on C-15 Thm 1),
B,0.0146779926762,0.0146779926762,1,0.99,0.99,CERTIFIED,U:x-space B&B (unconditional) + C:logit (conditional on C-15 Thm 1),True,True,1.98163862579537284712040485392264178534261554,1.98163862579537284712040485392264178534449816,1.98163862579537284712040485392264178534355685,9.50036e-40,0.727184822112594157129637795082,0.136407588943702921435181102459,0.136407588943702921435181102459,4.38162e-39,0.000479558,1.5433230341558937369959654021,1.98163862579537284712040485392264178534385381,True,,,40,5583,4.52,U:x-space B&B (unconditional) + C:logit (conditional on C-15 Thm 1),
B,0.0215443469003,0.0215443469003,1,0.7,0.7,CERTIFIED,U:x-space B&B (unconditional) + C:logit (conditional on C-15 Thm 1),True,True,4393.9605034697014058983084833426313771112827,4393.96050346970140589830848334263137713479259,4393.96050346970140589830848334263137712303765,5.3505e-39,0.346923194511213632287805467053,0.326538402744393183856097266474,0.326538402744393183856097266474,5.59082e-40,0.0183678,1.67329709464977114342922306645,4393.96050346970140589830848334263137712830966,True,,,40,373,0.41,U:x-space B&B (unconditional) + C:logit (conditional on C-15 Thm 1),
B,0.0215443469003,0.0215443469003,1,0.8,0.8,CERTIFIED,U:x-space B&B (unconditional) + C:logit (conditional on C-15 Thm 1),True,True,60.9604500839111356924027513118595232171301614,60.9604500839111356924027513118595232172131807,60.9604500839111356924027513118595232171713037,1.36185e-39,0.397261621579785541568864301952,0.301369189210107229215567849024,0.301369189210107229215567849024,1.85476e-39,0.016952,1.67329709464977114342922306645,60.9604500839111356924027513118595232171843284,True,,,40,475,0.44,U:x-space B&B (unconditional) + C:logit (conditional on C-15 Thm 1),
B,0.0215443469003,0.0215443469003,1,0.9,0.9,CERTIFIED,U:x-space B&B (unconditional) + C:logit (conditional on C-15 Thm 1),True,True,9.15885123011757389047004936079164103856896044,9.15885123011757389047004936079164103858016437,9.15885123011757389047004936079164103857447057,1.22329e-39,0.485023256110364998511955025786,0.257488371944817500744022487107,0.257488371944817500744022487107,3.75547e-39,0.00724186,1.67329709464977114342922306645,9.1588512301175738904700493607916410385759669,True,,,40,937,0.64,U:x-space B&B (unconditional) + C:logit (conditional on C-15 Thm 1),
B,0.0215443469003,0.0215443469003,1,0.99,0.99,CERTIFIED,U:x-space B&B (unconditional) + C:logit (conditional on C-15 Thm 1),True,True,2.08981601853607688466835728441541302108236983,2.08981601853607688466835728441541302108434429,2.08981601853607688466835728441541302108338002,9.44802e-40,0.708524559015602759598425458946,0.145737720492198620200787270527,0.145737720492198620200787270527,3.47676e-39,0.000512359,1.67329709464977114342922306645,2.08981601853607688466835728441541302108360344,True,,,40,4837,3.48,U:x-space B&B (unconditional) + C:logit (conditional on C-15 Thm 1),
B,0.0316227766017,0.0316227766017,1,0.7,0.7,CERTIFIED,U:x-space B&B (unconditional) + C:logit (conditional on C-15 Thm 1),True,True,4399.60280092811006432026966478357616438691496,4399.60280092811006432026966478357616441089505,4399.60280092811006432026966478357616439885798,5.45051e-39,0.346774086783571211808509825066,0.326612956608214394095745087467,0.326612956608214394095745087467,5.40825e-40,0.018372,1.83780287042255139420845561439,4399.60280092811006432026966478357616440414694,True,,,40,373,0.42,U:x-space B&B (unconditional) + C:logit (conditional on C-15 Thm 1),
B,0.0316227766017,0.0316227766017,1,0.8,0.8,CERTIFIED,U:x-space B&B (unconditional) + C:logit (conditional on C-15 Thm 1),True,True,61.3567981172802742515984047106018848464549536,61.3567981172802742515984047106018848465401769,61.3567981172802742515984047106018848464975653,1.38898e-39,0.396344602866132106774946525615,0.301827698566933946612526737192,0.301827698566933946612526737192,1.93503e-39,0.0169778,1.83780287042255139420845561439,61.3567981172802742515984047106018848465111708,True,,,40,475,0.44,U:x-space B&B (unconditional) + C:logit (conditional on C-15 Thm 1),
B,0.0316227766017,0.0316227766017,1,0.9,0.9,CERTIFIED,U:x-space B&B (unconditional) + C:logit (conditional on C-15 Thm 1),True,True,9.32154316871348599431783525343820081013119567,9.32154316871348599431783525343820081014313428,9.32154316871348599431783525343820081013707314,1.28076e-39,0.48153378299676646845737808995,0.259233108501616765771310955025,0.259233108501616765771310955025,3.59835e-39,0.00729093,1.83780287042255139420845561439,9.32154316871348599431783525343820081013870107,True,,,40,939,0.58,U:x-space B&B (unconditional) + C:logit (conditional on C-15 Thm 1),
B,0.0316227766017,0.0316227766017,1,0.99,0.99,CERTIFIED,U:x-space B&B (unconditional) + C:logit (conditional on C-15 Thm 1),True,True,2.23648560790636914289554263695585519334020062,2.236485607906369142895542636955855193342221,2.23648560790636914289554263695585519334121081,9.03373e-40,0.685400179737163323135045515042,0.157299910131418338432477242479,0.157299910131418338432477242479,1.66377e-38,0.00110601,1.83780287042255139420845561439,2.23648560790636914289554263695585519334150251,True,,,40,3785,2.68,U:x-space B&B (unconditional) + C:logit (conditional on C-15 Thm 1),
B,0.0464158883361,0.0464158883361,1,0.7,0.7,CERTIFIED,U:x-space B&B (unconditional) + C:logit (conditional on C-15 Thm 1),True,True,4407.88186969228695630244195955505571854411232,4407.8818696922869563024419595550557185680924,4407.88186969228695630244195955505571855614938,5.44027e-39,0.346555603282021635449693951073,0.326722198358989182275153024464,0.326722198358989182275153024464,5.33352e-40,0.0183781,2.04743742935689551918410895412,4407.88186969228695630244195955505571856145323,True,,,40,373,0.43,U:x-space B&B (unconditional) + C:logit (conditional on C-15 Thm 1),
B,0.0464158883361,0.0464158883361,1,0.8,0.8,CERTIFIED,U:x-space B&B (unconditional) + C:logit (conditional on C-15 Thm 1),True,True,61.9369083813567373596627728907525563076291893,61.936908381356737359662772890752556307715882,61.9369083813567373596627728907525563076725356,1.39969e-39,0.39501402775054000066822480359,0.302492986124729999665887598205,0.302492986124729999665887598205,2.05056e-39,0.0170152,2.04743742935689551918410895412,61.9369083813567373596627728907525563076848279,True,,,40,479,0.36,U:x-space B&B (unconditional) + C:logit (conditional on C-15 Thm 1),
B,0.0464158883361,0.0464158883361,1,0.9,0.9,CERTIFIED,U:x-space B&B (unconditional) + C:logit (conditional on C-15 Thm 1),True,True,9.55739099520734973899038494498510799144561203,9.55739099520734973899038494498510799145663229,9.55739099520734973899038494498510799145112216,1.15306e-39,0.476616069936538238267067180792,0.261691965031730880866466409604,0.261691965031730880866466409604,3.11511e-39,0.00736009,2.04743742935689551918410895412,9.5573909952073497389903849449851079914526953,True,,,40,967,0.76,U:x-space B&B (unconditional) + C:logit (conditional on C-15 Thm 1),
B,0.0464158883361,0.0464158883361,1,0.99,0.99,CERTIFIED,U:x-space B&B (unconditional) + C:logit (conditional on C-15 Thm 1),True,True,2.43349724143490051238720895703298248935520413,2.43349724143490051238720895703298248935717859,2.43349724143490051238720895703298248935621432,8.11369e-40,0.657662061573565725168266317275,0.171168969213217137415866841362,0.171168969213217137415866841362,5.66601e-39,0.00120353,2.04743742935689551918410895412,2.43349724143490051238720895703298248935650378,True,,,40,3343,2.25,U:x-space B&B (unconditional) + C:logit (conditional on C-15 Thm 1),
B,0.0681292069058,0.0681292069058,1,0.7,0.7,CERTIFIED,U:x-space B&B (unconditional) + C:logit (conditional on C-15 Thm 1),True,True,4420.02811374273191212266245926446253016217662,4420.02811374273191212266245926446253018559246,4420.02811374273191212266245926446253017393156,5.29767e-39,0.346235721130024929728304302246,0.326882139434987535135847848877,0.326882139434987535135847848877,4.81081e-40,0.0183871,2.31657971389624437863403122985,4420.02811374273191212266245926446253017896008,True,,,40,373,0.32,U:x-space B&B (unconditional) + C:logit (conditional on C-15 Thm 1),
B,0.0681292069058,0.0681292069058,1,0.8,0.8,CERTIFIED,U:x-space B&B (unconditional) + C:logit (conditional on C-15 Thm 1),True,True,62.7849438820174075760663438618038785177992487,62.7849438820174075760663438618038785178852067,62.7849438820174075760663438618038785178418604,1.36909e-39,0.39309323687786058355118923183,0.303453381561069708224405384085,0.303453381561069708224405384085,2.03459e-39,0.0170693,2.31657971389624437863403122985,62.7849438820174075760663438618038785178517388,True,,,40,481,0.38,U:x-space B&B (unconditional) + C:logit (conditional on C-15 Thm 1),
B,0.0681292069058,0.0681292069058,1,0.9,0.9,CERTIFIED,U:x-space B&B (unconditional) + C:logit (conditional on C-15 Thm 1),True,True,9.89774548255219473103207069782488175516574437,9.89774548255219473103207069782488175517768298,9.89774548255219473103207069782488175517180551,1.2062e-39,0.469795736459219086734635581062,0.265102131770390456632682209469,0.265102131770390456632682209469,2.86736e-39,0.007456,2.31657971389624437863403122985,9.89774548255219473103207069782488175517336883,True,,,40,963,0.87,U:x-space B&B (unconditional) + C:logit (conditional on C-15 Thm 1),
B,0.0681292069058,0.0681292069058,1,0.99,0.99,CERTIFIED,U:x-space B&B (unconditional) + C:logit (conditional on C-15 Thm 1),True,True,2.69642159330214757932041668632563866997648677,2.69642159330214757932041668632563866997841532,2.69642159330214757932041668632563866997745104,7.15224e-40,0.625447491253131819755613224624,0.187276254373434090122193387688,0.187276254373434090122193387688,3.0773e-39,0.00131679,2.31657971389624437863403122985,2.69642159330214757932041668632563866997776428,True,,,40,2903,2.0,U:x-space B&B (unconditional) + C:logit (conditional on C-15 Thm 1),
B,0.1,0.1,1,2/3+1e-8,0.666666676666666666666666666666666666666666667,CERTIFIED,U:x-space B&B (unconditional) + C:logit (conditional on C-15 Thm 1),True,True,167583887869185217696074.77892304110231076881,167583887869185217696074.77892304110231076902,167583887869185217696074.778923041102310768915,1.25254e-42,0.333333336960932088120715381066,0.333333331519533955939642309467,0.333333331519533955939642309467,3.32432e-50,0.01875,2.66491106406735173279955741777,167583887869185217696074.778923041102310768904,True,,,50,349,0.39,U:x-space B&B (unconditional) + C:logit (conditional on C-15 Thm 1),
B,0.1,0.1,1,2/3+1e-7,0.666666766666666666666666666666666666666666667,CERTIFIED,U:x-space B&B (unconditional) + C:logit (conditional on C-15 Thm 1),True,True,167583879662167868964.206201481005524965259572,167583879662167868964.206201481005524965259593,167583879662167868964.206201481005524965259582,1.25254e-43,0.33333336960932324991347427499,0.333333315195338375043262862505,0.333333315195338375043262862505,3.32432e-50,0.01875,2.66491106406735173279955741777,167583879662167868964.206201481005524965259581,True,,,50,349,0.3,U:x-space B&B (unconditional) + C:logit (conditional on C-15 Thm 1),
B,0.1,0.1,1,2/3+1e-6,0.666667666666666666666666666666666666666666667,CERTIFIED,U:x-space B&B (unconditional) + C:logit (conditional on C-15 Thm 1),True,True,167583797591861748.085236710416288116826053278,167583797591861748.085236710416288116826053281,167583797591861748.085236710416288116826053279,1.84198e-44,0.333333696093469370904573733432,0.333333151953265314547713133284,0.333333151953265314547713133284,4.40616e-50,0.01875,2.66491106406735173279955741777,167583797591861748.085236710416288116826053279,True,,,50,349,0.44,U:x-space B&B (unconditional) + C:logit (conditional on C-15 Thm 1),
B,0.1,0.1,1,2/3+1e-5,0.666676666666666666666666666666666666666666667,CERTIFIED,U:x-space B&B (unconditional) + C:logit (conditional on C-15 Thm 1),True,True,167582976875536.852142898400144375161215437766,167582976875536.852142898400144375163018807824,167582976875536.852142898400144375162117122795,1.07611e-35,0.333336960958382023832692411516,0.333331519520808988083653794242,0.333331519520808988083653794242,2.85566e-40,0.0187499,2.66491106406735173279955741777,167582976875536.852142898400144375162220823237,True,,,40,349,0.3,U:x-space B&B (unconditional) + C:logit (conditional on C-15 Thm 1),
B,0.1,0.1,1,2/3+1e-4,0.666766666666666666666666666666666666666666667,CERTIFIED,U:x-space B&B (unconditional) + C:logit (conditional on C-15 Thm 1),True,True,167574768385.588019666008627021771802267039512,167574768385.588019666008627021771802447534043,167574768385.588019666008627021771802357288355,1.0771e-36,0.333369611953789713984808860274,0.333315194023105143007595569863,0.333315194023105143007595569863,2.62513e-40,0.018749,2.66491106406735173279955741777,167574768385.58801966600862702177180236153364,True,,,40,349,0.3,U:x-space B&B (unconditional) + C:logit (conditional on C-15 Thm 1),
B,0.1,0.1,1,2/3+1e-3,0.667666666666666666666666666666666666666666667,CERTIFIED,U:x-space B&B (unconditional) + C:logit (conditional on C-15 Thm 1),True,True,167492550.484619048025852757960326315633872461,167492550.484619048025852757960326315658490468,167492550.484619048025852757960326315646179924,1.4698e-37,0.333696357674776617169644254784,0.333151821162611691415177872608,0.333151821162611691415177872608,3.56309e-40,0.0187398,2.66491106406735173279955741777,167492550.484619048025852757960326315650752645,True,,,40,349,0.29,U:x-space B&B (unconditional) + C:logit (conditional on C-15 Thm 1),
B,0.1,0.1,1,2/3+1e-2,0.676666666666666666666666666666666666666666667,CERTIFIED,U:x-space B&B (unconditional) + C:logit (conditional on C-15 Thm 1),True,True,166656.736439818085165632885165869156664681235,166656.736439818085165632885165869156666613183,166656.736439818085165632885165869156665647209,1.15924e-38,0.336988550113932372717263247351,0.331505724943033813641368376324,0.331505724943033813641368376324,3.60526e-40,0.0186472,2.66491106406735173279955741777,166656.736439818085165632885165869156666422763,True,,,40,359,0.3,U:x-space B&B (unconditional) + C:logit (conditional on C-15 Thm 1),
B,0.1,0.1,1,0.7,0.7,CERTIFIED,U:x-space B&B (unconditional) + C:logit (conditional on C-15 Thm 1),True,True,4437.84403497179003404015831670481491883548689,4437.84403497179003404015831670481491885965505,4437.84403497179003404015831670481491884761799,5.44592e-39,0.345767926641268326828775425144,0.327116036679365836585612287428,0.327116036679365836585612287428,5.68732e-40,0.0184003,2.66491106406735173279955741777,4437.8440349717900340401583167048149188528816,True,,,40,373,0.44,U:x-space B&B (unconditional) + C:logit (conditional on C-15 Thm 1),
B,0.1,0.1,1,2/3+1e-1,0.766666666666666666666666666666666666666666667,CERTIFIED,U:x-space B&B (unconditional) + C:logit (conditional on C-15 Thm 1),True,True,156.561986793886371602393833702266401588079258,156.56198679388637160239383370226640158839958,156.561986793886371602393833702266401588237949,2.04598e-39,0.373789117220886412386606964215,0.313105441389556793806696517892,0.313105441389556793806696517892,9.73767e-40,0.0176122,2.66491106406735173279955741777,156.561986793886371602393833702266401588309297,True,,,40,455,0.44,U:x-space B&B (unconditional) + C:logit (conditional on C-15 Thm 1),
B,0.1,0.1,1,0.8,0.8,CERTIFIED,U:x-space B&B (unconditional) + C:logit (conditional on C-15 Thm 1),True,True,64.0225643476022187758231331668431944362940013,64.022564347602218775823133166843194436380694,64.0225643476022187758231331668431944363380824,1.3541e-39,0.390340340099957628800293192547,0.304829829950021185599853403726,0.304829829950021185599853403726,1.54823e-39,0.0171467,2.66491106406735173279955741777,64.0225643476022187758231331668431944363507058,True,,,40,479,0.41,U:x-space B&B (unconditional) + C:logit (conditional on C-15 Thm 1),
B,0.1,0.1,1,0.9,0.9,CERTIFIED,U:x-space B&B (unconditional) + C:logit (conditional on C-15 Thm 1),True,True,10.3861967414633046153703390111994666089555318,10.3861967414633046153703390111994666089678378,10.3861967414633046153703390111994666089617767,1.18484e-39,0.460531961300166457884496184381,0.269734019349916771057751907809,0.269734019349916771057751907809,2.53448e-39,0.00758627,2.66491106406735173279955741777,10.3861967414633046153703390111994666089633767,True,,,40,943,0.9,U:x-space B&B (unconditional) + C:logit (conditional on C-15 Thm 1),
B,0.1,0.1,1,1-1e-1,0.9,CERTIFIED,U:x-space B&B (unconditional) + C:logit (conditional on C-15 Thm 1),True,True,10.3861967414633046153703390111994666089555318,10.3861967414633046153703390111994666089678378,10.3861967414633046153703390111994666089617767,1.18484e-39,0.460531961300166457884496184381,0.269734019349916771057751907809,0.269734019349916771057751907809,2.53448e-39,0.00758627,2.66491106406735173279955741777,10.3861967414633046153703390111994666089633767,True,,,40,943,0.68,U:x-space B&B (unconditional) + C:logit (conditional on C-15 Thm 1),
B,0.1,0.1,1,0.99,0.99,CERTIFIED,U:x-space B&B (unconditional) + C:logit (conditional on C-15 Thm 1),True,True,3.04617460979446770529894972832600917096146119,3.04617460979446770529894972832600917096394075,3.04617460979446770529894972832600917096270097,8.13991e-40,0.58918047834577122957303179535,0.205409760827114385213484102325,0.205409760827114385213484102325,2.29484e-39,0.00144429,2.66491106406735173279955741777,3.04617460979446770529894972832600917096302496,True,,,40,2407,2.12,U:x-space B&B (unconditional) + C:logit (conditional on C-15 Thm 1),
B,0.1,0.1,1,1-1e-2,0.99,CERTIFIED,U:x-space B&B (unconditional) + C:logit (conditional on C-15 Thm 1),True,True,3.04617460979446770529894972832600917096146119,3.04617460979446770529894972832600917096394075,3.04617460979446770529894972832600917096270097,8.13991e-40,0.58918047834577122957303179535,0.205409760827114385213484102325,0.205409760827114385213484102325,2.29484e-39,0.00144429,2.66491106406735173279955741777,3.04617460979446770529894972832600917096302496,True,,,40,2407,2.1,U:x-space B&B (unconditional) + C:logit (conditional on C-15 Thm 1),
B,0.1,0.1,1,1-1e-3,0.999,CERTIFIED,U:x-space B&B (unconditional) + C:logit (conditional on C-15 Thm 1),True,True,2.70102106742458961137371358243568318209990591,2.70102106742458961137371358243568318210243139,2.70102106742458961137371358243568318210119161,9.35008e-40,0.610095269163156600846894319078,0.194952365418421699576552840461,0.194952365418421699576552840461,3.41018e-39,0.00137076,2.66491106406735173279955741777,2.70102106742458961137371358243568318210156231,True,,,40,2787,1.77,U:x-space B&B (unconditional) + C:logit (conditional on C-15 Thm 1),
B,0.1,0.1,1,1-1e-4,0.9999,CERTIFIED,U:x-space B&B (unconditional) + C:logit (conditional on C-15 Thm 1),True,True,2.66850300136512784673004574576960472017425924,2.66850300136512784673004574576960472017669288,2.6685030013651278467300457457696047201754531,9.11987e-40,0.612324731164884531308973870955,0.193837634417557734345513064523,0.193837634417557734345513064523,3.50578e-39,0.00136292,2.66491106406735173279955741777,2.66850300136512784673004574576960472017585496,True,,,40,2879,1.94,U:x-space B&B (unconditional) + C:logit (conditional on C-15 Thm 1),
B,0.1,0.1,1,1-1e-5,0.99999,CERTIFIED,U:x-space B&B (unconditional) + C:logit (conditional on C-15 Thm 1),True,True,2.66527006822354365385798700014560220110751795,2.66527006822354365385798700014560220110926283,2.66527006822354365385798700014560220110839039,6.54671e-40,0.612549159977618524282775722308,0.193725420011190737858612138846,0.193725420011190737858612138846,2.61833e-39,0.00136213,2.66491106406735173279955741777,2.66527006822354365385798700014560220110855837,True,,,40,2941,1.77,U:x-space B&B (unconditional) + C:logit (conditional on C-15 Thm 1),
B,0.1,0.1,1,1-1e-6,0.999999,CERTIFIED,U:x-space B&B (unconditional) + C:logit (conditional on C-15 Thm 1),True,True,2.6649469625882877357128151070181829799532225,2.66494696258828773571281510701818297995496738,2.66494696258828773571281510701818297995409494,6.5475e-40,0.61257161779625222391021806145,0.193714191101873888044890969275,0.193714191101873888044890969275,2.61907e-39,0.00136205,2.66491106406735173279955741777,2.6649469625882877357128151070181829799542001,True,,,40,3001,1.82,U:x-space B&B (unconditional) + C:logit (conditional on C-15 Thm 1),
B,0.1,0.1,1,1-1e-7,0.9999999,CERTIFIED,U:x-space B&B (unconditional) + C:logit (conditional on C-15 Thm 1),True,True,2.66491465390049955345643642825153955315101046,2.66491465390049955345643642825153955315335226,2.6649146539004995534564364282515395531521584,8.78754e-40,0.61257386372760135214165113537,0.193713068136199323929174432315,0.193713068136199323929174432315,3.29214e-39,0.00136205,2.66491106406735173279955741777,2.66491465390049955345643642825153955315243208,True,,,40,3049,2.41,U:x-space B&B (unconditional) + C:logit (conditional on C-15 Thm 1),
B,0.1,0.1,1,1-1e-8,0.99999999,CERTIFIED,U:x-space B&B (unconditional) + C:logit (conditional on C-15 Thm 1),True,True,2.66491142305047705812111733088624300812444806,2.66491142305047705812111733088624300812669803,2.664911423050477058121117330886243008125596,8.44294e-40,0.612574088322231234795630207825,0.193712955838884382602184896088,0.193712955838884382602184896088,3.29215e-39,0.00136204,2.66491106406735173279955741777,2.66491142305047705812111733088624300812595495,True,,,40,3103,2.59,U:x-space B&B (unconditional) + C:logit (conditional on C-15 Thm 1),
B,0.1,0.1,1,1-1e-9,0.999999999,CERTIFIED,U:x-space B&B (unconditional) + C:logit (conditional on C-15 Thm 1),True,True,2.66491109996566237076532434158499858631560391,2.66491109996566237076532434158499858631739471,2.66491109996566237076532434158499858631647635,6.71989e-40,0.612574110781709172871593918283,0.193712944609145413564203040859,0.193712944609145413564203040859,2.8589e-39,0.00136204,2.66491106406735173279955741777,2.66491109996566237076532434158499858631700543,True,,,40,3155,2.01,U:x-space B&B (unconditional) + C:logit (conditional on C-15 Thm 1),
B,0.1,0.1,1,1-1e-10,0.9999999999,CERTIFIED,U:x-space B&B (unconditional) + C:logit (conditional on C-15 Thm 1),True,True,2.66491106765718277765047127169125446105818846,2.66491106765718277765047127169125446106048434,2.6649110676571827776504712716912544610593364,8.61525e-40,0.612574113027657116177408205736,0.193712943486171441911295897132,0.193712943486171441911295897132,3.29215e-39,0.00136204,2.66491106406735173279955741777,2.66491106765718277765047127169125446105963609,True,,,40,3209,1.96,U:x-space B&B (unconditional) + C:logit (conditional on C-15 Thm 1),
B,0.146779926762,0.146779926762,1,0.7,0.7,CERTIFIED,U:x-space B&B (unconditional) + C:logit (conditional on C-15 Thm 1),True,True,4463.96797816415277053397903266362996233336819,4463.96797816415277053397903266362996235734827,4463.96797816415277053397903266362996234531121,5.37192e-39,0.34508498436348292711879396279,0.327457507818258536440603018605,0.327457507818258536440603018605,5.43835e-40,0.0184195,3.11959444686983471421142547868,4463.96797816415277053397903266362996235060071,True,,,40,377,0.53,U:x-space B&B (unconditional) + C:logit (conditional on C-15 Thm 1),
B,0.146779926762,0.146779926762,1,0.8,0.8,CERTIFIED,U:x-space B&B (unconditional) + C:logit (conditional on C-15 Thm 1),True,True,65.8246860985065844433912788142456539131418959,65.824686098506584443391278814245653913234466,65.8246860985065844433912788142456539131874463,1.40631e-39,0.386434095480681126972388396741,0.306782952259659436513805801629,0.306782952259659436513805801629,1.52435e-39,0.0172565,3.11959444686983471421142547868,65.8246860985065844433912788142456539132007162,True,,,40,483,0.39,U:x-space B&B (unconditional) + C:logit (conditional on C-15 Thm 1),
B,0.146779926762,0.146779926762,1,0.9,0.9,CERTIFIED,U:x-space B&B (unconditional) + C:logit (conditional on C-15 Thm 1),True,True,11.0827518678511245410824558508715136131704718,11.0827518678511245410824558508715136131831451,11.0827518678511245410824558508715136131769003,1.14352e-39,0.448273035387842060290928757054,0.275863482306078969854535621473,0.275863482306078969854535621473,2.14881e-39,0.00775866,3.11959444686983471421142547868,11.0827518678511245410824558508715136131785095,True,,,40,913,0.82,U:x-space B&B (unconditional) + C:logit (conditional on C-15 Thm 1),
B,0.146779926762,0.146779926762,1,0.99,0.99,CERTIFIED,U:x-space B&B (unconditional) + C:logit (conditional on C-15 Thm 1),True,True,3.51138405417221093777662011961868824319601628,3.511384054172210937776620119618688243198404,3.51138405417221093777662011961868824319721014,6.79995e-40,0.549535669023499883520393358612,0.225232165488250058239803320694,0.225232165488250058239803320694,6.97889e-39,0.00316733,3.11959444686983471421142547868,3.51138405417221093777662011961868824319745828,True,,,40,1937,1.44,U:x-space B&B (unconditional) + C:logit (conditional on C-15 Thm 1),
B,0.215443469003,0.215443469003,1,0.7,0.7,CERTIFIED,U:x-space B&B (unconditional) + C:logit (conditional on C-15 Thm 1),True,True,4502.25706469940462375058144012152013244597508,4502.25706469940462375058144012152013247033132,4502.25706469940462375058144012152013245810618,5.40979e-39,0.344090387964177954483592191324,0.327954806017911022758203904338,0.327954806017911022758203904338,4.41173e-40,0.0184475,3.71840940945629988586311237301,4502.25706469940462375058144012152013246350629,True,,,40,379,0.33,U:x-space B&B (unconditional) + C:logit (conditional on C-15 Thm 1),
B,0.215443469003,0.215443469003,1,0.8,0.8,CERTIFIED,U:x-space B&B (unconditional) + C:logit (conditional on C-15 Thm 1),True,True,68.4412121228314084233629219836169127315402039,68.441212122831408423362921983616912731628366,68.441212122831408423362921983616912731584285,1.28814e-39,0.380965845317279293031358953803,0.309517077341360353484320523098,0.309517077341360353484320523098,1.24698e-39,0.0174103,3.71840940945629988586311237301,68.4412121228314084233629219836169127315955376,True,,,40,479,0.34,U:x-space B&B (unconditional) + C:logit (conditional on C-15 Thm 1),
B,0.215443469003,0.215443469003,1,0.9,0.9,CERTIFIED,U:x-space B&B (unconditional) + C:logit (conditional on C-15 Thm 1),True,True,12.0695242086814852331873276471028554114494139,12.0695242086814852331873276471028554114628219,12.069524208681485233187327647102855411456026,1.1109e-39,0.432545701349641630081996057612,0.283727149325179184959001971194,0.283727149325179184959001971194,1.51812e-39,0.00797983,3.71840940945629988586311237301,12.0695242086814852331873276471028554114577251,True,,,40,865,0.55,U:x-space B&B (unconditional) + C:logit (conditional on C-15 Thm 1),
B,0.215443469003,0.215443469003,1,0.99,0.99,CERTIFIED,U:x-space B&B (unconditional) + C:logit (conditional on C-15 Thm 1),True,True,4.13178552558925500868784735519629023701920318,4.13178552558925500868784735519629023702177458,4.13178552558925500868784735519629023702048888,6.22344e-40,0.507377774633945426242766800531,0.246311112683027286878616599735,0.246311112683027286878616599735,2.11805e-39,0.00346375,3.71840940945629988586311237301,4.13178552558925500868784735519629023702091411,True,,,40,1711,1.09,U:x-space B&B (unconditional) + C:logit (conditional on C-15 Thm 1),
B,0.316227766017,0.316227766017,1,0.7,0.7,CERTIFIED,U:x-space B&B (unconditional) + C:logit (conditional on C-15 Thm 1),True,True,4558.34081768302384217759334504641826062811254,4558.34081768302384217759334504641826065293898,4558.34081768302384217759334504641826064052576,5.44638e-39,0.342647025142679175958198670777,0.328676487428660412020900664611,0.328676487428660412020900664611,3.80065e-40,0.0184881,4.51427636482997272168717939487,4558.34081768302384217759334504641826064583872,True,,,40,379,0.3,U:x-space B&B (unconditional) + C:logit (conditional on C-15 Thm 1),
B,0.316227766017,0.316227766017,1,0.8,0.8,CERTIFIED,U:x-space B&B (unconditional) + C:logit (conditional on C-15 Thm 1),True,True,72.2268547861696794394038752355128927554257299,72.2268547861696794394038752355128927555197695,72.2268547861696794394038752355128927554727497,1.302e-39,0.373446040401715596855394219045,0.313276979799142201572302890478,0.313276979799142201572302890478,1.21262e-39,0.0176218,4.51427636482997272168717939487,72.226854786169679439403875235512892755483237,True,,,40,487,0.4,U:x-space B&B (unconditional) + C:logit (conditional on C-15 Thm 1),
B,0.316227766017,0.316227766017,1,0.9,0.9,CERTIFIED,U:x-space B&B (unconditional) + C:logit (conditional on C-15 Thm 1),True,True,13.458950702879058568996949776598116446006647,13.4589507028790585689969497765981164460215244,13.4589507028790585689969497765981164460139938,1.10539e-39,0.413060420543773835141016706614,0.293469789728113082429491646693,0.293469789728113082429491646693,9.9361e-40,0.00825384,4.51427636482997272168717939487,13.4589507028790585689969497765981164460157652,True,,,40,835,0.67,U:x-space B&B (unconditional) + C:logit (conditional on C-15 Thm 1),
B,0.316227766017,0.316227766017,1,0.99,0.99,CERTIFIED,U:x-space B&B (unconditional) + C:logit (conditional on C-15 Thm 1),True,True,4.96309270379814426239584711830001248929061494,4.96309270379814426239584711830001248929364551,4.96309270379814426239584711830001248929217614,6.10622e-40,0.463687263674086703514968201536,0.268156368162956648242515899232,0.268156368162956648242515899232,1.05014e-39,0.00377095,4.51427636482997272168717939487,4.96309270379814426239584711830001248929247786,True,,,40,1489,1.29,U:x-space B&B (unconditional) + C:logit (conditional on C-15 Thm 1),
B,0.464158883361,0.464158883361,1,0.7,0.7,CERTIFIED,U:x-space B&B (unconditional) + C:logit (conditional on C-15 Thm 1),True,True,4640.41728230524050005176414073636533340368394,4640.4172823052405000517641407363653334287925,4640.41728230524050005176414073636533341628524,5.41084e-39,0.340562942639030008871480232698,0.329718528680484995564259883651,0.329718528680484995564259883651,3.42199e-40,0.0185467,5.5818038096750293707430904773,4640.41728230524050005176414073636533342148752,True,,,40,389,0.28,U:x-space B&B (unconditional) + C:logit (conditional on C-15 Thm 1),
B,0.464158883361,0.464158883361,1,0.8,0.8,CERTIFIED,U:x-space B&B (unconditional) + C:logit (conditional on C-15 Thm 1),True,True,77.6823991584449282082081141359815174178600048,77.682399158444928208208114135981517417968738,77.6823991584449282082081141359815174179143714,1.39972e-39,0.363335364779070026153833378601,0.3183323176104649869230833107,0.3183323176104649869230833107,1.07753e-39,0.0179062,5.5818038096750293707430904773,77.6823991584449282082081141359815174179301866,True,,,40,491,0.47,U:x-space B&B (unconditional) + C:logit (conditional on C-15 Thm 1),
B,0.464158883361,0.464158883361,1,0.9,0.9,CERTIFIED,U:x-space B&B (unconditional) + C:logit (conditional on C-15 Thm 1),True,True,15.4062539412872545374359354495313553174178072,15.4062539412872545374359354495313553174345213,15.4062539412872545374359354495313553174262561,1.08489e-39,0.389797372241638494529570232924,0.305101313879180752735214883538,0.305101313879180752735214883538,6.47272e-40,0.00858097,5.5818038096750293707430904773,15.4062539412872545374359354495313553174281209,True,,,40,793,0.56,U:x-space B&B (unconditional) + C:logit (conditional on C-15 Thm 1),
B,0.464158883361,0.464158883361,1,0.99,0.99,CERTIFIED,U:x-space B&B (unconditional) + C:logit (conditional on C-15 Thm 1),True,True,6.08401717037962045800090872779396522317944314,6.08401717037962045800090872779396522318320839,6.08401717037962045800090872779396522318127985,6.18877e-40,0.419481330306460644897238129281,0.290259334846769677551380935359,0.290259334846769677551380935359,8.62041e-39,0.00816354,5.5818038096750293707430904773,6.08401717037962045800090872779396522318178174,True,,,40,1217,1.06,U:x-space B&B (unconditional) + C:logit (conditional on C-15 Thm 1),
B,0.681292069058,0.681292069058,1,0.7,0.7,CERTIFIED,U:x-space B&B (unconditional) + C:logit (conditional on C-15 Thm 1),True,True,4760.39082774257048765945726846027288741639202,4760.39082774257048765945726846027288744291117,4760.3908277425704876594572684602728874296516,5.57079e-39,0.337575030994465778768275678984,0.331212484502767110615862160508,0.331212484502767110615862160508,3.05292e-40,0.0186307,7.02678501730416751009847024678,4760.39082774257048765945726846027288743537077,True,,,40,387,0.31,U:x-space B&B (unconditional) + C:logit (conditional on C-15 Thm 1),
B,0.681292069058,0.681292069058,1,0.8,0.8,CERTIFIED,U:x-space B&B (unconditional) + C:logit (conditional on C-15 Thm 1),True,True,85.5132443629711558720402266463725746023559277,85.5132443629711558720402266463725746024778853,85.5132443629711558720402266463725746024161718,1.42618e-39,0.350106713709698271025444464385,0.324946643145150864487277767807,0.324946643145150864487277767807,8.29334e-40,0.0182782,7.02678501730416751009847024678,85.5132443629711558720402266463725746024334214,True,,,40,511,0.38,U:x-space B&B (unconditional) + C:logit (conditional on C-15 Thm 1),
B,0.681292069058,0.681292069058,1,0.9,0.9,CERTIFIED,U:x-space B&B (unconditional) + C:logit (conditional on C-15 Thm 1),True,True,18.1286784668284293749048426619805575407233224,18.1286784668284293749048426619805575407442609,18.1286784668284293749048426619805575407339753,1.15499e-39,0.36303836686687968356864644699,0.318480816566560158215676776505,0.318480816566560158215676776505,4.46889e-40,0.00895727,7.02678501730416751009847024678,18.1286784668284293749048426619805575407363741,True,,,40,769,0.64,U:x-space B&B (unconditional) + C:logit (conditional on C-15 Thm 1),
B,0.681292069058,0.681292069058,1,0.99,0.99,CERTIFIED,U:x-space B&B (unconditional) + C:logit (conditional on C-15 Thm 1),True,True,7.60644291020646960823989773273480391846315018,7.60644291020646960823989773273480391846801747,7.60644291020646960823989773273480391846553791,6.39889e-40,0.375738332065761450867243806266,0.312130833967119274566378096867,0.312130833967119274566378096867,8.81748e-40,0.00877868,7.02678501730416751009847024678,7.60644291020646960823989773273480391846622116,True,,,40,1061,0.65,U:x-space B&B (unconditional) + C:logit (conditional on C-15 Thm 1),
B,1,1,0.001,0.7,0.7,CERTIFIED,U:x-space B&B (unconditional) + C:logit (conditional on C-15 Thm 1),True,True,4656.18211113228439727441512365945961303950052,4656.1821111322843972744151236594596130653614,4656.18211113228439727441512365945961305247798,5.55409e-39,0.319474187283284908390354757219,0.34026290635835754580482262139,0.34026290635835754580482262139,5.22016e-40,0.0179704,4.12749110640673517327995574178,4656.18211113228439727441512365945961305813772,True,,,40,373,0.3,U:x-space B&B (unconditional) + C:logit (conditional on C-15 Thm 1),
B,1,1,0.001,0.75,0.75,CERTIFIED,U:x-space B&B (unconditional) + C:logit (conditional on C-15 Thm 1),True,True,309.134210375158258987027887800672825718605506,309.134210375158258987027887800672825719146233,309.134210375158258987027887800672825718875869,1.74917e-39,0.296683788475030442925607104108,0.351658105762484778537196447946,0.351658105762484778537196447946,5.0392e-40,0.0166885,4.12749110640673517327995574178,309.134210375158258987027887800672825718932552,True,,,40,417,0.29,U:x-space B&B (unconditional) + C:logit (conditional on C-15 Thm 1),
B,1,1,0.001,0.8,0.8,CERTIFIED,U:x-space B&B (unconditional) + C:logit (conditional on C-15 Thm 1),True,True,77.6587246684731341261141111199471438846647796,77.6587246684731341261141111199471438847676354,77.6587246684731341261141111199471438847162075,1.32446e-39,0.270527431089332971657294138197,0.364736284455333514171352930902,0.364736284455333514171352930902,6.83506e-40,0.0152172,4.12749110640673517327995574178,77.6587246684731341261141111199471438847274018,True,,,40,507,0.49,U:x-space B&B (unconditional) + C:logit (conditional on C-15 Thm 1),
B,1,1,0.001,0.85,0.85,CERTIFIED,U:x-space B&B (unconditional) + C:logit (conditional on C-15 Thm 1),True,True,30.4253910879830553441454437503286685216644455,30.4253910879830553441454437503286685217044858,30.425391087983055344145443750328668521684282,1.31602e-39,0.239216824060297798297028562265,0.380391587969851100851485718868,0.380391587969851100851485718868,1.83813e-39,0.0134559,4.12749110640673517327995574178,30.4253910879830553441454437503286685216900478,True,,,40,623,0.42,U:x-space B&B (unconditional) + C:logit (conditional on C-15 Thm 1),
B,1,1,0.001,0.9,0.9,CERTIFIED,U:x-space B&B (unconditional) + C:logit (conditional on C-15 Thm 1),True,True,14.7994338382914648557966658803190363194287729,14.7994338382914648557966658803190363194458543,14.7994338382914648557966658803190363194374054,1.15419e-39,0.199263500341373363893080727999,0.400368249829313318053459636,0.400368249829313318053459636,8.38032e-39,0.0112086,4.12749110640673517327995574178,14.799433838291464855796665880319036319439282,True,,,40,777,0.5,U:x-space B&B (unconditional) + C:logit (conditional on C-15 Thm 1),
B,1,1,0.001,0.95,0.95,CERTIFIED,U:x-space B&B (unconditional) + C:logit (conditional on C-15 Thm 1),True,True,8.03765195044451905167638893069717930216083935,8.03765195044451905167638893069717930216873721,8.03765195044451905167638893069717930216469645,9.82607e-40,0.14193674119167049985880136002,0.42903162940416475007059931999,0.42903162940416475007059931999,3.90763e-39,0.00399197,4.12749110640673517327995574178,8.03765195044451905167638893069717930216572926,True,,,40,1343,0.92,U:x-space B&B (unconditional) + C:logit (conditional on C-15 Thm 1),
B,1,1,0.01,0.7,0.7,CERTIFIED,U:x-space B&B (unconditional) + C:logit (conditional on C-15 Thm 1),True,True,4658.75385208152249175441959926793953754909993,4658.75385208152249175441959926793953757486677,4658.75385208152249175441959926793953756198335,5.53084e-39,0.319607038598450988017969253983,0.340196480700774505991015373008,0.340196480700774505991015373008,5.52407e-40,0.0179779,4.41,4658.75385208152249175441959926793953756746109,True,,,40,373,0.27,U:x-space B&B (unconditional) + C:logit (conditional on C-15 Thm 1),
B,1,1,0.01,0.75,0.75,CERTIFIED,U:x-space B&B (unconditional) + C:logit (conditional on C-15 Thm 1),True,True,309.580126099658516754113529238523467784474797,309.580126099658516754113529238523467785033157,309.580126099658516754113529238523467784751038,1.8036e-39,0.297073596380713588514929873947,0.351463201809643205742535063026,0.351463201809643205742535063026,5.30069e-40,0.0167104,4.41,309.580126099658516754113529238523467784829754,True,,,40,417,0.33,U:x-space B&B (unconditional) + C:logit (conditional on C-15 Thm 1),
B,1,1,0.01,0.8,0.8,CERTIFIED,U:x-space B&B (unconditional) + C:logit (conditional on C-15 Thm 1),True,True,77.852025655531447648862627502506882605831387,77.8520256555314476488626275025068826059386509,77.8520256555314476488626275025068826058842842,1.37779e-39,0.271283736247767665117422292604,0.364358131876116167441288853698,0.364358131876116167441288853698,7.50433e-40,0.0152597,4.41,77.8520256555314476488626275025068826058962662,True,,,40,509,0.4,U:x-space B&B (unconditional) + C:logit (conditional on C-15 Thm 1),
B,1,1,0.01,0.85,0.85,CERTIFIED,U:x-space B&B (unconditional) + C:logit (conditional on C-15 Thm 1),True,True,30.5429875077943778513962596447312572171384406,30.5429875077943778513962596447312572171770116,30.5429875077943778513962596447312572171575424,1.26284e-39,0.240544804063245338301050041133,0.379727597968377330849474979434,0.379727597968377330849474979434,1.74935e-39,0.0135306,4.41,30.5429875077943778513962596447312572171628381,True,,,40,617,0.41,U:x-space B&B (unconditional) + C:logit (conditional on C-15 Thm 1),
B,1,1,0.01,0.9,0.9,CERTIFIED,U:x-space B&B (unconditional) + C:logit (conditional on C-15 Thm 1),True,True,14.8884062681286713303138715442853639371422117,14.8884062681286713303138715442853639371589258,14.8884062681286713303138715442853639371506606,1.12262e-39,0.201630366477355500173287175852,0.399184816761322249913356412074,0.399184816761322249913356412074,7.77186e-39,0.0113417,4.41,14.8884062681286713303138715442853639371526429,True,,,40,777,0.79,U:x-space B&B (unconditional) + C:logit (conditional on C-15 Thm 1),
B,1,1,0.01,0.95,0.95,CERTIFIED,U:x-space B&B (unconditional) + C:logit (conditional on C-15 Thm 1),True,True,8.12375992086719522156705100265791439209543479,8.12375992086719522156705100265791439210351632,8.12375992086719522156705100265791439209947555,9.94801e-40,0.146903799010540760713525444802,0.426548100494729619643237277599,0.426548100494729619643237277599,2.96063e-39,0.00413167,4.41,8.12375992086719522156705100265791439210057763,True,,,40,1341,0.86,U:x-space B&B (unconditional) + C:logit (conditional on C-15 Thm 1),
B,1,1,0.1,0.7,0.7,CERTIFIED,U:x-space B&B (unconditional) + C:logit (conditional on C-15 Thm 1),True,True,4684.41181838404073317681865460952856779631867,4684.41181838404073317681865460952856782199146,4684.41181838404073317681865460952856780920209,5.48047e-39,0.32092687742691159358908291196,0.33953656128654420320545854402,0.33953656128654420320545854402,5.1276e-40,0.0180521,5.36491106406735173279955741777,4684.41181838404073317681865460952856781455634,True,,,40,373,0.32,U:x-space B&B (unconditional) + C:logit (conditional on C-15 Thm 1),
B,1,1,0.1,0.75,0.75,CERTIFIED,U:x-space B&B (unconditional) + C:logit (conditional on C-15 Thm 1),True,True,314.006506265512916577114827552311837913128139,314.006506265512916577114827552311837913662989,314.006506265512916577114827552311837913398503,1.70331e-39,0.300897449754787717149270404954,0.349551275122606141425364797523,0.349551275122606141425364797523,4.49043e-40,0.0169255,5.36491106406735173279955741777,314.006506265512916577114827552311837913465018,True,,,40,421,0.28,U:x-space B&B (unconditional) + C:logit (conditional on C-15 Thm 1),
B,1,1,0.1,0.8,0.8,CERTIFIED,U:x-space B&B (unconditional) + C:logit (conditional on C-15 Thm 1),True,True,79.7550306210585344497082286540533122641113171,79.7550306210585344497082286540533122642273971,79.7550306210585344497082286540533122641686224,1.45546e-39,0.278567541428927003635607755374,0.360716229285536498182196122313,0.360716229285536498182196122313,7.02583e-40,0.0156694,5.36491106406735173279955741777,79.7550306210585344497082286540533122641828529,True,,,40,473,0.31,U:x-space B&B (unconditional) + C:logit (conditional on C-15 Thm 1),
B,1,1,0.1,0.85,0.85,CERTIFIED,U:x-space B&B (unconditional) + C:logit (conditional on C-15 Thm 1),True,True,31.6837722511527578464058777186570795911263696,31.6837722511527578464058777186570795911645732,31.6837722511527578464058777186570795911454714,1.20578e-39,0.252960084308903795967715706683,0.373519957845548102016142146659,0.373519957845548102016142146659,1.41235e-39,0.014229,5.36491106406735173279955741777,31.6837722511527578464058777186570795911507426,True,,,40,625,0.4,U:x-space B&B (unconditional) + C:logit (conditional on C-15 Thm 1),
B,1,1,0.1,0.9,0.9,CERTIFIED,U:x-space B&B (unconditional) + C:logit (conditional on C-15 Thm 1),True,True,15.7253879996333502700813937604596482759331538,15.7253879996333502700813937604596482759506025,15.72538799963335027008139376045964827594197,1.10959e-39,0.22254305515978152437928824708,0.38872847242010923781035587646,0.38872847242010923781035587646,4.46345e-39,0.012518,5.36491106406735173279955741777,15.7253879996333502700813937604596482759439734,True,,,40,741,0.51,U:x-space B&B (unconditional) + C:logit (conditional on C-15 Thm 1),
B,1,1,0.1,0.95,0.95,CERTIFIED,U:x-space B&B (unconditional) + C:logit (conditional on C-15 Thm 1),True,True,8.86509403355555293633969528426448093011446437,8.86509403355555293633969528426448093012236222,8.86509403355555293633969528426448093011850513,8.90893e-40,0.184846487669075578741981242529,0.407576756165462210629009378735,0.407576756165462210629009378735,1.1216e-39,0.00519881,5.36491106406735173279955741777,8.86509403355555293633969528426448093011933533,True,,,40,1075,0.75,U:x-space B&B (unconditional) + C:logit (conditional on C-15 Thm 1),
B,1.0,1.0,1,2/3+1e-8,0.666666676666666666666666666666666666666666667,CERTIFIED,U:x-space B&B (unconditional) + C:logit (conditional on C-15 Thm 1),True,True,167583893340529149268195.360280920537714656263,167583893340529149268195.360280920537714656472,167583893340529149268195.360280920537714656368,1.25254e-42,0.333333333333333333333333333333,0.333333333333333333333333333333,0.333333333333333333333333333333,1.15933e-50,0.01875,9.0,167583893340529149268195.360280920537714656356,True,,,50,349,0.33,U:x-space B&B (unconditional) + C:logit (conditional on C-15 Thm 1),
B,1.0,1.0,1,2/3+1e-7,0.666666766666666666666666666666666666666666667,CERTIFIED,U:x-space B&B (unconditional) + C:logit (conditional on C-15 Thm 1),True,True,167583934375608524415.36742004530207207884819,167583934375608524415.367420045302072078848211,167583934375608524415.367420045302072078848201,1.25254e-43,0.333333333333333333333333333333,0.333333333333333333333333333333,0.333333333333333333333333333333,1.15933e-50,0.01875,9.0,167583934375608524415.3674200453020720788482,True,,,50,349,0.35,U:x-space B&B (unconditional) + C:logit (conditional on C-15 Thm 1),
B,1.0,1.0,1,2/3+1e-6,0.666667666666666666666666666666666666666666667,CERTIFIED,U:x-space B&B (unconditional) + C:logit (conditional on C-15 Thm 1),True,True,167584344726402276.257966699746638713488694441,167584344726402276.257966699746638713488694444,167584344726402276.257966699746638713488694443,1.84199e-44,0.333333333333333333333333333333,0.333333333333333333333333333333,0.333333333333333333333333333333,1.15934e-50,0.01875,9.0,167584344726402276.257966699746638713488694443,True,,,50,349,0.34,U:x-space B&B (unconditional) + C:logit (conditional on C-15 Thm 1),
B,1.0,1.0,1,2/3+1e-5,0.666676666666666666666666666666666666666666667,CERTIFIED,U:x-space B&B (unconditional) + C:logit (conditional on C-15 Thm 1),True,True,167588448234340.165562030088626056953059290908,167588448234340.16556203008862605695486272882,167588448234340.16556203008862605695396101148,1.07611e-35,0.333333333333333333333333333333,0.333333333333333333333333333333,0.333333333333333333333333333333,9.95901e-41,0.01875,9.0,167588448234340.16556203008862605695406469247,True,,,40,349,0.45,U:x-space B&B (unconditional) + C:logit (conditional on C-15 Thm 1),
B,1.0,1.0,1,2/3+1e-4,0.666766666666666666666666666666666666666666667,CERTIFIED,U:x-space B&B (unconditional) + C:logit (conditional on C-15 Thm 1),True,True,167629483314.089930560247897740703692574213709,167629483314.08993056024789774070369275478397,167629483314.089930560247897740703692664500417,1.0772e-36,0.333333333333333333333333333333,0.333333333333333333333333333333,0.333333333333333333333333333333,9.96275e-41,0.01875,9.0,167629483314.089930560247897740703692668732787,True,,,40,349,0.4,U:x-space B&B (unconditional) + C:logit (conditional on C-15 Thm 1),
B,1.0,1.0,1,2/3+1e-3,0.667666666666666666666666666666666666666666667,CERTIFIED,U:x-space B&B (unconditional) + C:logit (conditional on C-15 Thm 1),True,True,168039834.482398572860210693770374427400158766,168039834.482398572860210693770374427424847647,168039834.482398572860210693770374427412503206,1.46923e-37,0.333333333333333333333333333333,0.333333333333333333333333333333,0.333333333333333333333333333333,1.00005e-40,0.01875,9.0,168039834.482398572860210693770374427417063035,True,,,40,349,0.35,U:x-space B&B (unconditional) + C:logit (conditional on C-15 Thm 1),
B,1.0,1.0,1,2/3+1e-2,0.676666666666666666666666666666666666666666667,CERTIFIED,U:x-space B&B (unconditional) + C:logit (conditional on C-15 Thm 1),True,True,172143.716383259275555691308310764727445851721,172143.716383259275555691308310764727447895012,172143.716383259275555691308310764727446874871,1.18697e-38,0.333333333333333333333333333333,0.333333333333333333333333333333,0.333333333333333333333333333333,1.0406e-40,0.01875,9.0,172143.716383259275555691308310764727447678775,True,,,40,359,0.4,U:x-space B&B (unconditional) + C:logit (conditional on C-15 Thm 1),
B,1.0,1.0,1,0.7,0.7,CERTIFIED,U:x-space B&B (unconditional) + C:logit (conditional on C-15 Thm 1),True,True,4935.48872732317803869647902651459797966812029,4935.48872732317803869647902651459797969567388,4935.48872732317803869647902651459797968185007,5.58275e-39,0.333333333333333333333333333333,0.333333333333333333333333333333,0.333333333333333333333333333333,1.17348e-40,0.01875,9.0,4935.48872732317803869647902651459797968768935,True,,,40,399,0.4,U:x-space B&B (unconditional) + C:logit (conditional on C-15 Thm 1),
B,1,1,1.0,0.7,0.7,CERTIFIED,U:x-space B&B (unconditional) + C:logit (conditional on C-15 Thm 1),True,True,4935.48872732317803869647902651459797966812029,4935.48872732317803869647902651459797969567388,4935.48872732317803869647902651459797968185007,5.58275e-39,0.333333333333333333333333333333,0.333333333333333333333333333333,0.333333333333333333333333333333,1.17348e-40,0.01875,9.0,4935.48872732317803869647902651459797968768935,True,,,40,399,0.28,U:x-space B&B (unconditional) + C:logit (conditional on C-15 Thm 1),
B,1,1,1.0,0.75,0.75,CERTIFIED,U:x-space B&B (unconditional) + C:logit (conditional on C-15 Thm 1),True,True,355.611676355712141579508379731422559774362639,355.611676355712141579508379731422559775003283,355.6116763557121415795083797314225597746859,1.80153e-39,0.333333333333333333333333333333,0.333333333333333333333333333333,0.333333333333333333333333333333,1.67431e-40,0.01875,9.0,355.611676355712141579508379731422559774746505,True,,,40,455,0.31,U:x-space B&B (unconditional) + C:logit (conditional on C-15 Thm 1),
B,1.0,1.0,1,2/3+1e-1,0.766666666666666666666666666666666666666666667,CERTIFIED,U:x-space B&B (unconditional) + C:logit (conditional on C-15 Thm 1),True,True,213.548423940685916596056730560372052057795022,213.548423940685916596056730560372052058250526,213.548423940685916596056730560372052058024243,2.13302e-39,0.333333333333333333333333333333,0.333333333333333333333333333333,0.333333333333333333333333333333,1.96309e-40,0.01875,9.0,213.548423940685916596056730560372052058105568,True,,,40,477,0.43,U:x-space B&B (unconditional) + C:logit (conditional on C-15 Thm 1),
B,1.0,1.0,1,0.8,0.8,CERTIFIED,U:x-space B&B (unconditional) + C:logit (conditional on C-15 Thm 1),True,True,96.7154941467416273742783861443646213401263678,96.7154941467416273742783861443646213402615496,96.7154941467416273742783861443646213401939587,1.39773e-39,0.333333333333333333333333333333,0.333333333333333333333333333333,0.333333333333333333333333333333,2.99968e-40,0.01875,9.0,96.7154941467416273742783861443646213402102941,True,,,40,505,0.38,U:x-space B&B (unconditional) + C:logit (conditional on C-15 Thm 1),
B,1,1,1.0,0.8,0.8,CERTIFIED,U:x-space B&B (unconditional) + C:logit (conditional on C-15 Thm 1),True,True,96.7154941467416273742783861443646213401263678,96.7154941467416273742783861443646213402615496,96.7154941467416273742783861443646213401939587,1.39773e-39,0.333333333333333333333333333333,0.333333333333333333333333333333,0.333333333333333333333333333333,2.99968e-40,0.01875,9.0,96.7154941467416273742783861443646213402102941,True,,,40,505,0.32,U:x-space B&B (unconditional) + C:logit (conditional on C-15 Thm 1),
B,1,1,1.0,0.85,0.85,CERTIFIED,U:x-space B&B (unconditional) + C:logit (conditional on C-15 Thm 1),True,True,41.1299975711176864408335975946652597636292854,41.1299975711176864408335975946652597636821827,41.1299975711176864408335975946652597636557341,1.2861e-39,0.333333333333333333333333333333,0.333333333333333333333333333333,0.333333333333333333333333333333,1.33657e-39,0.01875,9.0,41.1299975711176864408335975946652597636640924,True,,,40,555,0.37,U:x-space B&B (unconditional) + C:logit (conditional on C-15 Thm 1),
B,1.0,1.0,1,0.9,0.9,CERTIFIED,U:x-space B&B (unconditional) + C:logit (conditional on C-15 Thm 1),True,True,21.9349677272044052438195938705703957789676733,21.9349677272044052438195938705703957789919179,21.9349677272044052438195938705703957789797956,1.10529e-39,0.333333333333333333333333333333,0.333333333333333333333333333333,0.333333333333333333333333333333,1.26138e-40,0.009375,9.0,21.9349677272044052438195938705703957789826725,True,,,40,745,0.48,U:x-space B&B (unconditional) + C:logit (conditional on C-15 Thm 1),
B,1.0,1.0,1,1-1e-1,0.9,CERTIFIED,U:x-space B&B (unconditional) + C:logit (conditional on C-15 Thm 1),True,True,21.9349677272044052438195938705703957789676733,21.9349677272044052438195938705703957789919179,21.9349677272044052438195938705703957789797956,1.10529e-39,0.333333333333333333333333333333,0.333333333333333333333333333333,0.333333333333333333333333333333,1.26138e-40,0.009375,9.0,21.9349677272044052438195938705703957789826725,True,,,40,745,0.49,U:x-space B&B (unconditional) + C:logit (conditional on C-15 Thm 1),
B,1,1,1.0,0.9,0.9,CERTIFIED,U:x-space B&B (unconditional) + C:logit (conditional on C-15 Thm 1),True,True,21.9349677272044052438195938705703957789676733,21.9349677272044052438195938705703957789919179,21.9349677272044052438195938705703957789797956,1.10529e-39,0.333333333333333333333333333333,0.333333333333333333333333333333,0.333333333333333333333333333333,1.26138e-40,0.009375,9.0,21.9349677272044052438195938705703957789826725,True,,,40,745,0.5,U:x-space B&B (unconditional) + C:logit (conditional on C-15 Thm 1),
B,1,1,1.0,0.95,0.95,CERTIFIED,U:x-space B&B (unconditional) + C:logit (conditional on C-15 Thm 1),True,True,13.4172204387339389052043201934541348602808478,13.4172204387339389052043201934541348602935211,13.4172204387339389052043201934541348602872763,9.44555e-40,0.333333333333333333333333333333,0.333333333333333333333333333333,0.333333333333333333333333333333,1.5424e-40,0.009375,9.0,13.4172204387339389052043201934541348602887117,True,,,40,837,0.55,U:x-space B&B (unconditional) + C:logit (conditional on C-15 Thm 1),
B,1.0,1.0,1,0.99,0.99,CERTIFIED,U:x-space B&B (unconditional) + C:logit (conditional on C-15 Thm 1),True,True,9.69023780551587858353636336618204463294376184,9.69023780551587858353636336618204463295000666,9.69023780551587858353636336618204463294688425,6.44444e-40,0.333333333333333333333333333333,0.333333333333333333333333333333,0.333333333333333333333333333333,1.83966e-40,0.009375,9.0,9.69023780551587858353636336618204463294756871,True,,,40,945,0.63,U:x-space B&B (unconditional) + C:logit (conditional on C-15 Thm 1),
B,1.0,1.0,1,1-1e-2,0.99,CERTIFIED,U:x-space B&B (unconditional) + C:logit (conditional on C-15 Thm 1),True,True,9.69023780551587858353636336618204463294376184,9.69023780551587858353636336618204463295000666,9.69023780551587858353636336618204463294688425,6.44444e-40,0.333333333333333333333333333333,0.333333333333333333333333333333,0.333333333333333333333333333333,1.83966e-40,0.009375,9.0,9.69023780551587858353636336618204463294756871,True,,,40,945,0.58,U:x-space B&B (unconditional) + C:logit (conditional on C-15 Thm 1),
B,1.0,1.0,1,1-1e-3,0.999,CERTIFIED,U:x-space B&B (unconditional) + C:logit (conditional on C-15 Thm 1),True,True,9.06565375489746924228063408561833212821125238,9.06565375489746924228063408561833212821823187,9.06565375489746924228063408561833212821474213,7.69884e-40,0.333333333333333333333333333333,0.333333333333333333333333333333,0.333333333333333333333333333333,1.91823e-40,0.009375,9.0,9.0656537548974692422806340856183321282156365,True,,,40,1017,0.54,U:x-space B&B (unconditional) + C:logit (conditional on C-15 Thm 1),
B,1.0,1.0,1,1-1e-4,0.9999,CERTIFIED,U:x-space B&B (unconditional) + C:logit (conditional on C-15 Thm 1),True,True,9.00653323243438166756986253352716882687099535,9.00653323243438166756986253352716882687834219,9.00653323243438166756986253352716882687466877,8.15723e-40,0.333333333333333333333333333333,0.333333333333333333333333333333,0.333333333333333333333333333333,1.92636e-40,0.009375,9.0,9.00653323243438166756986253352716882687546474,True,,,40,1069,0.61,U:x-space B&B (unconditional) + C:logit (conditional on C-15 Thm 1),
B,1.0,1.0,1,1-1e-5,0.99999,CERTIFIED,U:x-space B&B (unconditional) + C:logit (conditional on C-15 Thm 1),True,True,9.00065300330336507178997253557018981192174813,9.0006530033033650717899725355701898119276256,9.00065300330336507178997253557018981192468686,6.53005e-40,0.333333333333333333333333333333,0.333333333333333333333333333333,0.333333333333333333333333333333,1.92718e-40,0.009375,9.0,9.00065300330336507178997253557018981192542345,True,,,40,1121,0.59,U:x-space B&B (unconditional) + C:logit (conditional on C-15 Thm 1),
B,1.0,1.0,1,1-1e-6,0.999999,CERTIFIED,U:x-space B&B (unconditional) + C:logit (conditional on C-15 Thm 1),True,True,9.0000652971324198551268413726971035569561195,9.00006529713241985512684137269710355696254799,9.00006529713241985512684137269710355695942558,7.14271e-40,0.333333333333333333333333333333,0.333333333333333333333333333333,0.333333333333333333333333333333,1.92726e-40,0.009375,9.0,9.00006529713241985512684137269710355696005989,True,,,40,1177,0.91,U:x-space B&B (unconditional) + C:logit (conditional on C-15 Thm 1),
B,1.0,1.0,1,1-1e-7,0.9999999,CERTIFIED,U:x-space B&B (unconditional) + C:logit (conditional on C-15 Thm 1),True,True,9.00000652968126430243349286721995564659987758,9.00000652968126430243349286721995564660685707,9.00000652968126430243349286721995564660336733,7.75499e-40,0.333333333333333333333333333333,0.333333333333333333333333333333,0.333333333333333333333333333333,1.92727e-40,0.009375,9.0,9.00000652968126430243349286721995564660389604,True,,,40,1225,0.71,U:x-space B&B (unconditional) + C:logit (conditional on C-15 Thm 1),
B,1.0,1.0,1,1-1e-8,0.99999999,CERTIFIED,U:x-space B&B (unconditional) + C:logit (conditional on C-15 Thm 1),True,True,9.00000065296780665489593497347427457804656791,9.00000065296780665489593497347427457805336374,9.00000065296780665489593497347427457805005766,7.55092e-40,0.333333333333333333333333333333,0.333333333333333333333333333333,0.333333333333333333333333333333,1.92727e-40,0.009375,9.0,9.00000065296780665489593497347427457805114485,True,,,40,1281,0.67,U:x-space B&B (unconditional) + C:logit (conditional on C-15 Thm 1),
B,1.0,1.0,1,1-1e-9,0.999999999,CERTIFIED,U:x-space B&B (unconditional) + C:logit (conditional on C-15 Thm 1),True,True,9.00000006529677746773760272544157819106150015,9.00000006529677746773760272544157819106774496,9.00000006529677746773760272544157819106462255,6.93868e-40,0.333333333333333333333333333333,0.333333333333333333333333333333,0.333333333333333333333333333333,1.92727e-40,0.009375,9.0,9.00000006529677746773760272544157819106539264,True,,,40,1337,0.68,U:x-space B&B (unconditional) + C:logit (conditional on C-15 Thm 1),
B,1.0,1.0,1,1-1e-10,0.9999999999,CERTIFIED,U:x-space B&B (unconditional) + C:logit (conditional on C-15 Thm 1),True,True,9.00000000652967771479624184819568867448239069,9.00000000652967771479624184819568867448900285,9.00000000652967771479624184819568867448569677,7.34684e-40,0.333333333333333333333333333333,0.333333333333333333333333333333,0.333333333333333333333333333333,1.92727e-40,0.009375,9.0,9.00000000652967771479624184819568867448647211,True,,,40,1385,0.72,U:x-space B&B (unconditional) + C:logit (conditional on C-15 Thm 1),
B,1,1,10.0,0.7,0.7,CERTIFIED,U:x-space B&B (unconditional) + C:logit (conditional on C-15 Thm 1),True,True,7122.47651316250495706149210013527923096408431,7122.4765131625049570614921001352792310064021,7122.4765131625049570614921001352792309852432,5.94144e-39,0.414629712334901237789838417499,0.29268514383254938110508079125,0.29268514383254938110508079125,2.73941e-39,0.00823177,26.6491106406735173279955741777,7122.47651316250495706149210013527923099315007,True,,,40,647,0.41,U:x-space B&B (unconditional) + C:logit (conditional on C-15 Thm 1),
B,1,1,10.0,0.75,0.75,CERTIFIED,U:x-space B&B (unconditional) + C:logit (conditional on C-15 Thm 1),True,True,676.183040215912567017182756007620447526842157,676.183040215912567017182756007620447528135201,676.183040215912567017182756007620447527488679,1.91227e-39,0.479076301081956454561510981941,0.260461849459021772719244509029,0.260461849459021772719244509029,6.96511e-39,0.00732549,26.6491106406735173279955741777,676.183040215912567017182756007620447527630821,True,,,40,1011,0.59,U:x-space B&B (unconditional) + C:logit (conditional on C-15 Thm 1),
B,1,1,10.0,0.8,0.8,CERTIFIED,U:x-space B&B (unconditional) + C:logit (conditional on C-15 Thm 1),True,True,215.696586998143350991439193096356607268312223,215.696586998143350991439193096356607268611974,215.696586998143350991439193096356607268462099,1.38969e-39,0.520240286795292743122371143756,0.239879856602353628438814428122,0.239879856602353628438814428122,2.40927e-39,0.00337331,26.6491106406735173279955741777,215.696586998143350991439193096356607268490165,True,,,40,1377,0.87,U:x-space B&B (unconditional) + C:logit (conditional on C-15 Thm 1),
B,1,1,10.0,0.85,0.85,CERTIFIED,U:x-space B&B (unconditional) + C:logit (conditional on C-15 Thm 1),True,True,101.996966148422883910657771442340101629737758,101.996966148422883910657771442340101629868531,101.99696614842288391065777144234010162980241,1.28213e-39,0.550677478476368256708510945725,0.224661260761815871645744527138,0.224661260761815871645744527138,5.42625e-39,0.0031593,26.6491106406735173279955741777,101.996966148422883910657771442340101629821104,True,,,40,1657,1.06,U:x-space B&B (unconditional) + C:logit (conditional on C-15 Thm 1),
B,1,1,10.0,0.9,0.9,CERTIFIED,U:x-space B&B (unconditional) + C:logit (conditional on C-15 Thm 1),True,True,58.6932648487035032220685996184163054050815966,58.6932648487035032220685996184163054051469834,58.6932648487035032220685996184163054051146573,1.11404e-39,0.574926000040816694302976694907,0.212536999979591652848511652547,0.212536999979591652848511652547,1.3215e-38,0.0029888,26.6491106406735173279955741777,58.6932648487035032220685996184163054051233081,True,,,40,1899,1.23,U:x-space B&B (unconditional) + C:logit (conditional on C-15 Thm 1),
B,1,1,10.0,0.95,0.95,CERTIFIED,U:x-space B&B (unconditional) + C:logit (conditional on C-15 Thm 1),True,True,38.010480260540189096994141647524086756108908,38.0104802605401890969941416475240867561404995,38.0104802605401890969941416475240867561250711,8.31124e-40,0.59515594815347871449325069104,0.20242202592326064275337465448,0.20242202592326064275337465448,2.20063e-39,0.00142328,26.6491106406735173279955741777,38.0104802605401890969941416475240867561291967,True,,,40,2393,1.58,U:x-space B&B (unconditional) + C:logit (conditional on C-15 Thm 1),
B,1,1,100.0,0.7,0.7,CERTIFIED,U:x-space B&B (unconditional) + C:logit (conditional on C-15 Thm 1),True,True,23058.922806771513615542489109081766169115002,23058.9228067715136155424891090817661692598229,23058.9228067715136155424891090817661691876006,6.28047e-39,0.624779127050097521645941753167,0.187610436474951239177029123416,0.187610436474951239177029123416,8.8322e-38,0.00263827,144.0,23058.9228067715136155424891090817661692085937,True,,,40,2029,1.27,U:x-space B&B (unconditional) + C:logit (conditional on C-15 Thm 1),
B,1,1,100.0,0.75,0.75,CERTIFIED,U:x-space B&B (unconditional) + C:logit (conditional on C-15 Thm 1),True,True,2922.26816060722477986008511734932578274555792,2922.26816060722477986008511734932578275091817,2922.26816060722477986008511734932578274823805,1.83428e-39,0.716174259356575797197193202905,0.141912870321712101401403398548,0.141912870321712101401403398548,7.34428e-39,0.000997825,144.0,2922.26816060722477986008511734932578274871795,True,,,40,3661,2.37,U:x-space B&B (unconditional) + C:logit (conditional on C-15 Thm 1),
B,1,1,100.0,0.8,0.8,CERTIFIED,U:x-space B&B (unconditional) + C:logit (conditional on C-15 Thm 1),True,True,1038.21335972534825282746349452776636766611949,1038.21335972534825282746349452776636766767114,1038.21335972534825282746349452776636766689531,1.49454e-39,0.759541419651865738179866957336,0.120229290174067130910066521332,0.120229290174067130910066521332,1.96314e-38,0.000845362,144.0,1038.21335972534825282746349452776636766709635,True,,,40,4717,2.85,U:x-space B&B (unconditional) + C:logit (conditional on C-15 Thm 1),
B,1,1,100.0,0.85,0.85,CERTIFIED,U:x-space B&B (unconditional) + C:logit (conditional on C-15 Thm 1),True,True,518.594851385497967153584073875320469699021674,518.594851385497967153584073875320469699703461,518.594851385497967153584073875320469699362568,1.31468e-39,0.786935089837346175508640249454,0.106532455081326912245679875273,0.106532455081326912245679875273,3.0715e-39,0.000374528,144.0,518.594851385497967153584073875320469699451103,True,,,40,5977,4.11,U:x-space B&B (unconditional) + C:logit (conditional on C-15 Thm 1),
B,1,1,100.0,0.9,0.9,CERTIFIED,U:x-space B&B (unconditional) + C:logit (conditional on C-15 Thm 1),True,True,307.902286449652841382041171521481041565103088,307.902286449652841382041171521481041565461614,307.90228644965284138204117152148104156528529,1.16441e-39,0.806478084490431991886635496571,0.0967609577547840040566822517143,0.0967609577547840040566822517143,5.16841e-39,0.000340175,144.0,307.902286449652841382041171521481041565327786,True,,,40,7017,4.4,U:x-space B&B (unconditional) + C:logit (conditional on C-15 Thm 1),
B,1,1,100.0,0.95,0.95,CERTIFIED,U:x-space B&B (unconditional) + C:logit (conditional on C-15 Thm 1),True,True,203.148382661398128767703108030913799345084241,203.148382661398128767703108030913799345257626,203.148382661398128767703108030913799345172403,8.53491e-40,0.821410438584669807371863467949,0.0892947807076650963140682660257,0.0892947807076650963140682660257,1.0398e-38,0.000313927,144.0,203.148382661398128767703108030913799345191604,True,,,40,8389,5.12,U:x-space B&B (unconditional) + C:logit (conditional on C-15 Thm 1),
B,1,1,1000.0,0.7,0.7,CERTIFIED,U:x-space B&B (unconditional) + C:logit (conditional on C-15 Thm 1),True,True,147537.111364299656507461461787136630411777471,147537.111364299656507461461787136630412749464,147537.111364299656507461461787136630412264972,6.58812e-39,0.830913084405234735185221686961,0.0845434577973826324073891565196,0.0845434577973826324073891565196,2.54485e-38,0.000297223,1130.49110640673517327995574178,147537.11136429965650746146178713663041239085,True,,,40,8545,5.09,U:x-space B&B (unconditional) + C:logit (conditional on C-15 Thm 1),
B,1,1,1000.0,0.75,0.75,CERTIFIED,U:x-space B&B (unconditional) + C:logit (conditional on C-15 Thm 1),True,True,21264.7752162704526121589284990698218381663936,21264.7752162704526121589284990698218382126611,21264.7752162704526121589284990698218381893393,2.17578e-39,0.885600121230072218823976982362,0.057199939384963890588011508819,0.057199939384963890588011508819,1.73137e-38,0.000201094,1130.49110640673517327995574178,21264.7752162704526121589284990698218381958575,True,,,40,14969,8.27,U:x-space B&B (unconditional) + C:logit (conditional on C-15 Thm 1),
B,1,1,1000.0,0.8,0.8,CERTIFIED,U:x-space B&B (unconditional) + C:logit (conditional on C-15 Thm 1),True,True,7868.35363460110460418037261564324397836076679,7868.35363460110460418037261564324397837412041,7868.3536346011046041803726156432439783674436,1.69713e-39,0.907634416748181152166275253881,0.0461827916259094239168623730594,0.0461827916259094239168623730594,7.32908e-38,0.000162361,1130.49110640673517327995574178,7868.35363460110460418037261564324397836944226,True,,,40,20685,11.3,U:x-space B&B (unconditional) + C:logit (conditional on C-15 Thm 1),
B,1,1,1000.0,0.85,0.85,CERTIFIED,U:x-space B&B (unconditional) + C:logit (conditional on C-15 Thm 1),True,True,4004.44716665943846122601400589518265420108214,4004.44716665943846122601400589518265420714769,4004.44716665943846122601400589518265420413843,1.5147e-39,0.920489204007708321985112077626,0.039755397996145839007443961187,0.039755397996145839007443961187,3.70657e-39,6.98825e-5,1130.49110640673517327995574178,4004.44716665943846122601400589518265420514045,True,,,40,26323,14.01,U:x-space B&B (unconditional) + C:logit (conditional on C-15 Thm 1),
B,1,1,1000.0,0.9,0.9,CERTIFIED,U:x-space B&B (unconditional) + C:logit (conditional on C-15 Thm 1),True,True,2400.37956370568520946148036545909740381759626,2400.37956370568520946148036545909740382027639,2400.37956370568520946148036545909740381891281,1.11654e-39,0.929189900956184675929234397241,0.0354050495219076620353828013797,0.0354050495219076620353828013797,4.08012e-39,6.22354e-5,1130.49110640673517327995574178,2400.37956370568520946148036545909740381930224,True,,,40,32293,16.89,U:x-space B&B (unconditional) + C:logit (conditional on C-15 Thm 1),
B,1,1,1000.0,0.95,0.95,CERTIFIED,U:x-space B&B (unconditional) + C:logit (conditional on C-15 Thm 1),True,True,1591.44386614682262993733080809120571227675217,1591.4438661468226299373308080912057122782333,1591.44386614682262993733080809120571227748098,9.30679e-40,0.935578580597540020229355063786,0.0322107097012299898853224681069,0.0322107097012299898853224681069,7.45383e-39,5.66204e-5,1130.49110640673517327995574178,1591.44386614682262993733080809120571227773747,True,,,40,38849,21.0,U:x-space B&B (unconditional) + C:logit (conditional on C-15 Thm 1),
B,1.46779926762,1.46779926762,1,0.7,0.7,CERTIFIED,U:x-space B&B (unconditional) + C:logit (conditional on C-15 Thm 1),True,True,5190.55027853361037450100272975373865293216814,5190.55027853361037450100272975373865296150848,5190.55027853361037450100272975373865294683831,5.65265e-39,0.327391756750081980966894137494,0.336304121624959009516552931253,0.336304121624959009516552931253,3.24785e-40,0.0184158,11.717307704990937369959654021,5190.55027853361037450100272975373865295264456,True,,,40,403,0.28,U:x-space B&B (unconditional) + C:logit (conditional on C-15 Thm 1),
B,1.46779926762,1.46779926762,1,0.8,0.8,CERTIFIED,U:x-space B&B (unconditional) + C:logit (conditional on C-15 Thm 1),True,True,112.706466163746331599580981111531791870391621,112.706466163746331599580981111531791870550313,112.706466163746331599580981111531791870470967,1.40801e-39,0.312784846254432197915307479401,0.343607576872783901042346260299,0.343607576872783901042346260299,7.79847e-40,0.0175941,11.717307704990937369959654021,112.706466163746331599580981111531791870492225,True,,,40,525,0.36,U:x-space B&B (unconditional) + C:logit (conditional on C-15 Thm 1),
B,1.46779926762,1.46779926762,1,0.9,0.9,CERTIFIED,U:x-space B&B (unconditional) + C:logit (conditional on C-15 Thm 1),True,True,27.2698700943209672373817042223188747796943472,27.2698700943209672373817042223188747797233672,27.2698700943209672373817042223188747797086735,1.06418e-39,0.301420893996129476390999550624,0.349289553001935261804500224688,0.349289553001935261804500224688,1.15555e-38,0.0169549,11.717307704990937369959654021,27.2698700943209672373817042223188747797128975,True,,,40,695,0.45,U:x-space B&B (unconditional) + C:logit (conditional on C-15 Thm 1),
B,1.46779926762,1.46779926762,1,0.99,0.99,CERTIFIED,U:x-space B&B (unconditional) + C:logit (conditional on C-15 Thm 1),True,True,12.5648838578008584103203030141141953404776885,12.5648838578008584103203030141141953404854027,12.5648838578008584103203030141141953404815456,6.13948e-40,0.292990903465307852664844987278,0.353504548267346073667577506361,0.353504548267346073667577506361,3.42949e-40,0.00824037,11.717307704990937369959654021,12.5648838578008584103203030141141953404823519,True,,,40,947,0.63,U:x-space B&B (unconditional) + C:logit (conditional on C-15 Thm 1),
B,2.15443469003,2.15443469003,1,0.7,0.7,CERTIFIED,U:x-space B&B (unconditional) + C:logit (conditional on C-15 Thm 1),True,True,5561.27665694137262372148379042622994493523918,5561.27665694137262372148379042622994496664839,5561.27665694137262372148379042622994495094379,5.64784e-39,0.319214791460364574718188895439,0.340392604269817712640905552281,0.340392604269817712640905552281,6.52356e-40,0.0179558,15.4889358306057114342922306645,5561.27665694137262372148379042622994495717669,True,,,40,413,0.31,U:x-space B&B (unconditional) + C:logit (conditional on C-15 Thm 1),
B,2.15443469003,2.15443469003,1,0.8,0.8,CERTIFIED,U:x-space B&B (unconditional) + C:logit (conditional on C-15 Thm 1),True,True,135.524860710683386120546631904237686857833652,135.524860710683386120546631904237686858027608,135.52486071068338612054663190423768685793063,1.43115e-39,0.288507469844287196547910775604,0.355746265077856401726044612198,0.355746265077856401726044612198,1.49417e-39,0.0162285,15.4889358306057114342922306645,135.524860710683386120546631904237686857954747,True,,,40,587,0.47,U:x-space B&B (unconditional) + C:logit (conditional on C-15 Thm 1),
B,2.15443469003,2.15443469003,1,0.9,0.9,CERTIFIED,U:x-space B&B (unconditional) + C:logit (conditional on C-15 Thm 1),True,True,34.780593285017897166645140213866869214803384,34.7805932850178971666451402138668692148423222,34.7805932850178971666451402138668692148232204,1.11954e-39,0.26813873298937411206190092036,0.36593063350531294396904953982,0.36593063350531294396904953982,9.93887e-39,0.0150828,15.4889358306057114342922306645,34.7805932850178971666451402138668692148267745,True,,,40,727,0.53,U:x-space B&B (unconditional) + C:logit (conditional on C-15 Thm 1),
B,2.15443469003,2.15443469003,1,0.99,0.99,CERTIFIED,U:x-space B&B (unconditional) + C:logit (conditional on C-15 Thm 1),True,True,16.5611392472780813239632798105989726687108237,16.5611392472780813239632798105989726687207419,16.5611392472780813239632798105989726687159665,5.98886e-40,0.255258556575609297695097671703,0.372370721712195351152451164149,0.372370721712195351152451164149,4.34299e-40,0.00717915,15.4889358306057114342922306645,16.5611392472780813239632798105989726687173013,True,,,40,1133,2.59,U:x-space B&B (unconditional) + C:logit (conditional on C-15 Thm 1),
B,3.16227766017,3.16227766017,1,0.7,0.7,CERTIFIED,U:x-space B&B (unconditional) + C:logit (conditional on C-15 Thm 1),True,True,6098.89837184497203606617602765216898196149798,6098.89837184497203606617602765216898199666877,6098.89837184497203606617602765216898197908338,5.76674e-39,0.308212587556412069089754460593,0.345893706221793965455122769704,0.345893706221793965455122769704,1.22522e-39,0.017337,20.7622282808375139420845561439,6098.89837184497203606617602765216898198578292,True,,,40,429,0.29,U:x-space B&B (unconditional) + C:logit (conditional on C-15 Thm 1),
B,3.16227766017,3.16227766017,1,0.8,0.8,CERTIFIED,U:x-space B&B (unconditional) + C:logit (conditional on C-15 Thm 1),True,True,168.135867383257887660202705067557087648798767,168.135867383257887660202705067557087649036805,168.135867383257887660202705067557087648916316,1.41575e-39,0.260873502555807962150422037564,0.369563248722096018924788981218,0.369563248722096018924788981218,2.84431e-39,0.0146741,20.7622282808375139420845561439,168.135867383257887660202705067557087648946028,True,,,40,683,0.55,U:x-space B&B (unconditional) + C:logit (conditional on C-15 Thm 1),
B,3.16227766017,3.16227766017,1,0.9,0.9,CERTIFIED,U:x-space B&B (unconditional) + C:logit (conditional on C-15 Thm 1),True,True,45.4154669068063131655331872012981520507880894,45.4154669068063131655331872012981520508402519,45.415466906806313165533187201298152050814538,1.14856e-39,0.2343537823939494451260266476,0.3828231088030252774369866762,0.3828231088030252774369866762,2.06371e-38,0.0131824,20.7622282808375139420845561439,45.4154669068063131655331872012981520508208366,True,,,40,871,0.59,U:x-space B&B (unconditional) + C:logit (conditional on C-15 Thm 1),
B,3.16227766017,3.16227766017,1,0.99,0.99,CERTIFIED,U:x-space B&B (unconditional) + C:logit (conditional on C-15 Thm 1),True,True,22.1574691289434054237842430328703639287347411,22.1574691289434054237842430328703639287490675,22.1574691289434054237842430328703639287417206,6.46569e-40,0.220500809028348968733301019435,0.389749595485825515633349490283,0.389749595485825515633349490283,7.09437e-40,0.00620159,20.7622282808375139420845561439,22.1574691289434054237842430328703639287434237,True,,,40,1179,0.74,U:x-space B&B (unconditional) + C:logit (conditional on C-15 Thm 1),
B,4.64158883361,4.64158883361,1,0.7,0.7,CERTIFIED,U:x-space B&B (unconditional) + C:logit (conditional on C-15 Thm 1),True,True,6877.01158686168935597127980795289962361292198,6877.0115868616893559712798079528996236536411,6877.01158686168935597127980795289962363332856,5.92105e-39,0.293815185575726300484423160623,0.353092407212136849757788419688,0.353092407212136849757788419688,1.93422e-39,0.0165271,28.1840940945649551918410895412,6877.0115868616893559712798079528996236408444,True,,,40,459,0.33,U:x-space B&B (unconditional) + C:logit (conditional on C-15 Thm 1),
B,4.64158883361,4.64158883361,1,0.8,0.8,CERTIFIED,U:x-space B&B (unconditional) + C:logit (conditional on C-15 Thm 1),True,True,214.889622673956271775690483609725497941110279,214.889622673956271775690483609725497941418846,214.889622673956271775690483609725497941266032,1.43593e-39,0.230598651676554366560662731646,0.384700674161722816719668634177,0.384700674161722816719668634177,6.68891e-39,0.0129712,28.1840940945649551918410895412,214.889622673956271775690483609725497941291982,True,,,40,769,0.78,U:x-space B&B (unconditional) + C:logit (conditional on C-15 Thm 1),
B,4.64158883361,4.64158883361,1,0.9,0.9,CERTIFIED,U:x-space B&B (unconditional) + C:logit (conditional on C-15 Thm 1),True,True,60.5699845968909180085930629978721409217561814,60.5699845968909180085930629978721409218215682,60.5699845968909180085930629978721409217892422,1.07953e-39,0.200923642286192859921172455961,0.39953817885690357003941377202,0.39953817885690357003941377202,1.23592e-39,0.00565098,28.1840940945649551918410895412,60.569984596890918008593062997872140921797452,True,,,40,1109,0.99,U:x-space B&B (unconditional) + C:logit (conditional on C-15 Thm 1),
B,4.64158883361,4.64158883361,1,0.99,0.99,CERTIFIED,U:x-space B&B (unconditional) + C:logit (conditional on C-15 Thm 1),True,True,30.0482337944080222734053783128916851067386681,30.0482337944080222734053783128916851067551985,30.0482337944080222734053783128916851067467496,5.50128e-40,0.188910780615674131617326644791,0.405544609692162934191336677604,0.405544609692162934191336677604,8.59989e-40,0.00531312,28.1840940945649551918410895412,30.048233794408022273405378312891685106749248,True,,,40,1283,0.96,U:x-space B&B (unconditional) + C:logit (conditional on C-15 Thm 1),
B,6.81292069058,6.81292069058,1,0.7,0.7,CERTIFIED,U:x-space B&B (unconditional) + C:logit (conditional on C-15 Thm 1),True,True,8001.79738776227378412131453403186643755458346,8001.79738776227378412131453403186643760216747,8001.79738776227378412131453403186643757837546,5.94667e-39,0.275588234549133010092224520921,0.362205882725433494953887739539,0.362205882725433494953887739539,3.25632e-39,0.0155018,38.6923116250504437863403122985,8001.79738776227378412131453403186643758649392,True,,,40,499,0.34,U:x-space B&B (unconditional) + C:logit (conditional on C-15 Thm 1),
B,6.81292069058,6.81292069058,1,0.8,0.8,CERTIFIED,U:x-space B&B (unconditional) + C:logit (conditional on C-15 Thm 1),True,True,282.200686210203322000367632435873779122992459,282.200686210203322000367632435873779123427392,282.200686210203322000367632435873779123209926,1.54122e-39,0.198727074046639552615214611297,0.400636462976680223692392694351,0.400636462976680223692392694351,2.06806e-38,0.0111784,38.6923116250504437863403122985,282.200686210203322000367632435873779123263034,True,,,40,865,0.73,U:x-space B&B (unconditional) + C:logit (conditional on C-15 Thm 1),
B,6.81292069058,6.81292069058,1,0.9,0.9,CERTIFIED,U:x-space B&B (unconditional) + C:logit (conditional on C-15 Thm 1),True,True,82.3023691605544152254511721726835445451856316,82.3023691605544152254511721726835445452767324,82.302369160554415225451172172683544545231182,1.1069e-39,0.168681200316453846611666819019,0.415659399841773076694166590491,0.415659399841773076694166590491,1.81732e-39,0.00474416,38.6923116250504437863403122985,82.3023691605544152254511721726835445452399185,True,,,40,1255,0.76,U:x-space B&B (unconditional) + C:logit (conditional on C-15 Thm 1),
B,6.81292069058,6.81292069058,1,0.99,0.99,CERTIFIED,U:x-space B&B (unconditional) + C:logit (conditional on C-15 Thm 1),True,True,41.2439484555455603431039218323502896971577289,41.2439484555455603431039218323502896971841776,41.2439484555455603431039218323502896971709532,6.41273e-40,0.160534351490182177737263357382,0.419732824254908911131368321309,0.419732824254908911131368321309,1.18562e-39,0.00451503,38.6923116250504437863403122985,41.2439484555455603431039218323502896971740348,True,,,40,1407,1.73,U:x-space B&B (unconditional) + C:logit (conditional on C-15 Thm 1),
B,10.0,10.0,1,2/3+1e-8,0.666666676666666666666666666666666666666666667,CERTIFIED,U:x-space B&B (unconditional) + C:logit (conditional on C-15 Thm 1),True,True,167583948053966827543024.300981196941045183439,167583948053966827543024.300981196941045183649,167583948053966827543024.300981196941045183544,1.25254e-42,0.333333297057352299396956456455,0.333333351471323850301521771773,0.333333351471323850301521771773,2.70746e-49,0.01875,53.6491106406735173279955741777,167583948053966827543024.300981196941045183533,True,,,50,349,0.37,U:x-space B&B (unconditional) + C:logit (conditional on C-15 Thm 1),
B,10.0,10.0,1,2/3+1e-7,0.666666766666666666666666666666666666666666667,CERTIFIED,U:x-space B&B (unconditional) + C:logit (conditional on C-15 Thm 1),True,True,167584481509851334687.567772145801837163594709,167584481509851334687.56777214580183716359473,167584481509851334687.567772145801837163594719,1.25254e-43,0.333332970574085559961281268463,0.333333514712957220019359365769,0.333333514712957220019359365769,2.76328e-49,0.01875,53.6491106406735173279955741777,167584481509851334687.567772145801837163594719,True,,,50,349,0.36,U:x-space B&B (unconditional) + C:logit (conditional on C-15 Thm 1),
B,10.0,10.0,1,2/3+1e-6,0.666667666666666666666666666666666666666666667,CERTIFIED,U:x-space B&B (unconditional) + C:logit (conditional on C-15 Thm 1),True,True,167589816055433532.305626857535169448275318969,167589816055433532.305626857535169448275318972,167589816055433532.30562685753516944827531897,1.84201e-44,0.333329705797110885593443620694,0.333335147101444557203278189653,0.333335147101444557203278189653,4.12847e-49,0.0187498,53.6491106406735173279955741777,167589816055433532.30562685753516944827531897,True,,,50,349,0.36,U:x-space B&B (unconditional) + C:logit (conditional on C-15 Thm 1),
B,10.0,10.0,1,2/3+1e-5,0.666676666666666666666666666666666666666666667,CERTIFIED,U:x-space B&B (unconditional) + C:logit (conditional on C-15 Thm 1),True,True,167643160185368.854278084035810623016477891949,167643160185368.854278084035810623018282108575,167643160185368.854278084035810623017380000262,1.07622e-35,0.333297063595324656951182186573,0.333351468202337671524408906714,0.333351468202337671524408906714,2.32579e-39,0.018748,53.6491106406735173279955741777,167643160185368.854278084035810623017483706329,True,,,40,349,0.33,U:x-space B&B (unconditional) + C:logit (conditional on C-15 Thm 1),
B,10.0,10.0,1,2/3+1e-4,0.666766666666666666666666666666666666666666667,CERTIFIED,U:x-space B&B (unconditional) + C:logit (conditional on C-15 Thm 1),True,True,168176469295.401610998815910587590580552160449,168176469295.401610998815910587590580733510104,168176469295.401610998815910587590580642835277,1.07833e-36,0.332971197065955923749740806821,0.333514401467022038125129596589,0.333514401467022038125129596589,2.32535e-39,0.0187296,53.6491106406735173279955741777,168176469295.401610998815910587590580647085492,True,,,40,349,0.37,U:x-space B&B (unconditional) + C:logit (conditional on C-15 Thm 1),
B,10.0,10.0,1,2/3+1e-3,0.667666666666666666666666666666666666666666667,CERTIFIED,U:x-space B&B (unconditional) + C:logit (conditional on C-15 Thm 1),True,True,173496727.471219551731225800872806334900233518,173496727.471219551731225800872806334926025572,173496727.471219551731225800872806334913129545,1.4866e-37,0.329766811009076201559640436776,0.335116594495461899220179781612,0.335116594495461899220179781612,3.32642e-39,0.0185494,53.6491106406735173279955741777,173496727.471219551731225800872806334917814035,True,,,40,353,0.32,U:x-space B&B (unconditional) + C:logit (conditional on C-15 Thm 1),
B,10.0,10.0,1,2/3+1e-2,0.676666666666666666666666666666666666666666667,CERTIFIED,U:x-space B&B (unconditional) + C:logit (conditional on C-15 Thm 1),True,True,225704.532007558330498836254895719366737798256,225704.532007558330498836254895719366740642012,225704.532007558330498836254895719366739218629,1.25995e-38,0.302164909741158937150549299803,0.348917545129420531424725350098,0.348917545129420531424725350098,2.96204e-39,0.0169968,53.6491106406735173279955741777,225704.532007558330498836254895719366740199885,True,,,40,419,0.43,U:x-space B&B (unconditional) + C:logit (conditional on C-15 Thm 1),
B,10.0,10.0,1,0.7,0.7,CERTIFIED,U:x-space B&B (unconditional) + C:logit (conditional on C-15 Thm 1),True,True,9627.47117461189331045506916752325663681031065,9627.47117461189331045506916752325663686880325,9627.47117461189331045506916752325663683965099,6.07559e-39,0.253378066483460451106564232756,0.373310966758269774446717883622,0.373310966758269774446717883622,5.34132e-39,0.0142525,53.6491106406735173279955741777,9627.47117461189331045506916752325663684897815,True,,,40,599,0.37,U:x-space B&B (unconditional) + C:logit (conditional on C-15 Thm 1),
B,10.0,10.0,1,2/3+1e-1,0.766666666666666666666666666666666666666666667,CERTIFIED,U:x-space B&B (unconditional) + C:logit (conditional on C-15 Thm 1),True,True,719.551969982265768770468006447030929016452379,719.551969982265768770468006447030929018015787,719.551969982265768770468006447030929017228206,2.17275e-39,0.18469660844742671692027032329,0.407651695776286641539864838355,0.407651695776286641539864838355,2.827e-38,0.0103892,53.6491106406735173279955741777,719.551969982265768770468006447030929017465625,True,,,40,877,0.63,U:x-space B&B (unconditional) + C:logit (conditional on C-15 Thm 1),
B,10.0,10.0,1,0.8,0.8,CERTIFIED,U:x-space B&B (unconditional) + C:logit (conditional on C-15 Thm 1),True,True,379.545391693390050972979711492085258480279705,379.545391693390050972979711492085258480843943,379.545391693390050972979711492085258480561824,1.48661e-39,0.166569755192056136102847792238,0.416715122403971931948576103881,0.416715122403971931948576103881,2.29468e-39,0.00468477,53.6491106406735173279955741777,379.545391693390050972979711492085258480628179,True,,,40,1165,0.75,U:x-space B&B (unconditional) + C:logit (conditional on C-15 Thm 1),
B,10.0,10.0,1,0.9,0.9,CERTIFIED,U:x-space B&B (unconditional) + C:logit (conditional on C-15 Thm 1),True,True,113.650669771043572147990783755516555697568448,113.650669771043572147990783755516555697688936,113.650669771043572147990783755516555697628692,1.06016e-39,0.138421528402942691498994381749,0.430789235798528654250502809126,0.430789235798528654250502809126,2.43215e-39,0.00389311,53.6491106406735173279955741777,113.650669771043572147990783755516555697640404,True,,,40,1423,1.07,U:x-space B&B (unconditional) + C:logit (conditional on C-15 Thm 1),
B,10.0,10.0,1,1-1e-1,0.9,CERTIFIED,U:x-space B&B (unconditional) + C:logit (conditional on C-15 Thm 1),True,True,113.650669771043572147990783755516555697568448,113.650669771043572147990783755516555697688936,113.650669771043572147990783755516555697628692,1.06016e-39,0.138421528402942691498994381749,0.430789235798528654250502809126,0.430789235798528654250502809126,2.43215e-39,0.00389311,53.6491106406735173279955741777,113.650669771043572147990783755516555697640404,True,,,40,1423,1.34,U:x-space B&B (unconditional) + C:logit (conditional on C-15 Thm 1),
B,10.0,10.0,1,0.99,0.99,CERTIFIED,U:x-space B&B (unconditional) + C:logit (conditional on C-15 Thm 1),True,True,57.2188353206528491804858655079776677100033491,57.2188353206528491804858655079776677100466955,57.2188353206528491804858655079776677100253897,7.57554e-40,0.135301346762239948517212961487,0.432349326618880025741393519256,0.432349326618880025741393519256,2.14604e-39,0.00380535,53.6491106406735173279955741777,57.2188353206528491804858655079776677100319736,True,,,40,1651,1.06,U:x-space B&B (unconditional) + C:logit (conditional on C-15 Thm 1),
B,10.0,10.0,1,1-1e-2,0.99,CERTIFIED,U:x-space B&B (unconditional) + C:logit (conditional on C-15 Thm 1),True,True,57.2188353206528491804858655079776677100033491,57.2188353206528491804858655079776677100466955,57.2188353206528491804858655079776677100253897,7.57554e-40,0.135301346762239948517212961487,0.432349326618880025741393519256,0.432349326618880025741393519256,2.14604e-39,0.00380535,53.6491106406735173279955741777,57.2188353206528491804858655079776677100319736,True,,,40,1651,1.49,U:x-space B&B (unconditional) + C:logit (conditional on C-15 Thm 1),
B,10.0,10.0,1,1-1e-3,0.999,CERTIFIED,U:x-space B&B (unconditional) + C:logit (conditional on C-15 Thm 1),True,True,53.9918058553777449661988371493047502267031381,53.9918058553777449661988371493047502267442804,53.9918058553777449661988371493047502267237093,7.6201e-40,0.136384443223732877136830163265,0.431807778388133561431584918367,0.431807778388133561431584918367,2.83767e-39,0.00383581,53.6491106406735173279955741777,53.9918058553777449661988371493047502267296038,True,,,40,1721,1.08,U:x-space B&B (unconditional) + C:logit (conditional on C-15 Thm 1),
B,10.0,10.0,1,1-1e-4,0.9999,CERTIFIED,U:x-space B&B (unconditional) + C:logit (conditional on C-15 Thm 1),True,True,53.6832437519558106216323507535551732906752901,53.6832437519558106216323507535551732907105549,53.6832437519558106216323507535551732906929225,6.56906e-40,0.13651258683017899847865911097,0.431743706584910500760670444515,0.431743706584910500760670444515,2.56094e-39,0.00383942,53.6491106406735173279955741777,53.6832437519558106216323507535551732906964617,True,,,40,1777,1.15,U:x-space B&B (unconditional) + C:logit (conditional on C-15 Thm 1),
B,10.0,10.0,1,1-1e-5,0.99999,CERTIFIED,U:x-space B&B (unconditional) + C:logit (conditional on C-15 Thm 1),True,True,53.6525225938396409371133213273715995897610238,53.6525225938396409371133213273715995897918806,53.6525225938396409371133213273715995897764522,5.75122e-40,0.136525610107528782236841731537,0.431737194946235608881579134232,0.431737194946235608881579134232,2.29255e-39,0.00383978,53.6491106406735173279955741777,53.6525225938396409371133213273715995897819509,True,,,40,1827,1.19,U:x-space B&B (unconditional) + C:logit (conditional on C-15 Thm 1),
B,10.0,10.0,1,1-1e-6,0.999999,CERTIFIED,U:x-space B&B (unconditional) + C:logit (conditional on C-15 Thm 1),True,True,53.649451822416627123057880270740489177483788,53.6494518224166271230578802707404891775212568,53.6494518224166271230578802707404891775028897,6.98402e-40,0.136526914535757133188068385946,0.431736542732121433405965807027,0.431736542732121433405965807027,2.56605e-39,0.00383982,53.6491106406735173279955741777,53.6494518224166271230578802707404891775055724,True,,,40,1881,1.13,U:x-space B&B (unconditional) + C:logit (conditional on C-15 Thm 1),
B,10.0,10.0,1,1-1e-7,0.9999999,CERTIFIED,U:x-space B&B (unconditional) + C:logit (conditional on C-15 Thm 1),True,True,53.6491447587120993982156936456935455446876616,53.6491447587120993982156936456935455447288039,53.6491447587120993982156936456935455447082328,7.66877e-40,0.13652704499959630776691697226,0.43173647750020184611654151387,0.43173647750020184611654151387,3.0335e-39,0.00383982,53.6491106406735173279955741777,53.6491447587120993982156936456935455447101763,True,,,40,1937,1.15,U:x-space B&B (unconditional) + C:logit (conditional on C-15 Thm 1),
B,10.0,10.0,1,1-1e-8,0.99999999,CERTIFIED,U:x-space B&B (unconditional) + C:logit (conditional on C-15 Thm 1),True,True,53.6491140524760182520408855939807915713745476,53.6491140524760182520408855939807915714134858,53.6491140524760182520408855939807915713936494,7.25795e-40,0.136527058046190400033388574575,0.431736470976904799983305712712,0.431736470976904799983305712712,2.60489e-39,0.00383982,53.6491106406735173279955741777,53.6491140524760182520408855939807915714005465,True,,,40,1987,1.14,U:x-space B&B (unconditional) + C:logit (conditional on C-15 Thm 1),
B,10.0,10.0,1,1-1e-9,0.999999999,CERTIFIED,U:x-space B&B (unconditional) + C:logit (conditional on C-15 Thm 1),True,True,53.6491109818537538475764544534519440382786123,53.6491109818537538475764544534519440383116731,53.6491109818537538475764544534519440382947753,6.16241e-40,0.13652705935085191101953615136,0.43173647032457404449023192432,0.43173647032457404449023192432,2.4109e-39,0.00383982,53.6491106406735173279955741777,53.6491109818537538475764544534519440383006765,True,,,40,2041,1.13,U:x-space B&B (unconditional) + C:logit (conditional on C-15 Thm 1),
B,10.0,10.0,1,1-1e-10,0.9999999999,CERTIFIED,U:x-space B&B (unconditional) + C:logit (conditional on C-15 Thm 1),True,True,53.6491106747915408442254318127812255253400521,53.6491106747915408442254318127812255253731128,53.6491106747915408442254318127812255253562151,6.16241e-40,0.136527059481318083135757327833,0.431736470259340958432121336083,0.431736470259340958432121336083,2.5249e-39,0.00383982,53.6491106406735173279955741777,53.6491106747915408442254318127812255253611705,True,,,40,2097,1.29,U:x-space B&B (unconditional) + C:logit (conditional on C-15 Thm 1),
B,14.6779926762,14.6779926762,1,0.7,0.7,CERTIFIED,U:x-space B&B (unconditional) + C:logit (conditional on C-15 Thm 1),True,True,11979.5893212360538687678948345536751576669661,11979.5893212360538687678948345536751577406931,11979.5893212360538687678948345536751577038296,6.15439e-39,0.22745728257267679533729944657,0.386271358713661602331350276715,0.386271358713661602331350276715,1.05285e-38,0.0127945,75.0367181030183471421142547868,11979.589321236053868767894834553675157715093,True,,,40,675,0.44,U:x-space B&B (unconditional) + C:logit (conditional on C-15 Thm 1),
B,14.6779926762,14.6779926762,1,0.8,0.8,CERTIFIED,U:x-space B&B (unconditional) + C:logit (conditional on C-15 Thm 1),True,True,520.917960658595459020026495135757852837358228,520.9179606585954590200264951357578528381223,520.917960658595459020026495135757852837746142,1.46678e-39,0.135571367040190762533472594281,0.43221431647990461873326370286,0.43221431647990461873326370286,3.23425e-39,0.00381294,75.0367181030183471421142547868,520.917960658595459020026495135757852837824471,True,,,40,1327,0.86,U:x-space B&B (unconditional) + C:logit (conditional on C-15 Thm 1),
B,14.6779926762,14.6779926762,1,0.9,0.9,CERTIFIED,U:x-space B&B (unconditional) + C:logit (conditional on C-15 Thm 1),True,True,159.097604185354161767521437522170434133222684,159.097604185354161767521437522170434133407824,159.097604185354161767521437522170434133313785,1.16369e-39,0.110868130555064354811890985924,0.444565934722467822594054507038,0.444565934722467822594054507038,3.76765e-39,0.00311817,75.0367181030183471421142547868,159.097604185354161767521437522170434133341053,True,,,40,2077,1.74,U:x-space B&B (unconditional) + C:logit (conditional on C-15 Thm 1),
B,14.6779926762,14.6779926762,1,0.99,0.99,CERTIFIED,U:x-space B&B (unconditional) + C:logit (conditional on C-15 Thm 1),True,True,80.1281152125948823957744766195508224141441867,80.1281152125948823957744766195508224141985533,80.1281152125948823957744766195508224141706353,6.78496e-40,0.113058798754185040834421214827,0.443470600622907479582789392587,0.443470600622907479582789392587,9.0245e-39,0.00317978,75.0367181030183471421142547868,80.12811521259488239577447661955082241417817,True,,,40,2611,1.89,U:x-space B&B (unconditional) + C:logit (conditional on C-15 Thm 1),
B,21.5443469003,21.5443469003,1,0.7,0.7,CERTIFIED,U:x-space B&B (unconditional) + C:logit (conditional on C-15 Thm 1),True,True,15389.8138710604581052380359235553604190652758,15389.8138710604581052380359235553604191617603,15389.813871060458105238035923555360419113424,6.26938e-39,0.198625178161168501095182554813,0.400687410919415749452408722594,0.400687410919415749452408722594,3.14251e-38,0.0111727,105.74374293564299885863112373,15389.8138710604581052380359235553604191273669,True,,,40,763,0.74,U:x-space B&B (unconditional) + C:logit (conditional on C-15 Thm 1),
B,21.5443469003,21.5443469003,1,0.8,0.8,CERTIFIED,U:x-space B&B (unconditional) + C:logit (conditional on C-15 Thm 1),True,True,726.952823339529769928549704613828418523269609,726.952823339529769928549704613828418524351063,726.952823339529769928549704613828418523810336,1.48765e-39,0.107100800839606084911140042392,0.446449599580196957544429978804,0.446449599580196957544429978804,4.98411e-39,0.00301221,105.74374293564299885863112373,726.952823339529769928549704613828418523921237,True,,,40,1945,1.27,U:x-space B&B (unconditional) + C:logit (conditional on C-15 Thm 1),
B,21.5443469003,21.5443469003,1,0.9,0.9,CERTIFIED,U:x-space B&B (unconditional) + C:logit (conditional on C-15 Thm 1),True,True,225.250326122619474877473691158803623332587947,225.250326122619474877473691158803623332840678,225.250326122619474877473691158803623332714312,1.122e-39,0.0866079757829538562136339776613,0.456696012108523071893183011169,0.456696012108523071893183011169,5.50672e-39,0.00243585,105.74374293564299885863112373,225.250326122619474877473691158803623332741349,True,,,40,2333,1.77,U:x-space B&B (unconditional) + C:logit (conditional on C-15 Thm 1),
B,21.5443469003,21.5443469003,1,0.99,0.99,CERTIFIED,U:x-space B&B (unconditional) + C:logit (conditional on C-15 Thm 1),True,True,113.12810538818774014475162847244190472097578,113.128105388187740144751628472441904721047779,113.128105388187740144751628472441904721011045,6.36438e-40,0.0936025202853125793861942453834,0.453198739857343710306902877308,0.453198739857343710306902877308,2.35607e-39,0.00131629,105.74374293564299885863112373,113.128105388187740144751628472441904721021603,True,,,40,3279,2.6,U:x-space B&B (unconditional) + C:logit (conditional on C-15 Thm 1),
B,31.6227766017,31.6227766017,1,0.7,0.7,CERTIFIED,U:x-space B&B (unconditional) + C:logit (conditional on C-15 Thm 1),True,True,20347.1172983895195826904417300388267237594822,20347.117298389519582690441730038826723894523,20347.1172983895195826904417300388267238271906,6.63685e-39,0.168203668310107388468251345642,0.415898165844946305765874327179,0.415898165844946305765874327179,6.60613e-38,0.00946146,149.984759414419727216871793949,20347.1172983895195826904417300388267238474663,True,,,40,861,0.61,U:x-space B&B (unconditional) + C:logit (conditional on C-15 Thm 1),
B,31.6227766017,31.6227766017,1,0.8,0.8,CERTIFIED,U:x-space B&B (unconditional) + C:logit (conditional on C-15 Thm 1),True,True,1028.02133510323863263614153288043750850773704,1028.0213351032386326361415328804375085093122,1028.02133510323863263614153288043750850853637,1.53223e-39,0.0822136820208796915412334187441,0.458893158989560154229383290628,0.458893158989560154229383290628,7.33659e-39,0.00231226,149.984759414419727216871793949,1028.0213351032386326361415328804375085086934,True,,,40,2233,1.48,U:x-space B&B (unconditional) + C:logit (conditional on C-15 Thm 1),
B,31.6227766017,31.6227766017,1,0.9,0.9,CERTIFIED,U:x-space B&B (unconditional) + C:logit (conditional on C-15 Thm 1),True,True,321.833814520039841833539690356923419815673802,321.833814520039841833539690356923419816026451,321.833814520039841833539690356923419815850126,1.09575e-39,0.0660096936294564983166633276102,0.466995153185271750841668336195,0.466995153185271750841668336195,1.92747e-38,0.00185652,149.984759414419727216871793949,321.833814520039841833539690356923419815887908,True,,,40,3049,2.16,U:x-space B&B (unconditional) + C:logit (conditional on C-15 Thm 1),
B,31.6227766017,31.6227766017,1,0.99,0.99,CERTIFIED,U:x-space B&B (unconditional) + C:logit (conditional on C-15 Thm 1),True,True,160.847751006625781095901828859793774591854996,160.847751006625781095901828859793774591963729,160.847751006625781095901828859793774591910832,6.76001e-40,0.0767044876505909756628928170223,0.461647756174704512168553591489,0.461647756174704512168553591489,3.1336e-39,0.00107866,149.984759414419727216871793949,160.847751006625781095901828859793774591921069,True,,,40,3767,2.71,U:x-space B&B (unconditional) + C:logit (conditional on C-15 Thm 1),
B,46.4158883361,46.4158883361,1,0.7,0.7,CERTIFIED,U:x-space B&B (unconditional) + C:logit (conditional on C-15 Thm 1),True,True,27572.5795295801697605095048932227826424238385,27572.5795295801697605095048932227826426077799,27572.5795295801697605095048932227826425159973,6.67117e-39,0.137876581496934633938260089412,0.431061709251532683030869955294,0.431061709251532683030869955294,1.2887e-38,0.00387778,213.915236106710293707430904773,27572.5795295801697605095048932227826425404222,True,,,40,1205,0.76,U:x-space B&B (unconditional) + C:logit (conditional on C-15 Thm 1),
B,46.4158883361,46.4158883361,1,0.8,0.8,CERTIFIED,U:x-space B&B (unconditional) + C:logit (conditional on C-15 Thm 1),True,True,1468.76154681720386650785625575625940134124108,1468.76154681720386650785625575625940134354504,1468.76154681720386650785625575625940134239306,1.56865e-39,0.0614796432937233914903230044698,0.469260178353138304254838497765,0.469260178353138304254838497765,1.19221e-38,0.00172911,213.915236106710293707430904773,1468.76154681720386650785625575625940134259223,True,,,40,3719,2.6,U:x-space B&B (unconditional) + C:logit (conditional on C-15 Thm 1),
B,46.4158883361,46.4158883361,1,0.9,0.9,CERTIFIED,U:x-space B&B (unconditional) + C:logit (conditional on C-15 Thm 1),True,True,463.143983331540704232744935975658781663070865,463.143983331540704232744935975658781663582205,463.143983331540704232744935975658781663323596,1.10406e-39,0.0491625046840744196933168652584,0.475418747657962790153341567371,0.475418747657962790153341567371,1.01723e-38,0.000691348,213.915236106710293707430904773,463.143983331540704232744935975658781663396973,True,,,40,5623,4.15,U:x-space B&B (unconditional) + C:logit (conditional on C-15 Thm 1),
B,46.4158883361,46.4158883361,1,0.99,0.99,CERTIFIED,U:x-space B&B (unconditional) + C:logit (conditional on C-15 Thm 1),True,True,230.082950439437811020131458460536696231628271,230.082950439437811020131458460536696231801657,230.082950439437811020131458460536696231716434,7.53578e-40,0.0621345079597084354282734965661,0.468932746020145782285863251717,0.468932746020145782285863251717,4.7096e-39,0.000873767,213.915236106710293707430904773,230.082950439437811020131458460536696231743627,True,,,40,6331,5.28,U:x-space B&B (unconditional) + C:logit (conditional on C-15 Thm 1),
B,68.1292069058,68.1292069058,1,0.7,0.7,CERTIFIED,U:x-space B&B (unconditional) + C:logit (conditional on C-15 Thm 1),True,True,38128.3754315526116785085422215659993145169966,38128.3754315526116785085422215659993147712795,38128.3754315526116785085422215659993146441381,6.66913e-39,0.109375808001551966094765813822,0.445312095999224016952617093089,0.445312095999224016952617093089,1.92776e-38,0.00307619,306.532995033921675100984702468,38128.3754315526116785085422215659993146791841,True,,,40,1765,1.63,U:x-space B&B (unconditional) + C:logit (conditional on C-15 Thm 1),
B,68.1292069058,68.1292069058,1,0.8,0.8,CERTIFIED,U:x-space B&B (unconditional) + C:logit (conditional on C-15 Thm 1),True,True,2114.71993499732467227345444464948028555852303,2114.71993499732467227345444464948028556167336,2114.71993499732467227345444464948028556007468,1.48971e-39,0.0449497782878439440968360124687,0.477525110856078027951581993766,0.477525110856078027951581993766,1.89988e-38,0.00126421,306.532995033921675100984702468,2114.71993499732467227345444464948028556039611,True,,,40,4395,3.22,U:x-space B&B (unconditional) + C:logit (conditional on C-15 Thm 1),
B,68.1292069058,68.1292069058,1,0.9,0.9,CERTIFIED,U:x-space B&B (unconditional) + C:logit (conditional on C-15 Thm 1),True,True,670.176903345634014406153388248140687373574942,670.176903345634014406153388248140687374327258,670.1769033456340144061533882481406873739511,1.12256e-39,0.0358732658413796897897881243232,0.482063367079310155105105937838,0.482063367079310155105105937838,1.65082e-38,0.000504468,306.532995033921675100984702468,670.176903345634014406153388248140687374026814,True,,,40,7149,5.37,U:x-space B&B (unconditional) + C:logit (conditional on C-15 Thm 1),
B,68.1292069058,68.1292069058,1,0.99,0.99,CERTIFIED,U:x-space B&B (unconditional) + C:logit (conditional on C-15 Thm 1),True,True,330.818164117739233335287007161336340532771705,330.818164117739233335287007161336340532995049,330.818164117739233335287007161336340532883377,6.75126e-40,0.049675193989980380278339549793,0.475162403005009809860830225103,0.475162403005009809860830225103,5.97538e-39,0.000698557,306.532995033921675100984702468,330.818164117739233335287007161336340532906121,True,,,40,7183,4.47,U:x-space B&B (unconditional) + C:logit (conditional on C-15 Thm 1),
B,100.0,100.0,1,2/3+1e-8,0.666666676666666666666666666666666666666666667,CERTIFIED,U:x-space B&B (unconditional) + C:logit (conditional on C-15 Thm 1),True,True,167584495188179866181096.35288947001284229652,167584495188179866181096.35288947001284229673,167584495188179866181096.352889470012842296625,1.25254e-42,0.333332934298193352072652432866,0.333333532850903323963673783567,0.333333532850903323963673783567,2.93752e-48,0.01875,441.0,167584495188179866181096.352889470012842296614,True,,,50,349,0.35,U:x-space B&B (unconditional) + C:logit (conditional on C-15 Thm 1),
B,100.0,100.0,1,2/3+1e-7,0.666666766666666666666666666666666666666666667,CERTIFIED,U:x-space B&B (unconditional) + C:logit (conditional on C-15 Thm 1),True,True,167589952835905540919.716245182428950106094692,167589952835905540919.716245182428950106094713,167589952835905540919.716245182428950106094702,1.25255e-43,0.333329343046745364335747696303,0.333335328476627317832126151849,0.333335328476627317832126151849,2.92388e-48,0.0187498,441.0,167589952835905540919.716245182428950106094702,True,,,50,349,0.35,U:x-space B&B (unconditional) + C:logit (conditional on C-15 Thm 1),
B,100.0,100.0,1,2/3+1e-6,0.666667666666666666666666666666666666666666667,CERTIFIED,U:x-space B&B (unconditional) + C:logit (conditional on C-15 Thm 1),True,True,167644527708870790.174611365524700568935246747,167644527708870790.17461136552470056893524675,167644527708870790.174611365524700568935246749,1.84222e-44,0.333293436946974910005799802758,0.333353281526512544997100098621,0.333353281526512544997100098621,4.41315e-48,0.0187478,441.0,167644527708870790.174611365524700568935246748,True,,,50,349,0.35,U:x-space B&B (unconditional) + C:logit (conditional on C-15 Thm 1),
B,100.0,100.0,1,2/3+1e-5,0.666676666666666666666666666666666666666666667,CERTIFIED,U:x-space B&B (unconditional) + C:logit (conditional on C-15 Thm 1),True,True,168190116520624.056964418187416417780453486926,168190116520624.056964418187416417782265574692,168190116520624.056964418187416417781359530809,1.0774e-35,0.332935015764198201585728916819,0.33353249211790089920713554159,0.33353249211790089920713554159,2.53294e-38,0.0187276,441.0,168190116520624.056964418187416417781463467976,True,,,40,349,0.44,U:x-space B&B (unconditional) + C:logit (conditional on C-15 Thm 1),
B,100.0,100.0,1,2/3+1e-4,0.666766666666666666666666666666666666666666667,CERTIFIED,U:x-space B&B (unconditional) + C:logit (conditional on C-15 Thm 1),True,True,173630506319.701619052815048165190837050681188,173630506319.701619052815048165190837239891054,173630506319.701619052815048165190837145284543,1.08973e-36,0.329413181635906202555431940259,0.335293409182046898722284029871,0.335293409182046898722284029871,2.51699e-38,0.0185295,441.0,173630506319.701619052815048165190837149649607,True,,,40,353,0.3,U:x-space B&B (unconditional) + C:logit (conditional on C-15 Thm 1),
B,100.0,100.0,1,2/3+1e-3,0.667666666666666666666666666666666666666666667,CERTIFIED,U:x-space B&B (unconditional) + C:logit (conditional on C-15 Thm 1),True,True,226849548.764822404198116941598176979783575175,226849548.764822404198116941598176979819887428,226849548.764822404198116941598176979801731301,1.60072e-37,0.299211951728734720766676990766,0.350394024135632639616661504617,0.350394024135632639616661504617,3.70688e-38,0.0168307,441.0,226849548.76482240419811694159817697980747307,True,,,40,415,0.42,U:x-space B&B (unconditional) + C:logit (conditional on C-15 Thm 1),
B,100.0,100.0,1,2/3+1e-2,0.676666666666666666666666666666666666666666667,CERTIFIED,U:x-space B&B (unconditional) + C:logit (conditional on C-15 Thm 1),True,True,726803.963265688618209549282816898258252682554,726803.96326568861820954928281689825826331128,726803.963265688618209549282816898258257990899,1.46239e-38,0.167988005178408227737657406746,0.416005997410795886131171296627,0.416005997410795886131171296627,1.29202e-37,0.00944933,441.0,726803.963265688618209549282816898258260666585,True,,,40,833,0.55,U:x-space B&B (unconditional) + C:logit (conditional on C-15 Thm 1),
B,100.0,100.0,1,0.7,0.7,CERTIFIED,U:x-space B&B (unconditional) + C:logit (conditional on C-15 Thm 1),True,True,53576.8362171961305325716480294345714980289541,53576.8362171961305325716480294345714983795335,53576.8362171961305325716480294345714982042438,6.54349e-39,0.0841131722410474688373104715326,0.457943413879476265581344764234,0.457943413879476265581344764234,2.95481e-38,0.00236568,441.0,53576.8362171961305325716480294345714982493266,True,,,40,2047,1.54,U:x-space B&B (unconditional) + C:logit (conditional on C-15 Thm 1),
B,100.0,100.0,1,2/3+1e-1,0.766666666666666666666666666666666666666666667,CERTIFIED,U:x-space B&B (unconditional) + C:logit (conditional on C-15 Thm 1),True,True,5514.56548169333813133399198736547303465871401,5514.56548169333813133399198736547303467263186,5514.56548169333813133399198736547303466567294,2.52383e-39,0.038888299650693757866868264557,0.480555850174653121066565867721,0.480555850174653121066565867721,3.67676e-38,0.00109373,441.0,5514.56548169333813133399198736547303466774699,True,,,40,4669,3.12,U:x-space B&B (unconditional) + C:logit (conditional on C-15 Thm 1),
B,100.0,100.0,1,0.8,0.8,CERTIFIED,U:x-space B&B (unconditional) + C:logit (conditional on C-15 Thm 1),True,True,3062.10297461863554004314451539227845497803067,3062.10297461863554004314451539227845498277967,3062.10297461863554004314451539227845498038166,1.55089e-39,0.0322636240715985696246616788839,0.483868187964200715187669160558,0.483868187964200715187669160558,2.28497e-38,0.000453707,441.0,3062.10297461863554004314451539227845498100834,True,,,40,9155,6.32,U:x-space B&B (unconditional) + C:logit (conditional on C-15 Thm 1),
B,100.0,100.0,1,0.9,0.9,CERTIFIED,U:x-space B&B (unconditional) + C:logit (conditional on C-15 Thm 1),True,True,973.753199353952035298251672733382437582312413,973.753199353952035298251672733382437583370358,973.753199353952035298251672733382437582841385,1.08646e-39,0.0257295969693001538600709762033,0.487135201515349923069964511898,0.487135201515349923069964511898,2.25094e-38,0.000361822,441.0,973.753199353952035298251672733382437582956754,True,,,40,11993,7.95,U:x-space B&B (unconditional) + C:logit (conditional on C-15 Thm 1),
B,100.0,100.0,1,1-1e-1,0.9,CERTIFIED,U:x-space B&B (unconditional) + C:logit (conditional on C-15 Thm 1),True,True,973.753199353952035298251672733382437582312413,973.753199353952035298251672733382437583370358,973.753199353952035298251672733382437582841385,1.08646e-39,0.0257295969693001538600709762033,0.487135201515349923069964511898,0.487135201515349923069964511898,2.25094e-38,0.000361822,441.0,973.753199353952035298251672733382437582956754,True,,,40,11993,8.59,U:x-space B&B (unconditional) + C:logit (conditional on C-15 Thm 1),
B,100.0,100.0,1,0.99,0.99,CERTIFIED,U:x-space B&B (unconditional) + C:logit (conditional on C-15 Thm 1),True,True,477.728041411782232392135818413838227965686015,477.728041411782232392135818413838227966026908,477.728041411782232392135818413838227965856462,7.13572e-40,0.0391295326679618405679374113803,0.48043523366601907971603129431,0.48043523366601907971603129431,3.92592e-38,0.000550259,441.0,477.728041411782232392135818413838227965889032,True,,,40,9741,6.49,U:x-space B&B (unconditional) + C:logit (conditional on C-15 Thm 1),
B,100.0,100.0,1,1-1e-2,0.99,CERTIFIED,U:x-space B&B (unconditional) + C:logit (conditional on C-15 Thm 1),True,True,477.728041411782232392135818413838227965686015,477.728041411782232392135818413838227966026908,477.728041411782232392135818413838227965856462,7.13572e-40,0.0391295326679618405679374113803,0.48043523366601907971603129431,0.48043523366601907971603129431,3.92592e-38,0.000550259,441.0,477.728041411782232392135818413838227965889032,True,,,40,9741,7.99,U:x-space B&B (unconditional) + C:logit (conditional on C-15 Thm 1),
B,100.0,100.0,1,1-1e-3,0.999,CERTIFIED,U:x-space B&B (unconditional) + C:logit (conditional on C-15 Thm 1),True,True,444.656787678952029841158398617257771191313517,444.656787678952029841158398617257771191754327,444.656787678952029841158398617257771191536861,9.9135e-40,0.0464986423237017950644582351349,0.476750678838149102467770882433,0.476750678838149102467770882433,8.14596e-39,0.000326944,441.0,444.656787678952029841158398617257771191628162,True,,,40,10375,7.24,U:x-space B&B (unconditional) + C:logit (conditional on C-15 Thm 1),
B,100.0,100.0,1,1-1e-4,0.9999,CERTIFIED,U:x-space B&B (unconditional) + C:logit (conditional on C-15 Thm 1),True,True,441.365800047429782736695508295469324239704469,441.365800047429782736695508295469324240086504,441.365800047429782736695508295469324239898425,8.65576e-40,0.0475034064703244528890699941298,0.476248296764837773555465002935,0.476248296764837773555465002935,7.67915e-39,0.000334008,441.0,441.365800047429782736695508295469324239948669,True,,,40,10431,7.06,U:x-space B&B (unconditional) + C:logit (conditional on C-15 Thm 1),
B,100.0,100.0,1,1-1e-5,0.99999,CERTIFIED,U:x-space B&B (unconditional) + C:logit (conditional on C-15 Thm 1),True,True,441.036581549892719222569830710282779805377484,441.036581549892719222569830710282779805718378,441.036581549892719222569830710282779805547931,7.72937e-40,0.0476074463493472045015883784239,0.476196276825326397749205810788,0.476196276825326397749205810788,6.23054e-39,0.00033474,441.0,441.036581549892719222569830710282779805591443,True,,,40,10491,7.61,U:x-space B&B (unconditional) + C:logit (conditional on C-15 Thm 1),
B,100.0,100.0,1,1-1e-6,0.999999,CERTIFIED,U:x-space B&B (unconditional) + C:logit (conditional on C-15 Thm 1),True,True,441.003658170779352473001391703128121395565164,441.003658170779352473001391703128121395935445,441.003658170779352473001391703128121395753243,8.39632e-40,0.0476178871193478913357768158656,0.476191056440326054332111592067,0.476191056440326054332111592067,6.75132e-39,0.000334813,441.0,441.003658170779352473001391703128121395814474,True,,,40,10545,8.13,U:x-space B&B (unconditional) + C:logit (conditional on C-15 Thm 1),
B,100.0,100.0,1,1-1e-7,0.9999999,CERTIFIED,U:x-space B&B (unconditional) + C:logit (conditional on C-15 Thm 1),True,True,441.00036581723617527221171857683245964629669,441.000365817236175272211718576832459646737501,441.000365817236175272211718576832459646520034,9.99569e-40,0.0476189315653491646554182351343,0.476190534217325417672290882433,0.476190534217325417672290882433,8.03034e-39,0.000334821,441.0,441.000365817236175272211718576832459646587798,True,,,40,10595,7.13,U:x-space B&B (unconditional) + C:logit (conditional on C-15 Thm 1),
B,100.0,100.0,1,1-1e-8,0.99999999,CERTIFIED,U:x-space B&B (unconditional) + C:logit (conditional on C-15 Thm 1),True,True,441.00003658172520026675345415968138550463949,441.000036581725200266753454159681385505062668,441.000036581725200266753454159681385504851079,9.59587e-40,0.0476190360136404876070942661979,0.476190481993179756196452866901,0.476190481993179756196452866901,8.05403e-39,0.000334821,441.0,441.000036581725200266753454159681385504924723,True,,,40,10651,6.87,U:x-space B&B (unconditional) + C:logit (conditional on C-15 Thm 1),
B,100.0,100.0,1,1-1e-9,0.999999999,CERTIFIED,U:x-space B&B (unconditional) + C:logit (conditional on C-15 Thm 1),True,True,441.00000365817253585440995778309637598700927,441.000003658172535854409957783096375987356041,441.000003658172535854409957783096375987179717,7.86328e-40,0.0476190464585065330423683943242,0.476190476770746733478815802838,0.476190476770746733478815802838,7.0592e-39,0.000334821,441.0,441.000003658172535854409957783096375987229679,True,,,40,10705,7.11,U:x-space B&B (unconditional) + C:logit (conditional on C-15 Thm 1),
B,100.0,100.0,1,1-1e-10,0.9999999999,CERTIFIED,U:x-space B&B (unconditional) + C:logit (conditional on C-15 Thm 1),True,True,441.000000365817253743718681192162801893999402,441.000000365817253743718681192162801894410825,441.000000365817253743718681192162801894205113,9.32932e-40,0.0476190475029935067184808154065,0.476190476248503246640759592297,0.476190476248503246640759592297,7.81716e-39,0.000334821,441.0,441.000000365817253743718681192162801894276624,True,,,40,10755,7.33,U:x-space B&B (unconditional) + C:logit (conditional on C-15 Thm 1),
B,146.779926762,146.779926762,1,0.7,0.7,CERTIFIED,U:x-space B&B (unconditional) + C:logit (conditional on C-15 Thm 1),True,True,76213.2750092585855614082070803262256886429564,76213.27500925858556140820708032622568916055,76213.2750092585855614082070803262256889017532,6.79138e-39,0.0629157751072592816341105961687,0.468542112446370359182944701916,0.468542112446370359182944701916,4.67637e-38,0.00176951,636.58081339310937369959654021,76213.2750092585855614082070803262256889661607,True,,,40,3419,3.06,U:x-space B&B (unconditional) + C:logit (conditional on C-15 Thm 1),
B,146.779926762,146.779926762,1,0.8,0.8,CERTIFIED,U:x-space B&B (unconditional) + C:logit (conditional on C-15 Thm 1),True,True,4452.09983173514376818365613132613592301185508,4452.09983173514376818365613132613592301909613,4452.09983173514376818365613132613592301552263,1.62643e-39,0.0228260777093232912402270725626,0.488586961145338354379886463719,0.488586961145338354379886463719,2.51416e-38,0.000320992,636.58081339310937369959654021,4452.09983173514376818365613132613592301637497,True,,,40,10793,7.48,U:x-space B&B (unconditional) + C:logit (conditional on C-15 Thm 1),
B,146.779926762,146.779926762,1,0.9,0.9,CERTIFIED,U:x-space B&B (unconditional) + C:logit (conditional on C-15 Thm 1),True,True,1419.10590033385433588503093626674865381736663,1419.10590033385433588503093626674865381894179,1419.10590033385433588503093626674865381814246,1.10997e-39,0.018201401296636568331381277865,0.490899299351681715834309361068,0.490899299351681715834309361068,2.79791e-38,0.000255957,636.58081339310937369959654021,1419.10590033385433588503093626674865381835615,True,,,40,14145,10.83,U:x-space B&B (unconditional) + C:logit (conditional on C-15 Thm 1),
B,146.779926762,146.779926762,1,0.99,0.99,CERTIFIED,U:x-space B&B (unconditional) + C:logit (conditional on C-15 Thm 1),True,True,692.382192103290868870785934480350578193228395,692.382192103290868870785934480350578193839652,692.382192103290868870785934480350578193534023,8.82832e-40,0.0303207497420959050178376985615,0.484839625128952047491081150719,0.484839625128952047491081150719,1.24644e-38,0.000213193,636.58081339310937369959654021,692.382192103290868870785934480350578193621766,True,,,40,19113,13.06,U:x-space B&B (unconditional) + C:logit (conditional on C-15 Thm 1),
B,215.443469003,215.443469003,1,0.7,0.7,CERTIFIED,U:x-space B&B (unconditional) + C:logit (conditional on C-15 Thm 1),True,True,109407.555026237665769506864017215675539195841,109407.555026237665769506864017215675539921074,109407.555026237665769506864017215675539558457,6.62873e-39,0.0459714852364175951634167614404,0.47701425738179120241829161928,0.47701425738179120241829161928,7.53824e-38,0.00129295,921.485846716857114342922306645,109407.555026237665769506864017215675539647335,True,,,40,4037,3.92,U:x-space B&B (unconditional) + C:logit (conditional on C-15 Thm 1),
B,215.443469003,215.443469003,1,0.8,0.8,CERTIFIED,U:x-space B&B (unconditional) + C:logit (conditional on C-15 Thm 1),True,True,6491.91584515308067108036542927778114406658425,6491.91584515308067108036542927778114407664648,6491.91584515308067108036542927778114407166238,1.54996e-39,0.0159742877906992125293291722998,0.49201285610465039373533541385,0.49201285610465039373533541385,2.58344e-38,0.000224638,921.485846716857114342922306645,6491.91584515308067108036542927778114407291392,True,,,40,20055,14.84,U:x-space B&B (unconditional) + C:logit (conditional on C-15 Thm 1),
B,215.443469003,215.443469003,1,0.9,0.9,CERTIFIED,U:x-space B&B (unconditional) + C:logit (conditional on C-15 Thm 1),True,True,2072.6177610215751765619947597208881492218503,2072.61776102157517656199475972088814922415427,2072.6177610215751765619947597208881492230258,1.11162e-39,0.0127399548117336659510387692578,0.493630022594133167024480615371,0.493630022594133167024480615371,2.93609e-38,0.000179156,921.485846716857114342922306645,2072.61776102157517656199475972088814922328664,True,,,40,25959,18.81,U:x-space B&B (unconditional) + C:logit (conditional on C-15 Thm 1),
B,215.443469003,215.443469003,1,0.99,0.99,CERTIFIED,U:x-space B&B (unconditional) + C:logit (conditional on C-15 Thm 1),True,True,1006.4794061059976376859559552417559780777313,1006.47940610599763768595595524175597807862468,1006.47940610599763768595595524175597807817799,8.87624e-40,0.0230853315287629892496444742891,0.488457334235618505375177762855,0.488457334235618505375177762855,1.67541e-38,0.000162319,921.485846716857114342922306645,1006.47940610599763768595595524175597807830967,True,,,40,21935,14.85,U:x-space B&B (unconditional) + C:logit (conditional on C-15 Thm 1),
B,316.227766017,316.227766017,1,0.7,0.7,CERTIFIED,U:x-space B&B (unconditional) + C:logit (conditional on C-15 Thm 1),True,True,158105.682954476809524536789535289033937415162,158105.682954476809524536789535289033938468405,158105.682954476809524536789535289033937941783,6.66164e-39,0.0329654375023008249143112102479,0.483517281248849587542844394876,0.483517281248849587542844394876,1.33013e-37,0.000927153,1337.04224046957513942084556144,158105.682954476809524536789535289033938065369,True,,,40,7233,5.36,U:x-space B&B (unconditional) + C:logit (conditional on C-15 Thm 1),
B,316.227766017,316.227766017,1,0.8,0.8,CERTIFIED,U:x-space B&B (unconditional) + C:logit (conditional on C-15 Thm 1),True,True,9485.65372191858072824987114409299967120903447,9485.65372191858072824987114409299967122558543,9485.65372191858072824987114409299967121730995,1.74484e-39,0.011090345174794771553833561958,0.494454827412602614223083219021,0.494454827412602614223083219021,2.63497e-38,0.000155958,1337.04224046957513942084556144,9485.65372191858072824987114409299967121981593,True,,,40,23515,17.65,U:x-space B&B (unconditional) + C:logit (conditional on C-15 Thm 1),
B,316.227766017,316.227766017,1,0.9,0.9,CERTIFIED,U:x-space B&B (unconditional) + C:logit (conditional on C-15 Thm 1),True,True,3031.71347405728060136881883345418928456162653,3031.71347405728060136881883345418928456571725,3031.71347405728060136881883345418928456364838,1.34931e-39,0.00884706384203704539047424753358,0.495576468078981477304762876233,0.495576468078981477304762876233,2.792e-38,0.000124412,1337.04224046957513942084556144,3031.71347405728060136881883345418928456438112,True,,,40,30235,21.81,U:x-space B&B (unconditional) + C:logit (conditional on C-15 Thm 1),
B,316.227766017,316.227766017,1,0.99,0.99,CERTIFIED,U:x-space B&B (unconditional) + C:logit (conditional on C-15 Thm 1),True,True,1466.58965738074665834085169355211375493356335,1466.58965738074665834085169355211375493466831,1466.58965738074665834085169355211375493410407,7.53425e-40,0.0172621717184569370669412942543,0.491368914140771531466529352873,0.491368914140771531466529352873,2.49977e-38,0.000121375,1337.04224046957513942084556144,1466.58965738074665834085169355211375493422511,True,,,40,26783,18.82,U:x-space B&B (unconditional) + C:logit (conditional on C-15 Thm 1),
B,464.158883361,464.158883361,1,0.7,0.7,CERTIFIED,U:x-space B&B (unconditional) + C:logit (conditional on C-15 Thm 1),True,True,229566.476018641242445381953530250036703941293,229566.476018641242445381953530250036705503101,229566.476018641242445381953530250036704720692,6.8033e-39,0.0232997241463071812508262810029,0.488350137926846409374586859499,0.488350137926846409374586859499,2.70355e-37,0.000655305,1943.81292104524955191841089541,229566.476018641242445381953530250036704918526,True,,,40,8539,7.04,U:x-space B&B (unconditional) + C:logit (conditional on C-15 Thm 1),
B,464.158883361,464.158883361,1,0.8,0.8,CERTIFIED,U:x-space B&B (unconditional) + C:logit (conditional on C-15 Thm 1),True,True,13879.6456981684616102319433883708409204791137,13879.6456981684616102319433883708409205016832,13879.6456981684616102319433883708409204903984,1.62609e-39,0.00765562096951530136221574994781,0.496172189515242349318892125026,0.496172189515242349318892125026,2.67249e-38,0.000107657,1943.81292104524955191841089541,13879.6456981684616102319433883708409204937722,True,,,40,43981,32.47,U:x-space B&B (unconditional) + C:logit (conditional on C-15 Thm 1),
B,464.158883361,464.158883361,1,0.9,0.9,CERTIFIED,U:x-space B&B (unconditional) + C:logit (conditional on C-15 Thm 1),True,True,4439.38165621013945433485787526622265916430999,4439.38165621013945433485787526622265917023448,4439.38165621013945433485787526622265916731926,1.33453e-39,0.00610855549854907825910228351252,0.496945722250725460870448858244,0.496945722250725460870448858244,3.08817e-38,8.59016e-5,1943.81292104524955191841089541,4439.38165621013945433485787526622265916814009,True,,,40,56891,43.29,U:x-space B&B (unconditional) + C:logit (conditional on C-15 Thm 1),
B,464.158883361,464.158883361,1,0.99,0.99,CERTIFIED,U:x-space B&B (unconditional) + C:logit (conditional on C-15 Thm 1),True,True,2141.10687071029432610629362024676954065121294,2141.10687071029432610629362024676954065290565,2141.10687071029432610629362024676954065205929,7.90578e-40,0.0126829267045616424383775644843,0.493658536647719178780811217758,0.493658536647719178780811217758,3.51154e-38,8.91768e-5,1943.81292104524955191841089541,2141.10687071029432610629362024676954065238147,True,,,40,46833,30.59,U:x-space B&B (unconditional) + C:logit (conditional on C-15 Thm 1),
B,681.292069058,681.292069058,1,0.7,0.7,CERTIFIED,U:x-space B&B (unconditional) + C:logit (conditional on C-15 Thm 1),True,True,334443.245134698312299052377266099087132460995,334443.245134698312299052377266099087134742018,334443.245134698312299052377266099087133598497,6.82036e-39,0.0162918103999649863502997801386,0.491854094800017506824850109931,0.491854094800017506824850109931,2.57357e-37,0.000229104,2830.57456485930443786340312298,334443.245134698312299052377266099087133903604,True,,,40,18199,13.67,U:x-space B&B (unconditional) + C:logit (conditional on C-15 Thm 1),
B,681.292069058,681.292069058,1,0.8,0.8,CERTIFIED,U:x-space B&B (unconditional) + C:logit (conditional on C-15 Thm 1),True,True,20328.9939091688357913140403740192743188959987,20328.9939091688357913140403740192743189306053,20328.993909168835791314040374019274318913302,1.70232e-39,0.00526329214681347099179521486206,0.497368353926593264504102392569,0.497368353926593264504102392569,2.68744e-38,7.4015e-5,2830.57456485930443786340312298,20328.9939091688357913140403740192743189177163,True,,,40,51297,38.82,U:x-space B&B (unconditional) + C:logit (conditional on C-15 Thm 1),
B,681.292069058,681.292069058,1,0.9,0.9,CERTIFIED,U:x-space B&B (unconditional) + C:logit (conditional on C-15 Thm 1),True,True,6505.49132073385154318624961831664098258366327,6505.49132073385154318624961831664098259287915,6505.49132073385154318624961831664098258827121,1.41663e-39,0.00420050941424066177806411289972,0.49789974529287966911096794355,0.49789974529287966911096794355,3.04164e-38,5.90697e-5,2830.57456485930443786340312298,6505.49132073385154318624961831664098259001182,True,,,40,83651,58.36,U:x-space B&B (unconditional) + C:logit (conditional on C-15 Thm 1),
B,681.292069058,681.292069058,1,0.99,0.99,CERTIFIED,U:x-space B&B (unconditional) + C:logit (conditional on C-15 Thm 1),True,True,3130.44684407327714878010440913996236395714937,3130.44684407327714878010440913996236395987652,3130.44684407327714878010440913996236395851294,8.71169e-40,0.00916875679245051116395264445655,0.495415621603774744418023677772,0.495415621603774744418023677772,3.23594e-38,6.44678e-5,2830.57456485930443786340312298,3130.44684407327714878010440913996236395893517,True,,,40,53855,37.07,U:x-space B&B (unconditional) + C:logit (conditional on C-15 Thm 1),
B,1000.0,1000.0,1,2/3+1e-8,0.666666676666666666666666666666666666666666667,CERTIFIED,U:x-space B&B (unconditional) + C:logit (conditional on C-15 Thm 1),True,True,167589966513936368990882.298460030909712252229,167589966513936368990882.298460030909712252438,167589966513936368990882.298460030909712252334,1.25255e-42,0.333329306771741377937076199103,0.333335346614129311031461900449,0.333335346614129311031461900449,2.96211e-47,0.0187498,4127.49110640673517327995574178,167589966513936368990882.298460030909712252322,True,,,50,349,0.36,U:x-space B&B (unconditional) + C:logit (conditional on C-15 Thm 1),
B,1000.0,1000.0,1,2/3+1e-7,0.666666766666666666666666666666666666666666667,CERTIFIED,U:x-space B&B (unconditional) + C:logit (conditional on C-15 Thm 1),True,True,167644664459585214340.704070153684904775741404,167644664459585214340.704070153684904775741425,167644664459585214340.704070153684904775741415,1.25269e-43,0.333293074285392939506927928424,0.333353462857303530246536035788,0.333353462857303530246536035788,2.94846e-47,0.0187477,4127.49110640673517327995574178,167644664459585214340.704070153684904775741414,True,,,50,349,0.47,U:x-space B&B (unconditional) + C:logit (conditional on C-15 Thm 1),
B,1000.0,1000.0,1,2/3+1e-6,0.666667666666666666666666666666666666666666667,CERTIFIED,U:x-space B&B (unconditional) + C:logit (conditional on C-15 Thm 1),True,True,168191481081073492.039143532391897540689756838,168191481081073492.039143532391897540689756841,168191481081073492.039143532391897540689756839,1.84422e-44,0.332931397955775688553329949293,0.333534301022112155723335025354,0.333534301022112155723335025354,4.45298e-47,0.0187274,4127.49110640673517327995574178,168191481081073492.039143532391897540689756839,True,,,50,349,0.34,U:x-space B&B (unconditional) + C:logit (conditional on C-15 Thm 1),
B,1000.0,1000.0,1,2/3+1e-5,0.666676666666666666666666666666666666666666667,CERTIFIED,U:x-space B&B (unconditional) + C:logit (conditional on C-15 Thm 1),True,True,173643869449519.298534091386842786607583600668,173643869449519.298534091386842786609473970093,173643869449519.298534091386842786608528786996,1.08865e-35,0.32937784752916703832741660279,0.335311076235416480836291698605,0.335311076235416480836291698605,2.55949e-37,0.0185275,4127.49110640673517327995574178,173643869449519.298534091386842786608635041912,True,,,40,353,0.34,U:x-space B&B (unconditional) + C:logit (conditional on C-15 Thm 1),
B,1000.0,1000.0,1,2/3+1e-4,0.666766666666666666666666666666666666666666667,CERTIFIED,U:x-space B&B (unconditional) + C:logit (conditional on C-15 Thm 1),True,True,226963687612.471185194176489345569936957770947,226963687612.471185194176489345569937223298373,226963687612.471185194176489345569937090533082,1.16991e-36,0.298917497900713105440713213471,0.350541251049643447279643393265,0.350541251049643447279643393265,2.6236e-37,0.0168141,4127.49110640673517327995574178,226963687612.471185194176489345569937095870565,True,,,40,415,0.3,U:x-space B&B (unconditional) + C:logit (conditional on C-15 Thm 1),
B,1000.0,1000.0,1,2/3+1e-3,0.667666666666666666666666666666666666666666667,CERTIFIED,U:x-space B&B (unconditional) + C:logit (conditional on C-15 Thm 1),True,True,727987914.234365230679264483561060871750691028,727987914.234365230679264483561060871884637145,727987914.234365230679264483561060871817657924,1.83995e-37,0.166262367804172959512163131956,0.416868816097913520243918434022,0.416868816097913520243918434022,1.58318e-36,0.00935226,4127.49110640673517327995574178,727987914.234365230679264483561060871832834256,True,,,40,835,0.65,U:x-space B&B (unconditional) + C:logit (conditional on C-15 Thm 1),
B,1000.0,1000.0,1,2/3+1e-2,0.676666666666666666666666666666666666666666667,CERTIFIED,U:x-space B&B (unconditional) + C:logit (conditional on C-15 Thm 1),True,True,5589340.64387274685198719078723378178178896347,5589340.64387274685198719078723378178187514884,5589340.64387274685198719078723378178183200801,1.54196e-38,0.0331701329578861235139613325882,0.483414933521056938243019333706,0.483414933521056938243019333706,2.93023e-37,0.00093291,4127.49110640673517327995574178,5589340.64387274685198719078723378178185056107,True,,,40,7083,5.66,U:x-space B&B (unconditional) + C:logit (conditional on C-15 Thm 1),
B,1000.0,1000.0,1,0.7,0.7,CERTIFIED,U:x-space B&B (unconditional) + C:logit (conditional on C-15 Thm 1),True,True,488371.762159458539077691912715696757282314765,488371.762159458539077691912715696757285588846,488371.762159458539077691912715696757283951805,6.70407e-39,0.011303065173379106610582971482,0.494348467413310446694708514259,0.494348467413310446694708514259,3.85194e-37,0.000158949,4127.49110640673517327995574178,488371.762159458539077691912715696757284351292,True,,,40,21357,15.68,U:x-space B&B (unconditional) + C:logit (conditional on C-15 Thm 1),
B,1000.0,1000.0,1,2/3+1e-1,0.766666666666666666666666666666666666666666667,CERTIFIED,U:x-space B&B (unconditional) + C:logit (conditional on C-15 Thm 1),True,True,53271.9908146980537036524263692741008423432986,53271.9908146980537036524263692741008424779633,53271.9908146980537036524263692741008424102548,2.52787e-39,0.00443609089648186051250300012552,0.497781954551759069743748499937,0.497781954551759069743748499937,3.81411e-38,6.23825e-5,4127.49110640673517327995574178,53271.990814698053703652426369274100842430041,True,,,40,53699,37.16,U:x-space B&B (unconditional) + C:logit (conditional on C-15 Thm 1),
B,1000.0,1000.0,1,0.8,0.8,CERTIFIED,U:x-space B&B (unconditional) + C:logit (conditional on C-15 Thm 1),True,True,29795.2383677680271794980714579414329944807436,29795.2383677680271794980714579414329945285157,29795.2383677680271794980714579414329945048177,1.60335e-39,0.0036083260844133219019493016342,0.498195836957793339049025349183,0.498195836957793339049025349183,2.60306e-38,5.07421e-5,4127.49110640673517327995574178,29795.2383677680271794980714579414329945111841,True,,,40,96547,70.34,U:x-space B&B (unconditional) + C:logit (conditional on C-15 Thm 1),
B,1000.0,1000.0,1,0.9,0.9,CERTIFIED,U:x-space B&B (unconditional) + C:logit (conditional on C-15 Thm 1),True,True,9538.08048526863928803407674416117323873507403,9538.08048526863928803407674416117323874711109,9538.08048526863928803407674416117323874109256,1.262e-39,0.00288016110284395853741907670096,0.49855991944857802073129046165,0.49855991944857802073129046165,2.9596e-38,4.05023e-5,4127.49110640673517327995574178,9538.08048526863928803407674416117323874299831,True,,,40,123965,89.34,U:x-space B&B (unconditional) + C:logit (conditional on C-15 Thm 1),
B,1000.0,1000.0,1,1-1e-1,0.9,CERTIFIED,U:x-space B&B (unconditional) + C:logit (conditional on C-15 Thm 1),True,True,9538.08048526863928803407674416117323873507403,9538.08048526863928803407674416117323874711109,9538.08048526863928803407674416117323874109256,1.262e-39,0.00288016110284395853741907670096,0.49855991944857802073129046165,0.49855991944857802073129046165,2.9596e-38,4.05023e-5,4127.49110640673517327995574178,9538.08048526863928803407674416117323874299831,True,,,40,123965,93.65,U:x-space B&B (unconditional) + C:logit (conditional on C-15 Thm 1),
B,1000.0,1000.0,1,0.99,0.99,CERTIFIED,U:x-space B&B (unconditional) + C:logit (conditional on C-15 Thm 1),True,True,4582.01161415015506923189310202901270055483442,4582.01161415015506923189310202901270055878408,4582.01161415015506923189310202901270055680925,8.61993e-40,0.00653548562670068107253934851411,0.496732257186649659463730325743,0.496732257186649659463730325743,3.82244e-38,4.59526e-5,4127.49110640673517327995574178,4582.01161415015506923189310202901270055748617,True,,,40,100939,67.95,U:x-space B&B (unconditional) + C:logit (conditional on C-15 Thm 1),
B,1000.0,1000.0,1,1-1e-2,0.99,CERTIFIED,U:x-space B&B (unconditional) + C:logit (conditional on C-15 Thm 1),True,True,4582.01161415015506923189310202901270055483442,4582.01161415015506923189310202901270055878408,4582.01161415015506923189310202901270055680925,8.61993e-40,0.00653548562670068107253934851411,0.496732257186649659463730325743,0.496732257186649659463730325743,3.82244e-38,4.59526e-5,4127.49110640673517327995574178,4582.01161415015506923189310202901270055748617,True,,,40,100939,67.27,U:x-space B&B (unconditional) + C:logit (conditional on C-15 Thm 1),
B,1000.0,1000.0,1,1-1e-3,0.999,CERTIFIED,U:x-space B&B (unconditional) + C:logit (conditional on C-15 Thm 1),True,True,4180.18249837024681059833188131692298503349997,4180.18249837024681059833188131692298503857811,4180.18249837024681059833188131692298503603904,1.21481e-39,0.0132597481764920345885143636713,0.493370125911753982705742818164,0.493370125911753982705742818164,4.22994e-38,4.66163e-5,4127.49110640673517327995574178,4180.18249837024681059833188131692298503735157,True,,,40,79951,52.53,U:x-space B&B (unconditional) + C:logit (conditional on C-15 Thm 1),
B,1000.0,1000.0,1,1-1e-4,0.9999,CERTIFIED,U:x-space B&B (unconditional) + C:logit (conditional on C-15 Thm 1),True,True,4132.91625705126173422644154243471325823064504,4132.91625705126173422644154243471325823562914,4132.91625705126173422644154243471325823309007,1.20595e-39,0.0152941763245170756380894866172,0.492352911837741462180955256691,0.492352911837741462180955256691,3.73308e-38,5.37686e-5,4127.49110640673517327995574178,4132.91625705126173422644154243471325823412002,True,,,40,80481,54.13,U:x-space B&B (unconditional) + C:logit (conditional on C-15 Thm 1),
B,1000.0,1000.0,1,1-1e-5,0.99999,CERTIFIED,U:x-space B&B (unconditional) + C:logit (conditional on C-15 Thm 1),True,True,4128.0353590347325703255966011269098567158637,4128.03535903473257032559660112690985672009548,4128.03535903473257032559660112690985671793257,1.02513e-39,0.0155376920647903609342803695878,0.492231153967604819532859815206,0.492231153967604819532859815206,2.58276e-38,5.46247e-5,4127.49110640673517327995574178,4128.03535903473257032559660112690985671893182,True,,,40,94679,61.84,U:x-space B&B (unconditional) + C:logit (conditional on C-15 Thm 1),
B,1000.0,1000.0,1,1-1e-6,0.999999,CERTIFIED,U:x-space B&B (unconditional) + C:logit (conditional on C-15 Thm 1),True,True,4127.54554924195009127740108842291841771100355,4127.54554924195009127740108842291841771523533,4127.54554924195009127740108842291841771316646,1.02525e-39,0.015562516010310555494698308401,0.492218741994844722252650845799,0.492218741994844722252650845799,2.51081e-38,5.4712e-5,4127.49110640673517327995574178,4127.54554924195009127740108842291841771403956,True,,,40,104361,69.45,U:x-space B&B (unconditional) + C:logit (conditional on C-15 Thm 1),
B,1000.0,1000.0,1,1-1e-7,0.9999999,CERTIFIED,U:x-space B&B (unconditional) + C:logit (conditional on C-15 Thm 1),True,True,4127.49655086617970899132803326591459011393324,4127.49655086617970899132803326591459011844714,4127.49655086617970899132803326591459011619019,1.09362e-39,0.0155650032110712359159375926121,0.492217498394464382042031203694,0.492217498394464382042031203694,3.41886e-38,5.47207e-5,4127.49110640673517327995574178,4127.49655086617970899132803326591459011715502,True,,,40,104421,64.68,U:x-space B&B (unconditional) + C:logit (conditional on C-15 Thm 1),
B,1000.0,1000.0,1,1-1e-8,0.99999999,CERTIFIED,U:x-space B&B (unconditional) + C:logit (conditional on C-15 Thm 1),True,True,4127.49165085443905639545866240261403718969757,4127.49165085443905639545866240261403719468167,4127.4916508544390563954586624026140371921426,1.20754e-39,0.0155652519792930928238310824702,0.492217374010353453588084458765,0.492217374010353453588084458765,3.40359e-38,5.47216e-5,4127.49110640673517327995574178,4127.49165085443905639545866240261403719362376,True,,,40,104471,65.28,U:x-space B&B (unconditional) + C:logit (conditional on C-15 Thm 1),
B,1000.0,1000.0,1,1-1e-9,0.999999999,CERTIFIED,U:x-space B&B (unconditional) + C:logit (conditional on C-15 Thm 1),True,True,4127.4911608515231560860762711237694643861735,4127.4911608515231560860762711237694643902172,4127.49116085152315608607627112376946438814833,9.79699e-40,0.0155652768565968202276742297634,0.492217361571701589886162885118,0.492217361571701589886162885118,2.84142e-38,5.47217e-5,4127.49110640673517327995574178,4127.4911608515231560860762711237694643893182,True,,,40,104527,67.99,U:x-space B&B (unconditional) + C:logit (conditional on C-15 Thm 1),
B,1000.0,1000.0,1,1-1e-10,0.9999999999,CERTIFIED,U:x-space B&B (unconditional) + C:logit (conditional on C-15 Thm 1),True,True,4127.49111185121414750571262579844771731721242,4127.49111185121414750571262579844771732182036,4127.49111185121414750571262579844771731956341,1.1164e-39,0.0155652793443320084690257054875,0.492217360327833995765487147256,0.492217360327833995765487147256,3.3578e-38,5.47217e-5,4127.49110640673517327995574178,4127.49111185121414750571262579844771732041534,True,,,40,104581,65.23,U:x-space B&B (unconditional) + C:logit (conditional on C-15 Thm 1),
C,1.01,1.01,20,2/3+1e-8,0.666666676666666666666666666666666666666666667,CERTIFIED,U:x-space B&B (unconditional) + C:logit (conditional on C-15 Thm 1),True,True,167583951154389908246272.878684553897377086644,167583951154389908246272.878684553897377086854,167583951154389908246272.878684553897377086749,1.25254e-42,0.333333409875639417823002410471,0.333333295062180291088498794764,0.333333295062180291088498794764,5.65808e-49,0.01875,42.0177640433953854916785123564,167583951154389908246272.878684553897377086738,True,,,50,349,0.42,U:x-space B&B (unconditional) + C:logit (conditional on C-15 Thm 1),
C,1.01,1.01,20,2/3+1e-4,0.666766666666666666666666666666666666666666667,CERTIFIED,U:x-space B&B (unconditional) + C:logit (conditional on C-15 Thm 1),True,True,168206962096.651231807638416340273621497931631,168206962096.651231807638416340273621679315997,168206962096.651231807638416340273621588622236,1.07834e-36,0.334096061753090980917621447947,0.332951969123454509541189276026,0.332951969123454509541189276026,4.91353e-39,0.0187285,42.0177640433953854916785123564,168206962096.65123180763841634027362159287022,True,,,40,349,1.48,U:x-space B&B (unconditional) + C:logit (conditional on C-15 Thm 1),
C,1.01,1.01,20,0.7,0.7,CERTIFIED,U:x-space B&B (unconditional) + C:logit (conditional on C-15 Thm 1),True,True,9230.76667908466437419655629195329549480873278,9230.76667908466437419655629195329549486365187,9230.76667908466437419655629195329549483619232,5.94957e-39,0.466818703287618393339384950459,0.266590648356190803330307524771,0.266590648356190803330307524771,8.60981e-39,0.00749786,42.0177640433953854916785123564,9230.76667908466437419655629195329549484538091,True,,,40,881,0.79,U:x-space B&B (unconditional) + C:logit (conditional on C-15 Thm 1),
C,1.01,1.01,20,2/3+1e-1,0.766666666666666666666666666666666666666666667,CERTIFIED,U:x-space B&B (unconditional) + C:logit (conditional on C-15 Thm 1),True,True,631.500601234128173703379858650466460758141663,631.500601234128173703379858650466460759552257,631.50060123412817370337985865046646075884696,2.23372e-39,0.566393891033019457693905390996,0.216803054483490271153047304502,0.216803054483490271153047304502,6.41986e-39,0.00304879,42.0177640433953854916785123564,631.500601234128173703379858650466460759069927,True,,,40,1603,1.26,U:x-space B&B (unconditional) + C:logit (conditional on C-15 Thm 1),
C,1.01,1.01,20,0.8,0.8,CERTIFIED,U:x-space B&B (unconditional) + C:logit (conditional on C-15 Thm 1),True,True,323.359397424337184640216362659406345853276084,323.359397424337184640216362659406345853740404,323.359397424337184640216362659406345853505305,1.43593e-39,0.595384368984545685439448637543,0.202307815507727157280275681228,0.202307815507727157280275681228,1.41491e-38,0.00284495,42.0177640433953854916785123564,323.359397424337184640216362659406345853564603,True,,,40,1867,1.52,U:x-space B&B (unconditional) + C:logit (conditional on C-15 Thm 1),
C,1.01,1.01,20,0.9,0.9,CERTIFIED,U:x-space B&B (unconditional) + C:logit (conditional on C-15 Thm 1),True,True,91.2472014849220751024593846258526384637038972,91.2472014849220751024593846258526384638008755,91.2472014849220751024593846258526384637523864,1.06281e-39,0.653128239688524600611542094471,0.173435880155737699694228952764,0.173435880155737699694228952764,4.0902e-39,0.00121947,42.0177640433953854916785123564,91.2472014849220751024593846258526384637678924,True,,,40,2961,1.95,U:x-space B&B (unconditional) + C:logit (conditional on C-15 Thm 1),
C,1.01,1.01,20,0.95,0.95,CERTIFIED,U:x-space B&B (unconditional) + C:logit (conditional on C-15 Thm 1),True,True,59.6027693348374750125144306568060190155945095,59.6027693348374750125144306568060190156496108,59.6027693348374750125144306568060190156224275,9.24475e-40,0.673238818819350459742713696958,0.163380590590324770128643151521,0.163380590590324770128643151521,6.02576e-39,0.00114877,42.0177640433953854916785123564,59.6027693348374750125144306568060190156311749,True,,,40,3397,2.1,U:x-space B&B (unconditional) + C:logit (conditional on C-15 Thm 1),
C,1.01,1.01,20,1-1e-2,0.99,CERTIFIED,U:x-space B&B (unconditional) + C:logit (conditional on C-15 Thm 1),True,True,44.8384767624791632670112190953057034063953218,44.8384767624791632670112190953057034064225051,44.8384767624791632670112190953057034064092808,6.0625e-40,0.686814374650841126363441643883,0.156592812674579436818279178059,0.156592812674579436818279178059,1.29278e-38,0.00110104,42.0177640433953854916785123564,44.8384767624791632670112190953057034064127714,True,,,40,3797,2.5,U:x-space B&B (unconditional) + C:logit (conditional on C-15 Thm 1),
C,1.01,1.01,20,1-1e-5,0.99999,CERTIFIED,U:x-space B&B (unconditional) + C:logit (conditional on C-15 Thm 1),True,True,42.0204474077431030200808713714146315940077806,42.0204474077431030200808713714146315940312905,42.0204474077431030200808713714146315940195356,5.59487e-40,0.689916621239887587022355384844,0.155041689380056206488822307578,0.155041689380056206488822307578,1.94953e-38,0.00109014,42.0177640433953854916785123564,42.020447407743103020080871371414631594023403,True,,,40,4051,2.49,U:x-space B&B (unconditional) + C:logit (conditional on C-15 Thm 1),
C,1.01,1.01,20,1-1e-10,0.9999999999,CERTIFIED,U:x-space B&B (unconditional) + C:logit (conditional on C-15 Thm 1),True,True,42.0177640702277129024259540100570711333326929,42.0177640702277129024259540100570711333598762,42.0177640702277129024259540100570711333466519,6.46948e-40,0.689919672795443772289551149313,0.155040163602278113855224425343,0.155040163602278113855224425343,2.20761e-38,0.00109013,42.0177640433953854916785123564,42.0177640702277129024259540100570711333482543,True,,,40,4317,2.47,U:x-space B&B (unconditional) + C:logit (conditional on C-15 Thm 1),
C,1.1,1.2,1.3,2/3+1e-8,0.666666676666666666666666666666666666666666667,CERTIFIED,U:x-space B&B (unconditional) + C:logit (conditional on C-15 Thm 1),True,True,167583895164310454278946.517848958049067732761,167583895164310454278946.517848958049067732971,167583895164310454278946.517848958049067732866,1.25254e-42,0.33333333393793311117626088604,0.33333333333333333406441510104,0.33333333272873355475932401292,1.36629e-50,0.01875,10.7874764065948503505049699869,167583895164310454278946.517848958049067732855,True,,,50,349,0.38,U:x-space B&B (unconditional) + C:logit (conditional on C-15 Thm 1),
C,1.1,1.2,1.3,2/3+1e-4,0.666766666666666666666666666666666666666666667,CERTIFIED,U:x-space B&B (unconditional) + C:logit (conditional on C-15 Thm 1),True,True,167647721072.179654051138157027076174384616201,167647721072.179654051138157027076174565236949,167647721072.179654051138157027076174474928153,1.07738e-36,0.33333937830794020229493919936,0.333333333406401748093926192404,0.333327288285658049611134608236,1.50379e-40,0.0187497,10.7874764065948503505049699869,167647721072.179654051138157027076174479174399,True,,,40,349,0.3,U:x-space B&B (unconditional) + C:logit (conditional on C-15 Thm 1),
C,1.1,1.2,1.3,0.7,0.7,CERTIFIED,U:x-space B&B (unconditional) + C:logit (conditional on C-15 Thm 1),True,True,5099.62839571862639121466209524634804923933201,5099.62839571862639121466209524634804926754387,5099.62839571862639121466209524634804925343794,5.53214e-39,0.335243207911157054146463103122,0.333340150454254278297116812706,0.331416641634588667556420084173,2.27963e-40,0.0186422,10.7874764065948503505049699869,5099.62839571862639121466209524634804925912922,True,,,40,405,0.28,U:x-space B&B (unconditional) + C:logit (conditional on C-15 Thm 1),
C,1.1,1.2,1.3,2/3+1e-1,0.766666666666666666666666666666666666666666667,CERTIFIED,U:x-space B&B (unconditional) + C:logit (conditional on C-15 Thm 1),True,True,231.892991296843739502048435211037522731621534,231.892991296843739502048435211037522732115241,231.892991296843739502048435211037522731868387,2.12903e-39,0.338550847659911084971388893726,0.33337789227886568770970170786,0.328071260061223227318909398414,6.20534e-40,0.018454,10.7874764065948503505049699869,231.892991296843739502048435211037522731954918,True,,,40,497,0.58,U:x-space B&B (unconditional) + C:logit (conditional on C-15 Thm 1),
C,1.1,1.2,1.3,0.8,0.8,CERTIFIED,U:x-space B&B (unconditional) + C:logit (conditional on C-15 Thm 1),True,True,107.094006796347927728345477132867905145480396,107.09400679634792772834547713286790514563321,107.094006796347927728345477132867905145556803,1.42692e-39,0.34001011947131194879326618398,0.333401662298257672462229958601,0.326588218230430378744503857419,1.36565e-39,0.0183706,10.7874764065948503505049699869,107.094006796347927728345477132867905145574303,True,,,40,533,0.34,U:x-space B&B (unconditional) + C:logit (conditional on C-15 Thm 1),
C,1.1,1.2,1.3,0.9,0.9,CERTIFIED,U:x-space B&B (unconditional) + C:logit (conditional on C-15 Thm 1),True,True,25.4217931753243742619424011493224479065987629,25.4217931753243742619424011493224479066263135,25.4217931753243742619424011493224479066127218,1.08374e-39,0.343851048451918265627252712729,0.333472164333916460152303661257,0.322676787214165274220443626014,4.0467e-40,0.00907528,10.7874764065948503505049699869,25.4217931753243742619424011493224479066158914,True,,,40,799,1.01,U:x-space B&B (unconditional) + C:logit (conditional on C-15 Thm 1),
C,1.1,1.2,1.3,0.95,0.95,CERTIFIED,U:x-space B&B (unconditional) + C:logit (conditional on C-15 Thm 1),True,True,15.8309574987314889903646326478256006741656242,15.8309574987314889903646326478256006741816036,15.8309574987314889903646326478256006741735221,1.00938e-39,0.345551214254208205083181013428,0.333502135965827970325638827725,0.320946649779963824591180158847,5.51074e-40,0.00902662,10.7874764065948503505049699869,15.8309574987314889903646326478256006741753639,True,,,40,895,0.58,U:x-space B&B (unconditional) + C:logit (conditional on C-15 Thm 1),
C,1.1,1.2,1.3,1-1e-2,0.99,CERTIFIED,U:x-space B&B (unconditional) + C:logit (conditional on C-15 Thm 1),True,True,11.5800091431031935353196275962369282323307716,11.5800091431031935353196275962369282323377511,11.5800091431031935353196275962369282323342613,6.0272e-40,0.346834154592241713013469242774,0.333522307378248546625736103532,0.319643538029509740360794653694,4.877e-40,0.00898997,10.7874764065948503505049699869,11.5800091431031935353196275962369282323349747,True,,,40,1005,0.79,U:x-space B&B (unconditional) + C:logit (conditional on C-15 Thm 1),
C,1.1,1.2,1.3,1-1e-5,0.99999,CERTIFIED,U:x-space B&B (unconditional) + C:logit (conditional on C-15 Thm 1),True,True,10.7882270981626672337330435374011131721862774,10.7882270981626672337330435374011131721938079,10.7882270981626672337330435374011131721899508,6.9803e-40,0.34714535549932238148246969648,0.333526762569379052363799865062,0.319327881931298566153730438458,5.2556e-40,0.0089811,10.7874764065948503505049699869,10.7882270981626672337330435374011131721910851,True,,,40,1195,0.92,U:x-space B&B (unconditional) + C:logit (conditional on C-15 Thm 1),
C,1.1,1.2,1.3,1-1e-10,0.9999999999,CERTIFIED,U:x-space B&B (unconditional) + C:logit (conditional on C-15 Thm 1),True,True,10.7874764141013664348803543047438842107185536,10.7874764141013664348803543047438842107260842,10.7874764141013664348803543047438842107222271,6.98079e-40,0.347145665288966666472375375487,0.3335267669078987045736853596,0.319327567803134628953939264914,4.77197e-40,0.00898109,10.7874764065948503505049699869,10.7874764141013664348803543047438842107233081,True,,,40,1467,0.86,U:x-space B&B (unconditional) + C:logit (conditional on C-15 Thm 1),
C,1.5,1.5,4,2/3+1e-8,0.666666676666666666666666666666666666666666667,CERTIFIED,U:x-space B&B (unconditional) + C:logit (conditional on C-15 Thm 1),True,True,167583905499071071488553.669745933557832190834,167583905499071071488553.669745933557832191043,167583905499071071488553.669745933557832190939,1.25254e-42,0.333333343409995736886140273627,0.333333328295002131556929863186,0.333333328295002131556929863186,8.21592e-50,0.01875,19.7979589711327123927891362988,167583905499071071488553.669745933557832190927,True,,,50,349,0.36,U:x-space B&B (unconditional) + C:logit (conditional on C-15 Thm 1),
C,1.5,1.5,4,2/3+1e-4,0.666766666666666666666666666666666666666666667,CERTIFIED,U:x-space B&B (unconditional) + C:logit (conditional on C-15 Thm 1),True,True,167751057260.711973130624409921405296010812824,167751057260.7119731306244099214052961915661,167751057260.711973130624409921405296101187884,1.07751e-36,0.333434026927234323956413503466,0.333282986536382838021793248267,0.333282986536382838021793248267,7.11384e-40,0.0187472,19.7979589711327123927891362988,167751057260.711973130624409921405296105430468,True,,,40,349,0.34,U:x-space B&B (unconditional) + C:logit (conditional on C-15 Thm 1),
C,1.5,1.5,4,0.7,0.7,CERTIFIED,U:x-space B&B (unconditional) + C:logit (conditional on C-15 Thm 1),True,True,6004.54926983105184492267696977398441313147257,6004.54926983105184492267696977398441316626721,6004.54926983105184492267696977398441314886989,5.79471e-39,0.360724824584967574817185038787,0.319637587707516212591407480606,0.319637587707516212591407480606,2.06556e-39,0.0179796,19.7979589711327123927891362988,6004.54926983105184492267696977398441315575621,True,,,40,463,0.32,U:x-space B&B (unconditional) + C:logit (conditional on C-15 Thm 1),
C,1.5,1.5,4,2/3+1e-1,0.766666666666666666666666666666666666666666667,CERTIFIED,U:x-space B&B (unconditional) + C:logit (conditional on C-15 Thm 1),True,True,330.006874695604458518869347541564003434626673,330.006874695604458518869347541564003435343724,330.006874695604458518869347541564003434985199,2.17284e-39,0.395393573402484824492527998083,0.302303213298757587753736000958,0.302303213298757587753736000958,1.1332e-39,0.00850228,19.7979589711327123927891362988,330.006874695604458518869347541564003435093626,True,,,40,731,0.48,U:x-space B&B (unconditional) + C:logit (conditional on C-15 Thm 1),
C,1.5,1.5,4,0.8,0.8,CERTIFIED,U:x-space B&B (unconditional) + C:logit (conditional on C-15 Thm 1),True,True,162.040700084650963712736343693247053002158792,162.040700084650963712736343693247053002382136,162.040700084650963712736343693247053002270464,1.37832e-39,0.407654658802811713442482892387,0.296172670598594143278758553806,0.296172670598594143278758553806,1.17826e-39,0.00832986,19.7979589711327123927891362988,162.040700084650963712736343693247053002301594,True,,,40,837,0.54,U:x-space B&B (unconditional) + C:logit (conditional on C-15 Thm 1),
C,1.5,1.5,4,0.9,0.9,CERTIFIED,U:x-space B&B (unconditional) + C:logit (conditional on C-15 Thm 1),True,True,43.4375039296827514878917936562591541451134906,43.4375039296827514878917936562591541451561022,43.4375039296827514878917936562591541451347964,9.80988e-40,0.433883256241698071867298557229,0.283058371879150964066350721386,0.283058371879150964066350721386,1.04914e-38,0.00796102,19.7979589711327123927891362988,43.4375039296827514878917936562591541451402652,True,,,40,1109,0.68,U:x-space B&B (unconditional) + C:logit (conditional on C-15 Thm 1),
C,1.5,1.5,4,0.95,0.95,CERTIFIED,U:x-space B&B (unconditional) + C:logit (conditional on C-15 Thm 1),True,True,28.1568475486171320282296576825066926026782766,28.1568475486171320282296576825066926027003171,28.1568475486171320282296576825066926026892968,7.82777e-40,0.442857811767533598997679693405,0.278571094116233200501160153297,0.278571094116233200501160153297,9.49993e-40,0.00391741,19.7979589711327123927891362988,28.1568475486171320282296576825066926026924135,True,,,40,1357,0.89,U:x-space B&B (unconditional) + C:logit (conditional on C-15 Thm 1),
C,1.5,1.5,4,1-1e-2,0.99,CERTIFIED,U:x-space B&B (unconditional) + C:logit (conditional on C-15 Thm 1),True,True,21.1322929211348403249738591785114625557073889,21.1322929211348403249738591785114625557206132,21.132292921134840324973859178511462555714001,6.25787e-40,0.448354361094428615696548905115,0.275822819452785692151725547442,0.275822819452785692151725547442,9.22422e-40,0.00387876,19.7979589711327123927891362988,21.1322929211348403249738591785114625557150488,True,,,40,1457,1.24,U:x-space B&B (unconditional) + C:logit (conditional on C-15 Thm 1),
C,1.5,1.5,4,1-1e-5,0.99999,CERTIFIED,U:x-space B&B (unconditional) + C:logit (conditional on C-15 Thm 1),True,True,19.7992272149269716737183189542257460591485282,19.7992272149269716737183189542257460591617525,19.7992272149269716737183189542257460591551404,6.67921e-40,0.449488656923367326891935328484,0.275255671538316336554032335758,0.275255671538316336554032335758,1.04496e-39,0.00387078,19.7979589711327123927891362988,19.7992272149269716737183189542257460591573521,True,,,40,1643,1.02,U:x-space B&B (unconditional) + C:logit (conditional on C-15 Thm 1),
C,1.5,1.5,4,1-1e-10,0.9999999999,CERTIFIED,U:x-space B&B (unconditional) + C:logit (conditional on C-15 Thm 1),True,True,19.7979589838145178584541034907128758512983916,19.797958983814517858454103490712875851312718,19.7979589838145178584541034907128758513053711,7.23627e-40,0.449489742772320000890664269123,0.275255128613839999554667865438,0.275255128613839999554667865438,1.16165e-39,0.00387078,19.7979589711327123927891362988,19.7979589838145178584541034907128758513070297,True,,,40,1909,0.95,U:x-space B&B (unconditional) + C:logit (conditional on C-15 Thm 1),
C,2,3,5,2/3+1e-8,0.666666676666666666666666666666666666666666667,CERTIFIED,U:x-space B&B (unconditional) + C:logit (conditional on C-15 Thm 1),True,True,167583914617977585515746.422480500253047786742,167583914617977585515746.422480500253047786952,167583914617977585515746.422480500253047786847,1.25254e-42,0.333333343409995389622359234602,0.333333331318001053670220880466,0.333333325272003556707419884933,1.09098e-49,0.01875,28.9695014983179486307508860378,167583914617977585515746.422480500253047786836,True,,,50,349,0.33,U:x-space B&B (unconditional) + C:logit (conditional on C-15 Thm 1),
C,2,3,5,2/3+1e-4,0.666766666666666666666666666666666666666666667,CERTIFIED,U:x-space B&B (unconditional) + C:logit (conditional on C-15 Thm 1),True,True,167842244963.345058136434346700497658629142039,167842244963.345058136434346700497658810002601,167842244963.345058136434346700497658719573898,1.07756e-36,0.333433992278211606911679988947,0.333313214671273939959967472647,0.333252793050514453128352538406,8.47925e-40,0.0187455,28.9695014983179486307508860378,167842244963.345058136434346700497658723807564,True,,,40,349,0.38,U:x-space B&B (unconditional) + C:logit (conditional on C-15 Thm 1),
C,2,3,5,0.7,0.7,CERTIFIED,U:x-space B&B (unconditional) + C:logit (conditional on C-15 Thm 1),True,True,6830.39162196745446665125787205248057879177307,6830.39162196745446665125787205248057883192796,6830.3916219674544666512578720524805788118035,5.87886e-39,0.358578982839804434492130190299,0.32902552337394196623575116557,0.312395493786253599272118644132,4.10073e-39,0.0175722,28.9695014983179486307508860378,6830.39162196745446665125787205248057881926159,True,,,40,503,0.35,U:x-space B&B (unconditional) + C:logit (conditional on C-15 Thm 1),
C,2,3,5,2/3+1e-1,0.766666666666666666666666666666666666666666667,CERTIFIED,U:x-space B&B (unconditional) + C:logit (conditional on C-15 Thm 1),True,True,424.646711969907753168810370392142001977185237,424.646711969907753168810370392142001978196162,424.646711969907753168810370392142001977690699,2.38063e-39,0.385909284503837980234414112081,0.325505953295683834591842430581,0.288584762200478185173743457338,2.61006e-39,0.00811645,28.9695014983179486307508860378,424.646711969907753168810370392142001977834053,True,,,40,867,0.76,U:x-space B&B (unconditional) + C:logit (conditional on C-15 Thm 1),
C,2,3,5,0.8,0.8,CERTIFIED,U:x-space B&B (unconditional) + C:logit (conditional on C-15 Thm 1),True,True,216.122467102611895766860042547500901888589908,216.122467102611895766860042547500901888921986,216.122467102611895766860042547500901888754478,1.53652e-39,0.394504925787743164656626146051,0.324481913885680239709971587251,0.281013160326576595633402266698,4.79603e-39,0.0079035,28.9695014983179486307508860378,216.122467102611895766860042547500901888788182,True,,,40,949,0.66,U:x-space B&B (unconditional) + C:logit (conditional on C-15 Thm 1),
C,2,3,5,0.9,0.9,CERTIFIED,U:x-space B&B (unconditional) + C:logit (conditional on C-15 Thm 1),True,True,61.8189570023836777143811730497890742407994058,61.8189570023836777143811730497890742408684661,61.8189570023836777143811730497890742408339359,1.11714e-39,0.410331666165701409654951113842,0.322501436111466395755924350603,0.267166897722832194589124535554,1.43494e-39,0.00375703,28.9695014983179486307508860378,61.8189570023836777143811730497890742408449019,True,,,40,1369,0.94,U:x-space B&B (unconditional) + C:logit (conditional on C-15 Thm 1),
C,2,3,5,0.95,0.95,CERTIFIED,U:x-space B&B (unconditional) + C:logit (conditional on C-15 Thm 1),True,True,40.7890523256323536402965428380461062146730591,40.789052325632353640296542838046106214708324,40.7890523256323536402965428380461062146906916,8.64566e-40,0.414182768265283597444461095476,0.321979129066074919476100248825,0.263838102668641483079438655699,1.64321e-39,0.00371022,28.9695014983179486307508860378,40.7890523256323536402965428380461062146957321,True,,,40,1491,1.0,U:x-space B&B (unconditional) + C:logit (conditional on C-15 Thm 1),
C,2,3,5,1-1e-2,0.99,CERTIFIED,U:x-space B&B (unconditional) + C:logit (conditional on C-15 Thm 1),True,True,30.8791903171039898834776589205209908837126615,30.8791903171039898834776589205209908837332326,30.879190317103989883477658920520990883722947,6.66182e-40,0.415418895194239091626241306377,0.321806813963546229433805271633,0.262774290842214678939953421989,1.48976e-39,0.00369526,28.9695014983179486307508860378,30.8791903171039898834776589205209908837247681,True,,,40,1585,4.35,U:x-space B&B (unconditional) + C:logit (conditional on C-15 Thm 1),
C,2,3,5,1-1e-5,0.99999,CERTIFIED,U:x-space B&B (unconditional) + C:logit (conditional on C-15 Thm 1),True,True,28.9713218608071265877364361112760652012020353,28.9713218608071265877364361112760652012237085,28.9713218608071265877364361112760652012130555,7.48091e-40,0.415445947001935674520692580329,0.321803015914273333992834010881,0.26275103708379099148647340879,1.73383e-39,0.00369494,28.9695014983179486307508860378,28.9713218608071265877364361112760652012152781,True,,,40,1761,2.12,U:x-space B&B (unconditional) + C:logit (conditional on C-15 Thm 1),
C,2,3,5,1-1e-10,0.9999999999,CERTIFIED,U:x-space B&B (unconditional) + C:logit (conditional on C-15 Thm 1),True,True,28.9695015165207182197236305179394341774395135,28.969501516520718219723630517939434177460452,28.9695015165207182197236305179394341774501664,7.22777e-40,0.415445913250678241552164123897,0.321803020653652210330379254992,0.262751066095669548117456621112,1.68044e-39,0.00369494,28.9695014983179486307508860378,28.969501516520718219723630517939434177452283,True,,,40,2025,1.05,U:x-space B&B (unconditional) + C:logit (conditional on C-15 Thm 1),
C,3,30,300,2/3+1e-8,0.666666676666666666666666666666666666666666667,CERTIFIED,U:x-space B&B (unconditional) + C:logit (conditional on C-15 Thm 1),True,True,167584896418760119567793.416336434557071565505,167584896418760119567793.416336434557071565715,167584896418760119567793.41633643455707156561,1.25254e-42,0.333334476020417433988088286838,0.333332843610716039218297364526,0.333332680368866526793614348636,8.84102e-48,0.01875,601.710325571113035911926973933,167584896418760119567793.416336434557071565599,True,,,50,349,0.38,U:x-space B&B (unconditional) + C:logit (conditional on C-15 Thm 1),
C,3,30,300,2/3+1e-4,0.666766666666666666666666666666666666666666667,CERTIFIED,U:x-space B&B (unconditional) + C:logit (conditional on C-15 Thm 1),True,True,177521324949.250833838992699109023024863947526,177521324949.250833838992699109023025058707818,177521324949.250833838992699109023024961327672,1.09711e-36,0.344156663667220038653518547742,0.328732827422472269095972077991,0.327110508910307692250509374267,8.00845e-38,0.0184,601.710325571113035911926973933,177521324949.250833838992699109023024965760677,True,,,40,373,0.3,U:x-space B&B (unconditional) + C:logit (conditional on C-15 Thm 1),
C,3,30,300,0.7,0.7,CERTIFIED,U:x-space B&B (unconditional) + C:logit (conditional on C-15 Thm 1),True,True,71906.300200936849951713922236026439899959419,71906.3002009368499517139222360264399004348829,71906.300200936849951713922236026439900197151,6.61227e-39,0.677406974510044218954364526595,0.230768807948191849355408052228,0.0918242175417639316902274211764,1.24374e-37,0.00016141,601.710325571113035911926973933,71906.3002009368499517139222360264399002568438,True,,,40,7335,5.84,U:x-space B&B (unconditional) + C:logit (conditional on C-15 Thm 1),
C,3,30,300,2/3+1e-1,0.766666666666666666666666666666666666666666667,CERTIFIED,U:x-space B&B (unconditional) + C:logit (conditional on C-15 Thm 1),True,True,7641.03859340182728151127196277964014257721489,7641.03859340182728151127196277964014259639896,7641.03859340182728151127196277964014258680692,2.51066e-39,0.736725344697718422233202431075,0.212506369290603946081508863585,0.05076828601167763168528870534,5.65504e-38,2.23103e-5,601.710325571113035911926973933,7641.03859340182728151127196277964014258955789,True,,,40,17633,11.62,U:x-space B&B (unconditional) + C:logit (conditional on C-15 Thm 1),
C,3,30,300,0.8,0.8,CERTIFIED,U:x-space B&B (unconditional) + C:logit (conditional on C-15 Thm 1),True,True,4286.66772848676904494435701299917799135581049,4286.66772848676904494435701299917799136258134,4286.66772848676904494435701299917799135919591,1.57951e-39,0.747944553028553001678829016003,0.207472978673545947393098388958,0.0445824682979010509280725950385,2.51402e-37,1.95919e-5,601.710325571113035911926973933,4286.6677284867690449443570129991779913600908,True,,,40,20535,13.81,U:x-space B&B (unconditional) + C:logit (conditional on C-15 Thm 1),
C,3,30,300,0.9,0.9,CERTIFIED,U:x-space B&B (unconditional) + C:logit (conditional on C-15 Thm 1),True,True,1380.25074394761502085169896290724793306526237,1380.25074394761502085169896290724793306688455,1380.2507439476150208516989629072479330660617,1.17528e-39,0.757961059731523464893336333396,0.202401597359724092675101773319,0.0396373429087524424315618932846,2.41026e-38,8.70938e-6,601.710325571113035911926973933,1380.2507439476150208516989629072479330662428,True,,,40,26481,17.45,U:x-space B&B (unconditional) + C:logit (conditional on C-15 Thm 1),
C,3,30,300,0.95,0.95,CERTIFIED,U:x-space B&B (unconditional) + C:logit (conditional on C-15 Thm 1),True,True,909.704993554028787888256057568193871626477374,909.704993554028787888256057568193871627288465,909.704993554028787888256057568193871626877042,8.91598e-40,0.748653078667948862489283626165,0.207132486419354528253799306341,0.0442144349126966092569170674935,1.52089e-38,9.71509e-6,601.710325571113035911926973933,909.704993554028787888256057568193871626972959,True,,,40,25933,17.5,U:x-space B&B (unconditional) + C:logit (conditional on C-15 Thm 1),
C,3,30,300,1-1e-2,0.99,CERTIFIED,U:x-space B&B (unconditional) + C:logit (conditional on C-15 Thm 1),True,True,657.914561037449429889744612322403699598812973,657.914561037449429889744612322403699599318435,657.914561037449429889744612322403699599071582,7.6828e-40,0.721535092080573011956830965479,0.218331763615314833169542749535,0.0601331443041121548736262849865,1.06765e-38,2.64257e-5,601.710325571113035911926973933,657.914561037449429889744612322403699599139752,True,,,40,20345,13.2,U:x-space B&B (unconditional) + C:logit (conditional on C-15 Thm 1),
C,3,30,300,1-1e-5,0.99999,CERTIFIED,U:x-space B&B (unconditional) + C:logit (conditional on C-15 Thm 1),True,True,601.766553881730598623112208825026527199643952,601.76655388173059862311220882502652720009064,601.766553881730598623112208825026527199867296,7.42294e-40,0.706120445534745359398296171912,0.223283069040406241330973261409,0.0705964854248483992707305666792,2.39983e-38,6.20477e-5,601.710325571113035911926973933,601.766553881730598623112208825026527199922115,True,,,40,17365,10.89,U:x-space B&B (unconditional) + C:logit (conditional on C-15 Thm 1),
C,3,30,300,1-1e-10,0.9999999999,CERTIFIED,U:x-space B&B (unconditional) + C:logit (conditional on C-15 Thm 1),True,True,601.710326133400742967358571111469329282030876,601.710326133400742967358571111469329282583358,601.710326133400742967358571111469329282301239,9.18187e-40,0.706101111889929913725440121996,0.223288777076713543939046714472,0.0706101110333565423355131635314,2.91625e-38,6.20597e-5,601.710325571113035911926973933,601.710326133400742967358571111469329282379182,True,,,40,17639,11.21,U:x-space B&B (unconditional) + C:logit (conditional on C-15 Thm 1),
C,10,10,10,2/3+1e-8,0.666666676666666666666666666666666666666666667,CERTIFIED,U:x-space B&B (unconditional) + C:logit (conditional on C-15 Thm 1),True,True,167583975410687899562525.979426608021692080182,167583975410687899562525.979426608021692080392,167583975410687899562525.979426608021692080287,1.25254e-42,0.333333333333333333333333333333,0.333333333333333333333333333333,0.333333333333333333333333333333,1.54578e-50,0.01875,90.0,167583975410687899562525.979426608021692080276,True,,,50,349,0.35,U:x-space B&B (unconditional) + C:logit (conditional on C-15 Thm 1),
C,10,10,10,2/3+1e-4,0.666766666666666666666666666666666666666666667,CERTIFIED,U:x-space B&B (unconditional) + C:logit (conditional on C-15 Thm 1),True,True,168450185633.396484428705306880461937945935099,168450185633.396484428705306880461938127669718,168450185633.396484428705306880461938036802408,1.07886e-36,0.333333333333333333333333333333,0.333333333333333333333333333333,0.333333333333333333333333333333,1.33338e-40,0.01875,90.0,168450185633.396484428705306880461938041043489,True,,,40,349,0.43,U:x-space B&B (unconditional) + C:logit (conditional on C-15 Thm 1),
C,10,10,10,0.7,0.7,CERTIFIED,U:x-space B&B (unconditional) + C:logit (conditional on C-15 Thm 1),True,True,12567.7261253253303493770711618772809704760805,12567.7261253253303493770711618772809705567665,12567.7261253253303493770711618772809705165175,6.42009e-39,0.333333333333333333333333333333,0.333333333333333333333333333333,0.333333333333333333333333333333,4.0222e-39,0.01875,90.0,12567.7261253253303493770711618772809705288364,True,,,40,557,0.36,U:x-space B&B (unconditional) + C:logit (conditional on C-15 Thm 1),
C,10,10,10,2/3+1e-1,0.766666666666666666666666666666666666666666667,CERTIFIED,U:x-space B&B (unconditional) + C:logit (conditional on C-15 Thm 1),True,True,1122.01632387022184454140324399740711224162691,1122.01632387022184454140324399740711224423651,1122.01632387022184454140324399740711224294346,2.32581e-39,0.333333333333333333333333333333,0.333333333333333333333333333333,0.333333333333333333333333333333,2.58763e-40,0.009375,90.0,1122.01632387022184454140324399740711224330458,True,,,40,871,0.57,U:x-space B&B (unconditional) + C:logit (conditional on C-15 Thm 1),
C,10,10,10,0.8,0.8,CERTIFIED,U:x-space B&B (unconditional) + C:logit (conditional on C-15 Thm 1),True,True,620.052351099789704104458982546323684256030231,620.052351099789704104458982546323684257041156,620.052351099789704104458982546323684256535694,1.63039e-39,0.333333333333333333333333333333,0.333333333333333333333333333333,0.333333333333333333333333333333,3.07716e-40,0.009375,90.0,620.05235109978970410445898254632368425664867,True,,,40,909,0.82,U:x-space B&B (unconditional) + C:logit (conditional on C-15 Thm 1),
C,10,10,10,0.9,0.9,CERTIFIED,U:x-space B&B (unconditional) + C:logit (conditional on C-15 Thm 1),True,True,198.082070159743101030662424802906155899324045,198.082070159743101030662424802906155899565021,198.082070159743101030662424802906155899444533,1.21655e-39,0.333333333333333333333333333333,0.333333333333333333333333333333,0.333333333333333333333333333333,3.69307e-40,0.009375,90.0,198.082070159743101030662424802906155899476719,True,,,40,987,0.59,U:x-space B&B (unconditional) + C:logit (conditional on C-15 Thm 1),
C,10,10,10,0.95,0.95,CERTIFIED,U:x-space B&B (unconditional) + C:logit (conditional on C-15 Thm 1),True,True,131.157066735962338700579234918712414470206707,131.157066735962338700579234918712414470341889,131.157066735962338700579234918712414470274298,1.03069e-39,0.333333333333333333333333333333,0.333333333333333333333333333333,0.333333333333333333333333333333,3.30897e-40,0.009375,90.0,131.157066735962338700579234918712414470301774,True,,,40,991,0.58,U:x-space B&B (unconditional) + C:logit (conditional on C-15 Thm 1),
C,10,10,10,1-1e-2,0.99,CERTIFIED,U:x-space B&B (unconditional) + C:logit (conditional on C-15 Thm 1),True,True,96.9580249422201029398323784943454358522306604,96.9580249422201029398323784943454358523011901,96.9580249422201029398323784943454358522659252,7.27425e-40,0.333333333333333333333333333333,0.333333333333333333333333333333,0.333333333333333333333333333333,2.73465e-40,0.009375,90.0,96.9580249422201029398323784943454358522777021,True,,,40,999,0.59,U:x-space B&B (unconditional) + C:logit (conditional on C-15 Thm 1),
C,10,10,10,1-1e-5,0.99999,CERTIFIED,U:x-space B&B (unconditional) + C:logit (conditional on C-15 Thm 1),True,True,90.0067110479366693621707497198837773215528028,90.0067110479366693621707497198837773216159857,90.0067110479366693621707497198837773215851289,7.01979e-40,0.333333333333333333333333333333,0.333333333333333333333333333333,0.333333333333333333333333333333,2.56986e-40,0.009375,90.0,90.0067110479366693621707497198837773215948312,True,,,40,1145,0.66,U:x-space B&B (unconditional) + C:logit (conditional on C-15 Thm 1),
C,10,10,10,1-1e-10,0.9999999999,CERTIFIED,U:x-space B&B (unconditional) + C:logit (conditional on C-15 Thm 1),True,True,90.0000000671081253752210808775227059284467794,90.0000000671081253752210808775227059285246559,90.0000000671081253752210808775227059284864523,8.65294e-40,0.333333333333333333333333333333,0.333333333333333333333333333333,0.333333333333333333333333333333,2.56969e-40,0.009375,90.0,90.0000000671081253752210808775227059284990488,True,,,40,1417,0.67,U:x-space B&B (unconditional) + C:logit (conditional on C-15 Thm 1),
C,50,2,2,2/3+1e-8,0.666666676666666666666666666666666666666666667,CERTIFIED,U:x-space B&B (unconditional) + C:logit (conditional on C-15 Thm 1),True,True,167584048361897780033622.958892721524944688574,167584048361897780033622.958892721524944688784,167584048361897780033622.958892721524944688679,1.25254e-42,0.333333236597455847840955804122,0.333333236597455847840955804122,0.333333526805088304318088391755,2.01724e-48,0.01875,98.0,167584048361897780033622.958892721524944688668,True,,,50,349,2.01,U:x-space B&B (unconditional) + C:logit (conditional on C-15 Thm 1),
C,50,2,2,2/3+1e-4,0.666766666666666666666666666666666666666666667,CERTIFIED,U:x-space B&B (unconditional) + C:logit (conditional on C-15 Thm 1),True,True,169175510365.047921296560264734048237096215226,169175510365.047921296560264734048237279098428,169175510365.047921296560264734048237187656827,1.08103e-36,0.33237472031941990829705097936,0.33237472031941990829705097936,0.33525055936116018340589804128,1.68154e-38,0.0186961,98.0,169175510365.04792129656026473404823719196826,True,,,40,351,0.3,U:x-space B&B (unconditional) + C:logit (conditional on C-15 Thm 1),
C,50,2,2,0.7,0.7,CERTIFIED,U:x-space B&B (unconditional) + C:logit (conditional on C-15 Thm 1),True,True,15635.6658646241142718881509138658562317671797,15635.6658646241142718881509138658562318668616,15635.6658646241142718881509138658562318170206,6.37529e-39,0.227719353998225664366537984964,0.227719353998225664366537984964,0.544561292003548671266924030072,2.13914e-38,0.00640461,98.0,15635.66586462411427188815091386585623183219,True,,,40,899,0.6,U:x-space B&B (unconditional) + C:logit (conditional on C-15 Thm 1),
C,50,2,2,2/3+1e-1,0.766666666666666666666666666666666666666666667,CERTIFIED,U:x-space B&B (unconditional) + C:logit (conditional on C-15 Thm 1),True,True,1286.35667490311169292501823927716989659703418,1286.35667490311169292501823927716989660004345,1286.35667490311169292501823927716989659853881,2.33937e-39,0.176407748760575774031969889015,0.176407748760575774031969889015,0.64718450247884845193606022197,1.12552e-38,0.00248073,98.0,1286.35667490311169292501823927716989659895827,True,,,40,1585,1.24,U:x-space B&B (unconditional) + C:logit (conditional on C-15 Thm 1),
C,50,2,2,0.8,0.8,CERTIFIED,U:x-space B&B (unconditional) + C:logit (conditional on C-15 Thm 1),True,True,686.463251889850948218653500559699088806413817,686.463251889850948218653500559699088807483517,686.463251889850948218653500559699088806954545,1.55828e-39,0.163754769081887133281645479707,0.163754769081887133281645479707,0.672490461836225733436709040586,7.47219e-39,0.0023028,98.0,686.463251889850948218653500559699088807053283,True,,,40,1741,1.16,U:x-space B&B (unconditional) + C:logit (conditional on C-15 Thm 1),
C,50,2,2,0.9,0.9,CERTIFIED,U:x-space B&B (unconditional) + C:logit (conditional on C-15 Thm 1),True,True,207.564592572317516476920754717453834501318269,207.564592572317516476920754717453834501553368,207.564592572317516476920754717453834501435818,1.13265e-39,0.143308983570898690568340554467,0.143308983570898690568340554467,0.713382032858202618863318891065,2.29048e-39,0.00100764,98.0,207.564592572317516476920754717453834501455577,True,,,40,2295,1.53,U:x-space B&B (unconditional) + C:logit (conditional on C-15 Thm 1),
C,50,2,2,0.95,0.95,CERTIFIED,U:x-space B&B (unconditional) + C:logit (conditional on C-15 Thm 1),True,True,138.007066925445886813708662128718178333278592,138.00706692544588681370866212871817833339908,138.007066925445886813708662128718178333340305,8.73058e-40,0.139933620383838018595088753697,0.139933620383838018595088753697,0.720132759232323962809822492606,1.69891e-39,0.000983908,98.0,138.007066925445886813708662128718178333357072,True,,,40,2433,1.64,U:x-space B&B (unconditional) + C:logit (conditional on C-15 Thm 1),
C,50,2,2,1-1e-2,0.99,CERTIFIED,U:x-space B&B (unconditional) + C:logit (conditional on C-15 Thm 1),True,True,104.540011997794970398190558255434438499095917,104.540011997794970398190558255434438499172324,104.540011997794970398190558255434438499134121,7.30889e-40,0.141510862644446810845684008072,0.141510862644446810845684008072,0.716978274711106378308631983855,1.23973e-39,0.000994998,98.0,104.540011997794970398190558255434438499143747,True,,,40,2669,2.22,U:x-space B&B (unconditional) + C:logit (conditional on C-15 Thm 1),
C,50,2,2,1-1e-5,0.99999,CERTIFIED,U:x-space B&B (unconditional) + C:logit (conditional on C-15 Thm 1),True,True,98.0062559697801546303612007574010462566781752,98.0062559697801546303612007574010462567516436,98.0062559697801546303612007574010462567149094,7.4963e-40,0.142855533889589244432101018401,0.142855533889589244432101018401,0.714288932220821511135797963198,1.23118e-39,0.00100445,98.0,98.0062559697801546303612007574010462567274638,True,,,40,2875,1.93,U:x-space B&B (unconditional) + C:logit (conditional on C-15 Thm 1),
C,50,2,2,1-1e-10,0.9999999999,CERTIFIED,U:x-space B&B (unconditional) + C:logit (conditional on C-15 Thm 1),True,True,98.0000000625569908583666757324451808880339241,98.0000000625569908583666757324451808881073925,98.0000000625569908583666757324451808880706583,7.49678e-40,0.142857142841050336806542319466,0.142857142841050336806542319466,0.714285714317899326386915361068,1.35152e-39,0.00100446,98.0,98.0000000625569908583666757324451808880787813,True,,,40,3141,2.17,U:x-space B&B (unconditional) + C:logit (conditional on C-15 Thm 1),
D,0.001,0.001,0.5,2/3+1e-8,0.666666676666666666666666666666666666666666667,CERTIFIED,U:x-space B&B (unconditional) + C:logit (conditional on C-15 Thm 1),True,True,167583885747519642535353.278514521857024510497,167583885747519642535353.278514521857024510707,167583885747519642535353.278514521857024510602,1.25254e-42,0.333333335344635331450890789829,0.333333332327682334274554605086,0.333333332327682334274554605086,1.98934e-50,0.01875,0.593442719099991587856366946749,167583885747519642535353.278514521857024510591,True,,,50,349,0.43,U:x-space B&B (unconditional) + C:logit (conditional on C-15 Thm 1),
D,0.001,0.001,0.5,2/3+1e-4,0.666766666666666666666666666666666666666666667,CERTIFIED,U:x-space B&B (unconditional) + C:logit (conditional on C-15 Thm 1),True,True,167553552760.183419870223510200842018514346752,167553552760.183419870223510200842018694778174,167553552760.183419870223510200842018604560885,1.07686e-36,0.333353449998740181228801367708,0.333323275000629909385599316146,0.333323275000629909385599316146,2.62471e-40,0.0187494,0.593442719099991587856366946749,167553552760.183419870223510200842018608789188,True,,,40,349,0.32,U:x-space B&B (unconditional) + C:logit (conditional on C-15 Thm 1),
D,0.001,0.001,0.5,0.7,0.7,CERTIFIED,U:x-space B&B (unconditional) + C:logit (conditional on C-15 Thm 1),True,True,4249.4676499509236498408180194112404286462015,4249.46764995092364984081801941124042866886503,4249.46764995092364984081801941124042865758028,5.33326e-39,0.340497618400965096521906820272,0.329751190799517451739046589864,0.329751190799517451739046589864,2.77948e-40,0.0185485,0.593442719099991587856366946749,4249.46764995092364984081801941124042866265371,True,,,40,369,0.31,U:x-space B&B (unconditional) + C:logit (conditional on C-15 Thm 1),
D,0.001,0.001,0.5,2/3+1e-1,0.766666666666666666666666666666666666666666667,CERTIFIED,U:x-space B&B (unconditional) + C:logit (conditional on C-15 Thm 1),True,True,135.887788350356068930661116494896952459334715,135.88778835035606893066111649489695245962565,135.887788350356068930661116494896952459478713,2.14099e-39,0.358964337347913348809549607771,0.320517831326043325595225196115,0.320517831326043325595225196115,5.01408e-40,0.0180291,0.593442719099991587856366946749,135.887788350356068930661116494896952459545218,True,,,40,405,0.28,U:x-space B&B (unconditional) + C:logit (conditional on C-15 Thm 1),
D,0.001,0.001,0.5,0.8,0.8,CERTIFIED,U:x-space B&B (unconditional) + C:logit (conditional on C-15 Thm 1),True,True,52.3917473091401267108446915419138376314232089,52.3917473091401267108446915419138376314922692,52.3917473091401267108446915419138376314577391,1.31815e-39,0.371701724580899987485272707206,0.314149137709550006257363646397,0.314149137709550006257363646397,6.2484e-40,0.0176709,0.593442719099991587856366946749,52.3917473091401267108446915419138376314645806,True,,,40,427,0.29,U:x-space B&B (unconditional) + C:logit (conditional on C-15 Thm 1),
D,0.001,0.001,0.5,0.9,0.9,CERTIFIED,U:x-space B&B (unconditional) + C:logit (conditional on C-15 Thm 1),True,True,6.54072024844407200024528666537455279708753915,6.54072024844407200024528666537455279709580434,6.54072024844407200024528666537455279709167175,1.26365e-39,0.445309156241282876672368742858,0.277345421879358561663815628571,0.277345421879358561663815628571,1.11906e-39,0.00780034,0.593442719099991587856366946749,6.54072024844407200024528666537455279709276363,True,,,40,725,0.48,U:x-space B&B (unconditional) + C:logit (conditional on C-15 Thm 1),
D,0.001,0.001,0.5,0.95,0.95,CERTIFIED,U:x-space B&B (unconditional) + C:logit (conditional on C-15 Thm 1),True,True,2.54878479229662184751872884042179107995143638,2.54878479229662184751872884042179107995465063,2.54878479229662184751872884042179107995304351,1.26109e-39,0.537983818933721641774883956662,0.231008090533139179112558021669,0.231008090533139179112558021669,2.49481e-39,0.00324855,0.593442719099991587856366946749,2.54878479229662184751872884042179107995348928,True,,,40,1415,0.96,U:x-space B&B (unconditional) + C:logit (conditional on C-15 Thm 1),
D,0.001,0.001,0.5,1-1e-2,0.99,CERTIFIED,U:x-space B&B (unconditional) + C:logit (conditional on C-15 Thm 1),True,True,0.971802377664500385682378488553140291146703158,0.971802377664500385682378488553140291147897019,0.971802377664500385682378488553140291147300088,1.2285e-39,0.738645683203621550875093273126,0.130677158398189224562453363437,0.130677158398189224562453363437,6.74886e-39,0.000459412,0.593442719099991587856366946749,0.971802377664500385682378488553140291147486016,True,,,40,6887,5.39,U:x-space B&B (unconditional) + C:logit (conditional on C-15 Thm 1),
D,0.001,0.001,0.5,1-1e-5,0.99999,CERTIFIED,U:x-space B&B (unconditional) + C:logit (conditional on C-15 Thm 1),True,True,0.594057349533420330806073144326173651163669188,0.594057349533420330806073144326173651165620692,0.59405734953342033080607314432617365116464494,3.28504e-39,0.917447653772104457006425505927,0.0412761731139477714967872470367,0.0412761731139477714967872470367,3.71703e-38,3.62779e-5,0.593442719099991587856366946749,0.594057349533420330806073144326173651164933785,True,,,40,34323,21.6,U:x-space B&B (unconditional) + C:logit (conditional on C-15 Thm 1),
D,0.001,0.001,0.5,1-1e-10,0.9999999999,CERTIFIED,U:x-space B&B (unconditional) + C:logit (conditional on C-15 Thm 1),True,True,0.593442725259262774152826630515732151201623865,0.593442725259262774152826630515732151204505204,0.593442725259262774152826630515732151203058795,4.85529e-39,0.917900480236215684734759002865,0.0410497598818921576326204985677,0.0410497598818921576326204985677,5.65481e-38,3.60789e-5,0.593442719099991587856366946749,0.593442725259262774152826630515732151203489429,True,,,40,34701,22.56,U:x-space B&B (unconditional) + C:logit (conditional on C-15 Thm 1),
D,0.02,0.5,0.8,2/3+1e-8,0.666666676666666666666666666666666666666666667,CERTIFIED,U:x-space B&B (unconditional) + C:logit (conditional on C-15 Thm 1),True,True,167583888233941485159799.668644053710722066909,167583888233941485159799.668644053710722067119,167583888233941485159799.668644053710722067014,1.25254e-42,0.333333335509892591995930458756,0.333333333696093221181975883207,0.333333330794014186822093658036,4.17109e-50,0.01875,3.03789327688082207935946890133,167583888233941485159799.668644053710722067003,True,,,50,349,0.39,U:x-space B&B (unconditional) + C:logit (conditional on C-15 Thm 1),
D,0.02,0.5,0.8,2/3+1e-4,0.666766666666666666666666666666666666666666667,CERTIFIED,U:x-space B&B (unconditional) + C:logit (conditional on C-15 Thm 1),True,True,167578416583.367316653161596476052718356321078,167578416583.367316653161596476052718536834541,167578416583.367316653161596476052718446579387,1.07719e-36,0.333355101084605437614375460951,0.333336962432531861406821829192,0.333307936482862700978802709856,3.06144e-40,0.0187486,3.03789327688082207935946890133,167578416583.367316653161596476052718450830042,True,,,40,349,0.37,U:x-space B&B (unconditional) + C:logit (conditional on C-15 Thm 1),
D,0.02,0.5,0.8,0.7,0.7,CERTIFIED,U:x-space B&B (unconditional) + C:logit (conditional on C-15 Thm 1),True,True,4472.62145618639244918602542533190061010016385,4472.62145618639244918602542533190061012442605,4472.62145618639244918602542533190061011229495,5.4246e-39,0.340857808085304574961804405282,0.334721166518550419078661462379,0.324421025396145005959534132339,5.61266e-40,0.0182487,3.03789327688082207935946890133,4472.62145618639244918602542533190061011752017,True,,,40,381,0.43,U:x-space B&B (unconditional) + C:logit (conditional on C-15 Thm 1),
D,0.02,0.5,0.8,2/3+1e-1,0.766666666666666666666666666666666666666666667,CERTIFIED,U:x-space B&B (unconditional) + C:logit (conditional on C-15 Thm 1),True,True,160.898922470121402893971214572020287326690128,160.898922470121402893971214572020287327025144,160.898922470121402893971214572020287326857636,2.08215e-39,0.358171313044255011328536301912,0.338864083436793943742752033398,0.302964603518951044928711664691,1.49602e-39,0.0170418,3.03789327688082207935946890133,160.898922470121402893971214572020287326928692,True,,,40,475,0.42,U:x-space B&B (unconditional) + C:logit (conditional on C-15 Thm 1),
D,0.02,0.5,0.8,0.8,0.8,CERTIFIED,U:x-space B&B (unconditional) + C:logit (conditional on C-15 Thm 1),True,True,66.6076550253487779683421324803011326675453139,66.6076550253487779683421324803011326676364147,66.6076550253487779683421324803011326675908643,1.36772e-39,0.368533355502300099373959951986,0.341912405055026964404262649092,0.289554239442672936221777398922,7.23726e-39,0.0162874,3.03789327688082207935946890133,66.6076550253487779683421324803011326676046065,True,,,40,531,0.36,U:x-space B&B (unconditional) + C:logit (conditional on C-15 Thm 1),
D,0.02,0.5,0.8,0.9,0.9,CERTIFIED,U:x-space B&B (unconditional) + C:logit (conditional on C-15 Thm 1),True,True,11.3708418608797611141952599889055536970862454,11.3708418608797611141952599889055536971002044,11.3708418608797611141952599889055536970932249,1.22761e-39,0.412688696530966554355972828151,0.358600544404014799048279532584,0.228710759065018646595747639265,2.49442e-39,0.00321625,3.03789327688082207935946890133,11.3708418608797611141952599889055536970949446,True,,,40,1331,0.96,U:x-space B&B (unconditional) + C:logit (conditional on C-15 Thm 1),
D,0.02,0.5,0.8,0.95,0.95,CERTIFIED,U:x-space B&B (unconditional) + C:logit (conditional on C-15 Thm 1),True,True,5.85104365222960598950777944796104732548249245,5.85104365222960598950777944796104732548809441,5.85104365222960598950777944796104732548524751,9.5743e-40,0.449493454468547719547132571392,0.375565272814998206266069900737,0.174941272716454074186797527872,8.27791e-39,0.00123006,3.03789327688082207935946890133,5.85104365222960598950777944796104732548583071,True,,,40,2729,1.98,U:x-space B&B (unconditional) + C:logit (conditional on C-15 Thm 1),
D,0.02,0.5,0.8,1-1e-2,0.99,CERTIFIED,U:x-space B&B (unconditional) + C:logit (conditional on C-15 Thm 1),True,True,3.49483872957271077128230665610442462909967482,3.49483872957271077128230665610442462910233805,3.49483872957271077128230665610442462910100643,7.62046e-40,0.496663046204509120788778955426,0.398462883769623682559438884204,0.10487407002586719665178216037,2.15231e-38,0.000184349,3.03789327688082207935946890133,3.49483872957271077128230665610442462910138275,True,,,40,9291,5.73,U:x-space B&B (unconditional) + C:logit (conditional on C-15 Thm 1),
D,0.02,0.5,0.8,1-1e-5,0.99999,CERTIFIED,U:x-space B&B (unconditional) + C:logit (conditional on C-15 Thm 1),True,True,3.03833620947649592215911353678290755158099458,3.03833620947649592215911353678290755158324455,3.0383362094764959221591135367829075515820966,7.40527e-40,0.513149275812135200072000511304,0.405687009889117445483737352361,0.081163714298747354444262136335,1.96438e-38,7.13353e-5,3.03789327688082207935946890133,3.03833620947649592215911353678290755158238707,True,,,40,15293,10.26,U:x-space B&B (unconditional) + C:logit (conditional on C-15 Thm 1),
D,0.02,0.5,0.8,1-1e-10,0.9999999999,CERTIFIED,U:x-space B&B (unconditional) + C:logit (conditional on C-15 Thm 1),True,True,3.03789328131003523282311556793335757660068969,3.03789328131003523282311556793335757660362843,3.03789328131003523282311556793335757660215906,9.6736e-40,0.513167019317412794780796657641,0.405694150349546969879170688628,0.0811388303330402353400326537309,2.7157e-38,7.13134e-5,3.03789327688082207935946890133,3.03789328131003523282311556793335757660258589,True,,,40,15587,10.01,U:x-space B&B (unconditional) + C:logit (conditional on C-15 Thm 1),
D,0.1,0.3,0.9,2/3+1e-8,0.666666676666666666666666666666666666666666667,CERTIFIED,U:x-space B&B (unconditional) + C:logit (conditional on C-15 Thm 1),True,True,167583888173148773952600.820739412631773197159,167583888173148773952600.820739412631773197369,167583888173148773952600.820739412631773197264,1.25254e-42,0.333333336154799032232378856419,0.333333332527200284024733317418,0.333333331318000683742887826163,3.30178e-50,0.01875,3.2856406460551018348219570732,167583888173148773952600.820739412631773197253,True,,,50,349,0.34,U:x-space B&B (unconditional) + C:logit (conditional on C-15 Thm 1),
D,0.1,0.3,0.9,2/3+1e-4,0.666766666666666666666666666666666666666666667,CERTIFIED,U:x-space B&B (unconditional) + C:logit (conditional on C-15 Thm 1),True,True,167577808554.120321986882167646779301072125394,167577808554.120321986882167646779301252632546,167577808554.120321986882167646779301162380548,1.07715e-36,0.333361550111141586465020648516,0.333325272148900256589370777086,0.333313177739958156945608574398,2.8371e-40,0.0187489,3.2856406460551018348219570732,167577808554.120321986882167646779301166627476,True,,,40,349,0.36,U:x-space B&B (unconditional) + C:logit (conditional on C-15 Thm 1),
D,0.1,0.3,0.9,0.7,0.7,CERTIFIED,U:x-space B&B (unconditional) + C:logit (conditional on C-15 Thm 1),True,True,4466.88010957504314026798031040005303940528411,4466.88010957504314026798031040005303942945228,4466.88010957504314026798031040005303941732118,5.41052e-39,0.343008713948598220959927629495,0.330657330788359648169422703651,0.326333955263042130870649666854,5.16333e-40,0.0183563,3.2856406460551018348219570732,4466.8801095750431402679803104000530394226094,True,,,40,377,0.29,U:x-space B&B (unconditional) + C:logit (conditional on C-15 Thm 1),
D,0.1,0.3,0.9,2/3+1e-1,0.766666666666666666666666666666666666666666667,CERTIFIED,U:x-space B&B (unconditional) + C:logit (conditional on C-15 Thm 1),True,True,160.233676477017375045195979807284016001782463,160.233676477017375045195979807284016002111601,160.233676477017375045195979807284016001947032,2.05412e-39,0.364728295046699010721476881446,0.325288167885089238814944886158,0.309983537068211750463578232395,1.05304e-39,0.0174366,3.2856406460551018348219570732,160.233676477017375045195979807284016002013719,True,,,40,467,0.35,U:x-space B&B (unconditional) + C:logit (conditional on C-15 Thm 1),
D,0.1,0.3,0.9,0.8,0.8,CERTIFIED,U:x-space B&B (unconditional) + C:logit (conditional on C-15 Thm 1),True,True,66.2411789347545694689776130695670772585336963,66.2411789347545694689776130695670772586262665,66.2411789347545694689776130695670772585807161,1.39747e-39,0.377403282224394389204998113315,0.32255076548763525221139168031,0.300045952287970358583610206375,2.65838e-39,0.0168776,3.2856406460551018348219570732,66.2411789347545694689776130695670772585925304,True,,,40,493,0.44,U:x-space B&B (unconditional) + C:logit (conditional on C-15 Thm 1),
D,0.1,0.3,0.9,0.9,0.9,CERTIFIED,U:x-space B&B (unconditional) + C:logit (conditional on C-15 Thm 1),True,True,11.3156896344142870514277851156591990373554828,11.3156896344142870514277851156591990373685234,11.3156896344142870514277851156591990373620949,1.15244e-39,0.428791808816952623732301429335,0.314028730132949375660756407529,0.257179461050098000606942163136,9.04945e-39,0.00723317,3.2856406460551018348219570732,11.3156896344142870514277851156591990373634094,True,,,40,947,0.77,U:x-space B&B (unconditional) + C:logit (conditional on C-15 Thm 1),
D,0.1,0.3,0.9,0.95,0.95,CERTIFIED,U:x-space B&B (unconditional) + C:logit (conditional on C-15 Thm 1),True,True,5.90118512624798509712918115880945497535851121,5.90118512624798509712918115880945497536466419,5.90118512624798509712918115880945497536163361,1.04267e-39,0.467682514995679493360816187449,0.30937108200511272074811210909,0.222946402999207785891071703461,6.82833e-39,0.00313518,3.2856406460551018348219570732,5.90118512624798509712918115880945497536236909,True,,,40,1679,1.14,U:x-space B&B (unconditional) + C:logit (conditional on C-15 Thm 1),
D,0.1,0.3,0.9,1-1e-2,0.99,CERTIFIED,U:x-space B&B (unconditional) + C:logit (conditional on C-15 Thm 1),True,True,3.68314718077956082399442819821339324069021812,3.68314718077956082399442819821339324069288135,3.68314718077956082399442819821339324069154973,7.23085e-40,0.510399133166521916717487273011,0.304148428120205285354439520523,0.185452438713272797928073206467,5.81948e-39,0.00130396,3.2856406460551018348219570732,3.6831471807795608239944281982133932406918826,True,,,40,2839,2.25,U:x-space B&B (unconditional) + C:logit (conditional on C-15 Thm 1),
D,0.1,0.3,0.9,1-1e-5,0.99999,CERTIFIED,U:x-space B&B (unconditional) + C:logit (conditional on C-15 Thm 1),True,True,3.28601458073838419438973479639124174017418873,3.2860145807383841943897347963912417401764387,3.28601458073838419438973479639124174017533667,6.84711e-40,0.523359367296097522630312425977,0.302171696703749435390244404255,0.174468936000153041979443169768,2.3095e-38,0.00122673,3.2856406460551018348219570732,3.28601458073838419438973479639124174017553953,True,,,40,3443,2.9,U:x-space B&B (unconditional) + C:logit (conditional on C-15 Thm 1),
D,0.1,0.3,0.9,1-1e-10,0.9999999999,CERTIFIED,U:x-space B&B (unconditional) + C:logit (conditional on C-15 Thm 1),True,True,3.28564064979422481749194262867642782319689199,3.28564064979422481749194262867642782319964706,3.28564064979422481749194262867642782319826952,8.38517e-40,0.523372890425789959067067331,0.302169479274139460880559980662,0.174457630300070580052372688338,2.64086e-38,0.00122666,3.2856406460551018348219570732,3.28564064979422481749194262867642782319861363,True,,,40,3707,2.57,U:x-space B&B (unconditional) + C:logit (conditional on C-15 Thm 1),
D,0.25,0.75,0.999,2/3+1e-8,0.666666676666666666666666666666666666666666667,CERTIFIED,U:x-space B&B (unconditional) + C:logit (conditional on C-15 Thm 1),True,True,167583890297853996466937.942883278471370169908,167583890297853996466937.942883278471370170118,167583890297853996466937.942883278471370170013,1.25254e-42,0.333333335344635299612130880676,0.333333333839181834096900203314,0.33333333081618286629096891601,3.7167e-50,0.01875,5.59570984427232058456643189478,167583890297853996466937.942883278471370170002,True,,,50,349,0.3,U:x-space B&B (unconditional) + C:logit (conditional on C-15 Thm 1),
D,0.25,0.75,0.999,2/3+1e-4,0.666766666666666666666666666666666666666666667,CERTIFIED,U:x-space B&B (unconditional) + C:logit (conditional on C-15 Thm 1),True,True,167599055760.121823435566245460953775390426889,167599055760.121823435566245460953775570943508,167599055760.121823435566245460953775480685198,1.07707e-36,0.333353446813887213419031997438,0.33333839295874785731033025336,0.333308160227364929270637749201,3.33746e-40,0.0187486,5.59570984427232058456643189478,167599055760.121823435566245460953775484923833,True,,,40,349,0.31,U:x-space B&B (unconditional) + C:logit (conditional on C-15 Thm 1),
D,0.25,0.75,0.999,0.7,0.7,CERTIFIED,U:x-space B&B (unconditional) + C:logit (conditional on C-15 Thm 1),True,True,4658.90226033261753701536005593950831654238822,4658.90226033261753701536005593950831656759082,4658.90226033261753701536005593950831655498952,5.40956e-39,0.340102435457007327090424799376,0.335147674473951500416061217889,0.324749890069041172493513982735,6.23765e-40,0.0182672,5.59570984427232058456643189478,4658.90226033261753701536005593950831656012013,True,,,40,393,0.28,U:x-space B&B (unconditional) + C:logit (conditional on C-15 Thm 1),
D,0.25,0.75,0.999,2/3+1e-1,0.766666666666666666666666666666666666666666667,CERTIFIED,U:x-space B&B (unconditional) + C:logit (conditional on C-15 Thm 1),True,True,181.969304075600379065628063383294013220959012,181.969304075600379065628063383294013221349864,181.969304075600379065628063383294013221152969,2.1479e-39,0.354285263677149202055357132867,0.339589868964723765542943893556,0.306124867358127032401698973577,1.89837e-39,0.0172195,5.59570984427232058456643189478,181.969304075600379065628063383294013221233118,True,,,40,491,0.32,U:x-space B&B (unconditional) + C:logit (conditional on C-15 Thm 1),
D,0.25,0.75,0.999,0.8,0.8,CERTIFIED,U:x-space B&B (unconditional) + C:logit (conditional on C-15 Thm 1),True,True,78.6416811419058060939890343896240698519501844,78.6416811419058060939890343896240698520589176,78.641681141905806093989034389624069852004551,1.38264e-39,0.36188443049491704345377711213,0.342261894245482511706775170336,0.295853675259600444839447717534,5.79822e-40,0.00832088,5.59570984427232058456643189478,78.64168114190580609398903438962406985201604,True,,,40,643,0.46,U:x-space B&B (unconditional) + C:logit (conditional on C-15 Thm 1),
D,0.25,0.75,0.999,0.9,0.9,CERTIFIED,U:x-space B&B (unconditional) + C:logit (conditional on C-15 Thm 1),True,True,15.6177709272246026497451154122335467248542146,15.617770927224602649745115412233546724872398,15.6177709272246026497451154122335467248633982,1.16428e-39,0.388073687974322164102073118676,0.35244654243541977708427969472,0.259479769590258058813647186604,1.24414e-38,0.00729787,5.59570984427232058456643189478,15.6177709272246026497451154122335467248655249,True,,,40,1007,0.67,U:x-space B&B (unconditional) + C:logit (conditional on C-15 Thm 1),
D,0.25,0.75,0.999,0.95,0.95,CERTIFIED,U:x-space B&B (unconditional) + C:logit (conditional on C-15 Thm 1),True,True,8.9406436578472268890767050768748979469065613,8.94064365784722688907670507687489794691501017,8.94064365784722688907670507687489794691078573,9.44995e-40,0.403975019297033500130360931901,0.358902248398090946391896299424,0.237122732304875553477742768675,2.96856e-39,0.00333454,5.59570984427232058456643189478,8.94064365784722688907670507687489794691189582,True,,,40,1563,1.07,U:x-space B&B (unconditional) + C:logit (conditional on C-15 Thm 1),
D,0.25,0.75,0.999,1-1e-2,0.99,CERTIFIED,U:x-space B&B (unconditional) + C:logit (conditional on C-15 Thm 1),True,True,6.11116954407425130414425344972532643688041415,6.1111695440742513041442534497253264368839039,6.11116954407425130414425344972532643688215903,5.71044e-40,0.418576730626717955522084407769,0.364629501994064067300819810473,0.216793767379217977177095781758,1.46508e-39,0.00152433,5.59570984427232058456643189478,6.11116954407425130414425344972532643688251246,True,,,40,2273,1.45,U:x-space B&B (unconditional) + C:logit (conditional on C-15 Thm 1),
D,0.25,0.75,0.999,1-1e-5,0.99999,CERTIFIED,U:x-space B&B (unconditional) + C:logit (conditional on C-15 Thm 1),True,True,5.59619605221886771094437276522048958350498802,5.59619605221886771094437276522048958350847777,5.59619605221886771094437276522048958350673289,6.23593e-40,0.42252365174952994177717000377,0.366101314915016968056468090924,0.211375033335453090166361905306,2.07785e-39,0.00148623,5.59570984427232058456643189478,5.5961960522188677109443727652204895835071118,True,,,40,2587,1.52,U:x-space B&B (unconditional) + C:logit (conditional on C-15 Thm 1),
D,0.25,0.75,0.999,1-1e-10,0.9999999999,CERTIFIED,U:x-space B&B (unconditional) + C:logit (conditional on C-15 Thm 1),True,True,5.59570984913412148624806678777043751584042266,5.59570984913412148624806678777043751584455526,5.59570984913412148624806678777043751584244304,7.3853e-40,0.422527665983148374644858804056,0.366102789743792969897743885448,0.211369544273058655457397310496,2.3738e-39,0.00148619,5.59570984427232058456643189478,5.59570984913412148624806678777043751584307447,True,,,40,2855,1.77,U:x-space B&B (unconditional) + C:logit (conditional on C-15 Thm 1),
D,0.5,0.5,0.5,2/3+1e-8,0.666666676666666666666666666666666666666666667,CERTIFIED,U:x-space B&B (unconditional) + C:logit (conditional on C-15 Thm 1),True,True,167583888781075885362995.145306348094150701946,167583888781075885362995.145306348094150702156,167583888781075885362995.145306348094150702051,1.25254e-42,0.333333333333333333333333333333,0.333333333333333333333333333333,0.333333333333333333333333333333,1.15933e-50,0.01875,4.5,167583888781075885362995.14530634809415070204,True,,,50,349,0.32,U:x-space B&B (unconditional) + C:logit (conditional on C-15 Thm 1),
D,0.5,0.5,0.5,2/3+1e-4,0.666766666666666666666666666666666666666666667,CERTIFIED,U:x-space B&B (unconditional) + C:logit (conditional on C-15 Thm 1),True,True,167583888780.950912569986239911972387959880865,167583888780.950912569986239911972388140403794,167583888780.950912569986239911972388050142329,1.07721e-36,0.333333333333333333333333333333,0.333333333333333333333333333333,0.333333333333333333333333333333,9.96067e-41,0.01875,4.5,167583888780.950912569986239911972388054391848,True,,,40,349,0.29,U:x-space B&B (unconditional) + C:logit (conditional on C-15 Thm 1),
D,0.5,0.5,0.5,0.7,0.7,CERTIFIED,U:x-space B&B (unconditional) + C:logit (conditional on C-15 Thm 1),True,True,4524.64908418550261621653399402467759774545333,4524.64908418550261621653399402467759776980957,4524.64908418550261621653399402467759775758443,5.38301e-39,0.333333333333333333333333333333,0.333333333333333333333333333333,0.333333333333333333333333333333,1.07863e-40,0.01875,4.5,4524.64908418550261621653399402467759776286059,True,,,40,367,0.29,U:x-space B&B (unconditional) + C:logit (conditional on C-15 Thm 1),
D,0.5,0.5,0.5,2/3+1e-1,0.766666666666666666666666666666666666666666667,CERTIFIED,U:x-space B&B (unconditional) + C:logit (conditional on C-15 Thm 1),True,True,167.486545441166682973238215441349402620873265,167.486545441166682973238215441349402621214159,167.486545441166682973238215441349402621043712,2.03535e-39,0.333333333333333333333333333333,0.333333333333333333333333333333,0.333333333333333333333333333333,1.38096e-40,0.01875,4.5,167.486545441166682973238215441349402621107739,True,,,40,427,0.41,U:x-space B&B (unconditional) + C:logit (conditional on C-15 Thm 1),
D,0.5,0.5,0.5,0.8,0.8,CERTIFIED,U:x-space B&B (unconditional) + C:logit (conditional on C-15 Thm 1),True,True,70.6117426489206313474221808071653905831769008,70.6117426489206313474221808071653905832680016,70.6117426489206313474221808071653905832224512,1.29017e-39,0.333333333333333333333333333333,0.333333333333333333333333333333,0.333333333333333333333333333333,1.68245e-40,0.01875,4.5,70.6117426489206313474221808071653905832352031,True,,,40,455,0.31,U:x-space B&B (unconditional) + C:logit (conditional on C-15 Thm 1),
D,0.5,0.5,0.5,0.9,0.9,CERTIFIED,U:x-space B&B (unconditional) + C:logit (conditional on C-15 Thm 1),True,True,13.1346610530940292452290357748689596926461867,13.1346610530940292452290357748689596926608803,13.1346610530940292452290357748689596926535335,1.11869e-39,0.333333333333333333333333333333,0.333333333333333333333333333333,0.333333333333333333333333333333,1.30453e-39,0.01875,4.5,13.1346610530940292452290357748689596926552351,True,,,40,561,0.41,U:x-space B&B (unconditional) + C:logit (conditional on C-15 Thm 1),
D,0.5,0.5,0.5,0.95,0.95,CERTIFIED,U:x-space B&B (unconditional) + C:logit (conditional on C-15 Thm 1),True,True,7.32684645271880596453948764203452506913665223,7.32684645271880596453948764203452506914326439,7.32684645271880596453948764203452506913995831,9.02456e-40,0.333333333333333333333333333333,0.333333333333333333333333333333,0.333333333333333333333333333333,1.3483e-40,0.009375,4.5,7.32684645271880596453948764203452506914073608,True,,,40,797,0.53,U:x-space B&B (unconditional) + C:logit (conditional on C-15 Thm 1),
D,0.5,0.5,0.5,1-1e-2,0.99,CERTIFIED,U:x-space B&B (unconditional) + C:logit (conditional on C-15 Thm 1),True,True,4.92971016060241924889851377031797302427686578,4.92971016060241924889851377031797302428017186,4.92971016060241924889851377031797302427851882,6.70643e-40,0.333333333333333333333333333333,0.333333333333333333333333333333,0.333333333333333333333333333333,1.77391e-40,0.009375,4.5,4.92971016060241924889851377031797302427901697,True,,,40,933,0.61,U:x-space B&B (unconditional) + C:logit (conditional on C-15 Thm 1),
D,0.5,0.5,0.5,1-1e-5,0.99999,CERTIFIED,U:x-space B&B (unconditional) + C:logit (conditional on C-15 Thm 1),True,True,4.50040402762499424804180789346911663819898223,4.50040402762499424804180789346911663820192096,4.5004040276249942480418078934691166382004516,6.52994e-40,0.333333333333333333333333333333,0.333333333333333333333333333333,0.333333333333333333333333333333,1.9271e-40,0.009375,4.5,4.50040402762499424804180789346911663820076818,True,,,40,1113,0.67,U:x-space B&B (unconditional) + C:logit (conditional on C-15 Thm 1),
D,0.5,0.5,0.5,1-1e-10,0.9999999999,CERTIFIED,U:x-space B&B (unconditional) + C:logit (conditional on C-15 Thm 1),True,True,4.5000000040400319674525989914556439696569617,4.50000000404003196745259899145564396966072695,4.50000000404003196745259899145564396965889024,8.36723e-40,0.333333333333333333333333333333,0.333333333333333333333333333333,0.333333333333333333333333333333,1.92727e-40,0.009375,4.5,4.50000000404003196745259899145564396965934068,True,,,40,1377,0.72,U:x-space B&B (unconditional) + C:logit (conditional on C-15 Thm 1),
D,0.9,0.9,0.05,2/3+1e-8,0.666666676666666666666666666666666666666666667,CERTIFIED,U:x-space B&B (unconditional) + C:logit (conditional on C-15 Thm 1),True,True,167583889844948300329704.181693176128122883712,167583889844948300329704.181693176128122883922,167583889844948300329704.181693176128122883817,1.25254e-42,0.333333329907267833379513231967,0.333333335046366083310243384016,0.333333335046366083310243384016,3.32432e-50,0.01875,4.49852813742385702928101323453,167583889844948300329704.181693176128122883806,True,,,50,349,0.32,U:x-space B&B (unconditional) + C:logit (conditional on C-15 Thm 1),
D,0.9,0.9,0.05,2/3+1e-4,0.666766666666666666666666666666666666666666667,CERTIFIED,U:x-space B&B (unconditional) + C:logit (conditional on C-15 Thm 1),True,True,167594526177.450498513122737075364302422705379,167594526177.450498513122737075364302603240931,167594526177.450498513122737075364302512973155,1.07722e-36,0.333299069260095587410461572394,0.333350465369952206294769213803,0.333350465369952206294769213803,2.96915e-40,0.0187481,4.49852813742385702928101323453,167594526177.450498513122737075364302517221661,True,,,40,349,0.31,U:x-space B&B (unconditional) + C:logit (conditional on C-15 Thm 1),
D,0.9,0.9,0.05,0.7,0.7,CERTIFIED,U:x-space B&B (unconditional) + C:logit (conditional on C-15 Thm 1),True,True,4616.39062737909045999072307421754960268255799,4616.39062737909045999072307421754960270747847,4616.39062737909045999072307421754960269497121,5.39826e-39,0.321502907049968072164328557009,0.339248546475015963917835721496,0.339248546475015963917835721496,4.30689e-40,0.0180845,4.49852813742385702928101323453,4616.3906273790904599907230742175496027003465,True,,,40,373,0.28,U:x-space B&B (unconditional) + C:logit (conditional on C-15 Thm 1),
D,0.9,0.9,0.05,2/3+1e-1,0.766666666666666666666666666666666666666666667,CERTIFIED,U:x-space B&B (unconditional) + C:logit (conditional on C-15 Thm 1),True,True,176.716707908362217095227923690809111469073668,176.716707908362217095227923690809111469438072,176.71670790836221709522792369080911146925587,2.06208e-39,0.294711827493066249509323038429,0.352644086253466875245338480786,0.352644086253466875245338480786,6.7813e-40,0.0165775,4.49852813742385702928101323453,176.716707908362217095227923690809111469326975,True,,,40,421,0.3,U:x-space B&B (unconditional) + C:logit (conditional on C-15 Thm 1),
D,0.9,0.9,0.05,0.8,0.8,CERTIFIED,U:x-space B&B (unconditional) + C:logit (conditional on C-15 Thm 1),True,True,75.4853660906660883856463787398100023020941869,75.4853660906660883856463787398100023021941039,75.4853660906660883856463787398100023021441454,1.32366e-39,0.279162661689344201460582358168,0.360418669155327899269708820916,0.360418669155327899269708820916,5.99731e-40,0.0157029,4.49852813742385702928101323453,75.4853660906660883856463787398100023021558211,True,,,40,463,0.3,U:x-space B&B (unconditional) + C:logit (conditional on C-15 Thm 1),
D,0.9,0.9,0.05,0.9,0.9,CERTIFIED,U:x-space B&B (unconditional) + C:logit (conditional on C-15 Thm 1),True,True,14.2640030954614754795810697649061472896166334,14.2640030954614754795810697649061472896324291,14.2640030954614754795810697649061472896245313,1.10738e-39,0.217615952967426810020246446339,0.39119202351628659498987677683,0.39119202351628659498987677683,4.51464e-39,0.0122409,4.49852813742385702928101323453,14.2640030954614754795810697649061472896263291,True,,,40,733,0.62,U:x-space B&B (unconditional) + C:logit (conditional on C-15 Thm 1),
D,0.9,0.9,0.05,0.95,0.95,CERTIFIED,U:x-space B&B (unconditional) + C:logit (conditional on C-15 Thm 1),True,True,7.81427092800593273563342313993258050652606877,7.81427092800593273563342313993258050653396663,7.8142709280059327356334231399325805065300177,1.0107e-39,0.171701705586165313970640381453,0.414149147206917343014679809274,0.414149147206917343014679809274,1.63514e-39,0.00482911,4.49852813742385702928101323453,7.81427092800593273563342313993258050653105985,True,,,40,1121,0.74,U:x-space B&B (unconditional) + C:logit (conditional on C-15 Thm 1),
D,0.9,0.9,0.05,1-1e-2,0.99,CERTIFIED,U:x-space B&B (unconditional) + C:logit (conditional on C-15 Thm 1),True,True,5.02511800123289919653897892580306706715773149,5.02511800123289919653897892580306706716122124,5.02511800123289919653897892580306706715947636,6.94461e-40,0.120748137447577356947463437647,0.439625931276211321526268281176,0.439625931276211321526268281176,1.27568e-38,0.00339604,4.49852813742385702928101323453,5.02511800123289919653897892580306706715985498,True,,,40,2445,1.51,U:x-space B&B (unconditional) + C:logit (conditional on C-15 Thm 1),
D,0.9,0.9,0.05,1-1e-5,0.99999,CERTIFIED,U:x-space B&B (unconditional) + C:logit (conditional on C-15 Thm 1),True,True,4.49903049363359696145216106424909954620861187,4.49903049363359696145216106424909954621182612,4.49903049363359696145216106424909954621026491,7.1443e-40,0.10544227672796426026141615641,0.447278861636017869869291921795,0.447278861636017869869291921795,7.58468e-38,0.00296556,4.49852813742385702928101323453,4.49903049363359696145216106424909954621062391,True,,,40,2909,1.79,U:x-space B&B (unconditional) + C:logit (conditional on C-15 Thm 1),
D,0.9,0.9,0.05,1-1e-10,0.9999999999,CERTIFIED,U:x-space B&B (unconditional) + C:logit (conditional on C-15 Thm 1),True,True,4.49852814244719290972794827216270755238506301,4.49852814244719290972794827216270755238892011,4.49852814244719290972794827216270755238699156,8.57412e-40,0.105426498386501232844597852459,0.44728675080674938357770107377,0.44728675080674938357770107377,9.2484e-38,0.00296512,4.49852813742385702928101323453,4.49852814244719290972794827216270755238742037,True,,,40,3179,1.87,U:x-space B&B (unconditional) + C:logit (conditional on C-15 Thm 1),
E,0.2,0.8,0.5,2/3+1e-8,0.666666676666666666666666666666666666666666667,CERTIFIED,U:x-space B&B (unconditional) + C:logit (conditional on C-15 Thm 1),True,True,167583888781075880401035.041510217412134126338,167583888781075880401035.041510217412134126548,167583888781075880401035.041510217412134126443,1.25254e-42,0.333333333333333339913069660398,0.333333335147132710727024190119,0.333333331519533949359906149483,3.11561e-50,0.01875,4.19736659610102759919933612666,167583888781075880401035.041510217412134126432,True,,,50,349,0.33,U:x-space B&B (unconditional) + C:logit (conditional on C-15 Thm 1),
E,0.2,0.8,0.5,2/3+1e-4,0.666766666666666666666666666666666666666666667,CERTIFIED,U:x-space B&B (unconditional) + C:logit (conditional on C-15 Thm 1),True,True,167583888284.709884324124686368960474323259405,167583888284.709884324124686368960474503772868,167583888284.709884324124686368960474413517714,1.07715e-36,0.333333333991366657874652075648,0.333351472643394393572329803777,0.333315193365238948553018120576,2.2151e-40,0.018749,4.19736659610102759919933612666,167583888284.709884324124686368960474417761862,True,,,40,349,0.34,U:x-space B&B (unconditional) + C:logit (conditional on C-15 Thm 1),
E,0.2,0.8,0.5,0.7,0.7,CERTIFIED,U:x-space B&B (unconditional) + C:logit (conditional on C-15 Thm 1),True,True,4523.10779581345831823754402801963424210956282,4523.10779581345831823754402801963424213391906,4523.10779581345831823754402801963424212178796,5.38485e-39,0.333408985221810907644627705037,0.339543759305999424385562179436,0.327047255472189667969810115527,4.08147e-40,0.0183964,4.19736659610102759919933612666,4523.10779581345831823754402801963424212708617,True,,,40,369,0.29,U:x-space B&B (unconditional) + C:logit (conditional on C-15 Thm 1),
E,0.2,0.8,0.5,2/3+1e-1,0.766666666666666666666666666666666666666666667,CERTIFIED,U:x-space B&B (unconditional) + C:logit (conditional on C-15 Thm 1),True,True,166.920552619662971186894976094116409673805697,166.920552619662971186894976094116409674137774,166.920552619662971186894976094116409673970266,1.98943e-39,0.334079551141841796782425504174,0.353324258290008332659658431308,0.312596190568149870557916064518,8.75456e-40,0.0175835,4.19736659610102759919933612666,166.920552619662971186894976094116409674034039,True,,,40,453,0.3,U:x-space B&B (unconditional) + C:logit (conditional on C-15 Thm 1),
E,0.2,0.8,0.5,0.8,0.8,CERTIFIED,U:x-space B&B (unconditional) + C:logit (conditional on C-15 Thm 1),True,True,70.1602532354284454910067600348504925472858746,70.1602532354284454910067600348504925473813835,70.1602532354284454910067600348504925473328944,1.3613e-39,0.334736741839362607287812306622,0.361189697642968061716762301337,0.304073560517669330995425392041,1.65112e-39,0.0171041,4.19736659610102759919933612666,70.16025323542844549100676003485049254734574,True,,,40,495,0.3,U:x-space B&B (unconditional) + C:logit (conditional on C-15 Thm 1),
E,0.2,0.8,0.5,0.9,0.9,CERTIFIED,U:x-space B&B (unconditional) + C:logit (conditional on C-15 Thm 1),True,True,12.8092116116175008764517800901644477884662108,12.8092116116175008764517800901644477884820065,12.8092116116175008764517800901644477884741086,1.23315e-39,0.338531617163558849154096909529,0.391096435459974876593990073917,0.270371947376466274251913016554,3.23609e-39,0.00760421,4.19736659610102759919933612666,12.8092116116175008764517800901644477884757844,True,,,40,915,0.57,U:x-space B&B (unconditional) + C:logit (conditional on C-15 Thm 1),
E,0.2,0.8,0.5,0.95,0.95,CERTIFIED,U:x-space B&B (unconditional) + C:logit (conditional on C-15 Thm 1),True,True,7.01925146926668546913514179758812165333904414,7.01925146926668546913514179758812165334556446,7.01925146926668546913514179758812165334235022,9.2892e-40,0.341646688590271213694182136107,0.41130324998322153575728274601,0.247050061426507250548535117884,2.03969e-39,0.00347414,4.19736659610102759919933612666,7.01925146926668546913514179758812165334310768,True,,,40,1401,0.88,U:x-space B&B (unconditional) + C:logit (conditional on C-15 Thm 1),
E,0.2,0.8,0.5,1-1e-2,0.99,CERTIFIED,U:x-space B&B (unconditional) + C:logit (conditional on C-15 Thm 1),True,True,4.62681653298330709815836241379855481770388078,4.62681653298330709815836241379855481770691135,4.62681653298330709815836241379855481770544198,6.55001e-40,0.344472675259893831581282088519,0.431053579957517332547437336839,0.224473744782588835871280574642,1.31863e-38,0.00315666,4.19736659610102759919933612666,4.62681653298330709815836241379855481770591002,True,,,40,1873,1.5,U:x-space B&B (unconditional) + C:logit (conditional on C-15 Thm 1),
E,0.2,0.8,0.5,1-1e-5,0.99999,CERTIFIED,U:x-space B&B (unconditional) + C:logit (conditional on C-15 Thm 1),True,True,4.19777050963558180325495076190878354465164612,4.19777050963558180325495076190878354465486036,4.19777050963558180325495076190878354465320732,7.65702e-40,0.345140353078249449001337870397,0.436567024832407064862986201689,0.218292622089343486135675927913,2.35884e-39,0.00153487,4.19736659610102759919933612666,4.19777050963558180325495076190878354465360604,True,,,40,2381,1.39,U:x-space B&B (unconditional) + C:logit (conditional on C-15 Thm 1),
E,0.2,0.8,0.5,1-1e-10,0.9999999999,CERTIFIED,U:x-space B&B (unconditional) + C:logit (conditional on C-15 Thm 1),True,True,4.19736660013992005085134437519667303765616772,4.19736660013992005085134437519667303765993297,4.19736660013992005085134437519667303765809626,8.97052e-40,0.345140998493941278271000888412,0.436572667609973587720729983662,0.218286333896085134008269127925,2.5013e-39,0.00153483,4.19736659610102759919933612666,4.19736660013992005085134437519667303765844964,True,,,40,2645,1.63,U:x-space B&B (unconditional) + C:logit (conditional on C-15 Thm 1),
E,0.5,0.5,0.5,2/3+1e-8,0.666666676666666666666666666666666666666666667,CERTIFIED,U:x-space B&B (unconditional) + C:logit (conditional on C-15 Thm 1),True,True,167583888781075885362995.145306348094150701946,167583888781075885362995.145306348094150702156,167583888781075885362995.145306348094150702051,1.25254e-42,0.333333333333333333333333333333,0.333333333333333333333333333333,0.333333333333333333333333333333,1.15933e-50,0.01875,4.5,167583888781075885362995.14530634809415070204,True,,,50,349,0.41,U:x-space B&B (unconditional) + C:logit (conditional on C-15 Thm 1),
E,0.5,0.5,0.5,2/3+1e-4,0.666766666666666666666666666666666666666666667,CERTIFIED,U:x-space B&B (unconditional) + C:logit (conditional on C-15 Thm 1),True,True,167583888780.950912569986239911972387959880865,167583888780.950912569986239911972388140403794,167583888780.950912569986239911972388050142329,1.07721e-36,0.333333333333333333333333333333,0.333333333333333333333333333333,0.333333333333333333333333333333,9.96067e-41,0.01875,4.5,167583888780.950912569986239911972388054391848,True,,,40,349,0.37,U:x-space B&B (unconditional) + C:logit (conditional on C-15 Thm 1),
E,0.5,0.5,0.5,0.7,0.7,CERTIFIED,U:x-space B&B (unconditional) + C:logit (conditional on C-15 Thm 1),True,True,4524.64908418550261621653399402467759774545333,4524.64908418550261621653399402467759776980957,4524.64908418550261621653399402467759775758443,5.38301e-39,0.333333333333333333333333333333,0.333333333333333333333333333333,0.333333333333333333333333333333,1.07863e-40,0.01875,4.5,4524.64908418550261621653399402467759776286059,True,,,40,367,0.27,U:x-space B&B (unconditional) + C:logit (conditional on C-15 Thm 1),
E,0.5,0.5,0.5,2/3+1e-1,0.766666666666666666666666666666666666666666667,CERTIFIED,U:x-space B&B (unconditional) + C:logit (conditional on C-15 Thm 1),True,True,167.486545441166682973238215441349402620873265,167.486545441166682973238215441349402621214159,167.486545441166682973238215441349402621043712,2.03535e-39,0.333333333333333333333333333333,0.333333333333333333333333333333,0.333333333333333333333333333333,1.38096e-40,0.01875,4.5,167.486545441166682973238215441349402621107739,True,,,40,427,0.32,U:x-space B&B (unconditional) + C:logit (conditional on C-15 Thm 1),
E,0.5,0.5,0.5,0.8,0.8,CERTIFIED,U:x-space B&B (unconditional) + C:logit (conditional on C-15 Thm 1),True,True,70.6117426489206313474221808071653905831769008,70.6117426489206313474221808071653905832680016,70.6117426489206313474221808071653905832224512,1.29017e-39,0.333333333333333333333333333333,0.333333333333333333333333333333,0.333333333333333333333333333333,1.68245e-40,0.01875,4.5,70.6117426489206313474221808071653905832352031,True,,,40,455,0.3,U:x-space B&B (unconditional) + C:logit (conditional on C-15 Thm 1),
E,0.5,0.5,0.5,0.9,0.9,CERTIFIED,U:x-space B&B (unconditional) + C:logit (conditional on C-15 Thm 1),True,True,13.1346610530940292452290357748689596926461867,13.1346610530940292452290357748689596926608803,13.1346610530940292452290357748689596926535335,1.11869e-39,0.333333333333333333333333333333,0.333333333333333333333333333333,0.333333333333333333333333333333,1.30453e-39,0.01875,4.5,13.1346610530940292452290357748689596926552351,True,,,40,561,0.38,U:x-space B&B (unconditional) + C:logit (conditional on C-15 Thm 1),
E,0.5,0.5,0.5,0.95,0.95,CERTIFIED,U:x-space B&B (unconditional) + C:logit (conditional on C-15 Thm 1),True,True,7.32684645271880596453948764203452506913665223,7.32684645271880596453948764203452506914326439,7.32684645271880596453948764203452506913995831,9.02456e-40,0.333333333333333333333333333333,0.333333333333333333333333333333,0.333333333333333333333333333333,1.3483e-40,0.009375,4.5,7.32684645271880596453948764203452506914073608,True,,,40,797,0.57,U:x-space B&B (unconditional) + C:logit (conditional on C-15 Thm 1),
E,0.5,0.5,0.5,1-1e-2,0.99,CERTIFIED,U:x-space B&B (unconditional) + C:logit (conditional on C-15 Thm 1),True,True,4.92971016060241924889851377031797302427686578,4.92971016060241924889851377031797302428017186,4.92971016060241924889851377031797302427851882,6.70643e-40,0.333333333333333333333333333333,0.333333333333333333333333333333,0.333333333333333333333333333333,1.77391e-40,0.009375,4.5,4.92971016060241924889851377031797302427901697,True,,,40,933,0.66,U:x-space B&B (unconditional) + C:logit (conditional on C-15 Thm 1),
E,0.5,0.5,0.5,1-1e-5,0.99999,CERTIFIED,U:x-space B&B (unconditional) + C:logit (conditional on C-15 Thm 1),True,True,4.50040402762499424804180789346911663819898223,4.50040402762499424804180789346911663820192096,4.5004040276249942480418078934691166382004516,6.52994e-40,0.333333333333333333333333333333,0.333333333333333333333333333333,0.333333333333333333333333333333,1.9271e-40,0.009375,4.5,4.50040402762499424804180789346911663820076818,True,,,40,1113,0.59,U:x-space B&B (unconditional) + C:logit (conditional on C-15 Thm 1),
E,0.5,0.5,0.5,1-1e-10,0.9999999999,CERTIFIED,U:x-space B&B (unconditional) + C:logit (conditional on C-15 Thm 1),True,True,4.5000000040400319674525989914556439696569617,4.50000000404003196745259899145564396966072695,4.50000000404003196745259899145564396965889024,8.36723e-40,0.333333333333333333333333333333,0.333333333333333333333333333333,0.333333333333333333333333333333,1.92727e-40,0.009375,4.5,4.50000000404003196745259899145564396965934068,True,,,40,1377,0.65,U:x-space B&B (unconditional) + C:logit (conditional on C-15 Thm 1),
E,1,1,1,2/3+1e-8,0.666666676666666666666666666666666666666666667,CERTIFIED,U:x-space B&B (unconditional) + C:logit (conditional on C-15 Thm 1),True,True,167583893340529149268195.360280920537714656263,167583893340529149268195.360280920537714656472,167583893340529149268195.360280920537714656368,1.25254e-42,0.333333333333333333333333333333,0.333333333333333333333333333333,0.333333333333333333333333333333,1.15933e-50,0.01875,9.0,167583893340529149268195.360280920537714656356,True,,,50,349,0.31,U:x-space B&B (unconditional) + C:logit (conditional on C-15 Thm 1),
E,1,1,1,2/3+1e-4,0.666766666666666666666666666666666666666666667,CERTIFIED,U:x-space B&B (unconditional) + C:logit (conditional on C-15 Thm 1),True,True,167629483314.089930560247897740703692574213709,167629483314.08993056024789774070369275478397,167629483314.089930560247897740703692664500417,1.0772e-36,0.333333333333333333333333333333,0.333333333333333333333333333333,0.333333333333333333333333333333,9.96275e-41,0.01875,9.0,167629483314.089930560247897740703692668732787,True,,,40,349,0.35,U:x-space B&B (unconditional) + C:logit (conditional on C-15 Thm 1),
E,1,1,1,0.7,0.7,CERTIFIED,U:x-space B&B (unconditional) + C:logit (conditional on C-15 Thm 1),True,True,4935.48872732317803869647902651459797966812029,4935.48872732317803869647902651459797969567388,4935.48872732317803869647902651459797968185007,5.58275e-39,0.333333333333333333333333333333,0.333333333333333333333333333333,0.333333333333333333333333333333,1.17348e-40,0.01875,9.0,4935.48872732317803869647902651459797968768935,True,,,40,399,0.29,U:x-space B&B (unconditional) + C:logit (conditional on C-15 Thm 1),
E,1,1,1,2/3+1e-1,0.766666666666666666666666666666666666666666667,CERTIFIED,U:x-space B&B (unconditional) + C:logit (conditional on C-15 Thm 1),True,True,213.548423940685916596056730560372052057795022,213.548423940685916596056730560372052058250526,213.548423940685916596056730560372052058024243,2.13302e-39,0.333333333333333333333333333333,0.333333333333333333333333333333,0.333333333333333333333333333333,1.96309e-40,0.01875,9.0,213.548423940685916596056730560372052058105568,True,,,40,477,0.33,U:x-space B&B (unconditional) + C:logit (conditional on C-15 Thm 1),
E,1,1,1,0.8,0.8,CERTIFIED,U:x-space B&B (unconditional) + C:logit (conditional on C-15 Thm 1),True,True,96.7154941467416273742783861443646213401263678,96.7154941467416273742783861443646213402615496,96.7154941467416273742783861443646213401939587,1.39773e-39,0.333333333333333333333333333333,0.333333333333333333333333333333,0.333333333333333333333333333333,2.99968e-40,0.01875,9.0,96.7154941467416273742783861443646213402102941,True,,,40,505,0.42,U:x-space B&B (unconditional) + C:logit (conditional on C-15 Thm 1),
E,1,1,1,0.9,0.9,CERTIFIED,U:x-space B&B (unconditional) + C:logit (conditional on C-15 Thm 1),True,True,21.9349677272044052438195938705703957789676733,21.9349677272044052438195938705703957789919179,21.9349677272044052438195938705703957789797956,1.10529e-39,0.333333333333333333333333333333,0.333333333333333333333333333333,0.333333333333333333333333333333,1.26138e-40,0.009375,9.0,21.9349677272044052438195938705703957789826725,True,,,40,745,0.47,U:x-space B&B (unconditional) + C:logit (conditional on C-15 Thm 1),
E,1,1,1,0.95,0.95,CERTIFIED,U:x-space B&B (unconditional) + C:logit (conditional on C-15 Thm 1),True,True,13.4172204387339389052043201934541348602808478,13.4172204387339389052043201934541348602935211,13.4172204387339389052043201934541348602872763,9.44555e-40,0.333333333333333333333333333333,0.333333333333333333333333333333,0.333333333333333333333333333333,1.5424e-40,0.009375,9.0,13.4172204387339389052043201934541348602887117,True,,,40,837,0.5,U:x-space B&B (unconditional) + C:logit (conditional on C-15 Thm 1),
E,1,1,1,1-1e-2,0.99,CERTIFIED,U:x-space B&B (unconditional) + C:logit (conditional on C-15 Thm 1),True,True,9.69023780551587858353636336618204463294376184,9.69023780551587858353636336618204463295000666,9.69023780551587858353636336618204463294688425,6.44444e-40,0.333333333333333333333333333333,0.333333333333333333333333333333,0.333333333333333333333333333333,1.83966e-40,0.009375,9.0,9.69023780551587858353636336618204463294756871,True,,,40,945,0.57,U:x-space B&B (unconditional) + C:logit (conditional on C-15 Thm 1),
E,1,1,1,1-1e-5,0.99999,CERTIFIED,U:x-space B&B (unconditional) + C:logit (conditional on C-15 Thm 1),True,True,9.00065300330336507178997253557018981192174813,9.0006530033033650717899725355701898119276256,9.00065300330336507178997253557018981192468686,6.53005e-40,0.333333333333333333333333333333,0.333333333333333333333333333333,0.333333333333333333333333333333,1.92718e-40,0.009375,9.0,9.00065300330336507178997253557018981192542345,True,,,40,1121,0.63,U:x-space B&B (unconditional) + C:logit (conditional on C-15 Thm 1),
E,1,1,1,1-1e-10,0.9999999999,CERTIFIED,U:x-space B&B (unconditional) + C:logit (conditional on C-15 Thm 1),True,True,9.00000000652967771479624184819568867448239069,9.00000000652967771479624184819568867448900285,9.00000000652967771479624184819568867448569677,7.34684e-40,0.333333333333333333333333333333,0.333333333333333333333333333333,0.333333333333333333333333333333,1.92727e-40,0.009375,9.0,9.00000000652967771479624184819568867448647211,True,,,40,1385,0.69,U:x-space B&B (unconditional) + C:logit (conditional on C-15 Thm 1),
E,1.01,0.99,1.005,2/3+1e-8,0.666666676666666666666666666666666666666666667,CERTIFIED,U:x-space B&B (unconditional) + C:logit (conditional on C-15 Thm 1),True,True,167583893355727326808573.297600983967789226982,167583893355727326808573.297600983967789227192,167583893355727326808573.297600983967789227087,1.25254e-42,0.33333333335348665942531508534,0.333333333262796692027846541379,0.333333333383716648546838373281,7.72889e-51,0.01875,9.01483740224193623310612635898,167583893355727326808573.297600983967789227076,True,,,50,349,0.33,U:x-space B&B (unconditional) + C:logit (conditional on C-15 Thm 1),
E,1.01,0.99,1.005,2/3+1e-4,0.666766666666666666666666666666666666666666667,CERTIFIED,U:x-space B&B (unconditional) + C:logit (conditional on C-15 Thm 1),True,True,167629635295.269424966500885689796952805013352,167629635295.269424966500885689796952985605701,167629635295.269424966500885689796952895309526,1.07733e-36,0.333333534848870385678271405264,0.333332628030597985140527412197,0.33333383712053162918120118254,9.9627e-41,0.01875,9.01483740224193623310612635898,167629635295.269424966500885689796952899565657,True,,,40,349,0.34,U:x-space B&B (unconditional) + C:logit (conditional on C-15 Thm 1),
E,1.01,0.99,1.005,0.7,0.7,CERTIFIED,U:x-space B&B (unconditional) + C:logit (conditional on C-15 Thm 1),True,True,4936.85607136025849882518500317226157646736158,4936.85607136025849882518500317226157649482113,4936.85607136025849882518500317226157648109135,5.56215e-39,0.333398651165587647293113248471,0.333104883217092726275543135241,0.333496465617319626431343616288,1.37982e-40,0.0187371,9.01483740224193623310612635898,4936.85607136025849882518500317226157648661146,True,,,40,399,0.29,U:x-space B&B (unconditional) + C:logit (conditional on C-15 Thm 1),
E,1.01,0.99,1.005,2/3+1e-1,0.766666666666666666666666666666666666666666667,CERTIFIED,U:x-space B&B (unconditional) + C:logit (conditional on C-15 Thm 1),True,True,213.701105370977227948801032176485220984704298,213.701105370977227948801032176485220985159802,213.701105370977227948801032176485220984933519,2.1315e-39,0.333519887619669904907062353658,0.332681560418409512118529846778,0.333798551961920582974407799563,1.93989e-40,0.0187133,9.01483740224193623310612635898,213.701105370977227948801032176485220985011145,True,,,40,475,0.34,U:x-space B&B (unconditional) + C:logit (conditional on C-15 Thm 1),
E,1.01,0.99,1.005,0.8,0.8,CERTIFIED,U:x-space B&B (unconditional) + C:logit (conditional on C-15 Thm 1),True,True,96.801833857410186981667363738812315682753481,96.8018338574101869816673637388123156828901322,96.8018338574101869816673637388123156828225413,1.41166e-39,0.333576818423221122890485416549,0.332482999495444387052770936456,0.333940182081334490056743646995,3.90311e-40,0.0187022,9.01483740224193623310612635898,96.8018338574101869816673637388123156828417554,True,,,40,503,0.34,U:x-space B&B (unconditional) + C:logit (conditional on C-15 Thm 1),
E,1.01,0.99,1.005,0.9,0.9,CERTIFIED,U:x-space B&B (unconditional) + C:logit (conditional on C-15 Thm 1),True,True,21.963937380296862491502554991208473025298774,21.9639373802968624915025549912084730253222839,21.9639373802968624915025549912084730253105289,1.07039e-39,0.333737705485735193282202728069,0.331922213814045820962481963768,0.334340080700218985755315308163,1.7126e-40,0.00933531,9.01483740224193623310612635898,21.9639373802968624915025549912084730253132906,True,,,40,741,0.5,U:x-space B&B (unconditional) + C:logit (conditional on C-15 Thm 1),
E,1.01,0.99,1.005,0.95,0.95,CERTIFIED,U:x-space B&B (unconditional) + C:logit (conditional on C-15 Thm 1),True,True,13.4372641184063819916248691722592987858629366,13.4372641184063819916248691722592987858750589,13.4372641184063819916248691722592987858689978,9.02139e-40,0.3338146284039780914020585504,0.331654082367920182449916477528,0.334531289228101726148024972072,2.52428e-40,0.00932777,9.01483740224193623310612635898,13.4372641184063819916248691722592987858705066,True,,,40,839,0.54,U:x-space B&B (unconditional) + C:logit (conditional on C-15 Thm 1),
E,1.01,0.99,1.005,1-1e-2,0.99,CERTIFIED,U:x-space B&B (unconditional) + C:logit (conditional on C-15 Thm 1),True,True,9.70592537329566710119343213481673364285229625,9.70592537329566710119343213481673364285945942,9.70592537329566710119343213481673364285596967,7.3802e-40,0.333875376540124059993198154062,0.331442237890112173048174506159,0.334682385569763766958627339779,2.99114e-40,0.00932181,9.01483740224193623310612635898,9.70592537329566710119343213481673364285662081,True,,,40,947,0.57,U:x-space B&B (unconditional) + C:logit (conditional on C-15 Thm 1),
E,1.01,0.99,1.005,1-1e-5,0.99999,CERTIFIED,U:x-space B&B (unconditional) + C:logit (conditional on C-15 Thm 1),True,True,9.01549121736761730630030030883580561260555544,9.01549121736761730630030030883580561261198393,9.01549121736761730630030030883580561260867785,7.13049e-40,0.333890499809322273146426153124,0.331389479983604966699733103101,0.334720020207072760153840743775,3.45427e-40,0.00932033,9.01483740224193623310612635898,9.01549121736761730630030030883580561260962539,True,,,40,1123,0.61,U:x-space B&B (unconditional) + C:logit (conditional on C-15 Thm 1),
E,1.01,0.99,1.005,1-1e-10,0.9999999999,CERTIFIED,U:x-space B&B (unconditional) + C:logit (conditional on C-15 Thm 1),True,True,9.01483740877973180254523148911584363095236514,9.01483740877973180254523148911584363095916097,9.01483740877973180254523148911584363095585489,7.53849e-40,0.333890514943853009524439974994,0.331389427181961316155862114527,0.334720057874185674319697910479,2.57899e-40,0.00932033,9.01483740224193623310612635898,9.01483740877973180254523148911584363095636435,True,,,40,1387,0.76,U:x-space B&B (unconditional) + C:logit (conditional on C-15 Thm 1),
E,1.5,4,2,2/3+1e-8,0.666666676666666666666666666666666666666666667,CERTIFIED,U:x-space B&B (unconditional) + C:logit (conditional on C-15 Thm 1),True,True,167583907018888844501249.931389734226909245724,167583907018888844501249.931389734226909245934,167583907018888844501249.931389734226909245829,1.25254e-42,0.333333330310334685375659513221,0.333333342402329459976775172353,0.333333327287335854647565314427,8.29731e-50,0.01875,21.5199353501964909786562157293,167583907018888844501249.931389734226909245818,True,,,50,349,0.33,U:x-space B&B (unconditional) + C:logit (conditional on C-15 Thm 1),
E,1.5,4,2,2/3+1e-4,0.666766666666666666666666666666666666666666667,CERTIFIED,U:x-space B&B (unconditional) + C:logit (conditional on C-15 Thm 1),True,True,167766257275.863380453894234370770342874641657,167766257275.863380453894234370770343055426488,167766257275.86338045389423437077034296503565,1.0776e-36,0.333303132553511806763242757372,0.333423953918393037427382021254,0.333272913528095155809375221373,7.0716e-40,0.0187466,21.5199353501964909786562157293,167766257275.863380453894234370770342969285232,True,,,40,349,0.32,U:x-space B&B (unconditional) + C:logit (conditional on C-15 Thm 1),
E,1.5,4,2,0.7,0.7,CERTIFIED,U:x-space B&B (unconditional) + C:logit (conditional on C-15 Thm 1),True,True,6146.59934976459684978906617187883594267853386,6146.59934976459684978906617187883594271379869,6146.59934976459684978906617187883594269621329,5.73729e-39,0.325614750182777874435350073923,0.357724371936849770458263607082,0.316660877880372355106386318995,2.21289e-39,0.0178122,21.5199353501964909786562157293,6146.59934976459684978906617187883594270276554,True,,,40,469,0.33,U:x-space B&B (unconditional) + C:logit (conditional on C-15 Thm 1),
E,1.5,4,2,2/3+1e-1,0.766666666666666666666666666666666666666666667,CERTIFIED,U:x-space B&B (unconditional) + C:logit (conditional on C-15 Thm 1),True,True,346.784665988455280555105309556585358136244748,346.784665988455280555105309556585358137008819,346.784665988455280555105309556585358136626784,2.2033e-39,0.31696059928868881971986135527,0.387828537853744866942528452798,0.295210862857566313337610191932,1.36058e-39,0.00830281,21.5199353501964909786562157293,346.784665988455280555105309556585358136745393,True,,,40,785,0.66,U:x-space B&B (unconditional) + C:logit (conditional on C-15 Thm 1),
E,1.5,4,2,0.8,0.8,CERTIFIED,U:x-space B&B (unconditional) + C:logit (conditional on C-15 Thm 1),True,True,171.720985370571184949355357396862216175532628,171.720985370571184949355357396862216175779482,171.720985370571184949355357396862216175656055,1.43753e-39,0.314087256405101496993488013729,0.398224550520319468828098278332,0.287688193074579034178413707939,1.89571e-39,0.00809123,21.5199353501964909786562157293,171.720985370571184949355357396862216175684828,True,,,40,899,0.57,U:x-space B&B (unconditional) + C:logit (conditional on C-15 Thm 1),
E,1.5,4,2,0.9,0.9,CERTIFIED,U:x-space B&B (unconditional) + C:logit (conditional on C-15 Thm 1),True,True,46.8037991886828999378662872675909018829390361,46.8037991886828999378662872675909018829919334,46.8037991886828999378662872675909018829654847,1.13019e-39,0.308127005854648583486622451082,0.419702176670592012528634761838,0.27217081747475940398474278708,1.3065e-39,0.0038274,21.5199353501964909786562157293,46.8037991886828999378662872675909018829711354,True,,,40,1253,0.79,U:x-space B&B (unconditional) + C:logit (conditional on C-15 Thm 1),
E,1.5,4,2,0.95,0.95,CERTIFIED,U:x-space B&B (unconditional) + C:logit (conditional on C-15 Thm 1),True,True,30.4967701191560781933140550847239149358853312,30.4967701191560781933140550847239149359110452,30.4967701191560781933140550847239149358981882,8.43169e-40,0.30617778364046443511393745731,0.426557694294271676488294001381,0.26726452206526388839776854131,1.37629e-39,0.00375841,21.5199353501964909786562157293,30.4967701191560781933140550847239149359015525,True,,,40,1375,1.02,U:x-space B&B (unconditional) + C:logit (conditional on C-15 Thm 1),
E,1.5,4,2,1-1e-2,0.99,CERTIFIED,U:x-space B&B (unconditional) + C:logit (conditional on C-15 Thm 1),True,True,22.9568682762207317147697718008738887081361973,22.9568682762207317147697718008738887081486869,22.9568682762207317147697718008738887081424421,5.44048e-40,0.305066711319938319894165482156,0.430406195893771281038150680169,0.264527092786290399067683837675,1.02104e-39,0.00371991,21.5199353501964909786562157293,22.9568682762207317147697718008738887081435193,True,,,40,1485,0.95,U:x-space B&B (unconditional) + C:logit (conditional on C-15 Thm 1),
E,1.5,4,2,1-1e-5,0.99999,CERTIFIED,U:x-space B&B (unconditional) + C:logit (conditional on C-15 Thm 1),True,True,21.5213019952084637929238752539775478727286581,21.5213019952084637929238752539775478727418824,21.5213019952084637929238752539775478727352703,6.14475e-40,0.304856035008724197553739582511,0.431130585769394611974894200856,0.264013379221881190471366216634,1.35106e-39,0.00371269,21.5199353501964909786562157293,21.5213019952084637929238752539775478727373062,True,,,40,1657,0.99,U:x-space B&B (unconditional) + C:logit (conditional on C-15 Thm 1),
E,1.5,4,2,1-1e-10,0.9999999999,CERTIFIED,U:x-space B&B (unconditional) + C:logit (conditional on C-15 Thm 1),True,True,21.5199353638622683207456965509402934163789337,21.5199353638622683207456965509402934163936274,21.5199353638622683207456965509402934163862806,6.82794e-40,0.304855838346999716340316994625,0.431131261149412459958991692386,0.264012900503587823700691312989,1.54778e-39,0.00371268,21.5199353501964909786562157293,21.5199353638622683207456965509402934163879013,True,,,40,1927,1.01,U:x-space B&B (unconditional) + C:logit (conditional on C-15 Thm 1),
E,3,0.5,1,2/3+1e-8,0.666666676666666666666666666666666666666666667,CERTIFIED,U:x-space B&B (unconditional) + C:logit (conditional on C-15 Thm 1),True,True,167583897899982316690843.001441598265542663867,167583897899982316690843.001441598265542664077,167583897899982316690843.001441598265542663972,1.25254e-42,0.333333330310334575713409440819,0.333333327287335635323048594181,0.333333342402329788963541965,1.08824e-49,0.01875,11.8278049202940277340538654819,167583897899982316690843.001441598265542663961,True,,,50,349,0.39,U:x-space B&B (unconditional) + C:logit (conditional on C-15 Thm 1),
E,3,0.5,1,2/3+1e-4,0.666766666666666666666666666666666666666666667,CERTIFIED,U:x-space B&B (unconditional) + C:logit (conditional on C-15 Thm 1),True,True,167675068203.095420247260272763661054593397483,167675068203.095420247260272763661054773999298,167675068203.095420247260272763661054683696813,1.07709e-36,0.333303121608303612935671766262,0.333272891621135441927640778886,0.333423986770560945136687454851,8.68483e-40,0.0187466,11.8278049202940277340538654819,167675068203.09542024726027276366105468793145,True,,,40,349,0.31,U:x-space B&B (unconditional) + C:logit (conditional on C-15 Thm 1),
E,3,0.5,1,0.7,0.7,CERTIFIED,U:x-space B&B (unconditional) + C:logit (conditional on C-15 Thm 1),True,True,5320.73992870934270764611793875784610583664343,5320.73992870934270764611793875784610586664205,5320.73992870934270764611793875784610585159572,5.63805e-39,0.324908302838068429319987795333,0.314895390530730211805521431143,0.360196306631201358874490773524,1.28506e-39,0.0177129,11.8278049202940277340538654819,5320.73992870934270764611793875784610585774203,True,,,40,397,0.33,U:x-space B&B (unconditional) + C:logit (conditional on C-15 Thm 1),
E,3,0.5,1,2/3+1e-1,0.766666666666666666666666666666666666666666667,CERTIFIED,U:x-space B&B (unconditional) + C:logit (conditional on C-15 Thm 1),True,True,252.412737444793230840977560610188076075648015,252.412737444793230840977560610188076076165233,252.412737444793230840977560610188076075906624,2.04909e-39,0.313929492366655133463656202128,0.284837952135402835443477517743,0.401232555497942031092866280129,1.59168e-39,0.0160221,11.8278049202940277340538654819,252.412737444793230840977560610188076075999784,True,,,40,491,0.32,U:x-space B&B (unconditional) + C:logit (conditional on C-15 Thm 1),
E,3,0.5,1,0.8,0.8,CERTIFIED,U:x-space B&B (unconditional) + C:logit (conditional on C-15 Thm 1),True,True,117.740718339765960198258621883153850691426925,117.740718339765960198258621883153850691585616,117.74071833976596019825862188315385069150627,1.34781e-39,0.30993801953138100300141059425,0.27190055681896078400060603433,0.418161423649658212997983371419,1.77263e-39,0.0152944,11.8278049202940277340538654819,117.740718339765960198258621883153850691521252,True,,,40,585,0.36,U:x-space B&B (unconditional) + C:logit (conditional on C-15 Thm 1),
E,3,0.5,1,0.9,0.9,CERTIFIED,U:x-space B&B (unconditional) + C:logit (conditional on C-15 Thm 1),True,True,28.1773900427374728502172325456634434991786027,28.1773900427374728502172325456634434992087247,28.1773900427374728502172325456634434991936637,1.06901e-39,0.300291031097233320197224929912,0.237550434541059108432760392203,0.462158534361707571370014677885,1.21177e-39,0.00668111,11.8278049202940277340538654819,28.1773900427374728502172325456634434991974777,True,,,40,913,0.67,U:x-space B&B (unconditional) + C:logit (conditional on C-15 Thm 1),
E,3,0.5,1,0.95,0.95,CERTIFIED,U:x-space B&B (unconditional) + C:logit (conditional on C-15 Thm 1),True,True,17.484354730416879749952505637717036026651799,17.4843547304168797499525056377170360266675947,17.4843547304168797499525056377170360266595132,9.03419e-40,0.295756105669311970935169558933,0.221593484283242176085701237658,0.482650410047445852979129203409,1.34373e-39,0.00623232,11.8278049202940277340538654819,17.4843547304168797499525056377170360266615401,True,,,40,1023,0.7,U:x-space B&B (unconditional) + C:logit (conditional on C-15 Thm 1),
E,3,0.5,1,1-1e-2,0.99,CERTIFIED,U:x-space B&B (unconditional) + C:logit (conditional on C-15 Thm 1),True,True,12.7188300727759693993939069120084305038681037,12.7188300727759693993939069120084305038761853,12.7188300727759693993939069120084305038721445,6.35398e-40,0.291830237789299024157526561827,0.20883788508491819528645067407,0.499331877125782780556022764103,1.25613e-39,0.00587357,11.8278049202940277340538654819,12.7188300727759693993939069120084305038731375,True,,,40,1171,0.92,U:x-space B&B (unconditional) + C:logit (conditional on C-15 Thm 1),
E,3,0.5,1,1-1e-5,0.99999,CERTIFIED,U:x-space B&B (unconditional) + C:logit (conditional on C-15 Thm 1),True,True,11.8286493772331364087569426975237701705500028,11.8286493772331364087569426975237701705575333,11.8286493772331364087569426975237701705538598,6.36633e-40,0.290769962013761272795215214761,0.205607893946444613722524872839,0.503622144039794113482259912399,1.33856e-39,0.00578272,11.8278049202940277340538654819,11.8286493772331364087569426975237701705548479,True,,,40,1373,0.93,U:x-space B&B (unconditional) + C:logit (conditional on C-15 Thm 1),
E,3,0.5,1,1-1e-10,0.9999999999,CERTIFIED,U:x-space B&B (unconditional) + C:logit (conditional on C-15 Thm 1),True,True,11.8278049287381523131872104085175683550295048,11.8278049287381523131872104085175683550386883,11.8278049287381523131872104085175683550340966,7.76437e-40,0.290768879945131825138162022722,0.205604646792040243988502003098,0.50362647326282793087333597418,1.59484e-39,0.00578263,11.8278049202940277340538654819,11.8278049287381523131872104085175683550350385,True,,,40,1641,1.1,U:x-space B&B (unconditional) + C:logit (conditional on C-15 Thm 1),
E,3,3,3,2/3+1e-8,0.666666676666666666666666666666666666666666667,CERTIFIED,U:x-space B&B (unconditional) + C:logit (conditional on C-15 Thm 1),True,True,167583911578342204889003.720177917980101109504,167583911578342204889003.720177917980101109714,167583911578342204889003.720177917980101109609,1.25254e-42,0.333333333333333333333333333333,0.333333333333333333333333333333,0.333333333333333333333333333333,1.54578e-50,0.01875,27.0,167583911578342204889003.720177917980101109598,True,,,50,349,0.3,U:x-space B&B (unconditional) + C:logit (conditional on C-15 Thm 1),
E,3,3,3,2/3+1e-4,0.666766666666666666666666666666666666666666667,CERTIFIED,U:x-space B&B (unconditional) + C:logit (conditional on C-15 Thm 1),True,True,167811861454.133096941826258380480303344742553,167811861454.133096941826258380480303525587338,167811861454.133096941826258380480303435164946,1.07766e-36,0.333333333333333333333333333333,0.333333333333333333333333333333,0.333333333333333333333333333333,1.32948e-40,0.01875,27.0,167811861454.133096941826258380480303439412341,True,,,40,349,0.32,U:x-space B&B (unconditional) + C:logit (conditional on C-15 Thm 1),
E,3,3,3,0.7,0.7,CERTIFIED,U:x-space B&B (unconditional) + C:logit (conditional on C-15 Thm 1),True,True,6583.39733270356200532561102003561845715420491,6583.39733270356200532561102003561845719276113,6583.39733270356200532561102003561845717348302,5.85658e-39,0.333333333333333333333333333333,0.333333333333333333333333333333,0.333333333333333333333333333333,2.25736e-40,0.01875,27.0,6583.39733270356200532561102003561845718067062,True,,,40,455,0.31,U:x-space B&B (unconditional) + C:logit (conditional on C-15 Thm 1),
E,3,3,3,2/3+1e-1,0.766666666666666666666666666666666666666666667,CERTIFIED,U:x-space B&B (unconditional) + C:logit (conditional on C-15 Thm 1),True,True,399.909858348641015864513489017851309069656262,399.90985834864101586451348901785130907054376,399.909858348641015864513489017851309070097072,2.21925e-39,0.333333333333333333333333333333,0.333333333333333333333333333333,0.333333333333333333333333333333,1.01397e-38,0.01875,27.0,399.909858348641015864513489017851309070232865,True,,,40,565,0.41,U:x-space B&B (unconditional) + C:logit (conditional on C-15 Thm 1),
E,3,3,3,0.8,0.8,CERTIFIED,U:x-space B&B (unconditional) + C:logit (conditional on C-15 Thm 1),True,True,202.642456391263447246412740119211409335921855,202.64245639126344724641274011921140933621279,202.642456391263447246412740119211409336065853,1.43571e-39,0.333333333333333333333333333333,0.333333333333333333333333333333,0.333333333333333333333333333333,1.70238e-40,0.009375,27.0,202.642456391263447246412740119211409336091746,True,,,40,737,0.49,U:x-space B&B (unconditional) + C:logit (conditional on C-15 Thm 1),
E,3,3,3,0.9,0.9,CERTIFIED,U:x-space B&B (unconditional) + C:logit (conditional on C-15 Thm 1),True,True,57.6691387948003237789365763893069173569292384,57.66913879480032377893657638930691735699536,57.6691387948003237789365763893069173569622992,1.14657e-39,0.333333333333333333333333333333,0.333333333333333333333333333333,0.333333333333333333333333333333,2.33881e-40,0.009375,27.0,57.6691387948003237789365763893069173569713996,True,,,40,861,0.54,U:x-space B&B (unconditional) + C:logit (conditional on C-15 Thm 1),
E,3,3,3,0.95,0.95,CERTIFIED,U:x-space B&B (unconditional) + C:logit (conditional on C-15 Thm 1),True,True,38.023644106127772940415515315747091681423261,38.0236441061277729404155153157470916814570564,38.0236441061277729404155153157470916814401587,8.88801e-40,0.333333333333333333333333333333,0.333333333333333333333333333333,0.333333333333333333333333333333,2.53659e-40,0.009375,27.0,38.023644106127772940415515315747091681443009,True,,,40,923,0.58,U:x-space B&B (unconditional) + C:logit (conditional on C-15 Thm 1),
E,3,3,3,1-1e-2,0.99,CERTIFIED,U:x-space B&B (unconditional) + C:logit (conditional on C-15 Thm 1),True,True,28.7800356493723287874139708483878727440043756,28.78003564937232878741397084838787274402311,28.7800356493723287874139708483878727440139265,6.50953e-40,0.333333333333333333333333333333,0.333333333333333333333333333333,0.333333333333333333333333333333,2.57907e-40,0.009375,27.0,28.7800356493723287874139708483878727440164106,True,,,40,971,0.58,U:x-space B&B (unconditional) + C:logit (conditional on C-15 Thm 1),
E,3,3,3,1-1e-5,0.99999,CERTIFIED,U:x-space B&B (unconditional) + C:logit (conditional on C-15 Thm 1),True,True,27.0016965399802224813818278830544552632389939,27.0016965399802224813818278830544552632562589,27.0016965399802224813818278830544552632474427,6.39407e-40,0.333333333333333333333333333333,0.333333333333333333333333333333,0.333333333333333333333333333333,2.5697e-40,0.009375,27.0,27.0016965399802224813818278830544552632498614,True,,,40,1137,0.62,U:x-space B&B (unconditional) + C:logit (conditional on C-15 Thm 1),
E,3,3,3,1-1e-10,0.9999999999,CERTIFIED,U:x-space B&B (unconditional) + C:logit (conditional on C-15 Thm 1),True,True,27.000000016964600337379263056068860878867293,27.0000000169646003373792630560688608788878642,27.0000000169646003373792630560688608788775786,7.61894e-40,0.333333333333333333333333333333,0.333333333333333333333333333333,0.333333333333333333333333333333,2.56969e-40,0.009375,27.0,27.0000000169646003373792630560688608788797569,True,,,40,1401,0.68,U:x-space B&B (unconditional) + C:logit (conditional on C-15 Thm 1),
E,5,0.2,0.2,2/3+1e-8,0.666666676666666666666666666666666666666666667,CERTIFIED,U:x-space B&B (unconditional) + C:logit (conditional on C-15 Thm 1),True,True,167583900635653948095956.844300093439398148418,167583900635653948095956.844300093439398148628,167583900635653948095956.844300093439398148523,1.25254e-42,0.333333323659737373284744652413,0.333333323659737373284744652413,0.333333352680525253430510695174,2.12544e-49,0.01875,9.8,167583900635653948095956.844300093439398148511,True,,,50,349,0.31,U:x-space B&B (unconditional) + C:logit (conditional on C-15 Thm 1),
E,5,0.2,0.2,2/3+1e-4,0.666766666666666666666666666666666666666666667,CERTIFIED,U:x-space B&B (unconditional) + C:logit (conditional on C-15 Thm 1),True,True,167702392257.838751399837576712742374147423847,167702392257.838751399837576712742374328132947,167702392257.838751399837576712742374237779975,1.07756e-36,0.333236662215536929697386329116,0.333236662215536929697386329116,0.333526675568926140605227341769,1.75705e-39,0.0187446,9.8,167702392257.838751399837576712742374242033225,True,,,40,349,0.32,U:x-space B&B (unconditional) + C:logit (conditional on C-15 Thm 1),
E,5,0.2,0.2,0.7,0.7,CERTIFIED,U:x-space B&B (unconditional) + C:logit (conditional on C-15 Thm 1),True,True,5489.61884617161144795759378297152742672628507,5489.6188461716114479575937829715274267584466,5489.61884617161144795759378297152742674236584,5.85861e-39,0.306416915644660185656095995007,0.306416915644660185656095995007,0.387166168710679628687808009985,3.21992e-38,0.0344719,9.8,5489.61884617161144795759378297152742674924723,True,,,40,325,0.23,U:x-space B&B (unconditional) + C:logit (conditional on C-15 Thm 1),
E,5,0.2,0.2,2/3+1e-1,0.766666666666666666666666666666666666666666667,CERTIFIED,U:x-space B&B (unconditional) + C:logit (conditional on C-15 Thm 1),True,True,260.482347799169322547273705314312758739227785,260.48234779916932254727370531431275873977439,260.482347799169322547273705314312758739498149,2.09843e-39,0.26863654461267860245619215463,0.26863654461267860245619215463,0.462726910774642795087615690739,4.39136e-39,0.0151108,9.8,260.482347799169322547273705314312758739599985,True,,,40,551,0.41,U:x-space B&B (unconditional) + C:logit (conditional on C-15 Thm 1),
E,5,0.2,0.2,0.8,0.8,CERTIFIED,U:x-space B&B (unconditional) + C:logit (conditional on C-15 Thm 1),True,True,119.996775377624801659284164358663358472636806,119.996775377624801659284164358663358472804314,119.99677537762480165928416435866335847272056,1.39594e-39,0.253141081339494313613513132148,0.253141081339494313613513132148,0.493717837321011372772973735705,1.72145e-39,0.00711959,9.8,119.99677537762480165928416435866335847273787,True,,,40,773,0.5,U:x-space B&B (unconditional) + C:logit (conditional on C-15 Thm 1),
E,5,0.2,0.2,0.9,0.9,CERTIFIED,U:x-space B&B (unconditional) + C:logit (conditional on C-15 Thm 1),True,True,26.8788576153657681551383558281359005930544399,26.8788576153657681551383558281359005930849293,26.8788576153657681551383558281359005930698683,1.13433e-39,0.208569539098823610495173251646,0.208569539098823610495173251646,0.582860921802352779009653496709,2.23463e-39,0.00293301,9.8,26.8788576153657681551383558281359005930734972,True,,,40,1275,2.13,U:x-space B&B (unconditional) + C:logit (conditional on C-15 Thm 1),
E,5,0.2,0.2,0.95,0.95,CERTIFIED,U:x-space B&B (unconditional) + C:logit (conditional on C-15 Thm 1),True,True,15.8026138655082959338937464679144206943503087,15.8026138655082959338937464679144206943644514,15.8026138655082959338937464679144206943574719,8.94957e-40,0.1817289275537658439713406319,0.1817289275537658439713406319,0.636542144892468312057318736201,3.25737e-39,0.00255556,9.8,15.8026138655082959338937464679144206943591847,True,,,40,1653,1.45,U:x-space B&B (unconditional) + C:logit (conditional on C-15 Thm 1),
E,5,0.2,0.2,1-1e-2,0.99,CERTIFIED,U:x-space B&B (unconditional) + C:logit (conditional on C-15 Thm 1),True,True,10.7719345637414318082811516241728000624053841,10.7719345637414318082811516241728000624132819,10.7719345637414318082811516241728000624092412,7.33188e-40,0.152382681392154212145719671969,0.152382681392154212145719671969,0.695234637215691575708560656062,7.17964e-39,0.00214288,9.8,10.7719345637414318082811516241728000624100679,True,,,40,2199,1.57,U:x-space B&B (unconditional) + C:logit (conditional on C-15 Thm 1),
E,5,0.2,0.2,1-1e-5,0.99999,CERTIFIED,U:x-space B&B (unconditional) + C:logit (conditional on C-15 Thm 1),True,True,9.80093096790178822599096350415848372456280601,9.80093096790178822599096350415848372457070386,9.80093096790178822599096350415848372456684677,8.05827e-40,0.142867319943686577820208180336,0.142867319943686577820208180336,0.714265360112626844359583639328,1.37939e-39,0.00100454,9.8,9.800930967901788225990963504158483724567843,True,,,40,2847,2.1,U:x-space B&B (unconditional) + C:logit (conditional on C-15 Thm 1),
E,5,0.2,0.2,1-1e-10,0.9999999999,CERTIFIED,U:x-space B&B (unconditional) + C:logit (conditional on C-15 Thm 1),True,True,9.80000000930929763172762658189779825993692415,9.80000000930929763172762658189779825994574036,9.80000000930929763172762658189779825994133225,8.99613e-40,0.142857142958920892361756526972,0.142857142958920892361756526972,0.714285714082158215276486946056,1.5922e-39,0.00100446,9.8,9.80000000930929763172762658189779825994269528,True,,,40,3115,2.17,U:x-space B&B (unconditional) + C:logit (conditional on C-15 Thm 1),
E,20,20,20,2/3+1e-8,0.666666676666666666666666666666666666666666667,CERTIFIED,U:x-space B&B (unconditional) + C:logit (conditional on C-15 Thm 1),True,True,167584066599753177672657.771850300643158579465,167584066599753177672657.771850300643158579675,167584066599753177672657.77185030064315857957,1.25254e-42,0.333333333333333333333333333333,0.333333333333333333333333333333,0.333333333333333333333333333333,1.54578e-50,0.01875,180.0,167584066599753177672657.771850300643158579559,True,,,50,349,0.32,U:x-space B&B (unconditional) + C:logit (conditional on C-15 Thm 1),
E,20,20,20,2/3+1e-4,0.666766666666666666666666666666666666666666667,CERTIFIED,U:x-space B&B (unconditional) + C:logit (conditional on C-15 Thm 1),True,True,169362082353.762260222163570086145740644419032,169362082353.76226022216357008614574082749787,169362082353.762260222163570086145740735958451,1.08099e-36,0.333333333333333333333333333333,0.333333333333333333333333333333,0.333333333333333333333333333333,1.339e-40,0.01875,180.0,169362082353.762260222163570086145740740233217,True,,,40,349,0.33,U:x-space B&B (unconditional) + C:logit (conditional on C-15 Thm 1),
E,20,20,20,0.7,0.7,CERTIFIED,U:x-space B&B (unconditional) + C:logit (conditional on C-15 Thm 1),True,True,21838.6214637471763018535866898191572237811155,21838.6214637471763018535866898191572239244317,21838.6214637471763018535866898191572238525855,6.56251e-39,0.333333333333333333333333333333,0.333333333333333333333333333333,0.333333333333333333333333333333,1.99601e-40,0.009375,180.0,21838.6214637471763018535866898191572238718984,True,,,40,785,0.55,U:x-space B&B (unconditional) + C:logit (conditional on C-15 Thm 1),
E,20,20,20,2/3+1e-1,0.766666666666666666666666666666666666666666667,CERTIFIED,U:x-space B&B (unconditional) + C:logit (conditional on C-15 Thm 1),True,True,2327.49654360610213497263142597402529029698294,2327.49654360610213497263142597402529030271935,2327.49654360610213497263142597402529029985115,2.46463e-39,0.333333333333333333333333333333,0.333333333333333333333333333333,0.333333333333333333333333333333,4.12347e-40,0.009375,180.0,2327.49654360610213497263142597402529030054361,True,,,40,967,0.62,U:x-space B&B (unconditional) + C:logit (conditional on C-15 Thm 1),
E,20,20,20,0.8,0.8,CERTIFIED,U:x-space B&B (unconditional) + C:logit (conditional on C-15 Thm 1),True,True,1326.21822900839845073726793363720627334844278,1326.21822900839845073726793363720627335060569,1326.21822900839845073726793363720627334952423,1.63089e-39,0.333333333333333333333333333333,0.333333333333333333333333333333,0.333333333333333333333333333333,5.01522e-40,0.009375,180.0,1326.21822900839845073726793363720627334971485,True,,,40,1013,0.65,U:x-space B&B (unconditional) + C:logit (conditional on C-15 Thm 1),
E,20,20,20,0.9,0.9,CERTIFIED,U:x-space B&B (unconditional) + C:logit (conditional on C-15 Thm 1),True,True,432.134531740541013024899490565451041580104619,432.134531740541013024899490565451041580662979,432.134531740541013024899490565451041580386738,1.2921e-39,0.333333333333333333333333333333,0.333333333333333333333333333333,0.333333333333333333333333333333,5.3077e-40,0.009375,180.0,432.134531740541013024899490565451041580456145,True,,,40,1063,0.86,U:x-space B&B (unconditional) + C:logit (conditional on C-15 Thm 1),
E,20,20,20,0.95,0.95,CERTIFIED,U:x-space B&B (unconditional) + C:logit (conditional on C-15 Thm 1),True,True,279.282715750988789805782112338440717851698219,279.282715750988789805782112338440717851974461,279.282715750988789805782112338440717851833401,9.89109e-40,0.333333333333333333333333333333,0.333333333333333333333333333333,0.333333333333333333333333333333,4.04314e-40,0.009375,180.0,279.282715750988789805782112338440717851885741,True,,,40,1047,0.67,U:x-space B&B (unconditional) + C:logit (conditional on C-15 Thm 1),
E,20,20,20,1-1e-2,0.99,CERTIFIED,U:x-space B&B (unconditional) + C:logit (conditional on C-15 Thm 1),True,True,197.275757198445960173925546103687012056646842,197.275757198445960173925546103687012056805534,197.275757198445960173925546103687012056726188,8.04416e-40,0.333333333333333333333333333333,0.333333333333333333333333333333,0.333333333333333333333333333333,2.85457e-40,0.009375,180.0,197.275757198445960173925546103687012056753535,True,,,40,1021,0.86,U:x-space B&B (unconditional) + C:logit (conditional on C-15 Thm 1),
E,20,20,20,1-1e-5,0.99999,CERTIFIED,U:x-space B&B (unconditional) + C:logit (conditional on C-15 Thm 1),True,True,180.016791381201335200939354164114134619283691,180.016791381201335200939354164114134619418872,180.016791381201335200939354164114134619351281,7.5094e-40,0.333333333333333333333333333333,0.333333333333333333333333333333,0.333333333333333333333333333333,2.56997e-40,0.009375,180.0,180.016791381201335200939354164114134619374108,True,,,40,1153,0.93,U:x-space B&B (unconditional) + C:logit (conditional on C-15 Thm 1),
E,20,20,20,1-1e-10,0.9999999999,CERTIFIED,U:x-space B&B (unconditional) + C:logit (conditional on C-15 Thm 1),True,True,180.000000167909237231053148959541507084433823,180.000000167909237231053148959541507084601331,180.000000167909237231053148959541507084516108,9.306e-40,0.333333333333333333333333333333,0.333333333333333333333333333333,0.333333333333333333333333333333,2.56969e-40,0.009375,180.0,180.000000167909237231053148959541507084543054,True,,,40,1425,0.75,U:x-space B&B (unconditional) + C:logit (conditional on C-15 Thm 1),
F,1e-4,1e-4,1e4,2/3+1e-8,0.666666676666666666666666666666666666666666667,CERTIFIED,U:x-space B&B (unconditional) + C:logit (conditional on C-15 Thm 1),True,True,167614278739967511859581.017913946624736942712,167614278739967511859581.017913946624736942922,167614278739967511859581.017913946624736942817,1.25261e-42,0.333373632677661655144709231116,0.333313183661169172427645384442,0.333313183661169172427645384442,2.96531e-46,0.0187489,10004.0004,167614278739967511859581.017913946624736942806,True,,,50,349,0.46,U:x-space B&B (unconditional) + C:logit (conditional on C-15 Thm 1),
F,1e-4,1e-4,1e4,2/3+1e-4,0.666766666666666666666666666666666666666666667,CERTIFIED,U:x-space B&B (unconditional) + C:logit (conditional on C-15 Thm 1),True,True,404883037698.010552871601613023439799706988734,404883037698.010552871601613023439800218189533,404883037698.010552871601613023439799962585978,1.26259e-36,0.507644069830507772902983477492,0.246177965084746113548508261254,0.246177965084746113548508261254,7.59468e-36,0.00692376,10004.0004,404883037698.010552871601613023439799971278044,True,,,40,987,0.77,U:x-space B&B (unconditional) + C:logit (conditional on C-15 Thm 1),
F,1e-4,1e-4,1e4,0.7,0.7,CERTIFIED,U:x-space B&B (unconditional) + C:logit (conditional on C-15 Thm 1),True,True,1261022.69901216073598142140798755965918358523,1261022.69901216073598142140798755965919208339,1261022.69901216073598142140798755965918782227,6.73911e-39,0.938780988319871636827684765234,0.0306095058400641815861576173832,0.0306095058400641815861576173832,3.09685e-38,5.38058e-5,10004.0004,1261022.69901216073598142140798755965918898671,True,,,40,48167,32.24,U:x-space B&B (unconditional) + C:logit (conditional on C-15 Thm 1),
F,1e-4,1e-4,1e4,2/3+1e-1,0.766666666666666666666666666666666666666666667,CERTIFIED,U:x-space B&B (unconditional) + C:logit (conditional on C-15 Thm 1),True,True,129374.909090609355815848625125427871437969677,129374.909090609355815848625125427871438290163,129374.909090609355815848625125427871438130672,2.47719e-39,0.964154633281869875165743694791,0.0179226833590650624171281526046,0.0179226833590650624171281526046,6.32869e-39,1.57524e-5,10004.0004,129374.909090609355815848625125427871438183858,True,,,40,141207,89.02,U:x-space B&B (unconditional) + C:logit (conditional on C-15 Thm 1),
F,1e-4,1e-4,1e4,0.8,0.8,CERTIFIED,U:x-space B&B (unconditional) + C:logit (conditional on C-15 Thm 1),True,True,70781.2931979877758276085517094215986214244128,70781.2931979877758276085517094215986215387649,70781.2931979877758276085517094215986214815889,1.61557e-39,0.969025829904789688470477511638,0.0154870850476051557647612441811,0.0154870850476051557647612441811,5.0502e-39,1.36117e-5,10004.0004,70781.2931979877758276085517094215986215006615,True,,,40,198269,123.2,U:x-space B&B (unconditional) + C:logit (conditional on C-15 Thm 1),
F,1e-4,1e-4,1e4,0.9,0.9,CERTIFIED,C:logit (conditional on C-15 Thm 1),False,True,21690.0511059062419227496011052573527387459821,21690.0511059062419227496011052573527387858549,21690.0511059062419227496011052573527387659185,1.8383e-39,0.977044035726718550635968332303,0.0114779821366407246820158338483,0.0114779821366407246820158338483,7.64108e-37,,10004.0004,21690.0511059062419227496011052573527387685882,True,,,40,300001,146.45,C:logit (conditional on C-15 Thm 1),U: box/time budget
F,1e-4,1e-4,1e4,0.95,0.95,CERTIFIED,C:logit (conditional on C-15 Thm 1),False,True,14370.0678919494177911623623209177683814417511,14370.0678919494177911623623209177683814656371,14370.0678919494177911623623209177683814536,1.66221e-39,0.979807053301064670112135447119,0.0100964733494676649439322764404,0.0100964733494676649439322764404,9.17129e-37,,10004.0004,14370.0678919494177911623623209177683814565533,True,,,40,300001,113.65,C:logit (conditional on C-15 Thm 1),U: box/time budget
F,1e-4,1e-4,1e4,1-1e-2,0.99,CERTIFIED,C:logit (conditional on C-15 Thm 1),False,True,10851.4116383782142311595946793927682273079461,10851.4116383782142311595946793927682273241209,10851.4116383782142311595946793927682273160335,1.49057e-39,0.984295988471601691056009387147,0.00785200576419915447199530642633,0.00785200576419915447199530642633,3.46056e-36,,10004.0004,10851.4116383782142311595946793927682273164809,True,,,40,300001,156.8,C:logit (conditional on C-15 Thm 1),U: box/time budget
F,1e-4,1e-4,1e4,1-1e-5,0.99999,CERTIFIED,C:logit (conditional on C-15 Thm 1),False,True,10016.379137170095941246618078914345852860251,10016.379137170095941246618078914345852893541,10016.37913717009594124661807891434585287699,3.32356e-39,0.999183486856985097205814357227,0.000408256571507451397092821386498,0.000408256571507451397092821386498,4.49819e-35,,10004.0004,10016.3791371700959412466180789143458528814326,True,,,40,300001,213.25,C:logit (conditional on C-15 Thm 1),U: box/time budget
F,1e-4,1e-4,1e4,1-1e-10,0.9999999999,CERTIFIED,C:logit (conditional on C-15 Thm 1),False,True,10004.0007143354603425045494571081310013237369,10004.0007143354603425045494571081310014745763,10004.0007143354603425045494571081310013991566,1.50779e-38,0.999800024289366624995980632872,0.000099987855316687502009683563843,0.000099987855316687502009683563843,7.38043e-34,,10004.0004,10004.0007143354603425045494571081310014204508,True,,,40,300001,222.22,C:logit (conditional on C-15 Thm 1),U: box/time budget
F,1e-4,1,1,2/3+1e-8,0.666666676666666666666666666666666666666666667,CERTIFIED,U:x-space B&B (unconditional) + C:logit (conditional on C-15 Thm 1),True,True,167583890301197585175034.2344521118198988938,167583890301197585175034.23445211181989889401,167583890301197585175034.234452111819898893905,1.25254e-42,0.333333335348464445269112209565,0.333333335348464445269112209565,0.333333329303071109461775580871,5.02378e-50,0.01875,4.0401,167583890301197585175034.234452111819898893894,True,,,50,349,0.31,U:x-space B&B (unconditional) + C:logit (conditional on C-15 Thm 1),
F,1e-4,1,1,2/3+1e-4,0.666766666666666666666666666666666666666666667,CERTIFIED,U:x-space B&B (unconditional) + C:logit (conditional on C-15 Thm 1),True,True,167599088160.746602346915802063911187320800119,167599088160.746602346915802063911187501294649,167599088160.746602346915802063911187411048962,1.07694e-36,0.333353486471831336288508736613,0.333353486471831336288508736613,0.333293027056337327422982526774,4.31741e-40,0.0187477,4.0401,167599088160.746602346915802063911187415276372,True,,,40,349,0.34,U:x-space B&B (unconditional) + C:logit (conditional on C-15 Thm 1),
F,1e-4,1,1,0.7,0.7,CERTIFIED,U:x-space B&B (unconditional) + C:logit (conditional on C-15 Thm 1),True,True,4655.92487710721958414554034910141355093931839,4655.92487710721958414554034910141355096480311,4655.92487710721958414554034910141355095210777,5.47361e-39,0.34026955330336584734373593235,0.34026955330336584734373593235,0.3194608933932683053125281353,9.94745e-40,0.0179697,4.0401,4655.92487710721958414554034910141355095759724,True,,,40,395,0.29,U:x-space B&B (unconditional) + C:logit (conditional on C-15 Thm 1),
F,1e-4,1,1,2/3+1e-1,0.766666666666666666666666666666666666666666667,CERTIFIED,U:x-space B&B (unconditional) + C:logit (conditional on C-15 Thm 1),True,True,180.751444461550535980713518313611094427819891,180.751444461550535980713518313611094428181355,180.751444461550535980713518313611094428002093,1.99979e-39,0.355821475483464170403143428677,0.355821475483464170403143428677,0.288357049033071659193713142646,7.3629e-39,0.0162201,4.0401,180.751444461550535980713518313611094428065905,True,,,40,517,0.33,U:x-space B&B (unconditional) + C:logit (conditional on C-15 Thm 1),
F,1e-4,1,1,0.8,0.8,CERTIFIED,U:x-space B&B (unconditional) + C:logit (conditional on C-15 Thm 1),True,True,77.6393630713405896447158464961023676801116802,77.6393630713405896447158464961023676802189441,77.6393630713405896447158464961023676801645775,1.38157e-39,0.364774247666313740021046583762,0.364774247666313740021046583762,0.270451504667372519957906832475,1.25091e-39,0.00760645,4.0401,77.6393630713405896447158464961023676801777269,True,,,40,731,0.46,U:x-space B&B (unconditional) + C:logit (conditional on C-15 Thm 1),
F,1e-4,1,1,0.9,0.9,CERTIFIED,U:x-space B&B (unconditional) + C:logit (conditional on C-15 Thm 1),True,True,14.7904741040554132692031471050925329444954618,14.7904741040554132692031471050925329445116249,14.7904741040554132692031471050925329445035433,1.0928e-39,0.400488283508903840203830614917,0.400488283508903840203830614917,0.199023432982192319592338770167,2.38855e-39,0.00139938,4.0401,14.7904741040554132692031471050925329445052933,True,,,40,1943,1.25,U:x-space B&B (unconditional) + C:logit (conditional on C-15 Thm 1),
F,1e-4,1,1,0.95,0.95,CERTIFIED,U:x-space B&B (unconditional) + C:logit (conditional on C-15 Thm 1),True,True,8.02886378123870345480577479000329287258602552,8.02886378123870345480577479000329287259337236,8.02886378123870345480577479000329287258969894,9.15053e-40,0.42928938408831569758769867465,0.42928938408831569758769867465,0.141421231823368604824602650699,6.9397e-39,0.000497184,4.0401,8.02886378123870345480577479000329287259066994,True,,,40,4501,2.8,U:x-space B&B (unconditional) + C:logit (conditional on C-15 Thm 1),
F,1e-4,1,1,1-1e-2,0.99,CERTIFIED,U:x-space B&B (unconditional) + C:logit (conditional on C-15 Thm 1),True,True,4.9017295040796984366006352082696072487254328,4.90172950407969843660063520826960724872883071,4.90172950407969843660063520826960724872717767,6.93207e-40,0.471470707863183685274064363971,0.471470707863183685274064363971,0.0570585842736326294518712720585,3.37757e-38,2.50746e-5,4.0401,4.90172950407969843660063520826960724872766705,True,,,40,38043,26.9,U:x-space B&B (unconditional) + C:logit (conditional on C-15 Thm 1),
F,1e-4,1,1,1-1e-5,0.99999,CERTIFIED,C:logit (conditional on C-15 Thm 1),False,True,4.04189919487859218310275753143411757449817388,4.04189919487859218310275753143411757450689825,4.04189919487859218310275753143411757450249015,2.15848e-39,0.497457879211861421012224533493,0.497457879211861421012224533493,0.00508424157627715797555093301476,1.74704e-36,,4.0401,4.04189919487859218310275753143411757450335347,True,,,40,300001,186.22,C:logit (conditional on C-15 Thm 1),U: box/time budget
F,1e-4,1,1,1-1e-10,0.9999999999,CERTIFIED,C:logit (conditional on C-15 Thm 1),False,True,4.04010001808403362632505197446511927146817841,4.04010001808403362632505197446511927147984152,4.04010001808403362632505197446511927147405588,2.88684e-39,0.49751243726523643896430523113,0.49751243726523643896430523113,0.00497512546952712207138953773969,2.60571e-36,,4.0401,4.04010001808403362632505197446511927147521848,True,,,40,300001,182.78,C:logit (conditional on C-15 Thm 1),U: box/time budget
F,1e-4,1,1e4,2/3+1e-8,0.666666676666666666666666666666666666666666667,CERTIFIED,U:x-space B&B (unconditional) + C:logit (conditional on C-15 Thm 1),True,True,167614281779482786011735.402567507248396531345,167614281779482786011735.402567507248396531555,167614281779482786011735.40256750724839653145,1.25261e-42,0.333373630662530587374609046617,0.333313187691431352122908205018,0.333313181646038060502482748365,2.96531e-46,0.0187489,10203.0201,167614281779482786011735.402567507248396531439,True,,,50,349,0.36,U:x-space B&B (unconditional) + C:logit (conditional on C-15 Thm 1),
F,1e-4,1,1e4,2/3+1e-4,0.666766666666666666666666666666666666666666667,CERTIFIED,U:x-space B&B (unconditional) + C:logit (conditional on C-15 Thm 1),True,True,404926033426.794356725531999872698250047761011,404926033426.794356725531999872698250559012297,404926033426.79435672553199987269825030338981,1.26258e-36,0.507628853103707289388827614141,0.246212525074679828655138132598,0.246158621821612881956034253261,7.60442e-36,0.00692321,10203.0201,404926033426.794356725531999872698250312064983,True,,,40,987,0.89,U:x-space B&B (unconditional) + C:logit (conditional on C-15 Thm 1),
F,1e-4,1,1e4,0.7,0.7,CERTIFIED,U:x-space B&B (unconditional) + C:logit (conditional on C-15 Thm 1),True,True,1264681.60580886946283912384580219885745641937,1264681.60580886946283912384580219885746474902,1264681.6058088694628391238458021988574605842,6.58636e-39,0.938619636994356112104220351403,0.0320226122185356258104517885658,0.0293577507871082620853278600313,5.79007e-38,5.16054e-5,10203.0201,1264681.60580886946283912384580219885746157188,True,,,40,48497,32.03,U:x-space B&B (unconditional) + C:logit (conditional on C-15 Thm 1),
F,1e-4,1,1e4,2/3+1e-1,0.766666666666666666666666666666666666666666667,CERTIFIED,U:x-space B&B (unconditional) + C:logit (conditional on C-15 Thm 1),True,True,130014.993674348408886708555363163622163602061,130014.993674348408886708555363163622163901483,130014.993674348408886708555363163622163752524,2.30298e-39,0.963763061068455744333933820272,0.0203614847890766795622856061547,0.0158754541424675761037805735731,9.08068e-38,1.3953e-5,10203.0201,130014.993674348408886708555363163622163794387,True,,,40,136999,88.29,U:x-space B&B (unconditional) + C:logit (conditional on C-15 Thm 1),
F,1e-4,1,1e4,0.8,0.8,CERTIFIED,U:x-space B&B (unconditional) + C:logit (conditional on C-15 Thm 1),True,True,71181.4020480766494586952386861325258147626052,71181.4020480766494586952386861325258148769573,71181.4020480766494586952386861325258148197813,1.60649e-39,0.968496608620012952522619428573,0.0182816943994411872718588161961,0.0132216969805458602055217552305,6.87248e-39,5.81032e-6,10203.0201,71181.4020480766494586952386861325258148347498,True,,,40,196773,120.76,U:x-space B&B (unconditional) + C:logit (conditional on C-15 Thm 1),
F,1e-4,1,1e4,0.9,0.9,CERTIFIED,C:logit (conditional on C-15 Thm 1),False,True,21847.7110289720883870618211995024178892307209,21847.7110289720883870618211995024178892672082,21847.7110289720883870618211995024178892487765,1.67008e-39,0.976026010334287084328126114664,0.0151101189154502685935829866777,0.00886387075026264707829089865826,3.5444e-35,,10203.0201,21847.7110289720883870618211995024178892515658,True,,,40,300001,150.06,C:logit (conditional on C-15 Thm 1),U: box/time budget
F,1e-4,1,1e4,0.95,0.95,CERTIFIED,C:logit (conditional on C-15 Thm 1),False,True,14485.0031362106235624726458224417207914385927,14485.0031362106235624726458224417207914628549,14485.0031362106235624726458224417207914506297,1.67499e-39,0.978399895436962421967838328677,0.0141550486736018108608101377569,0.0074450558894357671713515335656,4.58808e-37,,10203.0201,14485.0031362106235624726458224417207914538905,True,,,40,300001,117.7,C:logit (conditional on C-15 Thm 1),U: box/time budget
F,1e-4,1,1e4,1-1e-2,0.99,CERTIFIED,C:logit (conditional on C-15 Thm 1),False,True,10952.9592542627410990490105998250446577401213,10952.9592542627410990490105998250446577525345,10952.9592542627410990490105998250446577463279,1.13332e-39,0.981559380491045316665413750801,0.0129254814354513824665937786988,0.00551513807350330086799247049996,6.98272e-37,,10203.0201,10952.9592542627410990490105998250446577483145,True,,,40,300001,172.3,C:logit (conditional on C-15 Thm 1),U: box/time budget
F,1e-4,1,1e4,1-1e-5,0.99999,CERTIFIED,C:logit (conditional on C-15 Thm 1),False,True,10205.8193659927328617636948508945119278069156,10205.8193659927328617636948508945119278277924,10205.8193659927328617636948508945119278174481,2.04558e-39,0.989869910129052269955683317098,0.00995671806502328723597964103788,0.000173371805924442808337041863896,5.89352e-35,,10203.0201,10205.819365992732861763694850894511927818736,True,,,40,300001,223.59,C:logit (conditional on C-15 Thm 1),U: box/time budget
F,1e-4,1,1e4,1-1e-10,0.9999999999,CERTIFIED,C:logit (conditional on C-15 Thm 1),False,True,10203.0201325340649679805160673839030743906822,10203.0201325340649679805160673839030744170133,10203.0201325340649679805160673839030744038477,2.58071e-39,0.990000988461357365933123780859,0.00990001065833490250590192712079,0.0000990008803077315609742920197344,4.99246e-35,,10203.0201,10203.0201325340649679805160673839030744069097,True,,,40,300001,224.16,C:logit (conditional on C-15 Thm 1),U: box/time budget
F,1e-3,100,10,2/3+1e-8,0.666666676666666666666666666666666666666666667,CERTIFIED,U:x-space B&B (unconditional) + C:logit (conditional on C-15 Thm 1),True,True,167584218584401042658764.670457578122741634907,167584218584401042658764.670457578122741635117,167584218584401042658764.670457578122741635012,1.25254e-42,0.333333172105061689121380095932,0.333333716243800110187402636258,0.333333111651138200691217267809,2.98876e-48,0.01875,174.079008735401262506377649598,167584218584401042658764.670457578122741635001,True,,,50,349,0.34,U:x-space B&B (unconditional) + C:logit (conditional on C-15 Thm 1),
F,1e-3,100,10,2/3+1e-4,0.666766666666666666666666666666666666666666667,CERTIFIED,U:x-space B&B (unconditional) + C:logit (conditional on C-15 Thm 1),True,True,170865576738.871636436285962161799886181465142,170865576738.871636436285962161799886366812745,170865576738.871636436285962161799886274137366,1.08476e-36,0.33175548885497338713138468884,0.337092592353138117994616260636,0.331151918791888494873999050524,2.58942e-38,0.0186273,174.079008735401262506377649598,170865576738.871636436285962161799886278499463,True,,,40,353,0.36,U:x-space B&B (unconditional) + C:logit (conditional on C-15 Thm 1),
F,1e-3,100,10,0.7,0.7,CERTIFIED,U:x-space B&B (unconditional) + C:logit (conditional on C-15 Thm 1),True,True,26546.8656273759748558536219679985885941970055,26546.8656273759748558536219679985885943685336,26546.8656273759748558536219679985885942827695,6.46133e-39,0.253751639342705148973904214536,0.599349056551650760211996260483,0.146899304105644090814099524981,2.59998e-38,0.000516443,174.079008735401262506377649598,26546.8656273759748558536219679985885943078559,True,,,40,3429,2.82,U:x-space B&B (unconditional) + C:logit (conditional on C-15 Thm 1),
F,1e-3,100,10,2/3+1e-1,0.766666666666666666666666666666666666666666667,CERTIFIED,U:x-space B&B (unconditional) + C:logit (conditional on C-15 Thm 1),True,True,2381.20599720542783158002256703159916949066039,2381.20599720542783158002256703159916949672594,2381.20599720542783158002256703159916949366966,2.54726e-39,0.243968114745744007392483208542,0.681884148667771853623732662087,0.0741477365864841389837841293708,3.96494e-38,6.51689e-5,174.079008735401262506377649598,2381.20599720542783158002256703159916949448251,True,,,40,11061,9.0,U:x-space B&B (unconditional) + C:logit (conditional on C-15 Thm 1),
F,1e-3,100,10,0.8,0.8,CERTIFIED,U:x-space B&B (unconditional) + C:logit (conditional on C-15 Thm 1),True,True,1278.59089763886755039416361642424461176173594,1278.59089763886755039416361642424461176403991,1278.59089763886755039416361642424461176288793,1.80196e-39,0.24277102838364176401794426005,0.698367182700303796824672370508,0.0588617889160544391573833694425,2.60929e-38,2.5867e-5,174.079008735401262506377649598,1278.59089763886755039416361642424461176309333,True,,,40,16357,14.65,U:x-space B&B (unconditional) + C:logit (conditional on C-15 Thm 1),
F,1e-3,100,10,0.9,0.9,CERTIFIED,U:x-space B&B (unconditional) + C:logit (conditional on C-15 Thm 1),True,True,382.278420770245773006287268735438176124297965,382.278420770245773006287268735438176124826937,382.278420770245773006287268735438176124562451,1.38374e-39,0.241325082264752520130774261901,0.724457542236716569376866795597,0.0342173754985309104923589425019,5.49077e-38,7.51847e-6,174.079008735401262506377649598,382.278420770245773006287268735438176124609932,True,,,40,41409,35.03,U:x-space B&B (unconditional) + C:logit (conditional on C-15 Thm 1),
F,1e-3,100,10,0.95,0.95,CERTIFIED,U:x-space B&B (unconditional) + C:logit (conditional on C-15 Thm 1),True,True,251.555142098813131354668411629391670079890009,251.555142098813131354668411629391670080116291,251.555142098813131354668411629391670080004619,8.99535e-40,0.240941474336365610248127098292,0.73345031844114141078949487124,0.0256082072224929789623780304677,1.06858e-37,2.8134e-6,174.079008735401262506377649598,251.555142098813131354668411629391670080036035,True,,,40,85545,62.59,U:x-space B&B (unconditional) + C:logit (conditional on C-15 Thm 1),
F,1e-3,100,10,1-1e-2,0.99,CERTIFIED,C:logit (conditional on C-15 Thm 1),False,True,188.431427393165392308190262446526436036640502,188.431427393165392308190262446526436036834458,188.43142739316539230819026244652643603673748,1.02932e-39,0.240483406871257706088054758766,0.745759015660128708441957871729,0.0137575774686135854699873695052,1.40914e-37,,174.079008735401262506377649598,188.431427393165392308190262446526436036746707,True,,,40,280188,240.13,C:logit (conditional on C-15 Thm 1),U: box/time budget
F,1e-3,100,10,1-1e-5,0.99999,CERTIFIED,C:logit (conditional on C-15 Thm 1),False,True,174.100330883214685838081762402546826518199096,174.100330883214685838081762402546826518428317,174.100330883214685838081762402546826518313706,1.31661e-39,0.239684568724964189770963262875,0.757892506960789616312767127458,0.00242292431424619391626960966634,7.67692e-37,,174.079008735401262506377649598,174.100330883214685838081762402546826518336699,True,,,40,224752,240.18,C:logit (conditional on C-15 Thm 1),U: box/time budget
F,1e-3,100,10,1-1e-10,0.9999999999,CERTIFIED,C:logit (conditional on C-15 Thm 1),False,True,174.079008949104657256753313469889723796495115,174.07900894910465725675331346988972379673903,174.079008949104657256753313469889723796615603,1.40117e-39,0.239677241487501383974197799784,0.75792598583659919656881333054,0.00239677267589941945698886967599,9.00606e-37,,174.079008735401262506377649598,174.07900894910465725675331346988972379664918,True,,,40,227995,240.15,C:logit (conditional on C-15 Thm 1),U: box/time budget
F,1e-2,1e3,1e-2,2/3+1e-8,0.666666676666666666666666666666666666666666667,CERTIFIED,U:x-space B&B (unconditional) + C:logit (conditional on C-15 Thm 1),True,True,167586923899547746041419.210914872727220557835,167586923899547746041419.210914872727220558045,167586923899547746041419.21091487272722055794,1.25254e-42,0.333331318057358037238983094125,0.333337363885283925522033811749,0.333331318057358037238983094125,2.96575e-47,0.0187499,1012.68911064067351732799557418,167586923899547746041419.210914872727220557928,True,,,50,349,0.53,U:x-space B&B (unconditional) + C:logit (conditional on C-15 Thm 1),
F,1e-2,1e3,1e-2,2/3+1e-4,0.666766666666666666666666666666666666666666667,CERTIFIED,U:x-space B&B (unconditional) + C:logit (conditional on C-15 Thm 1),True,True,196417192496.479190863250757454075688831560114,196417192496.479190863250757454075689053065945,196417192496.479190863250757454075688942313029,1.12773e-36,0.316097206502545219381983813855,0.367805586994909561236032372291,0.316097206502545219381983813855,3.21228e-37,0.0177805,1012.68911064067351732799557418,196417192496.479190863250757454075688947084781,True,,,40,417,0.58,U:x-space B&B (unconditional) + C:logit (conditional on C-15 Thm 1),
F,1e-2,1e3,1e-2,0.7,0.7,CERTIFIED,U:x-space B&B (unconditional) + C:logit (conditional on C-15 Thm 1),True,True,144974.531136853329983578937150975160424737266,144974.531136853329983578937150975160425748379,144974.531136853329983578937150975160425242822,6.97442e-39,0.0837448424076308797330044422559,0.832510315184738240533991115488,0.0837448424076308797330044422559,2.8618e-38,0.000294415,1012.68911064067351732799557418,144974.531136853329983578937150975160425375006,True,,,40,9367,9.78,U:x-space B&B (unconditional) + C:logit (conditional on C-15 Thm 1),
F,1e-2,1e3,1e-2,2/3+1e-1,0.766666666666666666666666666666666666666666667,CERTIFIED,U:x-space B&B (unconditional) + C:logit (conditional on C-15 Thm 1),True,True,14012.3579021129899502872446150540602155732972,14012.3579021129899502872446150540602156075276,14012.3579021129899502872446150540602155904124,2.44287e-39,0.0515577127558422340907727118956,0.896884574488315531818454576209,0.0515577127558422340907727118956,2.17963e-37,0.000181258,1012.68911064067351732799557418,14012.3579021129899502872446150540602155953522,True,,,40,22481,21.04,U:x-space B&B (unconditional) + C:logit (conditional on C-15 Thm 1),
F,1e-2,1e3,1e-2,0.8,0.8,CERTIFIED,U:x-space B&B (unconditional) + C:logit (conditional on C-15 Thm 1),True,True,7580.85260725444233450686321659817479128012046,7580.85260725444233450686321659817479129554295,7580.85260725444233450686321659817479128783171,2.0344e-39,0.0448590785641059153353092980147,0.910281842871788169329381403971,0.0448590785641059153353092980147,6.7687e-39,7.88538e-5,1012.68911064067351732799557418,7580.85260725444233450686321659817479128982089,True,,,40,30317,27.36,U:x-space B&B (unconditional) + C:logit (conditional on C-15 Thm 1),
F,1e-2,1e3,1e-2,0.9,0.9,CERTIFIED,U:x-space B&B (unconditional) + C:logit (conditional on C-15 Thm 1),True,True,2280.26043191177060894497326272715534157237945,2280.26043191177060894497326272715534157661123,2280.26043191177060894497326272715534157449534,1.85583e-39,0.0329673612452905076674461601251,0.93406527750941898466510767975,0.0329673612452905076674461601251,1.96221e-38,5.79504e-5,1012.68911064067351732799557418,2280.26043191177060894497326272715534157478522,True,,,40,71881,54.56,U:x-space B&B (unconditional) + C:logit (conditional on C-15 Thm 1),
F,1e-2,1e3,1e-2,0.95,0.95,CERTIFIED,U:x-space B&B (unconditional) + C:logit (conditional on C-15 Thm 1),True,True,1500.11181057665526412787221101475041897131334,1500.11181057665526412787221101475041897255936,1500.11181057665526412787221101475041897192459,8.30621e-40,0.0278849341007841647875139914895,0.944230131798431670424972017021,0.0278849341007841647875139914895,3.88237e-39,2.45082e-5,1012.68911064067351732799557418,1500.11181057665526412787221101475041897217199,True,,,40,189077,103.77,U:x-space B&B (unconditional) + C:logit (conditional on C-15 Thm 1),
F,1e-2,1e3,1e-2,1-1e-2,0.99,CERTIFIED,C:logit (conditional on C-15 Thm 1),False,True,1118.65591289126668079359233107066098274566448,1118.65591289126668079359233107066098274691051,1118.65591289126668079359233107066098274627574,1.11386e-39,0.0182165663553305122904612206711,0.963566867289338975419077558658,0.0182165663553305122904612206711,4.31197e-37,,1012.68911064067351732799557418,1118.65591289126668079359233107066098274636511,True,,,40,300001,154.82,C:logit (conditional on C-15 Thm 1),U: box/time budget
F,1e-2,1e3,1e-2,1-1e-5,0.99999,CERTIFIED,C:logit (conditional on C-15 Thm 1),False,True,1013.00770547556204670972191998986177848302853,1013.00770547556204670972191998986177848489756,1013.00770547556204670972191998986177848396892,1.84504e-39,0.00321870254492304089946734442776,0.993562594910153918201065311144,0.00321870254492304089946734442776,2.63933e-36,,1012.68911064067351732799557418,1013.00770547556204670972191998986177848419917,True,,,40,300001,189.72,C:logit (conditional on C-15 Thm 1),U: box/time budget
F,1e-2,1e3,1e-2,1-1e-10,0.9999999999,CERTIFIED,C:logit (conditional on C-15 Thm 1),False,True,1012.68911386388903281448547673907107299200577,1012.68911386388903281448547673907107299453308,1012.6891138638890328144854767390710729932753,2.49565e-39,0.00314240412899748318774581640258,0.993715191742005033624508367195,0.00314240412899748318774581640258,3.29431e-36,,1012.68911064067351732799557418,1012.68911386388903281448547673907107299355729,True,,,40,300001,188.36,C:logit (conditional on C-15 Thm 1),U: box/time budget
F,1e3,1e3,1e-3,2/3+1e-8,0.666666676666666666666666666666666666666666667,CERTIFIED,U:x-space B&B (unconditional) + C:logit (conditional on C-15 Thm 1),True,True,167589963477303794881764.801207571290894187824,167589963477303794881764.801207571290894188034,167589963477303794881764.801207571290894187929,1.25255e-42,0.333329302745106753775702378763,0.333335348627446623112148810618,0.333335348627446623112148810618,2.96539e-47,0.0187498,4004.001,167589963477303794881764.801207571290894187918,True,,,50,349,0.48,U:x-space B&B (unconditional) + C:logit (conditional on C-15 Thm 1),
F,1e3,1e3,1e-3,2/3+1e-4,0.666766666666666666666666666666666666666666667,CERTIFIED,U:x-space B&B (unconditional) + C:logit (conditional on C-15 Thm 1),True,True,226929524266.256085048249303552256990952837413,226929524266.25608504824930355225699121834275,226929524266.256085048249303552256991085590081,1.16999e-36,0.298877802190466845178927889812,0.350561098904766577410536055094,0.350561098904766577410536055094,2.62621e-37,0.0168119,4004.001,226929524266.256085048249303552256991090951214,True,,,40,415,0.46,U:x-space B&B (unconditional) + C:logit (conditional on C-15 Thm 1),
F,1e3,1e3,1e-3,0.7,0.7,CERTIFIED,U:x-space B&B (unconditional) + C:logit (conditional on C-15 Thm 1),True,True,477521.590345040410128969630695928104378177285,477521.590345040410128969630695928104381367107,477521.590345040410128969630695928104379772196,6.67995e-39,0.0104544156284966406872319075088,0.494772792185751679656384046246,0.494772792185751679656384046246,4.2096e-37,0.000147015,4004.001,477521.590345040410128969630695928104380156325,True,,,40,22281,25.34,U:x-space B&B (unconditional) + C:logit (conditional on C-15 Thm 1),
F,1e3,1e3,1e-3,2/3+1e-1,0.766666666666666666666666666666666666666666667,CERTIFIED,U:x-space B&B (unconditional) + C:logit (conditional on C-15 Thm 1),True,True,50030.5533712106744525527084679144814535590041,50030.553371210674452552708467914481453684641,50030.5533712106744525527084679144814536221987,2.5112e-39,0.00348044421479870536857448522827,0.498259777892600647315712757386,0.498259777892600647315712757386,3.6815e-38,4.89437e-5,4004.001,50030.5533712106744525527084679144814536419678,True,,,40,94611,78.59,U:x-space B&B (unconditional) + C:logit (conditional on C-15 Thm 1),
F,1e3,1e3,1e-3,0.8,0.8,CERTIFIED,U:x-space B&B (unconditional) + C:logit (conditional on C-15 Thm 1),True,True,27490.682756777832297479691349843498735221248,27490.6827567778322974796913498434987352686439,27490.682756777832297479691349843498735244946,1.72407e-39,0.00258843360888190425774465037464,0.498705783195559047871127674813,0.498705783195559047871127674813,2.51782e-38,3.63998e-5,4004.001,27490.6827567778322974796913498434987352527324,True,,,40,111625,88.21,U:x-space B&B (unconditional) + C:logit (conditional on C-15 Thm 1),
F,1e3,1e3,1e-3,0.9,0.9,CERTIFIED,C:logit (conditional on C-15 Thm 1),False,True,8485.6572013429108090475160583220264674576252,8485.65720134291080904751605832202646747492847,8485.65720134291080904751605832202646746627684,2.03912e-39,0.0014414281088722138744950026366,0.499279285945563893062752498682,0.499279285945563893062752498682,4.34067e-38,,4004.001,8485.65720134291080904751605832202646746712707,True,,,40,300001,189.36,C:logit (conditional on C-15 Thm 1),U: box/time budget
F,1e3,1e3,1e-3,0.95,0.95,CERTIFIED,C:logit (conditional on C-15 Thm 1),False,True,5635.40063189357491322626008026605644012095212,5635.40063189357491322626008026605644013139051,5635.40063189357491322626008026605644012621833,1.85229e-39,0.00117050281244572870339268306325,0.499414748593777135648303658468,0.499414748593777135648303658468,3.48695e-38,,4004.001,5635.40063189357491322626008026605644012658783,True,,,40,300001,185.0,C:logit (conditional on C-15 Thm 1),U: box/time budget
F,1e3,1e3,1e-3,1-1e-2,0.99,CERTIFIED,C:logit (conditional on C-15 Thm 1),False,True,4269.03608985341235830259792902713520241027699,4269.03608985341235830259792902713520241582532,4269.03608985341235830259792902713520241309817,1.29967e-39,0.000984673853411910913385687593162,0.499507663073294044543307156203,0.499507663073294044543307156203,2.36449e-37,,4004.001,4269.0360898534123583025979290271352024135709,True,,,40,300001,193.09,C:logit (conditional on C-15 Thm 1),U: box/time budget
F,1e3,1e3,1e-3,1-1e-5,0.99999,CERTIFIED,C:logit (conditional on C-15 Thm 1),False,True,4004.26763283839364772824334815651119809960817,4004.26763283839364772824334815651119810553266,4004.26763283839364772824334815651119810257042,1.47954e-39,0.000505238762384068354419066311878,0.499747380618807965822790466844,0.499747380618807965822790466844,3.03497e-36,,4004.001,4004.26763283839364772824334815651119810304943,True,,,40,300001,188.64,C:logit (conditional on C-15 Thm 1),U: box/time budget
F,1e3,1e3,1e-3,1-1e-10,0.9999999999,CERTIFIED,C:logit (conditional on C-15 Thm 1),False,True,4004.00100266861852990893342577774921261216687,4004.00100266861852990893342577774921261809136,4004.00100266861852990893342577774921261512912,1.47964e-39,0.000499750180431880317501631863703,0.499750124909784059841249184068,0.499750124909784059841249184068,3.4023e-36,,4004.001,4004.00100266861852990893342577774921261555153,True,,,40,300001,181.33,C:logit (conditional on C-15 Thm 1),U: box/time budget
F,1e4,1e-4,1,2/3+1e-8,0.666666676666666666666666666666666666666666667,CERTIFIED,U:x-space B&B (unconditional) + C:logit (conditional on C-15 Thm 1),True,True,167614281779482786011735.402567507248396531345,167614281779482786011735.402567507248396531555,167614281779482786011735.40256750724839653145,1.25261e-42,0.333313187691431352122908205018,0.333313181646038060502482748365,0.333373630662530587374609046617,4.19091e-46,0.0187489,10203.0201,167614281779482786011735.402567507248396531439,True,,,50,349,0.61,U:x-space B&B (unconditional) + C:logit (conditional on C-15 Thm 1),
F,1e4,1e-4,1,2/3+1e-4,0.666766666666666666666666666666666666666666667,CERTIFIED,U:x-space B&B (unconditional) + C:logit (conditional on C-15 Thm 1),True,True,404926033426.794356725531999872698250047912472,404926033426.794356725531999872698250559018608,404926033426.79435672553199987269825030346554,1.26222e-36,0.246212525074679828655138132598,0.246158621821612881956034253261,0.507628853103707289388827614141,1.6554e-36,0.00692321,10203.0201,404926033426.794356725531999872698250312064983,True,,,40,745,0.97,U:x-space B&B (unconditional) + C:logit (conditional on C-15 Thm 1),
F,1e4,1e-4,1,0.7,0.7,CERTIFIED,U:x-space B&B (unconditional) + C:logit (conditional on C-15 Thm 1),True,True,1264681.60580886946283912384580219885745617863,1264681.60580886946283912384580219885746470087,1264681.60580886946283912384580219885746043975,6.73864e-39,0.0320226122185356258104517885658,0.0293577507871082620853278600313,0.938619636994356112104220351403,7.34265e-38,2.58027e-5,10203.0201,1264681.60580886946283912384580219885746157188,True,,,40,20631,20.91,U:x-space B&B (unconditional) + C:logit (conditional on C-15 Thm 1),
F,1e4,1e-4,1,2/3+1e-1,0.766666666666666666666666666666666666666666667,CERTIFIED,U:x-space B&B (unconditional) + C:logit (conditional on C-15 Thm 1),True,True,130014.993674348408886708555363163622163577987,130014.993674348408886708555363163622163901483,130014.993674348408886708555363163622163740487,2.48814e-39,0.0203614847890766795622856061547,0.0158754541424675761037805735731,0.963763061068455744333933820272,1.34751e-38,6.97652e-6,10203.0201,130014.993674348408886708555363163622163794387,True,,,40,54983,51.98,U:x-space B&B (unconditional) + C:logit (conditional on C-15 Thm 1),
F,1e4,1e-4,1,0.8,0.8,CERTIFIED,U:x-space B&B (unconditional) + C:logit (conditional on C-15 Thm 1),True,True,71181.4020480766494586952386861325258147626052,71181.4020480766494586952386861325258148769573,71181.4020480766494586952386861325258148197813,1.60649e-39,0.0182816943994411872718588161961,0.0132216969805458602055217552305,0.968496608620012952522619428573,1.03998e-38,5.81032e-6,10203.0201,71181.4020480766494586952386861325258148347498,True,,,40,68303,64.97,U:x-space B&B (unconditional) + C:logit (conditional on C-15 Thm 1),
F,1e4,1e-4,1,0.9,0.9,CERTIFIED,U:x-space B&B (unconditional) + C:logit (conditional on C-15 Thm 1),True,True,21847.7110289720883870618211995024178892344825,21847.7110289720883870618211995024178892615658,21847.7110289720883870618211995024178892480242,1.23964e-39,0.0151101189154502685935829866777,0.00886387075026264707829089865826,0.976026010334287084328126114664,1.09323e-38,3.89526e-6,10203.0201,21847.7110289720883870618211995024178892515658,True,,,40,159401,124.09,U:x-space B&B (unconditional) + C:logit (conditional on C-15 Thm 1),
F,1e4,1e-4,1,0.95,0.95,CERTIFIED,C:logit (conditional on C-15 Thm 1),False,True,14485.0031362106235624726458224417207914385927,14485.003136210623562472645822441720791465488,14485.0031362106235624726458224417207914521344,1.85677e-39,0.0141550486736018108608101377569,0.0074450558894357671713515335656,0.978399895436962421967838328677,1.80146e-37,,10203.0201,14485.0031362106235624726458224417207914538905,True,,,40,300001,183.21,C:logit (conditional on C-15 Thm 1),U: box/time budget
F,1e4,1e-4,1,1-1e-2,0.99,CERTIFIED,C:logit (conditional on C-15 Thm 1),False,True,10952.9592542627410990490105998250446577401213,10952.9592542627410990490105998250446577544153,10952.9592542627410990490105998250446577472683,1.30504e-39,0.0129254814354513824665937786988,0.00551513807350330086799247049996,0.981559380491045316665413750801,2.97771e-37,,10203.0201,10952.9592542627410990490105998250446577483145,True,,,40,300001,165.42,C:logit (conditional on C-15 Thm 1),U: box/time budget
F,1e4,1e-4,1,1-1e-5,0.99999,CERTIFIED,C:logit (conditional on C-15 Thm 1),False,True,10205.8193659927328617636948508945119278069156,10205.8193659927328617636948508945119278277924,10205.8193659927328617636948508945119278174481,2.04558e-39,0.00995671806502328723597964103788,0.000173371805924442808337041863896,0.989869910129052269955683317098,6.44651e-36,,10203.0201,10205.819365992732861763694850894511927818736,True,,,40,300001,166.59,C:logit (conditional on C-15 Thm 1),U: box/time budget
F,1e4,1e-4,1,1-1e-10,0.9999999999,CERTIFIED,C:logit (conditional on C-15 Thm 1),False,True,10203.0201325340649679805160673839030743888014,10203.0201325340649679805160673839030744170133,10203.0201325340649679805160673839030744029073,2.76505e-39,0.00990001065833490250590192712079,0.0000990008803077315609742920197344,0.990000988461357365933123780859,3.28817e-35,,10203.0201,10203.0201325340649679805160673839030744069097,True,,,40,300001,166.21,C:logit (conditional on C-15 Thm 1),U: box/time budget
F,1e4,1,1,2/3+1e-8,0.666666676666666666666666666666666666666666667,CERTIFIED,U:x-space B&B (unconditional) + C:logit (conditional on C-15 Thm 1),True,True,167614284818998078542286.653556110821327368809,167614284818998078542286.653556110821327369019,167614284818998078542286.653556110821327368914,1.25261e-42,0.333313185676300240197745393903,0.333313185676300240197745393903,0.333373628647399519604509212194,4.19066e-46,0.0187489,10404.0,167614284818998078542286.653556110821327368903,True,,,50,349,0.47,U:x-space B&B (unconditional) + C:logit (conditional on C-15 Thm 1),
F,1e4,1,1,2/3+1e-4,0.666766666666666666666666666666666666666666667,CERTIFIED,U:x-space B&B (unconditional) + C:logit (conditional on C-15 Thm 1),True,True,404969033212.983997562146360202774266154259166,404969033212.983997562146360202774266665542006,404969033212.983997562146360202774266409900586,1.26252e-36,0.246193181679773954526901735288,0.246193181679773954526901735288,0.507613636640452090946196529424,1.65534e-36,0.00692418,10404.0,404969033212.983997562146360202774266418554089,True,,,40,745,0.79,U:x-space B&B (unconditional) + C:logit (conditional on C-15 Thm 1),
F,1e4,1,1,0.7,0.7,CERTIFIED,U:x-space B&B (unconditional) + C:logit (conditional on C-15 Thm 1),True,True,1268501.10876734359311476173137813035682816565,1268501.10876734359311476173137813035683659159,1268501.10876734359311476173137813035683237862,6.64244e-39,0.0307218432273974962712199908505,0.0307218432273974962712199908505,0.938556313545205007457560018299,6.27595e-38,2.70016e-5,10404.0,1268501.10876734359311476173137813035683340847,True,,,40,25471,19.43,U:x-space B&B (unconditional) + C:logit (conditional on C-15 Thm 1),
F,1e4,1,1,2/3+1e-1,0.766666666666666666666666666666666666666666667,CERTIFIED,U:x-space B&B (unconditional) + C:logit (conditional on C-15 Thm 1),True,True,130738.801154459833124751904938057126017952849,130738.801154459833124751904938057126018271832,130738.801154459833124751904938057126018112341,2.43984e-39,0.0180648015722303911699781816438,0.0180648015722303911699781816438,0.963870396855539217660043636712,1.09774e-38,7.93863e-6,10404.0,130738.8011544598331247519049380571260181562,True,,,40,45177,28.33,U:x-space B&B (unconditional) + C:logit (conditional on C-15 Thm 1),
F,1e4,1,1,0.8,0.8,CERTIFIED,U:x-space B&B (unconditional) + C:logit (conditional on C-15 Thm 1),True,True,71650.7700504140835078134800798623391301610369,71650.7700504140835078134800798623391302799029,71650.7700504140835078134800798623391302197176,1.65896e-39,0.0156486544686968968195341081526,0.0156486544686968968195341081526,0.968702691062606206360931783695,7.35737e-39,6.87685e-6,10404.0,71650.7700504140835078134800798623391302373195,True,,,40,75681,75.78,U:x-space B&B (unconditional) + C:logit (conditional on C-15 Thm 1),
F,1e4,1,1,0.9,0.9,CERTIFIED,U:x-space B&B (unconditional) + C:logit (conditional on C-15 Thm 1),True,True,22051.6262231127563192082457027034786899678509,22051.6262231127563192082457027034786899956866,22051.6262231127563192082457027034786899817688,1.2623e-39,0.0117757814144852287766915338994,0.0117757814144852287766915338994,0.976448437171029542446616932201,5.3073e-39,5.1749e-6,10404.0,22051.6262231127563192082457027034786899862804,True,,,40,93153,97.3,U:x-space B&B (unconditional) + C:logit (conditional on C-15 Thm 1),
F,1e4,1,1,0.95,0.95,CERTIFIED,U:x-space B&B (unconditional) + C:logit (conditional on C-15 Thm 1),True,True,14639.6548576683895800551520365109960041518153,14639.6548576683895800551520365109960041681782,14639.6548576683895800551520365109960041600908,1.11771e-39,0.0106579379322086590899246196979,0.0106579379322086590899246196979,0.978684124135582681820150760604,4.1362e-39,4.68366e-6,10404.0,14639.6548576683895800551520365109960041635362,True,,,40,121141,122.62,U:x-space B&B (unconditional) + C:logit (conditional on C-15 Thm 1),
F,1e4,1,1,1-1e-2,0.99,CERTIFIED,U:x-space B&B (unconditional) + C:logit (conditional on C-15 Thm 1),True,True,11089.9116706346204893417174122194166435587672,11089.911670634620489341717412219416643570052,11089.9116706346204893417174122194166435644096,1.01757e-39,0.00995845192869656187359455747876,0.00995845192869656187359455747876,0.980083096142606876252810885042,2.80139e-39,4.37627e-6,10404.0,11089.9116706346204893417174122194166435666398,True,,,40,147581,144.66,U:x-space B&B (unconditional) + C:logit (conditional on C-15 Thm 1),
F,1e4,1,1,1-1e-5,0.99999,CERTIFIED,U:x-space B&B (unconditional) + C:logit (conditional on C-15 Thm 1),True,True,10404.6537655024464230884005329051179283382716,10404.6537655024464230884005329051179283459829,10404.6537655024464230884005329051179283422213,7.41134e-40,0.00980407252965552424204205276509,0.00980407252965552424204205276509,0.98039185494068895151591589447,2.10188e-39,4.30843e-6,10404.0,10404.6537655024464230884005329051179283443208,True,,,40,168705,168.22,U:x-space B&B (unconditional) + C:logit (conditional on C-15 Thm 1),
F,1e4,1,1,1-1e-10,0.9999999999,CERTIFIED,U:x-space B&B (unconditional) + C:logit (conditional on C-15 Thm 1),True,True,10404.0000065373464312725472027654148246789905,10404.0000065373464312725472027654148246882064,10404.0000065373464312725472027654148246836925,8.85801e-40,0.00980392157013702639471907534202,0.00980392157013702639471907534202,0.980392156859725947210561849316,2.71884e-39,4.30836e-6,10404.0,10404.0000065373464312725472027654148246852139,True,,,40,168997,144.18,U:x-space B&B (unconditional) + C:logit (conditional on C-15 Thm 1),
F,1e4,1e4,1e-4,2/3+1e-8,0.666666676666666666666666666666666666666666667,CERTIFIED,U:x-space B&B (unconditional) + C:logit (conditional on C-15 Thm 1),True,True,167644675094941234170217.000833479206980318067,167644675094941234170217.000833479206980318277,167644675094941234170217.000833479206980318172,1.25269e-42,0.333293033989005135468003079875,0.333353483005497432265998460063,0.333353483005497432265998460063,2.96508e-46,0.0187477,40004.0001,167644675094941234170217.000833479206980318161,True,,,50,349,0.46,U:x-space B&B (unconditional) + C:logit (conditional on C-15 Thm 1),
F,1e4,1e4,1e-4,2/3+1e-4,0.666766666666666666666666666666666666666666667,CERTIFIED,U:x-space B&B (unconditional) + C:logit (conditional on C-15 Thm 1),True,True,728042346824.55325947945190549934784938289369,728042346824.553259479451905499347850363163805,728042346824.553259479451905499347849873035058,1.34645e-36,0.166059782874447217688025486904,0.416970108562776391155987256548,0.416970108562776391155987256548,1.15299e-35,0.00934086,40004.0001,728042346824.553259479451905499347849886874662,True,,,40,835,0.8,U:x-space B&B (unconditional) + C:logit (conditional on C-15 Thm 1),
F,1e4,1e4,1e-4,0.7,0.7,CERTIFIED,C:logit (conditional on C-15 Thm 1),False,True,4729089.20566748121673096915327476884043425094,4729089.20566748121673096915327476884046997694,4729089.20566748121673096915327476884045216208,7.55452e-39,0.00108244150700653925220820972698,0.499458779246496730373895895137,0.499458779246496730373895895137,8.82809e-38,,40004.0001,4729089.20566748121673096915327476884045547345,True,,,40,266998,240.54,C:logit (conditional on C-15 Thm 1),U: box/time budget
F,1e4,1e4,1e-4,2/3+1e-1,0.766666666666666666666666666666666666666666667,CERTIFIED,C:logit (conditional on C-15 Thm 1),False,True,498692.97714923789415819069729496422730626646,498692.977149237894158190697294964227308011834,498692.977149237894158190697294964227307139147,3.4999e-39,0.000352521604962425587073043262878,0.499823739197518787206463478369,0.499823739197518787206463478369,3.63574e-38,,40004.0001,498692.977149237894158190697294964227307277146,True,,,40,271388,240.18,C:logit (conditional on C-15 Thm 1),U: box/time budget
F,1e4,1e4,1e-4,0.8,0.8,CERTIFIED,C:logit (conditional on C-15 Thm 1),False,True,274238.461650889925223182078406496202219344341,274238.46165088992522318207840649620222000638,274238.46165088992522318207840649620221967536,2.4141e-39,0.000261503658366247553033241113843,0.499869248170816876223483379443,0.499869248170816876223483379443,2.60612e-38,,40004.0001,274238.461650889925223182078406496202219742909,True,,,40,249862,240.12,C:logit (conditional on C-15 Thm 1),U: box/time budget
F,1e4,1e4,1e-4,0.9,0.9,CERTIFIED,C:logit (conditional on C-15 Thm 1),False,True,84732.781473746132923031312902700403239141762,84732.7814737461329230313129027004032393448875,84732.7814737461329230313129027004032392440771,2.39725e-39,0.000145391836438978824238195695838,0.499927304081780510587880902152,0.499927304081780510587880902152,4.36928e-38,,40004.0001,84732.7814737461329230313129027004032392580832,True,,,40,245237,240.12,C:logit (conditional on C-15 Thm 1),U: box/time budget
F,1e4,1e4,1e-4,0.95,0.95,CERTIFIED,C:logit (conditional on C-15 Thm 1),False,True,56283.512942718704800454502410877024386166122,56283.5129427187048004545024108770243862601615,56283.5129427187048004545024108770243862135179,1.67082e-39,0.000118452903096158435617853223517,0.499940773548451920782191073388,0.499940773548451920782191073388,3.26238e-38,,40004.0001,56283.5129427187048004545024108770243862203394,True,,,40,235522,240.37,C:logit (conditional on C-15 Thm 1),U: box/time budget
F,1e4,1e4,1e-4,1-1e-2,0.99,CERTIFIED,C:logit (conditional on C-15 Thm 1),False,True,42642.185518948940568595181613293763500362734,42642.1855189489405685951816132937635004259286,42642.1855189489405685951816132937635003943313,1.48197e-39,0.000102721137303764277390892302149,0.499948639431348117861304553849,0.499948639431348117861304553849,4.63146e-37,,40004.0001,42642.1855189489405685951816132937635004008462,True,,,40,232498,240.14,C:logit (conditional on C-15 Thm 1),U: box/time budget
F,1e4,1e4,1e-4,1-1e-5,0.99999,CERTIFIED,C:logit (conditional on C-15 Thm 1),False,True,40006.6451009014205264456795943161711793412148,40006.6451009014205264456795943161711794006478,40006.6451009014205264456795943161711793705551,1.48558e-39,0.0000549906830330252724764883292215,0.499972504658483487363761755835,0.499972504658483487363761755835,3.69386e-35,,40004.0001,40006.6451009014205264456795943161711793832512,True,,,40,243420,240.17,C:logit (conditional on C-15 Thm 1),U: box/time budget
F,1e4,1e4,1e-4,1-1e-10,0.9999999999,CERTIFIED,C:logit (conditional on C-15 Thm 1),False,True,40004.0001266601831407937978764230101508295278,40004.000126660183140793797876423010150896484,40004.0001266601831407937978764230101508633821,1.67374e-39,0.0000499975556568033238573004754404,0.499975001222171598338071349762,0.499975001222171598338071349762,1.32359e-35,,40004.0001,40004.0001266601831407937978764230101508712733,True,,,40,243870,240.43,C:logit (conditional on C-15 Thm 1),U: box/time budget
