triple,beta12,beta13,beta23,alpha,T1,T_Phi=T1/rho_alpha,T_alpha,certified_fraction_(TPhi-T1)/(Talpha-T1),TPhi_over_Talpha,limit_alpha_to_1_2sqrt(SG)/(S+G),evidence
"no_pair_loops_(1,1,1)",1,1,1,0.666666676666667,9,1.21585419603465e+16,1.67583895975694e+23,7.25519709967237e-08,7.25519709967237e-08,0.866025403784439,FLOAT
"no_pair_loops_(1,1,1)",1,1,1,0.66666667726311,9,1.08283238006123e+16,1.40848390076803e+23,7.68792869745101e-08,7.68792869745101e-08,0.866025403784439,FLOAT
"no_pair_loops_(1,1,1)",1,1,1,0.666666677895128,9,9.64363987362712e+15,1.18378139647596e+23,8.14647020331256e-08,8.14647020331257e-08,0.866025403784439,FLOAT
"no_pair_loops_(1,1,1)",1,1,1,0.666666678564843,9,8.58856726953193e+15,9.94926783671126e+22,8.63236110484576e-08,8.63236110484577e-08,0.866025403784439,FLOAT
"no_pair_loops_(1,1,1)",1,1,1,0.666666679274502,9,7.64892617948589e+15,8.36201123135078e+22,9.14723260692188e-08,9.14723260692189e-08,0.866025403784439,FLOAT
"no_pair_loops_(1,1,1)",1,1,1,0.666666680026488,9,6.81208728234397e+15,7.02797710172932e+22,9.69281371259415e-08,9.69281371259416e-08,0.866025403784439,FLOAT
"no_pair_loops_(1,1,1)",1,1,1,0.666666680823326,9,6.06680371873529e+15,5.90676856880156e+22,1.02709351959022e-07,1.02709351959022e-07,0.866025403784439,FLOAT
"no_pair_loops_(1,1,1)",1,1,1,0.666666681667691,9,5.40305874869421e+15,4.96443213550462e+22,1.08835383407754e-07,1.08835383407754e-07,0.866025403784439,FLOAT
"no_pair_loops_(1,1,1)",1,1,1,0.666666682562417,9,4.81193138727491e+15,4.172431193211e+22,1.15326800238299e-07,1.15326800238299e-07,0.866025403784439,FLOAT
"no_pair_loops_(1,1,1)",1,1,1,0.666666683510509,9,4.28547695720276e+15,3.50678217546236e+22,1.22205393514005e-07,1.22205393514005e-07,0.866025403784439,FLOAT
"no_pair_loops_(1,1,1)",1,1,1,0.666666684515149,9,3.81661987422243e+15,2.94732753256184e+22,1.29494256476646e-07,1.29494256476646e-07,0.866025403784439,FLOAT
"no_pair_loops_(1,1,1)",1,1,1,0.66666668557971,9,3.39905852295959e+15,2.47712548601997e+22,1.37217857639537e-07,1.37217857639538e-07,0.866025403784439,FLOAT
"no_pair_loops_(1,1,1)",1,1,1,0.666666686707767,9,3.02718098749433e+15,2.08193723375636e+22,1.45402125405697e-07,1.45402125405697e-07,0.866025403784439,FLOAT
"no_pair_loops_(1,1,1)",1,1,1,0.666666687903105,9,2.6959890696931e+15,1.74979527857124e+22,1.5407454247416e-07,1.5407454247416e-07,0.866025403784439,FLOAT
"no_pair_loops_(1,1,1)",1,1,1,0.666666689169739,9,2.40103154737624e+15,1.47064162192155e+22,1.63264218255908e-07,1.63264218255909e-07,0.866025403784439,FLOAT
"no_pair_loops_(1,1,1)",1,1,1,0.66666669051192,9,2.13834418001484e+15,1.23602275516465e+22,1.73002007534236e-07,1.73002007534237e-07,0.866025403784439,FLOAT
"no_pair_loops_(1,1,1)",1,1,1,0.666666691934155,9,1.90439639355354e+15,1.03883382581751e+22,1.83320599139605e-07,1.83320599139606e-07,0.866025403784439,FLOAT
"no_pair_loops_(1,1,1)",1,1,1,0.666666693441218,9,1.69604389170214e+15,8.73103429981387e+21,1.94254636216271e-07,1.94254636216272e-07,0.866025403784439,FLOAT
"no_pair_loops_(1,1,1)",1,1,1,0.666666695038169,9,1.51048643343013e+15,7.3381283680268e+21,2.05840829933081e-07,2.05840829933082e-07,0.866025403784439,FLOAT
"no_pair_loops_(1,1,1)",1,1,1,0.666666696730369,9,1.34523007958329e+15,6.16743982274919e+21,2.18118071395082e-07,2.18118071395083e-07,0.866025403784439,FLOAT
"no_pair_loops_(1,1,1)",1,1,1,0.666666698523499,9,1.19805376990125e+15,5.18351711636142e+21,2.31127580561019e-07,2.3112758056102e-07,0.866025403784439,FLOAT
"no_pair_loops_(1,1,1)",1,1,1,0.666666700423579,9,1.06697943411088e+15,4.35656449710362e+21,2.44913035218515e-07,2.44913035218517e-07,0.866025403784439,FLOAT
"no_pair_loops_(1,1,1)",1,1,1,0.666666702436989,9,950245423368841,3.66153977665091e+21,2.59520715691362e-07,2.59520715691364e-07,0.866025403784439,FLOAT
"no_pair_loops_(1,1,1)",1,1,1,0.666666704570486,9,846282830580869,3.07739593027306e+21,2.74999658723071e-07,2.74999658723074e-07,0.866025403784439,FLOAT
"no_pair_loops_(1,1,1)",1,1,1,0.666666706831235,9,753694365968365,2.58644344696839e+21,2.91401834767264e-07,2.91401834767268e-07,0.866025403784439,FLOAT
"no_pair_loops_(1,1,1)",1,1,1,0.666666709226825,9,671235637848914,2.17381509057122e+21,3.08782306627802e-07,3.08782306627806e-07,0.866025403784439,FLOAT
"no_pair_loops_(1,1,1)",1,1,1,0.666666711765299,9,597798399558464,1.82701542684987e+21,3.27199426328423e-07,3.27199426328428e-07,0.866025403784439,FLOAT
"no_pair_loops_(1,1,1)",1,1,1,0.666666714455177,9,532395638668450,1.53554246746557e+21,3.46715020879343e-07,3.46715020879348e-07,0.866025403784439,FLOAT
"no_pair_loops_(1,1,1)",1,1,1,0.666666717305492,9,474148333518665,1.29056964483455e+21,3.67394611686718e-07,3.67394611686725e-07,0.866025403784439,FLOAT
"no_pair_loops_(1,1,1)",1,1,1,0.666666720325813,9,422273634283923,1.08467856430523e+21,3.89307623640921e-07,3.89307623640929e-07,0.866025403784439,FLOAT
"no_pair_loops_(1,1,1)",1,1,1,0.666666723526278,9,376074345363125,9.11634337803545e+20,4.12527621841466e-07,4.12527621841476e-07,0.866025403784439,FLOAT
"no_pair_loops_(1,1,1)",1,1,1,0.666666726917633,9,334929534558164,7.66196718286645e+20,4.37132562127281e-07,4.37132562127293e-07,0.866025403784439,FLOAT
"no_pair_loops_(1,1,1)",1,1,1,0.666666730511263,9,298286217432501,6.43961504733851e+20,4.63205044462671e-07,4.63205044462685e-07,0.866025403784439,FLOAT
"no_pair_loops_(1,1,1)",1,1,1,0.666666734319233,9,265651898984064,5.41227083580739e+20,4.90832604359913e-07,4.9083260435993e-07,0.866025403784439,FLOAT
"no_pair_loops_(1,1,1)",1,1,1,0.666666738354327,9,236587974162967,4.54882405629384e+20,5.20107991065538e-07,5.20107991065557e-07,0.866025403784439,FLOAT
"no_pair_loops_(1,1,1)",1,1,1,0.666666742630091,9,210703817411027,3.82312724476351e+20,5.51129491438236e-07,5.5112949143826e-07,0.866025403784439,FLOAT
"no_pair_loops_(1,1,1)",1,1,1,0.66666674716088,9,187651544255133,3.21320452178617e+20,5.8400124543212e-07,5.84001245432148e-07,0.866025403784439,FLOAT
"no_pair_loops_(1,1,1)",1,1,1,0.666666751961906,9,167121329026096,2.70058583125078e+20,6.1883361414469e-07,6.18833614144724e-07,0.866025403784439,FLOAT
"no_pair_loops_(1,1,1)",1,1,1,0.666666757049286,9,148837244257562,2.26974779969102e+20,6.55743533611153e-07,6.55743533611193e-07,0.866025403784439,FLOAT
"no_pair_loops_(1,1,1)",1,1,1,0.666666762440099,9,132553549106987,1.90764353100561e+20,6.94854918922419e-07,6.94854918922467e-07,0.866025403784439,FLOAT
"no_pair_loops_(1,1,1)",1,1,1,0.666666768152444,9,118051388028417,1.60330755465335e+20,7.36299081768702e-07,7.36299081768758e-07,0.866025403784439,FLOAT
"no_pair_loops_(1,1,1)",1,1,1,0.666666774205498,9,105135851524056,1.34752384553456e+20,7.80215147007954e-07,7.80215147008021e-07,0.866025403784439,FLOAT
"no_pair_loops_(1,1,1)",1,1,1,0.666666780619582,9,93633352823758,1.1325465900004e+20,8.26750560643305e-07,8.26750560643385e-07,0.866025403784439,FLOAT
"no_pair_loops_(1,1,1)",1,1,1,0.66666678741623,9,83389297109181.3,9.51865743693939e+19,8.76061541888886e-07,8.76061541888981e-07,0.866025403784439,FLOAT
"no_pair_loops_(1,1,1)",1,1,1,0.66666679461826,9,74266003049288.3,8.00009817385935e+19,9.28313646099326e-07,9.28313646099438e-07,0.866025403784439,FLOAT
"no_pair_loops_(1,1,1)",1,1,1,0.666666802249851,9,66140852564426.2,6.7238023133069e+19,9.83682289907893e-07,9.83682289908027e-07,0.866025403784439,FLOAT
"no_pair_loops_(1,1,1)",1,1,1,0.666666810336623,9,58904642776657.8,5.65112036529627e+19,1.0423533559537e-06,1.04235335595386e-06,0.866025403784439,FLOAT
"no_pair_loops_(1,1,1)",1,1,1,0.666666818905725,9,52460118184561.3,4.749568759425e+19,1.10452381767189e-06,1.10452381767208e-06,0.866025403784439,FLOAT
"no_pair_loops_(1,1,1)",1,1,1,0.666666827985925,9,46720663462430.1,3.99184620842275e+19,1.17040239084965e-06,1.17040239084988e-06,0.866025403784439,FLOAT
"no_pair_loops_(1,1,1)",1,1,1,0.666666837607709,9,41609139927777.6,3.3550069537123e+19,1.24021024402731e-06,1.24021024402758e-06,0.866025403784439,FLOAT
"no_pair_loops_(1,1,1)",1,1,1,0.666666847803377,9,37056847957869,2.81976585680262e+19,1.31418173847524e-06,1.31418173847556e-06,0.866025403784439,FLOAT
"no_pair_loops_(1,1,1)",1,1,1,0.66666685860716,9,33002604286832.6,2.36991446055668e+19,1.39256521009925e-06,1.39256521009963e-06,0.866025403784439,FLOAT
"no_pair_loops_(1,1,1)",1,1,1,0.666666870055327,9,29391919462960.1,1.99183012548524e+19,1.47562380380158e-06,1.47562380380203e-06,0.866025403784439,FLOAT
"no_pair_loops_(1,1,1)",1,1,1,0.666666882186313,9,26176265371943.8,1.67406348120667e+19,1.56363636539439e-06,1.56363636539493e-06,0.866025403784439,FLOAT
"no_pair_loops_(1,1,1)",1,1,1,0.666666895040844,9,23312423325883.1,1.40699174235879e+19,1.65689837573541e-06,1.65689837573605e-06,0.866025403784439,FLOAT
"no_pair_loops_(1,1,1)",1,1,1,0.666666908662074,9,20761902923642.8,1.1825273012972e+19,1.75572292503172e-06,1.75572292503248e-06,0.866025403784439,FLOAT
"no_pair_loops_(1,1,1)",1,1,1,0.666666923095735,9,18490424913907.2,9.9387279881332e+18,1.86044179254888e-06,1.86044179254978e-06,0.866025403784439,FLOAT
"no_pair_loops_(1,1,1)",1,1,1,0.666666938390282,9,16467460351531.1,8.3531529627499e+18,1.97140653654461e-06,1.97140653654569e-06,0.866025403784439,FLOAT
"no_pair_loops_(1,1,1)",1,1,1,0.666666954597062,9,14665820344527.6,7.0205326609999e+18,2.08898968962703e-06,2.08898968962831e-06,0.866025403784439,FLOAT
"no_pair_loops_(1,1,1)",1,1,1,0.666666971770485,9,13061290687588.8,5.90051198105422e+18,2.21358599550647e-06,2.213585995508e-06,0.866025403784439,FLOAT
"no_pair_loops_(1,1,1)",1,1,1,0.666666989968206,9,11632306278145.2,4.95917380043298e+18,2.34561375467836e-06,2.34561375468018e-06,0.866025403784439,FLOAT
"no_pair_loops_(1,1,1)",1,1,1,0.666667009251318,9,10359661424905.9,4.16801202223276e+18,2.48551620524054e-06,2.4855162052427e-06,0.866025403784439,FLOAT
"no_pair_loops_(1,1,1)",1,1,1,0.666667029684559,9,9226251624459.62,3.50306825032215e+18,2.63376302291632e-06,2.63376302291888e-06,0.866025403784439,FLOAT
"no_pair_loops_(1,1,1)",1,1,1,0.666667051336528,9,8216843724403.02,2.94420628492611e+18,2.79085190683242e-06,2.79085190683547e-06,0.866025403784439,FLOAT
"no_pair_loops_(1,1,1)",1,1,1,0.666667074279914,9,7317871164029,2.47450237137546e+18,2.95731022474322e-06,2.95731022474686e-06,0.866025403784439,FLOAT
"no_pair_loops_(1,1,1)",1,1,1,0.666667098591744,9,6517251647436.54,2.07973267101827e+18,3.13369681509912e-06,3.13369681510344e-06,0.866025403784439,FLOAT
"no_pair_loops_(1,1,1)",1,1,1,0.666667124353638,9,5804224755708.87,1.74794255658738e+18,3.32060383439135e-06,3.3206038343965e-06,0.866025403784439,FLOAT
"no_pair_loops_(1,1,1)",1,1,1,0.666667151652083,9,5169207330544.06,1.4690845787239e+18,3.51865876573642e-06,3.51865876574255e-06,0.866025403784439,FLOAT
"no_pair_loops_(1,1,1)",1,1,1,0.666667180578726,9,4603664657533.68,1.23471420746833e+18,3.72852651219109e-06,3.72852651219838e-06,0.866025403784439,FLOAT
"no_pair_loops_(1,1,1)",1,1,1,0.66666721123068,9,4099995781258.35,1.03773411208519e+18,3.95091163863828e-06,3.95091163864696e-06,0.866025403784439,FLOAT
"no_pair_loops_(1,1,1)",1,1,1,0.66666724371085,9,3651431334002.33,8.72179235247373e+17,4.18656072791929e-06,4.1865607279296e-06,0.866025403784439,FLOAT
"no_pair_loops_(1,1,1)",1,1,1,0.666667278128279,9,3251942554816.02,7.33036153175521e+17,4.43626489733088e-06,4.43626489734315e-06,0.866025403784439,FLOAT
"no_pair_loops_(1,1,1)",1,1,1,0.666667314598514,9,2896160272400.99,6.1609126196082e+17,4.70086243907184e-06,4.70086243908645e-06,0.866025403784439,FLOAT
"no_pair_loops_(1,1,1)",1,1,1,0.666667353243992,9,2579302728129.53,5.17803171620853e+17,4.98124165606532e-06,4.9812416560827e-06,0.866025403784439,FLOAT
"no_pair_loops_(1,1,1)",1,1,1,0.666667394194455,9,2297111321856.76,4.35195469770324e+17,5.27834382802761e-06,5.27834382804829e-06,0.866025403784439,FLOAT
"no_pair_loops_(1,1,1)",1,1,1,0.666667437587381,9,2045793367021.56,3.6576658597084e+17,5.59316636751411e-06,5.59316636753872e-06,0.866025403784439,FLOAT
"no_pair_loops_(1,1,1)",1,1,1,0.666667483568452,9,1821971121695.82,3.07414037295726e+17,5.9267661871085e-06,5.92676618713778e-06,0.866025403784439,FLOAT
"no_pair_loops_(1,1,1)",1,1,1,0.666667532292033,9,1622636387699.51,2.58370760440941e+17,6.28026323459079e-06,6.28026323462562e-06,0.866025403784439,FLOAT
"no_pair_loops_(1,1,1)",1,1,1,0.666667583921701,9,1445110083393.5,2.17151601037772e+17,6.65484424926317e-06,6.65484424930462e-06,0.866025403784439,FLOAT
"no_pair_loops_(1,1,1)",1,1,1,0.666667638630787,9,1287006234289.85,1.82508338602651e+17,7.0517667528762e-06,7.05176675292551e-06,0.866025403784439,FLOAT
"no_pair_loops_(1,1,1)",1,1,1,0.666667696602962,9,1146199906823.23,1.53391887547108e+17,7.47236327255064e-06,7.47236327260932e-06,0.866025403784439,FLOAT
"no_pair_loops_(1,1,1)",1,1,1,0.66666775803285,9,1020798646412.33,1.28920528029206e+17,7.91804580704226e-06,7.91804580711207e-06,0.866025403784439,FLOAT
"no_pair_loops_(1,1,1)",1,1,1,0.666667823126684,9,909117045713.771,1.08353205472007e+17,8.39031057498008e-06,8.39031057506315e-06,0.866025403784439,FLOAT
"no_pair_loops_(1,1,1)",1,1,1,0.666667892102997,9,809654090844.104,9.10670894932995e+16,8.89074302626831e-06,8.89074302636713e-06,0.866025403784439,FLOAT
"no_pair_loops_(1,1,1)",1,1,1,0.666667965193359,9,721072987698.358,7.65387128465712e+16,9.4210231773144e-06,9.42102317743198e-06,0.866025403784439,FLOAT
"no_pair_loops_(1,1,1)",1,1,1,0.666668042643148,9,642183195830.44,6.43281197259388e+16,9.98293123687393e-06,9.98293123701384e-06,0.866025403784439,FLOAT
"no_pair_loops_(1,1,1)",1,1,1,0.66666812471238,9,571924426898.754,5.40655425759716e+16,1.05783535989877e-05,1.05783535991542e-05,0.866025403784439,FLOAT
"no_pair_loops_(1,1,1)",1,1,1,0.666668211676578,9,509352394738.738,4.54402047780223e+16,1.12092891574312e-05,1.12092891576292e-05,0.866025403784439,FLOAT
"no_pair_loops_(1,1,1)",1,1,1,0.666668303827701,9,453626123606.993,3.81909094150267e+16,1.18778560276836e-05,1.18778560279193e-05,0.866025403784439,FLOAT
"no_pair_loops_(1,1,1)",1,1,1,0.666668401475117,9,403996645791.432,3.20981296439334e+16,1.2586298649298e-05,1.25862986495784e-05,0.866025403784439,FLOAT
"no_pair_loops_(1,1,1)",1,1,1,0.666668504946651,9,359796935134.466,2.69773608108087e+16,1.33369953291098e-05,1.33369953294434e-05,0.866025403784439,FLOAT
"no_pair_loops_(1,1,1)",1,1,1,0.666668614589678,9,320432942059.913,2.26735332119347e+16,1.41324662131726e-05,1.41324662135695e-05,0.866025403784439,FLOAT
"no_pair_loops_(1,1,1)",1,1,1,0.666668730772293,9,285375609783.433,1.90563161864172e+16,1.49753817570387e-05,1.4975381757511e-05,0.866025403784439,FLOAT
"no_pair_loops_(1,1,1)",1,1,1,0.666668853884545,9,254153763412.381,1.60161713696802e+16,1.58685716790289e-05,1.58685716795908e-05,0.866025403784439,FLOAT
"no_pair_loops_(1,1,1)",1,1,1,0.666668984339748,9,226347777453.029,1.34610355892234e+16,1.68150344706939e-05,1.68150344713625e-05,0.866025403784439,FLOAT
"no_pair_loops_(1,1,1)",1,1,1,0.666669122575868,9,201583936108.856,1.13135329801541e+16,1.78179474487296e-05,1.78179474495251e-05,0.866025403784439,FLOAT
"no_pair_loops_(1,1,1)",1,1,1,0.666669269056992,9,179529410201.646,9.50863182057406e+15,1.88806774287121e-05,1.88806774296586e-05,0.866025403784439,FLOAT
"no_pair_loops_(1,1,1)",1,1,1,0.666669424274889,9,159887784212.022,7.99167522874875e+15,2.00067920212588e-05,2.00067920223849e-05,0.866025403784439,FLOAT
"no_pair_loops_(1,1,1)",1,1,1,0.666669588750657,9,142395072180.387,6.71672599896191e+15,2.12000716112872e-05,2.12000716126271e-05,0.866025403784439,FLOAT
"no_pair_loops_(1,1,1)",1,1,1,0.666669763036477,9,126816169856.897,5.64517551840691e+15,2.24645220391102e-05,2.24645220407044e-05,0.866025403784439,FLOAT
"no_pair_loops_(1,1,1)",1,1,1,0.666669947717462,9,112941694824.475,4.74457459527226e+15,2.38043880536764e-05,2.38043880555732e-05,0.866025403784439,FLOAT
"no_pair_loops_(1,1,1)",1,1,1,0.666670143413626,9,100585172346.815,3.98765081532894e+15,2.52241675602979e-05,2.52241675625548e-05,0.866025403784439,FLOAT
"no_pair_loops_(1,1,1)",1,1,1,0.666670350781961,9,89580529180.7094,3.35148266986077e+15,2.67286266992486e-05,2.67286267019339e-05,0.866025403784439,FLOAT
"no_pair_loops_(1,1,1)",1,1,1,0.666670570518648,9,79779861496.7915,2.81680542888642e+15,2.83228158642578e-05,2.83228158674528e-05,0.866025403784439,FLOAT
"no_pair_loops_(1,1,1)",1,1,1,0.666670803361388,9,71051447039.8271,2.36742775910837e+15,3.00120866444461e-05,3.00120866482476e-05,0.866025403784439,FLOAT
"no_pair_loops_(1,1,1)",1,1,1,0.666671050091883,9,63277974766.9748,1.98974141013531e+15,3.18021097795176e-05,3.18021097840406e-05,0.866025403784439,FLOAT
"no_pair_loops_(1,1,1)",1,1,1,0.66667131153846,9,56354968181.8414,1.67230912226323e+15,3.36988941952152e-05,3.36988942005968e-05,0.866025403784439,FLOAT
"no_pair_loops_(1,1,1)",1,1,1,0.666671588578849,9,50189381148.6124,1.4055182772651e+15,3.57088071720225e-05,3.57088071784256e-05,0.866025403784439,FLOAT
"no_pair_loops_(1,1,1)",1,1,1,0.666671882143135,9,44698347342.0293,1.18128980471499e+15,3.78385957066768e-05,3.78385957142953e-05,0.866025403784439,FLOAT
"no_pair_loops_(1,1,1)",1,1,1,0.666672193216873,9,39808066522.611,992833527593510,4.00954091569616e-05,4.00954091660262e-05,0.866025403784439,FLOAT
"no_pair_loops_(1,1,1)",1,1,1,0.666672522844405,9,35452812638.7229,834442538441126,4.24868232340539e-05,4.24868232448391e-05,0.866025403784439,FLOAT
"no_pair_loops_(1,1,1)",1,1,1,0.666672872132358,9,31574050472.2716,701320380314569,4.50208654268822e-05,4.50208654397146e-05,0.866025403784439,FLOAT
"no_pair_loops_(1,1,1)",1,1,1,0.666673242253367,9,28119648913.1574,589435798257360,4.77060419256724e-05,4.77060419409405e-05,0.866025403784439,FLOAT
"no_pair_loops_(1,1,1)",1,1,1,0.666673634450005,9,25043180312.908,495400662639264,5.05513661820517e-05,5.05513662002179e-05,0.866025403784439,FLOAT
"no_pair_loops_(1,1,1)",1,1,1,0.66667405003896,9,22303296488.002,416367368371230,5.3566389139115e-05,5.35663891607293e-05,0.866025403784439,FLOAT
"no_pair_loops_(1,1,1)",1,1,1,0.66667449041545,9,19863173001.7456,349942602461331,5.67612312791809e-05,5.6761231304898e-05,0.866025403784439,FLOAT
"no_pair_loops_(1,1,1)",1,1,1,0.666674957057912,9,17690014232.5612,294114868449599,6.01466165815185e-05,6.0146616612117e-05,0.866025403784439,FLOAT
"no_pair_loops_(1,1,1)",1,1,1,0.666675451532965,9,15754612598.9715,247193573380674,6.37339085094668e-05,6.37339085458732e-05,0.866025403784439,FLOAT
"no_pair_loops_(1,1,1)",1,1,1,0.666675975500663,9,14030956010.2783,207757832687850,6.75351481085191e-05,6.75351481518358e-05,0.866025403784439,FLOAT
"no_pair_loops_(1,1,1)",1,1,1,0.666676530720078,9,12495878254.3309,174613442097404,7.15630944286694e-05,7.15630944802081e-05,0.866025403784439,FLOAT
"no_pair_loops_(1,1,1)",1,1,1,0.666677119055197,9,11128747645.1347,146756714362468,7.58312673084857e-05,7.58312673698071e-05,0.866025403784439,FLOAT
"no_pair_loops_(1,1,1)",1,1,1,0.666677742481186,9,9911189728.87037,123344085126677,8.03539927325427e-05,8.03539928055035e-05,0.866025403784439,FLOAT
"no_pair_loops_(1,1,1)",1,1,1,0.666678403091018,9,8826840329.40553,103666567766203,8.51464508819594e-05,8.51464509687688e-05,0.866025403784439,FLOAT
"no_pair_loops_(1,1,1)",1,1,1,0.666679103102497,9,7861125611.21421,87128283559456.9,9.02247270468784e-05,9.0224727150165e-05,0.866025403784439,FLOAT
"no_pair_loops_(1,1,1)",1,1,1,0.666679844865711,9,7001066206.17328,73228417050739.2,9.5605865579795e-05,9.56058657026864e-05,0.866025403784439,FLOAT
"no_pair_loops_(1,1,1)",1,1,1,0.666680630870915,9,6235102767.62818,61546050143495.1,0.000101307927057738,0.000101307927203955,0.866025403784439,FLOAT
"no_pair_loops_(1,1,1)",1,1,1,0.666681463756893,9,5552940612.93255,51727415722215.2,0.000107350048835877,0.000107350049009847,0.866025403784439,FLOAT
"no_pair_loops_(1,1,1)",1,1,1,0.666682346319819,9,4945411360.74355,43475184722873,0.00011375250923644,0.000113752509443432,0.866025403784439,FLOAT
"no_pair_loops_(1,1,1)",1,1,1,0.666683281522644,9,4404349706.5722,36539462313459.6,0.000120536795527801,0.000120536795774081,0.866025403784439,FLOAT
"no_pair_loops_(1,1,1)",1,1,1,0.666684272505039,9,3922483680.67829,30710220491782.9,0.000127725675975819,0.000127725676268844,0.866025403784439,FLOAT
"no_pair_loops_(1,1,1)",1,1,1,0.666685322593942,9,3493336911.2932,25810937944246,0.00013534327616611,0.000135343276514752,0.866025403784439,FLOAT
"no_pair_loops_(1,1,1)",1,1,1,0.666686435314721,9,3111141581.83618,21693254571823.3,0.000143415159884697,0.000143415160299513,0.866025403784439,FLOAT
"no_pair_loops_(1,1,1)",1,1,1,0.666687614403016,9,2770760910.05792,18232478799806.8,0.000151968414798796,0.000151968415292345,0.866025403784439,FLOAT
"no_pair_loops_(1,1,1)",1,1,1,0.666688863817274,9,2467620109.60692,15323811634003.3,0.00016103174324675,0.000161031743833976,0.866025403784439,FLOAT
"no_pair_loops_(1,1,1)",1,1,1,0.666690187752041,9,2197644903.87985,12879173105247.2,0.000170635558426187,0.00017063555912487,0.866025403784439,FLOAT
"no_pair_loops_(1,1,1)",1,1,1,0.666691590652045,9,1957206767.33774,10824535009095.6,0.000180812086310847,0.000180812087142141,0.866025403784439,FLOAT
"no_pair_loops_(1,1,1)",1,1,1,0.666693077227118,9,1743074157.55569,9097679165858.24,0.000191595473612525,0.000191595474601599,0.866025403784439,FLOAT
"no_pair_loops_(1,1,1)",1,1,1,0.666694652468004,9,1552369082.89812,7646313315031.78,0.000203021902182345,0.000203021903359144,0.866025403784439,FLOAT
"no_pair_loops_(1,1,1)",1,1,1,0.66669632166312,9,1382528421.8605,6426487589633.52,0.000215129710215667,0.00021512971161582,0.866025403784439,FLOAT
"no_pair_loops_(1,1,1)",1,1,1,0.666698090416304,9,1231269474.34551,5401263618614.65,0.000227959520639609,0.000227959522305506,0.866025403784439,FLOAT
"no_pair_loops_(1,1,1)",1,1,1,0.666699964665634,9,1096559281.87079,4539595952412.55,0.000241554377166586,0.000241554379148662,0.866025403784439,FLOAT
"no_pair_loops_(1,1,1)",1,1,1,0.66670195070336,9,976587304.258317,3815391940214.37,0.00025595988841077,0.000255959890769033,0.866025403784439,FLOAT
"no_pair_loops_(1,1,1)",1,1,1,0.666704055197027,9,869741085.742175,3206721589461.59,0.000271224380564528,0.000271224383370371,0.866025403784439,FLOAT
"no_pair_loops_(1,1,1)",1,1,1,0.666706285211866,9,774584583.315428,2695153479567.52,0.000287399059159447,0.000287399062497815,0.866025403784439,FLOAT
"no_pair_loops_(1,1,1)",1,1,1,0.666708648234505,9,689838866.052378,2265196620203.85,0.000304538180439736,0.000304538184411691,0.866025403784439,FLOAT
"no_pair_loops_(1,1,1)",1,1,1,0.666711152198109,9,614364926.11387,1903831352874.47,0.000322699232885931,0.000322699237611715,0.866025403784439,FLOAT
"no_pair_loops_(1,1,1)",1,1,1,0.666713805509012,9,547148370.299336,1600115089495.74,0.00034194312952504,0.000341943135147712,0.866025403784439,FLOAT
"no_pair_loops_(1,1,1)",1,1,1,0.666716617074936,9,487285786.412515,1344850949065.63,0.000362334411671665,0.000362334418361431,0.866025403784439,FLOAT
"no_pair_loops_(1,1,1)",1,1,1,0.6667195963349,9,433972601.260969,1130309258374.57,0.000383941464735497,0.000383941472694863,0.866025403784439,FLOAT
"no_pair_loops_(1,1,1)",1,1,1,0.666722753290909,9,386492267.072697,949993482880.637,0.000406836746821051,0.000406836756290946,0.866025403784439,FLOAT
"no_pair_loops_(1,1,1)",1,1,1,0.666726098541527,9,344206630.95266,798443499454.866,0.000431097030900178,0.000431097042167249,0.866025403784439,FLOAT
"no_pair_loops_(1,1,1)",1,1,1,0.666729643317467,9,306547358.001189,671070253918.34,0.000456803661338568,0.000456803674743854,0.866025403784439,FLOAT
"no_pair_loops_(1,1,1)",1,1,1,0.666733399519287,9,273008292.791618,564016796374.691,0.000484042825587428,0.000484042841536676,0.866025403784439,FLOAT
"no_pair_loops_(1,1,1)",1,1,1,0.666737379757347,9,243138656.552544,474041486069.814,0.000512905842003355,0.000512905860979298,0.866025403784439,FLOAT
"no_pair_loops_(1,1,1)",1,1,1,0.666741597394146,9,216536988.610224,398419829065.642,0.000543489464675814,0.000543489487252774,0.866025403784439,FLOAT
"no_pair_loops_(1,1,1)",1,1,1,0.666746066589179,9,192845750.683048,334861976125.304,0.000575896206310593,0.00057589623317186,0.866025403784439,FLOAT
"no_pair_loops_(1,1,1)",1,1,1,0.666750802346474,9,171746521.497487,281443382486.208,0.000610234680189702,0.000610234712148201,0.866025403784439,FLOAT
"no_pair_loops_(1,1,1)",1,1,1,0.666755820564966,9,152955717.141297,236546529727.851,0.000646619962351989,0.000646620000374869,0.866025403784439,FLOAT
"no_pair_loops_(1,1,1)",1,1,1,0.666761138091871,9,136220779.63674,198811944964.048,0.00068517397517307,0.000685174020410963,0.866025403784439,FLOAT
"no_pair_loops_(1,1,1)",1,1,1,0.666766772779247,9,121316782.507763,167097034124.129,0.000726025893578559,0.000726025947400374,0.866025403784439,FLOAT
"no_pair_loops_(1,1,1)",1,1,1,0.666772743543927,9,108043407.720646,140441482701.964,0.000769312575237136,0.000769312639271466,0.866025403784439,FLOAT
"no_pair_loops_(1,1,1)",1,1,1,0.666779070431024,9,96222253.362323,118038176238.8,0.000815179016109119,0.000815179092293483,0.866025403784439,FLOAT
"no_pair_loops_(1,1,1)",1,1,1,0.666785774681232,9,85694435.8794769,99208759960.6979,0.000863778832849027,0.000863778923488463,0.866025403784439,FLOAT
"no_pair_loops_(1,1,1)",1,1,1,0.666792878802131,9,76318454.6448523,83383097464.1701,0.00091527477359406,0.000915274881430814,0.866025403784439,FLOAT
"no_pair_loops_(1,1,1)",1,1,1,0.66680040664375,9,67968290.1543968,70082006419.6813,0.000969839258826323,0.000969839387122756,0.866025403784439,FLOAT
"no_pair_loops_(1,1,1)",1,1,1,0.666808383478639,9,60531710.2928314,58902748501.5569,0.00102765495400406,0.00102765510664127,0.866025403784439,FLOAT
"no_pair_loops_(1,1,1)",1,1,1,0.666816836086713,9,53908761.9048185,49506834149.0542,0.00108891537585117,0.00108891555744629,0.866025403784439,FLOAT
"no_pair_loops_(1,1,1)",1,1,1,0.666825792845157,9,48010427.3979234,41609772869.062,0.00115382553419331,0.00115382575023909,0.866025403784439,FLOAT
"no_pair_loops_(1,1,1)",1,1,1,0.666835283823696,9,42757428.3206613,34972458697.2373,0.00122260261143842,0.00122260286846915,0.866025403784439,FLOAT
"no_pair_loops_(1,1,1)",1,1,1,0.666845340885544,9,38079159.8374857,29393929958.6019,0.00129547668184469,0.0012954769876337,0.866025403784439,FLOAT
"no_pair_loops_(1,1,1)",1,1,1,0.666855997794376,9,33912741.7785969,24705284080.1926,0.00137269147283923,0.0013726918366337,0.866025403784439,FLOAT
"no_pair_loops_(1,1,1)",1,1,1,0.666867290327678,9,30202173.5107437,20764563185.7709,0.00145450517083502,0.00145450560363533,0.866025403784439,FLOAT
"no_pair_loops_(1,1,1)",1,1,1,0.666879256396864,9,26897581.2705739,17452455601.9021,0.00154119127405276,0.00154119178894473,0.866025403784439,FLOAT
"no_pair_loops_(1,1,1)",1,1,1,0.666891936174548,9,23954547.844757,14668683110.4247,0.0016330394950335,0.00163304010758355,0.866025403784439,FLOAT
"no_pair_loops_(1,1,1)",1,1,1,0.666905372229415,9,21333515.5868525,12328964547.7428,0.0017303567156685,0.00173035744439367,0.866025403784439,FLOAT
"no_pair_loops_(1,1,1)",1,1,1,0.666919609669129,9,18999254.7483272,10362463805.5362,0.00183346799770513,0.00183346886463205,0.866025403784439,FLOAT
"no_pair_loops_(1,1,1)",1,1,1,0.666934696291775,9,16920389.977397,8709644954.65534,0.0019427176518645,0.0019427186831942,0.866025403784439,FLOAT
"no_pair_loops_(1,1,1)",1,1,1,0.666950682746323,9,15068978.6218826,7320469542.9866,0.00205847036886393,0.00205847159576252,0.866025403784439,FLOAT
"no_pair_loops_(1,1,1)",1,1,1,0.666967622702667,9,13420135.1686078,6152881479.70211,0.00218111241578598,0.0021811138753249,0.866025403784439,FLOAT
"no_pair_loops_(1,1,1)",1,1,1,0.666985573031808,9,11951696.7713086,5171533626.24819,0.00231105290149272,0.00231105463776694,0.866025403784439,FLOAT
"no_pair_loops_(1,1,1)",1,1,1,0.667004593996783,9,10643925.3721954,4346717534.69808,0.00244872511481775,0.00244872718027551,0.866025403784439,FLOAT
"no_pair_loops_(1,1,1)",1,1,1,0.667024749454976,9,9479242.41312972,3653463924.4821,0.00259458793967009,0.00259459039669413,0.866025403784439,FLOAT
"no_pair_loops_(1,1,1)",1,1,1,0.667046107072505,9,8441992.57131263,3070786659.79062,0.00274912735117535,0.00274913027396317,0.866025403784439,FLOAT
"no_pair_loops_(1,1,1)",1,1,1,0.667068738551391,9,7518233.34369493,2581047334.53579,0.00291285799733805,0.00291286147413763,0.866025403784439,FLOAT
"no_pair_loops_(1,1,1)",1,1,1,0.667092719870275,9,6695547.65232486,2169421224.36343,0.00308632487084957,0.00308632900661766,0.866025403784439,FLOAT
"no_pair_loops_(1,1,1)",1,1,1,0.667118131539495,9,5962876.95185548,1823448434.49487,0.00327010507590156,0.00327010999546435,0.866025403784439,FLOAT
"no_pair_loops_(1,1,1)",1,1,1,0.667145058871377,9,5310372.59621792,1532656652.08142,0.00346480969510653,0.00346481554691731,0.866025403784439,FLOAT
"no_pair_loops_(1,1,1)",1,1,1,0.667173592266644,9,4729263.46679461,1288244079.99168,0.00367108576184175,0.00367109272244834,0.866025403784439,FLOAT
"no_pair_loops_(1,1,1)",1,1,1,0.667203827517915,9,4211738.0829055,1082812951.26215,0.00388961834359551,0.00388962662295108,0.866025403784439,FLOAT
"no_pair_loops_(1,1,1)",1,1,1,0.667235866131295,9,3750839.6102518,910145555.137201,0.00412113274208823,0.00412114258986451,0.866025403784439,FLOAT
"no_pair_loops_(1,1,1)",1,1,1,0.667269815667157,9,3340372.35612523,765015992.816809,0.00436639681625935,0.00436640852935099,0.866025403784439,FLOAT
"no_pair_loops_(1,1,1)",1,1,1,0.667305790101244,9,2974818.4946858,643031963.004218,0.00462622343440538,0.0046262373658497,0.866025403784439,FLOAT
"no_pair_loops_(1,1,1)",1,1,1,0.667343910207308,9,2649263.90305835,540501786.635233,0.00490147306202986,0.00490148963160829,0.866025403784439,FLOAT
"no_pair_loops_(1,1,1)",1,1,1,0.667384303962572,9,2359332.1114934,454322644.433745,0.0051930564922017,0.00519307619903913,0.866025403784439,FLOAT
"no_pair_loops_(1,1,1)",1,1,1,0.667427106977381,9,2101125.47981999,381886643.246687,0.00550193772548409,0.00550196116302169,0.866025403784439,FLOAT
"no_pair_loops_(1,1,1)",1,1,1,0.66747246295047,9,1871172.80962556,321001866.988137,0.00582913700672322,0.00582916488051053,0.866025403784439,FLOAT
"no_pair_loops_(1,1,1)",1,1,1,0.667520524151393,9,1666382.68802337,269826021.735094,0.00617573402627923,0.00617576717511467,0.866025403784439,FLOAT
"no_pair_loops_(1,1,1)",1,1,1,0.667571451931725,9,1484001.93595212,226810665.883062,0.00654287129337679,0.00654291071442484,0.866025403784439,FLOAT
"no_pair_loops_(1,1,1)",1,1,1,0.667625417266748,9,1321578.60253135,190654336.762398,0.00693175768964631,0.00693180456827668,0.866025403784439,FLOAT
"no_pair_loops_(1,1,1)",1,1,1,0.66768260132946,9,1176929.00810047,160263154.505961,0.0073436722110056,0.00734372795623898,0.866025403784439,FLOAT
"no_pair_loops_(1,1,1)",1,1,1,0.667743196098802,9,1048108.39299745,134717710.362664,0.00777996790619176,0.00778003419280148,0.866025403784439,FLOAT
"no_pair_loops_(1,1,1)",1,1,1,0.667807405004176,9,933384.777575703,113245236.931495,0.00824207602054831,0.00824215483906251,0.866025403784439,FLOAT
"no_pair_loops_(1,1,1)",1,1,1,0.667875443608401,9,831215.682133178,95196217.7282731,0.00873151035358735,0.00873160406966788,0.866025403784439,FLOAT
"no_pair_loops_(1,1,1)",1,1,1,0.667947540331402,9,740227.39385973,80024727.9079063,0.00924987183911992,0.00924998326406801,0.866025403784439,FLOAT
"no_pair_loops_(1,1,1)",1,1,1,0.668023937217061,9,659196.502138972,67271910.9409222,0.00979885335660447,0.00979898583106811,0.866025403784439,FLOAT
"no_pair_loops_(1,1,1)",1,1,1,0.668104890745814,9,587033.45403349,56552090.9917387,0.0103802447824864,0.0103804022758282,0.866025403784439,FLOAT
"no_pair_loops_(1,1,1)",1,1,1,0.668190672695706,9,522767.908928951,47541100.5500645,0.0109959382901094,0.0109961255183488,0.866025403784439,FLOAT
"no_pair_loops_(1,1,1)",1,1,1,0.66828157105481,9,465535.695498894,39966469.9389753,0.011647933906625,0.011648156472406,0.866025403784439,FLOAT
"no_pair_loops_(1,1,1)",1,1,1,0.668377890988062,9,414567.195683068,33599181.6948646,0.0123383453351049,0.012338609893777,0.866025403784439,FLOAT
"no_pair_loops_(1,1,1)",1,1,1,0.668479955861763,9,369176.999555317,28246740.1944583,0.0130694060496368,0.0130697205062886,0.866025403784439,FLOAT
"no_pair_loops_(1,1,1)",1,1,1,0.668588108329191,9,328754.692035059,23747346.7245864,0.0138434756707358,0.013843849413909,0.866025403784439,FLOAT
"no_pair_loops_(1,1,1)",1,1,1,0.668702711480957,9,292756.647612341,19965003.6593424,0.0146630466277312,0.0146634908065919,0.866025403784439,FLOAT
"no_pair_loops_(1,1,1)",1,1,1,0.668824150063978,9,260698.722800034,16785399.5381924,0.0155307511140046,0.015531278966989,0.866025403784439,FLOAT
"no_pair_loops_(1,1,1)",1,1,1,0.668952831773153,9,232149.74809761,14112450.4809936,0.0164493683400037,0.0164499955844143,0.866025403784439,FLOAT
"no_pair_loops_(1,1,1)",1,1,1,0.669089188620082,9,206725.731992185,11865393.2461621,0.0174218320876585,0.0174225773814156,0.866025403784439,FLOAT
"no_pair_loops_(1,1,1)",1,1,1,0.669233678383419,9,184084.699095229,9976341.93893183,0.0184512385685213,0.0184521240573014,0.866025403784439,FLOAT
"no_pair_loops_(1,1,1)",1,1,1,0.669386786145729,9,163922.093035759,8388234.41325422,0.0195408545860917,0.0195419065514844,0.866025403784439,FLOAT
"no_pair_loops_(1,1,1)",1,1,1,0.669549025922018,9,145966.682320737,7053106.20809744,0.0206941260008677,0.0206953756279974,0.866025403784439,FLOAT
"no_pair_loops_(1,1,1)",1,1,1,0.669720942385384,9,129976.914134909,5930639.77445975,0.0219146864941611,0.0219161707805377,0.866025403784439,FLOAT
"no_pair_loops_(1,1,1)",1,1,1,0.669903112695601,9,115737.667071032,4986945.08292711,0.0232063666240343,0.0232081294552976,0.866025403784439,FLOAT
"no_pair_loops_(1,1,1)",1,1,1,0.670096148436769,9,103057.35914498,4193534.70602825,0.024573203163354,0.0245752965861553,0.866025403784439,FLOAT
"no_pair_loops_(1,1,1)",1,1,1,0.670300697670525,9,91765.3722242962,3526462.35648659,0.0260194487063096,0.0260219344339527,0.866025403784439,FLOAT
"no_pair_loops_(1,1,1)",1,1,1,0.670517447111728,9,81709.7582520451,2965598.81039668,0.027549581525274,0.0275525327180434,0.866025403784439,FLOAT
"no_pair_loops_(1,1,1)",1,1,1,0.670747124433902,9,72755.1964350653,2494023.30289495,0.0291683156550564,0.0291718190245514,0.866025403784439,FLOAT
"no_pair_loops_(1,1,1)",1,1,1,0.67099050071219,9,64781.1739390806,2097511.97914464,0.0308806111758157,0.0308847694712563,0.866025403784439,FLOAT
"no_pair_loops_(1,1,1)",1,1,1,0.671248393012015,9,57680.3656369925,1764107.9211122,0.0326916846594026,0.0326966196039907,0.866025403784439,FLOAT
"no_pair_loops_(1,1,1)",1,1,1,0.671521667132144,9,51357.1911321129,1483759.73967423,0.0346070197366081,0.0346128754938375,0.866025403784439,FLOAT
"no_pair_loops_(1,1,1)",1,1,1,0.671811240511352,9,45726.5296609378,1248017.79682162,0.0366323777343311,0.0366393249979218,0.866025403784439,FLOAT
"no_pair_loops_(1,1,1)",1,1,1,0.67211808530846,9,40712.5756019082,1049778.86690495,0.0387738083223088,0.0387820491394922,0.866025403784439,FLOAT
"no_pair_loops_(1,1,1)",1,1,1,0.672443231666078,9,36247.8192065323,883071.511840411,0.0410376600983843,0.0410474335549429,0.866025403784439,FLOAT
"no_pair_loops_(1,1,1)",1,1,1,0.672787771169006,9,32272.1388523683,742875.677329301,0.0434305910292791,0.0434421799464337,0.866025403784439,FLOAT
"no_pair_loops_(1,1,1)",1,1,1,0.673152860508921,9,28731.9926162158,624971.052733757,0.0459595786505333,0.0459733174689227,0.866025403784439,FLOAT
"no_pair_loops_(1,1,1)",1,1,1,0.673539725367628,9,25579.6983009302,525809.60766771,0.0486319299141817,0.0486482139692958,0.866025403784439,FLOAT
"no_pair_loops_(1,1,1)",1,1,1,0.673949664531935,9,22772.7922380741,442408.449930451,0.0514552905561994,0.0514745869832598,0.866025403784439,FLOAT
"no_pair_loops_(1,1,1)",1,1,1,0.674384054253956,9,20273.4582475152,372259.764299106,0.0544376538371122,0.0544605143821713,0.866025403784439,FLOAT
"no_pair_loops_(1,1,1)",1,1,1,0.674844352871474,9,18048.0190780236,313255.108502659,0.0575873684887947,0.0576144445474235,0.866025403784439,FLOAT
"no_pair_loops_(1,1,1)",1,1,1,0.675332105703892,9,16066.4834927511,263621.777078925,0.0609131456778496,0.060945205933958,0.866025403784439,FLOAT
"no_pair_loops_(1,1,1)",1,1,1,0.675848950240194,9,14302.1429113996,221869.30891033,0.0644240647712092,0.0644620158670972,0.866025403784439,FLOAT
"no_pair_loops_(1,1,1)",1,1,1,0.676396621636343,9,12731.2121869899,186744.521098007,0.0681295776624777,0.0681744883980201,0.866025403784439,FLOAT
"no_pair_loops_(1,1,1)",1,1,1,0.676976958540561,9,11332.509688369,157193.709754193,0.0720395113880787,0.0720926410229131,0.866025403784439,FLOAT
"no_pair_loops_(1,1,1)",1,1,1,0.677591909266059,9,10087.1723879101,132330.8750773,0.0761640687303031,0.0762269000489698,0.866025403784439,FLOAT
"no_pair_loops_(1,1,1)",1,1,1,0.67824353833194,9,8978.40212439331,111411.010283668,0.0805138264700442,0.0805881043671811,0.866025403784439,FLOAT
"no_pair_loops_(1,1,1)",1,1,1,0.678934033394218,9,7991.23963007499,93807.6471194497,0.0850997309152003,0.0851875073670633,0.866025403784439,FLOAT
"no_pair_loops_(1,1,1)",1,1,1,0.679665712590243,9,7112.36328416801,78993.979400982,0.0899330902918447,0.0900367767024988,0.866025403784439,FLOAT
"no_pair_loops_(1,1,1)",1,1,1,0.680441032321174,9,6329.90988730767,66526.9942276148,0.0950255635441808,0.0951479915904599,0.866025403784439,FLOAT
"no_pair_loops_(1,1,1)",1,1,1,0.681262595498641,9,5633.31504758585,56034.131451879,0.100389145046749,0.100533637296112,0.866025403784439,FLOAT
"no_pair_loops_(1,1,1)",1,1,1,0.68213316028326,9,5013.17103234328,47202.0684300388,0.10603614468853,0.106206596428578,0.866025403784439,FLOAT
"no_pair_loops_(1,1,1)",1,1,1,0.683055649344363,9,4461.10017469664,39767.2913248027,0.111979162744332,0.112180136641951,0.866025403784439,FLOAT
"no_pair_loops_(1,1,1)",1,1,1,0.684033159672015,9,3969.64213285173,33508.1682349029,0.118231058905072,0.118467894306346,0.866025403784439,FLOAT
"no_pair_loops_(1,1,1)",1,1,1,0.68506897297426,9,3532.15348647499,28238.2848180426,0.124804914796254,0.125083853684278,0.866025403784439,FLOAT
"no_pair_loops_(1,1,1)",1,1,1,0.686166566694507,9,3142.71832023142,23800.8412272381,0.131713989274768,0.132042321119089,0.866025403784439,FLOAT
"no_pair_loops_(1,1,1)",1,1,1,0.687329625686041,9,2796.0685922903,20063.9412504595,0.138971665759751,0.139357893715237,0.866025403784439,FLOAT
"no_pair_loops_(1,1,1)",1,1,1,0.68856205458285,9,2487.51321713684,16916.6314998753,0.146591390825801,0.147045421965666,0.866025403784439,FLOAT
"no_pair_loops_(1,1,1)",1,1,1,0.689867990908302,9,2212.87490917148,14265.5711553583,0.154586603269128,0.155119965760382,0.866025403784439,FLOAT
"no_pair_loops_(1,1,1)",1,1,1,0.691251818965688,9,1968.43393790679,12032.2318126924,0.162970652852115,0.163596743193591,0.866025403784439,FLOAT
"no_pair_loops_(1,1,1)",1,1,1,0.692718184557244,9,1750.8780384832,10150.5429961566,0.171756707943094,0.172491071575792,0.866025403784439,FLOAT
"no_pair_loops_(1,1,1)",1,1,1,0.694272010581095,9,1557.25780397411,8564.91235215945,0.180957651299845,0.181818300053179,0.866025403784439,FLOAT
"no_pair_loops_(1,1,1)",1,1,1,0.695918513558455,9,1384.94695964372,7228.56085224241,0.190585963302234,0.191593733241394,0.866025403784439,FLOAT
"no_pair_loops_(1,1,1)",1,1,1,0.697663221146592,9,1231.60698495269,6102.12284222851,0.200653592026635,0.201832545295483,0.866025403784439,FLOAT
"no_pair_loops_(1,1,1)",1,1,1,0.699511990696333,9,1095.1556075565,5152.46876703236,0.211171809678002,0.212549683864901,0.866025403784439,FLOAT
"no_pair_loops_(1,1,1)",1,1,1,0.701471028916427,9,973.738745597429,4351.715119381,0.222151055060443,0.223759763423102,0.866025403784439,FLOAT
"no_pair_loops_(1,1,1)",1,1,1,0.703546912710775,9,865.705520950013,3676.39180851635,0.233600761980377,0.23547694751811,0.866025403784439,FLOAT
"no_pair_loops_(1,1,1)",1,1,1,0.705746611258478,9,769.586007368284,3106.74189263272,0.245529173743354,0.247714819564918,0.866025403784439,FLOAT
"no_pair_loops_(1,1,1)",1,1,1,0.708077509410841,9,684.071414252636,2626.13260983081,0.257943144232297,0.260486241894962,0.866025403784439,FLOAT
"no_pair_loops_(1,1,1)",1,1,1,0.710547432483875,9,607.996439501506,2220.55999738234,0.270847926445808,0.273803202893967,0.866025403784439,FLOAT
"no_pair_loops_(1,1,1)",1,1,1,0.713164672529529,9,540.323554077233,1878.23220948768,0.284246949833407,0.287676652198727,0.866025403784439,FLOAT
"no_pair_loops_(1,1,1)",1,1,1,0.715938016173855,9,480.129006888639,1589.21901469221,0.29814158829142,0.302116324087418,0.866025403784439,FLOAT
"no_pair_loops_(1,1,1)",1,1,1,0.718876774115565,9,426.590361724255,1345.15694734518,0.312530921276853,0.317130549387698,0.866025403784439,FLOAT
"no_pair_loops_(1,1,1)",1,1,1,0.721990812384003,9,378.975398570686,1139.00126314899,0.327411491151497,0.332726056442585,0.866025403784439,FLOAT
"no_pair_loops_(1,1,1)",1,1,1,0.725290585461487,9,336.632229997056,964.817257571758,0.34277706057474,0.348907761915752,0.866025403784439,FLOAT
"no_pair_loops_(1,1,1)",1,1,1,0.728787171381207,9,298.980499625737,817.604690224643,0.358618374505317,0.365678552484319,0.866025403784439,FLOAT
"no_pair_loops_(1,1,1)",1,1,1,0.732492308918514,9,265.503544260859,693.150053999019,0.374922932128026,0.383039058756584,0.866025403784439,FLOAT
"no_pair_loops_(1,1,1)",1,1,1,0.736418437000464,9,235.741414205423,587.902264878313,0.391674774761998,0.400987423061244,0.866025403784439,FLOAT
"no_pair_loops_(1,1,1)",1,1,1,0.740578736465914,9,209.284657839078,498.868052152351,0.408854296496944,0.419519063079155,0.866025403784439,FLOAT
"no_pair_loops_(1,1,1)",1,1,1,0.744987174316374,9,185.768786807149,423.523920509477,0.426438084899632,0.438626433623108,0.866025403784439,FLOAT
"no_pair_loops_(1,1,1)",1,1,1,0.749658550606174,9,164.869347325354,359.742053017976,0.444398799585533,0.458298789208042,0.866025403784439,FLOAT
"no_pair_loops_(1,1,1)",1,1,1,0.754608548129361,9,146.297531256825,305.727942341982,0.462705096706356,0.47852195038548,0.866025403784439,FLOAT
"no_pair_loops_(1,1,1)",1,1,1,0.759853785070145,9,129.796267878344,259.96788928546,0.481321607406699,0.499278077131365,0.866025403784439,FLOAT
"no_pair_loops_(1,1,1)",1,1,1,0.765411870793641,9,115.136743718495,221.184803526379,0.500208977997335,0.520545452865001,0.866025403784439,FLOAT
"no_pair_loops_(1,1,1)",1,1,1,0.771301464964215,9,102.115303608756,188.300990107922,0.519323978929006,0.542298282925812,0.866025403784439,FLOAT
"no_pair_loops_(1,1,1)",1,1,1,0.777542340189913,9,90.5506912167873,160.406814389477,0.538619688589493,0.564506511530894,0.866025403784439,FLOAT
"no_pair_loops_(1,1,1)",1,1,1,0.784155448403264,9,80.281591898269,136.734314028008,0.558045756464777,0.587135661366061,0.866025403784439,FLOAT
"no_pair_loops_(1,1,1)",1,1,1,0.791162991201332,9,71.1644447709766,116.634974457065,0.577548748299964,0.610146700012123,0.866025403784439,FLOAT
"no_pair_loops_(1,1,1)",1,1,1,0.798588494381158,9,63.0714945370438,99.5610087091561,0.597072573591784,0.633495937363313,0.866025403784439,FLOAT
"no_pair_loops_(1,1,1)",1,1,1,0.806456886920807,9,55.8890568052729,85.0495870310879,0.616558993096246,0.657134958043288,0.866025403784439,FLOAT
"no_pair_loops_(1,1,1)",1,1,1,0.814794584671205,9,49.5159735382365,72.709549718497,0.63594820112931,0.68101059255549,0.866025403784439,FLOAT
"no_pair_loops_(1,1,1)",1,1,1,0.823629579039712,9,43.8622378074415,62.2102105910929,0.655179474393533,0.705064930510323,0.866025403784439,FLOAT
"no_pair_loops_(1,1,1)",1,1,1,0.83299153096317,9,38.8477693183687,53.2719207687799,0.674191876025786,0.729235378746386,0.866025403784439,FLOAT
"no_pair_loops_(1,1,1)",1,1,1,0.842911870485915,9,34.4013241964135,45.6581147611232,0.692925000697313,0.753454766505283,0.866025403784439,FLOAT
"no_pair_loops_(1,1,1)",1,1,1,0.853423902277057,9,30.459524331913,39.1686049211306,0.711319744085427,0.777651499032092,0.866025403784439,FLOAT
"no_pair_loops_(1,1,1)",1,1,1,0.864562917441269,9,26.9659931918716,33.6339273612314,0.72931907805112,0.801749760063829,0.866025403784439,FLOAT
"no_pair_loops_(1,1,1)",1,1,1,0.876366311998457,9,23.870586439323,28.9105735963274,0.74686881155779,0.825669762648891,0.866025403784439,FLOAT
"no_pair_loops_(1,1,1)",1,1,1,0.888873712430073,9,21.1287069777951,24.8769684006657,0.763918316880104,0.849328046629257,0.866025403784439,FLOAT
"no_pair_loops_(1,1,1)",1,1,1,0.9,9,19.0617748965858,21.9349677272044,0.777873985369459,0.869013127060353,0.866025403784439,FLOAT
"no_pair_loops_(1,1,1)",1,1,1,0.902127108713561,9,18.7006951752395,21.4300764280169,0.780421201061526,0.872637819937539,0.866025403784439,FLOAT
"no_pair_loops_(1,1,1)",1,1,1,0.912667383761716,9,17.0520184229183,19.1601812392185,0.792507361171605,0.889971666239511,0.866025403784439,FLOAT
"no_pair_loops_(1,1,1)",1,1,1,0.916170995291558,9,16.5512860343773,18.4825387092116,0.796335903911658,0.895509339641109,0.866025403784439,FLOAT
"no_pair_loops_(1,1,1)",1,1,1,0.923730141409766,9,15.5422662385029,17.1341789084708,0.804293378854733,0.907091394430292,0.866025403784439,FLOAT
"no_pair_loops_(1,1,1)",1,1,1,0.931052520449102,9,14.6491259783214,15.9602557632559,0.811626206057523,0.917850327439425,0.866025403784439,FLOAT
"no_pair_loops_(1,1,1)",1,1,1,0.933391537091908,9,14.3797843883609,15.6099305499036,0.813894238032404,0.92119464224328,0.866025403784439,FLOAT
"no_pair_loops_(1,1,1)",1,1,1,0.941829086706256,9,13.4667189283622,14.4353482179507,0.821790757326364,0.932898792951598,0.866025403784439,FLOAT
"no_pair_loops_(1,1,1)",1,1,1,0.946821644600358,9,12.9663427237409,13.800347205455,0.826261633582175,0.939566413127312,0.866025403784439,FLOAT
"no_pair_loops_(1,1,1)",1,1,1,0.94919781953087,9,12.7378219321085,13.5124299844009,0.828339042385122,0.942674407698203,0.866025403784439,FLOAT
"no_pair_loops_(1,1,1)",1,1,1,0.955633126690214,9,12.1481031482756,12.7755752514959,0.833807549466351,0.95088502154556,0.866025403784439,FLOAT
"no_pair_loops_(1,1,1)",1,1,1,0.961253248795439,9,11.6656422327881,12.1794324895375,0.838401897684537,0.957814926336614,0.866025403784439,FLOAT
"no_pair_loops_(1,1,1)",1,1,1,0.963531308016255,9,11.4781624295779,11.9494288012821,0.840217749450585,0.960561598421043,0.866025403784439,FLOAT
"no_pair_loops_(1,1,1)",1,1,1,0.966161448465718,9,11.2672284430197,11.6917693654254,0.84228183593334,0.963688907201572,0.866025403784439,FLOAT
"no_pair_loops_(1,1,1)",1,1,1,0.970447907647971,9,10.9356200542814,11.2891221559512,0.845573072301642,0.968686484494861,0.866025403784439,FLOAT
"no_pair_loops_(1,1,1)",1,1,1,0.974191384595819,9,10.657767917028,10.9540493399343,0.848375669512902,0.972952338106953,0.866025403784439,FLOAT
"no_pair_loops_(1,1,1)",1,1,1,0.977460660952652,9,10.4236324015061,10.6733455948749,0.850770101446139,0.976604037492365,0.866025403784439,FLOAT
"no_pair_loops_(1,1,1)",1,1,1,0.980315805527134,9,10.2253764179875,10.436849501041,0.852821688771004,0.979737843011692,0.866025403784439,FLOAT
"no_pair_loops_(1,1,1)",1,1,1,0.981237608556118,9,10.1625689470964,10.3621572287612,0.853476326043304,0.980738732557466,0.866025403784439,FLOAT
"no_pair_loops_(1,1,1)",1,1,1,0.982809277981414,9,10.0568030604444,10.2366288071271,0.85458389320524,0.982433108587715,0.866025403784439,FLOAT
"no_pair_loops_(1,1,1)",1,1,1,0.984986892710918,9,9.91295610285872,10.0664119307578,0.856100796068517,0.984755657829757,0.866025403784439,FLOAT
"no_pair_loops_(1,1,1)",1,1,1,0.986888660625784,9,9.78983119482001,9.92118371499902,0.85740898580784,0.986760398360487,0.866025403784439,FLOAT
"no_pair_loops_(1,1,1)",1,1,1,0.988549524300617,9,9.68416373735611,9.79689301008891,0.858539011754891,0.988493364925318,0.866025403784439,FLOAT
"no_pair_loops_(1,1,1)",1,1,1,0.99,9,9.59327079358883,9.69023780551587,0.859516515681763,0.989993330001473,0.866025403784439,FLOAT
"no_pair_loops_(1,1,1)",1,1,1,0.991266738376172,9,9.51493167927613,9.59850505736967,0.860363121306229,0.991293083913169,0.866025403784439,FLOAT
"no_pair_loops_(1,1,1)",1,1,1,0.992373014140977,9,9.44729664491236,9.51944969287345,0.861097140009921,0.992420460185308,0.866025403784439,FLOAT
"no_pair_loops_(1,1,1)",1,1,1,0.993339153709191,9,9.38881623437432,9.45120207998549,0.861734135593573,0.993399162870162,0.866025403784439,FLOAT
"no_pair_loops_(1,1,1)",1,1,1,0.994182908670626,9,9.33818605297256,9.39219645429705,0.862287379876257,0.994249438713585,0.866025403784439,FLOAT
"no_pair_loops_(1,1,1)",1,1,1,0.994919781953087,9,9.29430315386825,9.34111496694419,0.862768222997362,0.994988626813651,0.866025403784439,FLOAT
"no_pair_loops_(1,1,1)",1,1,1,0.995563312669021,9,9.25623128059524,9.29684351101654,0.86318639648808,0.995631610839402,0.866025403784439,FLOAT
"no_pair_loops_(1,1,1)",1,1,1,0.996125324879544,9,9.22317292982913,9.25843652583168,0.863550262916347,0.996191193199396,0.866025403784439,FLOAT
"no_pair_loops_(1,1,1)",1,1,1,0.996616144846572,9,9.19444671767523,9.225088714531,0.863867022744263,0.996678406267518,0.866025403784439,FLOAT
"no_pair_loops_(1,1,1)",1,1,1,0.997044790764797,9,9.16946890795655,9.19611213674454,0.86414288666543,0.997102772520408,0.866025403784439,FLOAT
"no_pair_loops_(1,1,1)",1,1,1,0.997419138459582,9,9.14773823504799,9.17091751858094,0.864383219898111,0.997472522952476,0.866025403784439,FLOAT
"no_pair_loops_(1,1,1)",1,1,1,0.997746066095265,9,9.12882335598931,9.14899890019981,0.864592663546866,0.997794781218078,0.866025403784439,FLOAT
"no_pair_loops_(1,1,1)",1,1,1,0.998031580552713,9,9.11235241717813,9.12992094634349,0.864775237097555,0.998075719464757,0.866025403784439,FLOAT
"no_pair_loops_(1,1,1)",1,1,1,0.998280927798141,9,9.09800433407881,9.11330839796866,0.864934425301112,0.998320690662322,0.866025403784439,FLOAT
"no_pair_loops_(1,1,1)",1,1,1,0.998498689271092,9,9.08550146811992,9.09883725790283,0.865073252072331,0.998534341322422,0.866025403784439,FLOAT
"no_pair_loops_(1,1,1)",1,1,1,0.998688866062578,9,9.07460345046167,9.08622739043456,0.865194343533871,0.998720707784055,0.866025403784439,FLOAT
"no_pair_loops_(1,1,1)",1,1,1,0.998854952430062,9,9.0651019527637,9.07523628119966,0.865299981945357,0.998883298668823,0.866025403784439,FLOAT
"no_pair_loops_(1,1,1)",1,1,1,0.999,9,9.05681624423414,9.06565375489747,0.86539215194729,0.999025165652444,0.866025403784439,FLOAT
"no_pair_loops_(1,1,1)",1,1,1,0.999126673837617,9,9.04958940484783,9.0572974880736,0.865472580301065,0.999148964331146,0.866025403784439,FLOAT
"no_pair_loops_(1,1,1)",1,1,1,0.999237301414098,9,9.04328508872245,9.05000918523902,0.865542770104473,0.999257006663867,0.866025403784439,FLOAT
"no_pair_loops_(1,1,1)",1,1,1,0.999333915370919,9,9.03778475075236,9.04365131102637,0.865604030301235,0.999351306228839,0.866025403784439,FLOAT
"no_pair_loops_(1,1,1)",1,1,1,0.999418290867063,9,9.03298526485618,9.03810429045152,0.865657501171533,0.999433617334915,0.866025403784439,FLOAT
"no_pair_loops_(1,1,1)",1,1,1,0.999491978195309,9,9.02879687445426,9.0332641048063,0.865704176376978,0.999505468864829,0.866025403784439,FLOAT
"no_pair_loops_(1,1,1)",1,1,1,0.999556331266902,9,9.0251414257065,9.02904022312587,0.865744922052768,0.999568193592783,0.866025403784439,FLOAT
"no_pair_loops_(1,1,1)",1,1,1,0.999612532487954,9,9.02195084210742,9.02535381921384,0.865780493356178,0.99962295360663,0.866025403784439,FLOAT
"no_pair_loops_(1,1,1)",1,1,1,0.999661614484657,9,9.01916580563688,9.022136232374,0.865811548824817,0.999670762371503,0.866025403784439,FLOAT
"no_pair_loops_(1,1,1)",1,1,1,0.99970447907648,9,9.0167346150976,9.01932763667844,0.865838662843929,0.999712503893272,0.866025403784439,FLOAT
"no_pair_loops_(1,1,1)",1,1,1,0.999741913845958,9,9.01461219676484,9.01687588909826,0.865862336482276,0.999748949374343,0.866025403784439,FLOAT
"no_pair_loops_(1,1,1)",1,1,1,0.999774606609527,9,9.01275924621047,9.0147355313693,0.865883006910113,0.99978077169852,0.866025403784439,FLOAT
"no_pair_loops_(1,1,1)",1,1,1,0.999803158055271,9,9.0111414832848,9.0128669242436,0.865901055595704,0.999808558034497,0.866025403784439,FLOAT
"no_pair_loops_(1,1,1)",1,1,1,0.999828092779814,9,9.00972900485824,9.01123549593308,0.865916815438474,0.999832820807367,0.866025403784439,FLOAT
"no_pair_loops_(1,1,1)",1,1,1,0.999849868927109,9,9.00849572213034,9.00981108919837,0.865930576979704,0.999854007253315,0.866025403784439,FLOAT
"no_pair_loops_(1,1,1)",1,1,1,0.999868886606258,9,9.00741887117883,9.00856739376471,0.865942593812633,0.999872507743387,0.866025403784439,FLOAT
"no_pair_loops_(1,1,1)",1,1,1,0.999885495243006,9,9.0064785870031,9.00748145263079,0.865953087297782,0.99988866303717,0.866025403784439,FLOAT
"no_pair_loops_(1,1,1)",1,1,1,0.9999,9,9.00565753266304,9.00653323243438,0.865962250671661,0.999902770605654,0.866025403784439,FLOAT
"no_pair_loops_(1,1,1)",1,1,1,0.999912667383762,9,9.00494057626292,9.00570524939849,0.865970252629199,0.999915090144038,0.866025403784439,FLOAT
"no_pair_loops_(1,1,1)",1,1,1,0.99992373014141,9,9.00431450951347,9.00498224354169,0.865977240447223,0.999925848379246,0.866025403784439,FLOAT
"no_pair_loops_(1,1,1)",1,1,1,0.999933391537092,9,9.0037678024478,9.00435089482901,0.865983342708817,0.999935243263171,0.866025403784439,FLOAT
"no_pair_loops_(1,1,1)",1,1,1,0.999941829086706,9,9.00329038959203,9.00379957579078,0.865988671684434,0.999943447630695,0.866025403784439,FLOAT
"no_pair_loops_(1,1,1)",1,1,1,0.999949197819531,9,9.00287348351462,9.00331813586822,0.865993325393263,0.999950612391245,0.866025403784439,FLOAT
"no_pair_loops_(1,1,1)",1,1,1,0.99995563312669,9,9.00250941221709,9.00289771337386,0.865997389432153,0.999956869313732,0.866025403784439,FLOAT
"no_pair_loops_(1,1,1)",1,1,1,0.999961253248795,9,9.00219147729267,9.00253057149844,0.86600093853121,0.999962333456901,0.866025403784439,FLOAT
"no_pair_loops_(1,1,1)",1,1,1,0.999966161448466,9,9.0019138301822,9.00220995526385,0.866004037957668,0.999967105290465,0.866025403784439,FLOAT
"no_pair_loops_(1,1,1)",1,1,1,0.999970447907648,9,9.00167136420374,9.0019299667283,0.866006744690515,0.999971272546496,0.866025403784439,FLOAT
"no_pair_loops_(1,1,1)",1,1,1,0.999974191384596,9,9.00145962033452,9.00168545609995,0.866009108490762,0.999974911835507,0.866025403784439,FLOAT
"no_pair_loops_(1,1,1)",1,1,1,0.999977460660953,9,9.00127470498525,9.00147192672018,0.866011172818575,0.999978090057211,0.866025403784439,FLOAT
"no_pair_loops_(1,1,1)",1,1,1,0.999980315805527,9,9.00111321823388,9.00128545214127,0.866012975616969,0.999980865632102,0.866025403784439,FLOAT
"no_pair_loops_(1,1,1)",1,1,1,0.999982809277981,9,9.00097219118383,9.00112260375279,0.866014550025928,0.999983289576692,0.866025403784439,FLOAT
"no_pair_loops_(1,1,1)",1,1,1,0.999984986892711,9,9.00084903128259,9.00098038760963,0.866015924971659,0.999985406442255,0.866025403784439,FLOAT
"no_pair_loops_(1,1,1)",1,1,1,0.999986888660626,9,9.00074147458641,9.00085618928815,0.866017125738571,0.999987255134476,0.866025403784439,FLOAT
"no_pair_loops_(1,1,1)",1,1,1,0.999988549524301,9,9.00064754408672,9.00074772574741,0.86601817439114,0.999988869629086,0.866025403784439,FLOAT
"no_pair_loops_(1,1,1)",1,1,1,0.99999,9,9.00056551332667,9.00065300330336,0.866019090191146,0.999990279596751,0.866025403784439,FLOAT
"no_pair_loops_(1,1,1)",1,1,1,0.999991266738376,9,9.00049387463514,9.00057028093796,0.866019889967137,0.999991510948703,0.866025403784439,FLOAT
"no_pair_loops_(1,1,1)",1,1,1,0.999992373014141,9,9.00043131139122,9.00049803826487,0.866020588454607,0.999992586313183,0.866025403784439,FLOAT
"no_pair_loops_(1,1,1)",1,1,1,0.999993339153709,9,9.00037667380711,9.00043494755994,0.866021198430555,0.999993525451474,0.866025403784439,FLOAT
"no_pair_loops_(1,1,1)",1,1,1,0.999994182908671,9,9.00032895778243,9.00037984933933,0.866021731166912,0.999994345621212,0.866025403784439,FLOAT
"no_pair_loops_(1,1,1)",1,1,1,0.999994919781953,9,9.00028728644012,9.00033173103566,0.866022196386714,0.999995061893619,0.866025403784439,FLOAT
"no_pair_loops_(1,1,1)",1,1,1,0.999995563312669,9,9.00025089400338,9.00028970837783,0.866022602673886,0.999995687430549,0.866025403784439,FLOAT
"no_pair_loops_(1,1,1)",1,1,1,0.99999612532488,9,9.00021911171683,9.00025300913207,0.866022957503231,0.999996233726407,0.866025403784439,FLOAT
"no_pair_loops_(1,1,1)",1,1,1,0.999996616144847,9,9.0001913555522,9.00022095890422,0.866023267410839,0.999996710819417,0.866025403784439,FLOAT
"no_pair_loops_(1,1,1)",1,1,1,0.999997044790765,9,9.00016711547248,9.00019296874177,0.866023538036832,0.999997127476113,0.866025403784439,FLOAT
"no_pair_loops_(1,1,1)",1,1,1,0.99999741913846,9,9.00014594605679,9.00016852430743,0.866023774361663,0.999997491352459,0.866025403784439,FLOAT
"no_pair_loops_(1,1,1)",1,1,1,0.999997746066095,9,9.00012745831333,9.00014717642485,0.866023980782819,0.999997809134547,0.866025403784439,FLOAT
"no_pair_loops_(1,1,1)",1,1,1,0.999998031580553,9,9.00011131252988,9.00012853282263,0.866024160998987,0.999998086661464,0.866025403784439,FLOAT
"no_pair_loops_(1,1,1)",1,1,1,0.999998280927798,9,9.00009721203032,9.00011225092442,0.866024318467978,0.999998329032607,0.866025403784439,FLOAT
"no_pair_loops_(1,1,1)",1,1,1,0.999998498689271,9,9.00008489772225,9.00009803155289,0.86602445589406,0.99999854070138,0.866025403784439,FLOAT
"no_pair_loops_(1,1,1)",1,1,1,0.999998688866063,9,9.00007414333552,9.00008561343128,0.866024576024359,0.99999872555704,0.866025403784439,FLOAT
"no_pair_loops_(1,1,1)",1,1,1,0.99999885495243,9,9.000064751264,9.00007476838181,0.866024680847874,0.999998886996156,0.866025403784439,FLOAT
"no_pair_loops_(1,1,1)",1,1,1,0.999999,9,9.00005654893425,9.00006529713242,0.866024772425817,0.999999027985033,0.866025403784439,FLOAT
"no_pair_loops_(1,1,1)",1,1,1,0.999999126673838,9,9.00004938563425,9.00005702565477,0.866024852368782,0.99999915111421,0.866025403784439,FLOAT
"no_pair_loops_(1,1,1)",1,1,1,0.999999237301414,9,9.00004312974396,9.00004980196626,0.866024922181997,0.999999258646068,0.866025403784439,FLOAT
"no_pair_loops_(1,1,1)",1,1,1,0.999999333915371,9,9.00003766631662,9.00004349333721,0.866024983227485,0.999999352556397,0.866025403784439,FLOAT
"no_pair_loops_(1,1,1)",1,1,1,0.999999418290867,9,9.00003289496667,9.00003798385183,0.866025036512896,0.999999434570702,0.866025403784439,FLOAT
"no_pair_loops_(1,1,1)",1,1,1,0.999999491978195,9,9.00002872802503,9.00003317227826,0.866025083031269,0.999999506195906,0.866025403784439,FLOAT
"no_pair_loops_(1,1,1)",1,1,1,0.999999556331267,9,9.00002508892824,9.00002897020832,0.866025123690843,0.999999568748046,0.866025403784439,FLOAT
"no_pair_loops_(1,1,1)",1,1,1,0.999999612532488,9,9.00002191081162,9.00002530043313,0.866025158977194,0.999999623376447,0.866025403784439,FLOAT
"no_pair_loops_(1,1,1)",1,1,1,0.999999661614485,9,9.0000191352806,9.00002209552426,0.866025190270366,0.999999671084845,0.866025403784439,FLOAT
"no_pair_loops_(1,1,1)",1,1,1,0.999999704479076,9,9.0000167113378,9.00001929659491,0.866025217015379,0.999999712749825,0.866025403784439,FLOAT
"no_pair_loops_(1,1,1)",1,1,1,0.999999741913846,9,9.00001459444593,9.00001685221775,0.866025240778003,0.999999749136935,0.866025403784439,FLOAT
"no_pair_loops_(1,1,1)",1,1,1,0.999999774606609,9,9.00001274570949,9.00001471748003,0.86602526139155,0.999999780914743,0.866025403784439,FLOAT
"no_pair_loops_(1,1,1)",1,1,1,0.999999803158055,9,9.00001113116006,9.00001285315837,0.866025279192281,0.999999808667128,0.866025403784439,FLOAT
"no_pair_loops_(1,1,1)",1,1,1,0.99999982809278,9,9.00000972113216,9.00001122499795,0.866025294816764,0.999999832904009,0.866025403784439,FLOAT
"no_pair_loops_(1,1,1)",1,1,1,0.999999849868927,9,9.00000848971817,9.00000980308322,0.866025308668314,0.999999854070709,0.866025403784439,FLOAT
"no_pair_loops_(1,1,1)",1,1,1,0.999999868886606,9,9.00000741429232,9.00000856128815,0.866025321029195,0.99999987255614,0.866025403784439,FLOAT
"no_pair_loops_(1,1,1)",1,1,1,0.999999885495243,9,9.00000647509496,9.00000747679626,0.866025331344921,0.999999888699948,0.866025403784439,FLOAT
"no_pair_loops_(1,1,1)",1,1,1,0.9999999,9,9.00000565486944,9.00000652968127,0.866025340203861,0.999999902798757,0.866025403784439,FLOAT
"no_pair_loops_(1,1,1)",1,1,1,0.999999912667384,9,9.00000493854514,9.00000570254109,0.866025348394232,0.999999915111614,0.866025403784439,FLOAT
"no_pair_loops_(1,1,1)",1,1,1,0.999999923730141,9,9.00000431296045,9.00000498017803,0.86602535547885,0.999999925864754,0.866025403784439,FLOAT
"no_pair_loops_(1,1,1)",1,1,1,0.999999933391537,9,9.00000376662102,9.00000434931954,0.866025361340237,0.999999935255752,0.866025403784439,FLOAT
"no_pair_loops_(1,1,1)",1,1,1,0.999999941829087,9,9.00000328948855,9.00000379837437,0.866025366560879,0.999999943457156,0.866025403784439,FLOAT
"no_pair_loops_(1,1,1)",1,1,1,0.99999994919782,9,9.00000287279632,9.00000331721958,0.866025371360301,0.999999950619656,0.866025403784439,FLOAT
"no_pair_loops_(1,1,1)",1,1,1,0.999999955633127,9,9.0000025088881,9.00000289701454,0.866025374694121,0.999999956874854,0.866025403784439,FLOAT
"no_pair_loops_(1,1,1)",1,1,1,0.999999961253249,9,9.00000219107756,9.00000253003852,0.866025378142963,0.999999962337682,0.866025403784439,FLOAT
"no_pair_loops_(1,1,1)",1,1,1,0.999999966161448,9,9.00000191352532,9.00000220954877,0.866025380388049,0.999999967108513,0.866025403784439,FLOAT
"no_pair_loops_(1,1,1)",1,1,1,0.999999970447908,9,9.00000167113168,9.0000019296567,0.86602538497125,0.999999971275005,0.866025403784439,FLOAT
"no_pair_loops_(1,1,1)",1,1,1,0.999999974191385,9,9.00000145944299,9.00000168521965,0.866025385571982,0.99999997491371,0.866025403784439,FLOAT
"no_pair_loops_(1,1,1)",1,1,1,0.999999977460661,9,9.00000127456973,9.00000147174638,0.866025390312001,0.999999978091487,0.866025403784439,FLOAT
"no_pair_loops_(1,1,1)",1,1,1,0.999999980315806,9,9.00000111311508,9.00000128531461,0.866025388175131,0.999999980866722,0.866025403784439,FLOAT
"no_pair_loops_(1,1,1)",1,1,1,0.999999982809278,9,9.00000097211251,9.00000112249886,0.866025389854148,0.999999983290408,0.866025403784439,FLOAT
"no_pair_loops_(1,1,1)",1,1,1,0.999999984986893,9,9.00000084897128,9.00000098030761,0.866025388285522,0.999999985407076,0.866025403784439,FLOAT
"no_pair_loops_(1,1,1)",1,1,1,0.999999986888661,9,9.00000074142882,9.00000085612827,0.866025393490715,0.999999987255618,0.866025403784439,FLOAT
"no_pair_loops_(1,1,1)",1,1,1,0.999999988549524,9,9.00000064750918,9.0000007476792,0.86602539612808,0.999999988869998,0.866025403784439,FLOAT
"no_pair_loops_(1,1,1)",1,1,1,0.99999999,9,9.00000056548671,9.00000065296781,0.866025397442029,0.999999990279878,0.866025403784439,FLOAT
"all_antagonistic_(3,3,3)",3,3,3,0.666666676666667,27,3.64756258810394e+16,1.67583914213507e+23,2.17655889303124e-07,2.17655889303125e-07,1,FLOAT
"all_antagonistic_(3,3,3)",3,3,3,0.66666667726311,27,3.24849714018369e+16,1.40848406319289e+23,2.30637834326621e-07,2.30637834326622e-07,1,FLOAT
"all_antagonistic_(3,3,3)",3,3,3,0.666666677895128,27,2.89309196208814e+16,1.18378154113055e+23,2.44394076235141e-07,2.44394076235142e-07,1,FLOAT
"all_antagonistic_(3,3,3)",3,3,3,0.666666678564843,27,2.57657018085958e+16,9.94926912499641e+22,2.58970799612429e-07,2.5897079961243e-07,1,FLOAT
"all_antagonistic_(3,3,3)",3,3,3,0.666666679274502,27,2.29467785384577e+16,8.36201237868972e+22,2.74416940555322e-07,2.74416940555323e-07,1,FLOAT
"all_antagonistic_(3,3,3)",3,3,3,0.666666680026488,27,2.04362618470319e+16,7.02797812354245e+22,2.90784369100042e-07,2.90784369100043e-07,1,FLOAT
"all_antagonistic_(3,3,3)",3,3,3,0.666666680823326,27,1.82004111562059e+16,5.90676947882213e+22,3.08128008405623e-07,3.08128008405624e-07,1,FLOAT
"all_antagonistic_(3,3,3)",3,3,3,0.666666681667691,27,1.62091762460826e+16,4.96443294596343e+22,3.26506096920138e-07,3.26506096920138e-07,1,FLOAT
"all_antagonistic_(3,3,3)",3,3,3,0.666666682562417,27,1.44357941618247e+16,4.17243191500073e+22,3.45980340863685e-07,3.45980340863686e-07,1,FLOAT
"all_antagonistic_(3,3,3)",3,3,3,0.666666683510509,27,1.28564308716083e+16,3.50678281828393e+22,3.66616113338311e-07,3.66616113338312e-07,1,FLOAT
"all_antagonistic_(3,3,3)",3,3,3,0.666666684515149,27,1.14498596226673e+16,2.94732810505482e+22,3.8848269397052e-07,3.88482693970521e-07,1,FLOAT
"all_antagonistic_(3,3,3)",3,3,3,0.66666668557971,27,1.01971755688788e+16,2.47712599587875e+22,4.11653488189297e-07,4.11653488189298e-07,1,FLOAT
"all_antagonistic_(3,3,3)",3,3,3,0.666666686707767,27,9.08154296248298e+15,2.08193768783352e+22,4.36206281079108e-07,4.36206281079109e-07,1,FLOAT
"all_antagonistic_(3,3,3)",3,3,3,0.666666687903105,27,8.0879672090793e+15,1.74979568296961e+22,4.62223520597162e-07,4.62223520597163e-07,1,FLOAT
"all_antagonistic_(3,3,3)",3,3,3,0.666666689169739,27,7.20309464212871e+15,1.47064198207629e+22,4.8979253481933e-07,4.89792534819332e-07,1,FLOAT
"all_antagonistic_(3,3,3)",3,3,3,0.66666669051192,27,6.41503254004452e+15,1.23602307591629e+22,5.19005887919116e-07,5.19005887919118e-07,1,FLOAT
"all_antagonistic_(3,3,3)",3,3,3,0.666666691934155,27,5.71318918066062e+15,1.03883411147697e+22,5.49961646189861e-07,5.49961646189864e-07,1,FLOAT
"all_antagonistic_(3,3,3)",3,3,3,0.666666693441218,27,5.08813167510642e+15,8.73103684387975e+21,5.82763738841975e-07,5.82763738841978e-07,1,FLOAT
"all_antagonistic_(3,3,3)",3,3,3,0.666666695038169,27,4.53145930029038e+15,7.33813063375648e+21,6.17522299132285e-07,6.17522299132289e-07,1,FLOAT
"all_antagonistic_(3,3,3)",3,3,3,0.666666696730369,27,4.03569023874986e+15,6.16744184059436e+21,6.54354000095591e-07,6.54354000095595e-07,1,FLOAT
"all_antagonistic_(3,3,3)",3,3,3,0.666666698523499,27,3.59416130970376e+15,5.18351891344214e+21,6.93382501293318e-07,6.93382501293323e-07,1,FLOAT
"all_antagonistic_(3,3,3)",3,3,3,0.666666700423579,27,3.20093830233264e+15,4.35656609757285e+21,7.34738835734855e-07,7.34738835734861e-07,1,FLOAT
"all_antagonistic_(3,3,3)",3,3,3,0.666666702436989,27,2.85073627010652e+15,3.66154120201907e+21,7.78561843994688e-07,7.78561843994695e-07,1,FLOAT
"all_antagonistic_(3,3,3)",3,3,3,0.666666704570486,27,2.53884849174261e+15,3.07739719969735e+21,8.24998635857687e-07,8.24998635857696e-07,1,FLOAT
"all_antagonistic_(3,3,3)",3,3,3,0.666666706831235,27,2.2610830979051e+15,2.58644457750998e+21,8.74205122184316e-07,8.74205122184326e-07,1,FLOAT
"all_antagonistic_(3,3,3)",3,3,3,0.666666709226825,27,2.01370691354674e+15,2.17381609742472e+21,9.26346490824278e-07,9.2634649082429e-07,1,FLOAT
"all_antagonistic_(3,3,3)",3,3,3,0.666666711765299,27,1.79339519867539e+15,1.8270163235475e+21,9.81597797217895e-07,9.8159779721791e-07,1,FLOAT
"all_antagonistic_(3,3,3)",3,3,3,0.666666714455177,27,1.59718691600535e+15,1.53554326605906e+21,1.04014452168741e-06,1.04014452168743e-06,1,FLOAT
"all_antagonistic_(3,3,3)",3,3,3,0.666666717305492,27,1.42244500055599e+15,1.29057035605708e+21,1.10218322765586e-06,1.10218322765588e-06,1,FLOAT
"all_antagonistic_(3,3,3)",3,3,3,0.666666720325813,27,1.26682090285177e+15,1.08467919771571e+21,1.16792218890121e-06,1.16792218890123e-06,1,FLOAT
"all_antagonistic_(3,3,3)",3,3,3,0.666666723526278,27,1.12822303608938e+15,9.11634901915094e+20,1.23758209971916e-06,1.23758209971919e-06,1,FLOAT
"all_antagonistic_(3,3,3)",3,3,3,0.666666726917633,27,1.00478860367449e+15,7.66197220680973e+20,1.31139682650041e-06,1.31139682650045e-06,1,FLOAT
"all_antagonistic_(3,3,3)",3,3,3,0.666666730511263,27,894858652297502,6.439619521632e+20,1.38961416787352e-06,1.38961416787356e-06,1,FLOAT
"all_antagonistic_(3,3,3)",3,3,3,0.666666734319233,27,796955696952191,5.41227482058611e+20,1.47249672895557e-06,1.47249672895562e-06,1,FLOAT
"all_antagonistic_(3,3,3)",3,3,3,0.666666738354327,27,709763922488901,4.54882760511369e+20,1.56032275589203e-06,1.56032275589209e-06,1,FLOAT
"all_antagonistic_(3,3,3)",3,3,3,0.666666742630091,27,632111452233080,3.823130405321e+20,1.65338710746902e-06,1.65338710746909e-06,1,FLOAT
"all_antagonistic_(3,3,3)",3,3,3,0.66666674716088,27,562954632765400,3.21320733655955e+20,1.75200220153904e-06,1.75200220153913e-06,1,FLOAT
"all_antagonistic_(3,3,3)",3,3,3,0.666666751961906,27,501363987078287,2.70058833807091e+20,1.85649911913785e-06,1.85649911913795e-06,1,FLOAT
"all_antagonistic_(3,3,3)",3,3,3,0.666666757049286,27,446511732772686,2.26975003224988e+20,1.96722866583707e-06,1.96722866583719e-06,1,FLOAT
"all_antagonistic_(3,3,3)",3,3,3,0.666666762440099,27,397660647320961,1.90764551930901e+20,2.08456258406423e-06,2.08456258406437e-06,1,FLOAT
"all_antagonistic_(3,3,3)",3,3,3,0.666666768152444,27,354154164085251,1.60330932542432e+20,2.20889480569506e-06,2.20889480569523e-06,1,FLOAT
"all_antagonistic_(3,3,3)",3,3,3,0.666666774205498,27,315407554572169,1.34752542257249e+20,2.34064270171626e-06,2.34064270171646e-06,1,FLOAT
"all_antagonistic_(3,3,3)",3,3,3,0.666666780619582,27,280900058471274,1.13254799450083e+20,2.48024860610922e-06,2.48024860610946e-06,1,FLOAT
"all_antagonistic_(3,3,3)",3,3,3,0.66666678741623,27,250167891327544,9.51866994533537e+19,2.62818117199359e-06,2.62818117199388e-06,1,FLOAT
"all_antagonistic_(3,3,3)",3,3,3,0.66666679461826,27,222798009147865,8.00010931376111e+19,2.78493706035491e-06,2.78493706035524e-06,1,FLOAT
"all_antagonistic_(3,3,3)",3,3,3,0.666666802249851,27,198422557693279,6.72381223443603e+19,2.95104251539075e-06,2.95104251539115e-06,1,FLOAT
"all_antagonistic_(3,3,3)",3,3,3,0.666666810336623,27,176713928329973,5.65112920099385e+19,3.12705517861577e-06,3.12705517861625e-06,1,FLOAT
"all_antagonistic_(3,3,3)",3,3,3,0.666666818905725,27,157380354553684,4.74957662844382e+19,3.31356596314611e-06,3.31356596314668e-06,1,FLOAT
"all_antagonistic_(3,3,3)",3,3,3,0.666666827985925,27,140161990387290,3.99185321652328e+19,3.51120100827099e-06,3.51120100827166e-06,1,FLOAT
"all_antagonistic_(3,3,3)",3,3,3,0.666666837607709,27,124827419783333,3.35501319508428e+19,3.7206238105472e-06,3.720623810548e-06,1,FLOAT
"all_antagonistic_(3,3,3)",3,3,3,0.666666847803377,27,111170543873607,2.81977141533073e+19,3.94253744360838e-06,3.94253744360934e-06,1,FLOAT
"all_antagonistic_(3,3,3)",3,3,3,0.66666685860716,27,99007812860497.9,2.36991941094818e+19,4.17768690374407e-06,4.17768690374521e-06,1,FLOAT
"all_antagonistic_(3,3,3)",3,3,3,0.666666870055327,27,88175758388880.2,1.99183453427396e+19,4.4268616128294e-06,4.42686161283075e-06,1,FLOAT
"all_antagonistic_(3,3,3)",3,3,3,0.666666882186313,27,78528796115831.3,1.67406740764725e+19,4.69089809389273e-06,4.69089809389435e-06,1,FLOAT
"all_antagonistic_(3,3,3)",3,3,3,0.666666895040844,27,69937269977649.3,1.40699523922301e+19,4.97068277332934e-06,4.97068277333126e-06,1,FLOAT
"all_antagonistic_(3,3,3)",3,3,3,0.666666908662074,27,62285708770928.3,1.18253041558332e+19,5.26715490359517e-06,5.26715490359745e-06,1,FLOAT
"all_antagonistic_(3,3,3)",3,3,3,0.666666923095735,27,55471274741721.7,9.93875572377702e+18,5.58130980209e-06,5.58130980209271e-06,1,FLOAT
"all_antagonistic_(3,3,3)",3,3,3,0.666666938390282,27,49402381054593.3,8.35317766394652e+18,5.91420212068443e-06,5.91420212068767e-06,1,FLOAT
"all_antagonistic_(3,3,3)",3,3,3,0.666666954597062,27,43997461033582.7,7.02055465973614e+18,6.26694943148685e-06,6.26694943149069e-06,1,FLOAT
"all_antagonistic_(3,3,3)",3,3,3,0.666666971770485,27,39183872062766.3,5.90053157299565e+18,6.64073593675323e-06,6.64073593675781e-06,1,FLOAT
"all_antagonistic_(3,3,3)",3,3,3,0.666666989968206,27,34896918834435.5,4.95919124889752e+18,7.03681650554744e-06,7.03681650555288e-06,1,FLOAT
"all_antagonistic_(3,3,3)",3,3,3,0.666667009251318,27,31078984274717.8,4.1680275617297e+18,7.45652081575804e-06,7.45652081576452e-06,1,FLOAT
"all_antagonistic_(3,3,3)",3,3,3,0.666667029684559,27,27678754873378.9,3.50308208970414e+18,7.90125785367751e-06,7.90125785368522e-06,1,FLOAT
"all_antagonistic_(3,3,3)",3,3,3,0.666667051336528,27,24650531173209.1,2.944218610196e+18,8.3725206707871e-06,8.37252067079627e-06,1,FLOAT
"all_antagonistic_(3,3,3)",3,3,3,0.666667074279914,27,21953613492087,2.47451334818628e+18,8.8718913188127e-06,8.87189131882361e-06,1,FLOAT
"all_antagonistic_(3,3,3)",3,3,3,0.666667098591744,27,19551754942309.6,2.07974244689958e+18,9.40104625523696e-06,9.40104625524995e-06,1,FLOAT
"all_antagonistic_(3,3,3)",3,3,3,0.666667124353638,27,17412674267126.6,1.74795126292812e+18,9.96176188455643e-06,9.96176188457187e-06,1,FLOAT
"all_antagonistic_(3,3,3)",3,3,3,0.666667151652083,27,15507621991632.2,1.4690923325383e+18,1.05559205831611e-05,1.05559205831795e-05,1,FLOAT
"all_antagonistic_(3,3,3)",3,3,3,0.666667180578726,27,13810993972601.1,1.23472111296854e+18,1.11855169782992e-05,1.11855169783211e-05,1,FLOAT
"all_antagonistic_(3,3,3)",3,3,3,0.66666721123068,27,12299987343775,1.0377402620819e+18,1.18526646726339e-05,1.18526646726599e-05,1,FLOAT
"all_antagonistic_(3,3,3)",3,3,3,0.66666724371085,27,10954294002007,8.72184712397241e+17,1.25596033114036e-05,1.25596033114346e-05,1,FLOAT
"all_antagonistic_(3,3,3)",3,3,3,0.666667278128279,27,9755827664448.07,7.33041031092062e+17,1.33087061305247e-05,1.33087061305615e-05,1,FLOAT
"all_antagonistic_(3,3,3)",3,3,3,0.666667314598514,27,8688480817202.97,6.16095606203784e+17,1.41024878763737e-05,1.41024878764175e-05,1,FLOAT
"all_antagonistic_(3,3,3)",3,3,3,0.666667353243992,27,7737908184388.6,5.17807040577356e+17,1.49436133115027e-05,1.49436133115549e-05,1,FLOAT
"all_antagonistic_(3,3,3)",3,3,3,0.666667394194455,27,6891333965570.29,4.35198915439578e+17,1.58349061108818e-05,1.58349061109438e-05,1,FLOAT
"all_antagonistic_(3,3,3)",3,3,3,0.666667437587381,27,6137380101064.68,3.65769654663035e+17,1.67793583278299e-05,1.67793583279037e-05,1,FLOAT
"all_antagonistic_(3,3,3)",3,3,3,0.666667483568452,27,5465913365087.46,3.07416770254434e+17,1.77801404931051e-05,1.77801404931929e-05,1,FLOAT
"all_antagonistic_(3,3,3)",3,3,3,0.666667532292033,27,4867909163098.52,2.58373194397434e+17,1.88406122176267e-05,1.88406122177312e-05,1,FLOAT
"all_antagonistic_(3,3,3)",3,3,3,0.666667583921701,27,4335330250180.51,2.17153768704699e+17,1.99643334583292e-05,1.99643334584536e-05,1,FLOAT
"all_antagonistic_(3,3,3)",3,3,3,0.666667638630787,27,3861018702869.54,1.82510269113704e+17,2.11550764874338e-05,2.11550764875817e-05,1,FLOAT
"all_antagonistic_(3,3,3)",3,3,3,0.666667696602962,27,3438599720469.7,1.53393606848575e+17,2.24168385572755e-05,2.24168385574515e-05,1,FLOAT
"all_antagonistic_(3,3,3)",3,3,3,0.66666775803285,27,3062395939236.99,1.28922059228691e+17,2.37538552946761e-05,2.37538552948855e-05,1,FLOAT
"all_antagonistic_(3,3,3)",3,3,3,0.666667823126684,27,2727351137141.31,1.08354569149006e+17,2.51706149406929e-05,2.51706149409421e-05,1,FLOAT
"all_antagonistic_(3,3,3)",3,3,3,0.666667892102997,27,2428962272532.31,9.10683039757852e+16,2.66718733792513e-05,2.66718733795478e-05,1,FLOAT
"all_antagonistic_(3,3,3)",3,3,3,0.666667965193359,27,2163218963095.07,7.65397944573264e+16,2.82626701365673e-05,2.826267013692e-05,1,FLOAT
"all_antagonistic_(3,3,3)",3,3,3,0.666668042643148,27,1926549587491.32,6.43290830019345e+16,2.99483452516552e-05,2.99483452520749e-05,1,FLOAT
"all_antagonistic_(3,3,3)",3,3,3,0.66666812471238,27,1715773280696.26,5.40664004637462e+16,3.17345572472457e-05,3.1734557247745e-05,1,FLOAT
"all_antagonistic_(3,3,3)",3,3,3,0.666668211676578,27,1528057184216.21,4.54409688076852e+16,3.36273020642725e-05,3.36273020648667e-05,1,FLOAT
"all_antagonistic_(3,3,3)",3,3,3,0.666668303827701,27,1360878370820.98,3.81915898552224e+16,3.56329332178323e-05,3.56329332185393e-05,1,FLOAT
"all_antagonistic_(3,3,3)",3,3,3,0.666668401475117,27,1211989937374.3,3.20987356398554e+16,3.77581830931194e-05,3.77581830939605e-05,1,FLOAT
"all_antagonistic_(3,3,3)",3,3,3,0.666668504946651,27,1079390805403.4,2.69779005071112e+16,4.0010185562508e-05,4.00101855635088e-05,1,FLOAT
"all_antagonistic_(3,3,3)",3,3,3,0.666668614589678,27,961298826179.74,2.26740138621969e+16,4.23964998872768e-05,4.23964998884675e-05,1,FLOAT
"all_antagonistic_(3,3,3)",3,3,3,0.666668730772293,27,856126829350.299,1.90567442506332e+16,4.49251361126313e-05,4.4925136114048e-05,1,FLOAT
"all_antagonistic_(3,3,3)",3,3,3,0.666668853884545,27,762461290237.143,1.60165526010815e+16,4.76045819097587e-05,4.76045819114443e-05,1,FLOAT
"all_antagonistic_(3,3,3)",3,3,3,0.666668984339748,27,679043332359.086,1.34613751116032e+16,5.04438310872697e-05,5.04438310892753e-05,1,FLOAT
"all_antagonistic_(3,3,3)",3,3,3,0.666669122575868,27,604751808326.568,1.13138353567318e+16,5.34524137245588e-05,5.34524137269451e-05,1,FLOAT
"all_antagonistic_(3,3,3)",3,3,3,0.666669269056992,27,538588230604.938,9.50890111532497e+15,5.66404281678696e-05,5.66404281707089e-05,1,FLOAT
"all_antagonistic_(3,3,3)",3,3,3,0.666669424274889,27,479663352636.066,7.99191506102488e+15,6.00185748905539e-05,6.00185748939321e-05,1,FLOAT
"all_antagonistic_(3,3,3)",3,3,3,0.666669588750657,27,427185216541.16,6.71693959213622e+15,6.35981923991521e-05,6.35981924031716e-05,1,FLOAT
"all_antagonistic_(3,3,3)",3,3,3,0.666669763036477,27,380448509570.691,5.64536574319589e+15,6.73912952410977e-05,6.73912952458801e-05,1,FLOAT
"all_antagonistic_(3,3,3)",3,3,3,0.666669947717462,27,338825084473.426,4.74474400831862e+15,7.141061432448e-05,7.141061433017e-05,1,FLOAT
"all_antagonistic_(3,3,3)",3,3,3,0.666670143413626,27,301755517040.446,3.98780169356318e+15,7.56696396163631e-05,7.56696396231332e-05,1,FLOAT
"all_antagonistic_(3,3,3)",3,3,3,0.666670350781961,27,268741587542.128,3.3516170411035e+15,8.01826653282109e-05,8.01826653362661e-05,1,FLOAT
"all_antagonistic_(3,3,3)",3,3,3,0.666670570518648,27,239339584490.375,2.81692509910235e+15,8.49648379148048e-05,8.49648379243889e-05,1,FLOAT
"all_antagonistic_(3,3,3)",3,3,3,0.666670803361388,27,213154341119.481,2.36753433667876e+15,9.00322068365447e-05,9.0032206847948e-05,1,FLOAT
"all_antagonistic_(3,3,3)",3,3,3,0.666671050091883,27,189833924300.924,1.98983632747479e+15,9.54017783537183e-05,9.54017783672859e-05,1,FLOAT
"all_antagonistic_(3,3,3)",3,3,3,0.66667131153846,27,169064904545.524,1.6723936550716e+15,0.000101091572552808,0.000101091572568951,1,FLOAT
"all_antagonistic_(3,3,3)",3,3,3,0.666671588578849,27,150568143445.837,1.40559356167288e+15,0.000107120683762695,0.000107120683781902,1,FLOAT
"all_antagonistic_(3,3,3)",3,3,3,0.666671882143135,27,134095042026.088,1.18135685255313e+15,0.000113509344538262,0.000113509344561115,1,FLOAT
"all_antagonistic_(3,3,3)",3,3,3,0.666672193216873,27,119424199567.833,992893239992580,0.000120278993481443,0.000120278993508633,1,FLOAT
"all_antagonistic_(3,3,3)",3,3,3,0.666672522844405,27,106358437916.169,834495717942521,0.000127452347091011,0.000127452347123361,1,FLOAT
"all_antagonistic_(3,3,3)",3,3,3,0.666672872132358,27,94722151416.815,701367741656822,0.000135053475892774,0.000135053475931265,1,FLOAT
"all_antagonistic_(3,3,3)",3,3,3,0.666673242253367,27,84358946739.4721,589477977982273,0.000143107885049801,0.000143107885095597,1,FLOAT
"all_antagonistic_(3,3,3)",3,3,3,0.666673634450005,27,75129540938.724,495438227647117,0.000151642599862601,0.00015164259991709,1,FLOAT
"all_antagonistic_(3,3,3)",3,3,3,0.66667405003896,27,66909889464.0061,416400823539983,0.000160686256257093,0.000160686256321924,1,FLOAT
"all_antagonistic_(3,3,3)",3,3,3,0.66667449041545,27,59589519005.2368,349972397432246,0.000170269196700799,0.000170269196777935,1,FLOAT
"all_antagonistic_(3,3,3)",3,3,3,0.666674957057912,27,53070042697.6837,294141403670461,0.000180423571821073,0.000180423571912849,1,FLOAT
"all_antagonistic_(3,3,3)",3,3,3,0.666675451532965,27,47263837796.9144,247217205487857,0.000191183448080198,0.000191183448189393,1,FLOAT
"all_antagonistic_(3,3,3)",3,3,3,0.666675975500663,27,42092868030.8348,207778879299552,0.000202584921748257,0.000202584921878177,1,FLOAT
"all_antagonistic_(3,3,3)",3,3,3,0.666676530720078,27,37487634762.9927,174632186082472,0.000214666239809278,0.000214666239963856,1,FLOAT
"all_antagonistic_(3,3,3)",3,3,3,0.666677119055197,27,33386242935.4041,146773407642184,0.000227467927908317,0.000227467928092232,1,FLOAT
"all_antagonistic_(3,3,3)",3,3,3,0.666677742481186,27,29733569186.6111,123358952060610,0.000241032925968831,0.000241032926187652,1,FLOAT
"all_antagonistic_(3,3,3)",3,3,3,0.666678403091018,27,26480520988.2166,103679808167631,0.000255406731833544,0.000255406732093894,1,FLOAT
"all_antagonistic_(3,3,3)",3,3,3,0.666679103102497,27,23583376833.6426,87140075380876.3,0.000270637553428437,0.000270637553738199,1,FLOAT
"all_antagonistic_(3,3,3)",3,3,3,0.666679844865711,27,21003198618.5198,73238918775564.6,0.000286776469978897,0.000286776470347448,1,FLOAT
"all_antagonistic_(3,3,3)",3,3,3,0.666680630870915,27,18705308302.8845,61555402916097.9,0.00030387760277337,0.000303877603211866,1,FLOAT
"all_antagonistic_(3,3,3)",3,3,3,0.666681463756893,27,16658821838.7976,51735745244919.3,0.000321998296012607,0.000321998296534322,1,FLOAT
"all_antagonistic_(3,3,3)",3,3,3,0.666682346319819,27,14836234082.2306,43482602945407.3,0.000341199308465201,0.000341199309085927,1,FLOAT
"all_antagonistic_(3,3,3)",3,3,3,0.666683281522644,27,13213049119.7166,36546068937575,0.000361545016381811,0.000361545017120337,1,FLOAT
"all_antagonistic_(3,3,3)",3,3,3,0.666684272505039,27,11767451042.0349,30716104311256.1,0.000383103628500602,0.000383103629379283,1,FLOAT
"all_antagonistic_(3,3,3)",3,3,3,0.666685322593942,27,10480010733.8796,25816178038277.3,0.000405947413724524,0.000405947414769956,1,FLOAT
"all_antagonistic_(3,3,3)",3,3,3,0.666686435314721,27,9333424745.50854,21697921367870.1,0.000430152942315522,0.000430152943559346,1,FLOAT
"all_antagonistic_(3,3,3)",3,3,3,0.666687614403016,27,8312282730.17377,18236635020136.5,0.000455801341311476,0.000455801342791338,1,FLOAT
"all_antagonistic_(3,3,3)",3,3,3,0.666688863817274,27,7402860328.82076,15327513138688,0.00048297856507122,0.000482978566831907,1,FLOAT
"all_antagonistic_(3,3,3)",3,3,3,0.666690187752041,27,6592934711.63954,12882469642929.2,0.000511775681790332,0.000511775683885131,1,FLOAT
"all_antagonistic_(3,3,3)",3,3,3,0.666691590652045,27,5871620302.01323,10827470885614.7,0.000542289176951644,0.000542289179443949,1,FLOAT
"all_antagonistic_(3,3,3)",3,3,3,0.666693077227118,27,5229222472.66707,9100293839727.4,0.000574621274628999,0.000574621277594231,1,FLOAT
"all_antagonistic_(3,3,3)",3,3,3,0.666694652468004,27,4657107248.69435,7648641927763.92,0.000608880277792308,0.000608880281320197,1,FLOAT
"all_antagonistic_(3,3,3)",3,3,3,0.66669632166312,27,4147585265.58151,6428561438047.47,0.000645180928668027,0.000645180932865323,1,FLOAT
"all_antagonistic_(3,3,3)",3,3,3,0.666698090416304,27,3693808423.03652,5403110575467.96,0.000683644790248451,0.000683644795242156,1,FLOAT
"all_antagonistic_(3,3,3)",3,3,3,0.666699964665634,27,3289677845.61238,4541240841014.48,0.000724400650351117,0.000724400656292322,1,FLOAT
"all_antagonistic_(3,3,3)",3,3,3,0.66670195070336,27,2929761912.77495,3816856868053.97,0.000767584949364218,0.000767584956432672,1,FLOAT
"all_antagonistic_(3,3,3)",3,3,3,0.666704055197027,27,2609223257.22653,3208026245334.87,0.000813342233107611,0.000813342241517156,1,FLOAT
"all_antagonistic_(3,3,3)",3,3,3,0.666706285211866,27,2323753749.94628,2696315398197.15,0.000861825632314118,0.000861825642319153,1,FLOAT
"all_antagonistic_(3,3,3)",3,3,3,0.666708648234505,27,2069516598.15714,2266231417907.73,0.000913197370236995,0.000913197382140167,1,FLOAT
"all_antagonistic_(3,3,3)",3,3,3,0.666711152198109,27,1843094778.34161,1904752937450.83,0.000967629299910352,0.000967629314071702,1,FLOAT
"all_antagonistic_(3,3,3)",3,3,3,0.666713805509012,27,1641445110.89801,1600935847145.62,0.00102530347287326,0.0010253034897211,1,FLOAT
"all_antagonistic_(3,3,3)",3,3,3,0.666716617074936,27,1461857359.23755,1345581910864.7,0.00108641274118159,0.00108641276122546,1,FLOAT
"all_antagonistic_(3,3,3)",3,3,3,0.6667195963349,27,1301917803.78291,1130960248532.09,0.00115116139449091,0.00115116141833695,1,FLOAT
"all_antagonistic_(3,3,3)",3,3,3,0.666722753290909,27,1159476801.21809,950573250777.972,0.0012197658342501,0.00121976586261937,1,FLOAT
"all_antagonistic_(3,3,3)",3,3,3,0.666726098541527,27,1032619892.85798,798959837238.122,0.00129245528719251,0.00129245532094277,1,FLOAT
"all_antagonistic_(3,3,3)",3,3,3,0.666729643317467,27,919642074.003566,671530101225.699,0.00136947256029474,0.00136947260044636,1,FLOAT
"all_antagonistic_(3,3,3)",3,3,3,0.666733399519287,27,819024878.374854,564426333605.94,0.00145107483944193,0.00145107488720869,1,FLOAT
"all_antagonistic_(3,3,3)",3,3,3,0.666737379757347,27,729415969.657631,474406217451.613,0.00153753453447001,0.00153753459129576,1,FLOAT
"all_antagonistic_(3,3,3)",3,3,3,0.666741597394146,27,649610965.830672,398744656628.967,0.00162914017297823,0.00162914024058042,1,FLOAT
"all_antagonistic_(3,3,3)",3,3,3,0.666746066589179,27,578537252.049143,335151265589.28,0.00172619734578217,0.00172619742620374,1,FLOAT
"all_antagonistic_(3,3,3)",3,3,3,0.666750802346474,27,515239564.49246,281701021933.882,0.00182902970676044,0.00182902980243143,1,FLOAT
"all_antagonistic_(3,3,3)",3,3,3,0.666755820564966,27,458867151.423891,236775981862.466,0.00193798003018209,0.00193798014399293,1,FLOAT
"all_antagonistic_(3,3,3)",3,3,3,0.666761138091871,27,408662338.91022,199016293648.165,0.00205341132866299,0.0020534114640517,1,FLOAT
"all_antagonistic_(3,3,3)",3,3,3,0.666766772779247,27,363950347.52329,167279025827.087,0.00217570803501834,0.00217570819607414,1,FLOAT
"all_antagonistic_(3,3,3)",3,3,3,0.666772743543927,27,324130223.161938,140603563412.746,0.00230527725156358,0.00230527744315017,1,FLOAT
"all_antagonistic_(3,3,3)",3,3,3,0.666779070431024,27,288666760.086969,118182524340.395,0.0024425500704443,0.00244255029834645,1,FLOAT
"all_antagonistic_(3,3,3)",3,3,3,0.666785774681232,27,257083307.638431,99337315507.8202,0.00258798296887807,0.00258798323997584,1,FLOAT
"all_antagonistic_(3,3,3)",3,3,3,0.666792878802131,27,228955363.934557,83497588257.8112,0.00274205928321737,0.00274205960569332,1,FLOAT
"all_antagonistic_(3,3,3)",3,3,3,0.66680040664375,27,203904870.46319,70183971228.9531,0.00290529076612746,0.00290529114971301,1,FLOAT
"all_antagonistic_(3,3,3)",3,3,3,0.666808383478639,27,181595130.878494,58993557744.9221,0.00307821923110303,0.00307821968737129,1,FLOAT
"all_antagonistic_(3,3,3)",3,3,3,0.666816836086713,27,161726285.714456,49587708312.9051,0.00326141828902436,0.00326141883173832,1,FLOAT
"all_antagonistic_(3,3,3)",3,3,3,0.666825792845157,27,144031282.19377,41681798911.1969,0.00345549518133628,0.00345549582686268,1,FLOAT
"all_antagonistic_(3,3,3)",3,3,3,0.666835283823696,27,128272284.961984,35036604655.6963,0.00366109271492946,0.00366109348273076,1,FLOAT
"all_antagonistic_(3,3,3)",3,3,3,0.666845340885544,27,114237479.512457,29451057962.2072,0.00387889130379565,0.00387889221701479,1,FLOAT
"all_antagonistic_(3,3,3)",3,3,3,0.666855997794376,27,101738225.335791,24756161935.6582,0.00410961112272451,0.00410961220887997,1,FLOAT
"all_antagonistic_(3,3,3)",3,3,3,0.666867290327678,27,90606520.5322311,20809874697.1118,0.00435401437868171,0.0043540156704935,1,FLOAT
"all_antagonistic_(3,3,3)",3,3,3,0.666879256396864,27,80692743.8117216,17492809760.8373,0.00461290770548047,0.0046129092418518,1,FLOAT
"all_antagonistic_(3,3,3)",3,3,3,0.666891936174548,27,71863643.534271,14704622281.2954,0.00488714468766982,0.00488714651485358,1,FLOAT
"all_antagonistic_(3,3,3)",3,3,3,0.666905372229415,27,64000546.7605574,12360971756.9502,0.00517762851972928,0.0051776306927141,1,FLOAT
"all_antagonistic_(3,3,3)",3,3,3,0.666919609669129,27,56997764.2449816,10390969233.4713,0.00548531480677322,0.00548531739093028,1,FLOAT
"all_antagonistic_(3,3,3)",3,3,3,0.666934696291775,27,50761169.9321911,8735031717.37217,0.0058112145131815,0.00581121758622097,1,FLOAT
"all_antagonistic_(3,3,3)",3,3,3,0.666950682746323,27,45206935.8656477,7343078841.32521,0.00615639706569076,0.0061564007199859,1,FLOAT
"all_antagonistic_(3,3,3)",3,3,3,0.666967622702667,27,40260405.5058236,6173017185.06671,0.00652199361753151,0.00652199796287923,1,FLOAT
"all_antagonistic_(3,3,3)",3,3,3,0.666985573031808,27,35855090.3139258,5189466364.67303,0.00690920048052633,0.00690920564742592,1,FLOAT
"all_antagonistic_(3,3,3)",3,3,3,0.667004593996783,27,31931776.1165861,4362688324.0923,0.0073192827316745,0.00731928887522118,1,FLOAT
"all_antagonistic_(3,3,3)",3,3,3,0.667024749454976,27,28437727.2393891,3667687413.9375,0.007753578001405,0.00775358530591336,1,FLOAT
"all_antagonistic_(3,3,3)",3,3,3,0.667046107072505,27,25325977.7139379,3083454014.48989,0.00821350045004392,0.00821350913453714,1,FLOAT
"all_antagonistic_(3,3,3)",3,3,3,0.667068738551391,27,22554700.0310848,2592328805.03422,0.00870054493943786,0.00870055526416412,1,FLOAT
"all_antagonistic_(3,3,3)",3,3,3,0.667092719870275,27,20086642.9569746,2179468434.77563,0.00921629140634114,0.00921630368050841,1,FLOAT
"all_antagonistic_(3,3,3)",3,3,3,0.667118131539495,27,17888630.8555664,1832396420.34008,0.00976240944403913,0.0097624240349948,1,FLOAT
"all_antagonistic_(3,3,3)",3,3,3,0.667145058871377,27,15931117.7886538,1540625675.17618,0.0103406630984713,0.0103406804425948,1,FLOAT
"all_antagonistic_(3,3,3)",3,3,3,0.667173592266644,27,14187790.4003838,1295341244.78229,0.0109529158847228,0.0109529365003493,1,FLOAT
"all_antagonistic_(3,3,3)",3,3,3,0.667203827517915,27,12635214.2487165,1089133644.32053,0.0116011360293894,0.0116011605321394,1,FLOAT
"all_antagonistic_(3,3,3)",3,3,3,0.667235866131295,27,11252518.8307554,915774727.167259,0.0122874019436224,0.0122874310645834,1,FLOAT
"all_antagonistic_(3,3,3)",3,3,3,0.667269815667157,27,10021117.0683757,770029300.401527,0.0130139079311992,0.0130139425384855,1,FLOAT
"all_antagonistic_(3,3,3)",3,3,3,0.667305790101244,27,8924455.48405739,647496785.438691,0.0137829701349809,0.0137830112592928,1,FLOAT
"all_antagonistic_(3,3,3)",3,3,3,0.667343910207308,27,7947791.70917505,544478131.512037,0.0145970327242045,0.0145970815891241,1,FLOAT
"all_antagonistic_(3,3,3)",3,3,3,0.667384303962572,27,7077996.33448019,457863954.151781,0.015458674323854,0.0154587323817455,1,FLOAT
"all_antagonistic_(3,3,3)",3,3,3,0.667427106977381,27,6303376.43945997,385040513.283084,0.0163706146860248,0.0163706836605677,1,FLOAT
"all_antagonistic_(3,3,3)",3,3,3,0.66747246295047,27,5613518.42887669,323810685.586862,0.0173357216015509,0.0173358035381166,1,FLOAT
"all_antagonistic_(3,3,3)",3,3,3,0.667520524151393,27,4999148.06407012,272327539.60975,0.0183570180484626,0.0183571153737664,1,FLOAT
"all_antagonistic_(3,3,3)",3,3,3,0.667571451931725,27,4452005.80785636,229038503.590769,0.0194376895713067,0.0194378051640213,1,FLOAT
"all_antagonistic_(3,3,3)",3,3,3,0.667625417266748,27,3964735.80759406,192638436.567888,0.0205810918834276,0.0205812291577483,1,FLOAT
"all_antagonistic_(3,3,3)",3,3,3,0.66768260132946,27,3530787.02430142,162030182.809011,0.0217907586811385,0.0217909216856421,1,FLOAT
"all_antagonistic_(3,3,3)",3,3,3,0.667743196098802,27,3144325.17899236,136291416.097541,0.0230704096554629,0.0230706031900207,1,FLOAT
"all_antagonistic_(3,3,3)",3,3,3,0.667807405004176,27,2800154.33272711,114646770.755324,0.0244239586839297,0.0244241884379205,1,FLOAT
"all_antagonistic_(3,3,3)",3,3,3,0.667875443608401,27,2493647.04639954,96444416.2882698,0.0258555221802086,0.0258557948958506,1,FLOAT
"all_antagonistic_(3,3,3)",3,3,3,0.667947540331402,27,2220682.18157919,81136367.0080567,0.0273694275753464,0.0273697512406327,1,FLOAT
"all_antagonistic_(3,3,3)",3,3,3,0.668023937217061,27,1977589.50641692,68261931.0106937,0.0289702218986907,0.0289706059751974,1,FLOAT
"all_antagonistic_(3,3,3)",3,3,3,0.668104890745814,27,1761100.36210047,57433797.8871507,0.0306626804212583,0.0306631361130041,1,FLOAT
"all_antagonistic_(3,3,3)",3,3,3,0.668190672695706,27,1568303.72678685,48326344.3859061,0.0324518153175939,0.032452355888194,1,FLOAT
"all_antagonistic_(3,3,3)",3,3,3,0.66828157105481,27,1396607.08649668,40665804.3556986,0.0343428842950909,0.034343525441689,1,FLOAT
"all_antagonistic_(3,3,3)",3,3,3,0.668377890988062,27,1243701.5870492,34222005.700713,0.0363413991319938,0.0363421594258951,1,FLOAT
"all_antagonistic_(3,3,3)",3,3,3,0.668479955861763,27,1107530.99866595,28801424.4892114,0.038453134056457,0.038454035462059,1,FLOAT
"all_antagonistic_(3,3,3)",3,3,3,0.668588108329191,27,986264.076105176,24241346.2027195,0.0406841338896497,0.0406852023752102,1,FLOAT
"all_antagonistic_(3,3,3)",3,3,3,0.668702711480957,27,878269.942837024,20404957.6046616,0.0430407218653509,0.043041988121376,1,FLOAT
"all_antagonistic_(3,3,3)",3,3,3,0.668824150063978,27,782096.168400102,17177220.8565694,0.0455295070271912,0.0455310073108241,1,FLOAT
"all_antagonistic_(3,3,3)",3,3,3,0.668952831773153,27,696449.244292831,14461405.1704993,0.0481573910924693,0.0481591682192518,1,FLOAT
"all_antagonistic_(3,3,3)",3,3,3,0.669089188620082,27,620177.195976555,12176171.1726873,0.0509315746578981,0.0509336791657208,1,FLOAT
"all_antagonistic_(3,3,3)",3,3,3,0.669233678383419,27,552254.097285686,10253119.8685258,0.0538595626087495,0.0538620541227606,1,FLOAT
"all_antagonistic_(3,3,3)",3,3,3,0.669386786145729,27,491766.279107278,8634732.14834422,0.0569491685771776,0.0569521174089434,1,FLOAT
"all_antagonistic_(3,3,3)",3,3,3,0.669549025922018,27,437900.04696221,7272636.58206617,0.060208518279598,0.0602120072989819,1,FLOAT
"all_antagonistic_(3,3,3)",3,3,3,0.669720942385384,27,389930.742404728,6126153.17651306,0.063646051545523,0.0636501783696293,1,FLOAT
"all_antagonistic_(3,3,3)",3,3,3,0.669903112695601,27,347213.001213096,5161069.11167176,0.0672705228325749,0.067275402382788,1,FLOAT
"all_antagonistic_(3,3,3)",3,3,3,0.670096148436769,27,309172.077434939,4348609.48470813,0.0710910000033467,0.0710967674890425,1,FLOAT
"all_antagonistic_(3,3,3)",3,3,3,0.670300697670525,27,275296.116672888,3664571.98451817,0.0751168611207763,0.0751236755167972,1,FLOAT
"all_antagonistic_(3,3,3)",3,3,3,0.670517447111728,27,245129.274756135,3088599.3739161,0.0793577889985987,0.0793658370931191,1,FLOAT
"all_antagonistic_(3,3,3)",3,3,3,0.670747124433902,27,218265.589305196,2603567.82078161,0.0838237632239922,0.0838332643240579,1,FLOAT
"all_antagonistic_(3,3,3)",3,3,3,0.67099050071219,27,194343.521817242,2195072.61979862,0.0885250493495751,0.088536260743424,1,FLOAT
"all_antagonistic_(3,3,3)",3,3,3,0.671248393012015,27,173041.096910978,1850995.78858182,0.0934721849327012,0.0934854082210295,1,FLOAT
"all_antagonistic_(3,3,3)",3,3,3,0.671521667132144,27,154071.573396339,1561142.49506126,0.0986759620820326,0.0986915505046786,1,FLOAT
"all_antagonistic_(3,3,3)",3,3,3,0.671811240511352,27,137179.588982813,1316935.35179821,0.104147406154372,0.104165773054464,1,FLOAT
"all_antagonistic_(3,3,3)",3,3,3,0.67211808530846,27,122137.726805725,1111157.36026467,0.109897750230349,0.109919378814745,1,FLOAT
"all_antagonistic_(3,3,3)",3,3,3,0.672443231666078,27,108743.457619597,937735.756930073,0.115938404985701,0.115963859558472,1,FLOAT
"all_antagonistic_(3,3,3)",3,3,3,0.672787771169006,27,96816.4165571049,791560.247656428,0.122280923566608,0.122310862431191,1,FLOAT
"all_antagonistic_(3,3,3)",3,3,3,0.673152860508921,27,86195.9778486475,668330.154741558,0.128936961074155,0.128972151319402,1,FLOAT
"all_antagonistic_(3,3,3)",3,3,3,0.673539725367628,27,76739.0949027906,564425.873368858,0.135918228264527,0.135959562669872,1,FLOAT
"all_antagonistic_(3,3,3)",3,3,3,0.673949664531935,27,68318.3767142224,476800.767573672,0.143236439080449,0.143284955395266,1,FLOAT
"all_antagonistic_(3,3,3)",3,3,3,0.674384054253956,27,60820.3747425455,402890.252313685,0.150903251645324,0.150960154516698,1,FLOAT
"all_antagonistic_(3,3,3)",3,3,3,0.674844352871474,27,54144.0572340708,340535.326451498,0.158930202377237,0.158996888217947,1,FLOAT
"all_antagonistic_(3,3,3)",3,3,3,0.675332105703892,27,48199.4504782532,287918.257096109,0.167328632915627,0.167406718019149,1,FLOAT
"all_antagonistic_(3,3,3)",3,3,3,0.675848950240194,27,42906.4287341987,243508.481966389,0.176109609601103,0.176200961821613,1,FLOAT
"all_antagonistic_(3,3,3)",3,3,3,0.676396621636343,27,38193.6365609698,206017.104302459,0.185283835309531,0.185390609630629,1,FLOAT
"all_antagonistic_(3,3,3)",3,3,3,0.676976958540561,27,33997.5290651071,174358.613661236,0.194861553516731,0.194986231831147,1,FLOAT
"all_antagonistic_(3,3,3)",3,3,3,0.677591909266059,27,30261.5171637302,147618.683509315,0.204852444560821,0.204997879972426,1,FLOAT
"all_antagonistic_(3,3,3)",3,3,3,0.67824353833194,27,26935.2063731799,125027.079441756,0.215265514176876,0.21543498011347,1,FLOAT
"all_antagonistic_(3,3,3)",3,3,3,0.678934033394218,27,23973.718890225,105934.865633408,0.226108974503505,0.226306218891021,1,FLOAT
"all_antagonistic_(3,3,3)",3,3,3,0.679665712590243,27,21337.089852504,89795.2264140967,0.237390117904319,0.237619422597217,1,FLOAT
"all_antagonistic_(3,3,3)",3,3,3,0.680441032321174,27,18989.729661923,76147.3285531935,0.24911518410843,0.249381429693328,1,FLOAT
"all_antagonistic_(3,3,3)",3,3,3,0.681262595498641,27,16899.9451427576,64602.7412240054,0.261289221353687,0.261597957339894,1,FLOAT
"all_antagonistic_(3,3,3)",3,3,3,0.68213316028326,27,15039.5130970298,54834.0074520313,0.273915942412459,0.274273462689853,1,FLOAT
"all_antagonistic_(3,3,3)",3,3,3,0.683055649344363,27,13383.3005240899,46565.0254520453,0.286997576591487,0.287410999868831,1,FLOAT
"all_antagonistic_(3,3,3)",3,3,3,0.684033159672015,27,11908.9263985552,39562.9525755313,0.300534719022019,0.301012073753074,1,FLOAT
"all_antagonistic_(3,3,3)",3,3,3,0.68506897297426,27,10596.460459425,33631.3902611291,0.314526178790719,0.315076491847329,1,FLOAT
"all_antagonistic_(3,3,3)",3,3,3,0.686166566694507,27,9428.15496069426,28604.6467830454,0.32896882770179,0.329602215758963,1,FLOAT
"all_antagonistic_(3,3,3)",3,3,3,0.687329625686041,27,8388.2057768709,24342.9068838087,0.343857451701231,0.34458521395611,1,FLOAT
"all_antagonistic_(3,3,3)",3,3,3,0.68856205458285,27,7462.53965141053,20728.1645314727,0.359184607228545,0.360019317681492,1,FLOAT
"all_antagonistic_(3,3,3)",3,3,3,0.689867990908302,27,6638.62472751443,17660.7978754386,0.3749404849833,0.375896082064728,1,FLOAT
"all_antagonistic_(3,3,3)",3,3,3,0.691251818965688,27,5905.30181372037,15056.6846773638,0.391112783794705,0.392204654627483,1,FLOAT
"all_antagonistic_(3,3,3)",3,3,3,0.692718184557244,27,5252.63411544959,12844.7726422299,0.407686597453992,0.408931653502408,1,FLOAT
"all_antagonistic_(3,3,3)",3,3,3,0.694272010581095,27,4671.77341192233,10965.0326557742,0.424644317501681,0.426061057780998,1,FLOAT
"all_antagonistic_(3,3,3)",3,3,3,0.695918513558455,27,4154.84087893115,9366.73435668317,0.44196555504573,0.443574112461796,1,FLOAT
"all_antagonistic_(3,3,3)",3,3,3,0.697663221146592,27,3694.82095485807,8006.99307886209,0.459627084711843,0.461449250482324,1,FLOAT
"all_antagonistic_(3,3,3)",3,3,3,0.699511990696333,27,3285.46682266951,6849.54527951234,0.477602813784832,0.479662034280826,1,FLOAT
"all_antagonistic_(3,3,3)",3,3,3,0.701471028916427,27,2921.21623679229,5863.71636557946,0.495863779480563,0.498185119242822,1,FLOAT
"all_antagonistic_(3,3,3)",3,3,3,0.703546912710775,27,2597.11656285004,5023.55054849903,0.51437817708501,0.516988241240256,1,FLOAT
"all_antagonistic_(3,3,3)",3,3,3,0.705746611258478,27,2308.75802210485,4307.07716679182,0.533111421403453,0.53603823026569,1,FLOAT
"all_antagonistic_(3,3,3)",3,3,3,0.708077509410841,27,2052.21424275791,3695.69196225003,0.55202624357588,0.555299051901628,1,FLOAT
"all_antagonistic_(3,3,3)",3,3,3,0.710547432483875,27,1823.98931850452,3173.63519959753,0.571082824832812,0.574731878048186,1,FLOAT
"all_antagonistic_(3,3,3)",3,3,3,0.713164672529529,27,1620.9706622317,2727.55138364939,0.59023896819089,0.594295187965582,1,FLOAT
"all_antagonistic_(3,3,3)",3,3,3,0.715938016173855,27,1440.38702066592,2346.11773794661,0.609450308425201,0.613944900278783,1,FLOAT
"all_antagonistic_(3,3,3)",3,3,3,0.718876774115565,27,1279.77108517276,2019.73063676436,0.628670559914167,0.633634536149324,1,FLOAT
"all_antagonistic_(3,3,3)",3,3,3,0.721990812384003,27,1136.92619571206,1740.24088896478,0.647851801145562,0.653315413355436,1,FLOAT
"all_antagonistic_(3,3,3)",3,3,3,0.725290585461487,27,1009.89668999117,1500.7302084162,0.666944793815063,0.672936870549817,1,FLOAT
"all_antagonistic_(3,3,3)",3,3,3,0.728787171381207,27,896.941498877211,1295.32241454543,0.685899333561016,0.692446520499666,1,FLOAT
"all_antagonistic_(3,3,3)",3,3,3,0.732492308918514,27,796.510632782578,1119.02392411623,0.704664628483614,0.711790530673096,1,FLOAT
"all_antagonistic_(3,3,3)",3,3,3,0.736418437000464,27,707.22424261627,967.588951891221,0.723189700717363,0.730913929136903,1,FLOAT
"all_antagonistic_(3,3,3)",3,3,3,0.740578736465914,27,627.853973517233,837.405558965054,0.741423805488904,0.749760933391933,1,FLOAT
"all_antagonistic_(3,3,3)",3,3,3,0.744987174316374,27,557.306360421446,725.399294725437,0.759316861323473,0.768275299512644,1,FLOAT
"all_antagonistic_(3,3,3)",3,3,3,0.749658550606174,27,494.608041976061,628.951689669704,0.776819884387469,0.786400688796632,1,FLOAT
"all_antagonistic_(3,3,3)",3,3,3,0.754608548129361,27,438.892593770475,545.831286868722,0.793885419393944,0.804081049088037,1,FLOAT
"all_antagonistic_(3,3,3)",3,3,3,0.759853785070145,27,389.388803635032,474.135262510254,0.810467959070263,0.821261008036943,1,FLOAT
"all_antagonistic_(3,3,3)",3,3,3,0.765411870793641,27,345.410231155486,412.239991421275,0.826524343905126,0.837886275818653,1,FLOAT
"all_antagonistic_(3,3,3)",3,3,3,0.771301464964215,27,306.345910826269,358.759170809537,0.842014133760426,0.853904055288685,1,FLOAT
"all_antagonistic_(3,3,3)",3,3,3,0.777542340189913,27,271.652073650362,312.50833228999,0.856899942947618,0.869263458224481,1,FLOAT
"all_antagonistic_(3,3,3)",3,3,3,0.784155448403264,27,240.844775694807,272.474754975036,0.871147730513283,0.883915927245711,1,FLOAT
"all_antagonistic_(3,3,3)",3,3,3,0.791162991201332,27,213.49333431293,237.791946397782,0.884727037725632,0.897815664268944,1,FLOAT
"all_antagonistic_(3,3,3)",3,3,3,0.798588494381158,27,189.214483611131,207.717987838726,0.897611165059523,0.91092006802049,1,FLOAT
"all_antagonistic_(3,3,3)",3,3,3,0.806456886920807,27,167.667170415819,181.617150054557,0.909777281279496,0.923190185318139,1,FLOAT
"all_antagonistic_(3,3,3)",3,3,3,0.814794584671205,27,148.547920614709,158.944277674002,0.921206457433652,0.934591183706433,1,FLOAT
"all_antagonistic_(3,3,3)",3,3,3,0.823629579039712,27,131.586713422324,139.231518332153,0.931883618582047,0.945092856837262,1,FLOAT
"all_antagonistic_(3,3,3)",3,3,3,0.83299153096317,27,116.543307955106,122.077038235033,0.941797405739045,0.954670179094017,1,FLOAT
"all_antagonistic_(3,3,3)",3,3,3,0.842911870485915,27,103.20397258924,107.135421192814,0.950939939604064,0.963303932912181,1,FLOAT
"all_antagonistic_(3,3,3)",3,3,3,0.853423902277057,27,91.378572995739,94.1094948409639,0.959306475906329,0.970981441884904,1,FLOAT
"all_antagonistic_(3,3,3)",3,3,3,0.864562917441269,27,80.8979795756147,82.7433671338407,0.966894939198862,0.977697456338211,1,FLOAT
"all_antagonistic_(3,3,3)",3,3,3,0.876366311998457,27,71.6117593179689,72.8164893762298,0.973705317132266,0.983455257612926,1,FLOAT
"all_antagonistic_(3,3,3)",3,3,3,0.888873712430073,27,63.3861209333853,64.1385899990292,0.979738889773048,0.988268075964014,1,FLOAT
"all_antagonistic_(3,3,3)",3,3,3,0.9,27,57.1853246897575,57.6691387948003,0.984224724786701,0.991610519679089,1,FLOAT
"all_antagonistic_(3,3,3)",3,3,3,0.902127108713561,27,56.1020855257185,56.5453467664839,0.984997257122459,0.992160959900097,1,FLOAT
"all_antagonistic_(3,3,3)",3,3,3,0.912667383761716,27,51.1560552687548,51.4381182326793,0.988458073521087,0.994516460290234,1,FLOAT
"all_antagonistic_(3,3,3)",3,3,3,0.916170995291558,27,49.6538581031318,49.8946847587937,0.989481110650831,0.995173300386081,1,FLOAT
"all_antagonistic_(3,3,3)",3,3,3,0.923730141409766,27,46.6267987155086,46.7952878144299,0.991488423886494,0.996399443046714,1,FLOAT
"all_antagonistic_(3,3,3)",3,3,3,0.931052520449102,27,43.9473779349641,44.0636038016027,0.993188668232692,0.997362315911292,1,FLOAT
"all_antagonistic_(3,3,3)",3,3,3,0.933391537091908,27,43.1393531650827,43.2419362838173,0.993684058541912,0.997627693680013,1,FLOAT
"all_antagonistic_(3,3,3)",3,3,3,0.941829086706256,27,40.4001567850866,40.4635677593653,0.995290180477265,0.998432887217068,1,FLOAT
"all_antagonistic_(3,3,3)",3,3,3,0.946821644600358,27,38.8990281712226,38.9454523654449,0.996113651220396,0.998807968802451,1,FLOAT
"all_antagonistic_(3,3,3)",3,3,3,0.94919781953087,27,38.2134657963256,38.2531440774978,0.996474027089774,0.998962744576191,1,FLOAT
"all_antagonistic_(3,3,3)",3,3,3,0.955633126690214,27,36.4443094448268,36.4693849928387,0.997351934890085,0.999312421966622,1,FLOAT
"all_antagonistic_(3,3,3)",3,3,3,0.961253248795439,27,34.9969266983642,35.0129032127069,0.998006151588433,0.999543696383998,1,FLOAT
"all_antagonistic_(3,3,3)",3,3,3,0.963531308016255,27,34.4344872887338,34.4475755164542,0.998242618998429,0.999620053733125,1,FLOAT
"all_antagonistic_(3,3,3)",3,3,3,0.966161448465718,27,33.801685329059,33.8119332015572,0.998495599972132,0.999696915510948,1,FLOAT
"all_antagonistic_(3,3,3)",3,3,3,0.970447907647971,27,32.8068601628443,32.8134703537209,0.99886295268155,0.999798552521104,1,FLOAT
"all_antagonistic_(3,3,3)",3,3,3,0.974191384595819,27,31.9733037510841,31.9775875172726,0.999139389076792,0.999866038481287,1,FLOAT
"all_antagonistic_(3,3,3)",3,3,3,0.977460660952652,27,31.2708972045184,31.2736842586629,0.999347856796198,0.999910881809721,1,FLOAT
"all_antagonistic_(3,3,3)",3,3,3,0.980315805527134,27,30.6761292539626,30.6779485665791,0.999505345824308,0.999940696405677,1,FLOAT
"all_antagonistic_(3,3,3)",3,3,3,0.981237608556118,27,30.4877068412892,30.4892722137129,0.999551375665815,0.99994865825551,1,FLOAT
"all_antagonistic_(3,3,3)",3,3,3,0.982809277981414,27,30.1704091813332,30.1716001273002,0.99962449680943,0.999960527583489,1,FLOAT
"all_antagonistic_(3,3,3)",3,3,3,0.984986892710918,27,29.7388683085762,29.739649787278,0.999714752336043,0.99997372266629,1,FLOAT
"all_antagonistic_(3,3,3)",3,3,3,0.986888660625784,27,29.36949358446,29.3700074270847,0.99978318944542,0.999982504511587,1,FLOAT
"all_antagonistic_(3,3,3)",3,3,3,0.988549524300617,27,29.0524912120683,29.0528296686488,0.999835126807842,0.99998835030583,1,FLOAT
"all_antagonistic_(3,3,3)",3,3,3,0.99,27,28.7798123807665,28.7800356493723,0.999874570711033,0.999992242240122,1,FLOAT
"all_antagonistic_(3,3,3)",3,3,3,0.991266738376172,27,28.5447950378284,28.5449425109195,0.999904544609212,0.999994833652544,1,FLOAT
"all_antagonistic_(3,3,3)",3,3,3,0.992373014140977,27,28.3418899347371,28.3419874518052,0.999927333845056,0.99999655927206,1,FLOAT
"all_antagonistic_(3,3,3)",3,3,3,0.993339153709191,27,28.1664487031229,28.1665132484777,0.999944668134041,0.999997708436464,1,FLOAT
"all_antagonistic_(3,3,3)",3,3,3,0.994182908670626,27,28.0145581589177,28.0146009161164,0.999957858111456,0.999998473753067,1,FLOAT
"all_antagonistic_(3,3,3)",3,3,3,0.994919781953087,27,27.8829094616047,27.8829378058492,0.999967897801756,0.999998983455593,1,FLOAT
"all_antagonistic_(3,3,3)",3,3,3,0.995563312669021,27,27.7686938417857,27.7687126431885,0.999975541702103,0.99999932292854,1,FLOAT
"all_antagonistic_(3,3,3)",3,3,3,0.996125324879544,27,27.6695187894874,27.6695312676173,0.999981362887025,0.999999549029951,1,FLOAT
"all_antagonistic_(3,3,3)",3,3,3,0.996616144846572,27,27.5833401530257,27.5833484383921,0.999985796882441,0.999999699624342,1,FLOAT
"all_antagonistic_(3,3,3)",3,3,3,0.997044790764797,27,27.5084067238697,27.5084122275123,0.99998917484206,0.999999799928741,1,FLOAT
"all_antagonistic_(3,3,3)",3,3,3,0.997419138459582,27,27.443214705144,27.4432183622871,0.999991748665192,0.99999986673782,1,FLOAT
"all_antagonistic_(3,3,3)",3,3,3,0.997746066095265,27,27.3864700679679,27.386472498867,0.999993710033504,0.999999911237233,1,FLOAT
"all_antagonistic_(3,3,3)",3,3,3,0.998031580552713,27,27.3370572515344,27.3370588677818,0.999995204851299,0.999999940877056,1,FLOAT
"all_antagonistic_(3,3,3)",3,3,3,0.998280927798141,27,27.2940130022364,27.2940140770909,0.999996344207434,0.999999960619406,1,FLOAT
"all_antagonistic_(3,3,3)",3,3,3,0.998498689271092,27,27.2565044043598,27.2565051193159,0.999997212702214,0.999999973769339,1,FLOAT
"all_antagonistic_(3,3,3)",3,3,3,0.998688866062578,27,27.223810351385,27.2238108270331,0.999997874776435,0.999999982528234,1,FLOAT
"all_antagonistic_(3,3,3)",3,3,3,0.998854952430062,27,27.1953058582911,27.1953061747802,0.999998379523475,0.999999988362364,1,FLOAT
"all_antagonistic_(3,3,3)",3,3,3,0.999,27,27.1704487327024,27.1704489433177,0.999998764349539,0.999999992248368,1,FLOAT
"all_antagonistic_(3,3,3)",3,3,3,0.999126673837617,27,27.1487682145435,27.1487683547189,0.999999057760575,0.999999994836767,1,FLOAT
"all_antagonistic_(3,3,3)",3,3,3,0.999237301414098,27,27.1298552661673,27.1298553594709,0.999999281481263,0.999999996560855,1,FLOAT
"all_antagonistic_(3,3,3)",3,3,3,0.999333915370919,27,27.1133542522571,27.1133543143672,0.999999452070608,0.999999997709241,1,FLOAT
"all_antagonistic_(3,3,3)",3,3,3,0.999418290867063,27,27.0989557945685,27.0989558359171,0.999999582150835,0.999999998474162,1,FLOAT
"all_antagonistic_(3,3,3)",3,3,3,0.999491978195309,27,27.0863906233628,27.0863906508917,0.999999681344094,0.999999998983663,1,FLOAT
"all_antagonistic_(3,3,3)",3,3,3,0.999556331266902,27,27.0754242771195,27.0754242954486,0.999999756986321,0.999999999323034,1,FLOAT
"all_antagonistic_(3,3,3)",3,3,3,0.999612532487954,27,27.0658525263223,27.0658525385267,0.999999814669868,0.999999999549083,1,FLOAT
"all_antagonistic_(3,3,3)",3,3,3,0.999661614484657,27,27.0574974169106,27.0574974250373,0.999999858660233,0.999999999699652,1,FLOAT
"all_antagonistic_(3,3,3)",3,3,3,0.99970447907648,27,27.0502038452928,27.0502038507044,0.999999892207824,0.999999999799943,1,FLOAT
"all_antagonistic_(3,3,3)",3,3,3,0.999741913845958,27,27.0438365902945,27.0438365938982,0.999999917791728,0.999999999866745,1,FLOAT
"all_antagonistic_(3,3,3)",3,3,3,0.999774606609527,27,27.0382777386314,27.0382777410313,0.999999937302969,0.999999999911241,1,FLOAT
"all_antagonistic_(3,3,3)",3,3,3,0.999803158055271,27,27.0334244498544,27.0334244514527,0.99999995218325,0.999999999940879,1,FLOAT
"all_antagonistic_(3,3,3)",3,3,3,0.999828092779814,27,27.0291870145747,27.0291870156391,0.999999963531603,0.99999999996062,1,FLOAT
"all_antagonistic_(3,3,3)",3,3,3,0.999849868927109,27,27.025487166391,27.0254871670999,0.999999972186506,0.99999999997377,1,FLOAT
"all_antagonistic_(3,3,3)",3,3,3,0.999868886606258,27,27.0222566135365,27.0222566140086,0.999999978786945,0.999999999982528,1,FLOAT
"all_antagonistic_(3,3,3)",3,3,3,0.999885495243006,27,27.0194357610093,27.0194357613237,0.999999983821391,0.999999999988362,1,FLOAT
"all_antagonistic_(3,3,3)",3,3,3,0.9999,27,27.0169725979891,27.0169725981986,0.999999987660344,0.999999999992248,1,FLOAT
"all_antagonistic_(3,3,3)",3,3,3,0.999912667383762,27,27.0148217287888,27.0148217289283,0.999999990589283,0.999999999994837,1,FLOAT
"all_antagonistic_(3,3,3)",3,3,3,0.99992373014141,27,27.0129435285404,27.0129435286333,0.999999992821577,0.99999999999656,1,FLOAT
"all_antagonistic_(3,3,3)",3,3,3,0.999933391537092,27,27.0113034073434,27.0113034074053,0.999999994525127,0.999999999997709,1,FLOAT
"all_antagonistic_(3,3,3)",3,3,3,0.999941829086706,27,27.0098711687761,27.0098711688173,0.999999995825066,0.999999999998474,1,FLOAT
"all_antagonistic_(3,3,3)",3,3,3,0.999949197819531,27,27.0086204505439,27.0086204505713,0.999999996814264,0.999999999998983,1,FLOAT
"all_antagonistic_(3,3,3)",3,3,3,0.99995563312669,27,27.0075282366513,27.0075282366696,0.99999999756962,0.999999999999323,1,FLOAT
"all_antagonistic_(3,3,3)",3,3,3,0.999961253248795,27,27.006574431878,27.0065744318902,0.999999998147025,0.999999999999549,1,FLOAT
"all_antagonistic_(3,3,3)",3,3,3,0.999966161448466,27,27.0057414905466,27.0057414905547,0.999999998586709,0.9999999999997,1,FLOAT
"all_antagonistic_(3,3,3)",3,3,3,0.999970447907648,27,27.0050140926112,27.0050140926166,0.999999998922302,0.9999999999998,1,FLOAT
"all_antagonistic_(3,3,3)",3,3,3,0.999974191384596,27,27.0043788610036,27.0043788610072,0.99999999917812,0.999999999999867,1,FLOAT
"all_antagonistic_(3,3,3)",3,3,3,0.999977460660953,27,27.0038241149557,27.0038241149581,0.999999999372905,0.999999999999911,1,FLOAT
"all_antagonistic_(3,3,3)",3,3,3,0.999980315805527,27,27.0033396547016,27.0033396547032,0.999999999520228,0.999999999999941,1,FLOAT
"all_antagonistic_(3,3,3)",3,3,3,0.999982809277981,27,27.0029165735515,27.0029165735525,0.999999999637003,0.999999999999961,1,FLOAT
"all_antagonistic_(3,3,3)",3,3,3,0.999984986892711,27,27.0025470938478,27.0025470938485,0.999999999723827,0.999999999999974,1,FLOAT
"all_antagonistic_(3,3,3)",3,3,3,0.999986888660626,27,27.0022244237592,27.0022244237597,0.99999999978758,0.999999999999982,1,FLOAT
"all_antagonistic_(3,3,3)",3,3,3,0.999988549524301,27,27.0019426322602,27.0019426322605,0.999999999839064,0.999999999999988,1,FLOAT
"all_antagonistic_(3,3,3)",3,3,3,0.99999,27,27.00169653998,27.0016965399802,0.999999999882731,0.999999999999993,1,FLOAT
"all_antagonistic_(3,3,3)",3,3,3,0.999991266738376,27,27.0014816239054,27.0014816239056,0.999999999904086,0.999999999999995,1,FLOAT
"all_antagonistic_(3,3,3)",3,3,3,0.999992373014141,27,27.0012939341737,27.0012939341738,0.999999999923121,0.999999999999996,1,FLOAT
"all_antagonistic_(3,3,3)",3,3,3,0.999993339153709,27,27.0011300214213,27.0011300214214,0.999999999943409,0.999999999999998,1,FLOAT
"all_antagonistic_(3,3,3)",3,3,3,0.999994182908671,27,27.0009868733473,27.0009868733473,0.9999999999676,0.999999999999999,1,FLOAT
"all_antagonistic_(3,3,3)",3,3,3,0.999994919781953,27,27.0008618593203,27.0008618593204,0.999999999975267,0.999999999999999,1,FLOAT
"all_antagonistic_(3,3,3)",3,3,3,0.999995563312669,27,27.0007526820102,27.0007526820102,0.99999999998112,0.999999999999999,1,FLOAT
"all_antagonistic_(3,3,3)",3,3,3,0.99999612532488,27,27.0006573351505,27.0006573351505,0.999999999972976,0.999999999999999,1,FLOAT
"all_antagonistic_(3,3,3)",3,3,3,0.999996616144847,27,27.0005740666566,27.0005740666566,0.999999999975245,0.999999999999999,1,FLOAT
"all_antagonistic_(3,3,3)",3,3,3,0.999997044790765,27,27.0005013464174,27.0005013464174,1,1,1,FLOAT
"all_antagonistic_(3,3,3)",3,3,3,0.99999741913846,27,27.0004378381704,27.0004378381704,1,1,1,FLOAT
"all_antagonistic_(3,3,3)",3,3,3,0.999997746066095,27,27.00038237494,27.00038237494,0.999999999981418,1,1,FLOAT
"all_antagonistic_(3,3,3)",3,3,3,0.999998031580553,27,27.0003339375896,27.0003339375896,1,1,1,FLOAT
"all_antagonistic_(3,3,3)",3,3,3,0.999998280927798,27,27.0002916360909,27.000291636091,0.999999999963454,1,1,FLOAT
"all_antagonistic_(3,3,3)",3,3,3,0.999998498689271,27,27.0002546931668,27.0002546931668,0.999999999986051,1,1,FLOAT
"all_antagonistic_(3,3,3)",3,3,3,0.999998688866063,27,27.0002224300066,27.0002224300066,0.999999999984028,1,1,FLOAT
"all_antagonistic_(3,3,3)",3,3,3,0.99999885495243,27,27.000194253792,27.000194253792,0.999999999981711,1,1,FLOAT
"all_antagonistic_(3,3,3)",3,3,3,0.999999,27,27.0001696468027,27.0001696468027,1,1,1,FLOAT
"all_antagonistic_(3,3,3)",3,3,3,0.999999126673838,27,27.0001481569028,27.0001481569028,1.00000000007194,1,1,FLOAT
"all_antagonistic_(3,3,3)",3,3,3,0.999999237301414,27,27.0001293892319,27.0001293892319,0.999999999972542,1,1,FLOAT
"all_antagonistic_(3,3,3)",3,3,3,0.999999333915371,27,27.0001129989499,27.0001129989499,0.99999999996856,1,1,FLOAT
"all_antagonistic_(3,3,3)",3,3,3,0.999999418290867,27,27.0000986849,27.0000986849,0.999999999963999,1,1,FLOAT
"all_antagonistic_(3,3,3)",3,3,3,0.999999491978195,27,27.0000861840751,27.0000861840751,1,1,1,FLOAT
"all_antagonistic_(3,3,3)",3,3,3,0.999999556331267,27,27.0000752667847,27.0000752667847,1,1,1,FLOAT
"all_antagonistic_(3,3,3)",3,3,3,0.999999612532488,27,27.0000657324349,27.0000657324349,0.999999999837856,1,1,FLOAT
"all_antagonistic_(3,3,3)",3,3,3,0.999999661614485,27,27.0000574058418,27.0000574058418,1.00000000006189,1,1,FLOAT
"all_antagonistic_(3,3,3)",3,3,3,0.999999704479076,27,27.0000501340134,27.0000501340134,1.00000000007086,1,1,FLOAT
"all_antagonistic_(3,3,3)",3,3,3,0.999999741913846,27,27.0000437833378,27.0000437833378,1,1,1,FLOAT
"all_antagonistic_(3,3,3)",3,3,3,0.999999774606609,27,27.0000382371285,27.0000382371285,1.00000000009291,1,1,FLOAT
"all_antagonistic_(3,3,3)",3,3,3,0.999999803158055,27,27.0000333934802,27.0000333934802,1.00000000031917,1,1,FLOAT
"all_antagonistic_(3,3,3)",3,3,3,0.99999982809278,27,27.0000291633965,27.0000291633965,0.999999999634537,1,1,FLOAT
"all_antagonistic_(3,3,3)",3,3,3,0.999999849868927,27,27.0000254691545,27.0000254691545,1.00000000013949,1,1,FLOAT
"all_antagonistic_(3,3,3)",3,3,3,0.999999868886606,27,27.000022242877,27.000022242877,0.999999999680553,1,1,FLOAT
"all_antagonistic_(3,3,3)",3,3,3,0.999999885495243,27,27.0000194252849,27.0000194252849,0.999999999268435,0.999999999999999,1,FLOAT
"all_antagonistic_(3,3,3)",3,3,3,0.9999999,27,27.0000169646083,27.0000169646083,0.999999999790581,1,1,FLOAT
"all_antagonistic_(3,3,3)",3,3,3,0.999999912667384,27,27.0000148156354,27.0000148156354,1,1,1,FLOAT
"all_antagonistic_(3,3,3)",3,3,3,0.999999923730141,27,27.0000129388813,27.0000129388813,1,1,1,FLOAT
"all_antagonistic_(3,3,3)",3,3,3,0.999999933391537,27,27.0000112998631,27.0000112998631,1.0000000003144,1,1,FLOAT
"all_antagonistic_(3,3,3)",3,3,3,0.999999941829087,27,27.0000098684657,27.0000098684657,0.999999999279987,1,1,FLOAT
"all_antagonistic_(3,3,3)",3,3,3,0.99999994919782,27,27.0000086183889,27.0000086183889,1,1,1,FLOAT
"all_antagonistic_(3,3,3)",3,3,3,0.999999955633127,27,27.0000075266643,27.0000075266643,1,1,1,FLOAT
"all_antagonistic_(3,3,3)",3,3,3,0.999999961253249,27,27.0000065732327,27.0000065732327,0.999999999459518,1,1,FLOAT
"all_antagonistic_(3,3,3)",3,3,3,0.999999966161448,27,27.000005740576,27.000005740576,0.999999999381122,1,1,FLOAT
"all_antagonistic_(3,3,3)",3,3,3,0.999999970447908,27,27.0000050133951,27.0000050133951,0.999999997165423,0.999999999999999,1,FLOAT
"all_antagonistic_(3,3,3)",3,3,3,0.999999974191385,27,27.000004378329,27.000004378329,1.00000000081143,1,1,FLOAT
"all_antagonistic_(3,3,3)",3,3,3,0.999999977460661,27,27.0000038237092,27.0000038237092,0.999999995354362,0.999999999999999,1,FLOAT
"all_antagonistic_(3,3,3)",3,3,3,0.999999980315806,27,27.0000033393452,27.0000033393453,0.999999996808314,1,1,FLOAT
"all_antagonistic_(3,3,3)",3,3,3,0.999999982809278,27,27.0000029163375,27.0000029163375,1.00000000121821,1,1,FLOAT
"all_antagonistic_(3,3,3)",3,3,3,0.999999984986893,27,27.0000025469139,27.0000025469138,1.00000000278982,1,1,FLOAT
"all_antagonistic_(3,3,3)",3,3,3,0.999999986888661,27,27.0000022242865,27.0000022242865,1.00000000159724,1,1,FLOAT
"all_antagonistic_(3,3,3)",3,3,3,0.999999988549524,27,27.0000019425275,27.0000019425275,1.00000000182891,1,1,FLOAT
"all_antagonistic_(3,3,3)",3,3,3,0.99999999,27,27.0000016964601,27.0000016964601,0.999999997905808,1,1,FLOAT
"antagonistic_mixed_(1.5,4,2)",1.5,4,2,0.666666676666667,21.5199353501965,2.90723374377009e+16,1.67583909654054e+23,1.73479288660321e-07,1.73479288660321e-07,0.989433226413886,FLOAT
"antagonistic_mixed_(1.5,4,2)",1.5,4,2,0.66666667726311,21.5199353501965,2.589164757113e+16,1.40848402258667e+23,1.83826349152191e-07,1.83826349152191e-07,0.989433226413886,FLOAT
"antagonistic_mixed_(1.5,4,2)",1.5,4,2,0.666666677895128,21.5199353501965,2.30589451801148e+16,1.1837815049669e+23,1.94790551156308e-07,1.94790551156309e-07,0.989433226413886,FLOAT
"antagonistic_mixed_(1.5,4,2)",1.5,4,2,0.666666678564843,21.5199353501965,2.0536156932349e+16,9.94926880292511e+22,2.06408705394624e-07,2.06408705394625e-07,0.989433226413886,FLOAT
"antagonistic_mixed_(1.5,4,2)",1.5,4,2,0.666666679274502,21.5199353501965,1.8289377431218e+16,8.36201209185498e+22,2.18719815641414e-07,2.18719815641414e-07,0.989433226413886,FLOAT
"antagonistic_mixed_(1.5,4,2)",1.5,4,2,0.666666680026488,21.5199353501965,1.62884086573264e+16,7.02797786808911e+22,2.31765224123496e-07,2.31765224123496e-07,0.989433226413886,FLOAT
"antagonistic_mixed_(1.5,4,2)",1.5,4,2,0.666666680823326,21.5199353501965,1.45063582010572e+16,5.90676925131696e+22,2.45588706513682e-07,2.45588706513682e-07,0.989433226413886,FLOAT
"antagonistic_mixed_(1.5,4,2)",1.5,4,2,0.666666681667691,21.5199353501965,1.29192749961348e+16,4.96443274334874e+22,2.60236680886528e-07,2.60236680886529e-07,0.989433226413886,FLOAT
"antagonistic_mixed_(1.5,4,2)",1.5,4,2,0.666666682562417,21.5199353501965,1.15058280404153e+16,4.17243173455329e+22,2.75758329252739e-07,2.7575832925274e-07,0.989433226413886,FLOAT
"antagonistic_mixed_(1.5,4,2)",1.5,4,2,0.666666683510509,21.5199353501965,1.02470207848622e+16,3.50678265757852e+22,2.92205756256874e-07,2.92205756256874e-07,0.989433226413886,FLOAT
"antagonistic_mixed_(1.5,4,2)",1.5,4,2,0.666666684515149,21.5199353501965,9.1259347721713e+15,2.94732796193158e+22,3.09634180180968e-07,3.09634180180969e-07,0.989433226413886,FLOAT
"antagonistic_mixed_(1.5,4,2)",1.5,4,2,0.66666668557971,21.5199353501965,8.12750218506941e+15,2.47712586841405e+22,3.28102107716994e-07,3.28102107716995e-07,0.989433226413886,FLOAT
"antagonistic_mixed_(1.5,4,2)",1.5,4,2,0.666666686707767,21.5199353501965,7.23830434935799e+15,2.08193757431422e+22,3.47671536296771e-07,3.47671536296772e-07,0.989433226413886,FLOAT
"antagonistic_mixed_(1.5,4,2)",1.5,4,2,0.666666687903105,21.5199353501965,6.44639005384799e+15,1.74979558187e+22,3.68408179826282e-07,3.68408179826284e-07,0.989433226413886,FLOAT
"antagonistic_mixed_(1.5,4,2)",1.5,4,2,0.666666689169739,21.5199353501965,5.7411159637021e+15,1.47064189203761e+22,3.90381641838559e-07,3.90381641838561e-07,0.989433226413886,FLOAT
"antagonistic_mixed_(1.5,4,2)",1.5,4,2,0.66666669051192,21.5199353501965,5.11300316782092e+15,1.23602299572838e+22,4.13665699221709e-07,4.13665699221711e-07,0.989433226413886,FLOAT
"antagonistic_mixed_(1.5,4,2)",1.5,4,2,0.666666691934155,21.5199353501965,4.55360969671328e+15,1.0388340400621e+22,4.38338514248247e-07,4.38338514248249e-07,0.989433226413886,FLOAT
"antagonistic_mixed_(1.5,4,2)",1.5,4,2,0.666666693441218,21.5199353501965,4.05541721116953e+15,8.73103620786319e+21,4.64482922143558e-07,4.6448292214356e-07,0.989433226413886,FLOAT
"antagonistic_mixed_(1.5,4,2)",1.5,4,2,0.666666695038169,21.5199353501965,3.6117300438628e+15,7.33813006732405e+21,4.92186702978385e-07,4.92186702978388e-07,0.989433226413886,FLOAT
"antagonistic_mixed_(1.5,4,2)",1.5,4,2,0.666666696730369,21.5199353501965,3.21658492708578e+15,6.16744133613303e+21,5.21542849259195e-07,5.21542849259199e-07,0.989433226413886,FLOAT
"antagonistic_mixed_(1.5,4,2)",1.5,4,2,0.666666698523499,21.5199353501965,2.86467107492602e+15,5.18351846417196e+21,5.52649922003049e-07,5.52649922003053e-07,0.989433226413886,FLOAT
"antagonistic_mixed_(1.5,4,2)",1.5,4,2,0.666666700423579,21.5199353501965,2.55125871578393e+15,4.35656569745553e+21,5.85612359128197e-07,5.85612359128202e-07,0.989433226413886,FLOAT
"antagonistic_mixed_(1.5,4,2)",1.5,4,2,0.666666702436989,21.5199353501965,2.27213556419084e+15,3.661540845677e+21,6.20540821461385e-07,6.2054082146139e-07,0.989433226413886,FLOAT
"antagonistic_mixed_(1.5,4,2)",1.5,4,2,0.666666704570486,21.5199353501965,2.02355020023129e+15,3.07739688234125e+21,6.57552560686216e-07,6.57552560686223e-07,0.989433226413886,FLOAT
"antagonistic_mixed_(1.5,4,2)",1.5,4,2,0.666666706831235,21.5199353501965,1.8021615588274e+15,2.58644429487455e+21,6.96771843259351e-07,6.96771843259359e-07,0.989433226413886,FLOAT
"antagonistic_mixed_(1.5,4,2)",1.5,4,2,0.666666709226825,21.5199353501965,1.60499417013961e+15,2.17381584571133e+21,7.38330329731492e-07,7.38330329731502e-07,0.989433226413886,FLOAT
"antagonistic_mixed_(1.5,4,2)",1.5,4,2,0.666666711765299,21.5199353501965,1.42939810121656e+15,1.82701609937308e+21,7.82367545478678e-07,7.8236754547869e-07,0.989433226413886,FLOAT
"antagonistic_mixed_(1.5,4,2)",1.5,4,2,0.666666714455177,21.5199353501965,1.27301330276351e+15,1.53554306641066e+21,8.29031324884403e-07,8.29031324884417e-07,0.989433226413886,FLOAT
"antagonistic_mixed_(1.5,4,2)",1.5,4,2,0.666666717305492,21.5199353501965,1.13373794263612e+15,1.29057017825143e+21,8.78478335964787e-07,8.78478335964803e-07,0.989433226413886,FLOAT
"antagonistic_mixed_(1.5,4,2)",1.5,4,2,0.666666720325813,21.5199353501965,1.00970014554251e+15,1.08467903936307e+21,9.30874580313996e-07,9.30874580314015e-07,0.989433226413886,FLOAT
"antagonistic_mixed_(1.5,4,2)",1.5,4,2,0.666666723526278,21.5199353501965,899232844342436,9.11634760887191e+20,9.86395959130928e-07,9.86395959130952e-07,0.989433226413886,FLOAT
"antagonistic_mixed_(1.5,4,2)",1.5,4,2,0.666666726917633,21.5199353501965,800851325618122,7.66197095082375e+20,1.04522887225512e-06,1.04522887225515e-06,0.989433226413886,FLOAT
"antagonistic_mixed_(1.5,4,2)",1.5,4,2,0.666666730511263,21.5199353501965,713233346111341,6.43961840305846e+20,1.10757082402984e-06,1.10757082402987e-06,0.989433226413886,FLOAT
"antagonistic_mixed_(1.5,4,2)",1.5,4,2,0.666666734319233,21.5199353501965,635201299088220,5.41227382439129e+20,1.17363112011362e-06,1.17363112011366e-06,0.989433226413886,FLOAT
"antagonistic_mixed_(1.5,4,2)",1.5,4,2,0.666666738354327,21.5199353501965,565706434291223,4.54882671790859e+20,1.24363153264123e-06,1.24363153264127e-06,0.989433226413886,FLOAT
"antagonistic_mixed_(1.5,4,2)",1.5,4,2,0.666666742630091,21.5199353501965,503814725413878,3.82312961518151e+20,1.31780707463651e-06,1.31780707463657e-06,0.989433226413886,FLOAT
"antagonistic_mixed_(1.5,4,2)",1.5,4,2,0.66666674716088,21.5199353501965,448694344526111,3.21320663286607e+20,1.3964067543514e-06,1.39640675435146e-06,0.989433226413886,FLOAT
"antagonistic_mixed_(1.5,4,2)",1.5,4,2,0.666666751961906,21.5199353501965,399604466253388,2.70058771136576e+20,1.47969445529053e-06,1.47969445529061e-06,0.989433226413886,FLOAT
"antagonistic_mixed_(1.5,4,2)",1.5,4,2,0.666666757049286,21.5199353501965,355885319347127,2.26974947411007e+20,1.56794978215224e-06,1.56794978215234e-06,0.989433226413886,FLOAT
"antagonistic_mixed_(1.5,4,2)",1.5,4,2,0.666666762440099,21.5199353501965,316949311913495,1.90764502223306e+20,1.66146902709634e-06,1.66146902709645e-06,0.989433226413886,FLOAT
"antagonistic_mixed_(1.5,4,2)",1.5,4,2,0.666666768152444,21.5199353501965,282273137596944,1.60330888273148e+20,1.76056616811121e-06,1.76056616811135e-06,0.989433226413886,FLOAT
"antagonistic_mixed_(1.5,4,2)",1.5,4,2,0.666666774205498,21.5199353501965,251390747531728,1.34752502831292e+20,1.86557386504682e-06,1.86557386504698e-06,0.989433226413886,FLOAT
"antagonistic_mixed_(1.5,4,2)",1.5,4,2,0.666666780619582,21.5199353501965,223887077709935,1.13254764337563e+20,1.97684467421259e-06,1.97684467421278e-06,0.989433226413886,FLOAT
"antagonistic_mixed_(1.5,4,2)",1.5,4,2,0.66666678741623,21.5199353501965,199392475854212,9.51866681823556e+19,2.09475212928139e-06,2.09475212928162e-06,0.989433226413886,FLOAT
"antagonistic_mixed_(1.5,4,2)",1.5,4,2,0.66666679461826,21.5199353501965,177577731593131,8.00010652878489e+19,2.21969208727626e-06,2.21969208727653e-06,0.989433226413886,FLOAT
"antagonistic_mixed_(1.5,4,2)",1.5,4,2,0.666666802249851,21.5199353501965,158149652354814,6.72380975415303e+19,2.35208398418932e-06,2.35208398418964e-06,0.989433226413886,FLOAT
"antagonistic_mixed_(1.5,4,2)",1.5,4,2,0.666666810336623,21.5199353501965,140847122708899,5.65112699206879e+19,2.49237228090172e-06,2.4923722809021e-06,0.989433226413886,FLOAT
"antagonistic_mixed_(1.5,4,2)",1.5,4,2,0.666666818905725,21.5199353501965,125437594643936,4.74957466118847e+19,2.64102795707031e-06,2.64102795707076e-06,0.989433226413886,FLOAT
"antagonistic_mixed_(1.5,4,2)",1.5,4,2,0.666666827985925,21.5199353501965,111713961914420,3.99185146449755e+19,2.79855006900815e-06,2.79855006900868e-06,0.989433226413886,FLOAT
"antagonistic_mixed_(1.5,4,2)",1.5,4,2,0.666666837607709,21.5199353501965,99491777913672.7,3.35501163474073e+19,2.96546744826236e-06,2.965467448263e-06,0.989433226413886,FLOAT
"antagonistic_mixed_(1.5,4,2)",1.5,4,2,0.666666847803377,21.5199353501965,88606774703933.7,2.81977002569818e+19,3.14234047090322e-06,3.14234047090399e-06,0.989433226413886,FLOAT
"antagonistic_mixed_(1.5,4,2)",1.5,4,2,0.66666685860716,21.5199353501965,78912656737861.8,2.36991817334982e+19,3.32976292705917e-06,3.32976292706007e-06,0.989433226413886,FLOAT
"antagonistic_mixed_(1.5,4,2)",1.5,4,2,0.666666870055327,21.5199353501965,70279134073453.7,1.99183343207631e+19,3.52836401586915e-06,3.52836401587023e-06,0.989433226413886,FLOAT
"antagonistic_mixed_(1.5,4,2)",1.5,4,2,0.666666882186313,21.5199353501965,62590170945979.7,1.67406642603666e+19,3.738810478037e-06,3.73881047803829e-06,0.989433226413886,FLOAT
"antagonistic_mixed_(1.5,4,2)",1.5,4,2,0.666666895040844,21.5199353501965,55742426981046.4,1.40699436500653e+19,3.96180882933146e-06,3.96180882933299e-06,0.989433226413886,FLOAT
"antagonistic_mixed_(1.5,4,2)",1.5,4,2,0.666666908662074,21.5199353501965,49643867629316.5,1.18252963701139e+19,4.19810769011761e-06,4.19810769011943e-06,0.989433226413886,FLOAT
"antagonistic_mixed_(1.5,4,2)",1.5,4,2,0.666666923095735,21.5199353501965,44212527638327.4,9.93874878986229e+18,4.4485003669077e-06,4.44850036690987e-06,0.989433226413886,FLOAT
"antagonistic_mixed_(1.5,4,2)",1.5,4,2,0.666666938390282,21.5199353501965,39375409127430.4,8.35317148864381e+18,4.71382745834202e-06,4.7138274583446e-06,0.989433226413886,FLOAT
"antagonistic_mixed_(1.5,4,2)",1.5,4,2,0.666666954597062,21.5199353501965,35067500630203.3,7.02054916004875e+18,4.99497971323063e-06,4.99497971323369e-06,0.989433226413886,FLOAT
"antagonistic_mixed_(1.5,4,2)",1.5,4,2,0.666666971770485,21.5199353501965,31230903465226,5.90052667500714e+18,5.29290098754899e-06,5.29290098755264e-06,0.989433226413886,FLOAT
"antagonistic_mixed_(1.5,4,2)",1.5,4,2,0.666666989968206,21.5199353501965,27814053231041,4.95918688677839e+18,5.60859146187333e-06,5.60859146187767e-06,0.989433226413886,FLOAT
"antagonistic_mixed_(1.5,4,2)",1.5,4,2,0.666667009251318,21.5199353501965,24771027123766.6,4.16802367685265e+18,5.94311094279823e-06,5.94311094280339e-06,0.989433226413886,FLOAT
"antagonistic_mixed_(1.5,4,2)",1.5,4,2,0.666667029684559,21.5199353501965,22060926498112.9,3.50307862985599e+18,6.29758244935493e-06,6.29758244936107e-06,0.989433226413886,FLOAT
"antagonistic_mixed_(1.5,4,2)",1.5,4,2,0.666667051336528,21.5199353501965,19647327303535.6,2.94421552887601e+18,6.6731960044429e-06,6.67319600445021e-06,0.989433226413886,FLOAT
"antagonistic_mixed_(1.5,4,2)",1.5,4,2,0.666667074279914,21.5199353501965,17497790483441.3,2.47451060398122e+18,7.07121256836308e-06,7.07121256837178e-06,0.989433226413886,FLOAT
"antagonistic_mixed_(1.5,4,2)",1.5,4,2,0.666667098591744,21.5199353501965,15583426012644,2.07974000292701e+18,7.4929683473369e-06,7.49296834734725e-06,0.989433226413886,FLOAT
"antagonistic_mixed_(1.5,4,2)",1.5,4,2,0.666667124353638,21.5199353501965,13878504611207.2,1.74794908634082e+18,7.93987921023438e-06,7.93987921024669e-06,0.989433226413886,FLOAT
"antagonistic_mixed_(1.5,4,2)",1.5,4,2,0.666667151652083,21.5199353501965,12360111951674.4,1.46909039408271e+18,8.41344549078648e-06,8.41344549080113e-06,0.989433226413886,FLOAT
"antagonistic_mixed_(1.5,4,2)",1.5,4,2,0.666667180578726,21.5199353501965,11007840644901,1.23471938659161e+18,8.91525699233265e-06,8.91525699235008e-06,0.989433226413886,FLOAT
"antagonistic_mixed_(1.5,4,2)",1.5,4,2,0.66666721123068,21.5199353501965,9803516016528.67,1.03773872458095e+18,9.44699834774488e-06,9.44699834776562e-06,0.989433226413886,FLOAT
"antagonistic_mixed_(1.5,4,2)",1.5,4,2,0.66666724371085,21.5199353501965,8730951804823.54,8.72183343108102e+17,1.00104546524456e-05,1.00104546524702e-05,0.989433226413886,FLOAT
"antagonistic_mixed_(1.5,4,2)",1.5,4,2,0.666667278128279,21.5199353501965,7775732615799.3,7.33039811611349e+17,1.06075174807837e-05,1.06075174808131e-05,0.989433226413886,FLOAT
"antagonistic_mixed_(1.5,4,2)",1.5,4,2,0.666667314598514,21.5199353501965,6925020202875.2,6.16094520141554e+17,1.12401911986858e-05,1.12401911987208e-05,0.989433226413886,FLOAT
"antagonistic_mixed_(1.5,4,2)",1.5,4,2,0.666667353243992,21.5199353501965,6167380884214.78,5.17806073336824e+17,1.1910599743355e-05,1.19105997433966e-05,0.989433226413886,FLOAT
"antagonistic_mixed_(1.5,4,2)",1.5,4,2,0.666667394194455,21.5199353501965,5492631904284.66,4.35198054020937e+17,1.26209937142754e-05,1.26209937143249e-05,0.989433226413886,FLOAT
"antagonistic_mixed_(1.5,4,2)",1.5,4,2,0.666667437587381,21.5199353501965,4891704555351.64,3.65768887488737e+17,1.33737579183269e-05,1.33737579183857e-05,0.989433226413886,FLOAT
"antagonistic_mixed_(1.5,4,2)",1.5,4,2,0.666667483568452,21.5199353501965,4356522305424.34,3.07416087013575e+17,1.41714194196039e-05,1.41714194196739e-05,0.989433226413886,FLOAT
"antagonistic_mixed_(1.5,4,2)",1.5,4,2,0.666667532292033,21.5199353501965,3879892240018.86,2.58372585907196e+17,1.50166559907054e-05,1.50166559907887e-05,0.989433226413886,FLOAT
"antagonistic_mixed_(1.5,4,2)",1.5,4,2,0.666667583921701,21.5199353501965,3455408396505.03,2.17153226786916e+17,1.59123050926347e-05,1.59123050927338e-05,0.989433226413886,FLOAT
"antagonistic_mixed_(1.5,4,2)",1.5,4,2,0.666667638630787,21.5199353501965,3077365661913.04,1.82509786484948e+17,1.68613734154213e-05,1.68613734155392e-05,0.989433226413886,FLOAT
"antagonistic_mixed_(1.5,4,2)",1.5,4,2,0.666667696602962,21.5199353501965,2740683099248.58,1.5339317702227e+17,1.78670469732115e-05,1.78670469733518e-05,0.989433226413886,FLOAT
"antagonistic_mixed_(1.5,4,2)",1.5,4,2,0.66666775803285,21.5199353501965,2440835652929.05,1.28921676427936e+17,1.8932701780929e-05,1.8932701781096e-05,0.989433226413886,FLOAT
"antagonistic_mixed_(1.5,4,2)",1.5,4,2,0.666667823126684,21.5199353501965,2173793338835.78,1.08354228228922e+17,2.00619152048376e-05,2.00619152050362e-05,0.989433226413886,FLOAT
"antagonistic_mixed_(1.5,4,2)",1.5,4,2,0.666667892102997,21.5199353501965,1935967076776.36,9.10680003543764e+16,2.12584779419921e-05,2.12584779422284e-05,0.989433226413886,FLOAT
"antagonistic_mixed_(1.5,4,2)",1.5,4,2,0.666667965193359,21.5199353501965,1724160453115.74,7.65395240538946e+16,2.25264067735798e-05,2.25264067738609e-05,0.989433226413886,FLOAT
"antagonistic_mixed_(1.5,4,2)",1.5,4,2,0.666668042643148,21.5199353501965,1535526761917.07,6.43288421822344e+16,2.38699580127002e-05,2.38699580130347e-05,0.989433226413886,FLOAT
"antagonistic_mixed_(1.5,4,2)",1.5,4,2,0.66666812471238,21.5199353501965,1367530743562.15,5.40661859911412e+16,2.52936418293812e-05,2.52936418297792e-05,0.989433226413886,FLOAT
"antagonistic_mixed_(1.5,4,2)",1.5,4,2,0.666668211676578,21.5199353501965,1217914511693.93,4.54407777996448e+16,2.6802237343788e-05,2.68022373442616e-05,0.989433226413886,FLOAT
"antagonistic_mixed_(1.5,4,2)",1.5,4,2,0.666668303827701,21.5199353501965,1084667205909.19,3.81914197445844e+16,2.84008086932008e-05,2.84008086937643e-05,0.989433226413886,FLOAT
"antagonistic_mixed_(1.5,4,2)",1.5,4,2,0.666668401475117,21.5199353501965,965997966569.762,3.20985841403189e+16,3.00947220078426e-05,3.0094722008513e-05,0.989433226413886,FLOAT
"antagonistic_mixed_(1.5,4,2)",1.5,4,2,0.666668504946651,21.5199353501965,860311864810.284,2.69777655825107e+16,3.18896634399734e-05,3.18896634407711e-05,0.989433226413886,FLOAT
"antagonistic_mixed_(1.5,4,2)",1.5,4,2,0.666668614589678,21.5199353501965,766188466355.844,2.26738936991358e+16,3.37916582172001e-05,3.37916582181492e-05,0.989433226413886,FLOAT
"antagonistic_mixed_(1.5,4,2)",1.5,4,2,0.666668730772293,21.5199353501965,682362741451.376,1.90566372341117e+16,3.58070908863405e-05,3.58070908874697e-05,0.989433226413886,FLOAT
"antagonistic_mixed_(1.5,4,2)",1.5,4,2,0.666668853884545,21.5199353501965,607708061960.397,1.601645729279e+16,3.79427267110089e-05,3.79427267123524e-05,0.989433226413886,FLOAT
"antagonistic_mixed_(1.5,4,2)",1.5,4,2,0.666668984339748,21.5199353501965,541221059716.649,1.34612902305919e+16,4.02057344001959e-05,4.02057344017944e-05,0.989433226413886,FLOAT
"antagonistic_mixed_(1.5,4,2)",1.5,4,2,0.666669122575868,21.5199353501965,482008141411.192,1.13137597621945e+16,4.26037101300601e-05,4.26037101319621e-05,0.989433226413886,FLOAT
"antagonistic_mixed_(1.5,4,2)",1.5,4,2,0.666669269056992,21.5199353501965,429273477888.703,9.50883379126647e+15,4.514470305091e-05,4.51447030531731e-05,0.989433226413886,FLOAT
"antagonistic_mixed_(1.5,4,2)",1.5,4,2,0.666669424274889,21.5199353501965,382308308836.542,7.991855102606e+15,4.78372422806264e-05,4.7837242283319e-05,0.989433226413886,FLOAT
"antagonistic_mixed_(1.5,4,2)",1.5,4,2,0.666669588750657,21.5199353501965,340481416389.832,6.71688619351248e+15,5.0690365529368e-05,5.06903655325717e-05,0.989433226413886,FLOAT
"antagonistic_mixed_(1.5,4,2)",1.5,4,2,0.666669763036477,21.5199353501965,303230641853.329,5.64531818668704e+15,5.37136494001168e-05,5.37136494039286e-05,0.989433226413886,FLOAT
"antagonistic_mixed_(1.5,4,2)",1.5,4,2,0.666669947717462,21.5199353501965,270055330107.148,4.74470165476298e+15,5.69172415328861e-05,5.69172415374214e-05,0.989433226413886,FLOAT
"antagonistic_mixed_(1.5,4,2)",1.5,4,2,0.666670143413626,21.5199353501965,240509600676.871,3.98776397372712e+15,6.03118946457012e-05,6.03118946510973e-05,0.989433226413886,FLOAT
"antagonistic_mixed_(1.5,4,2)",1.5,4,2,0.666670350781961,21.5199353501965,214196355178.362,3.35158344803094e+15,6.39090025589798e-05,6.39090025654002e-05,0.989433226413886,FLOAT
"antagonistic_mixed_(1.5,4,2)",1.5,4,2,0.666670570518648,21.5199353501965,190761940184.287,2.81689518130123e+15,6.77206384636039e-05,6.7720638471243e-05,0.989433226413886,FLOAT
"antagonistic_mixed_(1.5,4,2)",1.5,4,2,0.666670803361388,21.5199353501965,169891394092.777,2.36750769205295e+15,7.17595953928833e-05,7.17595954019723e-05,0.989433226413886,FLOAT
"antagonistic_mixed_(1.5,4,2)",1.5,4,2,0.666671050091883,21.5199353501965,151304214008.518,1.98981259791982e+15,7.60394291126589e-05,7.60394291234731e-05,0.989433226413886,FLOAT
"antagonistic_mixed_(1.5,4,2)",1.5,4,2,0.66667131153846,21.5199353501965,134750585770.623,1.67237252166179e+15,8.05745035891925e-05,8.05745036020594e-05,0.989433226413886,FLOAT
"antagonistic_mixed_(1.5,4,2)",1.5,4,2,0.666671588578849,21.5199353501965,120008026398.279,1.40557474037491e+15,8.53800391608853e-05,8.53800391761944e-05,0.989433226413886,FLOAT
"antagonistic_mixed_(1.5,4,2)",1.5,4,2,0.666671882143135,21.5199353501965,106878393895.677,1.18134009040862e+15,9.04721635555356e-05,9.04721635737505e-05,0.989433226413886,FLOAT
"antagonistic_mixed_(1.5,4,2)",1.5,4,2,0.666672193216873,21.5199353501965,95185224220.3232,992878311718238,9.58679659686406e-05,9.58679659903128e-05,0.989433226413886,FLOAT
"antagonistic_mixed_(1.5,4,2)",1.5,4,2,0.666672522844405,21.5199353501965,84771359551.9941,834482422902423,0.000101585554355516,0.000101585554381301,0.989433226413886,FLOAT
"antagonistic_mixed_(1.5,4,2)",1.5,4,2,0.666672872132358,21.5199353501965,75496836100.7919,701355901165784,0.000107644116138161,0.000107644116168841,0.989433226413886,FLOAT
"antagonistic_mixed_(1.5,4,2)",1.5,4,2,0.666673242253367,21.5199353501965,67237002964.5966,589467432904322,0.000114063982486362,0.000114063982522865,0.989433226413886,FLOAT
"antagonistic_mixed_(1.5,4,2)",1.5,4,2,0.666673634450005,21.5199353501965,59880846810.7882,495428836256687,0.000120866696500173,0.000120866696543605,0.989433226413886,FLOAT
"antagonistic_mixed_(1.5,4,2)",1.5,4,2,0.66667405003896,21.5199353501965,53329499835.3409,416392459617124,0.000128075085372249,0.000128075085423924,0.989433226413886,FLOAT
"antagonistic_mixed_(1.5,4,2)",1.5,4,2,0.66667449041545,21.5199353501965,47494910983.0371,349964948566202,0.000135713336881609,0.000135713336943093,0.989433226413886,FLOAT
"antagonistic_mixed_(1.5,4,2)",1.5,4,2,0.666674957057912,21.5199353501965,42298662514.3082,294134769748871,0.00014380708043767,0.000143807080510823,0.989433226413886,FLOAT
"antagonistic_mixed_(1.5,4,2)",1.5,4,2,0.666675451532965,21.5199353501965,37670916066.3619,247211297351239,0.000152383472958043,0.000152383473045081,0.989433226413886,FLOAT
"antagonistic_mixed_(1.5,4,2)",1.5,4,2,0.666675975500663,21.5199353501965,33549474026.9599,207773617542986,0.000161471289772882,0.000161471289876439,0.989433226413886,FLOAT
"antagonistic_mixed_(1.5,4,2)",1.5,4,2,0.666676530720078,21.5199353501965,29878943575.2363,174627499988398,0.00017110102106315,0.000171101021186362,0.989433226413886,FLOAT
"antagonistic_mixed_(1.5,4,2)",1.5,4,2,0.666677119055197,21.5199353501965,26609992205.7723,146769234229952,0.000181304973919566,0.000181304974066164,0.989433226413886,FLOAT
"antagonistic_mixed_(1.5,4,2)",1.5,4,2,0.666677742481186,21.5199353501965,23698684689.8691,123355235240021,0.000192117380524962,0.000192117380699384,0.989433226413886,FLOAT
"antagonistic_mixed_(1.5,4,2)",1.5,4,2,0.666678403091018,21.5199353501965,21105892581.7016,103676497985071,0.000203574512742754,0.00020357451295028,0.989433226413886,FLOAT
"antagonistic_mixed_(1.5,4,2)",1.5,4,2,0.666679103102497,21.5199353501965,18796768325.9004,87137127347945.5,0.000215714803511115,0.000215714803758028,0.989433226413886,FLOAT
"antagonistic_mixed_(1.5,4,2)",1.5,4,2,0.666679844865711,21.5199353501965,16740276904.366,73236293271149.6,0.000228578975466057,0.000228578975759832,0.989433226413886,FLOAT
"antagonistic_mixed_(1.5,4,2)",1.5,4,2,0.666680630870915,21.5199353501965,14908778717.91,61553064653859.4,0.000242210177189942,0.000242210177539473,0.989433226413886,FLOAT
"antagonistic_mixed_(1.5,4,2)",1.5,4,2,0.666681463756893,21.5199353501965,13277658110.421,51733662799044.5,0.00025665412751621,0.000256654127932079,0.989433226413886,FLOAT
"antagonistic_mixed_(1.5,4,2)",1.5,4,2,0.666682346319819,21.5199353501965,11824992529.2587,43480748328244.9,0.00027195926846694,0.000271959268961736,0.989433226413886,FLOAT
"antagonistic_mixed_(1.5,4,2)",1.5,4,2,0.666683281522644,21.5199353501965,10531257882.7878,36544417223481,0.000288176927186225,0.000288176927774925,0.989433226413886,FLOAT
"antagonistic_mixed_(1.5,4,2)",1.5,4,2,0.666684272505039,21.5199353501965,9379066135.59973,30714633301591.4,0.000305361487535663,0.000305361488236091,0.989433226413886,FLOAT
"antagonistic_mixed_(1.5,4,2)",1.5,4,2,0.666685322593942,21.5199353501965,8352931609.72052,25814867963057.6,0.000323570571817799,0.000323570572651155,0.989433226413886,FLOAT
"antagonistic_mixed_(1.5,4,2)",1.5,4,2,0.666686435314721,21.5199353501965,7439062856.26919,21696754620057.5,0.000342865233304506,0.000342865234296016,0.989433226413886,FLOAT
"antagonistic_mixed_(1.5,4,2)",1.5,4,2,0.666687614403016,21.5199353501965,6625177295.03312,18235595919000.4,0.000363310160136745,0.000363310161316422,0.989433226413886,FLOAT
"antagonistic_mixed_(1.5,4,2)",1.5,4,2,0.666688863817274,21.5199353501965,5900336136.39842,15326587719055.6,0.000384973891321605,0.000384973892725156,0.989433226413886,FLOAT
"antagonistic_mixed_(1.5,4,2)",1.5,4,2,0.666690187752041,21.5199353501965,5254797361.5759,12881645467494.1,0.000407929045503141,0.000407929047173048,0.989433226413886,FLOAT
"antagonistic_mixed_(1.5,4,2)",1.5,4,2,0.666691590652045,21.5199353501965,4679884788.89725,10826736877779.1,0.000432252563280783,0.00043225256526759,0.989433226413886,FLOAT
"antagonistic_mixed_(1.5,4,2)",1.5,4,2,0.666693077227118,21.5199353501965,4167871464.57741,9099640134733.29,0.000458025963813512,0.00045802596617735,0.989433226413886,FLOAT
"antagonistic_mixed_(1.5,4,2)",1.5,4,2,0.666694652468004,21.5199353501965,3711875811.51237,7648059740110.37,0.000485335616631743,0.000485335619444155,0.989433226413886,FLOAT
"antagonistic_mixed_(1.5,4,2)",1.5,4,2,0.66669632166312,21.5199353501965,3305769139.80525,6428042943413.97,0.000514273029504789,0.000514273032850888,0.989433226413886,FLOAT
"antagonistic_mixed_(1.5,4,2)",1.5,4,2,0.666698090416304,21.5199353501965,2944093276.2873,5402648805555.93,0.000544935153243993,0.000544935157225041,0.989433226413886,FLOAT
"antagonistic_mixed_(1.5,4,2)",1.5,4,2,0.666699964665634,21.5199353501965,2621987205.94638,4540829589893.52,0.000577424704568214,0.000577424709304685,0.989433226413886,FLOAT
"antagonistic_mixed_(1.5,4,2)",1.5,4,2,0.66670195070336,21.5199353501965,2335121739.05129,3816490608754.52,0.000611850507947817,0.000611850513583038,0.989433226413886,FLOAT
"antagonistic_mixed_(1.5,4,2)",1.5,4,2,0.666704055197027,21.5199353501965,2079641326.28681,3207700055566.16,0.000648327857578869,0.000648327864283356,0.989433226413886,FLOAT
"antagonistic_mixed_(1.5,4,2)",1.5,4,2,0.666706285211866,21.5199353501965,1852112239.57854,2696024894191.87,0.000686978900700604,0.000686978908677219,0.989433226413886,FLOAT
"antagonistic_mixed_(1.5,4,2)",1.5,4,2,0.666708648234505,21.5199353501965,1649476422.16667,2265972695504.64,0.000727933043471672,0.000727933052961756,0.989433226413886,FLOAT
"antagonistic_mixed_(1.5,4,2)",1.5,4,2,0.666711152198109,21.5199353501965,1469010387.93319,1904522519623.22,0.000771327380639467,0.000771327391930138,0.989433226413886,FLOAT
"antagonistic_mixed_(1.5,4,2)",1.5,4,2,0.666713805509012,21.5199353501965,1308288617.3119,1600730637270.4,0.000817307150465035,0.000817307163897868,0.989433226413886,FLOAT
"antagonistic_mixed_(1.5,4,2)",1.5,4,2,0.666716617074936,21.5199353501965,1165150957.85189,1345399151104.27,0.00086602621637918,0.000866026232360533,0.989433226413886,FLOAT
"antagonistic_mixed_(1.5,4,2)",1.5,4,2,0.6667195963349,21.5199353501965,1037673591.43252,1130797482769.26,0.000917647576815547,0.000917647595828843,0.989433226413886,FLOAT
"antagonistic_mixed_(1.5,4,2)",1.5,4,2,0.666722753290909,21.5199353501965,924143177.861701,950428291606.218,0.000972343904873554,0.000972343927493893,0.989433226413886,FLOAT
"antagonistic_mixed_(1.5,4,2)",1.5,4,2,0.666726098541527,21.5199353501965,823033827.245577,798830736563.163,0.00103029811958511,0.00103029814649665,0.989433226413886,FLOAT
"antagonistic_mixed_(1.5,4,2)",1.5,4,2,0.666729643317467,21.5199353501965,732986591.773236,671415124083.487,0.00109170399054885,0.00109170402256547,0.989433226413886,FLOAT
"antagonistic_mixed_(1.5,4,2)",1.5,4,2,0.666733399519287,21.5199353501965,652791201.215904,564323934845.096,0.00115676677775514,0.00115676681584504,0.989433226413886,FLOAT
"antagonistic_mixed_(1.5,4,2)",1.5,4,2,0.666737379757347,21.5199353501965,581369796.682708,474315020966.934,0.00122570390877349,0.00122570395408843,0.989433226413886,FLOAT
"antagonistic_mixed_(1.5,4,2)",1.5,4,2,0.666741597394146,21.5199353501965,517762443.979806,398663436866.9,0.00129874569525844,0.00129874574916854,0.989433226413886,FLOAT
"antagonistic_mixed_(1.5,4,2)",1.5,4,2,0.666746066589179,21.5199353501965,461114231.917699,335078931076.816,0.001376136091116,0.0013761361552511,0.989433226413886,FLOAT
"antagonistic_mixed_(1.5,4,2)",1.5,4,2,0.666750802346474,21.5199353501965,410663782.138561,281636600609.465,0.00145813349458601,0.00145813357088489,0.989433226413886,FLOAT
"antagonistic_mixed_(1.5,4,2)",1.5,4,2,0.666755820564966,21.5199353501965,365733016.035961,236718608011.785,0.00154501159676922,0.00154501168753811,0.989433226413886,FLOAT
"antagonistic_mixed_(1.5,4,2)",1.5,4,2,0.666761138091871,21.5199353501965,325718041.237334,198965196269.25,0.00163706027918495,0.00163706038716719,0.989433226413886,FLOAT
"antagonistic_mixed_(1.5,4,2)",1.5,4,2,0.666766772779247,21.5199353501965,290081035.162324,167233518268.315,0.00173458656304952,0.00173458669150826,0.989433226413886,FLOAT
"antagonistic_mixed_(1.5,4,2)",1.5,4,2,0.666772743543927,21.5199353501965,258343016.573692,140563034144.516,0.0018379156132024,0.00183791576601913,0.989433226413886,FLOAT
"antagonistic_mixed_(1.5,4,2)",1.5,4,2,0.666779070431024,21.5199353501965,230077407.95638,118146428736.423,0.00194739179964246,0.00194739198143405,0.989433226413886,FLOAT
"antagonistic_mixed_(1.5,4,2)",1.5,4,2,0.666785774681232,21.5199353501965,204904302.221989,99305168525.6107,0.00206337981988937,0.00206338003614731,0.989433226413886,FLOAT
"antagonistic_mixed_(1.5,4,2)",1.5,4,2,0.666792878802131,21.5199353501965,182485356.664903,83468957919.9213,0.00218626588542161,0.00218626614267757,0.989433226413886,FLOAT
"antagonistic_mixed_(1.5,4,2)",1.5,4,2,0.66680040664375,21.5199353501965,162519245.554002,70158472817.4409,0.00231645897576487,0.00231645928178757,0.989433226413886,FLOAT
"antagonistic_mixed_(1.5,4,2)",1.5,4,2,0.666808383478639,21.5199353501965,144737610.237617,58970848630.9525,0.00245439216376701,0.00245439252779631,0.989433226413886,FLOAT
"antagonistic_mixed_(1.5,4,2)",1.5,4,2,0.666816836086713,21.5199353501965,128901452.333426,49567483352.0237,0.00260052401599668,0.00260052444902194,0.989433226413886,FLOAT
"antagonistic_mixed_(1.5,4,2)",1.5,4,2,0.666825792845157,21.5199353501965,114797921.526513,41663786342.3843,0.00275534007213091,0.00275534058722189,0.989433226413886,FLOAT
"antagonistic_mixed_(1.5,4,2)",1.5,4,2,0.666835283823696,21.5199353501965,102237454.800143,35020562449.0868,0.00291935440761884,0.0029193550203192,0.989433226413886,FLOAT
"antagonistic_mixed_(1.5,4,2)",1.5,4,2,0.666845340885544,21.5199353501965,91051228.6547213,29436770566.3853,0.00309311128393016,0.00309311201272518,0.989433226413886,FLOAT
"antagonistic_mixed_(1.5,4,2)",1.5,4,2,0.666855997794376,21.5199353501965,81088890.0692569,24743437380.8166,0.00327718689088501,0.00327718775775772,0.989433226413886,FLOAT
"antagonistic_mixed_(1.5,4,2)",1.5,4,2,0.666867290327678,21.5199353501965,72216535.7096246,20798542015.1386,0.00347219118589402,0.0034721922169862,0.989433226413886,FLOAT
"antagonistic_mixed_(1.5,4,2)",1.5,4,2,0.666879256396864,21.5199353501965,64314912.2243784,17482716687.6573,0.00367876983495453,0.00367877106135251,0.989433226413886,FLOAT
"antagonistic_mixed_(1.5,4,2)",1.5,4,2,0.666891936174548,21.5199353501965,57277813.4402621,14695633210.587,0.00389760626054135,0.00389760771920997,0.989433226413886,FLOAT
"antagonistic_mixed_(1.5,4,2)",1.5,4,2,0.666905372229415,21.5199353501965,51010652.9134971,12352965917.7341,0.00412942380171187,0.00412942553660458,0.989433226413886,FLOAT
"antagonistic_mixed_(1.5,4,2)",1.5,4,2,0.666919609669129,21.5199353501965,45429192.6539906,10383839067.0802,0.00437498799189102,0.0043749900552691,0.989433226413886,FLOAT
"antagonistic_mixed_(1.5,4,2)",1.5,4,2,0.666934696291775,21.5199353501965,40458410.9348552,8728681431.98677,0.00463510896003203,0.00463511141403248,0.989433226413886,FLOAT
"antagonistic_mixed_(1.5,4,2)",1.5,4,2,0.666950682746323,21.5199353501965,36031493.9707118,7337423124.65055,0.00491064396101175,0.00491064687951028,0.989433226413886,FLOAT
"antagonistic_mixed_(1.5,4,2)",1.5,4,2,0.666967622702667,21.5199353501965,32088937.9132599,6167980057.84698,0.00520250004123443,0.00520250351205919,0.989433226413886,FLOAT
"antagonistic_mixed_(1.5,4,2)",1.5,4,2,0.666985573031808,21.5199353501965,28577749.0937459,5184980159.63685,0.00551163684576609,0.00551164097332774,0.989433226413886,FLOAT
"antagonistic_mixed_(1.5,4,2)",1.5,4,2,0.667004593996783,21.5199353501965,25450731.7646623,4358692776.6054,0.00583906957310367,0.00583907448152004,0.989433226413886,FLOAT
"antagonistic_mixed_(1.5,4,2)",1.5,4,2,0.667024749454976,21.5199353501965,22665853.7665991,3664128852.14163,0.00618587208431152,0.0061858779211193,0.989433226413886,FLOAT
"antagonistic_mixed_(1.5,4,2)",1.5,4,2,0.667046107072505,21.5199353501965,20185681.5957208,3080284638.04359,0.00655318017286549,0.00655318711342906,0.989433226413886,FLOAT
"antagonistic_mixed_(1.5,4,2)",1.5,4,2,0.667068738551391,21.5199353501965,17976877.2782229,2589506042.76204,0.00694219500198908,0.00694220325473668,0.989433226413886,FLOAT
"antagonistic_mixed_(1.5,4,2)",1.5,4,2,0.667092719870275,21.5199353501965,16009750.2902434,2176954372.59282,0.00735418671614215,0.00735419652878406,0.989433226413886,FLOAT
"antagonistic_mixed_(1.5,4,2)",1.5,4,2,0.667118131539495,21.5199353501965,14257858.5005674,1830157291.76415,0.00779049823337288,0.00779050990028502,0.989433226413886,FLOAT
"antagonistic_mixed_(1.5,4,2)",1.5,4,2,0.667145058871377,21.5199353501965,12697652.7728961,1538631407.57824,0.00825254922524998,0.00825256309624008,0.989433226413886,FLOAT
"antagonistic_mixed_(1.5,4,2)",1.5,4,2,0.667173592266644,21.5199353501965,11308160.4510518,1293565055.27987,0.00874184029097299,0.0087418567816871,0.989433226413886,FLOAT
"antagonistic_mixed_(1.5,4,2)",1.5,4,2,0.667203827517915,21.5199353501965,10070703.4728985,1087551679.88086,0.00925995733217943,0.00925997693645393,0.989433226413886,FLOAT
"antagonistic_mixed_(1.5,4,2)",1.5,4,2,0.667235866131295,21.5199353501965,8968647.32461943,914365744.084224,0.0098085761346478,0.00980859943916852,0.989433226413886,FLOAT
"antagonistic_mixed_(1.5,4,2)",1.5,4,2,0.667269815667157,21.5199353501965,7987177.46104428,768774378.838656,0.0103894671629865,0.0103894948646833,0.989433226413886,FLOAT
"antagonistic_mixed_(1.5,4,2)",1.5,4,2,0.667305790101244,21.5199353501965,7113100.18713413,646379075.201792,0.0110045005738998,0.0110045335005832,0.989433226413886,FLOAT
"antagonistic_mixed_(1.5,4,2)",1.5,4,2,0.667343910207308,21.5199353501965,6334665.32438055,543482625.634822,0.0116556514532085,0.0116556905880501,0.989433226413886,FLOAT
"antagonistic_mixed_(1.5,4,2)",1.5,4,2,0.667384303962572,21.5199353501965,5641408.27877561,456977287.251654,0.0123450052811866,0.0123450517917511,0.989433226413886,FLOAT
"antagonistic_mixed_(1.5,4,2)",1.5,4,2,0.667427106977381,21.5199353501965,5024009.38759742,384250781.977093,0.0130747636300963,0.0130748189027679,0.989433226413886,FLOAT
"antagonistic_mixed_(1.5,4,2)",1.5,4,2,0.66747246295047,21.5199353501965,4474168.65468752,323107288.554395,0.0138472500969004,0.013847315777695,0.989433226413886,FLOAT
"antagonistic_mixed_(1.5,4,2)",1.5,4,2,0.667520524151393,21.5199353501965,3984494.19054996,271701035.152545,0.0146649164732317,0.0146649945161706,0.989433226413886,FLOAT
"antagonistic_mixed_(1.5,4,2)",1.5,4,2,0.667571451931725,21.5199353501965,3548402.85791734,228480482.775935,0.0155303491531655,0.0155304418775986,0.989433226413886,FLOAT
"antagonistic_mixed_(1.5,4,2)",1.5,4,2,0.667625417266748,21.5199353501965,3160031.78740864,192141410.249157,0.0164462757783363,0.016446385936852,0.989433226413886,FLOAT
"antagonistic_mixed_(1.5,4,2)",1.5,4,2,0.66768260132946,21.5199353501965,2814159.57401035,161587481.007853,0.0174155721179923,0.0174157029768511,0.989433226413886,FLOAT
"antagonistic_mixed_(1.5,4,2)",1.5,4,2,0.667743196098802,21.5199353501965,2506136.09525595,135897098.391963,0.0184412691796201,0.0184414246139942,0.989433226413886,FLOAT
"antagonistic_mixed_(1.5,4,2)",1.5,4,2,0.667807405004176,21.5199353501965,2231820.00780963,114295546.472075,0.0195265605438955,0.0195267451506075,0.989433226413886,FLOAT
"antagonistic_mixed_(1.5,4,2)",1.5,4,2,0.667875443608401,21.5199353501965,1987523.08239728,96131573.4259282,0.0206748099147042,0.0206750291456398,0.989433226413886,FLOAT
"antagonistic_mixed_(1.5,4,2)",1.5,4,2,0.667947540331402,21.5199353501965,1769960.62892287,80857708.9358287,0.0218895588725386,0.0218898191924726,0.989433226413886,FLOAT
"antagonistic_mixed_(1.5,4,2)",1.5,4,2,0.668023937217061,21.5199353501965,1576207.34545626,68013720.0922384,0.0231745348158845,0.0231748438891249,0.989433226413886,FLOAT
"antagonistic_mixed_(1.5,4,2)",1.5,4,2,0.668104890745814,21.5199353501965,1403657.99768925,57212705.2718235,0.0245336590718413,0.0245340259828709,0.989433226413886,FLOAT
"antagonistic_mixed_(1.5,4,2)",1.5,4,2,0.668190672695706,21.5199353501965,1249992.4003676,48129405.2926899,0.0259710551527952,0.0259714906670052,0.989433226413886,FLOAT
"antagonistic_mixed_(1.5,4,2)",1.5,4,2,0.66828157105481,21.5199353501965,1113144.23003833,40490378.2489209,0.027491057131293,0.0274915740029668,0.989433226413886,FLOAT
"antagonistic_mixed_(1.5,4,2)",1.5,4,2,0.668377890988062,21.5199353501965,991273.249934653,34065740.8223766,0.0290982181001024,0.0290988314360544,0.989433226413886,FLOAT
"antagonistic_mixed_(1.5,4,2)",1.5,4,2,0.668479955861763,21.5199353501965,882740.573689994,28662226.2713245,0.0307973186784196,0.0307980463671499,0.989433226413886,FLOAT
"antagonistic_mixed_(1.5,4,2)",1.5,4,2,0.668588108329191,21.5199353501965,786086.63540758,24117349.1351504,0.0325933755187835,0.032594238736706,0.989433226413886,FLOAT
"antagonistic_mixed_(1.5,4,2)",1.5,4,2,0.668702711480957,21.5199353501965,700011.569995316,20294500.1804824,0.0344916497619011,0.0344926735701788,0.989433226413886,FLOAT
"antagonistic_mixed_(1.5,4,2)",1.5,4,2,0.668824150063978,21.5199353501965,623357.740059503,17078823.2582123,0.0364976553786635,0.0364988694264848,0.989433226413886,FLOAT
"antagonistic_mixed_(1.5,4,2)",1.5,4,2,0.668952831773153,21.5199353501965,555094.174513886,14373749.3968815,0.0386171673299041,0.0386186066827016,0.989433226413886,FLOAT
"antagonistic_mixed_(1.5,4,2)",1.5,4,2,0.669089188620082,21.5199353501965,494302.709743763,12098083.340265,0.0408562294646091,0.0408579355788218,0.989433226413886,FLOAT
"antagonistic_mixed_(1.5,4,2)",1.5,4,2,0.669233678383419,21.5199353501965,440165.647054411,10183554.448452,0.0432211620670995,0.043223183936658,0.989433226413886,FLOAT
"antagonistic_mixed_(1.5,4,2)",1.5,4,2,0.669386786145729,21.5199353501965,391954.760510937,8572757.92792472,0.0457185689519539,0.0457209644558133,0.989433226413886,FLOAT
"antagonistic_mixed_(1.5,4,2)",1.5,4,2,0.669549025922018,21.5199353501965,349021.507424992,7217424.1618781,0.0483553439933482,0.0483581814781647,0.989433226413886,FLOAT
"antagonistic_mixed_(1.5,4,2)",1.5,4,2,0.669720942385384,21.5199353501965,310788.309911254,6076963.83518948,0.0511386769619037,0.0511420370994463,0.989433226413886,FLOAT
"antagonistic_mixed_(1.5,4,2)",1.5,4,2,0.669903112695601,21.5199353501965,276740.790327908,5117244.8887337,0.0540760585281111,0.0540800364933071,0.989433226413886,FLOAT
"antagonistic_mixed_(1.5,4,2)",1.5,4,2,0.670096148436769,21.5199353501965,246420.856240216,4309564.34819443,0.0571752842758968,0.0571799922986318,0.989433226413886,FLOAT
"antagonistic_mixed_(1.5,4,2)",1.5,4,2,0.670300697670525,21.5199353501965,219420.541961508,3629783.96474078,0.0604444575540034,0.0604500279060486,0.989433226413886,FLOAT
"antagonistic_mixed_(1.5,4,2)",1.5,4,2,0.670517447111728,21.5199353501965,195376.523896022,3057603.55765166,0.0638919909755164,0.0638985794633485,0.989433226413886,FLOAT
"antagonistic_mixed_(1.5,4,2)",1.5,4,2,0.670747124433902,21.5199353501965,173965.235963717,2575950.1117723,0.0675266063584177,0.0675343964033628,0.989433226413886,FLOAT
"antagonistic_mixed_(1.5,4,2)",1.5,4,2,0.67099050071219,21.5199353501965,154898.519453205,2170464.181733,0.0713573328813855,0.0713665402805806,0.989433226413886,FLOAT
"antagonistic_mixed_(1.5,4,2)",1.5,4,2,0.671248393012015,21.5199353501965,137919.748831531,1829068.09589704,0.0753935032100949,0.0754043816853577,0.989433226413886,FLOAT
"antagonistic_mixed_(1.5,4,2)",1.5,4,2,0.671521667132144,21.5199353501965,122800.38143675,1541602.92507586,0.0796447473302322,0.0796575949871836,0.989433226413886,FLOAT
"antagonistic_mixed_(1.5,4,2)",1.5,4,2,0.671811240511352,21.5199353501965,109336.884676914,1299523.25895853,0.0841209838039421,0.0841361506407657,0.989433226413886,FLOAT
"antagonistic_mixed_(1.5,4,2)",1.5,4,2,0.67211808530846,21.5199353501965,97347.9994325613,1095640.5797663,0.088832408147617,0.0888503047717764,0.989433226413886,FLOAT
"antagonistic_mixed_(1.5,4,2)",1.5,4,2,0.672443231666078,21.5199353501965,86672.3028789095,923907.490745179,0.0937894780105881,0.093810585742739,0.989433226413886,FLOAT
"antagonistic_mixed_(1.5,4,2)",1.5,4,2,0.672787771169006,21.5199353501965,77166.0379683923,779236.291136152,0.0990028948169954,0.0990277773842922,0.989433226413886,FLOAT
"antagonistic_mixed_(1.5,4,2)",1.5,4,2,0.673152860508921,21.5199353501965,68701.1803981431,657346.42653878,0.10448358151782,0.104512898563829,0.989433226413886,FLOAT
"antagonistic_mixed_(1.5,4,2)",1.5,4,2,0.673539725367628,21.5199353501965,61163.7170792833,554636.215502266,0.110242656086555,0.110277178752013,0.989433226413886,FLOAT
"antagonistic_mixed_(1.5,4,2)",1.5,4,2,0.673949664531935,21.5199353501965,54452.1129674236,468074.986083594,0.116291400382096,0.116332029239646,0.989433226413886,FLOAT
"antagonistic_mixed_(1.5,4,2)",1.5,4,2,0.674384054253956,21.5199353501965,48475.9456457149,395112.372192845,0.122641223995703,0.12268900965231,0.989433226413886,FLOAT
"antagonistic_mixed_(1.5,4,2)",1.5,4,2,0.674844352871474,21.5199353501965,43154.6893064645,333602.03741271,0.129303622697455,0.129359789410028,0.989433226413886,FLOAT
"antagonistic_mixed_(1.5,4,2)",1.5,4,2,0.675332105703892,21.5199353501965,38416.6317854447,281737.52930291,0.136290131101494,0.136356103783891,0.989433226413886,FLOAT
"antagonistic_mixed_(1.5,4,2)",1.5,4,2,0.675848950240194,21.5199353501965,34197.9100913989,237998.333136099,0.14361226918027,0.14368970421252,0.989433226413886,FLOAT
"antagonistic_mixed_(1.5,4,2)",1.5,4,2,0.676396621636343,21.5199353501965,30441.6514659619,201104.501624824,0.151281482276747,0.151372302559159,0.989433226413886,FLOAT
"antagonistic_mixed_(1.5,4,2)",1.5,4,2,0.676976958540561,21.5199353501965,27097.2084276863,169978.495786972,0.159309074291684,0.159415509016189,0.989433226413886,FLOAT
"antagonistic_mixed_(1.5,4,2)",1.5,4,2,0.677591909266059,21.5199353501965,24119.4775171235,143713.089475932,0.167706133761504,0.167830763398645,0.989433226413886,FLOAT
"antagonistic_mixed_(1.5,4,2)",1.5,4,2,0.67824353833194,21.5199353501965,21468.2925850012,121544.37284061,0.176483452592831,0.176629259613311,0.989433226413886,FLOAT
"antagonistic_mixed_(1.5,4,2)",1.5,4,2,0.678934033394218,21.5199353501965,19107.8844674602,102829.043601361,0.185651437283088,0.185821863145358,0.989433226413886,FLOAT
"antagonistic_mixed_(1.5,4,2)",1.5,4,2,0.679665712590243,21.5199353501965,17006.3997847119,87025.3041726051,0.195220012534682,0.19541902147198,0.989433226413886,FLOAT
"antagonistic_mixed_(1.5,4,2)",1.5,4,2,0.680441032321174,21.5199353501965,15135.472394159,73676.79123246,0.205198517263514,0.205430667391642,0.989433226413886,FLOAT
"antagonistic_mixed_(1.5,4,2)",1.5,4,2,0.681262595498641,21.5199353501965,13469.8417368152,62399.0556136129,0.215595593112722,0.215866115349935,0.989433226413886,FLOAT
"antagonistic_mixed_(1.5,4,2)",1.5,4,2,0.68213316028326,21.5199353501965,11987.0129461672,52868.187124396,0.226419065709735,0.226733950947901,0.989433226413886,FLOAT
"antagonistic_mixed_(1.5,4,2)",1.5,4,2,0.683055649344363,21.5199353501965,10666.9541500247,44811.2434218895,0.237675819049737,0.238041913936582,0.989433226413886,FLOAT
"antagonistic_mixed_(1.5,4,2)",1.5,4,2,0.684033159672015,21.5199353501965,9491.82689582058,37998.1962970211,0.249371663551595,0.24979677513179,0.989433226413886,FLOAT
"antagonistic_mixed_(1.5,4,2)",1.5,4,2,0.68506897297426,21.5199353501965,8445.74607510145,32235.1543329236,0.261511198512449,0.262004207824603,0.989433226413886,FLOAT
"antagonistic_mixed_(1.5,4,2)",1.5,4,2,0.686166566694507,21.5199353501965,7514.56611947314,27358.6592379048,0.274097669883942,0.274668654414975,0.989433226413886,FLOAT
"antagonistic_mixed_(1.5,4,2)",1.5,4,2,0.687329625686041,21.5199353501965,6685.69059342247,23230.8853904156,0.287132824504594,0.287793189155881,0.989433226413886,FLOAT
"antagonistic_mixed_(1.5,4,2)",1.5,4,2,0.68856205458285,21.5199353501965,5947.90262394935,19735.5992377879,0.300616762146551,0.301379378061187,0.989433226413886,FLOAT
"antagonistic_mixed_(1.5,4,2)",1.5,4,2,0.689867990908302,21.5199353501965,5291.21388704913,16774.7579806463,0.314547786968175,0.315427137199464,0.989433226413886,FLOAT
"antagonistic_mixed_(1.5,4,2)",1.5,4,2,0.691251818965688,21.5199353501965,4706.73012054298,14265.646138058,0.328922260201691,0.329934590763914,0.989433226413886,FLOAT
"antagonistic_mixed_(1.5,4,2)",1.5,4,2,0.692718184557244,21.5199353501965,4186.53135491525,12138.4647022407,0.343734456143262,0.344897930472412,0.989433226413886,FLOAT
"antagonistic_mixed_(1.5,4,2)",1.5,4,2,0.694272010581095,21.5199353501965,3723.56525167909,10334.3011417448,0.358976423744292,0.360311278005821,0.989433226413886,FLOAT
"antagonistic_mixed_(1.5,4,2)",1.5,4,2,0.695918513558455,21.5199353501965,3311.55211499822,8803.419906573,0.374637856321417,0.376166552333336,0.989433226413886,FLOAT
"antagonistic_mixed_(1.5,4,2)",1.5,4,2,0.697663221146592,21.5199353501965,2944.90029922581,7503.82267099693,0.390705972099768,0.392453343894727,0.989433226413886,FLOAT
"antagonistic_mixed_(1.5,4,2)",1.5,4,2,0.699511990696333,21.5199353501965,2618.63087478013,6400.03560832639,0.407165408471612,0.409158797706268,0.989433226413886,FLOAT
"antagonistic_mixed_(1.5,4,2)",1.5,4,2,0.701471028916427,21.5199353501965,2328.31053924868,5462.08776918506,0.423998132980268,0.426267507524153,0.989433226413886,FLOAT
"antagonistic_mixed_(1.5,4,2)",1.5,4,2,0.703546912710775,21.5199353501965,2069.99187146138,4664.65033482315,0.441183374118399,0.443761423232136,0.989433226413886,FLOAT
"antagonistic_mixed_(1.5,4,2)",1.5,4,2,0.705746611258478,21.5199353501965,1840.16012499792,3986.31131113096,0.45869757504948,0.46161977361368,0.989433226413886,FLOAT
"antagonistic_mixed_(1.5,4,2)",1.5,4,2,0.708077509410841,21.5199353501965,1635.68584551491,3408.96426141359,0.476514373312392,0.479819006620106,0.989433226413886,FLOAT
"antagonistic_mixed_(1.5,4,2)",1.5,4,2,0.710547432483875,21.5199353501965,1453.78267458023,2917.29306784244,0.494604609442369,0.49833274915208,0.989433226413886,FLOAT
"antagonistic_mixed_(1.5,4,2)",1.5,4,2,0.713164672529529,21.5199353501965,1291.96977243672,2498.33756469951,0.512936367228733,0.51713178823059,0.989433226413886,FLOAT
"antagonistic_mixed_(1.5,4,2)",1.5,4,2,0.715938016173855,21.5199353501965,1148.03835422195,2141.12728673671,0.531475048024748,0.536184075245557,0.989433226413886,FLOAT
"antagonistic_mixed_(1.5,4,2)",1.5,4,2,0.718876774115565,21.5199353501965,1020.02188948032,1836.37259521565,0.550183481123009,0.555454754736492,0.989433226413886,FLOAT
"antagonistic_mixed_(1.5,4,2)",1.5,4,2,0.721990812384003,21.5199353501965,906.16956406179,1576.20414303695,0.569022071709263,0.574906218883441,0.989433226413886,FLOAT
"antagonistic_mixed_(1.5,4,2)",1.5,4,2,0.725290585461487,21.5199353501965,804.922647369903,1353.95306973508,0.587948987309869,0.594498188572664,0.989433226413886,FLOAT
"antagonistic_mixed_(1.5,4,2)",1.5,4,2,0.728787171381207,21.5199353501965,714.89344699059,1163.96551982906,0.606920382957832,0.614187821556417,0.989433226413886,FLOAT
"antagonistic_mixed_(1.5,4,2)",1.5,4,2,0.732492308918514,21.5199353501965,634.846567526859,1001.44609008586,0.625890664528804,0.633929847858737,0.989433226413886,FLOAT
"antagonistic_mixed_(1.5,4,2)",1.5,4,2,0.736418437000464,21.5199353501965,563.682221451623,862.325662955664,0.644812788853676,0.653676732198336,0.989433226413886,FLOAT
"antagonistic_mixed_(1.5,4,2)",1.5,4,2,0.740578736465914,21.5199353501965,500.421367387216,743.149800237707,0.663638598316149,0.673378862817629,0.989433226413886,FLOAT
"antagonistic_mixed_(1.5,4,2)",1.5,4,2,0.744987174316374,21.5199353501965,444.192475797142,640.98447434928,0.682319186712269,0.692984765735677,0.989433226413886,FLOAT
"antagonistic_mixed_(1.5,4,2)",1.5,4,2,0.749658550606174,21.5199353501965,394.219743963412,553.336422406683,0.700805292209057,0.712441343096106,0.989433226413886,FLOAT
"antagonistic_mixed_(1.5,4,2)",1.5,4,2,0.754608548129361,21.5199353501965,349.812601615581,478.085835833951,0.719047712318292,0.731694133973628,0.989433226413886,FLOAT
"antagonistic_mixed_(1.5,4,2)",1.5,4,2,0.759853785070145,21.5199353501965,310.356365937639,413.429458132668,0.736997734928121,0.750687595749519,0.989433226413886,FLOAT
"antagonistic_mixed_(1.5,4,2)",1.5,4,2,0.765411870793641,21.5199353501965,275.303920139351,357.832466489566,0.754607578639364,0.769365403984044,0.989433226413886,FLOAT
"antagonistic_mixed_(1.5,4,2)",1.5,4,2,0.771301464964215,21.5199353501965,244.168303547347,309.987768081498,0.771830834963634,0.787670768619339,0.989433226413886,FLOAT
"antagonistic_mixed_(1.5,4,2)",1.5,4,2,0.777542340189913,21.5199353501965,216.51611343343,268.781556841976,0.788622904382741,0.805546764359004,0.989433226413886,FLOAT
"antagonistic_mixed_(1.5,4,2)",1.5,4,2,0.784155448403264,21.5199353501965,191.961629717956,233.264157457691,0.804941417864207,0.822936673212532,0.989433226413886,FLOAT
"antagonistic_mixed_(1.5,4,2)",1.5,4,2,0.791162991201332,21.5199353501965,170.161583411561,202.625335833432,0.820746635190061,0.839784337489965,0.989433226413886,FLOAT
"antagonistic_mixed_(1.5,4,2)",1.5,4,2,0.798588494381158,21.5199353501965,150.810498319717,176.173383713633,0.836001811389855,0.8560345220187,0.989433226413886,FLOAT
"antagonistic_mixed_(1.5,4,2)",1.5,4,2,0.806456886920807,21.5199353501965,133.636543248104,153.317393376817,0.850673522665828,0.871633285074559,0.989433226413886,FLOAT
"antagonistic_mixed_(1.5,4,2)",1.5,4,2,0.814794584671205,21.5199353501965,118.397838816099,133.552229521071,0.86473194343536,0.886528358535705,0.989433226413886,FLOAT
"antagonistic_mixed_(1.5,4,2)",1.5,4,2,0.823629579039712,21.5199353501965,104.879169103454,116.445782323426,0.878151066450492,0.900669539169347,0.989433226413886,FLOAT
"antagonistic_mixed_(1.5,4,2)",1.5,4,2,0.83299153096317,21.5199353501965,92.8890538034045,101.628150446188,0.890908858319816,0.914009094877597,0.989433226413886,FLOAT
"antagonistic_mixed_(1.5,4,2)",1.5,4,2,0.842911870485915,21.5199353501965,82.257141407552,88.7824573826099,0.902987343056904,0.926502192353868,0.989433226413886,FLOAT
"antagonistic_mixed_(1.5,4,2)",1.5,4,2,0.853423902277057,21.5199353501965,72.831888268945,77.637050584367,0.914372606372038,0.938107356226776,0.989433226413886,FLOAT
"antagonistic_mixed_(1.5,4,2)",1.5,4,2,0.864562917441269,21.5199353501965,64.4784922381017,67.9588716412097,0.925054713111904,0.948786974841449,0.989433226413886,FLOAT
"antagonistic_mixed_(1.5,4,2)",1.5,4,2,0.876366311998457,21.5199353501965,57.0770529939453,59.5478185209329,0.935027529250196,0.958507875042995,0.989433226413886,FLOAT
"antagonistic_mixed_(1.5,4,2)",1.5,4,2,0.888873712430073,21.5199353501965,50.5209342439329,52.2319484759143,0.944288437720528,0.967241998778384,0.989433226413886,FLOAT
"antagonistic_mixed_(1.5,4,2)",1.5,4,2,0.9,21.5199353501965,45.5786848260584,46.8037991886829,0.951545603533915,0.973824467588931,0.989433226413886,FLOAT
"antagonistic_mixed_(1.5,4,2)",1.5,4,2,0.902127108713561,21.5199353501965,44.7153056860984,45.8633934764206,0.95283793352739,0.974967229781799,0.989433226413886,FLOAT
"antagonistic_mixed_(1.5,4,2)",1.5,4,2,0.912667383761716,21.5199353501965,40.7731482279512,41.5998351880455,0.958830125310881,0.980127638574591,0.989433226413886,FLOAT
"antagonistic_mixed_(1.5,4,2)",1.5,4,2,0.916170995291558,21.5199353501965,39.5758450469344,40.3148796030868,0.960679076978971,0.981668441939342,0.989433226413886,FLOAT
"antagonistic_mixed_(1.5,4,2)",1.5,4,2,0.923730141409766,21.5199353501965,37.1631738497915,37.7398930973094,0.964443850193103,0.984718577606172,0.989433226413886,FLOAT
"antagonistic_mixed_(1.5,4,2)",1.5,4,2,0.931052520449102,21.5199353501965,35.0275826655955,35.4767582662819,0.967816772958499,0.98733887698208,0.989433226413886,FLOAT
"antagonistic_mixed_(1.5,4,2)",1.5,4,2,0.933391537091908,21.5199353501965,34.3835589319213,34.7972710007995,0.968840731321011,0.988110789812547,0.989433226413886,FLOAT
"antagonistic_mixed_(1.5,4,2)",1.5,4,2,0.941829086706256,21.5199353501965,32.2003245241802,32.5042351811175,0.972332268636567,0.990650121276692,0.989433226413886,FLOAT
"antagonistic_mixed_(1.5,4,2)",1.5,4,2,0.946821644600358,21.5199353501965,31.0038730159327,31.2544708550734,0.974256826222965,0.991982016259281,0.989433226413886,FLOAT
"antagonistic_mixed_(1.5,4,2)",1.5,4,2,0.94919781953087,21.5199353501965,30.4574560534768,30.6853281366157,0.975137772221111,0.992573907565061,0.989433226413886,FLOAT
"antagonistic_mixed_(1.5,4,2)",1.5,4,2,0.955633126690214,21.5199353501965,29.0473771531566,29.2213118796547,0.977415111982541,0.994047675641175,0.989433226413886,FLOAT
"antagonistic_mixed_(1.5,4,2)",1.5,4,2,0.961253248795439,21.5199353501965,27.8937629631246,28.0286219647801,0.979280151336008,0.995188525435714,0.989433226413886,FLOAT
"antagonistic_mixed_(1.5,4,2)",1.5,4,2,0.963531308016255,21.5199353501965,27.4454792692857,27.5663797807024,0.980004693203385,0.995614204245228,0.989433226413886,FLOAT
"antagonistic_mixed_(1.5,4,2)",1.5,4,2,0.966161448465718,21.5199353501965,26.9411141855198,27.0471291672985,0.980819384069608,0.996080361020095,0.989433226413886,FLOAT
"antagonistic_mixed_(1.5,4,2)",1.5,4,2,0.970447907647971,21.5199353501965,26.1482040647165,26.2325679140397,0.982098360485293,0.996784003396098,0.989433226413886,FLOAT
"antagonistic_mixed_(1.5,4,2)",1.5,4,2,0.974191384595819,21.5199353501965,25.4838307279824,25.5516956054825,0.983167432286895,0.997344016673181,0.989433226413886,FLOAT
"antagonistic_mixed_(1.5,4,2)",1.5,4,2,0.977460660952652,21.5199353501965,24.9239883771806,24.9791077020129,0.984065747749355,0.997793382954674,0.989433226413886,FLOAT
"antagonistic_mixed_(1.5,4,2)",1.5,4,2,0.980315805527134,21.5199353501965,24.4499377162795,24.4950884018932,0.984824079692999,0.998156745349399,0.989433226413886,FLOAT
"antagonistic_mixed_(1.5,4,2)",1.5,4,2,0.981237608556118,21.5199353501965,24.2997585259366,24.3419080706049,0.98506380151604,0.99826843711076,0.989433226413886,FLOAT
"antagonistic_mixed_(1.5,4,2)",1.5,4,2,0.982809277981414,21.5199353501965,24.0468612989358,24.0841270577555,0.985466859318707,0.998452683847316,0.989433226413886,FLOAT
"antagonistic_mixed_(1.5,4,2)",1.5,4,2,0.984986892710918,21.5199353501965,23.7029082736506,23.7338731605458,0.986013660026731,0.998695329384894,0.989433226413886,FLOAT
"antagonistic_mixed_(1.5,4,2)",1.5,4,2,0.986888660625784,21.5199353501965,23.4085038224293,23.4343866407763,0.986480294132098,0.998895519701718,0.989433226413886,FLOAT
"antagonistic_mixed_(1.5,4,2)",1.5,4,2,0.988549524300617,21.5199353501965,23.1558419498468,23.1775910000854,0.986879633149302,0.999061634565965,0.989433226413886,FLOAT
"antagonistic_mixed_(1.5,4,2)",1.5,4,2,0.99,21.5199353501965,22.9385074749955,22.9568682762207,0.987222228057652,0.999200204444079,0.989433226413886,FLOAT
"antagonistic_mixed_(1.5,4,2)",1.5,4,2,0.991266738376172,21.5199353501965,22.7511905110621,22.7667548290673,0.98751678308768,0.999316357639808,0.989433226413886,FLOAT
"antagonistic_mixed_(1.5,4,2)",1.5,4,2,0.992373014140977,21.5199353501965,22.589468114738,22.6027098830972,0.987770521048609,0.999414151293022,0.989433226413886,FLOAT
"antagonistic_mixed_(1.5,4,2)",1.5,4,2,0.993339153709191,21.5199353501965,22.4496353754012,22.4609373099943,0.98798946752934,0.99949681821212,0.989433226413886,FLOAT
"antagonistic_mixed_(1.5,4,2)",1.5,4,2,0.994182908670626,21.5199353501965,22.3285733497862,22.3382468772472,0.988178673840956,0.999566952253947,0.989433226413886,FLOAT
"antagonistic_mixed_(1.5,4,2)",1.5,4,2,0.994919781953087,21.5199353501965,22.2236447773747,22.2319451070919,0.988342393293261,0.999626648515131,0.989433226413886,FLOAT
"antagonistic_mixed_(1.5,4,2)",1.5,4,2,0.995563312669021,21.5199353501965,22.1326109716529,22.139748603715,0.988484221623784,0.999677610067308,0.989433226413886,FLOAT
"antagonistic_mixed_(1.5,4,2)",1.5,4,2,0.996125324879544,21.5199353501965,22.0535650192895,22.0597146112344,0.98860720967108,0.999721229759619,0.989433226413886,FLOAT
"antagonistic_mixed_(1.5,4,2)",1.5,4,2,0.996616144846572,21.5199353501965,21.9848776605775,21.9901849186533,0.988713954394073,0.999758653322134,0.989433226413886,FLOAT
"antagonistic_mixed_(1.5,4,2)",1.5,4,2,0.997044790764797,21.5199353501965,21.9251531216513,21.9297402014084,0.98880667287487,0.999790828358432,0.989433226413886,FLOAT
"antagonistic_mixed_(1.5,4,2)",1.5,4,2,0.997419138459582,21.5199353501965,21.8731928243059,21.8771625967983,0.988887262855291,0.999818542625222,0.989433226413886,FLOAT
"antagonistic_mixed_(1.5,4,2)",1.5,4,2,0.997746066095265,21.5199353501965,21.8279653826949,21.8314048303575,0.988957352544128,0.999842454130212,0.989433226413886,FLOAT
"antagonistic_mixed_(1.5,4,2)",1.5,4,2,0.998031580552713,21.5199353501965,21.7885816562089,21.7915645957351,0.989018341820134,0.999863114944636,0.989433226413886,FLOAT
"antagonistic_mixed_(1.5,4,2)",1.5,4,2,0.998280927798141,21.5199353501965,21.7542738983537,21.75686317918,0.98907143649017,0.999880990159061,0.989433226413886,FLOAT
"antagonistic_mixed_(1.5,4,2)",1.5,4,2,0.998498689271092,21.5199353501965,21.7243782464507,21.7266275376142,0.989117676910418,0.999896473064691,0.989433226413886,FLOAT
"antagonistic_mixed_(1.5,4,2)",1.5,4,2,0.998688866062578,21.5199353501965,21.6983199536228,21.7002752051832,0.989157962001517,0.999909897384161,0.989433226413886,FLOAT
"antagonistic_mixed_(1.5,4,2)",1.5,4,2,0.998854952430062,21.5199353501965,21.6756008851572,21.6773015305339,0.989193069482562,0.999921547182692,0.989433226413886,FLOAT
"antagonistic_mixed_(1.5,4,2)",1.5,4,2,0.999,21.5199353501965,21.6557888949476,21.6572688456046,0.989223672982309,0.999931664945033,0.989433226413886,FLOAT
"antagonistic_mixed_(1.5,4,2)",1.5,4,2,0.999126673837617,21.5199353501965,21.6385087709054,21.6397972435207,0.989250356559494,0.999940458193723,0.989433226413886,FLOAT
"antagonistic_mixed_(1.5,4,2)",1.5,4,2,0.999237301414098,21.5199353501965,21.6234344958559,21.6245567035087,0.98927362706305,0.999948104940685,0.989433226413886,FLOAT
"antagonistic_mixed_(1.5,4,2)",1.5,4,2,0.999333915370919,21.5199353501965,21.6102826161314,21.6112603484409,0.989293924683236,0.999954758200413,0.989433226413886,FLOAT
"antagonistic_mixed_(1.5,4,2)",1.5,4,2,0.999418290867063,21.5199353501965,21.5988065465536,21.5996586586136,0.989311631981523,0.999960549744166,0.989433226413886,FLOAT
"antagonistic_mixed_(1.5,4,2)",1.5,4,2,0.999491978195309,21.5199353501965,21.5887916698124,21.5895344958118,0.989327081636345,0.999965593236877,0.989433226413886,FLOAT
"antagonistic_mixed_(1.5,4,2)",1.5,4,2,0.999556331266902,21.5199353501965,21.5800511119538,21.5806988162863,0.989340563101157,0.999969986869376,0.989433226413886,FLOAT
"antagonistic_mixed_(1.5,4,2)",1.5,4,2,0.999612532487954,21.5199353501965,21.5724220949781,21.5729869712199,0.989352328337155,0.999973815575813,0.989433226413886,FLOAT
"antagonistic_mixed_(1.5,4,2)",1.5,4,2,0.999661614484657,21.5199353501965,21.5657627833343,21.5662555095474,0.989362596761528,0.999977152908493,0.989433226413886,FLOAT
"antagonistic_mixed_(1.5,4,2)",1.5,4,2,0.99970447907648,21.5199353501965,21.5599495540866,21.5603794113838,0.989371559516209,0.999980062628349,0.989433226413886,FLOAT
"antagonistic_mixed_(1.5,4,2)",1.5,4,2,0.999741913845958,21.5199353501965,21.5548746312747,21.5552496913609,0.989379383166704,0.99998260005838,0.989433226413886,FLOAT
"antagonistic_mixed_(1.5,4,2)",1.5,4,2,0.999774606609527,21.5199353501965,21.5504440339261,21.5507713203483,0.989386212899686,0.999984813238591,0.989433226413886,FLOAT
"antagonistic_mixed_(1.5,4,2)",1.5,4,2,0.999803158055271,21.5199353501965,21.5465757946403,21.5468614216865,0.989392175299529,0.999986743914083,0.989433226413886,FLOAT
"antagonistic_mixed_(1.5,4,2)",1.5,4,2,0.999828092779814,21.5199353501965,21.5431984119266,21.5434477044665,0.989397380753416,0.99998842838234,0.989433226413886,FLOAT
"antagonistic_mixed_(1.5,4,2)",1.5,4,2,0.999849868927109,21.5199353501965,21.5402495047518,21.5404671017839,0.98940192554219,0.999989898221285,0.989433226413886,FLOAT
"antagonistic_mixed_(1.5,4,2)",1.5,4,2,0.999868886606258,21.5199353501965,21.537674642212,21.5378645864475,0.989405893656307,0.999991180916068,0.989433226413886,FLOAT
"antagonistic_mixed_(1.5,4,2)",1.5,4,2,0.999885495243006,21.5199353501965,21.5354263250262,21.5355921404811,0.989409358375635,0.999992300399552,0.989433226413886,FLOAT
"antagonistic_mixed_(1.5,4,2)",1.5,4,2,0.9999,21.5199353501965,21.5334630987687,21.5336078580364,0.989412383641089,0.999993277519094,0.989433226413886,FLOAT
"antagonistic_mixed_(1.5,4,2)",1.5,4,2,0.999912667383762,21.5199353501965,21.5317487815044,21.5318751641333,0.98941502525624,0.999994130440196,0.989433226413886,FLOAT
"antagonistic_mixed_(1.5,4,2)",1.5,4,2,0.99992373014141,21.5199353501965,21.5302517908407,21.5303621340332,0.989417331917976,0.999994874995979,0.989433226413886,FLOAT
"antagonistic_mixed_(1.5,4,2)",1.5,4,2,0.999933391537092,21.5199353501965,21.5289445574286,21.5290409001004,0.989419346138285,0.999995524990073,0.989433226413886,FLOAT
"antagonistic_mixed_(1.5,4,2)",1.5,4,2,0.999941829086706,21.5199353501965,21.527803013674,21.5278871347679,0.989421105020397,0.99999609245936,0.989433226413886,FLOAT
"antagonistic_mixed_(1.5,4,2)",1.5,4,2,0.999949197819531,21.5199353501965,21.5268061479148,21.5268795997355,0.989422640949888,0.999996587902099,0.989433226413886,FLOAT
"antagonistic_mixed_(1.5,4,2)",1.5,4,2,0.99995563312669,21.5199353501965,21.5259356156052,21.5259997528354,0.989423982209702,0.999997020476125,0.989433226413886,FLOAT
"antagonistic_mixed_(1.5,4,2)",1.5,4,2,0.999961253248795,21.5199353501965,21.5251754001587,21.5252314051267,0.989425153480793,0.999997398171151,0.989433226413886,FLOAT
"antagonistic_mixed_(1.5,4,2)",1.5,4,2,0.999966161448466,21.5199353501965,21.5245115170623,21.5245604217535,0.98942617631823,0.999997727958657,0.989433226413886,FLOAT
"antagonistic_mixed_(1.5,4,2)",1.5,4,2,0.999970447907648,21.5199353501965,21.5239317557088,21.5239744609459,0.989427069535445,0.99999801592233,0.989433226413886,FLOAT
"antagonistic_mixed_(1.5,4,2)",1.5,4,2,0.999974191384596,21.5199353501965,21.5234254541115,21.5234627462734,0.989427849571745,0.999998267371641,0.989433226413886,FLOAT
"antagonistic_mixed_(1.5,4,2)",1.5,4,2,0.999977460660953,21.5199353501965,21.5229833022935,21.5230158678915,0.989428530768662,0.99999848694076,0.989433226413886,FLOAT
"antagonistic_mixed_(1.5,4,2)",1.5,4,2,0.999980315805527,21.5199353501965,21.522597170688,21.5226256090766,0.989429125652911,0.999998678674754,0.989433226413886,FLOAT
"antagonistic_mixed_(1.5,4,2)",1.5,4,2,0.999982809277981,21.5199353501965,21.5222599603547,21.522284794818,0.989429645172742,0.999998846104699,0.989433226413886,FLOAT
"antagonistic_mixed_(1.5,4,2)",1.5,4,2,0.999984986892711,21.5199353501965,21.5219654722311,21.5219871596542,0.98943009886932,0.999998992313166,0.989433226413886,FLOAT
"antagonistic_mixed_(1.5,4,2)",1.5,4,2,0.999986888660626,21.5199353501965,21.5217082929924,21.5217272322991,0.989430495068672,0.999999119991322,0.989433226413886,FLOAT
"antagonistic_mixed_(1.5,4,2)",1.5,4,2,0.999988549524301,21.5199353501965,21.5214836954057,21.521500234921,0.989430841087965,0.999999231488737,0.989433226413886,FLOAT
"antagonistic_mixed_(1.5,4,2)",1.5,4,2,0.99999,21.5199353501965,21.5212875513331,21.5213019952085,0.989431143266735,0.999999328856807,0.989433226413886,FLOAT
"antagonistic_mixed_(1.5,4,2)",1.5,4,2,0.999991266738376,21.5199353501965,21.5211162557764,21.521128869597,0.98943140715116,0.999999413886666,0.989433226413886,FLOAT
"antagonistic_mixed_(1.5,4,2)",1.5,4,2,0.999992373014141,21.5199353501965,21.5209666605581,21.5209776762375,0.989431637626033,0.999999488142245,0.989433226413886,FLOAT
"antagonistic_mixed_(1.5,4,2)",1.5,4,2,0.999993339153709,21.5199353501965,21.5208360164162,21.5208456364682,0.989431838884764,0.999999552989128,0.989433226413886,FLOAT
"antagonistic_mixed_(1.5,4,2)",1.5,4,2,0.999994182908671,21.5199353501965,21.5207219224421,21.5207303237106,0.989432014647755,0.999999609619733,0.989433226413886,FLOAT
"antagonistic_mixed_(1.5,4,2)",1.5,4,2,0.999994919781953,21.5199353501965,21.5206222819319,21.5206296188462,0.989432168172675,0.999999659075294,0.989433226413886,FLOAT
"antagonistic_mixed_(1.5,4,2)",1.5,4,2,0.999995563312669,21.5199353501965,21.5205352638334,21.5205416712511,0.98943230221086,0.999999702265037,0.989433226413886,FLOAT
"antagonistic_mixed_(1.5,4,2)",1.5,4,2,0.99999612532488,21.5199353501965,21.5204592690832,21.5204648647712,0.989432419277342,0.99999973998294,0.989433226413886,FLOAT
"antagonistic_mixed_(1.5,4,2)",1.5,4,2,0.999996616144847,21.5199353501965,21.520392901209,21.5203977880106,0.989432521537733,0.999999772922337,0.989433226413886,FLOAT
"antagonistic_mixed_(1.5,4,2)",1.5,4,2,0.999997044790765,21.5199353501965,21.5203349406591,21.5203392083858,0.98943261085673,0.999999801688691,0.989433226413886,FLOAT
"antagonistic_mixed_(1.5,4,2)",1.5,4,2,0.99999741913846,21.5199353501965,21.5202843223861,21.5202880494691,0.989432688832422,0.999999826810731,0.989433226413886,FLOAT
"antagonistic_mixed_(1.5,4,2)",1.5,4,2,0.999997746066095,21.5199353501965,21.5202401162701,21.520243371203,0.989432756896193,0.999999848750184,0.989433226413886,FLOAT
"antagonistic_mixed_(1.5,4,2)",1.5,4,2,0.999998031580553,21.5199353501965,21.5202015100239,21.5202043526219,0.989432816334603,0.999999867910268,0.989433226413886,FLOAT
"antagonistic_mixed_(1.5,4,2)",1.5,4,2,0.999998280927798,21.5199353501965,21.520167794264,21.520170276764,0.989432868339798,0.999999884643108,0.989433226413886,FLOAT
"antagonistic_mixed_(1.5,4,2)",1.5,4,2,0.999998498689271,21.5199353501965,21.5201383494736,21.5201405174942,0.989432913702762,0.999999899256209,0.989433226413886,FLOAT
"antagonistic_mixed_(1.5,4,2)",1.5,4,2,0.999998688866063,21.5199353501965,21.5201126346173,21.5201145279975,0.989432953300851,0.999999912018117,0.989433226413886,FLOAT
"antagonistic_mixed_(1.5,4,2)",1.5,4,2,0.99999885495243,21.5199353501965,21.5200901771982,21.5200918307299,0.989432987895513,0.999999923163353,0.989433226413886,FLOAT
"antagonistic_mixed_(1.5,4,2)",1.5,4,2,0.999999,21.5199353501965,21.5200705645753,21.5200720086426,0.989433018128906,0.999999932896724,0.989433226413886,FLOAT
"antagonistic_mixed_(1.5,4,2)",1.5,4,2,0.999999126673838,21.5199353501965,21.5200534363805,21.5200546975184,0.989433044440012,0.999999941397089,0.989433226413886,FLOAT
"antagonistic_mixed_(1.5,4,2)",1.5,4,2,0.999999237301414,21.5199353501965,21.5200384778967,21.5200395792784,0.989433067452935,0.999999948820648,0.989433226413886,FLOAT
"antagonistic_mixed_(1.5,4,2)",1.5,4,2,0.999999333915371,21.5199353501965,21.5200254142741,21.5200263761372,0.98943308773725,0.999999955303813,0.989433226413886,FLOAT
"antagonistic_mixed_(1.5,4,2)",1.5,4,2,0.999999418290867,21.5199353501965,21.5200140054805,21.520014845499,0.989433105259681,0.99999996096571,0.989433226413886,FLOAT
"antagonistic_mixed_(1.5,4,2)",1.5,4,2,0.999999491978195,21.5199353501965,21.52000404189,21.5200047754988,0.989433120494995,0.999999965910379,0.989433226413886,FLOAT
"antagonistic_mixed_(1.5,4,2)",1.5,4,2,0.999999556331267,21.5199353501965,21.5199953404314,21.5199959811101,0.989433134131519,0.999999970228678,0.989433226413886,FLOAT
"antagonistic_mixed_(1.5,4,2)",1.5,4,2,0.999999612532488,21.5199353501965,21.5199877412242,21.5199883007449,0.989433145808759,0.999999973999952,0.989433226413886,FLOAT
"antagonistic_mixed_(1.5,4,2)",1.5,4,2,0.999999661614485,21.5199353501965,21.5199811046411,21.5199815932846,0.989433155867135,0.999999977293498,0.989433226413886,FLOAT
"antagonistic_mixed_(1.5,4,2)",1.5,4,2,0.999999704479076,21.5199353501965,21.5199753087419,21.5199757354866,0.989433164717666,0.999999980169833,0.989433226413886,FLOAT
"antagonistic_mixed_(1.5,4,2)",1.5,4,2,0.999999741913846,21.5199353501965,21.5199702470335,21.5199706197205,0.989433172580674,0.999999982681808,0.989433226413886,FLOAT
"antagonistic_mixed_(1.5,4,2)",1.5,4,2,0.999999774606609,21.5199353501965,21.5199658265125,21.5199661519895,0.989433179629652,0.99999998487558,0.989433226413886,FLOAT
"antagonistic_mixed_(1.5,4,2)",1.5,4,2,0.999999803158055,21.5199353501965,21.519961965957,21.5199622502044,0.989433185449742,0.999999986791455,0.989433226413886,FLOAT
"antagonistic_mixed_(1.5,4,2)",1.5,4,2,0.99999982809278,21.5199353501965,21.5199585944338,21.5199588426743,0.989433190591593,0.999999988464637,0.989433226413886,FLOAT
"antagonistic_mixed_(1.5,4,2)",1.5,4,2,0.999999849868927,21.5199353501965,21.519955649995,21.5199558667898,0.989433194445548,0.999999989925869,0.989433226413886,FLOAT
"antagonistic_mixed_(1.5,4,2)",1.5,4,2,0.999999868886606,21.5199353501965,21.51995307854,21.5199532678725,0.989433199928201,0.999999991202002,0.989433226413886,FLOAT
"antagonistic_mixed_(1.5,4,2)",1.5,4,2,0.999999885495243,21.5199353501965,21.5199508328215,21.5199509981705,0.989433202517527,0.99999999231648,0.989433226413886,FLOAT
"antagonistic_mixed_(1.5,4,2)",1.5,4,2,0.9999999,21.5199353501965,21.519948871577,21.5199490159806,0.989433205700931,0.999999993289783,0.989433226413886,FLOAT
"antagonistic_mixed_(1.5,4,2)",1.5,4,2,0.999999912667384,21.5199353501965,21.5199471587712,21.5199472848825,0.989433207358333,0.999999994139793,0.989433226413886,FLOAT
"antagonistic_mixed_(1.5,4,2)",1.5,4,2,0.999999923730141,21.5199353501965,21.5199456629332,21.5199457730695,0.98943321143807,0.99999999488213,0.989433226413886,FLOAT
"antagonistic_mixed_(1.5,4,2)",1.5,4,2,0.999999933391537,21.5199353501965,21.5199443565788,21.5199444527637,0.98943321159917,0.99999999553043,0.989433226413886,FLOAT
"antagonistic_mixed_(1.5,4,2)",1.5,4,2,0.999999941829087,21.5199353501965,21.5199432157055,21.5199432997063,0.989433215047859,0.999999996096609,0.989433226413886,FLOAT
"antagonistic_mixed_(1.5,4,2)",1.5,4,2,0.99999994919782,21.5199353501965,21.519942219351,21.5199422927111,0.989433214987628,0.999999996591066,0.989433226413886,FLOAT
"antagonistic_mixed_(1.5,4,2)",1.5,4,2,0.999999955633127,21.5199353501965,21.5199413492087,21.5199414132759,0.989433215977521,0.999999997022889,0.989433226413886,FLOAT
"antagonistic_mixed_(1.5,4,2)",1.5,4,2,0.999999961253249,21.5199353501965,21.5199405892907,21.5199406452422,0.989433219114296,0.999999997400012,0.989433226413886,FLOAT
"antagonistic_mixed_(1.5,4,2)",1.5,4,2,0.999999966161448,21.5199353501965,21.5199399256344,21.5199399744984,0.989433218339637,0.999999997729362,0.989433226413886,FLOAT
"antagonistic_mixed_(1.5,4,2)",1.5,4,2,0.999999970447908,21.5199353501965,21.519939346046,21.5199393887202,0.989433218362822,0.999999998016993,0.989433226413886,FLOAT
"antagonistic_mixed_(1.5,4,2)",1.5,4,2,0.999999974191385,21.5199353501965,21.5199388398764,21.5199388771448,0.989433224617158,0.999999998268189,0.989433226413886,FLOAT
"antagonistic_mixed_(1.5,4,2)",1.5,4,2,0.999999977460661,21.5199353501965,21.5199383978252,21.5199384303727,0.989433226131064,0.999999998487564,0.989433226413886,FLOAT
"antagonistic_mixed_(1.5,4,2)",1.5,4,2,0.999999980315806,21.5199353501965,21.5199380117703,21.519938040195,0.989433222372292,0.99999999867915,0.989433226413886,FLOAT
"antagonistic_mixed_(1.5,4,2)",1.5,4,2,0.999999982809278,21.5199353501965,21.5199376746185,21.5199376994425,0.989433223269116,0.999999998846467,0.989433226413886,FLOAT
"antagonistic_mixed_(1.5,4,2)",1.5,4,2,0.999999984986893,21.5199353501965,21.5199373801751,21.5199374018545,0.989433223167631,0.999999998992589,0.989433226413886,FLOAT
"antagonistic_mixed_(1.5,4,2)",1.5,4,2,0.999999986888661,21.5199353501965,21.5199371230299,21.5199371419631,0.989433221807542,0.999999999120202,0.989433226413886,FLOAT
"antagonistic_mixed_(1.5,4,2)",1.5,4,2,0.999999988549524,21.5199353501965,21.5199368984582,21.5199369149931,0.989433219403089,0.999999999231649,0.989433226413886,FLOAT
"antagonistic_mixed_(1.5,4,2)",1.5,4,2,0.99999999,21.5199353501965,21.519936702334,21.5199367167743,0.989433216791289,0.999999999328979,0.989433226413886,FLOAT
"all_mutualistic_(0.5,0.5,0.5)",0.5,0.5,0.5,0.666666676666667,4.5,6.07927098017324e+15,1.67583891416241e+23,3.62759864853221e-08,3.62759864853221e-08,0.699854212223765,FLOAT
"all_mutualistic_(0.5,0.5,0.5)",0.5,0.5,0.5,0.66666667726311,4.5,5.41416190030614e+15,1.40848386016182e+23,3.84396445954597e-08,3.84396445954597e-08,0.699854212223765,FLOAT
"all_mutualistic_(0.5,0.5,0.5)",0.5,0.5,0.5,0.666666677895128,4.5,4.82181993681356e+15,1.1837813603123e+23,4.07323522609063e-08,4.07323522609063e-08,0.699854212223765,FLOAT
"all_mutualistic_(0.5,0.5,0.5)",0.5,0.5,0.5,0.666666678564843,4.5,4.29428363476597e+15,9.94926751464e+22,4.31618069214349e-08,4.3161806921435e-08,0.699854212223765,FLOAT
"all_mutualistic_(0.5,0.5,0.5)",0.5,0.5,0.5,0.666666679274502,4.5,3.82446308974295e+15,8.36201094451602e+22,4.5736164603457e-08,4.57361646034571e-08,0.699854212223765,FLOAT
"all_mutualistic_(0.5,0.5,0.5)",0.5,0.5,0.5,0.666666680026488,4.5,3.40604364117199e+15,7.02797684627603e+22,4.84640703245454e-08,4.84640703245455e-08,0.699854212223765,FLOAT
"all_mutualistic_(0.5,0.5,0.5)",0.5,0.5,0.5,0.666666680823326,4.5,3.03340185936764e+15,5.90676834129643e+22,5.13546779574881e-08,5.13546779574882e-08,0.699854212223765,FLOAT
"all_mutualistic_(0.5,0.5,0.5)",0.5,0.5,0.5,0.666666681667691,4.5,2.70152937434711e+15,4.96443193288992e+22,5.4417693924841e-08,5.44176939248411e-08,0.699854212223765,FLOAT
"all_mutualistic_(0.5,0.5,0.5)",0.5,0.5,0.5,0.666666682562417,4.5,2.40596569363746e+15,4.17243101276356e+22,5.76634026129503e-08,5.76634026129504e-08,0.699854212223765,FLOAT
"all_mutualistic_(0.5,0.5,0.5)",0.5,0.5,0.5,0.666666683510509,4.5,2.14273847860138e+15,3.50678201475698e+22,6.1102699557157e-08,6.11026995571572e-08,0.699854212223765,FLOAT
"all_mutualistic_(0.5,0.5,0.5)",0.5,0.5,0.5,0.666666684515149,4.5,1.90830993711121e+15,2.9473273894386e+22,6.47471313824658e-08,6.47471313824659e-08,0.699854212223765,FLOAT
"all_mutualistic_(0.5,0.5,0.5)",0.5,0.5,0.5,0.66666668557971,4.5,1.69952926147979e+15,2.47712535855526e+22,6.8608932350158e-08,6.86089323501582e-08,0.699854212223765,FLOAT
"all_mutualistic_(0.5,0.5,0.5)",0.5,0.5,0.5,0.666666686707767,4.5,1.51359049374716e+15,2.08193712023707e+22,7.2701066666932e-08,7.27010666669322e-08,0.699854212223765,FLOAT
"all_mutualistic_(0.5,0.5,0.5)",0.5,0.5,0.5,0.666666687903105,4.5,1.34799453484655e+15,1.74979517747164e+22,7.70372756881365e-08,7.70372756881367e-08,0.699854212223765,FLOAT
"all_mutualistic_(0.5,0.5,0.5)",0.5,0.5,0.5,0.666666689169739,4.5,1.20051577368812e+15,1.47064153188287e+22,8.16321141258054e-08,8.16321141258057e-08,0.699854212223765,FLOAT
"all_mutualistic_(0.5,0.5,0.5)",0.5,0.5,0.5,0.66666669051192,4.5,1.06917209000742e+15,1.23602267497675e+22,8.65010093789365e-08,8.65010093789368e-08,0.699854212223765,FLOAT
"all_mutualistic_(0.5,0.5,0.5)",0.5,0.5,0.5,0.666666691934155,4.5,952198196776770,1.03883375440264e+22,9.16603058710109e-08,9.16603058710114e-08,0.699854212223765,FLOAT
"all_mutualistic_(0.5,0.5,0.5)",0.5,0.5,0.5,0.666666693441218,4.5,848021945851071,8.73103366379738e+21,9.71273251834235e-08,9.71273251834241e-08,0.699854212223765,FLOAT
"all_mutualistic_(0.5,0.5,0.5)",0.5,0.5,0.5,0.666666695038169,4.5,755243216715064,7.33812780159439e+21,1.02920422911e-07,1.02920422911e-07,0.699854212223765,FLOAT
"all_mutualistic_(0.5,0.5,0.5)",0.5,0.5,0.5,0.666666696730369,4.5,672615039791643,6.16743931828789e+21,1.09059044617947e-07,1.09059044617948e-07,0.699854212223765,FLOAT
"all_mutualistic_(0.5,0.5,0.5)",0.5,0.5,0.5,0.666666698523499,4.5,599026884950627,5.18351666709125e+21,1.15563800296753e-07,1.15563800296754e-07,0.699854212223765,FLOAT
"all_mutualistic_(0.5,0.5,0.5)",0.5,0.5,0.5,0.666666700423579,4.5,533489717055440,4.35656409698633e+21,1.22456528855958e-07,1.22456528855959e-07,0.699854212223765,FLOAT
"all_mutualistic_(0.5,0.5,0.5)",0.5,0.5,0.5,0.666666702436989,4.5,475122711684420,3.66153942030887e+21,1.29760370473995e-07,1.29760370473996e-07,0.699854212223765,FLOAT
"all_mutualistic_(0.5,0.5,0.5)",0.5,0.5,0.5,0.666666704570486,4.5,423141415290435,3.07739561291698e+21,1.3749984354119e-07,1.37499843541192e-07,0.699854212223765,FLOAT
"all_mutualistic_(0.5,0.5,0.5)",0.5,0.5,0.5,0.666666706831235,4.5,376847182984183,2.58644316433298e+21,1.45700933305203e-07,1.45700933305205e-07,0.699854212223765,FLOAT
"all_mutualistic_(0.5,0.5,0.5)",0.5,0.5,0.5,0.666666709226825,4.5,335617818924457,2.17381483885784e+21,1.54391171191375e-07,1.54391171191377e-07,0.699854212223765,FLOAT
"all_mutualistic_(0.5,0.5,0.5)",0.5,0.5,0.5,0.666666711765299,4.5,298899199779232,1.82701520267546e+21,1.63599733237864e-07,1.63599733237867e-07,0.699854212223765,FLOAT
"all_mutualistic_(0.5,0.5,0.5)",0.5,0.5,0.5,0.666666714455177,4.5,266197819334225,1.53554226781719e+21,1.73357532979296e-07,1.73357532979299e-07,0.699854212223765,FLOAT
"all_mutualistic_(0.5,0.5,0.5)",0.5,0.5,0.5,0.666666717305492,4.5,237074166759332,1.29056946702891e+21,1.8369733115189e-07,1.83697331151893e-07,0.699854212223765,FLOAT
"all_mutualistic_(0.5,0.5,0.5)",0.5,0.5,0.5,0.666666720325813,4.5,211136817141962,1.08467840595261e+21,1.94653840238046e-07,1.9465384023805e-07,0.699854212223765,FLOAT
"all_mutualistic_(0.5,0.5,0.5)",0.5,0.5,0.5,0.666666723526278,4.5,188037172681563,9.11634196775663e+20,2.06263842829308e-07,2.06263842829313e-07,0.699854212223765,FLOAT
"all_mutualistic_(0.5,0.5,0.5)",0.5,0.5,0.5,0.666666726917633,4.5,167464767279082,7.66196592688063e+20,2.18566316892062e-07,2.18566316892068e-07,0.699854212223765,FLOAT
"all_mutualistic_(0.5,0.5,0.5)",0.5,0.5,0.5,0.666666730511263,4.5,149143108716250,6.4396139287651e+20,2.31602562461142e-07,2.31602562461149e-07,0.699854212223765,FLOAT
"all_mutualistic_(0.5,0.5,0.5)",0.5,0.5,0.5,0.666666734319233,4.5,132825949492032,5.41226983961269e+20,2.4541634735184e-07,2.45416347351848e-07,0.699854212223765,FLOAT
"all_mutualistic_(0.5,0.5,0.5)",0.5,0.5,0.5,0.666666738354327,4.5,118293987081483,4.54882316908888e+20,2.60054046253842e-07,2.60054046253852e-07,0.699854212223765,FLOAT
"all_mutualistic_(0.5,0.5,0.5)",0.5,0.5,0.5,0.666666742630091,4.5,105351908705513,3.82312645462415e+20,2.75564802671079e-07,2.75564802671091e-07,0.699854212223765,FLOAT
"all_mutualistic_(0.5,0.5,0.5)",0.5,0.5,0.5,0.66666674716088,4.5,93825772127566.6,3.21320381809283e+20,2.92000686664351e-07,2.92000686664365e-07,0.699854212223765,FLOAT
"all_mutualistic_(0.5,0.5,0.5)",0.5,0.5,0.5,0.666666751961906,4.5,83560664513047.8,2.70058520454574e+20,3.09416878876439e-07,3.09416878876456e-07,0.699854212223765,FLOAT
"all_mutualistic_(0.5,0.5,0.5)",0.5,0.5,0.5,0.666666757049286,4.5,74418622128781.1,2.26974724155132e+20,3.27871847430523e-07,3.27871847430543e-07,0.699854212223765,FLOAT
"all_mutualistic_(0.5,0.5,0.5)",0.5,0.5,0.5,0.666666762440099,4.5,66276774553493.6,1.90764303392976e+20,3.47427549990621e-07,3.47427549990645e-07,0.699854212223765,FLOAT
"all_mutualistic_(0.5,0.5,0.5)",0.5,0.5,0.5,0.666666768152444,4.5,59025694014208.6,1.6033071119606e+20,3.68149642534951e-07,3.68149642534979e-07,0.699854212223765,FLOAT
"all_mutualistic_(0.5,0.5,0.5)",0.5,0.5,0.5,0.666666774205498,4.5,52567925762028.2,1.34752345127508e+20,3.9010768764196e-07,3.90107687641994e-07,0.699854212223765,FLOAT
"all_mutualistic_(0.5,0.5,0.5)",0.5,0.5,0.5,0.666666780619582,4.5,46816676411879,1.13254623887528e+20,4.13375408481049e-07,4.13375408481089e-07,0.699854212223765,FLOAT
"all_mutualistic_(0.5,0.5,0.5)",0.5,0.5,0.5,0.66666678741623,4.5,41694648554590.7,9.51865430984044e+19,4.38030914847722e-07,4.38030914847769e-07,0.699854212223765,FLOAT
"all_mutualistic_(0.5,0.5,0.5)",0.5,0.5,0.5,0.66666679461826,4.5,37133001524644.1,8.00009538888393e+19,4.64156984630904e-07,4.6415698463096e-07,0.699854212223765,FLOAT
"all_mutualistic_(0.5,0.5,0.5)",0.5,0.5,0.5,0.666666802249851,4.5,33070426282213.1,6.72379983302465e+19,4.91841326384818e-07,4.91841326384885e-07,0.699854212223765,FLOAT
"all_mutualistic_(0.5,0.5,0.5)",0.5,0.5,0.5,0.666666810336623,4.5,29452321388328.9,5.65111815637189e+19,5.21176881695803e-07,5.21176881695883e-07,0.699854212223765,FLOAT
"all_mutualistic_(0.5,0.5,0.5)",0.5,0.5,0.5,0.666666818905725,4.5,26230059092280.7,4.74956679217032e+19,5.5226213758098e-07,5.52262137581075e-07,0.699854212223765,FLOAT
"all_mutualistic_(0.5,0.5,0.5)",0.5,0.5,0.5,0.666666827985925,4.5,23360331731215,3.9918444563976e+19,5.85201452270308e-07,5.85201452270421e-07,0.699854212223765,FLOAT
"all_mutualistic_(0.5,0.5,0.5)",0.5,0.5,0.5,0.666666837607709,4.5,20804569963888.8,3.35500539336932e+19,6.20105410411605e-07,6.20105410411739e-07,0.699854212223765,FLOAT
"all_mutualistic_(0.5,0.5,0.5)",0.5,0.5,0.5,0.666666847803377,4.5,18528423978934.5,2.81976446717061e+19,6.5709119306414e-07,6.570911930643e-07,0.699854212223765,FLOAT
"all_mutualistic_(0.5,0.5,0.5)",0.5,0.5,0.5,0.66666685860716,4.5,16501302143416.3,2.36991322295882e+19,6.96282968656973e-07,6.96282968657163e-07,0.699854212223765,FLOAT
"all_mutualistic_(0.5,0.5,0.5)",0.5,0.5,0.5,0.666666870055327,4.5,14695959731480,1.99182902328805e+19,7.37812310175897e-07,7.37812310176123e-07,0.699854212223765,FLOAT
"all_mutualistic_(0.5,0.5,0.5)",0.5,0.5,0.5,0.666666882186313,4.5,13088132685971.9,1.67406249959652e+19,7.81818641127307e-07,7.81818641127576e-07,0.699854212223765,FLOAT
"all_mutualistic_(0.5,0.5,0.5)",0.5,0.5,0.5,0.666666895040844,4.5,11656211662941.6,1.40699086814274e+19,8.28449702614171e-07,8.28449702614491e-07,0.699854212223765,FLOAT
"all_mutualistic_(0.5,0.5,0.5)",0.5,0.5,0.5,0.666666908662074,4.5,10380951461821.4,1.18252652272566e+19,8.77862040496929e-07,8.77862040497309e-07,0.699854212223765,FLOAT
"all_mutualistic_(0.5,0.5,0.5)",0.5,0.5,0.5,0.666666923095735,4.5,9245212456953.62,9.93872105422228e+18,9.30221545258227e-07,9.3022154525868e-07,0.699854212223765,FLOAT
"all_mutualistic_(0.5,0.5,0.5)",0.5,0.5,0.5,0.666666938390282,4.5,8233730175765.56,8.35314678745073e+18,9.85703996981224e-07,9.85703996981763e-07,0.699854212223765,FLOAT
"all_mutualistic_(0.5,0.5,0.5)",0.5,0.5,0.5,0.666666954597062,4.5,7332910172263.79,7.02052716131582e+18,1.04449566304148e-06,1.04449566304212e-06,0.699854212223765,FLOAT
"all_mutualistic_(0.5,0.5,0.5)",0.5,0.5,0.5,0.666666971770485,4.5,6530645343794.39,5.90050708306885e+18,1.10679391649731e-06,1.10679391649807e-06,0.699854212223765,FLOAT
"all_mutualistic_(0.5,0.5,0.5)",0.5,0.5,0.5,0.666666989968206,4.5,5816153139072.58,4.95916943831683e+18,1.17280790894737e-06,1.17280790894828e-06,0.699854212223765,FLOAT
"all_mutualistic_(0.5,0.5,0.5)",0.5,0.5,0.5,0.666667009251318,4.5,5179830712452.96,4.1680081373585e+18,1.24275926095749e-06,1.24275926095857e-06,0.699854212223765,FLOAT
"all_mutualistic_(0.5,0.5,0.5)",0.5,0.5,0.5,0.666667029684559,4.5,4613125812229.81,3.50306479047664e+18,1.31688281209256e-06,1.31688281209384e-06,0.699854212223765,FLOAT
"all_mutualistic_(0.5,0.5,0.5)",0.5,0.5,0.5,0.666667051336528,4.5,4108421862201.51,2.94420320360865e+18,1.39542741382844e-06,1.39542741382997e-06,0.699854212223765,FLOAT
"all_mutualistic_(0.5,0.5,0.5)",0.5,0.5,0.5,0.666667074279914,4.5,3658935582014.5,2.47449962717276e+18,1.47865675218974e-06,1.47865675219156e-06,0.699854212223765,FLOAT
"all_mutualistic_(0.5,0.5,0.5)",0.5,0.5,0.5,0.666667098591744,4.5,3258625823718.27,2.07973022704795e+18,1.56685024881289e-06,1.56685024881505e-06,0.699854212223765,FLOAT
"all_mutualistic_(0.5,0.5,0.5)",0.5,0.5,0.5,0.666667124353638,4.5,2902112377854.43,1.74794038000218e+18,1.66030398465096e-06,1.66030398465354e-06,0.699854212223765,FLOAT
"all_mutualistic_(0.5,0.5,0.5)",0.5,0.5,0.5,0.666667151652083,4.5,2584603665272.03,1.46908264027029e+18,1.75933170430222e-06,1.75933170430528e-06,0.699854212223765,FLOAT
"all_mutualistic_(0.5,0.5,0.5)",0.5,0.5,0.5,0.666667180578726,4.5,2301832328766.84,1.23471248109328e+18,1.86426586270853e-06,1.86426586271217e-06,0.699854212223765,FLOAT
"all_mutualistic_(0.5,0.5,0.5)",0.5,0.5,0.5,0.66666721123068,4.5,2049997890629.17,1.03773257458602e+18,1.97545874614419e-06,1.97545874614853e-06,0.699854212223765,FLOAT
"all_mutualistic_(0.5,0.5,0.5)",0.5,0.5,0.5,0.66666724371085,4.5,1825715667001.16,8.72177865959905e+17,2.09328365033354e-06,2.0932836503387e-06,0.699854212223765,FLOAT
"all_mutualistic_(0.5,0.5,0.5)",0.5,0.5,0.5,0.666667278128279,4.5,1625971277408.01,7.33034933696391e+17,2.21813613875728e-06,2.21813613876342e-06,0.699854212223765,FLOAT
"all_mutualistic_(0.5,0.5,0.5)",0.5,0.5,0.5,0.666667314598514,4.5,1448080136200.5,6.16090175900081e+17,2.35043536294084e-06,2.35043536294815e-06,0.699854212223765,FLOAT
"all_mutualistic_(0.5,0.5,0.5)",0.5,0.5,0.5,0.666667353243992,4.5,1289651364064.77,5.17802204381728e+17,2.49062548043833e-06,2.49062548044702e-06,0.699854212223765,FLOAT
"all_mutualistic_(0.5,0.5,0.5)",0.5,0.5,0.5,0.666667394194455,4.5,1148555660928.38,4.35194608353008e+17,2.6391771379489e-06,2.63917713795924e-06,0.699854212223765,FLOAT
"all_mutualistic_(0.5,0.5,0.5)",0.5,0.5,0.5,0.666667437587381,4.5,1022896683510.78,3.65765818797791e+17,2.79658904943159e-06,2.79658904944389e-06,0.699854212223765,FLOAT
"all_mutualistic_(0.5,0.5,0.5)",0.5,0.5,0.5,0.666667483568452,4.5,910985560847.91,3.0741335405605e+17,2.96338967980328e-06,2.96338967981792e-06,0.699854212223765,FLOAT
"all_mutualistic_(0.5,0.5,0.5)",0.5,0.5,0.5,0.666667532292033,4.5,811318193849.754,2.58370151951818e+17,3.14013901263854e-06,3.14013901265596e-06,0.699854212223765,FLOAT
"all_mutualistic_(0.5,0.5,0.5)",0.5,0.5,0.5,0.666667583921701,4.5,722555041696.753,2.17151059121039e+17,3.32743042846272e-06,3.32743042848344e-06,0.699854212223765,FLOAT
"all_mutualistic_(0.5,0.5,0.5)",0.5,0.5,0.5,0.666667638630787,4.5,643503117144.923,1.82507855974888e+17,3.52589270036116e-06,3.52589270038582e-06,0.699854212223765,FLOAT
"all_mutualistic_(0.5,0.5,0.5)",0.5,0.5,0.5,0.666667696602962,4.5,573099953411.616,1.53391457721743e+17,3.73619210560434e-06,3.73619210563367e-06,0.699854212223765,FLOAT
"all_mutualistic_(0.5,0.5,0.5)",0.5,0.5,0.5,0.66666775803285,4.5,510399323206.166,1.28920145229335e+17,3.95903465896444e-06,3.95903465899934e-06,0.699854212223765,FLOAT
"all_mutualistic_(0.5,0.5,0.5)",0.5,0.5,0.5,0.666667823126684,4.5,454558522856.885,1.08352864552757e+17,4.19516848704134e-06,4.19516848708287e-06,0.699854212223765,FLOAT
"all_mutualistic_(0.5,0.5,0.5)",0.5,0.5,0.5,0.666667892102997,4.5,404827045422.052,9.10667858726779e+16,4.44538633419596e-06,4.44538633424538e-06,0.699854212223765,FLOAT
"all_mutualistic_(0.5,0.5,0.5)",0.5,0.5,0.5,0.666667965193359,4.5,360536493849.179,7.65384424438824e+16,4.71052823042515e-06,4.71052823048395e-06,0.699854212223765,FLOAT
"all_mutualistic_(0.5,0.5,0.5)",0.5,0.5,0.5,0.666668042643148,4.5,321091597915.22,6.432787890694e+16,4.99148430457699e-06,4.99148430464694e-06,0.699854212223765,FLOAT
"all_mutualistic_(0.5,0.5,0.5)",0.5,0.5,0.5,0.66666812471238,4.5,285962213449.377,5.40653281040276e+16,5.28919778114829e-06,5.28919778123152e-06,0.699854212223765,FLOAT
"all_mutualistic_(0.5,0.5,0.5)",0.5,0.5,0.5,0.666668211676578,4.5,254676197369.369,4.54400137706067e+16,5.60466813787827e-06,5.6046681379773e-06,0.699854212223765,FLOAT
"all_mutualistic_(0.5,0.5,0.5)",0.5,0.5,0.5,0.666668303827701,4.5,226813061803.497,3.81907393049778e+16,5.93895446714837e-06,5.9389544672662e-06,0.699854212223765,FLOAT
"all_mutualistic_(0.5,0.5,0.5)",0.5,0.5,0.5,0.666668401475117,4.5,201998322895.716,3.20979781449527e+16,6.29317902763231e-06,6.2931790277725e-06,0.699854212223765,FLOAT
"all_mutualistic_(0.5,0.5,0.5)",0.5,0.5,0.5,0.666668504946651,4.5,179898467567.233,2.69772258867331e+16,6.66853101642316e-06,6.66853101658996e-06,0.699854212223765,FLOAT
"all_mutualistic_(0.5,0.5,0.5)",0.5,0.5,0.5,0.666668614589678,4.5,160216471029.957,2.26734130493691e+16,7.06627055558868e-06,7.06627055578715e-06,0.699854212223765,FLOAT
"all_mutualistic_(0.5,0.5,0.5)",0.5,0.5,0.5,0.666668730772293,4.5,142687804891.717,1.90562091703631e+16,7.48773292797025e-06,7.48773292820639e-06,0.699854212223765,FLOAT
"all_mutualistic_(0.5,0.5,0.5)",0.5,0.5,0.5,0.666668853884545,4.5,127076881706.19,1.60160760618299e+16,7.93433305455791e-06,7.93433305483888e-06,0.699854212223765,FLOAT
"all_mutualistic_(0.5,0.5,0.5)",0.5,0.5,0.5,0.666668984339748,4.5,113173888726.514,1.34609507086284e+16,8.40757025055227e-06,8.40757025088657e-06,0.699854212223765,FLOAT
"all_mutualistic_(0.5,0.5,0.5)",0.5,0.5,0.5,0.666669122575868,4.5,100791968054.428,1.13134573860097e+16,8.9090332522548e-06,8.90903325265256e-06,0.699854212223765,FLOAT
"all_mutualistic_(0.5,0.5,0.5)",0.5,0.5,0.5,0.666669269056992,4.5,89764705100.8229,9.50856449688636e+15,9.4404055549833e-06,9.44040555545655e-06,0.699854212223765,FLOAT
"all_mutualistic_(0.5,0.5,0.5)",0.5,0.5,0.5,0.666669424274889,4.5,79943892106.011,7.99161527067978e+15,1.00034710623289e-05,1.0003471062892e-05,0.699854212223765,FLOAT
"all_mutualistic_(0.5,0.5,0.5)",0.5,0.5,0.5,0.666669588750657,4.5,71197536090.1934,6.71667260066836e+15,1.06001200771062e-05,1.06001200777761e-05,0.699854212223765,FLOAT
"all_mutualistic_(0.5,0.5,0.5)",0.5,0.5,0.5,0.666669763036477,4.5,63408084928.4486,5.64512796220965e+15,1.12323556433837e-05,1.12323556441808e-05,0.699854212223765,FLOAT
"all_mutualistic_(0.5,0.5,0.5)",0.5,0.5,0.5,0.666669947717462,4.5,56470847412.2376,4.74453224201067e+15,1.19023002747698e-05,1.19023002757182e-05,0.699854212223765,FLOAT
"all_mutualistic_(0.5,0.5,0.5)",0.5,0.5,0.5,0.666670143413626,4.5,50292586173.4077,3.98761309577036e+15,1.26122030801466e-05,1.26122030812751e-05,0.699854212223765,FLOAT
"all_mutualistic_(0.5,0.5,0.5)",0.5,0.5,0.5,0.666670350781961,4.5,44790264590.3547,3.35144907705009e+15,1.3364447305068e-05,1.33644473064107e-05,0.699854212223765,FLOAT
"all_mutualistic_(0.5,0.5,0.5)",0.5,0.5,0.5,0.666670570518648,4.5,39889930748.3958,2.81677551133245e+15,1.41615583433649e-05,1.41615583449624e-05,0.699854212223765,FLOAT
"all_mutualistic_(0.5,0.5,0.5)",0.5,0.5,0.5,0.666670803361388,4.5,35525723519.9136,2.36740111471576e+15,1.50062122107596e-05,1.50062122126604e-05,0.699854212223765,FLOAT
"all_mutualistic_(0.5,0.5,0.5)",0.5,0.5,0.5,0.666671050091883,4.5,31638987383.4874,1.98971768080044e+15,1.59012445254341e-05,1.59012445276957e-05,0.699854212223765,FLOAT
"all_mutualistic_(0.5,0.5,0.5)",0.5,0.5,0.5,0.66667131153846,4.5,28177484090.9207,1.67228798906114e+15,1.6849660029096e-05,1.68496600317868e-05,0.699854212223765,FLOAT
"all_mutualistic_(0.5,0.5,0.5)",0.5,0.5,0.5,0.666671588578849,4.5,25094690574.3062,1.40549945616316e+15,1.78546426750756e-05,1.78546426782772e-05,0.699854212223765,FLOAT
"all_mutualistic_(0.5,0.5,0.5)",0.5,0.5,0.5,0.666671882143135,4.5,22349173671.0146,1.18127304275545e+15,1.8919566313291e-05,1.89195663171004e-05,0.699854212223765,FLOAT
"all_mutualistic_(0.5,0.5,0.5)",0.5,0.5,0.5,0.666672193216873,4.5,19904033261.3055,992818599493741,2.00480060173682e-05,2.00480060219006e-05,0.699854212223765,FLOAT
"all_mutualistic_(0.5,0.5,0.5)",0.5,0.5,0.5,0.666672522844405,4.5,17726406319.3615,834429243565771,2.12437500861202e-05,2.1243750091513e-05,0.699854212223765,FLOAT
"all_mutualistic_(0.5,0.5,0.5)",0.5,0.5,0.5,0.666672872132358,4.5,15787025236.1358,701308539979005,2.2510812761682e-05,2.25108127680984e-05,0.699854212223765,FLOAT
"all_mutualistic_(0.5,0.5,0.5)",0.5,0.5,0.5,0.666673242253367,4.5,14059824456.5787,589425253326138,2.38534476979718e-05,2.38534477056062e-05,0.699854212223765,FLOAT
"all_mutualistic_(0.5,0.5,0.5)",0.5,0.5,0.5,0.666673634450005,4.5,12521590156.454,495391271387303,2.52761622482536e-05,2.52761622573371e-05,0.699854212223765,FLOAT
"all_mutualistic_(0.5,0.5,0.5)",0.5,0.5,0.5,0.66667405003896,4.5,11151648244.001,416359004579044,2.67837325886008e-05,2.67837325994085e-05,0.699854212223765,FLOAT
"all_mutualistic_(0.5,0.5,0.5)",0.5,0.5,0.5,0.66667449041545,4.5,9931586500.8728,349935153718604,2.83812197512436e-05,2.83812197641028e-05,0.699854212223765,FLOAT
"all_mutualistic_(0.5,0.5,0.5)",0.5,0.5,0.5,0.666674957057912,4.5,8845007116.28061,294108234644383,3.00739866140625e-05,3.00739866293626e-05,0.699854212223765,FLOAT
"all_mutualistic_(0.5,0.5,0.5)",0.5,0.5,0.5,0.666675451532965,4.5,7877306299.48573,247187665353882,3.18677159060848e-05,3.1867715924289e-05,0.699854212223765,FLOAT
"all_mutualistic_(0.5,0.5,0.5)",0.5,0.5,0.5,0.666675975500663,4.5,7015478005.13914,207752571034927,3.37684292699312e-05,3.37684292915909e-05,0.699854212223765,FLOAT
"all_mutualistic_(0.5,0.5,0.5)",0.5,0.5,0.5,0.666676530720078,4.5,6247939127.16545,174608756101141,3.57825074880354e-05,3.57825075138064e-05,0.699854212223765,FLOAT
"all_mutualistic_(0.5,0.5,0.5)",0.5,0.5,0.5,0.666677119055197,4.5,5564373822.56736,146752541042541,3.79167118915816e-05,3.79167119222443e-05,0.699854212223765,FLOAT
"all_mutualistic_(0.5,0.5,0.5)",0.5,0.5,0.5,0.666677742481186,4.5,4955594864.43519,123340368393195,4.01782070581911e-05,4.0178207094674e-05,0.699854212223765,FLOAT
"all_mutualistic_(0.5,0.5,0.5)",0.5,0.5,0.5,0.666678403091018,4.5,4413420164.70277,103663257665848,4.25745848584978e-05,4.25745849019058e-05,0.699854212223765,FLOAT
"all_mutualistic_(0.5,0.5,0.5)",0.5,0.5,0.5,0.666679103102497,4.5,3930562805.6071,87125335604104.4,4.51138899363062e-05,4.51138899879536e-05,0.699854212223765,FLOAT
"all_mutualistic_(0.5,0.5,0.5)",0.5,0.5,0.5,0.666679844865711,4.5,3500533103.08664,73225791619534.6,4.78046467121157e-05,4.78046467735666e-05,0.699854212223765,FLOAT
"all_mutualistic_(0.5,0.5,0.5)",0.5,0.5,0.5,0.666680630870915,4.5,3117551383.81409,61543711950346,5.0655887994367e-05,5.06558880674821e-05,0.699854212223765,FLOAT
"all_mutualistic_(0.5,0.5,0.5)",0.5,0.5,0.5,0.666681463756893,4.5,2776470306.46627,51725333341541,5.36771852901084e-05,5.36771853771017e-05,0.699854212223765,FLOAT
"all_mutualistic_(0.5,0.5,0.5)",0.5,0.5,0.5,0.666682346319819,4.5,2472705680.37177,43473330167241.4,5.68786809374751e-05,5.68786810409809e-05,0.699854212223765,FLOAT
"all_mutualistic_(0.5,0.5,0.5)",0.5,0.5,0.5,0.666683281522644,4.5,2202174853.2861,36537810657432.6,6.02711221379215e-05,6.02711222610742e-05,0.699854212223765,FLOAT
"all_mutualistic_(0.5,0.5,0.5)",0.5,0.5,0.5,0.666684272505039,4.5,1961241840.33914,30708749536916.5,6.38658970298262e-05,6.38658971763549e-05,0.699854212223765,FLOAT
"all_mutualistic_(0.5,0.5,0.5)",0.5,0.5,0.5,0.666685322593942,4.5,1746668455.6466,25809627920740.1,6.76750729034461e-05,6.76750730777878e-05,0.699854212223765,FLOAT
"all_mutualistic_(0.5,0.5,0.5)",0.5,0.5,0.5,0.666686435314721,4.5,1555570790.91809,21692087872813.5,7.17114367016739e-05,7.17114369091079e-05,0.699854212223765,FLOAT
"all_mutualistic_(0.5,0.5,0.5)",0.5,0.5,0.5,0.666687614403016,4.5,1385380455.02896,18231439744726.3,7.5988537928281e-05,7.59885381750886e-05,0.699854212223765,FLOAT
"all_mutualistic_(0.5,0.5,0.5)",0.5,0.5,0.5,0.666688863817274,4.5,1233810054.80346,15322886257834,8.05207341190716e-05,8.05207344127263e-05,0.699854212223765,FLOAT
"all_mutualistic_(0.5,0.5,0.5)",0.5,0.5,0.5,0.666690187752041,4.5,1098822451.93992,12878348970828.5,8.53232390215012e-05,8.5323239370895e-05,0.699854212223765,FLOAT
"all_mutualistic_(0.5,0.5,0.5)",0.5,0.5,0.5,0.666691590652045,4.5,978603383.668871,10823801039967.7,9.04121736491382e-05,9.0412174064851e-05,0.699854212223765,FLOAT
"all_mutualistic_(0.5,0.5,0.5)",0.5,0.5,0.5,0.666693077227118,4.5,871537078.777845,9097025497392.82,9.58046203704778e-05,9.58046208650976e-05,0.699854212223765,FLOAT
"all_mutualistic_(0.5,0.5,0.5)",0.5,0.5,0.5,0.666694652468004,4.5,776184541.449058,7645731161850.63,0.000101518680230661,0.000101518680819165,0.699854212223765,FLOAT
"all_mutualistic_(0.5,0.5,0.5)",0.5,0.5,0.5,0.66669632166312,4.5,691264210.930252,6425969127531.92,0.000107573533689888,0.000107573534390096,0.699854212223765,FLOAT
"all_mutualistic_(0.5,0.5,0.5)",0.5,0.5,0.5,0.666698090416304,4.5,615634737.172753,5400801879403.2,0.000113989504969824,0.000113989505802939,0.699854212223765,FLOAT
"all_mutualistic_(0.5,0.5,0.5)",0.5,0.5,0.5,0.666699964665634,4.5,548279640.935398,4539184730263.93,0.000120788130251765,0.000120788131243012,0.699854212223765,FLOAT
"all_mutualistic_(0.5,0.5,0.5)",0.5,0.5,0.5,0.66670195070336,4.5,488293652.129158,3815025708256.33,0.000127992229927308,0.000127992231106703,0.699854212223765,FLOAT
"all_mutualistic_(0.5,0.5,0.5)",0.5,0.5,0.5,0.666704055197027,4.5,434870542.871088,3206395425495.13,0.000135625985152641,0.000135625986555895,0.699854212223765,FLOAT
"all_mutualistic_(0.5,0.5,0.5)",0.5,0.5,0.5,0.666706285211866,4.5,387292291.657714,2694862999911.99,0.000143715018971654,0.000143715020641258,0.699854212223765,FLOAT
"all_mutualistic_(0.5,0.5,0.5)",0.5,0.5,0.5,0.666708648234505,4.5,344919433.026189,2264937920779.76,0.000152286482275032,0.000152286484261539,0.699854212223765,FLOAT
"all_mutualistic_(0.5,0.5,0.5)",0.5,0.5,0.5,0.666711152198109,4.5,307182463.056935,1903600956732.25,0.000161369144867933,0.000161369147231492,0.699854212223765,FLOAT
"all_mutualistic_(0.5,0.5,0.5)",0.5,0.5,0.5,0.666713805509012,4.5,273574185.149668,1599909900085.15,0.00017099349196844,0.000170993494780617,0.699854212223765,FLOAT
"all_mutualistic_(0.5,0.5,0.5)",0.5,0.5,0.5,0.666716617074936,4.5,243642893.206258,1344668208617.74,0.000181191826463665,0.000181191829809609,0.699854212223765,FLOAT
"all_mutualistic_(0.5,0.5,0.5)",0.5,0.5,0.5,0.6667195963349,4.5,216986300.630485,1130146510837.06,0.000191998377246358,0.000191998381227378,0.699854212223765,FLOAT
"all_mutualistic_(0.5,0.5,0.5)",0.5,0.5,0.5,0.666722753290909,4.5,193246133.536348,949848540908.175,0.00020344941400078,0.000203449418737413,0.699854212223765,FLOAT
"all_mutualistic_(0.5,0.5,0.5)",0.5,0.5,0.5,0.666726098541527,4.5,172103315.47633,798314415010.924,0.000215583368834628,0.00021558337447029,0.699854212223765,FLOAT
"all_mutualistic_(0.5,0.5,0.5)",0.5,0.5,0.5,0.666729643317467,4.5,153273679.000594,670955292093.373,0.000228440965154936,0.00022844097186026,0.699854212223765,FLOAT
"all_mutualistic_(0.5,0.5,0.5)",0.5,0.5,0.5,0.666733399519287,4.5,136504146.395809,563914412068.753,0.000242065354201757,0.00024206536217976,0.699854212223765,FLOAT
"all_mutualistic_(0.5,0.5,0.5)",0.5,0.5,0.5,0.666737379757347,4.5,121569328.276272,473950303226.236,0.000256502259730376,0.000256502269222607,0.699854212223765,FLOAT
"all_mutualistic_(0.5,0.5,0.5)",0.5,0.5,0.5,0.666741597394146,4.5,108268494.305112,398338622176.684,0.000271800131292095,0.000271800142585946,0.699854212223765,FLOAT
"all_mutualistic_(0.5,0.5,0.5)",0.5,0.5,0.5,0.666746066589179,4.5,96422875.3415238,334789653761.182,0.000288010306649446,0.00028801032008685,0.699854212223765,FLOAT
"all_mutualistic_(0.5,0.5,0.5)",0.5,0.5,0.5,0.666750802346474,4.5,85873260.7487434,281378972626.161,0.000305187183849049,0.000305187199836835,0.699854212223765,FLOAT
"all_mutualistic_(0.5,0.5,0.5)",0.5,0.5,0.5,0.666755820564966,4.5,76477858.5706485,236489166696.069,0.000323388403538972,0.000323388422561175,0.699854212223765,FLOAT
"all_mutualistic_(0.5,0.5,0.5)",0.5,0.5,0.5,0.666761138091871,4.5,68110389.8183701,198760857794.892,0.000342675042136303,0.000342675064768817,0.699854212223765,FLOAT
"all_mutualistic_(0.5,0.5,0.5)",0.5,0.5,0.5,0.666766772779247,4.5,60658391.2538817,167051536200.261,0.000363111816480386,0.000363111843408399,0.699854212223765,FLOAT
"all_mutualistic_(0.5,0.5,0.5)",0.5,0.5,0.5,0.666772743543927,4.5,54021703.860323,140400962526.141,0.000384767300665738,0.000384767332704468,0.699854212223765,FLOAT
"all_mutualistic_(0.5,0.5,0.5)",0.5,0.5,0.5,0.666779070431024,4.5,48111126.6811615,118002089215.272,0.000407714155765723,0.000407714193885093,0.699854212223765,FLOAT
"all_mutualistic_(0.5,0.5,0.5)",0.5,0.5,0.5,0.666785774681232,4.5,42847217.9397385,99176621075.7887,0.000432029373222341,0.000432029418576335,0.699854212223765,FLOAT
"all_mutualistic_(0.5,0.5,0.5)",0.5,0.5,0.5,0.666792878802131,4.5,38159227.3224262,83354474767.6306,0.000457794532697419,0.000457794586659008,0.699854212223765,FLOAT
"all_mutualistic_(0.5,0.5,0.5)",0.5,0.5,0.5,0.66680040664375,4.5,33984145.0771984,70056515219.234,0.000485096075261977,0.000485096139464671,0.699854212223765,FLOAT
"all_mutualistic_(0.5,0.5,0.5)",0.5,0.5,0.5,0.666808383478639,4.5,30265855.1464157,58880046192.5862,0.000514025592808378,0.000514025669195663,0.699854212223765,FLOAT
"all_mutualistic_(0.5,0.5,0.5)",0.5,0.5,0.5,0.666816836086713,4.5,26954380.9524093,49486615609.9618,0.00054468013467129,0.000544680225555438,0.699854212223765,FLOAT
"all_mutualistic_(0.5,0.5,0.5)",0.5,0.5,0.5,0.666825792845157,4.5,24005213.6989617,41591766360.398,0.000577162532448146,0.000577162640580191,0.699854212223765,FLOAT
"all_mutualistic_(0.5,0.5,0.5)",0.5,0.5,0.5,0.666835283823696,4.5,21378714.1603306,34956422209.4921,0.000611581744120185,0.000611581872773165,0.699854212223765,FLOAT
"all_mutualistic_(0.5,0.5,0.5)",0.5,0.5,0.5,0.666845340885544,4.5,19039579.9187429,29379647959.5699,0.00064805321860425,0.000648053371672244,0.699854212223765,FLOAT
"all_mutualistic_(0.5,0.5,0.5)",0.5,0.5,0.5,0.666855997794376,4.5,16956370.8892984,24692564618.1951,0.000686699281932588,0.000686699464048538,0.699854212223765,FLOAT
"all_mutualistic_(0.5,0.5,0.5)",0.5,0.5,0.5,0.666867290327678,4.5,15101086.7553719,20753235309.8042,0.000727649546358308,0.000727649763034191,0.699854212223765,FLOAT
"all_mutualistic_(0.5,0.5,0.5)",0.5,0.5,0.5,0.666879256396864,4.5,13448790.6352869,17442367064.0364,0.000771041343722552,0.000771041601516136,0.699854212223765,FLOAT
"all_mutualistic_(0.5,0.5,0.5)",0.5,0.5,0.5,0.666891936174548,4.5,11977273.9223785,14659698319.5748,0.00081702018451922,0.000817020491232449,0.699854212223765,FLOAT
"all_mutualistic_(0.5,0.5,0.5)",0.5,0.5,0.5,0.666905372229415,4.5,10666757.7934262,12320962747.3083,0.000865740244174698,0.000865740609089702,0.699854212223765,FLOAT
"all_mutualistic_(0.5,0.5,0.5)",0.5,0.5,0.5,0.666919609669129,4.5,9499627.3741636,10355337450.4193,0.000917364878138963,0.000917365312298823,0.699854212223765,FLOAT
"all_mutualistic_(0.5,0.5,0.5)",0.5,0.5,0.5,0.666934696291775,4.5,8460194.98869852,8703298265.84248,0.000972067167487093,0.000972067684029851,0.699854212223765,FLOAT
"all_mutualistic_(0.5,0.5,0.5)",0.5,0.5,0.5,0.666950682746323,4.5,7534489.31094129,7314817220.26782,0.00103003049682499,0.00103003111138099,0.699854212223765,FLOAT
"all_mutualistic_(0.5,0.5,0.5)",0.5,0.5,0.5,0.666967622702667,4.5,6710067.58430393,6147847555.22628,0.00109144916638527,0.00109144989754987,0.699854212223765,FLOAT
"all_mutualistic_(0.5,0.5,0.5)",0.5,0.5,0.5,0.666985573031808,4.5,5975848.3856543,5167050443.50672,0.00115652904034803,0.00115652991024386,0.699854212223765,FLOAT
"all_mutualistic_(0.5,0.5,0.5)",0.5,0.5,0.5,0.667004593996783,4.5,5321962.68609769,4342724839.21366,0.00122548823346036,0.00122548926840627,0.699854212223765,FLOAT
"all_mutualistic_(0.5,0.5,0.5)",0.5,0.5,0.5,0.667024749454976,4.5,4739621.20656486,3649908053.98175,0.00129855783825509,0.00129855906956186,0.699854212223765,FLOAT
"all_mutualistic_(0.5,0.5,0.5)",0.5,0.5,0.5,0.667046107072505,4.5,4220996.28565632,3067619822.9786,0.00137598269519257,0.00137598416010945,0.699854212223765,FLOAT
"all_mutualistic_(0.5,0.5,0.5)",0.5,0.5,0.5,0.667068738551391,4.5,3759116.67184747,2578226968.77327,0.00145802220826088,0.00145802395110159,0.699854212223765,FLOAT
"all_mutualistic_(0.5,0.5,0.5)",0.5,0.5,0.5,0.667092719870275,4.5,3347773.82616243,2166909423.6217,0.00154495120867552,0.00154495328215753,0.699854212223765,FLOAT
"all_mutualistic_(0.5,0.5,0.5)",0.5,0.5,0.5,0.667118131539495,4.5,2981438.47592774,1821211439.89407,0.00163706086947703,0.00163706333631484,0.699854212223765,FLOAT
"all_mutualistic_(0.5,0.5,0.5)",0.5,0.5,0.5,0.667145058871377,4.5,2655186.29810896,1530664398.16737,0.00173465967399119,0.00173466260879129,0.699854212223765,FLOAT
"all_mutualistic_(0.5,0.5,0.5)",0.5,0.5,0.5,0.667173592266644,4.5,2364631.7333973,1286469790.65276,0.00183807444127297,0.00183807793278805,0.699854212223765,FLOAT
"all_mutualistic_(0.5,0.5,0.5)",0.5,0.5,0.5,0.667203827517915,4.5,2105869.04145275,1081232779.85533,0.00194765141184394,0.00194765556565397,0.699854212223765,FLOAT
"all_mutualistic_(0.5,0.5,0.5)",0.5,0.5,0.5,0.667235866131295,4.5,1875419.8051259,908738263.986438,0.00206375739719132,0.00206376233889265,0.699854212223765,FLOAT
"all_mutualistic_(0.5,0.5,0.5)",0.5,0.5,0.5,0.667269815667157,4.5,1670186.17806262,763762667.776305,0.00218678099672751,0.00218678687572589,0.699854212223765,FLOAT
"all_mutualistic_(0.5,0.5,0.5)",0.5,0.5,0.5,0.667305790101244,4.5,1487409.2473429,641915759.250131,0.00231713388608429,0.00231714088010622,0.699854212223765,FLOAT
"all_mutualistic_(0.5,0.5,0.5)",0.5,0.5,0.5,0.667343910207308,4.5,1324631.95152918,539507702.269354,0.00245525218084186,0.0024552605013002,0.699854212223765,FLOAT
"all_mutualistic_(0.5,0.5,0.5)",0.5,0.5,0.5,0.667384303962572,4.5,1179666.0557467,453437318.856276,0.00260159788000996,0.00260160777838538,0.699854212223765,FLOAT
"all_mutualistic_(0.5,0.5,0.5)",0.5,0.5,0.5,0.667427106977381,4.5,1050562.73991,381098177.588274,0.00275666039382103,0.00275667216925133,0.699854212223765,FLOAT
"all_mutualistic_(0.5,0.5,0.5)",0.5,0.5,0.5,0.66747246295047,4.5,935586.404812782,320299664.187707,0.002920958160633,0.00292097216893894,0.699854212223765,FLOAT
"all_mutualistic_(0.5,0.5,0.5)",0.5,0.5,0.5,0.667520524151393,4.5,833191.344011686,269200644.114163,0.00309504035802392,0.00309505702244288,0.699854212223765,FLOAT
"all_mutualistic_(0.5,0.5,0.5)",0.5,0.5,0.5,0.667571451931725,4.5,742000.96797606,226253708.302262,0.00327948871336285,0.00327950853731329,0.699854212223765,FLOAT
"all_mutualistic_(0.5,0.5,0.5)",0.5,0.5,0.5,0.667625417266748,4.5,660789.301265677,190158313.655453,0.0034749194195111,0.00347494300177146,0.699854212223765,FLOAT
"all_mutualistic_(0.5,0.5,0.5)",0.5,0.5,0.5,0.66768260132946,4.5,588464.504050238,159821399.272828,0.00368198516154037,0.00368201321429856,0.699854212223765,FLOAT
"all_mutualistic_(0.5,0.5,0.5)",0.5,0.5,0.5,0.667743196098802,4.5,524054.196498727,134324285.769671,0.00390137726065057,0.00390141063096612,0.699854212223765,FLOAT
"all_mutualistic_(0.5,0.5,0.5)",0.5,0.5,0.5,0.667807405004176,4.5,466692.388787852,112894855.314252,0.00413382794185805,0.00413386763718129,0.699854212223765,FLOAT
"all_mutualistic_(0.5,0.5,0.5)",0.5,0.5,0.5,0.667875443608401,4.5,415607.841066589,94884169.9248588,0.00438011273225264,0.0043801599507665,0.699854212223765,FLOAT
"all_mutualistic_(0.5,0.5,0.5)",0.5,0.5,0.5,0.667947540331402,4.5,370113.696929865,79746819.9672021,0.00464105299705769,0.00464110916375203,0.699854212223765,FLOAT
"all_mutualistic_(0.5,0.5,0.5)",0.5,0.5,0.5,0.668023937217061,4.5,329598.251069486,67024407.7554315,0.00491751862099237,0.004917585430552,0.699854212223765,FLOAT
"all_mutualistic_(0.5,0.5,0.5)",0.5,0.5,0.5,0.668104890745814,4.5,293516.727016745,56331666.0973202,0.00521043084286915,0.00521051031066003,0.699854212223765,FLOAT
"all_mutualistic_(0.5,0.5,0.5)",0.5,0.5,0.5,0.668190672695706,4.5,261383.954464476,47344791.4178764,0.00552076525168148,0.00552085977436121,0.699854212223765,FLOAT
"all_mutualistic_(0.5,0.5,0.5)",0.5,0.5,0.5,0.66828157105481,4.5,232767.847749447,39791638.158753,0.00584955495282224,0.00584966738038767,0.699854212223765,FLOAT
"all_mutualistic_(0.5,0.5,0.5)",0.5,0.5,0.5,0.668377890988062,4.5,207283.597841534,33443477.5143866,0.00619789391348104,0.00619802763490626,0.699854212223765,FLOAT
"all_mutualistic_(0.5,0.5,0.5)",0.5,0.5,0.5,0.668479955861763,4.5,184588.499777659,28108070.9386107,0.00656694049662928,0.00656709954165152,0.699854212223765,FLOAT
"all_mutualistic_(0.5,0.5,0.5)",0.5,0.5,0.5,0.668588108329191,4.5,164377.346017529,23623848.6695723,0.00695792119342046,0.00695811035351106,0.699854212223765,FLOAT
"all_mutualistic_(0.5,0.5,0.5)",0.5,0.5,0.5,0.668702711480957,4.5,146378.323806171,19855016.9840226,0.00737213456420429,0.00737235953633089,0.699854212223765,FLOAT
"all_mutualistic_(0.5,0.5,0.5)",0.5,0.5,0.5,0.668824150063978,4.5,130349.361400017,16687446.0159016,0.00781095539875361,0.00781122295621546,0.699854212223765,FLOAT
"all_mutualistic_(0.5,0.5,0.5)",0.5,0.5,0.5,0.668952831773153,4.5,116074.874048805,14025213.6120059,0.00827583910670154,0.00827615730212069,0.699854212223765,FLOAT
"all_mutualistic_(0.5,0.5,0.5)",0.5,0.5,0.5,0.669089188620082,4.5,103362.865996093,11787700.563786,0.00876832634950848,0.00876870475601001,0.699854212223765,FLOAT
"all_mutualistic_(0.5,0.5,0.5)",0.5,0.5,0.5,0.669233678383419,4.5,92042.3495476144,9907149.25142492,0.00929004792570299,0.00929049792344414,0.699854212223765,FLOAT
"all_mutualistic_(0.5,0.5,0.5)",0.5,0.5,0.5,0.669386786145729,4.5,81961.0465178797,8326611.76976753,0.00984272992139904,0.00984326503794327,0.699854212223765,FLOAT
"all_mutualistic_(0.5,0.5,0.5)",0.5,0.5,0.5,0.669549025922018,4.5,72983.3411603684,6998225.40003101,0.0104281991384475,0.0104288354530629,0.699854212223765,FLOAT
"all_mutualistic_(0.5,0.5,0.5)",0.5,0.5,0.5,0.669720942385384,4.5,64988.4570674546,5881763.20424494,0.0110483888127806,0.0110491454366187,0.699854212223765,FLOAT
"all_mutualistic_(0.5,0.5,0.5)",0.5,0.5,0.5,0.669903112695601,4.5,57868.833535516,4943415.85063175,0.0117053446357688,0.0117062442821032,0.699854212223765,FLOAT
"all_mutualistic_(0.5,0.5,0.5)",0.5,0.5,0.5,0.670096148436769,4.5,51528.6795724898,4154767.78054709,0.0124012310914872,0.0124023007528244,0.699854212223765,FLOAT
"all_mutualistic_(0.5,0.5,0.5)",0.5,0.5,0.5,0.670300697670525,4.5,45882.6861121481,3491936.7126569,0.0131383381229044,0.0131396098748988,0.699854212223765,FLOAT
"all_mutualistic_(0.5,0.5,0.5)",0.5,0.5,0.5,0.670517447111728,4.5,40854.8791260225,2934850.42636098,0.0139190881398924,0.0139206000956853,0.699854212223765,FLOAT
"all_mutualistic_(0.5,0.5,0.5)",0.5,0.5,0.5,0.670747124433902,4.5,36377.5982175327,2466638.92359464,0.0147460433818668,0.0147478408248417,0.699854212223765,FLOAT
"all_mutualistic_(0.5,0.5,0.5)",0.5,0.5,0.5,0.67099050071219,4.5,32390.5869695403,2073123.56212515,0.0156219136475169,0.0156240503756259,0.699854212223765,FLOAT
"all_mutualistic_(0.5,0.5,0.5)",0.5,0.5,0.5,0.671248393012015,4.5,28840.1828184963,1742387.68999064,0.0165495644035978,0.0165521043245267,0.699854212223765,FLOAT
"all_mutualistic_(0.5,0.5,0.5)",0.5,0.5,0.5,0.671521667132144,4.5,25678.5955660565,1464415.77878762,0.017532025284121,0.0175350443077823,0.699854212223765,FLOAT
"all_mutualistic_(0.5,0.5,0.5)",0.5,0.5,0.5,0.671811240511352,4.5,22863.2648304689,1230790.12784725,0.0185724989903001,0.0185760872736756,0.699854212223765,FLOAT
"all_mutualistic_(0.5,0.5,0.5)",0.5,0.5,0.5,0.67211808530846,4.5,20356.2878009541,1034435.95472219,0.0196743706004375,0.0196786352098724,0.699854212223765,FLOAT
"all_mutualistic_(0.5,0.5,0.5)",0.5,0.5,0.5,0.672443231666078,4.5,18123.9096032661,869407.152672445,0.0208412172973813,0.0208462853653269,0.699854212223765,FLOAT
"all_mutualistic_(0.5,0.5,0.5)",0.5,0.5,0.5,0.672787771169006,4.5,16136.0694261842,730706.227340887,0.0220768185192184,0.022082840986459,0.699854212223765,FLOAT
"all_mutualistic_(0.5,0.5,0.5)",0.5,0.5,0.5,0.673152860508921,4.5,14365.9963081079,614132.959837236,0.0233851665365161,0.023392322587466,0.699854212223765,FLOAT
"all_mutualistic_(0.5,0.5,0.5)",0.5,0.5,0.5,0.673539725367628,4.5,12789.8491504651,516157.213364338,0.0247704774564273,0.0247789797745928,0.699854212223765,FLOAT
"all_mutualistic_(0.5,0.5,0.5)",0.5,0.5,0.5,0.673949664531935,4.5,11386.3961190371,433812.031643598,0.0262372026504788,0.0262473036441545,0.699854212223765,FLOAT
"all_mutualistic_(0.5,0.5,0.5)",0.5,0.5,0.5,0.674384054253956,4.5,10136.7291237576,364603.791888048,0.027790040598512,0.0278020397738213,0.699854212223765,FLOAT
"all_mutualistic_(0.5,0.5,0.5)",0.5,0.5,0.5,0.674844352871474,4.5,9024.0095390118,306436.691524315,0.02943394913617,0.0294482018263657,0.699854212223765,FLOAT
"all_mutualistic_(0.5,0.5,0.5)",0.5,0.5,0.5,0.675332105703892,4.5,8033.24174637553,257549.28192855,0.0311741580872057,0.0311910857845224,0.699854212223765,FLOAT
"all_mutualistic_(0.5,0.5,0.5)",0.5,0.5,0.5,0.675848950240194,4.5,7151.07145569979,216461.127255394,0.0330161822546909,0.0330362848349325,0.699854212223765,FLOAT
"all_mutualistic_(0.5,0.5,0.5)",0.5,0.5,0.5,0.676396621636343,4.5,6365.60609349496,181927.973052862,0.0349658347367115,0.0349897049182499,0.699854212223765,FLOAT
"all_mutualistic_(0.5,0.5,0.5)",0.5,0.5,0.5,0.676976958540561,4.5,5666.25484418451,152904.067054062,0.0370292405221961,0.0370575809614083,0.699854212223765,FLOAT
"all_mutualistic_(0.5,0.5,0.5)",0.5,0.5,0.5,0.677591909266059,4.5,5043.58619395503,128510.491122959,0.0392128503108733,0.0392464938067142,0.699854212223765,FLOAT
"all_mutualistic_(0.5,0.5,0.5)",0.5,0.5,0.5,0.67824353833194,4.5,4489.20106219666,108008.5453645,0.0415234544878514,0.0415633878509038,0.699854212223765,FLOAT
"all_mutualistic_(0.5,0.5,0.5)",0.5,0.5,0.5,0.678934033394218,4.5,3995.6198150375,90777.3784017908,0.0439681971675668,0.0440155894054622,0.699854212223765,FLOAT
"all_mutualistic_(0.5,0.5,0.5)",0.5,0.5,0.5,0.679665712590243,4.5,3556.18164208401,76295.1864079237,0.0465545902037542,0.0466108257874926,0.699854212223765,FLOAT
"all_mutualistic_(0.5,0.5,0.5)",0.5,0.5,0.5,0.680441032321174,4.5,3164.95494365383,64123.4115510402,0.0492905270411217,0.0493572451480476,0.699854212223765,FLOAT
"all_mutualistic_(0.5,0.5,0.5)",0.5,0.5,0.5,0.681262595498641,4.5,2816.65752379293,53893.4613411193,0.0521842962604504,0.0522634370422946,0.699854212223765,FLOAT
"all_mutualistic_(0.5,0.5,0.5)",0.5,0.5,0.5,0.68213316028326,4.5,2506.58551617164,45295.5467062869,0.0552445946413582,0.0553384537430417,0.699854212223765,FLOAT
"all_mutualistic_(0.5,0.5,0.5)",0.5,0.5,0.5,0.683055649344363,4.5,2230.55008734832,38069.3007871234,0.0584805395356581,0.0585918322960842,0.699854212223765,FLOAT
"all_mutualistic_(0.5,0.5,0.5)",0.5,0.5,0.5,0.684033159672015,4.5,1984.82106642586,31995.894361973,0.0619016803087457,0.0620336173126267,0.699854212223765,FLOAT
"all_mutualistic_(0.5,0.5,0.5)",0.5,0.5,0.5,0.68506897297426,4.5,1766.0767432375,26891.4091382116,0.0655180085662561,0.0656743844906206,0.699854212223765,FLOAT
"all_mutualistic_(0.5,0.5,0.5)",0.5,0.5,0.5,0.686166566694507,4.5,1571.35916011571,22601.2682357685,0.0693399668380685,0.0695252648534516,0.699854212223765,FLOAT
"all_mutualistic_(0.5,0.5,0.5)",0.5,0.5,0.5,0.687329625686041,4.5,1398.03429614515,18995.5552036823,0.0733784553411728,0.0735979696910432,0.699854212223765,FLOAT
"all_mutualistic_(0.5,0.5,0.5)",0.5,0.5,0.5,0.68856205458285,4.5,1243.75660856842,15965.079817547,0.0776448363865822,0.0779048161852236,0.699854212223765,FLOAT
"all_mutualistic_(0.5,0.5,0.5)",0.5,0.5,0.5,0.689867990908302,4.5,1106.43745458574,13418.0715201201,0.0821509359332715,0.0824587536984479,0.699854212223765,FLOAT
"all_mutualistic_(0.5,0.5,0.5)",0.5,0.5,0.5,0.691251818965688,4.5,984.216968953395,11277.4003740273,0.0869090417236951,0.0872733907027122,0.699854212223765,FLOAT
"all_mutualistic_(0.5,0.5,0.5)",0.5,0.5,0.5,0.692718184557244,4.5,875.439019241599,9478.24136988489,0.091931897361072,0.0923630223242807,0.699854212223765,FLOAT
"all_mutualistic_(0.5,0.5,0.5)",0.5,0.5,0.5,0.694272010581095,4.5,778.628901987055,7966.1113591272,0.0972326916082877,0.0977426584797787,0.699854212223765,FLOAT
"all_mutualistic_(0.5,0.5,0.5)",0.5,0.5,0.5,0.695918513558455,4.5,692.473479821858,6695.21916483494,0.102825042102754,0.103428052580999,0.699854212223765,FLOAT
"all_mutualistic_(0.5,0.5,0.5)",0.5,0.5,0.5,0.697663221146592,4.5,615.803492476345,5627.07890770371,0.108722972591594,0.109435730789786,0.699854212223765,FLOAT
"all_mutualistic_(0.5,0.5,0.5)",0.5,0.5,0.5,0.699511990696333,4.5,547.577803778252,4729.34455510968,0.114940882698657,0.115783021811477,0.699854212223765,FLOAT
"all_mutualistic_(0.5,0.5,0.5)",0.5,0.5,0.5,0.701471028916427,4.5,486.869372798715,3974.83040044227,0.121493509140948,0.122488087226198,0.699854212223765,FLOAT
"all_mutualistic_(0.5,0.5,0.5)",0.5,0.5,0.5,0.703546912710775,4.5,432.852760475007,3340.68781030649,0.12839587722001,0.12956995237316,0.699854212223765,FLOAT
"all_mutualistic_(0.5,0.5,0.5)",0.5,0.5,0.5,0.705746611258478,4.5,384.793003684142,2807.71330939674,0.13566324132714,0.137048537824831,0.699854212223765,FLOAT
"all_mutualistic_(0.5,0.5,0.5)",0.5,0.5,0.5,0.708077509410841,4.5,342.035707126318,2359.76705008121,0.143311013124681,0.144944691517134,0.699854212223765,FLOAT
"all_mutualistic_(0.5,0.5,0.5)",0.5,0.5,0.5,0.710547432483875,4.5,303.998219750753,1983.28405646674,0.151354676005187,0.153280221640228,0.699854212223765,FLOAT
"all_mutualistic_(0.5,0.5,0.5)",0.5,0.5,0.5,0.713164672529529,4.5,270.161777038616,1666.86344216483,0.159809684392876,0.162077930443867,0.699854212223765,FLOAT
"all_mutualistic_(0.5,0.5,0.5)",0.5,0.5,0.5,0.715938016173855,4.5,240.064503444319,1400.9231622211,0.168691346446617,0.17136164917404,0.699854212223765,FLOAT
"all_mutualistic_(0.5,0.5,0.5)",0.5,0.5,0.5,0.718876774115565,4.5,213.295180862128,1177.40984421312,0.178014688760843,0.181156274436176,0.699854212223765,FLOAT
"all_mutualistic_(0.5,0.5,0.5)",0.5,0.5,0.5,0.721990812384003,4.5,189.487699285343,989.554911459617,0.187794301752412,0.191487806377358,0.699854212223765,FLOAT
"all_mutualistic_(0.5,0.5,0.5)",0.5,0.5,0.5,0.725290585461487,4.5,168.316114998528,831.669613127401,0.198044164580907,0.20238338919898,0.699854212223765,FLOAT
"all_mutualistic_(0.5,0.5,0.5)",0.5,0.5,0.5,0.728787171381207,4.5,149.490249812869,698.972754223213,0.208777448692057,0.213871354655306,0.699854212223765,FLOAT
"all_mutualistic_(0.5,0.5,0.5)",0.5,0.5,0.5,0.732492308918514,4.5,132.75177213043,587.445908693286,0.220006299414495,0.225981269366098,0.699854212223765,FLOAT
"all_mutualistic_(0.5,0.5,0.5)",0.5,0.5,0.5,0.736418437000464,4.5,117.870707102712,493.711731112544,0.231741595494632,0.238743986976162,0.699854212223765,FLOAT
"all_mutualistic_(0.5,0.5,0.5)",0.5,0.5,0.5,0.740578736465914,4.5,104.642328919539,414.931681929526,0.243992687038068,0.252191706434487,0.699854212223765,FLOAT
"all_mutualistic_(0.5,0.5,0.5)",0.5,0.5,0.5,0.744987174316374,4.5,92.8843934035743,348.720069125257,0.256767113051193,0.266358037943068,0.699854212223765,FLOAT
"all_mutualistic_(0.5,0.5,0.5)",0.5,0.5,0.5,0.749658550606174,4.5,82.4346736626769,293.071803247007,0.270070300652236,0.281278078441409,0.699854212223765,FLOAT
"all_mutualistic_(0.5,0.5,0.5)",0.5,0.5,0.5,0.754608548129361,4.5,73.1487656284125,246.301678053709,0.283905249049447,0.296988498845963,0.699854212223765,FLOAT
"all_mutualistic_(0.5,0.5,0.5)",0.5,0.5,0.5,0.759853785070145,4.5,64.898133939172,206.993338034802,0.298272202559037,0.313527645649449,0.699854212223765,FLOAT
"all_mutualistic_(0.5,0.5,0.5)",0.5,0.5,0.5,0.765411870793641,4.5,57.5683718592477,173.956387407375,0.313168318239139,0.330935659892918,0.699854212223765,FLOAT
"all_mutualistic_(0.5,0.5,0.5)",0.5,0.5,0.5,0.771301464964215,4.5,51.0576518043782,146.190341741018,0.328587335116155,0.349254616935153,0.699854212223765,FLOAT
"all_mutualistic_(0.5,0.5,0.5)",0.5,0.5,0.5,0.777542340189913,4.5,45.2753456083936,122.854330571822,0.344519253426468,0.368528690829706,0.699854212223765,FLOAT
"all_mutualistic_(0.5,0.5,0.5)",0.5,0.5,0.5,0.784155448403264,4.5,40.1407959491345,103.241633521253,0.360950033720713,0.388804347432873,0.699854212223765,FLOAT
"all_mutualistic_(0.5,0.5,0.5)",0.5,0.5,0.5,0.791162991201332,4.5,35.5822223854883,86.7582788060433,0.377861326989069,0.410130570536512,0.699854212223765,FLOAT
"all_mutualistic_(0.5,0.5,0.5)",0.5,0.5,0.5,0.798588494381158,4.5,31.5357472685219,72.9050560442813,0.395230248053895,0.432559125245959,0.699854212223765,FLOAT
"all_mutualistic_(0.5,0.5,0.5)",0.5,0.5,0.5,0.806456886920807,4.5,27.9445284026364,61.262398655707,0.413029205210997,0.456144862359763,0.699854212223765,FLOAT
"all_mutualistic_(0.5,0.5,0.5)",0.5,0.5,0.5,0.814794584671205,4.5,24.7579867691183,51.4776780519502,0.431225799340614,0.480946066451035,0.699854212223765,FLOAT
"all_mutualistic_(0.5,0.5,0.5)",0.5,0.5,0.5,0.823629579039712,4.5,21.9311189037207,43.2545248464195,0.449782805305925,0.50702484841967,0.699854212223765,FLOAT
"all_mutualistic_(0.5,0.5,0.5)",0.5,0.5,0.5,0.83299153096317,4.5,19.4238846591843,36.3438536954233,0.468658247268899,0.534447580104317,0.699854212223765,FLOAT
"all_mutualistic_(0.5,0.5,0.5)",0.5,0.5,0.5,0.842911870485915,4.5,17.2006620982067,30.536319970645,0.487805577459728,0.563285363617554,0.699854212223765,FLOAT
"all_mutualistic_(0.5,0.5,0.5)",0.5,0.5,0.5,0.853423902277057,4.5,15.2297621659565,25.6559798205365,0.507173964854179,0.593614520766256,0.699854212223765,FLOAT
"all_mutualistic_(0.5,0.5,0.5)",0.5,0.5,0.5,0.864562917441269,4.5,13.4829965959358,21.5549616175715,0.526708696118126,0.625517077466957,0.699854212223765,FLOAT
"all_mutualistic_(0.5,0.5,0.5)",0.5,0.5,0.5,0.876366311998457,4.5,11.9352932196615,18.1089874132313,0.546351686124169,0.659081203565309,0.699854212223765,FLOAT
"all_mutualistic_(0.5,0.5,0.5)",0.5,0.5,0.5,0.888873712430073,4.5,10.5643534888976,15.2136087608138,0.566042089485158,0.69440154896769,0.699854212223765,FLOAT
"all_mutualistic_(0.5,0.5,0.5)",0.5,0.5,0.5,0.9,4.5,9.53088744829292,13.134661053094,0.582638671901338,0.725628732234989,0.699854212223765,FLOAT
"all_mutualistic_(0.5,0.5,0.5)",0.5,0.5,0.5,0.902127108713561,4.5,9.35034758761975,12.7810428976376,0.58571699815774,0.731579391643233,0.699854212223765,FLOAT
"all_mutualistic_(0.5,0.5,0.5)",0.5,0.5,0.5,0.912667383761716,4.5,8.52600921145913,11.2039844013146,0.600539764184064,0.760980103690498,0.699854212223765,FLOAT
"all_mutualistic_(0.5,0.5,0.5)",0.5,0.5,0.5,0.916170995291558,4.5,8.27564301718864,10.7375134589485,0.605312203658977,0.770722481403908,0.699854212223765,FLOAT
"all_mutualistic_(0.5,0.5,0.5)",0.5,0.5,0.5,0.923730141409766,4.5,7.77113311925144,9.81584538346093,0.615355203789192,0.791692698455224,0.699854212223765,FLOAT
"all_mutualistic_(0.5,0.5,0.5)",0.5,0.5,0.5,0.931052520449102,4.5,7.32456298916068,9.02101517780402,0.6247629963792,0.81194442585382,0.699854212223765,FLOAT
"all_mutualistic_(0.5,0.5,0.5)",0.5,0.5,0.5,0.933391537091908,4.5,7.18989219418045,8.78529068575719,0.627703554188451,0.818401172067851,0.699854212223765,FLOAT
"all_mutualistic_(0.5,0.5,0.5)",0.5,0.5,0.5,0.941829086706256,4.5,6.73335946418109,8.00024070086268,0.638058823677655,0.841644609949676,0.699854212223765,FLOAT
"all_mutualistic_(0.5,0.5,0.5)",0.5,0.5,0.5,0.946821644600358,4.5,6.48317136187043,7.57943487317437,0.644004969595648,0.855363423573452,0.699854212223765,FLOAT
"all_mutualistic_(0.5,0.5,0.5)",0.5,0.5,0.5,0.94919781953087,4.5,6.36891096605428,7.38952215074968,0.646788938984043,0.861884007669987,0.699854212223765,FLOAT
"all_mutualistic_(0.5,0.5,0.5)",0.5,0.5,0.5,0.955633126690214,4.5,6.07405157413781,6.9061337068907,0.654182919939165,0.879515490422279,0.699854212223765,FLOAT
"all_mutualistic_(0.5,0.5,0.5)",0.5,0.5,0.5,0.961253248795439,4.5,5.83282111639404,6.51798791413128,0.660470316527044,0.894880627769841,0.699854212223765,FLOAT
"all_mutualistic_(0.5,0.5,0.5)",0.5,0.5,0.5,0.963531308016255,4.5,5.73908121478897,6.36897183409148,0.662974792978249,0.901100109136791,0.699854212223765,FLOAT
"all_mutualistic_(0.5,0.5,0.5)",0.5,0.5,0.5,0.966161448465718,4.5,5.63361422150983,6.20254451121713,0.665835291847625,0.908274694574395,0.699854212223765,FLOAT
"all_mutualistic_(0.5,0.5,0.5)",0.5,0.5,0.5,0.970447907647971,4.5,5.46781002714071,5.94357266258315,0.670426956831465,0.91995342490931,0.699854212223765,FLOAT
"all_mutualistic_(0.5,0.5,0.5)",0.5,0.5,0.5,0.974191384595819,4.5,5.32888395851401,5.7291287955119,0.674367048872855,0.930138621196396,0.699854212223765,FLOAT
"all_mutualistic_(0.5,0.5,0.5)",0.5,0.5,0.5,0.977460660952652,4.5,5.21181620075307,5.55025482658989,0.677755705312295,0.939022867163605,0.699854212223765,FLOAT
"all_mutualistic_(0.5,0.5,0.5)",0.5,0.5,0.5,0.980315805527134,4.5,5.11268820899378,5.4001174426345,0.680675854031379,0.94677352174391,0.699854212223765,FLOAT
"all_mutualistic_(0.5,0.5,0.5)",0.5,0.5,0.5,0.981237608556118,4.5,5.0812844735482,5.35280980096392,0.681610920619326,0.949274243339111,0.699854212223765,FLOAT
"all_mutualistic_(0.5,0.5,0.5)",0.5,0.5,0.5,0.982809277981414,4.5,5.0284015302222,5.273425305435,0.68319658861564,0.953536124810516,0.699854212223765,FLOAT
"all_mutualistic_(0.5,0.5,0.5)",0.5,0.5,0.5,0.984986892710918,4.5,4.95647805142936,5.16602593550056,0.68537578958737,0.959437314739131,0.699854212223765,FLOAT
"all_mutualistic_(0.5,0.5,0.5)",0.5,0.5,0.5,0.986888660625784,4.5,4.89491559741001,5.07462146029497,0.687262179883235,0.964587336357791,0.699854212223765,FLOAT
"all_mutualistic_(0.5,0.5,0.5)",0.5,0.5,0.5,0.988549524300617,4.5,4.84208186867806,4.9965646428857,0.688896951442421,0.969082202423298,0.699854212223765,FLOAT
"all_mutualistic_(0.5,0.5,0.5)",0.5,0.5,0.5,0.99,4.5,4.79663539679442,4.92971016060242,0.690315063480365,0.973005560271775,0.699854212223765,FLOAT
"all_mutualistic_(0.5,0.5,0.5)",0.5,0.5,0.5,0.991266738376172,4.5,4.75746583963807,4.87230456506735,0.691546287087526,0.976430306460593,0.699854212223765,FLOAT
"all_mutualistic_(0.5,0.5,0.5)",0.5,0.5,0.5,0.992373014140977,4.5,4.72364832245618,4.82290375278973,0.69261605207116,0.979419985257609,0.699854212223765,FLOAT
"all_mutualistic_(0.5,0.5,0.5)",0.5,0.5,0.5,0.993339153709191,4.5,4.69440811718716,4.78031028715622,0.693546138314981,0.982030001232376,0.699854212223765,FLOAT
"all_mutualistic_(0.5,0.5,0.5)",0.5,0.5,0.5,0.994182908670626,4.5,4.66909302648628,4.74352523866194,0.694355243897393,0.98430867162485,0.699854212223765,FLOAT
"all_mutualistic_(0.5,0.5,0.5)",0.5,0.5,0.5,0.994919781953087,4.5,4.64715157693412,4.71171077657518,0.69505945476454,0.986298140377796,0.699854212223765,FLOAT
"all_mutualistic_(0.5,0.5,0.5)",0.5,0.5,0.5,0.995563312669021,4.5,4.62811564029762,4.68416081619141,0.695672635184551,0.988035172554267,0.699854212223765,FLOAT
"all_mutualistic_(0.5,0.5,0.5)",0.5,0.5,0.5,0.996125324879544,4.5,4.61158646491457,4.66027776845333,0.696206754008197,0.989551845199365,0.699854212223765,FLOAT
"all_mutualistic_(0.5,0.5,0.5)",0.5,0.5,0.5,0.996616144846572,4.5,4.59722335883762,4.6395539604131,0.696672158567356,0.990876148453781,0.699854212223765,FLOAT
"all_mutualistic_(0.5,0.5,0.5)",0.5,0.5,0.5,0.997044790764797,4.5,4.58473445397828,4.62155666598187,0.697077805596555,0.992032508813614,0.699854212223765,FLOAT
"all_mutualistic_(0.5,0.5,0.5)",0.5,0.5,0.5,0.997419138459582,4.5,4.573869117524,4.60591595319798,0.69743145667507,0.993042244800031,0.699854212223765,FLOAT
"all_mutualistic_(0.5,0.5,0.5)",0.5,0.5,0.5,0.997746066095265,4.5,4.56441167799465,4.59231474815182,0.697739844219901,0.993923963907657,0.699854212223765,FLOAT
"all_mutualistic_(0.5,0.5,0.5)",0.5,0.5,0.5,0.998031580552713,4.5,4.55617620858906,4.58048065805169,0.698008812912353,0.994693908505016,0.699854212223765,FLOAT
"all_mutualistic_(0.5,0.5,0.5)",0.5,0.5,0.5,0.998280927798141,4.5,4.54900216703941,4.57017920139982,0.698243440534916,0.995366257333207,0.699854212223765,FLOAT
"all_mutualistic_(0.5,0.5,0.5)",0.5,0.5,0.5,0.998498689271092,4.5,4.54275073405996,4.56120817211919,0.698448141478773,0.99595338836494,0.699854212223765,FLOAT
"all_mutualistic_(0.5,0.5,0.5)",0.5,0.5,0.5,0.998688866062578,4.5,4.53730172523084,4.55339292394889,0.698626755607956,0.996466108023882,0.699854212223765,FLOAT
"all_mutualistic_(0.5,0.5,0.5)",0.5,0.5,0.5,0.998854952430062,4.5,4.53255097638185,4.54658240664692,0.698782624705842,0.99691385110615,0.699854212223765,FLOAT
"all_mutualistic_(0.5,0.5,0.5)",0.5,0.5,0.5,0.999,4.5,4.52840812211707,4.54064582019291,0.698918658357566,0.997304855176897,0.699854212223765,FLOAT
"all_mutualistic_(0.5,0.5,0.5)",0.5,0.5,0.5,0.999126673837617,4.5,4.52479470242392,4.53546977994249,0.69903739081885,0.997646312722492,0.699854212223765,FLOAT
"all_mutualistic_(0.5,0.5,0.5)",0.5,0.5,0.5,0.999237301414098,4.5,4.52164254436123,4.53095590650124,0.699141030173236,0.997944503912154,0.699854212223765,FLOAT
"all_mutualistic_(0.5,0.5,0.5)",0.5,0.5,0.5,0.999333915370919,4.5,4.51889237537618,4.52701877039648,0.699231500876813,0.998204912452883,0.699854212223765,FLOAT
"all_mutualistic_(0.5,0.5,0.5)",0.5,0.5,0.5,0.999418290867063,4.5,4.51649263242809,4.52358413449409,0.699310480620967,0.998432326700432,0.699854212223765,FLOAT
"all_mutualistic_(0.5,0.5,0.5)",0.5,0.5,0.5,0.999491978195309,4.5,4.51439843722713,4.52058744733133,0.699379432301841,0.998630927910076,0.699854212223765,FLOAT
"all_mutualistic_(0.5,0.5,0.5)",0.5,0.5,0.5,0.999556331266902,4.5,4.51257071285325,4.5179725487122,0.699439631771414,0.99880436726857,0.699854212223765,FLOAT
"all_mutualistic_(0.5,0.5,0.5)",0.5,0.5,0.5,0.999612532487954,4.5,4.51097542105371,4.51569055549173,0.699492191942925,0.998955833137795,0.699854212223765,FLOAT
"all_mutualistic_(0.5,0.5,0.5)",0.5,0.5,0.5,0.999661614484657,4.5,4.50958290281844,4.51369890080484,0.699538083745813,0.99908810975724,0.699854212223765,FLOAT
"all_mutualistic_(0.5,0.5,0.5)",0.5,0.5,0.5,0.99970447907648,4.5,4.5083673075488,4.51196050433645,0.699578154350842,0.999203628492715,0.699854212223765,FLOAT
"all_mutualistic_(0.5,0.5,0.5)",0.5,0.5,0.5,0.999741913845958,4.5,4.50730609838242,4.51044305478709,0.699613143029053,0.999304512579681,0.699854212223765,FLOAT
"all_mutualistic_(0.5,0.5,0.5)",0.5,0.5,0.5,0.999774606609527,4.5,4.50637962310524,4.50911838861866,0.699643694959393,0.999392616188491,0.699854212223765,FLOAT
"all_mutualistic_(0.5,0.5,0.5)",0.5,0.5,0.5,0.999803158055271,4.5,4.5055707416424,4.50796195159229,0.69967037325336,0.999469558533199,0.699854212223765,FLOAT
"all_mutualistic_(0.5,0.5,0.5)",0.5,0.5,0.5,0.999828092779814,4.5,4.50486450242912,4.50695233162975,0.699693669431582,0.999536753653689,0.699854212223765,FLOAT
"all_mutualistic_(0.5,0.5,0.5)",0.5,0.5,0.5,0.999849868927109,4.5,4.50424786106517,4.50607085321854,0.699714012554596,0.99959543642061,0.699854212223765,FLOAT
"all_mutualistic_(0.5,0.5,0.5)",0.5,0.5,0.5,0.999868886606258,4.5,4.50370943558941,4.50530122499847,0.699731777180882,0.99964668524266,0.699854212223765,FLOAT
"all_mutualistic_(0.5,0.5,0.5)",0.5,0.5,0.5,0.999885495243006,4.5,4.50323929350155,4.50462923336241,0.69974729030825,0.999691441894804,0.699854212223765,FLOAT
"all_mutualistic_(0.5,0.5,0.5)",0.5,0.5,0.5,0.9999,4.5,4.50282876633152,4.50404247591496,0.699760837423712,0.999730528832724,0.699854212223765,FLOAT
"all_mutualistic_(0.5,0.5,0.5)",0.5,0.5,0.5,0.999912667383762,4.5,4.50247028813146,4.50353012949089,0.699772667784354,0.99976466431245,0.699854212223765,FLOAT
"all_mutualistic_(0.5,0.5,0.5)",0.5,0.5,0.5,0.99992373014141,4.5,4.50215725475674,4.50308274816586,0.699782999022172,0.999794475593525,0.699854212223765,FLOAT
"all_mutualistic_(0.5,0.5,0.5)",0.5,0.5,0.5,0.999933391537092,4.5,4.5018839012239,4.50269208731585,0.699792021161184,0.999820510468787,0.699854212223765,FLOAT
"all_mutualistic_(0.5,0.5,0.5)",0.5,0.5,0.5,0.999941829086706,4.5,4.50164519479601,4.50235095031554,0.699799900124984,0.999843247332935,0.699854212223765,FLOAT
"all_mutualistic_(0.5,0.5,0.5)",0.5,0.5,0.5,0.999949197819531,4.5,4.50143674175731,4.50205305492421,0.699806780797135,0.999863103975146,0.699854212223765,FLOAT
"all_mutualistic_(0.5,0.5,0.5)",0.5,0.5,0.5,0.99995563312669,4.5,4.50125470610855,4.50179291680151,0.699812789689248,0.999880445257498,0.699854212223765,FLOAT
"all_mutualistic_(0.5,0.5,0.5)",0.5,0.5,0.5,0.999961253248795,4.5,4.50109573864634,4.50156574793442,0.6998180372773,0.999895589820431,0.699854212223765,FLOAT
"all_mutualistic_(0.5,0.5,0.5)",0.5,0.5,0.5,0.999966161448466,4.5,4.5009569150911,4.50136736804973,0.699822620028397,0.999908815938567,0.699854212223765,FLOAT
"all_mutualistic_(0.5,0.5,0.5)",0.5,0.5,0.5,0.999970447907648,4.5,4.50083568210187,4.50119412733865,0.699826622186704,0.999920366634577,0.699854212223765,FLOAT
"all_mutualistic_(0.5,0.5,0.5)",0.5,0.5,0.5,0.999974191384596,4.5,4.50072981016726,4.50104283903936,0.699830117317381,0.999930454145118,0.699854212223765,FLOAT
"all_mutualistic_(0.5,0.5,0.5)",0.5,0.5,0.5,0.999977460660953,4.5,4.50063735249263,4.50091072061208,0.699833169659532,0.999939263820942,0.699854212223765,FLOAT
"all_mutualistic_(0.5,0.5,0.5)",0.5,0.5,0.5,0.999980315805527,4.5,4.50055660911694,4.50079534240582,0.699835835313902,0.999946957532898,0.699854212223765,FLOAT
"all_mutualistic_(0.5,0.5,0.5)",0.5,0.5,0.5,0.999982809277981,4.5,4.50048609559192,4.50069458285847,0.699838163274591,0.999953676646411,0.699854212223765,FLOAT
"all_mutualistic_(0.5,0.5,0.5)",0.5,0.5,0.5,0.999984986892711,4.5,4.50042451564129,4.50060658939501,0.699840196322246,0.99995954461913,0.699854212223765,FLOAT
"all_mutualistic_(0.5,0.5,0.5)",0.5,0.5,0.5,0.999986888660626,4.5,4.50037073729321,4.50052974429676,0.699841971822084,0.999964669269489,0.699854212223765,FLOAT
"all_mutualistic_(0.5,0.5,0.5)",0.5,0.5,0.5,0.999988549524301,4.5,4.50032377204336,4.50046263490766,0.699843522397862,0.99996914475787,0.699854212223765,FLOAT
"all_mutualistic_(0.5,0.5,0.5)",0.5,0.5,0.5,0.99999,4.5,4.50028275666334,4.50040402762499,0.699844876549723,0.999973053316788,0.699854212223765,FLOAT
"all_mutualistic_(0.5,0.5,0.5)",0.5,0.5,0.5,0.999991266738376,4.5,4.50024693731757,4.50035284519265,0.699846059156506,0.999976466761891,0.699854212223765,FLOAT
"all_mutualistic_(0.5,0.5,0.5)",0.5,0.5,0.5,0.999992373014141,4.5,4.50021565569561,4.50030814687678,0.699847091958451,0.999979447811539,0.699854212223765,FLOAT
"all_mutualistic_(0.5,0.5,0.5)",0.5,0.5,0.5,0.999993339153709,4.5,4.50018833690356,4.50026911115727,0.699847993920268,0.999982051239222,0.699854212223765,FLOAT
"all_mutualistic_(0.5,0.5,0.5)",0.5,0.5,0.5,0.999994182908671,4.5,4.50016447889122,4.50023502061522,0.69984878162593,0.999984324879995,0.699854212223765,FLOAT
"all_mutualistic_(0.5,0.5,0.5)",0.5,0.5,0.5,0.999994919781953,4.5,4.50014364322006,4.50020524873749,0.699849469554354,0.999986310509404,0.699854212223765,FLOAT
"all_mutualistic_(0.5,0.5,0.5)",0.5,0.5,0.5,0.999995563312669,4.5,4.50012544700169,4.50017924839478,0.6998500703223,0.999988044611088,0.699854212223765,FLOAT
"all_mutualistic_(0.5,0.5,0.5)",0.5,0.5,0.5,0.99999612532488,4.5,4.50010955585842,4.50015654178077,0.69985059499764,0.999989559047131,0.699854212223765,FLOAT
"all_mutualistic_(0.5,0.5,0.5)",0.5,0.5,0.5,0.999996616144847,4.5,4.5000956777761,4.50013671162694,0.699851053215987,0.999990881643499,0.699854212223765,FLOAT
"all_mutualistic_(0.5,0.5,0.5)",0.5,0.5,0.5,0.999997044790765,4.5,4.50008355773624,4.50011939353107,0.699851453388767,0.999992036701321,0.699854212223765,FLOAT
"all_mutualistic_(0.5,0.5,0.5)",0.5,0.5,0.5,0.99999741913846,4.5,4.5000729730284,4.50010426925829,0.69985180284661,0.999993045443389,0.699854212223765,FLOAT
"all_mutualistic_(0.5,0.5,0.5)",0.5,0.5,0.5,0.999997746066095,4.5,4.50006372915666,4.50009106089119,0.699852108058428,0.999993926404119,0.699854212223765,FLOAT
"all_mutualistic_(0.5,0.5,0.5)",0.5,0.5,0.5,0.999998031580553,4.5,4.50005565626494,4.50007952572136,0.699852374610063,0.999994695770088,0.699854212223765,FLOAT
"all_mutualistic_(0.5,0.5,0.5)",0.5,0.5,0.5,0.999998280927798,4.5,4.50004860601516,4.50006945178834,0.699852607394546,0.999995367677454,0.699854212223765,FLOAT
"all_mutualistic_(0.5,0.5,0.5)",0.5,0.5,0.5,0.999998498689271,4.5,4.50004244886113,4.50006065398392,0.699852810681536,0.999995954471685,0.699854212223765,FLOAT
"all_mutualistic_(0.5,0.5,0.5)",0.5,0.5,0.5,0.999998688866063,4.5,4.50003707166776,4.5000529706501,0.699852988236885,0.999996466934402,0.699854212223765,FLOAT
"all_mutualistic_(0.5,0.5,0.5)",0.5,0.5,0.5,0.99999885495243,4.5,4.500032375632,4.50004626060812,0.699853143268478,0.999996914481471,0.699854212223765,FLOAT
"all_mutualistic_(0.5,0.5,0.5)",0.5,0.5,0.5,0.999999,4.5,4.50002827446712,4.50004040056393,0.699853278673096,0.999997305336014,0.699854212223765,FLOAT
"all_mutualistic_(0.5,0.5,0.5)",0.5,0.5,0.5,0.999999126673838,4.5,4.50002469281713,4.50003528284243,0.699853396939552,0.999997646679496,0.699854212223765,FLOAT
"all_mutualistic_(0.5,0.5,0.5)",0.5,0.5,0.5,0.999999237301414,4.5,4.50002156487198,4.50003081340877,0.699853500220781,0.999997944783676,0.699854212223765,FLOAT
"all_mutualistic_(0.5,0.5,0.5)",0.5,0.5,0.5,0.999999333915371,4.5,4.50001883315831,4.50002691014031,0.699853590415959,0.999998205125846,0.699854212223765,FLOAT
"all_mutualistic_(0.5,0.5,0.5)",0.5,0.5,0.5,0.999999418290867,4.5,4.50001644748334,4.50002350131758,0.699853669146204,0.999998432489466,0.699854212223765,FLOAT
"all_mutualistic_(0.5,0.5,0.5)",0.5,0.5,0.5,0.999999491978195,4.5,4.50001436401252,4.50002052430635,0.699853737996119,0.999998631052059,0.699854212223765,FLOAT
"all_mutualistic_(0.5,0.5,0.5)",0.5,0.5,0.5,0.999999556331267,4.5,4.50001254446412,4.50001792440672,0.699853798059795,0.999998804461962,0.699854212223765,FLOAT
"all_mutualistic_(0.5,0.5,0.5)",0.5,0.5,0.5,0.999999612532488,4.5,4.50001095540581,4.50001565384802,0.699853850495879,0.999998955905364,0.699854212223765,FLOAT
"all_mutualistic_(0.5,0.5,0.5)",0.5,0.5,0.5,0.999999661614485,4.5,4.5000095676403,4.50001367091096,0.699853896381556,0.999999088164846,0.699854212223765,FLOAT
"all_mutualistic_(0.5,0.5,0.5)",0.5,0.5,0.5,0.999999704479076,4.5,4.5000083556689,4.50001193916111,0.699853936436128,0.999999203670511,0.699854212223765,FLOAT
"all_mutualistic_(0.5,0.5,0.5)",0.5,0.5,0.5,0.999999741913846,4.5,4.50000729722297,4.50001042677939,0.699853971374612,0.999999304544628,0.699854212223765,FLOAT
"all_mutualistic_(0.5,0.5,0.5)",0.5,0.5,0.5,0.999999774606609,4.5,4.50000637285475,4.50000910597743,0.699854001999,0.999999392640633,0.699854212223765,FLOAT
"all_mutualistic_(0.5,0.5,0.5)",0.5,0.5,0.5,0.999999803158055,4.5,4.50000556558003,4.50000795248696,0.69985402852797,0.999999469577177,0.699854212223765,FLOAT
"all_mutualistic_(0.5,0.5,0.5)",0.5,0.5,0.5,0.99999982809278,4.5,4.50000486056608,4.50000694511387,0.699854051786671,0.999999536767873,0.699854212223765,FLOAT
"all_mutualistic_(0.5,0.5,0.5)",0.5,0.5,0.5,0.999999849868927,4.5,4.50000424485909,4.50000606534884,0.699854072024258,0.999999595447266,0.699854212223765,FLOAT
"all_mutualistic_(0.5,0.5,0.5)",0.5,0.5,0.5,0.999999868886606,4.5,4.50000370714616,4.50000529702721,0.699854090188434,0.999999646693515,0.699854212223765,FLOAT
"all_mutualistic_(0.5,0.5,0.5)",0.5,0.5,0.5,0.999999885495243,4.5,4.50000323754748,4.50000462603199,0.699854105415607,0.999999691448204,0.699854212223765,FLOAT
"all_mutualistic_(0.5,0.5,0.5)",0.5,0.5,0.5,0.9999999,4.5,4.50000282743472,4.50000404003441,0.699854119014235,0.999999730533645,0.699854212223765,FLOAT
"all_mutualistic_(0.5,0.5,0.5)",0.5,0.5,0.5,0.999999912667384,4.5,4.50000246927257,4.50000352826748,0.699854130825083,0.999999764667983,0.699854212223765,FLOAT
"all_mutualistic_(0.5,0.5,0.5)",0.5,0.5,0.5,0.999999923730141,4.5,4.50000215648022,4.50000308132809,0.69985414126414,0.999999794478393,0.699854212223765,FLOAT
"all_mutualistic_(0.5,0.5,0.5)",0.5,0.5,0.5,0.999999933391537,4.5,4.50000188331051,4.50000269100428,0.699854149882488,0.999999820512604,0.699854212223765,FLOAT
"all_mutualistic_(0.5,0.5,0.5)",0.5,0.5,0.5,0.999999941829087,4.5,4.50000164474428,4.50000235012432,0.69985415755606,0.999999843248961,0.699854212223765,FLOAT
"all_mutualistic_(0.5,0.5,0.5)",0.5,0.5,0.5,0.99999994919782,4.5,4.50000143639816,4.50000205242496,0.699854165335108,0.999999863105217,0.699854212223765,FLOAT
"all_mutualistic_(0.5,0.5,0.5)",0.5,0.5,0.5,0.999999955633127,4.5,4.50000125444405,4.50000179243635,0.699854170987874,0.999999880446205,0.699854212223765,FLOAT
"all_mutualistic_(0.5,0.5,0.5)",0.5,0.5,0.5,0.999999961253249,4.5,4.50000109553878,4.5000015653815,0.699854176673993,0.999999895590543,0.699854212223765,FLOAT
"all_mutualistic_(0.5,0.5,0.5)",0.5,0.5,0.5,0.999999966161448,4.5,4.50000095676266,4.50000136708858,0.699854180428398,0.999999908816489,0.699854212223765,FLOAT
"all_mutualistic_(0.5,0.5,0.5)",0.5,0.5,0.5,0.999999970447908,4.5,4.50000083556584,4.50000119391419,0.699854184841877,0.999999920367055,0.699854212223765,FLOAT
"all_mutualistic_(0.5,0.5,0.5)",0.5,0.5,0.5,0.999999974191385,4.5,4.5000007297215,4.50000104267647,0.69985418953465,0.999999930454466,0.699854212223765,FLOAT
"all_mutualistic_(0.5,0.5,0.5)",0.5,0.5,0.5,0.999999977460661,4.5,4.50000063728487,4.50000091059663,0.699854192087365,0.999999939264066,0.699854212223765,FLOAT
"all_mutualistic_(0.5,0.5,0.5)",0.5,0.5,0.5,0.999999980315806,4.5,4.50000055655754,4.50000079524785,0.699854195163562,0.999999946957719,0.699854212223765,FLOAT
"all_mutualistic_(0.5,0.5,0.5)",0.5,0.5,0.5,0.999999982809278,4.5,4.50000048605626,4.50000069451074,0.699854195713883,0.999999953676788,0.699854212223765,FLOAT
"all_mutualistic_(0.5,0.5,0.5)",0.5,0.5,0.5,0.999999984986893,4.5,4.50000042448564,4.50000060653439,0.699854198806457,0.999999959544727,0.699854212223765,FLOAT
"all_mutualistic_(0.5,0.5,0.5)",0.5,0.5,0.5,0.999999986888661,4.5,4.50000037071441,4.50000052970235,0.699854200381464,0.999999964669352,0.699854212223765,FLOAT
"all_mutualistic_(0.5,0.5,0.5)",0.5,0.5,0.5,0.999999988549524,4.5,4.50000032375459,4.50000046260291,0.699854202761768,0.999999969144821,0.699854212223765,FLOAT
"all_mutualistic_(0.5,0.5,0.5)",0.5,0.5,0.5,0.99999999,4.5,4.50000028274336,4.50000040400323,0.699854203378435,0.999999973053365,0.699854212223765,FLOAT
"mutualistic_mixed_(0.2,0.8,0.5)",0.2,0.8,0.5,0.666666676666667,4.19736659610103,5.67042865351678e+15,1.67583891416241e+23,3.38363586475785e-08,3.38363586475785e-08,0.652971884174358,FLOAT
"mutualistic_mixed_(0.2,0.8,0.5)",0.2,0.8,0.5,0.66666667726311,4.19736659610103,5.05004940138397e+15,1.40848386016182e+23,3.58545067091062e-08,3.58545067091062e-08,0.652971884174358,FLOAT
"mutualistic_mixed_(0.2,0.8,0.5)",0.2,0.8,0.5,0.666666677895128,4.19736659610103,4.49754354115449e+15,1.1837813603123e+23,3.7993025502344e-08,3.79930255023441e-08,0.652971884174358,FLOAT
"mutualistic_mixed_(0.2,0.8,0.5)",0.2,0.8,0.5,0.666666678564843,4.19736659610103,4.00548504061111e+15,9.94926751464e+22,4.02590947998651e-08,4.02590947998652e-08,0.652971884174358,FLOAT
"mutualistic_mixed_(0.2,0.8,0.5)",0.2,0.8,0.5,0.666666679274502,4.19736659610103,3.5672608046463e+15,8.36201094451602e+22,4.26603221200731e-08,4.26603221200731e-08,0.652971884174358,FLOAT
"mutualistic_mixed_(0.2,0.8,0.5)",0.2,0.8,0.5,0.666666680026488,4.19736659610103,3.17698084540391e+15,7.02797684627603e+22,4.5204771086964e-08,4.52047710869641e-08,0.652971884174358,FLOAT
"mutualistic_mixed_(0.2,0.8,0.5)",0.2,0.8,0.5,0.666666680823326,4.19736659610103,2.82939991934678e+15,5.90676834129638e+22,4.79009799582862e-08,4.79009799582862e-08,0.652971884174358,FLOAT
"mutualistic_mixed_(0.2,0.8,0.5)",0.2,0.8,0.5,0.666666681667691,4.19736659610103,2.51984647872672e+15,4.96443193288992e+22,5.07580023815506e-08,5.07580023815506e-08,0.652971884174358,FLOAT
"mutualistic_mixed_(0.2,0.8,0.5)",0.2,0.8,0.5,0.666666682562417,4.19736659610103,2.24416000751976e+15,4.17243101276356e+22,5.37854310989161e-08,5.37854310989162e-08,0.652971884174358,FLOAT
"mutualistic_mixed_(0.2,0.8,0.5)",0.2,0.8,0.5,0.666666683510509,4.19736659610103,1.99863531428039e+15,3.50678201475698e+22,5.6993428900624e-08,5.69934289006241e-08,0.652971884174358,FLOAT
"mutualistic_mixed_(0.2,0.8,0.5)",0.2,0.8,0.5,0.666666684515149,4.19736659610103,1.7799725300085e+15,2.94732738943858e+22,6.03927658795841e-08,6.03927658795842e-08,0.652971884174358,FLOAT
"mutualistic_mixed_(0.2,0.8,0.5)",0.2,0.8,0.5,0.66666668557971,4.19736659610103,1.58523274471812e+15,2.47712535855526e+22,6.39948535201574e-08,6.39948535201576e-08,0.652971884174358,FLOAT
"mutualistic_mixed_(0.2,0.8,0.5)",0.2,0.8,0.5,0.666666686707767,4.19736659610103,1.41179870636231e+15,2.08193712023706e+22,6.78117841619326e-08,6.78117841619328e-08,0.652971884174358,FLOAT
"mutualistic_mixed_(0.2,0.8,0.5)",0.2,0.8,0.5,0.666666687903105,4.19736659610103,1.2573393849537e+15,1.74979517747164e+22,7.18563750284466e-08,7.18563750284469e-08,0.652971884174358,FLOAT
"mutualistic_mixed_(0.2,0.8,0.5)",0.2,0.8,0.5,0.666666689169739,4.19736659610103,1.11977884590464e+15,1.47064153188287e+22,7.61422020001694e-08,7.61422020001697e-08,0.652971884174358,FLOAT
"mutualistic_mixed_(0.2,0.8,0.5)",0.2,0.8,0.5,0.66666669051192,4.19736659610103,997268270240149,1.23602267497675e+22,8.06836549547044e-08,8.06836549547047e-08,0.652971884174358,FLOAT
"mutualistic_mixed_(0.2,0.8,0.5)",0.2,0.8,0.5,0.666666691934155,4.19736659610103,888161089781877,1.03883375440264e+22,8.54959791225298e-08,8.54959791225302e-08,0.652971884174358,FLOAT
"mutualistic_mixed_(0.2,0.8,0.5)",0.2,0.8,0.5,0.666666693441218,4.19736659610103,790990886283529,8.73103366379738e+21,9.05953311763431e-08,9.05953311763436e-08,0.652971884174358,FLOAT
"mutualistic_mixed_(0.2,0.8,0.5)",0.2,0.8,0.5,0.666666695038169,4.19736659610103,704451699949266,7.33812780159433e+21,9.59988322629388e-08,9.59988322629394e-08,0.652971884174358,FLOAT
"mutualistic_mixed_(0.2,0.8,0.5)",0.2,0.8,0.5,0.666666696730369,4.19736659610103,627380422234802,6.16743931828789e+21,1.01724620196014e-07,1.01724620196014e-07,0.652971884174358,FLOAT
"mutualistic_mixed_(0.2,0.8,0.5)",0.2,0.8,0.5,0.666666698523499,4.19736659610103,558741208235159,5.18351666709125e+21,1.07791918907573e-07,1.07791918907574e-07,0.652971884174358,FLOAT
"mutualistic_mixed_(0.2,0.8,0.5)",0.2,0.8,0.5,0.666666700423579,4.19736659610103,497611537273754,4.35656409698633e+21,1.14221098598773e-07,1.14221098598774e-07,0.652971884174358,FLOAT
"mutualistic_mixed_(0.2,0.8,0.5)",0.2,0.8,0.5,0.666666702436989,4.19736659610103,443169822016250,3.66153942030884e+21,1.21033743227832e-07,1.21033743227833e-07,0.652971884174358,FLOAT
"mutualistic_mixed_(0.2,0.8,0.5)",0.2,0.8,0.5,0.666666704570486,4.19736659610103,394684364881552,3.07739561291698e+21,1.28252722277536e-07,1.28252722277537e-07,0.652971884174358,FLOAT
"mutualistic_mixed_(0.2,0.8,0.5)",0.2,0.8,0.5,0.666666706831235,4.19736659610103,351503506153907,2.58644316433298e+21,1.35902273439112e-07,1.35902273439114e-07,0.652971884174358,FLOAT
"mutualistic_mixed_(0.2,0.8,0.5)",0.2,0.8,0.5,0.666666709226825,4.19736659610103,313046893824400,2.17381483885784e+21,1.44008076598132e-07,1.44008076598133e-07,0.652971884174358,FLOAT
"mutualistic_mixed_(0.2,0.8,0.5)",0.2,0.8,0.5,0.666666711765299,4.19736659610103,278797670389928,1.82701520267546e+21,1.525973456497e-07,1.52597345649702e-07,0.652971884174358,FLOAT
"mutualistic_mixed_(0.2,0.8,0.5)",0.2,0.8,0.5,0.666666714455177,4.19736659610103,248295518850758,1.53554226781719e+21,1.61698915135506e-07,1.61698915135509e-07,0.652971884174358,FLOAT
"mutualistic_mixed_(0.2,0.8,0.5)",0.2,0.8,0.5,0.666666717305492,4.19736659610103,221130486300913,1.29056946702891e+21,1.71343342571078e-07,1.71343342571081e-07,0.652971884174358,FLOAT
"mutualistic_mixed_(0.2,0.8,0.5)",0.2,0.8,0.5,0.666666720325813,4.19736659610103,196937471884169,1.08467840595261e+21,1.81563005959547e-07,1.81563005959551e-07,0.652971884174358,FLOAT
"mutualistic_mixed_(0.2,0.8,0.5)",0.2,0.8,0.5,0.666666723526278,4.19736659610103,175391321653083,9.11634196775657e+20,1.92392214194484e-07,1.92392214194489e-07,0.652971884174358,FLOAT
"mutualistic_mixed_(0.2,0.8,0.5)",0.2,0.8,0.5,0.666666726917633,4.19736659610103,156202448933567,7.66196592688063e+20,2.03867323901239e-07,2.03867323901244e-07,0.652971884174358,FLOAT
"mutualistic_mixed_(0.2,0.8,0.5)",0.2,0.8,0.5,0.666666730511263,4.19736659610103,139112956125390,6.4396139287651e+20,2.16026857610177e-07,2.16026857610184e-07,0.652971884174358,FLOAT
"mutualistic_mixed_(0.2,0.8,0.5)",0.2,0.8,0.5,0.666666734319233,4.19736659610103,123893156331835,5.41226983961269e+20,2.28911639669275e-07,2.28911639669283e-07,0.652971884174358,FLOAT
"mutualistic_mixed_(0.2,0.8,0.5)",0.2,0.8,0.5,0.666666738354327,4.19736659610103,110338495532317,4.54882316908885e+20,2.42564925983733e-07,2.42564925983742e-07,0.652971884174358,FLOAT
"mutualistic_mixed_(0.2,0.8,0.5)",0.2,0.8,0.5,0.666666742630091,4.19736659610103,98266796096890.4,3.82312645462413e+20,2.5703255506506e-07,2.57032555065071e-07,0.652971884174358,FLOAT
"mutualistic_mixed_(0.2,0.8,0.5)",0.2,0.8,0.5,0.66666674716088,4.19736659610103,87515813729252.2,3.21320381809281e+20,2.72363095165226e-07,2.72363095165239e-07,0.652971884174358,FLOAT
"mutualistic_mixed_(0.2,0.8,0.5)",0.2,0.8,0.5,0.666666751961906,4.19736659610103,77941053772238.1,2.70058520454574e+20,2.88608015925734e-07,2.88608015925749e-07,0.652971884174358,FLOAT
"mutualistic_mixed_(0.2,0.8,0.5)",0.2,0.8,0.5,0.666666757049286,4.19736659610103,69413830811380.1,2.26974724155131e+20,3.05821853379293e-07,3.05821853379312e-07,0.652971884174358,FLOAT
"mutualistic_mixed_(0.2,0.8,0.5)",0.2,0.8,0.5,0.666666762440099,4.19736659610103,61819537690700.5,1.90764303392974e+20,3.24062398421303e-07,3.24062398421325e-07,0.652971884174358,FLOAT
"mutualistic_mixed_(0.2,0.8,0.5)",0.2,0.8,0.5,0.666666768152444,4.19736659610103,55056105859315.4,1.60330711196059e+20,3.43390891542833e-07,3.43390891542859e-07,0.652971884174358,FLOAT
"mutualistic_mixed_(0.2,0.8,0.5)",0.2,0.8,0.5,0.666666774205498,4.19736659610103,49032634582190.2,1.34752345127507e+20,3.6387221710902e-07,3.63872217109051e-07,0.652971884174358,FLOAT
"mutualistic_mixed_(0.2,0.8,0.5)",0.2,0.8,0.5,0.666666780619582,4.19736659610103,43668167491487.1,1.13254623887527e+20,3.85575140268441e-07,3.85575140268479e-07,0.652971884174358,FLOAT
"mutualistic_mixed_(0.2,0.8,0.5)",0.2,0.8,0.5,0.66666678741623,4.19736659610103,38890605573158,9.51865430984037e+19,4.08572517786981e-07,4.08572517787025e-07,0.652971884174358,FLOAT
"mutualistic_mixed_(0.2,0.8,0.5)",0.2,0.8,0.5,0.66666679461826,4.19736659610103,34635737825002.2,8.00009538888387e+19,4.32941560585944e-07,4.32941560585997e-07,0.652971884174358,FLOAT
"mutualistic_mixed_(0.2,0.8,0.5)",0.2,0.8,0.5,0.666666802249851,4.19736659610103,30846378354618.4,6.7237998330246e+19,4.58764078655483e-07,4.58764078655545e-07,0.652971884174358,FLOAT
"mutualistic_mixed_(0.2,0.8,0.5)",0.2,0.8,0.5,0.666666810336623,4.19736659610103,27471597771778.6,5.65111815637185e+19,4.86126763086684e-07,4.86126763086758e-07,0.652971884174358,FLOAT
"mutualistic_mixed_(0.2,0.8,0.5)",0.2,0.8,0.5,0.666666818905725,4.19736659610103,24466038632821.1,4.74956679217028e+19,5.15121477460838e-07,5.15121477460927e-07,0.652971884174358,FLOAT
"mutualistic_mixed_(0.2,0.8,0.5)",0.2,0.8,0.5,0.666666827985925,4.19736659610103,21789305796098,3.99184445639757e+19,5.45845561722049e-07,5.45845561722154e-07,0.652971884174358,FLOAT
"mutualistic_mixed_(0.2,0.8,0.5)",0.2,0.8,0.5,0.666666837607709,4.19736659610103,19405423780594.2,3.3550053933693e+19,5.78402163494047e-07,5.78402163494172e-07,0.652971884174358,FLOAT
"mutualistic_mixed_(0.2,0.8,0.5)",0.2,0.8,0.5,0.666666847803377,4.19736659610103,17282352863906,2.81976446717057e+19,6.1290058319103e-07,6.12900583191178e-07,0.652971884174358,FLOAT
"mutualistic_mixed_(0.2,0.8,0.5)",0.2,0.8,0.5,0.66666685860716,4.19736659610103,15391558757543.5,2.3699132229588e+19,6.49456638683302e-07,6.49456638683479e-07,0.652971884174358,FLOAT
"mutualistic_mixed_(0.2,0.8,0.5)",0.2,0.8,0.5,0.666666870055327,4.19736659610103,13707628994346.7,1.99182902328803e+19,6.88193054427659e-07,6.88193054427869e-07,0.652971884174358,FLOAT
"mutualistic_mixed_(0.2,0.8,0.5)",0.2,0.8,0.5,0.666666882186313,4.19736659610103,12207931320319.2,1.6740624995965e+19,7.29239877439312e-07,7.29239877439562e-07,0.652971884174358,FLOAT
"mutualistic_mixed_(0.2,0.8,0.5)",0.2,0.8,0.5,0.666666895040844,4.19736659610103,10872309660247.6,1.40699086814271e+19,7.72734912956139e-07,7.72734912956438e-07,0.652971884174358,FLOAT
"mutualistic_mixed_(0.2,0.8,0.5)",0.2,0.8,0.5,0.666666908662074,4.19736659610103,9682813089243.39,1.18252652272566e+19,8.18824178837094e-07,8.18824178837449e-07,0.652971884174358,FLOAT
"mutualistic_mixed_(0.2,0.8,0.5)",0.2,0.8,0.5,0.666666923095735,4.19736659610103,8623454653483.17,9.93872105422207e+18,8.67662409120099e-07,8.67662409120521e-07,0.652971884174358,FLOAT
"mutualistic_mixed_(0.2,0.8,0.5)",0.2,0.8,0.5,0.666666938390282,4.19736659610103,7679996444681.65,8.35314678745055e+18,9.19413562349411e-07,9.19413562349913e-07,0.652971884174358,FLOAT
"mutualistic_mixed_(0.2,0.8,0.5)",0.2,0.8,0.5,0.666666954597062,4.19736659610103,6839758268726.55,7.02052716131562e+18,9.7425137907174e-07,9.74251379072338e-07,0.652971884174358,FLOAT
"mutualistic_mixed_(0.2,0.8,0.5)",0.2,0.8,0.5,0.666666971770485,4.19736659610103,6091447248227.84,5.90050708306868e+18,1.03235995863862e-06,1.03235995863933e-06,0.652971884174358,FLOAT
"mutualistic_mixed_(0.2,0.8,0.5)",0.2,0.8,0.5,0.666666989968206,4.19736659610103,5425005978611.42,4.95916943831669e+18,1.0939343868131e-06,1.09393438681395e-06,0.652971884174358,FLOAT
"mutualistic_mixed_(0.2,0.8,0.5)",0.2,0.8,0.5,0.666667009251318,4.19736659610103,4831477423535.17,4.16800813735835e+18,1.15918137976408e-06,1.15918137976509e-06,0.652971884174358,FLOAT
"mutualistic_mixed_(0.2,0.8,0.5)",0.2,0.8,0.5,0.666667029684559,4.19736659610103,4302884486192.19,3.50306479047652e+18,1.22831998365713e-06,1.22831998365833e-06,0.652971884174358,FLOAT
"mutualistic_mixed_(0.2,0.8,0.5)",0.2,0.8,0.5,0.666667051336528,4.19736659610103,3832122819354.62,2.9442032036085e+18,1.30158231424165e-06,1.30158231424307e-06,0.652971884174358,FLOAT
"mutualistic_mixed_(0.2,0.8,0.5)",0.2,0.8,0.5,0.666667074279914,4.19736659610103,3412865330940.7,2.47449962717264e+18,1.37921432416461e-06,1.37921432416631e-06,0.652971884174358,FLOAT
"mutualistic_mixed_(0.2,0.8,0.5)",0.2,0.8,0.5,0.666667098591744,4.19736659610103,3039477151481.61,2.07973022704785e+18,1.46147664343559e-06,1.4614766434376e-06,0.652971884174358,FLOAT
"mutualistic_mixed_(0.2,0.8,0.5)",0.2,0.8,0.5,0.666667124353638,4.19736659610103,2706939900652.78,1.74794038000208e+18,1.54864544101062e-06,1.54864544101302e-06,0.652971884174358,FLOAT
"mutualistic_mixed_(0.2,0.8,0.5)",0.2,0.8,0.5,0.666667151652083,4.19736659610103,2410784241949.58,1.4690826402702e+18,1.6410133615778e-06,1.64101336158065e-06,0.652971884174358,FLOAT
"mutualistic_mixed_(0.2,0.8,0.5)",0.2,0.8,0.5,0.666667180578726,4.19736659610103,2147029805909.2,1.23471248109318e+18,1.7388905018633e-06,1.7388905018667e-06,0.652971884174358,FLOAT
"mutualistic_mixed_(0.2,0.8,0.5)",0.2,0.8,0.5,0.66666721123068,4.19736659610103,1912131704045.44,1.03773257458592e+18,1.84260545623156e-06,1.8426054562356e-06,0.652971884174358,FLOAT
"mutualistic_mixed_(0.2,0.8,0.5)",0.2,0.8,0.5,0.66666724371085,4.19736659610103,1702932878810.89,8.72177865959818e+17,1.95250641557229e-06,1.9525064155771e-06,0.652971884174358,FLOAT
"mutualistic_mixed_(0.2,0.8,0.5)",0.2,0.8,0.5,0.666667278128279,4.19736659610103,1516621672447.14,7.33034933696313e+17,2.0689623409834e-06,2.06896234098913e-06,0.652971884174358,FLOAT
"mutualistic_mixed_(0.2,0.8,0.5)",0.2,0.8,0.5,0.666667314598514,4.19736659610103,1350694042703.42,6.16090175900002e+17,2.1923641952675e-06,2.19236419527431e-06,0.652971884174358,FLOAT
"mutualistic_mixed_(0.2,0.8,0.5)",0.2,0.8,0.5,0.666667353243992,4.19736659610103,1202919901364.8,5.17802204381658e+17,2.32312626555363e-06,2.32312626556174e-06,0.652971884174358,FLOAT
"mutualistic_mixed_(0.2,0.8,0.5)",0.2,0.8,0.5,0.666667394194455,4.19736659610103,1071313147765.23,4.3519460835294e+17,2.46168754667155e-06,2.46168754668119e-06,0.652971884174358,FLOAT
"mutualistic_mixed_(0.2,0.8,0.5)",0.2,0.8,0.5,0.666667437587381,4.19736659610103,954104971251.261,3.65765818797728e+17,2.60851321313513e-06,2.6085132131466e-06,0.652971884174358,FLOAT
"mutualistic_mixed_(0.2,0.8,0.5)",0.2,0.8,0.5,0.666667483568452,4.19736659610103,849720080585.195,3.07413354055989e+17,2.76409618960873e-06,2.76409618962238e-06,0.652971884174358,FLOAT
"mutualistic_mixed_(0.2,0.8,0.5)",0.2,0.8,0.5,0.666667532292033,4.19736659610103,756755530149.772,2.58370151951762e+17,2.92895879972569e-06,2.92895879974193e-06,0.652971884174358,FLOAT
"mutualistic_mixed_(0.2,0.8,0.5)",0.2,0.8,0.5,0.666667583921701,4.19736659610103,673961865747.185,2.17151059120985e+17,3.10365451806289e-06,3.10365451808222e-06,0.652971884174358,FLOAT
"mutualistic_mixed_(0.2,0.8,0.5)",0.2,0.8,0.5,0.666667638630787,4.19736659610103,600226330753.553,1.82507855974836e+17,3.28876983154146e-06,3.28876983156446e-06,0.652971884174358,FLOAT
"mutualistic_mixed_(0.2,0.8,0.5)",0.2,0.8,0.5,0.666667696602962,4.19736659610103,534557911261.549,1.53391457721694e+17,3.48492620904112e-06,3.48492620906848e-06,0.652971884174358,FLOAT
"mutualistic_mixed_(0.2,0.8,0.5)",0.2,0.8,0.5,0.66666775803285,4.19736659610103,476074015532.918,1.2892014522929e+17,3.69278218452208e-06,3.69278218455463e-06,0.652971884174358,FLOAT
"mutualistic_mixed_(0.2,0.8,0.5)",0.2,0.8,0.5,0.666667823126684,4.19736659610103,423988613291.67,1.08352864552715e+17,3.9130355716733e-06,3.91303557171204e-06,0.652971884174358,FLOAT
"mutualistic_mixed_(0.2,0.8,0.5)",0.2,0.8,0.5,0.666667892102997,4.19736659610103,377601670589.51,9.10667858726378e+16,4.14642580131697e-06,4.14642580136306e-06,0.652971884174358,FLOAT
"mutualistic_mixed_(0.2,0.8,0.5)",0.2,0.8,0.5,0.666667965193359,4.19736659610103,336289741323.984,7.65384424438444e+16,4.39373640986383e-06,4.39373640991867e-06,0.652971884174358,FLOAT
"mutualistic_mixed_(0.2,0.8,0.5)",0.2,0.8,0.5,0.666668042643148,4.19736659610103,299497588306.233,6.43278789069039e+16,4.65579766333462e-06,4.65579766339987e-06,0.652971884174358,FLOAT
"mutualistic_mixed_(0.2,0.8,0.5)",0.2,0.8,0.5,0.66666812471238,4.19736659610103,266730720551.006,5.40653281039938e+16,4.9334893526172e-06,4.93348935269483e-06,0.652971884174358,FLOAT
"mutualistic_mixed_(0.2,0.8,0.5)",0.2,0.8,0.5,0.666668211676578,4.19736659610103,237548747480.049,4.54400137705744e+16,5.22774373870638e-06,5.22774373879875e-06,0.652971884174358,FLOAT
"mutualistic_mixed_(0.2,0.8,0.5)",0.2,0.8,0.5,0.666668303827701,4.19736659610103,211559459816.31,3.81907393049477e+16,5.53954868804294e-06,5.53954868815284e-06,0.652971884174358,FLOAT
"mutualistic_mixed_(0.2,0.8,0.5)",0.2,0.8,0.5,0.666668401475117,4.19736659610103,188413558442.424,3.20979781449242e+16,5.86995098530908e-06,5.86995098543985e-06,0.652971884174358,FLOAT
"mutualistic_mixed_(0.2,0.8,0.5)",0.2,0.8,0.5,0.666668504946651,4.19736659610103,167799959656.993,2.6977225886706e+16,6.2200598518725e-06,6.22005985202808e-06,0.652971884174358,FLOAT
"mutualistic_mixed_(0.2,0.8,0.5)",0.2,0.8,0.5,0.666668614589678,4.19736659610103,149441614143.629,2.26734130493436e+16,6.59105066423855e-06,6.59105066442367e-06,0.652971884174358,FLOAT
"mutualistic_mixed_(0.2,0.8,0.5)",0.2,0.8,0.5,0.666668730772293,4.19736659610103,133091783538.549,1.90562091703392e+16,6.98416890498391e-06,6.98416890520417e-06,0.652971884174358,FLOAT
"mutualistic_mixed_(0.2,0.8,0.5)",0.2,0.8,0.5,0.666668853884545,4.19736659610103,118530724091.166,1.60160760618071e+16,7.40073433901976e-06,7.40073433928184e-06,0.652971884174358,FLOAT
"mutualistic_mixed_(0.2,0.8,0.5)",0.2,0.8,0.5,0.666668984339748,4.19736659610103,105562733353.673,1.3460950708607e+16,7.84214544979928e-06,7.8421454501111e-06,0.652971884174358,FLOAT
"mutualistic_mixed_(0.2,0.8,0.5)",0.2,0.8,0.5,0.666669122575868,4.19736659610103,94013519970.4308,1.13134573859895e+16,8.30988412814096e-06,8.30988412851196e-06,0.652971884174358,FLOAT
"mutualistic_mixed_(0.2,0.8,0.5)",0.2,0.8,0.5,0.666669269056992,4.19736659610103,83727861044.2342,9.50856449686731e+15,8.80552065115841e-06,8.80552065159984e-06,0.652971884174358,FLOAT
"mutualistic_mixed_(0.2,0.8,0.5)",0.2,0.8,0.5,0.666669424274889,4.19736659610103,74567516064.0167,7.99161527066177e+15,9.33071895159495e-06,9.33071895212016e-06,0.652971884174358,FLOAT
"mutualistic_mixed_(0.2,0.8,0.5)",0.2,0.8,0.5,0.666669588750657,4.19736659610103,66409368824.3722,6.71667260065136e+15,9.88724220587061e-06,9.88724220649553e-06,0.652971884174358,FLOAT
"mutualistic_mixed_(0.2,0.8,0.5)",0.2,0.8,0.5,0.666669763036477,4.19736659610103,59143772800.3127,5.64512796219361e+15,1.04769587495999e-05,1.04769587503434e-05,0.652971884174358,FLOAT
"mutualistic_mixed_(0.2,0.8,0.5)",0.2,0.8,0.5,0.666669947717462,4.19736659610103,52673077462.5877,4.74453224199556e+15,1.11018483533871e-05,1.11018483542717e-05,0.652971884174358,FLOAT
"mutualistic_mixed_(0.2,0.8,0.5)",0.2,0.8,0.5,0.666670143413626,4.19736659610103,46910315830.1764,3.98761309575611e+15,1.1764008869342e-05,1.17640088703946e-05,0.652971884174358,FLOAT
"mutualistic_mixed_(0.2,0.8,0.5)",0.2,0.8,0.5,0.666670350781961,4.19736659610103,41778035649.3515,3.35144907703661e+15,1.24656632653046e-05,1.24656632665569e-05,0.652971884174358,FLOAT
"mutualistic_mixed_(0.2,0.8,0.5)",0.2,0.8,0.5,0.666670570518648,4.19736659610103,37207258409.7999,2.81677551131974e+15,1.32091670976541e-05,1.32091670991443e-05,0.652971884174358,FLOAT
"mutualistic_mixed_(0.2,0.8,0.5)",0.2,0.8,0.5,0.666670803361388,4.19736659610103,33136552267.7346,2.36740111470377e+15,1.39970164150589e-05,1.39970164168318e-05,0.652971884174358,FLOAT
"mutualistic_mixed_(0.2,0.8,0.5)",0.2,0.8,0.5,0.666671050091883,4.19736659610103,29511206395.0915,1.98971768078912e+15,1.48318561350825e-05,1.4831856137192e-05,0.652971884174358,FLOAT
"mutualistic_mixed_(0.2,0.8,0.5)",0.2,0.8,0.5,0.66667131153846,4.19736659610103,26282495663.4219,1.67228798905046e+15,1.57164889249417e-05,1.57164889274517e-05,0.652971884174358,FLOAT
"mutualistic_mixed_(0.2,0.8,0.5)",0.2,0.8,0.5,0.666671588578849,4.19736659610103,23407025768.0187,1.40549945615307e+15,1.665388461116e-05,1.66538846141463e-05,0.652971884174358,FLOAT
"mutualistic_mixed_(0.2,0.8,0.5)",0.2,0.8,0.5,0.666671882143135,4.19736659610103,20846150003.8172,1.18127304274594e+15,1.76471901459478e-05,1.7647190149501e-05,0.652971884174358,FLOAT
"mutualistic_mixed_(0.2,0.8,0.5)",0.2,0.8,0.5,0.666672193216873,4.19736659610103,18565449853.0417,992818599484761,1.86997401725544e-05,1.8699740176782e-05,0.652971884174358,FLOAT
"mutualistic_mixed_(0.2,0.8,0.5)",0.2,0.8,0.5,0.666672522844405,4.19736659610103,16534272389.7338,834429243557299,1.98150682196233e-05,1.98150682246534e-05,0.652971884174358,FLOAT
"mutualistic_mixed_(0.2,0.8,0.5)",0.2,0.8,0.5,0.666672872132358,4.19736659610103,14725318306.2134,701308539971012,2.09969185640101e-05,2.0996918569995e-05,0.652971884174358,FLOAT
"mutualistic_mixed_(0.2,0.8,0.5)",0.2,0.8,0.5,0.666673242253367,4.19736659610103,13114275004.6862,589425253318587,2.2249258793465e-05,2.22492588005859e-05,0.652971884174358,FLOAT
"mutualistic_mixed_(0.2,0.8,0.5)",0.2,0.8,0.5,0.666673634450005,4.19736659610103,11679489833.9483,495391271380182,2.35762931333277e-05,2.35762931418003e-05,0.652971884174358,FLOAT
"mutualistic_mixed_(0.2,0.8,0.5)",0.2,0.8,0.5,0.66667405003896,4.19736659610103,10401679073.5197,416359004572322,2.49824765529134e-05,2.49824765629943e-05,0.652971884174358,FLOAT
"mutualistic_mixed_(0.2,0.8,0.5)",0.2,0.8,0.5,0.66667449041545,4.19736659610103,9263668761.12253,349935153712264,2.64725297205847e-05,2.64725297325791e-05,0.652971884174358,FLOAT
"mutualistic_mixed_(0.2,0.8,0.5)",0.2,0.8,0.5,0.666674957057912,4.19736659610103,8250163869.36714,294108234638398,2.80514548506721e-05,2.80514548649432e-05,0.652971884174358,FLOAT
"mutualistic_mixed_(0.2,0.8,0.5)",0.2,0.8,0.5,0.666675451532965,4.19736659610103,7347542739.71502,247187665348232,2.97245524980656e-05,2.97245525150455e-05,0.652971884174358,FLOAT
"mutualistic_mixed_(0.2,0.8,0.5)",0.2,0.8,0.5,0.666675975500663,4.19736659610103,6543674007.65611,207752571029597,3.14974393386769e-05,3.14974393588799e-05,0.652971884174358,FLOAT
"mutualistic_mixed_(0.2,0.8,0.5)",0.2,0.8,0.5,0.666676530720078,4.19736659610103,5827753552.63041,174608756096110,3.33760670354093e-05,3.33760670594472e-05,0.652971884174358,FLOAT
"mutualistic_mixed_(0.2,0.8,0.5)",0.2,0.8,0.5,0.666677119055197,4.19736659610103,5190159291.34738,146752541037794,3.53667422073019e-05,3.53667422359026e-05,0.652971884174358,FLOAT
"mutualistic_mixed_(0.2,0.8,0.5)",0.2,0.8,0.5,0.666677742481186,4.19736659610103,4622321855.06446,123340368388715,3.74761476007571e-05,3.74761476347866e-05,0.652971884174358,FLOAT
"mutualistic_mixed_(0.2,0.8,0.5)",0.2,0.8,0.5,0.666678403091018,4.19736659610103,4116609416.41824,103663257661620,3.97113645189367e-05,3.97113645594255e-05,0.652971884174358,FLOAT
"mutualistic_mixed_(0.2,0.8,0.5)",0.2,0.8,0.5,0.666679103102497,4.19736659610103,3666225116.47387,87125335600113.9,4.20798965883339e-05,4.2079896636508e-05,0.652971884174358,FLOAT
"mutualistic_mixed_(0.2,0.8,0.5)",0.2,0.8,0.5,0.666679844865711,4.19736659610103,3265115714.54261,73225791615769.4,4.45896949462582e-05,4.45896950035765e-05,0.652971884174358,FLOAT
"mutualistic_mixed_(0.2,0.8,0.5)",0.2,0.8,0.5,0.666680630870915,4.19736659610103,2907890231.12218,61543711946792.6,4.72491849279259e-05,4.72491849961241e-05,0.652971884174358,FLOAT
"mutualistic_mixed_(0.2,0.8,0.5)",0.2,0.8,0.5,0.666681463756893,4.19736659610103,2589747493.20621,51725333338187.6,5.00672943386737e-05,5.00672944198168e-05,0.652971884174358,FLOAT
"mutualistic_mixed_(0.2,0.8,0.5)",0.2,0.8,0.5,0.666682346319819,4.19736659610103,2306411605.50706,43473330164076.7,5.30534834254719e-05,5.30534835220172e-05,0.652971884174358,FLOAT
"mutualistic_mixed_(0.2,0.8,0.5)",0.2,0.8,0.5,0.666683281522644,4.19736659610103,2054074481.76817,36537810654446.1,5.62177766204251e-05,5.6217776735296e-05,0.652971884174358,FLOAT
"mutualistic_mixed_(0.2,0.8,0.5)",0.2,0.8,0.5,0.666684272505039,4.19736659610103,1829344663.89227,30708749534098.1,5.95707961883601e-05,5.9570796325035e-05,0.652971884174358,FLOAT
"mutualistic_mixed_(0.2,0.8,0.5)",0.2,0.8,0.5,0.666685322593942,4.19736659610103,1629201740.0432,25809627918080.3,6.31237978717547e-05,6.31237980343724e-05,0.652971884174358,FLOAT
"mutualistic_mixed_(0.2,0.8,0.5)",0.2,0.8,0.5,0.666686435314721,4.19736659610103,1450955750.1489,21692087870303.4,6.68887086677434e-05,6.6888708861228e-05,0.652971884174358,FLOAT
"mutualistic_mixed_(0.2,0.8,0.5)",0.2,0.8,0.5,0.666687614403016,4.19736659610103,1292211032.1844,18231439742357.5,7.0878166850702e-05,7.08781670809125e-05,0.652971884174358,FLOAT
"mutualistic_mixed_(0.2,0.8,0.5)",0.2,0.8,0.5,0.666688863817274,4.19736659610103,1150834024.43681,15322886255598.5,7.5105564385383e-05,7.51055646592903e-05,0.652971884174358,FLOAT
"mutualistic_mixed_(0.2,0.8,0.5)",0.2,0.8,0.5,0.666690187752041,4.19736659610103,1024924589.95966,12878348968719,7.95850918663665e-05,7.95850921922649e-05,0.652971884174358,FLOAT
"mutualistic_mixed_(0.2,0.8,0.5)",0.2,0.8,0.5,0.666691590652045,4.19736659610103,912790478.542924,10823801037976.8,8.43317861390154e-05,8.43317865267732e-05,0.652971884174358,FLOAT
"mutualistic_mixed_(0.2,0.8,0.5)",0.2,0.8,0.5,0.666693077227118,4.19736659610103,812924582.605688,9097025495513.98,8.93615807507162e-05,8.93615812120748e-05,0.652971884174358,FLOAT
"mutualistic_mixed_(0.2,0.8,0.5)",0.2,0.8,0.5,0.666694652468004,4.19736659610103,723984681.486283,7645731160077.56,9.46913594176085e-05,9.46913599665383e-05,0.652971884174358,FLOAT
"mutualistic_mixed_(0.2,0.8,0.5)",0.2,0.8,0.5,0.66669632166312,4.19736659610103,644775401.786394,6425969125858.64,0.000100339012678231,0.000100339013331353,0.652971884174358,FLOAT
"mutualistic_mixed_(0.2,0.8,0.5)",0.2,0.8,0.5,0.666698090416304,4.19736659610103,574232151.379633,5400801877824.09,0.000106323497912511,0.000106323498689603,0.652971884174358,FLOAT
"mutualistic_mixed_(0.2,0.8,0.5)",0.2,0.8,0.5,0.666699964665634,4.19736659610103,511406811.152112,4539184728773.72,0.000112664902953482,0.000112664903878074,0.652971884174358,FLOAT
"mutualistic_mixed_(0.2,0.8,0.5)",0.2,0.8,0.5,0.66670195070336,4.19736659610103,455454992.118912,3815025706850.01,0.000119384513478969,0.000119384514579057,0.652971884174358,FLOAT
"mutualistic_mixed_(0.2,0.8,0.5)",0.2,0.8,0.5,0.666704055197027,4.19736659610103,405624686.727872,3206395424167.96,0.000126504884417459,0.000126504885726354,0.652971884174358,FLOAT
"mutualistic_mixed_(0.2,0.8,0.5)",0.2,0.8,0.5,0.666706285211866,4.19736659610103,361246161.762557,2694862998659.51,0.000134049915615542,0.000134049917172877,0.652971884174358,FLOAT
"mutualistic_mixed_(0.2,0.8,0.5)",0.2,0.8,0.5,0.666708648234505,4.19736659610103,321722957.006718,2264937919597.77,0.000142044932016098,0.000142044933869027,0.652971884174358,FLOAT
"mutualistic_mixed_(0.2,0.8,0.5)",0.2,0.8,0.5,0.666711152198109,4.19736659610103,286523868.742937,1903600955616.79,0.000150516768601518,0.000150516770806148,0.652971884174358,FLOAT
"mutualistic_mixed_(0.2,0.8,0.5)",0.2,0.8,0.5,0.666713805509012,4.19736659610103,255175810.289506,1599909899032.48,0.000159493860402466,0.000159493863025549,0.652971884174358,FLOAT
"mutualistic_mixed_(0.2,0.8,0.5)",0.2,0.8,0.5,0.666716617074936,4.19736659610103,227257453.626968,1344668207624.32,0.000169006337877071,0.000169006340998032,0.652971884174358,FLOAT
"mutualistic_mixed_(0.2,0.8,0.5)",0.2,0.8,0.5,0.6667195963349,4.19736659610103,202393566.683985,1130146509899.55,0.000179086127961727,0.000179086131675064,0.652971884174358,FLOAT
"mutualistic_mixed_(0.2,0.8,0.5)",0.2,0.8,0.5,0.666722753290909,4.19736659610103,180249970.162477,949848540023.431,0.000189767061137411,0.000189767065555558,0.652971884174358,FLOAT
"mutualistic_mixed_(0.2,0.8,0.5)",0.2,0.8,0.5,0.666726098541527,4.19736659610103,160529046.101908,798314414175.983,0.000201084984881656,0.000201084990138385,0.652971884174358,FLOAT
"mutualistic_mixed_(0.2,0.8,0.5)",0.2,0.8,0.5,0.666729643317467,4.19736659610103,142965737.844135,670955291305.422,0.000213077883877338,0.000213077890131812,0.652971884174358,FLOAT
"mutualistic_mixed_(0.2,0.8,0.5)",0.2,0.8,0.5,0.666733399519287,4.19736659610103,127323987.624679,563914411325.151,0.000225786007364237,0.000225786014805825,0.652971884174358,FLOAT
"mutualistic_mixed_(0.2,0.8,0.5)",0.2,0.8,0.5,0.666737379757347,4.19736659610103,113393563.914948,473950302524.488,0.000239252004091139,0.000239252012945152,0.652971884174358,FLOAT
"mutualistic_mixed_(0.2,0.8,0.5)",0.2,0.8,0.5,0.666741597394146,4.19736659610103,100987235.868096,398338621514.432,0.000253521065288254,0.000253521075822764,0.652971884174358,FLOAT
"mutualistic_mixed_(0.2,0.8,0.5)",0.2,0.8,0.5,0.666746066589179,4.19736659610103,89938256.9018945,334789653136.204,0.000268641076159739,0.000268641088693695,0.652971884174358,FLOAT
"mutualistic_mixed_(0.2,0.8,0.5)",0.2,0.8,0.5,0.666750802346474,4.19736659610103,80098123.5922332,281378972036.359,0.000284662776384411,0.000284662791297294,0.652971884174358,FLOAT
"mutualistic_mixed_(0.2,0.8,0.5)",0.2,0.8,0.5,0.666755820564966,4.19736659610103,71334579.7568397,236489166139.462,0.000301639930171989,0.000301639947915299,0.652971884174358,FLOAT
"mutualistic_mixed_(0.2,0.8,0.5)",0.2,0.8,0.5,0.666761138091871,4.19736659610103,63529838.9046769,198760857269.612,0.000319629506439872,0.000319629527550794,0.652971884174358,FLOAT
"mutualistic_mixed_(0.2,0.8,0.5)",0.2,0.8,0.5,0.666766772779247,4.19736659610103,56579001.1605044,167051535704.546,0.000338691869703176,0.000338691894820844,0.652971884174358,FLOAT
"mutualistic_mixed_(0.2,0.8,0.5)",0.2,0.8,0.5,0.666772743543927,4.19736659610103,50388643.388396,140400962058.325,0.000358890982325344,0.000358891012210184,0.652971884174358,FLOAT
"mutualistic_mixed_(0.2,0.8,0.5)",0.2,0.8,0.5,0.666779070431024,4.19736659610103,44875563.5627316,118002088773.786,0.000380294618792631,0.000380294654349377,0.652971884174358,FLOAT
"mutualistic_mixed_(0.2,0.8,0.5)",0.2,0.8,0.5,0.666785774681232,4.19736659610103,39965662.5146931,99176620659.1506,0.000402974592735637,0.00040297463504072,0.652971884174358,FLOAT
"mutualistic_mixed_(0.2,0.8,0.5)",0.2,0.8,0.5,0.666792878802131,4.19736659610103,35592948.0213727,83354474374.4412,0.000427006997439746,0.000427007047773868,0.652971884174358,FLOAT
"mutualistic_mixed_(0.2,0.8,0.5)",0.2,0.8,0.5,0.66680040664375,4.19736659610103,31698647.8542408,70056514848.1735,0.000452472460662235,0.000452472520549133,0.652971884174358,FLOAT
"mutualistic_mixed_(0.2,0.8,0.5)",0.2,0.8,0.5,0.666808383478639,4.19736659610103,28230419.8653328,58880045842.4089,0.00047945641458121,0.000479456485833772,0.652971884174358,FLOAT
"mutualistic_mixed_(0.2,0.8,0.5)",0.2,0.8,0.5,0.666816836086713,4.19736659610103,25141648.495161,49486615279.4926,0.000508049381796084,0.000508049466571212,0.652971884174358,FLOAT
"mutualistic_mixed_(0.2,0.8,0.5)",0.2,0.8,0.5,0.666825792845157,4.19736659610103,22390818.2471753,41591766048.5275,0.000538347278303683,0.000538347379167564,0.652971884174358,FLOAT
"mutualistic_mixed_(0.2,0.8,0.5)",0.2,0.8,0.5,0.666835283823696,4.19736659610103,19940955.707592,34956421915.1734,0.00057045173447698,0.000570451854482746,0.652971884174358,FLOAT
"mutualistic_mixed_(0.2,0.8,0.5)",0.2,0.8,0.5,0.666845340885544,4.19736659610103,17759132.6121616,29379647681.8149,0.000604470435100709,0.000604470577880822,0.652971884174358,FLOAT
"mutualistic_mixed_(0.2,0.8,0.5)",0.2,0.8,0.5,0.666855997794376,4.19736659610103,15816023.2804091,24692564356.0715,0.000640517479580532,0.000640517649456696,0.652971884174358,FLOAT
"mutualistic_mixed_(0.2,0.8,0.5)",0.2,0.8,0.5,0.666867290327678,4.19736659610103,14085510.4692937,20753235062.4324,0.000678713763536245,0.000678713965650169,0.652971884174358,FLOAT
"mutualistic_mixed_(0.2,0.8,0.5)",0.2,0.8,0.5,0.666879256396864,4.19736659610103,12544334.3490022,17442366830.5859,0.000719187383025178,0.000719187623494143,0.652971884174358,FLOAT
"mutualistic_mixed_(0.2,0.8,0.5)",0.2,0.8,0.5,0.666891936174548,4.19736659610103,11171779.883143,14659698099.2621,0.00076207406273513,0.000762074348837058,0.652971884174358,FLOAT
"mutualistic_mixed_(0.2,0.8,0.5)",0.2,0.8,0.5,0.666905372229415,4.19736659610103,9949398.41129502,12320962539.3938,0.000807517609562295,0.000807517949955924,0.652971884174358,FLOAT
"mutualistic_mixed_(0.2,0.8,0.5)",0.2,0.8,0.5,0.666919609669129,4.19736659610103,8860759.69238249,10355337254.2052,0.000855670393063175,0.000855670798049988,0.652971884174358,FLOAT
"mutualistic_mixed_(0.2,0.8,0.5)",0.2,0.8,0.5,0.666934696291775,4.19736659610103,7891231.07601433,8703298080.67014,0.000906693854365362,0.000906694336201193,0.652971884174358,FLOAT
"mutualistic_mixed_(0.2,0.8,0.5)",0.2,0.8,0.5,0.666950682746323,4.19736659610103,7027780.83387227,7314817045.51573,0.000960759045210384,0.000960759618476114,0.652971884174358,FLOAT
"mutualistic_mixed_(0.2,0.8,0.5)",0.2,0.8,0.5,0.666967622702667,4.19736659610103,6258803.00798614,6147847390.30797,0.00101804719888779,0.00101804788093034,0.652971884174358,FLOAT
"mutualistic_mixed_(0.2,0.8,0.5)",0.2,0.8,0.5,0.666985573031808,4.19736659610103,5573961.42162435,5167050287.86863,0.00107875033495849,0.00107875114641541,0.652971884174358,FLOAT
"mutualistic_mixed_(0.2,0.8,0.5)",0.2,0.8,0.5,0.667004593996783,4.19736659610103,4964050.75651612,4342724692.33346,0.00114307189970177,0.00114307286512533,0.652971884174358,FLOAT
"mutualistic_mixed_(0.2,0.8,0.5)",0.2,0.8,0.5,0.667024749454976,4.19736659610103,4420872.82902386,3649907915.36647,0.00121122744443194,0.0012112285930315,0.652971884174358,FLOAT
"mutualistic_mixed_(0.2,0.8,0.5)",0.2,0.8,0.5,0.667046107072505,4.19736659610103,3937126.40259563,3067619692.16305,0.00128344534385224,0.00128344671037741,0.652971884174358,FLOAT
"mutualistic_mixed_(0.2,0.8,0.5)",0.2,0.8,0.5,0.667068738551391,4.19736659610103,3506309.05539089,2578226845.3184,0.00135996755681115,0.00135996918260227,0.652971884174358,FLOAT
"mutualistic_mixed_(0.2,0.8,0.5)",0.2,0.8,0.5,0.667092719870275,4.19736659610103,3122629.78427456,2166909307.1132,0.00144105043192444,0.00144105236616228,0.652971884174358,FLOAT
"mutualistic_mixed_(0.2,0.8,0.5)",0.2,0.8,0.5,0.667118131539495,4.19736659610103,2780931.17048654,1821211329.94097,0.00152696556067402,0.00152696786186625,0.652971884174358,FLOAT
"mutualistic_mixed_(0.2,0.8,0.5)",0.2,0.8,0.5,0.667145058871377,4.19736659610103,2476620.06091282,1530664294.40067,0.00161800068074841,0.00161800341849781,0.652971884174358,FLOAT
"mutualistic_mixed_(0.2,0.8,0.5)",0.2,0.8,0.5,0.667173592266644,4.19736659610103,2205605.83329829,1286469692.72425,0.00171446063253717,0.00171446388964489,0.652971884174358,FLOAT
"mutualistic_mixed_(0.2,0.8,0.5)",0.2,0.8,0.5,0.667203827517915,4.19736659610103,1964245.4156349,1081232687.43639,0.00181666837186615,0.00181667224683351,0.652971884174358,FLOAT
"mutualistic_mixed_(0.2,0.8,0.5)",0.2,0.8,0.5,0.667235866131295,4.19736659610103,1749294.32082261,908738176.766946,0.00192496604220956,0.00192497065221376,0.652971884174358,FLOAT
"mutualistic_mixed_(0.2,0.8,0.5)",0.2,0.8,0.5,0.667269815667157,4.19736659610103,1557863.03845993,763762585.463602,0.00203971610982901,0.00203972159426258,0.652971884174358,FLOAT
"mutualistic_mixed_(0.2,0.8,0.5)",0.2,0.8,0.5,0.667305790101244,4.19736659610103,1387378.19767308,641915681.568028,0.0021613025654542,0.00216130909013484,0.652971884174358,FLOAT
"mutualistic_mixed_(0.2,0.8,0.5)",0.2,0.8,0.5,0.667343910207308,4.19736659610103,1235547.97899482,539507628.957205,0.00229013219633035,0.00229013995850803,0.652971884174358,FLOAT
"mutualistic_mixed_(0.2,0.8,0.5)",0.2,0.8,0.5,0.667384303962572,4.19736659610103,1100331.31043232,453437249.668109,0.00242663593266011,0.00242664516697228,0.652971884174358,FLOAT
"mutualistic_mixed_(0.2,0.8,0.5)",0.2,0.8,0.5,0.667427106977381,4.19736659610103,979910.433690353,381098112.291958,0.00257127027269455,0.00257128125824891,0.652971884174358,FLOAT
"mutualistic_mixed_(0.2,0.8,0.5)",0.2,0.8,0.5,0.66747246295047,4.19736659610103,872666.471850539,320299602.564183,0.00272451879094942,0.00272453185974738,0.652971884174358,FLOAT
"mutualistic_mixed_(0.2,0.8,0.5)",0.2,0.8,0.5,0.667520524151393,4.19736659610103,777157.670114483,269200585.956697,0.00288689373428871,0.00288690928124315,0.652971884174358,FLOAT
"mutualistic_mixed_(0.2,0.8,0.5)",0.2,0.8,0.5,0.667571451931725,4.19736659610103,692100.017168298,226253653.415759,0.0030589377108064,0.00305895620565521,0.652971884174358,FLOAT
"mutualistic_mixed_(0.2,0.8,0.5)",0.2,0.8,0.5,0.667625417266748,4.19736659610103,616349.986709665,190158261.855799,0.00324122547678244,0.00324124747825607,0.652971884174358,FLOAT
"mutualistic_mixed_(0.2,0.8,0.5)",0.2,0.8,0.5,0.66768260132946,4.19736659610103,548889.167175917,159821350.38627,0.00343436582720658,0.00343439199987558,0.652971884174358,FLOAT
"mutualistic_mixed_(0.2,0.8,0.5)",0.2,0.8,0.5,0.667743196098802,4.19736659610103,488810.573095627,134324239.632239,0.00363900359563953,0.00363903472994839,0.652971884174358,FLOAT
"mutualistic_mixed_(0.2,0.8,0.5)",0.2,0.8,0.5,0.667807405004176,4.19736659610103,435306.454078383,112894811.771203,0.00385582176954495,0.00385585880563396,0.652971884174358,FLOAT
"mutualistic_mixed_(0.2,0.8,0.5)",0.2,0.8,0.5,0.667875443608401,4.19736659610103,387657.437593459,94884128.8301613,0.00408554372743698,0.00408558778346746,0.652971884174358,FLOAT
"mutualistic_mixed_(0.2,0.8,0.5)",0.2,0.8,0.5,0.667947540331402,4.19736659610103,345222.85961175,79746781.1830435,0.00432893560459701,0.00432898801042963,0.652971884174358,FLOAT
"mutualistic_mixed_(0.2,0.8,0.5)",0.2,0.8,0.5,0.668023937217061,4.19736659610103,307432.153149418,67024371.1517562,0.00458680879436024,0.00458687113159677,0.652971884174358,FLOAT
"mutualistic_mixed_(0.2,0.8,0.5)",0.2,0.8,0.5,0.668104890745814,4.19736659610103,273777.178972664,56331631.5513933,0.00486002259237942,0.00486009674196793,0.652971884174358,FLOAT
"mutualistic_mixed_(0.2,0.8,0.5)",0.2,0.8,0.5,0.668190672695706,4.19736659610103,243805.395383552,47344758.8138709,0.00514948699157408,0.0051495751904036,0.652971884174358,FLOAT
"mutualistic_mixed_(0.2,0.8,0.5)",0.2,0.8,0.5,0.66828157105481,4.19736659610103,217113.775286635,39791607.3873614,0.00545616563583518,0.00545627054401414,0.652971884174358,FLOAT
"mutualistic_mixed_(0.2,0.8,0.5)",0.2,0.8,0.5,0.668377890988062,4.19736659610103,193343.38877771,33443448.4724539,0.00578107894093719,0.00578120372176809,0.652971884174358,FLOAT
"mutualistic_mixed_(0.2,0.8,0.5)",0.2,0.8,0.5,0.668479955861763,4.19736659610103,172174.578442477,28108043.5287881,0.00612530739144849,0.00612545580648959,0.652971884174358,FLOAT
"mutualistic_mixed_(0.2,0.8,0.5)",0.2,0.8,0.5,0.668588108329191,4.19736659610103,153322.662517715,23623822.7999903,0.00648999502282376,0.00649017154487707,0.652971884174358,FLOAT
"mutualistic_mixed_(0.2,0.8,0.5)",0.2,0.8,0.5,0.668702711480957,4.19736659610103,136534.10816384,19854992.5679827,0.00687635309821173,0.00687656304560945,0.652971884174358,FLOAT
"mutualistic_mixed_(0.2,0.8,0.5)",0.2,0.8,0.5,0.668824150063978,4.19736659610103,121583.123414118,16687422.971585,0.00728566398988908,0.00728591368608246,0.652971884174358,FLOAT
"mutualistic_mixed_(0.2,0.8,0.5)",0.2,0.8,0.5,0.668952831773153,4.19736659610103,108268.621995353,14025191.8621991,0.00771928527560633,0.00771958223881132,0.652971884174358,FLOAT
"mutualistic_mixed_(0.2,0.8,0.5)",0.2,0.8,0.5,0.669089188620082,4.19736659610103,96411.5202242813,11787680.0356214,0.00817865406043931,0.00817900722898258,0.652971884174358,FLOAT
"mutualistic_mixed_(0.2,0.8,0.5)",0.2,0.8,0.5,0.669233678383419,4.19736659610103,85852.3296484025,9907129.87613612,0.00866529153513967,0.00866571153520456,0.652971884174358,FLOAT
"mutualistic_mixed_(0.2,0.8,0.5)",0.2,0.8,0.5,0.669386786145729,4.19736659610103,76449.0130745846,8326593.48245872,0.00918080778222781,0.00918130724595075,0.652971884174358,FLOAT
"mutualistic_mixed_(0.2,0.8,0.5)",0.2,0.8,0.5,0.669549025922018,4.19736659610103,68075.0751685279,6998208.13945888,0.0097269068414117,0.00972750078476397,0.652971884174358,FLOAT
"mutualistic_mixed_(0.2,0.8,0.5)",0.2,0.8,0.5,0.669720942385384,4.19736659610103,60617.8619615733,5881746.91261318,0.0103053920461116,0.0103060983177601,0.652971884174358,FLOAT
"mutualistic_mixed_(0.2,0.8,0.5)",0.2,0.8,0.5,0.669903112695601,4.19736659610103,53977.0464082902,4943400.47339699,0.0109181716431269,0.0109190114575521,0.652971884174358,FLOAT
"mutualistic_mixed_(0.2,0.8,0.5)",0.2,0.8,0.5,0.670096148436769,4.19736659610103,48063.2796397249,4154753.26623576,0.0115672647075674,0.0115682632781876,0.652971884174358,FLOAT
"mutualistic_mixed_(0.2,0.8,0.5)",0.2,0.8,0.5,0.670300697670525,4.19736659610103,42796.9897836709,3491923.01269244,0.0122548073652971,0.0122559946562717,0.652971884174358,FLOAT
"mutualistic_mixed_(0.2,0.8,0.5)",0.2,0.8,0.5,0.670517447111728,4.19736659610103,38107.3122069583,2934837.49490078,0.0129830593350484,0.0129844709539008,0.652971884174358,FLOAT
"mutualistic_mixed_(0.2,0.8,0.5)",0.2,0.8,0.5,0.670747124433902,4.19736659610103,33931.1368010346,2466626.71737611,0.0137544108023094,0.0137560890596081,0.652971884174358,FLOAT
"mutualistic_mixed_(0.2,0.8,0.5)",0.2,0.8,0.5,0.67099050071219,4.19736659610103,30212.2595053453,2073112.04032047,0.0145713896367818,0.0145733848039756,0.652971884174358,FLOAT
"mutualistic_mixed_(0.2,0.8,0.5)",0.2,0.8,0.5,0.671248393012015,4.19736659610103,26900.6266639562,1742376.81406973,0.0154366689647893,0.0154390407670333,0.652971884174358,FLOAT
"mutualistic_mixed_(0.2,0.8,0.5)",0.2,0.8,0.5,0.671521667132144,4.19736659610103,23951.6620586118,1464405.51238875,0.0163530751074568,0.0163558944950581,0.652971884174358,FLOAT
"mutualistic_mixed_(0.2,0.8,0.5)",0.2,0.8,0.5,0.671811240511352,4.19736659610103,21325.6675727159,1230780.43665497,0.0173235958946101,0.0173269471447523,0.652971884174358,FLOAT
"mutualistic_mixed_(0.2,0.8,0.5)",0.2,0.8,0.5,0.67211808530846,4.19736659610103,18987.2894302986,1034426.80635216,0.0183513893633075,0.0183553725731993,0.652971884174358,FLOAT
"mutualistic_mixed_(0.2,0.8,0.5)",0.2,0.8,0.5,0.672443231666078,4.19736659610103,16905.0428354453,869398.516562658,0.0194397928485174,0.0194445268923195,0.652971884174358,FLOAT
"mutualistic_mixed_(0.2,0.8,0.5)",0.2,0.8,0.5,0.672787771169006,4.19736659610103,15050.8886226294,730698.074649111,0.0205923324716949,0.0205979585068115,0.652971884174358,FLOAT
"mutualistic_mixed_(0.2,0.8,0.5)",0.2,0.8,0.5,0.673152860508921,4.19736659610103,13399.856227414,614125.263344158,0.0218127330308961,0.0218194186548301,0.652971884174358,FLOAT
"mutualistic_mixed_(0.2,0.8,0.5)",0.2,0.8,0.5,0.673539725367628,4.19736659610103,11929.7079096296,516149.947382195,0.0231049282933612,0.0231128724707513,0.652971884174358,FLOAT
"mutualistic_mixed_(0.2,0.8,0.5)",0.2,0.8,0.5,0.673949664531935,4.19736659610103,10620.6397155601,433805.171929928,0.0244730716883489,0.0244825105895134,0.652971884174358,FLOAT
"mutualistic_mixed_(0.2,0.8,0.5)",0.2,0.8,0.5,0.674384054253956,4.19736659610103,9455.01515950768,364597.315564307,0.0259215473940641,0.0259327613119522,0.652971884174358,FLOAT
"mutualistic_mixed_(0.2,0.8,0.5)",0.2,0.8,0.5,0.674844352871474,4.19736659610103,8417.12804487671,306430.576999063,0.0274549818079345,0.0274683033504925,0.652971884174358,FLOAT
"mutualistic_mixed_(0.2,0.8,0.5)",0.2,0.8,0.5,0.675332105703892,4.19736659610103,7492.99123658688,257543.508824967,0.0290782553839408,0.0290940791743243,0.652971884174358,FLOAT
"mutualistic_mixed_(0.2,0.8,0.5)",0.2,0.8,0.5,0.675848950240194,4.19736659610103,6670.1485454413,216455.676342865,0.0307965148141863,0.0308153089728901,0.652971884174358,FLOAT
"mutualistic_mixed_(0.2,0.8,0.5)",0.2,0.8,0.5,0.676396621636343,4.19736659610103,5937.50719572731,181922.826182413,0.0326151855241739,0.0326375052560683,0.652971884174358,FLOAT
"mutualistic_mixed_(0.2,0.8,0.5)",0.2,0.8,0.5,0.676976958540561,4.19736659610103,5285.1886239946,152899.207097433,0.0345399844422352,0.0345664881089062,0.652971884174358,FLOAT
"mutualistic_mixed_(0.2,0.8,0.5)",0.2,0.8,0.5,0.677591909266059,4.19736659610103,4704.39560334737,128505.901915091,0.0365769329929587,0.0366084011180729,0.652971884174358,FLOAT
"mutualistic_mixed_(0.2,0.8,0.5)",0.2,0.8,0.5,0.67824353833194,4.19736659610103,4187.29390703233,108004.211649265,0.0387323702521725,0.0387697279864442,0.652971884174358,FLOAT
"mutualistic_mixed_(0.2,0.8,0.5)",0.2,0.8,0.5,0.678934033394218,4.19736659610103,3726.90692052395,90773.2857807707,0.0410129661866969,0.0410573098513247,0.652971884174358,FLOAT
"mutualistic_mixed_(0.2,0.8,0.5)",0.2,0.8,0.5,0.679665712590243,4.19736659610103,3317.02178536691,76291.3212920677,0.0434257348855786,0.0434783633208853,0.652971884174358,FLOAT
"mutualistic_mixed_(0.2,0.8,0.5)",0.2,0.8,0.5,0.680441032321174,4.19736659610103,2952.10581303498,64119.7611150376,0.0459780476703761,0.0460404992423255,0.652971884174358,FLOAT
"mutualistic_mixed_(0.2,0.8,0.5)",0.2,0.8,0.5,0.681262595498641,4.19736659610103,2627.23204511668,53890.0134803366,0.0486776459501692,0.0487517422142659,0.652971884174358,FLOAT
"mutualistic_mixed_(0.2,0.8,0.5)",0.2,0.8,0.5,0.68213316028326,4.19736659610103,2338.01295907766,45292.2899961253,0.0515326536618114,0.0516205508548514,0.652971884174358,FLOAT
"mutualistic_mixed_(0.2,0.8,0.5)",0.2,0.8,0.5,0.683055649344363,4.19736659610103,2080.54142834802,38066.224444656,0.054551589107265,0.0546558388361549,0.652971884174358,FLOAT
"mutualistic_mixed_(0.2,0.8,0.5)",0.2,0.8,0.5,0.684033159672015,4.19736659610103,1851.33814298968,31992.9882097367,0.057743375967262,0.0578669966948021,0.652971884174358,FLOAT
"mutualistic_mixed_(0.2,0.8,0.5)",0.2,0.8,0.5,0.68506897297426,4.19736659610103,1647.30478404799,26888.6635700306,0.0611173532335927,0.0612639144283852,0.652971884174358,FLOAT
"mutualistic_mixed_(0.2,0.8,0.5)",0.2,0.8,0.5,0.686166566694507,4.19736659610103,1465.68232203268,22598.6741844943,0.0646832837606961,0.0648570048874077,0.652971884174358,FLOAT
"mutualistic_mixed_(0.2,0.8,0.5)",0.2,0.8,0.5,0.687329625686041,4.19736659610103,1304.01387885406,18993.1041107417,0.0684513610905324,0.0686572279734181,0.652971884174358,FLOAT
"mutualistic_mixed_(0.2,0.8,0.5)",0.2,0.8,0.5,0.68856205458285,4.19736659610103,1160.11165388555,15962.7636041968,0.0724322141525441,0.0726761156558472,0.652971884174358,FLOAT
"mutualistic_mixed_(0.2,0.8,0.5)",0.2,0.8,0.5,0.689867990908302,4.19736659610103,1032.02746945627,13415.8825603103,0.0766369093827147,0.0769257978233526,0.652971884174358,FLOAT
"mutualistic_mixed_(0.2,0.8,0.5)",0.2,0.8,0.5,0.691251818965688,4.19736659610103,918.026539733507,11275.3314687825,0.0810769497419198,0.0814190289904297,0.652971884174358,FLOAT
"mutualistic_mixed_(0.2,0.8,0.5)",0.2,0.8,0.5,0.692718184557244,4.19736659610103,816.564110286252,9476.28572311702,0.085764270044091,0.0861692158874311,0.652971884174358,FLOAT
"mutualistic_mixed_(0.2,0.8,0.5)",0.2,0.8,0.5,0.694272010581095,4.19736659610103,726.264654213175,7964.26255479836,0.0907112279290453,0.0911904459723783,0.652971884174358,FLOAT
"mutualistic_mixed_(0.2,0.8,0.5)",0.2,0.8,0.5,0.695918513558455,4.19736659610103,645.903345086691,6693.47114539342,0.0959305897337578,0.0964975169170953,0.652971884174358,FLOAT
"mutualistic_mixed_(0.2,0.8,0.5)",0.2,0.8,0.5,0.697663221146592,4.19736659610103,574.389557573902,5625.42595372005,0.101435510429853,0.102105967139086,0.652971884174358,FLOAT
"mutualistic_mixed_(0.2,0.8,0.5)",0.2,0.8,0.5,0.699511990696333,4.19736659610103,510.752173854489,4727.78126604431,0.107239506705398,0.108032107475613,0.652971884174358,FLOAT
"mutualistic_mixed_(0.2,0.8,0.5)",0.2,0.8,0.5,0.701471028916427,4.19736659610103,454.12649823333,3973.35167647925,0.113356422177115,0.114293054128983,0.652971884174358,FLOAT
"mutualistic_mixed_(0.2,0.8,0.5)",0.2,0.8,0.5,0.703546912710775,4.19736659610103,403.742603966203,3339.28883519205,0.119800383627352,0.120906763054231,0.652971884174358,FLOAT
"mutualistic_mixed_(0.2,0.8,0.5)",0.2,0.8,0.5,0.705746611258478,4.19736659610103,358.91495557271,2806.38953422419,0.126585747071322,0.127892066014254,0.652971884174358,FLOAT
"mutualistic_mixed_(0.2,0.8,0.5)",0.2,0.8,0.5,0.708077509410841,4.19736659610103,319.033167059067,2358.51417796692,0.133727032378302,0.135268708596053,0.652971884174358,FLOAT
"mutualistic_mixed_(0.2,0.8,0.5)",0.2,0.8,0.5,0.710547432483875,4.19736659610103,283.553771745775,1982.0980280649,0.141238845100655,0.14305739056842,0.652971884174358,FLOAT
"mutualistic_mixed_(0.2,0.8,0.5)",0.2,0.8,0.5,0.713164672529529,4.19736659610103,251.992892996707,1665.74042197119,0.149135784112839,0.151279809070435,0.652971884174358,FLOAT
"mutualistic_mixed_(0.2,0.8,0.5)",0.2,0.8,0.5,0.715938016173855,4.19736659610103,223.919717259281,1399.8595256185,0.157432333636592,0.159958705256763,0.652971884174358,FLOAT
"mutualistic_mixed_(0.2,0.8,0.5)",0.2,0.8,0.5,0.718876774115565,4.19736659610103,198.950681613338,1176.4021652139,0.166142738237276,0.169117915196257,0.652971884174358,FLOAT
"mutualistic_mixed_(0.2,0.8,0.5)",0.2,0.8,0.5,0.721990812384003,4.19736659610103,176.744297633852,988.599951102061,0.17528085943044,0.178782426032717,0.652971884174358,FLOAT
"mutualistic_mixed_(0.2,0.8,0.5)",0.2,0.8,0.5,0.725290585461487,4.19736659610103,156.99654192896,830.764308485288,0.184860012648974,0.18897843868041,0.652971884174358,FLOAT
"mutualistic_mixed_(0.2,0.8,0.5)",0.2,0.8,0.5,0.728787171381207,4.19736659610103,139.436751334963,698.114207989454,0.194892783503146,0.199733438654022,0.652971884174358,FLOAT
"mutualistic_mixed_(0.2,0.8,0.5)",0.2,0.8,0.5,0.732492308918514,4.19736659610103,123.823967536329,586.631379300001,0.20539082253262,0.211076277038031,0.652971884174358,FLOAT
"mutualistic_mixed_(0.2,0.8,0.5)",0.2,0.8,0.5,0.736418437000464,4.19736659610103,109.943681922607,492.93862335148,0.216364618015935,0.223037264102175,0.652971884174358,FLOAT
"mutualistic_mixed_(0.2,0.8,0.5)",0.2,0.8,0.5,0.740578736465914,4.19736659610103,97.6049368766864,414.197538037846,0.227823246883342,0.235648278691043,0.652971884174358,FLOAT
"mutualistic_mixed_(0.2,0.8,0.5)",0.2,0.8,0.5,0.744987174316374,4.19736659610103,86.6377444825044,348.022560302771,0.239774104386127,0.248942897285543,0.652971884174358,FLOAT
"mutualistic_mixed_(0.2,0.8,0.5)",0.2,0.8,0.5,0.749658550606174,4.19736659610103,76.8907879093798,292.40872157175,0.252222613919638,0.262956547588861,0.652971884174358,FLOAT
"mutualistic_mixed_(0.2,0.8,0.5)",0.2,0.8,0.5,0.754608548129361,4.19736659610103,68.2293745321604,245.670928763356,0.265171919283272,0.277726692676295,0.652971884174358,FLOAT
"mutualistic_mixed_(0.2,0.8,0.5)",0.2,0.8,0.5,0.759853785070145,4.19736659610103,60.5336132323491,206.392932141826,0.278622562686757,0.293293053227,0.652971884174358,FLOAT
"mutualistic_mixed_(0.2,0.8,0.5)",0.2,0.8,0.5,0.765411870793641,4.19736659610103,53.696791340873,173.384434616018,0.292572152967064,0.309697877204442,0.652971884174358,FLOAT
"mutualistic_mixed_(0.2,0.8,0.5)",0.2,0.8,0.5,0.771301464964215,4.19736659610103,47.6239293686788,145.645043634075,0.307015029740779,0.326986268673387,0.652971884174358,FLOAT
"mutualistic_mixed_(0.2,0.8,0.5)",0.2,0.8,0.5,0.777542340189913,4.19736659610103,42.2304940630224,122.33397403496,0.321941930545155,0.345206590370015,0.652971884174358,FLOAT
"mutualistic_mixed_(0.2,0.8,0.5)",0.2,0.8,0.5,0.784155448403264,4.19736659610103,37.4412524572899,102.744584372003,0.337339669363228,0.364410958359886,0.652971884174358,FLOAT
"mutualistic_mixed_(0.2,0.8,0.5)",0.2,0.8,0.5,0.791162991201332,4.19736659610103,33.189251479086,86.2829755938988,0.353190836212993,0.384655851871581,0.652971884174358,FLOAT
"mutualistic_mixed_(0.2,0.8,0.5)",0.2,0.8,0.5,0.798588494381158,4.19736659610103,29.4149093706618,72.4500039873443,0.369473528619952,0.406002867519511,0.652971884174358,FLOAT
"mutualistic_mixed_(0.2,0.8,0.5)",0.2,0.8,0.5,0.806456886920807,4.19736659610103,26.0652066802272,60.8261636783415,0.386161126685565,0.428519655095532,0.652971884174358,FLOAT
"mutualistic_mixed_(0.2,0.8,0.5)",0.2,0.8,0.5,0.814794584671205,4.19736659610103,23.0929659225351,51.0588808869261,0.403222124004935,0.452281082573594,0.652971884174358,FLOAT
"mutualistic_mixed_(0.2,0.8,0.5)",0.2,0.8,0.5,0.823629579039712,4.19736659610103,20.4562102003549,42.8518351644845,0.420620026776218,0.477370691869668,0.652971884174358,FLOAT
"mutualistic_mixed_(0.2,0.8,0.5)",0.2,0.8,0.5,0.83299153096317,4.19736659610103,18.1175921411066,35.9559842256201,0.438313333010657,0.503882525574061,0.652971884174358,FLOAT
"mutualistic_mixed_(0.2,0.8,0.5)",0.2,0.8,0.5,0.842911870485915,4.19736659610103,16.0438854492964,30.162020577023,0.456255602785998,0.531923430273052,0.652971884174358,FLOAT
"mutualistic_mixed_(0.2,0.8,0.5)",0.2,0.8,0.5,0.853423902277057,4.19736659610103,14.2055322182109,25.2940315069638,0.474395629090958,0.561615977045808,0.652971884174358,FLOAT
"mutualistic_mixed_(0.2,0.8,0.5)",0.2,0.8,0.5,0.864562917441269,4.19736659610103,12.5762398949166,21.2041704453944,0.49267771728688,0.593102188425777,0.652971884174358,FLOAT
"mutualistic_mixed_(0.2,0.8,0.5)",0.2,0.8,0.5,0.876366311998457,4.19736659610103,11.1326224610841,17.7681783424631,0.511042080208809,0.62654832963258,0.652971884174358,FLOAT
"mutualistic_mixed_(0.2,0.8,0.5)",0.2,0.8,0.5,0.888873712430073,4.19736659610103,9.85388098748933,14.8816194753097,0.529425356675688,0.662151118958392,0.652971884174358,FLOAT
"mutualistic_mixed_(0.2,0.8,0.5)",0.2,0.8,0.5,0.9,4.19736659610103,8.88991746814739,12.8092116116175,0.544894951498954,0.694025341894152,0.652971884174358,FLOAT
"mutualistic_mixed_(0.2,0.8,0.5)",0.2,0.8,0.5,0.902127108713561,4.19736659610103,8.72151925026867,12.4567177687159,0.547761265941588,0.700145849990446,0.652971884174358,FLOAT
"mutualistic_mixed_(0.2,0.8,0.5)",0.2,0.8,0.5,0.912667383761716,4.19736659610103,7.95261916938405,10.8846865180174,0.561548216195837,0.730624548187042,0.652971884174358,FLOAT
"mutualistic_mixed_(0.2,0.8,0.5)",0.2,0.8,0.5,0.916170995291558,4.19736659610103,7.71909056924541,10.4196979785036,0.565981423474841,0.740817112470085,0.652971884174358,FLOAT
"mutualistic_mixed_(0.2,0.8,0.5)",0.2,0.8,0.5,0.923730141409766,4.19736659610103,7.24850990413341,9.50093204395687,0.575300397068904,0.76292619193544,0.652971884174358,FLOAT
"mutualistic_mixed_(0.2,0.8,0.5)",0.2,0.8,0.5,0.931052520449102,4.19736659610103,6.83197244927577,8.70855152345038,0.584016371663743,0.784513065218554,0.652971884174358,FLOAT
"mutualistic_mixed_(0.2,0.8,0.5)",0.2,0.8,0.5,0.933391537091908,4.19736659610103,6.70635851676013,8.47353897446563,0.586737787595608,0.791447178914174,0.652971884174358,FLOAT
"mutualistic_mixed_(0.2,0.8,0.5)",0.2,0.8,0.5,0.941829086706256,4.19736659610103,6.28052846544321,7.69079039922415,0.596309519469076,0.816629779180667,0.652971884174358,FLOAT
"mutualistic_mixed_(0.2,0.8,0.5)",0.2,0.8,0.5,0.946821644600358,4.19736659610103,6.0471659802475,7.27115989025496,0.601796935293151,0.831664558546169,0.652971884174358,FLOAT
"mutualistic_mixed_(0.2,0.8,0.5)",0.2,0.8,0.5,0.94919781953087,4.19736659610103,5.94058980943505,7.08176042669429,0.604363799022369,0.838857777092027,0.652971884174358,FLOAT
"mutualistic_mixed_(0.2,0.8,0.5)",0.2,0.8,0.5,0.955633126690214,4.19736659610103,5.66556026228464,6.59961948465447,0.611173650026378,0.858467715518794,0.652971884174358,FLOAT
"mutualistic_mixed_(0.2,0.8,0.5)",0.2,0.8,0.5,0.961253248795439,4.19736659610103,5.44055300333001,6.21240103966535,0.616955412945673,0.875756888293722,0.652971884174358,FLOAT
"mutualistic_mixed_(0.2,0.8,0.5)",0.2,0.8,0.5,0.963531308016255,4.19736659610103,5.35311728517026,6.06371988266774,0.619256116935562,0.882810780964893,0.652971884174358,FLOAT
"mutualistic_mixed_(0.2,0.8,0.5)",0.2,0.8,0.5,0.966161448465718,4.19736659610103,5.25474314415223,5.89765091973467,0.621882195438647,0.890989177838392,0.652971884174358,FLOAT
"mutualistic_mixed_(0.2,0.8,0.5)",0.2,0.8,0.5,0.970447907647971,4.19736659610103,5.10008959149926,5.63920014414018,0.626093765556996,0.904399464665017,0.652971884174358,FLOAT
"mutualistic_mixed_(0.2,0.8,0.5)",0.2,0.8,0.5,0.974191384595819,4.19736659610103,4.97050656043674,5.42514992649813,0.629703910449453,0.916197087228728,0.652971884174358,FLOAT
"mutualistic_mixed_(0.2,0.8,0.5)",0.2,0.8,0.5,0.977460660952652,4.19736659610103,4.86131182801314,5.24657482754699,0.632805969313733,0.926568663900296,0.652971884174358,FLOAT
"mutualistic_mixed_(0.2,0.8,0.5)",0.2,0.8,0.5,0.980315805527134,4.19736659610103,4.76885037882446,5.09666546832724,0.635477037026327,0.935680477453355,0.652971884174358,FLOAT
"mutualistic_mixed_(0.2,0.8,0.5)",0.2,0.8,0.5,0.981237608556118,4.19736659610103,4.73955860323511,5.04942505761367,0.636331932167592,0.938633319468455,0.652971884174358,FLOAT
"mutualistic_mixed_(0.2,0.8,0.5)",0.2,0.8,0.5,0.982809277981414,4.19736659610103,4.69023213660844,4.97014815241629,0.637781189884326,0.943680548904409,0.652971884174358,FLOAT
"mutualistic_mixed_(0.2,0.8,0.5)",0.2,0.8,0.5,0.984986892710918,4.19736659610103,4.62314564608389,4.86288346787216,0.639771984817966,0.950700479793078,0.652971884174358,FLOAT
"mutualistic_mixed_(0.2,0.8,0.5)",0.2,0.8,0.5,0.986888660625784,4.19736659610103,4.56572338206726,4.77158326601695,0.641494413633387,0.956857111681186,0.652971884174358,FLOAT
"mutualistic_mixed_(0.2,0.8,0.5)",0.2,0.8,0.5,0.988549524300617,4.19736659610103,4.51644282026127,4.69360757723774,0.642986444669183,0.962254032945648,0.652971884174358,FLOAT
"mutualistic_mixed_(0.2,0.8,0.5)",0.2,0.8,0.5,0.99,4.19736659610103,4.4740527084846,4.62681653298331,0.644280249270156,0.966982951796403,0.652971884174358,FLOAT
"mutualistic_mixed_(0.2,0.8,0.5)",0.2,0.8,0.5,0.991266738376172,4.19736659610103,4.43751737719745,4.56946079479595,0.64540318537275,0.971124948101368,0.652971884174358,FLOAT
"mutualistic_mixed_(0.2,0.8,0.5)",0.2,0.8,0.5,0.992373014140977,4.19736659610103,4.40597415120139,4.52009936847356,0.646378592315872,0.974751613190593,0.652971884174358,FLOAT
"mutualistic_mixed_(0.2,0.8,0.5)",0.2,0.8,0.5,0.993339153709191,4.19736659610103,4.37870040434376,4.47753717887547,0.647226437718885,0.977926085125989,0.652971884174358,FLOAT
"mutualistic_mixed_(0.2,0.8,0.5)",0.2,0.8,0.5,0.994182908670626,4.19736659610103,4.35508780076928,4.4407770969747,0.647963847501024,0.980703986186609,0.652971884174358,FLOAT
"mutualistic_mixed_(0.2,0.8,0.5)",0.2,0.8,0.5,0.994919781953087,4.19736659610103,4.33462195467589,4.40898267012765,0.648605542873806,0.983134269055857,0.652971884174358,FLOAT
"mutualistic_mixed_(0.2,0.8,0.5)",0.2,0.8,0.5,0.995563312669021,4.19736659610103,4.31686622032843,4.3814488725506,0.649164202726175,0.985259978125782,0.652971884174358,FLOAT
"mutualistic_mixed_(0.2,0.8,0.5)",0.2,0.8,0.5,0.996125324879544,4.19736659610103,4.30144866285867,4.3575789320902,0.649650765748044,0.987118932300189,0.652971884174358,FLOAT
"mutualistic_mixed_(0.2,0.8,0.5)",0.2,0.8,0.5,0.996616144846572,4.19736659610103,4.28805150248897,4.33686580854956,0.650074683549953,0.988744335606522,0.652971884174358,FLOAT
"mutualistic_mixed_(0.2,0.8,0.5)",0.2,0.8,0.5,0.997044790764797,4.19736659610103,4.27640249980487,4.31887726798151,0.650444133677274,0.990165321785935,0.652971884174358,FLOAT
"mutualistic_mixed_(0.2,0.8,0.5)",0.2,0.8,0.5,0.997419138459582,4.19736659610103,4.26626787751851,4.30324376283077,0.650766199603373,0.991407438818216,0.652971884174358,FLOAT
"mutualistic_mixed_(0.2,0.8,0.5)",0.2,0.8,0.5,0.997746066095265,4.19736659610103,4.2574464684596,4.2896485207561,0.651047023381183,0.992493079062145,0.652971884174358,FLOAT
"mutualistic_mixed_(0.2,0.8,0.5)",0.2,0.8,0.5,0.998031580552713,4.19736659610103,4.24976484975155,4.27781938661091,0.651291935536805,0.993441860367651,0.652971884174358,FLOAT
"mutualistic_mixed_(0.2,0.8,0.5)",0.2,0.8,0.5,0.998280927798141,4.19736659610103,4.24307327589386,4.26752206703359,0.651505565927577,0.994270963159489,0.652971884174358,FLOAT
"mutualistic_mixed_(0.2,0.8,0.5)",0.2,0.8,0.5,0.998498689271092,4.19736659610103,4.23724226345704,4.25855450559274,0.651691938607869,0.994995428118225,0.652971884174358,FLOAT
"mutualistic_mixed_(0.2,0.8,0.5)",0.2,0.8,0.5,0.998688866062578,4.19736659610103,4.23215971064788,4.2507421756316,0.651854553203046,0.995628418705268,0.652971884174358,FLOAT
"mutualistic_mixed_(0.2,0.8,0.5)",0.2,0.8,0.5,0.998854952430062,4.19736659610103,4.22772845853117,4.24393412297004,0.651996454859022,0.996181452404939,0.652971884174358,FLOAT
"mutualistic_mixed_(0.2,0.8,0.5)",0.2,0.8,0.5,0.999,4.19736659610103,4.22386421895262,4.23799962512293,0.652120294485201,0.996664604195215,0.652971884174358,FLOAT
"mutualistic_mixed_(0.2,0.8,0.5)",0.2,0.8,0.5,0.999126673837617,4.19736659610103,4.22049380848201,4.2328253603383,0.652228380724889,0.997086685415412,0.652971884174358,FLOAT
"mutualistic_mixed_(0.2,0.8,0.5)",0.2,0.8,0.5,0.999237301414098,4.19736659610103,4.21755363893579,4.22831300048889,0.652322724855412,0.997455400876934,0.652971884174358,FLOAT
"mutualistic_mixed_(0.2,0.8,0.5)",0.2,0.8,0.5,0.999333915370919,4.19736659610103,4.21498842395102,4.22437715809722,0.652405079630684,0.997777486764362,0.652971884174358,FLOAT
"mutualistic_mixed_(0.2,0.8,0.5)",0.2,0.8,0.5,0.999418290867063,4.19736659610103,4.21275006819779,4.22094363059443,0.652476972923251,0.998058831599349,0.652971884174358,FLOAT
"mutualistic_mixed_(0.2,0.8,0.5)",0.2,0.8,0.5,0.999491978195309,4.19736659610103,4.21079671153508,4.2179478951006,0.652539736890745,0.998304582288978,0.652971884174358,FLOAT
"mutualistic_mixed_(0.2,0.8,0.5)",0.2,0.8,0.5,0.999556331266902,4.19736659610103,4.20909190503868,4.21533381516218,0.652594533285336,0.998519237052816,0.652971884174358,FLOAT
"mutualistic_mixed_(0.2,0.8,0.5)",0.2,0.8,0.5,0.999612532487954,4.19736659610103,4.20760389959192,4.21305252744142,0.652642375434103,0.998706726817667,0.652971884174358,FLOAT
"mutualistic_mixed_(0.2,0.8,0.5)",0.2,0.8,0.5,0.999661614484657,4.19736659610103,4.20630503080854,4.2110614816654,0.652684147340756,0.998870486484804,0.652971884174358,FLOAT
"mutualistic_mixed_(0.2,0.8,0.5)",0.2,0.8,0.5,0.99970447907648,4.19736659610103,4.20517118659095,4.20932361147214,0.652720620295917,0.999013517309557,0.652971884174358,FLOAT
"mutualistic_mixed_(0.2,0.8,0.5)",0.2,0.8,0.5,0.999741913845958,4.19736659610103,4.20418134572285,4.20780661733863,0.652752467330097,0.999138441486156,0.652971884174358,FLOAT
"mutualistic_mixed_(0.2,0.8,0.5)",0.2,0.8,0.5,0.999774606609527,4.19736659610103,4.20331717763828,4.20648234569997,0.652780275792147,0.999247549899995,0.652971884174358,FLOAT
"mutualistic_mixed_(0.2,0.8,0.5)",0.2,0.8,0.5,0.999803158055271,4.19736659610103,4.20256269496443,4.20532625078986,0.652804558305383,0.999342843893525,0.652971884174358,FLOAT
"mutualistic_mixed_(0.2,0.8,0.5)",0.2,0.8,0.5,0.999828092779814,4.19736659610103,4.20190395165717,4.20431692774863,0.6528257623088,0.999426071789324,0.652971884174358,FLOAT
"mutualistic_mixed_(0.2,0.8,0.5)",0.2,0.8,0.5,0.999849868927109,4.19736659610103,4.20132878057655,4.20343570723023,0.652844278374654,0.999498760823186,0.652971884174358,FLOAT
"mutualistic_mixed_(0.2,0.8,0.5)",0.2,0.8,0.5,0.999868886606258,4.19736659610103,4.20082656521956,4.20266630315483,0.652860447456324,0.999562245060026,0.652971884174358,FLOAT
"mutualistic_mixed_(0.2,0.8,0.5)",0.2,0.8,0.5,0.999885495243006,4.19736659610103,4.20038804106511,4.20199450644682,0.652874567207334,0.999617689794871,0.652971884174358,FLOAT
"mutualistic_mixed_(0.2,0.8,0.5)",0.2,0.8,0.5,0.9999,4.19736659610103,4.20000512261394,4.20140791860734,0.652886897492698,0.999666112879165,0.652971884174358,FLOAT
"mutualistic_mixed_(0.2,0.8,0.5)",0.2,0.8,0.5,0.999912667383762,4.19736659610103,4.1996707527423,4.20089571982762,0.652897665195819,0.999708403357996,0.652971884174358,FLOAT
"mutualistic_mixed_(0.2,0.8,0.5)",0.2,0.8,0.5,0.99992373014141,4.19736659610103,4.19937877144663,4.20044846707923,0.652907068410632,0.999745337755959,0.652971884174358,FLOAT
"mutualistic_mixed_(0.2,0.8,0.5)",0.2,0.8,0.5,0.999933391537092,4.19736659610103,4.19912380144937,4.2000579182402,0.652915280102334,0.999777594307266,0.652971884174358,FLOAT
"mutualistic_mixed_(0.2,0.8,0.5)",0.2,0.8,0.5,0.999941829086706,4.19736659610103,4.19890114847455,4.19971687884974,0.652922451295274,0.999805765388783,0.652971884174358,FLOAT
"mutualistic_mixed_(0.2,0.8,0.5)",0.2,0.8,0.5,0.999949197819531,4.19736659610103,4.198706714292,4.19941906854177,0.652928713862738,0.999830368382355,0.652971884174358,FLOAT
"mutualistic_mixed_(0.2,0.8,0.5)",0.2,0.8,0.5,0.99995563312669,4.19736659610103,4.19853692088057,4.19915900460113,0.652934182956979,0.99985185516436,0.652971884174358,FLOAT
"mutualistic_mixed_(0.2,0.8,0.5)",0.2,0.8,0.5,0.999961253248795,4.19736659610103,4.19838864427707,4.19893190042503,0.652938959131941,0.999870620395651,0.652971884174358,FLOAT
"mutualistic_mixed_(0.2,0.8,0.5)",0.2,0.8,0.5,0.999966161448466,4.19736659610103,4.19825915686518,4.19873357696488,0.65294313018922,0.999887008763237,0.652971884174358,FLOAT
"mutualistic_mixed_(0.2,0.8,0.5)",0.2,0.8,0.5,0.999970447907648,4.19736659610103,4.19814607702088,4.19856038547608,0.652946772808337,0.999901321306076,0.652971884174358,FLOAT
"mutualistic_mixed_(0.2,0.8,0.5)",0.2,0.8,0.5,0.999974191384596,4.19736659610103,4.1980473251716,4.19840914012213,0.652949953948765,0.999913820940633,0.652971884174358,FLOAT
"mutualistic_mixed_(0.2,0.8,0.5)",0.2,0.8,0.5,0.999977460660953,4.19736659610103,4.19796108544825,4.19827705916829,0.652952732073648,0.999924737287324,0.652971884174358,FLOAT
"mutualistic_mixed_(0.2,0.8,0.5)",0.2,0.8,0.5,0.999980315805527,4.19736659610103,4.19788577221537,4.19816171366428,0.65295515825022,0.999934270886228,0.652971884174358,FLOAT
"mutualistic_mixed_(0.2,0.8,0.5)",0.2,0.8,0.5,0.999982809277981,4.19736659610103,4.19782000085659,4.19806098265813,0.65295727707166,0.999942596879241,0.652971884174358,FLOAT
"mutualistic_mixed_(0.2,0.8,0.5)",0.2,0.8,0.5,0.999984986892711,4.19736659610103,4.19776256227265,4.19797301410632,0.65295912747282,0.999949868226174,0.652971884174358,FLOAT
"mutualistic_mixed_(0.2,0.8,0.5)",0.2,0.8,0.5,0.999986888660626,4.19736659610103,4.1977124006189,4.19789619075329,0.652960743459893,0.999956218513742,0.652971884174358,FLOAT
"mutualistic_mixed_(0.2,0.8,0.5)",0.2,0.8,0.5,0.999988549524301,4.19736659610103,4.19766859386982,4.19782910034664,0.652962154736565,0.99996176440894,0.652971884174358,FLOAT
"mutualistic_mixed_(0.2,0.8,0.5)",0.2,0.8,0.5,0.99999,4.19736659610103,4.1976303368507,4.19777050963558,0.652963387228488,0.999966607801793,0.652971884174358,FLOAT
"mutualistic_mixed_(0.2,0.8,0.5)",0.2,0.8,0.5,0.999991266738376,4.19736659610103,4.19759692642283,4.19771934167088,0.652964463586371,0.999970837676822,0.652971884174358,FLOAT
"mutualistic_mixed_(0.2,0.8,0.5)",0.2,0.8,0.5,0.999992373014141,4.19736659610103,4.19756774854836,4.19767465598632,0.652965403604378,0.999974531747522,0.652971884174358,FLOAT
"mutualistic_mixed_(0.2,0.8,0.5)",0.2,0.8,0.5,0.999993339153709,4.19736659610103,4.19754226699609,4.1976356312953,0.652966224529093,0.999977757883866,0.652971884174358,FLOAT
"mutualistic_mixed_(0.2,0.8,0.5)",0.2,0.8,0.5,0.999994182908671,4.19736659610103,4.19752001347964,4.19760155038258,0.652966941467964,0.999980575359056,0.652971884174358,FLOAT
"mutualistic_mixed_(0.2,0.8,0.5)",0.2,0.8,0.5,0.999994919781953,4.19736659610103,4.19750057904628,4.19757178691279,0.652967567592721,0.999983035938364,0.652971884174358,FLOAT
"mutualistic_mixed_(0.2,0.8,0.5)",0.2,0.8,0.5,0.999995563312669,4.19736659610103,4.19748360655758,4.19754579391172,0.652968114387035,0.99998518483009,0.652971884174358,FLOAT
"mutualistic_mixed_(0.2,0.8,0.5)",0.2,0.8,0.5,0.99999612532488,4.19736659610103,4.19746878412337,4.19752309370842,0.652968591917134,0.999987061516079,0.652971884174358,FLOAT
"mutualistic_mixed_(0.2,0.8,0.5)",0.2,0.8,0.5,0.999996616144847,4.19736659610103,4.197455839368,4.1975032691525,0.652969008981277,0.999988700477056,0.652971884174358,FLOAT
"mutualistic_mixed_(0.2,0.8,0.5)",0.2,0.8,0.5,0.999997044790765,4.19736659610103,4.19744453442346,4.19748595594489,0.652969373189351,0.999990131826082,0.652971884174358,FLOAT
"mutualistic_mixed_(0.2,0.8,0.5)",0.2,0.8,0.5,0.99999741913846,4.19736659610103,4.19743466155699,4.19747083594075,0.652969691270588,0.999991381861799,0.652971884174358,FLOAT
"mutualistic_mixed_(0.2,0.8,0.5)",0.2,0.8,0.5,0.999997746066095,4.19736659610103,4.19742603935289,4.19745763130123,0.652969969067886,0.999992473551583,0.652971884174358,FLOAT
"mutualistic_mixed_(0.2,0.8,0.5)",0.2,0.8,0.5,0.999998031580553,4.19736659610103,4.19741850937821,4.19744609938656,0.652970211651715,0.99999342695351,0.652971884174358,FLOAT
"mutualistic_mixed_(0.2,0.8,0.5)",0.2,0.8,0.5,0.999998280927798,4.19736659610103,4.19741193327089,4.19743602829617,0.652970423513193,0.999994259584872,0.652971884174358,FLOAT
"mutualistic_mixed_(0.2,0.8,0.5)",0.2,0.8,0.5,0.999998498689271,4.19736659610103,4.19740619019697,4.19742723297415,0.652970608564816,0.99999498674402,0.652971884174358,FLOAT
"mutualistic_mixed_(0.2,0.8,0.5)",0.2,0.8,0.5,0.999998688866063,4.19736659610103,4.1974011746299,4.19741955180816,0.652970770170389,0.999995621791428,0.652971884174358,FLOAT
"mutualistic_mixed_(0.2,0.8,0.5)",0.2,0.8,0.5,0.99999885495243,4.19736659610103,4.19739679441131,4.19741284365933,0.652970911250175,0.999996176395172,0.652971884174358,FLOAT
"mutualistic_mixed_(0.2,0.8,0.5)",0.2,0.8,0.5,0.999999,4.19736659610103,4.19739296905743,4.19740698526841,0.652971034540997,0.999996660745308,0.652971884174358,FLOAT
"mutualistic_mixed_(0.2,0.8,0.5)",0.2,0.8,0.5,0.999999126673838,4.19736659610103,4.19738962828009,4.19740186899071,0.652971142134372,0.999997083741085,0.652971884174358,FLOAT
"mutualistic_mixed_(0.2,0.8,0.5)",0.2,0.8,0.5,0.999999237301414,4.19736659610103,4.19738671069509,4.19739740081792,0.652971236122215,0.999997453154466,0.652971884174358,FLOAT
"mutualistic_mixed_(0.2,0.8,0.5)",0.2,0.8,0.5,0.999999333915371,4.19736659610103,4.19738416269427,4.19739349865058,0.652971318256891,0.999997775772915,0.652971884174358,FLOAT
"mutualistic_mixed_(0.2,0.8,0.5)",0.2,0.8,0.5,0.999999418290867,4.19736659610103,4.19738193746039,4.19739009078947,0.652971389873202,0.999998057524105,0.652971884174358,FLOAT
"mutualistic_mixed_(0.2,0.8,0.5)",0.2,0.8,0.5,0.999999491978195,4.19736659610103,4.19737999410688,4.19738711461803,0.652971452615013,0.999998303584837,0.652971884174358,FLOAT
"mutualistic_mixed_(0.2,0.8,0.5)",0.2,0.8,0.5,0.999999556331267,4.19736659610103,4.19737829692651,4.1973845154518,0.652971507223097,0.999998518476145,0.652971884174358,FLOAT
"mutualistic_mixed_(0.2,0.8,0.5)",0.2,0.8,0.5,0.999999612532488,4.19736659610103,4.19737681473534,4.19738224553358,0.652971555085101,0.999998706146373,0.652971884174358,FLOAT
"mutualistic_mixed_(0.2,0.8,0.5)",0.2,0.8,0.5,0.999999661614485,4.19736659610103,4.19737552029965,4.19738026315587,0.652971596598726,0.999998870043712,0.652971884174358,FLOAT
"mutualistic_mixed_(0.2,0.8,0.5)",0.2,0.8,0.5,0.999999704479076,4.19736659610103,4.19737438983559,4.19737853189451,0.652971633050171,0.999999013179562,0.652971884174358,FLOAT
"mutualistic_mixed_(0.2,0.8,0.5)",0.2,0.8,0.5,0.999999741913846,4.19736659610103,4.19737340257212,4.1973770199394,0.652971664859463,0.999999138183857,0.652971884174358,FLOAT
"mutualistic_mixed_(0.2,0.8,0.5)",0.2,0.8,0.5,0.999999774606609,4.19736659610103,4.19737254036939,4.19737569951,0.652971692701407,0.999999247353387,0.652971884174358,FLOAT
"mutualistic_mixed_(0.2,0.8,0.5)",0.2,0.8,0.5,0.999999803158055,4.19736659610103,4.19737178738541,4.19737454634488,0.652971717295871,0.999999342694,0.652971884174358,FLOAT
"mutualistic_mixed_(0.2,0.8,0.5)",0.2,0.8,0.5,0.99999982809278,4.19736659610103,4.19737112978496,4.19737353925594,0.652971738242811,0.999999425957457,0.652971884174358,FLOAT
"mutualistic_mixed_(0.2,0.8,0.5)",0.2,0.8,0.5,0.999999849868927,4.19736659610103,4.19737055548541,4.19737265973907,0.652971756704453,0.999999498673616,0.652971884174358,FLOAT
"mutualistic_mixed_(0.2,0.8,0.5)",0.2,0.8,0.5,0.999999868886606,4.19736659610103,4.19737005393469,4.19737189163416,0.652971773056142,0.999999562178544,0.652971884174358,FLOAT
"mutualistic_mixed_(0.2,0.8,0.5)",0.2,0.8,0.5,0.999999885495243,4.19736659610103,4.19736961591739,4.1973712208282,0.652971786691706,0.999999617639059,0.652971884174358,FLOAT
"mutualistic_mixed_(0.2,0.8,0.5)",0.2,0.8,0.5,0.9999999,4.19736659610103,4.19736923338548,4.19737063499591,0.652971799293122,0.999999666074182,0.652971884174358,FLOAT
"mutualistic_mixed_(0.2,0.8,0.5)",0.2,0.8,0.5,0.999999912667384,4.19736659610103,4.19736889931041,4.19737012337333,0.652971810014356,0.999999708373842,0.652971884174358,FLOAT
"mutualistic_mixed_(0.2,0.8,0.5)",0.2,0.8,0.5,0.999999923730141,4.19736659610103,4.19736860755393,4.19736967656,0.652971820220578,0.999999745315245,0.652971884174358,FLOAT
"mutualistic_mixed_(0.2,0.8,0.5)",0.2,0.8,0.5,0.999999933391537,4.19736659610103,4.19736835275539,4.19736928634629,0.6529718272168,0.999999777577136,0.652971884174358,FLOAT
"mutualistic_mixed_(0.2,0.8,0.5)",0.2,0.8,0.5,0.999999941829087,4.19736659610103,4.19736813023318,4.19736894556248,0.652971835314341,0.999999805752293,0.652971884174358,FLOAT
"mutualistic_mixed_(0.2,0.8,0.5)",0.2,0.8,0.5,0.99999994919782,4.19736659610103,4.19736793589873,4.19736864794709,0.652971842176321,0.999999830358394,0.652971884174358,FLOAT
"mutualistic_mixed_(0.2,0.8,0.5)",0.2,0.8,0.5,0.999999955633127,4.19736659610103,4.19736776618138,4.1973683880318,0.652971847213704,0.999999851847546,0.652971884174358,FLOAT
"mutualistic_mixed_(0.2,0.8,0.5)",0.2,0.8,0.5,0.999999961253249,4.19736659610103,4.19736761796278,4.197368161041,0.652971852372008,0.999999870614585,0.652971884174358,FLOAT
"mutualistic_mixed_(0.2,0.8,0.5)",0.2,0.8,0.5,0.999999966161448,4.19736659610103,4.19736748851961,4.19736796280401,0.652971855725967,0.999999887004331,0.652971884174358,FLOAT
"mutualistic_mixed_(0.2,0.8,0.5)",0.2,0.8,0.5,0.999999970447908,4.19736659610103,4.19736737547351,4.19736778967847,0.652971859125757,0.999999901317926,0.652971884174358,FLOAT
"mutualistic_mixed_(0.2,0.8,0.5)",0.2,0.8,0.5,0.999999974191385,4.19736659610103,4.19736727674739,4.19736763848341,0.652971861997944,0.999999913818363,0.652971884174358,FLOAT
"mutualistic_mixed_(0.2,0.8,0.5)",0.2,0.8,0.5,0.999999977460661,4.19736659610103,4.1973671905273,4.19736750644081,0.652971866193092,0.999999924735321,0.652971884174358,FLOAT
"mutualistic_mixed_(0.2,0.8,0.5)",0.2,0.8,0.5,0.999999980315806,4.19736659610103,4.19736711522904,4.19736739112457,0.65297186927299,0.999999934269387,0.652971884174358,FLOAT
"mutualistic_mixed_(0.2,0.8,0.5)",0.2,0.8,0.5,0.999999982809278,4.19736659610103,4.19736704946909,4.19736729041588,0.652971869188267,0.999999942595735,0.652971884174358,FLOAT
"mutualistic_mixed_(0.2,0.8,0.5)",0.2,0.8,0.5,0.999999984986893,4.19736659610103,4.19736699203922,4.19736720246435,0.652971871419104,0.999999949867353,0.652971884174358,FLOAT
"mutualistic_mixed_(0.2,0.8,0.5)",0.2,0.8,0.5,0.999999986888661,4.19736659610103,4.1973669418842,4.19736712565397,0.652971875050039,0.999999956217849,0.652971884174358,FLOAT
"mutualistic_mixed_(0.2,0.8,0.5)",0.2,0.8,0.5,0.999999988549524,4.19736659610103,4.19736689808252,4.19736705857346,0.652971876311264,0.999999961763902,0.652971884174358,FLOAT
"mutualistic_mixed_(0.2,0.8,0.5)",0.2,0.8,0.5,0.99999999,4.19736659610103,4.19736685982936,4.1973669999903,0.652971875212038,0.999999966607414,0.652971884174358,FLOAT
"mixed_(3,0.5,1)",3,0.5,1,0.666666676666667,11.827804920294,1.59787624913542e+16,1.67583900535147e+23,9.53478373538812e-08,9.53478373538813e-08,0.880094667411355,FLOAT
"mixed_(3,0.5,1)",3,0.5,1,0.66666667726311,11.827804920294,1.42305890586021e+16,1.40848394137424e+23,1.0103479805895e-07,1.0103479805895e-07,0.880094667411355,FLOAT
"mixed_(3,0.5,1)",3,0.5,1,0.666666677895128,11.827804920294,1.26736767940923e+16,1.1837814326396e+23,1.07060952677999e-07,1.07060952677999e-07,0.880094667411355,FLOAT
"mixed_(3,0.5,1)",3,0.5,1,0.666666678564843,11.827804920294,1.12870998009829e+16,9.94926815878253e+22,1.13446533160526e-07,1.13446533160526e-07,0.880094667411355,FLOAT
"mixed_(3,0.5,1)",3,0.5,1,0.666666679274502,11.827804920294,1.00522229667432e+16,8.36201151818554e+22,1.20212976804467e-07,1.20212976804467e-07,0.880094667411355,FLOAT
"mixed_(3,0.5,1)",3,0.5,1,0.666666680026488,11.827804920294,8.95244883062004e+15,7.02797735718258e+22,1.27383006171337e-07,1.27383006171337e-07,0.880094667411355,FLOAT
"mixed_(3,0.5,1)",3,0.5,1,0.666666680823326,11.827804920294,7.97299676387948e+15,5.90676879630666e+22,1.34980681296765e-07,1.34980681296766e-07,0.880094667411355,FLOAT
"mixed_(3,0.5,1)",3,0.5,1,0.666666681667691,11.827804920294,7.10070276138257e+15,4.96443233811929e+22,1.43031514537119e-07,1.4303151453712e-07,0.880094667411355,FLOAT
"mixed_(3,0.5,1)",3,0.5,1,0.666666682562417,11.827804920294,6.32384285983639e+15,4.17243137365841e+22,1.51562537367549e-07,1.51562537367549e-07,0.880094667411355,FLOAT
"mixed_(3,0.5,1)",3,0.5,1,0.666666683510509,11.827804920294,5.63197616002328e+15,3.50678233616775e+22,1.60602387605783e-07,1.60602387605783e-07,0.880094667411355,FLOAT
"mixed_(3,0.5,1)",3,0.5,1,0.666666684515149,11.827804920294,5.01580392524666e+15,2.94732767568506e+22,1.70181414391964e-07,1.70181414391965e-07,0.880094667411355,FLOAT
"mixed_(3,0.5,1)",3,0.5,1,0.66666668557971,11.827804920294,4.46704456913653e+15,2.47712561348466e+22,1.80331774247514e-07,1.80331774247515e-07,0.880094667411355,FLOAT
"mixed_(3,0.5,1)",3,0.5,1,0.666666686707767,11.827804920294,3.97832290872288e+15,2.08193734727564e+22,1.91087542280212e-07,1.91087542280213e-07,0.880094667411355,FLOAT
"mixed_(3,0.5,1)",3,0.5,1,0.666666687903105,11.827804920294,3.54307030928611e+15,1.74979537967082e+22,2.02484836252833e-07,2.02484836252833e-07,0.880094667411355,FLOAT
"mixed_(3,0.5,1)",3,0.5,1,0.666666689169739,11.827804920294,3.1554369722042e+15,1.47064171196023e+22,2.14561911751998e-07,2.14561911751999e-07,0.880094667411355,FLOAT
"mixed_(3,0.5,1)",3,0.5,1,0.66666669051192,11.827804920294,2.81021309040685e+15,1.23602283535257e+22,2.27359318131468e-07,2.27359318131469e-07,0.880094667411355,FLOAT
"mixed_(3,0.5,1)",3,0.5,1,0.666666691934155,11.827804920294,2.5027587815403e+15,1.03883389723237e+22,2.40920015048418e-07,2.40920015048419e-07,0.880094667411355,FLOAT
"mixed_(3,0.5,1)",3,0.5,1,0.666666693441218,11.827804920294,2.22894180970102e+15,8.73103493583035e+21,2.55289530517614e-07,2.55289530517615e-07,0.880094667411355,FLOAT
"mixed_(3,0.5,1)",3,0.5,1,0.666666695038169,11.827804920294,1.9850820965958e+15,7.33812893445921e+21,2.70516110349877e-07,2.70516110349879e-07,0.880094667411355,FLOAT
"mixed_(3,0.5,1)",3,0.5,1,0.666666696730369,11.827804920294,1.76790210602475e+15,6.16744032721044e+21,2.86650865226022e-07,2.86650865226024e-07,0.880094667411355,FLOAT
"mixed_(3,0.5,1)",3,0.5,1,0.666666698523499,11.827804920294,1.57448291937943e+15,5.1835175656316e+21,3.03747966403885e-07,3.03747966403887e-07,0.880094667411355,FLOAT
"mixed_(3,0.5,1)",3,0.5,1,0.666666700423579,11.827804920294,1.40222495562547e+15,4.35656489722093e+21,3.21864815217131e-07,3.21864815217134e-07,0.880094667411355,FLOAT
"mixed_(3,0.5,1)",3,0.5,1,0.666666702436989,11.827804920294,1.24881305488987e+15,3.66154013299293e+21,3.41062233249123e-07,3.41062233249127e-07,0.880094667411355,FLOAT
"mixed_(3,0.5,1)",3,0.5,1,0.666666704570486,11.827804920294,1.11218535861164e+15,3.0773962476291e+21,3.61404664566183e-07,3.61404664566187e-07,0.880094667411355,FLOAT
"mixed_(3,0.5,1)",3,0.5,1,0.666666706831235,11.827804920294,990505547799835,2.58644372960376e+21,3.82960408712069e-07,3.82960408712074e-07,0.880094667411355,FLOAT
"mixed_(3,0.5,1)",3,0.5,1,0.666666709226825,11.827804920294,882138242225120,2.17381534228459e+21,4.05801829192178e-07,4.05801829192183e-07,0.880094667411355,FLOAT
"mixed_(3,0.5,1)",3,0.5,1,0.666666711765299,11.827804920294,785626983515722,1.82701565102426e+21,4.30005612198928e-07,4.30005612198934e-07,0.880094667411355,FLOAT
"mixed_(3,0.5,1)",3,0.5,1,0.666666714455177,11.827804920294,699674639398419,1.53554266711392e+21,4.55653010745354e-07,4.55653010745362e-07,0.880094667411355,FLOAT
"mixed_(3,0.5,1)",3,0.5,1,0.666666717305492,11.827804920294,623125999126808,1.29056982264016e+21,4.82830133012135e-07,4.82830133012145e-07,0.880094667411355,FLOAT
"mixed_(3,0.5,1)",3,0.5,1,0.666666720325813,11.827804920294,554952241032648,1.08467872265783e+21,5.11628217130338e-07,5.11628217130349e-07,0.880094667411355,FLOAT
"mixed_(3,0.5,1)",3,0.5,1,0.666666723526278,11.827804920294,494237110275814,9.11634478831422e+20,5.42143942284127e-07,5.4214394228414e-07,0.880094667411355,FLOAT
"mixed_(3,0.5,1)",3,0.5,1,0.666666726917633,11.827804920294,440164577422094,7.66196843885214e+20,5.74479757956331e-07,5.74479757956346e-07,0.880094667411355,FLOAT
"mixed_(3,0.5,1)",3,0.5,1,0.666666730511263,11.827804920294,392007910022669,6.43961616591169e+20,6.08744216926722e-07,6.08744216926741e-07,0.880094667411355,FLOAT
"mixed_(3,0.5,1)",3,0.5,1,0.666666734319233,11.827804920294,349119870876573,5.41227183200193e+20,6.45052358257893e-07,6.45052358257915e-07,0.880094667411355,FLOAT
"mixed_(3,0.5,1)",3,0.5,1,0.666666738354327,11.827804920294,310924044987460,4.54882494349865e+20,6.83526072885773e-07,6.83526072885798e-07,0.880094667411355,FLOAT
"mixed_(3,0.5,1)",3,0.5,1,0.666666742630091,11.827804920294,276907072033208,3.82312803490278e+20,7.24294529257738e-07,7.24294529257768e-07,0.880094667411355,FLOAT
"mixed_(3,0.5,1)",3,0.5,1,0.66666674716088,11.827804920294,246611762049071,3.21320522547939e+20,7.6749458793833e-07,7.67494587938366e-07,0.880094667411355,FLOAT
"mixed_(3,0.5,1)",3,0.5,1,0.666666751961906,11.827804920294,219630941971215,2.7005864579557e+20,8.13271285295045e-07,8.13271285295089e-07,0.880094667411355,FLOAT
"mixed_(3,0.5,1)",3,0.5,1,0.666666757049286,11.827804920294,195601987772511,2.26974835783065e+20,8.61778298451767e-07,8.61778298451819e-07,0.880094667411355,FLOAT
"mixed_(3,0.5,1)",3,0.5,1,0.666666762440099,11.827804920294,174201946703340,1.90764402808135e+20,9.13178476377142e-07,9.13178476377204e-07,0.880094667411355,FLOAT
"mixed_(3,0.5,1)",3,0.5,1,0.666666768152444,11.827804920294,155143198685561,1.60330799734598e+20,9.6764438861631e-07,9.67644388616383e-07,0.880094667411355,FLOAT
"mixed_(3,0.5,1)",3,0.5,1,0.666666774205498,11.827804920294,138169593550615,1.34752423979396e+20,1.0253588727408e-06,1.02535887274088e-06,0.880094667411355,FLOAT
"mixed_(3,0.5,1)",3,0.5,1,0.666666780619582,11.827804920294,123053003470275,1.13254694112542e+20,1.08651570192741e-06,1.08651570192752e-06,0.880094667411355,FLOAT
"mixed_(3,0.5,1)",3,0.5,1,0.66666678741623,11.827804920294,109590259849759,9.5186605640376e+19,1.15132017905744e-06,1.15132017905756e-06,0.880094667411355,FLOAT
"mixed_(3,0.5,1)",3,0.5,1,0.66666679461826,11.827804920294,97600421808549.2,8.00010095883403e+19,1.21998987651228e-06,1.21998987651243e-06,0.880094667411355,FLOAT
"mixed_(3,0.5,1)",3,0.5,1,0.666666802249851,11.827804920294,86922344599329.1,6.72380479358849e+19,1.29275532630279e-06,1.29275532630296e-06,0.880094667411355,FLOAT
"mixed_(3,0.5,1)",3,0.5,1,0.666666810336623,11.827804920294,77412513740212.8,5.65112257422002e+19,1.3698608147937e-06,1.36986081479391e-06,0.880094667411355,FLOAT
"mixed_(3,0.5,1)",3,0.5,1,0.666666818905725,11.827804920294,68943115998062.3,4.74957072667908e+19,1.45156520379381e-06,1.45156520379406e-06,0.880094667411355,FLOAT
"mixed_(3,0.5,1)",3,0.5,1,0.666666827985925,11.827804920294,61400321464481.3,3.99184796044728e+19,1.53814278682071e-06,1.53814278682101e-06,0.880094667411355,FLOAT
"mixed_(3,0.5,1)",3,0.5,1,0.666666837607709,11.827804920294,54682754440774.6,3.35500851405474e+19,1.62988422269829e-06,1.62988422269865e-06,0.880094667411355,FLOAT
"mixed_(3,0.5,1)",3,0.5,1,0.666666847803377,11.827804920294,48700129845185.7,2.81976724643413e+19,1.72709750802163e-06,1.72709750802205e-06,0.880094667411355,FLOAT
"mixed_(3,0.5,1)",3,0.5,1,0.66666685860716,11.827804920294,43372040596257.3,2.36991569815407e+19,1.83010900472232e-06,1.83010900472282e-06,0.880094667411355,FLOAT
"mixed_(3,0.5,1)",3,0.5,1,0.666666870055327,11.827804920294,38626876626765,1.99183122768194e+19,1.93926453656952e-06,1.93926453657012e-06,0.880094667411355,FLOAT
"mixed_(3,0.5,1)",3,0.5,1,0.666666882186313,11.827804920294,34400862262355.4,1.67406446281637e+19,2.05493056130402e-06,2.05493056130473e-06,0.880094667411355,FLOAT
"mixed_(3,0.5,1)",3,0.5,1,0.666666895040844,11.827804920294,30637199479761.9,1.40699261657442e+19,2.17749539825888e-06,2.17749539825972e-06,0.880094667411355,FLOAT
"mixed_(3,0.5,1)",3,0.5,1,0.666666908662074,11.827804920294,27285304172769.9,1.18252807986832e+19,2.30737050876596e-06,2.30737050876696e-06,0.880094667411355,FLOAT
"mixed_(3,0.5,1)",3,0.5,1,0.666666923095735,11.827804920294,24300126530559.9,9.93873492204041e+18,2.44499191508363e-06,2.44499191508482e-06,0.880094667411355,FLOAT
"mixed_(3,0.5,1)",3,0.5,1,0.666666938390282,11.827804920294,21641545396731.8,8.3531591380455e+18,2.59082163275819e-06,2.5908216327596e-06,0.880094667411355,FLOAT
"mixed_(3,0.5,1)",3,0.5,1,0.666666954597062,11.827804920294,19273829114572.4,7.0205381606806e+18,2.74534924153052e-06,2.74534924153221e-06,0.880094667411355,FLOAT
"mixed_(3,0.5,1)",3,0.5,1,0.666666971770485,11.827804920294,17165155362228.1,5.9005168790364e+18,2.90909351063825e-06,2.90909351064026e-06,0.880094667411355,FLOAT
"mixed_(3,0.5,1)",3,0.5,1,0.666666989968206,11.827804920294,15287183270112.5,4.95917816254614e+18,3.08260416727032e-06,3.0826041672727e-06,0.880094667411355,FLOAT
"mixed_(3,0.5,1)",3,0.5,1,0.666667009251318,11.827804920294,13614672708231.4,4.16801590710418e+18,3.26646371119026e-06,3.26646371119309e-06,0.880094667411355,FLOAT
"mixed_(3,0.5,1)",3,0.5,1,0.666667029684559,11.827804920294,12125144928850.5,3.503071710165e+18,3.46128938601361e-06,3.46128938601699e-06,0.880094667411355,FLOAT
"mixed_(3,0.5,1)",3,0.5,1,0.666667051336528,11.827804920294,10798580514753.5,2.94420936624107e+18,3.66773526317811e-06,3.66773526318213e-06,0.880094667411355,FLOAT
"mixed_(3,0.5,1)",3,0.5,1,0.666667074279914,11.827804920294,9617150284442.22,2.4745051155758e+18,3.88649440403058e-06,3.88649440403536e-06,0.880094667411355,FLOAT
"mixed_(3,0.5,1)",3,0.5,1,0.666667098591744,11.827804920294,8564975678038.25,2.07973511498637e+18,4.11830122803045e-06,4.11830122803614e-06,0.880094667411355,FLOAT
"mixed_(3,0.5,1)",3,0.5,1,0.666667124353638,11.827804920294,7627915347118.42,1.74794473317045e+18,4.36393394044613e-06,4.36393394045289e-06,0.880094667411355,FLOAT
"mixed_(3,0.5,1)",3,0.5,1,0.666667151652083,11.827804920294,6793375099803.22,1.46908651717551e+18,4.62421717194196e-06,4.62421717195001e-06,0.880094667411355,FLOAT
"mixed_(3,0.5,1)",3,0.5,1,0.666667180578726,11.827804920294,6050138609751.18,1.2347159338415e+18,4.90002472950673e-06,4.90002472951631e-06,0.880094667411355,FLOAT
"mixed_(3,0.5,1)",3,0.5,1,0.66666721123068,11.827804920294,5388216697194.69,1.0377356495826e+18,5.1922825426207e-06,5.19228254263209e-06,0.880094667411355,FLOAT
"mixed_(3,0.5,1)",3,0.5,1,0.66666724371085,11.827804920294,4798713055380.95,8.72180604533168e+17,5.50197175955044e-06,5.501971759564e-06,0.880094667411355,FLOAT
"mixed_(3,0.5,1)",3,0.5,1,0.666667278128279,11.827804920294,4273704683374.06,7.33037372653081e+17,5.83013205437864e-06,5.83013205439478e-06,0.880094667411355,FLOAT
"mixed_(3,0.5,1)",3,0.5,1,0.666667314598514,11.827804920294,3806135413318.28,6.16092348020073e+17,6.17786509690986e-06,6.17786509692906e-06,0.880094667411355,FLOAT
"mixed_(3,0.5,1)",3,0.5,1,0.666667353243992,11.827804920294,3389721055410.92,5.17804138858573e+17,6.54633827931786e-06,6.5463382793407e-06,0.880094667411355,FLOAT
"mixed_(3,0.5,1)",3,0.5,1,0.666667394194455,11.827804920294,3018864955013.39,4.35196331186311e+17,6.93678861393978e-06,6.93678861396696e-06,0.880094667411355,FLOAT
"mixed_(3,0.5,1)",3,0.5,1,0.666667437587381,11.827804920294,2688582761373.61,3.65767353142639e+17,7.35052688071181e-06,7.35052688074415e-06,0.880094667411355,FLOAT
"mixed_(3,0.5,1)",3,0.5,1,0.666667483568452,11.827804920294,2394435444203.05,3.07414720534222e+17,7.78894205205982e-06,7.7889420520983e-06,0.880094667411355,FLOAT
"mixed_(3,0.5,1)",3,0.5,1,0.666667532292033,11.827804920294,2132469627808.93,2.58371368928949e+17,8.25350593851412e-06,8.25350593855989e-06,0.880094667411355,FLOAT
"mixed_(3,0.5,1)",3,0.5,1,0.666667583921701,11.827804920294,1899164461636.47,2.17152142953452e+17,8.74577812493305e-06,8.74577812498752e-06,0.880094667411355,FLOAT
"mixed_(3,0.5,1)",3,0.5,1,0.666667638630787,11.827804920294,1691384296709.17,1.82508821229421e+17,9.26741121499658e-06,9.26741121506139e-06,0.880094667411355,FLOAT
"mixed_(3,0.5,1)",3,0.5,1,0.666667696602962,11.827804920294,1506336544173.82,1.53392317371537e+17,9.82015638054048e-06,9.82015638061759e-06,0.880094667411355,FLOAT
"mixed_(3,0.5,1)",3,0.5,1,0.66666775803285,11.827804920294,1341534139185.03,1.28920910828194e+17,1.04058692306401e-05,1.04058692307319e-05,0.880094667411355,FLOAT
"mixed_(3,0.5,1)",3,0.5,1,0.666667823126684,11.827804920294,1194762118490.72,1.08353546390423e+17,1.10265160512041e-05,1.10265160513133e-05,0.880094667411355,FLOAT
"mixed_(3,0.5,1)",3,0.5,1,0.666667892102997,11.827804920294,1064047848824.68,9.10673931131338e+16,1.16841803903508e-05,1.16841803904807e-05,0.880094667411355,FLOAT
"mixed_(3,0.5,1)",3,0.5,1,0.666667965193359,11.827804920294,947634514643.306,7.65389832485167e+16,1.23810700692819e-05,1.23810700694364e-05,0.880094667411355,FLOAT
"mixed_(3,0.5,1)",3,0.5,1,0.666668042643148,11.827804920294,843957507041.491,6.43283605442365e+16,1.31195245750014e-05,1.31195245751853e-05,0.880094667411355,FLOAT
"mixed_(3,0.5,1)",3,0.5,1,0.66666812471238,11.827804920294,751623394501.047,5.40657570472535e+16,1.39020229353729e-05,1.39020229355917e-05,0.880094667411355,FLOAT
"mixed_(3,0.5,1)",3,0.5,1,0.666668211676578,11.827804920294,669391195628.266,4.54403957848134e+16,1.47311920166011e-05,1.47311920168614e-05,0.880094667411355,FLOAT
"mixed_(3,0.5,1)",3,0.5,1,0.666668303827701,11.827804920294,596155699641.411,3.81910795244866e+16,1.56098153561581e-05,1.56098153564677e-05,0.880094667411355,FLOAT
"mixed_(3,0.5,1)",3,0.5,1,0.666668401475117,11.827804920294,530932612763.799,3.20982811423579e+16,1.65408424954985e-05,1.65408424958669e-05,0.880094667411355,FLOAT
"mixed_(3,0.5,1)",3,0.5,1,0.666668504946651,11.827804920294,472845328854.461,2.69774957343593e+16,1.75273988919736e-05,1.75273988924121e-05,0.880094667411355,FLOAT
"mixed_(3,0.5,1)",3,0.5,1,0.666668614589678,11.827804920294,421113147635.615,2.26736533740048e+16,1.85727963940117e-05,1.85727963945333e-05,0.880094667411355,FLOAT
"mixed_(3,0.5,1)",3,0.5,1,0.666668730772293,11.827804920294,375040782392.044,1.90564232020037e+16,1.9680544371033e-05,1.96805443716536e-05,0.880094667411355,FLOAT
"mixed_(3,0.5,1)",3,0.5,1,0.666668853884545,11.827804920294,334009014822.245,1.60162666770894e+16,2.08543614778969e-05,2.08543614786353e-05,0.880094667411355,FLOAT
"mixed_(3,0.5,1)",3,0.5,1,0.666668984339748,11.827804920294,297466372872.95,1.3461120469402e+16,2.20981881513714e-05,2.20981881522501e-05,0.880094667411355,FLOAT
"mixed_(3,0.5,1)",3,0.5,1,0.666669122575868,11.827804920294,264921719040.063,1.13136085739057e+16,2.34161998179135e-05,2.3416199818959e-05,0.880094667411355,FLOAT
"mixed_(3,0.5,1)",3,0.5,1,0.666669269056992,11.827804920294,235937649035.612,9.50869914389105e+15,2.48128209183446e-05,2.48128209195884e-05,0.880094667411355,FLOAT
"mixed_(3,0.5,1)",3,0.5,1,0.666669424274889,11.827804920294,210124613421.985,7.99173518646788e+15,2.62927397501801e-05,2.62927397516601e-05,0.880094667411355,FLOAT
"mixed_(3,0.5,1)",3,0.5,1,0.666669588750657,11.827804920294,187135681706.756,6.7167793969253e+15,2.78609242073057e-05,2.78609242090666e-05,0.880094667411355,FLOAT
"mixed_(3,0.5,1)",3,0.5,1,0.666669763036477,11.827804920294,166661879756.25,5.64522307429252e+15,2.95226384415835e-05,2.95226384436786e-05,0.880094667411355,FLOAT
"mixed_(3,0.5,1)",3,0.5,1,0.666669947717462,11.827804920294,148428037083.475,4.74461694823977e+15,3.12834605387298e-05,3.12834605412226e-05,0.880094667411355,FLOAT
"mixed_(3,0.5,1)",3,0.5,1,0.666670143413626,11.827804920294,132189088488.032,3.98768853460999e+15,3.3149301237774e-05,3.314930124074e-05,0.880094667411355,FLOAT
"mixed_(3,0.5,1)",3,0.5,1,0.666670350781961,11.827804920294,117726780422.904,3.35151626240956e+15,3.51264237418432e-05,3.51264237453722e-05,0.880094667411355,FLOAT
"mixed_(3,0.5,1)",3,0.5,1,0.666670570518648,11.827804920294,104846737594.681,2.81683534619325e+15,3.72214647634787e-05,3.72214647676775e-05,0.880094667411355,FLOAT
"mixed_(3,0.5,1)",3,0.5,1,0.666670803361388,11.827804920294,93375850543.5197,2.36745440326774e+15,3.94414567827823e-05,3.94414567877781e-05,0.880094667411355,FLOAT
"mixed_(3,0.5,1)",3,0.5,1,0.666671050091883,11.827804920294,83159949032.7851,1.98976513925008e+15,4.17938516363293e-05,4.17938516422734e-05,0.880094667411355,FLOAT
"mixed_(3,0.5,1)",3,0.5,1,0.66667131153846,11.827804920294,74061729993.7997,1.67233025525761e+15,4.42865455248036e-05,4.42865455318759e-05,0.880094667411355,FLOAT
"mixed_(3,0.5,1)",3,0.5,1,0.666671588578849,11.827804920294,65958912144.0077,1.40553709817102e+15,4.69279055088698e-05,4.69279055172846e-05,0.880094667411355,FLOAT
"mixed_(3,0.5,1)",3,0.5,1,0.666671882143135,11.827804920294,58742592513.4517,1.18130656648954e+15,4.97267975714286e-05,4.97267975814406e-05,0.880094667411355,FLOAT
"mixed_(3,0.5,1)",3,0.5,1,0.666672193216873,11.827804920294,52315782787.0589,992848455518694,5.26926163650024e-05,5.26926163769147e-05,0.880094667411355,FLOAT
"mixed_(3,0.5,1)",3,0.5,1,0.666672522844405,11.827804920294,46592105751.8388,834455833151720,5.58353167285492e-05,5.58353167427227e-05,0.880094667411355,FLOAT
"mixed_(3,0.5,1)",3,0.5,1,0.666672872132358,11.827804920294,41494634392.1718,701332220494654,5.91654470845191e-05,5.91654471013829e-05,0.880094667411355,FLOAT
"mixed_(3,0.5,1)",3,0.5,1,0.666673242253367,11.827804920294,36954857974.6648,589446343041862,6.26941848042194e-05,6.2694184824284e-05,0.880094667411355,FLOAT
"mixed_(3,0.5,1)",3,0.5,1,0.666673634450005,11.827804920294,32911761258.3138,495410053752761,6.6433373721785e-05,6.64333737456581e-05,0.880094667411355,FLOAT
"mixed_(3,0.5,1)",3,0.5,1,0.66667405003896,11.827804920294,29311004437.7297,416375732032743,7.03955638403963e-05,7.03955638688009e-05,0.880094667411355,FLOAT
"mixed_(3,0.5,1)",3,0.5,1,0.66667449041545,11.827804920294,26104192818.0775,349950051080743,7.45940534245777e-05,7.45940534583737e-05,0.880094667411355,FLOAT
"mixed_(3,0.5,1)",3,0.5,1,0.666674957057912,11.827804920294,23248226375.551,294121502138436,7.90429335995358e-05,7.90429336397466e-05,0.880094667411355,FLOAT
"mixed_(3,0.5,1)",3,0.5,1,0.666675451532965,11.827804920294,20704720490.6045,247199481297644,8.3757135614083e-05,8.37571356619262e-05,0.880094667411355,FLOAT
"mixed_(3,0.5,1)",3,0.5,1,0.666675975500663,11.827804920294,18439490059.4221,207763094237132,8.87524808739574e-05,8.87524809308816e-05,0.880094667411355,FLOAT
"mixed_(3,0.5,1)",3,0.5,1,0.666676530720078,11.827804920294,16422090033.33,174618127995862,9.40457340253496e-05,9.40457340930785e-05,0.880094667411355,FLOAT
"mixed_(3,0.5,1)",3,0.5,1,0.666677119055197,11.827804920294,14625406239.315,146760887590092,9.96546591373691e-05,9.96546592179535e-05,0.880094667411355,FLOAT
"mixed_(3,0.5,1)",3,0.5,1,0.666677742481186,11.827804920294,13025290960.1223,123347801773052,0.000105598079260959,0.000105598079356838,0.880094667411355,FLOAT
"mixed_(3,0.5,1)",3,0.5,1,0.666678403091018,11.827804920294,11600238386.5325,103669877784355,0.000111895939520985,0.000111895939635063,0.880094667411355,FLOAT
"mixed_(3,0.5,1)",3,0.5,1,0.666679103102497,11.827804920294,10331095575.9299,87131231437233.1,0.000118569373962604,0.000118569374098335,0.880094667411355,FLOAT
"mixed_(3,0.5,1)",3,0.5,1,0.666679844865711,11.827804920294,9200805035.63117,73231042408734.1,0.00012564077638621,0.000125640776547704,0.880094667411355,FLOAT
"mixed_(3,0.5,1)",3,0.5,1,0.666680630870915,11.827804920294,8194175465.94349,61548388267555.1,0.0001331338753908,0.000133133875582945,0.880094667411355,FLOAT
"mixed_(3,0.5,1)",3,0.5,1,0.666681463756893,11.827804920294,7297677589.3049,51729498037689.8,0.00014107381386461,0.000141073814093225,0.880094667411355,FLOAT
"mixed_(3,0.5,1)",3,0.5,1,0.666682346319819,11.827804920294,6499262313.94228,43477039216975.2,0.000149487233242384,0.00014948723351439,0.880094667411355,FLOAT
"mixed_(3,0.5,1)",3,0.5,1,0.666683281522644,11.827804920294,5788198792.23224,36541113911420.7,0.000158402362731401,0.000158402363055035,0.880094667411355,FLOAT
"mixed_(3,0.5,1)",3,0.5,1,0.666684272505039,11.827804920294,5154930197.56663,30711691391852.1,0.00016784911387552,0.000167849114260579,0.880094667411355,FLOAT
"mixed_(3,0.5,1)",3,0.5,1,0.666685322593942,11.827804920294,4590945278.62649,25812247916039.2,0.000177859180716611,0.000177859181174754,0.880094667411355,FLOAT
"mixed_(3,0.5,1)",3,0.5,1,0.666686435314721,11.827804920294,4088663967.70815,21694421222031.4,0.000188466145929277,0.000188466146474375,0.880094667411355,FLOAT
"mixed_(3,0.5,1)",3,0.5,1,0.666687614403016,11.827804920294,3641335502.77127,18233517808832.8,0.00019970559324443,0.000199705593892985,0.880094667411355,FLOAT
"mixed_(3,0.5,1)",3,0.5,1,0.666688863817274,11.827804920294,3242947697.09169,15324736966710.5,0.000211615226565451,0.000211615227337099,0.880094667411355,FLOAT
"mixed_(3,0.5,1)",3,0.5,1,0.666690187752041,11.827804920294,2888146134.1299,12879997198650.4,0.000224234996154144,0.000224234997072246,0.880094667411355,FLOAT
"mixed_(3,0.5,1)",3,0.5,1,0.666691590652045,11.827804920294,2572162203.6389,10825268939516.9,0.00023760723231775,0.000237607233410101,0.880094667411355,FLOAT
"mixed_(3,0.5,1)",3,0.5,1,0.666693077227118,11.827804920294,2290749010.79717,9098332797795.95,0.000251776787009514,0.000251776788309184,0.880094667411355,FLOAT
"mixed_(3,0.5,1)",3,0.5,1,0.666694652468004,11.827804920294,2040124297.42385,7646895433741.53,0.00026679118385708,0.000266791185403413,0.880094667411355,FLOAT
"mixed_(3,0.5,1)",3,0.5,1,0.66669632166312,11.827804920294,1816919607.83644,6427006019204.26,0.000282700777093241,0.00028270077893305,0.880094667411355,FLOAT
"mixed_(3,0.5,1)",3,0.5,1,0.666698090416304,11.827804920294,1618135016.31907,5401725327126.53,0.000299558919882285,0.000299558922071264,0.880094667411355,FLOAT
"mixed_(3,0.5,1)",3,0.5,1,0.666699964665634,11.827804920294,1441098807.72283,4540007145589.8,0.000317422142671884,0.000317422145276296,0.880094667411355,FLOAT
"mixed_(3,0.5,1)",3,0.5,1,0.66670195070336,11.827804920294,1283431569.15591,3815758144831.97,0.000336350342086108,0.000336350345184791,0.880094667411355,FLOAT
"mixed_(3,0.5,1)",3,0.5,1,0.666704055197027,11.827804920294,1143014210.36924,3207047727626.77,0.000356406981006013,0.000356406984692765,0.880094667411355,FLOAT
"mixed_(3,0.5,1)",3,0.5,1,0.666706285211866,11.827804920294,1017959482.85801,2695443934874.3,0.000377659300519692,0.000377659304906108,0.880094667411355,FLOAT
"mixed_(3,0.5,1)",3,0.5,1,0.666708648234505,11.827804920294,906586614.900486,2265455296649.94,0.000400178544426825,0.000400178549645675,0.880094667411355,FLOAT
"mixed_(3,0.5,1)",3,0.5,1,0.666711152198109,11.827804920294,807398721.771745,1904061727332.28,0.000424040196995176,0.000424040203204423,0.880094667411355,FLOAT
"mixed_(3,0.5,1)",3,0.5,1,0.666713805509012,11.827804920294,719062687.373039,1600320258442.72,0.000449324234794273,0.00044932424218185,0.880094667411355,FLOAT
"mixed_(3,0.5,1)",3,0.5,1,0.666716617074936,11.827804920294,640391246.902144,1345033670201.98,0.000476115393441269,0.000476115402230769,0.880094667411355,FLOAT
"mixed_(3,0.5,1)",3,0.5,1,0.6667195963349,11.827804920294,570327029.829699,1130471987687.75,0.000504503450080526,0.000504503460537962,0.880094667411355,FLOAT
"mixed_(3,0.5,1)",3,0.5,1,0.666722753290909,11.827804920294,507928348.682004,950138407654.8,0.000534583522535656,0.000534583534977508,0.880094667411355,FLOAT
"mixed_(3,0.5,1)",3,0.5,1,0.666726098541527,11.827804920294,452356542.575523,798572567668.787,0.000566456386142775,0.000566456400945568,0.880094667411355,FLOAT
"mixed_(3,0.5,1)",3,0.5,1,0.666729643317467,11.827804920294,402864705.474399,671185200427.061,0.000600228809272552,0.000600228826884242,0.880094667411355,FLOAT
"mixed_(3,0.5,1)",3,0.5,1,0.666733399519287,11.827804920294,358787647.640197,564119166226.723,0.000636013908585612,0.000636013929539132,0.880094667411355,FLOAT
"mixed_(3,0.5,1)",3,0.5,1,0.666737379757347,11.827804920294,319532955.365095,474132655273.285,0.000673931525262874,0.000673931550192256,0.880094667411355,FLOAT
"mixed_(3,0.5,1)",3,0.5,1,0.666741597394146,11.827804920294,284573028.812184,398501023082.49,0.000714108623339516,0.00071410865299906,0.880094667411355,FLOAT
"mixed_(3,0.5,1)",3,0.5,1,0.666746066589179,11.827804920294,253437990.976305,334934286342.081,0.000756679711490046,0.000756679746777132,0.880094667411355,FLOAT
"mixed_(3,0.5,1)",3,0.5,1,0.666750802346474,11.827804920294,225709372.445706,281507780882.881,0.000801787289571544,0.000801787331553764,0.880094667411355,FLOAT
"mixed_(3,0.5,1)",3,0.5,1,0.666755820564966,11.827804920294,201014487.087881,236603881941.73,0.000849582321390779,0.000849582371338211,0.880094667411355,FLOAT
"mixed_(3,0.5,1)",3,0.5,1,0.666761138091871,11.827804920294,179021423.070414,198863021924.446,0.000900224735201261,0.000900224794624863,0.880094667411355,FLOAT
"mixed_(3,0.5,1)",3,0.5,1,0.666766772779247,11.827804920294,159434581.895507,167142522414.09,0.000953883953504009,0.000953884024201294,0.880094667411355,FLOAT
"mixed_(3,0.5,1)",3,0.5,1,0.666772743543927,11.827804920294,141990705.493732,140481993786.379,0.00101073945386764,0.001010739537977,0.880094667411355,FLOAT
"mixed_(3,0.5,1)",3,0.5,1,0.666779070431024,11.827804920294,126455337.973407,118074254682.879,0.00107098136251548,0.00107098146258079,0.880094667411355,FLOAT
"mixed_(3,0.5,1)",3,0.5,1,0.666785774681232,11.827804920294,112619674.4819,99240890749.3037,0.00113481108258097,0.0011348112016285,0.880094667411355,FLOAT
"mixed_(3,0.5,1)",3,0.5,1,0.666792878802131,11.827804920294,100297754.817513,83411712520.3553,0.00120244195896895,0.00120244210059873,0.880094667411355,FLOAT
"mixed_(3,0.5,1)",3,0.5,1,0.66680040664375,11.827804920294,89323964.0791274,70107490410.06,0.00127409998195535,0.00127410015044997,0.880094667411355,FLOAT
"mixed_(3,0.5,1)",3,0.5,1,0.666808383478639,11.827804920294,79550806.7594848,58925444006.5252,0.00135002453165798,0.00135002473211191,0.880094667411355,FLOAT
"mixed_(3,0.5,1)",3,0.5,1,0.666816836086713,11.827804920294,70846924.3671969,49527046267.3538,0.0014304691657538,0.00143046940422725,0.880094667411355,FLOAT
"mixed_(3,0.5,1)",3,0.5,1,0.666825792845157,11.827804920294,63095329.9336197,41627773318.5726,0.00151570245280431,0.00151570273650619,0.880094667411355,FLOAT
"mixed_(3,0.5,1)",3,0.5,1,0.666835283823696,11.827804920294,56191835.6744707,34988489467.1134,0.00160600885381112,0.00160600919131667,0.880094667411355,FLOAT
"mixed_(3,0.5,1)",3,0.5,1,0.666845340885544,11.827804920294,50043652.6762751,29408206561.8391,0.00170168965466719,0.0017016900561768,0.880094667411355,FLOAT
"mixed_(3,0.5,1)",3,0.5,1,0.666855997794376,11.827804920294,44568143.7855054,24717998450.3406,0.00180306395230851,0.00180306442995555,0.880094667411355,FLOAT
"mixed_(3,0.5,1)",3,0.5,1,0.666867290327678,11.827804920294,39691712.9393276,20775886256.7254,0.00191046969759332,0.00191047026581015,0.880094667411355,FLOAT
"mixed_(3,0.5,1)",3,0.5,1,0.666879256396864,11.827804920294,35348816.010678,17462539605.4474,0.00202426479799013,0.00202426547394349,0.880094667411355,FLOAT
"mixed_(3,0.5,1)",3,0.5,1,0.666891936174548,11.827804920294,31481079.873515,14677663622.4098,0.00214482828336613,0.00214482908747479,0.880094667411355,FLOAT
"mixed_(3,0.5,1)",3,0.5,1,0.666905372229415,11.827804920294,28036517.8472603,12336962310.3891,0.00227256153832334,0.00227256249487368,0.880094667411355,FLOAT
"mixed_(3,0.5,1)",3,0.5,1,0.666919609669129,11.827804920294,24968830.9771316,10369586350.3718,0.00240788960467179,0.00240789074254985,0.880094667411355,FLOAT
"mixed_(3,0.5,1)",3,0.5,1,0.666934696291775,11.827804920294,22236785.7586612,8715988047.88804,0.00255126255782559,0.00255126391138746,0.880094667411355,FLOAT
"mixed_(3,0.5,1)",3,0.5,1,0.666950682746323,11.827804920294,19803659.9430787,7326118472.7415,0.0027031569610743,0.002703158571181,0.880094667411355,FLOAT
"mixed_(3,0.5,1)",3,0.5,1,0.666967622702667,11.827804920294,17636748.9753634,6157912202.42556,0.00286407740183227,0.0028640793170803,0.880094667411355,FLOAT
"mixed_(3,0.5,1)",3,0.5,1,0.666985573031808,11.827804920294,15706926.4308384,5176013787.68596,0.00303455811425645,0.00303456039244063,0.880094667411355,FLOAT
"mixed_(3,0.5,1)",3,0.5,1,0.667004593996783,11.827804920294,13988252.5431661,4350707379.17052,0.00321516469261061,0.00321516740246342,0.880094667411355,FLOAT
"mixed_(3,0.5,1)",3,0.5,1,0.667024749454976,11.827804920294,12457625.5616306,3657017104.67685,0.00340649590022026,0.00340649912347933,0.880094667411355,FLOAT
"mixed_(3,0.5,1)",3,0.5,1,0.667046107072505,11.827804920294,11094471.2524508,3073950957.95764,0.003609185578779,0.00360918941264504,0.880094667411355,FLOAT
"mixed_(3,0.5,1)",3,0.5,1,0.667068738551391,11.827804920294,9880466.37049706,2583865304.77735,0.00382390466316197,0.00382390922322031,0.880094667411355,FLOAT
"mixed_(3,0.5,1)",3,0.5,1,0.667092719870275,11.827804920294,8799292.38513678,2171930764.65209,0.00405136330699754,0.00405136873069077,0.880094667411355,FLOAT
"mixed_(3,0.5,1)",3,0.5,1,0.667118131539495,11.827804920294,7836416.15002934,1825683296.10782,0.00429231312446113,0.00429231957521647,0.880094667411355,FLOAT
"mixed_(3,0.5,1)",3,0.5,1,0.667145058871377,11.827804920294,6978894.56912677,1534646893.29811,0.00454754955396355,0.00454755722609806,0.880094667411355,FLOAT
"mixed_(3,0.5,1)",3,0.5,1,0.667173592266644,11.827804920294,6215200.63354667,1290016470.15284,0.00481791434956697,0.0048179234741168,0.880094667411355,FLOAT
"mixed_(3,0.5,1)",3,0.5,1,0.667203827517915,11.827804920294,5535068.49110882,1084391330.62103,0.00510429820617121,0.00510430905781853,0.880094667411355,FLOAT
"mixed_(3,0.5,1)",3,0.5,1,0.667235866131295,11.827804920294,4929355.46637443,911551155.339692,0.00540764352461726,0.00540765642992082,0.880094667411355,FLOAT
"mixed_(3,0.5,1)",3,0.5,1,0.667269815667157,11.827804920294,4389919.17659913,766267722.31801,0.00572894732310442,0.00572896267027839,0.880094667411355,FLOAT
"mixed_(3,0.5,1)",3,0.5,1,0.667305790101244,11.827804920294,3909508.09204737,644146661.257549,0.00606926430138771,0.00606928255191908,0.880094667411355,FLOAT
"mixed_(3,0.5,1)",3,0.5,1,0.667343910207308,11.827804920294,3481664.0697501,541494450.47078,0.0064297100643738,0.00642973176682256,0.880094667411355,FLOAT
"mixed_(3,0.5,1)",3,0.5,1,0.667384303962572,11.827804920294,3100635.55076992,455206629.668434,0.00681146451181549,0.00681149031820644,0.880094667411355,FLOAT
"mixed_(3,0.5,1)",3,0.5,1,0.667427106977381,11.827804920294,2761300.25426334,382673844.236216,0.00721577540089393,0.00721580608618459,0.880094667411355,FLOAT
"mixed_(3,0.5,1)",3,0.5,1,0.66747246295047,11.827804920294,2459096.32937885,321702876.533966,0.00764396208849436,0.00764399857369385,0.880094667411355,FLOAT
"mixed_(3,0.5,1)",3,0.5,1,0.667520524151393,11.827804920294,2189961.03961063,270450273.495857,0.00809741946004707,0.00809746283966755,0.880094667411355,FLOAT
"mixed_(3,0.5,1)",3,0.5,1,0.667571451931725,11.827804920294,1950276.15553115,227366561.20453,0.00857762205158343,0.00857767362623196,0.880094667411355,FLOAT
"mixed_(3,0.5,1)",3,0.5,1,0.667625417266748,11.827804920294,1736819.32195285,191149357.630772,0.00908612837178211,0.00908618968685066,0.880094667411355,FLOAT
"mixed_(3,0.5,1)",3,0.5,1,0.66768260132946,11.827804920294,1546720.74587195,160703964.142711,0.00962458543045779,0.00962465832204615,0.880094667411355,FLOAT
"mixed_(3,0.5,1)",3,0.5,1,0.667743196098802,11.827804920294,1377424.62307742,135110242.813049,0.0101947334796795,0.0101948201290952,0.880094667411355,FLOAT
"mixed_(3,0.5,1)",3,0.5,1,0.667807405004176,11.827804920294,1226654.78497083,113594776.850949,0.0107984109735689,0.0107985139719967,0.880094667411355,FLOAT
"mixed_(3,0.5,1)",3,0.5,1,0.667875443608401,11.827804920294,1092384.10388448,95507471.4391144,0.0114375597521412,0.0114376821773664,0.880094667411355,FLOAT
"mixed_(3,0.5,1)",3,0.5,1,0.667947540331402,11.827804920294,972807.245692282,80301886.681472,0.0121142304542711,0.0121143759616888,0.880094667411355,FLOAT
"mixed_(3,0.5,1)",3,0.5,1,0.668023937217061,11.827804920294,866316.403493328,67518707.3557518,0.0128305881639824,0.0128307610945328,0.880094667411355,FLOAT
"mixed_(3,0.5,1)",3,0.5,1,0.668104890745814,11.827804920294,771479.686221612,56771849.1253512,0.013588918293649,0.0135891238018018,0.880094667411355,FLOAT
"mixed_(3,0.5,1)",3,0.5,1,0.668190672695706,11.827804920294,687021.871711296,47736780.6790005,0.0143916327066022,0.0143918769120834,0.880094667411355,FLOAT
"mixed_(3,0.5,1)",3,0.5,1,0.66828157105481,11.827804920294,611807.265532702,40140708.3479599,0.0152412760805133,0.0152415662481401,0.880094667411355,FLOAT
"mixed_(3,0.5,1)",3,0.5,1,0.668377890988062,11.827804920294,544824.435210298,33754326.1302035,0.0161405325116222,0.0161408772644046,0.880094667411355,FLOAT
"mixed_(3,0.5,1)",3,0.5,1,0.668479955861763,11.827804920294,485172.614644418,28384881.4382405,0.0170922323582255,0.0170926419298263,0.880094667411355,FLOAT
"mixed_(3,0.5,1)",3,0.5,1,0.668588108329191,11.827804920294,432049.596002446,23870346.7141194,0.0180993593200582,0.0180998458538052,0.880094667411355,FLOAT
"mixed_(3,0.5,1)",3,0.5,1,0.668702711480957,11.827804920294,384740.946342004,20074520.5298135,0.0191650577480179,0.0191656356509541,0.880094667411355,FLOAT
"mixed_(3,0.5,1)",3,0.5,1,0.668824150063978,11.827804920294,342610.404027623,16882909.9251934,0.0202926401762561,0.0202933265382388,0.880094667411355,FLOAT
"mixed_(3,0.5,1)",3,0.5,1,0.668952831773153,11.827804920294,305091.325865993,14199269.3827124,0.0214855950658936,0.0214864101555423,0.880094667411355,FLOAT
"mixed_(3,0.5,1)",3,0.5,1,0.669089188620082,11.827804920294,271679.07000095,11942691.7122483,0.0227475947462936,0.0227485625976864,0.880094667411355,FLOAT
"mixed_(3,0.5,1)",3,0.5,1,0.669233678383419,11.827804920294,241924.212189932,10045162.823824,0.0240825035363713,0.0240836526428586,0.880094667411355,FLOAT
"mixed_(3,0.5,1)",3,0.5,1,0.669386786145729,11.827804920294,215426.504283694,8449506.40574618,0.0254943860241236,0.0254957501585171,0.880094667411355,FLOAT
"mixed_(3,0.5,1)",3,0.5,1,0.669549025922018,11.827804920294,191829.493705801,7107656.32574629,0.0269875154780797,0.0269891346618618,0.880094667411355,FLOAT
"mixed_(3,0.5,1)",3,0.5,1,0.669720942385384,11.827804920294,170815.73161439,5979204.49080474,0.028566382359015,0.0285683040071774,0.880094667411355,FLOAT
"mixed_(3,0.5,1)",3,0.5,1,0.669903112695601,11.827804920294,152102.505338456,5030180.23711129,0.0302357028945892,0.0302379831673397,0.880094667411355,FLOAT
"mixed_(3,0.5,1)",3,0.5,1,0.670096148436769,11.827804920294,135438.037729722,4232024.32804691,0.0320004276728998,0.0320031330708884,0.880094667411355,FLOAT
"mixed_(3,0.5,1)",3,0.5,1,0.670300697670525,11.827804920294,120598.102345238,3560726.52671097,0.0338657502038468,0.0338689594498666,0.880094667411355,FLOAT
"mixed_(3,0.5,1)",3,0.5,1,0.670517447111728,11.827804920294,107383.008965508,2996100.65903966,0.0358371153889782,0.0358409216464469,0.880094667411355,FLOAT
"mixed_(3,0.5,1)",3,0.5,1,0.670747124433902,11.827804920294,95614.9189301805,2521175.2435243,0.0379202278317929,0.037924741318863,0.880094667411355,FLOAT
"mixed_(3,0.5,1)",3,0.5,1,0.67099050071219,11.827804920294,85135.4542065645,2121681.26005318,0.0401210599105637,0.0401264109786361,0.880094667411355,FLOAT
"mixed_(3,0.5,1)",3,0.5,1,0.671248393012015,11.827804920294,75803.5680539532,1785621.56918438,0.0424458595249826,0.042452202281908,0.880094667411355,FLOAT
"mixed_(3,0.5,1)",3,0.5,1,0.671521667132144,11.827804920294,67493.6486627651,1502908.96322205,0.0449011574162826,0.0449086739878556,0.880094667411355,FLOAT
"mixed_(3,0.5,1)",3,0.5,1,0.671811240511352,11.827804920294,60093.8302790679,1265061.90659009,0.0474937739475456,0.047502679486293,0.880094667411355,FLOAT
"mixed_(3,0.5,1)",3,0.5,1,0.67211808530846,11.827804920294,53504.4891135658,1064948.76796956,0.0502308252171021,0.0502413737851239,0.880094667411355,FLOAT
"mixed_(3,0.5,1)",3,0.5,1,0.672443231666078,11.827804920294,47636.9038178834,896572.81335086,0.0531197283628876,0.0531322198359381,0.880094667411355,FLOAT
"mixed_(3,0.5,1)",3,0.5,1,0.672787771169006,11.827804920294,42412.0625229393,754891.461916048,0.0561682058994019,0.0561829940628683,0.880094667411355,FLOAT
"mixed_(3,0.5,1)",3,0.5,1,0.673152860508921,11.827804920294,37759.6004039922,635664.342818679,0.0593842889117725,0.0594017909460795,0.880094667411355,FLOAT
"mixed_(3,0.5,1)",3,0.5,1,0.673539725367628,11.827804920294,33616.8534914866,535325.561845367,0.0627763189128774,0.0627970264965548,0.880094667411355,FLOAT
"mixed_(3,0.5,1)",3,0.5,1,0.673949664531935,11.827804920294,29928.0160091474,450876.318957491,0.0663529481502318,0.0663774404438595,0.880094667411355,FLOAT
"mixed_(3,0.5,1)",3,0.5,1,0.674384054253956,11.827804920294,26643.3899123706,379794.63299745,0.0701231381287773,0.0701520969427429,0.880094667411355,FLOAT
"mixed_(3,0.5,1)",3,0.5,1,0.674844352871474,11.827804920294,23718.7165391787,319959.447003818,0.0740961560946039,0.0741303835885667,0.880094667411355,FLOAT
"mixed_(3,0.5,1)",3,0.5,1,0.675332105703892,11.827804920294,21114.5813897093,269586.822273409,0.0782815692026502,0.0783220085152953,0.880094667411355,FLOAT
"mixed_(3,0.5,1)",3,0.5,1,0.675848950240194,11.827804920294,18795.8840331334,227176.294683226,0.0826892360691068,0.0827369953337,0.880094667411355,FLOAT
"mixed_(3,0.5,1)",3,0.5,1,0.676396621636343,11.827804920294,16731.3660162874,191465.773898658,0.0873292953866884,0.0873856756515829,0.880094667411355,FLOAT
"mixed_(3,0.5,1)",3,0.5,1,0.676976958540561,11.827804920294,14893.1904279301,161393.624237205,0.0922121512586703,0.0922786789027124,0.880094667411355,FLOAT
"mixed_(3,0.5,1)",3,0.5,1,0.677591909266059,11.827804920294,13256.5674668418,136066.782939601,0.0973484548858256,0.0974269191969232,0.880094667411355,FLOAT
"mixed_(3,0.5,1)",3,0.5,1,0.67824353833194,11.827804920294,11799.4209803642,114733.953986146,0.102749082219964,0.102841578891188,0.880094667411355,FLOAT
"mixed_(3,0.5,1)",3,0.5,1,0.678934033394218,11.827804920294,10502.09149065,96763.0689027407,0.108425107178971,0.108534088570567,0.880094667411355,FLOAT
"mixed_(3,0.5,1)",3,0.5,1,0.679665712590243,11.827804920294,9347.07171637788,81622.3348659129,0.114387770002223,0.114516103119728,0.880094667411355,FLOAT
"mixed_(3,0.5,1)",3,0.5,1,0.680441032321174,11.827804920294,8318.77103445727,68864.2987363802,0.120648440312421,0.120799473560348,0.880094667411355,FLOAT
"mixed_(3,0.5,1)",3,0.5,1,0.681262595498641,11.827804920294,7403.30571526693,58112.4467026013,0.127218574441754,0.127396214328307,0.880094667411355,FLOAT
"mixed_(3,0.5,1)",3,0.5,1,0.68213316028326,11.827804920294,6588.31211140281,49049.9357527798,0.134109666577574,0.134318465667499,0.880094667411355,FLOAT
"mixed_(3,0.5,1)",3,0.5,1,0.683055649344363,11.827804920294,5862.78028846683,41410.1175305508,0.141333193287067,0.141578450825248,0.880094667411355,FLOAT
"mixed_(3,0.5,1)",3,0.5,1,0.684033159672015,11.827804920294,5216.90586119446,34968.5692109171,0.148900550993041,0.14918842774859,0.880094667411355,FLOAT
"mixed_(3,0.5,1)",3,0.5,1,0.68506897297426,11.827804920294,4641.9580429514,29536.3914946137,0.156822985995468,0.15716063500167,0.880094667411355,FLOAT
"mixed_(3,0.5,1)",3,0.5,1,0.686166566694507,11.827804920294,4130.16213457015,24954.5720347978,0.165111516667711,0.165507231653216,0.880094667411355,FLOAT
"mixed_(3,0.5,1)",3,0.5,1,0.687329625686041,11.827804920294,3674.59487259676,21089.2447352117,0.173776847504141,0.17424023092024,0.880094667411355,FLOAT
"mixed_(3,0.5,1)",3,0.5,1,0.68856205458285,11.827804920294,3269.09122988306,17827.7023646976,0.182829274759076,0.183371427400342,0.880094667411355,FLOAT
"mixed_(3,0.5,1)",3,0.5,1,0.689867990908302,11.827804920294,2908.1614154104,15075.0426352097,0.192278583497734,0.192912317781312,0.880094667411355,FLOAT
"mixed_(3,0.5,1)",3,0.5,1,0.691251818965688,11.827804920294,2586.91695733863,12751.3469753814,0.202133935980028,0.202874014983131,0.880094667411355,FLOAT
"mixed_(3,0.5,1)",3,0.5,1,0.692718184557244,11.827804920294,2301.00487537848,10789.3072757738,0.21240375141971,0.213267155764962,0.880094667411355,FLOAT
"mixed_(3,0.5,1)",3,0.5,1,0.694272010581095,11.827804920294,2046.54905733458,9132.22936995514,0.223095577306032,0.224101801917907,0.880094667411355,FLOAT
"mixed_(3,0.5,1)",3,0.5,1,0.695918513558455,11.827804920294,1820.09805151336,7732.35335484368,0.234215952644701,0.235387335263619,0.880094667411355,FLOAT
"mixed_(3,0.5,1)",3,0.5,1,0.697663221146592,11.827804920294,1618.57857294355,6549.44038680617,0.24577026367013,0.247132346788615,0.880094667411355,FLOAT
"mixed_(3,0.5,1)",3,0.5,1,0.699511990696333,11.827804920294,1439.2540981716,5549.58360466415,0.257762592802906,0.259344520364011,0.880094667411355,FLOAT
"mixed_(3,0.5,1)",3,0.5,1,0.701471028916427,11.827804920294,1279.68799180647,4704.20756900972,0.270195561874393,0.272030511628944,0.880094667411355,FLOAT
"mixed_(3,0.5,1)",3,0.5,1,0.703546912710775,11.827804920294,1137.71066891314,3989.22627243637,0.283070170913998,0.28519582275244,0.880094667411355,FLOAT
"mixed_(3,0.5,1)",3,0.5,1,0.705746611258478,11.827804920294,1011.39035161556,3384.33453845293,0.296385634091304,0.298844673930459,0.880094667411355,FLOAT
"mixed_(3,0.5,1)",3,0.5,1,0.708077509410841,11.827804920294,899.007026592203,2872.41163166415,0.310139214721691,0.31297987262061,0.880094667411355,FLOAT
"mixed_(3,0.5,1)",3,0.5,1,0.710547432483875,11.827804920294,799.029253184128,2439.01926909042,0.324326061575445,0.327602681663975,0.880094667411355,FLOAT
"mixed_(3,0.5,1)",3,0.5,1,0.713164672529529,11.827804920294,710.093510162827,2071.97905382346,0.338939049069477,0.342712687588458,0.880094667411355,FLOAT
"mixed_(3,0.5,1)",3,0.5,1,0.715938016173855,11.827804920294,630.985803339258,1761.01673293491,0.353968624259317,0.358307670528295,0.880094667411355,FLOAT
"mixed_(3,0.5,1)",3,0.5,1,0.718876774115565,11.827804920294,560.625286594683,1497.46268344591,0.369402663875953,0.374383477326188,0.880094667411355,FLOAT
"mixed_(3,0.5,1)",3,0.5,1,0.721990812384003,11.827804920294,498.049675987194,1273.99971355334,0.385226344954457,0.390933899504633,0.880094667411355,FLOAT
"mixed_(3,0.5,1)",3,0.5,1,0.725290585461487,11.827804920294,442.402260698748,1084.45068191187,0.401422032864061,0.407950557897941,0.880094667411355,FLOAT
"mixed_(3,0.5,1)",3,0.5,1,0.728787171381207,11.827804920294,392.920336060584,923.599628225207,0.417969190755356,0.425422795822928,0.880094667411355,FLOAT
"mixed_(3,0.5,1)",3,0.5,1,0.732492308918514,11.827804920294,348.924903018233,787.041109549774,0.434844314571016,0.44333758273165,0.880094667411355,FLOAT
"mixed_(3,0.5,1)",3,0.5,1,0.736418437000464,11.827804920294,309.811495428442,671.053278691808,0.452020897801999,0.461679430331385,0.880094667411355,FLOAT
"mixed_(3,0.5,1)",3,0.5,1,0.740578736465914,11.827804920294,275.042011747899,572.49094921974,0.469469430091564,0.480430323174122,0.880094667411355,FLOAT
"mixed_(3,0.5,1)",3,0.5,1,0.744987174316374,11.827804920294,244.137441181627,488.695487214484,0.487157433575078,0.499569665709799,0.880094667411355,FLOAT
"mixed_(3,0.5,1)",3,0.5,1,0.749658550606174,11.827804920294,216.671386388943,417.41887084886,0.50504954047663,0.519074247765372,0.880094667411355,FLOAT
"mixed_(3,0.5,1)",3,0.5,1,0.754608548129361,11.827804920294,192.264295558483,356.759680277566,0.523107614949465,0.538918230358591,0.880094667411355,FLOAT
"mixed_(3,0.5,1)",3,0.5,1,0.759853785070145,11.827804920294,170.578326205253,305.109134789826,0.541290921435675,0.559073153685667,0.880094667411355,FLOAT
"mixed_(3,0.5,1)",3,0.5,1,0.765411870793641,11.827804920294,151.312771540028,261.105592369589,0.559556340927916,0.579507969043606,0.880094667411355,FLOAT
"mixed_(3,0.5,1)",3,0.5,1,0.771301464964215,11.827804920294,134.199987828996,223.59617767197,0.577858635445052,0.600189096371212,0.880094667411355,FLOAT
"mixed_(3,0.5,1)",3,0.5,1,0.777542340189913,11.827804920294,119.001767901105,191.604415483169,0.596150759797128,0.621080509032203,0.880094667411355,FLOAT
"mixed_(3,0.5,1)",3,0.5,1,0.784155448403264,11.827804920294,105.506111962598,164.302924311075,0.614384218334103,0.642143847439034,0.880094667411355,FLOAT
"mixed_(3,0.5,1)",3,0.5,1,0.791162991201332,11.827804920294,93.5243522235722,140.990374174961,0.632509462878515,0.663338563152645,0.880094667411355,FLOAT
"mixed_(3,0.5,1)",3,0.5,1,0.798588494381158,11.827804920294,82.8885926017271,121.07203839851,0.650476326474506,0.684622095226467,0.880094667411355,FLOAT
"mixed_(3,0.5,1)",3,0.5,1,0.806456886920807,11.827804920294,73.4494290079999,104.04337502263,0.668234485991044,0.70595008083911,0.880094667411355,FLOAT
"mixed_(3,0.5,1)",3,0.5,1,0.814794584671205,11.827804920294,65.0739194943003,89.4761625065354,0.685733945046649,0.727276602743744,0.880094667411355,FLOAT
"mixed_(3,0.5,1)",3,0.5,1,0.823629579039712,11.827804920294,57.6437769059959,77.0067893377217,0.702925527226403,0.748554476842201,0.880094667411355,FLOAT
"mixed_(3,0.5,1)",3,0.5,1,0.83299153096317,11.827804920294,51.0537596762498,66.3263602609233,0.71976136818277,0.769735584395221,0.880094667411355,FLOAT
"mixed_(3,0.5,1)",3,0.5,1,0.842911870485915,11.827804920294,45.2102390661077,57.1723349443601,0.73619539397798,0.790771255190227,0.880094667411355,FLOAT
"mixed_(3,0.5,1)",3,0.5,1,0.853423902277057,11.827804920294,40.0299235292018,49.3214596108176,0.752183771939304,0.811612710675378,0.880094667411355,FLOAT
"mixed_(3,0.5,1)",3,0.5,1,0.864562917441269,11.827804920294,35.4387229950482,42.5837898017509,0.767685319321037,0.832211580040984,0.880094667411355,FLOAT
"mixed_(3,0.5,1)",3,0.5,1,0.876366311998457,11.827804920294,31.370737748592,36.797634133189,0.78266185409893,0.852520508113258,0.880094667411355,FLOAT
"mixed_(3,0.5,1)",3,0.5,1,0.888873712430073,11.827804920294,27.7673582612684,31.8252755827416,0.797078471074178,0.872493882702663,0.880094667411355,FLOAT
"mixed_(3,0.5,1)",3,0.5,1,0.9,11.827804920294,25.0509949901528,28.1773900427375,0.808778325005139,0.889045967428396,0.880094667411355,FLOAT
"mixed_(3,0.5,1)",3,0.5,1,0.902127108713561,11.827804920294,24.5764638229574,27.5493493066902,0.810903724808027,0.892088722291134,0.880094667411355,FLOAT
"mixed_(3,0.5,1)",3,0.5,1,0.912667383761716,11.827804920294,22.4097719337263,24.717794629139,0.820944566477901,0.906625055752677,0.880094667411355,FLOAT
"mixed_(3,0.5,1)",3,0.5,1,0.916170995291558,11.827804920294,21.7517091549557,23.8697748865179,0.824109698205271,0.911265785218674,0.880094667411355,FLOAT
"mixed_(3,0.5,1)",3,0.5,1,0.923730141409766,11.827804920294,20.4256547875871,22.1783864470743,0.830663460313579,0.92097118229634,0.880094667411355,FLOAT
"mixed_(3,0.5,1)",3,0.5,1,0.931052520449102,11.827804920294,19.2518893693774,20.7011567976545,0.836671930933474,0.929990993139025,0.880094667411355,FLOAT
"mixed_(3,0.5,1)",3,0.5,1,0.933391537091908,11.827804920294,18.8979205046025,20.2594235621324,0.838524117922745,0.932796554978262,0.880094667411355,FLOAT
"mixed_(3,0.5,1)",3,0.5,1,0.941829086706256,11.827804920294,17.6979693778999,18.7751658231392,0.844948828727447,0.942626528288144,0.880094667411355,FLOAT
"mixed_(3,0.5,1)",3,0.5,1,0.946821644600358,11.827804920294,17.0403746962312,17.9705802373462,0.848569173850007,0.948237311826924,0.880094667411355,FLOAT
"mixed_(3,0.5,1)",3,0.5,1,0.94919781953087,11.827804920294,16.7400525469358,17.6052412478747,0.850246951782305,0.95085618602112,0.880094667411355,FLOAT
"mixed_(3,0.5,1)",3,0.5,1,0.955633126690214,11.827804920294,15.9650437988237,16.668665354905,0.854649485233952,0.957787768780525,0.880094667411355,FLOAT
"mixed_(3,0.5,1)",3,0.5,1,0.961253248795439,11.827804920294,15.3309933999289,15.9091966102119,0.858331849963995,0.963656039682616,0.880094667411355,FLOAT
"mixed_(3,0.5,1)",3,0.5,1,0.963531308016255,11.827804920294,15.0846073400551,15.6157406158268,0.859782921764464,0.965987314413164,0.880094667411355,FLOAT
"mixed_(3,0.5,1)",3,0.5,1,0.966161448465718,11.827804920294,14.8073977796027,15.2866992919941,0.861429271644452,0.968645846743227,0.880094667411355,FLOAT
"mixed_(3,0.5,1)",3,0.5,1,0.970447907647971,11.827804920294,14.3715978538329,14.7718482183733,0.864047391965488,0.972904516846946,0.880094667411355,FLOAT
"mixed_(3,0.5,1)",3,0.5,1,0.974191384595819,11.827804920294,14.0064444231529,14.3427715897478,0.8662697320486,0.976550754887898,0.880094667411355,FLOAT
"mixed_(3,0.5,1)",3,0.5,1,0.977460660952652,11.827804920294,13.6987434006523,13.9828592195364,0.868163034692895,0.979681135708841,0.880094667411355,FLOAT
"mixed_(3,0.5,1)",3,0.5,1,0.980315805527134,11.827804920294,13.4381952787257,13.6792940666476,0.869781149731978,0.982374910083282,0.880094667411355,FLOAT
"mixed_(3,0.5,1)",3,0.5,1,0.981237608556118,11.827804920294,13.3556536661438,13.5833542960605,0.870296652968063,0.983236789311843,0.880094667411355,FLOAT
"mixed_(3,0.5,1)",3,0.5,1,0.982809277981414,11.827804920294,13.2166560800836,13.422045431001,0.871167901243245,0.984697611703576,0.880094667411355,FLOAT
"mixed_(3,0.5,1)",3,0.5,1,0.984986892710918,11.827804920294,13.0276123297834,13.2031642512358,0.872359231872777,0.986703799323263,0.880094667411355,FLOAT
"mixed_(3,0.5,1)",3,0.5,1,0.986888660625784,11.827804920294,12.8658015083267,13.0162805574241,0.873384826414435,0.988439166747093,0.880094667411355,FLOAT
"mixed_(3,0.5,1)",3,0.5,1,0.988549524300617,11.827804920294,12.7269332779593,12.856238951865,0.874269355217473,0.989942184927501,0.880094667411355,FLOAT
"mixed_(3,0.5,1)",3,0.5,1,0.99,11.827804920294,12.6074817215692,12.718830072776,0.875033436602112,0.991245393595982,0.880094667411355,FLOAT
"mixed_(3,0.5,1)",3,0.5,1,0.991266738376172,11.827804920294,12.5045284147115,12.6005899269918,0.875694389192698,0.992376427386584,0.880094667411355,FLOAT
"mixed_(3,0.5,1)",3,0.5,1,0.992373014140977,11.827804920294,12.4156424155746,12.4986479536939,0.876266825491769,0.993358838617839,0.880094667411355,FLOAT
"mixed_(3,0.5,1)",3,0.5,1,0.993339153709191,11.827804920294,12.3387874280743,12.4106105762768,0.876763124267703,0.994212762719369,0.880094667411355,FLOAT
"mixed_(3,0.5,1)",3,0.5,1,0.994182908670626,11.827804920294,12.2722492159967,12.3344709396632,0.8771938095553,0.99495546067838,0.880094667411355,FLOAT
"mixed_(3,0.5,1)",3,0.5,1,0.994919781953087,11.827804920294,12.214578286003,12.2685382067342,0.877567857043467,0.995601764462736,0.880094667411355,FLOAT
"mixed_(3,0.5,1)",3,0.5,1,0.995563312669021,11.827804920294,12.1645442093338,12.2113816326088,0.877892943519875,0.996164445213143,0.880094667411355,FLOAT
"mixed_(3,0.5,1)",3,0.5,1,0.996125324879544,11.827804920294,12.121098906684,12.1617859250694,0.878175651298455,0.996654519440144,0.880094667411355,FLOAT
"mixed_(3,0.5,1)",3,0.5,1,0.996616144846572,11.827804920294,12.0833469029667,12.1187153122656,0.878421636782495,0.997081505061591,0.880094667411355,FLOAT
"mixed_(3,0.5,1)",3,0.5,1,0.997044790764797,11.827804920294,12.0505210517791,12.0812843927072,0.878635770245004,0.997453636556499,0.880094667411355,FLOAT
"mixed_(3,0.5,1)",3,0.5,1,0.997419138459582,11.827804920294,12.0219625895625,12.0487343161411,0.87882225234907,0.997778046566869,0.880094667411355,FLOAT
"mixed_(3,0.5,1)",3,0.5,1,0.997746066095265,11.827804920294,11.9971046451628,12.0204131905021,0.878984711746241,0.998060919789537,0.880094667411355,FLOAT
"mixed_(3,0.5,1)",3,0.5,1,0.998031580552713,11.827804920294,11.9754585283725,11.9957598662792,0.879126287186121,0.998307623849344,0.880094667411355,FLOAT
"mixed_(3,0.5,1)",3,0.5,1,0.998280927798141,11.827804920294,11.9566022697193,11.9742904407138,0.879249696872515,0.998522820948594,0.880094667411355,FLOAT
"mixed_(3,0.5,1)",3,0.5,1,0.998498689271092,11.827804920294,11.9401709964408,11.9555869680426,0.879357297261814,0.998710563384046,0.880094667411355,FLOAT
"mixed_(3,0.5,1)",3,0.5,1,0.998688866062578,11.827804920294,11.9258488156764,11.939287971137,0.879451133073943,0.998874375465851,0.880094667411355,FLOAT
"mixed_(3,0.5,1)",3,0.5,1,0.998854952430062,11.827804920294,11.9133619422073,11.9250804333935,0.879532979957578,0.999017323929039,0.880094667411355,FLOAT
"mixed_(3,0.5,1)",3,0.5,1,0.999,11.827804920294,11.9024728595279,11.9126930141327,0.879604380984417,0.999142078571769,0.880094667411355,FLOAT
"mixed_(3,0.5,1)",3,0.5,1,0.999126673837617,11.827804920294,11.8929753432555,11.9018902808013,0.879666677941138,0.999250964566515,0.880094667411355,FLOAT
"mixed_(3,0.5,1)",3,0.5,1,0.999237301414098,11.827804920294,11.884690207557,11.8924677904445,0.879721038218122,0.999346007655889,0.880094667411355,FLOAT
"mixed_(3,0.5,1)",3,0.5,1,0.999333915370919,11.827804920294,11.8774616603897,11.8842478838006,0.879768477958328,0.99942897325289,0.880094667411355,FLOAT
"mixed_(3,0.5,1)",3,0.5,1,0.999418290867063,11.827804920294,11.871154173401,11.8770760798853,0.87980988202062,0.999501400307245,0.880094667411355,FLOAT
"mixed_(3,0.5,1)",3,0.5,1,0.999491978195309,11.827804920294,11.865649788445,11.8708179785318,0.87984602122099,0.99956463066858,0.880094667411355,FLOAT
"mixed_(3,0.5,1)",3,0.5,1,0.999556331266902,11.827804920294,11.8608457957023,11.8653565941158,0.879877567246246,0.999619834568168,0.880094667411355,FLOAT
"mixed_(3,0.5,1)",3,0.5,1,0.999612532487954,11.827804920294,11.8566527289921,11.8605900564589,0.879905105562868,0.999668032749797,0.880094667411355,FLOAT
"mixed_(3,0.5,1)",3,0.5,1,0.999661614484657,11.827804920294,11.8529926325399,11.8564296252977,0.879929146612277,0.999710115703767,0.880094667411355,FLOAT
"mixed_(3,0.5,1)",3,0.5,1,0.99970447907648,11.827804920294,11.8497975606041,11.852797973221,0.879950135516026,0.999746860393326,0.880094667411355,FLOAT
"mixed_(3,0.5,1)",3,0.5,1,0.999741913845958,11.827804920294,11.8470082772709,11.8496276989942,0.879968460511305,0.999778944808239,0.880094667411355,FLOAT
"mixed_(3,0.5,1)",3,0.5,1,0.999774606609527,11.827804920294,11.8445731286393,11.8468600389948,0.879984460270694,0.999806960633624,0.880094667411355,FLOAT
"mixed_(3,0.5,1)",3,0.5,1,0.999803158055271,11.827804920294,11.842447063718,11.8444437493194,0.879998430276832,0.999831424282672,0.880094667411355,FLOAT
"mixed_(3,0.5,1)",3,0.5,1,0.999828092779814,11.827804920294,11.8405907837976,11.8423341351597,0.880010628358679,0.99985278650794,0.880094667411355,FLOAT
"mixed_(3,0.5,1)",3,0.5,1,0.999849868927109,11.827804920294,11.8389700029623,11.8404922074406,0.880021279517054,0.99987144077699,0.880094667411355,FLOAT
"mixed_(3,0.5,1)",3,0.5,1,0.999868886606258,11.827804920294,11.8375548048531,11.8388839495679,0.88003058012072,0.999887730573213,0.880094667411355,FLOAT
"mixed_(3,0.5,1)",3,0.5,1,0.999885495243006,11.827804920294,11.8363190828753,11.8374796795588,0.880038701566494,0.99990195576129,0.880094667411355,FLOAT
"mixed_(3,0.5,1)",3,0.5,1,0.9999,11.827804920294,11.8352400528128,11.8362534948727,0.880045793462492,0.999914378138285,0.880094667411355,FLOAT
"mixed_(3,0.5,1)",3,0.5,1,0.999912667383762,11.827804920294,11.8342978283198,11.8351827890177,0.880051986411041,0.999925226275445,0.880094667411355,FLOAT
"mixed_(3,0.5,1)",3,0.5,1,0.99992373014141,11.827804920294,11.8334750510554,11.834247830492,0.880057394424505,0.999934699741994,0.880094667411355,FLOAT
"mixed_(3,0.5,1)",3,0.5,1,0.999933391537092,11.827804920294,11.8327565683308,11.833431395904,0.880062117040289,0.999942972790343,0.880094667411355,FLOAT
"mixed_(3,0.5,1)",3,0.5,1,0.999941829086706,11.827804920294,11.8321291520947,11.8327184502063,0.880066241162939,0.999950197571757,0.880094667411355,FLOAT
"mixed_(3,0.5,1)",3,0.5,1,0.999949197819531,11.827804920294,11.8315812538999,11.8320958679243,0.880069842664179,0.999956506942628,0.880094667411355,FLOAT
"mixed_(3,0.5,1)",3,0.5,1,0.99995563312669,11.827804920294,11.8311027912016,11.8315521900697,0.880072987800613,0.999962016913683,0.880094667411355,FLOAT
"mixed_(3,0.5,1)",3,0.5,1,0.999961253248795,11.827804920294,11.8306849609501,11.8310774121302,0.880075734414012,0.999966828787741,0.880094667411355,FLOAT
"mixed_(3,0.5,1)",3,0.5,1,0.999966161448466,11.827804920294,11.8303200769658,11.8306627991316,0.880078133012774,0.999971031025764,0.880094667411355,FLOAT
"mixed_(3,0.5,1)",3,0.5,1,0.999970447907648,11.827804920294,11.8300014280443,11.8303007242914,0.880080227709505,0.999974700875826,0.880094667411355,FLOAT
"mixed_(3,0.5,1)",3,0.5,1,0.999974191384596,11.827804920294,11.8297231541356,11.8299845282366,0.880082057005915,0.999977905795195,0.880094667411355,FLOAT
"mixed_(3,0.5,1)",3,0.5,1,0.999977460660953,11.827804920294,11.8294801382825,11.8297083961509,0.880083654545886,0.999980704691884,0.880094667411355,FLOAT
"mixed_(3,0.5,1)",3,0.5,1,0.999980315805527,11.827804920294,11.8292679123056,11.8294672505564,0.880085049678419,0.999983149008606,0.880094667411355,FLOAT
"mixed_(3,0.5,1)",3,0.5,1,0.999982809277981,11.827804920294,11.8290825744793,11.8292566577335,0.880086268064586,0.999985283669195,0.880094667411355,FLOAT
"mixed_(3,0.5,1)",3,0.5,1,0.999984986892711,11.827804920294,11.8289207176698,11.829072746037,0.880087332098203,0.99998714790495,0.880094667411355,FLOAT
"mixed_(3,0.5,1)",3,0.5,1,0.999986888660626,11.827804920294,11.8287793666008,11.8289121345924,0.880088261333756,0.999988775976177,0.880094667411355,FLOAT
"mixed_(3,0.5,1)",3,0.5,1,0.999988549524301,11.827804920294,11.8286559230868,11.8287718710482,0.880089072855461,0.999990197802214,0.880094667411355,FLOAT
"mixed_(3,0.5,1)",3,0.5,1,0.99999,11.827804920294,11.8285481182171,11.8286493772331,0.880089781558878,0.999991439511579,0.880094667411355,FLOAT
"mixed_(3,0.5,1)",3,0.5,1,0.999991266738376,11.827804920294,11.8284539706095,11.8285424017109,0.880090400475363,0.999992523922361,0.880094667411355,FLOAT
"mixed_(3,0.5,1)",3,0.5,1,0.999992373014141,11.827804920294,11.8283717499602,11.8284489783564,0.880090941000501,0.999993470961718,0.880094667411355,FLOAT
"mixed_(3,0.5,1)",3,0.5,1,0.999993339153709,11.827804920294,11.8282999452173,11.8283673901874,0.8800914130544,0.999994298032189,0.880094667411355,FLOAT
"mixed_(3,0.5,1)",3,0.5,1,0.999994182908671,11.827804920294,11.8282372367915,11.8282961377842,0.880091825307986,0.99999502033159,0.880094667411355,FLOAT
"mixed_(3,0.5,1)",3,0.5,1,0.999994919781953,11.827804920294,11.8281824722907,11.8282339117144,0.880092185342521,0.999995651132358,0.880094667411355,FLOAT
"mixed_(3,0.5,1)",3,0.5,1,0.999995563312669,11.827804920294,11.8281346453304,11.8281795684549,0.880092499765421,0.999996202025496,0.880094667411355,FLOAT
"mixed_(3,0.5,1)",3,0.5,1,0.99999612532488,11.827804920294,11.8280928770321,11.828132109366,0.880092774329939,0.999996683133607,0.880094667411355,FLOAT
"mixed_(3,0.5,1)",3,0.5,1,0.999996616144847,11.827804920294,11.8280563998653,11.8280906623318,0.88009301414673,0.999997103296934,0.880094667411355,FLOAT
"mixed_(3,0.5,1)",3,0.5,1,0.999997044790765,11.827804920294,11.8280245435393,11.8280544657279,0.880093223555388,0.999997470235816,0.880094667411355,FLOAT
"mixed_(3,0.5,1)",3,0.5,1,0.99999741913846,11.827804920294,11.8279967226817,11.8280228544204,0.880093406478447,0.999997790692576,0.880094667411355,FLOAT
"mixed_(3,0.5,1)",3,0.5,1,0.999997746066095,11.827804920294,11.8279724260791,11.8279952475405,0.88009356621319,0.999998070555416,0.880094667411355,FLOAT
"mixed_(3,0.5,1)",3,0.5,1,0.999998031580553,11.827804920294,11.8279512072816,11.8279711378078,0.880093705663759,0.999998314966625,0.880094667411355,FLOAT
"mixed_(3,0.5,1)",3,0.5,1,0.999998280927798,11.827804920294,11.8279326763974,11.8279500822068,0.880093827514925,0.999998528417078,0.880094667411355,FLOAT
"mixed_(3,0.5,1)",3,0.5,1,0.999998498689271,11.827804920294,11.827916492927,11.8279316938448,0.880093933876278,0.99999871482875,0.880094667411355,FLOAT
"mixed_(3,0.5,1)",3,0.5,1,0.999998688866063,11.827804920294,11.8279023595061,11.8279156348417,0.880094026760764,0.999998877626794,0.880094667411355,FLOAT
"mixed_(3,0.5,1)",3,0.5,1,0.99999885495243,11.827804920294,11.8278900164406,11.8279016101205,0.880094107897575,0.999999019802474,0.880094667411355,FLOAT
"mixed_(3,0.5,1)",3,0.5,1,0.999999,11.827804920294,11.8278792369343,11.8278893619846,0.880094178728926,0.999999143968129,0.880094667411355,FLOAT
"mixed_(3,0.5,1)",3,0.5,1,0.999999126673838,11.827804920294,11.8278698229216,11.8278786653824,0.880094240720915,0.999999252405181,0.880094667411355,FLOAT
"mixed_(3,0.5,1)",3,0.5,1,0.999999237301414,11.827804920294,11.8278616014271,11.8278693237715,0.88009429467681,0.999999347106044,0.880094667411355,FLOAT
"mixed_(3,0.5,1)",3,0.5,1,0.999999333915371,11.827804920294,11.8278544213879,11.8278611655072,0.880094341900123,0.999999429810749,0.880094667411355,FLOAT
"mixed_(3,0.5,1)",3,0.5,1,0.999999418290867,11.827804920294,11.8278481508772,11.8278540406884,0.880094383153703,0.999999502038902,0.880094667411355,FLOAT
"mixed_(3,0.5,1)",3,0.5,1,0.999999491978195,11.827804920294,11.8278426746802,11.8278478184029,0.880094419187841,0.999999565117616,0.880094667411355,FLOAT
"mixed_(3,0.5,1)",3,0.5,1,0.999999556331267,11.827804920294,11.8278378921772,11.8278423843221,0.880094450442036,0.99999962020589,0.880094667411355,FLOAT
"mixed_(3,0.5,1)",3,0.5,1,0.999999612532488,11.827804920294,11.8278337154946,11.8278376386002,0.880094478023196,0.999999668315908,0.880094667411355,FLOAT
"mixed_(3,0.5,1)",3,0.5,1,0.999999661614485,11.827804920294,11.8278300678903,11.8278334940394,0.880094501998879,0.999999710331636,0.880094667411355,FLOAT
"mixed_(3,0.5,1)",3,0.5,1,0.999999704479076,11.827804920294,11.8278268823433,11.8278298744878,0.880094522782618,0.999999747025063,0.880094667411355,FLOAT
"mixed_(3,0.5,1)",3,0.5,1,0.999999741913846,11.827804920294,11.8278241003228,11.82782671344,0.88009454150698,0.999999779070389,0.880094667411355,FLOAT
"mixed_(3,0.5,1)",3,0.5,1,0.999999774606609,11.827804920294,11.8278216707124,11.8278239528153,0.880094556983954,0.999999807056403,0.880094667411355,FLOAT
"mixed_(3,0.5,1)",3,0.5,1,0.999999803158055,11.827804920294,11.8278195488707,11.8278215418903,0.880094571286097,0.99999983149732,0.880094667411355,FLOAT
"mixed_(3,0.5,1)",3,0.5,1,0.99999982809278,11.827804920294,11.8278176958112,11.827819436367,0.88009458294887,0.999999852842209,0.880094667411355,FLOAT
"mixed_(3,0.5,1)",3,0.5,1,0.999999849868927,11.827804920294,11.8278160774863,11.8278175975589,0.880094593676091,0.999999871483257,0.880094667411355,FLOAT
"mixed_(3,0.5,1)",3,0.5,1,0.999999868886606,11.827804920294,11.827814664161,11.82781599168,0.880094602884044,0.999999887762971,0.880094667411355,FLOAT
"mixed_(3,0.5,1)",3,0.5,1,0.999999885495243,11.827804920294,11.8278134298674,11.8278145892242,0.880094611010176,0.99999990198047,0.880094667411355,FLOAT
"mixed_(3,0.5,1)",3,0.5,1,0.9999999,11.827804920294,11.8278123519265,11.8278133644231,0.8800946176191,0.999999914396982,0.880094667411355,FLOAT
"mixed_(3,0.5,1)",3,0.5,1,0.999999912667384,11.827804920294,11.8278114105327,11.8278122947723,0.880094624375482,0.999999925240647,0.880094667411355,FLOAT
"mixed_(3,0.5,1)",3,0.5,1,0.999999923730141,11.827804920294,11.827810588389,11.8278113606185,0.88009463028986,0.999999934710703,0.880094667411355,FLOAT
"mixed_(3,0.5,1)",3,0.5,1,0.999999933391537,11.827804920294,11.8278098703894,11.8278105447976,0.880094632508792,0.999999942981149,0.880094667411355,FLOAT
"mixed_(3,0.5,1)",3,0.5,1,0.999999941829087,11.827804920294,11.8278092433417,11.8278098323199,0.880094638875263,0.999999950203948,0.880094667411355,FLOAT
"mixed_(3,0.5,1)",3,0.5,1,0.99999994919782,11.827804920294,11.8278086957245,11.8278092100946,0.880094642398447,0.999999956511805,0.880094667411355,FLOAT
"mixed_(3,0.5,1)",3,0.5,1,0.999999955633127,11.827804920294,11.8278082174761,11.827808666689,0.880094646226113,0.999999962020623,0.880094667411355,FLOAT
"mixed_(3,0.5,1)",3,0.5,1,0.999999961253249,11.827804920294,11.8278077998094,11.8278081921186,0.880094648909906,0.999999966831617,0.880094667411355,FLOAT
"mixed_(3,0.5,1)",3,0.5,1,0.999999966161448,11.827804920294,11.82780743505,11.827807777664,0.880094648723794,0.999999971033182,0.880094667411355,FLOAT
"mixed_(3,0.5,1)",3,0.5,1,0.999999970447908,11.827804920294,11.8278071164962,11.8278074157099,0.880094652636585,0.999999974702521,0.880094667411355,FLOAT
"mixed_(3,0.5,1)",3,0.5,1,0.999999974191385,11.827804920294,11.8278068382948,11.827807099606,0.880094653568424,0.99999997790705,0.880094667411355,FLOAT
"mixed_(3,0.5,1)",3,0.5,1,0.999999977460661,11.827804920294,11.8278065953343,11.8278068235441,0.880094649924303,0.999999980705648,0.880094667411355,FLOAT
"mixed_(3,0.5,1)",3,0.5,1,0.999999980315806,11.827804920294,11.8278063831505,11.8278065824521,0.880094653501331,0.999999983149738,0.880094667411355,FLOAT
"mixed_(3,0.5,1)",3,0.5,1,0.999999982809278,11.827804920294,11.8278061978448,11.8278063719001,0.880094658127514,0.999999985284226,0.880094667411355,FLOAT
"mixed_(3,0.5,1)",3,0.5,1,0.999999984986893,11.827804920294,11.8278060360126,11.8278061880196,0.880094653904584,0.999999987148329,0.880094667411355,FLOAT
"mixed_(3,0.5,1)",3,0.5,1,0.999999986888661,11.827804920294,11.8278058946802,11.8278060274319,0.880094658944243,0.9999999887763,0.880094667411355,FLOAT
"mixed_(3,0.5,1)",3,0.5,1,0.999999988549524,11.827804920294,11.8278057712509,11.8278058871865,0.880094658857683,0.999999990198049,0.880094667411355,FLOAT
"mixed_(3,0.5,1)",3,0.5,1,0.99999999,11.827804920294,11.827805663457,11.8278057647065,0.88009466251322,0.9999999914397,0.880094667411355,FLOAT
"mixed_(5,0.2,0.2)",5,0.2,0.2,0.666666676666667,9.8,1.32393012457106e+16,1.67583903270819e+23,7.90010316463131e-08,7.90010316463131e-08,0.661437827766148,FLOAT
"mixed_(5,0.2,0.2)",5,0.2,0.2,0.66666667726311,9.8,1.17908414717778e+16,1.40848396573797e+23,8.37129975107673e-08,8.37129975107673e-08,0.661437827766148,FLOAT
"mixed_(5,0.2,0.2)",5,0.2,0.2,0.666666677895128,9.8,1.05008523068384e+16,1.18378145433778e+23,8.87060045446705e-08,8.87060045446706e-08,0.661437827766148,FLOAT
"mixed_(5,0.2,0.2)",5,0.2,0.2,0.666666678564843,9.8,9.3519954712681e+15,9.94926835202525e+22,9.39968160509454e-08,9.39968160509455e-08,0.661437827766148,FLOAT
"mixed_(5,0.2,0.2)",5,0.2,0.2,0.666666679274502,9.8,8.32883072877353e+15,8.36201169028634e+22,9.96031940310324e-08,9.96031940310325e-08,0.661437827766148,FLOAT
"mixed_(5,0.2,0.2)",5,0.2,0.2,0.666666680026488,9.8,7.41760615188566e+15,7.02797751045454e+22,1.05543965399029e-07,1.05543965399029e-07,0.661437827766148,FLOAT
"mixed_(5,0.2,0.2)",5,0.2,0.2,0.666666680823326,9.8,6.60607516040065e+15,5.90676893280976e+22,1.11839065241007e-07,1.11839065241007e-07,0.661437827766148,FLOAT
"mixed_(5,0.2,0.2)",5,0.2,0.2,0.666666681667691,9.8,5.88333063746703e+15,4.96443245968811e+22,1.18509631971842e-07,1.18509631971842e-07,0.661437827766148,FLOAT
"mixed_(5,0.2,0.2)",5,0.2,0.2,0.666666682562417,9.8,5.23965862169935e+15,4.17243148192687e+22,1.25578062681082e-07,1.25578062681083e-07,0.661437827766148,FLOAT
"mixed_(5,0.2,0.2)",5,0.2,0.2,0.666666683510509,9.8,4.66640824228745e+15,3.50678243259096e+22,1.33068085402712e-07,1.33068085402712e-07,0.661437827766148,FLOAT
"mixed_(5,0.2,0.2)",5,0.2,0.2,0.666666684515149,9.8,4.15587497415331e+15,2.947327761559e+22,1.41004846096758e-07,1.41004846096759e-07,0.661437827766148,FLOAT
"mixed_(5,0.2,0.2)",5,0.2,0.2,0.66666668557971,9.8,3.70119705833377e+15,2.47712568996345e+22,1.49414988239388e-07,1.49414988239389e-07,0.661437827766148,FLOAT
"mixed_(5,0.2,0.2)",5,0.2,0.2,0.666666686707767,9.8,3.29626374193827e+15,2.0819374153872e+22,1.58326744962466e-07,1.58326744962467e-07,0.661437827766148,FLOAT
"mixed_(5,0.2,0.2)",5,0.2,0.2,0.666666687903105,9.8,2.93563254255471e+15,1.74979544033055e+22,1.677700418513e-07,1.677700418513e-07,0.661437827766148,FLOAT
"mixed_(5,0.2,0.2)",5,0.2,0.2,0.666666689169739,9.8,2.61445657380968e+15,1.47064176598343e+22,1.77776575797258e-07,1.77776575797258e-07,0.661437827766148,FLOAT
"mixed_(5,0.2,0.2)",5,0.2,0.2,0.66666669051192,9.8,2.32841921823838e+15,1.2360228834653e+22,1.88379944205438e-07,1.88379944205439e-07,0.661437827766148,FLOAT
"mixed_(5,0.2,0.2)",5,0.2,0.2,0.666666691934155,9.8,2.07367607298052e+15,1.03883394008128e+22,1.99615741551365e-07,1.99615741551366e-07,0.661437827766148,FLOAT
"mixed_(5,0.2,0.2)",5,0.2,0.2,0.666666693441218,9.8,1.84680334874233e+15,8.7310353174401e+21,2.11521690337612e-07,2.11521690337614e-07,0.661437827766148,FLOAT
"mixed_(5,0.2,0.2)",5,0.2,0.2,0.666666695038169,9.8,1.64475189417947e+15,7.33812927431852e+21,2.24137764911781e-07,2.24137764911782e-07,0.661437827766148,FLOAT
"mixed_(5,0.2,0.2)",5,0.2,0.2,0.666666696730369,9.8,1.46480608665736e+15,6.16744062988708e+21,2.37506313325333e-07,2.37506313325334e-07,0.661437827766148,FLOAT
"mixed_(5,0.2,0.2)",5,0.2,0.2,0.666666698523499,9.8,1.30454743833692e+15,5.18351783519362e+21,2.51672219487633e-07,2.51672219487635e-07,0.661437827766148,FLOAT
"mixed_(5,0.2,0.2)",5,0.2,0.2,0.666666700423579,9.8,1.16182205047629e+15,4.3565651372912e+21,2.66683043605007e-07,2.66683043605009e-07,0.661437827766148,FLOAT
"mixed_(5,0.2,0.2)",5,0.2,0.2,0.666666702436989,9.8,1.03471168322385e+15,3.66154034679807e+21,2.82589179750175e-07,2.82589179750178e-07,0.661437827766148,FLOAT
"mixed_(5,0.2,0.2)",5,0.2,0.2,0.666666704570486,9.8,921507971076947,3.07739643804265e+21,2.99444023423597e-07,2.994440234236e-07,0.661437827766148,FLOAT
"mixed_(5,0.2,0.2)",5,0.2,0.2,0.666666706831235,9.8,820689420721109,2.58644389918491e+21,3.17304164602112e-07,3.17304164602116e-07,0.661437827766148,FLOAT
"mixed_(5,0.2,0.2)",5,0.2,0.2,0.666666709226825,9.8,730901027879928,2.17381549331254e+21,3.36229560479462e-07,3.36229560479466e-07,0.661437827766148,FLOAT
"mixed_(5,0.2,0.2)",5,0.2,0.2,0.666666711765299,9.8,650936035074772,1.82701578552883e+21,3.56283749834349e-07,3.56283749834355e-07,0.661437827766148,FLOAT
"mixed_(5,0.2,0.2)",5,0.2,0.2,0.666666714455177,9.8,579719695438979,1.53554278690287e+21,3.77534055308379e-07,3.77534055308385e-07,0.661437827766148,FLOAT
"mixed_(5,0.2,0.2)",5,0.2,0.2,0.666666717305492,9.8,516294852053657,1.29056992932348e+21,4.00051822317206e-07,4.00051822317214e-07,0.661437827766148,FLOAT
"mixed_(5,0.2,0.2)",5,0.2,0.2,0.666666720325813,9.8,459809068442494,1.08467881766934e+21,4.23912646722907e-07,4.23912646722916e-07,0.661437827766148,FLOAT
"mixed_(5,0.2,0.2)",5,0.2,0.2,0.666666723526278,9.8,409503176062070,9.1163456344809e+20,4.49196632599349e-07,4.4919663259936e-07,0.661437827766148,FLOAT
"mixed_(5,0.2,0.2)",5,0.2,0.2,0.666666726917633,9.8,364701048741112,7.66196919244308e+20,4.75988665029877e-07,4.7598866502989e-07,0.661437827766148,FLOAT
"mixed_(5,0.2,0.2)",5,0.2,0.2,0.666666730511263,9.8,324800547870945,6.4396168370552e+20,5.04378686014282e-07,5.04378686014298e-07,0.661437827766148,FLOAT
"mixed_(5,0.2,0.2)",5,0.2,0.2,0.666666734319233,9.8,289265401115980,5.41227242971826e+20,5.34462011793129e-07,5.34462011793147e-07,0.661437827766148,FLOAT
"mixed_(5,0.2,0.2)",5,0.2,0.2,0.666666738354327,9.8,257618016310786,4.54882547582118e+20,5.66339635758986e-07,5.66339635759007e-07,0.661437827766148,FLOAT
"mixed_(5,0.2,0.2)",5,0.2,0.2,0.666666742630091,9.8,229433045625340,3.82312850898593e+20,6.00118581120325e-07,6.00118581120351e-07,0.661437827766148,FLOAT
"mixed_(5,0.2,0.2)",5,0.2,0.2,0.66666674716088,9.8,204331681522256,3.21320564769499e+20,6.3591224442427e-07,6.35912244424301e-07,0.661437827766148,FLOAT
"mixed_(5,0.2,0.2)",5,0.2,0.2,0.666666751961906,9.8,181976558272860,2.70058683397835e+20,6.73840796316009e-07,6.73840796316045e-07,0.661437827766148,FLOAT
"mixed_(5,0.2,0.2)",5,0.2,0.2,0.666666757049286,9.8,162067221524901,2.2697486927141e+20,7.14031566777094e-07,7.14031566777137e-07,0.661437827766148,FLOAT
"mixed_(5,0.2,0.2)",5,0.2,0.2,0.666666762440099,9.8,144336086805386,1.90764432632653e+20,7.56619485160097e-07,7.56619485160149e-07,0.661437827766148,FLOAT
"mixed_(5,0.2,0.2)",5,0.2,0.2,0.666666768152444,9.8,128544844742054,1.60330826296132e+20,8.01747534841625e-07,8.01747534841686e-07,0.661437827766148,FLOAT
"mixed_(5,0.2,0.2)",5,0.2,0.2,0.666666774205498,9.8,114481260548417,1.34752447634934e+20,8.49567206812859e-07,8.49567206812932e-07,0.661437827766148,FLOAT
"mixed_(5,0.2,0.2)",5,0.2,0.2,0.666666780619582,9.8,101956317519203,1.1325471518002e+20,9.0023905280352e-07,9.00239052803606e-07,0.661437827766148,FLOAT
"mixed_(5,0.2,0.2)",5,0.2,0.2,0.66666678741623,9.8,90801679074441.9,9.51866244029429e+19,9.53933177523467e-07,9.5393317752357e-07,0.661437827766148,FLOAT
"mixed_(5,0.2,0.2)",5,0.2,0.2,0.66666679461826,9.8,80867425542558.4,8.00010262981676e+19,1.01082985162155e-06,1.01082985162167e-06,0.661437827766148,FLOAT
"mixed_(5,0.2,0.2)",5,0.2,0.2,0.666666802249851,9.8,72020039459041.9,6.72380628175541e+19,1.07112008349279e-06,1.07112008349294e-06,0.661437827766148,FLOAT
"mixed_(5,0.2,0.2)",5,0.2,0.2,0.666666810336623,9.8,64140611023471.8,5.65112389957233e+19,1.13500627774797e-06,1.13500627774815e-06,0.661437827766148,FLOAT
"mixed_(5,0.2,0.2)",5,0.2,0.2,0.666666818905725,9.8,57123239800966.8,4.74957190702973e+19,1.20270291552824e-06,1.20270291552845e-06,0.661437827766148,FLOAT
"mixed_(5,0.2,0.2)",5,0.2,0.2,0.666666827985925,9.8,50873611325757.2,3.99184901166032e+19,1.27443726396324e-06,1.27443726396349e-06,0.661437827766148,FLOAT
"mixed_(5,0.2,0.2)",5,0.2,0.2,0.666666837607709,9.8,45307730143580.1,3.35500945025862e+19,1.35045014970309e-06,1.35045014970338e-06,0.661437827766148,FLOAT
"mixed_(5,0.2,0.2)",5,0.2,0.2,0.666666847803377,9.8,40350789998568.5,2.81976808021155e+19,1.43099676465348e-06,1.43099676465382e-06,0.661437827766148,FLOAT
"mixed_(5,0.2,0.2)",5,0.2,0.2,0.66666685860716,9.8,35936169112328.9,2.36991644071109e+19,1.5163475173638e-06,1.51634751736421e-06,0.661437827766148,FLOAT
"mixed_(5,0.2,0.2)",5,0.2,0.2,0.666666870055327,9.8,32004534526334.3,1.99183188899864e+19,1.60678894153132e-06,1.60678894153181e-06,0.661437827766148,FLOAT
"mixed_(5,0.2,0.2)",5,0.2,0.2,0.666666882186313,9.8,28503044516116.5,1.67406505178093e+19,1.70262466717074e-06,1.70262466717133e-06,0.661437827766148,FLOAT
"mixed_(5,0.2,0.2)",5,0.2,0.2,0.666666895040844,9.8,25384638732628.3,1.40699314110262e+19,1.80417643775614e-06,1.80417643775684e-06,0.661437827766148,FLOAT
"mixed_(5,0.2,0.2)",5,0.2,0.2,0.666666908662074,9.8,22607405405744.4,1.18252854700989e+19,1.91178517109789e-06,1.91178517109872e-06,0.661437827766148,FLOAT
"mixed_(5,0.2,0.2)",5,0.2,0.2,0.666666923095735,9.8,20134018239587.9,9.93873908237421e+18,2.02581213499051e-06,2.02581213499149e-06,0.661437827766148,FLOAT
"mixed_(5,0.2,0.2)",5,0.2,0.2,0.666666938390282,9.8,17931234605000.6,8.35316284321298e+18,2.14664013398949e-06,2.14664013399066e-06,0.661437827766148,FLOAT
"mixed_(5,0.2,0.2)",5,0.2,0.2,0.666666954597062,9.8,15969448819596.7,7.0205414604797e+18,2.274674810979e-06,2.2746748109804e-06,0.661437827766148,FLOAT
"mixed_(5,0.2,0.2)",5,0.2,0.2,0.666666971770485,9.8,14222294304263.3,5.9005198178169e+18,2.41034599380696e-06,2.41034599380862e-06,0.661437827766148,FLOAT
"mixed_(5,0.2,0.2)",5,0.2,0.2,0.666666989968206,9.8,12666289058424.7,4.95918077980569e+18,2.55410916052776e-06,2.55410916052974e-06,0.661437827766148,FLOAT
"mixed_(5,0.2,0.2)",5,0.2,0.2,0.666667009251318,9.8,11280520218230.9,4.16801823801918e+18,2.70644694289583e-06,2.70644694289818e-06,0.661437827766148,FLOAT
"mixed_(5,0.2,0.2)",5,0.2,0.2,0.666667029684559,9.8,10046362879967.1,3.50307378606329e+18,2.86787075965286e-06,2.86787075965566e-06,0.661437827766148,FLOAT
"mixed_(5,0.2,0.2)",5,0.2,0.2,0.666667051336528,9.8,8947229833238.84,2.94421121502305e+18,3.03892254318412e-06,3.03892254318745e-06,0.661437827766148,FLOAT
"mixed_(5,0.2,0.2)",5,0.2,0.2,0.666667074279914,9.8,7968348600831.58,2.47450676208941e+18,3.22017653089519e-06,3.22017653089915e-06,0.661437827766148,FLOAT
"mixed_(5,0.2,0.2)",5,0.2,0.2,0.666667098591744,9.8,7096562904986.45,2.07973658136099e+18,3.41224122736381e-06,3.41224122736853e-06,0.661437827766148,FLOAT
"mixed_(5,0.2,0.2)",5,0.2,0.2,0.666667124353638,9.8,6320155845105.21,1.74794603911442e+18,3.61576141578001e-06,3.61576141578561e-06,0.661437827766148,FLOAT
"mixed_(5,0.2,0.2)",5,0.2,0.2,0.666667151652083,9.8,5628692426592.42,1.46908768024092e+18,3.83142034494465e-06,3.83142034495132e-06,0.661437827766148,FLOAT
"mixed_(5,0.2,0.2)",5,0.2,0.2,0.666667180578726,9.8,5012879293758.9,1.23471696966017e+18,4.05994200851454e-06,4.05994200852248e-06,0.661437827766148,FLOAT
"mixed_(5,0.2,0.2)",5,0.2,0.2,0.66666721123068,9.8,4464439850703.53,1.0377365720761e+18,4.30209358600723e-06,4.30209358601667e-06,0.661437827766148,FLOAT
"mixed_(5,0.2,0.2)",5,0.2,0.2,0.66666724371085,9.8,3976003008135.87,8.72181426099976e+17,4.55868800818777e-06,4.55868800819901e-06,0.661437827766148,FLOAT
"mixed_(5,0.2,0.2)",5,0.2,0.2,0.666667278128279,9.8,3541004115244.12,7.3303810433521e+17,4.83058669705259e-06,4.83058669706596e-06,0.661437827766148,FLOAT
"mixed_(5,0.2,0.2)",5,0.2,0.2,0.666667314598514,9.8,3153596741058.86,6.16092999651473e+17,5.11870244075661e-06,5.11870244077252e-06,0.661437827766148,FLOAT
"mixed_(5,0.2,0.2)",5,0.2,0.2,0.666667353243992,9.8,2808574081741.05,5.17804719197287e+17,5.42400248125426e-06,5.42400248127319e-06,0.661437827766148,FLOAT
"mixed_(5,0.2,0.2)",5,0.2,0.2,0.666667394194455,9.8,2501298994910.7,4.35196848032203e+17,5.74751174373352e-06,5.74751174375604e-06,0.661437827766148,FLOAT
"mixed_(5,0.2,0.2)",5,0.2,0.2,0.666667437587381,9.8,2227641666312.37,3.65767813442225e+17,6.09031627287903e-06,6.09031627290583e-06,0.661437827766148,FLOAT
"mixed_(5,0.2,0.2)",5,0.2,0.2,0.666667483568452,9.8,1983924110291,3.07415130474027e+17,6.45356689900735e-06,6.45356689903922e-06,0.661437827766148,FLOAT
"mixed_(5,0.2,0.2)",5,0.2,0.2,0.666667532292033,9.8,1766870733272.8,2.58371734018647e+17,6.83848308706819e-06,6.83848308710612e-06,0.661437827766148,FLOAT
"mixed_(5,0.2,0.2)",5,0.2,0.2,0.666667583921701,9.8,1573564313028.48,2.17152468099927e+17,7.24635702641232e-06,7.24635702645745e-06,0.661437827766148,FLOAT
"mixed_(5,0.2,0.2)",5,0.2,0.2,0.666667638630787,9.8,1401406788448.94,1.82509110802715e+17,7.67855797595774e-06,7.67855797601144e-06,0.661437827766148,FLOAT
"mixed_(5,0.2,0.2)",5,0.2,0.2,0.666667696602962,9.8,1248084342985.3,1.53392575263583e+17,8.1365368619103e-06,8.13653686197419e-06,0.661437827766148,FLOAT
"mixed_(5,0.2,0.2)",5,0.2,0.2,0.66666775803285,9.8,1111536303871.21,1.2892114050512e+17,8.62183114038821e-06,8.62183114046423e-06,0.661437827766148,FLOAT
"mixed_(5,0.2,0.2)",5,0.2,0.2,0.666667823126684,9.8,989927449777.217,1.08353750939146e+17,9.13606996700451e-06,9.13606996709496e-06,0.661437827766148,FLOAT
"mixed_(5,0.2,0.2)",5,0.2,0.2,0.666667892102997,9.8,881623343363.58,9.10675752828386e+16,9.68097965291845e-06,9.68097965302607e-06,0.661437827766148,FLOAT
"mixed_(5,0.2,0.2)",5,0.2,0.2,0.666667965193359,9.8,785168364382.656,7.65391454876128e+16,1.02583894733961e-05,1.02583894735241e-05,0.661437827766148,FLOAT
"mixed_(5,0.2,0.2)",5,0.2,0.2,0.666668042643148,9.8,699266146570.924,6.43285050332598e+16,1.08702377927107e-05,1.08702377928631e-05,0.661437827766148,FLOAT
"mixed_(5,0.2,0.2)",5,0.2,0.2,0.66666812471238,9.8,622762153734.199,5.40658857281771e+16,1.15185785886393e-05,1.15185785888205e-05,0.661437827766148,FLOAT
"mixed_(5,0.2,0.2)",5,0.2,0.2,0.666668211676578,9.8,554628163159.959,4.5440510387147e+16,1.22055883269093e-05,1.22055883271249e-05,0.661437827766148,FLOAT
"mixed_(5,0.2,0.2)",5,0.2,0.2,0.666668303827701,9.8,493948445705.393,3.81911815885189e+16,1.29335732792327e-05,1.29335732794893e-05,0.661437827766148,FLOAT
"mixed_(5,0.2,0.2)",5,0.2,0.2,0.666668401475117,9.8,439907458750.671,3.20983720398614e+16,1.37049772553752e-05,1.37049772556805e-05,0.661437827766148,FLOAT
"mixed_(5,0.2,0.2)",5,0.2,0.2,0.666668504946651,9.8,391778884924.197,2.69775766870263e+16,1.45223898150499e-05,1.45223898154131e-05,0.661437827766148,FLOAT
"mixed_(5,0.2,0.2)",5,0.2,0.2,0.666668614589678,9.8,348915870243.017,2.26737254698659e+16,1.53885549464263e-05,1.53885549468585e-05,0.661437827766148,FLOAT
"mixed_(5,0.2,0.2)",5,0.2,0.2,0.666668730772293,9.8,310742330653.072,1.90564874100521e+16,1.6306380287028e-05,1.63063802875423e-05,0.661437827766148,FLOAT
"mixed_(5,0.2,0.2)",5,0.2,0.2,0.666668853884545,9.8,276745209049.037,1.6016323860305e+16,1.72789468702694e-05,1.72789468708812e-05,0.661437827766148,FLOAT
"mixed_(5,0.2,0.2)",5,0.2,0.2,0.666668984339748,9.8,246467579893.298,1.34611713963484e+16,1.83095194783983e-05,1.83095194791263e-05,0.661437827766148,FLOAT
"mixed_(5,0.2,0.2)",5,0.2,0.2,0.666669122575868,9.8,219502508207.421,1.13136539290612e+16,1.94015575846624e-05,1.94015575855285e-05,0.661437827766148,FLOAT
"mixed_(5,0.2,0.2)",5,0.2,0.2,0.666669269056992,9.8,195487579997.348,9.50873953684739e+15,2.05587269721725e-05,2.05587269732031e-05,0.661437827766148,FLOAT
"mixed_(5,0.2,0.2)",5,0.2,0.2,0.666669424274889,9.8,174100031697.535,7.99177116012375e+15,2.17849120300686e-05,2.17849120312948e-05,0.661437827766148,FLOAT
"mixed_(5,0.2,0.2)",5,0.2,0.2,0.666669588750657,9.8,155052411929.754,6.71681143478265e+15,2.3084228792999e-05,2.3084228794458e-05,0.661437827766148,FLOAT
"mixed_(5,0.2,0.2)",5,0.2,0.2,0.666669763036477,9.8,138088718288.621,5.64525160695503e+15,2.44610387442597e-05,2.44610387459957e-05,0.661437827766148,FLOAT
"mixed_(5,0.2,0.2)",5,0.2,0.2,0.666669947717462,9.8,122980956586.651,4.74464235920032e+15,2.59199634590749e-05,2.59199634611403e-05,0.661437827766148,FLOAT
"mixed_(5,0.2,0.2)",5,0.2,0.2,0.666670143413626,9.8,109526076555.421,3.98771116540482e+15,2.74659001122772e-05,2.74659001147347e-05,0.661437827766148,FLOAT
"mixed_(5,0.2,0.2)",5,0.2,0.2,0.666670350781961,9.8,97543242885.6614,3.35153641720858e+15,2.91040378899129e-05,2.91040378928369e-05,0.661437827766148,FLOAT
"mixed_(5,0.2,0.2)",5,0.2,0.2,0.666670570518648,9.8,86871404740.9508,2.8168532958882e+15,3.08398754233877e-05,3.08398754268666e-05,0.661437827766148,FLOAT
"mixed_(5,0.2,0.2)",5,0.2,0.2,0.666670803361388,9.8,77367131221.1451,2.36747038911299e+15,3.26792392281334e-05,3.26792392322727e-05,0.661437827766148,FLOAT
"mixed_(5,0.2,0.2)",5,0.2,0.2,0.666671050091883,9.8,68902683635.1504,1.98977937610517e+15,3.46283032444642e-05,3.46283032493892e-05,0.661437827766148,FLOAT
"mixed_(5,0.2,0.2)",5,0.2,0.2,0.66667131153846,9.8,61364298686.894,1.67234293447502e+15,3.66936095534482e-05,3.6693609559308e-05,0.661437827766148,FLOAT
"mixed_(5,0.2,0.2)",5,0.2,0.2,0.666671588578849,9.8,54650659472.9335,1.40554839016796e+15,3.88820903253307e-05,3.88820903323028e-05,0.661437827766148,FLOAT
"mixed_(5,0.2,0.2)",5,0.2,0.2,0.666671882143135,9.8,48671533772.4319,1.18131662303843e+15,4.12010910651929e-05,4.12010910734884e-05,0.661437827766148,FLOAT
"mixed_(5,0.2,0.2)",5,0.2,0.2,0.666672193216873,9.8,43346561324.6208,992857411787010,4.36583952541617e-05,4.36583952640318e-05,0.661437827766148,FLOAT
"mixed_(5,0.2,0.2)",5,0.2,0.2,0.666672522844405,9.8,38604173762.165,834463809518681,4.62622504559333e-05,4.62622504676768e-05,0.661437827766148,FLOAT
"mixed_(5,0.2,0.2)",5,0.2,0.2,0.666672872132358,9.8,34380632736.4736,701339324169165,4.90213959803305e-05,4.90213959943031e-05,0.661437827766148,FLOAT
"mixed_(5,0.2,0.2)",5,0.2,0.2,0.666673242253367,9.8,30619173260.9936,589452669503428,5.19450921767622e-05,5.19450921933869e-05,0.661437827766148,FLOAT
"mixed_(5,0.2,0.2)",5,0.2,0.2,0.666673634450005,9.8,27269240785.1665,495415688034750,5.504315150685e-05,5.50431515266302e-05,0.661437827766148,FLOAT
"mixed_(5,0.2,0.2)",5,0.2,0.2,0.66667405003896,9.8,24285811731.38,416380749865281,5.83259714322484e-05,5.83259714557832e-05,0.661437827766148,FLOAT
"mixed_(5,0.2,0.2)",5,0.2,0.2,0.66667449041545,9.8,21628788379.6785,349954519908528,6.18045692781237e-05,6.18045693061256e-05,0.661437827766148,FLOAT
"mixed_(5,0.2,0.2)",5,0.2,0.2,0.666674957057912,9.8,19262459942.1222,294125482027235,6.54906191723275e-05,6.54906192056444e-05,0.661437827766148,FLOAT
"mixed_(5,0.2,0.2)",5,0.2,0.2,0.666675451532965,9.8,17155022607.7689,247203025741588,6.93964911898063e-05,6.93964912294471e-05,0.661437827766148,FLOAT
"mixed_(5,0.2,0.2)",5,0.2,0.2,0.666675975500663,9.8,15278152100.0808,207766250877703,7.35352927905249e-05,7.35352928376898e-05,0.661437827766148,FLOAT
"mixed_(5,0.2,0.2)",5,0.2,0.2,0.666676530720078,9.8,13606622988.0492,174620939262206,7.7920912782508e-05,7.79209128386252e-05,0.661437827766148,FLOAT
"mixed_(5,0.2,0.2)",5,0.2,0.2,0.666677119055197,9.8,12117969658.0356,146763391269289,8.25680678501201e-05,8.25680679168887e-05,0.661437827766148,FLOAT
"mixed_(5,0.2,0.2)",5,0.2,0.2,0.666677742481186,9.8,10792184371.4366,123350031517987,8.74923518772169e-05,8.74923519566587e-05,0.661437827766148,FLOAT
"mixed_(5,0.2,0.2)",5,0.2,0.2,0.666678403091018,9.8,9611448358.68602,103671863566030,9.27102881946875e-05,9.27102882892078e-05,0.661437827766148,FLOAT
"mixed_(5,0.2,0.2)",5,0.2,0.2,0.666679103102497,9.8,8559892332.21103,87132999947586.6,9.8239384935226e-05,9.82393850476867e-05,0.661437827766148,FLOAT
"mixed_(5,0.2,0.2)",5,0.2,0.2,0.666679844865711,9.8,7623383202.27757,73232617419395.4,0.000104098193689026,0.000104098193822833,0.661437827766148,FLOAT
"mixed_(5,0.2,0.2)",5,0.2,0.2,0.666680630870915,9.8,6789334124.75068,61549790949347.2,0.000110306371642092,0.000110306371801295,0.661437827766148,FLOAT
"mixed_(5,0.2,0.2)",5,0.2,0.2,0.666681463756893,9.8,6046535334.08211,51730747245175.4,0.000116884747394543,0.000116884747583963,0.661437827766148,FLOAT
"mixed_(5,0.2,0.2)",5,0.2,0.2,0.666682346319819,9.8,5385003481.69853,43478151741872,0.000123855390722915,0.000123855390948288,0.661437827766148,FLOAT
"mixed_(5,0.2,0.2)",5,0.2,0.2,0.666683281522644,9.8,4795847458.2675,36542104708291,0.000131241686453289,0.000131241686721438,0.661437827766148,FLOAT
"mixed_(5,0.2,0.2)",5,0.2,0.2,0.666684272505039,9.8,4271148896.73858,30712573779101.9,0.000139068412750422,0.000139068413069466,0.661437827766148,FLOAT
"mixed_(5,0.2,0.2)",5,0.2,0.2,0.666685322593942,9.8,3803855747.85259,25813033754925.2,0.000147361824036985,0.000147361824416582,0.661437827766148,FLOAT
"mixed_(5,0.2,0.2)",5,0.2,0.2,0.666686435314721,9.8,3387687500.22162,21695121076083.9,0.000156149738853388,0.000156149739305032,0.661437827766148,FLOAT
"mixed_(5,0.2,0.2)",5,0.2,0.2,0.666687614403016,9.8,3017050768.72974,18234141085836.6,0.000165461632918639,0.000165461633456003,0.661437827766148,FLOAT
"mixed_(5,0.2,0.2)",5,0.2,0.2,0.666688863817274,9.8,2686964119.34976,15325292045152.5,0.000175328737725516,0.000175328738364869,0.661437827766148,FLOAT
"mixed_(5,0.2,0.2)",5,0.2,0.2,0.666690187752041,9.8,2392991117.55806,12880491540332.4,0.000185784144981328,0.000185784145742027,0.661437827766148,FLOAT
"mixed_(5,0.2,0.2)",5,0.2,0.2,0.666691590652045,9.8,2131180702.21221,10825709189848.2,0.000196862917250044,0.000196862918155119,0.661437827766148,FLOAT
"mixed_(5,0.2,0.2)",5,0.2,0.2,0.666693077227118,9.8,1898014082.67175,9098724875113.26,0.000208602205135933,0.000208602206212783,0.661437827766148,FLOAT
"mixed_(5,0.2,0.2)",5,0.2,0.2,0.666694652468004,9.8,1690357445.82239,7647244608856.12,0.00022104137143292,0.000221041372714144,0.661437827766148,FLOAT
"mixed_(5,0.2,0.2)",5,0.2,0.2,0.66669632166312,9.8,1505419837.13699,6427316986246.7,0.000234222122630736,0.000234222124155121,0.661437827766148,FLOAT
"mixed_(5,0.2,0.2)",5,0.2,0.2,0.666698090416304,9.8,1340715649.84288,5402002266640.39,0.000248188648184173,0.000248188649997865,0.661437827766148,FLOAT
"mixed_(5,0.2,0.2)",5,0.2,0.2,0.666699964665634,9.8,1194031218.03709,4540253780722.17,0.00026298776806475,0.000262987770222652,0.661437827766148,FLOAT
"mixed_(5,0.2,0.2)",5,0.2,0.2,0.66670195070336,9.8,1063395064.63683,3815977791376.57,0.000278669089018979,0.000278669091586412,0.661437827766148,FLOAT
"mixed_(5,0.2,0.2)",5,0.2,0.2,0.666704055197027,9.8,947051404.474813,3207243338591.92,0.000295285170065546,0.000295285173120228,0.661437827766148,FLOAT
"mixed_(5,0.2,0.2)",5,0.2,0.2,0.666706285211866,9.8,843436546.276799,2695618140174.84,0.000312891697792611,0.000312891701427003,0.661437827766148,FLOAT
"mixed_(5,0.2,0.2)",5,0.2,0.2,0.666708648234505,9.8,751157876.368145,2265610438456.52,0.000331547672018643,0.000331547676342754,0.661437827766148,FLOAT
"mixed_(5,0.2,0.2)",5,0.2,0.2,0.666711152198109,9.8,668975141.768436,1904199891553.18,0.000351315602389948,0.000351315607534658,0.661437827766148,FLOAT
"mixed_(5,0.2,0.2)",5,0.2,0.2,0.666713805509012,9.8,595783780.992611,1600443302761.36,0.000372261716593341,0.000372261722714365,0.661437827766148,FLOAT
"mixed_(5,0.2,0.2)",5,0.2,0.2,0.666716617074936,9.8,530600078.538072,1345143249046.87,0.000394456180869885,0.00039445618815248,0.661437827766148,FLOAT
"mixed_(5,0.2,0.2)",5,0.2,0.2,0.6667195963349,9.8,472547943.595278,1130569574470.55,0.000417973333503752,0.000417973342168327,0.661437827766148,FLOAT
"mixed_(5,0.2,0.2)",5,0.2,0.2,0.666722753290909,9.8,420847135.256936,950225314575.334,0.000442891932056512,0.000442891942365288,0.661437827766148,FLOAT
"mixed_(5,0.2,0.2)",5,0.2,0.2,0.666726098541527,9.8,374802775.92623,798649963353.278,0.000469295415174316,0.000469295427439265,0.661437827766148,FLOAT
"mixed_(5,0.2,0.2)",5,0.2,0.2,0.666729643317467,9.8,333796012.045739,671254125636.548,0.000497272179793419,0.000497272194385697,0.661437827766148,FLOAT
"mixed_(5,0.2,0.2)",5,0.2,0.2,0.666733399519287,9.8,297275696.595317,564180547846.896,0.000526915874598984,0.000526915891960157,0.661437827766148,FLOAT
"mixed_(5,0.2,0.2)",5,0.2,0.2,0.666737379757347,9.8,264750981.579437,474187318773.662,0.000558325710754147,0.000558325731409546,0.661437827766148,FLOAT
"mixed_(5,0.2,0.2)",5,0.2,0.2,0.666741597394146,9.8,235784720.931133,398549703612.499,0.000591606790821198,0.000591606815395805,0.661437827766148,FLOAT
"mixed_(5,0.2,0.2)",5,0.2,0.2,0.666746066589179,9.8,209987595.188207,334977638613.109,0.000626870456976626,0.00062687048621397,0.661437827766148,FLOAT
"mixed_(5,0.2,0.2)",5,0.2,0.2,0.666750802346474,9.8,187012878.96393,281546387969.148,0.000664234659586302,0.000664234694370945,0.661437827766148,FLOAT
"mixed_(5,0.2,0.2)",5,0.2,0.2,0.666755820564966,9.8,166551780.88719,236638263118.268,0.000703824347336623,0.000703824388720897,0.661437827766148,FLOAT
"mixed_(5,0.2,0.2)",5,0.2,0.2,0.666761138091871,9.8,148329293.382228,198893639647.523,0.000745771880148625,0.000745771929384445,0.661437827766148,FLOAT
"mixed_(5,0.2,0.2)",5,0.2,0.2,0.666766772779247,9.8,132100496.508453,167169788537.926,0.000790217466155542,0.000790217524732249,0.661437827766148,FLOAT
"mixed_(5,0.2,0.2)",5,0.2,0.2,0.666772743543927,9.8,117647266.184704,140506275099.676,0.0008373096241392,0.000837309693828574,0.661437827766148,FLOAT
"mixed_(5,0.2,0.2)",5,0.2,0.2,0.666779070431024,9.8,104775342.550085,118095877839.615,0.00088720567284384,0.000887205755753638,0.661437827766148,FLOAT
"mixed_(5,0.2,0.2)",5,0.2,0.2,0.666785774681232,9.8,93311719.0687638,99260146660.0365,0.000940072248709916,0.000940072347347562,0.661437827766148,FLOAT
"mixed_(5,0.2,0.2)",5,0.2,0.2,0.666792878802131,9.8,83102317.2799503,83428860263.0822,0.000996085853596219,0.00099608597094456,0.661437827766148,FLOAT
"mixed_(5,0.2,0.2)",5,0.2,0.2,0.66680040664375,9.8,74009915.9458987,70122760713.1827,0.0010554334342163,0.0010554335738237,0.661437827766148,FLOAT
"mixed_(5,0.2,0.2)",5,0.2,0.2,0.666808383478639,9.8,65912306.7633053,58939042350.7434,0.00111831299500972,0.00111831316109726,0.661437827766148,FLOAT
"mixed_(5,0.2,0.2)",5,0.2,0.2,0.666816836086713,9.8,58700651.8519135,49539155648.1758,0.00118493424636492,0.00118493444395383,0.661437827766148,FLOAT
"mixed_(5,0.2,0.2)",5,0.2,0.2,0.666825792845157,9.8,52278020.9444055,41638556706.5774,0.00125551929009229,0.00125551952515557,0.661437827766148,FLOAT
"mixed_(5,0.2,0.2)",5,0.2,0.2,0.666835283823696,9.8,46558088.6158312,34998091999.03,0.00133030334425541,0.00133030362389817,0.661437827766148,FLOAT
"mixed_(5,0.2,0.2)",5,0.2,0.2,0.666845340885544,9.8,41463974.0452622,29416757491.8968,0.0014095355094965,0.00140953584217037,0.661437827766148,FLOAT
"mixed_(5,0.2,0.2)",5,0.2,0.2,0.666855997794376,9.8,36927207.7144721,24725612888.1158,0.00149347957909901,0.0014934799748572,0.661437827766148,FLOAT
"mixed_(5,0.2,0.2)",5,0.2,0.2,0.666867290327678,9.8,32886811.1561431,20782666714.8476,0.00158241489520475,0.00158241536600537,0.661437827766148,FLOAT
"mixed_(5,0.2,0.2)",5,0.2,0.2,0.666879256396864,9.8,29288477.3835138,17468577377.9648,0.00167663725363748,0.00167663781370421,0.661437827766148,FLOAT
"mixed_(5,0.2,0.2)",5,0.2,0.2,0.666891936174548,9.8,26083840.9865132,14683040012.3435,0.0017764598599469,0.00177646052619795,0.661437827766148,FLOAT
"mixed_(5,0.2,0.2)",5,0.2,0.2,0.666905372229415,9.8,23229828.0834616,12341749722.9751,0.00188221433940305,0.0018822151319612,0.661437827766148,FLOAT
"mixed_(5,0.2,0.2)",5,0.2,0.2,0.666919609669129,9.8,20688077.392623,10373849266.6872,0.00199425180377362,0.00199425274657277,0.661437827766148,FLOAT
"mixed_(5,0.2,0.2)",5,0.2,0.2,0.666934696291775,9.8,18424424.6420546,8719783891.94753,0.00211294397786347,0.00211294509936984,0.661437827766148,FLOAT
"mixed_(5,0.2,0.2)",5,0.2,0.2,0.666950682746323,9.8,16408443.3882721,7329498383.72009,0.00223868438891491,0.0022386857229845,0.661437827766148,FLOAT
"mixed_(5,0.2,0.2)",5,0.2,0.2,0.666967622702667,9.8,14613036.0724841,6160921722.38783,0.00237188962207184,0.00237189120897002,0.661437827766148,FLOAT
"mixed_(5,0.2,0.2)",5,0.2,0.2,0.666985573031808,9.8,13014069.8176471,5178693474.06628,0.00251300064532608,0.00251300253293975,0.661437827766148,FLOAT
"mixed_(5,0.2,0.2)",5,0.2,0.2,0.667004593996783,9.8,11590052.0719461,4353093350.23729,0.00266248420732963,0.00266248645260831,0.661437827766148,FLOAT
"mixed_(5,0.2,0.2)",5,0.2,0.2,0.667024749454976,9.8,10321841.7387412,3659141525.31315,0.00282083431181364,0.00282083698248263,0.661437827766148,FLOAT
"mixed_(5,0.2,0.2)",5,0.2,0.2,0.667046107072505,9.8,9192391.91098486,3075842472.28832,0.00298857377225631,0.00298857694885331,0.661437827766148,FLOAT
"mixed_(5,0.2,0.2)",5,0.2,0.2,0.667068738551391,9.8,8186520.75202337,2585549421.45848,0.00316625585073318,0.00316625962902904,0.661437827766148,FLOAT
"mixed_(5,0.2,0.2)",5,0.2,0.2,0.667092719870275,9.8,7290707.44364262,2173430200.00181,0.00335446598492572,0.00335447047880191,0.661437827766148,FLOAT
"mixed_(5,0.2,0.2)",5,0.2,0.2,0.667118131539495,9.8,6492910.45868708,1827018279.69152,0.00355382360739753,0.00355382895226607,0.661437827766148,FLOAT
"mixed_(5,0.2,0.2)",5,0.2,0.2,0.667145058871377,9.8,5782405.71588174,1535835440.07581,0.0037649840613739,0.0037649904182419,0.661437827766148,FLOAT
"mixed_(5,0.2,0.2)",5,0.2,0.2,0.667173592266644,9.8,5149642.4416208,1291074622.84743,0.00398864061734255,0.00398864817764244,0.661437827766148,FLOAT
"mixed_(5,0.2,0.2)",5,0.2,0.2,0.667203827517915,9.8,4586114.80138598,1085333375.56566,0.00422552659491001,0.00422553558623937,0.661437827766148,FLOAT
"mixed_(5,0.2,0.2)",5,0.2,0.2,0.667235866131295,9.8,4084247.57560751,912389814.706001,0.00447641759437271,0.00447642828731443,0.661437827766148,FLOAT
"mixed_(5,0.2,0.2)",5,0.2,0.2,0.667269815667157,9.8,3637294.34333636,767014325.309599,0.00474213384259951,0.00474214655882496,0.661437827766148,FLOAT
"mixed_(5,0.2,0.2)",5,0.2,0.2,0.667305790101244,9.8,3239246.80532453,644811296.570203,0.00502354265780544,0.00502355777970131,0.661437827766148,FLOAT
"mixed_(5,0.2,0.2)",5,0.2,0.2,0.667343910207308,9.8,2884754.02777465,542086102.069165,0.00532156103784022,0.00532157901994429,0.661437827766148,FLOAT
"mixed_(5,0.2,0.2)",5,0.2,0.2,0.667384303962572,9.8,2569050.52140392,455733297.704777,0.00563715837659132,0.00563717975917604,0.661437827766148,FLOAT
"mixed_(5,0.2,0.2)",5,0.2,0.2,0.667427106977381,9.8,2287892.18913732,383142652.736676,0.00597135931307823,0.00597138473828372,0.661437827766148,FLOAT
"mixed_(5,0.2,0.2)",5,0.2,0.2,0.66747246295047,9.8,2037499.28159228,322120169.300572,0.00632524671771952,0.00632527694871252,0.661437827766148,FLOAT
"mixed_(5,0.2,0.2)",5,0.2,0.2,0.667520524151393,9.8,1814505.59362545,270821699.513466,0.006699964820193,0.00670000076391672,0.661437827766148,FLOAT
"mixed_(5,0.2,0.2)",5,0.2,0.2,0.667571451931725,9.8,1615913.21914786,227697150.701187,0.00709672248299821,0.00709676521718302,0.661437827766148,FLOAT
"mixed_(5,0.2,0.2)",5,0.2,0.2,0.667625417266748,9.8,1439052.2560897,191443589.814159,0.00751679662479811,0.00751684743002696,0.661437827766148,FLOAT
"mixed_(5,0.2,0.2)",5,0.2,0.2,0.66768260132946,9.8,1281544.91993163,160965827.523535,0.00796153579720086,0.00796159619497036,0.661437827766148,FLOAT
"mixed_(5,0.2,0.2)",5,0.2,0.2,0.667743196098802,9.8,1141273.58348612,135343288.926517,0.00843236391826501,0.00843243571615696,0.661437827766148,FLOAT
"mixed_(5,0.2,0.2)",5,0.2,0.2,0.667807405004176,9.8,1016352.31336021,113802168.098757,0.00893078416572799,0.00893086951101163,0.661437827766148,FLOAT
"mixed_(5,0.2,0.2)",5,0.2,0.2,0.667875443608401,9.8,905101.520545017,95692023.6952933,0.0094583830322076,0.00945848447543632,0.661437827766148,FLOAT
"mixed_(5,0.2,0.2)",5,0.2,0.2,0.667947540331402,9.8,806025.384425039,80466107.2350881,0.0100168345442036,0.0100169551146568,0.661437827766148,FLOAT
"mixed_(5,0.2,0.2)",5,0.2,0.2,0.668023937217061,9.8,717791.746773548,67664828.7007225,0.0106079046457905,0.0106080479409517,0.661437827766148,FLOAT
"mixed_(5,0.2,0.2)",5,0.2,0.2,0.668104890745814,9.8,639214.205503133,56901859.0518357,0.0112334557471788,0.0112336260388405,0.661437827766148,FLOAT
"mixed_(5,0.2,0.2)",5,0.2,0.2,0.668190672695706,9.8,569236.167500414,47852449.0710783,0.0118954514371946,0.0118956537972569,0.661437827766148,FLOAT
"mixed_(5,0.2,0.2)",5,0.2,0.2,0.66828157105481,9.8,506916.646209907,40243611.0480405,0.0125959613575733,0.0125962018071584,0.661437827766148,FLOAT
"mixed_(5,0.2,0.2)",5,0.2,0.2,0.668377890988062,9.8,451417.613077118,33845866.1911623,0.0133371662356574,0.0133374519218241,0.661437827766148,FLOAT
"mixed_(5,0.2,0.2)",5,0.2,0.2,0.668479955861763,9.8,401992.732849123,28466308.0491586,0.0141213630704865,0.0141217024756045,0.661437827766148,FLOAT
"mixed_(5,0.2,0.2)",5,0.2,0.2,0.668588108329191,9.8,357977.331327064,23942772.0542195,0.0149509704655727,0.0149513736553315,0.661437827766148,FLOAT
"mixed_(5,0.2,0.2)",5,0.2,0.2,0.668702711480957,9.8,318779.460733438,20138934.7773296,0.0158285340996244,0.0158290130167306,0.661437827766148,FLOAT
"mixed_(5,0.2,0.2)",5,0.2,0.2,0.668824150063978,9.8,283871.942604482,16940194.6230979,0.0167567323242799,0.0167573011361642,0.661437827766148,FLOAT
"mixed_(5,0.2,0.2)",5,0.2,0.2,0.668952831773153,9.8,252785.281261842,14250209.3411339,0.0177383818754392,0.0177390573857863,0.661437827766148,FLOAT
"mixed_(5,0.2,0.2)",5,0.2,0.2,0.669089188620082,9.8,225101.352613713,11987985.60773,0.0187764436818909,0.0187772458175596,0.661437827766148,FLOAT
"mixed_(5,0.2,0.2)",5,0.2,0.2,0.669233678383419,9.8,200447.783459249,10085432.6380513,0.0198740287519742,0.019874981138933,0.661437827766148,FLOAT
"mixed_(5,0.2,0.2)",5,0.2,0.2,0.669386786145729,9.8,178492.945750049,8485305.83076368,0.0210344041154196,0.0210355347597394,0.661437827766148,FLOAT
"mixed_(5,0.2,0.2)",5,0.2,0.2,0.669549025922018,9.8,158941.498527025,7139478.24878422,0.0222609987938372,0.0222623408866174,0.661437827766148,FLOAT
"mixed_(5,0.2,0.2)",5,0.2,0.2,0.669720942385384,9.8,141530.417613568,6007487.65945735,0.0235574097690226,0.023559002637444,0.661437827766148,FLOAT
"mixed_(5,0.2,0.2)",5,0.2,0.2,0.669903112695601,9.8,126025.459699568,5055315.19458371,0.0249274079137894,0.0249292981443753,0.661437827766148,FLOAT
"mixed_(5,0.2,0.2)",5,0.2,0.2,0.670096148436769,9.8,112218.0132912,4254358.69837067,0.0263749438449145,0.026377186609624,0.661437827766148,FLOAT
"mixed_(5,0.2,0.2)",5,0.2,0.2,0.670300697670525,9.8,99922.2941997892,3580569.7210832,0.0279041536524721,0.0279068142735566,0.661437827766148,FLOAT
"mixed_(5,0.2,0.2)",5,0.2,0.2,0.670517447111728,9.8,88972.8478744491,3013728.06665511,0.0295193644537941,0.0295225202495455,0.661437827766148,FLOAT
"mixed_(5,0.2,0.2)",5,0.2,0.2,0.670747124433902,9.8,79222.3250070711,2536831.96333357,0.0312250997141163,0.0312288421748548,0.661437827766148,FLOAT
"mixed_(5,0.2,0.2)",5,0.2,0.2,0.67099050071219,9.8,70539.5005114433,2135585.4237048,0.0330260842690685,0.0330305216211262,0.661437827766148,FLOAT
"mixed_(5,0.2,0.2)",5,0.2,0.2,0.671248393012015,9.8,62807.5092491697,1797967.29990823,0.0349272489768947,0.0349325092021282,0.661437827766148,FLOAT
"mixed_(5,0.2,0.2)",5,0.2,0.2,0.671521667132144,9.8,55922.2747883007,1513869.01051286,0.0369337349206727,0.0369399693103935,0.661437827766148,FLOAT
"mixed_(5,0.2,0.2)",5,0.2,0.2,0.671811240511352,9.8,49791.1100752434,1274789.99218755,0.0390508970725516,0.0390582844079295,0.661437827766148,FLOAT
"mixed_(5,0.2,0.2)",5,0.2,0.2,0.67211808530846,9.8,44331.4712109667,1073581.67474652,0.0412843073235609,0.0412930587898063,0.661437827766148,FLOAT
"mixed_(5,0.2,0.2)",5,0.2,0.2,0.672443231666078,9.8,39469.8475804463,904232.24526116,0.0436397567736215,0.0436501217328814,0.661437827766148,FLOAT
"mixed_(5,0.2,0.2)",5,0.2,0.2,0.672787771169006,9.8,35140.7734170233,761685.700072214,0.0461232571671134,0.0461355299353679,0.661437827766148,FLOAT
"mixed_(5,0.2,0.2)",5,0.2,0.2,0.673152860508921,9.8,31285.947515435,641689.720025656,0.0487410413499998,0.0487555691466963,0.661437827766148,FLOAT
"mixed_(5,0.2,0.2)",5,0.2,0.2,0.673539725367628,9.8,27853.4492610129,540667.775472623,0.0514995626147437,0.0515167548808784,0.661437827766148,FLOAT
"mixed_(5,0.2,0.2)",5,0.2,0.2,0.673949664531935,9.8,24797.0404370141,455611.599855465,0.0544054927897071,0.0544258321010275,0.661437827766148,FLOAT
"mixed_(5,0.2,0.2)",5,0.2,0.2,0.674384054253956,9.8,22075.5434250721,383990.786226103,0.0574657189199439,0.0574897737574189,0.661437827766148,FLOAT
"mixed_(5,0.2,0.2)",5,0.2,0.2,0.674844352871474,9.8,19652.2874405146,323676.778414984,0.0606873383769484,0.0607157780572029,0.661437827766148,FLOAT
"mixed_(5,0.2,0.2)",5,0.2,0.2,0.675332105703892,9.8,17494.6153587734,272878.963451424,0.0640776522257562,0.0641112643404175,0.661437827766148,FLOAT
"mixed_(5,0.2,0.2)",5,0.2,0.2,0.675848950240194,9.8,15573.444503524,230090.937379375,0.0676441566692252,0.0676838674347543,0.661437827766148,FLOAT
"mixed_(5,0.2,0.2)",5,0.2,0.2,0.676396621636343,9.8,13862.8754925001,194045.323875834,0.0713945323814257,0.071441430360727,0.661437827766148,FLOAT
"mixed_(5,0.2,0.2)",5,0.2,0.2,0.676976958540561,9.8,12339.8438828907,163675.783355498,0.0753366315351474,0.0753919952598548,0.661437827766148,FLOAT
"mixed_(5,0.2,0.2)",5,0.2,0.2,0.677591909266059,9.8,10983.8099335021,138085.067346599,0.0794784623226905,0.0795437924213217,0.661437827766148,FLOAT
"mixed_(5,0.2,0.2)",5,0.2,0.2,0.67824353833194,9.8,9776.48231322827,116518.155414738,0.0838281707647626,0.0839052272877959,0.661437827766148,FLOAT
"mixed_(5,0.2,0.2)",5,0.2,0.2,0.678934033394218,9.8,8701.57204163722,98339.6653123561,0.0883940195995062,0.0884848653287402,0.661437827766148,FLOAT
"mixed_(5,0.2,0.2)",5,0.2,0.2,0.679665712590243,9.8,7744.57335387183,83014.8559802679,0.0931843640429633,0.093291414680195,0.661437827766148,FLOAT
"mixed_(5,0.2,0.2)",5,0.2,0.2,0.680441032321174,9.8,6892.56854395724,70093.6514226572,0.0982076242135877,0.0983337064635966,0.661437827766148,FLOAT
"mixed_(5,0.2,0.2)",5,0.2,0.2,0.681262595498641,9.8,6134.05416292682,59197.2045954228,0.103472254017376,0.103620672713338,0.661437827766148,FLOAT
"mixed_(5,0.2,0.2)",5,0.2,0.2,0.68213316028326,9.8,5458.78623521823,50006.5970440413,0.108986706296772,0.109161321863406,0.661437827766148,FLOAT
"mixed_(5,0.2,0.2)",5,0.2,0.2,0.683055649344363,9.8,4857.64241244745,42253.3344166778,0.114759394056136,0.114964711767933,0.661437827766148,FLOAT
"mixed_(5,0.2,0.2)",5,0.2,0.2,0.684033159672015,9.8,4322.49921132743,35711.3521066298,0.120798647589514,0.121039920258997,0.661437827766148,FLOAT
"mixed_(5,0.2,0.2)",5,0.2,0.2,0.68506897297426,9.8,3846.12268527277,30190.2907816628,0.127112667352767,0.127396013277516,0.661437827766148,FLOAT
"mixed_(5,0.2,0.2)",5,0.2,0.2,0.686166566694507,9.8,3422.07105980755,25529.8398108107,0.133709472442204,0.134042010649767,0.661437827766148,FLOAT
"mixed_(5,0.2,0.2)",5,0.2,0.2,0.687329625686041,9.8,3044.60802271611,21594.9787576616,0.140596844565807,0.140986849622898,0.661437827766148,FLOAT
"mixed_(5,0.2,0.2)",5,0.2,0.2,0.68856205458285,9.8,2708.62550310456,18271.9741444566,0.147782267420978,0.148239346317503,0.661437827766148,FLOAT
"mixed_(5,0.2,0.2)",5,0.2,0.2,0.689867990908302,9.8,2409.57490109783,15465.0114199311,0.155272861424793,0.155808155304199,0.661437827766148,FLOAT
"mixed_(5,0.2,0.2)",5,0.2,0.2,0.691251818965688,9.8,2143.4058434985,13093.3611721906,0.163075313778754,0.163701727563351,0.661437827766148,FLOAT
"mixed_(5,0.2,0.2)",5,0.2,0.2,0.692718184557244,9.8,1906.51164190393,11088.9946928681,0.171195803890411,0.171928267143108,0.661437827766148,FLOAT
"mixed_(5,0.2,0.2)",5,0.2,0.2,0.694272010581095,9.8,1695.68071988292,9394.57750543415,0.17963992421842,0.180495686889813,0.661437827766148,FLOAT
"mixed_(5,0.2,0.2)",5,0.2,0.2,0.695918513558455,9.8,1508.05335605649,7961.78082637733,0.188412596656002,0.189411563686898,0.661437827766148,FLOAT
"mixed_(5,0.2,0.2)",5,0.2,0.2,0.697663221146592,9.8,1341.08316139293,6749.86047578485,0.19751798461985,0.198683093703058,0.661437827766148,FLOAT
"mixed_(5,0.2,0.2)",5,0.2,0.2,0.699511990696333,9.8,1192.50277267264,5724.46078164983,0.20695940106723,0.208317048217937,0.661437827766148,FLOAT
"mixed_(5,0.2,0.2)",5,0.2,0.2,0.701471028916427,9.8,1060.29330076165,4856.60777218235,0.216739212722819,0.21831973066361,0.661437827766148,FLOAT
"mixed_(5,0.2,0.2)",5,0.2,0.2,0.703546912710775,9.8,942.657122812237,4121.86162602457,0.226858740858438,0.228696935593494,0.661437827766148,FLOAT
"mixed_(5,0.2,0.2)",5,0.2,0.2,0.705746611258478,9.8,837.993652467687,3499.60312271403,0.237318159032306,0.239453910367356,0.661437827766148,FLOAT
"mixed_(5,0.2,0.2)",5,0.2,0.2,0.708077509410841,9.8,744.877762186204,2972.43284881827,0.248116388258981,0.250595320423249,0.661437827766148,FLOAT
"mixed_(5,0.2,0.2)",5,0.2,0.2,0.710547432483875,9.8,662.040567457195,2525.66528981561,0.259250990145421,0.262125219096441,0.661437827766148,FLOAT
"mixed_(5,0.2,0.2)",5,0.2,0.2,0.713164672529529,9.8,588.352314439653,2146.9027756761,0.270718058590618,0.274047023044335,0.661437827766148,FLOAT
"mixed_(5,0.2,0.2)",5,0.2,0.2,0.715938016173855,9.8,522.807140834295,1825.67663465597,0.282512110703759,0.286363494449176,0.661437827766148,FLOAT
"mixed_(5,0.2,0.2)",5,0.2,0.2,0.718876774115565,9.8,464.509504988633,1553.1449169108,0.294625977645224,0.299076731302408,0.661437827766148,FLOAT
"mixed_(5,0.2,0.2)",5,0.2,0.2,0.721990812384003,9.8,412.662100665858,1321.83773755098,0.307050696131524,0.312188167233304,0.661437827766148,FLOAT
"mixed_(5,0.2,0.2)",5,0.2,0.2,0.725290585461487,9.8,366.555094885684,1125.44270849097,0.319775401363249,0.325698582540173,0.661437827766148,FLOAT
"mixed_(5,0.2,0.2)",5,0.2,0.2,0.728787171381207,9.8,325.556544036914,958.624122571989,0.332787222126045,0.339608128328177,0.661437827766148,FLOAT
"mixed_(5,0.2,0.2)",5,0.2,0.2,0.732492308918514,9.8,289.103859306269,816.870557856673,0.34607117876783,0.353916365972141,0.661437827766148,FLOAT
"mixed_(5,0.2,0.2)",5,0.2,0.2,0.736418437000464,9.8,256.696206579239,696.366414885437,0.359610084656467,0.368622324529349,0.661437827766148,FLOAT
"mixed_(5,0.2,0.2)",5,0.2,0.2,0.740578736465914,9.8,227.887738535885,593.883610416043,0.373384451552305,0.38372457925929,0.661437827766148,FLOAT
"mixed_(5,0.2,0.2)",5,0.2,0.2,0.744987174316374,9.8,202.281567856673,506.690249076457,0.38737239906484,0.39922135510871,0.661437827766148,FLOAT
"mixed_(5,0.2,0.2)",5,0.2,0.2,0.749658550606174,9.8,179.524400420941,432.473597381845,0.401549567969846,0.415110659951879,0.661437827766148,FLOAT
"mixed_(5,0.2,0.2)",5,0.2,0.2,0.754608548129361,9.8,159.301756257432,369.275107782467,0.415889036600279,0.431390453621567,0.661437827766148,FLOAT
"mixed_(5,0.2,0.2)",5,0.2,0.2,0.759853785070145,9.8,141.333713911975,315.435596502277,0.430361238734162,0.44805886044302,0.661437827766148,FLOAT
"mixed_(5,0.2,0.2)",5,0.2,0.2,0.765411870793641,9.8,125.371120937917,269.548978561856,0.444933880309352,0.465114435257069,0.661437827766148,FLOAT
"mixed_(5,0.2,0.2)",5,0.2,0.2,0.771301464964215,9.8,111.19221948509,230.423215520921,0.459571850794078,0.482556496027176,0.661437827766148,FLOAT
"mixed_(5,0.2,0.2)",5,0.2,0.2,0.777542340189913,9.8,98.5996415471684,197.047343665508,0.474237122988493,0.500385540413796,0.661437827766148,FLOAT
"mixed_(5,0.2,0.2)",5,0.2,0.2,0.784155448403264,9.8,87.4177334003374,168.563628943018,0.488888632220641,0.518603769677316,0.661437827766148,FLOAT
"mixed_(5,0.2,0.2)",5,0.2,0.2,0.791162991201332,9.8,77.4901731950635,144.24404524592,0.503482122032604,0.537215751700191,0.661437827766148,FLOAT
"mixed_(5,0.2,0.2)",5,0.2,0.2,0.798588494381158,9.8,68.6778496070032,123.470399143556,0.517969938089562,0.55622926696101,0.661437827766148,FLOAT
"mixed_(5,0.2,0.2)",5,0.2,0.2,0.806456886920807,9.8,60.8569729657416,105.717530627722,0.532300744520889,0.575656398748528,0.661437827766148,FLOAT
"mixed_(5,0.2,0.2)",5,0.2,0.2,0.814794584671205,9.8,53.917393408302,90.5391090350322,0.546419126190254,0.595514954619664,0.661437827766148,FLOAT
"mixed_(5,0.2,0.2)",5,0.2,0.2,0.823629579039712,9.8,47.7611033903252,77.5556186906075,0.560265024863354,0.615830344682807,0.661437827766148,FLOAT
"mixed_(5,0.2,0.2)",5,0.2,0.2,0.83299153096317,9.8,42.3009043688903,66.4441922027589,0.573772934258693,0.636638101337831,0.661437827766148,FLOAT
"mixed_(5,0.2,0.2)",5,0.2,0.2,0.842911870485915,9.8,37.4592196805391,56.9300025719231,0.586870744136488,0.657987317552192,0.661437827766148,FLOAT
"mixed_(5,0.2,0.2)",5,0.2,0.2,0.853423902277057,9.8,33.1670376058608,48.7789698726812,0.599478069384225,0.679945429196858,0.661437827766148,FLOAT
"mixed_(5,0.2,0.2)",5,0.2,0.2,0.864562917441269,9.8,29.3629703644824,41.7915754275342,0.611503813208434,0.702605012232603,0.661437827766148,FLOAT
"mixed_(5,0.2,0.2)",5,0.2,0.2,0.876366311998457,9.8,25.9924163450406,35.7976069916146,0.622842569712795,0.72609368417082,0.661437827766148,FLOAT
"mixed_(5,0.2,0.2)",5,0.2,0.2,0.888873712430073,9.8,23.0068142647102,30.6516829771918,0.633369223920977,0.750588940967118,0.661437827766148,FLOAT
"mixed_(5,0.2,0.2)",5,0.2,0.2,0.9,9.8,20.7561548873935,26.8788576153658,0.641503965554245,0.772211199761996,0.661437827766148,FLOAT
"mixed_(5,0.2,0.2)",5,0.2,0.2,0.902127108713561,9.8,20.3629791908164,26.2294219970422,0.642930663824817,0.776341132988468,0.661437827766148,FLOAT
"mixed_(5,0.2,0.2)",5,0.2,0.2,0.912667383761716,9.8,18.5677533938443,23.3012887326929,0.649401221426625,0.796855212896134,0.661437827766148,FLOAT
"mixed_(5,0.2,0.2)",5,0.2,0.2,0.916170995291558,9.8,18.0225114596553,22.4241346049945,0.651332682748975,0.803710456484733,0.661437827766148,FLOAT
"mixed_(5,0.2,0.2)",5,0.2,0.2,0.923730141409766,9.8,16.9238010152587,20.6739050032636,0.655128126751209,0.818606886922769,0.661437827766148,FLOAT
"mixed_(5,0.2,0.2)",5,0.2,0.2,0.931052520449102,9.8,15.9512705097277,19.1439129115166,0.658318476207773,0.833229370790325,0.661437827766148,FLOAT
"mixed_(5,0.2,0.2)",5,0.2,0.2,0.933391537091908,9.8,15.6579874451041,18.6860256073413,0.65923594011078,0.83795172789191,0.661437827766148,FLOAT
"mixed_(5,0.2,0.2)",5,0.2,0.2,0.941829086706256,9.8,14.6637606108833,17.1456226375297,0.662130475643237,0.855248066569835,0.661437827766148,FLOAT
"mixed_(5,0.2,0.2)",5,0.2,0.2,0.946821644600358,9.8,14.1189065214067,16.3089695306419,0.663531531538878,0.865714200696714,0.661437827766148,FLOAT
"mixed_(5,0.2,0.2)",5,0.2,0.2,0.94919781953087,9.8,13.8700727705182,15.9285652609272,0.664115106429075,0.870767237557893,0.661437827766148,FLOAT
"mixed_(5,0.2,0.2)",5,0.2,0.2,0.955633126690214,9.8,13.2279345392334,14.9515415418651,0.665419178196589,0.884720448536665,0.661437827766148,FLOAT
"mixed_(5,0.2,0.2)",5,0.2,0.2,0.961253248795439,9.8,12.7025882090359,14.1568185640856,0.666217370850066,0.897277036611956,0.661437827766148,FLOAT
"mixed_(5,0.2,0.2)",5,0.2,0.2,0.963531308016255,9.8,12.4984435344293,13.8489982947104,0.666447189655413,0.902479967753557,0.661437827766148,FLOAT
"mixed_(5,0.2,0.2)",5,0.2,0.2,0.966161448465718,9.8,12.268759860177,13.5032697254038,0.666643275600928,0.908576967628486,0.661437827766148,FLOAT
"mixed_(5,0.2,0.2)",5,0.2,0.2,0.970447907647971,9.8,11.9076751702176,12.9608845097382,0.666799170840987,0.918739393231279,0.661437827766148,FLOAT
"mixed_(5,0.2,0.2)",5,0.2,0.2,0.974191384595819,9.8,11.6051250652083,12.5072954585242,0.666763230265352,0.927868467143229,0.661437827766148,FLOAT
"mixed_(5,0.2,0.2)",5,0.2,0.2,0.977460660952652,9.8,11.3501775038622,12.125516429879,0.666594948091977,0.936057245025356,0.661437827766148,FLOAT
"mixed_(5,0.2,0.2)",5,0.2,0.2,0.980315805527134,9.8,11.1342987662531,11.8024314673085,0.666339292024103,0.943390249466306,0.661437827766148,FLOAT
"mixed_(5,0.2,0.2)",5,0.2,0.2,0.981237608556118,9.8,11.0659084090605,11.7000945260685,0.666234438178085,0.945796496293683,0.661437827766148,FLOAT
"mixed_(5,0.2,0.2)",5,0.2,0.2,0.982809277981414,9.8,10.9507411102617,11.5277618747805,0.666029924064571,0.94994511763978,0.661437827766148,FLOAT
"mixed_(5,0.2,0.2)",5,0.2,0.2,0.984986892710918,9.8,10.7941077564462,11.2933455295255,0.66569172156831,0.95579363335921,0.661437827766148,FLOAT
"mixed_(5,0.2,0.2)",5,0.2,0.2,0.986888660625784,9.8,10.6600384121373,11.0926245861467,0.665342761815423,0.961002360564012,0.661437827766148,FLOAT
"mixed_(5,0.2,0.2)",5,0.2,0.2,0.988549524300617,9.8,10.5449782917878,10.9202750346664,0.664995888272722,0.965633031980669,0.661437827766148,FLOAT
"mixed_(5,0.2,0.2)",5,0.2,0.2,0.99,9.8,10.4460059752412,10.7719345637414,0.66465994660628,0.969742799069971,0.661437827766148,FLOAT
"mixed_(5,0.2,0.2)",5,0.2,0.2,0.991266738376172,9.8,10.3607033841007,10.6439996755708,0.664340757858049,0.97338441374436,0.661437827766148,FLOAT
"mixed_(5,0.2,0.2)",5,0.2,0.2,0.992373014140977,9.8,10.2870563466824,10.5334723308987,0.664041881560277,0.976606386149278,0.661437827766148,FLOAT
"mixed_(5,0.2,0.2)",5,0.2,0.2,0.993339153709191,9.8,10.2233776774298,10.4378425240434,0.663765210801505,0.979453144065017,0.661437827766148,FLOAT
"mixed_(5,0.2,0.2)",5,0.2,0.2,0.994182908670626,9.8,10.168247035459,10.354997272252,0.663511433064822,0.981965206568094,0.661437827766148,FLOAT
"mixed_(5,0.2,0.2)",5,0.2,0.2,0.994919781953087,9.8,10.1204634342121,10.2831492711584,0.663280384225285,0.984179376117531,0.661437827766148,FLOAT
"mixed_(5,0.2,0.2)",5,0.2,0.2,0.995563312669021,9.8,10.0790073944259,10.2207803698999,0.663071317923612,0.986128948050629,0.661437827766148,FLOAT
"mixed_(5,0.2,0.2)",5,0.2,0.2,0.996125324879544,9.8,10.0430105235917,10.1665963433733,0.662883108313662,0.98784393364234,0.661437827766148,FLOAT
"mixed_(5,0.2,0.2)",5,0.2,0.2,0.996616144846572,9.8,10.0117308703575,10.1194903719162,0.662714400711269,0.989351291656169,0.661437827766148,FLOAT
"mixed_(5,0.2,0.2)",5,0.2,0.2,0.997044790764797,9.8,9.98453281088602,10.0785133034174,0.662563721810586,0.990675163121573,0.661437827766148,FLOAT
"mixed_(5,0.2,0.2)",5,0.2,0.2,0.997419138459582,9.8,9.96087052260781,10.0428492516307,0.662429558780137,0.991837104494068,0.661437827766148,FLOAT
"mixed_(5,0.2,0.2)",5,0.2,0.2,0.997746066095265,9.8,9.94027432096613,10.0117954328807,0.662310414621362,0.992856315094125,0.661437827766148,FLOAT
"mixed_(5,0.2,0.2)",5,0.2,0.2,0.998031580552713,9.8,9.92233929870507,9.98474539942963,0.662204845602522,0.993749855581884,0.661437827766148,FLOAT
"mixed_(5,0.2,0.2)",5,0.2,0.2,0.998280927798141,9.8,9.90671583044137,9.96117501781655,0.662111485309903,0.994532855082078,0.661437827766148,FLOAT
"mixed_(5,0.2,0.2)",5,0.2,0.2,0.998498689271092,9.8,9.89310159861947,9.94063068286258,0.662029058839485,0.995218705355884,0.661437827766148,FLOAT
"mixed_(5,0.2,0.2)",5,0.2,0.2,0.998688866062578,9.8,9.88123486828049,9.92271936569747,0.661956389839493,0.995819241088245,0.661437827766148,FLOAT
"mixed_(5,0.2,0.2)",5,0.2,0.2,0.998854952430062,9.8,9.87088879300937,9.9071001763197,0.661892402471491,0.996344905909311,0.661437827766148,FLOAT
"mixed_(5,0.2,0.2)",5,0.2,0.2,0.999,9.8,9.86186657705495,9.89347718445556,0.661836119854131,0.996804904199884,0.661437827766148,FLOAT
"mixed_(5,0.2,0.2)",5,0.2,0.2,0.999126673837617,9.8,9.85399735194542,9.88159329160901,0.661786660160383,0.997207339054622,0.661437827766148,FLOAT
"mixed_(5,0.2,0.2)",5,0.2,0.2,0.999237301414098,9.8,9.84713265216445,9.87122498567404,0.661743231232744,0.997559337007863,0.661437827766148,FLOAT
"mixed_(5,0.2,0.2)",5,0.2,0.2,0.999333915370919,9.8,9.84114339526368,9.86217783987088,0.661705124351731,0.99786716028156,0.661437827766148,FLOAT
"mixed_(5,0.2,0.2)",5,0.2,0.2,0.999418290867063,9.8,9.83591728839895,9.85428264195955,0.661671707609876,0.998136307407868,0.661437827766148,FLOAT
"mixed_(5,0.2,0.2)",5,0.2,0.2,0.999491978195309,9.8,9.83135659662797,9.84739205909035,0.661642419211853,0.998371603124344,0.661437827766148,FLOAT
"mixed_(5,0.2,0.2)",5,0.2,0.2,0.999556331266902,9.8,9.82737621910264,9.84137775933094,0.661616760919472,0.998577278449146,0.661437827766148,FLOAT
"mixed_(5,0.2,0.2)",5,0.2,0.2,0.999612532487954,9.8,9.82390202807253,9.83612792366757,0.661594291785537,0.998757041826833,0.661437827766148,FLOAT
"mixed_(5,0.2,0.2)",5,0.2,0.2,0.999661614484657,9.8,9.82086943280461,9.83154509272617,0.661574622264235,0.998914142200348,0.661437827766148,FLOAT
"mixed_(5,0.2,0.2)",5,0.2,0.2,0.99970447907648,9.8,9.8182221364396,9.82754430106694,0.661557408747483,0.999051424817661,0.661437827766148,FLOAT
"mixed_(5,0.2,0.2)",5,0.2,0.2,0.999741913845958,9.8,9.81591105869949,9.82405145904022,0.66154234854887,0.999171380527203,0.661437827766148,FLOAT
"mixed_(5,0.2,0.2)",5,0.2,0.2,0.999774606609527,9.8,9.81389340142918,9.82100194813355,0.661529175333272,0.999276189258295,0.661437827766148,FLOAT
"mixed_(5,0.2,0.2)",5,0.2,0.2,0.999803158055271,9.8,9.81213183735457,9.81833940071468,0.661517654982635,0.999367758323809,0.661437827766148,FLOAT
"mixed_(5,0.2,0.2)",5,0.2,0.2,0.999828092779814,9.8,9.81059380529009,9.81601463925796,0.661507581872114,0.999447756124345,0.661437827766148,FLOAT
"mixed_(5,0.2,0.2)",5,0.2,0.2,0.999849868927109,9.8,9.80925089743082,9.81398475367289,0.661498775537962,0.999517641777434,0.661437827766148,FLOAT
"mixed_(5,0.2,0.2)",5,0.2,0.2,0.999868886606258,9.8,9.80807832639472,9.81221229834699,0.66149107769801,0.999578691142571,0.661437827766148,FLOAT
"mixed_(5,0.2,0.2)",5,0.2,0.2,0.999885495243006,9.8,9.80705446140338,9.81066459305895,0.661484349602959,0.999632019663773,0.661437827766148,FLOAT
"mixed_(5,0.2,0.2)",5,0.2,0.2,0.9999,9.8,9.80616042445531,9.80931311408859,0.661478469684016,0.999678602406039,0.661437827766148,FLOAT
"mixed_(5,0.2,0.2)",5,0.2,0.2,0.999912667383762,9.8,9.80537973859741,9.80813296370609,0.661473331471549,0.999719291620651,0.661437827766148,FLOAT
"mixed_(5,0.2,0.2)",5,0.2,0.2,0.99992373014141,9.8,9.80469802147022,9.80710240781377,0.661468841751073,0.999754832136591,0.661437827766148,FLOAT
"mixed_(5,0.2,0.2)",5,0.2,0.2,0.999933391537092,9.8,9.80410271822094,9.80620247288019,0.661464918942829,0.999785874841453,0.661437827766148,FLOAT
"mixed_(5,0.2,0.2)",5,0.2,0.2,0.999941829086706,9.8,9.80358286866687,9.80541659448364,0.661461491661652,0.999812988484569,0.661437827766148,FLOAT
"mixed_(5,0.2,0.2)",5,0.2,0.2,0.999949197819531,9.8,9.80312890427148,9.80473031079569,0.661458497469912,0.9998366700079,0.661437827766148,FLOAT
"mixed_(5,0.2,0.2)",5,0.2,0.2,0.99995563312669,9.8,9.80273247108083,9.80413099521253,0.661455881755194,0.99985735358571,0.661437827766148,FLOAT
"mixed_(5,0.2,0.2)",5,0.2,0.2,0.999961253248795,9.8,9.80238627527424,9.80360762309843,0.66145359676774,0.999875418532529,0.661437827766148,FLOAT
"mixed_(5,0.2,0.2)",5,0.2,0.2,0.999966161448466,9.8,9.80208394842062,9.80315056826264,0.661451600758074,0.999891196219563,0.661437827766148,FLOAT
"mixed_(5,0.2,0.2)",5,0.2,0.2,0.999970447907648,9.8,9.80181992991074,9.80275142535875,0.661449857234594,0.999904976122765,0.661437827766148,FLOAT
"mixed_(5,0.2,0.2)",5,0.2,0.2,0.999974191384596,9.8,9.80158936436426,9.80240285488957,0.661448334292903,0.999917011110708,0.661437827766148,FLOAT
"mixed_(5,0.2,0.2)",5,0.2,0.2,0.999977460660953,9.8,9.80138801209505,9.80209844792784,0.66144700406074,0.999927522067181,0.661437827766148,FLOAT
"mixed_(5,0.2,0.2)",5,0.2,0.2,0.999980315805527,9.8,9.80121217096578,9.80183260803603,0.661445842177924,0.999936701931662,0.661437827766148,FLOAT
"mixed_(5,0.2,0.2)",5,0.2,0.2,0.999982809277981,9.8,9.80105860817795,9.80160044819186,0.661444827351394,0.999944719230622,0.661437827766148,FLOAT
"mixed_(5,0.2,0.2)",5,0.2,0.2,0.999984986892711,9.8,9.80092450072993,9.80139770080674,0.661443940984405,0.999951721163526,0.661437827766148,FLOAT
"mixed_(5,0.2,0.2)",5,0.2,0.2,0.999986888660626,9.8,9.80080738343853,9.80122063917057,0.661443166824172,0.999957836299451,0.661437827766148,FLOAT
"mixed_(5,0.2,0.2)",5,0.2,0.2,0.999988549524301,9.8,9.8007051035611,9.80106600886855,0.661442490678512,0.999963176933293,0.661437827766148,FLOAT
"mixed_(5,0.2,0.2)",5,0.2,0.2,0.99999,9.8,9.80061578117793,9.80093096790179,0.661441900137935,0.999967841144388,0.661437827766148,FLOAT
"mixed_(5,0.2,0.2)",5,0.2,0.2,0.999991266738376,9.8,9.80053777460271,9.80081303440548,0.661441384380536,0.999971914595064,0.661437827766148,FLOAT
"mixed_(5,0.2,0.2)",5,0.2,0.2,0.999992373014141,9.8,9.80046965018155,9.80071004099906,0.661440933933173,0.999975472101868,0.661437827766148,FLOAT
"mixed_(5,0.2,0.2)",5,0.2,0.2,0.999993339153709,9.8,9.8004101559233,9.80062009492642,0.661440540512202,0.999978579008156,0.661437827766148,FLOAT
"mixed_(5,0.2,0.2)",5,0.2,0.2,0.999994182908671,9.8,9.8003581984742,9.80054154325043,0.661440196922486,0.999981292383139,0.661437827766148,FLOAT
"mixed_(5,0.2,0.2)",5,0.2,0.2,0.999994919781953,9.8,9.80031282301257,9.80047294246092,0.661439896857219,0.99998366206924,0.661437827766148,FLOAT
"mixed_(5,0.2,0.2)",5,0.2,0.2,0.999995563312669,9.8,9.80027319569258,9.80041303193551,0.661439634773853,0.999985731596976,0.661437827766148,FLOAT
"mixed_(5,0.2,0.2)",5,0.2,0.2,0.99999612532488,9.8,9.80023858831388,9.80036071076467,0.661439405892892,0.999987538984085,0.661437827766148,FLOAT
"mixed_(5,0.2,0.2)",5,0.2,0.2,0.999996616144847,9.8,9.80020836493461,9.80031501751442,0.661439206006344,0.99998911743351,0.661437827766148,FLOAT
"mixed_(5,0.2,0.2)",5,0.2,0.2,0.999997044790765,9.8,9.80018197018115,9.80027511255385,0.661439031416777,0.99999049594306,0.661437827766148,FLOAT
"mixed_(5,0.2,0.2)",5,0.2,0.2,0.99999741913846,9.8,9.80015891903962,9.80024026262241,0.661438878961963,0.999991699837901,0.661437827766148,FLOAT
"mixed_(5,0.2,0.2)",5,0.2,0.2,0.999997746066095,9.8,9.80013878794118,9.80020982735296,0.661438745804562,0.999992751235633,0.661437827766148,FLOAT
"mixed_(5,0.2,0.2)",5,0.2,0.2,0.999998031580553,9.8,9.80012120697698,9.80018324750259,0.661438629536619,0.999993669452494,0.661437827766148,FLOAT
"mixed_(5,0.2,0.2)",5,0.2,0.2,0.999998280927798,9.8,9.80010585309968,9.80016003467473,0.661438527981577,0.999994471358135,0.661437827766148,FLOAT
"mixed_(5,0.2,0.2)",5,0.2,0.2,0.999998498689271,9.8,9.80009244418645,9.80013976234366,0.661438439240621,0.999995171685471,0.661437827766148,FLOAT
"mixed_(5,0.2,0.2)",5,0.2,0.2,0.999998688866063,9.8,9.80008073385424,9.80012205801613,0.661438361815609,0.999995783301305,0.661437827766148,FLOAT
"mixed_(5,0.2,0.2)",5,0.2,0.2,0.99999885495243,9.8,9.80007050693191,9.80010659638629,0.661438294185697,0.999996317442671,0.661437827766148,FLOAT
"mixed_(5,0.2,0.2)",5,0.2,0.2,0.999999,9.8,9.80006157550618,9.80009309335765,0.661438235099927,0.999996783923258,0.661437827766148,FLOAT
"mixed_(5,0.2,0.2)",5,0.2,0.2,0.999999126673838,9.8,9.80005377546841,9.8000813008226,0.661438183455093,0.99999719131369,0.661437827766148,FLOAT
"mixed_(5,0.2,0.2)",5,0.2,0.2,0.999999237301414,9.8,9.80004696349898,9.80007100210322,0.661438138419503,0.999997547098971,0.661437827766148,FLOAT
"mixed_(5,0.2,0.2)",5,0.2,0.2,0.999999333915371,9.8,9.80004101443366,9.80006200796978,0.661438099030648,0.999997857815991,0.661437827766148,FLOAT
"mixed_(5,0.2,0.2)",5,0.2,0.2,0.999999418290867,9.8,9.80003581896371,9.80005415316357,0.661438064631712,0.999998129173617,0.661437827766148,FLOAT
"mixed_(5,0.2,0.2)",5,0.2,0.2,0.999999491978195,9.8,9.80003128162726,9.80004729336024,0.661438034762424,0.99999836615758,0.661437827766148,FLOAT
"mixed_(5,0.2,0.2)",5,0.2,0.2,0.999999556331267,9.8,9.8000273190552,9.80004130251792,0.661438008400558,0.999998573122062,0.661437827766148,FLOAT
"mixed_(5,0.2,0.2)",5,0.2,0.2,0.999999612532488,9.8,9.80002385843932,9.80003607056116,0.661437985776295,0.999998753869705,0.661437827766148,FLOAT
"mixed_(5,0.2,0.2)",5,0.2,0.2,0.999999661614485,9.8,9.80002083619444,9.80003150135844,0.661437965547853,0.999998911721457,0.661437827766148,FLOAT
"mixed_(5,0.2,0.2)",5,0.2,0.2,0.999999704479076,9.8,9.80001819679005,9.80002751095564,0.661437948058159,0.999999049577608,0.661437827766148,FLOAT
"mixed_(5,0.2,0.2)",5,0.2,0.2,0.999999741913846,9.8,9.80001589173001,9.80002402603363,0.661437932705745,0.999999169971054,0.661437827766148,FLOAT
"mixed_(5,0.2,0.2)",5,0.2,0.2,0.999999774606609,9.8,9.80001387866145,9.80002098256093,0.661437919709642,0.99999927511385,0.661437827766148,FLOAT
"mixed_(5,0.2,0.2)",5,0.2,0.2,0.999999803158055,9.8,9.80001212059652,9.80001832461727,0.661437908119116,0.999999366937841,0.661437827766148,FLOAT
"mixed_(5,0.2,0.2)",5,0.2,0.2,0.99999982809278,9.8,9.8000105852328,9.80001600336605,0.661437897665701,0.999999447130163,0.661437827766148,FLOAT
"mixed_(5,0.2,0.2)",5,0.2,0.2,0.999999849868927,9.8,9.80000924435979,9.80001397615701,0.661437888900544,0.999999517164237,0.661437827766148,FLOAT
"mixed_(5,0.2,0.2)",5,0.2,0.2,0.999999868886606,9.8,9.80000807334053,9.80001220574261,0.661437880997938,0.999999578326843,0.661437827766148,FLOAT
"mixed_(5,0.2,0.2)",5,0.2,0.2,0.999999885495243,9.8,9.80000705065896,9.80001065959363,0.661437874519228,0.99999963174176,0.661437827766148,FLOAT
"mixed_(5,0.2,0.2)",5,0.2,0.2,0.9999999,9.8,9.8000061575245,9.80000930930145,0.661437868235958,0.999999678390413,0.661437827766148,FLOAT
"mixed_(5,0.2,0.2)",5,0.2,0.2,0.999999912667384,9.8,9.80000537752693,9.80000813005609,0.661437863247064,0.99999971912991,0.661437827766148,FLOAT
"mixed_(5,0.2,0.2)",5,0.2,0.2,0.999999923730141,9.8,9.80000469633471,9.80000710019036,0.661437858732276,0.999999754708785,0.661437827766148,FLOAT
"mixed_(5,0.2,0.2)",5,0.2,0.2,0.999999933391537,9.8,9.80000410143178,9.80000620078175,0.661437855104522,0.999999785780751,0.661437827766148,FLOAT
"mixed_(5,0.2,0.2)",5,0.2,0.2,0.999999941829087,9.8,9.80000358188754,9.80000541530475,0.661437851467501,0.999999812916715,0.661437827766148,FLOAT
"mixed_(5,0.2,0.2)",5,0.2,0.2,0.99999994919782,9.8,9.80000312815599,9.80000472932717,0.661437849322075,0.999999836615265,0.661437827766148,FLOAT
"mixed_(5,0.2,0.2)",5,0.2,0.2,0.999999955633127,9.8,9.80000273190038,9.80000413024503,0.661437846590339,0.99999985731183,0.661437827766148,FLOAT
"mixed_(5,0.2,0.2)",5,0.2,0.2,0.999999961253249,9.8,9.80000238584001,9.80000360705097,0.661437843359644,0.999999875386683,0.661437827766148,FLOAT
"mixed_(5,0.2,0.2)",5,0.2,0.2,0.999999966161448,9.8,9.80000208361646,9.80000315013192,0.661437840937186,0.999999891171926,0.661437827766148,FLOAT
"mixed_(5,0.2,0.2)",5,0.2,0.2,0.999999970447908,9.8,9.80000181967672,9.80000275109256,0.661437839969038,0.999999904957594,0.661437827766148,FLOAT
"mixed_(5,0.2,0.2)",5,0.2,0.2,0.999999974191385,9.8,9.80000158917126,9.80000240260108,0.661437838019046,0.999999916996978,0.661437827766148,FLOAT
"mixed_(5,0.2,0.2)",5,0.2,0.2,0.999999977460661,9.8,9.80000138786482,9.80000209825435,0.661437837280426,0.999999927511288,0.661437827766148,FLOAT
"mixed_(5,0.2,0.2)",5,0.2,0.2,0.999999980315806,9.8,9.80000121205865,9.8000018324604,0.661437839309362,0.999999936693711,0.661437827766148,FLOAT
"mixed_(5,0.2,0.2)",5,0.2,0.2,0.999999982809278,9.8,9.80000105852251,9.80000160033559,0.661437836161645,0.99999994471296,0.661437827766148,FLOAT
"mixed_(5,0.2,0.2)",5,0.2,0.2,0.999999984986893,9.8,9.8000009244354,9.80000139761494,0.661437833516535,0.99999995171638,0.661437827766148,FLOAT
"mixed_(5,0.2,0.2)",5,0.2,0.2,0.999999986888661,9.8,9.80000080733361,9.80000122057367,0.66143783505218,0.999999957832652,0.661437827766148,FLOAT
"mixed_(5,0.2,0.2)",5,0.2,0.2,0.999999988549524,9.8,9.80000070506555,9.80000106595891,0.661437834286771,0.999999963174151,0.661437827766148,FLOAT
"mixed_(5,0.2,0.2)",5,0.2,0.2,0.99999999,9.8,9.8000006157522,9.80000093092981,0.661437832898939,0.999999967839022,0.661437827766148,FLOAT
"weak_pair_loops_(1.01,0.99,1.005)",1.01,0.99,1.005,0.666666676666667,9.01483740224194,1.21785865356511e+16,1.67583895990892e+23,7.2671580187591e-08,7.2671580187591e-08,0.866376033658296,FLOAT
"weak_pair_loops_(1.01,0.99,1.005)",1.01,0.99,1.005,0.66666667726311,9.01483740224194,1.08461753779274e+16,1.40848390090339e+23,7.70060301787668e-08,7.70060301787669e-08,0.866376033658296,FLOAT
"weak_pair_loops_(1.01,0.99,1.005)",1.01,0.99,1.005,0.666666677895128,9.01483740224194,9.65953838072505e+15,1.1837813965965e+23,8.15990047528815e-08,8.15990047528816e-08,0.866376033658296,FLOAT
"weak_pair_loops_(1.01,0.99,1.005)",1.01,0.99,1.005,0.666666678564843,9.01483740224194,8.60272638367193e+15,9.94926783778482e+22,8.64659241658057e-08,8.64659241658058e-08,0.866376033658296,FLOAT
"weak_pair_loops_(1.01,0.99,1.005)",1.01,0.99,1.005,0.666666679274502,9.01483740224194,7.66153620109077e+15,8.36201123230689e+22,9.16231273582864e-08,9.16231273582865e-08,0.866376033658296,FLOAT
"weak_pair_loops_(1.01,0.99,1.005)",1.01,0.99,1.005,0.666666680026488,9.01483740224194,6.82331769113456e+15,7.02797710258084e+22,9.70879328651891e-08,9.70879328651892e-08,0.866376033658296,FLOAT
"weak_pair_loops_(1.01,0.99,1.005)",1.01,0.99,1.005,0.666666680823326,9.01483740224194,6.07680545285726e+15,5.90676856955992e+22,1.02878678609039e-07,1.02878678609039e-07,0.866376033658296,FLOAT
"weak_pair_loops_(1.01,0.99,1.005)",1.01,0.99,1.005,0.666666681667691,9.01483740224194,5.41196623269324e+15,4.96443213617998e+22,1.09014809433121e-07,1.09014809433121e-07,0.866376033658296,FLOAT
"weak_pair_loops_(1.01,0.99,1.005)",1.01,0.99,1.005,0.666666682562417,9.01483740224194,4.81986433855865e+15,4.1724311938125e+22,1.15516928013247e-07,1.15516928013247e-07,0.866376033658296,FLOAT
"weak_pair_loops_(1.01,0.99,1.005)",1.01,0.99,1.005,0.666666683510509,9.01483740224194,4.29254199558194e+15,3.50678217599806e+22,1.22406861337495e-07,1.22406861337495e-07,0.866376033658296,FLOAT
"weak_pair_loops_(1.01,0.99,1.005)",1.01,0.99,1.005,0.666666684515149,9.01483740224194,3.8229119546978e+15,2.94732753303892e+22,1.29707740719135e-07,1.29707740719135e-07,0.866376033658296,FLOAT
"weak_pair_loops_(1.01,0.99,1.005)",1.01,0.99,1.005,0.66666668557971,9.01483740224194,3.40466221168726e+15,2.47712548644486e+22,1.37444075010248e-07,1.37444075010249e-07,0.866376033658296,FLOAT
"weak_pair_loops_(1.01,0.99,1.005)",1.01,0.99,1.005,0.666666686707767,9.01483740224194,3.03217159882439e+15,2.08193723413475e+22,1.4564183535939e-07,1.45641835359391e-07,0.866376033658296,FLOAT
"weak_pair_loops_(1.01,0.99,1.005)",1.01,0.99,1.005,0.666666687903105,9.01483740224194,2.70043367794498e+15,1.74979527890824e+22,1.54328549773541e-07,1.54328549773541e-07,0.866376033658296,FLOAT
"weak_pair_loops_(1.01,0.99,1.005)",1.01,0.99,1.005,0.666666689169739,9.01483740224194,2.40498988858335e+15,1.47064162222168e+22,1.6353337565342e-07,1.63533375653421e-07,0.866376033658296,FLOAT
"weak_pair_loops_(1.01,0.99,1.005)",1.01,0.99,1.005,0.66666669051192,9.01483740224194,2.14186945476268e+15,1.23602275543195e+22,1.73287218649479e-07,1.7328721864948e-07,0.866376033658296,FLOAT
"weak_pair_loops_(1.01,0.99,1.005)",1.01,0.99,1.005,0.666666691934155,9.01483740224194,1.90753598192234e+15,1.03883382605556e+22,1.83622821482935e-07,1.83622821482936e-07,0.866376033658296,FLOAT
"weak_pair_loops_(1.01,0.99,1.005)",1.01,0.99,1.005,0.666666693441218,9.01483740224194,1.69883999008449e+15,8.73103430193389e+21,1.94574884410682e-07,1.94574884410683e-07,0.866376033658296,FLOAT
"weak_pair_loops_(1.01,0.99,1.005)",1.01,0.99,1.005,0.666666695038169,9.01483740224194,1.51297662174055e+15,7.33812836991491e+21,2.06180179123533e-07,2.06180179123535e-07,0.866376033658296,FLOAT
"weak_pair_loops_(1.01,0.99,1.005)",1.01,0.99,1.005,0.666666696730369,9.01483740224194,1.34744782622759e+15,6.16743982443069e+21,2.18477660842352e-07,2.18477660842353e-07,0.866376033658296,FLOAT
"weak_pair_loops_(1.01,0.99,1.005)",1.01,0.99,1.005,0.666666698523499,9.01483740224194,1.20002888164475e+15,5.18351711785901e+21,2.3150861748102e-07,2.31508617481022e-07,0.866376033658296,FLOAT
"weak_pair_loops_(1.01,0.99,1.005)",1.01,0.99,1.005,0.666666700423579,9.01483740224194,1.06873845667174e+15,4.35656449843736e+21,2.45316798834283e-07,2.45316798834285e-07,0.866376033658296,FLOAT
"weak_pair_loops_(1.01,0.99,1.005)",1.01,0.99,1.005,0.666666702436989,9.01483740224194,951811998210517,3.66153977783871e+21,2.59948561523571e-07,2.59948561523574e-07,0.866376033658296,FLOAT
"weak_pair_loops_(1.01,0.99,1.005)",1.01,0.99,1.005,0.666666704570486,9.01483740224194,847678012666177,3.07739593133093e+21,2.75453023134258e-07,2.75453023134261e-07,0.866376033658296,FLOAT
"weak_pair_loops_(1.01,0.99,1.005)",1.01,0.99,1.005,0.666666706831235,9.01483740224194,754936906687849,2.58644344791051e+21,2.91882239798332e-07,2.91882239798336e-07,0.866376033658296,FLOAT
"weak_pair_loops_(1.01,0.99,1.005)",1.01,0.99,1.005,0.666666709226825,9.01483740224194,672342237088679,2.17381509141027e+21,3.09291365096046e-07,3.09291365096051e-07,0.866376033658296,FLOAT
"weak_pair_loops_(1.01,0.99,1.005)",1.01,0.99,1.005,0.666666711765299,9.01483740224194,598783930148890,1.82701542759712e+21,3.27738847250129e-07,3.27738847250134e-07,0.866376033658296,FLOAT
"weak_pair_loops_(1.01,0.99,1.005)",1.01,0.99,1.005,0.666666714455177,9.01483740224194,533273346250980,1.53554246813106e+21,3.4728661519862e-07,3.47286615198626e-07,0.866376033658296,FLOAT
"weak_pair_loops_(1.01,0.99,1.005)",1.01,0.99,1.005,0.666666717305492,9.01483740224194,474930014579416,1.29056964542724e+21,3.68000298366062e-07,3.68000298366069e-07,0.866376033658296,FLOAT
"weak_pair_loops_(1.01,0.99,1.005)",1.01,0.99,1.005,0.666666720325813,9.01483740224194,422969794702594,1.08467856483307e+21,3.8994943609647e-07,3.89949436096478e-07,0.866376033658296,FLOAT
"weak_pair_loops_(1.01,0.99,1.005)",1.01,0.99,1.005,0.666666723526278,9.01483740224194,376694341622573,9.1163433827364e+20,4.13207714768521e-07,4.13207714768531e-07,0.866376033658296,FLOAT
"weak_pair_loops_(1.01,0.99,1.005)",1.01,0.99,1.005,0.666666726917633,9.01483740224194,335481699472269,7.66196718705311e+20,4.37853218738843e-07,4.37853218738855e-07,0.866376033658296,FLOAT
"weak_pair_loops_(1.01,0.99,1.005)",1.01,0.99,1.005,0.666666730511263,9.01483740224194,298777972164864,6.43961505106709e+20,4.63968684145717e-07,4.63968684145731e-07,0.866376033658296,FLOAT
"weak_pair_loops_(1.01,0.99,1.005)",1.01,0.99,1.005,0.666666734319233,9.01483740224194,266089852770904,5.41227083912803e+20,4.91641790812088e-07,4.91641790812104e-07,0.866376033658296,FLOAT
"weak_pair_loops_(1.01,0.99,1.005)",1.01,0.99,1.005,0.666666738354327,9.01483740224194,236978013156107,4.54882405925118e+20,5.20965440890473e-07,5.20965440890492e-07,0.866376033658296,FLOAT
"weak_pair_loops_(1.01,0.99,1.005)",1.01,0.99,1.005,0.666666742630091,9.01483740224194,211051183776898,3.82312724739731e+20,5.52038083274803e-07,5.52038083274827e-07,0.866376033658296,FLOAT
"weak_pair_loops_(1.01,0.99,1.005)",1.01,0.99,1.005,0.66666674716088,9.01483740224194,187960906637737,3.21320452413182e+20,5.8496402960379e-07,5.84964029603818e-07,0.866376033658296,FLOAT
"weak_pair_loops_(1.01,0.99,1.005)",1.01,0.99,1.005,0.666666751961906,9.01483740224194,167396845290759,2.70058583333979e+20,6.19853822915642e-07,6.19853822915675e-07,0.866376033658296,FLOAT
"weak_pair_loops_(1.01,0.99,1.005)",1.01,0.99,1.005,0.666666757049286,9.01483740224194,149082617375521,2.26974780155149e+20,6.56824592025626e-07,6.56824592025665e-07,0.866376033658296,FLOAT
"weak_pair_loops_(1.01,0.99,1.005)",1.01,0.99,1.005,0.666666762440099,9.01483740224194,132772076921064,1.90764353266253e+20,6.96000456310323e-07,6.9600045631037e-07,0.866376033658296,FLOAT
"weak_pair_loops_(1.01,0.99,1.005)",1.01,0.99,1.005,0.666666768152444,9.01483740224194,118246007576128,1.60330755612899e+20,7.37512943939534e-07,7.3751294393959e-07,0.866376033658296,FLOAT
"weak_pair_loops_(1.01,0.99,1.005)",1.01,0.99,1.005,0.666666774205498,9.01483740224194,105309178515069,1.34752384684876e+20,7.81501409131491e-07,7.81501409131558e-07,0.866376033658296,FLOAT
"weak_pair_loops_(1.01,0.99,1.005)",1.01,0.99,1.005,0.666666780619582,9.01483740224194,93787716792547.7,1.13254659117081e+20,8.28113540967727e-07,8.28113540967807e-07,0.866376033658296,FLOAT
"weak_pair_loops_(1.01,0.99,1.005)",1.01,0.99,1.005,0.66666678741623,9.01483740224194,83526772725168.1,9.51865744736309e+19,8.77505816204134e-07,8.77505816204229e-07,0.866376033658296,FLOAT
"weak_pair_loops_(1.01,0.99,1.005)",1.01,0.99,1.005,0.66666679461826,9.01483740224194,74388438000415.3,8.00009818314262e+19,9.29844063128546e-07,9.29844063128658e-07,0.866376033658296,FLOAT
"weak_pair_loops_(1.01,0.99,1.005)",1.01,0.99,1.005,0.666666802249851,9.01483740224194,66249892390439.9,6.72380232157454e+19,9.85303987564537e-07,9.85303987564671e-07,0.866376033658296,FLOAT
"weak_pair_loops_(1.01,0.99,1.005)",1.01,0.99,1.005,0.666666810336623,9.01483740224194,59001752985412.8,5.65112037265936e+19,1.04407177859562e-06,1.04407177859578e-06,0.866376033658296,FLOAT
"weak_pair_loops_(1.01,0.99,1.005)",1.01,0.99,1.005,0.666666818905725,9.01483740224194,52546603948468.4,4.74956876598252e+19,1.10634473438536e-06,1.10634473438555e-06,0.866376033658296,FLOAT
"weak_pair_loops_(1.01,0.99,1.005)",1.01,0.99,1.005,0.666666827985925,9.01483740224194,46797687159852.5,3.99184621426282e+19,1.17233191480764e-06,1.17233191480786e-06,0.866376033658296,FLOAT
"weak_pair_loops_(1.01,0.99,1.005)",1.01,0.99,1.005,0.666666837607709,9.01483740224194,41677736766227.6,3.35500695891346e+19,1.24225485301873e-06,1.242254853019e-06,0.866376033658296,FLOAT
"weak_pair_loops_(1.01,0.99,1.005)",1.01,0.99,1.005,0.666666847803377,9.01483740224194,37117939886643.4,2.81976586143474e+19,1.31634829665425e-06,1.31634829665457e-06,0.866376033658296,FLOAT
"weak_pair_loops_(1.01,0.99,1.005)",1.01,0.99,1.005,0.66666685860716,9.01483740224194,33057012388481,2.36991446468201e+19,1.39486099102346e-06,1.39486099102384e-06,0.866376033658296,FLOAT
"weak_pair_loops_(1.01,0.99,1.005)",1.01,0.99,1.005,0.666666870055327,9.01483740224194,29440374988708.4,1.99183012915922e+19,1.4780565148458e-06,1.47805651484625e-06,0.866376033658296,FLOAT
"weak_pair_loops_(1.01,0.99,1.005)",1.01,0.99,1.005,0.666666882186313,9.01483740224194,26219419569556.6,1.67406348447871e+19,1.56621417363465e-06,1.56621417363519e-06,0.866376033658296,FLOAT
"weak_pair_loops_(1.01,0.99,1.005)",1.01,0.99,1.005,0.666666895040844,9.01483740224194,23350856192785.4,1.40699174527284e+19,1.65962993537309e-06,1.65962993537373e-06,0.866376033658296,FLOAT
"weak_pair_loops_(1.01,0.99,1.005)",1.01,0.99,1.005,0.666666908662074,9.01483740224194,20796131001974.6,1.18252730389243e+19,1.75861740642373e-06,1.75861740642449e-06,0.866376033658296,FLOAT
"weak_pair_loops_(1.01,0.99,1.005)",1.01,0.99,1.005,0.666666923095735,9.01483740224194,18520908233026.4,9.93872801124627e+18,1.86350891301782e-06,1.86350891301873e-06,0.866376033658296,FLOAT
"weak_pair_loops_(1.01,0.99,1.005)",1.01,0.99,1.005,0.666666938390282,9.01483740224194,16494608610768.8,8.35315298333425e+18,1.97465659298577e-06,1.97465659298685e-06,0.866376033658296,FLOAT
"weak_pair_loops_(1.01,0.99,1.005)",1.01,0.99,1.005,0.666666954597062,9.01483740224194,14689998419600.9,7.02053267933218e+18,2.09243359308588e-06,2.09243359308716e-06,0.866376033658296,FLOAT
"weak_pair_loops_(1.01,0.99,1.005)",1.01,0.99,1.005,0.666666971770485,9.01483740224194,13082823534669.9,5.90051199738083e+18,2.21723530779503e-06,2.21723530779656e-06,0.866376033658296,FLOAT
"weak_pair_loops_(1.01,0.99,1.005)",1.01,0.99,1.005,0.666666989968206,9.01483740224194,11651483301173,4.95917381497337e+18,2.3494807272099e-06,2.34948072721172e-06,0.866376033658296,FLOAT
"weak_pair_loops_(1.01,0.99,1.005)",1.01,0.99,1.005,0.666667009251318,9.01483740224194,10376740365311.7,4.16801203518232e+18,2.48961382014069e-06,2.48961382014286e-06,0.866376033658296,FLOAT
"weak_pair_loops_(1.01,0.99,1.005)",1.01,0.99,1.005,0.666667029684559,9.01483740224194,9241462025186.01,3.50306826185497e+18,2.63810503660679e-06,2.63810503660936e-06,0.866376033658296,FLOAT
"weak_pair_loops_(1.01,0.99,1.005)",1.01,0.99,1.005,0.666667051336528,9.01483740224194,8230390015013.92,2.94420629519717e+18,2.79545289622911e-06,2.79545289623217e-06,0.866376033658296,FLOAT
"weak_pair_loops_(1.01,0.99,1.005)",1.01,0.99,1.005,0.666667074279914,9.01483740224194,7329935408252.93,2.47450238052281e+18,2.96218563616627e-06,2.96218563616992e-06,0.866376033658296,FLOAT
"weak_pair_loops_(1.01,0.99,1.005)",1.01,0.99,1.005,0.666667098591744,9.01483740224194,6527995990125.98,2.07973267916484e+18,3.13886301615379e-06,3.13886301615813e-06,0.866376033658296,FLOAT
"weak_pair_loops_(1.01,0.99,1.005)",1.01,0.99,1.005,0.666667124353638,9.01483740224194,5813793602086.99,1.74794256384266e+18,3.32607816889417e-06,3.32607816889932e-06,0.866376033658296,FLOAT
"weak_pair_loops_(1.01,0.99,1.005)",1.01,0.99,1.005,0.666667151652083,9.01483740224194,5177729287036.87,1.46908458518541e+18,3.52445961195242e-06,3.52445961195855e-06,0.866376033658296,FLOAT
"weak_pair_loops_(1.01,0.99,1.005)",1.01,0.99,1.005,0.666667180578726,9.01483740224194,4611254260234.88,1.23471421322292e+18,3.73467334452183e-06,3.73467334452913e-06,0.866376033658296,FLOAT
"weak_pair_loops_(1.01,0.99,1.005)",1.01,0.99,1.005,0.66666721123068,9.01483740224194,4106755035324.65,1.03773411721019e+18,3.95742509300563e-06,3.95742509301431e-06,0.866376033658296,FLOAT
"weak_pair_loops_(1.01,0.99,1.005)",1.01,0.99,1.005,0.66666724371085,9.01483740224194,3657451084609.15,8.72179239811659e+17,4.19346267103301e-06,4.19346267104334e-06,0.866376033658296,FLOAT
"weak_pair_loops_(1.01,0.99,1.005)",1.01,0.99,1.005,0.666667278128279,9.01483740224194,3257303708121.97,7.33036157240455e+17,4.44357850010456e-06,4.44357850011686e-06,0.866376033658296,FLOAT
"weak_pair_loops_(1.01,0.99,1.005)",1.01,0.99,1.005,0.666667314598514,9.01483740224194,2900934882947.52,6.16091265581023e+17,4.70861225439171e-06,4.70861225440634e-06,0.866376033658296,FLOAT
"weak_pair_loops_(1.01,0.99,1.005)",1.01,0.99,1.005,0.666667353243992,9.01483740224194,2583554967249.64,5.17803174844984e+17,4.98945370123324e-06,4.98945370125065e-06,0.866376033658296,FLOAT
"weak_pair_loops_(1.01,0.99,1.005)",1.01,0.99,1.005,0.666667394194455,9.01483740224194,2300898340154.2,4.35195472641712e+17,5.2870456720938e-06,5.28704567211452e-06,0.866376033658296,FLOAT
"weak_pair_loops_(1.01,0.99,1.005)",1.01,0.99,1.005,0.666667437587381,9.01483740224194,2049166062476.05,3.65766588528084e+17,5.60238722381199e-06,5.60238722383664e-06,0.866376033658296,FLOAT
"weak_pair_loops_(1.01,0.99,1.005)",1.01,0.99,1.005,0.666667483568452,9.01483740224194,1824974823740.91,3.07414039573192e+17,5.93653701134031e-06,5.93653701136964e-06,0.866376033658296,FLOAT
"weak_pair_loops_(1.01,0.99,1.005)",1.01,0.99,1.005,0.666667532292033,9.01483740224194,1625311466452.47,2.58370762469239e+17,6.2906168287403e-06,6.29061682877519e-06,0.866376033658296,FLOAT
"weak_pair_loops_(1.01,0.99,1.005)",1.01,0.99,1.005,0.666667583921701,9.01483740224194,1447492492236.97,2.17151602844161e+17,6.66581537170023e-06,6.66581537174175e-06,0.866376033658296,FLOAT
"weak_pair_loops_(1.01,0.99,1.005)",1.01,0.99,1.005,0.666667638630787,9.01483740224194,1289127993088.29,1.8250834021141e+17,7.06339223503982e-06,7.06339223508921e-06,0.866376033658296,FLOAT
"weak_pair_loops_(1.01,0.99,1.005)",1.01,0.99,1.005,0.666667696602962,9.01483740224194,1148089532275.14,1.53391888979859e+17,7.48468214259278e-06,7.48468214265155e-06,0.866376033658296,FLOAT
"weak_pair_loops_(1.01,0.99,1.005)",1.01,0.99,1.005,0.66666775803285,9.01483740224194,1022481535315.09,1.28920529305205e+17,7.93109942083362e-06,7.93109942090355e-06,0.866376033658296,FLOAT
"weak_pair_loops_(1.01,0.99,1.005)",1.01,0.99,1.005,0.666667823126684,9.01483740224194,910615816301.799,1.08353206608405e+17,8.40414275494223e-06,8.40414275502543e-06,0.866376033658296,FLOAT
"weak_pair_loops_(1.01,0.99,1.005)",1.01,0.99,1.005,0.666667892102997,9.01483740224194,810988886779.958,9.10670905053677e+16,8.90540020846654e-06,8.90540020856553e-06,0.866376033658296,FLOAT
"weak_pair_loops_(1.01,0.99,1.005)",1.01,0.99,1.005,0.666667965193359,9.01483740224194,722261748805.5,7.65387137479135e+16,9.43655456734369e-06,9.43655456746147e-06,0.866376033658296,FLOAT
"weak_pair_loops_(1.01,0.99,1.005)",1.01,0.99,1.005,0.666668042643148,9.01483740224194,643241899207.057,6.43281205286688e+16,9.99938897501866e-06,9.99938897515879e-06,0.866376033658296,FLOAT
"weak_pair_loops_(1.01,0.99,1.005)",1.01,0.99,1.005,0.66666812471238,9.01483740224194,572867301651.408,5.4065543290878e+16,1.05957929352584e-05,1.05957929354251e-05,0.866376033658296,FLOAT
"weak_pair_loops_(1.01,0.99,1.005)",1.01,0.99,1.005,0.666668211676578,9.01483740224194,510192113223.586,4.54402054147138e+16,1.1227768637009e-05,1.12277686372074e-05,0.866376033658296,FLOAT
"weak_pair_loops_(1.01,0.99,1.005)",1.01,0.99,1.005,0.666668303827701,9.01483740224194,454373971747.372,3.81909099820603e+16,1.18974376874443e-05,1.18974376876803e-05,0.866376033658296,FLOAT
"weak_pair_loops_(1.01,0.99,1.005)",1.01,0.99,1.005,0.666668401475117,9.01483740224194,404662674762.321,3.20981301489299e+16,1.26070482260412e-05,1.26070482263221e-05,0.866376033658296,FLOAT
"weak_pair_loops_(1.01,0.99,1.005)",1.01,0.99,1.005,0.666668504946651,9.01483740224194,360390096451.356,2.69773612605556e+16,1.33589824802205e-05,1.33589824805546e-05,0.866376033658296,FLOAT
"weak_pair_loops_(1.01,0.99,1.005)",1.01,0.99,1.005,0.666668614589678,9.01483740224194,320961207888.015,2.26735336124764e+16,1.41557647504219e-05,1.41557647508195e-05,0.866376033658296,FLOAT
"weak_pair_loops_(1.01,0.99,1.005)",1.01,0.99,1.005,0.666668730772293,9.01483740224194,285846080084.81,1.90563165431372e+16,1.50000698943436e-05,1.50000698948167e-05,0.866376033658296,FLOAT
"weak_pair_loops_(1.01,0.99,1.005)",1.01,0.99,1.005,0.666668853884545,9.01483740224194,254572761370.053,1.6016171687373e+16,1.58947322949679e-05,1.58947322955307e-05,0.866376033658296,FLOAT
"weak_pair_loops_(1.01,0.99,1.005)",1.01,0.99,1.005,0.666668984339748,9.01483740224194,226720934455.322,1.34610358721587e+16,1.68427553866959e-05,1.68427553873656e-05,0.866376033658296,FLOAT
"weak_pair_loops_(1.01,0.99,1.005)",1.01,0.99,1.005,0.666669122575868,9.01483740224194,201916267436.141,1.13135332321346e+16,1.7847321723828e-05,1.78473217246248e-05,0.866376033658296,FLOAT
"weak_pair_loops_(1.01,0.99,1.005)",1.01,0.99,1.005,0.666669269056992,9.01483740224194,179825382432.026,9.50863204498637e+15,1.89118036718886e-05,1.89118036728367e-05,0.866376033658296,FLOAT
"weak_pair_loops_(1.01,0.99,1.005)",1.01,0.99,1.005,0.666669424274889,9.01483740224194,160151375252.903,7.99167542860894e+15,2.00397747224032e-05,2.00397747235312e-05,0.866376033658296,FLOAT
"weak_pair_loops_(1.01,0.99,1.005)",1.01,0.99,1.005,0.666669588750657,9.01483740224194,142629824731.854,6.71672617695618e+15,2.12350214918953e-05,2.12350214932374e-05,0.866376033658296,FLOAT
"weak_pair_loops_(1.01,0.99,1.005)",1.01,0.99,1.005,0.666669763036477,9.01483740224194,127025239026.114,5.64517567692754e+15,2.25015564238798e-05,2.25015564254767e-05,0.866376033658296,FLOAT
"weak_pair_loops_(1.01,0.99,1.005)",1.01,0.99,1.005,0.666669947717462,9.01483740224194,113127890530.697,4.74457473644981e+15,2.38436312642705e-05,2.38436312661704e-05,0.866376033658296,FLOAT
"weak_pair_loops_(1.01,0.99,1.005)",1.01,0.99,1.005,0.666670143413626,9.01483740224194,100750997087.003,3.98765094106079e+15,2.52657513325844e-05,2.5265751334845e-05,0.866376033658296,FLOAT
"weak_pair_loops_(1.01,0.99,1.005)",1.01,0.99,1.005,0.666670350781961,9.01483740224194,89728211663.4316,3.3514827818368e+15,2.67726906253837e-05,2.67726906280734e-05,0.866376033658296,FLOAT
"weak_pair_loops_(1.01,0.99,1.005)",1.01,0.99,1.005,0.666670570518648,9.01483740224194,79911386596.3286,2.8168055286116e+15,2.8369507861163e-05,2.83695078643632e-05,0.866376033658296,FLOAT
"weak_pair_loops_(1.01,0.99,1.005)",1.01,0.99,1.005,0.666670803361388,9.01483740224194,71168582473.1162,2.367427847923e+15,3.00615634501974e-05,3.00615634540051e-05,0.866376033658296,FLOAT
"weak_pair_loops_(1.01,0.99,1.005)",1.01,0.99,1.005,0.666671050091883,9.01483740224194,63382294851.9384,1.98974148923308e+15,3.18545374793153e-05,3.18545374838458e-05,0.866376033658296,FLOAT
"weak_pair_loops_(1.01,0.99,1.005)",1.01,0.99,1.005,0.66667131153846,9.01483740224194,56447874996.4242,1.67230919270723e+15,3.37544487787145e-05,3.3754448784105e-05,0.866376033658296,FLOAT
"weak_pair_loops_(1.01,0.99,1.005)",1.01,0.99,1.005,0.666671588578849,9.01483740224194,50272123374.8764,1.4055183400021e+15,3.57676751238883e-05,3.5767675130302e-05,0.866376033658296,FLOAT
"weak_pair_loops_(1.01,0.99,1.005)",1.01,0.99,1.005,0.666671882143135,9.01483740224194,44772037048.5919,1.18128986058817e+15,3.79009746323269e-05,3.7900974639958e-05,0.866376033658296,FLOAT
"weak_pair_loops_(1.01,0.99,1.005)",1.01,0.99,1.005,0.666672193216873,9.01483740224194,39873694110.9965,992833577353834,4.01615084456108e-05,4.01615084546904e-05,0.866376033658296,FLOAT
"weak_pair_loops_(1.01,0.99,1.005)",1.01,0.99,1.005,0.666672522844405,9.01483740224194,35511260154.4706,834442582757362,4.25568647612775e-05,4.25568647720804e-05,0.866376033658296,FLOAT
"weak_pair_loops_(1.01,0.99,1.005)",1.01,0.99,1.005,0.666672872132358,9.01483740224194,31626103459.7455,701320419782345,4.50950842990515e-05,4.5095084311905e-05,0.866376033658296,FLOAT
"weak_pair_loops_(1.01,0.99,1.005)",1.01,0.99,1.005,0.666673242253367,9.01483740224194,28166006973.3603,589435833407125,4.77846872687355e-05,4.77846872840288e-05,0.866376033658296,FLOAT
"weak_pair_loops_(1.01,0.99,1.005)",1.01,0.99,1.005,0.666673634450005,9.01483740224194,25084466506.2102,495400693943429,5.06347019773458e-05,5.0634701995542e-05,0.866376033658296,FLOAT
"weak_pair_loops_(1.01,0.99,1.005)",1.01,0.99,1.005,0.66667405003896,9.01483740224194,22340065708.148,416367396250526,5.36546951089603e-05,5.36546951306103e-05,0.866376033658296,FLOAT
"weak_pair_loops_(1.01,0.99,1.005)",1.01,0.99,1.005,0.66667449041545,9.01483740224194,19895919433.7043,349942627290466,5.6854803825244e-05,5.68548038510034e-05,0.866376033658296,FLOAT
"weak_pair_loops_(1.01,0.99,1.005)",1.01,0.99,1.005,0.666674957057912,9.01483740224194,17719177994.4317,294114890562275,6.02457697790911e-05,6.024576980974e-05,0.866376033658296,FLOAT
"weak_pair_loops_(1.01,0.99,1.005)",1.01,0.99,1.005,0.666675451532965,9.01483740224194,15780585657.2267,247193593074090,6.38389751609887e-05,6.38389751974551e-05,0.866376033658296,FLOAT
"weak_pair_loops_(1.01,0.99,1.005)",1.01,0.99,1.005,0.666675975500663,9.01483740224194,14054087447.852,207757850226688,6.76464808598237e-05,6.76464809032119e-05,0.866376033658296,FLOAT
"weak_pair_loops_(1.01,0.99,1.005)",1.01,0.99,1.005,0.666676530720078,9.01483740224194,12516478962.3338,174613457717386,7.16810669517675e-05,7.16810670033912e-05,0.866376033658296,FLOAT
"weak_pair_loops_(1.01,0.99,1.005)",1.01,0.99,1.005,0.666677119055197,9.01483740224194,11147094501.2747,146756728273529,7.59562755547693e-05,7.59562756161917e-05,0.866376033658296,FLOAT
"weak_pair_loops_(1.01,0.99,1.005)",1.01,0.99,1.005,0.666677742481186,9.01483740224194,9927529318.72631,123344097515783,8.04864562606403e-05,8.04864563337213e-05,0.866376033658296,FLOAT
"weak_pair_loops_(1.01,0.99,1.005)",1.01,0.99,1.005,0.666678403091018,9.01483740224194,8841392260.57139,103666578799866,8.52868142646642e-05,8.52868143516167e-05,0.866376033658296,FLOAT
"weak_pair_loops_(1.01,0.99,1.005)",1.01,0.99,1.005,0.666679103102497,9.01483740224194,7874085464.85509,87128293385969.8,9.03734613618523e-05,9.03734614653091e-05,0.866376033658296,FLOAT
"weak_pair_loops_(1.01,0.99,1.005)",1.01,0.99,1.005,0.666679844865711,9.01483740224194,7012608165.66477,73228425802172,9.57634699890381e-05,9.5763470112132e-05,0.866376033658296,FLOAT
"weak_pair_loops_(1.01,0.99,1.005)",1.01,0.99,1.005,0.666680630870915,9.01483740224194,6245381959.60408,61546057937468,0.000101474930481097,0.000101474930627555,0.866376033658296,FLOAT
"weak_pair_loops_(1.01,0.99,1.005)",1.01,0.99,1.005,0.666681463756893,9.01483740224194,5562095192.21029,51727422663480.1,0.000107527011724156,0.000107527011898413,0.866376033658296,FLOAT
"weak_pair_loops_(1.01,0.99,1.005)",1.01,0.99,1.005,0.666682346319819,9.01483740224194,4953564367.14479,43475190904721.4,0.000113940025450079,0.000113940025657411,0.866376033658296,FLOAT
"weak_pair_loops_(1.01,0.99,1.005)",1.01,0.99,1.005,0.666683281522644,9.01483740224194,4411610718.59559,36539467818976.1,0.000120735494327335,0.000120735494574021,0.866376033658296,FLOAT
"weak_pair_loops_(1.01,0.99,1.005)",1.01,0.99,1.005,0.666684272505039,9.01483740224194,3928950288.25136,30710225394962.4,0.000127936224130812,0.00012793622442432,0.866376033658296,FLOAT
"weak_pair_loops_(1.01,0.99,1.005)",1.01,0.99,1.005,0.666685322593942,9.01483740224194,3499096027.39536,25810942310987.8,0.000135566380189543,0.00013556638053876,0.866376033658296,FLOAT
"weak_pair_loops_(1.01,0.99,1.005)",1.01,0.99,1.005,0.666686435314721,9.01483740224194,3116270610.62299,21693258460816.9,0.000143651568400301,0.000143651568815801,0.866376033658296,FLOAT
"weak_pair_loops_(1.01,0.99,1.005)",1.01,0.99,1.005,0.666687614403016,9.01483740224194,2775328787.18445,18232482263320.9,0.000152218921049178,0.000152218921543541,0.866376033658296,FLOAT
"weak_pair_loops_(1.01,0.99,1.005)",1.01,0.99,1.005,0.666688863817274,9.01483740224194,2471688228.73431,15323814718587.8,0.000161297187750696,0.00016129718833889,0.866376033658296,FLOAT
"weak_pair_loops_(1.01,0.99,1.005)",1.01,0.99,1.005,0.666690187752041,9.01483740224194,2201267941.81582,12879175852359.4,0.000170916831793959,0.000170916832493794,0.866376033658296,FLOAT
"weak_pair_loops_(1.01,0.99,1.005)",1.01,0.99,1.005,0.666691590652045,9.01483740224194,1960433418.90192,10824537455656.9,0.000181110132226869,0.000181110133059534,0.866376033658296,FLOAT
"weak_pair_loops_(1.01,0.99,1.005)",1.01,0.99,1.005,0.666693077227118,9.01483740224194,1745947790.04604,9097681344750.86,0.000191911291995329,0.000191911292986032,0.866376033658296,FLOAT
"weak_pair_loops_(1.01,0.99,1.005)",1.01,0.99,1.005,0.666694652468004,9.01483740224194,1554928318.95488,7646315255540.27,0.00020335655253231,0.000203356553711048,0.866376033658296,FLOAT
"weak_pair_loops_(1.01,0.99,1.005)",1.01,0.99,1.005,0.66669632166312,9.01483740224194,1384807658.56118,6426489317838.5,0.00021548431516168,0.00021548431656414,0.866376033658296,FLOAT
"weak_pair_loops_(1.01,0.99,1.005)",1.01,0.99,1.005,0.666698090416304,9.01483740224194,1233299345.50763,5401265157743.46,0.000228335269696349,0.000228335271364991,0.866376033658296,FLOAT
"weak_pair_loops_(1.01,0.99,1.005)",1.01,0.99,1.005,0.666699964665634,9.01483740224194,1098367069.77604,4539597323151.25,0.000241952530714979,0.000241952532700321,0.866376033658296,FLOAT
"weak_pair_loops_(1.01,0.99,1.005)",1.01,0.99,1.005,0.66670195070336,9.01483740224194,978197306.331389,3815393160985.87,0.000256381781914738,0.000256381784276887,0.866376033658296,FLOAT
"weak_pair_loops_(1.01,0.99,1.005)",1.01,0.99,1.005,0.666704055197027,9.01483740224194,871174941.112786,3206722676673.2,0.000271671429038009,0.000271671431848476,0.866376033658296,FLOAT
"weak_pair_loops_(1.01,0.99,1.005)",1.01,0.99,1.005,0.666706285211866,9.01483740224194,775861563.652434,2695154447831.54,0.000287872761898463,0.000287872765242332,0.866376033658296,FLOAT
"weak_pair_loops_(1.01,0.99,1.005)",1.01,0.99,1.005,0.666708648234505,9.01483740224194,690976134.578794,2265197482533.84,0.000305040126035184,0.000305040130013684,0.866376033658296,FLOAT
"weak_pair_loops_(1.01,0.99,1.005)",1.01,0.99,1.005,0.666711152198109,9.01483740224194,615377768.284102,1903832120860.26,0.000323231104533583,0.000323231109267154,0.866376033658296,FLOAT
"weak_pair_loops_(1.01,0.99,1.005)",1.01,0.99,1.005,0.666713805509012,9.01483740224194,548050399.238909,1600115773459.18,0.000342506710650297,0.000342506716282233,0.866376033658296,FLOAT
"weak_pair_loops_(1.01,0.99,1.005)",1.01,0.99,1.005,0.666716617074936,9.01483740224194,488089125.88138,1344851558199.26,0.000362931591887627,0.000362931598588415,0.866376033658296,FLOAT
"weak_pair_loops_(1.01,0.99,1.005)",1.01,0.99,1.005,0.6667195963349,9.01483740224194,434688048.599512,1130309800865.23,0.000384574246153929,0.000384574254126407,0.866376033658296,FLOAT
"weak_pair_loops_(1.01,0.99,1.005)",1.01,0.99,1.005,0.666722753290909,9.01483740224194,387129438.320469,949993966019.475,0.000407507250736969,0.000407507260222465,0.866376033658296,FLOAT
"weak_pair_loops_(1.01,0.99,1.005)",1.01,0.99,1.005,0.666726098541527,9.01483740224194,344774090.090192,798443929735.341,0.000431807504872044,0.000431807516157677,0.866376033658296,FLOAT
"weak_pair_loops_(1.01,0.99,1.005)",1.01,0.99,1.005,0.666729643317467,9.01483740224194,307052732.051952,671070637123.473,0.000457556486687322,0.00045755650011469,0.866376033658296,FLOAT
"weak_pair_loops_(1.01,0.99,1.005)",1.01,0.99,1.005,0.666733399519287,9.01483740224194,273458374.331122,564017137654.816,0.000484840525338814,0.000484840541314333,0.866376033658296,FLOAT
"weak_pair_loops_(1.01,0.99,1.005)",1.01,0.99,1.005,0.666737379757347,9.01483740224194,243539495.002303,474041790011.782,0.000513751089299625,0.000513751108306823,0.866376033658296,FLOAT
"weak_pair_loops_(1.01,0.99,1.005)",1.01,0.99,1.005,0.666741597394146,9.01483740224194,216893971.543587,398420099754.475,0.000544385091684173,0.000544385114298318,0.866376033658296,FLOAT
"weak_pair_loops_(1.01,0.99,1.005)",1.01,0.99,1.005,0.666746066589179,9.01483740224194,193163676.235662,334862217199.098,0.000576845213657462,0.000576845240562968,0.866376033658296,FLOAT
"weak_pair_loops_(1.01,0.99,1.005)",1.01,0.99,1.005,0.666750802346474,9.01483740224194,172029662.85561,281443597185.031,0.000611240246951452,0.00061124027896258,0.866376033658296,FLOAT
"weak_pair_loops_(1.01,0.99,1.005)",1.01,0.99,1.005,0.666755820564966,9.01483740224194,153207879.974678,236546720937.286,0.000647685456634582,0.000647685494720075,0.866376033658296,FLOAT
"weak_pair_loops_(1.01,0.99,1.005)",1.01,0.99,1.005,0.666761138091871,9.01483740224194,136445353.247982,198812115253.979,0.00068630296531489,0.000686303010627272,0.866376033658296,FLOAT
"weak_pair_loops_(1.01,0.99,1.005)",1.01,0.99,1.005,0.666766772779247,9.01483740224194,121516785.385626,167097185783.278,0.000727222160012615,0.000727222213923048,0.866376033658296,FLOAT
"weak_pair_loops_(1.01,0.99,1.005)",1.01,0.99,1.005,0.666772743543927,9.01483740224194,108221528.109528,140441617768.654,0.000770580123050908,0.000770580187190661,0.866376033658296,FLOAT
"weak_pair_loops_(1.01,0.99,1.005)",1.01,0.99,1.005,0.666779070431024,9.01483740224194,96380885.3931855,118038296528.346,0.000816522088342434,0.000816522164652216,0.866376033658296,FLOAT
"weak_pair_loops_(1.01,0.99,1.005)",1.01,0.99,1.005,0.666785774681232,9.01483740224194,85835711.7478147,99208867089.8127,0.000865201924572637,0.000865202015361273,0.866376033658296,FLOAT
"weak_pair_loops_(1.01,0.99,1.005)",1.01,0.99,1.005,0.666792878802131,9.01483740224194,76444273.268191,83383192872.685,0.00091678264681395,0.000916782754828197,0.866376033658296,FLOAT
"weak_pair_loops_(1.01,0.99,1.005)",1.01,0.99,1.005,0.66680040664375,9.01483740224194,68080342.6944765,70082091389.9025,0.000971436958261288,0.000971437086768869,0.866376033658296,FLOAT
"weak_pair_loops_(1.01,0.99,1.005)",1.01,0.99,1.005,0.666808383478639,9.01483740224194,60631502.8854988,58902824175.4984,0.00102934782378672,0.00102934797667511,0.866376033658296,FLOAT
"weak_pair_loops_(1.01,0.99,1.005)",1.01,0.99,1.005,0.666816836086713,9.01483740224194,53997635.9031237,49506901543.7866,0.00109070907720534,0.00109070925909926,0.866376033658296,FLOAT
"weak_pair_loops_(1.01,0.99,1.005)",1.01,0.99,1.005,0.666825792845157,9.01483740224194,48089577.4004912,41609832890.3818,0.00115572606414357,0.00115572628054479,0.866376033658296,FLOAT
"weak_pair_loops_(1.01,0.99,1.005)",1.01,0.99,1.005,0.666835283823696,9.01483740224194,42827918.2276417,34972512151.8419,0.00122461632261063,0.00122461658006419,0.866376033658296,FLOAT
"weak_pair_loops_(1.01,0.99,1.005)",1.01,0.99,1.005,0.666845340885544,9.01483740224194,38141937.1498795,29393977564.9308,0.00129761030341964,0.00129761060971162,0.866376033658296,FLOAT
"weak_pair_loops_(1.01,0.99,1.005)",1.01,0.99,1.005,0.666855997794376,9.01483740224194,33968650.3331409,24705326478.0835,0.0013749521327246,0.00137495249711738,0.866376033658296,FLOAT
"weak_pair_loops_(1.01,0.99,1.005)",1.01,0.99,1.005,0.666867290327678,9.01483740224194,30251964.821517,20764600945.0594,0.00145690041912466,0.00145690085263666,0.866376033658296,FLOAT
"weak_pair_loops_(1.01,0.99,1.005)",1.01,0.99,1.005,0.666879256396864,9.01483740224194,26941924.6297568,17452489230.0803,0.00154372910784555,0.00154372962358407,0.866376033658296,FLOAT
"weak_pair_loops_(1.01,0.99,1.005)",1.01,0.99,1.005,0.666891936174548,9.01483740224194,23994039.318301,14668713059.462,0.00163572838468826,0.00163572899824526,0.866376033658296,FLOAT
"weak_pair_loops_(1.01,0.99,1.005)",1.01,0.99,1.005,0.666905372229415,9.01483740224194,21368686.0259632,12328991220.1604,0.00173320563257506,0.00173320636249794,0.866376033658296,FLOAT
"weak_pair_loops_(1.01,0.99,1.005)",1.01,0.99,1.005,0.666919609669129,9.01483740224194,19030576.9244381,10362487559.8168,0.00183648644365588,0.0018364873120074,0.866376033658296,FLOAT
"weak_pair_loops_(1.01,0.99,1.005)",1.01,0.99,1.005,0.666934696291775,9.01483740224194,16948284.9365287,8709666110.06153,0.00194591569011521,0.00194591672313934,0.866376033658296,FLOAT
"weak_pair_loops_(1.01,0.99,1.005)",1.01,0.99,1.005,0.666950682746323,9.01483740224194,15093821.3437923,7320488383.85166,0.00206185865697675,0.00206185988589067,0.866376033658296,FLOAT
"weak_pair_loops_(1.01,0.99,1.005)",1.01,0.99,1.005,0.666967622702667,9.01483740224194,13442259.6067898,6152898259.25155,0.00218470224035239,0.00218470370228826,0.866376033658296,FLOAT
"weak_pair_loops_(1.01,0.99,1.005)",1.01,0.99,1.005,0.666985573031808,9.01483740224194,11971400.341583,5171548570.00301,0.00231485621483908,0.00231485795396407,0.866376033658296,FLOAT
"weak_pair_loops_(1.01,0.99,1.005)",1.01,0.99,1.005,0.667004593996783,9.01483740224194,10661472.9502154,4346730843.50593,0.00245275457380057,0.00245275664264876,0.866376033658296,FLOAT
"weak_pair_loops_(1.01,0.99,1.005)",1.01,0.99,1.005,0.667024749454976,9.01483740224194,9494869.89453332,3653475777.21662,0.00259885694667389,0.00259885940773006,0.866376033658296,FLOAT
"weak_pair_loops_(1.01,0.99,1.005)",1.01,0.99,1.005,0.667046107072505,9.01483740224194,8455910.04236863,3070797215.75556,0.00275365009743061,0.0027536530250136,0.866376033658296,FLOAT
"weak_pair_loops_(1.01,0.99,1.005)",1.01,0.99,1.005,0.667068738551391,9.01483740224194,7530627.90505817,2581056735.60609,0.00291764950868256,0.00291765299118457,0.866376033658296,FLOAT
"weak_pair_loops_(1.01,0.99,1.005)",1.01,0.99,1.005,0.667092719870275,9.01483740224194,6706585.93385237,2169429596.89202,0.00309140105606168,0.00309140519861091,0.866376033658296,FLOAT
"weak_pair_loops_(1.01,0.99,1.005)",1.01,0.99,1.005,0.667118131539495,9.01483740224194,5972707.35228368,1823455891.01088,0.00327548277773975,0.00327548770536619,0.866376033658296,FLOAT
"weak_pair_loops_(1.01,0.99,1.005)",1.01,0.99,1.005,0.667145058871377,9.01483740224194,5319127.27780288,1532663292.80258,0.00347050674419504,0.0034705126055942,0.866376033658296,FLOAT
"weak_pair_loops_(1.01,0.99,1.005)",1.01,0.99,1.005,0.667173592266644,9.01483740224194,4737060.13172404,1288249994.17129,0.00367712103354796,0.00367712800555556,0.866376033658296,FLOAT
"weak_pair_loops_(1.01,0.99,1.005)",1.01,0.99,1.005,0.667203827517915,9.01483740224194,4218681.55535813,1082818218.38862,0.00389601181805066,0.00389602011096201,0.866376033658296,FLOAT
"weak_pair_loops_(1.01,0.99,1.005)",1.01,0.99,1.005,0.667235866131295,9.01483740224194,3757023.24536761,910150246.002408,0.00412790556750853,0.00412791543140193,0.866376033658296,FLOAT
"weak_pair_loops_(1.01,0.99,1.005)",1.01,0.99,1.005,0.667269815667157,9.01483740224194,3345879.29482364,765020170.467557,0.00437357137573037,0.0043735831079836,0.866376033658296,FLOAT
"weak_pair_loops_(1.01,0.99,1.005)",1.01,0.99,1.005,0.667305790101244,9.01483740224194,2979722.78119718,643035683.589586,0.0046338234162985,0.00463383737052292,0.866376033658296,FLOAT
"weak_pair_loops_(1.01,0.99,1.005)",1.01,0.99,1.005,0.667343910207308,9.01483740224194,2653631.48018887,540505100.161232,0.00490952353422466,0.00490954013088368,0.866376033658296,FLOAT
"weak_pair_loops_(1.01,0.99,1.005)",1.01,0.99,1.005,0.667384303962572,9.01483740224194,2363221.70700012,454325595.435413,0.00520158398029351,0.00520160371932221,0.866376033658296,FLOAT
"weak_pair_loops_(1.01,0.99,1.005)",1.01,0.99,1.005,0.667427106977381,9.01483740224194,2104589.39580942,381889271.386643,0.00551097029516113,0.00551099377096308,0.866376033658296,FLOAT
"weak_pair_loops_(1.01,0.99,1.005)",1.01,0.99,1.005,0.66747246295047,9.01483740224194,1874257.62558563,321004207.589654,0.00583870435050211,0.00583873226976989,0.866376033658296,FLOAT
"weak_pair_loops_(1.01,0.99,1.005)",1.01,0.99,1.005,0.667520524151393,9.01483740224194,1669129.88693795,269828106.256852,0.00618586755479167,0.00618590075768123,0.866376033658296,FLOAT
"weak_pair_loops_(1.01,0.99,1.005)",1.01,0.99,1.005,0.667571451931725,9.01483740224194,1486448.4619134,226812522.341956,0.00655360423140407,0.00655364371669189,0.866376033658296,FLOAT
"weak_pair_loops_(1.01,0.99,1.005)",1.01,0.99,1.005,0.667625417266748,9.01483740224194,1323757.3573447,190655990.110096,0.00694312517710056,0.00694317213207036,0.866376033658296,FLOAT
"weak_pair_loops_(1.01,0.99,1.005)",1.01,0.99,1.005,0.66768260132946,9.01483740224194,1178869.29355641,160264626.964253,0.00735571140905905,0.00735576724500382,0.866376033658296,FLOAT
"weak_pair_loops_(1.01,0.99,1.005)",1.01,0.99,1.005,0.667743196098802,9.01483740224194,1049836.30475524,134719021.722131,0.00779271810875584,0.00779278450314619,0.866376033658296,FLOAT
"weak_pair_loops_(1.01,0.99,1.005)",1.01,0.99,1.005,0.667807405004176,9.01483740224194,934923.555952524,113246404.8175,0.00825557877130377,0.00825565771786915,0.866376033658296,FLOAT
"weak_pair_loops_(1.01,0.99,1.005)",1.01,0.99,1.005,0.667875443608401,9.01483740224194,832586.024513802,95197257.837845,0.00874580956876539,0.00874590343696658,0.866376033658296,FLOAT
"weak_pair_loops_(1.01,0.99,1.005)",1.01,0.99,1.005,0.667947540331402,9.01483740224194,741447.732925641,80025654.2207171,0.00926501393622957,0.00926512554187522,0.866376033658296,FLOAT
"weak_pair_loops_(1.01,0.99,1.005)",1.01,0.99,1.005,0.668023937217061,9.01483740224194,660283.253656607,67272735.9071736,0.0098148873892969,0.00981502007838213,0.866376033658296,FLOAT
"weak_pair_loops_(1.01,0.99,1.005)",1.01,0.99,1.005,0.668104890745814,9.01483740224194,588001.237532042,56552825.6994971,0.0103972225817381,0.0103973803299677,0.866376033658296,FLOAT
"weak_pair_loops_(1.01,0.99,1.005)",1.01,0.99,1.005,0.668190672695706,9.01483740224194,523629.744233835,47541754.8742862,0.0110139146118961,0.0110141021428103,0.866376033658296,FLOAT
"weak_pair_loops_(1.01,0.99,1.005)",1.01,0.99,1.005,0.66828157105481,9.01483740224194,466303.17776246,39967052.6742299,0.0116669665862432,0.0116671895114028,0.866376033658296,FLOAT
"weak_pair_loops_(1.01,0.99,1.005)",1.01,0.99,1.005,0.668377890988062,9.01483740224194,415250.651265141,33599700.6735353,0.0123584954482833,0.0123587604336075,0.866376033658296,FLOAT
"weak_pair_loops_(1.01,0.99,1.005)",1.01,0.99,1.005,0.668479955861763,9.01483740224194,369785.624848748,28247202.3920115,0.013090738080554,0.0130910530436574,0.866376033658296,FLOAT
"weak_pair_loops_(1.01,0.99,1.005)",1.01,0.99,1.005,0.668588108329191,9.01483740224194,329296.677102242,23747758.3533242,0.0138660576870406,0.0138664320313057,0.866376033658296,FLOAT
"weak_pair_loops_(1.01,0.99,1.005)",1.01,0.99,1.005,0.668702711480957,9.01483740224194,293239.286294522,19965370.2518977,0.0146869504626251,0.0146873953547969,0.866376033658296,FLOAT
"weak_pair_loops_(1.01,0.99,1.005)",1.01,0.99,1.005,0.668824150063978,9.01483740224194,261128.510779383,16785726.021889,0.0155560525554128,0.0155565812547438,0.866376033658296,FLOAT
"weak_pair_loops_(1.01,0.99,1.005)",1.01,0.99,1.005,0.668952831773153,9.01483740224194,232532.470230153,14112741.2440708,0.0164761473268159,0.0164767755752518,0.866376033658296,FLOAT
"weak_pair_loops_(1.01,0.99,1.005)",1.01,0.99,1.005,0.669089188620082,9.01483740224194,207066.540085444,11865652.1967546,0.0174501729129685,0.0174509193975935,0.866376033658296,FLOAT
"weak_pair_loops_(1.01,0.99,1.005)",1.01,0.99,1.005,0.669233678383419,9.01483740224194,184388.181176013,9976572.55759602,0.0184812300897377,0.0184821169907317,0.866376033658296,FLOAT
"weak_pair_loops_(1.01,0.99,1.005)",1.01,0.99,1.005,0.669386786145729,9.01483740224194,164192.335039172,8388439.79974814,0.0195725904417195,0.0195736440814777,0.866376033658296,FLOAT
"weak_pair_loops_(1.01,0.99,1.005)",1.01,0.99,1.005,0.669549025922018,9.01483740224194,146207.323029572,7053289.12304273,0.0207277048336833,0.0207289564455709,0.866376033658296,FLOAT
"weak_pair_loops_(1.01,0.99,1.005)",1.01,0.99,1.005,0.669720942385384,9.01483740224194,130191.19410793,5930802.67644538,0.0219502121804103,0.0219516988189463,0.866376033658296,FLOAT
"weak_pair_loops_(1.01,0.99,1.005)",1.01,0.99,1.005,0.669903112695601,9.01483740224194,115928.472217796,4987090.16155391,0.02324394850818,0.0232457141263462,0.866376033658296,FLOAT
"weak_pair_loops_(1.01,0.99,1.005)",1.01,0.99,1.005,0.670096148436769,9.01483740224194,103227.259532938,4193663.91133796,0.0246129562977792,0.0246150530217392,0.866376033658296,FLOAT
"weak_pair_loops_(1.01,0.99,1.005)",1.01,0.99,1.005,0.670300697670525,9.01483740224194,91916.6566398042,3526577.42517128,0.0260614940952473,0.0260639837321422,0.866376033658296,FLOAT
"weak_pair_loops_(1.01,0.99,1.005)",1.01,0.99,1.005,0.670517447111728,9.01483740224194,81844.4649798536,2965701.28914071,0.0275940463720822,0.0275970021928835,0.866376033658296,FLOAT
"weak_pair_loops_(1.01,0.99,1.005)",1.01,0.99,1.005,0.670747124433902,9.01483740224194,72875.1406700318,2494114.56916313,0.029215333611784,0.029218842458582,0.866376033658296,FLOAT
"weak_pair_loops_(1.01,0.99,1.005)",1.01,0.99,1.005,0.67099050071219,9.01483740224194,64887.9721985738,2097593.25969602,0.0309303225938105,0.0309344873695757,0.866376033658296,FLOAT
"weak_pair_loops_(1.01,0.99,1.005)",1.01,0.99,1.005,0.671248393012015,9.01483740224194,57775.4575021501,1764180.30848837,0.0327442368394962,0.0327491794484741,0.866376033658296,FLOAT
"weak_pair_loops_(1.01,0.99,1.005)",1.01,0.99,1.005,0.671521667132144,9.01483740224194,51441.8586102066,1483824.20688364,0.0346625671771674,0.0346684319958938,0.866376033658296,FLOAT
"weak_pair_loops_(1.01,0.99,1.005)",1.01,0.99,1.005,0.671811240511352,9.01483740224194,45801.9144291275,1248075.21041741,0.0366910823751974,0.0366980403479126,0.866376033658296,FLOAT
"weak_pair_loops_(1.01,0.99,1.005)",1.01,0.99,1.005,0.67211808530846,9.01483740224194,40779.6943641872,1049829.99863188,0.0388358397823438,0.0388440932506506,0.866376033658296,FLOAT
"weak_pair_loops_(1.01,0.99,1.005)",1.01,0.99,1.005,0.672443231666078,9.01483740224194,36307.5773703056,883117.049007645,0.0411031959040086,0.0411129842993115,0.866376033658296,FLOAT
"weak_pair_loops_(1.01,0.99,1.005)",1.01,0.99,1.005,0.672787771169006,9.01483740224194,32325.3427085194,742916.232048264,0.0434998168310226,0.0435114233799907,0.866376033658296,FLOAT
"weak_pair_loops_(1.01,0.99,1.005)",1.01,0.99,1.005,0.673152860508921,9.01483740224194,28779.3601864002,625007.170145335,0.046032688424213,0.0460464480426809,0.866376033658296,FLOAT
"weak_pair_loops_(1.01,0.99,1.005)",1.01,0.99,1.005,0.673539725367628,9.01483740224194,25621.8689979211,525841.77326934,0.0487091261428782,0.0487254347227325,0.866376033658296,FLOAT
"weak_pair_loops_(1.01,0.99,1.005)",1.01,0.99,1.005,0.673949664531935,9.01483740224194,22810.3354690306,442437.09610157,0.0515367843887243,0.0515561097159766,0.866376033658296,FLOAT
"weak_pair_loops_(1.01,0.99,1.005)",1.01,0.99,1.005,0.674384054253956,9.01483740224194,20306.8810758322,372285.276112675,0.0545236652181298,0.0545465597991745,0.866376033658296,FLOAT
"weak_pair_loops_(1.01,0.99,1.005)",1.01,0.99,1.005,0.674844352871474,9.01483740224194,18077.7730467715,313277.828900866,0.0576781262551999,0.0577052423728715,0.866376033658296,FLOAT
"weak_pair_loops_(1.01,0.99,1.005)",1.01,0.99,1.005,0.675332105703892,9.01483740224194,16092.9707014394,263642.011482626,0.0610088876153909,0.0610409949876291,0.866376033658296,FLOAT
"weak_pair_loops_(1.01,0.99,1.005)",1.01,0.99,1.005,0.675848950240194,9.01483740224194,14325.721427766,221887.329324189,0.0645250376246949,0.0645630440971932,0.866376033658296,FLOAT
"weak_pair_loops_(1.01,0.99,1.005)",1.01,0.99,1.005,0.676396621636343,9.01483740224194,12752.2008665728,186760.569766503,0.0682360370922127,0.0682810128632408,0.866376033658296,FLOAT
"weak_pair_loops_(1.01,0.99,1.005)",1.01,0.99,1.005,0.676976958540561,9.01483740224194,11351.1924666642,157208.002417633,0.0721517218644506,0.0722049278160097,0.866376033658296,FLOAT
"weak_pair_loops_(1.01,0.99,1.005)",1.01,0.99,1.005,0.677591909266059,9.01483740224194,10103.8021028215,132343.6038716,0.07628230335767,0.0763452241532143,0.866376033658296,FLOAT
"weak_pair_loops_(1.01,0.99,1.005)",1.01,0.99,1.005,0.67824353833194,9.01483740224194,8993.20392037214,111422.346322881,0.0806383667302948,0.0807127494363794,0.866376033658296,FLOAT
"weak_pair_loops_(1.01,0.99,1.005)",1.01,0.99,1.005,0.678934033394218,9.01483740224194,8004.41398971978,93817.7427957385,0.0852308663205472,0.0853187654188944,0.866376033658296,FLOAT
"weak_pair_loops_(1.01,0.99,1.005)",1.01,0.99,1.005,0.679665712590243,9.01483740224194,7124.08872805001,79002.9704329655,0.090071117935603,0.0901749477140842,0.866376033658296,FLOAT
"weak_pair_loops_(1.01,0.99,1.005)",1.01,0.99,1.005,0.680441032321174,9.01483740224194,6340.34537832469,66535.0014846049,0.0951707875374844,0.0952933829841687,0.866376033658296,FLOAT
"weak_pair_loops_(1.01,0.99,1.005)",1.01,0.99,1.005,0.681262595498641,9.01483740224194,5642.60213217658,56041.2625785335,0.100541875828389,0.100686563302697,0.866376033658296,FLOAT
"weak_pair_loops_(1.01,0.99,1.005)",1.01,0.99,1.005,0.68213316028326,9.01483740224194,5021.435747356,47208.419293265,0.106196698194381,0.106367377313826,0.866376033658296,FLOAT
"weak_pair_loops_(1.01,0.99,1.005)",1.01,0.99,1.005,0.683055649344363,9.01483740224194,4468.45474555592,39772.9473023575,0.112147859422201,0.112349097782126,0.866376033658296,FLOAT
"weak_pair_loops_(1.01,0.99,1.005)",1.01,0.99,1.005,0.684033159672015,9.01483740224194,3976.1864858608,33513.2053630111,0.118408222560287,0.118645365096869,0.866376033658296,FLOAT
"weak_pair_loops_(1.01,0.99,1.005)",1.01,0.99,1.005,0.68506897297426,9.01483740224194,3537.97659559267,28242.7708134554,0.124990871252963,0.125270166265242,0.866376033658296,FLOAT
"weak_pair_loops_(1.01,0.99,1.005)",1.01,0.99,1.005,0.686166566694507,9.01483740224194,3147.89940643702,23804.8363974705,0.131909064837758,0.132237808900527,0.866376033658296,FLOAT
"weak_pair_loops_(1.01,0.99,1.005)",1.01,0.99,1.005,0.687329625686041,9.01483740224194,2800.67819166806,20067.4993044397,0.139176185461739,0.139562889684438,0.866376033658296,FLOAT
"weak_pair_loops_(1.01,0.99,1.005)",1.01,0.99,1.005,0.68856205458285,9.01483740224194,2491.61413204626,16919.8002699034,0.146805676445558,0.147260256758367,0.866376033658296,FLOAT
"weak_pair_loops_(1.01,0.99,1.005)",1.01,0.99,1.005,0.689867990908302,9.01483740224194,2216.52305529797,14268.393240075,0.154810971106704,0.155344965477439,0.866376033658296,FLOAT
"weak_pair_loops_(1.01,0.99,1.005)",1.01,0.99,1.005,0.691251818965688,9.01483740224194,1971.67909858717,12034.7451497022,0.163205411248705,0.163832226944661,0.866376033658296,FLOAT
"weak_pair_loops_(1.01,0.99,1.005)",1.01,0.99,1.005,0.692718184557244,9.01483740224194,1753.76453645359,10152.7813720011,0.172002154535032,0.172737348731851,0.866376033658296,FLOAT
"weak_pair_loops_(1.01,0.99,1.005)",1.01,0.99,1.005,0.694272010581095,9.01483740224194,1559.82509957766,8566.90585649428,0.18121406999875,0.182075667190297,0.866376033658296,FLOAT
"weak_pair_loops_(1.01,0.99,1.005)",1.01,0.99,1.005,0.695918513558455,9.01483740224194,1387.23018354638,7230.33628232352,0.190853620996671,0.191862470759186,0.866376033658296,FLOAT
"weak_pair_loops_(1.01,0.99,1.005)",1.01,0.99,1.005,0.697663221146592,9.01483740224194,1233.63741253488,6103.70406314359,0.200932735004823,0.202112913695151,0.866376033658296,FLOAT
"weak_pair_loops_(1.01,0.99,1.005)",1.01,0.99,1.005,0.699511990696333,9.01483740224194,1096.96108136393,5153.8770325197,0.211462659776226,0.212841919673748,0.866376033658296,FLOAT
"weak_pair_loops_(1.01,0.99,1.005)",1.01,0.99,1.005,0.701471028916427,9.01483740224194,975.344051535983,4352.9693575474,0.222453805548003,0.224064074755059,0.866376033658296,FLOAT
"weak_pair_loops_(1.01,0.99,1.005)",1.01,0.99,1.005,0.703546912710775,9.01483740224194,867.132723287502,3677.50887629485,0.233915573199159,0.235793509263029,0.866376033658296,FLOAT
"weak_pair_loops_(1.01,0.99,1.005)",1.01,0.99,1.005,0.705746611258478,9.01483740224194,770.854747051738,3107.73680239985,0.245856168528526,0.24804376820343,0.866376033658296,FLOAT
"weak_pair_loops_(1.01,0.99,1.005)",1.01,0.99,1.005,0.708077509410841,9.01483740224194,685.199174556578,2627.0187312297,0.2582824031502,0.260827669940457,0.866376033658296,FLOAT
"weak_pair_loops_(1.01,0.99,1.005)",1.01,0.99,1.005,0.710547432483875,9.01483740224194,608.998782583122,2221.3492370641,0.271199482895797,0.274157152968895,0.866376033658296,FLOAT
"weak_pair_loops_(1.01,0.99,1.005)",1.01,0.99,1.005,0.713164672529529,9.01483740224194,541.214331623081,1878.93517118721,0.284610785072108,0.288043110758905,0.866376033658296,FLOAT
"weak_pair_loops_(1.01,0.99,1.005)",1.01,0.99,1.005,0.715938016173855,9.01483740224194,480.920547688997,1589.84514178988,0.29851762645046,0.30249521481543,0.866376033658296,FLOAT
"weak_pair_loops_(1.01,0.99,1.005)",1.01,0.99,1.005,0.718876774115565,9.01483740224194,427.293638700859,1345.71464983058,0.312919024458262,0.317521726284732,0.866376033658296,FLOAT
"weak_pair_loops_(1.01,0.99,1.005)",1.01,0.99,1.005,0.721990812384003,9.01483740224194,379.600177507174,1139.49803069347,0.327811454698436,0.333129296657193,0.866376033658296,FLOAT
"weak_pair_loops_(1.01,0.99,1.005)",1.01,0.99,1.005,0.725290585461487,9.01483740224194,337.187201975286,965.259760229411,0.343188608628417,0.349322758357965,0.866376033658296,FLOAT
"weak_pair_loops_(1.01,0.99,1.005)",1.01,0.99,1.005,0.728787171381207,9.01483740224194,299.473398951897,817.998868115373,0.359041155971413,0.366104906284123,0.866376033658296,FLOAT
"weak_pair_loops_(1.01,0.99,1.005)",1.01,0.99,1.005,0.732492308918514,9.01483740224194,265.941253470066,693.501197179207,0.375356517186904,0.383476271636982,0.866376033658296,FLOAT
"weak_pair_loops_(1.01,0.99,1.005)",1.01,0.99,1.005,0.736418437000464,9.01483740224194,236.130057559607,588.215084472606,0.392118652065723,0.401434889707599,0.866376033658296,FLOAT
"weak_pair_loops_(1.01,0.99,1.005)",1.01,0.99,1.005,0.740578736465914,9.01483740224194,209.629684578125,499.146743702723,0.409307871201703,0.419976063598191,0.866376033658296,FLOAT
"weak_pair_loops_(1.01,0.99,1.005)",1.01,0.99,1.005,0.744987174316374,9.01483740224194,186.075045275355,423.772220393103,0.426900677683691,0.439092126196347,0.866376033658296,FLOAT
"weak_pair_loops_(1.01,0.99,1.005)",1.01,0.99,1.005,0.749658550606174,9.01483740224194,165.141150972424,359.963288692254,0.444869646799395,0.458772203055433,0.866376033658296,FLOAT
"weak_pair_loops_(1.01,0.99,1.005)",1.01,0.99,1.005,0.754608548129361,9.01483740224194,146.538717403298,305.925077092108,0.463183351792465,0.479001979164912,0.866376033658296,FLOAT
"weak_pair_loops_(1.01,0.99,1.005)",1.01,0.99,1.005,0.759853785070145,9.01483740224194,130.010250037901,260.143562076062,0.481806343710043,0.499763472908425,0.866376033658296,FLOAT
"weak_pair_loops_(1.01,0.99,1.005)",1.01,0.99,1.005,0.765411870793641,9.01483740224194,115.326558182871,221.341364492887,0.500699193065231,0.521034820794091,0.866376033658296,FLOAT
"weak_pair_loops_(1.01,0.99,1.005)",1.01,0.99,1.005,0.771301464964215,9.01483740224194,102.283650923723,188.440532164774,0.519818600367809,0.54279007678818,0.866376033658296,FLOAT
"weak_pair_loops_(1.01,0.99,1.005)",1.01,0.99,1.005,0.777542340189913,9.01483740224194,90.6999731088838,160.531201380052,0.539117581508257,0.564999030276704,0.866376033658296,FLOAT
"weak_pair_loops_(1.01,0.99,1.005)",1.01,0.99,1.005,0.784155448403264,9.01483740224194,80.413944150671,136.845205794691,0.558545732491579,0.587627046805833,0.866376033658296,FLOAT
"weak_pair_loops_(1.01,0.99,1.005)",1.01,0.99,1.005,0.791162991201332,9.01483740224194,71.2817664923534,116.733849168461,0.57804957610685,0.61063493579729,0.866376033658296,FLOAT
"weak_pair_loops_(1.01,0.99,1.005)",1.01,0.99,1.005,0.798588494381158,9.01483740224194,63.1754742186489,99.6491827445907,0.597572990810808,0.63397884938578,0.866376033658296,FLOAT
"weak_pair_loops_(1.01,0.99,1.005)",1.01,0.99,1.005,0.806456886920807,9.01483740224194,55.9811955182442,85.128232689724,0.617057719454102,0.65761021636952,0.866376033658296,FLOAT
"weak_pair_loops_(1.01,0.99,1.005)",1.01,0.99,1.005,0.814794584671205,9.01483740224194,49.5976055845463,72.7797109911196,0.636443952574276,0.681475714991477,0.866376033658296,FLOAT
"weak_pair_loops_(1.01,0.99,1.005)",1.01,0.99,1.005,0.823629579039712,9.01483740224194,43.9345491036171,62.27281720661,0.655670977938806,0.705517287869765,0.866376033658296,FLOAT
"weak_pair_loops_(1.01,0.99,1.005)",1.01,0.99,1.005,0.83299153096317,9.01483740224194,38.9118137605441,53.3278007042794,0.674677884990993,0.729672201865649,0.866376033658296,FLOAT
"weak_pair_loops_(1.01,0.99,1.005)",1.01,0.99,1.005,0.842911870485915,9.01483740224194,34.4580382280532,45.7080053836813,0.693404309998015,0.753873155015323,0.866376033658296,FLOAT
"weak_pair_loops_(1.01,0.99,1.005)",1.01,0.99,1.005,0.853423902277057,9.01483740224194,30.5097399113142,39.2131629111783,0.711791205201474,0.77804843186003,0.866376033658296,FLOAT
"weak_pair_loops_(1.01,0.99,1.005)",1.01,0.99,1.005,0.864562917441269,9.01483740224194,27.010449334965,33.6737375509111,0.72978161330096,0.80212210759581,0.866376033658296,FLOAT
"weak_pair_loops_(1.01,0.99,1.005)",1.01,0.99,1.005,0.876366311998457,9.01483740224194,23.9099394940731,28.9461568416942,0.747321427318438,0.826014300441885,0.866376033658296,FLOAT
"weak_pair_loops_(1.01,0.99,1.005)",1.01,0.99,1.005,0.888873712430073,9.01483740224194,21.163539769382,24.9087885936057,0.764360115421848,0.849641470513537,0.866376033658296,FLOAT
"weak_pair_loops_(1.01,0.99,1.005)",1.01,0.99,1.005,0.9,9.01483740224194,19.0932001434287,21.9639373802969,0.778306041212652,0.869297695255524,0.866376033658296,FLOAT
"weak_pair_loops_(1.01,0.99,1.005)",1.01,0.99,1.005,0.902127108713561,9.01483740224194,18.7315251459638,21.4585467422038,0.78085139071174,0.872916762304477,0.866376033658296,FLOAT
"weak_pair_loops_(1.01,0.99,1.005)",1.01,0.99,1.005,0.912667383761716,9.01483740224194,17.080130384738,19.1863658762518,0.792928319780492,0.89022228049342,0.866376033658296,FLOAT
"weak_pair_loops_(1.01,0.99,1.005)",1.01,0.99,1.005,0.916170995291558,9.01483740224194,16.5785724886565,18.5080271641357,0.796753807321528,0.895750386663685,0.866376033658296,FLOAT
"weak_pair_loops_(1.01,0.99,1.005)",1.01,0.99,1.005,0.923730141409766,9.01483740224194,15.5678892224953,17.1582614400257,0.804704727378627,0.907311575645974,0.866376033658296,FLOAT
"weak_pair_loops_(1.01,0.99,1.005)",1.01,0.99,1.005,0.931052520449102,9.01483740224194,14.6732765310584,15.9830901812128,0.812031266416276,0.918050036926274,0.866376033658296,FLOAT
"weak_pair_loops_(1.01,0.99,1.005)",1.01,0.99,1.005,0.933391537091908,9.01483740224194,14.4034909044856,15.6323878602459,0.814297304786856,0.921387764508743,0.866376033658296,FLOAT
"weak_pair_loops_(1.01,0.99,1.005)",1.01,0.99,1.005,0.941829086706256,9.01483740224194,13.4889201645421,14.456524496326,0.822186701466931,0.933067983799991,0.866376033658296,FLOAT
"weak_pair_loops_(1.01,0.99,1.005)",1.01,0.99,1.005,0.946821644600358,9.01483740224194,12.9877190395852,13.8208196282411,0.826653418701997,0.939721332665858,0.866376033658296,FLOAT
"weak_pair_loops_(1.01,0.99,1.005)",1.01,0.99,1.005,0.94919781953087,9.01483740224194,12.7588215085189,13.5325805033308,0.828728863616556,0.942822509378643,0.866376033658296,FLOAT
"weak_pair_loops_(1.01,0.99,1.005)",1.01,0.99,1.005,0.955633126690214,9.01483740224194,12.168130514152,12.7948936901276,0.834192105026512,0.951014585102866,0.866376033658296,FLOAT
"weak_pair_loops_(1.01,0.99,1.005)",1.01,0.99,1.005,0.961253248795439,9.01483740224194,11.684874213479,12.1980686389306,0.838781920855538,0.957928222848844,0.866376033658296,FLOAT
"weak_pair_loops_(1.01,0.99,1.005)",1.01,0.99,1.005,0.963531308016255,9.01483740224194,11.4970853310186,11.9677994261109,0.840595953727981,0.960668283421818,0.866376033658296,FLOAT
"weak_pair_loops_(1.01,0.99,1.005)",1.01,0.99,1.005,0.966161448465718,9.01483740224194,11.2858035986375,11.7098409759404,0.842657953614157,0.963787947404741,0.866376033658296,FLOAT
"weak_pair_loops_(1.01,0.99,1.005)",1.01,0.99,1.005,0.970447907647971,9.01483740224194,10.953648520227,11.3067230886659,0.845945820714219,0.968773041873396,0.866376033658296,FLOAT
"weak_pair_loops_(1.01,0.99,1.005)",1.01,0.99,1.005,0.974191384595819,9.01483740224194,10.6753383158709,10.9712553135307,0.848745507822085,0.973027972715683,0.866376033658296,FLOAT
"weak_pair_loops_(1.01,0.99,1.005)",1.01,0.99,1.005,0.977460660952652,9.01483740224194,10.4408168044798,10.6902183255336,0.851137423384433,0.976670119032268,0.866376033658296,FLOAT
"weak_pair_loops_(1.01,0.99,1.005)",1.01,0.99,1.005,0.980315805527134,9.01483740224194,10.2422339760974,10.4534397424686,0.85318683247946,0.979795572407322,0.866376033658296,FLOAT
"weak_pair_loops_(1.01,0.99,1.005)",1.01,0.99,1.005,0.981237608556118,9.01483740224194,10.1793229607941,10.3786579164895,0.853840770385123,0.98079376376991,0.866376033658296,FLOAT
"weak_pair_loops_(1.01,0.99,1.005)",1.01,0.99,1.005,0.982809277981414,9.01483740224194,10.073382708475,10.2529786216279,0.854947149532786,0.982483537732728,0.866376033658296,FLOAT
"weak_pair_loops_(1.01,0.99,1.005)",1.01,0.99,1.005,0.984986892710918,9.01483740224194,9.92929860475925,10.0825564123237,0.856462415563156,0.984799707405841,0.866376033658296,FLOAT
"weak_pair_loops_(1.01,0.99,1.005)",1.01,0.99,1.005,0.986888660625784,9.01483740224194,9.80597071296648,9.93715231506481,0.857769184608721,0.986798873767944,0.866376033658296,FLOAT
"weak_pair_loops_(1.01,0.99,1.005)",1.01,0.99,1.005,0.988549524300617,9.01483740224194,9.70012905210588,9.8127105706067,0.858897976564927,0.988526970433832,0.866376033658296,FLOAT
"weak_pair_loops_(1.01,0.99,1.005)",1.01,0.99,1.005,0.99,9.01483740224194,9.60908626220886,9.70592537329567,0.85987440797276,0.99002268126301,0.866376033658296,FLOAT
"weak_pair_loops_(1.01,0.99,1.005)",1.01,0.99,1.005,0.991266738376172,9.01483740224194,9.53061799801279,9.61408053276317,0.860720080883065,0.991318718990761,0.866376033658296,FLOAT
"weak_pair_loops_(1.01,0.99,1.005)",1.01,0.99,1.005,0.992373014140977,9.01483740224194,9.46287146051453,9.5349283514479,0.861453288038593,0.992442849250941,0.866376033658296,FLOAT
"weak_pair_loops_(1.01,0.99,1.005)",1.01,0.99,1.005,0.993339153709191,9.01483740224194,9.4042946391571,9.46659699570441,0.862089577180198,0.993418716717783,0.866376033658296,FLOAT
"weak_pair_loops_(1.01,0.99,1.005)",1.01,0.99,1.005,0.994182908670626,9.01483740224194,9.35358098882567,9.40751884551259,0.862642206268593,0.994266516222537,0.866376033658296,FLOAT
"weak_pair_loops_(1.01,0.99,1.005)",1.01,0.99,1.005,0.994919781953087,9.01483740224194,9.30962574436296,9.356374481302,0.863122513468529,0.995003541485811,0.866376033658296,FLOAT
"weak_pair_loops_(1.01,0.99,1.005)",1.01,0.99,1.005,0.995563312669021,9.01483740224194,9.27149110579019,9.31204846157477,0.863540219951365,0.995644636520961,0.866376033658296,FLOAT
"weak_pair_loops_(1.01,0.99,1.005)",1.01,0.99,1.005,0.996125324879544,9.01483740224194,9.23837825501878,9.27359408788849,0.863903679312808,0.99620256908638,0.866376033658296,FLOAT
"weak_pair_loops_(1.01,0.99,1.005)",1.01,0.99,1.005,0.996616144846572,9.01483740224194,9.20960468482436,9.24020509056003,0.864220084236426,0.996688341282931,0.866376033658296,FLOAT
"weak_pair_loops_(1.01,0.99,1.005)",1.01,0.99,1.005,0.997044790764797,9.01483740224194,9.18458569668236,9.21119269525676,0.864495638666652,0.997111449140772,0.866376033658296,FLOAT
"weak_pair_loops_(1.01,0.99,1.005)",1.01,0.99,1.005,0.997419138459582,9.01483740224194,9.16281919858103,9.18596691152843,0.864735701960957,0.997480100552251,0.866376033658296,FLOAT
"weak_pair_loops_(1.01,0.99,1.005)",1.01,0.99,1.005,0.997746066095265,9.01483740224194,9.14387313644802,9.16402116261173,0.864944910131163,0.99780139899219,0.866376033658296,FLOAT
"weak_pair_loops_(1.01,0.99,1.005)",1.01,0.99,1.005,0.998031580552713,9.01483740224194,9.12737504364301,9.14491958116788,0.865127278234943,0.998081498982123,0.866376033658296,FLOAT
"weak_pair_loops_(1.01,0.99,1.005)",1.01,0.99,1.005,0.998280927798141,9.01483740224194,9.11300330629032,9.12828644853313,0.865286287170876,0.998325738096742,0.866376033658296,FLOAT
"weak_pair_loops_(1.01,0.99,1.005)",1.01,0.99,1.005,0.998498689271092,9.01483740224194,9.10047982810349,9.1137973699656,0.865424957501072,0.99853874940143,0.866376033658296,FLOAT
"weak_pair_loops_(1.01,0.99,1.005)",1.01,0.99,1.005,0.998688866062578,9.01483740224194,9.08956384397062,9.1011718654468,0.865545912428568,0.9987245574913,0.866376033658296,FLOAT
"weak_pair_loops_(1.01,0.99,1.005)",1.01,0.99,1.005,0.998854952430062,9.01483740224194,9.08004668210118,9.09016712211944,0.865651431669824,0.998886660731063,0.866376033658296,FLOAT
"weak_pair_loops_(1.01,0.99,1.005)",1.01,0.99,1.005,0.999,9.01483740224194,9.07174731375047,9.0805727056696,0.865743497649887,0.999028101838377,0.866376033658296,FLOAT
"weak_pair_loops_(1.01,0.99,1.005)",1.01,0.99,1.005,0.999126673837617,9.01483740224194,9.06450856019495,9.07220606770682,0.865823835198363,0.999151528585835,0.866376033658296,FLOAT
"weak_pair_loops_(1.01,0.99,1.005)",1.01,0.99,1.005,0.999237301414098,9.01483740224194,9.05819385077243,9.06490871726189,0.865893945729626,0.999259246099559,0.866376033658296,FLOAT
"weak_pair_loops_(1.01,0.99,1.005)",1.01,0.99,1.005,0.999333915370919,9.01483740224194,9.0526844449438,9.05854294898104,0.865955136719441,0.99935326199034,0.866376033658296,FLOAT
"weak_pair_loops_(1.01,0.99,1.005)",1.01,0.99,1.005,0.999418290867063,9.01483740224194,9.04787704661397,9.05298903998284,0.8660085471669,0.999435325355384,0.866376033658296,FLOAT
"weak_pair_loops_(1.01,0.99,1.005)",1.01,0.99,1.005,0.999491978195309,9.01483740224194,9.04368175123059,9.04814284281959,0.866055169617153,0.999506960525878,0.866376033658296,FLOAT
"weak_pair_loops_(1.01,0.99,1.005)",1.01,0.99,1.005,0.999556331266902,9.01483740224194,9.04002027610912,9.04391371441688,0.866095869230875,0.999569496300971,0.866376033658296,FLOAT
"weak_pair_loops_(1.01,0.99,1.005)",1.01,0.99,1.005,0.999612532487954,9.01483740224194,9.03682443251312,9.04022273091515,0.866131400314917,0.999624091296954,0.866376033658296,FLOAT
"weak_pair_loops_(1.01,0.99,1.005)",1.01,0.99,1.005,0.999661614484657,9.01483740224194,9.03403480463077,9.03700114651302,0.866162420664492,0.999671755947116,0.866376033658296,FLOAT
"weak_pair_loops_(1.01,0.99,1.005)",1.01,0.99,1.005,0.99970447907648,9.01483740224194,9.03159960603015,9.03418906110001,0.866189504018465,0.999713371609521,0.866376033658296,FLOAT
"weak_pair_loops_(1.01,0.99,1.005)",1.01,0.99,1.005,0.999741913845958,9.01483740224194,9.029473688678,9.03173426696999,0.866213150879291,0.999749707174152,0.866376033658296,FLOAT
"weak_pair_loops_(1.01,0.99,1.005)",1.01,0.99,1.005,0.999774606609527,9.01483740224194,9.02761768334889,9.02959124945683,0.86623379792413,0.999781433505303,0.866376033658296,FLOAT
"weak_pair_loops_(1.01,0.99,1.005)",1.01,0.99,1.005,0.999803158055271,9.01483740224194,9.02599725337886,9.02772032011813,0.866251826191258,0.999809136007966,0.866376033658296,FLOAT
"weak_pair_loops_(1.01,0.99,1.005)",1.01,0.99,1.005,0.999828092779814,9.01483740224194,9.02458244634001,9.02608686425088,0.866267568202251,0.999833325566937,0.866376033658296,FLOAT
"weak_pair_loops_(1.01,0.99,1.005)",1.01,0.99,1.005,0.999849868927109,9.01483740224194,9.0233471304219,9.02466068717344,0.866281314173094,0.999854448073221,0.866376033658296,FLOAT
"weak_pair_loops_(1.01,0.99,1.005)",1.01,0.99,1.005,0.999868886606258,9.01483740224194,9.02226850417363,9.02341544593957,0.866293317408937,0.999872892723071,0.866376033658296,FLOAT
"weak_pair_loops_(1.01,0.99,1.005)",1.01,0.99,1.005,0.999885495243006,9.01483740224194,9.02132666984518,9.02232815503627,0.866303799019778,0.999888999250097,0.866376033658296,FLOAT
"weak_pair_loops_(1.01,0.99,1.005)",1.01,0.99,1.005,0.9999,9.01483740224194,9.02050426191473,9.02137875621749,0.866312952024225,0.999903064229273,0.866376033658296,FLOAT
"weak_pair_loops_(1.01,0.99,1.005)",1.01,0.99,1.005,0.999912667383762,9.01483740224194,9.01978612354012,9.02054974398684,0.866320944925559,0.999915346573281,0.866376033658296,FLOAT
"weak_pair_loops_(1.01,0.99,1.005)",1.01,0.99,1.005,0.99992373014141,9.01483740224194,9.01915902465686,9.01982583940417,0.866327924834857,0.999926072325655,0.866376033658296,FLOAT
"weak_pair_loops_(1.01,0.99,1.005)",1.01,0.99,1.005,0.999933391537092,9.01483740224194,9.01861141628979,9.01919370588452,0.866334020190585,0.999935438841462,0.866376033658296,FLOAT
"weak_pair_loops_(1.01,0.99,1.005)",1.01,0.99,1.005,0.999941829086706,9.01483740224194,9.01813321637106,9.01864170151017,0.866339343134268,0.999943618434357,0.866376033658296,FLOAT
"weak_pair_loops_(1.01,0.99,1.005)",1.01,0.99,1.005,0.999949197819531,9.01483740224194,9.0177156229822,9.01815966310857,0.866343991576446,0.99995076155857,0.866376033658296,FLOAT
"weak_pair_loops_(1.01,0.99,1.005)",1.01,0.99,1.005,0.99995563312669,9.01483740224194,9.01735095147663,9.0177387179796,0.866348051013254,0.999956999585474,0.866376033658296,FLOAT
"weak_pair_loops_(1.01,0.99,1.005)",1.01,0.99,1.005,0.999961253248795,9.01483740224194,9.01703249240462,9.01737111969864,0.866351596098083,0.999962447226633,0.866376033658296,FLOAT
"weak_pair_loops_(1.01,0.99,1.005)",1.01,0.99,1.005,0.999966161448466,9.01483740224194,9.01675438756505,9.01705010489223,0.866354692014762,0.999967204648556,0.866376033658296,FLOAT
"weak_pair_loops_(1.01,0.99,1.005)",1.01,0.99,1.005,0.999970447907648,9.01483740224194,9.01651152185712,9.016769768288,0.866357395684634,0.999971359318523,0.866376033658296,FLOAT
"weak_pair_loops_(1.01,0.99,1.005)",1.01,0.99,1.005,0.999974191384596,9.01483740224194,9.0162994289069,9.01652495369325,0.866359756811704,0.999974987615794,0.866376033658296,FLOAT
"weak_pair_loops_(1.01,0.99,1.005)",1.01,0.99,1.005,0.999977460660953,9.01483740224194,9.01611420870614,9.01631115886013,0.866361818800195,0.99997815623812,0.866376033658296,FLOAT
"weak_pair_loops_(1.01,0.99,1.005)",1.01,0.99,1.005,0.999980315805527,9.01483740224194,9.01595245572767,9.01612445246029,0.866363619559196,0.999980923429625,0.866376033658296,FLOAT
"weak_pair_loops_(1.01,0.99,1.005)",1.01,0.99,1.005,0.999982809277981,9.01483740224194,9.01581119618039,9.01596140162146,0.866365192181112,0.999983340052782,0.866376033658296,FLOAT
"weak_pair_loops_(1.01,0.99,1.005)",1.01,0.99,1.005,0.999984986892711,9.01483740224194,9.01568783323771,9.01581900867686,0.866366565573236,0.999985450524348,0.866376033658296,FLOAT
"weak_pair_loops_(1.01,0.99,1.005)",1.01,0.99,1.005,0.999986888660626,9.01483740224194,9.01558009922353,9.01569465595291,0.866367764981115,0.999987293632521,0.866376033658296,FLOAT
"weak_pair_loops_(1.01,0.99,1.005)",1.01,0.99,1.005,0.999988549524301,9.01483740224194,9.01548601387,9.01558605757064,0.86636881245121,0.999988903250438,0.866376033658296,FLOAT
"weak_pair_loops_(1.01,0.99,1.005)",1.01,0.99,1.005,0.99999,9.01483740224194,9.01540384787402,9.01549121736762,0.866369727209874,0.999990308959158,0.866376033658296,FLOAT
"weak_pair_loops_(1.01,0.99,1.005)",1.01,0.99,1.005,0.999991266738376,9.01483740224194,9.01533209107892,9.01540839216148,0.86637052609055,0.999991536591662,0.866376033658296,FLOAT
"weak_pair_loops_(1.01,0.99,1.005)",1.01,0.99,1.005,0.999992373014141,9.01483740224194,9.01526942469322,9.01533605967587,0.866371223789429,0.99999260870785,0.866376033658296,FLOAT
"weak_pair_loops_(1.01,0.99,1.005)",1.01,0.99,1.005,0.999993339153709,9.01483740224194,9.01521469703358,9.01527289053604,0.866371833079362,0.999993545009323,0.866376033658296,FLOAT
"weak_pair_loops_(1.01,0.99,1.005)",1.01,0.99,1.005,0.999994182908671,9.01483740224194,9.01516690234425,9.01521772381676,0.866372365185645,0.999994362701593,0.866376033658296,FLOAT
"weak_pair_loops_(1.01,0.99,1.005)",1.01,0.99,1.005,0.999994919781953,9.01483740224194,9.01512516230255,9.01516954569183,0.866372829878955,0.999995076810363,0.866376033658296,FLOAT
"weak_pair_loops_(1.01,0.99,1.005)",1.01,0.99,1.005,0.999995563312669,9.01483740224194,9.01508870986924,9.01512747079084,0.866373235731845,0.999995700457733,0.866376033658296,FLOAT
"weak_pair_loops_(1.01,0.99,1.005)",1.01,0.99,1.005,0.99999612532488,9.01483740224194,9.0150568751864,9.01509072592002,0.866373590170305,0.999996245103388,0.866376033658296,FLOAT
"weak_pair_loops_(1.01,0.99,1.005)",1.01,0.99,1.005,0.999996616144847,9.01483740224194,9.01502907326294,9.01505863584682,0.866373899706112,0.999996720755231,0.866376033658296,FLOAT
"weak_pair_loops_(1.01,0.99,1.005)",1.01,0.99,1.005,0.999997044790765,9.01483740224194,9.01500479322103,9.01503061088652,0.866374170004636,0.999997136153319,0.866376033658296,FLOAT
"weak_pair_loops_(1.01,0.99,1.005)",1.01,0.99,1.005,0.99999741913846,9.01483740224194,9.01498358890544,9.01500613606242,0.866374406053303,0.99999749893049,0.866376033658296,FLOAT
"weak_pair_loops_(1.01,0.99,1.005)",1.01,0.99,1.005,0.999997746066095,9.01483740224194,9.01496507068307,9.01498476163973,0.86637461230419,0.999997815752641,0.866376033658296,FLOAT
"weak_pair_loops_(1.01,0.99,1.005)",1.01,0.99,1.005,0.999998031580553,9.01483740224194,9.01494889828168,9.01496609485942,0.866374792301748,0.999998092441218,0.866376033658296,FLOAT
"weak_pair_loops_(1.01,0.99,1.005)",1.01,0.99,1.005,0.999998280927798,9.01483740224194,9.01493477453603,9.01494979271923,0.866374949577172,0.999998334080218,0.866376033658296,FLOAT
"weak_pair_loops_(1.01,0.99,1.005)",1.01,0.99,1.005,0.999998498689271,9.01483740224194,9.0149224399266,9.01493555566988,0.866375086834416,0.99999854510959,0.866376033658296,FLOAT
"weak_pair_loops_(1.01,0.99,1.005)",1.01,0.99,1.005,0.999998688866063,9.01483740224194,9.01491166781018,9.0149231221098,0.86637520680516,0.999998729406845,0.866376033658296,FLOAT
"weak_pair_loops_(1.01,0.99,1.005)",1.01,0.99,1.005,0.99999885495243,9.01483740224194,9.01490226025489,9.01491226357753,0.866375311602858,0.999998890358292,0.866376033658296,FLOAT
"weak_pair_loops_(1.01,0.99,1.005)",1.01,0.99,1.005,0.999999,9.01483740224194,9.01489404440277,9.01490278055328,0.866375402976047,0.999999030921273,0.866376033658296,FLOAT
"weak_pair_loops_(1.01,0.99,1.005)",1.01,0.99,1.005,0.999999126673838,9.01483740224194,9.01488686929336,9.01489449879233,0.866375482999512,0.999999153678507,0.866376033658296,FLOAT
"weak_pair_loops_(1.01,0.99,1.005)",1.01,0.99,1.005,0.999999237301414,9.01483740224194,9.0148806030896,9.01488726612317,0.86637555272857,0.999999260885536,0.866376033658296,FLOAT
"weak_pair_loops_(1.01,0.99,1.005)",1.01,0.99,1.005,0.999999333915371,9.01483740224194,9.01487513065526,9.01488094965109,0.866375613445367,0.999999354512182,0.866376033658296,FLOAT
"weak_pair_loops_(1.01,0.99,1.005)",1.01,0.99,1.005,0.999999418290867,9.01483740224194,9.01487035143925,9.0148754333162,0.866375666672371,0.999999436278739,0.866376033658296,FLOAT
"weak_pair_loops_(1.01,0.99,1.005)",1.01,0.99,1.005,0.999999491978195,9.01483740224194,9.014866177628,9.01487061576076,0.866375713171314,0.99999950768758,0.866376033658296,FLOAT
"weak_pair_loops_(1.01,0.99,1.005)",1.01,0.99,1.005,0.999999556331267,9.01483740224194,9.01486253253179,9.01486640846671,0.866375753750108,0.999999570050764,0.866376033658296,FLOAT
"weak_pair_loops_(1.01,0.99,1.005)",1.01,0.99,1.005,0.999999612532488,9.01483740224194,9.01485934917573,9.01486273412917,0.866375789141221,0.999999624514145,0.866376033658296,FLOAT
"weak_pair_loops_(1.01,0.99,1.005)",1.01,0.99,1.005,0.999999661614485,9.01483740224194,9.01485656906897,9.0148595252359,0.866375819987584,0.999999672078426,0.866376033658296,FLOAT
"weak_pair_loops_(1.01,0.99,1.005)",1.01,0.99,1.005,0.999999704479076,9.01483740224194,9.01485414113005,9.01485672282684,0.866375847141962,0.999999713617546,0.866376033658296,FLOAT
"weak_pair_loops_(1.01,0.99,1.005)",1.01,0.99,1.005,0.999999741913846,9.01483740224194,9.01485202074827,9.01485427541076,0.866375871044595,0.999999749894738,0.866376033658296,FLOAT
"weak_pair_loops_(1.01,0.99,1.005)",1.01,0.99,1.005,0.999999774606609,9.01483740224194,9.01485016896401,9.01485213801909,0.866375891604618,0.999999781576552,0.866376033658296,FLOAT
"weak_pair_loops_(1.01,0.99,1.005)",1.01,0.99,1.005,0.999999803158055,9.01483740224194,9.01484855175283,9.01485027137966,0.866375909532676,0.999999809245104,0.866376033658296,FLOAT
"weak_pair_loops_(1.01,0.99,1.005)",1.01,0.99,1.005,0.99999982809278,9.01483740224194,9.01484713940036,9.01484864119507,0.866375925125884,0.999999833408771,0.866376033658296,FLOAT
"weak_pair_loops_(1.01,0.99,1.005)",1.01,0.99,1.005,0.999999849868927,9.01483740224194,9.01484590595626,9.01484721751258,0.866375939225201,0.999999854511531,0.866376033658296,FLOAT
"weak_pair_loops_(1.01,0.99,1.005)",1.01,0.99,1.005,0.999999868886606,9.01483740224194,9.01484482875746,9.01484597417369,0.866375950900614,0.99999987294112,0.866376033658296,FLOAT
"weak_pair_loops_(1.01,0.99,1.005)",1.01,0.99,1.005,0.999999885495243,9.01483740224194,9.01484388801174,9.01484488833354,0.866375960639402,0.999999889036161,0.866376033658296,FLOAT
"weak_pair_loops_(1.01,0.99,1.005)",1.01,0.99,1.005,0.9999999,9.01483740224194,9.014843066434,9.01484394004106,0.866375970604789,0.999999903092381,0.866376033658296,FLOAT
"weak_pair_loops_(1.01,0.99,1.005)",1.01,0.99,1.005,0.999999912667384,9.01483740224194,9.01484234892876,9.01484311187256,0.866375979056636,0.999999915368044,0.866376033658296,FLOAT
"weak_pair_loops_(1.01,0.99,1.005)",1.01,0.99,1.005,0.999999923730141,9.01483740224194,9.01484172231273,9.01484238861145,0.866375984668887,0.9999999260887,0.866376033658296,FLOAT
"weak_pair_loops_(1.01,0.99,1.005)",1.01,0.99,1.005,0.999999933391537,9.01483740224194,9.01484117507261,9.01484175696866,0.866375990981536,0.99999993545133,0.866376033658296,FLOAT
"weak_pair_loops_(1.01,0.99,1.005)",1.01,0.99,1.005,0.999999941829087,9.01483740224194,9.01484069715354,9.01484120533854,0.866375995806223,0.999999943627959,0.866376033658296,FLOAT
"weak_pair_loops_(1.01,0.99,1.005)",1.01,0.99,1.005,0.99999994919782,9.01483740224194,9.01484027977434,9.01484072358556,0.866376002425599,0.999999950768824,0.866376033658296,FLOAT
"weak_pair_loops_(1.01,0.99,1.005)",1.01,0.99,1.005,0.999999955633127,9.01483740224194,9.01483991526619,9.01484030285811,0.866376006801242,0.999999957005127,0.866376033658296,FLOAT
"weak_pair_loops_(1.01,0.99,1.005)",1.01,0.99,1.005,0.999999961253249,9.01483740224194,9.01483959693171,9.01483993542586,0.866376008562414,0.999999962451452,0.866376033658296,FLOAT
"weak_pair_loops_(1.01,0.99,1.005)",1.01,0.99,1.005,0.999999966161448,9.01483740224194,9.01483931892189,9.01483961453767,0.866376011903167,0.999999967207872,0.866376033658296,FLOAT
"weak_pair_loops_(1.01,0.99,1.005)",1.01,0.99,1.005,0.999999970447908,9.01483740224194,9.01483907612865,9.01483933429763,0.866376015561489,0.999999971361777,0.866376033658296,FLOAT
"weak_pair_loops_(1.01,0.99,1.005)",1.01,0.99,1.005,0.999999974191385,9.01483740224194,9.01483886409097,9.01483908955669,0.866376013518361,0.99999997498949,0.866376033658296,FLOAT
"weak_pair_loops_(1.01,0.99,1.005)",1.01,0.99,1.005,0.999999977460661,9.01483740224194,9.01483867891292,9.01483887581803,0.866376017859128,0.999999978157668,0.866376033658296,FLOAT
"weak_pair_loops_(1.01,0.99,1.005)",1.01,0.99,1.005,0.999999980315806,9.01483740224194,9.0148385171921,9.01483868915448,0.866376014326409,0.999999980924519,0.866376033658296,FLOAT
"weak_pair_loops_(1.01,0.99,1.005)",1.01,0.99,1.005,0.999999982809278,9.01483740224194,9.01483837595707,9.01483852613631,0.866376018630917,0.999999983340884,0.866376033658296,FLOAT
"weak_pair_loops_(1.01,0.99,1.005)",1.01,0.99,1.005,0.999999984986893,9.01483740224194,9.01483825261283,9.01483838376829,0.866376023157236,0.999999985451159,0.866376033658296,FLOAT
"weak_pair_loops_(1.01,0.99,1.005)",1.01,0.99,1.005,0.999999986888661,9.01483740224194,9.01483814489308,9.01483825943457,0.866376020387397,0.999999987294116,0.866376033658296,FLOAT
"weak_pair_loops_(1.01,0.99,1.005)",1.01,0.99,1.005,0.999999988549524,9.01483740224194,9.0148380508186,9.01483815085068,0.866376021127494,0.999999988903619,0.866376033658296,FLOAT
"weak_pair_loops_(1.01,0.99,1.005)",1.01,0.99,1.005,0.99999999,9.01483740224194,9.01483796866091,9.01483805602154,0.866376027541944,0.999999990309241,0.866376033658296,FLOAT
"strong_antagonism_(20,20,20)",20,20,20,0.666666676666667,180,2.4317083920693e+17,1.67584069234919e+23,1.45103791975628e-06,1.45103791975628e-06,0.673562321079551,FLOAT
"strong_antagonism_(20,20,20)",20,20,20,0.66666667726311,180,2.16566476012246e+17,1.4084854438042e+23,1.53758405502096e-06,1.53758405502096e-06,0.673562321079551,FLOAT
"strong_antagonism_(20,20,20)",20,20,20,0.666666677895128,180,1.92872797472542e+17,1.18378277069465e+23,1.62929214926285e-06,1.62929214926285e-06,0.673562321079551,FLOAT
"strong_antagonism_(20,20,20)",20,20,20,0.666666678564843,180,1.71771345390639e+17,9.94928007541987e+22,1.72647009721846e-06,1.72647009721846e-06,0.673562321079551,FLOAT
"strong_antagonism_(20,20,20)",20,20,20,0.666666679274502,180,1.52978523589718e+17,8.36202213107084e+22,1.8294441367393e-06,1.8294441367393e-06,0.673562321079551,FLOAT
"strong_antagonism_(20,20,20)",20,20,20,0.666666680026488,180,1.36241745646879e+17,7.02798680895373e+22,1.93856006492935e-06,1.93856006492935e-06,0.673562321079551,FLOAT
"strong_antagonism_(20,20,20)",20,20,20,0.666666680823326,180,1.21336074374706e+17,5.90677721399696e+22,2.05418403265968e-06,2.05418403265968e-06,0.673562321079551,FLOAT
"strong_antagonism_(20,20,20)",20,20,20,0.666666681667691,180,1.08061174973884e+17,4.9644398348635e+22,2.17670429229515e-06,2.17670429229516e-06,0.673562321079551,FLOAT
"strong_antagonism_(20,20,20)",20,20,20,0.666666682562417,180,9.62386277454983e+16,4.17243805021334e+22,2.30653221419494e-06,2.30653221419495e-06,0.673562321079551,FLOAT
"strong_antagonism_(20,20,20)",20,20,20,0.666666683510509,180,8.57095391440553e+16,3.50678828226713e+22,2.44410361405234e-06,2.44410361405235e-06,0.673562321079551,FLOAT
"strong_antagonism_(20,20,20)",20,20,20,0.666666684515149,180,7.63323974844485e+16,2.9473329712452e+22,2.5898803504444e-06,2.5898803504444e-06,0.673562321079551,FLOAT
"strong_antagonism_(20,20,20)",20,20,20,0.66666668557971,180,6.79811704591918e+16,2.47713032967843e+22,2.74435178661013e-06,2.74435178661014e-06,0.673562321079551,FLOAT
"strong_antagonism_(20,20,20)",20,20,20,0.666666686707767,180,6.05436197498865e+16,2.08194154748937e+22,2.90803648271953e-06,2.90803648271954e-06,0.673562321079551,FLOAT
"strong_antagonism_(20,20,20)",20,20,20,0.666666687903105,180,5.3919781393862e+16,1.74979912035573e+22,3.08148408389301e-06,3.08148408389302e-06,0.673562321079551,FLOAT
"strong_antagonism_(20,20,20)",20,20,20,0.666666689169739,180,4.80206309475247e+16,1.47064504339158e+22,3.26527676840227e-06,3.26527676840228e-06,0.673562321079551,FLOAT
"strong_antagonism_(20,20,20)",20,20,20,0.66666669051192,180,4.27668836002968e+16,1.23602580230517e+22,3.46003162074264e-06,3.46003162074265e-06,0.673562321079551,FLOAT
"strong_antagonism_(20,20,20)",20,20,20,0.666666691934155,180,3.80879278710708e+16,1.03883653958243e+22,3.6664024049809e-06,3.66640240498092e-06,0.673562321079551,FLOAT
"strong_antagonism_(20,20,20)",20,20,20,0.666666693441218,180,3.39208778340428e+16,8.73105846844004e+21,3.88508196991873e-06,3.88508196991875e-06,0.673562321079551,FLOAT
"strong_antagonism_(20,20,20)",20,20,20,0.666666695038169,180,3.02097286686026e+16,7.33814989245897e+21,4.11680452311929e-06,4.11680452311931e-06,0.673562321079551,FLOAT
"strong_antagonism_(20,20,20)",20,20,20,0.666666696730369,180,2.69046015916657e+16,6.16745899227834e+21,4.36234786892788e-06,4.36234786892791e-06,0.673562321079551,FLOAT
"strong_antagonism_(20,20,20)",20,20,20,0.666666698523499,180,2.39610753980251e+16,5.1835341886282e+21,4.62253638658185e-06,4.62253638658189e-06,0.673562321079551,FLOAT
"strong_antagonism_(20,20,20)",20,20,20,0.666666700423579,180,2.13395886822176e+16,4.3565797015611e+21,4.89824360944683e-06,4.89824360944687e-06,0.673562321079551,FLOAT
"strong_antagonism_(20,20,20)",20,20,20,0.666666702436989,180,1.90049084673768e+16,3.66155331764864e+21,5.19039511886205e-06,5.1903951188621e-06,0.673562321079551,FLOAT
"strong_antagonism_(20,20,20)",20,20,20,0.666666704570486,180,1.69256566116174e+16,3.0774079898038e+21,5.49997162147366e-06,5.49997162147372e-06,0.673562321079551,FLOAT
"strong_antagonism_(20,20,20)",20,20,20,0.666666706831235,180,1.50738873193673e+16,2.58645418711348e+21,5.82801249466159e-06,5.82801249466166e-06,0.673562321079551,FLOAT
"strong_antagonism_(20,20,20)",20,20,20,0.666666709226825,180,1.34247127569783e+16,2.17382465567946e+21,6.17561895891829e-06,6.17561895891837e-06,0.673562321079551,FLOAT
"strong_antagonism_(20,20,20)",20,20,20,0.666666711765299,180,1.19559679911693e+16,1.82702394547741e+21,6.54395801476206e-06,6.54395801476216e-06,0.673562321079551,FLOAT
"strong_antagonism_(20,20,20)",20,20,20,0.666666714455177,180,1.0647912773369e+16,1.53555005410375e+21,6.93426615753249e-06,6.93426615753261e-06,0.673562321079551,FLOAT
"strong_antagonism_(20,20,20)",20,20,20,0.666666717305492,180,9.4829666703733e+15,1.29057640144861e+21,7.34785376497581e-06,7.34785376497595e-06,0.673562321079551,FLOAT
"strong_antagonism_(20,20,20)",20,20,20,0.666666720325813,180,8.44547268567847e+15,1.08468458170481e+21,7.78610927833457e-06,7.78610927833474e-06,0.673562321079551,FLOAT
"strong_antagonism_(20,20,20)",20,20,20,0.666666723526278,180,7.52148690726251e+15,9.11639696863239e+20,8.25050393608592e-06,8.25050393608612e-06,0.673562321079551,FLOAT
"strong_antagonism_(20,20,20)",20,20,20,0.666666726917633,180,6.69859069116329e+15,7.66201491032765e+20,8.74259678369205e-06,8.74259678369229e-06,0.673562321079551,FLOAT
"strong_antagonism_(20,20,20)",20,20,20,0.666666730511263,180,5.96572434865001e+15,6.43965755312694e+20,9.26403974036325e-06,9.26403974036353e-06,0.673562321079551,FLOAT
"strong_antagonism_(20,20,20)",20,20,20,0.666666734319233,180,5.31303797968127e+15,5.41230869120535e+20,9.81658342643026e-06,9.81658342643059e-06,0.673562321079551,FLOAT
"strong_antagonism_(20,20,20)",20,20,20,0.666666738354327,180,4.73175948325934e+15,4.54885777008238e+20,1.04020827258652e-05,1.04020827258656e-05,0.673562321079551,FLOAT
"strong_antagonism_(20,20,20)",20,20,20,0.666666742630091,180,4.21407634822054e+15,3.82315727005952e+20,1.10225032624796e-05,1.102250326248e-05,0.673562321079551,FLOAT
"strong_antagonism_(20,20,20)",20,20,20,0.66666674716088,180,3.75303088510266e+15,3.21323126213316e+20,1.16799277080697e-05,1.16799277080703e-05,0.673562321079551,FLOAT
"strong_antagonism_(20,20,20)",20,20,20,0.666666751961906,180,3.34242658052191e+15,2.700609646042e+20,1.23765631416609e-05,1.23765631416616e-05,0.673562321079551,FLOAT
"strong_antagonism_(20,20,20)",20,20,20,0.666666757049286,180,2.97674488515124e+15,2.26976900900007e+20,1.31147481234773e-05,1.31147481234781e-05,0.673562321079551,FLOAT
"strong_antagonism_(20,20,20)",20,20,20,0.666666762440099,180,2.65107098213974e+15,1.90766241988801e+20,1.38969607751417e-05,1.38969607751426e-05,0.673562321079551,FLOAT
"strong_antagonism_(20,20,20)",20,20,20,0.666666768152444,180,2.36102776056834e+15,1.60332437697767e+20,1.47258271281248e-05,1.47258271281259e-05,0.673562321079551,FLOAT
"strong_antagonism_(20,20,20)",20,20,20,0.666666774205498,180,2.10271703048113e+15,1.34753882739489e+20,1.56041294524032e-05,1.56041294524045e-05,0.673562321079551,FLOAT
"strong_antagonism_(20,20,20)",20,20,20,0.666666780619582,180,1.87266705647516e+15,1.13255993275454e+20,1.65348164129416e-05,1.65348164129432e-05,0.673562321079551,FLOAT
"strong_antagonism_(20,20,20)",20,20,20,0.66666678741623,180,1.66778594218363e+15,9.51877626670094e+19,1.75210121075939e-05,1.75210121075958e-05,0.673562321079551,FLOAT
"strong_antagonism_(20,20,20)",20,20,20,0.66666679461826,180,1.48532006098577e+15,8.00020400292601e+19,1.85660273218326e-05,1.85660273218348e-05,0.673562321079551,FLOAT
"strong_antagonism_(20,20,20)",20,20,20,0.666666802249851,180,1.32281705128852e+15,6.72389656403339e+19,1.96733700271981e-05,1.96733700272007e-05,0.673562321079551,FLOAT
"strong_antagonism_(20,20,20)",20,20,20,0.666666810336623,180,1.17809285553316e+15,5.65120430442317e+19,2.08467574709852e-05,2.08467574709884e-05,0.673562321079551,FLOAT
"strong_antagonism_(20,20,20)",20,20,20,0.666666818905725,180,1.04920236369123e+15,4.74964351510368e+19,2.20901286665962e-05,2.20901286666e-05,0.673562321079551,FLOAT
"strong_antagonism_(20,20,20)",20,20,20,0.666666827985925,180,934413269248601,3.99191278537793e+19,2.34076574185464e-05,2.3407657418551e-05,0.673562321079551,FLOAT
"strong_antagonism_(20,20,20)",20,20,20,0.666666837607709,180,832182798555553,3.35506624674592e+19,2.48037665236121e-05,2.48037665236175e-05,0.673562321079551,FLOAT
"strong_antagonism_(20,20,20)",20,20,20,0.666666847803377,180,741136959157381,2.81981866281965e+19,2.62831425626536e-05,2.628314256266e-05,0.673562321079551,FLOAT
"strong_antagonism_(20,20,20)",20,20,20,0.66666685860716,180,660052085736653,2.36996148927596e+19,2.78507515300649e-05,2.78507515300725e-05,0.673562321079551,FLOAT
"strong_antagonism_(20,20,20)",20,20,20,0.666666870055327,180,587838389259202,1.99187200897818e+19,2.95118555112676e-05,2.95118555112766e-05,0.673562321079551,FLOAT
"strong_antagonism_(20,20,20)",20,20,20,0.666666882186313,180,523525307438875,1.67410078239214e+19,3.12720305100524e-05,3.12720305100632e-05,0.673562321079551,FLOAT
"strong_antagonism_(20,20,20)",20,20,20,0.666666895040844,180,466248466517662,1.40702496256889e+19,3.31371851190347e-05,3.31371851190475e-05,0.673562321079551,FLOAT
"strong_antagonism_(20,20,20)",20,20,20,0.666666908662074,180,415238058472856,1.18255688701537e+19,3.51135799919687e-05,3.51135799919839e-05,0.673562321079551,FLOAT
"strong_antagonism_(20,20,20)",20,20,20,0.666666923095735,180,369808498278145,9.93899147674951e+18,3.72078494224556e-05,3.72078494224737e-05,0.673562321079551,FLOAT
"strong_antagonism_(20,20,20)",20,20,20,0.666666938390282,180,329349207030622,8.35338762411775e+18,3.94270231252709e-05,3.94270231252925e-05,0.673562321079551,FLOAT
"strong_antagonism_(20,20,20)",20,20,20,0.666666954597062,180,293316406890552,7.02074164899434e+18,4.17785501240295e-05,4.17785501240551e-05,0.673562321079551,FLOAT
"strong_antagonism_(20,20,20)",20,20,20,0.666666971770485,180,261225813751775,5.90069810449806e+18,4.42703234643482e-05,4.42703234643787e-05,0.673562321079551,FLOAT
"strong_antagonism_(20,20,20)",20,20,20,0.666666989968206,180,232646125562903,4.95933956084605e+18,4.691070710291e-05,4.69107071029463e-05,0.673562321079551,FLOAT
"strong_antagonism_(20,20,20)",20,20,20,0.666667009251318,180,207193228498118,4.16815964745388e+18,4.97085634962428e-05,4.9708563496286e-05,0.673562321079551,FLOAT
"strong_antagonism_(20,20,20)",20,20,20,0.666667029684559,180,184525032489193,3.50319972445111e+18,5.26732835701866e-05,5.26732835702379e-05,0.673562321079551,FLOAT
"strong_antagonism_(20,20,20)",20,20,20,0.666667051336528,180,164336874488060,2.94432337498999e+18,5.58148184006585e-05,5.58148184007197e-05,0.673562321079551,FLOAT
"strong_antagonism_(20,20,20)",20,20,20,0.666667074279914,180,146357423280580,2.47460665107813e+18,5.91437120791038e-05,5.91437120791766e-05,0.673562321079551,FLOAT
"strong_antagonism_(20,20,20)",20,20,20,0.666667098591744,180,130345032948731,2.07982554189063e+18,6.26711377099748e-05,6.26711377100613e-05,0.673562321079551,FLOAT
"strong_antagonism_(20,20,20)",20,20,20,0.666667124353638,180,116084495114177,1.7480252668245e+18,6.64089343084149e-05,6.64089343085179e-05,0.673562321079551,FLOAT
"strong_antagonism_(20,20,20)",20,20,20,0.666667151652083,180,103384146610881,1.46915823996076e+18,7.03696469166334e-05,7.03696469167559e-05,0.673562321079551,FLOAT
"strong_antagonism_(20,20,20)",20,20,20,0.666667180578726,180,92073293150673.7,1.23477980972029e+18,7.45665684081365e-05,7.45665684082823e-05,0.673562321079551,FLOAT
"strong_antagonism_(20,20,20)",20,20,20,0.66666721123068,180,81999915625167,1.03779253705394e+18,7.90137842557305e-05,7.90137842559039e-05,0.673562321079551,FLOAT
"strong_antagonism_(20,20,20)",20,20,20,0.66666724371085,180,73028626680046.6,8.7223126817112e+17,8.37262195759065e-05,8.37262195761129e-05,0.673562321079551,FLOAT
"strong_antagonism_(20,20,20)",20,20,20,0.666667278128279,180,65038851096320.5,7.33082493382626e+17,8.87196893708852e-05,8.87196893711307e-05,0.673562321079551,FLOAT
"strong_antagonism_(20,20,20)",20,20,20,0.666667314598514,180,57923205448019.8,6.16132532268961e+17,9.40109512389041e-05,9.40109512391963e-05,0.673562321079551,FLOAT
"strong_antagonism_(20,20,20)",20,20,20,0.666667353243992,180,51586054562590.7,5.17839926707627e+17,9.96177619798255e-05,9.96177619801731e-05,0.673562321079551,FLOAT
"strong_antagonism_(20,20,20)",20,20,20,0.666667394194455,180,45942226437135.3,4.35228203628258e+17,0.000105558936792148,0.000105558936792561,0.673562321079551,FLOAT
"strong_antagonism_(20,20,20)",20,20,20,0.666667437587381,180,40915867340431.2,3.65795738546711e+17,0.000111854412254249,0.000111854412254741,0.673562321079551,FLOAT
"strong_antagonism_(20,20,20)",20,20,20,0.666667483568452,180,36439422433916.4,3.07440000403455e+17,0.000118525313511309,0.000118525313511894,0.673562321079551,FLOAT
"strong_antagonism_(20,20,20)",20,20,20,0.666667532292033,180,32452727753990.1,2.58393883027625e+17,0.000125594024802594,0.000125594024803291,0.673562321079551,FLOAT
"strong_antagonism_(20,20,20)",20,20,20,0.666667583921701,180,28902201667870.1,2.17172193873595e+17,0.000133084264390277,0.000133084264391106,0.673562321079551,FLOAT
"strong_antagonism_(20,20,20)",20,20,20,0.666667638630787,180,25740124685796.9,1.82526678457663e+17,0.000141021164155942,0.000141021164156928,0.673562321079551,FLOAT
"strong_antagonism_(20,20,20)",20,20,20,0.666667696602962,180,22923998136464.6,1.53408220911043e+17,0.000149431353809765,0.000149431353810938,0.673562321079551,FLOAT
"strong_antagonism_(20,20,20)",20,20,20,0.66666775803285,180,20415972928246.6,1.28935074424323e+17,0.000158343049935955,0.000158343049937351,0.673562321079551,FLOAT
"strong_antagonism_(20,20,20)",20,20,20,0.666667823126684,180,18182340914275.4,1.08366160403502e+17,0.000167786150643276,0.000167786150644937,0.673562321079551,FLOAT
"strong_antagonism_(20,20,20)",20,20,20,0.666667892102997,180,16193081816882.1,9.10786270769227e+16,0.000177792335440299,0.000177792335442275,0.673562321079551,FLOAT
"strong_antagonism_(20,20,20)",20,20,20,0.666667965193359,180,14421459753967.2,7.65489881487527e+16,0.000188395171543782,0.000188395171546133,0.673562321079551,FLOAT
"strong_antagonism_(20,20,20)",20,20,20,0.666668042643148,180,12843663916608.8,6.43372708479062e+16,0.000199630225950855,0.000199630225953652,0.673562321079551,FLOAT
"strong_antagonism_(20,20,20)",20,20,20,0.66666812471238,180,11438488537975.1,5.40736925098384e+16,0.0002115351847983,0.000211535184801628,0.673562321079551,FLOAT
"strong_antagonism_(20,20,20)",20,20,20,0.666668211676578,180,10187047894774.8,4.54474630598245e+16,0.000224149979090915,0.000224149979094875,0.673562321079551,FLOAT
"strong_antagonism_(20,20,20)",20,20,20,0.666668303827701,180,9072522472139.87,3.81973735968927e+16,0.000237516918511328,0.000237516918516039,0.673562321079551,FLOAT
"strong_antagonism_(20,20,20)",20,20,20,0.666668401475117,180,8079932915828.65,3.21038866052005e+16,0.000251680832760599,0.000251680832766204,0.673562321079551,FLOAT
"strong_antagonism_(20,20,20)",20,20,20,0.666668504946651,180,7195938702689.32,2.69824879256888e+16,0.000266689221628761,0.00026668922163543,0.673562321079551,FLOAT
"strong_antagonism_(20,20,20)",20,20,20,0.666668614589678,180,6408658841198.27,2.26780993894326e+16,0.000282592413542582,0.000282592413550517,0.673562321079551,FLOAT
"strong_antagonism_(20,20,20)",20,20,20,0.666668730772293,180,5707512195668.66,1.90603827964758e+16,0.000299443733970758,0.000299443733980199,0.673562321079551,FLOAT
"strong_antagonism_(20,20,20)",20,20,20,0.666668853884545,180,5083075268247.62,1.60197930679998e+16,0.000317299683366157,0.000317299683377389,0.673562321079551,FLOAT
"strong_antagonism_(20,20,20)",20,20,20,0.666668984339748,180,4526955549060.58,1.34642610518387e+16,0.000336220126113972,0.000336220126127336,0.673562321079551,FLOAT
"strong_antagonism_(20,20,20)",20,20,20,0.666669122575868,180,4031678722177.12,1.13164055576485e+16,0.000356268490154302,0.000356268490170203,0.673562321079551,FLOAT
"strong_antagonism_(20,20,20)",20,20,20,0.666669269056992,180,3590588204032.92,9.5111901207142e+15,0.000377511978867201,0.000377511978886119,0.673562321079551,FLOAT
"strong_antagonism_(20,20,20)",20,20,20,0.666669424274889,180,3197755684240.44,7.99395363537867e+15,0.000400021795211355,0.000400021795233863,0.673562321079551,FLOAT
"strong_antagonism_(20,20,20)",20,20,20,0.666669588750657,180,2847901443607.73,6.71875513412456e+15,0.000423873379305538,0.000423873379332317,0.673562321079551,FLOAT
"strong_antagonism_(20,20,20)",20,20,20,0.666669763036477,180,2536323397137.94,5.64698265390886e+15,0.000449146659801119,0.00044914665983298,0.673562321079551,FLOAT
"strong_antagonism_(20,20,20)",20,20,20,0.666669947717462,180,2258833896489.51,4.74618401921939e+15,0.000475926320421327,0.000475926320459234,0.673562321079551,FLOAT
"strong_antagonism_(20,20,20)",20,20,20,0.666670143413626,180,2011703446936.31,3.9890841585611e+15,0.000504302082080424,0.000504302082125525,0.673562321079551,FLOAT
"strong_antagonism_(20,20,20)",20,20,20,0.666670350781961,180,1791610583614.19,3.35275919667343e+15,0.000534369001272713,0.000534369001326371,0.673562321079551,FLOAT
"strong_antagonism_(20,20,20)",20,20,20,0.666670570518648,180,1595597229935.83,2.81794229594456e+15,0.000566227786868537,0.000566227786932378,0.673562321079551,FLOAT
"strong_antagonism_(20,20,20)",20,20,20,0.666670803361388,180,1421028940796.54,2.36844024603394e+15,0.000599985134941118,0.000599985135017072,0.673562321079551,FLOAT
"strong_antagonism_(20,20,20)",20,20,20,0.666671050091883,180,1265559495339.5,1.99064312486718e+15,0.000635754083366425,0.000635754083456791,0.673562321079551,FLOAT
"strong_antagonism_(20,20,20)",20,20,20,0.66667131153846,180,1127099363636.83,1.67311218394951e+15,0.000673654387475887,0.000673654387583398,0.673562321079551,FLOAT
"strong_antagonism_(20,20,20)",20,20,20,0.666671588578849,180,1003787622972.25,1.40623347914574e+15,0.000713812917753997,0.000713812917881907,0.673562321079551,FLOAT
"strong_antagonism_(20,20,20)",20,20,20,0.666671882143135,180,893966946840.586,1.1819267591842e+15,0.000756364080696307,0.000756364080848486,0.673562321079551,FLOAT
"strong_antagonism_(20,20,20)",20,20,20,0.666672193216873,180,796161330452.219,993400795391454,0.000801450264551713,0.000801450264732764,0.673562321079551,FLOAT
"strong_antagonism_(20,20,20)",20,20,20,0.666672522844405,180,709056252774.459,834947743711202,0.00084922231113887,0.00084922231135427,0.673562321079551,FLOAT
"strong_antagonism_(20,20,20)",20,20,20,0.666672872132358,180,631481009445.433,701770313072746,0.000899840015318708,0.000899840015574972,0.673562321079551,FLOAT
"strong_antagonism_(20,20,20)",20,20,20,0.666673242253367,180,562392978263.148,589836505650801,0.000953472653346198,0.000953472653651076,0.673562321079551,FLOAT
"strong_antagonism_(20,20,20)",20,20,20,0.666673634450005,180,500863606258.16,495757530220646,0.00101029954271279,0.00101029954307551,0.673562321079551,FLOAT
"strong_antagonism_(20,20,20)",20,20,20,0.66667405003896,180,446065929760.041,416685192481171,0.00107051063399713,0.00107051063442865,0.673562321079551,FLOAT
"strong_antagonism_(20,20,20)",20,20,20,0.66667449041545,180,397263460034.912,350225654691806,0.00113430713750739,0.00113430713802077,0.673562321079551,FLOAT
"strong_antagonism_(20,20,20)",20,20,20,0.666674957057912,180,353800284651.225,294366953054566,0.00120190218637028,0.00120190218698103,0.673562321079551,FLOAT
"strong_antagonism_(20,20,20)",20,20,20,0.666675451532965,180,315092251979.429,247418078405680,0.00127352153824029,0.00127352153896688,0.673562321079551,FLOAT
"strong_antagonism_(20,20,20)",20,20,20,0.666675975500663,180,280619120205.566,207957775505791,0.00134940431702201,0.0013494043178864,0.673562321079551,FLOAT
"strong_antagonism_(20,20,20)",20,20,20,0.666676530720078,180,249917565086.618,174791509962313,0.00142980379859846,0.00142980379962678,0.673562321079551,FLOAT
"strong_antagonism_(20,20,20)",20,20,20,0.666677119055197,180,222574952902.694,146915300526534,0.00151498824101557,0.00151498824223891,0.673562321079551,FLOAT
"strong_antagonism_(20,20,20)",20,20,20,0.666677742481186,180,198223794577.408,123485321005820,0.00160524176301371,0.00160524176446904,0.673562321079551,FLOAT
"strong_antagonism_(20,20,20)",20,20,20,0.666678403091018,180,176536806588.111,103792351586549,0.00170086527292147,0.00170086527465275,0.673562321079551,FLOAT
"strong_antagonism_(20,20,20)",20,20,20,0.666679103102497,180,157222512224.284,87240305869710.4,0.001802177450861,0.00180217745292055,0.673562321079551,FLOAT
"strong_antagonism_(20,20,20)",20,20,20,0.666679844865711,180,140021324123.466,73328183443354.3,0.00190951578736401,0.00190951578981404,0.673562321079551,FLOAT
"strong_antagonism_(20,20,20)",20,20,20,0.666680630870915,180,124702055352.564,61634901489996.1,0.00202323768122138,0.00202323768413589,0.673562321079551,FLOAT
"strong_antagonism_(20,20,20)",20,20,20,0.666681463756893,180,111058812258.651,51806546194676.3,0.0021437215996161,0.00214372160308312,0.673562321079551,FLOAT
"strong_antagonism_(20,20,20)",20,20,20,0.666682346319819,180,98908227214.871,43545657843718.7,0.0022713683047401,0.0022713683088643,0.673562321079551,FLOAT
"strong_antagonism_(20,20,20)",20,20,20,0.666683281522644,180,88086994131.4439,36602225249326.5,0.00240660214923676,0.00240660215414266,0.673562321079551,FLOAT
"strong_antagonism_(20,20,20)",20,20,20,0.666684272505039,180,78449673613.5658,30766116783548.5,0.00254987244526011,0.00254987245109578,0.673562321079551,FLOAT
"strong_antagonism_(20,20,20)",20,20,20,0.666685322593942,180,69866738225.8639,25860718844312.3,0.00270165491017341,0.00270165491711497,0.673562321079551,FLOAT
"strong_antagonism_(20,20,20)",20,20,20,0.666686435314721,180,62222831636.7236,21737589141035.9,0.00286245319356853,0.00286245320182541,0.673562321079551,FLOAT
"strong_antagonism_(20,20,20)",20,20,20,0.666687614403016,180,55415218201.1585,18271962899706.6,0.00303280048924543,0.00303280049906671,0.673562321079551,FLOAT
"strong_antagonism_(20,20,20)",20,20,20,0.666688863817274,180,49352402192.1384,15358975935274.8,0.00321326123699236,0.00321326124867423,0.673562321079551,FLOAT
"strong_antagonism_(20,20,20)",20,20,20,0.666690187752041,180,43952898077.5969,12910490219991.9,0.00340443291844554,0.00340443293234023,0.673562321079551,FLOAT
"strong_antagonism_(20,20,20)",20,20,20,0.666691590652045,180,39144135346.7548,10852425842791.7,0.00360694795195527,0.00360694796848159,0.673562321079551,FLOAT
"strong_antagonism_(20,20,20)",20,20,20,0.666693077227118,180,34861483151.1138,9122518574378.65,0.00382147569090328,0.00382147571055927,0.673562321079551,FLOAT
"strong_antagonism_(20,20,20)",20,20,20,0.666694652468004,180,31047381657.9623,7668435142749.37,0.00404872453124245,0.00404872455462026,0.673562321079551,FLOAT
"strong_antagonism_(20,20,20)",20,20,20,0.66669632166312,180,27650568437.2101,6446189156327.08,0.004289444133181,0.0042894441609847,0.673562321079551,FLOAT
"strong_antagonism_(20,20,20)",20,20,20,0.666698090416304,180,24625389486.9101,5418809715480.8,0.00454442776194497,0.00454442779501165,0.673562321079551,FLOAT
"strong_antagonism_(20,20,20)",20,20,20,0.666699964665634,180,21931185637.4159,4555222400889.22,0.00481451475431832,0.00481451479364316,0.673562321079551,FLOAT
"strong_antagonism_(20,20,20)",20,20,20,0.66670195070336,180,19531746085.1663,3829308761447.39,0.0051005931155841,0.00510059316235021,0.673562321079551,FLOAT
"strong_antagonism_(20,20,20)",20,20,20,0.666704055197027,180,17394821714.8435,3219115827013.07,0.00540360225309331,0.00540360230870714,0.673562321079551,FLOAT
"strong_antagonism_(20,20,20)",20,20,20,0.666706285211866,180,15491691666.3086,2706191713302.63,0.0057245358527955,0.00572453591892888,0.673562321079551,FLOAT
"strong_antagonism_(20,20,20)",20,20,20,0.666708648234505,180,13796777321.0476,2275027205142.51,0.00606444490463794,0.00606444498327805,0.673562321079551,FLOAT
"strong_antagonism_(20,20,20)",20,20,20,0.666711152198109,180,12287298522.2774,1912586413099.96,0.00642444088239564,0.00642444097590441,0.673562321079551,FLOAT
"strong_antagonism_(20,20,20)",20,20,20,0.666713805509012,180,10942967405.9867,1607912293917.57,0.00680569908483623,0.00680569919602076,0.673562321079551,FLOAT
"strong_antagonism_(20,20,20)",20,20,20,0.666716617074936,180,9745715728.25031,1351795092902.73,0.00720946214460721,0.0072094622768035,0.673562321079551,FLOAT
"strong_antagonism_(20,20,20)",20,20,20,0.6667195963349,180,8679452025.21939,1136493671614.82,0.00763704371029323,0.00763704386746553,0.673562321079551,FLOAT
"strong_antagonism_(20,20,20)",20,20,20,0.666722753290909,180,7729845341.45393,955501284646.785,0.00808983230804086,0.00808983249489967,0.673562321079551,FLOAT
"strong_antagonism_(20,20,20)",20,20,20,0.666726098541527,180,6884132619.05321,803348715134.799,0.00856929538928876,0.0085692956114308,0.673562321079551,FLOAT
"strong_antagonism_(20,20,20)",20,20,20,0.666729643317467,180,6130947160.02378,675438810074.633,0.0090769835701034,0.00907698383417786,0.673562321079551,FLOAT
"strong_antagonism_(20,20,20)",20,20,20,0.666733399519287,180,5460165855.83236,567907406805.165,0.00961453506704524,0.00961453538095096,0.673562321079551,FLOAT
"strong_antagonism_(20,20,20)",20,20,20,0.666737379757347,180,4862773131.05088,477506440927.613,0.0101836803362012,0.0101836807093206,0.673562321079551,FLOAT
"strong_antagonism_(20,20,20)",20,20,20,0.666741597394146,180,4330739772.20448,401505697644.824,0.0107862469189093,0.0107862473623861,0.673562321079551,FLOAT
"strong_antagonism_(20,20,20)",20,20,20,0.666746066589179,180,3856915013.66095,337610232757.401,0.0114241644994475,0.0114241650265158,0.673562321079551,FLOAT
"strong_antagonism_(20,20,20)",20,20,20,0.666750802346474,180,3434930429.94974,283890963959.973,0.0120994701776135,0.0120994708039881,0.673562321079551,FLOAT
"strong_antagonism_(20,20,20)",20,20,20,0.666755820564966,180,3059114342.82594,238726331723.882,0.0128143139595961,0.0128143147039355,0.673562321079551,FLOAT
"strong_antagonism_(20,20,20)",20,20,20,0.666761138091871,180,2724415592.7348,200753264176.454,0.0135709644690157,0.0135709653534707,0.673562321079551,FLOAT
"strong_antagonism_(20,20,20)",20,20,20,0.666766772779247,180,2426335650.15527,168825962011.42,0.0143718148786741,0.0143718159295378,0.673562321079551,FLOAT
"strong_antagonism_(20,20,20)",20,20,20,0.666772743543927,180,2160868154.41292,141981256159.224,0.0152193890630826,0.0152193903115608,0.673562321079551,FLOAT
"strong_antagonism_(20,20,20)",20,20,20,0.666779070431024,180,1924445067.24646,119409489904.18,0.0161163479694258,0.0161163494525496,0.673562321079551,FLOAT
"strong_antagonism_(20,20,20)",20,20,20,0.666785774681232,180,1713888717.58954,100430044353.707,0.0170654962037569,0.0170654979654629,0.673562321079551,FLOAT
"strong_antagonism_(20,20,20)",20,20,20,0.666792878802131,180,1526369092.89705,84470766693.9512,0.018069788826232,0.0180697909186415,0.673562321079551,FLOAT
"strong_antagonism_(20,20,20)",20,20,20,0.66680040664375,180,1359365803.08794,71050678792.4954,0.0191323383482627,0.0191323408331958,0.673562321079551,FLOAT
"strong_antagonism_(20,20,20)",20,20,20,0.666808383478639,180,1210634205.85663,59765442992.483,0.0202564219201897,0.0202564248709559,0.673562321079551,FLOAT
"strong_antagonism_(20,20,20)",20,20,20,0.666816836086713,180,1078175238.09637,50275145378.4865,0.0214454886970437,0.0214454922005604,0.673562321079551,FLOAT
"strong_antagonism_(20,20,20)",20,20,20,0.666825792845157,180,960208547.958468,42294026935.732,0.0227031673646051,0.0227031715239023,0.673562321079551,FLOAT
"strong_antagonism_(20,20,20)",20,20,20,0.666835283823696,180,855148566.413225,35581851962.1527,0.0240332738062316,0.0240332787434117,0.673562321079551,FLOAT
"strong_antagonism_(20,20,20)",20,20,20,0.666845340885544,180,761583196.749714,29936652645.1818,0.0254398188854109,0.0254398247451453,0.673562321079551,FLOAT
"strong_antagonism_(20,20,20)",20,20,20,0.666855997794376,180,678254835.571937,25188630351.8057,0.026927016314334,0.0269270232679926,0.673562321079551,FLOAT
"strong_antagonism_(20,20,20)",20,20,20,0.666867290327678,180,604043470.214874,21195029180.1215,0.0284992905747575,0.028499298825283,0.673562321079551,FLOAT
"strong_antagonism_(20,20,20)",20,20,20,0.666879256396864,180,537951625.411477,17835826739.8598,0.030161284850244,0.0301612946379018,0.673562321079551,FLOAT
"strong_antagonism_(20,20,20)",20,20,20,0.666891936174548,180,479090956.89514,15010111852.7443,0.0319178689233262,0.0319178805324857,0.673562321079551,FLOAT
"strong_antagonism_(20,20,20)",20,20,20,0.666905372229415,180,426670311.737049,12633039644.724,0.0337741469840625,0.0337741607511889,0.673562321079551,FLOAT
"strong_antagonism_(20,20,20)",20,20,20,0.666919609669129,180,379985094.966544,10633271970.3537,0.0357354652884223,0.0357354816114898,0.673562321079551,FLOAT
"strong_antagonism_(20,20,20)",20,20,20,0.666934696291775,180,338407799.547941,8950825789.25325,0.0378074195969252,0.037807438946499,0.673562321079551,FLOAT
"strong_antagonism_(20,20,20)",20,20,20,0.666950682746323,180,301379572.437651,7535264454.74653,0.0399958623147015,0.0399958852469749,0.673562321079551,FLOAT
"strong_antagonism_(20,20,20)",20,20,20,0.666967622702667,180,268402703.372157,6344177246.33354,0.0423069092438294,0.0423069364159512,0.673562321079551,FLOAT
"strong_antagonism_(20,20,20)",20,20,20,0.666985573031808,180,239033935.426172,5341901194.41355,0.0447469458496535,0.0447469780377347,0.673562321079551,FLOAT
"strong_antagonism_(20,20,20)",20,20,20,0.667004593996783,180,212878507.443907,4498446573.83623,0.0473226329284692,0.0473226710487232,0.673562321079551,FLOAT
"strong_antagonism_(20,20,20)",20,20,20,0.667024749454976,180,189584848.262594,3788593600.23183,0.0500409115557703,0.050040956689309,0.673562321079551,FLOAT
"strong_antagonism_(20,20,20)",20,20,20,0.667046107072505,180,168839851.426253,3191133040.61692,0.0529090071773484,0.0529090605992448,0.673562321079551,FLOAT
"strong_antagonism_(20,20,20)",20,20,20,0.667068738551391,180,150364666.873899,2688227799.90438,0.0559344326948203,0.0559344959081396,0.673562321079551,FLOAT
"strong_antagonism_(20,20,20)",20,20,20,0.667092719870275,180,133910953.046497,2264876202.51352,0.0591249903815422,0.0591250651571531,0.673562321079551,FLOAT
"strong_antagonism_(20,20,20)",20,20,20,0.667118131539495,180,119257539.03711,1908460761.96781,0.0624887724503817,0.0624888608734839,0.673562321079551,FLOAT
"strong_antagonism_(20,20,20)",20,20,20,0.667145058871377,180,106207451.924358,1608368815.19959,0.0660341600799613,0.0660342646044022,0.673562321079551,FLOAT
"strong_antagonism_(20,20,20)",20,20,20,0.667173592266644,180,94585269.3358922,1355673570.01538,0.0697698206902319,0.0697699442018471,0.673562321079551,FLOAT
"strong_antagonism_(20,20,20)",20,20,20,0.667203827517915,180,84234761.6581099,1142865939.5989,0.0737047032432516,0.0737048491336379,0.673562321079551,FLOAT
"strong_antagonism_(20,20,20)",20,20,20,0.667235866131295,180,75016792.2050359,963629072.400566,0.0778480313289036,0.0778482035812351,0.673562321079551,FLOAT
"strong_antagonism_(20,20,20)",20,20,20,0.667269815667157,180,66807447.1225047,812648775.422402,0.0822092937818705,0.0822094970705877,0.673562321079551,FLOAT
"strong_antagonism_(20,20,20)",20,20,20,0.667305790101244,180,59496369.893716,685454113.082293,0.0867982325612728,0.0867984723677237,0.673562321079551,FLOAT
"strong_antagonism_(20,20,20)",20,20,20,0.667343910207308,180,52985278.061167,578283375.090275,0.0916248276121799,0.09162511035856,0.673562321079551,FLOAT
"strong_antagonism_(20,20,20)",20,20,20,0.667384303962572,180,47186642.2298679,487971372.777369,0.0966992784170277,0.0966996116212666,0.673562321079551,FLOAT
"strong_antagonism_(20,20,20)",20,20,20,0.667427106977381,180,42022509.5963998,411854667.179556,0.10203198193657,0.102032374391133,0.673562321079551,FLOAT
"strong_antagonism_(20,20,20)",20,20,20,0.66747246295047,180,37423456.1925113,347691873.440816,0.107633506633892,0.107633968611813,0.673562321079551,FLOAT
"strong_antagonism_(20,20,20)",20,20,20,0.667520524151393,180,33327653.7604674,293596641.043798,0.113514562273609,0.113515105765449,0.673562321079551,FLOAT
"strong_antagonism_(20,20,20)",20,20,20,0.667571451931725,180,29680038.7190424,247981291.840809,0.119685965187927,0.119686604173735,0.673562321079551,FLOAT
"strong_antagonism_(20,20,20)",20,20,20,0.667625417266748,180,26431572.0506271,209509419.327486,0.126158598711305,0.126159349472072,0.673562321079551,FLOAT
"strong_antagonism_(20,20,20)",20,20,20,0.66768260132946,180,23538580.1620095,177056022.862286,0.132943368495993,0.132944249969502,0.673562321079551,FLOAT
"strong_antagonism_(20,20,20)",20,20,20,0.667743196098802,180,20962167.8599491,149673977.714395,0.140051152439844,0.140052186626247,0.673562321079551,FLOAT
"strong_antagonism_(20,20,20)",20,20,20,0.667807405004176,180,18667695.5515141,126565832.792806,0.14749274498725,0.147493957410085,0.673562321079551,FLOAT
"strong_antagonism_(20,20,20)",20,20,20,0.667875443608401,180,16624313.6426636,107060088.462577,0.155278795595781,0.155280215824542,0.673562321079551,FLOAT
"strong_antagonism_(20,20,20)",20,20,20,0.667947540331402,180,14804547.8771946,90591241.812124,0.163419741209097,0.163421403449768,0.673562321079551,FLOAT
"strong_antagonism_(20,20,20)",20,20,20,0.668023937217061,180,13183930.0427795,76683000.1994238,0.171925732628161,0.171927676388417,0.673562321079551,FLOAT
"strong_antagonism_(20,20,20)",20,20,20,0.668104890745814,180,11740669.0806698,64934159.2880692,0.180806554740547,0.180808825576448,0.673562321079551,FLOAT
"strong_antagonism_(20,20,20)",20,20,20,0.668190672695706,180,10455358.178579,55006721.9749637,0.190071540642161,0.190074190993199,0.673562321079551,FLOAT
"strong_antagonism_(20,20,20)",20,20,20,0.66828157105481,180,9310713.90997788,46615902.0282342,0.19972947977377,0.199732569892964,0.673562321079551,FLOAT
"strong_antagonism_(20,20,20)",20,20,20,0.668377890988062,180,8291343.91366135,39521712.9323905,0.209788520294621,0.209792119279984,0.673562321079551,FLOAT
"strong_antagonism_(20,20,20)",20,20,20,0.668479955861763,180,7383539.99110635,33521890.0911451,0.220256066025005,0.220260252958014,0.673562321079551,FLOAT
"strong_antagonism_(20,20,20)",20,20,20,0.668588108329191,180,6575093.84070117,28445934.6021453,0.231138668411536,0.23114353360727,0.673562321079551,FLOAT
"strong_antagonism_(20,20,20)",20,20,20,0.668702711480957,180,5855132.95224683,24150100.5036522,0.242441914099112,0.242447560471285,0.673562321079551,FLOAT
"strong_antagonism_(20,20,20)",20,20,20,0.668824150063978,180,5213974.45600068,20513175.715129,0.254170308832822,0.254176853375036,0.673562321079551,FLOAT
"strong_antagonism_(20,20,20)",20,20,20,0.668952831773153,180,4642994.96195221,17432930.7080862,0.266327158559013,0.266334733941126,0.673562321079551,FLOAT
"strong_antagonism_(20,20,20)",20,20,20,0.669089188620082,180,4134514.6398437,14823128.9669154,0.278914448742385,0.278923205017765,0.673562321079551,FLOAT
"strong_antagonism_(20,20,20)",20,20,20,0.669233678383419,180,3681693.98190458,12611010.1365124,0.291932723068358,0.291942829483979,0.673562321079551,FLOAT
"strong_antagonism_(20,20,20)",20,20,20,0.669386786145729,180,3278441.86071519,10735170.9115775,0.305380962845497,0.305392609742199,0.673562321079551,FLOAT
"strong_antagonism_(20,20,20)",20,20,20,0.669549025922018,180,2919333.64641474,9143780.62782635,0.319256468565676,0.319269869350389,0.673562321079551,FLOAT
"strong_antagonism_(20,20,20)",20,20,20,0.669720942385384,180,2599538.28269819,7793078.52726155,0.333554745208727,0.333570138374013,0.673562321079551,FLOAT
"strong_antagonism_(20,20,20)",20,20,20,0.669903112695601,180,2314753.34142064,6646108.08893375,0.348269392994889,0.348287044153686,0.673562321079551,FLOAT
"strong_antagonism_(20,20,20)",20,20,20,0.670096148436769,180,2061147.18289959,5671650.89747746,0.363392005381931,0.363412209276899,0.673562321079551,FLOAT
"strong_antagonism_(20,20,20)",20,20,20,0.670300697670525,180,1835307.44448592,4843328.47658072,0.378912076175193,0.378935158612576,0.673562321079551,FLOAT
"strong_antagonism_(20,20,20)",20,20,20,0.670517447111728,180,1634195.1650409,4138845.52309184,0.394816917657118,0.39484323730452,0.673562321079551,FLOAT
"strong_antagonism_(20,20,20)",20,20,20,0.670747124433902,180,1455103.92870131,3539352.18997072,0.411091591650798,0.4111215416269,0.673562321079551,FLOAT
"strong_antagonism_(20,20,20)",20,20,20,0.67099050071219,180,1295623.47878161,3028906.60961815,0.427718855398751,0.427752864570807,0.673562321079551,FLOAT
"strong_antagonism_(20,20,20)",20,20,20,0.671248393012015,180,1153607.31273985,2594021.82957931,0.444679124064756,0.444717657957003,0.673562321079551,FLOAT
"strong_antagonism_(20,20,20)",20,20,20,0.671521667132144,180,1027143.82264226,2223283.83980453,0.461950451550907,0.461994012753929,0.673562321079551,FLOAT
"strong_antagonism_(20,20,20)",20,20,20,0.671811240511352,180,914530.593218756,1907029.47983622,0.479508531159623,0.479557659117728,0.673562321079551,FLOAT
"strong_antagonism_(20,20,20)",20,20,20,0.67211808530846,180,814251.512038164,1637074.78870517,0.497326717425814,0.497381987466919,0.673562321079551,FLOAT
"strong_antagonism_(20,20,20)",20,20,20,0.672443231666078,180,724956.384130646,1406485.85322885,0.515376070195947,0.515438091656856,0.673562321079551,FLOAT
"strong_antagonism_(20,20,20)",20,20,20,0.672787771169006,180,645442.777047366,1209385.46652399,0.533625421742638,0.533694835032619,0.673562321079551,FLOAT
"strong_antagonism_(20,20,20)",20,20,20,0.673152860508921,180,574639.852324317,1040789.96549595,0.552041467381615,0.552118939819422,0.673562321079551,FLOAT
"strong_antagonism_(20,20,20)",20,20,20,0.673539725367628,180,511593.966018604,896471.505511121,0.570588879704895,0.570675099959725,0.673562321079551,FLOAT
"strong_antagonism_(20,20,20)",20,20,20,0.673949664531935,180,455455.844761483,772841.7789685,0.589230446171771,0.589326117137939,0.673562321079551,FLOAT
"strong_antagonism_(20,20,20)",20,20,20,0.674384054253956,180,405469.164950304,666853.81446799,0.607927229410874,0.608033059350172,0.673562321079551,FLOAT
"strong_antagonism_(20,20,20)",20,20,20,0.674844352871474,180,360960.381560472,575919.023517446,0.626638749196301,0.626755440992197,0.673562321079551,FLOAT
"strong_antagonism_(20,20,20)",20,20,20,0.675332105703892,180,321329.669855021,497837.10806922,0.64532318467428,0.645451423059334,0.673562321079551,FLOAT
"strong_antagonism_(20,20,20)",20,20,20,0.675848950240194,180,286042.858227991,430736.817930934,0.663937595046624,0.664078031690007,0.673562321079551,FLOAT
"strong_antagonism_(20,20,20)",20,20,20,0.676396621636343,180,254624.243739798,373025.863452511,0.682438156571386,0.682591392948317,0.673562321079551,FLOAT
"strong_antagonism_(20,20,20)",20,20,20,0.676976958540561,180,226650.19376738,323348.55526667,0.700780413430085,0.70094698144069,0.673562321079551,FLOAT
"strong_antagonism_(20,20,20)",20,20,20,0.677591909266059,180,201743.447758201,280549.967174189,0.718919539741478,0.719099880104217,0.673562321079551,FLOAT
"strong_antagonism_(20,20,20)",20,20,20,0.67824353833194,180,179568.042487866,243645.607180551,0.736810609782901,0.737005048298692,0.673562321079551,FLOAT
"strong_antagonism_(20,20,20)",20,20,20,0.678934033394218,180,159824.7926015,211795.740811733,0.754408873315007,0.754617595183699,0.673562321079551,FLOAT
"strong_antagonism_(20,20,20)",20,20,20,0.679665712590243,180,142247.26568336,184283.644880012,0.771670032801096,0.771893055273452,0.673562321079551,FLOAT
"strong_antagonism_(20,20,20)",20,20,20,0.680441032321174,180,126598.197746153,160497.182802316,0.788550519266778,0.788787663033836,0.673562321079551,FLOAT
"strong_antagonism_(20,20,20)",20,20,20,0.681262595498641,180,112666.300951717,139913.187732032,0.805007763563182,0.805258623422268,0.673562321079551,FLOAT
"strong_antagonism_(20,20,20)",20,20,20,0.68213316028326,180,100263.420646866,122084.219959117,0.821000459872765,0.821264375366788,0.673562321079551,FLOAT
"strong_antagonism_(20,20,20)",20,20,20,0.683055649344363,180,89222.0034939328,106627.332626724,0.836488818429807,0.836764845335456,0.673562321079551,FLOAT
"strong_antagonism_(20,20,20)",20,20,20,0.684033159672015,180,79392.8426570345,93214.5367936292,0.851434804611816,0.851721688354307,0.673562321079551,FLOAT
"strong_antagonism_(20,20,20)",20,20,20,0.68506897297426,180,70643.0697294999,81564.7049158169,0.865802361787585,0.866098514086587,0.673562321079551,FLOAT
"strong_antagonism_(20,20,20)",20,20,20,0.686166566694507,180,62854.3664046284,71436.6923357621,0.879557615575339,0.879861095880593,0.673562321079551,FLOAT
"strong_antagonism_(20,20,20)",20,20,20,0.687329625686041,180,55921.371845806,62623.4905408953,0.892669057462443,0.892977561020611,0.673562321079551,FLOAT
"strong_antagonism_(20,20,20)",20,20,20,0.68856205458285,180,49750.2643427369,54947.2547819512,0.905107706057105,0.905418560766362,0.673562321079551,FLOAT
"strong_antagonism_(20,20,20)",20,20,20,0.689867990908302,180,44257.4981834296,48255.0729679374,0.91684724457571,0.91715741913469,0.673562321079551,FLOAT
"strong_antagonism_(20,20,20)",20,20,20,0.691251818965688,180,39368.6787581358,42415.3632854218,0.927864133505923,0.928170259752717,0.673562321079551,FLOAT
"strong_antagonism_(20,20,20)",20,20,20,0.692718184557244,180,35017.5607696639,37314.8053215898,0.938137697719658,0.938436110489455,0.673562321079551,FLOAT
"strong_antagonism_(20,20,20)",20,20,20,0.694272010581095,180,31145.1560794822,32855.7241053895,0.947650187631951,0.947936985944355,0.673562321079551,FLOAT
"strong_antagonism_(20,20,20)",20,20,20,0.695918513558455,180,27698.9391928743,28953.8588416581,0.956386814306363,0.95665794823251,0.673562321079551,FLOAT
"strong_antagonism_(20,20,20)",20,20,20,0.697663221146592,180,24632.1396990538,25536.4585558166,0.964335758687588,0.964587146851777,0.673562321079551,FLOAT
"strong_antagonism_(20,20,20)",20,20,20,0.699511990696333,180,21903.1121511301,22540.6556915101,0.971488155393313,0.971715838744652,0.673562321079551,FLOAT
"strong_antagonism_(20,20,20)",20,20,20,0.701471028916427,180,19474.7749119486,19912.0761634398,0.97783805171493,0.978038389974917,0.673562321079551,FLOAT
"strong_antagonism_(20,20,20)",20,20,20,0.703546912710775,180,17314.1104190003,17603.6506755654,0.983382342658466,0.983552260726974,0.673562321079551,FLOAT
"strong_antagonism_(20,20,20)",20,20,20,0.705746611258478,180,15391.7201473657,15574.5974505782,0.988120682999369,0.988257975604645,0.673562321079551,FLOAT
"strong_antagonism_(20,20,20)",20,20,20,0.708077509410841,180,13681.4282850527,13789.5510313879,0.992055377426791,0.992159081460368,0.673562321079551,FLOAT
"strong_antagonism_(20,20,20)",20,20,20,0.710547432483875,180,12159.9287900301,12217.8156370158,0.995191249913509,0.995262095229995,0.673562321079551,FLOAT
"strong_antagonism_(20,20,20)",20,20,20,0.713164672529529,180,10806.4710815447,10832.7247913996,0.997535493465844,0.997576444490142,0.673562321079551,FLOAT
"strong_antagonism_(20,20,20)",20,20,20,0.715938016173855,180,9602.58013777277,9611.09168496803,0.999097501383766,0.999114403704152,0.673562321079551,FLOAT
"strong_antagonism_(20,20,20)",20,20,20,0.718876774115565,180,8531.8072344851,8532.73705203118,0.999888681094558,0.999891029391811,0.673562321079551,FLOAT
"strong_antagonism_(20,20,20)",20,20,20,0.721990812384003,180,7579.50797141372,7580.08331669202,0.999922251513439,0.999924097763275,0.673562321079551,FLOAT
"strong_antagonism_(20,20,20)",20,20,20,0.725290585461487,180,6732.64459994113,6737.80543063523,0.999213024730805,0.999234048719983,0.673562321079551,FLOAT
"strong_antagonism_(20,20,20)",20,20,20,0.728787171381207,180,5979.60999251474,5992.53024385104,0.997777172626333,0.997843940570921,0.673562321079551,FLOAT
"strong_antagonism_(20,20,20)",20,20,20,0.732492308918514,180,5310.07088521719,5332.5774529546,0.995631978763462,0.995779420376737,0.673562321079551,FLOAT
"strong_antagonism_(20,20,20)",20,20,20,0.736418437000464,180,4714.82828410847,4747.73619411239,0.992795575618763,0.993068715560748,0.673562321079551,FLOAT
"strong_antagonism_(20,20,20)",20,20,20,0.740578736465914,180,4185.69315678155,4229.07221640422,0.98928666684508,0.989742653375744,0.673562321079551,FLOAT
"strong_antagonism_(20,20,20)",20,20,20,0.744987174316374,180,3715.37573614297,3768.76131017463,0.985124233846285,0.985834716067709,0.673562321079551,FLOAT
"strong_antagonism_(20,20,20)",20,20,20,0.749658550606174,180,3297.38694650708,3359.94529336009,0.980327225445155,0.981381141241602,0.673562321079551,FLOAT
"strong_antagonism_(20,20,20)",20,20,20,0.754608548129361,180,2925.9506251365,2996.60739366273,0.97491422883956,0.976421079159168,0.673562321079551,FLOAT
"strong_antagonism_(20,20,20)",20,20,20,0.759853785070145,180,2595.92535756688,2673.46431993551,0.968903119347368,0.970996821692948,0.673562321079551,FLOAT
"strong_antagonism_(20,20,20)",20,20,20,0.765411870793641,180,2302.73487436991,2385.87270421751,0.962310685612707,0.965154121717962,0.673562321079551,FLOAT
"strong_antagonism_(20,20,20)",20,20,20,0.771301464964215,180,2042.30607217513,2129.74792663583,0.955152225953858,0.958942627262551,0.673562321079551,FLOAT
"strong_antagonism_(20,20,20)",20,20,20,0.777542340189913,180,1811.01382433575,1901.49361743337,0.947441110335036,0.952416462370381,0.673562321079551,FLOAT
"strong_antagonism_(20,20,20)",20,20,20,0.784155448403264,180,1605.63183796538,1697.94037091934,0.939188300988361,0.945634997238458,0.673562321079551,FLOAT
"strong_antagonism_(20,20,20)",20,20,20,0.791162991201332,180,1423.28889541953,1516.29241127648,0.930401822930279,0.938663865119096,0.673562321079551,FLOAT
"strong_antagonism_(20,20,20)",20,20,20,0.798588494381158,180,1261.42989074088,1354.08112502956,0.921086173422339,0.931576304716111,0.673562321079551,FLOAT
"strong_antagonism_(20,20,20)",20,20,20,0.806456886920807,180,1117.78113610546,1209.12452388722,0.911241656707645,0.924454937454992,0.673562321079551,FLOAT
"strong_antagonism_(20,20,20)",20,20,20,0.814794584671205,180,990.31947076473,1079.49182818157,0.900863626969115,0.91739413389812,0.673562321079551,FLOAT
"strong_antagonism_(20,20,20)",20,20,20,0.823629579039712,180,877.24475614883,963.472468163039,0.889941618221272,0.910503190424723,0.673562321079551,FLOAT
"strong_antagonism_(20,20,20)",20,20,20,0.83299153096317,180,776.955386367373,859.54889025658,0.878458334531278,0.903910638678677,0.673562321079551,FLOAT
"strong_antagonism_(20,20,20)",20,20,20,0.842911870485915,180,688.026483928269,766.372629736335,0.866388467273286,0.897770167190052,0.673562321079551,FLOAT
"strong_antagonism_(20,20,20)",20,20,20,0.853423902277057,180,609.19048663826,682.74317114772,0.853697297684729,0.892268882915643,0.673562321079551,FLOAT
"strong_antagonism_(20,20,20)",20,20,20,0.864562917441269,180,539.319863837432,607.589163421253,0.840339032360921,0.887639043462516,0.673562321079551,FLOAT
"strong_antagonism_(20,20,20)",20,20,20,0.876366311998457,180,477.41172878646,539.951587141289,0.826254805954554,0.884175063386813,0.673562321079551,FLOAT
"strong_antagonism_(20,20,20)",20,20,20,0.888873712430073,180,422.574139555902,478.968484470939,0.811370268626028,0.882258756591618,0.673562321079551,FLOAT
"strong_antagonism_(20,20,20)",20,20,20,0.9,180,381.235497931717,432.134531740541,0.798127477987815,0.88221484266991,0.673562321079551,FLOAT
"strong_antagonism_(20,20,20)",20,20,20,0.902127108713561,180,374.01390350479,423.860852991917,0.795592655091799,0.882397845577691,0.673562321079551,FLOAT
"strong_antagonism_(20,20,20)",20,20,20,0.912667383761716,180,341.040368458365,385.669725892732,0.783004731296024,0.884280889999701,0.673562321079551,FLOAT
"strong_antagonism_(20,20,20)",20,20,20,0.916170995291558,180,331.025720687546,373.919264408418,0.778807206949107,0.885286617182629,0.673562321079551,FLOAT
"strong_antagonism_(20,20,20)",20,20,20,0.923730141409766,180,310.845324770057,349.990559899338,0.769721123617329,0.888153454365914,0.673562321079551,FLOAT
"strong_antagonism_(20,20,20)",20,20,20,0.931052520449102,180,292.982519566427,328.490682027507,0.760872790290623,0.891905115110368,0.673562321079551,FLOAT
"strong_antagonism_(20,20,20)",20,20,20,0.933391537091908,180,287.595687767218,321.940251351749,0.758035065758621,0.8933200696703,0.673562321079551,FLOAT
"strong_antagonism_(20,20,20)",20,20,20,0.941829086706256,180,269.334378567244,299.471451035343,0.747746660755097,0.899365791417151,0.673562321079551,FLOAT
"strong_antagonism_(20,20,20)",20,20,20,0.946821644600358,180,259.326854474817,286.964789203006,0.741616517602488,0.903688759847688,0.673562321079551,FLOAT
"strong_antagonism_(20,20,20)",20,20,20,0.94919781953087,180,254.756438642171,281.201813448129,0.73868674972398,0.905955888115792,0.673562321079551,FLOAT
"strong_antagonism_(20,20,20)",20,20,20,0.955633126690214,180,242.962062965512,266.165631842285,0.730709699671862,0.912822821202845,0.673562321079551,FLOAT
"strong_antagonism_(20,20,20)",20,20,20,0.961253248795439,180,233.312844655761,253.668213367639,0.72368857908506,0.919755934566479,0.673562321079551,FLOAT
"strong_antagonism_(20,20,20)",20,20,20,0.963531308016255,180,229.563248591559,248.758853729818,0.72082715029418,0.922834484680864,0.673562321079551,FLOAT
"strong_antagonism_(20,20,20)",20,20,20,0.966161448465718,180,225.344568860393,243.196962548549,0.71751183967993,0.926592859133296,0.673562321079551,FLOAT
"strong_antagonism_(20,20,20)",20,20,20,0.970447907647971,180,218.712401085629,234.365169163421,0.712080945968537,0.933212054787552,0.673562321079551,FLOAT
"strong_antagonism_(20,20,20)",20,20,20,0.974191384595819,180,213.15535834056,226.875378205139,0.707308604433312,0.939526184052582,0.673562321079551,FLOAT
"strong_antagonism_(20,20,20)",20,20,20,0.977460660952652,180,208.472648030123,220.494871757756,0.703117377440993,0.945476175333269,0.673562321079551,FLOAT
"strong_antagonism_(20,20,20)",20,20,20,0.980315805527134,180,204.507528359751,215.038858446295,0.699438550411528,0.951025920791085,0.673562321079551,FLOAT
"strong_antagonism_(20,20,20)",20,20,20,0.981237608556118,180,203.251378941928,213.299645788094,0.698247035115345,0.95289131020804,0.673562321079551,FLOAT
"strong_antagonism_(20,20,20)",20,20,20,0.982809277981414,180,201.136061208888,210.358692950617,0.696211172308019,0.95615759152918,0.673562321079551,FLOAT
"strong_antagonism_(20,20,20)",20,20,20,0.984986892710918,180,198.259122057174,206.333453378349,0.693381221020808,0.960867560790691,0.673562321079551,FLOAT
"strong_antagonism_(20,20,20)",20,20,20,0.986888660625784,180,195.7966238964,202.863806827133,0.690900864227642,0.965162918702619,0.673562321079551,FLOAT
"strong_antagonism_(20,20,20)",20,20,20,0.988549524300617,180,193.683274747122,199.867464032481,0.688727797606752,0.969058549297678,0.673562321079551,FLOAT
"strong_antagonism_(20,20,20)",20,20,20,0.99,180,191.865415871777,197.275757198446,0.68682464886946,0.972574727865691,0.673562321079551,FLOAT
"strong_antagonism_(20,20,20)",20,20,20,0.991266738376172,180,190.298633585523,195.031024923069,0.685158439842407,0.975735187058502,0.673562321079551,FLOAT
"strong_antagonism_(20,20,20)",20,20,20,0.992373014140977,180,188.945932898247,193.084586189307,0.683700100929319,0.978565594630109,0.673562321079551,FLOAT
"strong_antagonism_(20,20,20)",20,20,20,0.993339153709191,180,187.776324687486,191.39515067841,0.682424033428516,0.981092384116856,0.673562321079551,FLOAT
"strong_antagonism_(20,20,20)",20,20,20,0.994182908670626,180,186.763721059451,189.927556818412,0.681307715802445,0.983341881441746,0.673562321079551,FLOAT
"strong_antagonism_(20,20,20)",20,20,20,0.994919781953087,180,185.886063077365,188.651759285256,0.680331350341198,0.9853396744437,0.673562321079551,FLOAT
"strong_antagonism_(20,20,20)",20,20,20,0.995563312669021,180,185.124625611905,187.542008761675,0.679477546876622,0.987110177790396,0.673562321079551,FLOAT
"strong_antagonism_(20,20,20)",20,20,20,0.996125324879544,180,184.463458596583,186.576181625895,0.678731040366513,0.988676351874602,0.673562321079551,FLOAT
"strong_antagonism_(20,20,20)",20,20,20,0.996616144846572,180,183.888934353505,185.735227855668,0.678078439317993,0.990059540543389,0.673562321079551,FLOAT
"strong_antagonism_(20,20,20)",20,20,20,0.997044790764797,180,183.389378159131,185.002713101909,0.677508002175367,0.991279398470824,0.673562321079551,FLOAT
"strong_antagonism_(20,20,20)",20,20,20,0.997419138459582,180,182.95476470096,184.364436492179,0.677009438963025,0.992353884414802,0.673562321079551,FLOAT
"strong_antagonism_(20,20,20)",20,20,20,0.997746066095265,180,182.576467119786,183.808109868919,0.676573735651498,0.993299301374615,0.673562321079551,FLOAT
"strong_antagonism_(20,20,20)",20,20,20,0.998031580552713,180,182.247048343563,183.323087265362,0.67619299889736,0.994130368750328,0.673562321079551,FLOAT
"strong_antagonism_(20,20,20)",20,20,20,0.998280927798141,180,181.960086681576,182.900135762512,0.675860318993531,0.994860315018263,0.673562321079551,FLOAT
"strong_antagonism_(20,20,20)",20,20,20,0.998498689271092,180,181.710029362398,182.531240657127,0.675569649050847,0.995500982233113,0.673562321079551,FLOAT
"strong_antagonism_(20,20,20)",20,20,20,0.998688866062578,180,181.492069009233,182.2094392479,0.675315698610612,0.996062935917986,0.673562321079551,FLOAT
"strong_antagonism_(20,20,20)",20,20,20,0.998854952430062,180,181.302039055274,181.928678619196,0.675093840059523,0.9965555756867,0.673562321079551,FLOAT
"strong_antagonism_(20,20,20)",20,20,20,0.999,180,181.136324884683,181.683693643899,0.674900026379573,0.996987243333519,0.673562321079551,FLOAT
"strong_antagonism_(20,20,20)",20,20,20,0.999126673837617,180,180.991788096957,181.469902094496,0.674730718916899,0.997365326194477,0.673562321079551,FLOAT
"strong_antagonism_(20,20,20)",20,20,20,0.999237301414098,180,180.865701774449,181.283314285004,0.674582823993511,0.997696354393112,0.673562321079551,FLOAT
"strong_antagonism_(20,20,20)",20,20,20,0.999333915370919,180,180.755695015047,181.120455096156,0.674453637312282,0.997986091184926,0.673562321079551,FLOAT
"strong_antagonism_(20,20,20)",20,20,20,0.999418290867063,180,180.659705297124,180.978296585046,0.674340795222971,0.998239616053783,0.673562321079551,FLOAT
"strong_antagonism_(20,20,20)",20,20,20,0.999491978195309,180,180.575937489085,180.854199665536,0.674242232024153,0.99846140052614,0.673562321079551,FLOAT
"strong_antagonism_(20,20,20)",20,20,20,0.999556331266902,180,180.50282851413,180.745863580234,0.67415614256496,0.998655376885038,0.673562321079551,FLOAT
"strong_antagonism_(20,20,20)",20,20,20,0.999612532487954,180,180.439016842148,180.65128207891,0.674080949506363,0.998825000108943,0.673562321079551,FLOAT
"strong_antagonism_(20,20,20)",20,20,20,0.999661614484657,180,180.383316112738,180.568705379754,0.674015274663659,0.998973303449086,0.673562321079551,FLOAT
"strong_antagonism_(20,20,20)",20,20,20,0.99970447907648,180,180.334692301952,180.496607124914,0.673957913933919,0.999102948107771,0.673562321079551,FLOAT
"strong_antagonism_(20,20,20)",20,20,20,0.999741913845958,180,180.292243935297,180.433655655321,0.673907815362426,0.999216267500038,0.673562321079551,FLOAT
"strong_antagonism_(20,20,20)",20,20,20,0.999774606609527,180,180.255184924209,180.378689025536,0.673864059959034,0.999315306580875,0.673562321079551,FLOAT
"strong_antagonism_(20,20,20)",20,20,20,0.999803158055271,180,180.222829665696,180.330693260543,0.673825844923952,0.999401856706162,0.673562321079551,FLOAT
"strong_antagonism_(20,20,20)",20,20,20,0.999828092779814,180,180.194580097165,180.288783425346,0.67379246898204,0.999477486472585,0.673562321079551,FLOAT
"strong_antagonism_(20,20,20)",20,20,20,0.999849868927109,180,180.169914442607,180.252187137046,0.673763319562089,0.999543568953333,0.673562321079551,FLOAT
"strong_antagonism_(20,20,20)",20,20,20,0.999868886606258,180,180.148377423577,180.220230199363,0.673737861591624,0.999601305715198,0.673562321079551,FLOAT
"strong_antagonism_(20,20,20)",20,20,20,0.999885495243006,180,180.129571740062,180.192324082646,0.673715627702319,0.999651747970379,0.673562321079551,FLOAT
"strong_antagonism_(20,20,20)",20,20,20,0.9999,180,180.113150653261,180.167955009449,0.673696209671268,0.99969581518431,0.673562321079551,FLOAT
"strong_antagonism_(20,20,20)",20,20,20,0.999912667383762,180,180.098811525258,180.146674437605,0.673679250944487,0.999734311429861,0.673562321079551,FLOAT
"strong_antagonism_(20,20,20)",20,20,20,0.99992373014141,180,180.086290190269,180.128090760226,0.673664440099079,0.999767939748986,0.673562321079551,FLOAT
"strong_antagonism_(20,20,20)",20,20,20,0.999933391537092,180,180.075356048956,180.111862065744,0.673651505138487,0.99979731475557,0.673562321079551,FLOAT
"strong_antagonism_(20,20,20)",20,20,20,0.999941829086706,180,180.065807791841,180.097689821674,0.673640208497764,0.999822973687975,0.673562321079551,FLOAT
"strong_antagonism_(20,20,20)",20,20,20,0.999949197819531,180,180.057469670293,180.085313363503,0.673630342691091,0.999845386096788,0.673562321079551,FLOAT
"strong_antagonism_(20,20,20)",20,20,20,0.99995563312669,180,180.050188244342,180.07450508552,0.673621726508454,0.999864962332303,0.673562321079551,FLOAT
"strong_antagonism_(20,20,20)",20,20,20,0.999961253248795,180,180.043829545853,180.06506624377,0.673614201682252,0.999882060977405,0.673562321079551,FLOAT
"strong_antagonism_(20,20,20)",20,20,20,0.999966161448466,180,180.038276603644,180.056823292879,0.673607629984434,0.999896995354602,0.673562321079551,FLOAT
"strong_antagonism_(20,20,20)",20,20,20,0.999970447907648,180,180.033427284075,180.049624688613,0.673601890698837,0.999910039220766,0.673562321079551,FLOAT
"strong_antagonism_(20,20,20)",20,20,20,0.999974191384596,180,180.02919240669,180.043338096756,0.673596878390774,0.999921431749626,0.673562321079551,FLOAT
"strong_antagonism_(20,20,20)",20,20,20,0.999977460660953,180,180.025494099705,180.037847956543,0.673592500982282,0.999931381890095,0.673562321079551,FLOAT
"strong_antagonism_(20,20,20)",20,20,20,0.999980315805527,180,180.022264364678,180.033053353483,0.673588678051134,0.999940072177835,0.673562321079551,FLOAT
"strong_antagonism_(20,20,20)",20,20,20,0.999982809277981,180,180.019443823677,180.028866162222,0.673585339367974,0.999947662068054,0.673562321079551,FLOAT
"strong_antagonism_(20,20,20)",20,20,20,0.999984986892711,180,180.016980625652,180.025209425093,0.6735824235958,0.999954290849222,0.673562321079551,FLOAT
"strong_antagonism_(20,20,20)",20,20,20,0.999986888660626,180,180.014829491728,180.022015936388,0.673579877169515,0.999960080190066,0.673562321079551,FLOAT
"strong_antagonism_(20,20,20)",20,20,20,0.999988549524301,180,180.012950881734,180.019227006227,0.673577653296402,0.999965136365725,0.673562321079551,FLOAT
"strong_antagonism_(20,20,20)",20,20,20,0.99999,180,180.011310266533,180.016791381201,0.673575711119336,0.999969552203292,0.673562321079551,FLOAT
"strong_antagonism_(20,20,20)",20,20,20,0.999991266738376,180,180.009877492703,180.014664301893,0.673574014971579,0.999973408781953,0.673562321079551,FLOAT
"strong_antagonism_(20,20,20)",20,20,20,0.999992373014141,180,180.008626227824,180.012806679894,0.673572533670803,0.999976776918559,0.673562321079551,FLOAT
"strong_antagonism_(20,20,20)",20,20,20,0.999993339153709,180,180.007533476142,180.011184379164,0.673571240009204,0.999979718465637,0.673562321079551,FLOAT
"strong_antagonism_(20,20,20)",20,20,20,0.999994182908671,180,180.006579155649,180.009767588479,0.673570110221924,0.999982287445435,0.673562321079551,FLOAT
"strong_antagonism_(20,20,20)",20,20,20,0.999994919781953,180,180.005745728802,180.008530273437,0.673569123542475,0.999984531040667,0.673562321079551,FLOAT
"strong_antagonism_(20,20,20)",20,20,20,0.999995563312669,180,180.005017880068,180.007449697903,0.673568261859125,0.999986490460039,0.673562321079551,FLOAT
"strong_antagonism_(20,20,20)",20,20,20,0.99999612532488,180,180.004382234337,180.006506006118,0.67356750931243,0.999988201694324,0.673562321079551,FLOAT
"strong_antagonism_(20,20,20)",20,20,20,0.999996616144847,180,180.003827111044,180.005681857758,0.673566852115696,0.99998969617684,0.673562321079551,FLOAT
"strong_antagonism_(20,20,20)",20,20,20,0.999997044790765,180,180.00334230945,180.004962109236,0.673566278160832,0.999991001360368,0.673562321079551,FLOAT
"strong_antagonism_(20,20,20)",20,20,20,0.99999741913846,180,180.002918921136,180.004333535396,0.673565776891881,0.999992141221088,0.673562321079551,FLOAT
"strong_antagonism_(20,20,20)",20,20,20,0.999997746066095,180,180.002549166267,180.003784586466,0.673565339125272,0.999993136698751,0.673562321079551,FLOAT
"strong_antagonism_(20,20,20)",20,20,20,0.999998031580553,180,180.002226250598,180.003305175804,0.673564956849655,0.999994006081138,0.673562321079551,FLOAT
"strong_antagonism_(20,20,20)",20,20,20,0.999998280927798,180,180.001944240606,180.00288649454,0.673564622961791,0.999994765339869,0.673562321079551,FLOAT
"strong_antagonism_(20,20,20)",20,20,20,0.999998498689271,180,180.001697954445,180.002520849704,0.673564331355726,0.999995428423698,0.673562321079551,FLOAT
"strong_antagonism_(20,20,20)",20,20,20,0.999998688866063,180,180.00148286671,180.002201522857,0.67356407670207,0.999996007514684,0.673562321079551,FLOAT
"strong_antagonism_(20,20,20)",20,20,20,0.99999885495243,180,180.00129502528,180.001922646638,0.673563854344732,0.999996513251921,0.673562321079551,FLOAT
"strong_antagonism_(20,20,20)",20,20,20,0.999999,180,180.001130978685,180.001679096946,0.6735636601261,0.999996954926953,0.673562321079551,FLOAT
"strong_antagonism_(20,20,20)",20,20,20,0.999999126673838,180,180.000987712685,180.001466398787,0.673563490502774,0.999997340654435,0.673562321079551,FLOAT
"strong_antagonism_(20,20,20)",20,20,20,0.999999237301414,180,180.000862594879,180.001280644039,0.67356334236336,0.999997677521192,0.673562321079551,FLOAT
"strong_antagonism_(20,20,20)",20,20,20,0.999999333915371,180,180.000753326333,180.001118419649,0.673563213013544,0.999997971716398,0.673562321079551,FLOAT
"strong_antagonism_(20,20,20)",20,20,20,0.999999418290867,180,180.000657899333,180.000976744916,0.673563099963012,0.999998228645265,0.673562321079551,FLOAT
"strong_antagonism_(20,20,20)",20,20,20,0.999999491978195,180,180.000574560501,180.000853016718,0.673563001290058,0.999998453028347,0.673562321079551,FLOAT
"strong_antagonism_(20,20,20)",20,20,20,0.999999556331267,180,180.000501778565,180.000744961686,0.673562915185228,0.999998648988252,0.673562321079551,FLOAT
"strong_antagonism_(20,20,20)",20,20,20,0.999999612532488,180,180.000438216232,180.000650594431,0.673562839878134,0.999998820125385,0.673562321079551,FLOAT
"strong_antagonism_(20,20,20)",20,20,20,0.999999661614485,180,180.000382705612,180.000568181062,0.67356277421002,0.999998969584089,0.673562321079551,FLOAT
"strong_antagonism_(20,20,20)",20,20,20,0.999999704479076,180,180.000334226756,180.000496207328,0.673562716830563,0.999999100110414,0.673562321079551,FLOAT
"strong_antagonism_(20,20,20)",20,20,20,0.999999741913846,180,180.000291888919,180.000433350797,0.673562666626888,0.999999214102566,0.673562321079551,FLOAT
"strong_antagonism_(20,20,20)",20,20,20,0.999999774606609,180,180.00025491419,180.000378456555,0.673562622823783,0.99999931365497,0.673562321079551,FLOAT
"strong_antagonism_(20,20,20)",20,20,20,0.999999803158055,180,180.000222623201,180.000330515985,0.673562584995752,0.999999400596746,0.673562321079551,FLOAT
"strong_antagonism_(20,20,20)",20,20,20,0.99999982809278,180,180.000194422643,180.000288648237,0.673562551208505,0.999999476525316,0.673562321079551,FLOAT
"strong_antagonism_(20,20,20)",20,20,20,0.999999849868927,180,180.000169794364,180.000252084043,0.673562521969422,0.999999542835756,0.673562321079551,FLOAT
"strong_antagonism_(20,20,20)",20,20,20,0.999999868886606,180,180.000148285846,180.000220151578,0.673562496798659,0.999999600746425,0.673562321079551,FLOAT
"strong_antagonism_(20,20,20)",20,20,20,0.999999885495243,180,180.000129501899,180.000192264124,0.673562474838047,0.999999651321346,0.673562321079551,FLOAT
"strong_antagonism_(20,20,20)",20,20,20,0.9999999,180,180.000113097389,180.000167909283,0.673562455124883,0.999999695489761,0.673562321079551,FLOAT
"strong_antagonism_(20,20,20)",20,20,20,0.999999912667384,180,180.000098770903,180.000146639565,0.673562438035489,0.999999734063206,0.673562321079551,FLOAT
"strong_antagonism_(20,20,20)",20,20,20,0.999999923730141,180,180.000086259209,180.000128064164,0.673562423652568,0.999999767750413,0.673562321079551,FLOAT
"strong_antagonism_(20,20,20)",20,20,20,0.999999933391537,180,180.000075332421,180.000111841782,0.673562409849802,0.999999797170337,0.673562321079551,FLOAT
"strong_antagonism_(20,20,20)",20,20,20,0.999999941829087,180,180.000065789771,180.000097674352,0.673562398538007,0.999999822863533,0.673562321079551,FLOAT
"strong_antagonism_(20,20,20)",20,20,20,0.99999994919782,180,180.000057455926,180.000085301566,0.673562389399472,0.999999845302078,0.673562321079551,FLOAT
"strong_antagonism_(20,20,20)",20,20,20,0.999999955633127,180,180.000050177762,180.000074496087,0.673562381971151,0.999999864898249,0.673562321079551,FLOAT
"strong_antagonism_(20,20,20)",20,20,20,0.999999961253249,180,180.000043821551,180.000065059381,0.673562374695536,0.999999882012099,0.673562321079551,FLOAT
"strong_antagonism_(20,20,20)",20,20,20,0.999999966161448,180,180.000038270506,180.000056818059,0.67356236690978,0.999999896958073,0.673562321079551,FLOAT
"strong_antagonism_(20,20,20)",20,20,20,0.999999970447908,180,180.000033422634,180.000049620697,0.67356236064125,0.999999910010785,0.673562321079551,FLOAT
"strong_antagonism_(20,20,20)",20,20,20,0.999999974191385,180,180.00002918886,180.000043335052,0.673562355771107,0.999999921410061,0.673562321079551,FLOAT
"strong_antagonism_(20,20,20)",20,20,20,0.999999977460661,180,180.000025491395,180.000037845635,0.673562351925668,0.999999931365348,0.673562321079551,FLOAT
"strong_antagonism_(20,20,20)",20,20,20,0.999999980315806,180,180.000022262302,180.000033051583,0.673562346679261,0.99999994005956,0.673562321079551,FLOAT
"strong_antagonism_(20,20,20)",20,20,20,0.999999982809278,180,180.00001944225,180.000028864812,0.673562343166823,0.999999947652444,0.673562321079551,FLOAT
"strong_antagonism_(20,20,20)",20,20,20,0.999999984986893,180,180.000016979426,180.000025208395,0.673562341237284,0.999999954283509,0.673562321079551,FLOAT
"strong_antagonism_(20,20,20)",20,20,20,0.999999986888661,180,180.000014828576,180.000022015151,0.673562340693149,0.999999960074592,0.673562321079551,FLOAT
"strong_antagonism_(20,20,20)",20,20,20,0.999999988549524,180,180.000012950184,180.000019226407,0.673562337600203,0.999999965132096,0.673562321079551,FLOAT
"strong_antagonism_(20,20,20)",20,20,20,0.99999999,180,180.000011309734,180.000016790924,0.673562336078901,0.999999969548947,0.673562321079551,FLOAT
"anisotropic_(0.01,1,100)",0.01,1,100,0.666666676666667,123.21,1.66450439437143e+17,1.67584193890192e+23,9.93234717268195e-07,9.93234717268196e-07,0.55068863632918,FLOAT
"anisotropic_(0.01,1,100)",0.01,1,100,0.66666667726311,123.21,1.48239752830382e+17,1.4084865539764e+23,1.05247545609772e-06,1.05247545609772e-06,0.55068863632918,FLOAT
"anisotropic_(0.01,1,100)",0.01,1,100,0.666666677895128,123.21,1.32021429869955e+17,1.18378375940722e+23,1.1152495446978e-06,1.1152495446978e-06,0.55068863632918,FLOAT
"anisotropic_(0.01,1,100)",0.01,1,100,0.666666678564843,123.21,1.17577485919892e+17,9.94928888083333e+22,1.18176773564589e-06,1.18176773564589e-06,0.55068863632918,FLOAT
"anisotropic_(0.01,1,100)",0.01,1,100,0.666666679274502,123.21,1.04713799397162e+17,8.36202997311816e+22,1.25225333721346e-06,1.25225333721346e-06,0.55068863632918,FLOAT
"anisotropic_(0.01,1,100)",0.01,1,100,0.666666680026488,123.21,9.3257474895289e+16,7.02799379303267e+22,1.32694304579127e-06,1.32694304579127e-06,0.55068863632918,FLOAT
"anisotropic_(0.01,1,100)",0.01,1,100,0.666666680823326,123.21,8.30545429094861e+16,5.90678343397472e+22,1.40608748971177e-06,1.40608748971178e-06,0.55068863632918,FLOAT
"anisotropic_(0.01,1,100)",0.01,1,100,0.666666681667691,123.21,7.39678742696238e+16,4.96444537433746e+22,1.4899524255415e-06,1.4899524255415e-06,0.55068863632918,FLOAT
"anisotropic_(0.01,1,100)",0.01,1,100,0.666666682562417,123.21,6.58753406917936e+16,4.17244298363467e+22,1.57881943384661e-06,1.57881943384661e-06,0.55068863632918,FLOAT
"anisotropic_(0.01,1,100)",0.01,1,100,0.666666683510509,123.21,5.86681795441058e+16,3.50679267594167e+22,1.67298682772433e-06,1.67298682772434e-06,0.55068863632918,FLOAT
"anisotropic_(0.01,1,100)",0.01,1,100,0.666666684515149,123.21,5.2249526078105e+16,2.94733688422458e+22,1.77277074628852e-06,1.77277074628852e-06,0.55068863632918,FLOAT
"anisotropic_(0.01,1,100)",0.01,1,100,0.66666668557971,123.21,4.65331111793168e+16,2.4771338145536e+22,1.87850615521561e-06,1.87850615521561e-06,0.55068863632918,FLOAT
"anisotropic_(0.01,1,100)",0.01,1,100,0.666666686707767,123.21,4.14421077187973e+16,2.08194465109767e+22,1.99054800505612e-06,1.99054800505612e-06,0.55068863632918,FLOAT
"anisotropic_(0.01,1,100)",0.01,1,100,0.666666687903105,123.21,3.69080903640985e+16,1.74980188441e+22,2.10927252353161e-06,2.10927252353161e-06,0.55068863632918,FLOAT
"anisotropic_(0.01,1,100)",0.01,1,100,0.666666689169739,123.21,3.28701218835807e+16,1.47064750504114e+22,2.23507820676995e-06,2.23507820676996e-06,0.55068863632918,FLOAT
"anisotropic_(0.01,1,100)",0.01,1,100,0.66666669051192,123.21,2.92739318244032e+16,1.23602799463495e+22,2.36838744360712e-06,2.36838744360713e-06,0.55068863632918,FLOAT
"anisotropic_(0.01,1,100)",0.01,1,100,0.666666691934155,123.21,2.60711866277479e+16,1.03883849205767e+22,2.5096477293701e-06,2.50964772937011e-06,0.55068863632918,FLOAT
"anisotropic_(0.01,1,100)",0.01,1,100,0.666666693441218,123.21,2.32188408774023e+16,8.73107585706256e+21,2.65933331212791e-06,2.65933331212792e-06,0.55068863632918,FLOAT
"anisotropic_(0.01,1,100)",0.01,1,100,0.666666695038169,123.21,2.06785592736584e+16,7.33816537865733e+21,2.81794674916987e-06,2.81794674916989e-06,0.55068863632918,FLOAT
"anisotropic_(0.01,1,100)",0.01,1,100,0.666666696730369,123.21,1.84161997894952e+16,6.16747278418956e+21,2.98602043882631e-06,2.98602043882633e-06,0.55068863632918,FLOAT
"anisotropic_(0.01,1,100)",0.01,1,100,0.666666698523499,123.21,1.64013561099482e+16,5.1835464716178e+21,3.16411865886661e-06,3.16411865886663e-06,0.55068863632918,FLOAT
"anisotropic_(0.01,1,100)",0.01,1,100,0.666666700423579,123.21,1.4606948452978e+16,4.3565906407142e+21,3.35283933185497e-06,3.352839331855e-06,0.55068863632918,FLOAT
"anisotropic_(0.01,1,100)",0.01,1,100,0.666666702436989,123.21,1.30088598459194e+16,3.66156305998928e+21,3.55281600583915e-06,3.55281600583918e-06,0.55068863632918,FLOAT
"anisotropic_(0.01,1,100)",0.01,1,100,0.666666704570486,123.21,1.15856119506521e+16,3.07741666627082e+21,3.76471996061921e-06,3.76471996061925e-06,0.55068863632918,FLOAT
"anisotropic_(0.01,1,100)",0.01,1,100,0.666666706831235,123.21,1.03180758701069e+16,2.58646191431994e+21,3.98926263440446e-06,3.98926263440451e-06,0.55068863632918,FLOAT
"anisotropic_(0.01,1,100)",0.01,1,100,0.666666709226825,123.21,9.18921588215163e+15,2.17383153748036e+21,4.22719779509801e-06,4.22719779509807e-06,0.55068863632918,FLOAT
"anisotropic_(0.01,1,100)",0.01,1,100,0.666666711765299,123.21,8.18386008995538e+15,1.82703007436541e+21,4.47932423487764e-06,4.4793242348777e-06,0.55068863632918,FLOAT
"anisotropic_(0.01,1,100)",0.01,1,100,0.666666714455177,123.21,7.28849629337108e+15,1.53555551245221e+21,4.74648831270944e-06,4.74648831270952e-06,0.55068863632918,FLOAT
"anisotropic_(0.01,1,100)",0.01,1,100,0.666666717305492,123.21,6.49109068587052e+15,1.29058126261871e+21,5.02958695735236e-06,5.02958695735245e-06,0.55068863632918,FLOAT
"anisotropic_(0.01,1,100)",0.01,1,100,0.666666720325813,123.21,5.78092605334691e+15,1.08468891103156e+21,5.32957052898145e-06,5.32957052898157e-06,0.55068863632918,FLOAT
"anisotropic_(0.01,1,100)",0.01,1,100,0.666666723526278,123.21,5.14845778802119e+15,9.11643552533657e+20,5.64744605905715e-06,5.64744605905729e-06,0.55068863632918,FLOAT
"anisotropic_(0.01,1,100)",0.01,1,100,0.666666726917633,123.21,4.58518532810127e+15,7.66204924867807e+20,5.98428067907841e-06,5.98428067907857e-06,0.55068863632918,FLOAT
"anisotropic_(0.01,1,100)",0.01,1,100,0.666666730511263,123.21,4.08353831665093e+15,6.43968813463818e+20,6.3412050883117e-06,6.34120508831189e-06,0.55068863632918,FLOAT
"anisotropic_(0.01,1,100)",0.01,1,100,0.666666734319233,123.21,3.63677449709183e+15,5.41233592689909e+20,6.71941754209506e-06,6.71941754209529e-06,0.55068863632918,FLOAT
"anisotropic_(0.01,1,100)",0.01,1,100,0.666666738354327,123.21,3.23888936629102e+15,4.54888202601225e+20,7.12018765879107e-06,7.12018765879135e-06,0.55068863632918,FLOAT
"anisotropic_(0.01,1,100)",0.01,1,100,0.666666742630091,123.21,2.88453526035696e+15,3.82317887223037e+20,7.54486085207426e-06,7.54486085207459e-06,0.55068863632918,FLOAT
"anisotropic_(0.01,1,100)",0.01,1,100,0.66666674716088,123.21,2.56894964085277e+15,3.2132505008831e+20,7.99486264810859e-06,7.99486264810897e-06,0.55068863632918,FLOAT
"anisotropic_(0.01,1,100)",0.01,1,100,0.666666751961906,123.21,2.28789099436725e+15,2.70062677994427e+20,8.47170372210534e-06,8.4717037221058e-06,0.55068863632918,FLOAT
"anisotropic_(0.01,1,100)",0.01,1,100,0.666666757049286,123.21,2.03758187388602e+15,2.2697842683385e+20,8.97698473951195e-06,8.97698473951249e-06,0.55068863632918,FLOAT
"anisotropic_(0.01,1,100)",0.01,1,100,0.666666762440099,123.21,1.81465808727465e+15,1.90767600975187e+20,9.51240188584519e-06,9.51240188584583e-06,0.55068863632918,FLOAT
"anisotropic_(0.01,1,100)",0.01,1,100,0.666666768152444,123.21,1.61612350210903e+15,1.60333648001806e+20,1.00797525800118e-05,1.00797525800126e-05,0.55068863632918,FLOAT
"anisotropic_(0.01,1,100)",0.01,1,100,0.666666774205498,123.21,1.43930980736433e+15,1.34754960627995e+20,1.068094117394e-05,1.06809411739409e-05,0.55068863632918,FLOAT
"anisotropic_(0.01,1,100)",0.01,1,100,0.666666780619582,123.21,1.28184060015725e+15,1.13256953235537e+20,1.13179859031818e-05,1.13179859031829e-05,0.55068863632918,FLOAT
"anisotropic_(0.01,1,100)",0.01,1,100,0.66666678741623,123.21,1.14159947742469e+15,9.51886176008052e+19,1.19930250716753e-05,1.19930250716766e-05,0.55068863632918,FLOAT
"anisotropic_(0.01,1,100)",0.01,1,100,0.66666679461826,123.21,1.01670158174476e+15,8.00028014273254e+19,1.27083247537051e-05,1.27083247537066e-05,0.55068863632918,FLOAT
"anisotropic_(0.01,1,100)",0.01,1,100,0.666666802249851,123.21,905468271606995,6.72396437360895e+19,1.34662859779681e-05,1.34662859779699e-05,0.55068863632918,FLOAT
"anisotropic_(0.01,1,100)",0.01,1,100,0.666666810336623,123.21,806404559612445,5.65126469514974e+19,1.42694530005722e-05,1.42694530005744e-05,0.55068863632918,FLOAT
"anisotropic_(0.01,1,100)",0.01,1,100,0.666666818905725,123.21,718179017946644,4.74969729865219e+19,1.51205218519992e-05,1.51205218520018e-05,0.55068863632918,FLOAT
"anisotropic_(0.01,1,100)",0.01,1,100,0.666666827985925,123.21,639605882800667,3.99196068461737e+19,1.60223492497109e-05,1.60223492497139e-05,0.55068863632918,FLOAT
"anisotropic_(0.01,1,100)",0.01,1,100,0.666666837607709,123.21,569629125611276,3.35510890545898e+19,1.69779623154506e-05,1.69779623154543e-05,0.55068863632918,FLOAT
"anisotropic_(0.01,1,100)",0.01,1,100,0.666666847803377,123.21,507308248543227,2.81985665435488e+19,1.7990568696449e-05,1.79905686964534e-05,0.55068863632918,FLOAT
"anisotropic_(0.01,1,100)",0.01,1,100,0.66666685860716,123.21,451805652686739,2.36999532425401e+19,1.90635672595188e-05,1.9063567259524e-05,0.55068863632918,FLOAT
"anisotropic_(0.01,1,100)",0.01,1,100,0.666666870055327,123.21,402375377447924,1.99190214215464e+19,2.0200559502012e-05,2.02005595020182e-05,0.55068863632918,FLOAT
"anisotropic_(0.01,1,100)",0.01,1,100,0.666666882186313,123.21,358353072941910,1.67412761876932e+19,2.14053617492565e-05,2.14053617492639e-05,0.55068863632918,FLOAT
"anisotropic_(0.01,1,100)",0.01,1,100,0.666666895040844,123.21,319147075331340,1.40704886283922e+19,2.26820179284481e-05,2.26820179284569e-05,0.55068863632918,FLOAT
"anisotropic_(0.01,1,100)",0.01,1,100,0.666666908662074,123.21,284230451024670,1.18257817240923e+19,2.40348128906771e-05,2.40348128906875e-05,0.55068863632918,FLOAT
"anisotropic_(0.01,1,100)",0.01,1,100,0.666666923095735,123.21,253133917071390,9.93918104278034e+18,2.54682871739357e-05,2.54682871739481e-05,0.55068863632918,FLOAT
"anisotropic_(0.01,1,100)",0.01,1,100,0.666666938390282,123.21,225439532212461,8.35355645010123e+18,2.69872519039009e-05,2.69872519039156e-05,0.55068863632918,FLOAT
"anisotropic_(0.01,1,100)",0.01,1,100,0.666666954597062,123.21,200775080516583,7.02089200403819e+18,2.85968051354415e-05,2.8596805135459e-05,0.55068863632918,FLOAT
"anisotropic_(0.01,1,100)",0.01,1,100,0.666666971770485,123.21,178809069513090,5.90083200945519e+18,3.03023487580145e-05,3.03023487580354e-05,0.55068863632918,FLOAT
"anisotropic_(0.01,1,100)",0.01,1,100,0.666666989968206,123.21,159246272947807,4.959458815474e+18,3.21096068891267e-05,3.21096068891515e-05,0.55068863632918,FLOAT
"anisotropic_(0.01,1,100)",0.01,1,100,0.666667009251318,123.21,141823764906962,4.16826585460523e+18,3.40246447452836e-05,3.40246447453131e-05,0.55068863632918,FLOAT
"anisotropic_(0.01,1,100)",0.01,1,100,0.666667029684559,123.21,126307384738852,3.50329431161564e+18,3.6053889140841e-05,3.60538891408762e-05,0.55068863632918,FLOAT
"anisotropic_(0.01,1,100)",0.01,1,100,0.666667051336528,123.21,112488590587077,2.94440761348032e+18,3.82041501563676e-05,3.82041501564095e-05,0.55068863632918,FLOAT
"anisotropic_(0.01,1,100)",0.01,1,100,0.666667074279914,123.21,100181656235557,2.47468167311687e+18,4.04826436158371e-05,4.04826436158869e-05,0.55068863632918,FLOAT
"anisotropic_(0.01,1,100)",0.01,1,100,0.666667098591744,123.21,89221175053406.2,2.07989235582745e+18,4.28970157053094e-05,4.28970157053686e-05,0.55068863632918,FLOAT
"anisotropic_(0.01,1,100)",0.01,1,100,0.666667124353638,123.21,79459836905654.4,1.74808477068874e+18,4.54553682051839e-05,4.54553682052544e-05,0.55068863632918,FLOAT
"anisotropic_(0.01,1,100)",0.01,1,100,0.666667151652083,123.21,70766448355148.2,1.46921123353121e+18,4.81662859226442e-05,4.81662859227281e-05,0.55068863632918,FLOAT
"anisotropic_(0.01,1,100)",0.01,1,100,0.666667180578726,123.21,63024169161636.1,1.23482700527432e+18,5.10388652761218e-05,5.10388652762216e-05,0.55068863632918,FLOAT
"anisotropic_(0.01,1,100)",0.01,1,100,0.66666721123068,123.21,56128942245426.8,1.03783456894085e+18,5.40827449046966e-05,5.40827449048153e-05,0.55068863632918,FLOAT
"anisotropic_(0.01,1,100)",0.01,1,100,0.66666724371085,123.21,49988094962491.9,8.72268701337916e+17,5.73081378314907e-05,5.73081378316319e-05,0.55068863632918,FLOAT
"anisotropic_(0.01,1,100)",0.01,1,100,0.666667278128279,123.21,44519093575431.4,7.33115830967075e+17,6.07258658111116e-05,6.07258658112797e-05,0.55068863632918,FLOAT
"anisotropic_(0.01,1,100)",0.01,1,100,0.666667314598514,123.21,39648434129169.5,6.16162222362012e+17,6.43473953613337e-05,6.43473953615336e-05,0.55068863632918,FLOAT
"anisotropic_(0.01,1,100)",0.01,1,100,0.666667353243992,123.21,35310654348093.3,5.17866368375774e+17,6.81848764551322e-05,6.81848764553701e-05,0.55068863632918,FLOAT
"anisotropic_(0.01,1,100)",0.01,1,100,0.666667394194455,123.21,31447453996219.1,4.35251752277235e+17,7.22511829798801e-05,7.22511829801631e-05,0.55068863632918,FLOAT
"anisotropic_(0.01,1,100)",0.01,1,100,0.666667437587381,123.21,28006911194525.2,3.65816710698249e+17,7.65599557793411e-05,7.65599557796778e-05,0.55068863632918,FLOAT
"anisotropic_(0.01,1,100)",0.01,1,100,0.666667483568452,123.21,24942784656015.8,3.07458677949437e+17,8.11256485659985e-05,8.11256485663992e-05,0.55068863632918,FLOAT
"anisotropic_(0.01,1,100)",0.01,1,100,0.666667532292033,123.21,22213892147606.2,2.58410517018826e+17,8.59635761104286e-05,8.59635761109053e-05,0.55068863632918,FLOAT
"anisotropic_(0.01,1,100)",0.01,1,100,0.666667583921701,123.21,19783557041657.1,2.17187007893931e+17,9.10899654329034e-05,9.10899654334707e-05,0.55068863632918,FLOAT
"anisotropic_(0.01,1,100)",0.01,1,100,0.666667638630787,123.21,17619115347428,1.8253987162924e+17,9.65220101780901e-05,9.6522010178765e-05,0.55068863632918,FLOAT
"anisotropic_(0.01,1,100)",0.01,1,100,0.666667696602962,123.21,15691476724410,1.53419970570454e+17,0.00010227792813375,0.000102277928134553,0.55068863632918,FLOAT
"anisotropic_(0.01,1,100)",0.01,1,100,0.66666775803285,123.21,13974733469384.8,1.28945538506125e+17,0.000108377022044836,0.000108377022045792,0.55068863632918,FLOAT
"anisotropic_(0.01,1,100)",0.01,1,100,0.666667823126684,123.21,12445812355821.5,1.08375479562946e+17,0.000114839744247403,0.000114839744248539,0.55068863632918,FLOAT
"anisotropic_(0.01,1,100)",0.01,1,100,0.666667892102997,123.21,11084164503655.8,9.10869265804235e+16,0.000121687764859933,0.000121687764861286,0.55068863632918,FLOAT
"anisotropic_(0.01,1,100)",0.01,1,100,0.666667965193359,123.21,9871489201590.52,7.65563795575419e+16,0.000128944044356847,0.000128944044358456,0.55068863632918,FLOAT
"anisotropic_(0.01,1,100)",0.01,1,100,0.666668042643148,123.21,8791487950918.73,6.43438535174797e+16,0.000136632910063542,0.000136632910065457,0.55068863632918,FLOAT
"anisotropic_(0.01,1,100)",0.01,1,100,0.66666812471238,123.21,7829645404243.94,5.40795549253466e+16,0.000144780137612617,0.000144780137614895,0.55068863632918,FLOAT
"anisotropic_(0.01,1,100)",0.01,1,100,0.666668211676578,123.21,6973034283973.33,4.54526840253727e+16,0.000153413036729748,0.000153413036732458,0.55068863632918,FLOAT
"anisotropic_(0.01,1,100)",0.01,1,100,0.666668303827701,123.21,6210141632179.74,3.82020232947172e+16,0.00016256054251753,0.000162560542520755,0.55068863632918,FLOAT
"anisotropic_(0.01,1,100)",0.01,1,100,0.666668401475117,123.21,5530714080884.71,3.21080275389676e+16,0.000172253311856333,0.00017225331186017,0.55068863632918,FLOAT
"anisotropic_(0.01,1,100)",0.01,1,100,0.666668504946651,123.21,4925620041990.84,2.69861757605865e+16,0.000182523825738272,0.000182523825742837,0.55068863632918,FLOAT
"anisotropic_(0.01,1,100)",0.01,1,100,0.666668614589678,123.21,4386726976800.21,2.26813837003538e+16,0.000193406497356182,0.000193406497361613,0.55068863632918,FLOAT
"anisotropic_(0.01,1,100)",0.01,1,100,0.666668730772293,123.21,3906792097935.2,1.90633077343439e+16,0.000204937786886462,0.000204937786892924,0.55068863632918,FLOAT
"anisotropic_(0.01,1,100)",0.01,1,100,0.666668853884545,123.21,3479365021115.49,1.60223979531933e+16,0.000217156322739997,0.000217156322747685,0.55068863632918,FLOAT
"anisotropic_(0.01,1,100)",0.01,1,100,0.666668984339748,123.21,3098701073331.96,1.34665809026913e+16,0.000230103030279164,0.000230103030288311,0.55068863632918,FLOAT
"anisotropic_(0.01,1,100)",0.01,1,100,0.666669122575868,123.21,2759684085330.24,1.13184715611288e+16,0.000243821267765931,0.000243821267776814,0.55068863632918,FLOAT
"anisotropic_(0.01,1,100)",0.01,1,100,0.666669269056992,123.21,2457757625660.53,9.51303005160712e+15,0.000258356970618645,0.000258356970631594,0.55068863632918,FLOAT
"anisotropic_(0.01,1,100)",0.01,1,100,0.666669424274889,123.21,2188863765862.58,7.99559222960806e+15,0.000273758803961255,0.00027375880397666,0.55068863632918,FLOAT
"anisotropic_(0.01,1,100)",0.01,1,100,0.666669588750657,123.21,1949388538149.49,6.72021442122953e+15,0.000290078324267168,0.000290078324285497,0.55068863632918,FLOAT
"anisotropic_(0.01,1,100)",0.01,1,100,0.666669763036477,123.21,1736113365340.92,5.6482822531462e+15,0.00030737015032326,0.000307370150345067,0.55068863632918,FLOAT
"anisotropic_(0.01,1,100)",0.01,1,100,0.666669947717462,123.21,1546171802147.07,4.74734140326953e+15,0.000325692144440894,0.000325692144466839,0.55068863632918,FLOAT
"anisotropic_(0.01,1,100)",0.01,1,100,0.666670143413626,123.21,1377011009427.9,3.99011488838239e+15,0.000345105604180481,0.000345105604211349,0.55068863632918,FLOAT
"anisotropic_(0.01,1,100)",0.01,1,100,0.666670350781961,123.21,1226357444483.91,3.35367713066273e+15,0.00036567546504347,0.000365675465080196,0.55068863632918,FLOAT
"anisotropic_(0.01,1,100)",0.01,1,100,0.666670570518648,123.21,1092186303891.08,2.81875977621287e+15,0.000387470515573809,0.000387470515617503,0.55068863632918,FLOAT
"anisotropic_(0.01,1,100)",0.01,1,100,0.666670803361388,123.21,972694309975.233,2.36916826430251e+15,0.000410563624588496,0.00041056362464048,0.55068863632918,FLOAT
"anisotropic_(0.01,1,100)",0.01,1,100,0.666671050091883,123.21,866275474559.885,1.9912914702134e+15,0.00043503198170376,0.000435031981765607,0.55068863632918,FLOAT
"anisotropic_(0.01,1,100)",0.01,1,100,0.66667131153846,123.21,771499514409.409,1.67368957438807e+15,0.000460957352003779,0.000460957352077361,0.55068863632918,FLOAT
"anisotropic_(0.01,1,100)",0.01,1,100,0.666671588578849,123.21,687092627924.503,1.40674767881371e+15,0.000488426345498411,0.000488426345585953,0.55068863632918,FLOAT
"anisotropic_(0.01,1,100)",0.01,1,100,0.666671882143135,123.21,611920375112.381,1.18238468270528e+15,0.000517530702097027,0.000517530702201178,0.55068863632918,FLOAT
"anisotropic_(0.01,1,100)",0.01,1,100,0.666672193216873,123.21,544972430694.544,993808600821790,0.000548367593237529,0.000548367593361439,0.55068863632918,FLOAT
"anisotropic_(0.01,1,100)",0.01,1,100,0.666672522844405,123.21,485349005024.117,835310915316093,0.000581039940939017,0.000581039941086433,0.55068863632918,FLOAT
"anisotropic_(0.01,1,100)",0.01,1,100,0.666672872132358,123.21,432248750965.399,702093735046976,0.000615656755309665,0.000615656755485046,0.55068863632918,FLOAT
"anisotropic_(0.01,1,100)",0.01,1,100,0.666673242253367,123.21,384957993621.124,590124527773329,0.000652333491289587,0.000652333491498238,0.55068863632918,FLOAT
"anisotropic_(0.01,1,100)",0.01,1,100,0.666673634450005,123.21,342841138483.711,496014026325989,0.000691192426351397,0.000691192426599626,0.55068863632918,FLOAT
"anisotropic_(0.01,1,100)",0.01,1,100,0.66667405003896,123.21,305332128920.748,416913612533569,0.000732363059440866,0.000732363059736178,0.55068863632918,FLOAT
"anisotropic_(0.01,1,100)",0.01,1,100,0.66667449041545,123.21,271926838393.897,350429071162001,0.000775982532981895,0.00077598253333322,0.55068863632918,FLOAT
"anisotropic_(0.01,1,100)",0.01,1,100,0.666674957057912,123.21,242176294843.763,294548102222466,0.000822196078987953,0.000822196079405911,0.55068863632918,FLOAT
"anisotropic_(0.01,1,100)",0.01,1,100,0.666675451532965,123.21,215680646479.919,247579397144121,0.000871157490666579,0.000871157491163804,0.55068863632918,FLOAT
"anisotropic_(0.01,1,100)",0.01,1,100,0.666675975500663,123.21,192083787780.71,208101434039874,0.000923029620357199,0.000923029620948719,0.55068863632918,FLOAT
"anisotropic_(0.01,1,100)",0.01,1,100,0.666676530720078,123.21,171068573301.79,174919441044440,0.000977984906407508,0.000977984907111201,0.55068863632918,FLOAT
"anisotropic_(0.01,1,100)",0.01,1,100,0.666677119055197,123.21,152352555261.894,147029225419446,0.00103620592915578,0.00103620592999291,0.55068863632918,FLOAT
"anisotropic_(0.01,1,100)",0.01,1,100,0.666677742481186,123.21,135684187388.235,123586772622809,0.00109788599852246,0.00109788599951831,0.55068863632918,FLOAT
"anisotropic_(0.01,1,100)",0.01,1,100,0.666678403091018,123.21,120839444109.562,103882695099880,0.00116322977441346,0.00116322977559813,0.55068863632918,FLOAT
"anisotropic_(0.01,1,100)",0.01,1,100,0.666679103102497,123.21,107618809617.522,87320757064245.9,0.00123245392175522,0.00123245392316448,0.55068863632918,FLOAT
"anisotropic_(0.01,1,100)",0.01,1,100,0.666679844865711,123.21,95844596362.5122,73399825062098.4,0.00130578780206051,0.00130578780373693,0.55068863632918,FLOAT
"anisotropic_(0.01,1,100)",0.01,1,100,0.666680630870915,123.21,85358556888.8297,61698697791223.3,0.00138347420320972,0.00138347420520392,0.55068863632918,FLOAT
"anisotropic_(0.01,1,100)",0.01,1,100,0.666681463756893,123.21,76019756991.0466,51863355916355.3,0.00146577010925828,0.00146577011163046,0.55068863632918,FLOAT
"anisotropic_(0.01,1,100)",0.01,1,100,0.666682346319819,123.21,67702681528.5792,43596245749453.5,0.00155294751283508,0.00155294751565685,0.55068863632918,FLOAT
"anisotropic_(0.01,1,100)",0.01,1,100,0.666683281522644,123.21,60295547482.9734,36647272411028.4,0.00164529427139088,0.0016452942747474,0.55068863632918,FLOAT
"anisotropic_(0.01,1,100)",0.01,1,100,0.666684272505039,123.21,53698801588.4858,30806229739048.3,0.0017431150101898,0.00174311501418234,0.55068863632918,FLOAT
"anisotropic_(0.01,1,100)",0.01,1,100,0.666685322593942,123.21,47823782315.6039,25896437753003.6,0.00184673207368356,0.00184673207843257,0.55068863632918,FLOAT
"anisotropic_(0.01,1,100)",0.01,1,100,0.666686435314721,123.21,42591528255.3373,21769395047178.2,0.00195648652799331,0.00195648653364202,0.55068863632918,FLOAT
"anisotropic_(0.01,1,100)",0.01,1,100,0.666687614403016,123.21,37931716858.693,18300284201013.9,0.00207273921645637,0.0020727392231751,0.55068863632918,FLOAT
"anisotropic_(0.01,1,100)",0.01,1,100,0.666688863817274,123.21,33781719300.5188,15384194143746.8,0.00219587187095597,0.00219587187894726,0.55068863632918,FLOAT
"anisotropic_(0.01,1,100)",0.01,1,100,0.666690187752041,123.21,30085758734.1151,12932945092417.9,0.00232628828130028,0.00232628829080495,0.55068863632918,FLOAT
"anisotropic_(0.01,1,100)",0.01,1,100,0.666691590652045,123.21,26794160644.8537,10872419949894,0.00246441552528593,0.00246441553659035,0.55068863632918,FLOAT
"anisotropic_(0.01,1,100)",0.01,1,100,0.666693077227118,123.21,23862685216.9374,9140321370016.98,0.00261070526166901,0.00261070527511365,0.55068863632918,FLOAT
"anisotropic_(0.01,1,100)",0.01,1,100,0.666694652468004,123.21,21251932744.8752,7684286587882.17,0.00276563508908159,0.00276563510507127,0.55068863632918,FLOAT
"anisotropic_(0.01,1,100)",0.01,1,100,0.66669632166312,123.21,18926814095.2703,6460302946445.52,0.00292970997325054,0.00292970999226652,0.55068863632918,FLOAT
"anisotropic_(0.01,1,100)",0.01,1,100,0.666698090416304,123.21,16856079103.79,5431376154901.78,0.00310346374477302,0.00310346376738747,0.55068863632918,FLOAT
"anisotropic_(0.01,1,100)",0.01,1,100,0.666699964665634,123.21,15011896568.8112,4566410962543.39,0.00328746067078573,0.00328746069767884,0.55068863632918,FLOAT
"anisotropic_(0.01,1,100)",0.01,1,100,0.66670195070336,123.21,13369480195.2964,3839270366574.5,0.00348229710231218,0.00348229713429247,0.55068863632918,FLOAT
"anisotropic_(0.01,1,100)",0.01,1,100,0.666704055197027,123.21,11906755463.8104,3227984875410.51,0.00368860320001984,0.00368860323804838,0.55068863632918,FLOAT
"anisotropic_(0.01,1,100)",0.01,1,100,0.666706285211866,123.21,10604062945.5882,2714087891419.52,0.00390704474102844,0.00390704478624754,0.55068863632918,FLOAT
"anisotropic_(0.01,1,100)",0.01,1,100,0.666708648234505,123.21,9443894076.25706,2282057096326.19,0.00413832500894055,0.00413832506270788,0.55068863632918,FLOAT
"anisotropic_(0.01,1,100)",0.01,1,100,0.666711152198109,123.21,8410655838.49887,1918844931643.08,0.00438318676883754,0.0043831868327666,0.55068863632918,FLOAT
"anisotropic_(0.01,1,100)",0.01,1,100,0.666713805509012,123.21,7490461189.39791,1613483962184.24,0.00464241432968431,0.0046424144056925,0.55068863632918,FLOAT
"anisotropic_(0.01,1,100)",0.01,1,100,0.666716617074936,123.21,6670942415.98734,1356755178703.04,0.00491683569600235,0.0049168357863681,0.55068863632918,FLOAT
"anisotropic_(0.01,1,100)",0.01,1,100,0.6667195963349,123.21,5941084911.26267,1140909201119.43,0.00520732480977894,0.00520732491720941,0.55068863632918,FLOAT
"anisotropic_(0.01,1,100)",0.01,1,100,0.666722753290909,123.21,5291079136.22522,959431944459.514,0.00551480388395382,0.00551480401166535,0.55068863632918,FLOAT
"anisotropic_(0.01,1,100)",0.01,1,100,0.666726098541527,123.21,4712188777.74192,806847655651.066,0.00584024582862437,0.00584024598043794,0.55068863632918,FLOAT
"anisotropic_(0.01,1,100)",0.01,1,100,0.666729643317467,123.21,4196633331.03627,678553360927,0.00618467677008495,0.00618467695053942,0.55068863632918,FLOAT
"anisotropic_(0.01,1,100)",0.01,1,100,0.666733399519287,123.21,3737483528.31725,570679714015.499,0.00654917866208343,0.00654917887656989,0.55068863632918,FLOAT
"anisotropic_(0.01,1,100)",0.01,1,100,0.666737379757347,123.21,3328568208.20432,479974034332.559,0.00693489198947481,0.006934892244396,0.55068863632918,FLOAT
"anisotropic_(0.01,1,100)",0.01,1,100,0.666741597394146,123.21,2964391374.07396,403701996224.191,0.00734301856194552,0.0073430188649048,0.55068863632918,FLOAT
"anisotropic_(0.01,1,100)",0.01,1,100,0.666746066589179,123.21,2640058326.85092,339564994660.229,0.00777482439625591,0.00777482475628143,0.55068863632918,FLOAT
"anisotropic_(0.01,1,100)",0.01,1,100,0.666750802346474,123.21,2351209879.30059,285630687279.63,0.00823164268341729,0.00823164311122769,0.55068863632918,FLOAT
"anisotropic_(0.01,1,100)",0.01,1,100,0.666755820564966,123.21,2093963767.66435,240274611411.395,0.00871487683708228,0.00871487734540166,0.55068863632918,FLOAT
"anisotropic_(0.01,1,100)",0.01,1,100,0.666761138091871,123.21,1864862473.22697,202131109891.619,0.00922600361791724,0.00922600422184834,0.55068863632918,FLOAT
"anisotropic_(0.01,1,100)",0.01,1,100,0.666766772779247,123.21,1660826752.53128,170052081186.136,0.00976657632732357,0.00976657704479001,0.55068863632918,FLOAT
"anisotropic_(0.01,1,100)",0.01,1,100,0.666772743543927,123.21,1479114251.69564,143072306079.756,0.0103382280630528,0.0103382289153227,0.55068863632918,FLOAT
"anisotropic_(0.01,1,100)",0.01,1,100,0.666779070431024,123.21,1317282648.5302,120380302202.556,0.0109426750271148,0.0109426760394212,0.55068863632918,FLOAT
"anisotropic_(0.01,1,100)",0.01,1,100,0.666785774681232,123.21,1173156827.19004,101293824927.51,0.0115817198752893,0.0115817210775642,0.55068863632918,FLOAT
"anisotropic_(0.01,1,100)",0.01,1,100,0.666792878802131,123.21,1044799644.08803,85239273743.3984,0.0122572550950337,0.0122572565227768,0.55068863632918,FLOAT
"anisotropic_(0.01,1,100)",0.01,1,100,0.66680040664375,123.21,930485892.213692,71734381369.4861,0.0129712663974779,0.0129712680927851,0.55068863632918,FLOAT
"anisotropic_(0.01,1,100)",0.01,1,100,0.666808383478639,123.21,828679113.908861,60373662194.2643,0.0137258361058765,0.0137258381186555,0.55068863632918,FLOAT
"anisotropic_(0.01,1,100)",0.01,1,100,0.666816836086713,123.21,738010950.476966,50816180085.2363,0.0145231465218059,0.0145231489112142,0.55068863632918,FLOAT
"anisotropic_(0.01,1,100)",0.01,1,100,0.666825792845157,123.21,657262751.077572,42775265783.5467,0.0153654832464785,0.0153654860826227,0.55068863632918,FLOAT
"anisotropic_(0.01,1,100)",0.01,1,100,0.666835283823696,123.21,585349193.709853,36009873057.8086,0.0162552384331644,0.0162552417991077,0.55068863632918,FLOAT
"anisotropic_(0.01,1,100)",0.01,1,100,0.666845340885544,123.21,521303698.175179,30317312364.2407,0.0171949139429207,0.0171949179370549,0.55068863632918,FLOAT
"anisotropic_(0.01,1,100)",0.01,1,100,0.666855997794376,123.21,464265434.948991,25527142414.8199,0.0181871243727733,0.018187129111618,0.55068863632918,FLOAT
"anisotropic_(0.01,1,100)",0.01,1,100,0.666867290327678,123.21,413467755.362081,21496035070.9558,0.0192345999230635,0.0192346055445702,0.55068863632918,FLOAT
"anisotropic_(0.01,1,100)",0.01,1,100,0.666879256396864,123.21,368227887.594156,18103458413.7202,0.020340189066372,0.020340195733821,0.55068863632918,FLOAT
"anisotropic_(0.01,1,100)",0.01,1,100,0.666891936174548,123.21,327937759.994723,15248047577.8138,0.0215068609775155,0.0215068688841107,0.55068863632918,FLOAT
"anisotropic_(0.01,1,100)",0.01,1,100,0.666905372229415,123.21,292055828.38401,12844553728.9505,0.0227377076805133,0.0227377170547967,0.55068863632918,FLOAT
"anisotropic_(0.01,1,100)",0.01,1,100,0.666919609669129,123.21,260099797.504599,10821279042.7015,0.0240359458645967,0.0240359569768257,0.55068863632918,FLOAT
"anisotropic_(0.01,1,100)",0.01,1,100,0.666934696291775,123.21,231640138.790566,9117920231.48133,0.0254049183179871,0.0254049314876417,0.55068863632918,FLOAT
"anisotropic_(0.01,1,100)",0.01,1,100,0.666950682746323,123.21,206294317.333572,7683755514.54831,0.0268480949245368,0.0268481105291517,0.55068863632918,FLOAT
"anisotropic_(0.01,1,100)",0.01,1,100,0.666967622702667,123.21,183721650.458241,6476120304.58451,0.0283690731646132,0.0283690916501633,0.55068863632918,FLOAT
"anisotropic_(0.01,1,100)",0.01,1,100,0.666985573031808,123.21,163618728.799215,5459125607.53075,0.0299715780593699,0.0299715999524733,0.55068863632918,FLOAT
"anisotropic_(0.01,1,100)",0.01,1,100,0.667004593996783,123.21,145715338.345355,4602580466.18835,0.0316594614926508,0.0316594874149,0.55068863632918,FLOAT
"anisotropic_(0.01,1,100)",0.01,1,100,0.667024749454976,123.21,129770828.635746,3881085940.49712,0.033436700844831,0.0334367315296099,0.55068863632918,FLOAT
"anisotropic_(0.01,1,100)",0.01,1,100,0.667046107072505,123.21,115570878.30127,3273273299.45006,0.0353073968681171,0.0353074331803235,0.55068863632918,FLOAT
"anisotropic_(0.01,1,100)",0.01,1,100,0.667068738551391,123.21,102924614.475184,2761163453.72537,0.0372757707331905,0.0372758136923467,0.55068863632918,FLOAT
"anisotropic_(0.01,1,100)",0.01,1,100,0.667092719870275,123.21,91662047.3603273,2329628319.25039,0.0393461601753115,0.0393462109826264,0.55068863632918,FLOAT
"anisotropic_(0.01,1,100)",0.01,1,100,0.667118131539495,123.21,81631785.4709015,1965937878.7731,0.0415230146681424,0.0415230747381734,0.55068863632918,FLOAT
"anisotropic_(0.01,1,100)",0.01,1,100,0.667145058871377,123.21,72699000.8422234,1659379295.17344,0.0438108895546781,0.0438109605523461,0.55068863632918,FLOAT
"anisotropic_(0.01,1,100)",0.01,1,100,0.667173592266644,123.21,64743616.8604182,1400936604.4971,0.046214439066456,0.0462145229502796,0.55068863632918,FLOAT
"anisotropic_(0.01,1,100)",0.01,1,100,0.667203827517915,123.21,57658694.3549762,1183021344.35653,0.0487384081657437,0.0487385072382933,0.55068863632918,FLOAT
"anisotropic_(0.01,1,100)",0.01,1,100,0.667235866131295,123.21,51348994.2643471,999246009.813108,0.0513876231493985,0.0513877401161212,0.55068863632918,FLOAT
"anisotropic_(0.01,1,100)",0.01,1,100,0.667269815667157,123.21,45729697.5553544,844233520.288636,0.0541669809599998,0.0541671189977388,0.55068863632918,FLOAT
"anisotropic_(0.01,1,100)",0.01,1,100,0.667305790101244,123.21,40725265.1922486,713456966.813738,0.05708143715679,0.0570815999935154,0.55068863632918,FLOAT
"anisotropic_(0.01,1,100)",0.01,1,100,0.667343910207308,123.21,36268422.8328688,603104821.577539,0.0601359925084956,0.0601361845159878,0.55068863632918,FLOAT
"anisotropic_(0.01,1,100)",0.01,1,100,0.667384303962572,123.21,32299256.6063446,509967559.006513,0.0633356781808958,0.0633359044823714,0.55068863632918,FLOAT
"anisotropic_(0.01,1,100)",0.01,1,100,0.667427106977381,123.21,28764407.8187357,431342282.579543,0.0666855395048285,0.0666858060997795,0.55068863632918,FLOAT
"anisotropic_(0.01,1,100)",0.01,1,100,0.66747246295047,123.21,25616355.763774,364952493.843489,0.0701906183245474,0.0701909322333872,0.55068863632918,FLOAT
"anisotropic_(0.01,1,100)",0.01,1,100,0.667520524151393,123.21,22812778.99904,308880595.924085,0.0738559339429543,0.0738563033744171,0.55068863632918,FLOAT
"anisotropic_(0.01,1,100)",0.01,1,100,0.667571451931725,123.21,20315986.5031845,261511107.081191,0.0776864626963098,0.0776868972409538,0.55068863632918,FLOAT
"anisotropic_(0.01,1,100)",0.01,1,100,0.667625417266748,123.21,18092411.0686542,221482882.029579,0.0816871162120223,0.0816876270656349,0.55068863632918,FLOAT
"anisotropic_(0.01,1,100)",0.01,1,100,0.66768260132946,123.21,16112158.1208955,187648909.633589,0.0858627184218766,0.0858633186430805,0.55068863632918,FLOAT
"anisotropic_(0.01,1,100)",0.01,1,100,0.667743196098802,123.21,14348603.9001351,159042483.321176,0.0902179814239745,0.0902186862308926,0.55068863632918,FLOAT
"anisotropic_(0.01,1,100)",0.01,1,100,0.667807405004176,123.21,12778037.6050114,134848732.029286,0.0947574803099035,0.0947583074213577,0.55068863632918,FLOAT
"anisotropic_(0.01,1,100)",0.01,1,100,0.667875443608401,123.21,11379342.6884032,114380660.488339,0.0994856270932922,0.0994865971207026,0.55068863632918,FLOAT
"anisotropic_(0.01,1,100)",0.01,1,100,0.667947540331402,123.21,10133713.0219397,97058983.0050598,0.104406643899762,0.104407780796667,0.55068863632918,FLOAT
"anisotropic_(0.01,1,100)",0.01,1,100,0.668023937217061,123.21,9024400.11428253,82395148.7178583,0.109524535597381,0.109525867174345,0.55068863632918,FLOAT
"anisotropic_(0.01,1,100)",0.01,1,100,0.668104890745814,123.21,8036487.98571847,69977051.9942535,0.114843062068292,0.114844620581879,0.55068863632918,FLOAT
"anisotropic_(0.01,1,100)",0.01,1,100,0.668190672695706,123.21,7156692.67323734,59457002.1090221,0.12036571033928,0.120367533164801,0.55068863632918,FLOAT
"anisotropic_(0.01,1,100)",0.01,1,100,0.66828157105481,123.21,6373183.67137986,50541594.0062558,0.126095666805407,0.12609779720424,0.55068863632918,FLOAT
"anisotropic_(0.01,1,100)",0.01,1,100,0.668377890988062,123.21,5675424.9089012,42983178.8476183,0.13203578979467,0.132038277788188,0.55068863632918,FLOAT
"anisotropic_(0.01,1,100)",0.01,1,100,0.668479955861763,123.21,5054033.12391229,36572680.8990405,0.138188582731439,0.138191486094882,0.55068863632918,FLOAT
"anisotropic_(0.01,1,100)",0.01,1,100,0.668588108329191,123.21,4500651.73395995,31133547.5469284,0.144556168163671,0.144559553554763,0.55068863632918,FLOAT
"anisotropic_(0.01,1,100)",0.01,1,100,0.668702711480957,123.21,4007838.50581295,26516653.0766578,0.151140262921518,0.151144207160178,0.55068863632918,FLOAT
"anisotropic_(0.01,1,100)",0.01,1,100,0.668824150063978,123.21,3568965.51513247,22596005.3068588,0.157942154673775,0.15794674619098,0.55068863632918,FLOAT
"anisotropic_(0.01,1,100)",0.01,1,100,0.668952831773153,123.21,3178130.05145628,19265128.1110561,0.164962680143521,0.164968020619203,0.55068863632918,FLOAT
"anisotropic_(0.01,1,100)",0.01,1,100,0.669089188620082,123.21,2830075.27097301,16434012.991723,0.172202205233259,0.172208411445116,0.55068863632918,FLOAT
"anisotropic_(0.01,1,100)",0.01,1,100,0.669233678383419,123.21,2520119.53061368,14026549.8069523,0.179660607296888,0.179667813204112,0.55068863632918,FLOAT
"anisotropic_(0.01,1,100)",0.01,1,100,0.669386786145729,123.21,2244093.45365955,11978360.9953921,0.187337259775904,0.187345618864118,0.55068863632918,FLOAT
"anisotropic_(0.01,1,100)",0.01,1,100,0.669549025922018,123.21,1998283.88097089,10234975.6282127,0.19523101939557,0.195240707311761,0.55068863632918,FLOAT
"anisotropic_(0.01,1,100)",0.01,1,100,0.669720942385384,123.21,1779383.95450691,8750289.69807858,0.203340216089718,0.203351433598551,0.55068863632918,FLOAT
"anisotropic_(0.01,1,100)",0.01,1,100,0.669903112695601,123.21,1584448.66220243,7485267.53604928,0.211662645794119,0.211675622089882,0.55068863632918,FLOAT
"anisotropic_(0.01,1,100)",0.01,1,100,0.670096148436769,123.21,1410855.24669477,6406846.38313631,0.220195566215509,0.220210562626932,0.55068863632918,FLOAT
"anisotropic_(0.01,1,100)",0.01,1,100,0.670300697670525,123.21,1256267.94575061,5487012.14701955,0.228935695649955,0.228953009778372,0.55068863632918,FLOAT
"anisotropic_(0.01,1,100)",0.01,1,100,0.670517447111728,123.21,1118606.5904705,4702019.42652604,0.237879214887665,0.237899185222412,0.55068863632918,FLOAT
"anisotropic_(0.01,1,100)",0.01,1,100,0.670747124433902,123.21,996018.639196044,4031733.13774606,0.247021772206226,0.247044783264814,0.55068863632918,FLOAT
"anisotropic_(0.01,1,100)",0.01,1,100,0.67099050071219,123.21,886854.271226013,3459072.65350555,0.256358491417364,0.256384979461834,0.55068863632918,FLOAT
"anisotropic_(0.01,1,100)",0.01,1,100,0.671248393012015,123.21,789644.205570428,2969542.37910145,0.265883982896674,0.26591444228163,0.55068863632918,FLOAT
"anisotropic_(0.01,1,100)",0.01,1,100,0.671521667132144,123.21,703079.946598626,2550835.22173767,0.275592357492266,0.275627347704442,0.55068863632918,FLOAT
"anisotropic_(0.01,1,100)",0.01,1,100,0.671811240511352,123.21,625996.191058238,2192497.54462868,0.285477243175373,0.285517396629175,0.55068863632918,FLOAT
"anisotropic_(0.01,1,100)",0.01,1,100,0.67211808530846,123.21,557355.159990123,1885645.99280998,0.295531804266871,0.295577834925185,0.55068863632918,FLOAT
"anisotropic_(0.01,1,100)",0.01,1,100,0.672443231666078,123.21,496232.644937427,1622728.08988135,0.305748763046802,0.305801475941488,0.55068863632918,FLOAT
"anisotropic_(0.01,1,100)",0.01,1,100,0.672787771169006,123.21,441805.580888922,1397319.77818122,0.316120423530581,0.316180725262463,0.55068863632918,FLOAT
"anisotropic_(0.01,1,100)",0.01,1,100,0.673152860508921,123.21,393340.978915995,1203954.14710296,0.326638697176433,0.326707607480301,0.55068863632918,FLOAT
"anisotropic_(0.01,1,100)",0.01,1,100,0.673539725367628,123.21,350186.069739735,1037976.4972892,0.337295130272289,0.337373794738404,0.55068863632918,FLOAT
"anisotropic_(0.01,1,100)",0.01,1,100,0.673949664531935,123.21,311759.525739235,895421.649034475,0.348080932739384,0.348170636789274,0.55068863632918,FLOAT
"anisotropic_(0.01,1,100)",0.01,1,100,0.674384054253956,123.21,277543.643408483,772910.043961705,0.358987008081235,0.359089192302221,0.55068863632918,FLOAT
"anisotropic_(0.01,1,100)",0.01,1,100,0.674844352871474,123.21,247077.381178143,667559.728851969,0.3700039842035,0.370120261153339,0.55068863632918,FLOAT
"anisotropic_(0.01,1,100)",0.01,1,100,0.675332105703892,123.21,219950.159015762,576911.765372822,0.381122244829687,0.381254417430059,0.55068863632918,FLOAT
"anisotropic_(0.01,1,100)",0.01,1,100,0.675848950240194,123.21,195796.33645706,498866.992785322,0.39233196124128,0.392482042886564,0.55068863632918,FLOAT
"anisotropic_(0.01,1,100)",0.01,1,100,0.676396621636343,123.21,174290.294839892,431632.393816042,0.403623124077336,0.403793360593258,0.55068863632918,FLOAT
"anisotropic_(0.01,1,100)",0.01,1,100,0.676976958540561,123.21,155142.057633772,373675.586264639,0.41498557493836,0.415178468533664,0.55068863632918,FLOAT
"anisotropic_(0.01,1,100)",0.01,1,100,0.677591909266059,123.21,138093.389990489,323686.192583297,0.426409037551043,0.426627372914437,0.55068863632918,FLOAT
"anisotropic_(0.01,1,100)",0.01,1,100,0.67824353833194,123.21,122914.325082944,280543.03334659,0.437883148265087,0.438130020969343,0.55068863632918,FLOAT
"anisotropic_(0.01,1,100)",0.01,1,100,0.678934033394218,123.21,109400.070535727,243286.253898859,0.449397485668831,0.449676333054178,0.55068863632918,FLOAT
"anisotropic_(0.01,1,100)",0.01,1,100,0.679665712590243,123.21,97368.25336026,211093.631294501,0.460941599128308,0.461256233848285,0.55068863632918,FLOAT
"anisotropic_(0.01,1,100)",0.01,1,100,0.680441032321174,123.21,86656.466357242,183260.42495242,0.472505036072126,0.472859682496865,0.55068863632918,FLOAT
"anisotropic_(0.01,1,100)",0.01,1,100,0.681262595498641,123.21,77120.0830014503,159182.232612905,0.484077367863842,0.484476701548651,0.55068863632918,FLOAT
"anisotropic_(0.01,1,100)",0.01,1,100,0.68213316028326,123.21,68630.3114327794,138340.396062297,0.495648214122246,0.496097404563409,0.55068863632918,FLOAT
"anisotropic_(0.01,1,100)",0.01,1,100,0.683055649344363,123.21,61072.461391597,120289.571077764,0.507207265369002,0.507712022284251,0.55068863632918,FLOAT
"anisotropic_(0.01,1,100)",0.01,1,100,0.684033159672015,123.21,54344.4007987401,104647.135161099,0.518744303901434,0.519310927289881,0.55068863632918,FLOAT
"anisotropic_(0.01,1,100)",0.01,1,100,0.68506897297426,123.21,48355.1812298427,91084.1565802541,0.530249222805614,0.530884657061484,0.55068863632918,FLOAT
"anisotropic_(0.01,1,100)",0.01,1,100,0.686166566694507,123.21,43023.8138039681,79317.690453312,0.541712043041429,0.542423935418201,0.55068863632918,FLOAT
"anisotropic_(0.01,1,100)",0.01,1,100,0.687329625686041,123.21,38278.1790284542,69104.2033006041,0.553122928546175,0.553919692293444,0.55068863632918,FLOAT
"anisotropic_(0.01,1,100)",0.01,1,100,0.68856205458285,123.21,34054.0559426034,60233.9576749195,0.564472199316207,0.565363081841507,0.55068863632918,FLOAT
"anisotropic_(0.01,1,100)",0.01,1,100,0.689867990908302,123.21,30294.2575065575,52526.2140152841,0.575750342437577,0.576745498880663,0.55068863632918,FLOAT
"anisotropic_(0.01,1,100)",0.01,1,100,0.691251818965688,123.21,26947.860609944,45825.1284802519,0.586948021045004,0.588058593694003,0.55068863632918,FLOAT
"anisotropic_(0.01,1,100)",0.01,1,100,0.692718184557244,123.21,23969.520346835,39996.2438118042,0.59805608119479,0.599294285223874,0.55068863632918,FLOAT
"anisotropic_(0.01,1,100)",0.01,1,100,0.694272010581095,123.21,21318.8593364056,34923.4857754662,0.609065556639878,0.61044477270886,0.55068863632918,FLOAT
"anisotropic_(0.01,1,100)",0.01,1,100,0.695918513558455,123.21,18959.9238775225,30506.5908496995,0.619967671494621,0.621502545824757,0.55068863632918,FLOAT
"anisotropic_(0.01,1,100)",0.01,1,100,0.697663221146592,123.21,16860.6996240023,26658.9019642746,0.630753840771753,0.632460393402445,0.55068863632918,FLOAT
"anisotropic_(0.01,1,100)",0.01,1,100,0.699511990696333,123.21,14992.6802674485,23305.4785219099,0.641415668764046,0.643311410806418,0.55068863632918,FLOAT
"anisotropic_(0.01,1,100)",0.01,1,100,0.701471028916427,123.21,13330.4834272288,20381.4749408027,0.651944945227155,0.654049006067851,0.55068863632918,FLOAT
"anisotropic_(0.01,1,100)",0.01,1,100,0.703546912710775,123.21,11851.5085818057,17830.7487477688,0.662333639297187,0.664666904876255,0.55068863632918,FLOAT
"anisotropic_(0.01,1,100)",0.01,1,100,0.705746611258478,123.21,10535.6324408718,15604.6650185651,0.672573891044826,0.675159154543682,0.55068863632918,FLOAT
"anisotropic_(0.01,1,100)",0.01,1,100,0.708077509410841,123.21,9364.93766111859,13661.0688605218,0.682658000525378,0.68552012706573,0.55068863632918,FLOAT
"anisotropic_(0.01,1,100)",0.01,1,100,0.710547432483875,123.21,8323.47125677561,11963.4017956007,0.692578414128599,0.695744521415001,0.55068863632918,FLOAT
"anisotropic_(0.01,1,100)",0.01,1,100,0.713164672529529,123.21,7397.02945531731,10479.9414415769,0.702327707959741,0.705827365215151,0.55068863632918,FLOAT
"anisotropic_(0.01,1,100)",0.01,1,100,0.715938016173855,123.21,6572.96610430546,9183.14690003331,0.711898567889778,0.715764015958584,0.55068863632918,FLOAT
"anisotropic_(0.01,1,100)",0.01,1,100,0.718876774115565,123.21,5840.02205200505,8049.09482249753,0.721283765792047,0.72555016194889,0.55068863632918,FLOAT
"anisotropic_(0.01,1,100)",0.01,1,100,0.721990812384003,123.21,5188.17320643269,7056.99330820169,0.730476131326682,0.735181823171486,0.55068863632918,FLOAT
"anisotropic_(0.01,1,100)",0.01,1,100,0.725290585461487,123.21,4608.4952286597,6188.7626460655,0.739468518432387,0.744655352324676,0.55068863632918,FLOAT
"anisotropic_(0.01,1,100)",0.01,1,100,0.728787171381207,123.21,4093.04303987634,5428.67349824819,0.748253765422595,0.75396743628018,0.55068863632918,FLOAT
"anisotropic_(0.01,1,100)",0.01,1,100,0.732492308918514,123.21,3634.74352093116,4763.03447418547,0.756824647240049,0.763115098290937,0.55068863632918,FLOAT
"anisotropic_(0.01,1,100)",0.01,1,100,0.736418437000464,123.21,3227.29996047225,4179.92219736497,0.765173817972225,0.772095701328303,0.55068863632918,FLOAT
"anisotropic_(0.01,1,100)",0.01,1,100,0.740578736465914,123.21,2865.10696581697,3668.94795179887,0.773293741131072,0.780906953016933,0.55068863632918,FLOAT
"anisotropic_(0.01,1,100)",0.01,1,100,0.744987174316374,123.21,2543.17469138986,3221.05583634679,0.781176604399289,0.789546912752138,0.55068863632918,FLOAT
"anisotropic_(0.01,1,100)",0.01,1,100,0.749658550606174,123.21,2257.06136488409,2828.34807403592,0.788814214462815,0.798014001743207,0.55068863632918,FLOAT
"anisotropic_(0.01,1,100)",0.01,1,100,0.754608548129361,123.21,2002.81320290593,2483.93373841022,0.79619786607124,0.806307016944739,0.55068863632918,FLOAT
"anisotropic_(0.01,1,100)",0.01,1,100,0.759853785070145,123.21,1776.91090725453,2181.79768508435,0.803318177426466,0.814425150142109,0.55068863632918,FLOAT
"anisotropic_(0.01,1,100)",0.01,1,100,0.765411870793641,123.21,1576.2220215062,1916.68692713341,0.810164881144366,0.822368013885082,0.55068863632918,FLOAT
"anisotropic_(0.01,1,100)",0.01,1,100,0.771301464964215,123.21,1397.95850640388,1684.01207881395,0.816726555984955,0.830135676573328,0.55068863632918,FLOAT
"anisotropic_(0.01,1,100)",0.01,1,100,0.777542340189913,123.21,1239.63896275782,1479.76182281891,0.822990278718493,0.837728709878683,0.55068863632918,FLOAT
"anisotropic_(0.01,1,100)",0.01,1,100,0.784155448403264,123.21,1099.0549930873,1300.42863983917,0.828941166970155,0.84514825298159,0.55068863632918,FLOAT
"anisotropic_(0.01,1,100)",0.01,1,100,0.791162991201332,123.21,974.24124891467,1142.94428245653,0.834561771194498,0.852396100027497,0.55068863632918,FLOAT
"anisotropic_(0.01,1,100)",0.01,1,100,0.798588494381158,123.21,863.448760212129,1004.6236841135,0.839831254669751,0.859474820140292,0.55068863632918,FLOAT
"anisotropic_(0.01,1,100)",0.01,1,100,0.806456886920807,123.21,765.121187664186,883.116172994962,0.84472427054286,0.866387923877995,0.55068863632918,FLOAT
"anisotropic_(0.01,1,100)",0.01,1,100,0.814794584671205,123.21,677.873677738458,776.363014232378,0.849209397571761,0.8731400972375,0.55068863632918,FLOAT
"anisotropic_(0.01,1,100)",0.01,1,100,0.823629579039712,123.21,600.474035583874,682.560435308359,0.853246919028082,0.879737536080008,0.55068863632918,FLOAT
"anisotropic_(0.01,1,100)",0.01,1,100,0.83299153096317,123.21,531.825961968467,600.12740159658,0.856785599771659,0.886188433578597,0.55068863632918,FLOAT
"anisotropic_(0.01,1,100)",0.01,1,100,0.842911870485915,123.21,470.9541282489,527.677503523228,0.859757892092139,0.892503707481192,0.55068863632918,FLOAT
"anisotropic_(0.01,1,100)",0.01,1,100,0.853423902277057,123.21,416.990888103889,463.994394680185,0.862072596896911,0.898698115504835,0.55068863632918,FLOAT
"anisotropic_(0.01,1,100)",0.01,1,100,0.864562917441269,123.21,369.164446796722,408.010280261183,0.863603247058477,0.904792022790224,0.55068863632918,FLOAT
"anisotropic_(0.01,1,100)",0.01,1,100,0.876366311998457,123.21,326.788328354332,358.786992424562,0.864168976176748,0.91081431393598,0.55068863632918,FLOAT
"anisotropic_(0.01,1,100)",0.01,1,100,0.888873712430073,123.21,289.251998526015,315.499189360486,0.863501474410685,0.916807422270486,0.55068863632918,FLOAT
"anisotropic_(0.01,1,100)",0.01,1,100,0.9,123.21,260.95569833426,283.067181377622,0.861679764069347,0.921886094545646,0.55068863632918,FLOAT
"anisotropic_(0.01,1,100)",0.01,1,100,0.902127108713561,123.21,256.012516949029,277.41913919575,0.86118447740281,0.922836534246413,0.55068863632918,FLOAT
"anisotropic_(0.01,1,100)",0.01,1,100,0.912667383761716,123.21,233.442132209751,251.695041322263,0.857937477198376,0.92748006072499,0.55068863632918,FLOAT
"anisotropic_(0.01,1,100)",0.01,1,100,0.916170995291558,123.21,226.587105810625,243.902286700465,0.85653448647623,0.929007714014978,0.55068863632918,FLOAT
"anisotropic_(0.01,1,100)",0.01,1,100,0.923730141409766,123.21,212.773624805104,228.224838624908,0.852866375627236,0.93229828132249,0.55068863632918,FLOAT
"anisotropic_(0.01,1,100)",0.01,1,100,0.931052520449102,123.21,200.546534643219,214.371989526867,0.848341891665575,0.935507176501179,0.55068863632918,FLOAT
"anisotropic_(0.01,1,100)",0.01,1,100,0.933391537091908,123.21,196.859248276661,210.197755343318,0.846662245576824,0.93654305658559,0.55068863632918,FLOAT
"anisotropic_(0.01,1,100)",0.01,1,100,0.941829086706256,123.21,184.359382129278,196.052503619413,0.839473921005943,0.940357193740132,0.55068863632918,FLOAT
"anisotropic_(0.01,1,100)",0.01,1,100,0.946821644600358,123.21,177.509231888012,188.299076321494,0.834229565953787,0.942698367701714,0.55068863632918,FLOAT
"anisotropic_(0.01,1,100)",0.01,1,100,0.94919781953087,123.21,174.380782250566,184.756060166952,0.831422549416788,0.943843368888629,0.55068863632918,FLOAT
"anisotropic_(0.01,1,100)",0.01,1,100,0.955633126690214,123.21,166.307532099893,175.600998010498,0.822613306416827,0.947076235238428,0.55068863632918,FLOAT
"anisotropic_(0.01,1,100)",0.01,1,100,0.961253248795439,123.21,159.702642166869,168.088527818757,0.813142586010066,0.950110303417432,0.55068863632918,FLOAT
"anisotropic_(0.01,1,100)",0.01,1,100,0.963531308016255,123.21,157.136043660922,165.160502683189,0.808716022240124,0.951414176562182,0.55068863632918,FLOAT
"anisotropic_(0.01,1,100)",0.01,1,100,0.966161448465718,123.21,154.248357384939,161.858072282785,0.803102342539461,0.952985261775817,0.55068863632918,FLOAT
"anisotropic_(0.01,1,100)",0.01,1,100,0.970447907647971,123.21,149.708638543113,156.643284617571,0.792582566930515,0.955729694436705,0.55068863632918,FLOAT
"anisotropic_(0.01,1,100)",0.01,1,100,0.974191384595819,123.21,145.904842784114,152.243697039953,0.781672508082008,0.958363765600251,0.55068863632918,FLOAT
"anisotropic_(0.01,1,100)",0.01,1,100,0.977460660952652,123.21,142.699527576619,148.505928700829,0.770461041660836,0.960901216705581,0.55068863632918,FLOAT
"anisotropic_(0.01,1,100)",0.01,1,100,0.980315805527134,123.21,139.98540316225,145.310918642458,0.759036465118809,0.963350892486532,0.55068863632918,FLOAT
"anisotropic_(0.01,1,100)",0.01,1,100,0.981237608556118,123.21,139.12556888575,144.29144203886,0.754956366666585,0.964198339970026,0.55068863632918,FLOAT
"anisotropic_(0.01,1,100)",0.01,1,100,0.982809277981414,123.21,137.677633897484,142.565058758563,0.747485919725412,0.96571793324649,0.55068863632918,FLOAT
"anisotropic_(0.01,1,100)",0.01,1,100,0.984986892710918,123.21,135.708369048136,140.193912184338,0.735894587329627,0.968004722414023,0.55068863632918,FLOAT
"anisotropic_(0.01,1,100)",0.01,1,100,0.986888660625784,123.21,134.022789057086,138.137682907754,0.724344770980479,0.97021164852305,0.55068863632918,FLOAT
"anisotropic_(0.01,1,100)",0.01,1,100,0.988549524300617,123.21,132.576201564405,136.34789492723,0.712914939287,0.972337722083368,0.55068863632918,FLOAT
"anisotropic_(0.01,1,100)",0.01,1,100,0.99,123.21,131.331877164231,134.784921825253,0.701678792033991,0.974381076056131,0.55068863632918,FLOAT
"anisotropic_(0.01,1,100)",0.01,1,100,0.991266738376172,123.21,130.25941468929,133.416124085177,0.690704387920262,0.976339371140244,0.55068863632918,FLOAT
"anisotropic_(0.01,1,100)",0.01,1,100,0.992373014140977,123.21,129.33349106885,132.214427293886,0.680053363638999,0.978210122117517,0.55068863632918,FLOAT
"anisotropic_(0.01,1,100)",0.01,1,100,0.993339153709191,123.21,128.532894248584,131.157224660707,0.669780266172952,0.979990958035966,0.55068863632918,FLOAT
"anisotropic_(0.01,1,100)",0.01,1,100,0.994182908670626,123.21,127.839767065194,130.225521222652,0.659932016205076,0.981679826388417,0.55068863632918,FLOAT
"anisotropic_(0.01,1,100)",0.01,1,100,0.994919781953087,123.21,127.239010176456,129.403260385209,0.650547518731535,0.983275149309913,0.55068863632918,FLOAT
"anisotropic_(0.01,1,100)",0.01,1,100,0.995563312669021,123.21,126.717806231349,128.676789653252,0.641657435870442,0.984775938013513,0.55068863632918,FLOAT
"anisotropic_(0.01,1,100)",0.01,1,100,0.996125324879544,123.21,126.265237409361,128.034433837061,0.633284134998551,0.986181870183832,0.55068863632918,FLOAT
"anisotropic_(0.01,1,100)",0.01,1,100,0.996616144846572,123.21,125.871975564974,127.466152168848,0.625441821478551,0.987493333902776,0.55068863632918,FLOAT
"anisotropic_(0.01,1,100)",0.01,1,100,0.997044790764797,123.21,125.530029349925,126.963261623933,0.618136858654128,0.988711440965865,0.55068863632918,FLOAT
"anisotropic_(0.01,1,100)",0.01,1,100,0.997419138459582,123.21,125.232536437807,126.518212973699,0.611368268574756,0.989838012206516,0.55068863632918,FLOAT
"anisotropic_(0.01,1,100)",0.01,1,100,0.997746066095265,123.21,124.973591743494,126.124409165319,0.605128395998766,0.990875537658083,0.55068863632918,FLOAT
"anisotropic_(0.01,1,100)",0.01,1,100,0.998031580552713,123.21,124.748104591169,125.776057854923,0.599403707214907,0.991827114943133,0.55068863632918,FLOAT
"anisotropic_(0.01,1,100)",0.01,1,100,0.998280927798141,123.21,124.551679333539,125.468051558108,0.594175685989756,0.992696370006635,0.55068863632918,FLOAT
"anisotropic_(0.01,1,100)",0.01,1,100,0.998498689271092,123.21,124.380515098562,125.195870105343,0.589421783132884,0.993487364989792,0.55068863632918,FLOAT
"anisotropic_(0.01,1,100)",0.01,1,100,0.998688866062578,123.21,124.23132123682,124.955501033523,0.585116374728677,0.994204498475752,0.55068863632918,FLOAT
"anisotropic_(0.01,1,100)",0.01,1,100,0.998854952430062,123.21,124.101245733335,124.743374303435,0.58123168709582,0.994852403394682,0.55068863632918,FLOAT
"anisotropic_(0.01,1,100)",0.01,1,100,0.999,123.21,123.987814383565,124.556308368343,0.577738653234832,0.99543584751166,0.55068863632918,FLOAT
"anisotropic_(0.01,1,100)",0.01,1,100,0.999126673837617,123.21,123.888878952367,124.391465167236,0.574607674600527,0.995959640686014,0.55068863632918,FLOAT
"anisotropic_(0.01,1,100)",0.01,1,100,0.999237301414098,123.21,123.80257286461,124.246312095019,0.571809271993041,0.996428552100048,0.55068863632918,FLOAT
"anisotropic_(0.01,1,100)",0.01,1,100,0.999333915370919,123.21,123.7272732378,124.118589417288,0.569314618856062,0.996847239552713,0.55068863632918,FLOAT
"anisotropic_(0.01,1,100)",0.01,1,100,0.999418290867063,123.21,123.661568275881,124.00628195058,0.567095958350218,0.997220191838054,0.55068863632918,FLOAT
"anisotropic_(0.01,1,100)",0.01,1,100,0.999491978195309,123.21,123.604229211279,123.907594121091,0.565126911709365,0.997551684285664,0.55068863632918,FLOAT
"anisotropic_(0.01,1,100)",0.01,1,100,0.999556331266902,123.21,123.554186117922,123.820927748321,0.563382689472251,0.997845746795399,0.55068863632918,FLOAT
"anisotropic_(0.01,1,100)",0.01,1,100,0.999612532487954,123.21,123.510507028451,123.744862080135,0.561840219397887,0.998106143174393,0.55068863632918,FLOAT
"anisotropic_(0.01,1,100)",0.01,1,100,0.999661614484657,123.21,123.472379879169,123.678135739391,0.560478205552502,0.99833636027102,0.55068863632918,FLOAT
"anisotropic_(0.01,1,100)",0.01,1,100,0.99970447907648,123.21,123.439096880686,123.619630337673,0.559277132615328,0.998539605267433,0.55068863632918,FLOAT
"anisotropic_(0.01,1,100)",0.01,1,100,0.999741913845958,123.21,123.410040973711,123.568355577131,0.55821922826589,0.998718809498754,0.55068863632918,FLOAT
"anisotropic_(0.01,1,100)",0.01,1,100,0.999774606609527,123.21,123.384674080621,123.52343570441,0.557288394919518,0.998876637271318,0.55068863632918,FLOAT
"anisotropic_(0.01,1,100)",0.01,1,100,0.999803158055271,123.21,123.362526906169,123.484097207731,0.556470120331996,0.999015498316695,0.55068863632918,FLOAT
"anisotropic_(0.01,1,100)",0.01,1,100,0.999828092779814,123.21,123.343190076509,123.449657664448,0.555751374846241,0.999137562712179,0.55068863632918,FLOAT
"anisotropic_(0.01,1,100)",0.01,1,100,0.999849868927109,123.21,123.326306435964,123.419515655899,0.555120501450885,0.999244777299286,0.55068863632918,FLOAT
"anisotropic_(0.01,1,100)",0.01,1,100,0.999868886606258,123.21,123.311564346438,123.393141671795,0.554567103393771,0.999338882824023,0.55068863632918,FLOAT
"anisotropic_(0.01,1,100)",0.01,1,100,0.999885495243006,123.21,123.298691856072,123.370069929754,0.554081932871153,0.999421431197033,0.55068863632918,FLOAT
"anisotropic_(0.01,1,100)",0.01,1,100,0.9999,123.21,123.287451622157,123.349891038074,0.553656783330184,0.999493802423399,0.55068863632918,FLOAT
"anisotropic_(0.01,1,100)",0.01,1,100,0.999912667383762,123.21,123.277636489039,123.332245432217,0.55328438709454,0.99955722087937,0.55068863632918,FLOAT
"anisotropic_(0.01,1,100)",0.01,1,100,0.99992373014141,123.21,123.269065635239,123.316817518006,0.552958319403202,0.999612770717509,0.55068863632918,FLOAT
"anisotropic_(0.01,1,100)",0.01,1,100,0.999933391537092,123.21,123.26158121551,123.303330457543,0.552672909449867,0.999661410264611,0.55068863632918,FLOAT
"anisotropic_(0.01,1,100)",0.01,1,100,0.999941829086706,123.21,123.255045433515,123.291541537148,0.552423158676867,0.999703985340937,0.55068863632918,FLOAT
"anisotropic_(0.01,1,100)",0.01,1,100,0.999949197819531,123.21,123.249337989315,123.281238060302,0.552204666275062,0.999741241477707,0.55068863632918,FLOAT
"anisotropic_(0.01,1,100)",0.01,1,100,0.99995563312669,123.21,123.244353853252,123.272233712423,0.552013561691891,0.999773835045156,0.55068863632918,FLOAT
"anisotropic_(0.01,1,100)",0.01,1,100,0.999961253248795,123.21,123.240001324137,123.264365348322,0.551846443783698,0.999802343328368,0.55068863632918,FLOAT
"anisotropic_(0.01,1,100)",0.01,1,100,0.999966161448466,123.21,123.236200335194,123.257490157153,0.551700326239512,0.999827273604782,0.55068863632918,FLOAT
"anisotropic_(0.01,1,100)",0.01,1,100,0.999970447907648,123.21,123.232880975949,123.251483163622,0.551572588761344,0.999849071287455,0.55068863632918,FLOAT
"anisotropic_(0.01,1,100)",0.01,1,100,0.999974191384596,123.21,123.22998220238,123.246235028018,0.551460933590803,0.999868127203765,0.55068863632918,FLOAT
"anisotropic_(0.01,1,100)",0.01,1,100,0.999977460660953,123.21,123.227450711248,123.241650111217,0.551363346831874,0.999884784081065,0.55068863632918,FLOAT
"anisotropic_(0.01,1,100)",0.01,1,100,0.999980315805527,123.21,123.225239957622,123.237644774228,0.551278064211478,0.99989934231031,0.55068863632918,FLOAT
"anisotropic_(0.01,1,100)",0.01,1,100,0.999982809277981,123.21,123.223309297307,123.234145885001,0.551203540728649,0.999912065056185,0.55068863632918,FLOAT
"anisotropic_(0.01,1,100)",0.01,1,100,0.999984986892711,123.21,123.221623238259,123.231089508108,0.55113842386977,0.999923182778901,0.55068863632918,FLOAT
"anisotropic_(0.01,1,100)",0.01,1,100,0.999986888660626,123.21,123.220150787088,123.228419755581,0.551081530018103,0.999932897228504,0.55068863632918,FLOAT
"anisotropic_(0.01,1,100)",0.01,1,100,0.999988549524301,123.21,123.218864878547,123.226087779631,0.55103182358138,0.99994138496796,0.55068863632918,FLOAT
"anisotropic_(0.01,1,100)",0.01,1,100,0.99999,123.21,123.217741877442,123.224050890109,0.550988398740313,0.999948800476681,0.55068863632918,FLOAT
"anisotropic_(0.01,1,100)",0.01,1,100,0.999991266738376,123.21,123.216761143755,123.222271781594,0.550950463311363,0.999955278881329,0.55068863632918,FLOAT
"anisotropic_(0.01,1,100)",0.01,1,100,0.999992373014141,123.21,123.215904652946,123.220717856712,0.550917324628281,0.999960938356387,0.55068863632918,FLOAT
"anisotropic_(0.01,1,100)",0.01,1,100,0.999993339153709,123.21,123.215156664419,123.219360633902,0.550888377119685,0.999965882232618,0.55068863632918,FLOAT
"anisotropic_(0.01,1,100)",0.01,1,100,0.999994182908671,123.21,123.214503432041,123.21817522922,0.550863091445154,0.999970200847628,0.55068863632918,FLOAT
"anisotropic_(0.01,1,100)",0.01,1,100,0.999994919781953,123.21,123.213932951365,123.217139903039,0.550841004958567,0.999973973169024,0.55068863632918,FLOAT
"anisotropic_(0.01,1,100)",0.01,1,100,0.999995563312669,123.21,123.213434738906,123.216235663598,0.550821713285215,0.999977268217323,0.55068863632918,FLOAT
"anisotropic_(0.01,1,100)",0.01,1,100,0.99999612532488,123.21,123.212999639403,123.215445920333,0.550804863129463,0.999980146312738,0.55068863632918,FLOAT
"anisotropic_(0.01,1,100)",0.01,1,100,0.999996616144847,123.21,123.21261965751,123.214756180788,0.550790145752598,0.999982660167135,0.55068863632918,FLOAT
"anisotropic_(0.01,1,100)",0.01,1,100,0.999997044790765,123.21,123.212287810818,123.214153785666,0.550777291371657,0.99998485584009,0.55068863632918,FLOAT
"anisotropic_(0.01,1,100)",0.01,1,100,0.99999741913846,123.21,123.211998001518,123.213627677243,0.550766064304137,0.999986773575652,0.55068863632918,FLOAT
"anisotropic_(0.01,1,100)",0.01,1,100,0.999997746066095,123.21,123.211744904309,123.213168196969,0.550756258636144,0.999988448534514,0.55068863632918,FLOAT
"anisotropic_(0.01,1,100)",0.01,1,100,0.999998031580553,123.21,123.211523868534,123.212766908603,0.55074769451653,0.999989911434504,0.55068863632918,FLOAT
"anisotropic_(0.01,1,100)",0.01,1,100,0.999998280927798,123.21,123.211330832695,123.21241644365,0.550740214804227,0.999991189110752,0.55068863632918,FLOAT
"anisotropic_(0.01,1,100)",0.01,1,100,0.999998498689271,123.21,123.211162249818,123.212110366326,0.550733682255401,0.999992305005526,0.55068863632918,FLOAT
"anisotropic_(0.01,1,100)",0.01,1,100,0.999998688866063,123.21,123.211015022263,123.211843055566,0.550727976946394,0.999993279596488,0.55068863632918,FLOAT
"anisotropic_(0.01,1,100)",0.01,1,100,0.99999885495243,123.21,123.210886444804,123.211609601948,0.550722994167291,0.999994130771069,0.55068863632918,FLOAT
"anisotropic_(0.01,1,100)",0.01,1,100,0.999999,123.21,123.21077415491,123.211405717639,0.550718642375866,0.99999487415369,0.55068863632918,FLOAT
"anisotropic_(0.01,1,100)",0.01,1,100,0.999999126673838,123.21,123.210676089333,123.211227657731,0.55071484176585,0.999995523391753,0.55068863632918,FLOAT
"anisotropic_(0.01,1,100)",0.01,1,100,0.999999237301414,123.21,123.210590446195,123.211072151518,0.550711522452969,0.999996090405555,0.55068863632918,FLOAT
"anisotropic_(0.01,1,100)",0.01,1,100,0.999999333915371,123.21,123.210515651875,123.210936342473,0.550708623712463,0.999996585606677,0.55068863632918,FLOAT
"anisotropic_(0.01,1,100)",0.01,1,100,0.999999418290867,123.21,123.210450332094,123.210817735813,0.550706091947628,0.999997018088786,0.55068863632918,FLOAT
"anisotropic_(0.01,1,100)",0.01,1,100,0.999999491978195,123.21,123.210393286663,123.210714152699,0.550703880924004,0.999997395794367,0.55068863632918,FLOAT
"anisotropic_(0.01,1,100)",0.01,1,100,0.999999556331267,123.21,123.210343467428,123.210623690233,0.550701949888006,0.999997725660358,0.55068863632918,FLOAT
"anisotropic_(0.01,1,100)",0.01,1,100,0.999999612532488,123.21,123.210299959011,123.210544686522,0.550700263475823,0.999998013745403,0.55068863632918,FLOAT
"anisotropic_(0.01,1,100)",0.01,1,100,0.999999661614485,123.21,123.210261961991,123.210475690152,0.550698790714561,0.999998265341,0.55068863632918,FLOAT
"anisotropic_(0.01,1,100)",0.01,1,100,0.999999704479076,123.21,123.210228778214,123.210415433541,0.550697504302326,0.999998485068602,0.55068863632918,FLOAT
"anisotropic_(0.01,1,100)",0.01,1,100,0.999999741913846,123.21,123.210199797965,123.210362809656,0.550696381190441,0.999998676964439,0.55068863632918,FLOAT
"anisotropic_(0.01,1,100)",0.01,1,100,0.999999774606609,123.21,123.210174488763,123.210316851681,0.550695400105308,0.999998844553596,0.55068863632918,FLOAT
"anisotropic_(0.01,1,100)",0.01,1,100,0.999999803158055,123.21,123.210152385581,123.210276715256,0.550694543293006,0.999998990914739,0.55068863632918,FLOAT
"anisotropic_(0.01,1,100)",0.01,1,100,0.99999982809278,123.21,123.210133082299,123.210241662972,0.55069379529407,0.99999911873663,0.55068863632918,FLOAT
"anisotropic_(0.01,1,100)",0.01,1,100,0.999999849868927,123.21,123.210116224242,123.210211050825,0.550693141668196,0.999999230367497,0.55068863632918,FLOAT
"anisotropic_(0.01,1,100)",0.01,1,100,0.999999868886606,123.21,123.210101501662,123.210184316381,0.550692571298768,0.999999327858166,0.55068863632918,FLOAT
"anisotropic_(0.01,1,100)",0.01,1,100,0.999999885495243,123.21,123.21008864405,123.210160968451,0.550692072692806,0.999999412999703,0.55068863632918,FLOAT
"anisotropic_(0.01,1,100)",0.01,1,100,0.9999999,123.21,123.210077415163,123.210140578061,0.550691636876562,0.99999948735633,0.55068863632918,FLOAT
"anisotropic_(0.01,1,100)",0.01,1,100,0.999999912667384,123.21,123.210067608683,123.210122770576,0.550691256720236,0.999999552294145,0.55068863632918,FLOAT
"anisotropic_(0.01,1,100)",0.01,1,100,0.999999923730141,123.21,123.210059044429,123.210107218815,0.550690925342479,0.999999609006211,0.55068863632918,FLOAT
"anisotropic_(0.01,1,100)",0.01,1,100,0.999999933391537,123.21,123.210051565042,123.210093637042,0.550690634423533,0.999999658534471,0.55068863632918,FLOAT
"anisotropic_(0.01,1,100)",0.01,1,100,0.999999941829087,123.21,123.210045033098,123.210081775712,0.550690381540653,0.999999701788899,0.55068863632918,FLOAT
"anisotropic_(0.01,1,100)",0.01,1,100,0.99999994919782,123.21,123.210039328582,123.210071416895,0.550690161059748,0.999999739564198,0.55068863632918,FLOAT
"anisotropic_(0.01,1,100)",0.01,1,100,0.999999955633127,123.21,123.210034346678,123.210062370263,0.550689967625422,0.999999772554413,0.55068863632918,FLOAT
"anisotropic_(0.01,1,100)",0.01,1,100,0.999999961253249,123.21,123.210029995852,123.210054469598,0.550689799434666,0.999999801365676,0.55068863632918,FLOAT
"anisotropic_(0.01,1,100)",0.01,1,100,0.999999966161448,123.21,123.210026196162,123.210047569736,0.550689651880329,0.999999826527339,0.55068863632918,FLOAT
"anisotropic_(0.01,1,100)",0.01,1,100,0.999999970447908,123.21,123.210022877793,123.210041543904,0.550689523626373,0.999999848501704,0.55068863632918,FLOAT
"anisotropic_(0.01,1,100)",0.01,1,100,0.999999974191385,123.21,123.210019979775,123.210036281385,0.550689409200652,0.99999986769251,0.55068863632918,FLOAT
"anisotropic_(0.01,1,100)",0.01,1,100,0.999999977460661,123.21,123.21001744886,123.210031685488,0.550689313926,0.99999988445236,0.55068863632918,FLOAT
"anisotropic_(0.01,1,100)",0.01,1,100,0.999999980315806,123.21,123.210015238545,123.21002767177,0.550689226668426,0.999999899089185,0.55068863632918,FLOAT
"anisotropic_(0.01,1,100)",0.01,1,100,0.999999982809278,123.21,123.21001330822,123.210024166483,0.55068915168501,0.999999911871917,0.55068863632918,FLOAT
"anisotropic_(0.01,1,100)",0.01,1,100,0.999999984986893,123.21,123.210011622417,123.210021105225,0.550689084921168,0.999999923035418,0.55068863632918,FLOAT
"anisotropic_(0.01,1,100)",0.01,1,100,0.999999986888661,123.21,123.210010150161,123.210018431746,0.550689032162297,0.999999932784802,0.55068863632918,FLOAT
"anisotropic_(0.01,1,100)",0.01,1,100,0.999999988549524,123.21,123.210008864401,123.210016096928,0.550688983467966,0.999999941299197,0.55068863632918,FLOAT
"anisotropic_(0.01,1,100)",0.01,1,100,0.99999999,123.21,123.210007741513,123.210014057869,0.550688932577188,0.999999948735041,0.55068863632918,FLOAT
