alpha,s,beta12=e^s,beta13=1,beta23=e^-s/2,x1,x2,x3,cain_x1,cain_x2,cain_x3,evidence
0.75,-4,0.0183156388887,1,7.38905609893,0.467196658658,0.290452573012,0.24235076833,0.705384512698,0.259496460342,0.0351190269593,FLOAT
0.75,-3.99,0.0184997141198,1,7.35220302789,0.466769462737,0.290674465727,0.242556071536,0.704740425298,0.259908473476,0.0353511012264,FLOAT
0.75,-3.98,0.0186856393377,1,7.31553376231,0.466342802657,0.290895995875,0.242761201468,0.704094971528,0.260320418159,0.0355846103125,FLOAT
0.75,-3.97,0.0188734331352,1,7.27904738545,0.465916679494,0.291117162314,0.242966158192,0.703448148756,0.260732289229,0.0358195620145,FLOAT
0.75,-3.96,0.0190631142916,1,7.24274298516,0.465491094315,0.291337963901,0.243170941784,0.702799954352,0.261144081489,0.0360559641594,FLOAT
0.75,-3.95,0.0192547017754,1,7.20661965382,0.465066048174,0.291558399494,0.243375552332,0.702150385688,0.261555789707,0.0362938246045,FLOAT
0.75,-3.94,0.0194482147454,1,7.17067648835,0.464641542118,0.291778467948,0.243579989933,0.70149944014,0.261967408622,0.0365331512373,FLOAT
0.75,-3.93,0.0196436725531,1,7.13491259016,0.464217577182,0.291998168122,0.243784254695,0.700847115085,0.262378932939,0.0367739519754,FLOAT
0.75,-3.92,0.0198410947444,1,7.09932706516,0.463794154391,0.292217498871,0.243988346738,0.700193407904,0.262790357329,0.0370162347666,FLOAT
0.75,-3.91,0.0200405010617,1,7.0639190237,0.463371274758,0.292436459052,0.24419226619,0.699538315981,0.26320167643,0.0372600075889,FLOAT
0.75,-3.9,0.0202419114458,1,7.02868758059,0.462948939288,0.292655047519,0.244396013193,0.698881836702,0.263612884848,0.03750527845,FLOAT
0.75,-3.89,0.0204453460379,1,6.99363185503,0.462527148972,0.292873263129,0.244599587899,0.698223967457,0.264023977155,0.037752055388,FLOAT
0.75,-3.88,0.0206508251817,1,6.95875097064,0.462105904794,0.293091104736,0.24480299047,0.697564705641,0.264434947888,0.0380003464708,FLOAT
0.75,-3.87,0.0208583694252,1,6.92404405538,0.461685207725,0.293308571195,0.24500622108,0.69690404865,0.264845791554,0.0382501597962,FLOAT
0.75,-3.86,0.021067999523,1,6.88951024158,0.461265058725,0.293525661361,0.245209279914,0.696241993885,0.265256502623,0.0385015034918,FLOAT
0.75,-3.85,0.0212797364384,1,6.8551486659,0.460845458744,0.293742374086,0.24541216717,0.695578538751,0.265667075534,0.0387543857153,FLOAT
0.75,-3.84,0.0214936013451,1,6.82095846929,0.46042640872,0.293958708224,0.245614883056,0.694913680656,0.26607750469,0.0390088146538,FLOAT
0.75,-3.83,0.0217096156298,1,6.786938797,0.460007909581,0.294174662628,0.245817427791,0.694247417014,0.266487784462,0.0392647985244,FLOAT
0.75,-3.82,0.0219278008943,1,6.75308879853,0.459589962243,0.294390236149,0.246019801607,0.693579745241,0.266897909185,0.0395223455736,FLOAT
0.75,-3.81,0.022148178957,1,6.71940762763,0.459172567613,0.29460542764,0.246222004747,0.69291066276,0.267307873162,0.0397814640777,FLOAT
0.75,-3.8,0.0223707718562,1,6.68589444228,0.458755726583,0.294820235951,0.246424037467,0.692240166997,0.267717670661,0.0400421623422,FLOAT
0.75,-3.79,0.0225956018511,1,6.65254840463,0.458339440036,0.295034659931,0.246625900033,0.691568255382,0.268127295915,0.0403044487024,FLOAT
0.75,-3.78,0.0228226914251,1,6.61936868104,0.457923708843,0.295248698432,0.246827592725,0.690894925353,0.268536743124,0.0405683315228,FLOAT
0.75,-3.77,0.0230520632872,1,6.58635444202,0.457508533865,0.295462350302,0.247029115833,0.690220174349,0.268946006454,0.0408338191972,FLOAT
0.75,-3.76,0.0232837403749,1,6.55350486219,0.45709391595,0.295675614388,0.247230469662,0.689543999818,0.269355080033,0.0411009201485,FLOAT
0.75,-3.75,0.023517745856,1,6.52081912033,0.456679855933,0.295888489538,0.247431654528,0.688866399211,0.26976395796,0.0413696428289,FLOAT
0.75,-3.74,0.0237541031313,1,6.48829639929,0.456266354641,0.296100974599,0.24763267076,0.688187369986,0.270172634294,0.0416399957196,FLOAT
0.75,-3.73,0.0239928358367,1,6.45593588599,0.455853412887,0.296313068417,0.247833518697,0.687506909606,0.270581103063,0.0419119873309,FLOAT
0.75,-3.72,0.0242339678457,1,6.42373677143,0.455441031471,0.296524769835,0.248034198694,0.686825015541,0.270989358258,0.0421856262017,FLOAT
0.75,-3.71,0.0244775232717,1,6.39169825062,0.455029211183,0.296736077699,0.248234711118,0.686141685264,0.271397393836,0.0424609208999,FLOAT
0.75,-3.7,0.0247235264703,1,6.3598195226,0.454617952801,0.29694699085,0.248435056348,0.685456916259,0.271805203719,0.0427378800221,FLOAT
0.75,-3.69,0.0249720020423,1,6.3280997904,0.454207257091,0.297157508132,0.248635234776,0.684770706013,0.272212781794,0.0430165121933,FLOAT
0.75,-3.68,0.0252229748352,1,6.29653826103,0.453797124806,0.297367628385,0.248835246809,0.68408305202,0.272620121913,0.0432968260672,FLOAT
0.75,-3.67,0.0254764699467,1,6.26513414544,0.453387556687,0.297577350449,0.249035092863,0.683393951782,0.273027217892,0.0435788303258,FLOAT
0.75,-3.66,0.0257325127264,1,6.23388665852,0.452978553464,0.297786673163,0.249234773373,0.682703402807,0.273434063513,0.0438625336794,FLOAT
0.75,-3.65,0.0259911287788,1,6.2027950191,0.452570115853,0.297995595364,0.249434288783,0.682011402612,0.273840652522,0.0441479448665,FLOAT
0.75,-3.64,0.0262523439657,1,6.17185844988,0.452162244558,0.29820411589,0.249633639552,0.681317948718,0.274246978628,0.0444350726536,FLOAT
0.75,-3.63,0.0265161844089,1,6.14107617744,0.451754940271,0.298412233575,0.249832826154,0.680623038657,0.274653035508,0.0447239258351,FLOAT
0.75,-3.62,0.0267826764926,1,6.11044743223,0.451348203673,0.298619947254,0.250031849073,0.679926669967,0.2750588168,0.0450145132334,FLOAT
0.75,-3.61,0.0270518468664,1,6.07997144852,0.450942035429,0.29882725576,0.250230708812,0.679228840193,0.275464316109,0.0453068436984,FLOAT
0.75,-3.6,0.0273237224473,1,6.04964746441,0.450536436194,0.299034157923,0.250429405883,0.678529546889,0.275869527003,0.0456009261078,FLOAT
0.75,-3.59,0.0275983304232,1,6.01947472181,0.450131406609,0.299240652575,0.250627940816,0.67782878762,0.276274443014,0.0458967693664,FLOAT
0.75,-3.58,0.0278756982552,1,5.98945246638,0.449726947303,0.299446738544,0.250826314153,0.677126559954,0.276679057639,0.0461943824067,FLOAT
0.75,-3.57,0.0281558536803,1,5.95957994758,0.449323058891,0.299652414658,0.25102452645,0.676422861473,0.277083364339,0.0464937741881,FLOAT
0.75,-3.56,0.0284388247142,1,5.92985641859,0.448919741977,0.299857679743,0.25122257828,0.675717689765,0.277487356538,0.0467949536971,FLOAT
0.75,-3.55,0.0287246396542,1,5.90028113632,0.44851699715,0.300062532622,0.251420470228,0.675011042426,0.277891027627,0.0470979299471,FLOAT
0.75,-3.54,0.0290133270822,1,5.87085336138,0.448114824986,0.300266972119,0.251618202895,0.674302917065,0.278294370956,0.0474027119783,FLOAT
0.75,-3.53,0.029304915867,1,5.84157235809,0.447713226049,0.300470997054,0.251815776896,0.673593311298,0.278697379844,0.0477093088573,FLOAT
0.75,-3.52,0.0295994351679,1,5.8124373944,0.447312200889,0.300674606249,0.252013192862,0.672882222751,0.279100047571,0.0480177296774,FLOAT
0.75,-3.51,0.0298969144369,1,5.78344774196,0.446911750044,0.300877798519,0.252210451437,0.67216964906,0.279502367382,0.048327983558,FLOAT
0.75,-3.5,0.0301973834223,1,5.75460267601,0.446511874035,0.301080572682,0.252407553283,0.671455587871,0.279904332484,0.0486400796447,FLOAT
0.75,-3.49,0.0305008721712,1,5.72590147542,0.446112573373,0.301282927552,0.252604499075,0.670740036841,0.28030593605,0.0489540271088,FLOAT
0.75,-3.48,0.0308074110328,1,5.69734342267,0.445713848556,0.301484861941,0.252801289503,0.670022993637,0.280707171216,0.0492698351478,FLOAT
0.75,-3.47,0.0311170306611,1,5.6689278038,0.445315700064,0.30168637466,0.252997925276,0.669304455936,0.281108031079,0.0495875129845,FLOAT
0.75,-3.46,0.0314297620184,1,5.64065390843,0.444918128367,0.301887464518,0.253194407114,0.668584421428,0.281508508705,0.0499070698672,FLOAT
0.75,-3.45,0.0317456363781,1,5.61252102969,0.444521133921,0.302088130322,0.253390735757,0.667862887813,0.281908597118,0.0502285150695,FLOAT
0.75,-3.44,0.0320646853279,1,5.58452846428,0.444124717166,0.302288370876,0.253586911958,0.667139852801,0.282308289309,0.05055185789,FLOAT
0.75,-3.43,0.0323869407729,1,5.55667551236,0.443728878531,0.302488184982,0.253782936487,0.666415314117,0.28270757823,0.0508771076522,FLOAT
0.75,-3.42,0.032712434939,1,5.52896147762,0.443333618428,0.302687571443,0.25397881013,0.665689269496,0.2831064568,0.0512042737042,FLOAT
0.75,-3.41,0.0330412003759,1,5.50138566721,0.442938937256,0.302886529055,0.254174533689,0.664961716683,0.283504917898,0.0515333654188,FLOAT
0.75,-3.4,0.0333732699603,1,5.47394739173,0.442544835401,0.303085056615,0.254370107984,0.664232653439,0.283902954368,0.0518643921929,FLOAT
0.75,-3.39,0.0337086768996,1,5.44664596521,0.442151313234,0.303283152917,0.254565533849,0.663502077536,0.284300559016,0.0521973634475,FLOAT
0.75,-3.38,0.0340474547346,1,5.41948070513,0.44175837111,0.303480816753,0.254760812137,0.662769986759,0.284697724614,0.0525322886276,FLOAT
0.75,-3.37,0.0343896373435,1,5.39245093235,0.441366009373,0.303678046912,0.254955943716,0.662036378905,0.285094443893,0.0528691772016,FLOAT
0.75,-3.36,0.0347352589447,1,5.36555597112,0.440974228348,0.30387484218,0.255150929472,0.661301251786,0.285490709553,0.0532080386616,FLOAT
0.75,-3.35,0.0350843541008,1,5.33879514907,0.44058302835,0.304071201342,0.255345770307,0.660564603226,0.285886514252,0.0535488825229,FLOAT
0.75,-3.34,0.0354369577216,1,5.31216779718,0.440192409677,0.30426712318,0.255540467143,0.659826431063,0.286281850613,0.0538917183236,FLOAT
0.75,-3.33,0.0357931050677,1,5.28567324976,0.439802372612,0.304462606473,0.255735020915,0.659086733151,0.286676711225,0.0542365556247,FLOAT
0.75,-3.32,0.036152831754,1,5.25931084445,0.439412917423,0.304657649998,0.255929432579,0.658345507355,0.287071088635,0.0545834040097,FLOAT
0.75,-3.31,0.0365161737537,1,5.23307992218,0.439024044366,0.304852252528,0.256123703106,0.657602751557,0.287464975358,0.0549322730845,FLOAT
0.75,-3.3,0.0368831674012,1,5.20697982718,0.438635753678,0.305046412835,0.256317833487,0.656858463653,0.28785836387,0.0552831724769,FLOAT
0.75,-3.29,0.0372538493962,1,5.18100990695,0.438248045583,0.305240129687,0.256511824731,0.656112641554,0.288251246609,0.0556361118365,FLOAT
0.75,-3.28,0.0376282568072,1,5.15516951223,0.437860920289,0.305433401849,0.256705677861,0.655365283186,0.288643615979,0.0559911008347,FLOAT
0.75,-3.27,0.0380064270752,1,5.12945799703,0.437474377992,0.305626228084,0.256899393924,0.65461638649,0.289035464346,0.0563481491638,FLOAT
0.75,-3.26,0.0383883980176,1,5.10387471854,0.437088418867,0.305818607152,0.257092973981,0.653865949425,0.289426784038,0.0567072665375,FLOAT
0.75,-3.25,0.0387742078317,1,5.07841903718,0.436703043079,0.306010537809,0.257286419112,0.653113969963,0.289817567347,0.05706846269,FLOAT
0.75,-3.24,0.039163895099,1,5.05309031656,0.436318250773,0.306202018809,0.257479730418,0.652360446094,0.29020780653,0.0574317473761,FLOAT
0.75,-3.23,0.0395574987884,1,5.02788792347,0.435934042083,0.306393048901,0.257672909016,0.651605375825,0.290597493804,0.057797130371,FLOAT
0.75,-3.22,0.0399550582607,1,5.00281122783,0.435550417123,0.306583626833,0.257865956044,0.650848757179,0.290986621351,0.0581646214696,FLOAT
0.75,-3.21,0.040356613272,1,4.97785960274,0.435167375995,0.306773751349,0.258058872656,0.650090588197,0.291375181317,0.0585342304866,FLOAT
0.75,-3.2,0.0407622039784,1,4.9530324244,0.434784918782,0.306963421189,0.25825166003,0.649330866935,0.291763165809,0.058905967256,FLOAT
0.75,-3.19,0.0411718709391,1,4.92832907212,0.434403045553,0.30715263509,0.258444319358,0.648569591469,0.2921505669,0.0592798416308,FLOAT
0.75,-3.18,0.0415856551212,1,4.90374892833,0.43402175636,0.307341391785,0.258636851854,0.647806759893,0.292537376624,0.0596558634831,FLOAT
0.75,-3.17,0.0420035979034,1,4.87929137851,0.433641051241,0.307529690006,0.258829258753,0.647042370318,0.292923586979,0.0600340427032,FLOAT
0.75,-3.16,0.0424257410805,1,4.85495581124,0.433260930216,0.307717528477,0.259021541307,0.646276420873,0.293309189927,0.0604143891996,FLOAT
0.75,-3.15,0.042852126867,1,4.83074161811,0.432881393288,0.307904905922,0.25921370079,0.645508909708,0.293694177393,0.0607969128988,FLOAT
0.75,-3.14,0.043282797902,1,4.80664819378,0.432502440445,0.308091821061,0.259405738494,0.64473983499,0.294078541265,0.0611816237448,FLOAT
0.75,-3.13,0.0437177972528,1,4.7826749359,0.432124071659,0.308278272607,0.259597655734,0.643969194906,0.294462273395,0.0615685316987,FLOAT
0.75,-3.12,0.0441571684197,1,4.75882124514,0.431746286885,0.308464259273,0.259789453842,0.643196987663,0.294845365598,0.0619576467386,FLOAT
0.75,-3.11,0.0446009553403,1,4.73508652516,0.431369086061,0.308649779765,0.259981134174,0.642423211487,0.295227809653,0.0623489788592,FLOAT
0.75,-3.1,0.0450492023936,1,4.71147018259,0.430992469108,0.308834832788,0.260172698104,0.641647864626,0.295609597303,0.0627425380713,FLOAT
0.75,-3.09,0.0455019544046,1,4.68797162702,0.430616435932,0.309019417041,0.260364147027,0.640870945345,0.295990720253,0.0631383344018,FLOAT
0.75,-3.08,0.045959256649,1,4.66459027099,0.43024098642,0.309203531219,0.260555482361,0.640092451934,0.296371170173,0.0635363778929,FLOAT
0.75,-3.07,0.0464211548574,1,4.64132552995,0.429866120444,0.309387174012,0.260746705543,0.639312382702,0.296750938696,0.0639366786021,FLOAT
0.75,-3.06,0.04688769522,1,4.6181768223,0.429491837858,0.309570344109,0.260937818033,0.638530735978,0.29713001742,0.0643392466018,FLOAT
0.75,-3.05,0.0473589243911,1,4.59514356931,0.429118138498,0.30975304019,0.261128821311,0.637747510115,0.297508397906,0.0647440919786,FLOAT
0.75,-3.04,0.0478348894942,1,4.57222519514,0.428745022185,0.309935260935,0.26131971688,0.636962703488,0.297886071679,0.0651512248336,FLOAT
0.75,-3.03,0.0483156381261,1,4.54942112685,0.42837248872,0.310117005016,0.261510506264,0.636176314492,0.298263030227,0.0655606552813,FLOAT
0.75,-3.02,0.048801218362,1,4.52673079431,0.428000537889,0.310298271103,0.261701191008,0.635388341547,0.298639265003,0.0659723934497,FLOAT
0.75,-3.01,0.0492916787605,1,4.50415363029,0.42762916946,0.310479057859,0.261891772681,0.634598783095,0.299014767425,0.0663864494796,FLOAT
0.75,-3,0.0497870683679,1,4.48168907034,0.427258383182,0.310659363945,0.262082252873,0.633807637601,0.299389528874,0.0668028335245,FLOAT
0.75,-2.99,0.0502874367236,1,4.45933655285,0.426888178789,0.310839188015,0.262272633197,0.633014903554,0.299763540696,0.0672215557502,FLOAT
0.75,-2.98,0.0507928338649,1,4.437095519,0.426518555994,0.311018528718,0.262462915288,0.632220579466,0.3001367942,0.067642626334,FLOAT
0.75,-2.97,0.0513033103319,1,4.41496541278,0.426149514494,0.311197384701,0.262653100805,0.631424663874,0.300509280661,0.0680660554648,FLOAT
0.75,-2.96,0.0518189171727,1,4.39294568092,0.425781053969,0.311375754602,0.262843191429,0.63062715534,0.300880991318,0.0684918533423,FLOAT
0.75,-2.95,0.0523397059484,1,4.37103577293,0.42541317408,0.311553637057,0.263033188864,0.629828052449,0.301251917374,0.0689200301768,FLOAT
0.75,-2.94,0.0528657287384,1,4.34923514106,0.425045874469,0.311731030694,0.263223094837,0.629027353813,0.301622049998,0.0693505961888,FLOAT
0.75,-2.93,0.0533970381452,1,4.3275432403,0.42467915476,0.311907934139,0.2634129111,0.628225058069,0.301991380323,0.0697835616084,FLOAT
0.75,-2.92,0.0539336873004,1,4.30595952835,0.424313014561,0.312084346011,0.263602639428,0.627421163879,0.302359899446,0.070218936675,FLOAT
0.75,-2.91,0.0544757298692,1,4.2844834656,0.423947453459,0.312260264923,0.263792281618,0.626615669932,0.302727598432,0.0706567316369,FLOAT
0.75,-2.9,0.0550232200564,1,4.26311451517,0.423582471024,0.312435689483,0.263981839494,0.625808574942,0.303094468307,0.0710969567505,FLOAT
0.75,-2.89,0.0555762126115,1,4.24185214282,0.423218066806,0.312610618293,0.264171314901,0.624999877652,0.303460500067,0.0715396222805,FLOAT
0.75,-2.88,0.0561347628341,1,4.220695817,0.422854240338,0.312785049951,0.264360709711,0.624189576832,0.30382568467,0.0719847384988,FLOAT
0.75,-2.87,0.0566989265798,1,4.19964500879,0.422490991134,0.312958983048,0.264550025818,0.623377671276,0.304190013039,0.0724323156845,FLOAT
0.75,-2.86,0.0572687602655,1,4.17869919192,0.422128318687,0.313132416168,0.264739265144,0.622564159811,0.304553476066,0.072882364123,FLOAT
0.75,-2.85,0.0578443208748,1,4.15785784276,0.421766222475,0.313305347892,0.264928429633,0.621749041287,0.304916064607,0.0733348941061,FLOAT
0.75,-2.84,0.0584256659645,1,4.13712044025,0.421404701953,0.313477776792,0.265117521255,0.620932314587,0.305277769482,0.073789915931,FLOAT
0.75,-2.83,0.0590128536694,1,4.11648646597,0.421043756559,0.313649701435,0.265306542006,0.620113978619,0.305638581481,0.0742474398999,FLOAT
0.75,-2.82,0.0596059427089,1,4.09595540407,0.420683385712,0.313821120383,0.265495493905,0.619294032323,0.305998491357,0.0747074763198,FLOAT
0.75,-2.81,0.0602049923924,1,4.07552674127,0.42032358881,0.313992032191,0.265684378999,0.618472474668,0.30635748983,0.0751700355018,FLOAT
0.75,-2.8,0.0608100626252,1,4.05519996684,0.419964365234,0.314162435407,0.26587319936,0.617649304652,0.306715567587,0.0756351277606,FLOAT
0.75,-2.79,0.061421213915,1,4.03497457263,0.419605714342,0.314332328572,0.266061957085,0.616824521303,0.307072715283,0.076102763414,FLOAT
0.75,-2.78,0.0620385073774,1,4.01485005299,0.419247635477,0.314501710223,0.2662506543,0.615998123681,0.307428923536,0.0765729527824,FLOAT
0.75,-2.77,0.0626620047422,1,3.99482590482,0.418890127959,0.314670578888,0.266439293153,0.615170110876,0.307784182935,0.0770457061882,FLOAT
0.75,-2.76,0.0632917683596,1,3.97490162749,0.418533191088,0.314838933089,0.266627875823,0.61434048201,0.308138484035,0.0775210339555,FLOAT
0.75,-2.75,0.0639278612067,1,3.95507672292,0.418176824146,0.315006771342,0.266816404512,0.613509236235,0.308491817356,0.0779989464093,FLOAT
0.75,-2.74,0.0645703468932,1,3.93535069547,0.417821026395,0.315174092155,0.26700488145,0.612676372737,0.308844173388,0.0784794538752,FLOAT
0.75,-2.73,0.0652192896681,1,3.91572305199,0.417465797074,0.315340894029,0.267193308896,0.611841890733,0.309195542588,0.0789625666787,FLOAT
0.75,-2.72,0.0658747544264,1,3.8961933018,0.417111135406,0.315507175459,0.267381689135,0.611005789474,0.309545915381,0.0794482951446,FLOAT
0.75,-2.71,0.066536806715,1,3.87676095663,0.416757040591,0.315672934932,0.267570024477,0.610168068243,0.30989528216,0.0799366495966,FLOAT
0.75,-2.7,0.0672055127397,1,3.8574255307,0.416403511809,0.315838170928,0.267758317263,0.609328726358,0.310243633286,0.0804276403567,FLOAT
0.75,-2.69,0.0678809393718,1,3.8381865406,0.41605054822,0.316002881919,0.267946569862,0.608487763168,0.310590959087,0.0809212777446,FLOAT
0.75,-2.68,0.0685631541543,1,3.81904350537,0.415698148963,0.31616706637,0.268134784667,0.607645178059,0.310937249864,0.0814175720771,FLOAT
0.75,-2.67,0.0692522253093,1,3.79999594642,0.415346313157,0.316330722739,0.268322964104,0.606800970451,0.311282495881,0.0819165336675,FLOAT
0.75,-2.66,0.0699482217447,1,3.78104338757,0.4149950399,0.316493849476,0.268511110624,0.605955139799,0.311626687376,0.0824181728252,FLOAT
0.75,-2.65,0.0706512130604,1,3.762185355,0.414644328268,0.316656445024,0.268699226709,0.605107685591,0.311969814554,0.0829224998549,FLOAT
0.75,-2.64,0.0713612695564,1,3.74342137726,0.414294177318,0.316818507815,0.268887314868,0.604258607355,0.312311867589,0.083429525056,FLOAT
0.75,-2.63,0.0720784622388,1,3.72475098525,0.413944586084,0.316980036277,0.269075377639,0.603407904651,0.312652836627,0.0839392587222,FLOAT
0.75,-2.62,0.0728028628274,1,3.70617371221,0.413595553581,0.317141028827,0.269263417592,0.602555577078,0.312992711781,0.0844517111407,FLOAT
0.75,-2.61,0.0735345437631,1,3.68768909371,0.413247078801,0.317301483877,0.269451437322,0.601701624272,0.313331483136,0.0849668925917,FLOAT
0.75,-2.6,0.0742735782143,1,3.66929666762,0.412899160715,0.317461399827,0.269639439458,0.600846045905,0.313669140748,0.0854848133475,FLOAT
0.75,-2.59,0.0750200400853,1,3.65099597414,0.412551798273,0.317620775071,0.269827426656,0.599988841686,0.314005674642,0.0860054836724,FLOAT
0.75,-2.58,0.0757740040228,1,3.63278655575,0.412204990403,0.317779607995,0.270015401601,0.599130011364,0.314341074815,0.0865289138215,FLOAT
0.75,-2.57,0.0765355454239,1,3.61466795722,0.411858736012,0.317937896975,0.270203367012,0.598269554726,0.314675331234,0.0870551140405,FLOAT
0.75,-2.56,0.0773047404433,1,3.59663972557,0.411513033985,0.318095640379,0.270391325636,0.597407471596,0.315008433839,0.0875840945647,FLOAT
0.75,-2.55,0.0780816660012,1,3.5787014101,0.411167883184,0.318252836565,0.270579280251,0.59654376184,0.315340372542,0.0881158656186,FLOAT
0.75,-2.54,0.0788663997907,1,3.56085256236,0.410823282451,0.318409483885,0.270767233664,0.595678425361,0.315671137224,0.0886504374152,FLOAT
0.75,-2.53,0.0796590202859,1,3.54309273611,0.410479230605,0.318565580679,0.270955188716,0.594811462104,0.316000717741,0.0891878201552,FLOAT
0.75,-2.52,0.0804596067495,1,3.52542148737,0.410135726442,0.318721125279,0.271143148279,0.593942872052,0.316329103921,0.0897280240264,FLOAT
0.75,-2.51,0.0812682392409,1,3.50783837434,0.409792768737,0.31887611601,0.271331115253,0.593072655232,0.316656285565,0.0902710592031,FLOAT
0.75,-2.5,0.0820849986239,1,3.49034295746,0.409450356243,0.319030551183,0.271519092574,0.592200811709,0.316982252446,0.0908169358452,FLOAT
0.75,-2.49,0.0829099665752,1,3.47293479934,0.409108487689,0.319184429105,0.271707083207,0.591327341592,0.31730699431,0.0913656640979,FLOAT
0.75,-2.48,0.0837432255922,1,3.45561346476,0.408767161782,0.319337748069,0.271895090149,0.59045224503,0.317630500879,0.0919172540905,FLOAT
0.75,-2.47,0.0845848590016,1,3.43837852071,0.408426377208,0.31949050636,0.272083116432,0.589575522216,0.317952761848,0.0924717159362,FLOAT
0.75,-2.46,0.0854349509673,1,3.42122953629,0.408086132628,0.319642702255,0.272271165116,0.588697173384,0.318273766885,0.0930290597309,FLOAT
0.75,-2.45,0.0862935864994,1,3.40416608279,0.407746426682,0.319794334019,0.272459239299,0.587817198814,0.318593505633,0.0935892955529,FLOAT
0.75,-2.44,0.087160851462,1,3.38718773362,0.407407257984,0.319945399908,0.272647342107,0.586935598826,0.318911967713,0.0941524334619,FLOAT
0.75,-2.43,0.0880368325824,1,3.37029406432,0.40706862513,0.320095898168,0.272835476702,0.586052373786,0.319229142716,0.0947184834984,FLOAT
0.75,-2.42,0.0889216174594,1,3.35348465255,0.406730526688,0.320245827033,0.273023646279,0.585167524104,0.319545020213,0.0952874556829,FLOAT
0.75,-2.41,0.0898152945722,1,3.33675907807,0.406392961205,0.32039518473,0.273211854064,0.584281050235,0.319859589749,0.0958593600154,FLOAT
0.75,-2.4,0.0907179532894,1,3.32011692274,0.406055927206,0.320543969474,0.273400103321,0.58339295268,0.320172840846,0.0964342064743,FLOAT
0.75,-2.39,0.0916296838775,1,3.3035577705,0.405719423189,0.320692179468,0.273588397344,0.582503231983,0.320484763001,0.0970120050156,FLOAT
0.75,-2.38,0.0925505775103,1,3.28708120738,0.405383447631,0.320839812907,0.273776739463,0.581611888737,0.320795345691,0.0975927655728,FLOAT
0.75,-2.37,0.0934807262781,1,3.27068682147,0.405047998985,0.320986867973,0.273965133042,0.580718923578,0.321104578367,0.0981764980551,FLOAT
0.75,-2.36,0.0944202231963,1,3.25437420289,0.404713075681,0.321133342839,0.27415358148,0.579824337193,0.321412450459,0.0987632123478,FLOAT
0.75,-2.35,0.0953691622155,1,3.23814294384,0.404378676123,0.321279235667,0.27434208821,0.578928130313,0.321718951377,0.0993529183105,FLOAT
0.75,-2.34,0.0963276382305,1,3.22199263853,0.404044798693,0.321424544607,0.274530656701,0.578030303717,0.322024070506,0.0999456257768,FLOAT
0.75,-2.33,0.0972957470895,1,3.2059228832,0.403711441748,0.321569267797,0.274719290455,0.577130858234,0.322327797212,0.100541344554,FLOAT
0.75,-2.32,0.0982735856044,1,3.18993327612,0.403378603621,0.321713403366,0.274907993013,0.576229794739,0.322630120841,0.10114008442,FLOAT
0.75,-2.31,0.0992612515596,1,3.17402341753,0.403046282621,0.32185694943,0.275096767949,0.575327114158,0.322931030715,0.101741855127,FLOAT
0.75,-2.3,0.100258843723,1,3.15819290969,0.402714477034,0.321999904094,0.275285618872,0.574422817464,0.323230516141,0.102346666396,FLOAT
0.75,-2.29,0.101266461854,1,3.14244135684,0.402383185119,0.322142265451,0.27547454943,0.573516905681,0.323528566401,0.102954527917,FLOAT
0.75,-2.28,0.102284206716,1,3.12676836519,0.402052405111,0.322284031584,0.275663563305,0.572609379885,0.323825170763,0.103565449353,FLOAT
0.75,-2.27,0.103312180083,1,3.11117354291,0.401722135223,0.32242520056,0.275852664216,0.571700241198,0.324120318472,0.104179440331,FLOAT
0.75,-2.26,0.104350484755,1,3.09565650012,0.40139237364,0.322565770439,0.27604185592,0.570789490796,0.324413998757,0.104796510447,FLOAT
0.75,-2.25,0.105399224562,1,3.08021684892,0.401063118525,0.322705739266,0.276231142209,0.569877129907,0.324706200828,0.105416669265,FLOAT
0.75,-2.24,0.106458504379,1,3.06485420329,0.400734368013,0.322845105074,0.276420526913,0.568963159808,0.324996913878,0.106039926313,FLOAT
0.75,-2.23,0.107528430136,1,3.04956817918,0.400406120216,0.322983865885,0.276610013899,0.568047581831,0.325286127084,0.106666291085,FLOAT
0.75,-2.22,0.108609108825,1,3.03435839444,0.400078373221,0.323122019706,0.276799607073,0.567130397358,0.325573829604,0.107295773038,FLOAT
0.75,-2.21,0.109700648516,1,3.01922446881,0.39975112509,0.323259564534,0.276989310376,0.566211607826,0.325860010582,0.107928381592,FLOAT
0.75,-2.2,0.110803158362,1,3.00416602395,0.399424373858,0.323396498353,0.277179127789,0.565291214724,0.326144659145,0.108564126132,FLOAT
0.75,-2.19,0.111916748617,1,2.98918268339,0.399098117536,0.323532819132,0.277369063332,0.564369219595,0.326427764404,0.109203016001,FLOAT
0.75,-2.18,0.11304153064,1,2.97427407256,0.39877235411,0.32366852483,0.27755912106,0.563445624038,0.326709315457,0.109845060504,FLOAT
0.75,-2.17,0.114177616911,1,2.95943981874,0.398447081539,0.32380361339,0.277749305071,0.562520429705,0.326989301388,0.110490268907,FLOAT
0.75,-2.16,0.115325121038,1,2.94467955107,0.398122297757,0.323938082745,0.277939619497,0.561593638302,0.327267711265,0.111138650434,FLOAT
0.75,-2.15,0.116484157773,1,2.92999290053,0.397798000673,0.324071930813,0.278130068515,0.560665251592,0.327544534143,0.111790214264,FLOAT
0.75,-2.14,0.117654843022,1,2.91537949998,0.397474188168,0.324205155497,0.278320656335,0.559735271395,0.327819759067,0.112444969538,FLOAT
0.75,-2.13,0.118837293852,1,2.90083898406,0.397150858099,0.32433775469,0.27851138721,0.558803699585,0.328093375066,0.11310292535,FLOAT
0.75,-2.12,0.120031628511,1,2.88637098927,0.396828008298,0.324469726269,0.278702265434,0.557870538093,0.328365371158,0.113764090749,FLOAT
0.75,-2.11,0.121237966433,1,2.8719751539,0.396505636567,0.324601068097,0.278893295336,0.556935788908,0.328635736352,0.11442847474,FLOAT
0.75,-2.1,0.122456428253,1,2.85765111806,0.396183740685,0.324731778025,0.279084481291,0.555999454076,0.328904459644,0.11509608628,FLOAT
0.75,-2.09,0.123687135817,1,2.84339852365,0.395862318403,0.324861853888,0.279275827709,0.555061535702,0.329171530019,0.11576693428,FLOAT
0.75,-2.08,0.124930212199,1,2.82921701435,0.395541367448,0.324991293508,0.279467339044,0.554122035947,0.329436936453,0.1164410276,FLOAT
0.75,-2.07,0.126185781705,1,2.81510623562,0.395220885518,0.325120094692,0.27965901979,0.553180957033,0.329700667915,0.117118375052,FLOAT
0.75,-2.06,0.127453969895,1,2.8010658347,0.394900870285,0.325248255235,0.27985087448,0.55223830124,0.329962713362,0.117798985398,FLOAT
0.75,-2.05,0.128734903588,1,2.78709546057,0.394581319395,0.325375772913,0.280042907692,0.551294070907,0.330223061743,0.118482867349,FLOAT
0.75,-2.04,0.130028710878,1,2.77319476396,0.394262230466,0.325502645492,0.280235124042,0.550348268436,0.330481702003,0.119170029562,FLOAT
0.75,-2.03,0.131335521148,1,2.75936339738,0.393943601092,0.32562887072,0.280427528188,0.549400896284,0.330738623074,0.119860480642,FLOAT
0.75,-2.02,0.13265546508,1,2.74560101502,0.393625428836,0.325754446332,0.280620124832,0.548451956974,0.330993813888,0.120554229139,FLOAT
0.75,-2.01,0.133988674669,1,2.73190727283,0.393307711237,0.325879370048,0.280812918715,0.547501453087,0.331247263365,0.121251283548,FLOAT
0.75,-2,0.135335283237,1,2.71828182846,0.392990445806,0.326003639571,0.281005914622,0.546549387266,0.331498960424,0.12195165231,FLOAT
0.75,-1.99,0.136695425446,1,2.70472434128,0.392673630027,0.326127252591,0.281199117381,0.545595762218,0.331748893977,0.122655343805,FLOAT
0.75,-1.98,0.138069237311,1,2.69123447235,0.392357261357,0.326250206783,0.281392531861,0.544640580709,0.331997052933,0.123362366358,FLOAT
0.75,-1.97,0.139456856215,1,2.67781188442,0.392041337223,0.326372499803,0.281586162974,0.54368384557,0.332243426196,0.124072728233,FLOAT
0.75,-1.96,0.140858420921,1,2.66445624193,0.391725855029,0.326494129295,0.281780015676,0.542725559696,0.332488002668,0.124786437636,FLOAT
0.75,-1.95,0.142274071587,1,2.65116721098,0.391410812149,0.326615092886,0.281974094965,0.541765726042,0.332730771248,0.12550350271,FLOAT
0.75,-1.94,0.143703949778,1,2.63794445935,0.391096205929,0.326735388188,0.282168405883,0.54080434763,0.332971720834,0.126223931536,FLOAT
0.75,-1.93,0.145148198484,1,2.62478765647,0.390782033688,0.326855012795,0.282362953517,0.539841427546,0.333210840321,0.126947732133,FLOAT
0.75,-1.92,0.14660696213,1,2.61169647342,0.390468292718,0.326973964288,0.282557742995,0.538876968938,0.333448118606,0.127674912456,FLOAT
0.75,-1.91,0.148080386595,1,2.59867058292,0.390154980281,0.327092240229,0.28275277949,0.537910975023,0.333683544583,0.128405480393,FLOAT
0.75,-1.9,0.149568619223,1,2.58570965932,0.389842093615,0.327209838164,0.282948068221,0.536943449081,0.33391710715,0.129139443768,FLOAT
0.75,-1.89,0.151071808836,1,2.57281337859,0.389529629925,0.327326755626,0.283143614449,0.535974394458,0.334148795204,0.129876810337,FLOAT
0.75,-1.88,0.152590105757,1,2.55998141833,0.389217586393,0.327442990127,0.28333942348,0.535003814567,0.334378597645,0.130617587788,FLOAT
0.75,-1.87,0.154123661815,1,2.54721345774,0.388905960169,0.327558539165,0.283535500666,0.534031712887,0.334606503373,0.131361783739,FLOAT
0.75,-1.86,0.155672630368,1,2.53450917762,0.388594748376,0.327673400221,0.283731851403,0.533058092964,0.334832501296,0.132109405739,FLOAT
0.75,-1.85,0.157237166314,1,2.52186826036,0.38828394811,0.327787570758,0.283928481132,0.532082958412,0.335056580323,0.132860461266,FLOAT
0.75,-1.84,0.158817426107,1,2.50929038994,0.387973556437,0.327901048223,0.28412539534,0.531106312911,0.335278729366,0.133614957723,FLOAT
0.75,-1.83,0.160413567775,1,2.4967752519,0.387663570395,0.328013830046,0.284322599558,0.530128160211,0.335498937346,0.134372902443,FLOAT
0.75,-1.82,0.162025750934,1,2.48432253338,0.387353986995,0.32812591364,0.284520099365,0.52914850413,0.335717193188,0.135134302683,FLOAT
0.75,-1.81,0.163654136803,1,2.47193192306,0.387044803218,0.328237296398,0.284717900383,0.528167348553,0.335933485823,0.135899165624,FLOAT
0.75,-1.8,0.165298888222,1,2.45960311116,0.386736016017,0.3283479757,0.284916008283,0.527184697437,0.33614780419,0.136667498372,FLOAT
0.75,-1.79,0.166960169667,1,2.44733578946,0.386427622315,0.328457948905,0.28511442878,0.526200554808,0.336360137237,0.137439307955,FLOAT
0.75,-1.78,0.168638147269,1,2.43512965129,0.386119619008,0.328567213356,0.285313167636,0.525214924759,0.33657047392,0.138214601322,FLOAT
0.75,-1.77,0.170332988825,1,2.42298439149,0.385812002963,0.328675766377,0.28551223066,0.524227811456,0.336778803203,0.138993385342,FLOAT
0.75,-1.76,0.172044863823,1,2.41089970642,0.385504771017,0.328783605276,0.285711623706,0.523239219134,0.336985114062,0.139775666804,FLOAT
0.75,-1.75,0.17377394345,1,2.39887529397,0.38519791998,0.328890727342,0.285911352678,0.522249152102,0.337189395483,0.140561452415,FLOAT
0.75,-1.74,0.175520400617,1,2.38691085352,0.384891446632,0.328997129844,0.286111423524,0.521257614736,0.337391636464,0.1413507488,FLOAT
0.75,-1.73,0.17728440997,1,2.37500608598,0.384585347723,0.329102810036,0.286311842241,0.520264611486,0.337591826015,0.142143562498,FLOAT
0.75,-1.72,0.179066147911,1,2.36316069371,0.384279619975,0.329207765153,0.286512614872,0.519270146875,0.33778995316,0.142939899965,FLOAT
0.75,-1.71,0.180865792617,1,2.35137438057,0.383974260082,0.32931199241,0.286713747508,0.518274225494,0.337986006935,0.143739767571,FLOAT
0.75,-1.7,0.182683524053,1,2.33964685193,0.383669264707,0.329415489004,0.286915246289,0.517276852012,0.338179976392,0.144543171596,FLOAT
0.75,-1.69,0.184519523993,1,2.32797781457,0.383364630486,0.329518252114,0.2871171174,0.516278031166,0.338371850598,0.145350118236,FLOAT
0.75,-1.68,0.186373976039,1,2.31636697678,0.383060354022,0.329620278901,0.287319367077,0.515277767771,0.338561618635,0.146160613594,FLOAT
0.75,-1.67,0.188247065639,1,2.30481404829,0.382756431893,0.329721566505,0.287522001602,0.514276066711,0.338749269604,0.146974663685,FLOAT
0.75,-1.66,0.190138980102,1,2.29331874026,0.382452860645,0.329822112049,0.287725027306,0.513272932947,0.338934792621,0.147792274432,FLOAT
0.75,-1.65,0.192049908621,1,2.28188076533,0.382149636795,0.329921912637,0.287928450568,0.512268371514,0.339118176822,0.148613451664,FLOAT
0.75,-1.64,0.193980042291,1,2.27049983753,0.381846756833,0.330020965352,0.288132277816,0.511262387519,0.339299411362,0.149438201119,FLOAT
0.75,-1.63,0.195929574127,1,2.25917567235,0.381544217215,0.330119267259,0.288336515525,0.510254986146,0.339478485416,0.150266528438,FLOAT
0.75,-1.62,0.197898699084,1,2.24790798668,0.381242014373,0.330216815405,0.288541170222,0.509246172654,0.339655388179,0.151098439167,FLOAT
0.75,-1.61,0.199887614075,1,2.23669649882,0.380940144705,0.330313606815,0.28874624848,0.508235952377,0.339830108867,0.151933938756,FLOAT
0.75,-1.6,0.201896517995,1,2.22554092849,0.380638604581,0.330409638496,0.288951756922,0.507224330724,0.340002636721,0.152773032555,FLOAT
0.75,-1.59,0.203925611734,1,2.2144409968,0.380337390343,0.330504907436,0.28915770222,0.506211313181,0.340172961002,0.153615725817,FLOAT
0.75,-1.58,0.205975098205,1,2.20339642626,0.380036498302,0.330599410602,0.289364091096,0.50519690531,0.340341070997,0.154462023693,FLOAT
0.75,-1.57,0.208045182357,1,2.19240694073,0.379735924739,0.330693144942,0.289570930319,0.504181112749,0.340506956017,0.155311931234,FLOAT
0.75,-1.56,0.210136071201,1,2.1814722655,0.379435665906,0.330786107384,0.289778226711,0.503163941213,0.340670605398,0.156165453389,FLOAT
0.75,-1.55,0.212247973827,1,2.17059212718,0.379135718025,0.330878294835,0.28998598714,0.502145396495,0.340832008503,0.157022595003,FLOAT
0.75,-1.54,0.214381101427,1,2.15976625378,0.37883607729,0.330969704185,0.290194218525,0.501125484464,0.340991154722,0.157883360815,FLOAT
0.75,-1.53,0.216535667316,1,2.14899437466,0.378536739863,0.3310603323,0.290402927837,0.500104211067,0.341148033473,0.15874775546,FLOAT
0.75,-1.52,0.218711886952,1,2.1382762205,0.378237701878,0.331150176029,0.290612122093,0.499081582329,0.341302634204,0.159615783467,FLOAT
0.75,-1.51,0.220909977959,1,2.12761152336,0.377938959439,0.331239232199,0.290821808363,0.498057604354,0.34145494639,0.160487449256,FLOAT
0.75,-1.5,0.223130160148,1,2.11700001661,0.377640508619,0.331327497617,0.291031993764,0.497032283322,0.34160495954,0.161362757137,FLOAT
0.75,-1.49,0.225372655539,1,2.10644143498,0.377342345464,0.331414969071,0.291242685466,0.496005625494,0.341752663193,0.162241711313,FLOAT
0.75,-1.48,0.227637688384,1,2.09593551449,0.377044465988,0.331501643325,0.291453890687,0.494977637208,0.341898046918,0.163124315874,FLOAT
0.75,-1.47,0.229925485187,1,2.08548199251,0.376746866176,0.331587517127,0.291665616697,0.493948324883,0.34204110032,0.164010574797,FLOAT
0.75,-1.46,0.23223627473,1,2.07508060767,0.376449541984,0.331672587201,0.291877870815,0.492917695014,0.342181813037,0.164900491948,FLOAT
0.75,-1.45,0.234570288094,1,2.06473109997,0.376152489338,0.331756850252,0.29209066041,0.49188575418,0.342320174743,0.165794071077,FLOAT
0.75,-1.44,0.236927758682,1,2.05443321064,0.375855704134,0.331840302963,0.292303992903,0.490852509034,0.342456175146,0.16669131582,FLOAT
0.75,-1.43,0.239308922244,1,2.04418668226,0.375559182238,0.331922941998,0.292517875764,0.489817966315,0.342589803991,0.167592229694,FLOAT
0.75,-1.42,0.241714016897,1,2.03399125865,0.375262919488,0.332004763999,0.292732316513,0.488782132838,0.342721051061,0.168496816102,FLOAT
0.75,-1.41,0.244143283153,1,2.02384668492,0.374966911691,0.332085765585,0.292947322723,0.487745015499,0.342849906177,0.169405078325,FLOAT
0.75,-1.4,0.246596963942,1,2.01375270747,0.374671154625,0.332165943359,0.293162902015,0.486706621274,0.342976359199,0.170317019526,FLOAT
0.75,-1.39,0.249075304632,1,2.00370907394,0.374375644039,0.332245293899,0.293379062062,0.485666957223,0.343100400029,0.171232642748,FLOAT
0.75,-1.38,0.25157855306,1,1.99371553324,0.374080375651,0.332323813762,0.293595810587,0.484626030482,0.343222018608,0.17215195091,FLOAT
0.75,-1.37,0.254106959553,1,1.98377183554,0.37378534515,0.332401499487,0.293813155363,0.483583848271,0.343341204919,0.17307494681,FLOAT
0.75,-1.36,0.256660776954,1,1.97387773223,0.373490548197,0.332478347588,0.294031104214,0.482540417891,0.343457948988,0.174001633121,FLOAT
0.75,-1.35,0.259240260646,1,1.96403297597,0.373195980423,0.332554354561,0.294249665016,0.481495746723,0.343572240887,0.17493201239,FLOAT
0.75,-1.34,0.26184566858,1,1.95423732064,0.372901637428,0.332629516878,0.294468845694,0.48044984223,0.343684070729,0.175866087041,FLOAT
0.75,-1.33,0.2644772613,1,1.94449052134,0.372607514785,0.332703830991,0.294688654224,0.479402711957,0.343793428676,0.176803859367,FLOAT
0.75,-1.32,0.267135301966,1,1.9347923344,0.372313608036,0.332777293331,0.294909098633,0.478354363531,0.343900304933,0.177745331537,FLOAT
0.75,-1.31,0.269820056385,1,1.92514251738,0.372019912695,0.332849900308,0.295130186997,0.477304804659,0.344004689755,0.178690505586,FLOAT
0.75,-1.3,0.272531793034,1,1.91554082901,0.371726424247,0.332921648309,0.295351927445,0.476254043132,0.344106573445,0.179639383423,FLOAT
0.75,-1.29,0.27527078309,1,1.90598702927,0.371433138146,0.3329925337,0.295574328154,0.475202086822,0.344205946355,0.180591966823,FLOAT
0.75,-1.28,0.278037300453,1,1.8964808793,0.371140049819,0.333062552828,0.295797397353,0.474148943685,0.344302798886,0.181548257429,FLOAT
0.75,-1.27,0.280831621778,1,1.88702214146,0.370847154664,0.333131702014,0.296021143322,0.473094621756,0.344397121492,0.182508256753,FLOAT
0.75,-1.26,0.2836540265,1,1.87761057926,0.370554448049,0.333199977562,0.296245574389,0.472039129155,0.344488904677,0.183471966169,FLOAT
0.75,-1.25,0.28650479686,1,1.86824595743,0.370261925314,0.333267375751,0.296470698935,0.470982474083,0.344578138999,0.184439386917,FLOAT
0.75,-1.24,0.289384217939,1,1.85892804185,0.36996958177,0.333333892841,0.296696525389,0.469924664826,0.344664815071,0.185410520102,FLOAT
0.75,-1.23,0.292292577681,1,1.84965659956,0.369677412699,0.33339952507,0.296923062231,0.46886570975,0.34474892356,0.18638536669,FLOAT
0.75,-1.22,0.295230166924,1,1.84043139878,0.369385413356,0.333464268653,0.297150317991,0.467805617304,0.344830455187,0.187363927509,FLOAT
0.75,-1.21,0.29819727943,1,1.83125220889,0.369093578966,0.333528119785,0.29737830125,0.466744396022,0.344909400731,0.188346203247,FLOAT
0.75,-1.2,0.301194211912,1,1.82211880039,0.368801904725,0.333591074638,0.297607020637,0.465682054517,0.344985751031,0.189332194452,FLOAT
0.75,-1.19,0.304221264067,1,1.81303094496,0.368510385804,0.333653129364,0.297836484832,0.464618601489,0.34505949698,0.190321901531,FLOAT
0.75,-1.18,0.307278738601,1,1.8039884154,0.368219017342,0.333714280094,0.298066702564,0.463554045717,0.345130629534,0.191315324748,FLOAT
0.75,-1.17,0.310366941265,1,1.79499098564,0.367927794453,0.333774522934,0.298297682613,0.462488396067,0.345199139709,0.192312464224,FLOAT
0.75,-1.16,0.313486180883,1,1.78603843075,0.367636712221,0.333833853973,0.298529433807,0.461421661484,0.34526501858,0.193313319935,FLOAT
0.75,-1.15,0.316636769379,1,1.77713052691,0.367345765703,0.333892269275,0.298761965022,0.460353850999,0.345328257288,0.194317891713,FLOAT
0.75,-1.14,0.319819021816,1,1.76826705143,0.367054949929,0.333949764884,0.298995285187,0.459284973724,0.345388847035,0.195326179241,FLOAT
0.75,-1.13,0.323033256422,1,1.75944778272,0.3667642599,0.334006336824,0.299229403276,0.458215038854,0.345446779087,0.196338182059,FLOAT
0.75,-1.12,0.326279794623,1,1.7506725003,0.366473690591,0.334061981094,0.299464328314,0.457144055668,0.345502044777,0.197353899555,FLOAT
0.75,-1.11,0.329558961075,1,1.74194098477,0.36618323695,0.334116693676,0.299700069375,0.456072033528,0.345554635503,0.19837333097,FLOAT
0.75,-1.1,0.332871083698,1,1.73325301787,0.365892893895,0.334170470526,0.299936635579,0.454998981877,0.345604542729,0.199396475394,FLOAT
0.75,-1.09,0.336216493707,1,1.72460838238,0.36560265632,0.334223307583,0.300174036097,0.453924910242,0.34565175799,0.200423331768,FLOAT
0.75,-1.08,0.339595525645,1,1.71600686218,0.365312519091,0.334275200762,0.300412280147,0.452849828234,0.345696272888,0.201453898878,FLOAT
0.75,-1.07,0.343008517419,1,1.70744824225,0.365022477047,0.334326145958,0.300651376995,0.451773745545,0.345738079095,0.20248817536,FLOAT
0.75,-1.06,0.34645581033,1,1.69893230862,0.364732525003,0.334376139044,0.300891335953,0.45069667195,0.345777168355,0.203526159695,FLOAT
0.75,-1.05,0.349937749111,1,1.69045884838,0.364442657743,0.334425175873,0.301132166384,0.449618617307,0.345813532482,0.20456785021,FLOAT
0.75,-1.04,0.353454681959,1,1.6820276497,0.364152870028,0.334473252277,0.301373877695,0.448539591557,0.345847163365,0.205613245078,FLOAT
0.75,-1.03,0.357006960569,1,1.6736385018,0.363863156593,0.334520364065,0.301616479342,0.447459604721,0.345878052967,0.206662342313,FLOAT
0.75,-1.02,0.360594940173,1,1.66529119495,0.363573512147,0.334566507028,0.301859980826,0.446378666904,0.345906193322,0.207715139774,FLOAT
0.75,-1.01,0.364218979572,1,1.65698552046,0.363283931371,0.334611676933,0.302104391696,0.445296788295,0.345931576544,0.208771635161,FLOAT
0.75,-1,0.367879441171,1,1.6487212707,0.362994408924,0.33465586953,0.302349721546,0.444213979162,0.345954194822,0.209831826016,FLOAT
0.75,-0.99,0.371576691022,1,1.64049823906,0.362704939437,0.334699080545,0.302595980017,0.443130249856,0.345974040423,0.210895709722,FLOAT
0.75,-0.98,0.375311098851,1,1.63231621996,0.362415517518,0.334741305686,0.302843176796,0.44204561081,0.345991105691,0.211963283499,FLOAT
0.75,-0.97,0.379083038103,1,1.62417500884,0.362126137749,0.334782540638,0.303091321613,0.440960072539,0.346005383051,0.21303454441,FLOAT
0.75,-0.96,0.382892885975,1,1.61607440219,0.361836794688,0.334822781068,0.303340424244,0.439873645639,0.346016865009,0.214109489352,FLOAT
0.75,-0.95,0.386741023455,1,1.60801419749,0.361547482866,0.334862022621,0.303590494513,0.438786340788,0.34602554415,0.215188115062,FLOAT
0.75,-0.94,0.390627835359,1,1.59999419322,0.361258196794,0.334900260923,0.303841542283,0.437698168743,0.346031413144,0.216270418112,FLOAT
0.75,-0.93,0.394553710372,1,1.59201418889,0.360968930956,0.334937491579,0.304093577464,0.436609140346,0.346034464743,0.217356394911,FLOAT
0.75,-0.92,0.398519041085,1,1.58407398499,0.360679679814,0.334973710175,0.304346610011,0.435519266515,0.346034691784,0.218446041701,FLOAT
0.75,-0.91,0.402524224034,1,1.57617338303,0.360390437804,0.335008912277,0.304600649919,0.434428558252,0.346032087187,0.219539354561,FLOAT
0.75,-0.9,0.406569659741,1,1.56831218549,0.360101199342,0.33504309343,0.304855707229,0.433337026639,0.34602664396,0.2206363294,FLOAT
0.75,-0.89,0.410655752752,1,1.56049019583,0.359811958818,0.33507624916,0.305111792022,0.432244682837,0.346018355199,0.221736961964,FLOAT
0.75,-0.88,0.414782911682,1,1.55270721851,0.359522710601,0.335108374976,0.305368914423,0.431151538087,0.346007214085,0.222841247828,FLOAT
0.75,-0.87,0.418951549248,1,1.54496305895,0.359233449038,0.335139466364,0.305627084598,0.43005760371,0.34599321389,0.2239491824,FLOAT
0.75,-0.86,0.423162082318,1,1.53725752355,0.358944168451,0.335169518793,0.305886312756,0.428962891107,0.345976347976,0.225060760917,FLOAT
0.75,-0.85,0.427414931949,1,1.52959041966,0.358654863143,0.335198527713,0.306146609144,0.427867411757,0.345956609794,0.226175978449,FLOAT
0.75,-0.84,0.431710523429,1,1.52196155562,0.358365527394,0.335226488554,0.306407984052,0.426771177219,0.345933992888,0.227294829893,FLOAT
0.75,-0.83,0.436049286322,1,1.51437074069,0.358076155462,0.335253396728,0.30667044781,0.42567419913,0.345908490894,0.228417309975,FLOAT
0.75,-0.82,0.440431654506,1,1.50681778511,0.357786741585,0.33527924763,0.306934010785,0.424576489206,0.345880097543,0.229543413251,FLOAT
0.75,-0.81,0.444858066223,1,1.49930250006,0.35749727998,0.335304036633,0.307198683387,0.423478059239,0.345848806657,0.230673134104,FLOAT
0.75,-0.8,0.449328964117,1,1.49182469764,0.357207764844,0.335327759095,0.307464476061,0.422378921101,0.345814612158,0.231806466741,FLOAT
0.75,-0.79,0.453844795282,1,1.48438419092,0.356918190351,0.335350410355,0.307731399293,0.421279086741,0.345777508059,0.2329434052,FLOAT
0.75,-0.78,0.458406011305,1,1.47698079388,0.356628550659,0.335371985735,0.307999463607,0.420178568183,0.345737488474,0.234083943343,FLOAT
0.75,-0.77,0.463013068311,1,1.46961432144,0.356338839903,0.335392480537,0.30826867956,0.419077377531,0.345694547613,0.235228074856,FLOAT
0.75,-0.76,0.46766642701,1,1.46228458943,0.356049052201,0.335411890048,0.308539057751,0.417975526962,0.345648679786,0.236375793251,FLOAT
0.75,-0.75,0.472366552741,1,1.45499141462,0.355759181651,0.335430209537,0.308810608811,0.416873028732,0.345599879403,0.237527091865,FLOAT
0.75,-0.74,0.477113915521,1,1.44773461466,0.355469222334,0.335447434256,0.30908334341,0.41576989517,0.345548140972,0.238681963858,FLOAT
0.75,-0.73,0.48190899009,1,1.44051400815,0.35517916831,0.335463559441,0.30935727225,0.414666138682,0.345493459106,0.239840402212,FLOAT
0.75,-0.72,0.48675225596,1,1.43332941456,0.354889013622,0.335478580309,0.309632406069,0.413561771747,0.345435828519,0.241002399734,FLOAT
0.75,-0.71,0.491644197461,1,1.42618065428,0.354598752298,0.335492492063,0.309908755638,0.412456806921,0.345375244026,0.242167949053,FLOAT
0.75,-0.7,0.496585303791,1,1.41906754859,0.354308378346,0.33550528989,0.310186331764,0.411351256832,0.34531170055,0.243337042618,FLOAT
0.75,-0.69,0.501576069066,1,1.41198991967,0.354017885757,0.33551696896,0.310465145283,0.410245134182,0.345245193116,0.244509672702,FLOAT
0.75,-0.68,0.506616992366,1,1.40494759056,0.353727268508,0.335527524427,0.310745207065,0.409138451747,0.345175716856,0.245685831396,FLOAT
0.75,-0.67,0.511708577787,1,1.39794038522,0.353436520558,0.335536951431,0.311026528011,0.408031222375,0.345103267009,0.246865510616,FLOAT
0.75,-0.66,0.516851334492,1,1.39096812846,0.353145635851,0.335545245096,0.311309119053,0.406923458986,0.34502783892,0.248048702094,FLOAT
0.75,-0.65,0.522045776761,1,1.38403064598,0.352854608315,0.335552400532,0.311592991153,0.405815174572,0.344949428044,0.249235397385,FLOAT
0.75,-0.64,0.527292424043,1,1.37712776434,0.352563431863,0.335558412833,0.311878155303,0.404706382196,0.344868029943,0.250425587861,FLOAT
0.75,-0.63,0.532591801007,1,1.37025931096,0.352272100396,0.335563277081,0.312164622523,0.403597094993,0.344783640292,0.251619264715,FLOAT
0.75,-0.62,0.537944437595,1,1.36342511413,0.351980607798,0.33556698834,0.312452403862,0.402487326167,0.344696254874,0.252816418959,FLOAT
0.75,-0.61,0.543350869074,1,1.35662500301,0.351688947941,0.335569541665,0.312741510394,0.401377088992,0.344605869585,0.254017041423,FLOAT
0.75,-0.6,0.548811636094,1,1.34985880758,0.351397114682,0.335570932094,0.313031953224,0.400266396813,0.344512480432,0.255221122756,FLOAT
0.75,-0.59,0.554327284735,1,1.34312635869,0.351105101867,0.335571154654,0.313323743479,0.39915526304,0.344416083536,0.256428653424,FLOAT
0.75,-0.58,0.559898366565,1,1.33642748803,0.350812903329,0.335570204358,0.313616892313,0.398043701156,0.344316675132,0.257639623711,FLOAT
0.75,-0.57,0.5655254387,1,1.32976202812,0.35052051289,0.335568076206,0.313911410904,0.396931724708,0.344214251571,0.258854023721,FLOAT
0.75,-0.56,0.571209063849,1,1.32312981234,0.350227924358,0.335564765187,0.314207310455,0.395819347312,0.344108809316,0.260071843372,FLOAT
0.75,-0.55,0.57694981038,1,1.31653067487,0.349935131532,0.335560266278,0.31450460219,0.394706582649,0.344000344948,0.261293072403,FLOAT
0.75,-0.54,0.582748252374,1,1.30996445073,0.3496421282,0.335554574443,0.314803297357,0.393593444467,0.343888855167,0.262517700366,FLOAT
0.75,-0.53,0.588604969678,1,1.30343097578,0.349348908141,0.335547684636,0.315103407223,0.39247994658,0.343774336787,0.263745716632,FLOAT
0.75,-0.52,0.59452054797,1,1.29693008667,0.349055465121,0.3355395918,0.315404943079,0.391366102866,0.343656786744,0.264977110391,FLOAT
0.75,-0.51,0.600495578812,1,1.29046162087,0.348761792901,0.335530290867,0.315707916232,0.390251927266,0.343536202089,0.266211870645,FLOAT
0.75,-0.5,0.606530659713,1,1.28402541669,0.34846788523,0.335519776759,0.316012338011,0.389137433786,0.343412579996,0.267449986218,FLOAT
0.75,-0.49,0.612626394184,1,1.2776213132,0.348173735851,0.335508044389,0.31631821976,0.388022636496,0.343285917759,0.268691445745,FLOAT
0.75,-0.48,0.618783391806,1,1.27124915032,0.347879338498,0.335495088658,0.316625572844,0.386907549525,0.343156212794,0.269936237682,FLOAT
0.75,-0.47,0.625002268283,1,1.26490876873,0.347584686899,0.33548090446,0.316934408641,0.385792187066,0.343023462636,0.271184350298,FLOAT
0.75,-0.46,0.631283645507,1,1.25860000993,0.347289774774,0.33546548668,0.317244738546,0.384676563373,0.342887664945,0.272435771683,FLOAT
0.75,-0.45,0.637628151622,1,1.25232271619,0.346994595837,0.335448830194,0.317556573969,0.383560692758,0.342748817504,0.273690489738,FLOAT
0.75,-0.44,0.644036421083,1,1.24607673059,0.346699143797,0.335430929871,0.317869926332,0.382444589596,0.34260691822,0.274948492184,FLOAT
0.75,-0.43,0.650509094723,1,1.23986189697,0.346403412358,0.335411780571,0.318184807071,0.381328268319,0.342461965124,0.276209766557,FLOAT
0.75,-0.42,0.657046819815,1,1.23367805996,0.346107395219,0.335391377148,0.318501227633,0.380211743416,0.342313956373,0.277474300211,FLOAT
0.75,-0.41,0.663650250136,1,1.22752506496,0.345811086075,0.335369714447,0.318819199478,0.379095029435,0.342162890248,0.278742080316,FLOAT
0.75,-0.4,0.670320046036,1,1.22140275816,0.345514478617,0.335346787311,0.319138734073,0.377978140982,0.34200876516,0.280013093859,FLOAT
0.75,-0.39,0.677056874498,1,1.21531098649,0.345217566533,0.335322590572,0.319459842895,0.376861092715,0.341851579643,0.281287327642,FLOAT
0.75,-0.38,0.683861409212,1,1.20924959766,0.34492034351,0.33529711906,0.31978253743,0.375743899352,0.341691332362,0.282564768286,FLOAT
0.75,-0.37,0.690734330637,1,1.20321844013,0.344622803231,0.335270367598,0.320106829171,0.374626575662,0.341528022108,0.28384540223,FLOAT
0.75,-0.36,0.697676326071,1,1.19721736312,0.34432493938,0.335242331005,0.320432729614,0.373509136469,0.341361647803,0.285129215728,FLOAT
0.75,-0.35,0.704688089719,1,1.19124621661,0.344026745639,0.335213004097,0.320760250265,0.372391596651,0.341192208496,0.286416194853,FLOAT
0.75,-0.34,0.711770322763,1,1.18530485132,0.343728215688,0.335182381683,0.321089402629,0.371273971136,0.341019703367,0.287706325497,FLOAT
0.75,-0.33,0.718923733432,1,1.17939311871,0.343429343212,0.335150458571,0.321420198217,0.370156274906,0.340844131727,0.288999593367,FLOAT
0.75,-0.32,0.726149037074,1,1.17351087099,0.343130121892,0.335117229566,0.321752648542,0.36903852299,0.340665493019,0.290295983991,FLOAT
0.75,-0.31,0.733446956224,1,1.16765796111,0.342830545414,0.33508268947,0.322086765116,0.367920730471,0.340483786814,0.291595482715,FLOAT
0.75,-0.3,0.740818220682,1,1.16183424273,0.342530607465,0.335046833083,0.322422559452,0.366802912479,0.340299012819,0.292898074703,FLOAT
0.75,-0.29,0.748263567579,1,1.15603957027,0.342230301734,0.335009655204,0.322760043062,0.365685084191,0.34011117087,0.294203744939,FLOAT
0.75,-0.28,0.755783741456,1,1.15027379886,0.341929621915,0.33497115063,0.323099227455,0.364567260832,0.33992026094,0.295512478227,FLOAT
0.75,-0.27,0.763379494337,1,1.14453678435,0.341628561705,0.33493131416,0.323440124136,0.363449457676,0.339726283133,0.296824259192,FLOAT
0.75,-0.26,0.771051585804,1,1.13882838332,0.341327114805,0.334890140589,0.323782744607,0.362331690039,0.339529237686,0.298139072276,FLOAT
0.75,-0.25,0.778800783071,1,1.13314845307,0.341025274922,0.334847624715,0.324127100363,0.361213973283,0.339329124972,0.299456901745,FLOAT
0.75,-0.24,0.786627861067,1,1.12749685158,0.34072303577,0.334803761337,0.324473202893,0.360096322814,0.3391259455,0.300777731685,FLOAT
0.75,-0.23,0.794533602503,1,1.12187343757,0.340420391067,0.334758545254,0.324821063679,0.358978754082,0.338919699913,0.302101546005,FLOAT
0.75,-0.22,0.802518797962,1,1.11627807046,0.340117334539,0.33471197127,0.325170694191,0.357861282578,0.338710388988,0.303428328435,FLOAT
0.75,-0.21,0.81058424597,1,1.11071061036,0.339813859921,0.334664034187,0.325522105892,0.356743923834,0.33849801364,0.304758062527,FLOAT
0.75,-0.2,0.818730753078,1,1.10517091808,0.339509960955,0.334614728813,0.325875310232,0.355626693422,0.338282574921,0.306090731658,FLOAT
0.75,-0.19,0.826959133943,1,1.09965885513,0.339205631392,0.33456404996,0.326230318648,0.354509606954,0.338064074018,0.307426319028,FLOAT
0.75,-0.18,0.835270211411,1,1.09417428371,0.338900864992,0.334511992443,0.326587142565,0.353392680082,0.337842512257,0.308764807662,FLOAT
0.75,-0.17,0.843664816596,1,1.0887170667,0.338595655529,0.33445855108,0.326945793392,0.352275928492,0.337617891099,0.310106180408,FLOAT
0.75,-0.16,0.852143788966,1,1.08328706767,0.338289996782,0.334403720696,0.327306282521,0.35115936791,0.337390212147,0.311450419944,FLOAT
0.75,-0.15,0.860707976425,1,1.07788415088,0.337983882547,0.334347496123,0.32766862133,0.350043014094,0.337159477138,0.312797508768,FLOAT
0.75,-0.14,0.869358235399,1,1.07250818125,0.337677306629,0.334289872197,0.328032821174,0.34892688284,0.336925687949,0.314147429211,FLOAT
0.75,-0.13,0.878095430921,1,1.06715902438,0.337370262848,0.33423084376,0.328398893392,0.347810989977,0.336688846596,0.315500163427,FLOAT
0.75,-0.12,0.886920436717,1,1.06183654655,0.337062745034,0.334170405664,0.328766849301,0.346695351365,0.336448955234,0.316855693401,FLOAT
0.75,-0.11,0.895834135297,1,1.05654061468,0.336754747037,0.334108552768,0.329136700195,0.345579982897,0.336206016158,0.318214000946,FLOAT
0.75,-0.1,0.904837418036,1,1.05127109638,0.336446262716,0.334045279939,0.329508457345,0.344464900496,0.3359600318,0.319575067704,FLOAT
0.75,-0.09,0.913931185271,1,1.04602785991,0.336137285949,0.333980582053,0.329882131997,0.343350120116,0.335711004734,0.32093887515,FLOAT
0.75,-0.08,0.923116346387,1,1.04081077419,0.335827810631,0.333914453996,0.330257735373,0.342235657739,0.335458937674,0.322305404587,FLOAT
0.75,-0.07,0.932393819906,1,1.0356197088,0.33551783067,0.333846890664,0.330635278665,0.341121529375,0.335203833473,0.323674637152,FLOAT
0.75,-0.06,0.941764533584,1,1.03045453395,0.335207339996,0.333777886964,0.33101477304,0.340007751059,0.334945695125,0.325046553816,FLOAT
0.75,-0.05,0.951229424501,1,1.02531512052,0.334896332555,0.333707437814,0.33139622963,0.338894338854,0.334684525765,0.326421135381,FLOAT
0.75,-0.04,0.960789439152,1,1.02020134003,0.334584802312,0.333635538145,0.331779659543,0.337781308847,0.334420328667,0.327798362486,FLOAT
0.75,-0.03,0.970445533549,1,1.01511306462,0.334272743252,0.3335621829,0.332165073848,0.336668677147,0.334153107248,0.329178215605,FLOAT
0.75,-0.02,0.980198673307,1,1.01005016708,0.333960149381,0.333487367033,0.332552483585,0.335556459889,0.333882865063,0.330560675048,FLOAT
0.75,-0.01,0.990049833749,1,1.00501252086,0.333647014725,0.333411085517,0.332941899758,0.334444673226,0.333609605812,0.331945720962,FLOAT
0.75,0,1,1,1,0.333333333333,0.333333333333,0.333333333333,0.333333333333,0.333333333333,0.333333333333,FLOAT
0.75,0.01,1.01005016708,1,0.995012479193,0.333019099276,0.333254105483,0.333726795242,0.332222456405,0.333054051607,0.334723491988,FLOAT
0.75,0.02,1.02020134003,1,0.990049833749,0.332704306646,0.33317339698,0.334122296374,0.331112058654,0.332771764755,0.336116176591,FLOAT
0.75,0.03,1.03045453395,1,0.985111939603,0.332388949563,0.333091202856,0.334519847581,0.33000215631,0.332486477039,0.337511366651,FLOAT
0.75,0.04,1.04081077419,1,0.980198673307,0.332073022167,0.333007518159,0.334919459674,0.328892765618,0.332198192866,0.338909041516,FLOAT
0.75,0.05,1.05127109638,1,0.975309912028,0.331756518628,0.332922337954,0.335321143418,0.327783902841,0.331906916779,0.34030918038,FLOAT
0.75,0.06,1.06183654655,1,0.970445533549,0.331439433138,0.332835657324,0.335724909538,0.326675584253,0.331612653466,0.341711762281,FLOAT
0.75,0.07,1.07250818125,1,0.965605416258,0.331121759917,0.332747471373,0.33613076871,0.325567826142,0.331315407756,0.343116766102,FLOAT
0.75,0.08,1.08328706767,1,0.960789439152,0.330803493213,0.332657775221,0.336538731566,0.324460644808,0.331015184619,0.344524170573,FLOAT
0.75,0.09,1.09417428371,1,0.955997481833,0.330484627301,0.332566564011,0.336948808688,0.323354056561,0.330711989166,0.345933954273,FLOAT
0.75,0.1,1.10517091808,1,0.951229424501,0.330165156486,0.332473832903,0.337361010611,0.322248077722,0.330405826648,0.34734609563,FLOAT
0.75,0.11,1.11627807046,1,0.946485147953,0.329845075101,0.332379577083,0.337775347816,0.321142724619,0.330096702461,0.34876057292,FLOAT
0.75,0.12,1.12749685158,1,0.941764533584,0.329524377509,0.332283791756,0.338191830735,0.320038013587,0.329784622138,0.350177364275,FLOAT
0.75,0.13,1.13882838332,1,0.937067463377,0.329203058106,0.332186472149,0.338610469745,0.318933960969,0.329469591356,0.351596447675,FLOAT
0.75,0.14,1.15027379886,1,0.932393819906,0.328881111318,0.332087613513,0.339031275169,0.317830583112,0.32915161593,0.353017800958,FLOAT
0.75,0.15,1.16183424273,1,0.927743486329,0.328558531603,0.331987211125,0.339454257273,0.316727896367,0.328830701819,0.354441401815,FLOAT
0.75,0.16,1.17351087099,1,0.923116346387,0.328235313451,0.331885260283,0.339879426266,0.315625917088,0.328506855119,0.355867227793,FLOAT
0.75,0.17,1.18530485132,1,0.918512284401,0.327911451389,0.331781756311,0.3403067923,0.31452466163,0.32818008207,0.3572952563,FLOAT
0.75,0.18,1.19721736312,1,0.913931185271,0.327586939975,0.331676694562,0.340736365464,0.313424146349,0.32785038905,0.358725464601,FLOAT
0.75,0.19,1.20924959766,1,0.909372934468,0.327261773802,0.33157007041,0.341168155787,0.312324387602,0.327517782576,0.360157829821,FLOAT
0.75,0.2,1.22140275816,1,0.904837418036,0.326935947502,0.331461879261,0.341602173236,0.311225401741,0.327182269309,0.36159232895,FLOAT
0.75,0.21,1.23367805996,1,0.900324522586,0.326609455741,0.331352116547,0.342038427713,0.310127205118,0.326843856044,0.363028938838,FLOAT
0.75,0.22,1.24607673059,1,0.895834135297,0.326282293221,0.331240777726,0.342476929053,0.309029814079,0.32650254972,0.364467636201,FLOAT
0.75,0.23,1.25860000993,1,0.891366143907,0.325954454683,0.331127858289,0.342917687028,0.307933244965,0.326158357412,0.365908397623,FLOAT
0.75,0.24,1.27124915032,1,0.886920436717,0.325625934907,0.331013353754,0.343360711339,0.306837514112,0.325811286335,0.367351199552,FLOAT
0.75,0.25,1.28402541669,1,0.882496902585,0.325296728711,0.330897259672,0.343806011617,0.305742637847,0.325461343843,0.368796018309,FLOAT
0.75,0.26,1.29693008667,1,0.878095430921,0.324966830954,0.330779571621,0.344253597425,0.304648632489,0.325108537427,0.370242830083,FLOAT
0.75,0.27,1.30996445073,1,0.873715911688,0.324636236535,0.330660285214,0.344703478251,0.303555514347,0.324752874716,0.371691610937,FLOAT
0.75,0.28,1.32312981234,1,0.869358235399,0.324304940392,0.330539396095,0.345155663513,0.302463299718,0.324394363477,0.373142336805,FLOAT
0.75,0.29,1.33642748803,1,0.865022293111,0.323972937508,0.330416899942,0.34561016255,0.301372004889,0.324033011613,0.374594983498,FLOAT
0.75,0.3,1.34985880758,1,0.860707976425,0.323640222907,0.330292792465,0.346066984628,0.30028164613,0.323668827165,0.376049526704,FLOAT
0.75,0.31,1.36342511413,1,0.856415177484,0.323306791655,0.33016706941,0.346526138935,0.299192239701,0.32330181831,0.377505941989,FLOAT
0.75,0.32,1.37712776434,1,0.852143788966,0.322972638864,0.330039726557,0.346987634579,0.298103801842,0.32293199336,0.378964204799,FLOAT
0.75,0.33,1.39096812846,1,0.847893704088,0.322637759689,0.329910759721,0.34745148059,0.297016348778,0.322559360763,0.380424290459,FLOAT
0.75,0.34,1.40494759056,1,0.843664816596,0.322302149329,0.329780164755,0.347917685916,0.295929896717,0.322183929102,0.381886174182,FLOAT
0.75,0.35,1.41906754859,1,0.839457020769,0.321965803032,0.329647937548,0.348386259421,0.294844461845,0.321805707094,0.383349831061,FLOAT
0.75,0.36,1.43332941456,1,0.835270211411,0.321628716088,0.329514074025,0.348857209887,0.29376006033,0.321424703593,0.384815236077,FLOAT
0.75,0.37,1.44773461466,1,0.831104283852,0.321290883839,0.329378570152,0.34933054601,0.292676708317,0.321040927581,0.386282364102,FLOAT
0.75,0.38,1.46228458943,1,0.826959133943,0.320952301669,0.329241421932,0.349806276399,0.291594421928,0.320654388179,0.387751189893,FLOAT
0.75,0.39,1.47698079388,1,0.822834658056,0.320612965015,0.329102625408,0.350284409577,0.290513217263,0.320265094636,0.389221688101,FLOAT
0.75,0.4,1.49182469764,1,0.818730753078,0.32027286936,0.328962176663,0.350764953978,0.289433110394,0.319873056336,0.39069383327,FLOAT
0.75,0.41,1.50681778511,1,0.814647316411,0.319932010237,0.328820071821,0.351247917942,0.288354117369,0.319478282792,0.392167599839,FLOAT
0.75,0.42,1.52196155562,1,0.81058424597,0.31959038323,0.328676307047,0.351733309723,0.287276254206,0.31908078365,0.393642962143,FLOAT
0.75,0.43,1.53725752355,1,0.806541440177,0.319247983972,0.328530878549,0.352221137479,0.286199536898,0.318680568686,0.395119894417,FLOAT
0.75,0.44,1.55270721851,1,0.802518797962,0.318904808149,0.328383782577,0.352711409274,0.285123981404,0.318277647803,0.396598370793,FLOAT
0.75,0.45,1.56831218549,1,0.798516218759,0.318560851498,0.328235015424,0.353204133078,0.284049603654,0.317872031037,0.398078365309,FLOAT
0.75,0.46,1.58407398499,1,0.794533602503,0.318216109808,0.328084573427,0.353699316765,0.282976419547,0.317463728549,0.399559851904,FLOAT
0.75,0.47,1.59999419322,1,0.790570849629,0.317870578921,0.327932452968,0.354196968111,0.281904444946,0.31705275063,0.401042804423,FLOAT
0.75,0.48,1.61607440219,1,0.786627861067,0.317524254734,0.327778650474,0.354697094792,0.280833695682,0.316639107698,0.40252719662,FLOAT
0.75,0.49,1.63231621996,1,0.782704538242,0.317177133196,0.327623162418,0.355199704385,0.279764187547,0.316222810297,0.404013002156,FLOAT
0.75,0.5,1.6487212707,1,0.778800783071,0.316829210313,0.32746598532,0.355704804367,0.2786959363,0.315803869094,0.405500194606,FLOAT
0.75,0.51,1.66529119495,1,0.774916497961,0.316480482143,0.327307115745,0.356212402112,0.277628957659,0.315382294887,0.406988747454,FLOAT
0.75,0.52,1.6820276497,1,0.771051585804,0.316130944803,0.327146550308,0.356722504889,0.276563267305,0.314958098592,0.408478634103,FLOAT
0.75,0.53,1.69893230862,1,0.767205949976,0.315780594465,0.32698428567,0.357235119865,0.275498880877,0.314531291253,0.409969827871,FLOAT
0.75,0.54,1.71600686218,1,0.763379494337,0.315429427357,0.326820318543,0.357750254099,0.274435813972,0.314101884034,0.411462301993,FLOAT
0.75,0.55,1.73325301787,1,0.759572123225,0.315077439766,0.326654645688,0.358267914546,0.273374082147,0.313669888224,0.412956029629,FLOAT
0.75,0.56,1.7506725003,1,0.755783741456,0.314724628036,0.326487263915,0.358788108049,0.272313700913,0.31323531523,0.414450983857,FLOAT
0.75,0.57,1.76826705143,1,0.752014254319,0.314370988569,0.326318170084,0.359310841347,0.271254685736,0.312798176581,0.415947137683,FLOAT
0.75,0.58,1.78603843075,1,0.748263567579,0.314016517826,0.32614736111,0.359836121064,0.270197052038,0.312358483926,0.417444464036,FLOAT
0.75,0.59,1.8039884154,1,0.744531587466,0.313661212328,0.325974833955,0.360363953717,0.269140815191,0.311916249032,0.418942935777,FLOAT
0.75,0.6,1.82211880039,1,0.740818220682,0.313305068656,0.325800585636,0.360894345708,0.268085990522,0.311471483784,0.420442525694,FLOAT
0.75,0.61,1.84043139878,1,0.737123374392,0.312948083449,0.325624613224,0.361427303327,0.267032593304,0.311024200185,0.421943206511,FLOAT
0.75,0.62,1.85892804185,1,0.733446956224,0.31259025341,0.325446913841,0.361962832749,0.265980638764,0.310574410353,0.423444950882,FLOAT
0.75,0.63,1.87761057926,1,0.729788874269,0.312231575301,0.325267484664,0.362500940034,0.264930142075,0.310122126523,0.424947731402,FLOAT
0.75,0.64,1.8964808793,1,0.726149037074,0.311872045947,0.325086322926,0.363041631127,0.263881118358,0.309667361042,0.4264515206,FLOAT
0.75,0.65,1.91554082901,1,0.722527353642,0.311511662234,0.324903425913,0.363584911853,0.262833582678,0.309210126373,0.427956290948,FLOAT
0.75,0.66,1.9347923344,1,0.718923733432,0.311150421111,0.324718790968,0.364130787921,0.261787550048,0.308750435091,0.429462014861,FLOAT
0.75,0.67,1.95423732064,1,0.715338086353,0.31078831959,0.324532415489,0.36467926492,0.260743035423,0.308288299881,0.430968664696,FLOAT
0.75,0.68,1.97387773223,1,0.711770322763,0.310425354747,0.324344296934,0.365230348319,0.259700053702,0.307823733541,0.432476212757,FLOAT
0.75,0.69,1.99371553324,1,0.708220353468,0.31006152372,0.324154432815,0.365784043465,0.258658619724,0.307356748978,0.433984631298,FLOAT
0.75,0.7,2.01375270747,1,0.704688089719,0.309696823713,0.323962820703,0.366340355584,0.257618748271,0.306887359206,0.435493892523,FLOAT
0.75,0.71,2.03399125865,1,0.701173443209,0.309331251993,0.323769458227,0.366899289779,0.256580454062,0.30641557735,0.437003968588,FLOAT
0.75,0.72,2.05443321064,1,0.697676326071,0.308964805894,0.323574343077,0.367460851029,0.255543751757,0.30594141664,0.438514831603,FLOAT
0.75,0.73,2.07508060767,1,0.694196650878,0.308597482814,0.323377472999,0.368025044188,0.254508655951,0.305464890412,0.440026453637,FLOAT
0.75,0.74,2.09593551449,1,0.690734330637,0.308229280215,0.323178845801,0.368591873984,0.253475181177,0.304986012107,0.441538806716,FLOAT
0.75,0.75,2.11700001661,1,0.687289278791,0.307860195628,0.322978459351,0.36916134502,0.252443341904,0.304504795269,0.443051862827,FLOAT
0.75,0.76,2.1382762205,1,0.683861409212,0.307490226649,0.322776311579,0.369733461772,0.251413152533,0.304021253546,0.444565593921,FLOAT
0.75,0.77,2.15976625378,1,0.680450636205,0.307119370941,0.322572400474,0.370308228586,0.2503846274,0.303535400687,0.446079971913,FLOAT
0.75,0.78,2.1814722655,1,0.677056874498,0.306747626232,0.322366724088,0.37088564968,0.249357780773,0.30304725054,0.447594968687,FLOAT
0.75,0.79,2.20339642626,1,0.673680039249,0.30637499032,0.322159280535,0.371465729145,0.248332626851,0.302556817056,0.449110556093,FLOAT
0.75,0.8,2.22554092849,1,0.670320046036,0.306001461069,0.321950067994,0.372048470937,0.247309179763,0.302064114281,0.450626705956,FLOAT
0.75,0.81,2.24790798668,1,0.666976810858,0.305627036412,0.321739084703,0.372633878885,0.246287453568,0.301569156361,0.452143390071,FLOAT
0.75,0.82,2.27049983753,1,0.663650250136,0.305251714348,0.321526328967,0.373221956685,0.245267462253,0.301071957535,0.453660580212,FLOAT
0.75,0.83,2.29331874026,1,0.660340280705,0.304875492947,0.321311799154,0.373812707898,0.244249219731,0.30057253214,0.455178248129,FLOAT
0.75,0.84,2.31636697678,1,0.657046819815,0.304498370347,0.321095493696,0.374406135957,0.243232739842,0.300070894607,0.456696365551,FLOAT
0.75,0.85,2.33964685193,1,0.65376978513,0.304120344752,0.320877411091,0.375002244157,0.242218036353,0.299567059456,0.458214904191,FLOAT
0.75,0.86,2.36316069371,1,0.650509094723,0.303741414439,0.320657549902,0.375601035659,0.241205122954,0.299061041303,0.459733835743,FLOAT
0.75,0.87,2.38691085352,1,0.647264667078,0.303361577753,0.320435908756,0.376202513491,0.240194013256,0.298552854852,0.461253131891,FLOAT
0.75,0.88,2.41089970642,1,0.644036421083,0.302980833107,0.320212486349,0.376806680544,0.239184720797,0.298042514898,0.462772764305,FLOAT
0.75,0.89,2.43512965129,1,0.640824276032,0.302599178986,0.319987281442,0.377413539572,0.238177259034,0.297530036321,0.464292704645,FLOAT
0.75,0.9,2.45960311116,1,0.637628151622,0.302216613945,0.319760292862,0.378023093193,0.237171641344,0.297015434092,0.465812924564,FLOAT
0.75,0.91,2.48432253338,1,0.634447967948,0.301833136606,0.319531519506,0.378635343888,0.236167881025,0.296498723264,0.467333395712,FLOAT
0.75,0.92,2.50929038994,1,0.631283645507,0.301448745665,0.319300960336,0.379250293999,0.235165991293,0.295979918976,0.468854089731,FLOAT
0.75,0.93,2.53450917762,1,0.62813510519,0.301063439886,0.319068614384,0.37986794573,0.234165985282,0.295459036452,0.470374978266,FLOAT
0.75,0.94,2.55998141833,1,0.625002268283,0.300677218106,0.318834480748,0.380488301146,0.233167876044,0.294936090995,0.471896032962,FLOAT
0.75,0.95,2.58570965932,1,0.621885056465,0.30029007923,0.318598558597,0.381111362173,0.232171676545,0.29441109799,0.473417225465,FLOAT
0.75,0.96,2.61169647342,1,0.618783391806,0.299902022235,0.318360847169,0.381737130596,0.231177399669,0.293884072902,0.474938527429,FLOAT
0.75,0.97,2.63794445935,1,0.615697196764,0.299513046171,0.318121345769,0.38236560806,0.230185058211,0.293355031274,0.476459910515,FLOAT
0.75,0.98,2.66445624193,1,0.612626394184,0.299123150155,0.317880053775,0.38299679607,0.229194664883,0.292823988727,0.477981346391,FLOAT
0.75,0.99,2.69123447235,1,0.609570907296,0.298732333379,0.317636970631,0.383630695989,0.228206232307,0.292290960955,0.479502806739,FLOAT
0.75,1,2.71828182846,1,0.606530659713,0.298340595105,0.317392095857,0.384267309039,0.227219773018,0.291755963729,0.481024263253,FLOAT
0.75,1.01,2.74560101502,1,0.603505575427,0.297947934665,0.317145429037,0.384906636298,0.226235299462,0.291219012892,0.482545687645,FLOAT
0.75,1.02,2.77319476396,1,0.600495578812,0.297554351465,0.316896969831,0.385548678705,0.225252823996,0.29068012436,0.484067051643,FLOAT
0.75,1.03,2.8010658347,1,0.597500594618,0.29715984498,0.316646717967,0.386193437053,0.224272358885,0.290139314119,0.485588326995,FLOAT
0.75,1.04,2.82921701435,1,0.59452054797,0.296764414758,0.316394673247,0.386840911995,0.223293916304,0.289596598224,0.487109485472,FLOAT
0.75,1.05,2.85765111806,1,0.591555364367,0.296368060418,0.316140835543,0.387491104039,0.222317508334,0.289051992798,0.488630498867,FLOAT
0.75,1.06,2.88637098927,1,0.588604969678,0.295970781652,0.315885204799,0.388144013549,0.221343146966,0.288505514031,0.490151339003,FLOAT
0.75,1.07,2.91537949998,1,0.585669290145,0.295572578221,0.315627781032,0.388799640747,0.220370844094,0.287957178179,0.491671977727,FLOAT
0.75,1.08,2.94467955107,1,0.582748252374,0.29517344996,0.315368564331,0.389457985709,0.21940061152,0.287407001561,0.493192386919,FLOAT
0.75,1.09,2.97427407256,1,0.57984178334,0.294773396774,0.315107554856,0.390119048369,0.218432460951,0.286855000559,0.49471253849,FLOAT
0.75,1.1,3.00416602395,1,0.57694981038,0.294372418641,0.314844752844,0.390782828515,0.217466403997,0.286301191616,0.496232404387,FLOAT
0.75,1.11,3.03435839444,1,0.574072261196,0.293970515609,0.314580158601,0.39144932579,0.216502452172,0.285745591236,0.497751956592,FLOAT
0.75,1.12,3.06485420329,1,0.571209063849,0.293567687799,0.314313772507,0.392118539693,0.215540616893,0.285188215981,0.499271167126,FLOAT
0.75,1.13,3.09565650012,1,0.568360146758,0.293163935403,0.314045595018,0.392790469579,0.214580909479,0.284629082471,0.500790008051,FLOAT
0.75,1.14,3.12676836519,1,0.5655254387,0.292759258683,0.313775626662,0.393465114656,0.213623341149,0.28406820738,0.502308451471,FLOAT
0.75,1.15,3.15819290969,1,0.562704868807,0.292353657974,0.313503868038,0.394142473987,0.212667923026,0.28350560744,0.503826469534,FLOAT
0.75,1.16,3.18993327612,1,0.559898366565,0.291947133683,0.313230319824,0.394822546493,0.21171466613,0.282941299434,0.505344034436,FLOAT
0.75,1.17,3.22199263853,1,0.557105861812,0.291539686286,0.312954982769,0.395505330945,0.210763581382,0.282375300197,0.506861118421,FLOAT
0.75,1.18,3.25437420289,1,0.554327284735,0.291131316332,0.312677857697,0.396190825971,0.209814679603,0.281807626614,0.508377693783,FLOAT
0.75,1.19,3.28708120738,1,0.551562565868,0.290722024439,0.312398945506,0.396879030055,0.20886797151,0.281238295621,0.509893732869,FLOAT
0.75,1.2,3.32011692274,1,0.548811636094,0.290311811297,0.312118247169,0.397569941534,0.207923467718,0.280667324201,0.511409208081,FLOAT
0.75,1.21,3.35348465255,1,0.54607442664,0.289900677667,0.311835763734,0.398263558599,0.206981178741,0.280094729382,0.512924091878,FLOAT
0.75,1.22,3.38718773362,1,0.543350869074,0.289488624381,0.311551496323,0.398959879296,0.206041114987,0.279520528239,0.514438356774,FLOAT
0.75,1.23,3.42122953629,1,0.540640895309,0.289075652341,0.311265446132,0.399658901527,0.205103286762,0.278944737889,0.515951975349,FLOAT
0.75,1.24,3.45561346476,1,0.537944437595,0.288661762517,0.310977614435,0.400360623048,0.204167704268,0.278367375493,0.517464920239,FLOAT
0.75,1.25,3.49034295746,1,0.535261428519,0.288246955953,0.310688002577,0.40106504147,0.203234377598,0.277788458252,0.51897716415,FLOAT
0.75,1.26,3.52542148737,1,0.532591801007,0.287831233761,0.310396611982,0.401772154257,0.202303316744,0.277208003405,0.520488679851,FLOAT
0.75,1.27,3.56085256236,1,0.529935488318,0.287414597122,0.310103444145,0.402481958732,0.201374531588,0.276626028233,0.521999440179,FLOAT
0.75,1.28,3.59663972557,1,0.527292424043,0.286997047289,0.309808500641,0.40319445207,0.200448031909,0.276042550049,0.523509418042,FLOAT
0.75,1.29,3.63278655575,1,0.524662542107,0.286578585581,0.309511783116,0.403909631303,0.199523827376,0.275457586204,0.52501858642,FLOAT
0.75,1.3,3.66929666762,1,0.522045776761,0.28615921339,0.309213293293,0.404627493316,0.198601927552,0.274871154083,0.526526918365,FLOAT
0.75,1.31,3.70617371221,1,0.519442062587,0.285738932174,0.308913032971,0.405348034854,0.197682341891,0.274283271103,0.528034387006,FLOAT
0.75,1.32,3.74342137726,1,0.516851334492,0.285317743462,0.308611004024,0.406071252514,0.196765079739,0.273693954712,0.529540965549,FLOAT
0.75,1.33,3.78104338757,1,0.514273527707,0.284895648849,0.3083072084,0.406797142752,0.195850150333,0.273103222388,0.531046627279,FLOAT
0.75,1.34,3.81904350537,1,0.511708577787,0.28447265,0.308001648123,0.407525701877,0.194937562801,0.272511091636,0.532551345563,FLOAT
0.75,1.35,3.8574255307,1,0.509156420608,0.284048748647,0.307694325294,0.408256926059,0.19402732616,0.271917579991,0.534055093849,FLOAT
0.75,1.36,3.8961933018,1,0.506616992366,0.283623946592,0.307385242087,0.408990811321,0.193119449319,0.271322705011,0.53555784567,FLOAT
0.75,1.37,3.93535069547,1,0.504090229575,0.283198245702,0.307074400752,0.409727353546,0.192213941074,0.270726484279,0.537059574647,FLOAT
0.75,1.38,3.97490162749,1,0.501576069066,0.282771647911,0.306761803616,0.410466548473,0.191310810112,0.270128935401,0.538560254487,FLOAT
0.75,1.39,4.01485005299,1,0.499074447985,0.282344155223,0.306447453078,0.411208391699,0.190410065007,0.269530076004,0.540059858989,FLOAT
0.75,1.4,4.05519996684,1,0.496585303791,0.281915769705,0.306131351616,0.411952878679,0.189511714225,0.268929923735,0.541558362041,FLOAT
0.75,1.41,4.09595540407,1,0.494108574256,0.281486493493,0.305813501779,0.412700004728,0.188615766115,0.26832849626,0.543055737625,FLOAT
0.75,1.42,4.13712044025,1,0.491644197461,0.281056328787,0.305493906194,0.413449765019,0.187722228918,0.267725811262,0.54455195982,FLOAT
0.75,1.43,4.17869919192,1,0.489192111796,0.280625277855,0.305172567562,0.414202154583,0.18683111076,0.26712188644,0.5460470028,FLOAT
0.75,1.44,4.220695817,1,0.48675225596,0.280193343028,0.304849488659,0.414957168313,0.185942419656,0.266516739507,0.547540840837,FLOAT
0.75,1.45,4.26311451517,1,0.484324568955,0.279760526704,0.304524672336,0.41571480096,0.185056163506,0.265910388191,0.549033448303,FLOAT
0.75,1.46,4.30595952835,1,0.48190899009,0.279326831344,0.304198121518,0.416475047138,0.184172350098,0.26530285023,0.550524799672,FLOAT
0.75,1.47,4.34923514106,1,0.479505458975,0.278892259476,0.303869839206,0.417237901319,0.183290987106,0.264694143371,0.552014869523,FLOAT
0.75,1.48,4.39294568092,1,0.477113915521,0.278456813688,0.303539828473,0.418003357839,0.18241208209,0.264084285374,0.553503632536,FLOAT
0.75,1.49,4.437095519,1,0.47473429994,0.278020496636,0.303208092469,0.418771410895,0.181535642496,0.263473294004,0.5549910635,FLOAT
0.75,1.5,4.48168907034,1,0.472366552741,0.277583311037,0.302874634416,0.419542054546,0.180661675657,0.262861187031,0.556477137312,FLOAT
0.75,1.51,4.52673079431,1,0.470010614731,0.277145259671,0.302539457613,0.420315282716,0.179790188789,0.262247982234,0.557961828977,FLOAT
0.75,1.52,4.57222519514,1,0.46766642701,0.276706345382,0.30220256543,0.421091089189,0.178921188996,0.261633697392,0.559445113613,FLOAT
0.75,1.53,4.6181768223,1,0.465333930974,0.276266571074,0.301863961311,0.421869467615,0.178054683265,0.261018350287,0.560926966449,FLOAT
0.75,1.54,4.66459027099,1,0.463013068311,0.275825939714,0.301523648776,0.42265041151,0.177190678469,0.260401958704,0.562407362828,FLOAT
0.75,1.55,4.71147018259,1,0.460703780999,0.275384454331,0.301181631416,0.423433914253,0.176329181366,0.259784540424,0.563886278209,FLOAT
0.75,1.56,4.75882124514,1,0.458406011305,0.274942118015,0.300837912896,0.424219969089,0.1754701986,0.259166113231,0.56536368817,FLOAT
0.75,1.57,4.80664819378,1,0.456119701786,0.274498933915,0.300492496955,0.42500856913,0.174613736696,0.2585466949,0.566839568403,FLOAT
0.75,1.58,4.85495581124,1,0.453844795282,0.274054905242,0.300145387403,0.425799707355,0.173759802068,0.257926303207,0.568313894725,FLOAT
0.75,1.59,4.90374892833,1,0.451581234923,0.273610035267,0.299796588125,0.426593376608,0.172908401011,0.25730495592,0.569786643069,FLOAT
0.75,1.6,4.9530324244,1,0.449328964117,0.273164327318,0.299446103076,0.427389569606,0.172059539706,0.256682670798,0.571257789496,FLOAT
0.75,1.61,5.00281122783,1,0.447087926559,0.272717784784,0.299093936285,0.42818827893,0.171213224218,0.256059465595,0.572727310187,FLOAT
0.75,1.62,5.05309031656,1,0.444858066223,0.272270411113,0.298740091853,0.428989497034,0.170369460496,0.255435358054,0.57419518145,FLOAT
0.75,1.63,5.10387471854,1,0.442639327361,0.27182220981,0.298384573951,0.429793216239,0.169528254373,0.254810365907,0.57566137972,FLOAT
0.75,1.64,5.15516951223,1,0.440431654506,0.271373184437,0.298027386824,0.430599428739,0.168689611567,0.254184506873,0.577125881559,FLOAT
0.75,1.65,5.20697982718,1,0.438234992465,0.270923338615,0.297668534786,0.431408126599,0.16785353768,0.253557798659,0.57858866366,FLOAT
0.75,1.66,5.25931084445,1,0.436049286322,0.270472676021,0.297308022224,0.432219301756,0.167020038198,0.252930258957,0.580049702845,FLOAT
0.75,1.67,5.31216779718,1,0.433874481433,0.270021200387,0.296945853594,0.433032946019,0.166189118491,0.25230190544,0.581508976069,FLOAT
0.75,1.68,5.36555597112,1,0.431710523429,0.269568915503,0.296582033424,0.433849051073,0.165360783812,0.251672755769,0.582966460419,FLOAT
0.75,1.69,5.41948070513,1,0.429557358211,0.269115825214,0.296216566311,0.434667608475,0.164535039301,0.251042827582,0.584422133117,FLOAT
0.75,1.7,5.47394739173,1,0.427414931949,0.268661933418,0.295849456924,0.435488609658,0.16371188998,0.250412138498,0.585875971522,FLOAT
0.75,1.71,5.52896147762,1,0.425283191082,0.268207244071,0.295480709999,0.436312045931,0.162891340756,0.249780706117,0.587327953126,FLOAT
0.75,1.72,5.58452846428,1,0.423162082318,0.267751761179,0.295110330342,0.437137908479,0.162073396421,0.249148548015,0.588778055564,FLOAT
0.75,1.73,5.64065390843,1,0.421051552627,0.267295488805,0.294738322831,0.437966188364,0.161258061651,0.248515681745,0.590226256605,FLOAT
0.75,1.74,5.69734342267,1,0.418951549248,0.266838431062,0.294364692408,0.438796876529,0.160445341005,0.247882124834,0.591672534161,FLOAT
0.75,1.75,5.75460267601,1,0.416862019679,0.266380592119,0.293989444088,0.439629963793,0.15963523893,0.247247894785,0.593116866285,FLOAT
0.75,1.76,5.8124373944,1,0.414782911682,0.265921976194,0.293612582951,0.440465440855,0.158827759756,0.246613009073,0.594559231172,FLOAT
0.75,1.77,5.87085336138,1,0.412714173279,0.265462587558,0.293234114146,0.441303298296,0.158022907696,0.245977485144,0.59599960716,FLOAT
0.75,1.78,5.92985641859,1,0.410655752752,0.265002430533,0.29285404289,0.442143526578,0.157220686852,0.245341340415,0.597437972732,FLOAT
0.75,1.79,5.98945246638,1,0.408607598641,0.264541509492,0.292472374465,0.442986116043,0.156421101209,0.244704592274,0.598874306517,FLOAT
0.75,1.8,6.04964746441,1,0.406569659741,0.264079828856,0.292089114223,0.443831056921,0.155624154637,0.244067258074,0.600308587289,FLOAT
0.75,1.81,6.11044743223,1,0.404541885103,0.2636173931,0.29170426758,0.444678339321,0.154829850892,0.243429355137,0.601740793971,FLOAT
0.75,1.82,6.17185844988,1,0.402524224034,0.263154206743,0.291317840018,0.445527953238,0.154038193617,0.24279090075,0.603170905633,FLOAT
0.75,1.83,6.23388665852,1,0.400516626091,0.262690274357,0.290929837087,0.446379888556,0.153249186339,0.242151912165,0.604598901496,FLOAT
0.75,1.84,6.29653826103,1,0.398519041085,0.262225600559,0.290540264401,0.447234135041,0.152462832473,0.241512406599,0.606024760929,FLOAT
0.75,1.85,6.3598195226,1,0.396531419075,0.261760190014,0.290149127637,0.448090682348,0.151679135318,0.240872401228,0.607448463453,FLOAT
0.75,1.86,6.42373677143,1,0.394553710372,0.261294047436,0.289756432541,0.448949520023,0.150898098063,0.240231913193,0.608869988744,FLOAT
0.75,1.87,6.48829639929,1,0.392585865532,0.260827177585,0.289362184919,0.449810637496,0.150119723781,0.239590959592,0.610289316626,FLOAT
0.75,1.88,6.55350486219,1,0.390627835359,0.260359585265,0.288966390643,0.450674024091,0.149344015434,0.238949557486,0.611706427081,FLOAT
0.75,1.89,6.61936868104,1,0.388679570902,0.259891275328,0.288569055649,0.451539669023,0.148570975869,0.238307723889,0.613121300242,FLOAT
0.75,1.9,6.68589444228,1,0.386741023455,0.25942225267,0.288170185934,0.452407561396,0.147800607823,0.237665475776,0.614533916401,FLOAT
0.75,1.91,6.75308879853,1,0.384812144553,0.258952522231,0.287769787559,0.45327769021,0.14703291392,0.237022830077,0.615944256002,FLOAT
0.75,1.92,6.82095846929,1,0.382892885975,0.258482088996,0.287367866647,0.454150044357,0.146267896673,0.236379803676,0.61735229965,FLOAT
0.75,1.93,6.88951024158,1,0.380983199739,0.258010957993,0.286964429383,0.455024612624,0.145505558483,0.235736413412,0.618758028105,FLOAT
0.75,1.94,6.95875097064,1,0.379083038103,0.257539134293,0.286559482012,0.455901383695,0.144745901639,0.235092676075,0.620161422286,FLOAT
0.75,1.95,7.02868758059,1,0.377192353563,0.257066623009,0.286153030843,0.456780346148,0.143988928321,0.234448608408,0.621562463271,FLOAT
0.75,1.96,7.09932706516,1,0.375311098851,0.256593429297,0.285745082243,0.45766148846,0.143234640596,0.233804227105,0.622961132299,FLOAT
0.75,1.97,7.17067648835,1,0.373439226937,0.256119558353,0.285335642639,0.458544799008,0.142483040425,0.233159548809,0.624357410767,FLOAT
0.75,1.98,7.24274298516,1,0.371576691022,0.255645015415,0.28492471852,0.459430266065,0.141734129654,0.232514590112,0.625751280234,FLOAT
0.75,1.99,7.31553376231,1,0.369723444544,0.255169805761,0.284512316431,0.460317877808,0.140987910025,0.231869367554,0.627142722421,FLOAT
0.75,2,7.38905609893,1,0.367879441171,0.254693934709,0.284098442979,0.461207622313,0.140244383166,0.231223897622,0.628531719212,FLOAT
0.75,2.01,7.46331734732,1,0.366044634804,0.254217407614,0.283683104827,0.462099487559,0.1395035506,0.230578196748,0.629918252651,FLOAT
0.75,2.02,7.53832493366,1,0.364218979572,0.253740229874,0.283266308697,0.46299346143,0.138765413741,0.22993228131,0.631302304949,FLOAT
0.75,2.03,7.61408635878,1,0.362402429832,0.253262406921,0.282848061368,0.463889531711,0.138029973894,0.229286167628,0.632683858478,FLOAT
0.75,2.04,7.69060919888,1,0.360594940173,0.252783944228,0.282428369676,0.464787686096,0.137297232257,0.228639871968,0.634062895775,FLOAT
0.75,2.05,7.76790110631,1,0.358796465406,0.252304847303,0.282007240514,0.465687912184,0.136567189922,0.227993410536,0.635439399543,FLOAT
0.75,2.06,7.84596981032,1,0.357006960569,0.251825121691,0.28158468083,0.466590197479,0.135839847873,0.227346799479,0.636813352648,FLOAT
0.75,2.07,7.92482311785,1,0.355226380925,0.251344772973,0.281160697629,0.467494529397,0.13511520699,0.226700054886,0.638184738125,FLOAT
0.75,2.08,8.0044689143,1,0.353454681959,0.250863806768,0.280735297971,0.468400895262,0.134393268044,0.226053192784,0.639553539172,FLOAT
0.75,2.09,8.08491516431,1,0.351691819378,0.250382228726,0.280308488967,0.469309282307,0.133674031705,0.225406229139,0.640919739156,FLOAT
0.75,2.1,8.16616991257,1,0.349937749111,0.249900044534,0.279880277788,0.470219677678,0.132957498534,0.224759179856,0.64228332161,FLOAT
0.75,2.11,8.24824128463,1,0.348192427306,0.249417259913,0.279450671654,0.471132068433,0.132243668992,0.224112060774,0.643644270234,FLOAT
0.75,2.12,8.33113748769,1,0.34645581033,0.248933880617,0.279019677839,0.472046441544,0.131532543432,0.223464887672,0.645002568896,FLOAT
0.75,2.13,8.41486681144,1,0.344727854767,0.248449912432,0.278587303672,0.472962783896,0.130824122107,0.22281767626,0.646358201633,FLOAT
0.75,2.14,8.49943762889,1,0.343008517419,0.247965361177,0.278153556532,0.473881082291,0.130118405166,0.222170442186,0.647711152649,FLOAT
0.75,2.15,8.58485839718,1,0.341297755301,0.247480232704,0.27771844385,0.474801323446,0.129415392655,0.221523201028,0.649061406317,FLOAT
0.75,2.16,8.67113765846,1,0.339595525645,0.246994532896,0.277281973107,0.475723493997,0.128715084519,0.220875968302,0.650408947179,FLOAT
0.75,2.17,8.75828404074,1,0.337901785895,0.246508267664,0.276844151837,0.476647580498,0.128017480602,0.22022875945,0.651753759948,FLOAT
0.75,2.18,8.84630625872,1,0.336216493707,0.246021442954,0.276404987623,0.477573569423,0.127322580647,0.21958158985,0.653095829503,FLOAT
0.75,2.19,8.9352131147,1,0.334539606949,0.245534064738,0.275964488098,0.478501447164,0.126630384297,0.218934474808,0.654435140895,FLOAT
0.75,2.2,9.02501349943,1,0.332871083698,0.245046139019,0.275522660942,0.47943120004,0.125940891094,0.218287429562,0.655771679344,FLOAT
0.75,2.21,9.11571639304,1,0.331210882242,0.244557671828,0.275079513886,0.480362814286,0.125254100483,0.217640469276,0.657105430241,FLOAT
0.75,2.22,9.20733086588,1,0.329558961075,0.244068669224,0.274635054708,0.481296276068,0.12457001181,0.216993609045,0.658436379145,FLOAT
0.75,2.23,9.29986607948,1,0.3279152789,0.243579137295,0.274189291234,0.48223157147,0.123888624321,0.216346863891,0.659764511788,FLOAT
0.75,2.24,9.39333128744,1,0.326279794623,0.243089082156,0.273742231337,0.483168686507,0.123209937167,0.215700248762,0.66108981407,FLOAT
0.75,2.25,9.48773583636,1,0.324652467358,0.242598509947,0.273293882935,0.484107607118,0.122533949402,0.215053778534,0.662412272064,FLOAT
0.75,2.26,9.58308916676,1,0.323033256422,0.242107426835,0.272844253995,0.485048319171,0.121860659982,0.214407468007,0.663731872011,FLOAT
0.75,2.27,9.67940081407,1,0.321422121334,0.241615839013,0.272393352525,0.485990808462,0.121190067769,0.213761331907,0.665048600324,FLOAT
0.75,2.28,9.77668040953,1,0.319819021816,0.241123752699,0.271941186582,0.486935060719,0.12052217153,0.213115384883,0.666362443587,FLOAT
0.75,2.29,9.87493768117,1,0.31822391779,0.240631174136,0.271487764264,0.487881061599,0.119856969935,0.21246964151,0.667673388555,FLOAT
0.75,2.3,9.97418245481,1,0.316636769379,0.24013810959,0.271033093717,0.488828796693,0.119194461564,0.211824116285,0.668981422151,FLOAT
0.75,2.31,10.074424655,1,0.315057536903,0.239644565352,0.270577183125,0.489778251523,0.118534644901,0.211178823626,0.670286531473,FLOAT
0.75,2.32,10.1756743061,1,0.313486180883,0.239150547734,0.270120040719,0.490729411546,0.117877518339,0.210533777874,0.671588703787,FLOAT
0.75,2.33,10.277941533,1,0.311922662033,0.238656063073,0.26966167477,0.491682262157,0.117223080177,0.209888993293,0.67288792653,FLOAT
0.75,2.34,10.3812365627,1,0.310366941265,0.238161117726,0.269202093592,0.492636788682,0.116571328625,0.209244484065,0.67418418731,FLOAT
0.75,2.35,10.4855697247,1,0.308818979688,0.237665718073,0.268741305537,0.49359297639,0.1159222618,0.208600264294,0.675477473906,FLOAT
0.75,2.36,10.5909514524,1,0.307278738601,0.237169870515,0.268279319001,0.494550810484,0.115275877731,0.207956348002,0.676767774266,FLOAT
0.75,2.37,10.6973922841,1,0.305746179499,0.236673581473,0.267816142418,0.495510276109,0.114632174357,0.207312749133,0.67805507651,FLOAT
0.75,2.38,10.8049028639,1,0.304221264067,0.236176857388,0.267351784263,0.496471358349,0.113991149528,0.206669481545,0.679339368927,FLOAT
0.75,2.39,10.913493943,1,0.302703954182,0.23567970472,0.266886253049,0.497434042231,0.113352801004,0.206026559019,0.680620639977,FLOAT
0.75,2.4,11.0231763806,1,0.301194211912,0.235182129951,0.266419557325,0.498398312724,0.112717126461,0.20538399525,0.681898878289,FLOAT
0.75,2.41,11.1339611451,1,0.299691999513,0.234684139578,0.265951705682,0.499364154741,0.112084123485,0.204741803852,0.683174072663,FLOAT
0.75,2.42,11.2458593149,1,0.29819727943,0.234185740118,0.265482706744,0.500331553138,0.111453789579,0.204099998354,0.684446212067,FLOAT
0.75,2.43,11.35888208,1,0.296710014294,0.233686938105,0.265012569176,0.501300492719,0.110826122157,0.203458592204,0.685715285639,FLOAT
0.75,2.44,11.4730407428,1,0.295230166924,0.233187740092,0.264541301675,0.502270958233,0.110201118551,0.202817598762,0.686981282688,FLOAT
0.75,2.45,11.5883467192,1,0.293757700324,0.232688152645,0.264068912976,0.503242934379,0.109578776007,0.202177031305,0.688244192688,FLOAT
0.75,2.46,11.70481154,1,0.292292577681,0.232188182351,0.263595411847,0.504216405802,0.10895909169,0.201536903026,0.689504005284,FLOAT
0.75,2.47,11.8224468516,1,0.290834762368,0.231687835808,0.263120807092,0.5051913571,0.108342062679,0.20089722703,0.690760710291,FLOAT
0.75,2.48,11.9412644178,1,0.289384217939,0.231187119632,0.262645107549,0.506167772819,0.107727685973,0.200258016339,0.692014297688,FLOAT
0.75,2.49,12.0612761204,1,0.287940908131,0.230686040453,0.262168322087,0.50714563746,0.10711595849,0.199619283885,0.693264757624,FLOAT
0.75,2.5,12.1824939607,1,0.28650479686,0.230184604916,0.26169045961,0.508124935474,0.106506877066,0.198981042517,0.694512080417,FLOAT
0.75,2.51,12.3049300605,1,0.285075848224,0.229682819678,0.261211529053,0.509105651268,0.105900438457,0.198343304993,0.69575625655,FLOAT
0.75,2.52,12.4285966636,1,0.2836540265,0.229180691412,0.260731539384,0.510087769204,0.105296639341,0.197706083987,0.696997276672,FLOAT
0.75,2.53,12.5535061367,1,0.282239296141,0.228678226803,0.260250499598,0.511071273599,0.104695476316,0.197069392083,0.6982351316,FLOAT
0.75,2.54,12.6796709708,1,0.280831621778,0.228175432546,0.259768418725,0.512056148729,0.104096945904,0.196433241778,0.699469812318,FLOAT
0.75,2.55,12.8071037827,1,0.279430968221,0.227672315351,0.259285305823,0.513042378826,0.103501044547,0.19579764548,0.700701309973,FLOAT
0.75,2.56,12.9358173155,1,0.278037300453,0.227168881939,0.258801169978,0.514029948083,0.102907768613,0.195162615507,0.701929615879,FLOAT
0.75,2.57,13.0658244409,1,0.276650583632,0.226665139042,0.258316020307,0.515018840652,0.102317114394,0.194528164091,0.703154721515,FLOAT
0.75,2.58,13.1971381597,1,0.27527078309,0.2261610934,0.257829865953,0.516009040646,0.101729078107,0.193894303371,0.704376618523,FLOAT
0.75,2.59,13.3297716032,1,0.273897864331,0.225656751768,0.257342716088,0.517000532143,0.101143655892,0.193261045399,0.705595298709,FLOAT
0.75,2.6,13.463738035,1,0.272531793034,0.225152120907,0.256854579911,0.517993299182,0.100560843819,0.192628402136,0.706810754045,FLOAT
0.75,2.61,13.5990508518,1,0.271172535046,0.224647207589,0.256365466646,0.518987325765,0.0999806378841,0.191996385452,0.708022976664,FLOAT
0.75,2.62,13.7357235851,1,0.269820056385,0.224142018593,0.255875385544,0.519982595863,0.0994030340103,0.191365007129,0.70923195886,FLOAT
0.75,2.63,13.8737699021,1,0.268474323239,0.22363656071,0.255384345881,0.520979093409,0.0988280280502,0.190734278857,0.710437693093,FLOAT
0.75,2.64,14.0132036077,1,0.267135301966,0.223130840734,0.254892356958,0.521976802308,0.0982556157853,0.190104212233,0.711640171981,FLOAT
0.75,2.65,14.1540386454,1,0.265802959089,0.222624865472,0.254399428099,0.522975706429,0.0976857929272,0.189474818767,0.712839388306,FLOAT
0.75,2.66,14.2962890987,1,0.2644772613,0.222118641734,0.253905568653,0.523975789613,0.0971185551186,0.188846109874,0.714035335007,FLOAT
0.75,2.67,14.4399691928,1,0.263158175456,0.221612176337,0.253410787991,0.524977035671,0.0965538979333,0.18821809688,0.715228005187,FLOAT
0.75,2.68,14.5850932959,1,0.26184566858,0.221105476108,0.252915095508,0.525979428385,0.0959918168777,0.187590791018,0.716417392104,FLOAT
0.75,2.69,14.7316759204,1,0.26053970786,0.220598547875,0.252418500617,0.526982951508,0.095432307391,0.18696420343,0.717603489179,FLOAT
0.75,2.7,14.8797317249,1,0.259240260646,0.220091398474,0.251921012757,0.527987588769,0.0948753648463,0.186338345165,0.718786289988,FLOAT
0.75,2.71,15.0292755149,1,0.257947294452,0.219584034746,0.251422641385,0.528993323869,0.094320984551,0.185713227181,0.719965788268,FLOAT
0.75,2.72,15.180322245,1,0.256660776954,0.219076463536,0.250923395978,0.530000140486,0.0937691617478,0.185088860344,0.721141977908,FLOAT
0.75,2.73,15.3328870199,1,0.255380675988,0.218568691694,0.250423286035,0.531008022272,0.0932198916153,0.184465255425,0.72231485296,FLOAT
0.75,2.74,15.4869850963,1,0.254106959553,0.218060726071,0.24992232107,0.532016952859,0.0926731692689,0.183842423106,0.723484407626,FLOAT
0.75,2.75,15.6426318842,1,0.252839595805,0.217552573526,0.249420510619,0.533026915855,0.0921289897613,0.183220373973,0.724650636266,FLOAT
0.75,2.76,15.7998429483,1,0.25157855306,0.217044240917,0.248917864235,0.534037894848,0.0915873480834,0.182599118522,0.725813533394,FLOAT
0.75,2.77,15.9586340098,1,0.250323799792,0.216535735106,0.248414391487,0.535049873407,0.0910482391651,0.181978667156,0.726973093679,FLOAT
0.75,2.78,16.119020948,1,0.249075304632,0.216027062958,0.247910101962,0.53606283508,0.0905116578757,0.181359030183,0.728129311941,FLOAT
0.75,2.79,16.2810198018,1,0.247833036367,0.215518231337,0.247405005263,0.5370767634,0.0899775990251,0.18074021782,0.729282183155,FLOAT
0.75,2.8,16.4446467711,1,0.246596963942,0.215009247112,0.246899111008,0.53809164188,0.0894460573643,0.18012224019,0.730431702446,FLOAT
0.75,2.81,16.6099182188,1,0.245367056453,0.21450011715,0.246392428831,0.539107454019,0.0889170275859,0.179505107323,0.731577865091,FLOAT
0.75,2.82,16.7768506721,1,0.244143283153,0.213990848319,0.24588496838,0.540124183301,0.0883905043255,0.178888829158,0.732720666517,FLOAT
0.75,2.83,16.9454608245,1,0.242925613449,0.21348144749,0.245376739316,0.541141813194,0.0878664821617,0.178273415537,0.733860102301,FLOAT
0.75,2.84,17.1157655371,1,0.241714016897,0.21297192153,0.244867751315,0.542160327155,0.0873449556173,0.177658876212,0.73499616817,FLOAT
0.75,2.85,17.2877818406,1,0.240508463208,0.212462277307,0.244358014066,0.543179708627,0.0868259191598,0.177045220842,0.736128859999,FLOAT
0.75,2.86,17.4615269366,1,0.239308922244,0.211952521689,0.243847537268,0.544199941043,0.0863093672025,0.176432458989,0.737258173808,FLOAT
0.75,2.87,17.6370181998,1,0.238115364015,0.211442661542,0.243336330633,0.545221007825,0.0857952941046,0.175820600128,0.738384105768,FLOAT
0.75,2.88,17.8142731796,1,0.236927758682,0.210932703728,0.242824403886,0.546242892386,0.0852836941726,0.175209653635,0.739506652193,FLOAT
0.75,2.89,17.9933096016,1,0.235746076556,0.210422655111,0.242311766759,0.54726557813,0.0847745616606,0.174599628796,0.740625809543,FLOAT
0.75,2.9,18.1741453694,1,0.234570288094,0.209912522549,0.241798428996,0.548289048454,0.0842678907712,0.173990534804,0.741741574425,FLOAT
0.75,2.91,18.356798567,1,0.233400363901,0.2094023129,0.241284400352,0.549313286748,0.0837636756563,0.173382380758,0.742853943585,FLOAT
0.75,2.92,18.5412874597,1,0.23223627473,0.208892033016,0.240769690588,0.550338276396,0.0832619104175,0.172775175665,0.743962913917,FLOAT
0.75,2.93,18.7276304967,1,0.231077991477,0.208381689748,0.240254309475,0.551364000777,0.0827625891072,0.172168928439,0.745068482454,FLOAT
0.75,2.94,18.9158463123,1,0.229925485187,0.207871289942,0.239738266792,0.552390443267,0.0822657057293,0.171563647899,0.746170646372,FLOAT
0.75,2.95,19.1059537282,1,0.228778727045,0.207360840438,0.239221572324,0.553417587237,0.0817712542395,0.170959342775,0.747269402986,FLOAT
0.75,2.96,19.2979717555,1,0.227637688384,0.206850348075,0.238704235865,0.55444541606,0.0812792285466,0.170356021701,0.748364749752,FLOAT
0.75,2.97,19.491919596,1,0.226502340676,0.206339819684,0.238186267213,0.555473913102,0.0807896225128,0.169753693222,0.749456684265,FLOAT
0.75,2.98,19.6878166448,1,0.225372655539,0.205829262093,0.237667676173,0.556503061734,0.0803024299547,0.169152365786,0.750545204259,FLOAT
0.75,2.99,19.8856824916,1,0.224248604731,0.205318682121,0.237148472555,0.557532845324,0.0798176446438,0.168552047753,0.751630307603,FLOAT
0.75,3,20.0855369232,1,0.223130160148,0.204808086585,0.236628666172,0.558563247243,0.0793352603073,0.167952747388,0.752711992304,FLOAT
0.75,3.01,20.2873999252,1,0.222017293832,0.204297482293,0.236108266844,0.559594250863,0.0788552706288,0.167354472866,0.753790256505,FLOAT
0.75,3.02,20.4912916842,1,0.220909977959,0.203786876047,0.235587284393,0.560625839561,0.0783776692491,0.166757232268,0.754865098483,FLOAT
0.75,3.03,20.6972325894,1,0.219808184848,0.203276274642,0.235065728642,0.561657996716,0.0779024497668,0.166161033585,0.755936516649,FLOAT
0.75,3.04,20.9052432351,1,0.218711886952,0.202765684865,0.234543609421,0.562690705714,0.0774296057391,0.165565884714,0.757004509547,FLOAT
0.75,3.05,21.1153444225,1,0.217621056865,0.202255113497,0.234020936558,0.563723949945,0.0769591306823,0.164971793464,0.758069075854,FLOAT
0.75,3.06,21.327557162,1,0.216535667316,0.20174456731,0.233497719884,0.564757712806,0.0764910180727,0.16437876755,0.759130214377,FLOAT
0.75,3.07,21.541902675,1,0.21545569117,0.201234053067,0.232973969231,0.565791977702,0.0760252613475,0.163786814596,0.760187924056,FLOAT
0.75,3.08,21.7584023962,1,0.214381101427,0.200723577522,0.232449694431,0.566826728047,0.0755618539049,0.163195942137,0.761242203958,FLOAT
0.75,3.09,21.9770779758,1,0.213311871223,0.200213147422,0.231924905316,0.567861947261,0.0751007891053,0.162606157615,0.762293053279,FLOAT
0.75,3.1,22.1979512814,1,0.212247973827,0.199702769504,0.231399611718,0.568897618778,0.0746420602719,0.162017468383,0.763340471345,FLOAT
0.75,3.11,22.4210444007,1,0.211189382641,0.199192450494,0.230873823466,0.56993372604,0.0741856606912,0.161429881702,0.764384457607,FLOAT
0.75,3.12,22.6463796432,1,0.210136071201,0.198682197109,0.23034755039,0.570970252501,0.0737315836139,0.160843404745,0.765425011641,FLOAT
0.75,3.13,22.8739795424,1,0.209088013173,0.198172016057,0.229820802314,0.572007181629,0.0732798222555,0.160258044593,0.766462133151,FLOAT
0.75,3.14,23.1038668587,1,0.208045182357,0.197661914032,0.229293589064,0.573044496904,0.0728303697969,0.159673808239,0.767495821964,FLOAT
0.75,3.15,23.3360645809,1,0.207007552681,0.197151897721,0.228765920458,0.57408218182,0.0723832193851,0.159090702585,0.76852607803,FLOAT
0.75,3.16,23.5705959291,1,0.205975098205,0.196641973798,0.228237806315,0.575120219887,0.0719383641343,0.158508734444,0.769552901422,FLOAT
0.75,3.17,23.8074843564,1,0.204947793117,0.196132148925,0.227709256446,0.576158594629,0.0714957971257,0.157927910542,0.770576292333,FLOAT
0.75,3.18,24.0467535521,1,0.203925611734,0.195622429753,0.227180280659,0.577197289589,0.071055511409,0.157348237513,0.771596251078,FLOAT
0.75,3.19,24.2884274431,1,0.202908528503,0.195112822921,0.226650888756,0.578236288324,0.0706175000026,0.156769721905,0.772612778092,FLOAT
0.75,3.2,24.5325301971,1,0.201896517995,0.194603335055,0.226121090534,0.579275574411,0.0701817558945,0.156192370177,0.773625873929,FLOAT
0.75,3.21,24.7790862246,1,0.20088955491,0.19409397277,0.225590895783,0.580315131447,0.0697482720429,0.155616188699,0.774635539258,FLOAT
0.75,3.22,25.0281201813,1,0.199887614075,0.193584742665,0.225060314288,0.581354943047,0.0693170413765,0.155041183755,0.775641774868,FLOAT
0.75,3.23,25.279656971,1,0.198890670441,0.193075651329,0.224529355824,0.582394992846,0.0688880567959,0.154467361541,0.776644581663,FLOAT
0.75,3.24,25.5337217474,1,0.197898699084,0.192566705336,0.223998030162,0.583435264502,0.0684613111734,0.153894728165,0.777643960661,FLOAT
0.75,3.25,25.7903399172,1,0.196911675204,0.192057911246,0.22346634706,0.584475741694,0.0680367973545,0.153323289649,0.778639912996,FLOAT
0.75,3.26,26.0495371425,1,0.195929574127,0.191549275604,0.222934316272,0.585516408123,0.0676145081578,0.152753051928,0.779632439914,FLOAT
0.75,3.27,26.3113393433,1,0.194952371299,0.191040804944,0.222401947541,0.586557247515,0.0671944363759,0.152184020851,0.780621542773,FLOAT
0.75,3.28,26.5757726999,1,0.193980042291,0.190532505782,0.221869250598,0.58759824362,0.0667765747764,0.151616202181,0.781607223043,FLOAT
0.75,3.29,26.8428636559,1,0.193012562794,0.19002438462,0.221336235169,0.588639380211,0.0663609161018,0.151049601595,0.782589482303,FLOAT
0.75,3.3,27.1126389207,1,0.192049908621,0.189516447945,0.220802910965,0.58968064109,0.065947453071,0.150484224685,0.783568322244,FLOAT
0.75,3.31,27.3851254719,1,0.191092055705,0.18900870223,0.220269287688,0.590722010082,0.0655361783789,0.149920076958,0.784543744663,FLOAT
0.75,3.32,27.6603505585,1,0.190138980102,0.18850115393,0.219735375027,0.591763471043,0.0651270846982,0.149357163837,0.785515751465,FLOAT
0.75,3.33,27.9383417032,1,0.189190657982,0.187993809485,0.219201182662,0.592805007853,0.0647201646789,0.148795490659,0.786484344662,FLOAT
0.75,3.34,28.2191267054,1,0.188247065639,0.187486675318,0.218666720258,0.593846604424,0.0643154109497,0.148235062678,0.787449526372,FLOAT
0.75,3.35,28.5027336438,1,0.187308179482,0.186979757838,0.218131997467,0.594888244695,0.0639128161181,0.147675885064,0.788411298817,FLOAT
0.75,3.36,28.7891908792,1,0.186373976039,0.186473063434,0.217597023929,0.595929912637,0.0635123727715,0.147117962905,0.789369664324,FLOAT
0.75,3.37,29.0785270578,1,0.185444431956,0.18596659848,0.21706180927,0.59697159225,0.0631140734772,0.146561301203,0.79032462532,FLOAT
0.75,3.38,29.3707711133,1,0.184519523993,0.185460369332,0.216526363102,0.598013267567,0.0627179107837,0.146005904881,0.791276184336,FLOAT
0.75,3.39,29.6659522704,1,0.183599229028,0.184954382329,0.215990695019,0.599054922652,0.0623238772205,0.145451778776,0.792224344003,FLOAT
0.75,3.4,29.9641000474,1,0.182683524053,0.184448643791,0.215454814606,0.600096541603,0.0619319652994,0.144898927646,0.793169107054,FLOAT
0.75,3.41,30.2652442594,1,0.181772386175,0.183943160023,0.214918731426,0.601138108551,0.0615421675148,0.144347356167,0.794110476318,FLOAT
0.75,3.42,30.5694150211,1,0.180865792617,0.183437937307,0.214382455031,0.602179607662,0.0611544763439,0.143797068933,0.795048454723,FLOAT
0.75,3.43,30.8766427497,1,0.179963720713,0.182932981912,0.213845994953,0.603221023135,0.0607688842482,0.143248070456,0.795983045296,FLOAT
0.75,3.44,31.1869581683,1,0.179066147911,0.182428300083,0.21330936071,0.604262339207,0.060385383673,0.14270036517,0.796914251157,FLOAT
0.75,3.45,31.5003923087,1,0.178173051773,0.18192389805,0.2127725618,0.60530354015,0.0600039670488,0.142153957429,0.797842075522,FLOAT
0.75,3.46,31.8169765147,1,0.17728440997,0.181419782022,0.212235607706,0.606344610272,0.0596246267916,0.141608851504,0.798766521704,FLOAT
0.75,3.47,32.1367424448,1,0.176400200286,0.180915958188,0.21169850789,0.607385533922,0.059247355303,0.14106505159,0.799687593107,FLOAT
0.75,3.48,32.4597220759,1,0.175520400617,0.18041243272,0.211161271797,0.608426295483,0.0588721449716,0.140522561803,0.800605293225,FLOAT
0.75,3.49,32.7859477062,1,0.174644988967,0.179909211767,0.210623908852,0.60946687938,0.058498988173,0.139981386178,0.801519625649,FLOAT
0.75,3.5,33.1154519587,1,0.17377394345,0.17940630146,0.210086428463,0.610507270077,0.0581278772702,0.139441528674,0.802430594055,FLOAT
0.75,3.51,33.4482677839,1,0.172907242292,0.178903707909,0.209548840015,0.611547452077,0.0577588046149,0.138902993172,0.803338202213,FLOAT
0.75,3.52,33.7844284638,1,0.172044863823,0.178401437202,0.209011152874,0.612587409924,0.057391762547,0.138365783475,0.804242453978,FLOAT
0.75,3.53,34.1239676148,1,0.171186786485,0.177899495409,0.208473376386,0.613627128205,0.0570267433961,0.13782990331,0.805143353294,FLOAT
0.75,3.54,34.4669191909,1,0.170332988825,0.177397888577,0.207935519876,0.614666591547,0.0566637394814,0.137295356327,0.806040904192,FLOAT
0.75,3.55,34.8133174876,1,0.169483449499,0.176896622733,0.207397592646,0.615705784621,0.0563027431124,0.136762146099,0.806935110789,FLOAT
0.75,3.56,35.1631971451,1,0.168638147269,0.176395703881,0.206859603977,0.616744692142,0.0559437465897,0.136230276125,0.807825977285,FLOAT
0.75,3.57,35.5165931516,1,0.167797061,0.175895138006,0.206321563127,0.617783298867,0.055586742205,0.135699749828,0.808713507967,FLOAT
0.75,3.58,35.8735408471,1,0.166960169667,0.175394931068,0.205783479334,0.618821589598,0.055231722242,0.135170570556,0.809597707202,FLOAT
0.75,3.59,36.2340759265,1,0.166127452347,0.174895089007,0.20524536181,0.619859549184,0.0548786789767,0.134642741584,0.810478579439,FLOAT
0.75,3.6,36.5982344437,1,0.165298888222,0.17439561774,0.204707219744,0.620897162516,0.0545276046782,0.13411626611,0.811356129211,FLOAT
0.75,3.61,36.9660528148,1,0.164474456577,0.173896523163,0.204169062302,0.621934414535,0.0541784916088,0.133591147262,0.812230361129,FLOAT
0.75,3.62,37.3375678221,1,0.163654136803,0.173397811147,0.203630898626,0.622971290227,0.0538313320246,0.133067388092,0.813101279883,FLOAT
0.75,3.63,37.7128166172,1,0.16283790839,0.172899487542,0.203092737833,0.624007774625,0.0534861181765,0.132544991582,0.813968890242,FLOAT
0.75,3.64,38.0918367254,1,0.162025750934,0.172401558175,0.202554589015,0.62504385281,0.0531428423097,0.132023960638,0.814833197052,FLOAT
0.75,3.65,38.474666049,1,0.16121764413,0.171904028847,0.202016461238,0.626079509915,0.0528014966653,0.131504298098,0.815694205236,FLOAT
0.75,3.66,38.8613428713,1,0.160413567775,0.17140690534,0.201478363544,0.627114731116,0.0524620734797,0.130986006728,0.816551919793,FLOAT
0.75,3.67,39.2519058603,1,0.159613501768,0.170910193409,0.200940304947,0.628149501644,0.0521245649859,0.13046908922,0.817406345794,FLOAT
0.75,3.68,39.6463940726,1,0.158817426107,0.170413898787,0.200402294436,0.629183806777,0.0517889634136,0.129953548198,0.818257488388,FLOAT
0.75,3.69,40.0448469573,1,0.15802532089,0.169918027182,0.199864340973,0.630217631845,0.0514552609897,0.129439386218,0.819105352793,FLOAT
0.75,3.7,40.4473043601,1,0.157237166314,0.169422584279,0.199326453492,0.63125096223,0.0511234499389,0.128926605761,0.8199499443,FLOAT
0.75,3.71,40.853806527,1,0.156452942675,0.168927575736,0.198788640901,0.632283783363,0.0507935224837,0.128415209243,0.820791268273,FLOAT
0.75,3.72,41.2643941086,1,0.155672630368,0.168433007191,0.198250912078,0.633316080731,0.0504654708456,0.127905199011,0.821629330143,FLOAT
0.75,3.73,41.679108164,1,0.154896209885,0.167938884253,0.197713275876,0.634347839871,0.0501392872448,0.127396577342,0.822464135413,FLOAT
0.75,3.74,42.097990165,1,0.154123661815,0.167445212509,0.197175741117,0.635379046374,0.0498149639012,0.126889346446,0.823295689653,FLOAT
0.75,3.75,42.5210820001,1,0.153354966845,0.166951997518,0.196638316595,0.636409685887,0.0494924930344,0.126383508466,0.8241239985,FLOAT
0.75,3.76,42.9484259788,1,0.152590105757,0.166459244818,0.196101011074,0.637439744108,0.0491718668646,0.125879065478,0.824949067658,FLOAT
0.75,3.77,43.3800648359,1,0.151829059429,0.165966959919,0.19556383329,0.638469206791,0.0488530776124,0.125376019491,0.825770902897,FLOAT
0.75,3.78,43.8160417356,1,0.151071808836,0.165475148305,0.195026791948,0.639498059747,0.0485361175,0.124874372449,0.826589510051,FLOAT
0.75,3.79,44.256400276,1,0.150318335046,0.164983815435,0.194489895723,0.640526288842,0.0482209787508,0.124374126229,0.827404895021,FLOAT
0.75,3.8,44.7011844933,1,0.149568619223,0.164492966744,0.19395315326,0.641553879996,0.0479076535905,0.123875282644,0.828217063766,FLOAT
0.75,3.81,45.1504388663,1,0.148822642622,0.164002607637,0.193416573174,0.642580819189,0.0475961342471,0.123377843443,0.82902602231,FLOAT
0.75,3.82,45.6042083208,1,0.148080386595,0.163512743497,0.192880164046,0.643607092456,0.0472864129515,0.122881810309,0.82983177674,FLOAT
0.75,3.83,46.0625382342,1,0.147341832586,0.163023379679,0.192343934429,0.644632685892,0.0469784819378,0.122387184863,0.8306343332,FLOAT
0.75,3.84,46.5254744398,1,0.14660696213,0.16253452151,0.191807892843,0.645657585647,0.0466723334437,0.121893968661,0.831433697895,FLOAT
0.75,3.85,46.9930632316,1,0.145875756856,0.162046174293,0.191272047774,0.646681777933,0.0463679597109,0.121402163199,0.83222987709,FLOAT
0.75,3.86,47.4653513689,1,0.145148198484,0.161558343303,0.190736407678,0.647705249019,0.0460653529856,0.120911769908,0.833022877107,FLOAT
0.75,3.87,47.9423860808,1,0.144424268824,0.161071033787,0.190200980979,0.648727985234,0.0457645055187,0.120422790158,0.833812704324,FLOAT
0.75,3.88,48.4242150713,1,0.143703949778,0.160584250968,0.189665776066,0.649749972966,0.0454654095663,0.119935225258,0.834599365176,FLOAT
0.75,3.89,48.9108865237,1,0.142987223338,0.160098000038,0.189130801296,0.650771198665,0.0451680573901,0.119449076456,0.835382866154,FLOAT
0.75,3.9,49.4024491055,1,0.142274071587,0.159612286166,0.188596064993,0.651791648841,0.0448724412575,0.118964344939,0.836163213804,FLOAT
0.75,3.91,49.8989519734,1,0.141564476694,0.159127114489,0.188061575445,0.652811310066,0.0445785534425,0.118481031834,0.836940414723,FLOAT
0.75,3.92,50.4004447781,1,0.140858420921,0.158642490121,0.187527340908,0.653830168972,0.0442863862254,0.117999138211,0.837714475564,FLOAT
0.75,3.93,50.9069776692,1,0.140155886616,0.158158418143,0.186993369603,0.654848212254,0.0439959318936,0.117518665076,0.83848540303,FLOAT
0.75,3.94,51.4186013005,1,0.139456856215,0.157674903613,0.186459669718,0.655865426669,0.043707182742,0.117039613381,0.839253203877,FLOAT
0.75,3.95,51.9353668348,1,0.138761312243,0.157191951559,0.185926249403,0.656881799038,0.043420131073,0.116561984018,0.840017884909,FLOAT
0.75,3.96,52.4573259491,1,0.138069237311,0.15670956698,0.185393116776,0.657897316244,0.0431347691971,0.11608577782,0.840779452983,FLOAT
0.75,3.97,52.9845308397,1,0.137380614117,0.156227754849,0.184860279917,0.658911965233,0.0428510894331,0.115610995566,0.841537915001,FLOAT
0.75,3.98,53.5170342275,1,0.136695425446,0.155746520109,0.184327746873,0.659925733018,0.0425690841087,0.115137637975,0.842293277917,FLOAT
0.75,3.99,54.0548893633,1,0.136013654167,0.155265867674,0.183795525653,0.660938606673,0.0422887455603,0.114665705712,0.843045548728,FLOAT
0.75,4,54.5981500331,1,0.135335283237,0.154785802431,0.18326362423,0.661950573339,0.0420100661341,0.114195199385,0.843794734481,FLOAT
0.9,-4,0.0183156388887,1,7.38905609893,0.589561167494,0.269925272632,0.140513559874,0.705384512698,0.259496460342,0.0351190269593,FLOAT
0.9,-3.99,0.0184997141198,1,7.35220302789,0.589038921575,0.270255812144,0.14070526628,0.704740425298,0.259908473476,0.0353511012264,FLOAT
0.9,-3.98,0.0186856393377,1,7.31553376231,0.588516410669,0.270586224359,0.140897364972,0.704094971528,0.260320418159,0.0355846103125,FLOAT
0.9,-3.97,0.0188734331352,1,7.27904738545,0.587993634109,0.27091650626,0.141089859631,0.703448148756,0.260732289229,0.0358195620145,FLOAT
0.9,-3.96,0.0190631142916,1,7.24274298516,0.587470591209,0.271246654811,0.14128275398,0.702799954352,0.261144081489,0.0360559641594,FLOAT
0.9,-3.95,0.0192547017754,1,7.20661965382,0.586947281266,0.271576666954,0.14147605178,0.702150385688,0.261555789707,0.0362938246045,FLOAT
0.9,-3.94,0.0194482147454,1,7.17067648835,0.586423703558,0.271906539611,0.14166975683,0.70149944014,0.261967408622,0.0365331512373,FLOAT
0.9,-3.93,0.0196436725531,1,7.13491259016,0.585899857343,0.272236269685,0.141863872971,0.700847115085,0.262378932939,0.0367739519754,FLOAT
0.9,-3.92,0.0198410947444,1,7.09932706516,0.585375741861,0.272565854056,0.142058404083,0.700193407904,0.262790357329,0.0370162347666,FLOAT
0.9,-3.91,0.0200405010617,1,7.0639190237,0.584851356332,0.272895289583,0.142253354085,0.699538315981,0.26320167643,0.0372600075889,FLOAT
0.9,-3.9,0.0202419114458,1,7.02868758059,0.584326699958,0.273224573105,0.142448726937,0.698881836702,0.263612884848,0.03750527845,FLOAT
0.9,-3.89,0.0204453460379,1,6.99363185503,0.583801771918,0.273553701439,0.142644526643,0.698223967457,0.264023977155,0.037752055388,FLOAT
0.9,-3.88,0.0206508251817,1,6.95875097064,0.583276571375,0.273882671381,0.142840757244,0.697564705641,0.264434947888,0.0380003464708,FLOAT
0.9,-3.87,0.0208583694252,1,6.92404405538,0.582751097472,0.274211479704,0.143037422824,0.69690404865,0.264845791554,0.0382501597962,FLOAT
0.9,-3.86,0.021067999523,1,6.88951024158,0.582225349328,0.274540123162,0.14323452751,0.696241993885,0.265256502623,0.0385015034918,FLOAT
0.9,-3.85,0.0212797364384,1,6.8551486659,0.581699326046,0.274868598484,0.14343207547,0.695578538751,0.265667075534,0.0387543857153,FLOAT
0.9,-3.84,0.0214936013451,1,6.82095846929,0.581173026707,0.275196902379,0.143630070913,0.694913680656,0.26607750469,0.0390088146538,FLOAT
0.9,-3.83,0.0217096156298,1,6.786938797,0.580646450371,0.275525031534,0.143828518095,0.694247417014,0.266487784462,0.0392647985244,FLOAT
0.9,-3.82,0.0219278008943,1,6.75308879853,0.580119596078,0.275852982612,0.144027421309,0.693579745241,0.266897909185,0.0395223455736,FLOAT
0.9,-3.81,0.022148178957,1,6.71940762763,0.579592462847,0.276180752255,0.144226784898,0.69291066276,0.267307873162,0.0397814640777,FLOAT
0.9,-3.8,0.0223707718562,1,6.68589444228,0.579065049675,0.276508337082,0.144426613243,0.692240166997,0.267717670661,0.0400421623422,FLOAT
0.9,-3.79,0.0225956018511,1,6.65254840463,0.57853735554,0.276835733688,0.144626910772,0.691568255382,0.268127295915,0.0403044487024,FLOAT
0.9,-3.78,0.0228226914251,1,6.61936868104,0.578009379395,0.277162938648,0.144827681956,0.690894925353,0.268536743124,0.0405683315228,FLOAT
0.9,-3.77,0.0230520632872,1,6.58635444202,0.577481120175,0.277489948512,0.145028931312,0.690220174349,0.268946006454,0.0408338191972,FLOAT
0.9,-3.76,0.0232837403749,1,6.55350486219,0.576952576792,0.277816759806,0.145230663401,0.689543999818,0.269355080033,0.0411009201485,FLOAT
0.9,-3.75,0.023517745856,1,6.52081912033,0.576423748136,0.278143369035,0.145432882829,0.688866399211,0.26976395796,0.0413696428289,FLOAT
0.9,-3.74,0.0237541031313,1,6.48829639929,0.575894633074,0.278469772679,0.145635594248,0.688187369986,0.270172634294,0.0416399957196,FLOAT
0.9,-3.73,0.0239928358367,1,6.45593588599,0.575365230452,0.278795967194,0.145838802354,0.687506909606,0.270581103063,0.0419119873309,FLOAT
0.9,-3.72,0.0242339678457,1,6.42373677143,0.574835539093,0.279121949013,0.146042511893,0.686825015541,0.270989358258,0.0421856262017,FLOAT
0.9,-3.71,0.0244775232717,1,6.39169825062,0.574305557799,0.279447714547,0.146246727654,0.686141685264,0.271397393836,0.0424609208999,FLOAT
0.9,-3.7,0.0247235264703,1,6.3598195226,0.573775285348,0.279773260178,0.146451454474,0.685456916259,0.271805203719,0.0427378800221,FLOAT
0.9,-3.69,0.0249720020423,1,6.3280997904,0.573244720494,0.28009858227,0.146656697237,0.684770706013,0.272212781794,0.0430165121933,FLOAT
0.9,-3.68,0.0252229748352,1,6.29653826103,0.572713861969,0.280423677157,0.146862460874,0.68408305202,0.272620121913,0.0432968260672,FLOAT
0.9,-3.67,0.0254764699467,1,6.26513414544,0.572182708484,0.280748541152,0.147068750364,0.683393951782,0.273027217892,0.0435788303258,FLOAT
0.9,-3.66,0.0257325127264,1,6.23388665852,0.571651258723,0.281073170542,0.147275570734,0.682703402807,0.273434063513,0.0438625336794,FLOAT
0.9,-3.65,0.0259911287788,1,6.2027950191,0.571119511349,0.281397561591,0.14748292706,0.682011402612,0.273840652522,0.0441479448665,FLOAT
0.9,-3.64,0.0262523439657,1,6.17185844988,0.570587465,0.281721710535,0.147690824465,0.681317948718,0.274246978628,0.0444350726536,FLOAT
0.9,-3.63,0.0265161844089,1,6.14107617744,0.570055118291,0.282045613587,0.147899268122,0.680623038657,0.274653035508,0.0447239258351,FLOAT
0.9,-3.62,0.0267826764926,1,6.11044743223,0.569522469812,0.282369266935,0.148108263252,0.679926669967,0.2750588168,0.0450145132334,FLOAT
0.9,-3.61,0.0270518468664,1,6.07997144852,0.568989518131,0.282692666741,0.148317815128,0.679228840193,0.275464316109,0.0453068436984,FLOAT
0.9,-3.6,0.0273237224473,1,6.04964746441,0.568456261789,0.283015809141,0.14852792907,0.678529546889,0.275869527003,0.0456009261078,FLOAT
0.9,-3.59,0.0275983304232,1,6.01947472181,0.567922699304,0.283338690247,0.14873861045,0.67782878762,0.276274443014,0.0458967693664,FLOAT
0.9,-3.58,0.0278756982552,1,5.98945246638,0.567388829169,0.283661306143,0.148949864688,0.677126559954,0.276679057639,0.0461943824067,FLOAT
0.9,-3.57,0.0281558536803,1,5.95957994758,0.566854649853,0.283983652888,0.149161697258,0.676422861473,0.277083364339,0.0464937741881,FLOAT
0.9,-3.56,0.0284388247142,1,5.92985641859,0.5663201598,0.284305726516,0.149374113683,0.675717689765,0.277487356538,0.0467949536971,FLOAT
0.9,-3.55,0.0287246396542,1,5.90028113632,0.565785357428,0.284627523034,0.149587119537,0.675011042426,0.277891027627,0.0470979299471,FLOAT
0.9,-3.54,0.0290133270822,1,5.87085336138,0.565250241131,0.284949038422,0.149800720447,0.674302917065,0.278294370956,0.0474027119783,FLOAT
0.9,-3.53,0.029304915867,1,5.84157235809,0.564714809275,0.285270268635,0.15001492209,0.673593311298,0.278697379844,0.0477093088573,FLOAT
0.9,-3.52,0.0295994351679,1,5.8124373944,0.564179060205,0.285591209599,0.150229730196,0.672882222751,0.279100047571,0.0480177296774,FLOAT
0.9,-3.51,0.0298969144369,1,5.78344774196,0.563642992236,0.285911857215,0.150445150549,0.67216964906,0.279502367382,0.048327983558,FLOAT
0.9,-3.5,0.0301973834223,1,5.75460267601,0.56310660366,0.286232207357,0.150661188982,0.671455587871,0.279904332484,0.0486400796447,FLOAT
0.9,-3.49,0.0305008721712,1,5.72590147542,0.562569892742,0.286552255872,0.150877851386,0.670740036841,0.28030593605,0.0489540271088,FLOAT
0.9,-3.48,0.0308074110328,1,5.69734342267,0.562032857722,0.286871998579,0.1510951437,0.670022993637,0.280707171216,0.0492698351478,FLOAT
0.9,-3.47,0.0311170306611,1,5.6689278038,0.561495496811,0.287191431269,0.15131307192,0.669304455936,0.281108031079,0.0495875129845,FLOAT
0.9,-3.46,0.0314297620184,1,5.64065390843,0.560957808197,0.287510549708,0.151531642095,0.668584421428,0.281508508705,0.0499070698672,FLOAT
0.9,-3.45,0.0317456363781,1,5.61252102969,0.56041979004,0.287829349632,0.151750860328,0.667862887813,0.281908597118,0.0502285150695,FLOAT
0.9,-3.44,0.0320646853279,1,5.58452846428,0.559881440473,0.28814782675,0.151970732777,0.667139852801,0.282308289309,0.05055185789,FLOAT
0.9,-3.43,0.0323869407729,1,5.55667551236,0.559342757604,0.288465976744,0.152191265652,0.666415314117,0.28270757823,0.0508771076522,FLOAT
0.9,-3.42,0.032712434939,1,5.52896147762,0.558803739511,0.288783795266,0.152412465222,0.665689269496,0.2831064568,0.0512042737042,FLOAT
0.9,-3.41,0.0330412003759,1,5.50138566721,0.558264384248,0.289101277943,0.152634337809,0.664961716683,0.283504917898,0.0515333654188,FLOAT
0.9,-3.4,0.0333732699603,1,5.47394739173,0.557724689842,0.289418420369,0.152856889789,0.664232653439,0.283902954368,0.0518643921929,FLOAT
0.9,-3.39,0.0337086768996,1,5.44664596521,0.557184654289,0.289735218114,0.153080127596,0.663502077536,0.284300559016,0.0521973634475,FLOAT
0.9,-3.38,0.0340474547346,1,5.41948070513,0.556644275563,0.290051666717,0.15330405772,0.662769986759,0.284697724614,0.0525322886276,FLOAT
0.9,-3.37,0.0343896373435,1,5.39245093235,0.556103551606,0.290367761689,0.153528686705,0.662036378905,0.285094443893,0.0528691772016,FLOAT
0.9,-3.36,0.0347352589447,1,5.36555597112,0.555562480334,0.290683498512,0.153754021153,0.661301251786,0.285490709553,0.0532080386616,FLOAT
0.9,-3.35,0.0350843541008,1,5.33879514907,0.555021059637,0.290998872639,0.153980067724,0.660564603226,0.285886514252,0.0535488825229,FLOAT
0.9,-3.34,0.0354369577216,1,5.31216779718,0.554479287375,0.291313879494,0.154206833131,0.659826431063,0.286281850613,0.0538917183236,FLOAT
0.9,-3.33,0.0357931050677,1,5.28567324976,0.55393716138,0.291628514472,0.154434324149,0.659086733151,0.286676711225,0.0542365556247,FLOAT
0.9,-3.32,0.036152831754,1,5.25931084445,0.553394679457,0.291942772937,0.154662547606,0.658345507355,0.287071088635,0.0545834040097,FLOAT
0.9,-3.31,0.0365161737537,1,5.23307992218,0.552851839384,0.292256650226,0.15489151039,0.657602751557,0.287464975358,0.0549322730845,FLOAT
0.9,-3.3,0.0368831674012,1,5.20697982718,0.552308638908,0.292570141644,0.155121219448,0.656858463653,0.28785836387,0.0552831724769,FLOAT
0.9,-3.29,0.0372538493962,1,5.18100990695,0.551765075749,0.292883242469,0.155351681782,0.656112641554,0.288251246609,0.0556361118365,FLOAT
0.9,-3.28,0.0376282568072,1,5.15516951223,0.551221147599,0.293195947947,0.155582904454,0.655365283186,0.288643615979,0.0559911008347,FLOAT
0.9,-3.27,0.0380064270752,1,5.12945799703,0.550676852122,0.293508253294,0.155814894584,0.65461638649,0.289035464346,0.0563481491638,FLOAT
0.9,-3.26,0.0383883980176,1,5.10387471854,0.550132186951,0.293820153696,0.156047659353,0.653865949425,0.289426784038,0.0567072665375,FLOAT
0.9,-3.25,0.0387742078317,1,5.07841903718,0.549587149692,0.294131644311,0.156281205997,0.653113969963,0.289817567347,0.05706846269,FLOAT
0.9,-3.24,0.039163895099,1,5.05309031656,0.549041737924,0.294442720263,0.156515541813,0.652360446094,0.29020780653,0.0574317473761,FLOAT
0.9,-3.23,0.0395574987884,1,5.02788792347,0.548495949192,0.294753376648,0.156750674159,0.651605375825,0.290597493804,0.057797130371,FLOAT
0.9,-3.22,0.0399550582607,1,5.00281122783,0.547949781019,0.295063608532,0.15698661045,0.650848757179,0.290986621351,0.0581646214696,FLOAT
0.9,-3.21,0.040356613272,1,4.97785960274,0.547403230892,0.295373410947,0.157223358161,0.650090588197,0.291375181317,0.0585342304866,FLOAT
0.9,-3.2,0.0407622039784,1,4.9530324244,0.546856296274,0.295682778897,0.157460924829,0.649330866935,0.291763165809,0.058905967256,FLOAT
0.9,-3.19,0.0411718709391,1,4.92832907212,0.546308974597,0.295991707355,0.157699318048,0.648569591469,0.2921505669,0.0592798416308,FLOAT
0.9,-3.18,0.0415856551212,1,4.90374892833,0.545761263264,0.296300191262,0.157938545474,0.647806759893,0.292537376624,0.0596558634831,FLOAT
0.9,-3.17,0.0420035979034,1,4.87929137851,0.545213159648,0.296608225528,0.158178614824,0.647042370318,0.292923586979,0.0600340427032,FLOAT
0.9,-3.16,0.0424257410805,1,4.85495581124,0.544664661094,0.296915805032,0.158419533874,0.646276420873,0.293309189927,0.0604143891996,FLOAT
0.9,-3.15,0.042852126867,1,4.83074161811,0.544115764917,0.297222924621,0.158661310462,0.645508909708,0.293694177393,0.0607969128988,FLOAT
0.9,-3.14,0.043282797902,1,4.80664819378,0.543566468402,0.297529579112,0.158903952485,0.64473983499,0.294078541265,0.0611816237448,FLOAT
0.9,-3.13,0.0437177972528,1,4.7826749359,0.543016768807,0.29783576329,0.159147467903,0.643969194906,0.294462273395,0.0615685316987,FLOAT
0.9,-3.12,0.0441571684197,1,4.75882124514,0.542466663357,0.298141471907,0.159391864736,0.643196987663,0.294845365598,0.0619576467386,FLOAT
0.9,-3.11,0.0446009553403,1,4.73508652516,0.54191614925,0.298446699684,0.159637151066,0.642423211487,0.295227809653,0.0623489788592,FLOAT
0.9,-3.1,0.0450492023936,1,4.71147018259,0.541365223654,0.298751441311,0.159883335035,0.641647864626,0.295609597303,0.0627425380713,FLOAT
0.9,-3.09,0.0455019544046,1,4.68797162702,0.540813883707,0.299055691445,0.160130424847,0.640870945345,0.295990720253,0.0631383344018,FLOAT
0.9,-3.08,0.045959256649,1,4.66459027099,0.540262126518,0.299359444712,0.160378428769,0.640092451934,0.296371170173,0.0635363778929,FLOAT
0.9,-3.07,0.0464211548574,1,4.64132552995,0.539709949166,0.299662695705,0.160627355129,0.639312382702,0.296750938696,0.0639366786021,FLOAT
0.9,-3.06,0.04688769522,1,4.6181768223,0.5391573487,0.299965438986,0.160877212314,0.638530735978,0.29713001742,0.0643392466018,FLOAT
0.9,-3.05,0.0473589243911,1,4.59514356931,0.53860432214,0.300267669082,0.161128008777,0.637747510115,0.297508397906,0.0647440919786,FLOAT
0.9,-3.04,0.0478348894942,1,4.57222519514,0.538050866478,0.300569380491,0.161379753031,0.636962703488,0.297886071679,0.0651512248336,FLOAT
0.9,-3.03,0.0483156381261,1,4.54942112685,0.537496978672,0.300870567677,0.161632453651,0.636176314492,0.298263030227,0.0655606552813,FLOAT
0.9,-3.02,0.048801218362,1,4.52673079431,0.536942655655,0.301171225071,0.161886119274,0.635388341547,0.298639265003,0.0659723934497,FLOAT
0.9,-3.01,0.0492916787605,1,4.50415363029,0.536387894329,0.301471347072,0.162140758599,0.634598783095,0.299014767425,0.0663864494796,FLOAT
0.9,-3,0.0497870683679,1,4.48168907034,0.535832691565,0.301770928047,0.162396380389,0.633807637601,0.299389528874,0.0668028335245,FLOAT
0.9,-2.99,0.0502874367236,1,4.45933655285,0.535277044206,0.302069962329,0.162652993466,0.633014903554,0.299763540696,0.0672215557502,FLOAT
0.9,-2.98,0.0507928338649,1,4.437095519,0.534720949065,0.302368444219,0.162910606716,0.632220579466,0.3001367942,0.067642626334,FLOAT
0.9,-2.97,0.0513033103319,1,4.41496541278,0.534164402926,0.302666367985,0.163169229089,0.631424663874,0.300509280661,0.0680660554648,FLOAT
0.9,-2.96,0.0518189171727,1,4.39294568092,0.533607402544,0.302963727863,0.163428869593,0.63062715534,0.300880991318,0.0684918533423,FLOAT
0.9,-2.95,0.0523397059484,1,4.37103577293,0.533049944643,0.303260518054,0.163689537304,0.629828052449,0.301251917374,0.0689200301768,FLOAT
0.9,-2.94,0.0528657287384,1,4.34923514106,0.532492025919,0.303556732727,0.163951241354,0.629027353813,0.301622049998,0.0693505961888,FLOAT
0.9,-2.93,0.0533970381452,1,4.3275432403,0.531933643038,0.303852366019,0.164213990942,0.628225058069,0.301991380323,0.0697835616084,FLOAT
0.9,-2.92,0.0539336873004,1,4.30595952835,0.531374792639,0.304147412033,0.164477795328,0.627421163879,0.302359899446,0.070218936675,FLOAT
0.9,-2.91,0.0544757298692,1,4.2844834656,0.530815471329,0.304441864838,0.164742663833,0.626615669932,0.302727598432,0.0706567316369,FLOAT
0.9,-2.9,0.0550232200564,1,4.26311451517,0.530255675687,0.304735718471,0.165008605842,0.625808574942,0.303094468307,0.0710969567505,FLOAT
0.9,-2.89,0.0555762126115,1,4.24185214282,0.529695402265,0.305028966935,0.1652756308,0.624999877652,0.303460500067,0.0715396222805,FLOAT
0.9,-2.88,0.0561347628341,1,4.220695817,0.529134647583,0.305321604201,0.165543748216,0.624189576832,0.30382568467,0.0719847384988,FLOAT
0.9,-2.87,0.0566989265798,1,4.19964500879,0.528573408135,0.305613624204,0.165812967661,0.623377671276,0.304190013039,0.0724323156845,FLOAT
0.9,-2.86,0.0572687602655,1,4.17869919192,0.528011680385,0.305905020849,0.166083298766,0.622564159811,0.304553476066,0.072882364123,FLOAT
0.9,-2.85,0.0578443208748,1,4.15785784276,0.527449460769,0.306195788005,0.166354751226,0.621749041287,0.304916064607,0.0733348941061,FLOAT
0.9,-2.84,0.0584256659645,1,4.13712044025,0.526886745693,0.306485919509,0.166627334797,0.620932314587,0.305277769482,0.073789915931,FLOAT
0.9,-2.83,0.0590128536694,1,4.11648646597,0.526323531539,0.306775409165,0.166901059297,0.620113978619,0.305638581481,0.0742474398999,FLOAT
0.9,-2.82,0.0596059427089,1,4.09595540407,0.525759814656,0.307064250741,0.167175934603,0.619294032323,0.305998491357,0.0747074763198,FLOAT
0.9,-2.81,0.0602049923924,1,4.07552674127,0.525195591367,0.307352437975,0.167451970658,0.618472474668,0.30635748983,0.0751700355018,FLOAT
0.9,-2.8,0.0608100626252,1,4.05519996684,0.524630857969,0.307639964569,0.167729177462,0.617649304652,0.306715567587,0.0756351277606,FLOAT
0.9,-2.79,0.061421213915,1,4.03497457263,0.524065610729,0.307926824192,0.168007565079,0.616824521303,0.307072715283,0.076102763414,FLOAT
0.9,-2.78,0.0620385073774,1,4.01485005299,0.523499845886,0.308213010481,0.168287143632,0.615998123681,0.307428923536,0.0765729527824,FLOAT
0.9,-2.77,0.0626620047422,1,3.99482590482,0.522933559655,0.308498517038,0.168567923307,0.615170110876,0.307784182935,0.0770457061882,FLOAT
0.9,-2.76,0.0632917683596,1,3.97490162749,0.522366748221,0.308783337432,0.168849914347,0.61434048201,0.308138484035,0.0775210339555,FLOAT
0.9,-2.75,0.0639278612067,1,3.95507672292,0.521799407742,0.309067465199,0.169133127059,0.613509236235,0.308491817356,0.0779989464093,FLOAT
0.9,-2.74,0.0645703468932,1,3.93535069547,0.521231534351,0.30935089384,0.169417571809,0.612676372737,0.308844173388,0.0784794538752,FLOAT
0.9,-2.73,0.0652192896681,1,3.91572305199,0.520663124153,0.309633616825,0.169703259022,0.611841890733,0.309195542588,0.0789625666787,FLOAT
0.9,-2.72,0.0658747544264,1,3.8961933018,0.520094173228,0.309915627588,0.169990199184,0.611005789474,0.309545915381,0.0794482951446,FLOAT
0.9,-2.71,0.066536806715,1,3.87676095663,0.519524677628,0.310196919532,0.17027840284,0.610168068243,0.30989528216,0.0799366495966,FLOAT
0.9,-2.7,0.0672055127397,1,3.8574255307,0.518954633381,0.310477486025,0.170567880594,0.609328726358,0.310243633286,0.0804276403567,FLOAT
0.9,-2.69,0.0678809393718,1,3.8381865406,0.518384036488,0.310757320403,0.170858643109,0.608487763168,0.310590959087,0.0809212777446,FLOAT
0.9,-2.68,0.0685631541543,1,3.81904350537,0.517812882926,0.311036415966,0.171150701108,0.607645178059,0.310937249864,0.0814175720771,FLOAT
0.9,-2.67,0.0692522253093,1,3.79999594642,0.517241168645,0.311314765985,0.171444065369,0.606800970451,0.311282495881,0.0819165336675,FLOAT
0.9,-2.66,0.0699482217447,1,3.78104338757,0.516668889572,0.311592363695,0.171738746733,0.605955139799,0.311626687376,0.0824181728252,FLOAT
0.9,-2.65,0.0706512130604,1,3.762185355,0.516096041607,0.311869202298,0.172034756095,0.605107685591,0.311969814554,0.0829224998549,FLOAT
0.9,-2.64,0.0713612695564,1,3.74342137726,0.515522620628,0.312145274963,0.172332104409,0.604258607355,0.312311867589,0.083429525056,FLOAT
0.9,-2.63,0.0720784622388,1,3.72475098525,0.514948622488,0.312420574826,0.172630802685,0.603407904651,0.312652836627,0.0839392587222,FLOAT
0.9,-2.62,0.0728028628274,1,3.70617371221,0.514374043017,0.312695094992,0.172930861991,0.602555577078,0.312992711781,0.0844517111407,FLOAT
0.9,-2.61,0.0735345437631,1,3.68768909371,0.513798878019,0.31296882853,0.173232293451,0.601701624272,0.313331483136,0.0849668925917,FLOAT
0.9,-2.6,0.0742735782143,1,3.66929666762,0.513223123278,0.313241768477,0.173535108245,0.600846045905,0.313669140748,0.0854848133475,FLOAT
0.9,-2.59,0.0750200400853,1,3.65099597414,0.512646774553,0.313513907839,0.173839317608,0.599988841686,0.314005674642,0.0860054836724,FLOAT
0.9,-2.58,0.0757740040228,1,3.63278655575,0.512069827581,0.313785239588,0.174144932831,0.599130011364,0.314341074815,0.0865289138215,FLOAT
0.9,-2.57,0.0765355454239,1,3.61466795722,0.511492278078,0.314055756663,0.174451965259,0.598269554726,0.314675331234,0.0870551140405,FLOAT
0.9,-2.56,0.0773047404433,1,3.59663972557,0.510914121738,0.314325451971,0.174760426291,0.597407471596,0.315008433839,0.0875840945647,FLOAT
0.9,-2.55,0.0780816660012,1,3.5787014101,0.510335354231,0.314594318387,0.175070327383,0.59654376184,0.315340372542,0.0881158656186,FLOAT
0.9,-2.54,0.0788663997907,1,3.56085256236,0.509755971208,0.314862348752,0.175381680039,0.595678425361,0.315671137224,0.0886504374152,FLOAT
0.9,-2.53,0.0796590202859,1,3.54309273611,0.5091759683,0.315129535878,0.175694495822,0.594811462104,0.316000717741,0.0891878201552,FLOAT
0.9,-2.52,0.0804596067495,1,3.52542148737,0.508595341117,0.315395872542,0.176008786342,0.593942872052,0.316329103921,0.0897280240264,FLOAT
0.9,-2.51,0.0812682392409,1,3.50783837434,0.508014085247,0.315661351489,0.176324563264,0.593072655232,0.316656285565,0.0902710592031,FLOAT
0.9,-2.5,0.0820849986239,1,3.49034295746,0.507432196262,0.315925965434,0.176641838304,0.592200811709,0.316982252446,0.0908169358452,FLOAT
0.9,-2.49,0.0829099665752,1,3.47293479934,0.506849669712,0.31618970706,0.176960623228,0.591327341592,0.31730699431,0.0913656640979,FLOAT
0.9,-2.48,0.0837432255922,1,3.45561346476,0.50626650113,0.316452569016,0.177280929854,0.59045224503,0.317630500879,0.0919172540905,FLOAT
0.9,-2.47,0.0845848590016,1,3.43837852071,0.50568268603,0.316714543923,0.177602770047,0.589575522216,0.317952761848,0.0924717159362,FLOAT
0.9,-2.46,0.0854349509673,1,3.42122953629,0.505098219909,0.316975624367,0.177926155724,0.588697173384,0.318273766885,0.0930290597309,FLOAT
0.9,-2.45,0.0862935864994,1,3.40416608279,0.504513098246,0.317235802906,0.178251098848,0.587817198814,0.318593505633,0.0935892955529,FLOAT
0.9,-2.44,0.087160851462,1,3.38718773362,0.503927316502,0.317495072065,0.178577611433,0.586935598826,0.318911967713,0.0941524334619,FLOAT
0.9,-2.43,0.0880368325824,1,3.37029406432,0.503340870124,0.317753424339,0.178905705538,0.586052373786,0.319229142716,0.0947184834984,FLOAT
0.9,-2.42,0.0889216174594,1,3.35348465255,0.502753754541,0.318010852191,0.179235393268,0.585167524104,0.319545020213,0.0952874556829,FLOAT
0.9,-2.41,0.0898152945722,1,3.33675907807,0.502165965167,0.318267348056,0.179566686777,0.584281050235,0.319859589749,0.0958593600154,FLOAT
0.9,-2.4,0.0907179532894,1,3.32011692274,0.501577497403,0.318522904335,0.179899598262,0.58339295268,0.320172840846,0.0964342064743,FLOAT
0.9,-2.39,0.0916296838775,1,3.3035577705,0.500988346633,0.318777513401,0.180234139965,0.582503231983,0.320484763001,0.0970120050156,FLOAT
0.9,-2.38,0.0925505775103,1,3.28708120738,0.500398508229,0.319031167598,0.180570324173,0.581611888737,0.320795345691,0.0975927655728,FLOAT
0.9,-2.37,0.0934807262781,1,3.27068682147,0.499807977547,0.319283859237,0.180908163215,0.580718923578,0.321104578367,0.0981764980551,FLOAT
0.9,-2.36,0.0944202231963,1,3.25437420289,0.499216749934,0.319535580602,0.181247669464,0.579824337193,0.321412450459,0.0987632123478,FLOAT
0.9,-2.35,0.0953691622155,1,3.23814294384,0.498624820721,0.319786323946,0.181588855333,0.578928130313,0.321718951377,0.0993529183105,FLOAT
0.9,-2.34,0.0963276382305,1,3.22199263853,0.49803218523,0.320036081493,0.181931733277,0.578030303717,0.322024070506,0.0999456257768,FLOAT
0.9,-2.33,0.0972957470895,1,3.2059228832,0.497438838769,0.320284845438,0.182276315792,0.577130858234,0.322327797212,0.100541344554,FLOAT
0.9,-2.32,0.0982735856044,1,3.18993327612,0.49684477664,0.320532607948,0.182622615412,0.576229794739,0.322630120841,0.10114008442,FLOAT
0.9,-2.31,0.0992612515596,1,3.17402341753,0.49624999413,0.32077936116,0.182970644709,0.575327114158,0.322931030715,0.101741855127,FLOAT
0.9,-2.3,0.100258843723,1,3.15819290969,0.495654486521,0.321025097183,0.183320416296,0.574422817464,0.323230516141,0.102346666396,FLOAT
0.9,-2.29,0.101266461854,1,3.14244135684,0.495058249082,0.321269808098,0.18367194282,0.573516905681,0.323528566401,0.102954527917,FLOAT
0.9,-2.28,0.102284206716,1,3.12676836519,0.494461277077,0.321513485958,0.184025236965,0.572609379885,0.323825170763,0.103565449353,FLOAT
0.9,-2.27,0.103312180083,1,3.11117354291,0.493863565761,0.321756122787,0.184380311451,0.571700241198,0.324120318472,0.104179440331,FLOAT
0.9,-2.26,0.104350484755,1,3.09565650012,0.493265110384,0.321997710584,0.184737179032,0.570789490796,0.324413998757,0.104796510447,FLOAT
0.9,-2.25,0.105399224562,1,3.08021684892,0.492665906188,0.322238241319,0.185095852493,0.569877129907,0.324706200828,0.105416669265,FLOAT
0.9,-2.24,0.106458504379,1,3.06485420329,0.492065948409,0.322477706935,0.185456344656,0.568963159808,0.324996913878,0.106039926313,FLOAT
0.9,-2.23,0.107528430136,1,3.04956817918,0.49146523228,0.322716099349,0.185818668372,0.568047581831,0.325286127084,0.106666291085,FLOAT
0.9,-2.22,0.108609108825,1,3.03435839444,0.490863753028,0.32295341045,0.186182836522,0.567130397358,0.325573829604,0.107295773038,FLOAT
0.9,-2.21,0.109700648516,1,3.01922446881,0.490261505879,0.323189632103,0.186548862018,0.566211607826,0.325860010582,0.107928381592,FLOAT
0.9,-2.2,0.110803158362,1,3.00416602395,0.489658486053,0.323424756146,0.186916757801,0.565291214724,0.326144659145,0.108564126132,FLOAT
0.9,-2.19,0.111916748617,1,2.98918268339,0.48905468877,0.323658774392,0.187286536838,0.564369219595,0.326427764404,0.109203016001,FLOAT
0.9,-2.18,0.11304153064,1,2.97427407256,0.488450109249,0.323891678626,0.187658212125,0.563445624038,0.326709315457,0.109845060504,FLOAT
0.9,-2.17,0.114177616911,1,2.95943981874,0.487844742707,0.324123460612,0.188031796682,0.562520429705,0.326989301388,0.110490268907,FLOAT
0.9,-2.16,0.115325121038,1,2.94467955107,0.487238584361,0.324354112085,0.188407303554,0.561593638302,0.327267711265,0.111138650434,FLOAT
0.9,-2.15,0.116484157773,1,2.92999290053,0.48663162943,0.32458362476,0.18878474581,0.560665251592,0.327544534143,0.111790214264,FLOAT
0.9,-2.14,0.117654843022,1,2.91537949998,0.486023873134,0.324811990325,0.189164136541,0.559735271395,0.327819759067,0.112444969538,FLOAT
0.9,-2.13,0.118837293852,1,2.90083898406,0.485415310695,0.325039200444,0.18954548886,0.558803699585,0.328093375066,0.11310292535,FLOAT
0.9,-2.12,0.120031628511,1,2.88637098927,0.48480593734,0.325265246759,0.189928815901,0.557870538093,0.328365371158,0.113764090749,FLOAT
0.9,-2.11,0.121237966433,1,2.8719751539,0.484195748298,0.325490120888,0.190314130814,0.556935788908,0.328635736352,0.11442847474,FLOAT
0.9,-2.1,0.122456428253,1,2.85765111806,0.483584738803,0.325713814425,0.190701446771,0.555999454076,0.328904459644,0.11509608628,FLOAT
0.9,-2.09,0.123687135817,1,2.84339852365,0.482972904095,0.325936318945,0.19109077696,0.555061535702,0.329171530019,0.11576693428,FLOAT
0.9,-2.08,0.124930212199,1,2.82921701435,0.482360239421,0.326157625997,0.191482134582,0.554122035947,0.329436936453,0.1164410276,FLOAT
0.9,-2.07,0.126185781705,1,2.81510623562,0.481746740033,0.326377727111,0.191875532857,0.553180957033,0.329700667915,0.117118375052,FLOAT
0.9,-2.06,0.127453969895,1,2.8010658347,0.481132401193,0.326596613793,0.192270985014,0.55223830124,0.329962713362,0.117798985398,FLOAT
0.9,-2.05,0.128734903588,1,2.78709546057,0.480517218171,0.326814277531,0.192668504298,0.551294070907,0.330223061743,0.118482867349,FLOAT
0.9,-2.04,0.130028710878,1,2.77319476396,0.479901186248,0.327030709789,0.193068103963,0.550348268436,0.330481702003,0.119170029562,FLOAT
0.9,-2.03,0.131335521148,1,2.75936339738,0.479284300713,0.327245902013,0.193469797274,0.549400896284,0.330738623074,0.119860480642,FLOAT
0.9,-2.02,0.13265546508,1,2.74560101502,0.478666556869,0.327459845629,0.193873597502,0.548451956974,0.330993813888,0.120554229139,FLOAT
0.9,-2.01,0.133988674669,1,2.73190727283,0.47804795003,0.327672532042,0.194279517928,0.547501453087,0.331247263365,0.121251283548,FLOAT
0.9,-2,0.135335283237,1,2.71828182846,0.477428475523,0.327883952638,0.194687571839,0.546549387266,0.331498960424,0.12195165231,FLOAT
0.9,-1.99,0.136695425446,1,2.70472434128,0.47680812869,0.328094098786,0.195097772524,0.545595762218,0.331748893977,0.122655343805,FLOAT
0.9,-1.98,0.138069237311,1,2.69123447235,0.476186904887,0.328302961835,0.195510133278,0.544640580709,0.331997052933,0.123362366358,FLOAT
0.9,-1.97,0.139456856215,1,2.67781188442,0.475564799486,0.328510533116,0.195924667398,0.54368384557,0.332243426196,0.124072728233,FLOAT
0.9,-1.96,0.140858420921,1,2.66445624193,0.474941807876,0.328716803944,0.19634138818,0.542725559696,0.332488002668,0.124786437636,FLOAT
0.9,-1.95,0.142274071587,1,2.65116721098,0.474317925464,0.328921765615,0.196760308921,0.541765726042,0.332730771248,0.12550350271,FLOAT
0.9,-1.94,0.143703949778,1,2.63794445935,0.473693147675,0.32912540941,0.197181442915,0.54080434763,0.332971720834,0.126223931536,FLOAT
0.9,-1.93,0.145148198484,1,2.62478765647,0.473067469954,0.329327726591,0.197604803455,0.539841427546,0.333210840321,0.126947732133,FLOAT
0.9,-1.92,0.14660696213,1,2.61169647342,0.472440887766,0.329528708408,0.198030403826,0.538876968938,0.333448118606,0.127674912456,FLOAT
0.9,-1.91,0.148080386595,1,2.59867058292,0.471813396598,0.329728346092,0.19845825731,0.537910975023,0.333683544583,0.128405480393,FLOAT
0.9,-1.9,0.149568619223,1,2.58570965932,0.471184991959,0.329926630862,0.198888377179,0.536943449081,0.33391710715,0.129139443768,FLOAT
0.9,-1.89,0.151071808836,1,2.57281337859,0.470555669381,0.33012355392,0.199320776699,0.535974394458,0.334148795204,0.129876810337,FLOAT
0.9,-1.88,0.152590105757,1,2.55998141833,0.46992542442,0.330319106457,0.199755469123,0.535003814567,0.334378597645,0.130617587788,FLOAT
0.9,-1.87,0.154123661815,1,2.54721345774,0.46929425266,0.330513279646,0.200192467693,0.534031712887,0.334606503373,0.131361783739,FLOAT
0.9,-1.86,0.155672630368,1,2.53450917762,0.468662149708,0.330706064652,0.20063178564,0.533058092964,0.334832501296,0.132109405739,FLOAT
0.9,-1.85,0.157237166314,1,2.52186826036,0.468029111199,0.330897452624,0.201073436177,0.532082958412,0.335056580323,0.132860461266,FLOAT
0.9,-1.84,0.158817426107,1,2.50929038994,0.467395132798,0.331087434699,0.201517432503,0.531106312911,0.335278729366,0.133614957723,FLOAT
0.9,-1.83,0.160413567775,1,2.4967752519,0.466760210196,0.331276002004,0.2019637878,0.530128160211,0.335498937346,0.134372902443,FLOAT
0.9,-1.82,0.162025750934,1,2.48432253338,0.466124339118,0.331463145654,0.202412515229,0.52914850413,0.335717193188,0.135134302683,FLOAT
0.9,-1.81,0.163654136803,1,2.47193192306,0.465487515316,0.331648856753,0.202863627931,0.528167348553,0.335933485823,0.135899165624,FLOAT
0.9,-1.8,0.165298888222,1,2.45960311116,0.464849734579,0.331833126395,0.203317139026,0.527184697437,0.33614780419,0.136667498372,FLOAT
0.9,-1.79,0.166960169667,1,2.44733578946,0.464210992725,0.332015945665,0.20377306161,0.526200554808,0.336360137237,0.137439307955,FLOAT
0.9,-1.78,0.168638147269,1,2.43512965129,0.463571285608,0.332197305639,0.204231408753,0.525214924759,0.33657047392,0.138214601322,FLOAT
0.9,-1.77,0.170332988825,1,2.42298439149,0.462930609118,0.332377197383,0.204692193499,0.524227811456,0.336778803203,0.138993385342,FLOAT
0.9,-1.76,0.172044863823,1,2.41089970642,0.46228895918,0.332555611956,0.205155428864,0.523239219134,0.336985114062,0.139775666804,FLOAT
0.9,-1.75,0.17377394345,1,2.39887529397,0.461646331757,0.332732540409,0.205621127834,0.522249152102,0.337189395483,0.140561452415,FLOAT
0.9,-1.74,0.175520400617,1,2.38691085352,0.461002722849,0.332907973787,0.206089303363,0.521257614736,0.337391636464,0.1413507488,FLOAT
0.9,-1.73,0.17728440997,1,2.37500608598,0.460358128499,0.333081903128,0.206559968373,0.520264611486,0.337591826015,0.142143562498,FLOAT
0.9,-1.72,0.179066147911,1,2.36316069371,0.459712544786,0.333254319462,0.207033135752,0.519270146875,0.33778995316,0.142939899965,FLOAT
0.9,-1.71,0.180865792617,1,2.35137438057,0.459065967833,0.333425213818,0.20750881835,0.518274225494,0.337986006935,0.143739767571,FLOAT
0.9,-1.7,0.182683524053,1,2.33964685193,0.458418393804,0.333594577216,0.20798702898,0.517276852012,0.338179976392,0.144543171596,FLOAT
0.9,-1.69,0.184519523993,1,2.32797781457,0.457769818909,0.333762400674,0.208467780418,0.516278031166,0.338371850598,0.145350118236,FLOAT
0.9,-1.68,0.186373976039,1,2.31636697678,0.4571202394,0.333928675205,0.208951085395,0.515277767771,0.338561618635,0.146160613594,FLOAT
0.9,-1.67,0.188247065639,1,2.30481404829,0.456469651576,0.334093391822,0.209436956602,0.514276066711,0.338749269604,0.146974663685,FLOAT
0.9,-1.66,0.190138980102,1,2.29331874026,0.455818051782,0.334256541531,0.209925406687,0.513272932947,0.338934792621,0.147792274432,FLOAT
0.9,-1.65,0.192049908621,1,2.28188076533,0.455165436411,0.334418115339,0.210416448249,0.512268371514,0.339118176822,0.148613451664,FLOAT
0.9,-1.64,0.193980042291,1,2.27049983753,0.454511801906,0.334578104252,0.210910093842,0.511262387519,0.339299411362,0.149438201119,FLOAT
0.9,-1.63,0.195929574127,1,2.25917567235,0.453857144758,0.334736499273,0.21140635597,0.510254986146,0.339478485416,0.150266528438,FLOAT
0.9,-1.62,0.197898699084,1,2.24790798668,0.453201461509,0.334893291406,0.211905247086,0.509246172654,0.339655388179,0.151098439167,FLOAT
0.9,-1.61,0.199887614075,1,2.23669649882,0.452544748754,0.335048471656,0.212406779591,0.508235952377,0.339830108867,0.151933938756,FLOAT
0.9,-1.6,0.201896517995,1,2.22554092849,0.451887003141,0.335202031028,0.212910965831,0.507224330724,0.340002636721,0.152773032555,FLOAT
0.9,-1.59,0.203925611734,1,2.2144409968,0.451228221371,0.33535396053,0.213417818099,0.506211313181,0.340172961002,0.153615725817,FLOAT
0.9,-1.58,0.205975098205,1,2.20339642626,0.4505684002,0.335504251171,0.213927348628,0.50519690531,0.340341070997,0.154462023693,FLOAT
0.9,-1.57,0.208045182357,1,2.19240694073,0.449907536443,0.335652893965,0.214439569593,0.504181112749,0.340506956017,0.155311931234,FLOAT
0.9,-1.56,0.210136071201,1,2.1814722655,0.449245626968,0.335799879926,0.214954493106,0.503163941213,0.340670605398,0.156165453389,FLOAT
0.9,-1.55,0.212247973827,1,2.17059212718,0.448582668705,0.335945200075,0.215472131221,0.502145396495,0.340832008503,0.157022595003,FLOAT
0.9,-1.54,0.214381101427,1,2.15976625378,0.44791865864,0.336088845437,0.215992495924,0.501125484464,0.340991154722,0.157883360815,FLOAT
0.9,-1.53,0.216535667316,1,2.14899437466,0.447253593821,0.336230807043,0.216515599136,0.500104211067,0.341148033473,0.15874775546,FLOAT
0.9,-1.52,0.218711886952,1,2.1382762205,0.446587471359,0.336371075929,0.217041452712,0.499081582329,0.341302634204,0.159615783467,FLOAT
0.9,-1.51,0.220909977959,1,2.12761152336,0.445920288424,0.336509643139,0.217570068437,0.498057604354,0.34145494639,0.160487449256,FLOAT
0.9,-1.5,0.223130160148,1,2.11700001661,0.445252042252,0.336646499724,0.218101458024,0.497032283322,0.34160495954,0.161362757137,FLOAT
0.9,-1.49,0.225372655539,1,2.10644143498,0.444582730143,0.336781636742,0.218635633115,0.496005625494,0.341752663193,0.162241711313,FLOAT
0.9,-1.48,0.227637688384,1,2.09593551449,0.443912349461,0.336915045261,0.219172605278,0.494977637208,0.341898046918,0.163124315874,FLOAT
0.9,-1.47,0.229925485187,1,2.08548199251,0.44324089764,0.337046716359,0.219712386002,0.493948324883,0.34204110032,0.164010574797,FLOAT
0.9,-1.46,0.23223627473,1,2.07508060767,0.442568372177,0.337176641122,0.220254986701,0.492917695014,0.342181813037,0.164900491948,FLOAT
0.9,-1.45,0.234570288094,1,2.06473109997,0.441894770641,0.337304810649,0.22080041871,0.49188575418,0.342320174743,0.165794071077,FLOAT
0.9,-1.44,0.236927758682,1,2.05443321064,0.44122009067,0.337431216048,0.221348693282,0.490852509034,0.342456175146,0.16669131582,FLOAT
0.9,-1.43,0.239308922244,1,2.04418668226,0.440544329972,0.337555848443,0.221899821586,0.489817966315,0.342589803991,0.167592229694,FLOAT
0.9,-1.42,0.241714016897,1,2.03399125865,0.439867486326,0.337678698966,0.222453814708,0.488782132838,0.342721051061,0.168496816102,FLOAT
0.9,-1.41,0.244143283153,1,2.02384668492,0.439189557585,0.337799758767,0.223010683648,0.487745015499,0.342849906177,0.169405078325,FLOAT
0.9,-1.4,0.246596963942,1,2.01375270747,0.438510541676,0.337919019007,0.223570439317,0.486706621274,0.342976359199,0.170317019526,FLOAT
0.9,-1.39,0.249075304632,1,2.00370907394,0.437830436599,0.338036470864,0.224133092538,0.485666957223,0.343100400029,0.171232642748,FLOAT
0.9,-1.38,0.25157855306,1,1.99371553324,0.437149240429,0.33815210553,0.224698654041,0.484626030482,0.343222018608,0.17215195091,FLOAT
0.9,-1.37,0.254106959553,1,1.98377183554,0.436466951321,0.338265914215,0.225267134464,0.483583848271,0.343341204919,0.17307494681,FLOAT
0.9,-1.36,0.256660776954,1,1.97387773223,0.435783567505,0.338377888145,0.225838544351,0.482540417891,0.343457948988,0.174001633121,FLOAT
0.9,-1.35,0.259240260646,1,1.96403297597,0.435099087289,0.338488018564,0.226412894148,0.481495746723,0.343572240887,0.17493201239,FLOAT
0.9,-1.34,0.26184566858,1,1.95423732064,0.434413509061,0.338596296735,0.226990194204,0.48044984223,0.343684070729,0.175866087041,FLOAT
0.9,-1.33,0.2644772613,1,1.94449052134,0.433726831292,0.33870271394,0.227570454768,0.479402711957,0.343793428676,0.176803859367,FLOAT
0.9,-1.32,0.267135301966,1,1.9347923344,0.43303905253,0.33880726148,0.22815368599,0.478354363531,0.343900304933,0.177745331537,FLOAT
0.9,-1.31,0.269820056385,1,1.92514251738,0.432350171409,0.338909930679,0.228739897912,0.477304804659,0.344004689755,0.178690505586,FLOAT
0.9,-1.3,0.272531793034,1,1.91554082901,0.431660186644,0.339010712881,0.229329100476,0.476254043132,0.344106573445,0.179639383423,FLOAT
0.9,-1.29,0.27527078309,1,1.90598702927,0.430969097034,0.339109599452,0.229921303515,0.475202086822,0.344205946355,0.180591966823,FLOAT
0.9,-1.28,0.278037300453,1,1.8964808793,0.430276901465,0.339206581781,0.230516516755,0.474148943685,0.344302798886,0.181548257429,FLOAT
0.9,-1.27,0.280831621778,1,1.88702214146,0.429583598906,0.339301651281,0.231114749812,0.473094621756,0.344397121492,0.182508256753,FLOAT
0.9,-1.26,0.2836540265,1,1.87761057926,0.428889188417,0.339394799391,0.231716012192,0.472039129155,0.344488904677,0.183471966169,FLOAT
0.9,-1.25,0.28650479686,1,1.86824595743,0.428193669142,0.339486017572,0.232320313286,0.470982474083,0.344578138999,0.184439386917,FLOAT
0.9,-1.24,0.289384217939,1,1.85892804185,0.427497040314,0.339575297314,0.232927662372,0.469924664826,0.344664815071,0.185410520102,FLOAT
0.9,-1.23,0.292292577681,1,1.84965659956,0.426799301258,0.339662630132,0.23353806861,0.46886570975,0.34474892356,0.18638536669,FLOAT
0.9,-1.22,0.295230166924,1,1.84043139878,0.426100451386,0.339748007569,0.234151541045,0.467805617304,0.344830455187,0.187363927509,FLOAT
0.9,-1.21,0.29819727943,1,1.83125220889,0.425400490203,0.339831421197,0.2347680886,0.466744396022,0.344909400731,0.188346203247,FLOAT
0.9,-1.2,0.301194211912,1,1.82211880039,0.424699417306,0.339912862616,0.235387720078,0.465682054517,0.344985751031,0.189332194452,FLOAT
0.9,-1.19,0.304221264067,1,1.81303094496,0.423997232384,0.339992323456,0.23601044416,0.464618601489,0.34505949698,0.190321901531,FLOAT
0.9,-1.18,0.307278738601,1,1.8039884154,0.423293935219,0.340069795378,0.236636269402,0.463554045717,0.345130629534,0.191315324748,FLOAT
0.9,-1.17,0.310366941265,1,1.79499098564,0.42258952569,0.340145270075,0.237265204235,0.462488396067,0.345199139709,0.192312464224,FLOAT
0.9,-1.16,0.313486180883,1,1.78603843075,0.421884003768,0.340218739271,0.237897256961,0.461421661484,0.34526501858,0.193313319935,FLOAT
0.9,-1.15,0.316636769379,1,1.77713052691,0.421177369522,0.340290194724,0.238532435754,0.460353850999,0.345328257288,0.194317891713,FLOAT
0.9,-1.14,0.319819021816,1,1.76826705143,0.420469623115,0.340359628225,0.23917074866,0.459284973724,0.345388847035,0.195326179241,FLOAT
0.9,-1.13,0.323033256422,1,1.75944778272,0.419760764812,0.3404270316,0.239812203588,0.458215038854,0.345446779087,0.196338182059,FLOAT
0.9,-1.12,0.326279794623,1,1.7506725003,0.419050794972,0.34049239671,0.240456808318,0.457144055668,0.345502044777,0.197353899555,FLOAT
0.9,-1.11,0.329558961075,1,1.74194098477,0.418339714054,0.340555715452,0.241104570494,0.456072033528,0.345554635503,0.19837333097,FLOAT
0.9,-1.1,0.332871083698,1,1.73325301787,0.417627522618,0.340616979762,0.24175549762,0.454998981877,0.345604542729,0.199396475394,FLOAT
0.9,-1.09,0.336216493707,1,1.72460838238,0.416914221322,0.340676181611,0.242409597068,0.453924910242,0.34565175799,0.200423331768,FLOAT
0.9,-1.08,0.339595525645,1,1.71600686218,0.416199810926,0.340733313009,0.243066876065,0.452849828234,0.345696272888,0.201453898878,FLOAT
0.9,-1.07,0.343008517419,1,1.70744824225,0.415484292292,0.340788366009,0.2437273417,0.451773745545,0.345738079095,0.20248817536,FLOAT
0.9,-1.06,0.34645581033,1,1.69893230862,0.414767666383,0.340841332698,0.244391000918,0.45069667195,0.345777168355,0.203526159695,FLOAT
0.9,-1.05,0.349937749111,1,1.69045884838,0.414049934267,0.34089220521,0.245057860523,0.449618617307,0.345813532482,0.20456785021,FLOAT
0.9,-1.04,0.353454681959,1,1.6820276497,0.413331097114,0.340940975717,0.245727927169,0.448539591557,0.345847163365,0.205613245078,FLOAT
0.9,-1.03,0.357006960569,1,1.6736385018,0.412611156197,0.340987636435,0.246401207368,0.447459604721,0.345878052967,0.206662342313,FLOAT
0.9,-1.02,0.360594940173,1,1.66529119495,0.411890112896,0.341032179623,0.247077707481,0.446378666904,0.345906193322,0.207715139774,FLOAT
0.9,-1.01,0.364218979572,1,1.65698552046,0.411167968695,0.341074597586,0.247757433719,0.445296788295,0.345931576544,0.208771635161,FLOAT
0.9,-1,0.367879441171,1,1.6487212707,0.410444725184,0.341114882671,0.248440392145,0.444213979162,0.345954194822,0.209831826016,FLOAT
0.9,-0.99,0.371576691022,1,1.64049823906,0.409720384059,0.341153027273,0.249126588668,0.443130249856,0.345974040423,0.210895709722,FLOAT
0.9,-0.98,0.375311098851,1,1.63231621996,0.408994947124,0.341189023835,0.249816029041,0.44204561081,0.345991105691,0.211963283499,FLOAT
0.9,-0.97,0.379083038103,1,1.62417500884,0.40826841629,0.341222864844,0.250508718866,0.440960072539,0.346005383051,0.21303454441,FLOAT
0.9,-0.96,0.382892885975,1,1.61607440219,0.407540793574,0.341254542838,0.251204663588,0.439873645639,0.346016865009,0.214109489352,FLOAT
0.9,-0.95,0.386741023455,1,1.60801419749,0.406812081104,0.341284050405,0.251903868491,0.438786340788,0.34602554415,0.215188115062,FLOAT
0.9,-0.94,0.390627835359,1,1.59999419322,0.406082281117,0.34131138018,0.252606338704,0.437698168743,0.346031413144,0.216270418112,FLOAT
0.9,-0.93,0.394553710372,1,1.59201418889,0.405351395956,0.34133652485,0.253312079193,0.436609140346,0.346034464743,0.217356394911,FLOAT
0.9,-0.92,0.398519041085,1,1.58407398499,0.404619428078,0.341359477157,0.254021094766,0.435519266515,0.346034691784,0.218446041701,FLOAT
0.9,-0.91,0.402524224034,1,1.57617338303,0.403886380046,0.34138022989,0.254733390064,0.434428558252,0.346032087187,0.219539354561,FLOAT
0.9,-0.9,0.406569659741,1,1.56831218549,0.403152254537,0.341398775896,0.255448969567,0.433337026639,0.34602664396,0.2206363294,FLOAT
0.9,-0.89,0.410655752752,1,1.56049019583,0.402417054337,0.341415108073,0.25616783759,0.432244682837,0.346018355199,0.221736961964,FLOAT
0.9,-0.88,0.414782911682,1,1.55270721851,0.401680782344,0.341429219377,0.256889998279,0.431151538087,0.346007214085,0.222841247828,FLOAT
0.9,-0.87,0.418951549248,1,1.54496305895,0.400943441568,0.341441102818,0.257615455615,0.43005760371,0.34599321389,0.2239491824,FLOAT
0.9,-0.86,0.423162082318,1,1.53725752355,0.400205035129,0.341450751462,0.258344213409,0.428962891107,0.345976347976,0.225060760917,FLOAT
0.9,-0.85,0.427414931949,1,1.52959041966,0.399465566262,0.341458158434,0.259076275304,0.427867411757,0.345956609794,0.226175978449,FLOAT
0.9,-0.84,0.431710523429,1,1.52196155562,0.398725038312,0.341463316918,0.25981164477,0.426771177219,0.345933992888,0.227294829893,FLOAT
0.9,-0.83,0.436049286322,1,1.51437074069,0.397983454739,0.341466220155,0.260550325106,0.42567419913,0.345908490894,0.228417309975,FLOAT
0.9,-0.82,0.440431654506,1,1.50681778511,0.397240819115,0.341466861448,0.261292319437,0.424576489206,0.345880097543,0.229543413251,FLOAT
0.9,-0.81,0.444858066223,1,1.49930250006,0.396497135125,0.341465234159,0.262037630715,0.423478059239,0.345848806657,0.230673134104,FLOAT
0.9,-0.8,0.449328964117,1,1.49182469764,0.395752406569,0.341461331715,0.262786261717,0.422378921101,0.345814612158,0.231806466741,FLOAT
0.9,-0.79,0.453844795282,1,1.48438419092,0.395006637358,0.3414551476,0.263538215041,0.421279086741,0.345777508059,0.2329434052,FLOAT
0.9,-0.78,0.458406011305,1,1.47698079388,0.394259831521,0.341446675368,0.264293493111,0.420178568183,0.345737488474,0.234083943343,FLOAT
0.9,-0.77,0.463013068311,1,1.46961432144,0.393511993198,0.341435908631,0.265052098171,0.419077377531,0.345694547613,0.235228074856,FLOAT
0.9,-0.76,0.46766642701,1,1.46228458943,0.392763126643,0.341422841071,0.265814032286,0.417975526962,0.345648679786,0.236375793251,FLOAT
0.9,-0.75,0.472366552741,1,1.45499141462,0.392013236226,0.341407466433,0.266579297341,0.416873028732,0.345599879403,0.237527091865,FLOAT
0.9,-0.74,0.477113915521,1,1.44773461466,0.391262326432,0.341389778529,0.267347895039,0.41576989517,0.345548140972,0.238681963858,FLOAT
0.9,-0.73,0.48190899009,1,1.44051400815,0.390510401858,0.341369771239,0.268119826903,0.414666138682,0.345493459106,0.239840402212,FLOAT
0.9,-0.72,0.48675225596,1,1.43332941456,0.389757467218,0.341347438511,0.268895094271,0.413561771747,0.345435828519,0.241002399734,FLOAT
0.9,-0.71,0.491644197461,1,1.42618065428,0.38900352734,0.341322774363,0.269673698297,0.412456806921,0.345375244026,0.242167949053,FLOAT
0.9,-0.7,0.496585303791,1,1.41906754859,0.388248587166,0.341295772881,0.270455639953,0.411351256832,0.34531170055,0.243337042618,FLOAT
0.9,-0.69,0.501576069066,1,1.41198991967,0.387492651753,0.341266428224,0.271240920022,0.410245134182,0.345245193116,0.244509672702,FLOAT
0.9,-0.68,0.506616992366,1,1.40494759056,0.386735726274,0.341234734622,0.272029539104,0.409138451747,0.345175716856,0.245685831396,FLOAT
0.9,-0.67,0.511708577787,1,1.39794038522,0.385977816015,0.341200686375,0.272821497609,0.408031222375,0.345103267009,0.246865510616,FLOAT
0.9,-0.66,0.516851334492,1,1.39096812846,0.385218926378,0.34116427786,0.273616795762,0.406923458986,0.34502783892,0.248048702094,FLOAT
0.9,-0.65,0.522045776761,1,1.38403064598,0.384459062878,0.341125503525,0.274415433597,0.405815174572,0.344949428044,0.249235397385,FLOAT
0.9,-0.64,0.527292424043,1,1.37712776434,0.383698231146,0.341084357895,0.275217410959,0.404706382196,0.344868029943,0.250425587861,FLOAT
0.9,-0.63,0.532591801007,1,1.37025931096,0.382936436927,0.341040835568,0.276022727505,0.403597094993,0.344783640292,0.251619264715,FLOAT
0.9,-0.62,0.537944437595,1,1.36342511413,0.38217368608,0.340994931221,0.276831382699,0.402487326167,0.344696254874,0.252816418959,FLOAT
0.9,-0.61,0.543350869074,1,1.35662500301,0.381409984579,0.340946639607,0.277643375814,0.401377088992,0.344605869585,0.254017041423,FLOAT
0.9,-0.6,0.548811636094,1,1.34985880758,0.38064533851,0.340895955557,0.278458705934,0.400266396813,0.344512480432,0.255221122756,FLOAT
0.9,-0.59,0.554327284735,1,1.34312635869,0.379879754075,0.34084287398,0.279277371945,0.39915526304,0.344416083536,0.256428653424,FLOAT
0.9,-0.58,0.559898366565,1,1.33642748803,0.379113237589,0.340787389866,0.280099372545,0.398043701156,0.344316675132,0.257639623711,FLOAT
0.9,-0.57,0.5655254387,1,1.32976202812,0.37834579548,0.340729498285,0.280924706235,0.396931724708,0.344214251571,0.258854023721,FLOAT
0.9,-0.56,0.571209063849,1,1.32312981234,0.377577434289,0.340669194387,0.281753371324,0.395819347312,0.344108809316,0.260071843372,FLOAT
0.9,-0.55,0.57694981038,1,1.31653067487,0.37680816067,0.340606473406,0.282585365924,0.394706582649,0.344000344948,0.261293072403,FLOAT
0.9,-0.54,0.582748252374,1,1.30996445073,0.37603798139,0.340541330656,0.283420687954,0.393593444467,0.343888855167,0.262517700366,FLOAT
0.9,-0.53,0.588604969678,1,1.30343097578,0.375266903328,0.340473761536,0.284259335136,0.39247994658,0.343774336787,0.263745716632,FLOAT
0.9,-0.52,0.59452054797,1,1.29693008667,0.374494933475,0.34040376153,0.285101304995,0.391366102866,0.343656786744,0.264977110391,FLOAT
0.9,-0.51,0.600495578812,1,1.29046162087,0.373722078935,0.340331326204,0.285946594862,0.390251927266,0.343536202089,0.266211870645,FLOAT
0.9,-0.5,0.606530659713,1,1.28402541669,0.372948346921,0.340256451212,0.286795201868,0.389137433786,0.343412579996,0.267449986218,FLOAT
0.9,-0.49,0.612626394184,1,1.2776213132,0.372173744757,0.340179132294,0.287647122948,0.388022636496,0.343285917759,0.268691445745,FLOAT
0.9,-0.48,0.618783391806,1,1.27124915032,0.371398279881,0.340099365278,0.288502354841,0.386907549525,0.343156212794,0.269936237682,FLOAT
0.9,-0.47,0.625002268283,1,1.26490876873,0.370621959837,0.340017146077,0.289360894086,0.385792187066,0.343023462636,0.271184350298,FLOAT
0.9,-0.46,0.631283645507,1,1.25860000993,0.369844792282,0.339932470695,0.290222737023,0.384676563373,0.342887664945,0.272435771683,FLOAT
0.9,-0.45,0.637628151622,1,1.25232271619,0.369066784979,0.339845335226,0.291087879796,0.383560692758,0.342748817504,0.273690489738,FLOAT
0.9,-0.44,0.644036421083,1,1.24607673059,0.368287945802,0.339755735851,0.291956318347,0.382444589596,0.34260691822,0.274948492184,FLOAT
0.9,-0.43,0.650509094723,1,1.23986189697,0.367508282733,0.339663668844,0.292828048423,0.381328268319,0.342461965124,0.276209766557,FLOAT
0.9,-0.42,0.657046819815,1,1.23367805996,0.366727803862,0.339569130571,0.293703065567,0.380211743416,0.342313956373,0.277474300211,FLOAT
0.9,-0.41,0.663650250136,1,1.22752506496,0.365946517385,0.339472117488,0.294581365127,0.379095029435,0.342162890248,0.278742080316,FLOAT
0.9,-0.4,0.670320046036,1,1.22140275816,0.365164431607,0.339372626145,0.295462942248,0.377978140982,0.34200876516,0.280013093859,FLOAT
0.9,-0.39,0.677056874498,1,1.21531098649,0.364381554936,0.339270653186,0.296347791878,0.376861092715,0.341851579643,0.281287327642,FLOAT
0.9,-0.38,0.683861409212,1,1.20924959766,0.363597895888,0.339166195348,0.297235908763,0.375743899352,0.341691332362,0.282564768286,FLOAT
0.9,-0.37,0.690734330637,1,1.20321844013,0.362813463084,0.339059249464,0.298127287452,0.374626575662,0.341528022108,0.28384540223,FLOAT
0.9,-0.36,0.697676326071,1,1.19721736312,0.362028265248,0.338949812462,0.29902192229,0.373509136469,0.341361647803,0.285129215728,FLOAT
0.9,-0.35,0.704688089719,1,1.19124621661,0.361242311209,0.338837881365,0.299919807426,0.372391596651,0.341192208496,0.286416194853,FLOAT
0.9,-0.34,0.711770322763,1,1.18530485132,0.360455609899,0.338723453295,0.300820936807,0.371273971136,0.341019703367,0.287706325497,FLOAT
0.9,-0.33,0.718923733432,1,1.17939311871,0.35966817035,0.33860652547,0.30172530418,0.370156274906,0.340844131727,0.288999593367,FLOAT
0.9,-0.32,0.726149037074,1,1.17351087099,0.358880001699,0.338487095206,0.302632903095,0.36903852299,0.340665493019,0.290295983991,FLOAT
0.9,-0.31,0.733446956224,1,1.16765796111,0.358091113183,0.338365159919,0.303543726898,0.367920730471,0.340483786814,0.291595482715,FLOAT
0.9,-0.3,0.740818220682,1,1.16183424273,0.357301514138,0.338240717124,0.304457768738,0.366802912479,0.340299012819,0.292898074703,FLOAT
0.9,-0.29,0.748263567579,1,1.15603957027,0.356511214001,0.338113764433,0.305375021565,0.365685084191,0.34011117087,0.294203744939,FLOAT
0.9,-0.28,0.755783741456,1,1.15027379886,0.355720222308,0.337984299564,0.306295478128,0.364567260832,0.33992026094,0.295512478227,FLOAT
0.9,-0.27,0.763379494337,1,1.14453678435,0.354928548691,0.33785232033,0.307219130979,0.363449457676,0.339726283133,0.296824259192,FLOAT
0.9,-0.26,0.771051585804,1,1.13882838332,0.354136202882,0.337717824651,0.308145972467,0.362331690039,0.339529237686,0.298139072276,FLOAT
0.9,-0.25,0.778800783071,1,1.13314845307,0.353343194706,0.337580810546,0.309075994748,0.361213973283,0.339329124972,0.299456901745,FLOAT
0.9,-0.24,0.786627861067,1,1.12749685158,0.352549534087,0.337441276138,0.310009189775,0.360096322814,0.3391259455,0.300777731685,FLOAT
0.9,-0.23,0.794533602503,1,1.12187343757,0.351755231042,0.337299219652,0.310945549305,0.358978754082,0.338919699913,0.302101546005,FLOAT
0.9,-0.22,0.802518797962,1,1.11627807046,0.350960295683,0.33715463942,0.311885064897,0.357861282578,0.338710388988,0.303428328435,FLOAT
0.9,-0.21,0.81058424597,1,1.11071061036,0.350164738212,0.337007533875,0.312827727912,0.356743923834,0.33849801364,0.304758062527,FLOAT
0.9,-0.2,0.818730753078,1,1.10517091808,0.349368568927,0.336857901557,0.313773529515,0.355626693422,0.338282574921,0.306090731658,FLOAT
0.9,-0.19,0.826959133943,1,1.09965885513,0.348571798215,0.336705741111,0.314722460674,0.354509606954,0.338064074018,0.307426319028,FLOAT
0.9,-0.18,0.835270211411,1,1.09417428371,0.347774436554,0.336551051288,0.315674512158,0.353392680082,0.337842512257,0.308764807662,FLOAT
0.9,-0.17,0.843664816596,1,1.0887170667,0.34697649451,0.336393830944,0.316629674545,0.352275928492,0.337617891099,0.310106180408,FLOAT
0.9,-0.16,0.852143788966,1,1.08328706767,0.34617798274,0.336234079045,0.317587938215,0.35115936791,0.337390212147,0.311450419944,FLOAT
0.9,-0.15,0.860707976425,1,1.07788415088,0.345378911986,0.336071794662,0.318549293352,0.350043014094,0.337159477138,0.312797508768,FLOAT
0.9,-0.14,0.869358235399,1,1.07250818125,0.344579293077,0.335906976974,0.319513729949,0.34892688284,0.336925687949,0.314147429211,FLOAT
0.9,-0.13,0.878095430921,1,1.06715902438,0.343779136928,0.33573962527,0.320481237802,0.347810989977,0.336688846596,0.315500163427,FLOAT
0.9,-0.12,0.886920436717,1,1.06183654655,0.342978454538,0.335569738946,0.321451806516,0.346695351365,0.336448955234,0.316855693401,FLOAT
0.9,-0.11,0.895834135297,1,1.05654061468,0.34217725699,0.335397317508,0.322425425502,0.345579982897,0.336206016158,0.318214000946,FLOAT
0.9,-0.1,0.904837418036,1,1.05127109638,0.341375555448,0.335222360572,0.32340208398,0.344464900496,0.3359600318,0.319575067704,FLOAT
0.9,-0.09,0.913931185271,1,1.04602785991,0.340573361158,0.335044867862,0.324381770979,0.343350120116,0.335711004734,0.32093887515,FLOAT
0.9,-0.08,0.923116346387,1,1.04081077419,0.339770685447,0.334864839216,0.325364475337,0.342235657739,0.335458937674,0.322305404587,FLOAT
0.9,-0.07,0.932393819906,1,1.0356197088,0.338967539721,0.334682274579,0.326350185701,0.341121529375,0.335203833473,0.323674637152,FLOAT
0.9,-0.06,0.941764533584,1,1.03045453395,0.338163935461,0.334497174009,0.32733889053,0.340007751059,0.334945695125,0.325046553816,FLOAT
0.9,-0.05,0.951229424501,1,1.02531512052,0.337359884229,0.334309537676,0.328330578095,0.338894338854,0.334684525765,0.326421135381,FLOAT
0.9,-0.04,0.960789439152,1,1.02020134003,0.336555397661,0.334119365861,0.329325236478,0.337781308847,0.334420328667,0.327798362486,FLOAT
0.9,-0.03,0.970445533549,1,1.01511306462,0.335750487467,0.333926658956,0.330322853576,0.336668677147,0.334153107248,0.329178215605,FLOAT
0.9,-0.02,0.980198673307,1,1.01005016708,0.334945165432,0.333731417469,0.331323417099,0.335556459889,0.333882865063,0.330560675048,FLOAT
0.9,-0.01,0.990049833749,1,1.00501252086,0.334139443411,0.333533642018,0.332326914571,0.334444673226,0.333609605812,0.331945720962,FLOAT
0.9,0,1,1,1,0.333333333333,0.333333333333,0.333333333333,0.333333333333,0.333333333333,0.333333333333,FLOAT
0.9,0.01,1.01005016708,1,0.995012479193,0.332526847195,0.333130492261,0.334342660544,0.332222456405,0.333054051607,0.334723491988,FLOAT
0.9,0.02,1.02020134003,1,0.990049833749,0.331719997063,0.332925119761,0.335354883176,0.331112058654,0.332771764755,0.336116176591,FLOAT
0.9,0.03,1.03045453395,1,0.985111939603,0.33091279507,0.332717216904,0.336369988026,0.33000215631,0.332486477039,0.337511366651,FLOAT
0.9,0.04,1.04081077419,1,0.980198673307,0.330105253418,0.332506784878,0.337387961704,0.328892765618,0.332198192866,0.338909041516,FLOAT
0.9,0.05,1.05127109638,1,0.975309912028,0.32929738437,0.332293824984,0.338408790646,0.327783902841,0.331906916779,0.34030918038,FLOAT
0.9,0.06,1.06183654655,1,0.970445533549,0.328489200257,0.332078338637,0.339432461106,0.326675584253,0.331612653466,0.341711762281,FLOAT
0.9,0.07,1.07250818125,1,0.965605416258,0.327680713468,0.331860327369,0.340458959163,0.325567826142,0.331315407756,0.343116766102,FLOAT
0.9,0.08,1.08328706767,1,0.960789439152,0.326871936458,0.331639792824,0.341488270718,0.324460644808,0.331015184619,0.344524170573,FLOAT
0.9,0.09,1.09417428371,1,0.955997481833,0.326062881738,0.331416736764,0.342520381498,0.323354056561,0.330711989166,0.345933954273,FLOAT
0.9,0.1,1.10517091808,1,0.951229424501,0.325253561881,0.331191161064,0.343555277055,0.322248077722,0.330405826648,0.34734609563,FLOAT
0.9,0.11,1.11627807046,1,0.946485147953,0.324443989515,0.330963067716,0.344592942769,0.321142724619,0.330096702461,0.34876057292,FLOAT
0.9,0.12,1.12749685158,1,0.941764533584,0.323634177326,0.330732458827,0.345633363847,0.320038013587,0.329784622138,0.350177364275,FLOAT
0.9,0.13,1.13882838332,1,0.937067463377,0.322824138052,0.33049933662,0.346676525328,0.318933960969,0.329469591356,0.351596447675,FLOAT
0.9,0.14,1.15027379886,1,0.932393819906,0.322013884488,0.330263703433,0.34772241208,0.317830583112,0.32915161593,0.353017800958,FLOAT
0.9,0.15,1.16183424273,1,0.927743486329,0.321203429478,0.33002556172,0.348771008801,0.316727896367,0.328830701819,0.354441401815,FLOAT
0.9,0.16,1.17351087099,1,0.923116346387,0.32039278592,0.329784914053,0.349822300027,0.315625917088,0.328506855119,0.355867227793,FLOAT
0.9,0.17,1.18530485132,1,0.918512284401,0.319581966758,0.329541763118,0.350876270124,0.31452466163,0.32818008207,0.3572952563,FLOAT
0.9,0.18,1.19721736312,1,0.913931185271,0.318770984987,0.329296111717,0.351932903297,0.313424146349,0.32785038905,0.358725464601,FLOAT
0.9,0.19,1.20924959766,1,0.909372934468,0.317959853646,0.329047962769,0.352992183585,0.312324387602,0.327517782576,0.360157829821,FLOAT
0.9,0.2,1.22140275816,1,0.904837418036,0.317148585822,0.328797319309,0.354054094869,0.311225401741,0.327182269309,0.36159232895,FLOAT
0.9,0.21,1.23367805996,1,0.900324522586,0.316337194645,0.328544184488,0.355118620867,0.310127205118,0.326843856044,0.363028938838,FLOAT
0.9,0.22,1.24607673059,1,0.895834135297,0.315525693286,0.328288561573,0.356185745141,0.309029814079,0.32650254972,0.364467636201,FLOAT
0.9,0.23,1.25860000993,1,0.891366143907,0.31471409496,0.328030453948,0.357255451093,0.307933244965,0.326158357412,0.365908397623,FLOAT
0.9,0.24,1.27124915032,1,0.886920436717,0.313902412919,0.327769865111,0.35832772197,0.306837514112,0.325811286335,0.367351199552,FLOAT
0.9,0.25,1.28402541669,1,0.882496902585,0.313090660455,0.327506798678,0.359402540866,0.305742637847,0.325461343843,0.368796018309,FLOAT
0.9,0.26,1.29693008667,1,0.878095430921,0.312278850897,0.327241258381,0.360479890721,0.304648632489,0.325108537427,0.370242830083,FLOAT
0.9,0.27,1.30996445073,1,0.873715911688,0.31146699761,0.326973248067,0.361559754324,0.303555514347,0.324752874716,0.371691610937,FLOAT
0.9,0.28,1.32312981234,1,0.869358235399,0.31065511399,0.326702771698,0.362642114312,0.302463299718,0.324394363477,0.373142336805,FLOAT
0.9,0.29,1.33642748803,1,0.865022293111,0.30984321347,0.326429833353,0.363726953177,0.301372004889,0.324033011613,0.374594983498,FLOAT
0.9,0.3,1.34985880758,1,0.860707976425,0.309031309511,0.326154437226,0.364814253263,0.30028164613,0.323668827165,0.376049526704,FLOAT
0.9,0.31,1.36342511413,1,0.856415177484,0.308219415606,0.325876587627,0.365903996767,0.299192239701,0.32330181831,0.377505941989,FLOAT
0.9,0.32,1.37712776434,1,0.852143788966,0.307407545274,0.325596288981,0.366996165746,0.298103801842,0.32293199336,0.378964204799,FLOAT
0.9,0.33,1.39096812846,1,0.847893704088,0.306595712063,0.325313545826,0.368090742111,0.297016348778,0.322559360763,0.380424290459,FLOAT
0.9,0.34,1.40494759056,1,0.843664816596,0.305783929546,0.325028362819,0.369187707635,0.295929896717,0.322183929102,0.381886174182,FLOAT
0.9,0.35,1.41906754859,1,0.839457020769,0.30497221132,0.324740744727,0.370287043953,0.294844461845,0.321805707094,0.383349831061,FLOAT
0.9,0.36,1.43332941456,1,0.835270211411,0.304160571004,0.324450696435,0.371388732561,0.29376006033,0.321424703593,0.384815236077,FLOAT
0.9,0.37,1.44773461466,1,0.831104283852,0.303349022238,0.324158222941,0.372492754821,0.292676708317,0.321040927581,0.386282364102,FLOAT
0.9,0.38,1.46228458943,1,0.826959133943,0.302537578683,0.323863329356,0.373599091961,0.291594421928,0.320654388179,0.387751189893,FLOAT
0.9,0.39,1.47698079388,1,0.822834658056,0.301726254017,0.323566020906,0.374707725077,0.290513217263,0.320265094636,0.389221688101,FLOAT
0.9,0.4,1.49182469764,1,0.818730753078,0.300915061934,0.32326630293,0.375818635136,0.289433110394,0.319873056336,0.39069383327,FLOAT
0.9,0.41,1.50681778511,1,0.814647316411,0.300104016145,0.322964180879,0.376931802975,0.288354117369,0.319478282792,0.392167599839,FLOAT
0.9,0.42,1.52196155562,1,0.81058424597,0.299293130374,0.32265966032,0.378047209306,0.287276254206,0.31908078365,0.393642962143,FLOAT
0.9,0.43,1.53725752355,1,0.806541440177,0.298482418358,0.322352746928,0.379164834714,0.286199536898,0.318680568686,0.395119894417,FLOAT
0.9,0.44,1.55270721851,1,0.802518797962,0.297671893843,0.322043446494,0.380284659664,0.285123981404,0.318277647803,0.396598370793,FLOAT
0.9,0.45,1.56831218549,1,0.798516218759,0.296861570586,0.321731764918,0.381406664497,0.284049603654,0.317872031037,0.398078365309,FLOAT
0.9,0.46,1.58407398499,1,0.794533602503,0.296051462351,0.321417708213,0.382530829436,0.282976419547,0.317463728549,0.399559851904,FLOAT
0.9,0.47,1.59999419322,1,0.790570849629,0.295241582909,0.321101282504,0.383657134587,0.281904444946,0.31705275063,0.401042804423,FLOAT
0.9,0.48,1.61607440219,1,0.786627861067,0.294431946036,0.320782494024,0.384785559941,0.280833695682,0.316639107698,0.40252719662,FLOAT
0.9,0.49,1.63231621996,1,0.782704538242,0.293622565511,0.320461349117,0.385916085372,0.279764187547,0.316222810297,0.404013002156,FLOAT
0.9,0.5,1.6487212707,1,0.778800783071,0.292813455115,0.320137854239,0.387048690646,0.2786959363,0.315803869094,0.405500194606,FLOAT
0.9,0.51,1.66529119495,1,0.774916497961,0.29200462863,0.319812015953,0.388183355417,0.277628957659,0.315382294887,0.406988747454,FLOAT
0.9,0.52,1.6820276497,1,0.771051585804,0.291196099837,0.319483840931,0.389320059232,0.276563267305,0.314958098592,0.408478634103,FLOAT
0.9,0.53,1.69893230862,1,0.767205949976,0.290387882514,0.319153335955,0.390458781532,0.275498880877,0.314531291253,0.409969827871,FLOAT
0.9,0.54,1.71600686218,1,0.763379494337,0.289579990436,0.318820507913,0.391599501652,0.274435813972,0.314101884034,0.411462301993,FLOAT
0.9,0.55,1.73325301787,1,0.759572123225,0.288772437371,0.318485363802,0.392742198827,0.273374082147,0.313669888224,0.412956029629,FLOAT
0.9,0.56,1.7506725003,1,0.755783741456,0.287965237084,0.318147910725,0.393886852191,0.272313700913,0.31323531523,0.414450983857,FLOAT
0.9,0.57,1.76826705143,1,0.752014254319,0.287158403326,0.317808155893,0.395033440781,0.271254685736,0.312798176581,0.415947137683,FLOAT
0.9,0.58,1.78603843075,1,0.748263567579,0.286351949844,0.31746610662,0.396181943536,0.270197052038,0.312358483926,0.417444464036,FLOAT
0.9,0.59,1.8039884154,1,0.744531587466,0.285545890371,0.317121770327,0.397332339302,0.269140815191,0.311916249032,0.418942935777,FLOAT
0.9,0.6,1.82211880039,1,0.740818220682,0.284740238626,0.316775154541,0.398484606832,0.268085990522,0.311471483784,0.420442525694,FLOAT
0.9,0.61,1.84043139878,1,0.737123374392,0.283935008318,0.316426266892,0.399638724791,0.267032593304,0.311024200185,0.421943206511,FLOAT
0.9,0.62,1.85892804185,1,0.733446956224,0.283130213137,0.316075115111,0.400794671752,0.265980638764,0.310574410353,0.423444950882,FLOAT
0.9,0.63,1.87761057926,1,0.729788874269,0.282325866757,0.315721707037,0.401952426206,0.264930142075,0.310122126523,0.424947731402,FLOAT
0.9,0.64,1.8964808793,1,0.726149037074,0.281521982835,0.315366050608,0.403111966558,0.263881118358,0.309667361042,0.4264515206,FLOAT
0.9,0.65,1.91554082901,1,0.722527353642,0.280718575006,0.315008153863,0.404273271131,0.262833582678,0.309210126373,0.427956290948,FLOAT
0.9,0.66,1.9347923344,1,0.718923733432,0.279915656887,0.314648024945,0.405436318168,0.261787550048,0.308750435091,0.429462014861,FLOAT
0.9,0.67,1.95423732064,1,0.715338086353,0.279113242068,0.314285672096,0.406601085836,0.260743035423,0.308288299881,0.430968664696,FLOAT
0.9,0.68,1.97387773223,1,0.711770322763,0.27831134412,0.313921103656,0.407767552224,0.259700053702,0.307823733541,0.432476212757,FLOAT
0.9,0.69,1.99371553324,1,0.708220353468,0.277509976584,0.313554328067,0.40893569535,0.258658619724,0.307356748978,0.433984631298,FLOAT
0.9,0.7,2.01375270747,1,0.704688089719,0.276709152977,0.313185353867,0.410105493156,0.257618748271,0.306887359206,0.435493892523,FLOAT
0.9,0.71,2.03399125865,1,0.701173443209,0.275908886787,0.312814189692,0.41127692352,0.256580454062,0.30641557735,0.437003968588,FLOAT
0.9,0.72,2.05443321064,1,0.697676326071,0.275109191473,0.312440844277,0.41244996425,0.255543751757,0.30594141664,0.438514831603,FLOAT
0.9,0.73,2.07508060767,1,0.694196650878,0.274310080462,0.312065326451,0.413624593088,0.254508655951,0.305464890412,0.440026453637,FLOAT
0.9,0.74,2.09593551449,1,0.690734330637,0.273511567148,0.311687645138,0.414800787714,0.253475181177,0.304986012107,0.441538806716,FLOAT
0.9,0.75,2.11700001661,1,0.687289278791,0.272713664895,0.311307809358,0.415978525747,0.252443341904,0.304504795269,0.443051862827,FLOAT
0.9,0.76,2.1382762205,1,0.683861409212,0.271916387027,0.310925828225,0.417157784748,0.251413152533,0.304021253546,0.444565593921,FLOAT
0.9,0.77,2.15976625378,1,0.680450636205,0.271119746836,0.310541710945,0.41833854222,0.2503846274,0.303535400687,0.446079971913,FLOAT
0.9,0.78,2.1814722655,1,0.677056874498,0.270323757573,0.310155466816,0.419520775611,0.249357780773,0.30304725054,0.447594968687,FLOAT
0.9,0.79,2.20339642626,1,0.673680039249,0.269528432451,0.309767105229,0.42070446232,0.248332626851,0.302556817056,0.449110556093,FLOAT
0.9,0.8,2.22554092849,1,0.670320046036,0.268733784645,0.309376635665,0.421889579691,0.247309179763,0.302064114281,0.450626705956,FLOAT
0.9,0.81,2.24790798668,1,0.666976810858,0.267939827284,0.308984067694,0.423076105022,0.246287453568,0.301569156361,0.452143390071,FLOAT
0.9,0.82,2.27049983753,1,0.663650250136,0.267146573457,0.308589410976,0.424264015567,0.245267462253,0.301071957535,0.453660580212,FLOAT
0.9,0.83,2.29331874026,1,0.660340280705,0.266354036208,0.308192675258,0.425453288534,0.244249219731,0.30057253214,0.455178248129,FLOAT
0.9,0.84,2.31636697678,1,0.657046819815,0.265562228536,0.307793870377,0.426643901088,0.243232739842,0.300070894607,0.456696365551,FLOAT
0.9,0.85,2.33964685193,1,0.65376978513,0.264771163391,0.307393006252,0.427835830357,0.242218036353,0.299567059456,0.458214904191,FLOAT
0.9,0.86,2.36316069371,1,0.650509094723,0.263980853677,0.306990092891,0.429029053431,0.241205122954,0.299061041303,0.459733835743,FLOAT
0.9,0.87,2.38691085352,1,0.647264667078,0.263191312249,0.306585140386,0.430223547365,0.240194013256,0.298552854852,0.461253131891,FLOAT
0.9,0.88,2.41089970642,1,0.644036421083,0.26240255191,0.306178158911,0.431419289179,0.239184720797,0.298042514898,0.462772764305,FLOAT
0.9,0.89,2.43512965129,1,0.640824276032,0.261614585411,0.305769158725,0.432616255864,0.238177259034,0.297530036321,0.464292704645,FLOAT
0.9,0.9,2.45960311116,1,0.637628151622,0.260827425451,0.305358150168,0.433814424381,0.237171641344,0.297015434092,0.465812924564,FLOAT
0.9,0.91,2.48432253338,1,0.634447967948,0.260041084674,0.30494514366,0.435013771666,0.236167881025,0.296498723264,0.467333395712,FLOAT
0.9,0.92,2.50929038994,1,0.631283645507,0.259255575669,0.304530149702,0.436214274629,0.235165991293,0.295979918976,0.468854089731,FLOAT
0.9,0.93,2.53450917762,1,0.62813510519,0.258470910969,0.304113178873,0.437415910158,0.234165985282,0.295459036452,0.470374978266,FLOAT
0.9,0.94,2.55998141833,1,0.625002268283,0.257687103046,0.303694241833,0.43861865512,0.233167876044,0.294936090995,0.471896032962,FLOAT
0.9,0.95,2.58570965932,1,0.621885056465,0.256904164318,0.303273349316,0.439822486366,0.232171676545,0.29441109799,0.473417225465,FLOAT
0.9,0.96,2.61169647342,1,0.618783391806,0.256122107139,0.302850512134,0.441027380728,0.231177399669,0.293884072902,0.474938527429,FLOAT
0.9,0.97,2.63794445935,1,0.615697196764,0.255340943802,0.302425741172,0.442233315026,0.230185058211,0.293355031274,0.476459910515,FLOAT
0.9,0.98,2.66445624193,1,0.612626394184,0.25456068654,0.301999047391,0.443440266069,0.229194664883,0.292823988727,0.477981346391,FLOAT
0.9,0.99,2.69123447235,1,0.609570907296,0.25378134752,0.301570441826,0.444648210655,0.228206232307,0.292290960955,0.479502806739,FLOAT
0.9,1,2.71828182846,1,0.606530659713,0.253002938845,0.301139935581,0.445857125574,0.227219773018,0.291755963729,0.481024263253,FLOAT
0.9,1.01,2.74560101502,1,0.603505575427,0.252225472554,0.300707539835,0.447066987611,0.226235299462,0.291219012892,0.482545687645,FLOAT
0.9,1.02,2.77319476396,1,0.600495578812,0.251448960616,0.300273265834,0.44827777355,0.225252823996,0.29068012436,0.484067051643,FLOAT
0.9,1.03,2.8010658347,1,0.597500594618,0.250673414935,0.299837124895,0.449489460169,0.224272358885,0.290139314119,0.485588326995,FLOAT
0.9,1.04,2.82921701435,1,0.59452054797,0.249898847345,0.299399128403,0.450702024252,0.223293916304,0.289596598224,0.487109485472,FLOAT
0.9,1.05,2.85765111806,1,0.591555364367,0.249125269609,0.298959287809,0.451915442582,0.222317508334,0.289051992798,0.488630498867,FLOAT
0.9,1.06,2.88637098927,1,0.588604969678,0.248352693421,0.29851761463,0.453129691949,0.221343146966,0.288505514031,0.490151339003,FLOAT
0.9,1.07,2.91537949998,1,0.585669290145,0.247581130401,0.29807412045,0.454344749149,0.220370844094,0.287957178179,0.491671977727,FLOAT
0.9,1.08,2.94467955107,1,0.582748252374,0.246810592098,0.297628816914,0.455560590988,0.21940061152,0.287407001561,0.493192386919,FLOAT
0.9,1.09,2.97427407256,1,0.57984178334,0.246041089986,0.297181715732,0.456777194283,0.218432460951,0.286855000559,0.49471253849,FLOAT
0.9,1.1,3.00416602395,1,0.57694981038,0.245272635464,0.296732828674,0.457994535862,0.217466403997,0.286301191616,0.496232404387,FLOAT
0.9,1.11,3.03435839444,1,0.574072261196,0.244505239855,0.296282167574,0.459212592572,0.216502452172,0.285745591236,0.497751956592,FLOAT
0.9,1.12,3.06485420329,1,0.571209063849,0.243738914405,0.295829744321,0.460431341274,0.215540616893,0.285188215981,0.499271167126,FLOAT
0.9,1.13,3.09565650012,1,0.568360146758,0.242973670284,0.295375570866,0.461650758849,0.214580909479,0.284629082471,0.500790008051,FLOAT
0.9,1.14,3.12676836519,1,0.5655254387,0.242209518582,0.294919659217,0.462870822201,0.213623341149,0.28406820738,0.502308451471,FLOAT
0.9,1.15,3.15819290969,1,0.562704868807,0.241446470308,0.294462021436,0.464091508255,0.212667923026,0.28350560744,0.503826469534,FLOAT
0.9,1.16,3.18993327612,1,0.559898366565,0.240684536394,0.294002669644,0.465312793962,0.21171466613,0.282941299434,0.505344034436,FLOAT
0.9,1.17,3.22199263853,1,0.557105861812,0.239923727687,0.293541616013,0.4665346563,0.210763581382,0.282375300197,0.506861118421,FLOAT
0.9,1.18,3.25437420289,1,0.554327284735,0.239164054956,0.293078872769,0.467757072275,0.209814679603,0.281807626614,0.508377693783,FLOAT
0.9,1.19,3.28708120738,1,0.551562565868,0.238405528882,0.292614452192,0.468980018926,0.20886797151,0.281238295621,0.509893732869,FLOAT
0.9,1.2,3.32011692274,1,0.548811636094,0.237648160067,0.292148366609,0.470203473324,0.207923467718,0.280667324201,0.511409208081,FLOAT
0.9,1.21,3.35348465255,1,0.54607442664,0.236891959026,0.2916806284,0.471427412575,0.206981178741,0.280094729382,0.512924091878,FLOAT
0.9,1.22,3.38718773362,1,0.543350869074,0.236136936188,0.291211249992,0.47265181382,0.206041114987,0.279520528239,0.514438356774,FLOAT
0.9,1.23,3.42122953629,1,0.540640895309,0.235383101898,0.290740243861,0.473876654241,0.205103286762,0.278944737889,0.515951975349,FLOAT
0.9,1.24,3.45561346476,1,0.537944437595,0.234630466413,0.290267622527,0.47510191106,0.204167704268,0.278367375493,0.517464920239,FLOAT
0.9,1.25,3.49034295746,1,0.535261428519,0.233879039902,0.289793398558,0.47632756154,0.203234377598,0.277788458252,0.51897716415,FLOAT
0.9,1.26,3.52542148737,1,0.532591801007,0.233128832446,0.289317584564,0.477553582989,0.202303316744,0.277208003405,0.520488679851,FLOAT
0.9,1.27,3.56085256236,1,0.529935488318,0.232379854038,0.2888401932,0.478779952762,0.201374531588,0.276626028233,0.521999440179,FLOAT
0.9,1.28,3.59663972557,1,0.527292424043,0.231632114579,0.288361237162,0.48000664826,0.200448031909,0.276042550049,0.523509418042,FLOAT
0.9,1.29,3.63278655575,1,0.524662542107,0.230885623881,0.287880729185,0.481233646934,0.199523827376,0.275457586204,0.52501858642,FLOAT
0.9,1.3,3.66929666762,1,0.522045776761,0.230140391666,0.287398682047,0.482460926287,0.198601927552,0.274871154083,0.526526918365,FLOAT
0.9,1.31,3.70617371221,1,0.519442062587,0.229396427562,0.286915108562,0.483688463876,0.197682341891,0.274283271103,0.528034387006,FLOAT
0.9,1.32,3.74342137726,1,0.516851334492,0.228653741106,0.286430021583,0.48491623731,0.196765079739,0.273693954712,0.529540965549,FLOAT
0.9,1.33,3.78104338757,1,0.514273527707,0.227912341743,0.285943433999,0.486144224258,0.195850150333,0.273103222388,0.531046627279,FLOAT
0.9,1.34,3.81904350537,1,0.511708577787,0.227172238822,0.285455358733,0.487372402445,0.194937562801,0.272511091636,0.532551345563,FLOAT
0.9,1.35,3.8574255307,1,0.509156420608,0.226433441599,0.284965808744,0.488600749657,0.19402732616,0.271917579991,0.534055093849,FLOAT
0.9,1.36,3.8961933018,1,0.506616992366,0.225695959237,0.284474797021,0.489829243742,0.193119449319,0.271322705011,0.53555784567,FLOAT
0.9,1.37,3.93535069547,1,0.504090229575,0.224959800802,0.283982336589,0.49105786261,0.192213941074,0.270726484279,0.537059574647,FLOAT
0.9,1.38,3.97490162749,1,0.501576069066,0.224224975264,0.283488440499,0.492286584237,0.191310810112,0.270128935401,0.538560254487,FLOAT
0.9,1.39,4.01485005299,1,0.499074447985,0.223491491497,0.282993121836,0.493515386666,0.190410065007,0.269530076004,0.540059858989,FLOAT
0.9,1.4,4.05519996684,1,0.496585303791,0.222759358281,0.28249639371,0.494744248009,0.189511714225,0.268929923735,0.541558362041,FLOAT
0.9,1.41,4.09595540407,1,0.494108574256,0.222028584295,0.281998269261,0.495973146444,0.188615766115,0.26832849626,0.543055737625,FLOAT
0.9,1.42,4.13712044025,1,0.491644197461,0.221299178122,0.281498761652,0.497202060226,0.187722228918,0.267725811262,0.54455195982,FLOAT
0.9,1.43,4.17869919192,1,0.489192111796,0.220571148247,0.280997884075,0.498430967678,0.18683111076,0.26712188644,0.5460470028,FLOAT
0.9,1.44,4.220695817,1,0.48675225596,0.219844503056,0.280495649742,0.499659847201,0.185942419656,0.266516739507,0.547540840837,FLOAT
0.9,1.45,4.26311451517,1,0.484324568955,0.219119250837,0.279992071892,0.500888677271,0.185056163506,0.265910388191,0.549033448303,FLOAT
0.9,1.46,4.30595952835,1,0.48190899009,0.218395399778,0.279487163782,0.50211743644,0.184172350098,0.26530285023,0.550524799672,FLOAT
0.9,1.47,4.34923514106,1,0.479505458975,0.217672957968,0.278980938691,0.503346103341,0.183290987106,0.264694143371,0.552014869523,FLOAT
0.9,1.48,4.39294568092,1,0.477113915521,0.216951933394,0.278473409919,0.504574656687,0.18241208209,0.264084285374,0.553503632536,FLOAT
0.9,1.49,4.437095519,1,0.47473429994,0.216232333945,0.277964590783,0.505803075272,0.181535642496,0.263473294004,0.5549910635,FLOAT
0.9,1.5,4.48168907034,1,0.472366552741,0.215514167408,0.277454494617,0.507031337975,0.180661675657,0.262861187031,0.556477137312,FLOAT
0.9,1.51,4.52673079431,1,0.470010614731,0.21479744147,0.276943134772,0.508259423758,0.179790188789,0.262247982234,0.557961828977,FLOAT
0.9,1.52,4.57222519514,1,0.46766642701,0.214082163715,0.276430524615,0.509487311669,0.178921188996,0.261633697392,0.559445113613,FLOAT
0.9,1.53,4.6181768223,1,0.465333930974,0.213368341628,0.275916677526,0.510714980847,0.178054683265,0.261018350287,0.560926966449,FLOAT
0.9,1.54,4.66459027099,1,0.463013068311,0.212655982589,0.275401606897,0.511942410514,0.177190678469,0.260401958704,0.562407362828,FLOAT
0.9,1.55,4.71147018259,1,0.460703780999,0.211945093878,0.274885326134,0.513169579988,0.176329181366,0.259784540424,0.563886278209,FLOAT
0.9,1.56,4.75882124514,1,0.458406011305,0.211235682674,0.274367848653,0.514396468674,0.1754701986,0.259166113231,0.56536368817,FLOAT
0.9,1.57,4.80664819378,1,0.456119701786,0.210527756049,0.27384918788,0.515623056071,0.174613736696,0.2585466949,0.566839568403,FLOAT
0.9,1.58,4.85495581124,1,0.453844795282,0.209821320977,0.273329357249,0.516849321774,0.173759802068,0.257926303207,0.568313894725,FLOAT
0.9,1.59,4.90374892833,1,0.451581234923,0.209116384328,0.272808370203,0.518075245469,0.172908401011,0.25730495592,0.569786643069,FLOAT
0.9,1.6,4.9530324244,1,0.449328964117,0.208412952866,0.272286240191,0.519300806943,0.172059539706,0.256682670798,0.571257789496,FLOAT
0.9,1.61,5.00281122783,1,0.447087926559,0.207711033255,0.271762980666,0.520525986078,0.171213224218,0.256059465595,0.572727310187,FLOAT
0.9,1.62,5.05309031656,1,0.444858066223,0.207010632056,0.271238605089,0.521750762854,0.170369460496,0.255435358054,0.57419518145,FLOAT
0.9,1.63,5.10387471854,1,0.442639327361,0.206311755725,0.270713126922,0.522975117353,0.169528254373,0.254810365907,0.57566137972,FLOAT
0.9,1.64,5.15516951223,1,0.440431654506,0.205614410613,0.27018655963,0.524199029757,0.168689611567,0.254184506873,0.577125881559,FLOAT
0.9,1.65,5.20697982718,1,0.438234992465,0.204918602972,0.269658916679,0.525422480349,0.16785353768,0.253557798659,0.57858866366,FLOAT
0.9,1.66,5.25931084445,1,0.436049286322,0.204224338947,0.269130211536,0.526645449517,0.167020038198,0.252930258957,0.580049702845,FLOAT
0.9,1.67,5.31216779718,1,0.433874481433,0.203531624579,0.268600457669,0.527867917752,0.166189118491,0.25230190544,0.581508976069,FLOAT
0.9,1.68,5.36555597112,1,0.431710523429,0.202840465807,0.268069668541,0.529089865652,0.165360783812,0.251672755769,0.582966460419,FLOAT
0.9,1.69,5.41948070513,1,0.429557358211,0.202150868467,0.267537857615,0.530311273918,0.164535039301,0.251042827582,0.584422133117,FLOAT
0.9,1.7,5.47394739173,1,0.427414931949,0.201462838288,0.26700503835,0.531532123361,0.16371188998,0.250412138498,0.585875971522,FLOAT
0.9,1.71,5.52896147762,1,0.425283191082,0.200776380898,0.266471224201,0.532752394901,0.162891340756,0.249780706117,0.587327953126,FLOAT
0.9,1.72,5.58452846428,1,0.423162082318,0.200091501821,0.265936428615,0.533972069563,0.162073396421,0.249148548015,0.588778055564,FLOAT
0.9,1.73,5.64065390843,1,0.421051552627,0.199408206477,0.265400665036,0.535191128487,0.161258061651,0.248515681745,0.590226256605,FLOAT
0.9,1.74,5.69734342267,1,0.418951549248,0.198726500182,0.264863946898,0.53640955292,0.160445341005,0.247882124834,0.591672534161,FLOAT
0.9,1.75,5.75460267601,1,0.416862019679,0.198046388149,0.264326287627,0.537627324223,0.15963523893,0.247247894785,0.593116866285,FLOAT
0.9,1.76,5.8124373944,1,0.414782911682,0.197367875488,0.263787700641,0.53884442387,0.158827759756,0.246613009073,0.594559231172,FLOAT
0.9,1.77,5.87085336138,1,0.412714173279,0.196690967205,0.263248199347,0.540060833448,0.158022907696,0.245977485144,0.59599960716,FLOAT
0.9,1.78,5.92985641859,1,0.410655752752,0.196015668203,0.26270779714,0.541276534658,0.157220686852,0.245341340415,0.597437972732,FLOAT
0.9,1.79,5.98945246638,1,0.408607598641,0.195341983282,0.262166507403,0.542491509315,0.156421101209,0.244704592274,0.598874306517,FLOAT
0.9,1.8,6.04964746441,1,0.406569659741,0.19466991714,0.261624343507,0.543705739353,0.155624154637,0.244067258074,0.600308587289,FLOAT
0.9,1.81,6.11044743223,1,0.404541885103,0.19399947437,0.26108131881,0.54491920682,0.154829850892,0.243429355137,0.601740793971,FLOAT
0.9,1.82,6.17185844988,1,0.402524224034,0.193330659466,0.260537446651,0.546131893883,0.154038193617,0.24279090075,0.603170905633,FLOAT
0.9,1.83,6.23388665852,1,0.400516626091,0.192663476816,0.259992740357,0.547343782827,0.153249186339,0.242151912165,0.604598901496,FLOAT
0.9,1.84,6.29653826103,1,0.398519041085,0.191997930709,0.259447213238,0.548554856053,0.152462832473,0.241512406599,0.606024760929,FLOAT
0.9,1.85,6.3598195226,1,0.396531419075,0.191334025329,0.258900878585,0.549765096086,0.151679135318,0.240872401228,0.607448463453,FLOAT
0.9,1.86,6.42373677143,1,0.394553710372,0.190671764762,0.258353749671,0.550974485567,0.150898098063,0.240231913193,0.608869988744,FLOAT
0.9,1.87,6.48829639929,1,0.392585865532,0.190011152989,0.257805839751,0.55218300726,0.150119723781,0.239590959592,0.610289316626,FLOAT
0.9,1.88,6.55350486219,1,0.390627835359,0.189352193891,0.257257162059,0.55339064405,0.149344015434,0.238949557486,0.611706427081,FLOAT
0.9,1.89,6.61936868104,1,0.388679570902,0.18869489125,0.256707729808,0.554597378942,0.148570975869,0.238307723889,0.613121300242,FLOAT
0.9,1.9,6.68589444228,1,0.386741023455,0.188039248746,0.256157556189,0.555803195065,0.147800607823,0.237665475776,0.614533916401,FLOAT
0.9,1.91,6.75308879853,1,0.384812144553,0.187385269957,0.255606654372,0.557008075671,0.14703291392,0.237022830077,0.615944256002,FLOAT
0.9,1.92,6.82095846929,1,0.382892885975,0.186732958364,0.255055037501,0.558212004135,0.146267896673,0.236379803676,0.61735229965,FLOAT
0.9,1.93,6.88951024158,1,0.380983199739,0.186082317346,0.254502718699,0.559414963955,0.145505558483,0.235736413412,0.618758028105,FLOAT
0.9,1.94,6.95875097064,1,0.379083038103,0.185433350184,0.253949711061,0.560616938755,0.144745901639,0.235092676075,0.620161422286,FLOAT
0.9,1.95,7.02868758059,1,0.377192353563,0.184786060061,0.253396027657,0.561817912282,0.143988928321,0.234448608408,0.621562463271,FLOAT
0.9,1.96,7.09932706516,1,0.375311098851,0.184140450058,0.252841681533,0.563017868408,0.143234640596,0.233804227105,0.622961132299,FLOAT
0.9,1.97,7.17067648835,1,0.373439226937,0.183496523162,0.252286685705,0.564216791133,0.142483040425,0.233159548809,0.624357410767,FLOAT
0.9,1.98,7.24274298516,1,0.371576691022,0.182854282258,0.251731053161,0.565414664581,0.141734129654,0.232514590112,0.625751280234,FLOAT
0.9,1.99,7.31553376231,1,0.369723444544,0.182213730137,0.251174796862,0.566611473001,0.140987910025,0.231869367554,0.627142722421,FLOAT
0.9,2,7.38905609893,1,0.367879441171,0.181574869491,0.250617929737,0.567807200772,0.140244383166,0.231223897622,0.628531719212,FLOAT
0.9,2.01,7.46331734732,1,0.366044634804,0.180937702915,0.250060464688,0.569001832397,0.1395035506,0.230578196748,0.629918252651,FLOAT
0.9,2.02,7.53832493366,1,0.364218979572,0.180302232911,0.249502414582,0.570195352507,0.138765413741,0.22993228131,0.631302304949,FLOAT
0.9,2.03,7.61408635878,1,0.362402429832,0.179668461882,0.248943792258,0.57138774586,0.138029973894,0.229286167628,0.632683858478,FLOAT
0.9,2.04,7.69060919888,1,0.360594940173,0.179036392137,0.248384610519,0.572578997344,0.137297232257,0.228639871968,0.634062895775,FLOAT
0.9,2.05,7.76790110631,1,0.358796465406,0.178406025889,0.24782488214,0.573769091971,0.136567189922,0.227993410536,0.635439399543,FLOAT
0.9,2.06,7.84596981032,1,0.357006960569,0.177777365259,0.247264619856,0.574958014885,0.135839847873,0.227346799479,0.636813352648,FLOAT
0.9,2.07,7.92482311785,1,0.355226380925,0.177150412272,0.246703836373,0.576145751355,0.13511520699,0.226700054886,0.638184738125,FLOAT
0.9,2.08,8.0044689143,1,0.353454681959,0.17652516886,0.246142544359,0.577332286781,0.134393268044,0.226053192784,0.639553539172,FLOAT
0.9,2.09,8.08491516431,1,0.351691819378,0.175901636864,0.245580756446,0.57851760669,0.133674031705,0.225406229139,0.640919739156,FLOAT
0.9,2.1,8.16616991257,1,0.349937749111,0.175279818031,0.245018485232,0.579701696737,0.132957498534,0.224759179856,0.64228332161,FLOAT
0.9,2.11,8.24824128463,1,0.348192427306,0.174659714015,0.244455743276,0.580884542709,0.132243668992,0.224112060774,0.643644270234,FLOAT
0.9,2.12,8.33113748769,1,0.34645581033,0.174041326382,0.243892543099,0.582066130519,0.131532543432,0.223464887672,0.645002568896,FLOAT
0.9,2.13,8.41486681144,1,0.344727854767,0.173424656605,0.243328897185,0.583246446209,0.130824122107,0.22281767626,0.646358201633,FLOAT
0.9,2.14,8.49943762889,1,0.343008517419,0.172809706067,0.24276481798,0.584425475952,0.130118405166,0.222170442186,0.647711152649,FLOAT
0.9,2.15,8.58485839718,1,0.341297755301,0.172196476063,0.242200317888,0.585603206049,0.129415392655,0.221523201028,0.649061406317,FLOAT
0.9,2.16,8.67113765846,1,0.339595525645,0.171584967796,0.241635409276,0.586779622929,0.128715084519,0.220875968302,0.650408947179,FLOAT
0.9,2.17,8.75828404074,1,0.337901785895,0.170975182383,0.241070104466,0.58795471315,0.128017480602,0.22022875945,0.651753759948,FLOAT
0.9,2.18,8.84630625872,1,0.336216493707,0.170367120853,0.240504415745,0.589128463403,0.127322580647,0.21958158985,0.653095829503,FLOAT
0.9,2.19,8.9352131147,1,0.334539606949,0.169760784146,0.239938355352,0.590300860502,0.126630384297,0.218934474808,0.654435140895,FLOAT
0.9,2.2,9.02501349943,1,0.332871083698,0.169156173118,0.239371935489,0.591471891393,0.125940891094,0.218287429562,0.655771679344,FLOAT
0.9,2.21,9.11571639304,1,0.331210882242,0.168553288537,0.238805168311,0.592641543152,0.125254100483,0.217640469276,0.657105430241,FLOAT
0.9,2.22,9.20733086588,1,0.329558961075,0.167952131085,0.238238065933,0.593809802982,0.12457001181,0.216993609045,0.658436379145,FLOAT
0.9,2.23,9.29986607948,1,0.3279152789,0.167352701362,0.237670640425,0.594976658213,0.123888624321,0.216346863891,0.659764511788,FLOAT
0.9,2.24,9.39333128744,1,0.326279794623,0.166754999881,0.237102903811,0.596142096308,0.123209937167,0.215700248762,0.66108981407,FLOAT
0.9,2.25,9.48773583636,1,0.324652467358,0.166159027072,0.236534868074,0.597306104854,0.122533949402,0.215053778534,0.662412272064,FLOAT
0.9,2.26,9.58308916676,1,0.323033256422,0.165564783285,0.235966545148,0.598468671568,0.121860659982,0.214407468007,0.663731872011,FLOAT
0.9,2.27,9.67940081407,1,0.321422121334,0.164972268783,0.235397946923,0.599629784294,0.121190067769,0.213761331907,0.665048600324,FLOAT
0.9,2.28,9.77668040953,1,0.319819021816,0.164381483751,0.234829085243,0.600789431006,0.12052217153,0.213115384883,0.666362443587,FLOAT
0.9,2.29,9.87493768117,1,0.31822391779,0.163792428293,0.234259971904,0.601947599803,0.119856969935,0.21246964151,0.667673388555,FLOAT
0.9,2.3,9.97418245481,1,0.316636769379,0.16320510243,0.233690618657,0.603104278912,0.119194461564,0.211824116285,0.668981422151,FLOAT
0.9,2.31,10.074424655,1,0.315057536903,0.162619506107,0.233121037204,0.604259456689,0.118534644901,0.211178823626,0.670286531473,FLOAT
0.9,2.32,10.1756743061,1,0.313486180883,0.162035639188,0.232551239199,0.605413121613,0.117877518339,0.210533777874,0.671588703787,FLOAT
0.9,2.33,10.277941533,1,0.311922662033,0.161453501459,0.231981236248,0.606565262293,0.117223080177,0.209888993293,0.67288792653,FLOAT
0.9,2.34,10.3812365627,1,0.310366941265,0.160873092629,0.231411039908,0.607715867463,0.116571328625,0.209244484065,0.67418418731,FLOAT
0.9,2.35,10.4855697247,1,0.308818979688,0.160294412331,0.230840661687,0.608864925982,0.1159222618,0.208600264294,0.675477473906,FLOAT
0.9,2.36,10.5909514524,1,0.307278738601,0.15971746012,0.230270113044,0.610012426836,0.115275877731,0.207956348002,0.676767774266,FLOAT
0.9,2.37,10.6973922841,1,0.305746179499,0.159142235477,0.229699405387,0.611158359136,0.114632174357,0.207312749133,0.67805507651,FLOAT
0.9,2.38,10.8049028639,1,0.304221264067,0.158568737809,0.229128550074,0.612302712117,0.113991149528,0.206669481545,0.679339368927,FLOAT
0.9,2.39,10.913493943,1,0.302703954182,0.157996966448,0.228557558413,0.613445475139,0.113352801004,0.206026559019,0.680620639977,FLOAT
0.9,2.4,11.0231763806,1,0.301194211912,0.157426920652,0.227986441661,0.614586637686,0.112717126461,0.20538399525,0.681898878289,FLOAT
0.9,2.41,11.1339611451,1,0.299691999513,0.15685859961,0.227415211022,0.615726189368,0.112084123485,0.204741803852,0.683174072663,FLOAT
0.9,2.42,11.2458593149,1,0.29819727943,0.156292002435,0.226843877651,0.616864119914,0.111453789579,0.204099998354,0.684446212067,FLOAT
0.9,2.43,11.35888208,1,0.296710014294,0.155727128171,0.226272452648,0.61800041918,0.110826122157,0.203458592204,0.685715285639,FLOAT
0.9,2.44,11.4730407428,1,0.295230166924,0.155163975793,0.225700947064,0.619135077143,0.110201118551,0.202817598762,0.686981282688,FLOAT
0.9,2.45,11.5883467192,1,0.293757700324,0.154602544205,0.225129371894,0.620268083901,0.109578776007,0.202177031305,0.688244192688,FLOAT
0.9,2.46,11.70481154,1,0.292292577681,0.154042832243,0.224557738082,0.621399429676,0.10895909169,0.201536903026,0.689504005284,FLOAT
0.9,2.47,11.8224468516,1,0.290834762368,0.153484838673,0.223986056519,0.622529104808,0.108342062679,0.20089722703,0.690760710291,FLOAT
0.9,2.48,11.9412644178,1,0.289384217939,0.152928562197,0.223414338041,0.623657099761,0.107727685973,0.200258016339,0.692014297688,FLOAT
0.9,2.49,12.0612761204,1,0.287940908131,0.152374001449,0.222842593433,0.624783405118,0.10711595849,0.199619283885,0.693264757624,FLOAT
0.9,2.5,12.1824939607,1,0.28650479686,0.151821154996,0.222270833424,0.625908011581,0.106506877066,0.198981042517,0.694512080417,FLOAT
0.9,2.51,12.3049300605,1,0.285075848224,0.151270021342,0.221699068687,0.627030909971,0.105900438457,0.198343304993,0.69575625655,FLOAT
0.9,2.52,12.4285966636,1,0.2836540265,0.150720598926,0.221127309845,0.628152091229,0.105296639341,0.197706083987,0.696997276672,FLOAT
0.9,2.53,12.5535061367,1,0.282239296141,0.150172886123,0.220555567463,0.629271546413,0.104695476316,0.197069392083,0.6982351316,FLOAT
0.9,2.54,12.6796709708,1,0.280831621778,0.149626881248,0.219983852052,0.6303892667,0.104096945904,0.196433241778,0.699469812318,FLOAT
0.9,2.55,12.8071037827,1,0.279430968221,0.14908258255,0.219412174068,0.631505243383,0.103501044547,0.19579764548,0.700701309973,FLOAT
0.9,2.56,12.9358173155,1,0.278037300453,0.148539988219,0.21884054391,0.632619467871,0.102907768613,0.195162615507,0.701929615879,FLOAT
0.9,2.57,13.0658244409,1,0.276650583632,0.147999096386,0.218268971924,0.633731931689,0.102317114394,0.194528164091,0.703154721515,FLOAT
0.9,2.58,13.1971381597,1,0.27527078309,0.147459905121,0.217697468399,0.63484262648,0.101729078107,0.193894303371,0.704376618523,FLOAT
0.9,2.59,13.3297716032,1,0.273897864331,0.146922412434,0.217126043568,0.635951543998,0.101143655892,0.193261045399,0.705595298709,FLOAT
0.9,2.6,13.463738035,1,0.272531793034,0.146386616279,0.216554707608,0.637058676113,0.100560843819,0.192628402136,0.706810754045,FLOAT
0.9,2.61,13.5990508518,1,0.271172535046,0.145852514552,0.215983470639,0.638164014809,0.0999806378841,0.191996385452,0.708022976664,FLOAT
0.9,2.62,13.7357235851,1,0.269820056385,0.145320105093,0.215412342725,0.639267552182,0.0994030340103,0.191365007129,0.70923195886,FLOAT
0.9,2.63,13.8737699021,1,0.268474323239,0.144789385684,0.214841333875,0.640369280441,0.0988280280502,0.190734278857,0.710437693093,FLOAT
0.9,2.64,14.0132036077,1,0.267135301966,0.144260354056,0.214270454038,0.641469191906,0.0982556157853,0.190104212233,0.711640171981,FLOAT
0.9,2.65,14.1540386454,1,0.265802959089,0.143733007883,0.213699713109,0.642567279008,0.0976857929272,0.189474818767,0.712839388306,FLOAT
0.9,2.66,14.2962890987,1,0.2644772613,0.143207344785,0.213129120925,0.64366353429,0.0971185551186,0.188846109874,0.714035335007,FLOAT
0.9,2.67,14.4399691928,1,0.263158175456,0.142683362333,0.212558687265,0.644757950403,0.0965538979333,0.18821809688,0.715228005187,FLOAT
0.9,2.68,14.5850932959,1,0.26184566858,0.142161058042,0.211988421851,0.645850520107,0.0959918168777,0.187590791018,0.716417392104,FLOAT
0.9,2.69,14.7316759204,1,0.26053970786,0.141640429378,0.211418334349,0.646941236272,0.095432307391,0.18696420343,0.717603489179,FLOAT
0.9,2.7,14.8797317249,1,0.259240260646,0.141121473758,0.210848434367,0.648030091875,0.0948753648463,0.186338345165,0.718786289988,FLOAT
0.9,2.71,15.0292755149,1,0.257947294452,0.140604188547,0.210278731453,0.64911708,0.094320984551,0.185713227181,0.719965788268,FLOAT
0.9,2.72,15.180322245,1,0.256660776954,0.140088571062,0.2097092351,0.650202193837,0.0937691617478,0.185088860344,0.721141977908,FLOAT
0.9,2.73,15.3328870199,1,0.255380675988,0.139574618574,0.209139954743,0.651285426683,0.0932198916153,0.184465255425,0.72231485296,FLOAT
0.9,2.74,15.4869850963,1,0.254106959553,0.139062328303,0.208570899759,0.652366771938,0.0926731692689,0.183842423106,0.723484407626,FLOAT
0.9,2.75,15.6426318842,1,0.252839595805,0.138551697425,0.208002079466,0.653446223109,0.0921289897613,0.183220373973,0.724650636266,FLOAT
0.9,2.76,15.7998429483,1,0.25157855306,0.138042723072,0.207433503124,0.654523773804,0.0915873480834,0.182599118522,0.725813533394,FLOAT
0.9,2.77,15.9586340098,1,0.250323799792,0.137535402327,0.206865179937,0.655599417736,0.0910482391651,0.181978667156,0.726973093679,FLOAT
0.9,2.78,16.119020948,1,0.249075304632,0.137029732232,0.206297119049,0.656673148719,0.0905116578757,0.181359030183,0.728129311941,FLOAT
0.9,2.79,16.2810198018,1,0.247833036367,0.136525709785,0.205729329547,0.657744960668,0.0899775990251,0.18074021782,0.729282183155,FLOAT
0.9,2.8,16.4446467711,1,0.246596963942,0.13602333194,0.205161820458,0.658814847601,0.0894460573643,0.18012224019,0.730431702446,FLOAT
0.9,2.81,16.6099182188,1,0.245367056453,0.135522595611,0.204594600754,0.659882803635,0.0889170275859,0.179505107323,0.731577865091,FLOAT
0.9,2.82,16.7768506721,1,0.244143283153,0.135023497669,0.204027679346,0.660948822985,0.0883905043255,0.178888829158,0.732720666517,FLOAT
0.9,2.83,16.9454608245,1,0.242925613449,0.134526034946,0.203461065088,0.662012899966,0.0878664821617,0.178273415537,0.733860102301,FLOAT
0.9,2.84,17.1157655371,1,0.241714016897,0.134030204235,0.202894766775,0.66307502899,0.0873449556173,0.177658876212,0.73499616817,FLOAT
0.9,2.85,17.2877818406,1,0.240508463208,0.133536002288,0.202328793145,0.664135204567,0.0868259191598,0.177045220842,0.736128859999,FLOAT
0.9,2.86,17.4615269366,1,0.239308922244,0.133043425821,0.201763152875,0.665193421304,0.0863093672025,0.176432458989,0.737258173808,FLOAT
0.9,2.87,17.6370181998,1,0.238115364015,0.13255247151,0.201197854588,0.666249673902,0.0857952941046,0.175820600128,0.738384105768,FLOAT
0.9,2.88,17.8142731796,1,0.236927758682,0.132063135998,0.200632906845,0.667303957157,0.0852836941726,0.175209653635,0.739506652193,FLOAT
0.9,2.89,17.9933096016,1,0.235746076556,0.131575415889,0.20006831815,0.66835626596,0.0847745616606,0.174599628796,0.740625809543,FLOAT
0.9,2.9,18.1741453694,1,0.234570288094,0.131089307754,0.19950409695,0.669406595296,0.0842678907712,0.173990534804,0.741741574425,FLOAT
0.9,2.91,18.356798567,1,0.233400363901,0.130604808127,0.198940251632,0.670454940242,0.0837636756563,0.173382380758,0.742853943585,FLOAT
0.9,2.92,18.5412874597,1,0.23223627473,0.13012191351,0.198376790525,0.671501295965,0.0832619104175,0.172775175665,0.743962913917,FLOAT
0.9,2.93,18.7276304967,1,0.231077991477,0.129640620372,0.197813721902,0.672545657727,0.0827625891072,0.172168928439,0.745068482454,FLOAT
0.9,2.94,18.9158463123,1,0.229925485187,0.129160925149,0.197251053974,0.673588020877,0.0822657057293,0.171563647899,0.746170646372,FLOAT
0.9,2.95,19.1059537282,1,0.228778727045,0.128682824247,0.196688794898,0.674628380855,0.0817712542395,0.170959342775,0.747269402986,FLOAT
0.9,2.96,19.2979717555,1,0.227637688384,0.128206314038,0.196126952771,0.675666733191,0.0812792285466,0.170356021701,0.748364749752,FLOAT
0.9,2.97,19.491919596,1,0.226502340676,0.127731390868,0.195565535632,0.6767030735,0.0807896225128,0.169753693222,0.749456684265,FLOAT
0.9,2.98,19.6878166448,1,0.225372655539,0.12725805105,0.195004551462,0.677737397489,0.0803024299547,0.169152365786,0.750545204259,FLOAT
0.9,2.99,19.8856824916,1,0.224248604731,0.126786290869,0.194444008184,0.678769700947,0.0798176446438,0.168552047753,0.751630307603,FLOAT
0.9,3,20.0855369232,1,0.223130160148,0.126316106583,0.193883913665,0.679799979751,0.0793352603073,0.167952747388,0.752711992304,FLOAT
0.9,3.01,20.2873999252,1,0.222017293832,0.125847494423,0.193324275713,0.680828229864,0.0788552706288,0.167354472866,0.753790256505,FLOAT
0.9,3.02,20.4912916842,1,0.220909977959,0.12538045059,0.192765102078,0.681854447332,0.0783776692491,0.166757232268,0.754865098483,FLOAT
0.9,3.03,20.6972325894,1,0.219808184848,0.124914971263,0.192206400452,0.682878628285,0.0779024497668,0.166161033585,0.755936516649,FLOAT
0.9,3.04,20.9052432351,1,0.218711886952,0.124451052594,0.191648178471,0.683900768934,0.0774296057391,0.165565884714,0.757004509547,FLOAT
0.9,3.05,21.1153444225,1,0.217621056865,0.123988690709,0.191090443714,0.684920865577,0.0769591306823,0.164971793464,0.758069075854,FLOAT
0.9,3.06,21.327557162,1,0.216535667316,0.123527881713,0.1905332037,0.685938914587,0.0764910180727,0.16437876755,0.759130214377,FLOAT
0.9,3.07,21.541902675,1,0.21545569117,0.123068621683,0.189976465894,0.686954912423,0.0760252613475,0.163786814596,0.760187924056,FLOAT
0.9,3.08,21.7584023962,1,0.214381101427,0.122610906679,0.189420237701,0.68796885562,0.0755618539049,0.163195942137,0.761242203958,FLOAT
0.9,3.09,21.9770779758,1,0.213311871223,0.122154732734,0.188864526471,0.688980740795,0.0751007891053,0.162606157615,0.762293053279,FLOAT
0.9,3.1,22.1979512814,1,0.212247973827,0.121700095862,0.188309339497,0.689990564641,0.0746420602719,0.162017468383,0.763340471345,FLOAT
0.9,3.11,22.4210444007,1,0.211189382641,0.121246992057,0.187754684013,0.69099832393,0.0741856606912,0.161429881702,0.764384457607,FLOAT
0.9,3.12,22.6463796432,1,0.210136071201,0.12079541729,0.1872005672,0.69200401551,0.0737315836139,0.160843404745,0.765425011641,FLOAT
0.9,3.13,22.8739795424,1,0.209088013173,0.120345367515,0.18664699618,0.693007636305,0.0732798222555,0.160258044593,0.766462133151,FLOAT
0.9,3.14,23.1038668587,1,0.208045182357,0.119896838666,0.186093978018,0.694009183316,0.0728303697969,0.159673808239,0.767495821964,FLOAT
0.9,3.15,23.3360645809,1,0.207007552681,0.119449826659,0.185541519725,0.695008653616,0.0723832193851,0.159090702585,0.76852607803,FLOAT
0.9,3.16,23.5705959291,1,0.205975098205,0.119004327393,0.184989628254,0.696006044354,0.0719383641343,0.158508734444,0.769552901422,FLOAT
0.9,3.17,23.8074843564,1,0.204947793117,0.118560336748,0.184438310502,0.697001352751,0.0714957971257,0.157927910542,0.770576292333,FLOAT
0.9,3.18,24.0467535521,1,0.203925611734,0.118117850589,0.18388757331,0.6979945761,0.071055511409,0.157348237513,0.771596251078,FLOAT
0.9,3.19,24.2884274431,1,0.202908528503,0.117676864766,0.183337423465,0.698985711768,0.0706175000026,0.156769721905,0.772612778092,FLOAT
0.9,3.2,24.5325301971,1,0.201896517995,0.117237375112,0.182787867697,0.699974757191,0.0701817558945,0.156192370177,0.773625873929,FLOAT
0.9,3.21,24.7790862246,1,0.20088955491,0.116799377446,0.182238912679,0.700961709875,0.0697482720429,0.155616188699,0.774635539258,FLOAT
0.9,3.22,25.0281201813,1,0.199887614075,0.116362867573,0.181690565032,0.701946567395,0.0693170413765,0.155041183755,0.775641774868,FLOAT
0.9,3.23,25.279656971,1,0.198890670441,0.115927841284,0.181142831318,0.702929327398,0.0688880567959,0.154467361541,0.776644581663,FLOAT
0.9,3.24,25.5337217474,1,0.197898699084,0.115494294358,0.180595718047,0.703909987595,0.0684613111734,0.153894728165,0.777643960661,FLOAT
0.9,3.25,25.7903399172,1,0.196911675204,0.11506222256,0.180049231673,0.704888545767,0.0680367973545,0.153323289649,0.778639912996,FLOAT
0.9,3.26,26.0495371425,1,0.195929574127,0.114631621646,0.179503378594,0.705864999761,0.0676145081578,0.152753051928,0.779632439914,FLOAT
0.9,3.27,26.3113393433,1,0.194952371299,0.114202487357,0.178958165154,0.706839347489,0.0671944363759,0.152184020851,0.780621542773,FLOAT
0.9,3.28,26.5757726999,1,0.193980042291,0.113774815426,0.178413597645,0.707811586929,0.0667765747764,0.151616202181,0.781607223043,FLOAT
0.9,3.29,26.8428636559,1,0.193012562794,0.113348601575,0.1778696823,0.708781716125,0.0663609161018,0.151049601595,0.782589482303,FLOAT
0.9,3.3,27.1126389207,1,0.192049908621,0.112923841516,0.177326425303,0.709749733181,0.065947453071,0.150484224685,0.783568322244,FLOAT
0.9,3.31,27.3851254719,1,0.191092055705,0.112500530953,0.176783832779,0.710715636269,0.0655361783789,0.149920076958,0.784543744663,FLOAT
0.9,3.32,27.6603505585,1,0.190138980102,0.112078665579,0.176241910802,0.711679423619,0.0651270846982,0.149357163837,0.785515751465,FLOAT
0.9,3.33,27.9383417032,1,0.189190657982,0.111658241082,0.175700665393,0.712641093525,0.0647201646789,0.148795490659,0.786484344662,FLOAT
0.9,3.34,28.2191267054,1,0.188247065639,0.111239253139,0.175160102518,0.713600644342,0.0643154109497,0.148235062678,0.787449526372,FLOAT
0.9,3.35,28.5027336438,1,0.187308179482,0.110821697424,0.17462022809,0.714558074487,0.0639128161181,0.147675885064,0.788411298817,FLOAT
0.9,3.36,28.7891908792,1,0.186373976039,0.1104055696,0.174081047967,0.715513382432,0.0635123727715,0.147117962905,0.789369664324,FLOAT
0.9,3.37,29.0785270578,1,0.185444431956,0.109990865328,0.173542567959,0.716466566713,0.0631140734772,0.146561301203,0.79032462532,FLOAT
0.9,3.38,29.3707711133,1,0.184519523993,0.10957758026,0.173004793817,0.717417625923,0.0627179107837,0.146005904881,0.791276184336,FLOAT
0.9,3.39,29.6659522704,1,0.183599229028,0.109165710044,0.172467731245,0.718366558711,0.0623238772205,0.145451778776,0.792224344003,FLOAT
0.9,3.4,29.9641000474,1,0.182683524053,0.108755250325,0.17193138589,0.719313363785,0.0619319652994,0.144898927646,0.793169107054,FLOAT
0.9,3.41,30.2652442594,1,0.181772386175,0.108346196742,0.171395763349,0.720258039909,0.0615421675148,0.144347356167,0.794110476318,FLOAT
0.9,3.42,30.5694150211,1,0.180865792617,0.10793854493,0.170860869168,0.721200585903,0.0611544763439,0.143797068933,0.795048454723,FLOAT
0.9,3.43,30.8766427497,1,0.179963720713,0.107532290521,0.170326708837,0.722141000642,0.0607688842482,0.143248070456,0.795983045296,FLOAT
0.9,3.44,31.1869581683,1,0.179066147911,0.107127429146,0.1697932878,0.723079283055,0.060385383673,0.14270036517,0.796914251157,FLOAT
0.9,3.45,31.5003923087,1,0.178173051773,0.106723956431,0.169260611444,0.724015432126,0.0600039670488,0.142153957429,0.797842075522,FLOAT
0.9,3.46,31.8169765147,1,0.17728440997,0.106321868001,0.168728685107,0.724949446891,0.0596246267916,0.141608851504,0.798766521704,FLOAT
0.9,3.47,32.1367424448,1,0.176400200286,0.105921159481,0.168197514078,0.725881326441,0.059247355303,0.14106505159,0.799687593107,FLOAT
0.9,3.48,32.4597220759,1,0.175520400617,0.105521826492,0.16766710359,0.726811069918,0.0588721449716,0.140522561803,0.800605293225,FLOAT
0.9,3.49,32.7859477062,1,0.174644988967,0.105123864657,0.16713745883,0.727738676513,0.058498988173,0.139981386178,0.801519625649,FLOAT
0.9,3.5,33.1154519587,1,0.17377394345,0.104727269597,0.166608584931,0.728664145472,0.0581278772702,0.139441528674,0.802430594055,FLOAT
0.9,3.51,33.4482677839,1,0.172907242292,0.104332036934,0.166080486979,0.729587476088,0.0577588046149,0.138902993172,0.803338202213,FLOAT
0.9,3.52,33.7844284638,1,0.172044863823,0.103938162289,0.165553170006,0.730508667705,0.057391762547,0.138365783475,0.804242453978,FLOAT
0.9,3.53,34.1239676148,1,0.171186786485,0.103545641286,0.165026638996,0.731427719718,0.0570267433961,0.13782990331,0.805143353294,FLOAT
0.9,3.54,34.4669191909,1,0.170332988825,0.10315446955,0.164500898883,0.732344631567,0.0566637394814,0.137295356327,0.806040904192,FLOAT
0.9,3.55,34.8133174876,1,0.169483449499,0.102764642707,0.163975954551,0.733259402742,0.0563027431124,0.136762146099,0.806935110789,FLOAT
0.9,3.56,35.1631971451,1,0.168638147269,0.102376156384,0.163451810836,0.73417203278,0.0559437465897,0.136230276125,0.807825977285,FLOAT
0.9,3.57,35.5165931516,1,0.167797061,0.101989006212,0.162928472523,0.735082521265,0.055586742205,0.135699749828,0.808713507967,FLOAT
0.9,3.58,35.8735408471,1,0.166960169667,0.101603187825,0.162405944348,0.735990867828,0.055231722242,0.135170570556,0.809597707202,FLOAT
0.9,3.59,36.2340759265,1,0.166127452347,0.101218696859,0.161884230999,0.736897072143,0.0548786789767,0.134642741584,0.810478579439,FLOAT
0.9,3.6,36.5982344437,1,0.165298888222,0.100835528954,0.161363337115,0.737801133932,0.0545276046782,0.13411626611,0.811356129211,FLOAT
0.9,3.61,36.9660528148,1,0.164474456577,0.100453679753,0.160843267286,0.73870305296,0.0541784916088,0.133591147262,0.812230361129,FLOAT
0.9,3.62,37.3375678221,1,0.163654136803,0.100073144906,0.160324026056,0.739602829038,0.0538313320246,0.133067388092,0.813101279883,FLOAT
0.9,3.63,37.7128166172,1,0.16283790839,0.0996939200643,0.159805617918,0.740500462018,0.0534861181765,0.132544991582,0.813968890242,FLOAT
0.9,3.64,38.0918367254,1,0.162025750934,0.0993160008852,0.159288047318,0.741395951797,0.0531428423097,0.132023960638,0.814833197052,FLOAT
0.9,3.65,38.474666049,1,0.16121764413,0.0989393830312,0.158771318656,0.742289298313,0.0528014966653,0.131504298098,0.815694205236,FLOAT
0.9,3.66,38.8613428713,1,0.160413567775,0.0985640621705,0.158255436282,0.743180501547,0.0524620734797,0.130986006728,0.816551919793,FLOAT
0.9,3.67,39.2519058603,1,0.159613501768,0.0981900339766,0.157740404501,0.744069561522,0.0521245649859,0.13046908922,0.817406345794,FLOAT
0.9,3.68,39.6463940726,1,0.158817426107,0.0978172941295,0.157226227571,0.7449564783,0.0517889634136,0.129953548198,0.818257488388,FLOAT
0.9,3.69,40.0448469573,1,0.15802532089,0.0974458383153,0.1567129097,0.745841251985,0.0514552609897,0.129439386218,0.819105352793,FLOAT
0.9,3.7,40.4473043601,1,0.157237166314,0.0970756622269,0.156200455052,0.746723882721,0.0511234499389,0.128926605761,0.8199499443,FLOAT
0.9,3.71,40.853806527,1,0.156452942675,0.096706761564,0.155688867746,0.74760437069,0.0507935224837,0.128415209243,0.820791268273,FLOAT
0.9,3.72,41.2643941086,1,0.155672630368,0.0963391320338,0.155178151851,0.748482716116,0.0504654708456,0.127905199011,0.821629330143,FLOAT
0.9,3.73,41.679108164,1,0.154896209885,0.0959727693508,0.154668311392,0.749358919257,0.0501392872448,0.127396577342,0.822464135413,FLOAT
0.9,3.74,42.097990165,1,0.154123661815,0.0956076692372,0.154159350349,0.750232980414,0.0498149639012,0.126889346446,0.823295689653,FLOAT
0.9,3.75,42.5210820001,1,0.153354966845,0.0952438274235,0.153651272655,0.751104899922,0.0494924930344,0.126383508466,0.8241239985,FLOAT
0.9,3.76,42.9484259788,1,0.152590105757,0.0948812396483,0.153144082197,0.751974678155,0.0491718668646,0.125879065478,0.824949067658,FLOAT
0.9,3.77,43.3800648359,1,0.151829059429,0.0945199016587,0.15263778282,0.752842315522,0.0488530776124,0.125376019491,0.825770902897,FLOAT
0.9,3.78,43.8160417356,1,0.151071808836,0.0941598092108,0.152132378319,0.75370781247,0.0485361175,0.124874372449,0.826589510051,FLOAT
0.9,3.79,44.256400276,1,0.150318335046,0.0938009580696,0.15162787245,0.754571169481,0.0482209787508,0.124374126229,0.827404895021,FLOAT
0.9,3.8,44.7011844933,1,0.149568619223,0.0934433440094,0.151124268919,0.755432387072,0.0479076535905,0.123875282644,0.828217063766,FLOAT
0.9,3.81,45.1504388663,1,0.148822642622,0.0930869628139,0.150621571391,0.756291465795,0.0475961342471,0.123377843443,0.82902602231,FLOAT
0.9,3.82,45.6042083208,1,0.148080386595,0.0927318102766,0.150119783486,0.757148406237,0.0472864129515,0.122881810309,0.82983177674,FLOAT
0.9,3.83,46.0625382342,1,0.147341832586,0.092377882201,0.149618908779,0.75800320902,0.0469784819378,0.122387184863,0.8306343332,FLOAT
0.9,3.84,46.5254744398,1,0.14660696213,0.0920251744007,0.149118950803,0.758855874796,0.0466723334437,0.121893968661,0.831433697895,FLOAT
0.9,3.85,46.9930632316,1,0.145875756856,0.0916736826996,0.148619913046,0.759706404254,0.0463679597109,0.121402163199,0.83222987709,FLOAT
0.9,3.86,47.4653513689,1,0.145148198484,0.0913234029323,0.148121798954,0.760554798114,0.0460653529856,0.120911769908,0.833022877107,FLOAT
0.9,3.87,47.9423860808,1,0.144424268824,0.0909743309439,0.147624611927,0.761401057129,0.0457645055187,0.120422790158,0.833812704324,FLOAT
0.9,3.88,48.4242150713,1,0.143703949778,0.0906264625908,0.147128355325,0.762245182084,0.0454654095663,0.119935225258,0.834599365176,FLOAT
0.9,3.89,48.9108865237,1,0.142987223338,0.0902797937404,0.146633032465,0.763087173794,0.0451680573901,0.119449076456,0.835382866154,FLOAT
0.9,3.9,49.4024491055,1,0.142274071587,0.0899343202712,0.14613864662,0.763927033109,0.0448724412575,0.118964344939,0.836163213804,FLOAT
0.9,3.91,49.8989519734,1,0.141564476694,0.0895900380737,0.145645201021,0.764764760905,0.0445785534425,0.118481031834,0.836940414723,FLOAT
0.9,3.92,50.4004447781,1,0.140858420921,0.0892469430495,0.145152698858,0.765600358093,0.0442863862254,0.117999138211,0.837714475564,FLOAT
0.9,3.93,50.9069776692,1,0.140155886616,0.0889050311126,0.144661143277,0.76643382561,0.0439959318936,0.117518665076,0.83848540303,FLOAT
0.9,3.94,51.4186013005,1,0.139456856215,0.0885642981885,0.144170537385,0.767265164427,0.043707182742,0.117039613381,0.839253203877,FLOAT
0.9,3.95,51.9353668348,1,0.138761312243,0.0882247402153,0.143680884245,0.76809437554,0.043420131073,0.116561984018,0.840017884909,FLOAT
0.9,3.96,52.4573259491,1,0.138069237311,0.0878863531432,0.143192186879,0.768921459977,0.0431347691971,0.11608577782,0.840779452983,FLOAT
0.9,3.97,52.9845308397,1,0.137380614117,0.0875491329348,0.14270444827,0.769746418795,0.0428510894331,0.115610995566,0.841537915001,FLOAT
0.9,3.98,53.5170342275,1,0.136695425446,0.0872130755655,0.142217671358,0.770569253076,0.0425690841087,0.115137637975,0.842293277917,FLOAT
0.9,3.99,54.0548893633,1,0.136013654167,0.0868781770233,0.141731859043,0.771389963934,0.0422887455603,0.114665705712,0.843045548728,FLOAT
0.9,4,54.5981500331,1,0.135335283237,0.0865444333092,0.141247014183,0.772208552508,0.0420100661341,0.114195199385,0.843794734481,FLOAT
0.99,-4,0.0183156388887,1,7.38905609893,0.683813241761,0.26251304379,0.0536737144484,0.705384512698,0.259496460342,0.0351190269593,FLOAT
0.99,-3.99,0.0184997141198,1,7.35220302789,0.683234255381,0.262906632854,0.0538591117646,0.704740425298,0.259908473476,0.0353511012264,FLOAT
0.99,-3.98,0.0186856393377,1,7.31553376231,0.682653994143,0.2633001444,0.0540458614569,0.704094971528,0.260320418159,0.0355846103125,FLOAT
0.99,-3.97,0.0188734331352,1,7.27904738545,0.68207245377,0.263693573805,0.0542339724251,0.703448148756,0.260732289229,0.0358195620145,FLOAT
0.99,-3.96,0.0190631142916,1,7.24274298516,0.681489629989,0.264086916415,0.0544234535959,0.702799954352,0.261144081489,0.0360559641594,FLOAT
0.99,-3.95,0.0192547017754,1,7.20661965382,0.680905518526,0.264480167552,0.0546143139222,0.702150385688,0.261555789707,0.0362938246045,FLOAT
0.99,-3.94,0.0194482147454,1,7.17067648835,0.68032011511,0.264873322506,0.0548065623836,0.70149944014,0.261967408622,0.0365331512373,FLOAT
0.99,-3.93,0.0196436725531,1,7.13491259016,0.679733415473,0.265266376541,0.0550002079856,0.700847115085,0.262378932939,0.0367739519754,FLOAT
0.99,-3.92,0.0198410947444,1,7.09932706516,0.679145415349,0.265659324891,0.05519525976,0.700193407904,0.262790357329,0.0370162347666,FLOAT
0.99,-3.91,0.0200405010617,1,7.0639190237,0.678556110474,0.266052162762,0.0553917267644,0.699538315981,0.26320167643,0.0372600075889,FLOAT
0.99,-3.9,0.0202419114458,1,7.02868758059,0.677965496588,0.26644488533,0.0555896180822,0.698881836702,0.263612884848,0.03750527845,FLOAT
0.99,-3.89,0.0204453460379,1,6.99363185503,0.677373569435,0.266837487742,0.0557889428226,0.698223967457,0.264023977155,0.037752055388,FLOAT
0.99,-3.88,0.0206508251817,1,6.95875097064,0.676780324762,0.267229965118,0.05598971012,0.697564705641,0.264434947888,0.0380003464708,FLOAT
0.99,-3.87,0.0208583694252,1,6.92404405538,0.676185758319,0.267622312546,0.0561919291345,0.69690404865,0.264845791554,0.0382501597962,FLOAT
0.99,-3.86,0.021067999523,1,6.88951024158,0.675589865864,0.268014525085,0.0563956090511,0.696241993885,0.265256502623,0.0385015034918,FLOAT
0.99,-3.85,0.0212797364384,1,6.8551486659,0.674992643155,0.268406597764,0.0566007590801,0.695578538751,0.265667075534,0.0387543857153,FLOAT
0.99,-3.84,0.0214936013451,1,6.82095846929,0.67439408596,0.268798525584,0.0568073884567,0.694913680656,0.26607750469,0.0390088146538,FLOAT
0.99,-3.83,0.0217096156298,1,6.786938797,0.673794190047,0.269190303512,0.0570155064408,0.694247417014,0.266487784462,0.0392647985244,FLOAT
0.99,-3.82,0.0219278008943,1,6.75308879853,0.673192951194,0.269581926489,0.057225122317,0.693579745241,0.266897909185,0.0395223455736,FLOAT
0.99,-3.81,0.022148178957,1,6.71940762763,0.672590365183,0.269973389422,0.0574362453944,0.69291066276,0.267307873162,0.0397814640777,FLOAT
0.99,-3.8,0.0223707718562,1,6.68589444228,0.671986427803,0.270364687191,0.0576488850064,0.692240166997,0.267717670661,0.0400421623422,FLOAT
0.99,-3.79,0.0225956018511,1,6.65254840463,0.671381134849,0.270755814641,0.0578630505106,0.691568255382,0.268127295915,0.0403044487024,FLOAT
0.99,-3.78,0.0228226914251,1,6.61936868104,0.670774482122,0.271146766589,0.0580787512889,0.690894925353,0.268536743124,0.0405683315228,FLOAT
0.99,-3.77,0.0230520632872,1,6.58635444202,0.670166465433,0.271537537821,0.0582959967468,0.690220174349,0.268946006454,0.0408338191972,FLOAT
0.99,-3.76,0.0232837403749,1,6.55350486219,0.669557080597,0.271928123089,0.0585147963137,0.689543999818,0.269355080033,0.0411009201485,FLOAT
0.99,-3.75,0.023517745856,1,6.52081912033,0.66894632344,0.272318517117,0.0587351594428,0.688866399211,0.26976395796,0.0413696428289,FLOAT
0.99,-3.74,0.0237541031313,1,6.48829639929,0.668334189795,0.272708714595,0.0589570956104,0.688187369986,0.270172634294,0.0416399957196,FLOAT
0.99,-3.73,0.0239928358367,1,6.45593588599,0.667720675502,0.273098710181,0.0591806143165,0.687506909606,0.270581103063,0.0419119873309,FLOAT
0.99,-3.72,0.0242339678457,1,6.42373677143,0.667105776412,0.273488498504,0.0594057250841,0.686825015541,0.270989358258,0.0421856262017,FLOAT
0.99,-3.71,0.0244775232717,1,6.39169825062,0.666489488383,0.273878074158,0.0596324374593,0.686141685264,0.271397393836,0.0424609208999,FLOAT
0.99,-3.7,0.0247235264703,1,6.3598195226,0.665871807284,0.274267431705,0.059860761011,0.685456916259,0.271805203719,0.0427378800221,FLOAT
0.99,-3.69,0.0249720020423,1,6.3280997904,0.665252728994,0.274656565675,0.060090705331,0.684770706013,0.272212781794,0.0430165121933,FLOAT
0.99,-3.68,0.0252229748352,1,6.29653826103,0.6646322494,0.275045470566,0.0603222800334,0.68408305202,0.272620121913,0.0432968260672,FLOAT
0.99,-3.67,0.0254764699467,1,6.26513414544,0.664010364402,0.275434140843,0.0605554947551,0.683393951782,0.273027217892,0.0435788303258,FLOAT
0.99,-3.66,0.0257325127264,1,6.23388665852,0.663387069907,0.275822570938,0.060790359155,0.682703402807,0.273434063513,0.0438625336794,FLOAT
0.99,-3.65,0.0259911287788,1,6.2027950191,0.662762361837,0.276210755249,0.0610268829143,0.682011402612,0.273840652522,0.0441479448665,FLOAT
0.99,-3.64,0.0262523439657,1,6.17185844988,0.662136236123,0.276598688141,0.061265075736,0.681317948718,0.274246978628,0.0444350726536,FLOAT
0.99,-3.63,0.0265161844089,1,6.14107617744,0.661508688708,0.276986363947,0.061504947345,0.680623038657,0.274653035508,0.0447239258351,FLOAT
0.99,-3.62,0.0267826764926,1,6.11044743223,0.660879715547,0.277373776965,0.061746507488,0.679926669967,0.2750588168,0.0450145132334,FLOAT
0.99,-3.61,0.0270518468664,1,6.07997144852,0.660249312607,0.27776092146,0.061989765933,0.679228840193,0.275464316109,0.0453068436984,FLOAT
0.99,-3.6,0.0273237224473,1,6.04964746441,0.659617475867,0.278147791663,0.0622347324694,0.678529546889,0.275869527003,0.0456009261078,FLOAT
0.99,-3.59,0.0275983304232,1,6.01947472181,0.658984201322,0.278534381771,0.0624814169078,0.67782878762,0.276274443014,0.0458967693664,FLOAT
0.99,-3.58,0.0278756982552,1,5.98945246638,0.658349484975,0.278920685945,0.0627298290799,0.677126559954,0.276679057639,0.0461943824067,FLOAT
0.99,-3.57,0.0281558536803,1,5.95957994758,0.657713322847,0.279306698315,0.0629799788381,0.676422861473,0.277083364339,0.0464937741881,FLOAT
0.99,-3.56,0.0284388247142,1,5.92985641859,0.657075710971,0.279692412973,0.0632318760557,0.675717689765,0.277487356538,0.0467949536971,FLOAT
0.99,-3.55,0.0287246396542,1,5.90028113632,0.656436645394,0.28007782398,0.0634855306262,0.675011042426,0.277891027627,0.0470979299471,FLOAT
0.99,-3.54,0.0290133270822,1,5.87085336138,0.655796122177,0.280462925359,0.0637409524639,0.674302917065,0.278294370956,0.0474027119783,FLOAT
0.99,-3.53,0.029304915867,1,5.84157235809,0.655154137397,0.2808477111,0.063998151503,0.673593311298,0.278697379844,0.0477093088573,FLOAT
0.99,-3.52,0.0295994351679,1,5.8124373944,0.654510687145,0.281232175157,0.0642571376978,0.672882222751,0.279100047571,0.0480177296774,FLOAT
0.99,-3.51,0.0298969144369,1,5.78344774196,0.653865767528,0.281616311449,0.0645179210223,0.67216964906,0.279502367382,0.048327983558,FLOAT
0.99,-3.5,0.0301973834223,1,5.75460267601,0.653219374669,0.28200011386,0.0647805114706,0.671455587871,0.279904332484,0.0486400796447,FLOAT
0.99,-3.49,0.0305008721712,1,5.72590147542,0.652571504707,0.282383576237,0.0650449190558,0.670740036841,0.28030593605,0.0489540271088,FLOAT
0.99,-3.48,0.0308074110328,1,5.69734342267,0.651922153795,0.282766692394,0.0653111538107,0.670022993637,0.280707171216,0.0492698351478,FLOAT
0.99,-3.47,0.0311170306611,1,5.6689278038,0.651271318106,0.283149456106,0.0655792257871,0.669304455936,0.281108031079,0.0495875129845,FLOAT
0.99,-3.46,0.0314297620184,1,5.64065390843,0.650618993829,0.283531861116,0.0658491450557,0.668584421428,0.281508508705,0.0499070698672,FLOAT
0.99,-3.45,0.0317456363781,1,5.61252102969,0.649965177168,0.283913901126,0.0661209217061,0.667862887813,0.281908597118,0.0502285150695,FLOAT
0.99,-3.44,0.0320646853279,1,5.58452846428,0.649309864347,0.284295569806,0.0663945658465,0.667139852801,0.282308289309,0.05055185789,FLOAT
0.99,-3.43,0.0323869407729,1,5.55667551236,0.648653051608,0.284676860788,0.0666700876035,0.666415314117,0.28270757823,0.0508771076522,FLOAT
0.99,-3.42,0.032712434939,1,5.52896147762,0.64799473521,0.285057767668,0.0669474971218,0.665689269496,0.2831064568,0.0512042737042,FLOAT
0.99,-3.41,0.0330412003759,1,5.50138566721,0.647334911431,0.285438284005,0.0672268045643,0.664961716683,0.283504917898,0.0515333654188,FLOAT
0.99,-3.4,0.0333732699603,1,5.47394739173,0.646673576567,0.285818403321,0.0675080201116,0.664232653439,0.283902954368,0.0518643921929,FLOAT
0.99,-3.39,0.0337086768996,1,5.44664596521,0.646010726935,0.286198119103,0.0677911539621,0.663502077536,0.284300559016,0.0521973634475,FLOAT
0.99,-3.38,0.0340474547346,1,5.41948070513,0.645346358871,0.286577424797,0.0680762163315,0.662769986759,0.284697724614,0.0525322886276,FLOAT
0.99,-3.37,0.0343896373435,1,5.39245093235,0.644680468729,0.286956313818,0.0683632174527,0.662036378905,0.285094443893,0.0528691772016,FLOAT
0.99,-3.36,0.0347352589447,1,5.36555597112,0.644013052886,0.287334779538,0.0686521675759,0.661301251786,0.285490709553,0.0532080386616,FLOAT
0.99,-3.35,0.0350843541008,1,5.33879514907,0.643344107736,0.287712815296,0.0689430769678,0.660564603226,0.285886514252,0.0535488825229,FLOAT
0.99,-3.34,0.0354369577216,1,5.31216779718,0.642673629697,0.288090414391,0.069235955912,0.659826431063,0.286281850613,0.0538917183236,FLOAT
0.99,-3.33,0.0357931050677,1,5.28567324976,0.642001615205,0.288467570086,0.0695308147082,0.659086733151,0.286676711225,0.0542365556247,FLOAT
0.99,-3.32,0.036152831754,1,5.25931084445,0.641328060721,0.288844275606,0.0698276636726,0.658345507355,0.287071088635,0.0545834040097,FLOAT
0.99,-3.31,0.0365161737537,1,5.23307992218,0.640652962725,0.289220524137,0.0701265131372,0.657602751557,0.287464975358,0.0549322730845,FLOAT
0.99,-3.3,0.0368831674012,1,5.20697982718,0.63997631772,0.28959630883,0.0704273734498,0.656858463653,0.28785836387,0.0552831724769,FLOAT
0.99,-3.29,0.0372538493962,1,5.18100990695,0.63929812223,0.289971622796,0.0707302549737,0.656112641554,0.288251246609,0.0556361118365,FLOAT
0.99,-3.28,0.0376282568072,1,5.15516951223,0.638618372804,0.290346459109,0.0710351680876,0.655365283186,0.288643615979,0.0559911008347,FLOAT
0.99,-3.27,0.0380064270752,1,5.12945799703,0.637937066012,0.290720810803,0.071342123185,0.65461638649,0.289035464346,0.0563481491638,FLOAT
0.99,-3.26,0.0383883980176,1,5.10387471854,0.637254198448,0.291094670878,0.0716511306746,0.653865949425,0.289426784038,0.0567072665375,FLOAT
0.99,-3.25,0.0387742078317,1,5.07841903718,0.636569766729,0.291468032292,0.0719622009794,0.653113969963,0.289817567347,0.05706846269,FLOAT
0.99,-3.24,0.039163895099,1,5.05309031656,0.635883767498,0.291840887965,0.072275344537,0.652360446094,0.29020780653,0.0574317473761,FLOAT
0.99,-3.23,0.0395574987884,1,5.02788792347,0.635196197419,0.292213230782,0.0725905717988,0.651605375825,0.290597493804,0.057797130371,FLOAT
0.99,-3.22,0.0399550582607,1,5.00281122783,0.634507053183,0.292585053586,0.0729078932304,0.650848757179,0.290986621351,0.0581646214696,FLOAT
0.99,-3.21,0.040356613272,1,4.97785960274,0.633816331506,0.292956349184,0.0732273193108,0.650090588197,0.291375181317,0.0585342304866,FLOAT
0.99,-3.2,0.0407622039784,1,4.9530324244,0.633124029126,0.293327110341,0.0735488605324,0.649330866935,0.291763165809,0.058905967256,FLOAT
0.99,-3.19,0.0411718709391,1,4.92832907212,0.632430142811,0.293697329788,0.0738725274008,0.648569591469,0.2921505669,0.0592798416308,FLOAT
0.99,-3.18,0.0415856551212,1,4.90374892833,0.631734669352,0.294067000213,0.0741983304342,0.647806759893,0.292537376624,0.0596558634831,FLOAT
0.99,-3.17,0.0420035979034,1,4.87929137851,0.631037605567,0.294436114269,0.0745262801637,0.647042370318,0.292923586979,0.0600340427032,FLOAT
0.99,-3.16,0.0424257410805,1,4.85495581124,0.630338948299,0.294804664568,0.0748563871324,0.646276420873,0.293309189927,0.0604143891996,FLOAT
0.99,-3.15,0.042852126867,1,4.83074161811,0.629638694421,0.295172643684,0.0751886618955,0.645508909708,0.293694177393,0.0607969128988,FLOAT
0.99,-3.14,0.043282797902,1,4.80664819378,0.628936840829,0.295540044151,0.0755231150202,0.64473983499,0.294078541265,0.0611816237448,FLOAT
0.99,-3.13,0.0437177972528,1,4.7826749359,0.62823338445,0.295906858465,0.0758597570847,0.643969194906,0.294462273395,0.0615685316987,FLOAT
0.99,-3.12,0.0441571684197,1,4.75882124514,0.627528322237,0.296273079085,0.0761985986788,0.643196987663,0.294845365598,0.0619576467386,FLOAT
0.99,-3.11,0.0446009553403,1,4.73508652516,0.626821651171,0.296638698426,0.0765396504029,0.642423211487,0.295227809653,0.0623489788592,FLOAT
0.99,-3.1,0.0450492023936,1,4.71147018259,0.626113368262,0.29700370887,0.0768829228682,0.641647864626,0.295609597303,0.0627425380713,FLOAT
0.99,-3.09,0.0455019544046,1,4.68797162702,0.625403470548,0.297368102756,0.077228426696,0.640870945345,0.295990720253,0.0631383344018,FLOAT
0.99,-3.08,0.045959256649,1,4.66459027099,0.624691955098,0.297731872384,0.0775761725177,0.640092451934,0.296371170173,0.0635363778929,FLOAT
0.99,-3.07,0.0464211548574,1,4.64132552995,0.623978819007,0.298095010018,0.0779261709743,0.639312382702,0.296750938696,0.0639366786021,FLOAT
0.99,-3.06,0.04688769522,1,4.6181768223,0.623264059403,0.298457507881,0.0782784327164,0.638530735978,0.29713001742,0.0643392466018,FLOAT
0.99,-3.05,0.0473589243911,1,4.59514356931,0.622547673442,0.298819358155,0.0786329684032,0.637747510115,0.297508397906,0.0647440919786,FLOAT
0.99,-3.04,0.0478348894942,1,4.57222519514,0.621829658311,0.299180552986,0.0789897887031,0.636962703488,0.297886071679,0.0651512248336,FLOAT
0.99,-3.03,0.0483156381261,1,4.54942112685,0.621110011227,0.29954108448,0.0793489042925,0.636176314492,0.298263030227,0.0655606552813,FLOAT
0.99,-3.02,0.048801218362,1,4.52673079431,0.620388729439,0.299900944704,0.0797103258562,0.635388341547,0.298639265003,0.0659723934497,FLOAT
0.99,-3.01,0.0492916787605,1,4.50415363029,0.619665810228,0.300260125686,0.0800740640864,0.634598783095,0.299014767425,0.0663864494796,FLOAT
0.99,-3,0.0497870683679,1,4.48168907034,0.618941250903,0.300618619414,0.0804401296829,0.633807637601,0.299389528874,0.0668028335245,FLOAT
0.99,-2.99,0.0502874367236,1,4.45933655285,0.61821504881,0.300976417838,0.0808085333525,0.633014903554,0.299763540696,0.0672215557502,FLOAT
0.99,-2.98,0.0507928338649,1,4.437095519,0.617487201323,0.301333512868,0.0811792858087,0.632220579466,0.3001367942,0.067642626334,FLOAT
0.99,-2.97,0.0513033103319,1,4.41496541278,0.616757705851,0.301689896377,0.0815523977712,0.631424663874,0.300509280661,0.0680660554648,FLOAT
0.99,-2.96,0.0518189171727,1,4.39294568092,0.616026559836,0.302045560198,0.0819278799657,0.63062715534,0.300880991318,0.0684918533423,FLOAT
0.99,-2.95,0.0523397059484,1,4.37103577293,0.615293760752,0.302400496124,0.0823057431237,0.629828052449,0.301251917374,0.0689200301768,FLOAT
0.99,-2.94,0.0528657287384,1,4.34923514106,0.614559306107,0.302754695911,0.0826859979818,0.629027353813,0.301622049998,0.0693505961888,FLOAT
0.99,-2.93,0.0533970381452,1,4.3275432403,0.613823193444,0.303108151275,0.0830686552812,0.628225058069,0.301991380323,0.0697835616084,FLOAT
0.99,-2.92,0.0539336873004,1,4.30595952835,0.613085420339,0.303460853893,0.0834537257679,0.627421163879,0.302359899446,0.070218936675,FLOAT
0.99,-2.91,0.0544757298692,1,4.2844834656,0.612345984403,0.303812795405,0.083841220192,0.626615669932,0.302727598432,0.0706567316369,FLOAT
0.99,-2.9,0.0550232200564,1,4.26311451517,0.611604883283,0.30416396741,0.0842311493069,0.625808574942,0.303094468307,0.0710969567505,FLOAT
0.99,-2.89,0.0555762126115,1,4.24185214282,0.610862114659,0.304514361471,0.0846235238696,0.624999877652,0.303460500067,0.0715396222805,FLOAT
0.99,-2.88,0.0561347628341,1,4.220695817,0.610117676249,0.304863969111,0.08501835464,0.624189576832,0.30382568467,0.0719847384988,FLOAT
0.99,-2.87,0.0566989265798,1,4.19964500879,0.609371565806,0.305212781814,0.0854156523803,0.623377671276,0.304190013039,0.0724323156845,FLOAT
0.99,-2.86,0.0572687602655,1,4.17869919192,0.608623781118,0.305560791027,0.0858154278547,0.622564159811,0.304553476066,0.072882364123,FLOAT
0.99,-2.85,0.0578443208748,1,4.15785784276,0.607874320012,0.305907988159,0.0862176918292,0.621749041287,0.304916064607,0.0733348941061,FLOAT
0.99,-2.84,0.0584256659645,1,4.13712044025,0.607123180351,0.306254364578,0.086622455071,0.620932314587,0.305277769482,0.073789915931,FLOAT
0.99,-2.83,0.0590128536694,1,4.11648646597,0.606370360034,0.306599911618,0.087029728348,0.620113978619,0.305638581481,0.0742474398999,FLOAT
0.99,-2.82,0.0596059427089,1,4.09595540407,0.605615857,0.306944620572,0.0874395224283,0.619294032323,0.305998491357,0.0747074763198,FLOAT
0.99,-2.81,0.0602049923924,1,4.07552674127,0.604859669224,0.307288482696,0.0878518480801,0.618472474668,0.30635748983,0.0751700355018,FLOAT
0.99,-2.8,0.0608100626252,1,4.05519996684,0.604101794721,0.307631489208,0.0882667160709,0.617649304652,0.306715567587,0.0756351277606,FLOAT
0.99,-2.79,0.061421213915,1,4.03497457263,0.603342231543,0.30797363129,0.0886841371672,0.616824521303,0.307072715283,0.076102763414,FLOAT
0.99,-2.78,0.0620385073774,1,4.01485005299,0.602580977782,0.308314900084,0.089104122134,0.615998123681,0.307428923536,0.0765729527824,FLOAT
0.99,-2.77,0.0626620047422,1,3.99482590482,0.60181803157,0.308655286696,0.0895266817344,0.615170110876,0.307784182935,0.0770457061882,FLOAT
0.99,-2.76,0.0632917683596,1,3.97490162749,0.601053391077,0.308994782194,0.089951826729,0.61434048201,0.308138484035,0.0775210339555,FLOAT
0.99,-2.75,0.0639278612067,1,3.95507672292,0.600287054514,0.309333377611,0.0903795678755,0.613509236235,0.308491817356,0.0779989464093,FLOAT
0.99,-2.74,0.0645703468932,1,3.93535069547,0.599519020132,0.309671063939,0.0908099159282,0.612676372737,0.308844173388,0.0784794538752,FLOAT
0.99,-2.73,0.0652192896681,1,3.91572305199,0.598749286225,0.310007832138,0.0912428816375,0.611841890733,0.309195542588,0.0789625666787,FLOAT
0.99,-2.72,0.0658747544264,1,3.8961933018,0.597977851124,0.310343673126,0.0916784757494,0.611005789474,0.309545915381,0.0794482951446,FLOAT
0.99,-2.71,0.066536806715,1,3.87676095663,0.597204713206,0.310678577789,0.092116709005,0.610168068243,0.30989528216,0.0799366495966,FLOAT
0.99,-2.7,0.0672055127397,1,3.8574255307,0.596429870885,0.311012536975,0.09255759214,0.609328726358,0.310243633286,0.0804276403567,FLOAT
0.99,-2.69,0.0678809393718,1,3.8381865406,0.595653322621,0.311345541495,0.0930011358841,0.608487763168,0.310590959087,0.0809212777446,FLOAT
0.99,-2.68,0.0685631541543,1,3.81904350537,0.594875066916,0.311677582124,0.0934473509607,0.607645178059,0.310937249864,0.0814175720771,FLOAT
0.99,-2.67,0.0692522253093,1,3.79999594642,0.594095102312,0.312008649602,0.0938962480861,0.606800970451,0.311282495881,0.0819165336675,FLOAT
0.99,-2.66,0.0699482217447,1,3.78104338757,0.593313427397,0.312338734634,0.094347837969,0.605955139799,0.311626687376,0.0824181728252,FLOAT
0.99,-2.65,0.0706512130604,1,3.762185355,0.592530040803,0.312667827887,0.0948021313102,0.605107685591,0.311969814554,0.0829224998549,FLOAT
0.99,-2.64,0.0713612695564,1,3.74342137726,0.591744941203,0.312995919995,0.0952591388018,0.604258607355,0.312311867589,0.083429525056,FLOAT
0.99,-2.63,0.0720784622388,1,3.72475098525,0.590958127317,0.313323001557,0.0957188711266,0.603407904651,0.312652836627,0.0839392587222,FLOAT
0.99,-2.62,0.0728028628274,1,3.70617371221,0.590169597908,0.313649063134,0.0961813389579,0.602555577078,0.312992711781,0.0844517111407,FLOAT
0.99,-2.61,0.0735345437631,1,3.68768909371,0.589379351785,0.313974095256,0.0966465529585,0.601701624272,0.313331483136,0.0849668925917,FLOAT
0.99,-2.6,0.0742735782143,1,3.66929666762,0.588587387802,0.314298088417,0.0971145237804,0.600846045905,0.313669140748,0.0854848133475,FLOAT
0.99,-2.59,0.0750200400853,1,3.65099597414,0.587793704859,0.314621033077,0.0975852620641,0.599988841686,0.314005674642,0.0860054836724,FLOAT
0.99,-2.58,0.0757740040228,1,3.63278655575,0.586998301901,0.314942919661,0.0980587784381,0.599130011364,0.314341074815,0.0865289138215,FLOAT
0.99,-2.57,0.0765355454239,1,3.61466795722,0.586201177921,0.315263738561,0.0985350835182,0.598269554726,0.314675331234,0.0870551140405,FLOAT
0.99,-2.56,0.0773047404433,1,3.59663972557,0.585402331957,0.315583480136,0.0990141879069,0.597407471596,0.315008433839,0.0875840945647,FLOAT
0.99,-2.55,0.0780816660012,1,3.5787014101,0.584601763096,0.315902134711,0.0994961021929,0.59654376184,0.315340372542,0.0881158656186,FLOAT
0.99,-2.54,0.0788663997907,1,3.56085256236,0.583799470471,0.316219692578,0.0999808369505,0.595678425361,0.315671137224,0.0886504374152,FLOAT
0.99,-2.53,0.0796590202859,1,3.54309273611,0.582995453265,0.316536143997,0.100468402739,0.594811462104,0.316000717741,0.0891878201552,FLOAT
0.99,-2.52,0.0804596067495,1,3.52542148737,0.582189710706,0.316851479193,0.100958810101,0.593942872052,0.316329103921,0.0897280240264,FLOAT
0.99,-2.51,0.0812682392409,1,3.50783837434,0.581382242074,0.317165688362,0.101452069564,0.593072655232,0.316656285565,0.0902710592031,FLOAT
0.99,-2.5,0.0820849986239,1,3.49034295746,0.580573046695,0.317478761667,0.101948191638,0.592200811709,0.316982252446,0.0908169358452,FLOAT
0.99,-2.49,0.0829099665752,1,3.47293479934,0.579762123947,0.317790689237,0.102447186815,0.591327341592,0.31730699431,0.0913656640979,FLOAT
0.99,-2.48,0.0837432255922,1,3.45561346476,0.578949473256,0.318101461173,0.10294906557,0.59045224503,0.317630500879,0.0919172540905,FLOAT
0.99,-2.47,0.0845848590016,1,3.43837852071,0.578135094099,0.318411067543,0.103453838357,0.589575522216,0.317952761848,0.0924717159362,FLOAT
0.99,-2.46,0.0854349509673,1,3.42122953629,0.577318986003,0.318719498385,0.103961515612,0.588697173384,0.318273766885,0.0930290597309,FLOAT
0.99,-2.45,0.0862935864994,1,3.40416608279,0.576501148546,0.319026743704,0.10447210775,0.587817198814,0.318593505633,0.0935892955529,FLOAT
0.99,-2.44,0.087160851462,1,3.38718773362,0.575681581356,0.319332793479,0.104985625165,0.586935598826,0.318911967713,0.0941524334619,FLOAT
0.99,-2.43,0.0880368325824,1,3.37029406432,0.574860284115,0.319637637656,0.105502078229,0.586052373786,0.319229142716,0.0947184834984,FLOAT
0.99,-2.42,0.0889216174594,1,3.35348465255,0.574037256555,0.319941266152,0.106021477292,0.585167524104,0.319545020213,0.0952874556829,FLOAT
0.99,-2.41,0.0898152945722,1,3.33675907807,0.573212498462,0.320243668856,0.106543832682,0.584281050235,0.319859589749,0.0958593600154,FLOAT
0.99,-2.4,0.0907179532894,1,3.32011692274,0.572386009673,0.320544835626,0.107069154701,0.58339295268,0.320172840846,0.0964342064743,FLOAT
0.99,-2.39,0.0916296838775,1,3.3035577705,0.571557790078,0.320844756294,0.107597453628,0.582503231983,0.320484763001,0.0970120050156,FLOAT
0.99,-2.38,0.0925505775103,1,3.28708120738,0.570727839623,0.321143420661,0.108128739716,0.581611888737,0.320795345691,0.0975927655728,FLOAT
0.99,-2.37,0.0934807262781,1,3.27068682147,0.569896158304,0.321440818502,0.108663023194,0.580718923578,0.321104578367,0.0981764980551,FLOAT
0.99,-2.36,0.0944202231963,1,3.25437420289,0.569062746175,0.321736939565,0.10920031426,0.579824337193,0.321412450459,0.0987632123478,FLOAT
0.99,-2.35,0.0953691622155,1,3.23814294384,0.568227603342,0.322031773569,0.109740623089,0.578928130313,0.321718951377,0.0993529183105,FLOAT
0.99,-2.34,0.0963276382305,1,3.22199263853,0.567390729967,0.322325310207,0.110283959827,0.578030303717,0.322024070506,0.0999456257768,FLOAT
0.99,-2.33,0.0972957470895,1,3.2059228832,0.566552126266,0.322617539146,0.110830334588,0.577130858234,0.322327797212,0.100541344554,FLOAT
0.99,-2.32,0.0982735856044,1,3.18993327612,0.565711792513,0.322908450028,0.111379757459,0.576229794739,0.322630120841,0.10114008442,FLOAT
0.99,-2.31,0.0992612515596,1,3.17402341753,0.564869729037,0.323198032466,0.111932238497,0.575327114158,0.322931030715,0.101741855127,FLOAT
0.99,-2.3,0.100258843723,1,3.15819290969,0.564025936223,0.323486276052,0.112487787725,0.574422817464,0.323230516141,0.102346666396,FLOAT
0.99,-2.29,0.101266461854,1,3.14244135684,0.563180414513,0.32377317035,0.113046415137,0.573516905681,0.323528566401,0.102954527917,FLOAT
0.99,-2.28,0.102284206716,1,3.12676836519,0.562333164406,0.324058704901,0.113608130693,0.572609379885,0.323825170763,0.103565449353,FLOAT
0.99,-2.27,0.103312180083,1,3.11117354291,0.56148418646,0.324342869222,0.114172944319,0.571700241198,0.324120318472,0.104179440331,FLOAT
0.99,-2.26,0.104350484755,1,3.09565650012,0.560633481289,0.324625652806,0.114740865905,0.570789490796,0.324413998757,0.104796510447,FLOAT
0.99,-2.25,0.105399224562,1,3.08021684892,0.559781049566,0.324907045123,0.11531190531,0.569877129907,0.324706200828,0.105416669265,FLOAT
0.99,-2.24,0.106458504379,1,3.06485420329,0.558926892025,0.325187035621,0.115886072354,0.568963159808,0.324996913878,0.106039926313,FLOAT
0.99,-2.23,0.107528430136,1,3.04956817918,0.558071009455,0.325465613725,0.11646337682,0.568047581831,0.325286127084,0.106666291085,FLOAT
0.99,-2.22,0.108609108825,1,3.03435839444,0.557213402708,0.325742768838,0.117043828454,0.567130397358,0.325573829604,0.107295773038,FLOAT
0.99,-2.21,0.109700648516,1,3.01922446881,0.556354072694,0.326018490343,0.117627436963,0.566211607826,0.325860010582,0.107928381592,FLOAT
0.99,-2.2,0.110803158362,1,3.00416602395,0.555493020384,0.3262927676,0.118214212017,0.565291214724,0.326144659145,0.108564126132,FLOAT
0.99,-2.19,0.111916748617,1,2.98918268339,0.554630246808,0.32656558995,0.118804163242,0.564369219595,0.326427764404,0.109203016001,FLOAT
0.99,-2.18,0.11304153064,1,2.97427407256,0.553765753061,0.326836946713,0.119397300226,0.563445624038,0.326709315457,0.109845060504,FLOAT
0.99,-2.17,0.114177616911,1,2.95943981874,0.552899540294,0.327106827193,0.119993632513,0.562520429705,0.326989301388,0.110490268907,FLOAT
0.99,-2.16,0.115325121038,1,2.94467955107,0.552031609724,0.327375220669,0.120593169606,0.561593638302,0.327267711265,0.111138650434,FLOAT
0.99,-2.15,0.116484157773,1,2.92999290053,0.551161962629,0.327642116407,0.121195920964,0.560665251592,0.327544534143,0.111790214264,FLOAT
0.99,-2.14,0.117654843022,1,2.91537949998,0.550290600348,0.327907503653,0.121801895999,0.559735271395,0.327819759067,0.112444969538,FLOAT
0.99,-2.13,0.118837293852,1,2.90083898406,0.549417524285,0.328171371633,0.122411104081,0.558803699585,0.328093375066,0.11310292535,FLOAT
0.99,-2.12,0.120031628511,1,2.88637098927,0.548542735906,0.328433709561,0.123023554532,0.557870538093,0.328365371158,0.113764090749,FLOAT
0.99,-2.11,0.121237966433,1,2.8719751539,0.547666236741,0.328694506631,0.123639256627,0.556935788908,0.328635736352,0.11442847474,FLOAT
0.99,-2.1,0.122456428253,1,2.85765111806,0.546788028384,0.328953752022,0.124258219593,0.555999454076,0.328904459644,0.11509608628,FLOAT
0.99,-2.09,0.123687135817,1,2.84339852365,0.545908112494,0.329211434898,0.124880452609,0.555061535702,0.329171530019,0.11576693428,FLOAT
0.99,-2.08,0.124930212199,1,2.82921701435,0.545026490793,0.329467544407,0.125505964801,0.554122035947,0.329436936453,0.1164410276,FLOAT
0.99,-2.07,0.126185781705,1,2.81510623562,0.544143165069,0.329722069683,0.126134765248,0.553180957033,0.329700667915,0.117118375052,FLOAT
0.99,-2.06,0.127453969895,1,2.8010658347,0.543258137178,0.329974999848,0.126766862974,0.55223830124,0.329962713362,0.117798985398,FLOAT
0.99,-2.05,0.128734903588,1,2.78709546057,0.542371409037,0.33022632401,0.127402266953,0.551294070907,0.330223061743,0.118482867349,FLOAT
0.99,-2.04,0.130028710878,1,2.77319476396,0.541482982634,0.330476031262,0.128040986104,0.550348268436,0.330481702003,0.119170029562,FLOAT
0.99,-2.03,0.131335521148,1,2.75936339738,0.540592860021,0.330724110687,0.128683029292,0.549400896284,0.330738623074,0.119860480642,FLOAT
0.99,-2.02,0.13265546508,1,2.74560101502,0.539701043318,0.330970551357,0.129328405325,0.548451956974,0.330993813888,0.120554229139,FLOAT
0.99,-2.01,0.133988674669,1,2.73190727283,0.538807534711,0.331215342333,0.129977122957,0.547501453087,0.331247263365,0.121251283548,FLOAT
0.99,-2,0.135335283237,1,2.71828182846,0.537912336455,0.331458472663,0.130629190882,0.546549387266,0.331498960424,0.12195165231,FLOAT
0.99,-1.99,0.136695425446,1,2.70472434128,0.537015450873,0.331699931389,0.131284617738,0.545595762218,0.331748893977,0.122655343805,FLOAT
0.99,-1.98,0.138069237311,1,2.69123447235,0.536116880357,0.331939707542,0.131943412102,0.544640580709,0.331997052933,0.123362366358,FLOAT
0.99,-1.97,0.139456856215,1,2.67781188442,0.535216627366,0.332177790144,0.132605582491,0.54368384557,0.332243426196,0.124072728233,FLOAT
0.99,-1.96,0.140858420921,1,2.66445624193,0.534314694429,0.332414168209,0.133271137362,0.542725559696,0.332488002668,0.124786437636,FLOAT
0.99,-1.95,0.142274071587,1,2.65116721098,0.533411084146,0.332648830746,0.133940085107,0.541765726042,0.332730771248,0.12550350271,FLOAT
0.99,-1.94,0.143703949778,1,2.63794445935,0.532505799186,0.332881766755,0.134612434059,0.54080434763,0.332971720834,0.126223931536,FLOAT
0.99,-1.93,0.145148198484,1,2.62478765647,0.531598842287,0.333112965231,0.135288192482,0.539841427546,0.333210840321,0.126947732133,FLOAT
0.99,-1.92,0.14660696213,1,2.61169647342,0.530690216259,0.333342415163,0.135967368578,0.538876968938,0.333448118606,0.127674912456,FLOAT
0.99,-1.91,0.148080386595,1,2.59867058292,0.529779923983,0.333570105536,0.136649970482,0.537910975023,0.333683544583,0.128405480393,FLOAT
0.99,-1.9,0.149568619223,1,2.58570965932,0.52886796841,0.33379602533,0.13733600626,0.536943449081,0.33391710715,0.129139443768,FLOAT
0.99,-1.89,0.151071808836,1,2.57281337859,0.527954352565,0.334020163522,0.138025483913,0.535974394458,0.334148795204,0.129876810337,FLOAT
0.99,-1.88,0.152590105757,1,2.55998141833,0.527039079543,0.334242509087,0.13871841137,0.535003814567,0.334378597645,0.130617587788,FLOAT
0.99,-1.87,0.154123661815,1,2.54721345774,0.526122152512,0.334463050997,0.139414796491,0.534031712887,0.334606503373,0.131361783739,FLOAT
0.99,-1.86,0.155672630368,1,2.53450917762,0.525203574713,0.334681778222,0.140114647065,0.533058092964,0.334832501296,0.132109405739,FLOAT
0.99,-1.85,0.157237166314,1,2.52186826036,0.52428334946,0.334898679733,0.140817970807,0.532082958412,0.335056580323,0.132860461266,FLOAT
0.99,-1.84,0.158817426107,1,2.50929038994,0.523361480141,0.3351137445,0.141524775359,0.531106312911,0.335278729366,0.133614957723,FLOAT
0.99,-1.83,0.160413567775,1,2.4967752519,0.522437970216,0.335326961493,0.142235068291,0.530128160211,0.335498937346,0.134372902443,FLOAT
0.99,-1.82,0.162025750934,1,2.48432253338,0.52151282322,0.335538319684,0.142948857095,0.52914850413,0.335717193188,0.135134302683,FLOAT
0.99,-1.81,0.163654136803,1,2.47193192306,0.520586042764,0.335747808048,0.143666149187,0.528167348553,0.335933485823,0.135899165624,FLOAT
0.99,-1.8,0.165298888222,1,2.45960311116,0.519657632532,0.335955415561,0.144386951907,0.527184697437,0.33614780419,0.136667498372,FLOAT
0.99,-1.79,0.166960169667,1,2.44733578946,0.518727596282,0.336161131204,0.145111272514,0.526200554808,0.336360137237,0.137439307955,FLOAT
0.99,-1.78,0.168638147269,1,2.43512965129,0.51779593785,0.336364943961,0.145839118189,0.525214924759,0.33657047392,0.138214601322,FLOAT
0.99,-1.77,0.170332988825,1,2.42298439149,0.516862661147,0.336566842821,0.146570496032,0.524227811456,0.336778803203,0.138993385342,FLOAT
0.99,-1.76,0.172044863823,1,2.41089970642,0.515927770159,0.33676681678,0.147305413061,0.523239219134,0.336985114062,0.139775666804,FLOAT
0.99,-1.75,0.17377394345,1,2.39887529397,0.51499126895,0.336964854839,0.148043876211,0.522249152102,0.337189395483,0.140561452415,FLOAT
0.99,-1.74,0.175520400617,1,2.38691085352,0.514053161659,0.337160946007,0.148785892334,0.521257614736,0.337391636464,0.1413507488,FLOAT
0.99,-1.73,0.17728440997,1,2.37500608598,0.513113452502,0.337355079301,0.149531468197,0.520264611486,0.337591826015,0.142143562498,FLOAT
0.99,-1.72,0.179066147911,1,2.36316069371,0.512172145775,0.337547243746,0.150280610479,0.519270146875,0.33778995316,0.142939899965,FLOAT
0.99,-1.71,0.180865792617,1,2.35137438057,0.511229245848,0.337737428377,0.151033325775,0.518274225494,0.337986006935,0.143739767571,FLOAT
0.99,-1.7,0.182683524053,1,2.33964685193,0.510284757172,0.337925622239,0.151789620589,0.517276852012,0.338179976392,0.144543171596,FLOAT
0.99,-1.69,0.184519523993,1,2.32797781457,0.509338684274,0.338111814388,0.152549501337,0.516278031166,0.338371850598,0.145350118236,FLOAT
0.99,-1.68,0.186373976039,1,2.31636697678,0.508391031761,0.338295993892,0.153312974346,0.515277767771,0.338561618635,0.146160613594,FLOAT
0.99,-1.67,0.188247065639,1,2.30481404829,0.507441804319,0.338478149832,0.154080045849,0.514276066711,0.338749269604,0.146974663685,FLOAT
0.99,-1.66,0.190138980102,1,2.29331874026,0.50649100671,0.338658271301,0.154850721989,0.513272932947,0.338934792621,0.147792274432,FLOAT
0.99,-1.65,0.192049908621,1,2.28188076533,0.505538643781,0.338836347407,0.155625008813,0.512268371514,0.339118176822,0.148613451664,FLOAT
0.99,-1.64,0.193980042291,1,2.27049983753,0.504584720453,0.339012367273,0.156402912274,0.511262387519,0.339299411362,0.149438201119,FLOAT
0.99,-1.63,0.195929574127,1,2.25917567235,0.50362924173,0.339186320038,0.157184438232,0.510254986146,0.339478485416,0.150266528438,FLOAT
0.99,-1.62,0.197898699084,1,2.24790798668,0.502672212696,0.339358194858,0.157969592446,0.509246172654,0.339655388179,0.151098439167,FLOAT
0.99,-1.61,0.199887614075,1,2.23669649882,0.501713638515,0.339527980905,0.15875838058,0.508235952377,0.339830108867,0.151933938756,FLOAT
0.99,-1.6,0.201896517995,1,2.22554092849,0.500753524433,0.33969566737,0.159550808197,0.507224330724,0.340002636721,0.152773032555,FLOAT
0.99,-1.59,0.203925611734,1,2.2144409968,0.499791875775,0.339861243464,0.160346880761,0.506211313181,0.340172961002,0.153615725817,FLOAT
0.99,-1.58,0.205975098205,1,2.20339642626,0.498828697948,0.340024698416,0.161146603636,0.50519690531,0.340341070997,0.154462023693,FLOAT
0.99,-1.57,0.208045182357,1,2.19240694073,0.497863996443,0.340186021477,0.16194998208,0.504181112749,0.340506956017,0.155311931234,FLOAT
0.99,-1.56,0.210136071201,1,2.1814722655,0.496897776828,0.340345201921,0.162757021251,0.503163941213,0.340670605398,0.156165453389,FLOAT
0.99,-1.55,0.212247973827,1,2.17059212718,0.495930044757,0.340502229041,0.163567726202,0.502145396495,0.340832008503,0.157022595003,FLOAT
0.99,-1.54,0.214381101427,1,2.15976625378,0.494960805966,0.340657092156,0.164382101879,0.501125484464,0.340991154722,0.157883360815,FLOAT
0.99,-1.53,0.216535667316,1,2.14899437466,0.493990066271,0.340809780608,0.165200153121,0.500104211067,0.341148033473,0.15874775546,FLOAT
0.99,-1.52,0.218711886952,1,2.1382762205,0.493017831573,0.340960283765,0.166021884662,0.499081582329,0.341302634204,0.159615783467,FLOAT
0.99,-1.51,0.220909977959,1,2.12761152336,0.492044107856,0.341108591021,0.166847301123,0.498057604354,0.34145494639,0.160487449256,FLOAT
0.99,-1.5,0.223130160148,1,2.11700001661,0.491068901186,0.341254691795,0.167676407019,0.497032283322,0.34160495954,0.161362757137,FLOAT
0.99,-1.49,0.225372655539,1,2.10644143498,0.490092217713,0.341398575535,0.168509206752,0.496005625494,0.341752663193,0.162241711313,FLOAT
0.99,-1.48,0.227637688384,1,2.09593551449,0.489114063671,0.341540231718,0.169345704611,0.494977637208,0.341898046918,0.163124315874,FLOAT
0.99,-1.47,0.229925485187,1,2.08548199251,0.488134445377,0.34167964985,0.170185904773,0.493948324883,0.34204110032,0.164010574797,FLOAT
0.99,-1.46,0.23223627473,1,2.07508060767,0.487153369234,0.341816819466,0.1710298113,0.492917695014,0.342181813037,0.164900491948,FLOAT
0.99,-1.45,0.234570288094,1,2.06473109997,0.486170841726,0.341951730135,0.171877428139,0.49188575418,0.342320174743,0.165794071077,FLOAT
0.99,-1.44,0.236927758682,1,2.05443321064,0.485186869424,0.342084371456,0.17272875912,0.490852509034,0.342456175146,0.16669131582,FLOAT
0.99,-1.43,0.239308922244,1,2.04418668226,0.484201458983,0.342214733061,0.173583807955,0.489817966315,0.342589803991,0.167592229694,FLOAT
0.99,-1.42,0.241714016897,1,2.03399125865,0.483214617143,0.342342804618,0.174442578239,0.488782132838,0.342721051061,0.168496816102,FLOAT
0.99,-1.41,0.244143283153,1,2.02384668492,0.482226350729,0.342468575827,0.175305073444,0.487745015499,0.342849906177,0.169405078325,FLOAT
0.99,-1.4,0.246596963942,1,2.01375270747,0.48123666665,0.342592036427,0.176171296923,0.486706621274,0.342976359199,0.170317019526,FLOAT
0.99,-1.39,0.249075304632,1,2.00370907394,0.480245571902,0.34271317619,0.177041251908,0.485666957223,0.343100400029,0.171232642748,FLOAT
0.99,-1.38,0.25157855306,1,1.99371553324,0.479253073565,0.342831984929,0.177914941506,0.484626030482,0.343222018608,0.17215195091,FLOAT
0.99,-1.37,0.254106959553,1,1.98377183554,0.478259178806,0.342948452493,0.1787923687,0.483583848271,0.343341204919,0.17307494681,FLOAT
0.99,-1.36,0.256660776954,1,1.97387773223,0.477263894877,0.343062568774,0.17967353635,0.482540417891,0.343457948988,0.174001633121,FLOAT
0.99,-1.35,0.259240260646,1,1.96403297597,0.476267229115,0.343174323699,0.180558447185,0.481495746723,0.343572240887,0.17493201239,FLOAT
0.99,-1.34,0.26184566858,1,1.95423732064,0.475269188946,0.343283707242,0.181447103812,0.48044984223,0.343684070729,0.175866087041,FLOAT
0.99,-1.33,0.2644772613,1,1.94449052134,0.474269781878,0.343390709416,0.182339508706,0.479402711957,0.343793428676,0.176803859367,FLOAT
0.99,-1.32,0.267135301966,1,1.9347923344,0.473269015509,0.343495320277,0.183235664214,0.478354363531,0.343900304933,0.177745331537,FLOAT
0.99,-1.31,0.269820056385,1,1.92514251738,0.472266897522,0.343597529928,0.18413557255,0.477304804659,0.344004689755,0.178690505586,FLOAT
0.99,-1.3,0.272531793034,1,1.91554082901,0.471263435685,0.343697328514,0.185039235801,0.476254043132,0.344106573445,0.179639383423,FLOAT
0.99,-1.29,0.27527078309,1,1.90598702927,0.470258637855,0.343794706229,0.185946655916,0.475202086822,0.344205946355,0.180591966823,FLOAT
0.99,-1.28,0.278037300453,1,1.8964808793,0.469252511975,0.343889653311,0.186857834713,0.474148943685,0.344302798886,0.181548257429,FLOAT
0.99,-1.27,0.280831621778,1,1.88702214146,0.468245066075,0.343982160049,0.187772773876,0.473094621756,0.344397121492,0.182508256753,FLOAT
0.99,-1.26,0.2836540265,1,1.87761057926,0.46723630827,0.344072216779,0.188691474951,0.472039129155,0.344488904677,0.183471966169,FLOAT
0.99,-1.25,0.28650479686,1,1.86824595743,0.466226246764,0.344159813888,0.189613939349,0.470982474083,0.344578138999,0.184439386917,FLOAT
0.99,-1.24,0.289384217939,1,1.85892804185,0.465214889847,0.344244941812,0.190540168341,0.469924664826,0.344664815071,0.185410520102,FLOAT
0.99,-1.23,0.292292577681,1,1.84965659956,0.464202245896,0.344327591043,0.191470163061,0.46886570975,0.34474892356,0.18638536669,FLOAT
0.99,-1.22,0.295230166924,1,1.84043139878,0.463188323377,0.344407752121,0.192403924502,0.467805617304,0.344830455187,0.187363927509,FLOAT
0.99,-1.21,0.29819727943,1,1.83125220889,0.462173130841,0.344485415643,0.193341453517,0.466744396022,0.344909400731,0.188346203247,FLOAT
0.99,-1.2,0.301194211912,1,1.82211880039,0.461156676926,0.344560572259,0.194282750815,0.465682054517,0.344985751031,0.189332194452,FLOAT
0.99,-1.19,0.304221264067,1,1.81303094496,0.460138970359,0.344633212677,0.195227816964,0.464618601489,0.34505949698,0.190321901531,FLOAT
0.99,-1.18,0.307278738601,1,1.8039884154,0.459120019953,0.34470332766,0.196176652387,0.463554045717,0.345130629534,0.191315324748,FLOAT
0.99,-1.17,0.310366941265,1,1.79499098564,0.458099834608,0.34477090803,0.197129257362,0.462488396067,0.345199139709,0.192312464224,FLOAT
0.99,-1.16,0.313486180883,1,1.78603843075,0.457078423313,0.344835944665,0.198085632022,0.461421661484,0.34526501858,0.193313319935,FLOAT
0.99,-1.15,0.316636769379,1,1.77713052691,0.456055795142,0.344898428506,0.199045776353,0.460353850999,0.345328257288,0.194317891713,FLOAT
0.99,-1.14,0.319819021816,1,1.76826705143,0.455031959257,0.344958350552,0.20000969019,0.459284973724,0.345388847035,0.195326179241,FLOAT
0.99,-1.13,0.323033256422,1,1.75944778272,0.454006924909,0.345015701867,0.200977373224,0.458215038854,0.345446779087,0.196338182059,FLOAT
0.99,-1.12,0.326279794623,1,1.7506725003,0.452980701433,0.345070473574,0.201948824993,0.457144055668,0.345502044777,0.197353899555,FLOAT
0.99,-1.11,0.329558961075,1,1.74194098477,0.451953298253,0.345122656862,0.202924044885,0.456072033528,0.345554635503,0.19837333097,FLOAT
0.99,-1.1,0.332871083698,1,1.73325301787,0.450924724881,0.345172242984,0.203903032135,0.454998981877,0.345604542729,0.199396475394,FLOAT
0.99,-1.09,0.336216493707,1,1.72460838238,0.449894990914,0.345219223258,0.204885785829,0.453924910242,0.34565175799,0.200423331768,FLOAT
0.99,-1.08,0.339595525645,1,1.71600686218,0.448864106037,0.345263589069,0.205872304894,0.452849828234,0.345696272888,0.201453898878,FLOAT
0.99,-1.07,0.343008517419,1,1.70744824225,0.447832080022,0.34530533187,0.206862588107,0.451773745545,0.345738079095,0.20248817536,FLOAT
0.99,-1.06,0.34645581033,1,1.69893230862,0.446798922729,0.345344443183,0.207856634088,0.45069667195,0.345777168355,0.203526159695,FLOAT
0.99,-1.05,0.349937749111,1,1.69045884838,0.445764644101,0.345380914598,0.208854441301,0.449618617307,0.345813532482,0.20456785021,FLOAT
0.99,-1.04,0.353454681959,1,1.6820276497,0.444729254171,0.345414737777,0.209856008051,0.448539591557,0.345847163365,0.205613245078,FLOAT
0.99,-1.03,0.357006960569,1,1.6736385018,0.443692763059,0.345445904453,0.210861332488,0.447459604721,0.345878052967,0.206662342313,FLOAT
0.99,-1.02,0.360594940173,1,1.66529119495,0.442655180969,0.34547440643,0.211870412601,0.446378666904,0.345906193322,0.207715139774,FLOAT
0.99,-1.01,0.364218979572,1,1.65698552046,0.441616518192,0.345500235589,0.212883246219,0.445296788295,0.345931576544,0.208771635161,FLOAT
0.99,-1,0.367879441171,1,1.6487212707,0.440576785106,0.345523383883,0.213899831011,0.444213979162,0.345954194822,0.209831826016,FLOAT
0.99,-0.99,0.371576691022,1,1.64049823906,0.439535992175,0.34554384334,0.214920164485,0.443130249856,0.345974040423,0.210895709722,FLOAT
0.99,-0.98,0.375311098851,1,1.63231621996,0.438494149948,0.345561606067,0.215944243985,0.44204561081,0.345991105691,0.211963283499,FLOAT
0.99,-0.97,0.379083038103,1,1.62417500884,0.43745126906,0.345576664246,0.216972066694,0.440960072539,0.346005383051,0.21303454441,FLOAT
0.99,-0.96,0.382892885975,1,1.61607440219,0.436407360232,0.345589010138,0.218003629629,0.439873645639,0.346016865009,0.214109489352,FLOAT
0.99,-0.95,0.386741023455,1,1.60801419749,0.435362434271,0.345598636085,0.219038929644,0.438786340788,0.34602554415,0.215188115062,FLOAT
0.99,-0.94,0.390627835359,1,1.59999419322,0.434316502068,0.345605534507,0.220077963425,0.437698168743,0.346031413144,0.216270418112,FLOAT
0.99,-0.93,0.394553710372,1,1.59201418889,0.433269574599,0.345609697907,0.221120727494,0.436609140346,0.346034464743,0.217356394911,FLOAT
0.99,-0.92,0.398519041085,1,1.58407398499,0.432221662925,0.34561111887,0.222167218205,0.435519266515,0.346034691784,0.218446041701,FLOAT
0.99,-0.91,0.402524224034,1,1.57617338303,0.431172778191,0.345609790065,0.223217431744,0.434428558252,0.346032087187,0.219539354561,FLOAT
0.99,-0.9,0.406569659741,1,1.56831218549,0.430122931629,0.345605704242,0.224271364128,0.433337026639,0.34602664396,0.2206363294,FLOAT
0.99,-0.89,0.410655752752,1,1.56049019583,0.429072134553,0.345598854241,0.225329011206,0.432244682837,0.346018355199,0.221736961964,FLOAT
0.99,-0.88,0.414782911682,1,1.55270721851,0.428020398359,0.345589232986,0.226390368655,0.431151538087,0.346007214085,0.222841247828,FLOAT
0.99,-0.87,0.418951549248,1,1.54496305895,0.42696773453,0.345576833487,0.227455431983,0.43005760371,0.34599321389,0.2239491824,FLOAT
0.99,-0.86,0.423162082318,1,1.53725752355,0.425914154632,0.345561648843,0.228524196525,0.428962891107,0.345976347976,0.225060760917,FLOAT
0.99,-0.85,0.427414931949,1,1.52959041966,0.424859670311,0.345543672244,0.229596657446,0.427867411757,0.345956609794,0.226175978449,FLOAT
0.99,-0.84,0.431710523429,1,1.52196155562,0.423804293299,0.345522896966,0.230672809735,0.426771177219,0.345933992888,0.227294829893,FLOAT
0.99,-0.83,0.436049286322,1,1.51437074069,0.422748035409,0.345499316381,0.23175264821,0.42567419913,0.345908490894,0.228417309975,FLOAT
0.99,-0.82,0.440431654506,1,1.50681778511,0.421690908536,0.345472923949,0.232836167514,0.424576489206,0.345880097543,0.229543413251,FLOAT
0.99,-0.81,0.444858066223,1,1.49930250006,0.420632924659,0.345443713225,0.233923362116,0.423478059239,0.345848806657,0.230673134104,FLOAT
0.99,-0.8,0.449328964117,1,1.49182469764,0.419574095836,0.345411677856,0.235014226308,0.422378921101,0.345814612158,0.231806466741,FLOAT
0.99,-0.79,0.453844795282,1,1.48438419092,0.418514434206,0.345376811586,0.236108754208,0.421279086741,0.345777508059,0.2329434052,FLOAT
0.99,-0.78,0.458406011305,1,1.47698079388,0.417453951992,0.345339108252,0.237206939756,0.420178568183,0.345737488474,0.234083943343,FLOAT
0.99,-0.77,0.463013068311,1,1.46961432144,0.416392661494,0.345298561791,0.238308776715,0.419077377531,0.345694547613,0.235228074856,FLOAT
0.99,-0.76,0.46766642701,1,1.46228458943,0.415330575094,0.345255166234,0.239414258671,0.417975526962,0.345648679786,0.236375793251,FLOAT
0.99,-0.75,0.472366552741,1,1.45499141462,0.414267705254,0.345208915714,0.240523379032,0.416873028732,0.345599879403,0.237527091865,FLOAT
0.99,-0.74,0.477113915521,1,1.44773461466,0.413204064514,0.34515980446,0.241636131026,0.41576989517,0.345548140972,0.238681963858,FLOAT
0.99,-0.73,0.48190899009,1,1.44051400815,0.412139665493,0.345107826804,0.242752507703,0.414666138682,0.345493459106,0.239840402212,FLOAT
0.99,-0.72,0.48675225596,1,1.43332941456,0.411074520891,0.345052977177,0.243872501932,0.413561771747,0.345435828519,0.241002399734,FLOAT
0.99,-0.71,0.491644197461,1,1.42618065428,0.410008643484,0.344995250113,0.244996106403,0.412456806921,0.345375244026,0.242167949053,FLOAT
0.99,-0.7,0.496585303791,1,1.41906754859,0.408942046125,0.34493464025,0.246123313625,0.411351256832,0.34531170055,0.243337042618,FLOAT
0.99,-0.69,0.501576069066,1,1.41198991967,0.407874741746,0.344871142329,0.247254115925,0.410245134182,0.345245193116,0.244509672702,FLOAT
0.99,-0.68,0.506616992366,1,1.40494759056,0.406806743355,0.344804751195,0.24838850545,0.409138451747,0.345175716856,0.245685831396,FLOAT
0.99,-0.67,0.511708577787,1,1.39794038522,0.405738064038,0.344735461799,0.249526474163,0.408031222375,0.345103267009,0.246865510616,FLOAT
0.99,-0.66,0.516851334492,1,1.39096812846,0.404668716953,0.3446632692,0.250668013847,0.406923458986,0.34502783892,0.248048702094,FLOAT
0.99,-0.65,0.522045776761,1,1.38403064598,0.403598715338,0.344588168562,0.2518131161,0.405815174572,0.344949428044,0.249235397385,FLOAT
0.99,-0.64,0.527292424043,1,1.37712776434,0.402528072504,0.344510155159,0.252961772338,0.404706382196,0.344868029943,0.250425587861,FLOAT
0.99,-0.63,0.532591801007,1,1.37025931096,0.401456801834,0.344429224373,0.254113973793,0.403597094993,0.344783640292,0.251619264715,FLOAT
0.99,-0.62,0.537944437595,1,1.36342511413,0.400384916789,0.344345371696,0.255269711515,0.402487326167,0.344696254874,0.252816418959,FLOAT
0.99,-0.61,0.543350869074,1,1.35662500301,0.399312430901,0.344258592732,0.256428976367,0.401377088992,0.344605869585,0.254017041423,FLOAT
0.99,-0.6,0.548811636094,1,1.34985880758,0.398239357775,0.344168883195,0.25759175903,0.400266396813,0.344512480432,0.255221122756,FLOAT
0.99,-0.59,0.554327284735,1,1.34312635869,0.397165711089,0.344076238912,0.258758049999,0.39915526304,0.344416083536,0.256428653424,FLOAT
0.99,-0.58,0.559898366565,1,1.33642748803,0.396091504593,0.343980655823,0.259927839584,0.398043701156,0.344316675132,0.257639623711,FLOAT
0.99,-0.57,0.5655254387,1,1.32976202812,0.395016752107,0.343882129983,0.261101117911,0.396931724708,0.344214251571,0.258854023721,FLOAT
0.99,-0.56,0.571209063849,1,1.32312981234,0.393941467521,0.34378065756,0.262277874919,0.395819347312,0.344108809316,0.260071843372,FLOAT
0.99,-0.55,0.57694981038,1,1.31653067487,0.392865664799,0.343676234838,0.263458100363,0.394706582649,0.344000344948,0.261293072403,FLOAT
0.99,-0.54,0.582748252374,1,1.30996445073,0.391789357969,0.343568858219,0.264641783812,0.393593444467,0.343888855167,0.262517700366,FLOAT
0.99,-0.53,0.588604969678,1,1.30343097578,0.390712561131,0.343458524221,0.265828914647,0.39247994658,0.343774336787,0.263745716632,FLOAT
0.99,-0.52,0.59452054797,1,1.29693008667,0.389635288454,0.34334522948,0.267019482066,0.391366102866,0.343656786744,0.264977110391,FLOAT
0.99,-0.51,0.600495578812,1,1.29046162087,0.388557554172,0.34322897075,0.268213475078,0.390251927266,0.343536202089,0.266211870645,FLOAT
0.99,-0.5,0.606530659713,1,1.28402541669,0.387479372587,0.343109744905,0.269410882508,0.389137433786,0.343412579996,0.267449986218,FLOAT
0.99,-0.49,0.612626394184,1,1.2776213132,0.386400758067,0.34298754894,0.270611692993,0.388022636496,0.343285917759,0.268691445745,FLOAT
0.99,-0.48,0.618783391806,1,1.27124915032,0.385321725047,0.342862379969,0.271815894984,0.386907549525,0.343156212794,0.269936237682,FLOAT
0.99,-0.47,0.625002268283,1,1.26490876873,0.384242288026,0.34273423523,0.273023476745,0.385792187066,0.343023462636,0.271184350298,FLOAT
0.99,-0.46,0.631283645507,1,1.25860000993,0.383162461566,0.34260311208,0.274234426354,0.384676563373,0.342887664945,0.272435771683,FLOAT
0.99,-0.45,0.637628151622,1,1.25232271619,0.382082260294,0.342469008003,0.275448731703,0.383560692758,0.342748817504,0.273690489738,FLOAT
0.99,-0.44,0.644036421083,1,1.24607673059,0.3810016989,0.342331920603,0.276666380496,0.382444589596,0.34260691822,0.274948492184,FLOAT
0.99,-0.43,0.650509094723,1,1.23986189697,0.379920792136,0.342191847612,0.277887360253,0.381328268319,0.342461965124,0.276209766557,FLOAT
0.99,-0.42,0.657046819815,1,1.23367805996,0.378839554814,0.342048786883,0.279111658303,0.380211743416,0.342313956373,0.277474300211,FLOAT
0.99,-0.41,0.663650250136,1,1.22752506496,0.377758001808,0.341902736398,0.280339261794,0.379095029435,0.342162890248,0.278742080316,FLOAT
0.99,-0.4,0.670320046036,1,1.22140275816,0.376676148053,0.341753694263,0.281570157683,0.377978140982,0.34200876516,0.280013093859,FLOAT
0.99,-0.39,0.677056874498,1,1.21531098649,0.375594008541,0.341601658714,0.282804332745,0.376861092715,0.341851579643,0.281287327642,FLOAT
0.99,-0.38,0.683861409212,1,1.20924959766,0.374511598324,0.341446628112,0.284041773565,0.375743899352,0.341691332362,0.282564768286,FLOAT
0.99,-0.37,0.690734330637,1,1.20321844013,0.37342893251,0.341288600946,0.285282466544,0.374626575662,0.341528022108,0.28384540223,FLOAT
0.99,-0.36,0.697676326071,1,1.19721736312,0.372346026265,0.341127575836,0.286526397899,0.373509136469,0.341361647803,0.285129215728,FLOAT
0.99,-0.35,0.704688089719,1,1.19124621661,0.371262894812,0.34096355153,0.287773553658,0.372391596651,0.341192208496,0.286416194853,FLOAT
0.99,-0.34,0.711770322763,1,1.18530485132,0.370179553428,0.340796526907,0.289023919665,0.371273971136,0.341019703367,0.287706325497,FLOAT
0.99,-0.33,0.718923733432,1,1.17939311871,0.369096017444,0.340626500975,0.290277481581,0.370156274906,0.340844131727,0.288999593367,FLOAT
0.99,-0.32,0.726149037074,1,1.17351087099,0.368012302245,0.340453472875,0.29153422488,0.36903852299,0.340665493019,0.290295983991,FLOAT
0.99,-0.31,0.733446956224,1,1.16765796111,0.366928423271,0.340277441878,0.292794134851,0.367920730471,0.340483786814,0.291595482715,FLOAT
0.99,-0.3,0.740818220682,1,1.16183424273,0.365844396011,0.340098407388,0.294057196601,0.366802912479,0.340299012819,0.292898074703,FLOAT
0.99,-0.29,0.748263567579,1,1.15603957027,0.364760236006,0.339916368943,0.295323395051,0.365685084191,0.34011117087,0.294203744939,FLOAT
0.99,-0.28,0.755783741456,1,1.15027379886,0.363675958847,0.339731326213,0.29659271494,0.364567260832,0.33992026094,0.295512478227,FLOAT
0.99,-0.27,0.763379494337,1,1.14453678435,0.362591580177,0.339543279001,0.297865140822,0.363449457676,0.339726283133,0.296824259192,FLOAT
0.99,-0.26,0.771051585804,1,1.13882838332,0.361507115683,0.339352227245,0.299140657071,0.362331690039,0.339529237686,0.298139072276,FLOAT
0.99,-0.25,0.778800783071,1,1.13314845307,0.360422581104,0.33915817102,0.300419247877,0.361213973283,0.339329124972,0.299456901745,FLOAT
0.99,-0.24,0.786627861067,1,1.12749685158,0.359337992222,0.338961110532,0.301700897247,0.360096322814,0.3391259455,0.300777731685,FLOAT
0.99,-0.23,0.794533602503,1,1.12187343757,0.358253364867,0.338761046126,0.302985589008,0.358978754082,0.338919699913,0.302101546005,FLOAT
0.99,-0.22,0.802518797962,1,1.11627807046,0.357168714914,0.338557978281,0.304273306805,0.357861282578,0.338710388988,0.303428328435,FLOAT
0.99,-0.21,0.81058424597,1,1.11071061036,0.35608405828,0.338351907614,0.305564034105,0.356743923834,0.33849801364,0.304758062527,FLOAT
0.99,-0.2,0.818730753078,1,1.10517091808,0.354999410928,0.338142834879,0.306857754193,0.355626693422,0.338282574921,0.306090731658,FLOAT
0.99,-0.19,0.826959133943,1,1.09965885513,0.353914788861,0.337930760966,0.308154450173,0.354509606954,0.338064074018,0.307426319028,FLOAT
0.99,-0.18,0.835270211411,1,1.09417428371,0.352830208123,0.337715686903,0.309454104974,0.353392680082,0.337842512257,0.308764807662,FLOAT
0.99,-0.17,0.843664816596,1,1.0887170667,0.351745684799,0.337497613858,0.310756701343,0.352275928492,0.337617891099,0.310106180408,FLOAT
0.99,-0.16,0.852143788966,1,1.08328706767,0.350661235014,0.337276543134,0.312062221853,0.35115936791,0.337390212147,0.311450419944,FLOAT
0.99,-0.15,0.860707976425,1,1.07788415088,0.349576874928,0.337052476175,0.313370648896,0.350043014094,0.337159477138,0.312797508768,FLOAT
0.99,-0.14,0.869358235399,1,1.07250818125,0.348492620743,0.336825414565,0.314681964692,0.34892688284,0.336925687949,0.314147429211,FLOAT
0.99,-0.13,0.878095430921,1,1.06715902438,0.347408488693,0.336595360025,0.315996151282,0.347810989977,0.336688846596,0.315500163427,FLOAT
0.99,-0.12,0.886920436717,1,1.06183654655,0.34632449505,0.336362314417,0.317313190533,0.346695351365,0.336448955234,0.316855693401,FLOAT
0.99,-0.11,0.895834135297,1,1.05654061468,0.345240656118,0.336126279743,0.318633064139,0.345579982897,0.336206016158,0.318214000946,FLOAT
0.99,-0.1,0.904837418036,1,1.05127109638,0.344156988237,0.335887258145,0.319955753618,0.344464900496,0.3359600318,0.319575067704,FLOAT
0.99,-0.09,0.913931185271,1,1.04602785991,0.343073507776,0.335645251905,0.321281240319,0.343350120116,0.335711004734,0.32093887515,FLOAT
0.99,-0.08,0.923116346387,1,1.04081077419,0.341990231139,0.335400263447,0.322609505414,0.342235657739,0.335458937674,0.322305404587,FLOAT
0.99,-0.07,0.932393819906,1,1.0356197088,0.340907174756,0.335152295336,0.323940529909,0.341121529375,0.335203833473,0.323674637152,FLOAT
0.99,-0.06,0.941764533584,1,1.03045453395,0.339824355088,0.334901350275,0.325274294636,0.340007751059,0.334945695125,0.325046553816,FLOAT
0.99,-0.05,0.951229424501,1,1.02531512052,0.338741788626,0.334647431114,0.32661078026,0.338894338854,0.334684525765,0.326421135381,FLOAT
0.99,-0.04,0.960789439152,1,1.02020134003,0.337659491885,0.334390540838,0.327949967277,0.337781308847,0.334420328667,0.327798362486,FLOAT
0.99,-0.03,0.970445533549,1,1.01511306462,0.336577481406,0.33413068258,0.329291836014,0.336668677147,0.334153107248,0.329178215605,FLOAT
0.99,-0.02,0.980198673307,1,1.01005016708,0.335495773757,0.33386785961,0.330636366633,0.335556459889,0.333882865063,0.330560675048,FLOAT
0.99,-0.01,0.990049833749,1,1.00501252086,0.334414385528,0.333602075342,0.331983539129,0.334444673226,0.333609605812,0.331945720962,FLOAT
0.99,0,1,1,1,0.333333333333,0.333333333333,0.333333333333,0.333333333333,0.333333333333,0.333333333333,FLOAT
0.99,0.01,1.01005016708,1,0.995012479193,0.332252633807,0.333061637281,0.334685728912,0.332222456405,0.333054051607,0.334723491988,FLOAT
0.99,0.02,1.02020134003,1,0.990049833749,0.331172303603,0.332786991026,0.33604070537,0.331112058654,0.332771764755,0.336116176591,FLOAT
0.99,0.03,1.03045453395,1,0.985111939603,0.330092359398,0.332509398551,0.33739824205,0.33000215631,0.332486477039,0.337511366651,FLOAT
0.99,0.04,1.04081077419,1,0.980198673307,0.329012817885,0.332228863982,0.338758318133,0.328892765618,0.332198192866,0.338909041516,FLOAT
0.99,0.05,1.05127109638,1,0.975309912028,0.327933695772,0.331945391586,0.340120912642,0.327783902841,0.331906916779,0.34030918038,FLOAT
0.99,0.06,1.06183654655,1,0.970445533549,0.326855009787,0.331658985773,0.341486004441,0.326675584253,0.331612653466,0.341711762281,FLOAT
0.99,0.07,1.07250818125,1,0.965605416258,0.32577677667,0.331369651096,0.342853572235,0.325567826142,0.331315407756,0.343116766102,FLOAT
0.99,0.08,1.08328706767,1,0.960789439152,0.324699013175,0.33107739225,0.344223594575,0.324460644808,0.331015184619,0.344524170573,FLOAT
0.99,0.09,1.09417428371,1,0.955997481833,0.323621736071,0.330782214073,0.345596049855,0.323354056561,0.330711989166,0.345933954273,FLOAT
0.99,0.1,1.10517091808,1,0.951229424501,0.322544962136,0.330484121545,0.346970916318,0.322248077722,0.330405826648,0.34734609563,FLOAT
0.99,0.11,1.11627807046,1,0.946485147953,0.32146870816,0.330183119789,0.348348172051,0.321142724619,0.330096702461,0.34876057292,FLOAT
0.99,0.12,1.12749685158,1,0.941764533584,0.320392990939,0.329879214068,0.349727794993,0.320038013587,0.329784622138,0.350177364275,FLOAT
0.99,0.13,1.13882838332,1,0.937067463377,0.319317827282,0.32957240979,0.351109762928,0.318933960969,0.329469591356,0.351596447675,FLOAT
0.99,0.14,1.15027379886,1,0.932393819906,0.318243234,0.329262712504,0.352494053496,0.317830583112,0.32915161593,0.353017800958,FLOAT
0.99,0.15,1.16183424273,1,0.927743486329,0.317169227913,0.328950127901,0.353880644187,0.316727896367,0.328830701819,0.354441401815,FLOAT
0.99,0.16,1.17351087099,1,0.923116346387,0.316095825843,0.328634661812,0.355269512344,0.315625917088,0.328506855119,0.355867227793,FLOAT
0.99,0.17,1.18530485132,1,0.918512284401,0.315023044619,0.328316320213,0.356660635168,0.31452466163,0.32818008207,0.3572952563,FLOAT
0.99,0.18,1.19721736312,1,0.913931185271,0.313950901068,0.32799510922,0.358053989712,0.313424146349,0.32785038905,0.358725464601,FLOAT
0.99,0.19,1.20924959766,1,0.909372934468,0.312879412021,0.327671035089,0.359449552891,0.312324387602,0.327517782576,0.360157829821,FLOAT
0.99,0.2,1.22140275816,1,0.904837418036,0.311808594306,0.327344104218,0.360847301476,0.311225401741,0.327182269309,0.36159232895,FLOAT
0.99,0.21,1.23367805996,1,0.900324522586,0.310738464753,0.327014323148,0.3622472121,0.310127205118,0.326843856044,0.363028938838,FLOAT
0.99,0.22,1.24607673059,1,0.895834135297,0.309669040186,0.326681698556,0.363649261258,0.309029814079,0.32650254972,0.364467636201,FLOAT
0.99,0.23,1.25860000993,1,0.891366143907,0.308600337428,0.326346237264,0.365053425308,0.307933244965,0.326158357412,0.365908397623,FLOAT
0.99,0.24,1.27124915032,1,0.886920436717,0.307532373296,0.326007946232,0.366459680473,0.306837514112,0.325811286335,0.367351199552,FLOAT
0.99,0.25,1.28402541669,1,0.882496902585,0.306465164599,0.325666832559,0.367868002842,0.305742637847,0.325461343843,0.368796018309,FLOAT
0.99,0.26,1.29693008667,1,0.878095430921,0.305398728143,0.325322903484,0.369278368373,0.304648632489,0.325108537427,0.370242830083,FLOAT
0.99,0.27,1.30996445073,1,0.873715911688,0.30433308072,0.324976166388,0.370690752892,0.303555514347,0.324752874716,0.371691610937,FLOAT
0.99,0.28,1.32312981234,1,0.869358235399,0.303268239117,0.324626628786,0.372105132097,0.302463299718,0.324394363477,0.373142336805,FLOAT
0.99,0.29,1.33642748803,1,0.865022293111,0.302204220107,0.324274298335,0.373521481558,0.301372004889,0.324033011613,0.374594983498,FLOAT
0.99,0.3,1.34985880758,1,0.860707976425,0.301141040452,0.323919182828,0.374939776719,0.30028164613,0.323668827165,0.376049526704,FLOAT
0.99,0.31,1.36342511413,1,0.856415177484,0.3000787169,0.323561290199,0.376359992901,0.299192239701,0.32330181831,0.377505941989,FLOAT
0.99,0.32,1.37712776434,1,0.852143788966,0.299017266185,0.323200628515,0.3777821053,0.298103801842,0.32293199336,0.378964204799,FLOAT
0.99,0.33,1.39096812846,1,0.847893704088,0.297956705025,0.322837205983,0.379206088992,0.297016348778,0.322559360763,0.380424290459,FLOAT
0.99,0.34,1.40494759056,1,0.843664816596,0.296897050121,0.322471030945,0.380631918934,0.295929896717,0.322183929102,0.381886174182,FLOAT
0.99,0.35,1.41906754859,1,0.839457020769,0.295838318155,0.322102111879,0.382059569966,0.294844461845,0.321805707094,0.383349831061,FLOAT
0.99,0.36,1.43332941456,1,0.835270211411,0.29478052579,0.3217304574,0.38348901681,0.29376006033,0.321424703593,0.384815236077,FLOAT
0.99,0.37,1.44773461466,1,0.831104283852,0.293723689669,0.321356076256,0.384920234075,0.292676708317,0.321040927581,0.386282364102,FLOAT
0.99,0.38,1.46228458943,1,0.826959133943,0.292667826412,0.320978977331,0.386353196256,0.291594421928,0.320654388179,0.387751189893,FLOAT
0.99,0.39,1.47698079388,1,0.822834658056,0.291612952617,0.320599169643,0.38778787774,0.290513217263,0.320265094636,0.389221688101,FLOAT
0.99,0.4,1.49182469764,1,0.818730753078,0.290559084856,0.320216662342,0.389224252801,0.289433110394,0.319873056336,0.39069383327,FLOAT
0.99,0.41,1.50681778511,1,0.814647316411,0.289506239678,0.319831464713,0.390662295609,0.288354117369,0.319478282792,0.392167599839,FLOAT
0.99,0.42,1.52196155562,1,0.81058424597,0.288454433602,0.319443586172,0.392101980226,0.287276254206,0.31908078365,0.393642962143,FLOAT
0.99,0.43,1.53725752355,1,0.806541440177,0.287403683121,0.319053036267,0.393543280611,0.286199536898,0.318680568686,0.395119894417,FLOAT
0.99,0.44,1.55270721851,1,0.802518797962,0.2863540047,0.318659824678,0.394986170623,0.285123981404,0.318277647803,0.396598370793,FLOAT
0.99,0.45,1.56831218549,1,0.798516218759,0.28530541477,0.318263961214,0.396430624016,0.284049603654,0.317872031037,0.398078365309,FLOAT
0.99,0.46,1.58407398499,1,0.794533602503,0.284257929734,0.317865455814,0.397876614451,0.282976419547,0.317463728549,0.399559851904,FLOAT
0.99,0.47,1.59999419322,1,0.790570849629,0.283211565961,0.317464318549,0.39932411549,0.281904444946,0.31705275063,0.401042804423,FLOAT
0.99,0.48,1.61607440219,1,0.786627861067,0.282166339785,0.317060559616,0.4007731006,0.280833695682,0.316639107698,0.40252719662,FLOAT
0.99,0.49,1.63231621996,1,0.782704538242,0.281122267505,0.31665418934,0.402223543156,0.279764187547,0.316222810297,0.404013002156,FLOAT
0.99,0.5,1.6487212707,1,0.778800783071,0.280079365384,0.316245218174,0.403675416441,0.2786959363,0.315803869094,0.405500194606,FLOAT
0.99,0.51,1.66529119495,1,0.774916497961,0.279037649649,0.315833656698,0.405128693652,0.277628957659,0.315382294887,0.406988747454,FLOAT
0.99,0.52,1.6820276497,1,0.771051585804,0.277997136485,0.315419515618,0.406583347897,0.276563267305,0.314958098592,0.408478634103,FLOAT
0.99,0.53,1.69893230862,1,0.767205949976,0.27695784204,0.315002805762,0.408039352198,0.275498880877,0.314531291253,0.409969827871,FLOAT
0.99,0.54,1.71600686218,1,0.763379494337,0.275919782418,0.314583538087,0.409496679495,0.274435813972,0.314101884034,0.411462301993,FLOAT
0.99,0.55,1.73325301787,1,0.759572123225,0.274882973682,0.31416172367,0.410955302648,0.273374082147,0.313669888224,0.412956029629,FLOAT
0.99,0.56,1.7506725003,1,0.755783741456,0.273847431853,0.313737373711,0.412415194436,0.272313700913,0.31323531523,0.414450983857,FLOAT
0.99,0.57,1.76826705143,1,0.752014254319,0.272813172904,0.313310499535,0.413876327561,0.271254685736,0.312798176581,0.415947137683,FLOAT
0.99,0.58,1.78603843075,1,0.748263567579,0.271780212765,0.312881112585,0.415338674651,0.270197052038,0.312358483926,0.417444464036,FLOAT
0.99,0.59,1.8039884154,1,0.744531587466,0.270748567316,0.312449224425,0.416802208259,0.269140815191,0.311916249032,0.418942935777,FLOAT
0.99,0.6,1.82211880039,1,0.740818220682,0.269718252393,0.312014846739,0.418266900869,0.268085990522,0.311471483784,0.420442525694,FLOAT
0.99,0.61,1.84043139878,1,0.737123374392,0.268689283777,0.311577991329,0.419732724894,0.267032593304,0.311024200185,0.421943206511,FLOAT
0.99,0.62,1.85892804185,1,0.733446956224,0.267661677203,0.311138670116,0.421199652681,0.265980638764,0.310574410353,0.423444950882,FLOAT
0.99,0.63,1.87761057926,1,0.729788874269,0.266635448352,0.310696895137,0.42266765651,0.264930142075,0.310122126523,0.424947731402,FLOAT
0.99,0.64,1.8964808793,1,0.726149037074,0.265610612854,0.310252678545,0.424136708602,0.263881118358,0.309667361042,0.4264515206,FLOAT
0.99,0.65,1.91554082901,1,0.722527353642,0.264587186281,0.309806032607,0.425606781112,0.262833582678,0.309210126373,0.427956290948,FLOAT
0.99,0.66,1.9347923344,1,0.718923733432,0.263565184155,0.309356969706,0.427077846139,0.261787550048,0.308750435091,0.429462014861,FLOAT
0.99,0.67,1.95423732064,1,0.715338086353,0.262544621939,0.308905502336,0.428549875725,0.260743035423,0.308288299881,0.430968664696,FLOAT
0.99,0.68,1.97387773223,1,0.711770322763,0.261525515037,0.308451643106,0.430022841857,0.259700053702,0.307823733541,0.432476212757,FLOAT
0.99,0.69,1.99371553324,1,0.708220353468,0.260507878797,0.307995404734,0.431496716469,0.258658619724,0.307356748978,0.433984631298,FLOAT
0.99,0.7,2.01375270747,1,0.704688089719,0.259491728506,0.307536800049,0.432971471445,0.257618748271,0.306887359206,0.435493892523,FLOAT
0.99,0.71,2.03399125865,1,0.701173443209,0.258477079392,0.307075841989,0.434447078619,0.256580454062,0.30641557735,0.437003968588,FLOAT
0.99,0.72,2.05443321064,1,0.697676326071,0.257463946618,0.306612543601,0.435923509781,0.255543751757,0.30594141664,0.438514831603,FLOAT
0.99,0.73,2.07508060767,1,0.694196650878,0.256452345287,0.306146918038,0.437400736675,0.254508655951,0.305464890412,0.440026453637,FLOAT
0.99,0.74,2.09593551449,1,0.690734330637,0.255442290436,0.30567897856,0.438878731004,0.253475181177,0.304986012107,0.441538806716,FLOAT
0.99,0.75,2.11700001661,1,0.687289278791,0.254433797037,0.305208738532,0.44035746443,0.252443341904,0.304504795269,0.443051862827,FLOAT
0.99,0.76,2.1382762205,1,0.683861409212,0.253426879998,0.304736211424,0.441836908578,0.251413152533,0.304021253546,0.444565593921,FLOAT
0.99,0.77,2.15976625378,1,0.680450636205,0.252421554156,0.304261410807,0.443317035037,0.2503846274,0.303535400687,0.446079971913,FLOAT
0.99,0.78,2.1814722655,1,0.677056874498,0.251417834282,0.303784350356,0.444797815362,0.249357780773,0.30304725054,0.447594968687,FLOAT
0.99,0.79,2.20339642626,1,0.673680039249,0.250415735078,0.303305043845,0.446279221077,0.248332626851,0.302556817056,0.449110556093,FLOAT
0.99,0.8,2.22554092849,1,0.670320046036,0.249415271173,0.302823505149,0.447761223678,0.247309179763,0.302064114281,0.450626705956,FLOAT
0.99,0.81,2.24790798668,1,0.666976810858,0.248416457127,0.302339748241,0.449243794631,0.246287453568,0.301569156361,0.452143390071,FLOAT
0.99,0.82,2.27049983753,1,0.663650250136,0.247419307426,0.301853787193,0.45072690538,0.245267462253,0.301071957535,0.453660580212,FLOAT
0.99,0.83,2.29331874026,1,0.660340280705,0.246423836484,0.301365636171,0.452210527345,0.244249219731,0.30057253214,0.455178248129,FLOAT
0.99,0.84,2.31636697678,1,0.657046819815,0.245430058637,0.300875309438,0.453694631924,0.243232739842,0.300070894607,0.456696365551,FLOAT
0.99,0.85,2.33964685193,1,0.65376978513,0.24443798815,0.300382821351,0.455179190499,0.242218036353,0.299567059456,0.458214904191,FLOAT
0.99,0.86,2.36316069371,1,0.650509094723,0.243447639208,0.299888186357,0.456664174435,0.241205122954,0.299061041303,0.459733835743,FLOAT
0.99,0.87,2.38691085352,1,0.647264667078,0.242459025919,0.299391419,0.458149555082,0.240194013256,0.298552854852,0.461253131891,FLOAT
0.99,0.88,2.41089970642,1,0.644036421083,0.241472162313,0.298892533909,0.459635303778,0.239184720797,0.298042514898,0.462772764305,FLOAT
0.99,0.89,2.43512965129,1,0.640824276032,0.240487062341,0.298391545807,0.461121391852,0.238177259034,0.297530036321,0.464292704645,FLOAT
0.99,0.9,2.45960311116,1,0.637628151622,0.239503739872,0.297888469501,0.462607790627,0.237171641344,0.297015434092,0.465812924564,FLOAT
0.99,0.91,2.48432253338,1,0.634447967948,0.238522208695,0.297383319889,0.464094471417,0.236167881025,0.296498723264,0.467333395712,FLOAT
0.99,0.92,2.50929038994,1,0.631283645507,0.237542482515,0.29687611195,0.465581405535,0.235165991293,0.295979918976,0.468854089731,FLOAT
0.99,0.93,2.53450917762,1,0.62813510519,0.236564574955,0.296366860752,0.467068564293,0.234165985282,0.295459036452,0.470374978266,FLOAT
0.99,0.94,2.55998141833,1,0.625002268283,0.235588499554,0.295855581443,0.468555919003,0.233167876044,0.294936090995,0.471896032962,FLOAT
0.99,0.95,2.58570965932,1,0.621885056465,0.234614269765,0.295342289254,0.470043440981,0.232171676545,0.29441109799,0.473417225465,FLOAT
0.99,0.96,2.61169647342,1,0.618783391806,0.233641898953,0.294826999498,0.471531101549,0.231177399669,0.293884072902,0.474938527429,FLOAT
0.99,0.97,2.63794445935,1,0.615697196764,0.232671400401,0.294309727564,0.473018872035,0.230185058211,0.293355031274,0.476459910515,FLOAT
0.99,0.98,2.66445624193,1,0.612626394184,0.231702787299,0.293790488923,0.474506723778,0.229194664883,0.292823988727,0.477981346391,FLOAT
0.99,0.99,2.69123447235,1,0.609570907296,0.230736072751,0.29326929912,0.475994628129,0.228206232307,0.292290960955,0.479502806739,FLOAT
0.99,1,2.71828182846,1,0.606530659713,0.229771269771,0.292746173777,0.477482556452,0.227219773018,0.291755963729,0.481024263253,FLOAT
0.99,1.01,2.74560101502,1,0.603505575427,0.228808391283,0.292221128589,0.478970480128,0.226235299462,0.291219012892,0.482545687645,FLOAT
0.99,1.02,2.77319476396,1,0.600495578812,0.227847450118,0.291694179325,0.480458370557,0.225252823996,0.29068012436,0.484067051643,FLOAT
0.99,1.03,2.8010658347,1,0.597500594618,0.226888459016,0.291165341826,0.481946199158,0.224272358885,0.290139314119,0.485588326995,FLOAT
0.99,1.04,2.82921701435,1,0.59452054797,0.225931430625,0.290634632002,0.483433937374,0.223293916304,0.289596598224,0.487109485472,FLOAT
0.99,1.05,2.85765111806,1,0.591555364367,0.224976377497,0.290102065831,0.484921556671,0.222317508334,0.289051992798,0.488630498867,FLOAT
0.99,1.06,2.88637098927,1,0.588604969678,0.224023312093,0.289567659363,0.486409028545,0.221343146966,0.288505514031,0.490151339003,FLOAT
0.99,1.07,2.91537949998,1,0.585669290145,0.223072246773,0.289031428709,0.487896324517,0.220370844094,0.287957178179,0.491671977727,FLOAT
0.99,1.08,2.94467955107,1,0.582748252374,0.222123193808,0.288493390048,0.489383416144,0.21940061152,0.287407001561,0.493192386919,FLOAT
0.99,1.09,2.97427407256,1,0.57984178334,0.221176165365,0.287953559622,0.490870275012,0.218432460951,0.286855000559,0.49471253849,FLOAT
0.99,1.1,3.00416602395,1,0.57694981038,0.22023117352,0.287411953736,0.492356872745,0.217466403997,0.286301191616,0.496232404387,FLOAT
0.99,1.11,3.03435839444,1,0.574072261196,0.219288230245,0.286868588753,0.493843181002,0.216502452172,0.285745591236,0.497751956592,FLOAT
0.99,1.12,3.06485420329,1,0.571209063849,0.218347347417,0.286323481098,0.495329171485,0.215540616893,0.285188215981,0.499271167126,FLOAT
0.99,1.13,3.09565650012,1,0.568360146758,0.21740853681,0.285776647254,0.496814815936,0.214580909479,0.284629082471,0.500790008051,FLOAT
0.99,1.14,3.12676836519,1,0.5655254387,0.216471810101,0.28522810376,0.498300086139,0.213623341149,0.28406820738,0.502308451471,FLOAT
0.99,1.15,3.15819290969,1,0.562704868807,0.215537178863,0.284677867211,0.499784953926,0.212667923026,0.28350560744,0.503826469534,FLOAT
0.99,1.16,3.18993327612,1,0.559898366565,0.214604654569,0.284125954255,0.501269391177,0.21171466613,0.282941299434,0.505344034436,FLOAT
0.99,1.17,3.22199263853,1,0.557105861812,0.213674248587,0.283572381593,0.502753369821,0.210763581382,0.282375300197,0.506861118421,FLOAT
0.99,1.18,3.25437420289,1,0.554327284735,0.212745972184,0.283017165977,0.504236861839,0.209814679603,0.281807626614,0.508377693783,FLOAT
0.99,1.19,3.28708120738,1,0.551562565868,0.211819836523,0.282460324211,0.505719839267,0.20886797151,0.281238295621,0.509893732869,FLOAT
0.99,1.2,3.32011692274,1,0.548811636094,0.210895852662,0.281901873143,0.507202274195,0.207923467718,0.280667324201,0.511409208081,FLOAT
0.99,1.21,3.35348465255,1,0.54607442664,0.209974031554,0.281341829672,0.508684138774,0.206981178741,0.280094729382,0.512924091878,FLOAT
0.99,1.22,3.38718773362,1,0.543350869074,0.209054384046,0.280780210741,0.510165405213,0.206041114987,0.279520528239,0.514438356774,FLOAT
0.99,1.23,3.42122953629,1,0.540640895309,0.20813692088,0.280217033337,0.511646045783,0.205103286762,0.278944737889,0.515951975349,FLOAT
0.99,1.24,3.45561346476,1,0.537944437595,0.20722165269,0.279652314489,0.513126032821,0.204167704268,0.278367375493,0.517464920239,FLOAT
0.99,1.25,3.49034295746,1,0.535261428519,0.206308590002,0.27908607127,0.514605338727,0.203234377598,0.277788458252,0.51897716415,FLOAT
0.99,1.26,3.52542148737,1,0.532591801007,0.205397743237,0.278518320791,0.516083935972,0.202303316744,0.277208003405,0.520488679851,FLOAT
0.99,1.27,3.56085256236,1,0.529935488318,0.204489122704,0.277949080201,0.517561797095,0.201374531588,0.276626028233,0.521999440179,FLOAT
0.99,1.28,3.59663972557,1,0.527292424043,0.203582738605,0.277378366688,0.519038894707,0.200448031909,0.276042550049,0.523509418042,FLOAT
0.99,1.29,3.63278655575,1,0.524662542107,0.202678601033,0.276806197474,0.520515201494,0.199523827376,0.275457586204,0.52501858642,FLOAT
0.99,1.3,3.66929666762,1,0.522045776761,0.201776719968,0.276232589815,0.521990690217,0.198601927552,0.274871154083,0.526526918365,FLOAT
0.99,1.31,3.70617371221,1,0.519442062587,0.200877105283,0.275657561003,0.523465333715,0.197682341891,0.274283271103,0.528034387006,FLOAT
0.99,1.32,3.74342137726,1,0.516851334492,0.199979766738,0.275081128357,0.524939104905,0.196765079739,0.273693954712,0.529540965549,FLOAT
0.99,1.33,3.78104338757,1,0.514273527707,0.199084713982,0.27450330923,0.526411976788,0.195850150333,0.273103222388,0.531046627279,FLOAT
0.99,1.34,3.81904350537,1,0.511708577787,0.198191956553,0.273924121002,0.527883922446,0.194937562801,0.272511091636,0.532551345563,FLOAT
0.99,1.35,3.8574255307,1,0.509156420608,0.197301503875,0.273343581078,0.529354915047,0.19402732616,0.271917579991,0.534055093849,FLOAT
0.99,1.36,3.8961933018,1,0.506616992366,0.196413365261,0.272761706893,0.530824927845,0.193119449319,0.271322705011,0.53555784567,FLOAT
0.99,1.37,3.93535069547,1,0.504090229575,0.19552754991,0.272178515904,0.532293934186,0.192213941074,0.270726484279,0.537059574647,FLOAT
0.99,1.38,3.97490162749,1,0.501576069066,0.194644066908,0.27159402559,0.533761907502,0.191310810112,0.270128935401,0.538560254487,FLOAT
0.99,1.39,4.01485005299,1,0.499074447985,0.193762925226,0.271008253453,0.535228821321,0.190410065007,0.269530076004,0.540059858989,FLOAT
0.99,1.4,4.05519996684,1,0.496585303791,0.192884133721,0.270421217016,0.536694649263,0.189511714225,0.268929923735,0.541558362041,FLOAT
0.99,1.41,4.09595540407,1,0.494108574256,0.192007701138,0.269832933818,0.538159365045,0.188615766115,0.26832849626,0.543055737625,FLOAT
0.99,1.42,4.13712044025,1,0.491644197461,0.191133636102,0.269243421418,0.53962294248,0.187722228918,0.267725811262,0.54455195982,FLOAT
0.99,1.43,4.17869919192,1,0.489192111796,0.190261947128,0.268652697389,0.541085355483,0.18683111076,0.26712188644,0.5460470028,FLOAT
0.99,1.44,4.220695817,1,0.48675225596,0.189392642612,0.26806077932,0.542546578069,0.185942419656,0.266516739507,0.547540840837,FLOAT
0.99,1.45,4.26311451517,1,0.484324568955,0.188525730835,0.267467684811,0.544006584354,0.185056163506,0.265910388191,0.549033448303,FLOAT
0.99,1.46,4.30595952835,1,0.48190899009,0.187661219962,0.266873431477,0.545465348561,0.184172350098,0.26530285023,0.550524799672,FLOAT
0.99,1.47,4.34923514106,1,0.479505458975,0.186799118043,0.266278036939,0.546922845018,0.183290987106,0.264694143371,0.552014869523,FLOAT
0.99,1.48,4.39294568092,1,0.477113915521,0.185939433008,0.265681518831,0.548379048161,0.18241208209,0.264084285374,0.553503632536,FLOAT
0.99,1.49,4.437095519,1,0.47473429994,0.185082172674,0.265083894792,0.549833932535,0.181535642496,0.263473294004,0.5549910635,FLOAT
0.99,1.5,4.48168907034,1,0.472366552741,0.184227344737,0.264485182467,0.551287472796,0.180661675657,0.262861187031,0.556477137312,FLOAT
0.99,1.51,4.52673079431,1,0.470010614731,0.183374956777,0.263885399508,0.552739643714,0.179790188789,0.262247982234,0.557961828977,FLOAT
0.99,1.52,4.57222519514,1,0.46766642701,0.182525016259,0.263284563569,0.554190420172,0.178921188996,0.261633697392,0.559445113613,FLOAT
0.99,1.53,4.6181768223,1,0.465333930974,0.181677530527,0.262682692304,0.555639777169,0.178054683265,0.261018350287,0.560926966449,FLOAT
0.99,1.54,4.66459027099,1,0.463013068311,0.180832506809,0.262079803371,0.55708768982,0.177190678469,0.260401958704,0.562407362828,FLOAT
0.99,1.55,4.71147018259,1,0.460703780999,0.179989952212,0.261475914426,0.558534133362,0.176329181366,0.259784540424,0.563886278209,FLOAT
0.99,1.56,4.75882124514,1,0.458406011305,0.179149873728,0.260871043122,0.55997908315,0.1754701986,0.259166113231,0.56536368817,FLOAT
0.99,1.57,4.80664819378,1,0.456119701786,0.17831227823,0.260265207109,0.56142251466,0.174613736696,0.2585466949,0.566839568403,FLOAT
0.99,1.58,4.85495581124,1,0.453844795282,0.177477172472,0.259658424033,0.562864403495,0.173759802068,0.257926303207,0.568313894725,FLOAT
0.99,1.59,4.90374892833,1,0.451581234923,0.176644563087,0.259050711533,0.564304725379,0.172908401011,0.25730495592,0.569786643069,FLOAT
0.99,1.6,4.9530324244,1,0.449328964117,0.175814456594,0.258442087241,0.565743456164,0.172059539706,0.256682670798,0.571257789496,FLOAT
0.99,1.61,5.00281122783,1,0.447087926559,0.17498685939,0.257832568779,0.56718057183,0.171213224218,0.256059465595,0.572727310187,FLOAT
0.99,1.62,5.05309031656,1,0.444858066223,0.174161777754,0.257222173761,0.568616048485,0.170369460496,0.255435358054,0.57419518145,FLOAT
0.99,1.63,5.10387471854,1,0.442639327361,0.173339217845,0.256610919788,0.570049862367,0.169528254373,0.254810365907,0.57566137972,FLOAT
0.99,1.64,5.15516951223,1,0.440431654506,0.172519185705,0.255998824447,0.571481989848,0.168689611567,0.254184506873,0.577125881559,FLOAT
0.99,1.65,5.20697982718,1,0.438234992465,0.171701687256,0.255385905314,0.57291240743,0.16785353768,0.253557798659,0.57858866366,FLOAT
0.99,1.66,5.25931084445,1,0.436049286322,0.1708867283,0.254772179947,0.574341091753,0.167020038198,0.252930258957,0.580049702845,FLOAT
0.99,1.67,5.31216779718,1,0.433874481433,0.170074314522,0.254157665888,0.57576801959,0.166189118491,0.25230190544,0.581508976069,FLOAT
0.99,1.68,5.36555597112,1,0.431710523429,0.169264451486,0.253542380663,0.577193167851,0.165360783812,0.251672755769,0.582966460419,FLOAT
0.99,1.69,5.41948070513,1,0.429557358211,0.168457144639,0.252926341775,0.578616513586,0.164535039301,0.251042827582,0.584422133117,FLOAT
0.99,1.7,5.47394739173,1,0.427414931949,0.167652399307,0.252309566709,0.580038033984,0.16371188998,0.250412138498,0.585875971522,FLOAT
0.99,1.71,5.52896147762,1,0.425283191082,0.166850220698,0.251692072928,0.581457706374,0.162891340756,0.249780706117,0.587327953126,FLOAT
0.99,1.72,5.58452846428,1,0.423162082318,0.166050613902,0.251073877871,0.582875508227,0.162073396421,0.249148548015,0.588778055564,FLOAT
0.99,1.73,5.64065390843,1,0.421051552627,0.165253583889,0.250454998953,0.584291417158,0.161258061651,0.248515681745,0.590226256605,FLOAT
0.99,1.74,5.69734342267,1,0.418951549248,0.16445913551,0.249835453565,0.585705410926,0.160445341005,0.247882124834,0.591672534161,FLOAT
0.99,1.75,5.75460267601,1,0.416862019679,0.163667273499,0.249215259068,0.587117467434,0.15963523893,0.247247894785,0.593116866285,FLOAT
0.99,1.76,5.8124373944,1,0.414782911682,0.16287800247,0.248594432797,0.588527564733,0.158827759756,0.246613009073,0.594559231172,FLOAT
0.99,1.77,5.87085336138,1,0.412714173279,0.162091326919,0.247972992059,0.589935681022,0.158022907696,0.245977485144,0.59599960716,FLOAT
0.99,1.78,5.92985641859,1,0.410655752752,0.161307251225,0.247350954127,0.591341794648,0.157220686852,0.245341340415,0.597437972732,FLOAT
0.99,1.79,5.98945246638,1,0.408607598641,0.160525779647,0.246728336246,0.592745884107,0.156421101209,0.244704592274,0.598874306517,FLOAT
0.99,1.8,6.04964746441,1,0.406569659741,0.159746916327,0.246105155626,0.594147928048,0.155624154637,0.244067258074,0.600308587289,FLOAT
0.99,1.81,6.11044743223,1,0.404541885103,0.158970665289,0.245481429443,0.595547905269,0.154829850892,0.243429355137,0.601740793971,FLOAT
0.99,1.82,6.17185844988,1,0.402524224034,0.158197030439,0.244857174838,0.596945794723,0.154038193617,0.24279090075,0.603170905633,FLOAT
0.99,1.83,6.23388665852,1,0.400516626091,0.157426015568,0.244232408917,0.598341575516,0.153249186339,0.242151912165,0.604598901496,FLOAT
0.99,1.84,6.29653826103,1,0.398519041085,0.156657624346,0.243607148746,0.599735226908,0.152462832473,0.241512406599,0.606024760929,FLOAT
0.99,1.85,6.3598195226,1,0.396531419075,0.155891860328,0.242981411355,0.601126728317,0.151679135318,0.240872401228,0.607448463453,FLOAT
0.99,1.86,6.42373677143,1,0.394553710372,0.155128726953,0.242355213731,0.602516059316,0.150898098063,0.240231913193,0.608869988744,FLOAT
0.99,1.87,6.48829639929,1,0.392585865532,0.154368227541,0.241728572824,0.603903199635,0.150119723781,0.239590959592,0.610289316626,FLOAT
0.99,1.88,6.55350486219,1,0.390627835359,0.1536103653,0.241101505538,0.605288129163,0.149344015434,0.238949557486,0.611706427081,FLOAT
0.99,1.89,6.61936868104,1,0.388679570902,0.152855143316,0.240474028736,0.606670827948,0.148570975869,0.238307723889,0.613121300242,FLOAT
0.99,1.9,6.68589444228,1,0.386741023455,0.152102564565,0.239846159236,0.608051276198,0.147800607823,0.237665475776,0.614533916401,FLOAT
0.99,1.91,6.75308879853,1,0.384812144553,0.151352631905,0.239217913812,0.609429454283,0.14703291392,0.237022830077,0.615944256002,FLOAT
0.99,1.92,6.82095846929,1,0.382892885975,0.150605348077,0.23858930919,0.610805342733,0.146267896673,0.236379803676,0.61735229965,FLOAT
0.99,1.93,6.88951024158,1,0.380983199739,0.14986071571,0.237960362048,0.612178922242,0.145505558483,0.235736413412,0.618758028105,FLOAT
0.99,1.94,6.95875097064,1,0.379083038103,0.149118737318,0.237331089018,0.613550173664,0.144745901639,0.235092676075,0.620161422286,FLOAT
0.99,1.95,7.02868758059,1,0.377192353563,0.148379415299,0.236701506679,0.614919078022,0.143988928321,0.234448608408,0.621562463271,FLOAT
0.99,1.96,7.09932706516,1,0.375311098851,0.14764275194,0.236071631562,0.616285616498,0.143234640596,0.233804227105,0.622961132299,FLOAT
0.99,1.97,7.17067648835,1,0.373439226937,0.14690874941,0.235441480146,0.617649770444,0.142483040425,0.233159548809,0.624357410767,FLOAT
0.99,1.98,7.24274298516,1,0.371576691022,0.14617740977,0.234811068856,0.619011521374,0.141734129654,0.232514590112,0.625751280234,FLOAT
0.99,1.99,7.31553376231,1,0.369723444544,0.145448734965,0.234180414064,0.620370850971,0.140987910025,0.231869367554,0.627142722421,FLOAT
0.99,2,7.38905609893,1,0.367879441171,0.144722726827,0.233549532088,0.621727741085,0.140244383166,0.231223897622,0.628531719212,FLOAT
0.99,2.01,7.46331734732,1,0.366044634804,0.143999387078,0.23291843919,0.623082173732,0.1395035506,0.230578196748,0.629918252651,FLOAT
0.99,2.02,7.53832493366,1,0.364218979572,0.143278717328,0.232287151574,0.624434131098,0.138765413741,0.22993228131,0.631302304949,FLOAT
0.99,2.03,7.61408635878,1,0.362402429832,0.142560719074,0.231655685387,0.625783595539,0.138029973894,0.229286167628,0.632683858478,FLOAT
0.99,2.04,7.69060919888,1,0.360594940173,0.141845393704,0.23102405672,0.627130549576,0.137297232257,0.228639871968,0.634062895775,FLOAT
0.99,2.05,7.76790110631,1,0.358796465406,0.141132742494,0.230392281601,0.628474975905,0.136567189922,0.227993410536,0.635439399543,FLOAT
0.99,2.06,7.84596981032,1,0.357006960569,0.140422766611,0.229760376,0.629816857389,0.135839847873,0.227346799479,0.636813352648,FLOAT
0.99,2.07,7.92482311785,1,0.355226380925,0.139715467113,0.229128355824,0.631156177063,0.13511520699,0.226700054886,0.638184738125,FLOAT
0.99,2.08,8.0044689143,1,0.353454681959,0.139010844947,0.228496236919,0.632492918135,0.134393268044,0.226053192784,0.639553539172,FLOAT
0.99,2.09,8.08491516431,1,0.351691819378,0.138308900952,0.227864035067,0.633827063981,0.133674031705,0.225406229139,0.640919739156,FLOAT
0.99,2.1,8.16616991257,1,0.349937749111,0.13760963586,0.227231765987,0.635158598153,0.132957498534,0.224759179856,0.64228332161,FLOAT
0.99,2.11,8.24824128463,1,0.348192427306,0.136913050294,0.226599445333,0.636487504373,0.132243668992,0.224112060774,0.643644270234,FLOAT
0.99,2.12,8.33113748769,1,0.34645581033,0.136219144771,0.225967088692,0.637813766537,0.131532543432,0.223464887672,0.645002568896,FLOAT
0.99,2.13,8.41486681144,1,0.344727854767,0.135527919699,0.225334711586,0.639137368715,0.130824122107,0.22281767626,0.646358201633,FLOAT
0.99,2.14,8.49943762889,1,0.343008517419,0.134839375382,0.224702329469,0.640458295149,0.130118405166,0.222170442186,0.647711152649,FLOAT
0.99,2.15,8.58485839718,1,0.341297755301,0.134153512017,0.224069957727,0.641776530257,0.129415392655,0.221523201028,0.649061406317,FLOAT
0.99,2.16,8.67113765846,1,0.339595525645,0.133470329696,0.223437611677,0.643092058628,0.128715084519,0.220875968302,0.650408947179,FLOAT
0.99,2.17,8.75828404074,1,0.337901785895,0.132789828406,0.222805306565,0.644404865029,0.128017480602,0.22022875945,0.651753759948,FLOAT
0.99,2.18,8.84630625872,1,0.336216493707,0.132112008031,0.222173057569,0.645714934399,0.127322580647,0.21958158985,0.653095829503,FLOAT
0.99,2.19,8.9352131147,1,0.334539606949,0.131436868351,0.221540879794,0.647022251855,0.126630384297,0.218934474808,0.654435140895,FLOAT
0.99,2.2,9.02501349943,1,0.332871083698,0.130764409041,0.220908788273,0.648326802686,0.125940891094,0.218287429562,0.655771679344,FLOAT
0.99,2.21,9.11571639304,1,0.331210882242,0.130094629676,0.220276797966,0.649628572358,0.125254100483,0.217640469276,0.657105430241,FLOAT
0.99,2.22,9.20733086588,1,0.329558961075,0.129427529727,0.21964492376,0.650927546513,0.12457001181,0.216993609045,0.658436379145,FLOAT
0.99,2.23,9.29986607948,1,0.3279152789,0.128763108565,0.219013180468,0.652223710967,0.123888624321,0.216346863891,0.659764511788,FLOAT
0.99,2.24,9.39333128744,1,0.326279794623,0.12810136546,0.218381582826,0.653517051713,0.123209937167,0.215700248762,0.66108981407,FLOAT
0.99,2.25,9.48773583636,1,0.324652467358,0.127442299582,0.217750145497,0.654807554921,0.122533949402,0.215053778534,0.662412272064,FLOAT
0.99,2.26,9.58308916676,1,0.323033256422,0.126785909998,0.217118883066,0.656095206935,0.121860659982,0.214407468007,0.663731872011,FLOAT
0.99,2.27,9.67940081407,1,0.321422121334,0.126132195681,0.216487810042,0.657379994277,0.121190067769,0.213761331907,0.665048600324,FLOAT
0.99,2.28,9.77668040953,1,0.319819021816,0.125481155503,0.215856940855,0.658661903642,0.12052217153,0.213115384883,0.666362443587,FLOAT
0.99,2.29,9.87493768117,1,0.31822391779,0.124832788237,0.215226289857,0.659940921906,0.119856969935,0.21246964151,0.667673388555,FLOAT
0.99,2.3,9.97418245481,1,0.316636769379,0.124187092562,0.214595871322,0.661217036116,0.119194461564,0.211824116285,0.668981422151,FLOAT
0.99,2.31,10.074424655,1,0.315057536903,0.123544067056,0.213965699444,0.6624902335,0.118534644901,0.211178823626,0.670286531473,FLOAT
0.99,2.32,10.1756743061,1,0.313486180883,0.122903710204,0.213335788336,0.66376050146,0.117877518339,0.210533777874,0.671588703787,FLOAT
0.99,2.33,10.277941533,1,0.311922662033,0.122266020396,0.21270615203,0.665027827573,0.117223080177,0.209888993293,0.67288792653,FLOAT
0.99,2.34,10.3812365627,1,0.310366941265,0.121630995926,0.212076804479,0.666292199595,0.116571328625,0.209244484065,0.67418418731,FLOAT
0.99,2.35,10.4855697247,1,0.308818979688,0.120998634993,0.211447759552,0.667553605455,0.1159222618,0.208600264294,0.675477473906,FLOAT
0.99,2.36,10.5909514524,1,0.307278738601,0.120368935704,0.210819031035,0.668812033261,0.115275877731,0.207956348002,0.676767774266,FLOAT
0.99,2.37,10.6973922841,1,0.305746179499,0.119741896073,0.210190632632,0.670067471295,0.114632174357,0.207312749133,0.67805507651,FLOAT
0.99,2.38,10.8049028639,1,0.304221264067,0.119117514022,0.209562577963,0.671319908015,0.113991149528,0.206669481545,0.679339368927,FLOAT
0.99,2.39,10.913493943,1,0.302703954182,0.11849578738,0.208934880565,0.672569332054,0.113352801004,0.206026559019,0.680620639977,FLOAT
0.99,2.4,11.0231763806,1,0.301194211912,0.117876713887,0.208307553889,0.673815732224,0.112717126461,0.20538399525,0.681898878289,FLOAT
0.99,2.41,11.1339611451,1,0.299691999513,0.117260291193,0.207680611301,0.675059097507,0.112084123485,0.204741803852,0.683174072663,FLOAT
0.99,2.42,11.2458593149,1,0.29819727943,0.116646516855,0.207054066081,0.676299417064,0.111453789579,0.204099998354,0.684446212067,FLOAT
0.99,2.43,11.35888208,1,0.296710014294,0.116035388346,0.206427931425,0.677536680229,0.110826122157,0.203458592204,0.685715285639,FLOAT
0.99,2.44,11.4730407428,1,0.295230166924,0.115426903048,0.20580222044,0.678770876512,0.110201118551,0.202817598762,0.686981282688,FLOAT
0.99,2.45,11.5883467192,1,0.293757700324,0.114821058256,0.205176946148,0.680001995596,0.109578776007,0.202177031305,0.688244192688,FLOAT
0.99,2.46,11.70481154,1,0.292292577681,0.114217851179,0.204552121481,0.681230027341,0.10895909169,0.201536903026,0.689504005284,FLOAT
0.99,2.47,11.8224468516,1,0.290834762368,0.113617278938,0.203927759285,0.682454961776,0.108342062679,0.20089722703,0.690760710291,FLOAT
0.99,2.48,11.9412644178,1,0.289384217939,0.113019338572,0.203303872319,0.683676789109,0.107727685973,0.200258016339,0.692014297688,FLOAT
0.99,2.49,12.0612761204,1,0.287940908131,0.112424027032,0.20268047325,0.684895499718,0.10711595849,0.199619283885,0.693264757624,FLOAT
0.99,2.5,12.1824939607,1,0.28650479686,0.111831341187,0.202057574658,0.686111084155,0.106506877066,0.198981042517,0.694512080417,FLOAT
0.99,2.51,12.3049300605,1,0.285075848224,0.111241277822,0.201435189034,0.687323533145,0.105900438457,0.198343304993,0.69575625655,FLOAT
0.99,2.52,12.4285966636,1,0.2836540265,0.110653833639,0.200813328777,0.688532837584,0.105296639341,0.197706083987,0.696997276672,FLOAT
0.99,2.53,12.5535061367,1,0.282239296141,0.11006900526,0.200192006198,0.689738988542,0.104695476316,0.197069392083,0.6982351316,FLOAT
0.99,2.54,12.6796709708,1,0.280831621778,0.109486789224,0.199571233517,0.690941977259,0.104096945904,0.196433241778,0.699469812318,FLOAT
0.99,2.55,12.8071037827,1,0.279430968221,0.10890718199,0.198951022862,0.692141795148,0.103501044547,0.19579764548,0.700701309973,FLOAT
0.99,2.56,12.9358173155,1,0.278037300453,0.108330179938,0.198331386272,0.69333843379,0.102907768613,0.195162615507,0.701929615879,FLOAT
0.99,2.57,13.0658244409,1,0.276650583632,0.10775577937,0.197712335692,0.694531884939,0.102317114394,0.194528164091,0.703154721515,FLOAT
0.99,2.58,13.1971381597,1,0.27527078309,0.107183976506,0.197093882976,0.695722140517,0.101729078107,0.193894303371,0.704376618523,FLOAT
0.99,2.59,13.3297716032,1,0.273897864331,0.106614767493,0.196476039888,0.696909192618,0.101143655892,0.193261045399,0.705595298709,FLOAT
0.99,2.6,13.463738035,1,0.272531793034,0.106048148399,0.195858818098,0.698093033503,0.100560843819,0.192628402136,0.706810754045,FLOAT
0.99,2.61,13.5990508518,1,0.271172535046,0.105484115216,0.195242229182,0.699273655601,0.0999806378841,0.191996385452,0.708022976664,FLOAT
0.99,2.62,13.7357235851,1,0.269820056385,0.104922663861,0.194626284627,0.700451051512,0.0994030340103,0.191365007129,0.70923195886,FLOAT
0.99,2.63,13.8737699021,1,0.268474323239,0.104363790177,0.194010995822,0.701625214001,0.0988280280502,0.190734278857,0.710437693093,FLOAT
0.99,2.64,14.0132036077,1,0.267135301966,0.103807489931,0.193396374068,0.702796136001,0.0982556157853,0.190104212233,0.711640171981,FLOAT
0.99,2.65,14.1540386454,1,0.265802959089,0.103253758821,0.192782430568,0.703963810611,0.0976857929272,0.189474818767,0.712839388306,FLOAT
0.99,2.66,14.2962890987,1,0.2644772613,0.102702592469,0.192169176434,0.705128231098,0.0971185551186,0.188846109874,0.714035335007,FLOAT
0.99,2.67,14.4399691928,1,0.263158175456,0.102153986427,0.191556622683,0.706289390891,0.0965538979333,0.18821809688,0.715228005187,FLOAT
0.99,2.68,14.5850932959,1,0.26184566858,0.101607936175,0.190944780238,0.707447283586,0.0959918168777,0.187590791018,0.716417392104,FLOAT
0.99,2.69,14.7316759204,1,0.26053970786,0.101064437126,0.190333659929,0.708601902945,0.095432307391,0.18696420343,0.717603489179,FLOAT
0.99,2.7,14.8797317249,1,0.259240260646,0.10052348462,0.18972327249,0.70975324289,0.0948753648463,0.186338345165,0.718786289988,FLOAT
0.99,2.71,15.0292755149,1,0.257947294452,0.0999850739304,0.189113628561,0.710901297508,0.094320984551,0.185713227181,0.719965788268,FLOAT
0.99,2.72,15.180322245,1,0.256660776954,0.0994492002621,0.188504738688,0.71204606105,0.0937691617478,0.185088860344,0.721141977908,FLOAT
0.99,2.73,15.3328870199,1,0.255380675988,0.0989158587534,0.18789661332,0.713187527926,0.0932198916153,0.184465255425,0.72231485296,FLOAT
0.99,2.74,15.4869850963,1,0.254106959553,0.0983850444757,0.187289262814,0.71432569271,0.0926731692689,0.183842423106,0.723484407626,FLOAT
0.99,2.75,15.6426318842,1,0.252839595805,0.0978567524354,0.18668269743,0.715460550135,0.0921289897613,0.183220373973,0.724650636266,FLOAT
0.99,2.76,15.7998429483,1,0.25157855306,0.0973309775737,0.186076927333,0.716592095093,0.0915873480834,0.182599118522,0.725813533394,FLOAT
0.99,2.77,15.9586340098,1,0.250323799792,0.0968077147678,0.185471962594,0.717720322638,0.0910482391651,0.181978667156,0.726973093679,FLOAT
0.99,2.78,16.119020948,1,0.249075304632,0.0962869588316,0.184867813188,0.71884522798,0.0905116578757,0.181359030183,0.728129311941,FLOAT
0.99,2.79,16.2810198018,1,0.247833036367,0.0957687045164,0.184264488994,0.71996680649,0.0899775990251,0.18074021782,0.729282183155,FLOAT
0.99,2.8,16.4446467711,1,0.246596963942,0.0952529465116,0.183661999796,0.721085053693,0.0894460573643,0.18012224019,0.730431702446,FLOAT
0.99,2.81,16.6099182188,1,0.245367056453,0.0947396794456,0.183060355283,0.722199965272,0.0889170275859,0.179505107323,0.731577865091,FLOAT
0.99,2.82,16.7768506721,1,0.244143283153,0.0942288978866,0.182459565048,0.723311537066,0.0883905043255,0.178888829158,0.732720666517,FLOAT
0.99,2.83,16.9454608245,1,0.242925613449,0.093720596343,0.181859638588,0.724419765069,0.0878664821617,0.178273415537,0.733860102301,FLOAT
0.99,2.84,17.1157655371,1,0.241714016897,0.0932147692644,0.181260585307,0.725524645429,0.0873449556173,0.177658876212,0.73499616817,FLOAT
0.99,2.85,17.2877818406,1,0.240508463208,0.0927114110424,0.18066241451,0.726626174447,0.0868259191598,0.177045220842,0.736128859999,FLOAT
0.99,2.86,17.4615269366,1,0.239308922244,0.0922105160113,0.180065135409,0.72772434858,0.0863093672025,0.176432458989,0.737258173808,FLOAT
0.99,2.87,17.6370181998,1,0.238115364015,0.0917120784488,0.179468757118,0.728819164433,0.0857952941046,0.175820600128,0.738384105768,FLOAT
0.99,2.88,17.8142731796,1,0.236927758682,0.0912160925766,0.178873288659,0.729910618764,0.0852836941726,0.175209653635,0.739506652193,FLOAT
0.99,2.89,17.9933096016,1,0.235746076556,0.0907225525614,0.178278738956,0.730998708483,0.0847745616606,0.174599628796,0.740625809543,FLOAT
0.99,2.9,18.1741453694,1,0.234570288094,0.0902314525158,0.177685116837,0.732083430647,0.0842678907712,0.173990534804,0.741741574425,FLOAT
0.99,2.91,18.356798567,1,0.233400363901,0.0897427864984,0.177092431037,0.733164782465,0.0837636756563,0.173382380758,0.742853943585,FLOAT
0.99,2.92,18.5412874597,1,0.23223627473,0.0892565485151,0.176500690194,0.734242761291,0.0832619104175,0.172775175665,0.743962913917,FLOAT
0.99,2.93,18.7276304967,1,0.231077991477,0.0887727325198,0.175909902852,0.735317364628,0.0827625891072,0.172168928439,0.745068482454,FLOAT
0.99,2.94,18.9158463123,1,0.229925485187,0.0882913324148,0.175320077458,0.736388590127,0.0822657057293,0.171563647899,0.746170646372,FLOAT
0.99,2.95,19.1059537282,1,0.228778727045,0.087812342052,0.174731222365,0.737456435583,0.0817712542395,0.170959342775,0.747269402986,FLOAT
0.99,2.96,19.2979717555,1,0.227637688384,0.0873357552331,0.174143345832,0.738520898935,0.0812792285466,0.170356021701,0.748364749752,FLOAT
0.99,2.97,19.491919596,1,0.226502340676,0.0868615657108,0.173556456022,0.739581978267,0.0807896225128,0.169753693222,0.749456684265,FLOAT
0.99,2.98,19.6878166448,1,0.225372655539,0.0863897671894,0.172970561003,0.740639671808,0.0803024299547,0.169152365786,0.750545204259,FLOAT
0.99,2.99,19.8856824916,1,0.224248604731,0.0859203533255,0.172385668749,0.741693977926,0.0798176446438,0.168552047753,0.751630307603,FLOAT
0.99,3,20.0855369232,1,0.223130160148,0.0854533177284,0.171801787139,0.742744895133,0.0793352603073,0.167952747388,0.752711992304,FLOAT
0.99,3.01,20.2873999252,1,0.222017293832,0.0849886539616,0.171218923958,0.743792422081,0.0788552706288,0.167354472866,0.753790256505,FLOAT
0.99,3.02,20.4912916842,1,0.220909977959,0.0845263555428,0.170637086897,0.744836557561,0.0783776692491,0.166757232268,0.754865098483,FLOAT
0.99,3.03,20.6972325894,1,0.219808184848,0.0840664159449,0.170056283552,0.745877300503,0.0779024497668,0.166161033585,0.755936516649,FLOAT
0.99,3.04,20.9052432351,1,0.218711886952,0.0836088285969,0.169476521426,0.746914649977,0.0774296057391,0.165565884714,0.757004509547,FLOAT
0.99,3.05,21.1153444225,1,0.217621056865,0.0831535868841,0.168897807929,0.747948605187,0.0769591306823,0.164971793464,0.758069075854,FLOAT
0.99,3.06,21.327557162,1,0.216535667316,0.0827006841494,0.168320150375,0.748979165476,0.0764910180727,0.16437876755,0.759130214377,FLOAT
0.99,3.07,21.541902675,1,0.21545569117,0.0822501136938,0.167743555986,0.75000633032,0.0760252613475,0.163786814596,0.760187924056,FLOAT
0.99,3.08,21.7584023962,1,0.214381101427,0.0818018687768,0.167168031892,0.751030099331,0.0755618539049,0.163195942137,0.761242203958,FLOAT
0.99,3.09,21.9770779758,1,0.213311871223,0.0813559426178,0.166593585129,0.752050472253,0.0751007891053,0.162606157615,0.762293053279,FLOAT
0.99,3.1,22.1979512814,1,0.212247973827,0.0809123283959,0.166020222639,0.753067448965,0.0746420602719,0.162017468383,0.763340471345,FLOAT
0.99,3.11,22.4210444007,1,0.211189382641,0.0804710192515,0.165447951273,0.754081029475,0.0741856606912,0.161429881702,0.764384457607,FLOAT
0.99,3.12,22.6463796432,1,0.210136071201,0.0800320082864,0.16487677779,0.755091213924,0.0737315836139,0.160843404745,0.765425011641,FLOAT
0.99,3.13,22.8739795424,1,0.209088013173,0.0795952885646,0.164306708856,0.75609800258,0.0732798222555,0.160258044593,0.766462133151,FLOAT
0.99,3.14,23.1038668587,1,0.208045182357,0.0791608531133,0.163737751044,0.757101395843,0.0728303697969,0.159673808239,0.767495821964,FLOAT
0.99,3.15,23.3360645809,1,0.207007552681,0.0787286949232,0.163169910838,0.758101394238,0.0723832193851,0.159090702585,0.76852607803,FLOAT
0.99,3.16,23.5705959291,1,0.205975098205,0.0782988069495,0.16260319463,0.759097998421,0.0719383641343,0.158508734444,0.769552901422,FLOAT
0.99,3.17,23.8074843564,1,0.204947793117,0.0778711821124,0.162037608719,0.760091209169,0.0714957971257,0.157927910542,0.770576292333,FLOAT
0.99,3.18,24.0467535521,1,0.203925611734,0.0774458132977,0.161473159314,0.761081027388,0.071055511409,0.157348237513,0.771596251078,FLOAT
0.99,3.19,24.2884274431,1,0.202908528503,0.0770226933578,0.160909852536,0.762067454107,0.0706175000026,0.156769721905,0.772612778092,FLOAT
0.99,3.2,24.5325301971,1,0.201896517995,0.0766018151121,0.160347694411,0.763050490477,0.0701817558945,0.156192370177,0.773625873929,FLOAT
0.99,3.21,24.7790862246,1,0.20088955491,0.0761831713478,0.15978669088,0.764030137773,0.0697482720429,0.155616188699,0.774635539258,FLOAT
0.99,3.22,25.0281201813,1,0.199887614075,0.0757667548204,0.15922684779,0.76500639739,0.0693170413765,0.155041183755,0.775641774868,FLOAT
0.99,3.23,25.279656971,1,0.198890670441,0.0753525582548,0.158668170901,0.765979270844,0.0688880567959,0.154467361541,0.776644581663,FLOAT
0.99,3.24,25.5337217474,1,0.197898699084,0.0749405743453,0.158110665884,0.766948759771,0.0684613111734,0.153894728165,0.777643960661,FLOAT
0.99,3.25,25.7903399172,1,0.196911675204,0.0745307957569,0.15755433832,0.767914865923,0.0680367973545,0.153323289649,0.778639912996,FLOAT
0.99,3.26,26.0495371425,1,0.195929574127,0.0741232151255,0.156999193702,0.768877591173,0.0676145081578,0.152753051928,0.779632439914,FLOAT
0.99,3.27,26.3113393433,1,0.194952371299,0.0737178250588,0.156445237434,0.769836937507,0.0671944363759,0.152184020851,0.780621542773,FLOAT
0.99,3.28,26.5757726999,1,0.193980042291,0.0733146181369,0.155892474835,0.770792907028,0.0667765747764,0.151616202181,0.781607223043,FLOAT
0.99,3.29,26.8428636559,1,0.193012562794,0.0729135869129,0.155340911133,0.771745501954,0.0663609161018,0.151049601595,0.782589482303,FLOAT
0.99,3.3,27.1126389207,1,0.192049908621,0.0725147239135,0.154790551471,0.772694724615,0.065947453071,0.150484224685,0.783568322244,FLOAT
0.99,3.31,27.3851254719,1,0.191092055705,0.0721180216398,0.154241400904,0.773640577456,0.0655361783789,0.149920076958,0.784543744663,FLOAT
0.99,3.32,27.6603505585,1,0.190138980102,0.0717234725678,0.153693464402,0.77458306303,0.0651270846982,0.149357163837,0.785515751465,FLOAT
0.99,3.33,27.9383417032,1,0.189190657982,0.0713310691491,0.153146746846,0.775522184004,0.0647201646789,0.148795490659,0.786484344662,FLOAT
0.99,3.34,28.2191267054,1,0.188247065639,0.0709408038115,0.152601253035,0.776457943153,0.0643154109497,0.148235062678,0.787449526372,FLOAT
0.99,3.35,28.5027336438,1,0.187308179482,0.0705526689594,0.15205698768,0.777390343361,0.0639128161181,0.147675885064,0.788411298817,FLOAT
0.99,3.36,28.7891908792,1,0.186373976039,0.070166656975,0.151513955407,0.778319387618,0.0635123727715,0.147117962905,0.789369664324,FLOAT
0.99,3.37,29.0785270578,1,0.185444431956,0.0697827602184,0.150972160759,0.779245079022,0.0631140734772,0.146561301203,0.79032462532,FLOAT
0.99,3.38,29.3707711133,1,0.184519523993,0.0694009710281,0.150431608193,0.780167420779,0.0627179107837,0.146005904881,0.791276184336,FLOAT
0.99,3.39,29.6659522704,1,0.183599229028,0.0690212817224,0.149892302083,0.781086416194,0.0623238772205,0.145451778776,0.792224344003,FLOAT
0.99,3.4,29.9641000474,1,0.182683524053,0.068643684599,0.14935424672,0.782002068681,0.0619319652994,0.144898927646,0.793169107054,FLOAT
0.99,3.41,30.2652442594,1,0.181772386175,0.0682681719362,0.14881744631,0.782914381754,0.0615421675148,0.144347356167,0.794110476318,FLOAT
0.99,3.42,30.5694150211,1,0.180865792617,0.0678947359936,0.148281904977,0.783823359029,0.0611544763439,0.143797068933,0.795048454723,FLOAT
0.99,3.43,30.8766427497,1,0.179963720713,0.0675233690121,0.147747626765,0.784729004223,0.0607688842482,0.143248070456,0.795983045296,FLOAT
0.99,3.44,31.1869581683,1,0.179066147911,0.0671540632151,0.147214615632,0.785631321153,0.060385383673,0.14270036517,0.796914251157,FLOAT
0.99,3.45,31.5003923087,1,0.178173051773,0.0667868108088,0.146682875458,0.786530313734,0.0600039670488,0.142153957429,0.797842075522,FLOAT
0.99,3.46,31.8169765147,1,0.17728440997,0.0664216039826,0.146152410039,0.787425985978,0.0596246267916,0.141608851504,0.798766521704,FLOAT
0.99,3.47,32.1367424448,1,0.176400200286,0.0660584349102,0.145623223094,0.788318341996,0.059247355303,0.14106505159,0.799687593107,FLOAT
0.99,3.48,32.4597220759,1,0.175520400617,0.0656972957496,0.145095318258,0.789207385993,0.0588721449716,0.140522561803,0.800605293225,FLOAT
0.99,3.49,32.7859477062,1,0.174644988967,0.0653381786439,0.144568699088,0.790093122268,0.058498988173,0.139981386178,0.801519625649,FLOAT
0.99,3.5,33.1154519587,1,0.17377394345,0.0649810757222,0.144043369061,0.790975555217,0.0581278772702,0.139441528674,0.802430594055,FLOAT
0.99,3.51,33.4482677839,1,0.172907242292,0.0646259790994,0.143519331575,0.791854689325,0.0577588046149,0.138902993172,0.803338202213,FLOAT
0.99,3.52,33.7844284638,1,0.172044863823,0.0642728808774,0.142996589951,0.792730529171,0.057391762547,0.138365783475,0.804242453978,FLOAT
0.99,3.53,34.1239676148,1,0.171186786485,0.0639217731456,0.14247514743,0.793603079425,0.0570267433961,0.13782990331,0.805143353294,FLOAT
0.99,3.54,34.4669191909,1,0.170332988825,0.063572647981,0.141955007175,0.794472344844,0.0566637394814,0.137295356327,0.806040904192,FLOAT
0.99,3.55,34.8133174876,1,0.169483449499,0.0632254974492,0.141436172273,0.795338330277,0.0563027431124,0.136762146099,0.806935110789,FLOAT
0.99,3.56,35.1631971451,1,0.168638147269,0.0628803136046,0.140918645735,0.79620104066,0.0559437465897,0.136230276125,0.807825977285,FLOAT
0.99,3.57,35.5165931516,1,0.167797061,0.0625370884912,0.140402430494,0.797060481015,0.055586742205,0.135699749828,0.808713507967,FLOAT
0.99,3.58,35.8735408471,1,0.166960169667,0.0621958141431,0.139887529407,0.79791665645,0.055231722242,0.135170570556,0.809597707202,FLOAT
0.99,3.59,36.2340759265,1,0.166127452347,0.0618564825847,0.139373945257,0.798769572158,0.0548786789767,0.134642741584,0.810478579439,FLOAT
0.99,3.6,36.5982344437,1,0.165298888222,0.0615190858316,0.138861680751,0.799619233417,0.0545276046782,0.13411626611,0.811356129211,FLOAT
0.99,3.61,36.9660528148,1,0.164474456577,0.061183615891,0.138350738523,0.800465645586,0.0541784916088,0.133591147262,0.812230361129,FLOAT
0.99,3.62,37.3375678221,1,0.163654136803,0.0608500647622,0.13784112113,0.801308814108,0.0538313320246,0.133067388092,0.813101279883,FLOAT
0.99,3.63,37.7128166172,1,0.16283790839,0.0605184244369,0.137332831057,0.802148744506,0.0534861181765,0.132544991582,0.813968890242,FLOAT
0.99,3.64,38.0918367254,1,0.162025750934,0.0601886869001,0.136825870718,0.802985442382,0.0531428423097,0.132023960638,0.814833197052,FLOAT
0.99,3.65,38.474666049,1,0.16121764413,0.0598608441302,0.136320242452,0.803818913418,0.0528014966653,0.131504298098,0.815694205236,FLOAT
0.99,3.66,38.8613428713,1,0.160413567775,0.0595348880999,0.135815948526,0.804649163374,0.0524620734797,0.130986006728,0.816551919793,FLOAT
0.99,3.67,39.2519058603,1,0.159613501768,0.0592108107763,0.135312991135,0.805476198089,0.0521245649859,0.13046908922,0.817406345794,FLOAT
0.99,3.68,39.6463940726,1,0.158817426107,0.0588886041214,0.134811372405,0.806300023474,0.0517889634136,0.129953548198,0.818257488388,FLOAT
0.99,3.69,40.0448469573,1,0.15802532089,0.0585682600931,0.134311094388,0.807120645518,0.0514552609897,0.129439386218,0.819105352793,FLOAT
0.99,3.7,40.4473043601,1,0.157237166314,0.058249770645,0.13381215907,0.807938070285,0.0511234499389,0.128926605761,0.8199499443,FLOAT
0.99,3.71,40.853806527,1,0.156452942675,0.0579331277274,0.133314568363,0.80875230391,0.0507935224837,0.128415209243,0.820791268273,FLOAT
0.99,3.72,41.2643941086,1,0.155672630368,0.0576183232871,0.132818324112,0.809563352601,0.0504654708456,0.127905199011,0.821629330143,FLOAT
0.99,3.73,41.679108164,1,0.154896209885,0.0573053492689,0.132323428093,0.810371222638,0.0501392872448,0.127396577342,0.822464135413,FLOAT
0.99,3.74,42.097990165,1,0.154123661815,0.056994197615,0.131829882015,0.81117592037,0.0498149639012,0.126889346446,0.823295689653,FLOAT
0.99,3.75,42.5210820001,1,0.153354966845,0.056684860266,0.131337687515,0.811977452219,0.0494924930344,0.126383508466,0.8241239985,FLOAT
0.99,3.76,42.9484259788,1,0.152590105757,0.0563773291614,0.130846846168,0.812775824671,0.0491718668646,0.125879065478,0.824949067658,FLOAT
0.99,3.77,43.3800648359,1,0.151829059429,0.0560715962397,0.130357359478,0.813571044282,0.0488530776124,0.125376019491,0.825770902897,FLOAT
0.99,3.78,43.8160417356,1,0.151071808836,0.0557676534393,0.129869228887,0.814363117674,0.0485361175,0.124874372449,0.826589510051,FLOAT
0.99,3.79,44.256400276,1,0.150318335046,0.0554654926982,0.129382455766,0.815152051536,0.0482209787508,0.124374126229,0.827404895021,FLOAT
0.99,3.8,44.7011844933,1,0.149568619223,0.0551651059554,0.128897041425,0.81593785262,0.0479076535905,0.123875282644,0.828217063766,FLOAT
0.99,3.81,45.1504388663,1,0.148822642622,0.0548664851506,0.128412987107,0.816720527743,0.0475961342471,0.123377843443,0.82902602231,FLOAT
0.99,3.82,45.6042083208,1,0.148080386595,0.0545696222248,0.127930293992,0.817500083783,0.0472864129515,0.122881810309,0.82983177674,FLOAT
0.99,3.83,46.0625382342,1,0.147341832586,0.0542745091209,0.127448963195,0.818276527684,0.0469784819378,0.122387184863,0.8306343332,FLOAT
0.99,3.84,46.5254744398,1,0.14660696213,0.0539811377839,0.126968995769,0.819049866447,0.0466723334437,0.121893968661,0.831433697895,FLOAT
0.99,3.85,46.9930632316,1,0.145875756856,0.0536895001612,0.126490392703,0.819820107135,0.0463679597109,0.121402163199,0.83222987709,FLOAT
0.99,3.86,47.4653513689,1,0.145148198484,0.0533995882036,0.126013154925,0.820587256871,0.0460653529856,0.120911769908,0.833022877107,FLOAT
0.99,3.87,47.9423860808,1,0.144424268824,0.053111393865,0.125537283301,0.821351322834,0.0457645055187,0.120422790158,0.833812704324,FLOAT
0.99,3.88,48.4242150713,1,0.143703949778,0.0528249091031,0.125062778634,0.822112312263,0.0454654095663,0.119935225258,0.834599365176,FLOAT
0.99,3.89,48.9108865237,1,0.142987223338,0.0525401258798,0.124589641668,0.822870232452,0.0451680573901,0.119449076456,0.835382866154,FLOAT
0.99,3.9,49.4024491055,1,0.142274071587,0.0522570361617,0.124117873087,0.823625090751,0.0448724412575,0.118964344939,0.836163213804,FLOAT
0.99,3.91,49.8989519734,1,0.141564476694,0.0519756319202,0.123647473515,0.824376894564,0.0445785534425,0.118481031834,0.836940414723,FLOAT
0.99,3.92,50.4004447781,1,0.140858420921,0.051695905132,0.123178443516,0.825125651352,0.0442863862254,0.117999138211,0.837714475564,FLOAT
0.99,3.93,50.9069776692,1,0.140155886616,0.0514178477795,0.122710783597,0.825871368624,0.0439959318936,0.117518665076,0.83848540303,FLOAT
0.99,3.94,51.4186013005,1,0.139456856215,0.0511414518514,0.122244494203,0.826614053945,0.043707182742,0.117039613381,0.839253203877,FLOAT
0.99,3.95,51.9353668348,1,0.138761312243,0.0508667093425,0.121779575727,0.82735371493,0.043420131073,0.116561984018,0.840017884909,FLOAT
0.99,3.96,52.4573259491,1,0.138069237311,0.0505936122547,0.121316028501,0.828090359245,0.0431347691971,0.11608577782,0.840779452983,FLOAT
0.99,3.97,52.9845308397,1,0.137380614117,0.0503221525967,0.1208538528,0.828823994603,0.0428510894331,0.115610995566,0.841537915001,FLOAT
0.99,3.98,53.5170342275,1,0.136695425446,0.0500523223851,0.120393048846,0.829554628769,0.0425690841087,0.115137637975,0.842293277917,FLOAT
0.99,3.99,54.0548893633,1,0.136013654167,0.0497841136441,0.119933616803,0.830282269553,0.0422887455603,0.114665705712,0.843045548728,FLOAT
0.99,4,54.5981500331,1,0.135335283237,0.0495175184062,0.119475556781,0.831006924813,0.0420100661341,0.114195199385,0.843794734481,FLOAT
