triple,beta12,beta13,beta23,alpha,x1,x2,x3,evidence
"no_pair_loops_(1,1,1)",1,1,1,0.666666676666667,0.333333333333333,0.333333333333333,0.333333333333333,FLOAT
"no_pair_loops_(1,1,1)",1,1,1,0.66666667726311,0.333333333333333,0.333333333333333,0.333333333333333,FLOAT
"no_pair_loops_(1,1,1)",1,1,1,0.666666677895128,0.333333333333333,0.333333333333333,0.333333333333333,FLOAT
"no_pair_loops_(1,1,1)",1,1,1,0.666666678564843,0.333333333333333,0.333333333333333,0.333333333333333,FLOAT
"no_pair_loops_(1,1,1)",1,1,1,0.666666679274502,0.333333333333333,0.333333333333333,0.333333333333333,FLOAT
"no_pair_loops_(1,1,1)",1,1,1,0.666666680026488,0.333333333333333,0.333333333333333,0.333333333333333,FLOAT
"no_pair_loops_(1,1,1)",1,1,1,0.666666680823326,0.333333333333333,0.333333333333333,0.333333333333333,FLOAT
"no_pair_loops_(1,1,1)",1,1,1,0.666666681667691,0.333333333333333,0.333333333333333,0.333333333333333,FLOAT
"no_pair_loops_(1,1,1)",1,1,1,0.666666682562417,0.333333333333333,0.333333333333333,0.333333333333333,FLOAT
"no_pair_loops_(1,1,1)",1,1,1,0.666666683510509,0.333333333333333,0.333333333333333,0.333333333333333,FLOAT
"no_pair_loops_(1,1,1)",1,1,1,0.666666684515149,0.333333333333333,0.333333333333333,0.333333333333333,FLOAT
"no_pair_loops_(1,1,1)",1,1,1,0.66666668557971,0.333333333333333,0.333333333333333,0.333333333333333,FLOAT
"no_pair_loops_(1,1,1)",1,1,1,0.666666686707767,0.333333333333333,0.333333333333333,0.333333333333333,FLOAT
"no_pair_loops_(1,1,1)",1,1,1,0.666666687903105,0.333333333333333,0.333333333333333,0.333333333333333,FLOAT
"no_pair_loops_(1,1,1)",1,1,1,0.666666689169739,0.333333333333333,0.333333333333333,0.333333333333333,FLOAT
"no_pair_loops_(1,1,1)",1,1,1,0.66666669051192,0.333333333333333,0.333333333333333,0.333333333333333,FLOAT
"no_pair_loops_(1,1,1)",1,1,1,0.666666691934155,0.333333333333333,0.333333333333333,0.333333333333333,FLOAT
"no_pair_loops_(1,1,1)",1,1,1,0.666666693441218,0.333333333333333,0.333333333333333,0.333333333333333,FLOAT
"no_pair_loops_(1,1,1)",1,1,1,0.666666695038169,0.333333333333333,0.333333333333333,0.333333333333333,FLOAT
"no_pair_loops_(1,1,1)",1,1,1,0.666666696730369,0.333333333333333,0.333333333333333,0.333333333333333,FLOAT
"no_pair_loops_(1,1,1)",1,1,1,0.666666698523499,0.333333333333333,0.333333333333333,0.333333333333333,FLOAT
"no_pair_loops_(1,1,1)",1,1,1,0.666666700423579,0.333333333333333,0.333333333333333,0.333333333333333,FLOAT
"no_pair_loops_(1,1,1)",1,1,1,0.666666702436989,0.333333333333333,0.333333333333333,0.333333333333333,FLOAT
"no_pair_loops_(1,1,1)",1,1,1,0.666666704570486,0.333333333333333,0.333333333333333,0.333333333333333,FLOAT
"no_pair_loops_(1,1,1)",1,1,1,0.666666706831235,0.333333333333333,0.333333333333333,0.333333333333333,FLOAT
"no_pair_loops_(1,1,1)",1,1,1,0.666666709226825,0.333333333333333,0.333333333333333,0.333333333333333,FLOAT
"no_pair_loops_(1,1,1)",1,1,1,0.666666711765299,0.333333333333333,0.333333333333333,0.333333333333333,FLOAT
"no_pair_loops_(1,1,1)",1,1,1,0.666666714455177,0.333333333333333,0.333333333333333,0.333333333333333,FLOAT
"no_pair_loops_(1,1,1)",1,1,1,0.666666717305492,0.333333333333333,0.333333333333333,0.333333333333333,FLOAT
"no_pair_loops_(1,1,1)",1,1,1,0.666666720325813,0.333333333333333,0.333333333333333,0.333333333333333,FLOAT
"no_pair_loops_(1,1,1)",1,1,1,0.666666723526278,0.333333333333333,0.333333333333333,0.333333333333333,FLOAT
"no_pair_loops_(1,1,1)",1,1,1,0.666666726917633,0.333333333333333,0.333333333333333,0.333333333333333,FLOAT
"no_pair_loops_(1,1,1)",1,1,1,0.666666730511263,0.333333333333333,0.333333333333333,0.333333333333333,FLOAT
"no_pair_loops_(1,1,1)",1,1,1,0.666666734319233,0.333333333333333,0.333333333333333,0.333333333333333,FLOAT
"no_pair_loops_(1,1,1)",1,1,1,0.666666738354327,0.333333333333333,0.333333333333333,0.333333333333333,FLOAT
"no_pair_loops_(1,1,1)",1,1,1,0.666666742630091,0.333333333333333,0.333333333333333,0.333333333333333,FLOAT
"no_pair_loops_(1,1,1)",1,1,1,0.66666674716088,0.333333333333333,0.333333333333333,0.333333333333333,FLOAT
"no_pair_loops_(1,1,1)",1,1,1,0.666666751961906,0.333333333333333,0.333333333333333,0.333333333333333,FLOAT
"no_pair_loops_(1,1,1)",1,1,1,0.666666757049286,0.333333333333333,0.333333333333333,0.333333333333333,FLOAT
"no_pair_loops_(1,1,1)",1,1,1,0.666666762440099,0.333333333333333,0.333333333333333,0.333333333333333,FLOAT
"no_pair_loops_(1,1,1)",1,1,1,0.666666768152444,0.333333333333333,0.333333333333333,0.333333333333333,FLOAT
"no_pair_loops_(1,1,1)",1,1,1,0.666666774205498,0.333333333333333,0.333333333333333,0.333333333333333,FLOAT
"no_pair_loops_(1,1,1)",1,1,1,0.666666780619582,0.333333333333333,0.333333333333333,0.333333333333333,FLOAT
"no_pair_loops_(1,1,1)",1,1,1,0.66666678741623,0.333333333333333,0.333333333333333,0.333333333333333,FLOAT
"no_pair_loops_(1,1,1)",1,1,1,0.66666679461826,0.333333333333333,0.333333333333333,0.333333333333333,FLOAT
"no_pair_loops_(1,1,1)",1,1,1,0.666666802249851,0.333333333333333,0.333333333333333,0.333333333333333,FLOAT
"no_pair_loops_(1,1,1)",1,1,1,0.666666810336623,0.333333333333333,0.333333333333333,0.333333333333333,FLOAT
"no_pair_loops_(1,1,1)",1,1,1,0.666666818905725,0.333333333333333,0.333333333333333,0.333333333333333,FLOAT
"no_pair_loops_(1,1,1)",1,1,1,0.666666827985925,0.333333333333333,0.333333333333333,0.333333333333333,FLOAT
"no_pair_loops_(1,1,1)",1,1,1,0.666666837607709,0.333333333333333,0.333333333333333,0.333333333333333,FLOAT
"no_pair_loops_(1,1,1)",1,1,1,0.666666847803377,0.333333333333333,0.333333333333333,0.333333333333333,FLOAT
"no_pair_loops_(1,1,1)",1,1,1,0.66666685860716,0.333333333333333,0.333333333333333,0.333333333333333,FLOAT
"no_pair_loops_(1,1,1)",1,1,1,0.666666870055327,0.333333333333333,0.333333333333333,0.333333333333333,FLOAT
"no_pair_loops_(1,1,1)",1,1,1,0.666666882186313,0.333333333333333,0.333333333333333,0.333333333333333,FLOAT
"no_pair_loops_(1,1,1)",1,1,1,0.666666895040844,0.333333333333333,0.333333333333333,0.333333333333333,FLOAT
"no_pair_loops_(1,1,1)",1,1,1,0.666666908662074,0.333333333333333,0.333333333333333,0.333333333333333,FLOAT
"no_pair_loops_(1,1,1)",1,1,1,0.666666923095735,0.333333333333333,0.333333333333333,0.333333333333333,FLOAT
"no_pair_loops_(1,1,1)",1,1,1,0.666666938390282,0.333333333333333,0.333333333333333,0.333333333333333,FLOAT
"no_pair_loops_(1,1,1)",1,1,1,0.666666954597062,0.333333333333333,0.333333333333333,0.333333333333333,FLOAT
"no_pair_loops_(1,1,1)",1,1,1,0.666666971770485,0.333333333333333,0.333333333333333,0.333333333333333,FLOAT
"no_pair_loops_(1,1,1)",1,1,1,0.666666989968206,0.333333333333333,0.333333333333333,0.333333333333333,FLOAT
"no_pair_loops_(1,1,1)",1,1,1,0.666667009251318,0.333333333333333,0.333333333333333,0.333333333333333,FLOAT
"no_pair_loops_(1,1,1)",1,1,1,0.666667029684559,0.333333333333333,0.333333333333333,0.333333333333333,FLOAT
"no_pair_loops_(1,1,1)",1,1,1,0.666667051336528,0.333333333333333,0.333333333333333,0.333333333333333,FLOAT
"no_pair_loops_(1,1,1)",1,1,1,0.666667074279914,0.333333333333333,0.333333333333333,0.333333333333333,FLOAT
"no_pair_loops_(1,1,1)",1,1,1,0.666667098591744,0.333333333333333,0.333333333333333,0.333333333333333,FLOAT
"no_pair_loops_(1,1,1)",1,1,1,0.666667124353638,0.333333333333333,0.333333333333333,0.333333333333333,FLOAT
"no_pair_loops_(1,1,1)",1,1,1,0.666667151652083,0.333333333333333,0.333333333333333,0.333333333333333,FLOAT
"no_pair_loops_(1,1,1)",1,1,1,0.666667180578726,0.333333333333333,0.333333333333333,0.333333333333333,FLOAT
"no_pair_loops_(1,1,1)",1,1,1,0.66666721123068,0.333333333333333,0.333333333333333,0.333333333333333,FLOAT
"no_pair_loops_(1,1,1)",1,1,1,0.66666724371085,0.333333333333333,0.333333333333333,0.333333333333333,FLOAT
"no_pair_loops_(1,1,1)",1,1,1,0.666667278128279,0.333333333333333,0.333333333333333,0.333333333333333,FLOAT
"no_pair_loops_(1,1,1)",1,1,1,0.666667314598514,0.333333333333333,0.333333333333333,0.333333333333333,FLOAT
"no_pair_loops_(1,1,1)",1,1,1,0.666667353243992,0.333333333333333,0.333333333333333,0.333333333333333,FLOAT
"no_pair_loops_(1,1,1)",1,1,1,0.666667394194455,0.333333333333333,0.333333333333333,0.333333333333333,FLOAT
"no_pair_loops_(1,1,1)",1,1,1,0.666667437587381,0.333333333333333,0.333333333333333,0.333333333333333,FLOAT
"no_pair_loops_(1,1,1)",1,1,1,0.666667483568452,0.333333333333333,0.333333333333333,0.333333333333333,FLOAT
"no_pair_loops_(1,1,1)",1,1,1,0.666667532292033,0.333333333333333,0.333333333333333,0.333333333333333,FLOAT
"no_pair_loops_(1,1,1)",1,1,1,0.666667583921701,0.333333333333333,0.333333333333333,0.333333333333333,FLOAT
"no_pair_loops_(1,1,1)",1,1,1,0.666667638630787,0.333333333333333,0.333333333333333,0.333333333333333,FLOAT
"no_pair_loops_(1,1,1)",1,1,1,0.666667696602962,0.333333333333333,0.333333333333333,0.333333333333333,FLOAT
"no_pair_loops_(1,1,1)",1,1,1,0.66666775803285,0.333333333333333,0.333333333333333,0.333333333333333,FLOAT
"no_pair_loops_(1,1,1)",1,1,1,0.666667823126684,0.333333333333333,0.333333333333333,0.333333333333333,FLOAT
"no_pair_loops_(1,1,1)",1,1,1,0.666667892102997,0.333333333333333,0.333333333333333,0.333333333333333,FLOAT
"no_pair_loops_(1,1,1)",1,1,1,0.666667965193359,0.333333333333333,0.333333333333333,0.333333333333333,FLOAT
"no_pair_loops_(1,1,1)",1,1,1,0.666668042643148,0.333333333333333,0.333333333333333,0.333333333333333,FLOAT
"no_pair_loops_(1,1,1)",1,1,1,0.66666812471238,0.333333333333333,0.333333333333333,0.333333333333333,FLOAT
"no_pair_loops_(1,1,1)",1,1,1,0.666668211676578,0.333333333333333,0.333333333333333,0.333333333333333,FLOAT
"no_pair_loops_(1,1,1)",1,1,1,0.666668303827701,0.333333333333333,0.333333333333333,0.333333333333333,FLOAT
"no_pair_loops_(1,1,1)",1,1,1,0.666668401475117,0.333333333333333,0.333333333333333,0.333333333333333,FLOAT
"no_pair_loops_(1,1,1)",1,1,1,0.666668504946651,0.333333333333333,0.333333333333333,0.333333333333333,FLOAT
"no_pair_loops_(1,1,1)",1,1,1,0.666668614589678,0.333333333333333,0.333333333333333,0.333333333333333,FLOAT
"no_pair_loops_(1,1,1)",1,1,1,0.666668730772293,0.333333333333333,0.333333333333333,0.333333333333333,FLOAT
"no_pair_loops_(1,1,1)",1,1,1,0.666668853884545,0.333333333333333,0.333333333333333,0.333333333333333,FLOAT
"no_pair_loops_(1,1,1)",1,1,1,0.666668984339748,0.333333333333333,0.333333333333333,0.333333333333333,FLOAT
"no_pair_loops_(1,1,1)",1,1,1,0.666669122575868,0.333333333333333,0.333333333333333,0.333333333333333,FLOAT
"no_pair_loops_(1,1,1)",1,1,1,0.666669269056992,0.333333333333333,0.333333333333333,0.333333333333333,FLOAT
"no_pair_loops_(1,1,1)",1,1,1,0.666669424274889,0.333333333333333,0.333333333333333,0.333333333333333,FLOAT
"no_pair_loops_(1,1,1)",1,1,1,0.666669588750657,0.333333333333333,0.333333333333333,0.333333333333333,FLOAT
"no_pair_loops_(1,1,1)",1,1,1,0.666669763036477,0.333333333333333,0.333333333333333,0.333333333333333,FLOAT
"no_pair_loops_(1,1,1)",1,1,1,0.666669947717462,0.333333333333333,0.333333333333333,0.333333333333333,FLOAT
"no_pair_loops_(1,1,1)",1,1,1,0.666670143413626,0.333333333333333,0.333333333333333,0.333333333333333,FLOAT
"no_pair_loops_(1,1,1)",1,1,1,0.666670350781961,0.333333333333333,0.333333333333333,0.333333333333333,FLOAT
"no_pair_loops_(1,1,1)",1,1,1,0.666670570518648,0.333333333333333,0.333333333333333,0.333333333333333,FLOAT
"no_pair_loops_(1,1,1)",1,1,1,0.666670803361388,0.333333333333333,0.333333333333333,0.333333333333333,FLOAT
"no_pair_loops_(1,1,1)",1,1,1,0.666671050091883,0.333333333333333,0.333333333333333,0.333333333333333,FLOAT
"no_pair_loops_(1,1,1)",1,1,1,0.66667131153846,0.333333333333333,0.333333333333333,0.333333333333333,FLOAT
"no_pair_loops_(1,1,1)",1,1,1,0.666671588578849,0.333333333333333,0.333333333333333,0.333333333333333,FLOAT
"no_pair_loops_(1,1,1)",1,1,1,0.666671882143135,0.333333333333333,0.333333333333333,0.333333333333333,FLOAT
"no_pair_loops_(1,1,1)",1,1,1,0.666672193216873,0.333333333333333,0.333333333333333,0.333333333333333,FLOAT
"no_pair_loops_(1,1,1)",1,1,1,0.666672522844405,0.333333333333333,0.333333333333333,0.333333333333333,FLOAT
"no_pair_loops_(1,1,1)",1,1,1,0.666672872132358,0.333333333333333,0.333333333333333,0.333333333333333,FLOAT
"no_pair_loops_(1,1,1)",1,1,1,0.666673242253367,0.333333333333333,0.333333333333333,0.333333333333333,FLOAT
"no_pair_loops_(1,1,1)",1,1,1,0.666673634450005,0.333333333333333,0.333333333333333,0.333333333333333,FLOAT
"no_pair_loops_(1,1,1)",1,1,1,0.66667405003896,0.333333333333333,0.333333333333333,0.333333333333333,FLOAT
"no_pair_loops_(1,1,1)",1,1,1,0.66667449041545,0.333333333333333,0.333333333333333,0.333333333333333,FLOAT
"no_pair_loops_(1,1,1)",1,1,1,0.666674957057912,0.333333333333333,0.333333333333333,0.333333333333333,FLOAT
"no_pair_loops_(1,1,1)",1,1,1,0.666675451532965,0.333333333333333,0.333333333333333,0.333333333333333,FLOAT
"no_pair_loops_(1,1,1)",1,1,1,0.666675975500663,0.333333333333333,0.333333333333333,0.333333333333333,FLOAT
"no_pair_loops_(1,1,1)",1,1,1,0.666676530720078,0.333333333333333,0.333333333333333,0.333333333333333,FLOAT
"no_pair_loops_(1,1,1)",1,1,1,0.666677119055197,0.333333333333333,0.333333333333333,0.333333333333333,FLOAT
"no_pair_loops_(1,1,1)",1,1,1,0.666677742481186,0.333333333333333,0.333333333333333,0.333333333333333,FLOAT
"no_pair_loops_(1,1,1)",1,1,1,0.666678403091018,0.333333333333333,0.333333333333333,0.333333333333333,FLOAT
"no_pair_loops_(1,1,1)",1,1,1,0.666679103102497,0.333333333333333,0.333333333333333,0.333333333333333,FLOAT
"no_pair_loops_(1,1,1)",1,1,1,0.666679844865711,0.333333333333333,0.333333333333333,0.333333333333333,FLOAT
"no_pair_loops_(1,1,1)",1,1,1,0.666680630870915,0.333333333333333,0.333333333333333,0.333333333333333,FLOAT
"no_pair_loops_(1,1,1)",1,1,1,0.666681463756893,0.333333333333333,0.333333333333333,0.333333333333333,FLOAT
"no_pair_loops_(1,1,1)",1,1,1,0.666682346319819,0.333333333333333,0.333333333333333,0.333333333333333,FLOAT
"no_pair_loops_(1,1,1)",1,1,1,0.666683281522644,0.333333333333333,0.333333333333333,0.333333333333333,FLOAT
"no_pair_loops_(1,1,1)",1,1,1,0.666684272505039,0.333333333333333,0.333333333333333,0.333333333333333,FLOAT
"no_pair_loops_(1,1,1)",1,1,1,0.666685322593942,0.333333333333333,0.333333333333333,0.333333333333333,FLOAT
"no_pair_loops_(1,1,1)",1,1,1,0.666686435314721,0.333333333333333,0.333333333333333,0.333333333333333,FLOAT
"no_pair_loops_(1,1,1)",1,1,1,0.666687614403016,0.333333333333333,0.333333333333333,0.333333333333333,FLOAT
"no_pair_loops_(1,1,1)",1,1,1,0.666688863817274,0.333333333333333,0.333333333333333,0.333333333333333,FLOAT
"no_pair_loops_(1,1,1)",1,1,1,0.666690187752041,0.333333333333333,0.333333333333333,0.333333333333333,FLOAT
"no_pair_loops_(1,1,1)",1,1,1,0.666691590652045,0.333333333333333,0.333333333333333,0.333333333333333,FLOAT
"no_pair_loops_(1,1,1)",1,1,1,0.666693077227118,0.333333333333333,0.333333333333333,0.333333333333333,FLOAT
"no_pair_loops_(1,1,1)",1,1,1,0.666694652468004,0.333333333333333,0.333333333333333,0.333333333333333,FLOAT
"no_pair_loops_(1,1,1)",1,1,1,0.66669632166312,0.333333333333333,0.333333333333333,0.333333333333333,FLOAT
"no_pair_loops_(1,1,1)",1,1,1,0.666698090416304,0.333333333333333,0.333333333333333,0.333333333333333,FLOAT
"no_pair_loops_(1,1,1)",1,1,1,0.666699964665634,0.333333333333333,0.333333333333333,0.333333333333333,FLOAT
"no_pair_loops_(1,1,1)",1,1,1,0.66670195070336,0.333333333333333,0.333333333333333,0.333333333333333,FLOAT
"no_pair_loops_(1,1,1)",1,1,1,0.666704055197027,0.333333333333333,0.333333333333333,0.333333333333333,FLOAT
"no_pair_loops_(1,1,1)",1,1,1,0.666706285211866,0.333333333333333,0.333333333333333,0.333333333333333,FLOAT
"no_pair_loops_(1,1,1)",1,1,1,0.666708648234505,0.333333333333333,0.333333333333333,0.333333333333333,FLOAT
"no_pair_loops_(1,1,1)",1,1,1,0.666711152198109,0.333333333333333,0.333333333333333,0.333333333333333,FLOAT
"no_pair_loops_(1,1,1)",1,1,1,0.666713805509012,0.333333333333333,0.333333333333333,0.333333333333333,FLOAT
"no_pair_loops_(1,1,1)",1,1,1,0.666716617074936,0.333333333333333,0.333333333333333,0.333333333333333,FLOAT
"no_pair_loops_(1,1,1)",1,1,1,0.6667195963349,0.333333333333333,0.333333333333333,0.333333333333333,FLOAT
"no_pair_loops_(1,1,1)",1,1,1,0.666722753290909,0.333333333333333,0.333333333333333,0.333333333333333,FLOAT
"no_pair_loops_(1,1,1)",1,1,1,0.666726098541527,0.333333333333333,0.333333333333333,0.333333333333333,FLOAT
"no_pair_loops_(1,1,1)",1,1,1,0.666729643317467,0.333333333333333,0.333333333333333,0.333333333333333,FLOAT
"no_pair_loops_(1,1,1)",1,1,1,0.666733399519287,0.333333333333333,0.333333333333333,0.333333333333333,FLOAT
"no_pair_loops_(1,1,1)",1,1,1,0.666737379757347,0.333333333333333,0.333333333333333,0.333333333333333,FLOAT
"no_pair_loops_(1,1,1)",1,1,1,0.666741597394146,0.333333333333333,0.333333333333333,0.333333333333333,FLOAT
"no_pair_loops_(1,1,1)",1,1,1,0.666746066589179,0.333333333333333,0.333333333333333,0.333333333333333,FLOAT
"no_pair_loops_(1,1,1)",1,1,1,0.666750802346474,0.333333333333333,0.333333333333333,0.333333333333333,FLOAT
"no_pair_loops_(1,1,1)",1,1,1,0.666755820564966,0.333333333333333,0.333333333333333,0.333333333333333,FLOAT
"no_pair_loops_(1,1,1)",1,1,1,0.666761138091871,0.333333333333333,0.333333333333333,0.333333333333333,FLOAT
"no_pair_loops_(1,1,1)",1,1,1,0.666766772779247,0.333333333333333,0.333333333333333,0.333333333333333,FLOAT
"no_pair_loops_(1,1,1)",1,1,1,0.666772743543927,0.333333333333333,0.333333333333333,0.333333333333333,FLOAT
"no_pair_loops_(1,1,1)",1,1,1,0.666779070431024,0.333333333333333,0.333333333333333,0.333333333333333,FLOAT
"no_pair_loops_(1,1,1)",1,1,1,0.666785774681232,0.333333333333333,0.333333333333333,0.333333333333333,FLOAT
"no_pair_loops_(1,1,1)",1,1,1,0.666792878802131,0.333333333333333,0.333333333333333,0.333333333333333,FLOAT
"no_pair_loops_(1,1,1)",1,1,1,0.66680040664375,0.333333333333333,0.333333333333333,0.333333333333333,FLOAT
"no_pair_loops_(1,1,1)",1,1,1,0.666808383478639,0.333333333333333,0.333333333333333,0.333333333333333,FLOAT
"no_pair_loops_(1,1,1)",1,1,1,0.666816836086713,0.333333333333333,0.333333333333333,0.333333333333333,FLOAT
"no_pair_loops_(1,1,1)",1,1,1,0.666825792845157,0.333333333333333,0.333333333333333,0.333333333333333,FLOAT
"no_pair_loops_(1,1,1)",1,1,1,0.666835283823696,0.333333333333333,0.333333333333333,0.333333333333333,FLOAT
"no_pair_loops_(1,1,1)",1,1,1,0.666845340885544,0.333333333333333,0.333333333333333,0.333333333333333,FLOAT
"no_pair_loops_(1,1,1)",1,1,1,0.666855997794376,0.333333333333333,0.333333333333333,0.333333333333333,FLOAT
"no_pair_loops_(1,1,1)",1,1,1,0.666867290327678,0.333333333333333,0.333333333333333,0.333333333333333,FLOAT
"no_pair_loops_(1,1,1)",1,1,1,0.666879256396864,0.333333333333333,0.333333333333333,0.333333333333333,FLOAT
"no_pair_loops_(1,1,1)",1,1,1,0.666891936174548,0.333333333333333,0.333333333333333,0.333333333333333,FLOAT
"no_pair_loops_(1,1,1)",1,1,1,0.666905372229415,0.333333333333333,0.333333333333333,0.333333333333333,FLOAT
"no_pair_loops_(1,1,1)",1,1,1,0.666919609669129,0.333333333333333,0.333333333333333,0.333333333333333,FLOAT
"no_pair_loops_(1,1,1)",1,1,1,0.666934696291775,0.333333333333333,0.333333333333333,0.333333333333333,FLOAT
"no_pair_loops_(1,1,1)",1,1,1,0.666950682746323,0.333333333333333,0.333333333333333,0.333333333333333,FLOAT
"no_pair_loops_(1,1,1)",1,1,1,0.666967622702667,0.333333333333333,0.333333333333333,0.333333333333333,FLOAT
"no_pair_loops_(1,1,1)",1,1,1,0.666985573031808,0.333333333333333,0.333333333333333,0.333333333333333,FLOAT
"no_pair_loops_(1,1,1)",1,1,1,0.667004593996783,0.333333333333333,0.333333333333333,0.333333333333333,FLOAT
"no_pair_loops_(1,1,1)",1,1,1,0.667024749454976,0.333333333333333,0.333333333333333,0.333333333333333,FLOAT
"no_pair_loops_(1,1,1)",1,1,1,0.667046107072505,0.333333333333333,0.333333333333333,0.333333333333333,FLOAT
"no_pair_loops_(1,1,1)",1,1,1,0.667068738551391,0.333333333333333,0.333333333333333,0.333333333333333,FLOAT
"no_pair_loops_(1,1,1)",1,1,1,0.667092719870275,0.333333333333333,0.333333333333333,0.333333333333333,FLOAT
"no_pair_loops_(1,1,1)",1,1,1,0.667118131539495,0.333333333333333,0.333333333333333,0.333333333333333,FLOAT
"no_pair_loops_(1,1,1)",1,1,1,0.667145058871377,0.333333333333333,0.333333333333333,0.333333333333333,FLOAT
"no_pair_loops_(1,1,1)",1,1,1,0.667173592266644,0.333333333333333,0.333333333333333,0.333333333333333,FLOAT
"no_pair_loops_(1,1,1)",1,1,1,0.667203827517915,0.333333333333333,0.333333333333333,0.333333333333333,FLOAT
"no_pair_loops_(1,1,1)",1,1,1,0.667235866131295,0.333333333333333,0.333333333333333,0.333333333333333,FLOAT
"no_pair_loops_(1,1,1)",1,1,1,0.667269815667157,0.333333333333333,0.333333333333333,0.333333333333333,FLOAT
"no_pair_loops_(1,1,1)",1,1,1,0.667305790101244,0.333333333333333,0.333333333333333,0.333333333333333,FLOAT
"no_pair_loops_(1,1,1)",1,1,1,0.667343910207308,0.333333333333333,0.333333333333333,0.333333333333333,FLOAT
"no_pair_loops_(1,1,1)",1,1,1,0.667384303962572,0.333333333333333,0.333333333333333,0.333333333333333,FLOAT
"no_pair_loops_(1,1,1)",1,1,1,0.667427106977381,0.333333333333333,0.333333333333333,0.333333333333333,FLOAT
"no_pair_loops_(1,1,1)",1,1,1,0.66747246295047,0.333333333333333,0.333333333333333,0.333333333333333,FLOAT
"no_pair_loops_(1,1,1)",1,1,1,0.667520524151393,0.333333333333333,0.333333333333333,0.333333333333333,FLOAT
"no_pair_loops_(1,1,1)",1,1,1,0.667571451931725,0.333333333333333,0.333333333333333,0.333333333333333,FLOAT
"no_pair_loops_(1,1,1)",1,1,1,0.667625417266748,0.333333333333333,0.333333333333333,0.333333333333333,FLOAT
"no_pair_loops_(1,1,1)",1,1,1,0.66768260132946,0.333333333333333,0.333333333333333,0.333333333333333,FLOAT
"no_pair_loops_(1,1,1)",1,1,1,0.667743196098802,0.333333333333333,0.333333333333333,0.333333333333333,FLOAT
"no_pair_loops_(1,1,1)",1,1,1,0.667807405004176,0.333333333333333,0.333333333333333,0.333333333333333,FLOAT
"no_pair_loops_(1,1,1)",1,1,1,0.667875443608401,0.333333333333333,0.333333333333333,0.333333333333333,FLOAT
"no_pair_loops_(1,1,1)",1,1,1,0.667947540331402,0.333333333333333,0.333333333333333,0.333333333333333,FLOAT
"no_pair_loops_(1,1,1)",1,1,1,0.668023937217061,0.333333333333333,0.333333333333333,0.333333333333333,FLOAT
"no_pair_loops_(1,1,1)",1,1,1,0.668104890745814,0.333333333333333,0.333333333333333,0.333333333333333,FLOAT
"no_pair_loops_(1,1,1)",1,1,1,0.668190672695706,0.333333333333333,0.333333333333333,0.333333333333333,FLOAT
"no_pair_loops_(1,1,1)",1,1,1,0.66828157105481,0.333333333333333,0.333333333333333,0.333333333333333,FLOAT
"no_pair_loops_(1,1,1)",1,1,1,0.668377890988062,0.333333333333333,0.333333333333333,0.333333333333333,FLOAT
"no_pair_loops_(1,1,1)",1,1,1,0.668479955861763,0.333333333333333,0.333333333333333,0.333333333333333,FLOAT
"no_pair_loops_(1,1,1)",1,1,1,0.668588108329191,0.333333333333333,0.333333333333333,0.333333333333333,FLOAT
"no_pair_loops_(1,1,1)",1,1,1,0.668702711480957,0.333333333333333,0.333333333333333,0.333333333333333,FLOAT
"no_pair_loops_(1,1,1)",1,1,1,0.668824150063978,0.333333333333333,0.333333333333333,0.333333333333333,FLOAT
"no_pair_loops_(1,1,1)",1,1,1,0.668952831773153,0.333333333333333,0.333333333333333,0.333333333333333,FLOAT
"no_pair_loops_(1,1,1)",1,1,1,0.669089188620082,0.333333333333333,0.333333333333333,0.333333333333333,FLOAT
"no_pair_loops_(1,1,1)",1,1,1,0.669233678383419,0.333333333333333,0.333333333333333,0.333333333333333,FLOAT
"no_pair_loops_(1,1,1)",1,1,1,0.669386786145729,0.333333333333333,0.333333333333333,0.333333333333333,FLOAT
"no_pair_loops_(1,1,1)",1,1,1,0.669549025922018,0.333333333333333,0.333333333333333,0.333333333333333,FLOAT
"no_pair_loops_(1,1,1)",1,1,1,0.669720942385384,0.333333333333333,0.333333333333333,0.333333333333333,FLOAT
"no_pair_loops_(1,1,1)",1,1,1,0.669903112695601,0.333333333333333,0.333333333333333,0.333333333333333,FLOAT
"no_pair_loops_(1,1,1)",1,1,1,0.670096148436769,0.333333333333333,0.333333333333333,0.333333333333333,FLOAT
"no_pair_loops_(1,1,1)",1,1,1,0.670300697670525,0.333333333333333,0.333333333333333,0.333333333333333,FLOAT
"no_pair_loops_(1,1,1)",1,1,1,0.670517447111728,0.333333333333333,0.333333333333333,0.333333333333333,FLOAT
"no_pair_loops_(1,1,1)",1,1,1,0.670747124433902,0.333333333333333,0.333333333333333,0.333333333333333,FLOAT
"no_pair_loops_(1,1,1)",1,1,1,0.67099050071219,0.333333333333333,0.333333333333333,0.333333333333333,FLOAT
"no_pair_loops_(1,1,1)",1,1,1,0.671248393012015,0.333333333333333,0.333333333333333,0.333333333333333,FLOAT
"no_pair_loops_(1,1,1)",1,1,1,0.671521667132144,0.333333333333333,0.333333333333333,0.333333333333333,FLOAT
"no_pair_loops_(1,1,1)",1,1,1,0.671811240511352,0.333333333333333,0.333333333333333,0.333333333333333,FLOAT
"no_pair_loops_(1,1,1)",1,1,1,0.67211808530846,0.333333333333333,0.333333333333333,0.333333333333333,FLOAT
"no_pair_loops_(1,1,1)",1,1,1,0.672443231666078,0.333333333333333,0.333333333333333,0.333333333333333,FLOAT
"no_pair_loops_(1,1,1)",1,1,1,0.672787771169006,0.333333333333333,0.333333333333333,0.333333333333333,FLOAT
"no_pair_loops_(1,1,1)",1,1,1,0.673152860508921,0.333333333333333,0.333333333333333,0.333333333333333,FLOAT
"no_pair_loops_(1,1,1)",1,1,1,0.673539725367628,0.333333333333333,0.333333333333333,0.333333333333333,FLOAT
"no_pair_loops_(1,1,1)",1,1,1,0.673949664531935,0.333333333333333,0.333333333333333,0.333333333333333,FLOAT
"no_pair_loops_(1,1,1)",1,1,1,0.674384054253956,0.333333333333333,0.333333333333333,0.333333333333333,FLOAT
"no_pair_loops_(1,1,1)",1,1,1,0.674844352871474,0.333333333333333,0.333333333333333,0.333333333333333,FLOAT
"no_pair_loops_(1,1,1)",1,1,1,0.675332105703892,0.333333333333333,0.333333333333333,0.333333333333333,FLOAT
"no_pair_loops_(1,1,1)",1,1,1,0.675848950240194,0.333333333333333,0.333333333333333,0.333333333333333,FLOAT
"no_pair_loops_(1,1,1)",1,1,1,0.676396621636343,0.333333333333333,0.333333333333333,0.333333333333333,FLOAT
"no_pair_loops_(1,1,1)",1,1,1,0.676976958540561,0.333333333333333,0.333333333333333,0.333333333333333,FLOAT
"no_pair_loops_(1,1,1)",1,1,1,0.677591909266059,0.333333333333333,0.333333333333333,0.333333333333333,FLOAT
"no_pair_loops_(1,1,1)",1,1,1,0.67824353833194,0.333333333333333,0.333333333333333,0.333333333333333,FLOAT
"no_pair_loops_(1,1,1)",1,1,1,0.678934033394218,0.333333333333333,0.333333333333333,0.333333333333333,FLOAT
"no_pair_loops_(1,1,1)",1,1,1,0.679665712590243,0.333333333333333,0.333333333333333,0.333333333333333,FLOAT
"no_pair_loops_(1,1,1)",1,1,1,0.680441032321174,0.333333333333333,0.333333333333333,0.333333333333333,FLOAT
"no_pair_loops_(1,1,1)",1,1,1,0.681262595498641,0.333333333333333,0.333333333333333,0.333333333333333,FLOAT
"no_pair_loops_(1,1,1)",1,1,1,0.68213316028326,0.333333333333333,0.333333333333333,0.333333333333333,FLOAT
"no_pair_loops_(1,1,1)",1,1,1,0.683055649344363,0.333333333333333,0.333333333333333,0.333333333333333,FLOAT
"no_pair_loops_(1,1,1)",1,1,1,0.684033159672015,0.333333333333333,0.333333333333333,0.333333333333333,FLOAT
"no_pair_loops_(1,1,1)",1,1,1,0.68506897297426,0.333333333333333,0.333333333333333,0.333333333333333,FLOAT
"no_pair_loops_(1,1,1)",1,1,1,0.686166566694507,0.333333333333333,0.333333333333333,0.333333333333333,FLOAT
"no_pair_loops_(1,1,1)",1,1,1,0.687329625686041,0.333333333333333,0.333333333333333,0.333333333333333,FLOAT
"no_pair_loops_(1,1,1)",1,1,1,0.68856205458285,0.333333333333333,0.333333333333333,0.333333333333333,FLOAT
"no_pair_loops_(1,1,1)",1,1,1,0.689867990908302,0.333333333333333,0.333333333333333,0.333333333333333,FLOAT
"no_pair_loops_(1,1,1)",1,1,1,0.691251818965688,0.333333333333333,0.333333333333333,0.333333333333333,FLOAT
"no_pair_loops_(1,1,1)",1,1,1,0.692718184557244,0.333333333333333,0.333333333333333,0.333333333333333,FLOAT
"no_pair_loops_(1,1,1)",1,1,1,0.694272010581095,0.333333333333333,0.333333333333333,0.333333333333333,FLOAT
"no_pair_loops_(1,1,1)",1,1,1,0.695918513558455,0.333333333333333,0.333333333333333,0.333333333333333,FLOAT
"no_pair_loops_(1,1,1)",1,1,1,0.697663221146592,0.333333333333333,0.333333333333333,0.333333333333333,FLOAT
"no_pair_loops_(1,1,1)",1,1,1,0.699511990696333,0.333333333333333,0.333333333333333,0.333333333333333,FLOAT
"no_pair_loops_(1,1,1)",1,1,1,0.701471028916427,0.333333333333333,0.333333333333333,0.333333333333333,FLOAT
"no_pair_loops_(1,1,1)",1,1,1,0.703546912710775,0.333333333333333,0.333333333333333,0.333333333333333,FLOAT
"no_pair_loops_(1,1,1)",1,1,1,0.705746611258478,0.333333333333333,0.333333333333333,0.333333333333333,FLOAT
"no_pair_loops_(1,1,1)",1,1,1,0.708077509410841,0.333333333333333,0.333333333333333,0.333333333333333,FLOAT
"no_pair_loops_(1,1,1)",1,1,1,0.710547432483875,0.333333333333333,0.333333333333333,0.333333333333333,FLOAT
"no_pair_loops_(1,1,1)",1,1,1,0.713164672529529,0.333333333333333,0.333333333333333,0.333333333333333,FLOAT
"no_pair_loops_(1,1,1)",1,1,1,0.715938016173855,0.333333333333333,0.333333333333333,0.333333333333333,FLOAT
"no_pair_loops_(1,1,1)",1,1,1,0.718876774115565,0.333333333333333,0.333333333333333,0.333333333333333,FLOAT
"no_pair_loops_(1,1,1)",1,1,1,0.721990812384003,0.333333333333333,0.333333333333333,0.333333333333333,FLOAT
"no_pair_loops_(1,1,1)",1,1,1,0.725290585461487,0.333333333333333,0.333333333333333,0.333333333333333,FLOAT
"no_pair_loops_(1,1,1)",1,1,1,0.728787171381207,0.333333333333333,0.333333333333333,0.333333333333333,FLOAT
"no_pair_loops_(1,1,1)",1,1,1,0.732492308918514,0.333333333333333,0.333333333333333,0.333333333333333,FLOAT
"no_pair_loops_(1,1,1)",1,1,1,0.736418437000464,0.333333333333333,0.333333333333333,0.333333333333333,FLOAT
"no_pair_loops_(1,1,1)",1,1,1,0.740578736465914,0.333333333333333,0.333333333333333,0.333333333333333,FLOAT
"no_pair_loops_(1,1,1)",1,1,1,0.744987174316374,0.333333333333333,0.333333333333333,0.333333333333333,FLOAT
"no_pair_loops_(1,1,1)",1,1,1,0.749658550606174,0.333333333333333,0.333333333333333,0.333333333333333,FLOAT
"no_pair_loops_(1,1,1)",1,1,1,0.754608548129361,0.333333333333333,0.333333333333333,0.333333333333333,FLOAT
"no_pair_loops_(1,1,1)",1,1,1,0.759853785070145,0.333333333333333,0.333333333333333,0.333333333333333,FLOAT
"no_pair_loops_(1,1,1)",1,1,1,0.765411870793641,0.333333333333333,0.333333333333333,0.333333333333333,FLOAT
"no_pair_loops_(1,1,1)",1,1,1,0.771301464964215,0.333333333333333,0.333333333333333,0.333333333333333,FLOAT
"no_pair_loops_(1,1,1)",1,1,1,0.777542340189913,0.333333333333333,0.333333333333333,0.333333333333333,FLOAT
"no_pair_loops_(1,1,1)",1,1,1,0.784155448403264,0.333333333333333,0.333333333333333,0.333333333333333,FLOAT
"no_pair_loops_(1,1,1)",1,1,1,0.791162991201332,0.333333333333333,0.333333333333333,0.333333333333333,FLOAT
"no_pair_loops_(1,1,1)",1,1,1,0.798588494381158,0.333333333333333,0.333333333333333,0.333333333333333,FLOAT
"no_pair_loops_(1,1,1)",1,1,1,0.806456886920807,0.333333333333333,0.333333333333333,0.333333333333333,FLOAT
"no_pair_loops_(1,1,1)",1,1,1,0.814794584671205,0.333333333333333,0.333333333333333,0.333333333333333,FLOAT
"no_pair_loops_(1,1,1)",1,1,1,0.823629579039712,0.333333333333333,0.333333333333333,0.333333333333333,FLOAT
"no_pair_loops_(1,1,1)",1,1,1,0.83299153096317,0.333333333333333,0.333333333333333,0.333333333333333,FLOAT
"no_pair_loops_(1,1,1)",1,1,1,0.842911870485915,0.333333333333333,0.333333333333333,0.333333333333333,FLOAT
"no_pair_loops_(1,1,1)",1,1,1,0.853423902277057,0.333333333333333,0.333333333333333,0.333333333333333,FLOAT
"no_pair_loops_(1,1,1)",1,1,1,0.864562917441269,0.333333333333333,0.333333333333333,0.333333333333333,FLOAT
"no_pair_loops_(1,1,1)",1,1,1,0.876366311998457,0.333333333333333,0.333333333333333,0.333333333333333,FLOAT
"no_pair_loops_(1,1,1)",1,1,1,0.888873712430073,0.333333333333333,0.333333333333333,0.333333333333333,FLOAT
"no_pair_loops_(1,1,1)",1,1,1,0.9,0.333333333333333,0.333333333333333,0.333333333333333,FLOAT
"no_pair_loops_(1,1,1)",1,1,1,0.902127108713561,0.333333333333333,0.333333333333333,0.333333333333333,FLOAT
"no_pair_loops_(1,1,1)",1,1,1,0.912667383761716,0.333333333333333,0.333333333333333,0.333333333333333,FLOAT
"no_pair_loops_(1,1,1)",1,1,1,0.916170995291558,0.333333333333333,0.333333333333333,0.333333333333333,FLOAT
"no_pair_loops_(1,1,1)",1,1,1,0.923730141409766,0.333333333333333,0.333333333333333,0.333333333333333,FLOAT
"no_pair_loops_(1,1,1)",1,1,1,0.931052520449102,0.333333333333333,0.333333333333333,0.333333333333333,FLOAT
"no_pair_loops_(1,1,1)",1,1,1,0.933391537091908,0.333333333333333,0.333333333333333,0.333333333333333,FLOAT
"no_pair_loops_(1,1,1)",1,1,1,0.941829086706256,0.333333333333333,0.333333333333333,0.333333333333333,FLOAT
"no_pair_loops_(1,1,1)",1,1,1,0.946821644600358,0.333333333333333,0.333333333333333,0.333333333333333,FLOAT
"no_pair_loops_(1,1,1)",1,1,1,0.94919781953087,0.333333333333333,0.333333333333333,0.333333333333333,FLOAT
"no_pair_loops_(1,1,1)",1,1,1,0.955633126690214,0.333333333333333,0.333333333333333,0.333333333333333,FLOAT
"no_pair_loops_(1,1,1)",1,1,1,0.961253248795439,0.333333333333333,0.333333333333333,0.333333333333333,FLOAT
"no_pair_loops_(1,1,1)",1,1,1,0.963531308016255,0.333333333333333,0.333333333333333,0.333333333333333,FLOAT
"no_pair_loops_(1,1,1)",1,1,1,0.966161448465718,0.333333333333333,0.333333333333333,0.333333333333333,FLOAT
"no_pair_loops_(1,1,1)",1,1,1,0.970447907647971,0.333333333333333,0.333333333333333,0.333333333333333,FLOAT
"no_pair_loops_(1,1,1)",1,1,1,0.974191384595819,0.333333333333333,0.333333333333333,0.333333333333333,FLOAT
"no_pair_loops_(1,1,1)",1,1,1,0.977460660952652,0.333333333333333,0.333333333333333,0.333333333333333,FLOAT
"no_pair_loops_(1,1,1)",1,1,1,0.980315805527134,0.333333333333333,0.333333333333333,0.333333333333333,FLOAT
"no_pair_loops_(1,1,1)",1,1,1,0.981237608556118,0.333333333333333,0.333333333333333,0.333333333333333,FLOAT
"no_pair_loops_(1,1,1)",1,1,1,0.982809277981414,0.333333333333333,0.333333333333333,0.333333333333333,FLOAT
"no_pair_loops_(1,1,1)",1,1,1,0.984986892710918,0.333333333333333,0.333333333333333,0.333333333333333,FLOAT
"no_pair_loops_(1,1,1)",1,1,1,0.986888660625784,0.333333333333333,0.333333333333333,0.333333333333333,FLOAT
"no_pair_loops_(1,1,1)",1,1,1,0.988549524300617,0.333333333333333,0.333333333333333,0.333333333333333,FLOAT
"no_pair_loops_(1,1,1)",1,1,1,0.99,0.333333333333333,0.333333333333333,0.333333333333333,FLOAT
"no_pair_loops_(1,1,1)",1,1,1,0.991266738376172,0.333333333333333,0.333333333333333,0.333333333333333,FLOAT
"no_pair_loops_(1,1,1)",1,1,1,0.992373014140977,0.333333333333333,0.333333333333333,0.333333333333333,FLOAT
"no_pair_loops_(1,1,1)",1,1,1,0.993339153709191,0.333333333333333,0.333333333333333,0.333333333333333,FLOAT
"no_pair_loops_(1,1,1)",1,1,1,0.994182908670626,0.333333333333333,0.333333333333333,0.333333333333333,FLOAT
"no_pair_loops_(1,1,1)",1,1,1,0.994919781953087,0.333333333333333,0.333333333333333,0.333333333333333,FLOAT
"no_pair_loops_(1,1,1)",1,1,1,0.995563312669021,0.333333333333333,0.333333333333333,0.333333333333333,FLOAT
"no_pair_loops_(1,1,1)",1,1,1,0.996125324879544,0.333333333333333,0.333333333333333,0.333333333333333,FLOAT
"no_pair_loops_(1,1,1)",1,1,1,0.996616144846572,0.333333333333333,0.333333333333333,0.333333333333333,FLOAT
"no_pair_loops_(1,1,1)",1,1,1,0.997044790764797,0.333333333333333,0.333333333333333,0.333333333333333,FLOAT
"no_pair_loops_(1,1,1)",1,1,1,0.997419138459582,0.333333333333333,0.333333333333333,0.333333333333333,FLOAT
"no_pair_loops_(1,1,1)",1,1,1,0.997746066095265,0.333333333333333,0.333333333333333,0.333333333333333,FLOAT
"no_pair_loops_(1,1,1)",1,1,1,0.998031580552713,0.333333333333333,0.333333333333333,0.333333333333333,FLOAT
"no_pair_loops_(1,1,1)",1,1,1,0.998280927798141,0.333333333333333,0.333333333333333,0.333333333333333,FLOAT
"no_pair_loops_(1,1,1)",1,1,1,0.998498689271092,0.333333333333333,0.333333333333333,0.333333333333333,FLOAT
"no_pair_loops_(1,1,1)",1,1,1,0.998688866062578,0.333333333333333,0.333333333333333,0.333333333333333,FLOAT
"no_pair_loops_(1,1,1)",1,1,1,0.998854952430062,0.333333333333333,0.333333333333333,0.333333333333333,FLOAT
"no_pair_loops_(1,1,1)",1,1,1,0.999,0.333333333333333,0.333333333333333,0.333333333333333,FLOAT
"no_pair_loops_(1,1,1)",1,1,1,0.999126673837617,0.333333333333333,0.333333333333333,0.333333333333333,FLOAT
"no_pair_loops_(1,1,1)",1,1,1,0.999237301414098,0.333333333333333,0.333333333333333,0.333333333333333,FLOAT
"no_pair_loops_(1,1,1)",1,1,1,0.999333915370919,0.333333333333333,0.333333333333333,0.333333333333333,FLOAT
"no_pair_loops_(1,1,1)",1,1,1,0.999418290867063,0.333333333333333,0.333333333333333,0.333333333333333,FLOAT
"no_pair_loops_(1,1,1)",1,1,1,0.999491978195309,0.333333333333333,0.333333333333333,0.333333333333333,FLOAT
"no_pair_loops_(1,1,1)",1,1,1,0.999556331266902,0.333333333333333,0.333333333333333,0.333333333333333,FLOAT
"no_pair_loops_(1,1,1)",1,1,1,0.999612532487954,0.333333333333333,0.333333333333333,0.333333333333333,FLOAT
"no_pair_loops_(1,1,1)",1,1,1,0.999661614484657,0.333333333333333,0.333333333333333,0.333333333333333,FLOAT
"no_pair_loops_(1,1,1)",1,1,1,0.99970447907648,0.333333333333333,0.333333333333333,0.333333333333333,FLOAT
"no_pair_loops_(1,1,1)",1,1,1,0.999741913845958,0.333333333333333,0.333333333333333,0.333333333333333,FLOAT
"no_pair_loops_(1,1,1)",1,1,1,0.999774606609527,0.333333333333333,0.333333333333333,0.333333333333333,FLOAT
"no_pair_loops_(1,1,1)",1,1,1,0.999803158055271,0.333333333333333,0.333333333333333,0.333333333333333,FLOAT
"no_pair_loops_(1,1,1)",1,1,1,0.999828092779814,0.333333333333333,0.333333333333333,0.333333333333333,FLOAT
"no_pair_loops_(1,1,1)",1,1,1,0.999849868927109,0.333333333333333,0.333333333333333,0.333333333333333,FLOAT
"no_pair_loops_(1,1,1)",1,1,1,0.999868886606258,0.333333333333333,0.333333333333333,0.333333333333333,FLOAT
"no_pair_loops_(1,1,1)",1,1,1,0.999885495243006,0.333333333333333,0.333333333333333,0.333333333333333,FLOAT
"no_pair_loops_(1,1,1)",1,1,1,0.9999,0.333333333333333,0.333333333333333,0.333333333333333,FLOAT
"no_pair_loops_(1,1,1)",1,1,1,0.999912667383762,0.333333333333333,0.333333333333333,0.333333333333333,FLOAT
"no_pair_loops_(1,1,1)",1,1,1,0.99992373014141,0.333333333333333,0.333333333333333,0.333333333333333,FLOAT
"no_pair_loops_(1,1,1)",1,1,1,0.999933391537092,0.333333333333333,0.333333333333333,0.333333333333333,FLOAT
"no_pair_loops_(1,1,1)",1,1,1,0.999941829086706,0.333333333333333,0.333333333333333,0.333333333333333,FLOAT
"no_pair_loops_(1,1,1)",1,1,1,0.999949197819531,0.333333333333333,0.333333333333333,0.333333333333333,FLOAT
"no_pair_loops_(1,1,1)",1,1,1,0.99995563312669,0.333333333333333,0.333333333333333,0.333333333333333,FLOAT
"no_pair_loops_(1,1,1)",1,1,1,0.999961253248795,0.333333333333333,0.333333333333333,0.333333333333333,FLOAT
"no_pair_loops_(1,1,1)",1,1,1,0.999966161448466,0.333333333333333,0.333333333333333,0.333333333333333,FLOAT
"no_pair_loops_(1,1,1)",1,1,1,0.999970447907648,0.333333333333333,0.333333333333333,0.333333333333333,FLOAT
"no_pair_loops_(1,1,1)",1,1,1,0.999974191384596,0.333333333333333,0.333333333333333,0.333333333333333,FLOAT
"no_pair_loops_(1,1,1)",1,1,1,0.999977460660953,0.333333333333333,0.333333333333333,0.333333333333333,FLOAT
"no_pair_loops_(1,1,1)",1,1,1,0.999980315805527,0.333333333333333,0.333333333333333,0.333333333333333,FLOAT
"no_pair_loops_(1,1,1)",1,1,1,0.999982809277981,0.333333333333333,0.333333333333333,0.333333333333333,FLOAT
"no_pair_loops_(1,1,1)",1,1,1,0.999984986892711,0.333333333333333,0.333333333333333,0.333333333333333,FLOAT
"no_pair_loops_(1,1,1)",1,1,1,0.999986888660626,0.333333333333333,0.333333333333333,0.333333333333333,FLOAT
"no_pair_loops_(1,1,1)",1,1,1,0.999988549524301,0.333333333333333,0.333333333333333,0.333333333333333,FLOAT
"no_pair_loops_(1,1,1)",1,1,1,0.99999,0.333333333333333,0.333333333333333,0.333333333333333,FLOAT
"no_pair_loops_(1,1,1)",1,1,1,0.999991266738376,0.333333333333333,0.333333333333333,0.333333333333333,FLOAT
"no_pair_loops_(1,1,1)",1,1,1,0.999992373014141,0.333333333333333,0.333333333333333,0.333333333333333,FLOAT
"no_pair_loops_(1,1,1)",1,1,1,0.999993339153709,0.333333333333333,0.333333333333333,0.333333333333333,FLOAT
"no_pair_loops_(1,1,1)",1,1,1,0.999994182908671,0.333333333333333,0.333333333333333,0.333333333333333,FLOAT
"no_pair_loops_(1,1,1)",1,1,1,0.999994919781953,0.333333333333333,0.333333333333333,0.333333333333333,FLOAT
"no_pair_loops_(1,1,1)",1,1,1,0.999995563312669,0.333333333333333,0.333333333333333,0.333333333333333,FLOAT
"no_pair_loops_(1,1,1)",1,1,1,0.99999612532488,0.333333333333333,0.333333333333333,0.333333333333333,FLOAT
"no_pair_loops_(1,1,1)",1,1,1,0.999996616144847,0.333333333333333,0.333333333333333,0.333333333333333,FLOAT
"no_pair_loops_(1,1,1)",1,1,1,0.999997044790765,0.333333333333333,0.333333333333333,0.333333333333333,FLOAT
"no_pair_loops_(1,1,1)",1,1,1,0.99999741913846,0.333333333333333,0.333333333333333,0.333333333333333,FLOAT
"no_pair_loops_(1,1,1)",1,1,1,0.999997746066095,0.333333333333333,0.333333333333333,0.333333333333333,FLOAT
"no_pair_loops_(1,1,1)",1,1,1,0.999998031580553,0.333333333333333,0.333333333333333,0.333333333333333,FLOAT
"no_pair_loops_(1,1,1)",1,1,1,0.999998280927798,0.333333333333333,0.333333333333333,0.333333333333333,FLOAT
"no_pair_loops_(1,1,1)",1,1,1,0.999998498689271,0.333333333333333,0.333333333333333,0.333333333333333,FLOAT
"no_pair_loops_(1,1,1)",1,1,1,0.999998688866063,0.333333333333333,0.333333333333333,0.333333333333333,FLOAT
"no_pair_loops_(1,1,1)",1,1,1,0.99999885495243,0.333333333333333,0.333333333333333,0.333333333333333,FLOAT
"no_pair_loops_(1,1,1)",1,1,1,0.999999,0.333333333333333,0.333333333333333,0.333333333333333,FLOAT
"no_pair_loops_(1,1,1)",1,1,1,0.999999126673838,0.333333333333333,0.333333333333333,0.333333333333333,FLOAT
"no_pair_loops_(1,1,1)",1,1,1,0.999999237301414,0.333333333333333,0.333333333333333,0.333333333333333,FLOAT
"no_pair_loops_(1,1,1)",1,1,1,0.999999333915371,0.333333333333333,0.333333333333333,0.333333333333333,FLOAT
"no_pair_loops_(1,1,1)",1,1,1,0.999999418290867,0.333333333333333,0.333333333333333,0.333333333333333,FLOAT
"no_pair_loops_(1,1,1)",1,1,1,0.999999491978195,0.333333333333333,0.333333333333333,0.333333333333333,FLOAT
"no_pair_loops_(1,1,1)",1,1,1,0.999999556331267,0.333333333333333,0.333333333333333,0.333333333333333,FLOAT
"no_pair_loops_(1,1,1)",1,1,1,0.999999612532488,0.333333333333333,0.333333333333333,0.333333333333333,FLOAT
"no_pair_loops_(1,1,1)",1,1,1,0.999999661614485,0.333333333333333,0.333333333333333,0.333333333333333,FLOAT
"no_pair_loops_(1,1,1)",1,1,1,0.999999704479076,0.333333333333333,0.333333333333333,0.333333333333333,FLOAT
"no_pair_loops_(1,1,1)",1,1,1,0.999999741913846,0.333333333333333,0.333333333333333,0.333333333333333,FLOAT
"no_pair_loops_(1,1,1)",1,1,1,0.999999774606609,0.333333333333333,0.333333333333333,0.333333333333333,FLOAT
"no_pair_loops_(1,1,1)",1,1,1,0.999999803158055,0.333333333333333,0.333333333333333,0.333333333333333,FLOAT
"no_pair_loops_(1,1,1)",1,1,1,0.99999982809278,0.333333333333333,0.333333333333333,0.333333333333333,FLOAT
"no_pair_loops_(1,1,1)",1,1,1,0.999999849868927,0.333333333333333,0.333333333333333,0.333333333333333,FLOAT
"no_pair_loops_(1,1,1)",1,1,1,0.999999868886606,0.333333333333333,0.333333333333333,0.333333333333333,FLOAT
"no_pair_loops_(1,1,1)",1,1,1,0.999999885495243,0.333333333333333,0.333333333333333,0.333333333333333,FLOAT
"no_pair_loops_(1,1,1)",1,1,1,0.9999999,0.333333333333333,0.333333333333333,0.333333333333333,FLOAT
"no_pair_loops_(1,1,1)",1,1,1,0.999999912667384,0.333333333333333,0.333333333333333,0.333333333333333,FLOAT
"no_pair_loops_(1,1,1)",1,1,1,0.999999923730141,0.333333333333333,0.333333333333333,0.333333333333333,FLOAT
"no_pair_loops_(1,1,1)",1,1,1,0.999999933391537,0.333333333333333,0.333333333333333,0.333333333333333,FLOAT
"no_pair_loops_(1,1,1)",1,1,1,0.999999941829087,0.333333333333333,0.333333333333333,0.333333333333333,FLOAT
"no_pair_loops_(1,1,1)",1,1,1,0.99999994919782,0.333333333333333,0.333333333333333,0.333333333333333,FLOAT
"no_pair_loops_(1,1,1)",1,1,1,0.999999955633127,0.333333333333333,0.333333333333333,0.333333333333333,FLOAT
"no_pair_loops_(1,1,1)",1,1,1,0.999999961253249,0.333333333333333,0.333333333333333,0.333333333333333,FLOAT
"no_pair_loops_(1,1,1)",1,1,1,0.999999966161448,0.333333333333333,0.333333333333333,0.333333333333333,FLOAT
"no_pair_loops_(1,1,1)",1,1,1,0.999999970447908,0.333333333333333,0.333333333333333,0.333333333333333,FLOAT
"no_pair_loops_(1,1,1)",1,1,1,0.999999974191385,0.333333333333333,0.333333333333333,0.333333333333333,FLOAT
"no_pair_loops_(1,1,1)",1,1,1,0.999999977460661,0.333333333333333,0.333333333333333,0.333333333333333,FLOAT
"no_pair_loops_(1,1,1)",1,1,1,0.999999980315806,0.333333333333333,0.333333333333333,0.333333333333333,FLOAT
"no_pair_loops_(1,1,1)",1,1,1,0.999999982809278,0.333333333333333,0.333333333333333,0.333333333333333,FLOAT
"no_pair_loops_(1,1,1)",1,1,1,0.999999984986893,0.333333333333333,0.333333333333333,0.333333333333333,FLOAT
"no_pair_loops_(1,1,1)",1,1,1,0.999999986888661,0.333333333333333,0.333333333333333,0.333333333333333,FLOAT
"no_pair_loops_(1,1,1)",1,1,1,0.999999988549524,0.333333333333333,0.333333333333333,0.333333333333333,FLOAT
"no_pair_loops_(1,1,1)",1,1,1,0.99999999,0.333333333333333,0.333333333333333,0.333333333333333,FLOAT
"all_antagonistic_(3,3,3)",3,3,3,0.666666676666667,0.333333333333333,0.333333333333333,0.333333333333333,FLOAT
"all_antagonistic_(3,3,3)",3,3,3,0.66666667726311,0.333333333333333,0.333333333333333,0.333333333333333,FLOAT
"all_antagonistic_(3,3,3)",3,3,3,0.666666677895128,0.333333333333333,0.333333333333333,0.333333333333333,FLOAT
"all_antagonistic_(3,3,3)",3,3,3,0.666666678564843,0.333333333333333,0.333333333333333,0.333333333333333,FLOAT
"all_antagonistic_(3,3,3)",3,3,3,0.666666679274502,0.333333333333333,0.333333333333333,0.333333333333333,FLOAT
"all_antagonistic_(3,3,3)",3,3,3,0.666666680026488,0.333333333333333,0.333333333333333,0.333333333333333,FLOAT
"all_antagonistic_(3,3,3)",3,3,3,0.666666680823326,0.333333333333333,0.333333333333333,0.333333333333333,FLOAT
"all_antagonistic_(3,3,3)",3,3,3,0.666666681667691,0.333333333333333,0.333333333333333,0.333333333333333,FLOAT
"all_antagonistic_(3,3,3)",3,3,3,0.666666682562417,0.333333333333333,0.333333333333333,0.333333333333333,FLOAT
"all_antagonistic_(3,3,3)",3,3,3,0.666666683510509,0.333333333333333,0.333333333333333,0.333333333333333,FLOAT
"all_antagonistic_(3,3,3)",3,3,3,0.666666684515149,0.333333333333333,0.333333333333333,0.333333333333333,FLOAT
"all_antagonistic_(3,3,3)",3,3,3,0.66666668557971,0.333333333333333,0.333333333333333,0.333333333333333,FLOAT
"all_antagonistic_(3,3,3)",3,3,3,0.666666686707767,0.333333333333333,0.333333333333333,0.333333333333333,FLOAT
"all_antagonistic_(3,3,3)",3,3,3,0.666666687903105,0.333333333333333,0.333333333333333,0.333333333333333,FLOAT
"all_antagonistic_(3,3,3)",3,3,3,0.666666689169739,0.333333333333333,0.333333333333333,0.333333333333333,FLOAT
"all_antagonistic_(3,3,3)",3,3,3,0.66666669051192,0.333333333333333,0.333333333333333,0.333333333333333,FLOAT
"all_antagonistic_(3,3,3)",3,3,3,0.666666691934155,0.333333333333333,0.333333333333333,0.333333333333333,FLOAT
"all_antagonistic_(3,3,3)",3,3,3,0.666666693441218,0.333333333333333,0.333333333333333,0.333333333333333,FLOAT
"all_antagonistic_(3,3,3)",3,3,3,0.666666695038169,0.333333333333333,0.333333333333333,0.333333333333333,FLOAT
"all_antagonistic_(3,3,3)",3,3,3,0.666666696730369,0.333333333333333,0.333333333333333,0.333333333333333,FLOAT
"all_antagonistic_(3,3,3)",3,3,3,0.666666698523499,0.333333333333333,0.333333333333333,0.333333333333333,FLOAT
"all_antagonistic_(3,3,3)",3,3,3,0.666666700423579,0.333333333333333,0.333333333333333,0.333333333333333,FLOAT
"all_antagonistic_(3,3,3)",3,3,3,0.666666702436989,0.333333333333333,0.333333333333333,0.333333333333333,FLOAT
"all_antagonistic_(3,3,3)",3,3,3,0.666666704570486,0.333333333333333,0.333333333333333,0.333333333333333,FLOAT
"all_antagonistic_(3,3,3)",3,3,3,0.666666706831235,0.333333333333333,0.333333333333333,0.333333333333333,FLOAT
"all_antagonistic_(3,3,3)",3,3,3,0.666666709226825,0.333333333333333,0.333333333333333,0.333333333333333,FLOAT
"all_antagonistic_(3,3,3)",3,3,3,0.666666711765299,0.333333333333333,0.333333333333333,0.333333333333333,FLOAT
"all_antagonistic_(3,3,3)",3,3,3,0.666666714455177,0.333333333333333,0.333333333333333,0.333333333333333,FLOAT
"all_antagonistic_(3,3,3)",3,3,3,0.666666717305492,0.333333333333333,0.333333333333333,0.333333333333333,FLOAT
"all_antagonistic_(3,3,3)",3,3,3,0.666666720325813,0.333333333333333,0.333333333333333,0.333333333333333,FLOAT
"all_antagonistic_(3,3,3)",3,3,3,0.666666723526278,0.333333333333333,0.333333333333333,0.333333333333333,FLOAT
"all_antagonistic_(3,3,3)",3,3,3,0.666666726917633,0.333333333333333,0.333333333333333,0.333333333333333,FLOAT
"all_antagonistic_(3,3,3)",3,3,3,0.666666730511263,0.333333333333333,0.333333333333333,0.333333333333333,FLOAT
"all_antagonistic_(3,3,3)",3,3,3,0.666666734319233,0.333333333333333,0.333333333333333,0.333333333333333,FLOAT
"all_antagonistic_(3,3,3)",3,3,3,0.666666738354327,0.333333333333333,0.333333333333333,0.333333333333333,FLOAT
"all_antagonistic_(3,3,3)",3,3,3,0.666666742630091,0.333333333333333,0.333333333333333,0.333333333333333,FLOAT
"all_antagonistic_(3,3,3)",3,3,3,0.66666674716088,0.333333333333333,0.333333333333333,0.333333333333333,FLOAT
"all_antagonistic_(3,3,3)",3,3,3,0.666666751961906,0.333333333333333,0.333333333333333,0.333333333333333,FLOAT
"all_antagonistic_(3,3,3)",3,3,3,0.666666757049286,0.333333333333333,0.333333333333333,0.333333333333333,FLOAT
"all_antagonistic_(3,3,3)",3,3,3,0.666666762440099,0.333333333333333,0.333333333333333,0.333333333333333,FLOAT
"all_antagonistic_(3,3,3)",3,3,3,0.666666768152444,0.333333333333333,0.333333333333333,0.333333333333333,FLOAT
"all_antagonistic_(3,3,3)",3,3,3,0.666666774205498,0.333333333333333,0.333333333333333,0.333333333333333,FLOAT
"all_antagonistic_(3,3,3)",3,3,3,0.666666780619582,0.333333333333333,0.333333333333333,0.333333333333333,FLOAT
"all_antagonistic_(3,3,3)",3,3,3,0.66666678741623,0.333333333333333,0.333333333333333,0.333333333333333,FLOAT
"all_antagonistic_(3,3,3)",3,3,3,0.66666679461826,0.333333333333333,0.333333333333333,0.333333333333333,FLOAT
"all_antagonistic_(3,3,3)",3,3,3,0.666666802249851,0.333333333333333,0.333333333333333,0.333333333333333,FLOAT
"all_antagonistic_(3,3,3)",3,3,3,0.666666810336623,0.333333333333333,0.333333333333333,0.333333333333333,FLOAT
"all_antagonistic_(3,3,3)",3,3,3,0.666666818905725,0.333333333333333,0.333333333333333,0.333333333333333,FLOAT
"all_antagonistic_(3,3,3)",3,3,3,0.666666827985925,0.333333333333333,0.333333333333333,0.333333333333333,FLOAT
"all_antagonistic_(3,3,3)",3,3,3,0.666666837607709,0.333333333333333,0.333333333333333,0.333333333333333,FLOAT
"all_antagonistic_(3,3,3)",3,3,3,0.666666847803377,0.333333333333333,0.333333333333333,0.333333333333333,FLOAT
"all_antagonistic_(3,3,3)",3,3,3,0.66666685860716,0.333333333333333,0.333333333333333,0.333333333333333,FLOAT
"all_antagonistic_(3,3,3)",3,3,3,0.666666870055327,0.333333333333333,0.333333333333333,0.333333333333333,FLOAT
"all_antagonistic_(3,3,3)",3,3,3,0.666666882186313,0.333333333333333,0.333333333333333,0.333333333333333,FLOAT
"all_antagonistic_(3,3,3)",3,3,3,0.666666895040844,0.333333333333333,0.333333333333333,0.333333333333333,FLOAT
"all_antagonistic_(3,3,3)",3,3,3,0.666666908662074,0.333333333333333,0.333333333333333,0.333333333333333,FLOAT
"all_antagonistic_(3,3,3)",3,3,3,0.666666923095735,0.333333333333333,0.333333333333333,0.333333333333333,FLOAT
"all_antagonistic_(3,3,3)",3,3,3,0.666666938390282,0.333333333333333,0.333333333333333,0.333333333333333,FLOAT
"all_antagonistic_(3,3,3)",3,3,3,0.666666954597062,0.333333333333333,0.333333333333333,0.333333333333333,FLOAT
"all_antagonistic_(3,3,3)",3,3,3,0.666666971770485,0.333333333333333,0.333333333333333,0.333333333333333,FLOAT
"all_antagonistic_(3,3,3)",3,3,3,0.666666989968206,0.333333333333333,0.333333333333333,0.333333333333333,FLOAT
"all_antagonistic_(3,3,3)",3,3,3,0.666667009251318,0.333333333333333,0.333333333333333,0.333333333333333,FLOAT
"all_antagonistic_(3,3,3)",3,3,3,0.666667029684559,0.333333333333333,0.333333333333333,0.333333333333333,FLOAT
"all_antagonistic_(3,3,3)",3,3,3,0.666667051336528,0.333333333333333,0.333333333333333,0.333333333333333,FLOAT
"all_antagonistic_(3,3,3)",3,3,3,0.666667074279914,0.333333333333333,0.333333333333333,0.333333333333333,FLOAT
"all_antagonistic_(3,3,3)",3,3,3,0.666667098591744,0.333333333333333,0.333333333333333,0.333333333333333,FLOAT
"all_antagonistic_(3,3,3)",3,3,3,0.666667124353638,0.333333333333333,0.333333333333333,0.333333333333333,FLOAT
"all_antagonistic_(3,3,3)",3,3,3,0.666667151652083,0.333333333333333,0.333333333333333,0.333333333333333,FLOAT
"all_antagonistic_(3,3,3)",3,3,3,0.666667180578726,0.333333333333333,0.333333333333333,0.333333333333333,FLOAT
"all_antagonistic_(3,3,3)",3,3,3,0.66666721123068,0.333333333333333,0.333333333333333,0.333333333333333,FLOAT
"all_antagonistic_(3,3,3)",3,3,3,0.66666724371085,0.333333333333333,0.333333333333333,0.333333333333333,FLOAT
"all_antagonistic_(3,3,3)",3,3,3,0.666667278128279,0.333333333333333,0.333333333333333,0.333333333333333,FLOAT
"all_antagonistic_(3,3,3)",3,3,3,0.666667314598514,0.333333333333333,0.333333333333333,0.333333333333333,FLOAT
"all_antagonistic_(3,3,3)",3,3,3,0.666667353243992,0.333333333333333,0.333333333333333,0.333333333333333,FLOAT
"all_antagonistic_(3,3,3)",3,3,3,0.666667394194455,0.333333333333333,0.333333333333333,0.333333333333333,FLOAT
"all_antagonistic_(3,3,3)",3,3,3,0.666667437587381,0.333333333333333,0.333333333333333,0.333333333333333,FLOAT
"all_antagonistic_(3,3,3)",3,3,3,0.666667483568452,0.333333333333333,0.333333333333333,0.333333333333333,FLOAT
"all_antagonistic_(3,3,3)",3,3,3,0.666667532292033,0.333333333333333,0.333333333333333,0.333333333333333,FLOAT
"all_antagonistic_(3,3,3)",3,3,3,0.666667583921701,0.333333333333333,0.333333333333333,0.333333333333333,FLOAT
"all_antagonistic_(3,3,3)",3,3,3,0.666667638630787,0.333333333333333,0.333333333333333,0.333333333333333,FLOAT
"all_antagonistic_(3,3,3)",3,3,3,0.666667696602962,0.333333333333333,0.333333333333333,0.333333333333333,FLOAT
"all_antagonistic_(3,3,3)",3,3,3,0.66666775803285,0.333333333333333,0.333333333333333,0.333333333333333,FLOAT
"all_antagonistic_(3,3,3)",3,3,3,0.666667823126684,0.333333333333333,0.333333333333333,0.333333333333333,FLOAT
"all_antagonistic_(3,3,3)",3,3,3,0.666667892102997,0.333333333333333,0.333333333333333,0.333333333333333,FLOAT
"all_antagonistic_(3,3,3)",3,3,3,0.666667965193359,0.333333333333333,0.333333333333333,0.333333333333333,FLOAT
"all_antagonistic_(3,3,3)",3,3,3,0.666668042643148,0.333333333333333,0.333333333333333,0.333333333333333,FLOAT
"all_antagonistic_(3,3,3)",3,3,3,0.66666812471238,0.333333333333333,0.333333333333333,0.333333333333333,FLOAT
"all_antagonistic_(3,3,3)",3,3,3,0.666668211676578,0.333333333333333,0.333333333333333,0.333333333333333,FLOAT
"all_antagonistic_(3,3,3)",3,3,3,0.666668303827701,0.333333333333333,0.333333333333333,0.333333333333333,FLOAT
"all_antagonistic_(3,3,3)",3,3,3,0.666668401475117,0.333333333333333,0.333333333333333,0.333333333333333,FLOAT
"all_antagonistic_(3,3,3)",3,3,3,0.666668504946651,0.333333333333333,0.333333333333333,0.333333333333333,FLOAT
"all_antagonistic_(3,3,3)",3,3,3,0.666668614589678,0.333333333333333,0.333333333333333,0.333333333333333,FLOAT
"all_antagonistic_(3,3,3)",3,3,3,0.666668730772293,0.333333333333333,0.333333333333333,0.333333333333333,FLOAT
"all_antagonistic_(3,3,3)",3,3,3,0.666668853884545,0.333333333333333,0.333333333333333,0.333333333333333,FLOAT
"all_antagonistic_(3,3,3)",3,3,3,0.666668984339748,0.333333333333333,0.333333333333333,0.333333333333333,FLOAT
"all_antagonistic_(3,3,3)",3,3,3,0.666669122575868,0.333333333333333,0.333333333333333,0.333333333333333,FLOAT
"all_antagonistic_(3,3,3)",3,3,3,0.666669269056992,0.333333333333333,0.333333333333333,0.333333333333333,FLOAT
"all_antagonistic_(3,3,3)",3,3,3,0.666669424274889,0.333333333333333,0.333333333333333,0.333333333333333,FLOAT
"all_antagonistic_(3,3,3)",3,3,3,0.666669588750657,0.333333333333333,0.333333333333333,0.333333333333333,FLOAT
"all_antagonistic_(3,3,3)",3,3,3,0.666669763036477,0.333333333333333,0.333333333333333,0.333333333333333,FLOAT
"all_antagonistic_(3,3,3)",3,3,3,0.666669947717462,0.333333333333333,0.333333333333333,0.333333333333333,FLOAT
"all_antagonistic_(3,3,3)",3,3,3,0.666670143413626,0.333333333333333,0.333333333333333,0.333333333333333,FLOAT
"all_antagonistic_(3,3,3)",3,3,3,0.666670350781961,0.333333333333333,0.333333333333333,0.333333333333333,FLOAT
"all_antagonistic_(3,3,3)",3,3,3,0.666670570518648,0.333333333333333,0.333333333333333,0.333333333333333,FLOAT
"all_antagonistic_(3,3,3)",3,3,3,0.666670803361388,0.333333333333333,0.333333333333333,0.333333333333333,FLOAT
"all_antagonistic_(3,3,3)",3,3,3,0.666671050091883,0.333333333333333,0.333333333333333,0.333333333333333,FLOAT
"all_antagonistic_(3,3,3)",3,3,3,0.66667131153846,0.333333333333333,0.333333333333333,0.333333333333333,FLOAT
"all_antagonistic_(3,3,3)",3,3,3,0.666671588578849,0.333333333333333,0.333333333333333,0.333333333333333,FLOAT
"all_antagonistic_(3,3,3)",3,3,3,0.666671882143135,0.333333333333333,0.333333333333333,0.333333333333333,FLOAT
"all_antagonistic_(3,3,3)",3,3,3,0.666672193216873,0.333333333333333,0.333333333333333,0.333333333333333,FLOAT
"all_antagonistic_(3,3,3)",3,3,3,0.666672522844405,0.333333333333333,0.333333333333333,0.333333333333333,FLOAT
"all_antagonistic_(3,3,3)",3,3,3,0.666672872132358,0.333333333333333,0.333333333333333,0.333333333333333,FLOAT
"all_antagonistic_(3,3,3)",3,3,3,0.666673242253367,0.333333333333333,0.333333333333333,0.333333333333333,FLOAT
"all_antagonistic_(3,3,3)",3,3,3,0.666673634450005,0.333333333333333,0.333333333333333,0.333333333333333,FLOAT
"all_antagonistic_(3,3,3)",3,3,3,0.66667405003896,0.333333333333333,0.333333333333333,0.333333333333333,FLOAT
"all_antagonistic_(3,3,3)",3,3,3,0.66667449041545,0.333333333333333,0.333333333333333,0.333333333333333,FLOAT
"all_antagonistic_(3,3,3)",3,3,3,0.666674957057912,0.333333333333333,0.333333333333333,0.333333333333333,FLOAT
"all_antagonistic_(3,3,3)",3,3,3,0.666675451532965,0.333333333333333,0.333333333333333,0.333333333333333,FLOAT
"all_antagonistic_(3,3,3)",3,3,3,0.666675975500663,0.333333333333333,0.333333333333333,0.333333333333333,FLOAT
"all_antagonistic_(3,3,3)",3,3,3,0.666676530720078,0.333333333333333,0.333333333333333,0.333333333333333,FLOAT
"all_antagonistic_(3,3,3)",3,3,3,0.666677119055197,0.333333333333333,0.333333333333333,0.333333333333333,FLOAT
"all_antagonistic_(3,3,3)",3,3,3,0.666677742481186,0.333333333333333,0.333333333333333,0.333333333333333,FLOAT
"all_antagonistic_(3,3,3)",3,3,3,0.666678403091018,0.333333333333333,0.333333333333333,0.333333333333333,FLOAT
"all_antagonistic_(3,3,3)",3,3,3,0.666679103102497,0.333333333333333,0.333333333333333,0.333333333333333,FLOAT
"all_antagonistic_(3,3,3)",3,3,3,0.666679844865711,0.333333333333333,0.333333333333333,0.333333333333333,FLOAT
"all_antagonistic_(3,3,3)",3,3,3,0.666680630870915,0.333333333333333,0.333333333333333,0.333333333333333,FLOAT
"all_antagonistic_(3,3,3)",3,3,3,0.666681463756893,0.333333333333333,0.333333333333333,0.333333333333333,FLOAT
"all_antagonistic_(3,3,3)",3,3,3,0.666682346319819,0.333333333333333,0.333333333333333,0.333333333333333,FLOAT
"all_antagonistic_(3,3,3)",3,3,3,0.666683281522644,0.333333333333333,0.333333333333333,0.333333333333333,FLOAT
"all_antagonistic_(3,3,3)",3,3,3,0.666684272505039,0.333333333333333,0.333333333333333,0.333333333333333,FLOAT
"all_antagonistic_(3,3,3)",3,3,3,0.666685322593942,0.333333333333333,0.333333333333333,0.333333333333333,FLOAT
"all_antagonistic_(3,3,3)",3,3,3,0.666686435314721,0.333333333333333,0.333333333333333,0.333333333333333,FLOAT
"all_antagonistic_(3,3,3)",3,3,3,0.666687614403016,0.333333333333333,0.333333333333333,0.333333333333333,FLOAT
"all_antagonistic_(3,3,3)",3,3,3,0.666688863817274,0.333333333333333,0.333333333333333,0.333333333333333,FLOAT
"all_antagonistic_(3,3,3)",3,3,3,0.666690187752041,0.333333333333333,0.333333333333333,0.333333333333333,FLOAT
"all_antagonistic_(3,3,3)",3,3,3,0.666691590652045,0.333333333333333,0.333333333333333,0.333333333333333,FLOAT
"all_antagonistic_(3,3,3)",3,3,3,0.666693077227118,0.333333333333333,0.333333333333333,0.333333333333333,FLOAT
"all_antagonistic_(3,3,3)",3,3,3,0.666694652468004,0.333333333333333,0.333333333333333,0.333333333333333,FLOAT
"all_antagonistic_(3,3,3)",3,3,3,0.66669632166312,0.333333333333333,0.333333333333333,0.333333333333333,FLOAT
"all_antagonistic_(3,3,3)",3,3,3,0.666698090416304,0.333333333333333,0.333333333333333,0.333333333333333,FLOAT
"all_antagonistic_(3,3,3)",3,3,3,0.666699964665634,0.333333333333333,0.333333333333333,0.333333333333333,FLOAT
"all_antagonistic_(3,3,3)",3,3,3,0.66670195070336,0.333333333333333,0.333333333333333,0.333333333333333,FLOAT
"all_antagonistic_(3,3,3)",3,3,3,0.666704055197027,0.333333333333333,0.333333333333333,0.333333333333333,FLOAT
"all_antagonistic_(3,3,3)",3,3,3,0.666706285211866,0.333333333333333,0.333333333333333,0.333333333333333,FLOAT
"all_antagonistic_(3,3,3)",3,3,3,0.666708648234505,0.333333333333333,0.333333333333333,0.333333333333333,FLOAT
"all_antagonistic_(3,3,3)",3,3,3,0.666711152198109,0.333333333333333,0.333333333333333,0.333333333333333,FLOAT
"all_antagonistic_(3,3,3)",3,3,3,0.666713805509012,0.333333333333333,0.333333333333333,0.333333333333333,FLOAT
"all_antagonistic_(3,3,3)",3,3,3,0.666716617074936,0.333333333333333,0.333333333333333,0.333333333333333,FLOAT
"all_antagonistic_(3,3,3)",3,3,3,0.6667195963349,0.333333333333333,0.333333333333333,0.333333333333333,FLOAT
"all_antagonistic_(3,3,3)",3,3,3,0.666722753290909,0.333333333333333,0.333333333333333,0.333333333333333,FLOAT
"all_antagonistic_(3,3,3)",3,3,3,0.666726098541527,0.333333333333333,0.333333333333333,0.333333333333333,FLOAT
"all_antagonistic_(3,3,3)",3,3,3,0.666729643317467,0.333333333333333,0.333333333333333,0.333333333333333,FLOAT
"all_antagonistic_(3,3,3)",3,3,3,0.666733399519287,0.333333333333333,0.333333333333333,0.333333333333333,FLOAT
"all_antagonistic_(3,3,3)",3,3,3,0.666737379757347,0.333333333333333,0.333333333333333,0.333333333333333,FLOAT
"all_antagonistic_(3,3,3)",3,3,3,0.666741597394146,0.333333333333333,0.333333333333333,0.333333333333333,FLOAT
"all_antagonistic_(3,3,3)",3,3,3,0.666746066589179,0.333333333333333,0.333333333333333,0.333333333333333,FLOAT
"all_antagonistic_(3,3,3)",3,3,3,0.666750802346474,0.333333333333333,0.333333333333333,0.333333333333333,FLOAT
"all_antagonistic_(3,3,3)",3,3,3,0.666755820564966,0.333333333333333,0.333333333333333,0.333333333333333,FLOAT
"all_antagonistic_(3,3,3)",3,3,3,0.666761138091871,0.333333333333333,0.333333333333333,0.333333333333333,FLOAT
"all_antagonistic_(3,3,3)",3,3,3,0.666766772779247,0.333333333333333,0.333333333333333,0.333333333333333,FLOAT
"all_antagonistic_(3,3,3)",3,3,3,0.666772743543927,0.333333333333333,0.333333333333333,0.333333333333333,FLOAT
"all_antagonistic_(3,3,3)",3,3,3,0.666779070431024,0.333333333333333,0.333333333333333,0.333333333333333,FLOAT
"all_antagonistic_(3,3,3)",3,3,3,0.666785774681232,0.333333333333333,0.333333333333333,0.333333333333333,FLOAT
"all_antagonistic_(3,3,3)",3,3,3,0.666792878802131,0.333333333333333,0.333333333333333,0.333333333333333,FLOAT
"all_antagonistic_(3,3,3)",3,3,3,0.66680040664375,0.333333333333333,0.333333333333333,0.333333333333333,FLOAT
"all_antagonistic_(3,3,3)",3,3,3,0.666808383478639,0.333333333333333,0.333333333333333,0.333333333333333,FLOAT
"all_antagonistic_(3,3,3)",3,3,3,0.666816836086713,0.333333333333333,0.333333333333333,0.333333333333333,FLOAT
"all_antagonistic_(3,3,3)",3,3,3,0.666825792845157,0.333333333333333,0.333333333333333,0.333333333333333,FLOAT
"all_antagonistic_(3,3,3)",3,3,3,0.666835283823696,0.333333333333333,0.333333333333333,0.333333333333333,FLOAT
"all_antagonistic_(3,3,3)",3,3,3,0.666845340885544,0.333333333333333,0.333333333333333,0.333333333333333,FLOAT
"all_antagonistic_(3,3,3)",3,3,3,0.666855997794376,0.333333333333333,0.333333333333333,0.333333333333333,FLOAT
"all_antagonistic_(3,3,3)",3,3,3,0.666867290327678,0.333333333333333,0.333333333333333,0.333333333333333,FLOAT
"all_antagonistic_(3,3,3)",3,3,3,0.666879256396864,0.333333333333333,0.333333333333333,0.333333333333333,FLOAT
"all_antagonistic_(3,3,3)",3,3,3,0.666891936174548,0.333333333333333,0.333333333333333,0.333333333333333,FLOAT
"all_antagonistic_(3,3,3)",3,3,3,0.666905372229415,0.333333333333333,0.333333333333333,0.333333333333333,FLOAT
"all_antagonistic_(3,3,3)",3,3,3,0.666919609669129,0.333333333333333,0.333333333333333,0.333333333333333,FLOAT
"all_antagonistic_(3,3,3)",3,3,3,0.666934696291775,0.333333333333333,0.333333333333333,0.333333333333333,FLOAT
"all_antagonistic_(3,3,3)",3,3,3,0.666950682746323,0.333333333333333,0.333333333333333,0.333333333333333,FLOAT
"all_antagonistic_(3,3,3)",3,3,3,0.666967622702667,0.333333333333333,0.333333333333333,0.333333333333333,FLOAT
"all_antagonistic_(3,3,3)",3,3,3,0.666985573031808,0.333333333333333,0.333333333333333,0.333333333333333,FLOAT
"all_antagonistic_(3,3,3)",3,3,3,0.667004593996783,0.333333333333333,0.333333333333333,0.333333333333333,FLOAT
"all_antagonistic_(3,3,3)",3,3,3,0.667024749454976,0.333333333333333,0.333333333333333,0.333333333333333,FLOAT
"all_antagonistic_(3,3,3)",3,3,3,0.667046107072505,0.333333333333333,0.333333333333333,0.333333333333333,FLOAT
"all_antagonistic_(3,3,3)",3,3,3,0.667068738551391,0.333333333333333,0.333333333333333,0.333333333333333,FLOAT
"all_antagonistic_(3,3,3)",3,3,3,0.667092719870275,0.333333333333333,0.333333333333333,0.333333333333333,FLOAT
"all_antagonistic_(3,3,3)",3,3,3,0.667118131539495,0.333333333333333,0.333333333333333,0.333333333333333,FLOAT
"all_antagonistic_(3,3,3)",3,3,3,0.667145058871377,0.333333333333333,0.333333333333333,0.333333333333333,FLOAT
"all_antagonistic_(3,3,3)",3,3,3,0.667173592266644,0.333333333333333,0.333333333333333,0.333333333333333,FLOAT
"all_antagonistic_(3,3,3)",3,3,3,0.667203827517915,0.333333333333333,0.333333333333333,0.333333333333333,FLOAT
"all_antagonistic_(3,3,3)",3,3,3,0.667235866131295,0.333333333333333,0.333333333333333,0.333333333333333,FLOAT
"all_antagonistic_(3,3,3)",3,3,3,0.667269815667157,0.333333333333333,0.333333333333333,0.333333333333333,FLOAT
"all_antagonistic_(3,3,3)",3,3,3,0.667305790101244,0.333333333333333,0.333333333333333,0.333333333333333,FLOAT
"all_antagonistic_(3,3,3)",3,3,3,0.667343910207308,0.333333333333333,0.333333333333333,0.333333333333333,FLOAT
"all_antagonistic_(3,3,3)",3,3,3,0.667384303962572,0.333333333333333,0.333333333333333,0.333333333333333,FLOAT
"all_antagonistic_(3,3,3)",3,3,3,0.667427106977381,0.333333333333333,0.333333333333333,0.333333333333333,FLOAT
"all_antagonistic_(3,3,3)",3,3,3,0.66747246295047,0.333333333333333,0.333333333333333,0.333333333333333,FLOAT
"all_antagonistic_(3,3,3)",3,3,3,0.667520524151393,0.333333333333333,0.333333333333333,0.333333333333333,FLOAT
"all_antagonistic_(3,3,3)",3,3,3,0.667571451931725,0.333333333333333,0.333333333333333,0.333333333333333,FLOAT
"all_antagonistic_(3,3,3)",3,3,3,0.667625417266748,0.333333333333333,0.333333333333333,0.333333333333333,FLOAT
"all_antagonistic_(3,3,3)",3,3,3,0.66768260132946,0.333333333333333,0.333333333333333,0.333333333333333,FLOAT
"all_antagonistic_(3,3,3)",3,3,3,0.667743196098802,0.333333333333333,0.333333333333333,0.333333333333333,FLOAT
"all_antagonistic_(3,3,3)",3,3,3,0.667807405004176,0.333333333333333,0.333333333333333,0.333333333333333,FLOAT
"all_antagonistic_(3,3,3)",3,3,3,0.667875443608401,0.333333333333333,0.333333333333333,0.333333333333333,FLOAT
"all_antagonistic_(3,3,3)",3,3,3,0.667947540331402,0.333333333333333,0.333333333333333,0.333333333333333,FLOAT
"all_antagonistic_(3,3,3)",3,3,3,0.668023937217061,0.333333333333333,0.333333333333333,0.333333333333333,FLOAT
"all_antagonistic_(3,3,3)",3,3,3,0.668104890745814,0.333333333333333,0.333333333333333,0.333333333333333,FLOAT
"all_antagonistic_(3,3,3)",3,3,3,0.668190672695706,0.333333333333333,0.333333333333333,0.333333333333333,FLOAT
"all_antagonistic_(3,3,3)",3,3,3,0.66828157105481,0.333333333333333,0.333333333333333,0.333333333333333,FLOAT
"all_antagonistic_(3,3,3)",3,3,3,0.668377890988062,0.333333333333333,0.333333333333333,0.333333333333333,FLOAT
"all_antagonistic_(3,3,3)",3,3,3,0.668479955861763,0.333333333333333,0.333333333333333,0.333333333333333,FLOAT
"all_antagonistic_(3,3,3)",3,3,3,0.668588108329191,0.333333333333333,0.333333333333333,0.333333333333333,FLOAT
"all_antagonistic_(3,3,3)",3,3,3,0.668702711480957,0.333333333333333,0.333333333333333,0.333333333333333,FLOAT
"all_antagonistic_(3,3,3)",3,3,3,0.668824150063978,0.333333333333333,0.333333333333333,0.333333333333333,FLOAT
"all_antagonistic_(3,3,3)",3,3,3,0.668952831773153,0.333333333333333,0.333333333333333,0.333333333333333,FLOAT
"all_antagonistic_(3,3,3)",3,3,3,0.669089188620082,0.333333333333333,0.333333333333333,0.333333333333333,FLOAT
"all_antagonistic_(3,3,3)",3,3,3,0.669233678383419,0.333333333333333,0.333333333333333,0.333333333333333,FLOAT
"all_antagonistic_(3,3,3)",3,3,3,0.669386786145729,0.333333333333333,0.333333333333333,0.333333333333333,FLOAT
"all_antagonistic_(3,3,3)",3,3,3,0.669549025922018,0.333333333333333,0.333333333333333,0.333333333333333,FLOAT
"all_antagonistic_(3,3,3)",3,3,3,0.669720942385384,0.333333333333333,0.333333333333333,0.333333333333333,FLOAT
"all_antagonistic_(3,3,3)",3,3,3,0.669903112695601,0.333333333333333,0.333333333333333,0.333333333333333,FLOAT
"all_antagonistic_(3,3,3)",3,3,3,0.670096148436769,0.333333333333333,0.333333333333333,0.333333333333333,FLOAT
"all_antagonistic_(3,3,3)",3,3,3,0.670300697670525,0.333333333333333,0.333333333333333,0.333333333333333,FLOAT
"all_antagonistic_(3,3,3)",3,3,3,0.670517447111728,0.333333333333333,0.333333333333333,0.333333333333333,FLOAT
"all_antagonistic_(3,3,3)",3,3,3,0.670747124433902,0.333333333333333,0.333333333333333,0.333333333333333,FLOAT
"all_antagonistic_(3,3,3)",3,3,3,0.67099050071219,0.333333333333333,0.333333333333333,0.333333333333333,FLOAT
"all_antagonistic_(3,3,3)",3,3,3,0.671248393012015,0.333333333333333,0.333333333333333,0.333333333333333,FLOAT
"all_antagonistic_(3,3,3)",3,3,3,0.671521667132144,0.333333333333333,0.333333333333333,0.333333333333333,FLOAT
"all_antagonistic_(3,3,3)",3,3,3,0.671811240511352,0.333333333333333,0.333333333333333,0.333333333333333,FLOAT
"all_antagonistic_(3,3,3)",3,3,3,0.67211808530846,0.333333333333333,0.333333333333333,0.333333333333333,FLOAT
"all_antagonistic_(3,3,3)",3,3,3,0.672443231666078,0.333333333333333,0.333333333333333,0.333333333333333,FLOAT
"all_antagonistic_(3,3,3)",3,3,3,0.672787771169006,0.333333333333333,0.333333333333333,0.333333333333333,FLOAT
"all_antagonistic_(3,3,3)",3,3,3,0.673152860508921,0.333333333333333,0.333333333333333,0.333333333333333,FLOAT
"all_antagonistic_(3,3,3)",3,3,3,0.673539725367628,0.333333333333333,0.333333333333333,0.333333333333333,FLOAT
"all_antagonistic_(3,3,3)",3,3,3,0.673949664531935,0.333333333333333,0.333333333333333,0.333333333333333,FLOAT
"all_antagonistic_(3,3,3)",3,3,3,0.674384054253956,0.333333333333333,0.333333333333333,0.333333333333333,FLOAT
"all_antagonistic_(3,3,3)",3,3,3,0.674844352871474,0.333333333333333,0.333333333333333,0.333333333333333,FLOAT
"all_antagonistic_(3,3,3)",3,3,3,0.675332105703892,0.333333333333333,0.333333333333333,0.333333333333333,FLOAT
"all_antagonistic_(3,3,3)",3,3,3,0.675848950240194,0.333333333333333,0.333333333333333,0.333333333333333,FLOAT
"all_antagonistic_(3,3,3)",3,3,3,0.676396621636343,0.333333333333333,0.333333333333333,0.333333333333333,FLOAT
"all_antagonistic_(3,3,3)",3,3,3,0.676976958540561,0.333333333333333,0.333333333333333,0.333333333333333,FLOAT
"all_antagonistic_(3,3,3)",3,3,3,0.677591909266059,0.333333333333333,0.333333333333333,0.333333333333333,FLOAT
"all_antagonistic_(3,3,3)",3,3,3,0.67824353833194,0.333333333333333,0.333333333333333,0.333333333333333,FLOAT
"all_antagonistic_(3,3,3)",3,3,3,0.678934033394218,0.333333333333333,0.333333333333333,0.333333333333333,FLOAT
"all_antagonistic_(3,3,3)",3,3,3,0.679665712590243,0.333333333333333,0.333333333333333,0.333333333333333,FLOAT
"all_antagonistic_(3,3,3)",3,3,3,0.680441032321174,0.333333333333333,0.333333333333333,0.333333333333333,FLOAT
"all_antagonistic_(3,3,3)",3,3,3,0.681262595498641,0.333333333333333,0.333333333333333,0.333333333333333,FLOAT
"all_antagonistic_(3,3,3)",3,3,3,0.68213316028326,0.333333333333333,0.333333333333333,0.333333333333333,FLOAT
"all_antagonistic_(3,3,3)",3,3,3,0.683055649344363,0.333333333333333,0.333333333333333,0.333333333333333,FLOAT
"all_antagonistic_(3,3,3)",3,3,3,0.684033159672015,0.333333333333333,0.333333333333333,0.333333333333333,FLOAT
"all_antagonistic_(3,3,3)",3,3,3,0.68506897297426,0.333333333333333,0.333333333333333,0.333333333333333,FLOAT
"all_antagonistic_(3,3,3)",3,3,3,0.686166566694507,0.333333333333333,0.333333333333333,0.333333333333333,FLOAT
"all_antagonistic_(3,3,3)",3,3,3,0.687329625686041,0.333333333333333,0.333333333333333,0.333333333333333,FLOAT
"all_antagonistic_(3,3,3)",3,3,3,0.68856205458285,0.333333333333333,0.333333333333333,0.333333333333333,FLOAT
"all_antagonistic_(3,3,3)",3,3,3,0.689867990908302,0.333333333333333,0.333333333333333,0.333333333333333,FLOAT
"all_antagonistic_(3,3,3)",3,3,3,0.691251818965688,0.333333333333333,0.333333333333333,0.333333333333333,FLOAT
"all_antagonistic_(3,3,3)",3,3,3,0.692718184557244,0.333333333333333,0.333333333333333,0.333333333333333,FLOAT
"all_antagonistic_(3,3,3)",3,3,3,0.694272010581095,0.333333333333333,0.333333333333333,0.333333333333333,FLOAT
"all_antagonistic_(3,3,3)",3,3,3,0.695918513558455,0.333333333333333,0.333333333333333,0.333333333333333,FLOAT
"all_antagonistic_(3,3,3)",3,3,3,0.697663221146592,0.333333333333333,0.333333333333333,0.333333333333333,FLOAT
"all_antagonistic_(3,3,3)",3,3,3,0.699511990696333,0.333333333333333,0.333333333333333,0.333333333333333,FLOAT
"all_antagonistic_(3,3,3)",3,3,3,0.701471028916427,0.333333333333333,0.333333333333333,0.333333333333333,FLOAT
"all_antagonistic_(3,3,3)",3,3,3,0.703546912710775,0.333333333333333,0.333333333333333,0.333333333333333,FLOAT
"all_antagonistic_(3,3,3)",3,3,3,0.705746611258478,0.333333333333333,0.333333333333333,0.333333333333333,FLOAT
"all_antagonistic_(3,3,3)",3,3,3,0.708077509410841,0.333333333333333,0.333333333333333,0.333333333333333,FLOAT
"all_antagonistic_(3,3,3)",3,3,3,0.710547432483875,0.333333333333333,0.333333333333333,0.333333333333333,FLOAT
"all_antagonistic_(3,3,3)",3,3,3,0.713164672529529,0.333333333333333,0.333333333333333,0.333333333333333,FLOAT
"all_antagonistic_(3,3,3)",3,3,3,0.715938016173855,0.333333333333333,0.333333333333333,0.333333333333333,FLOAT
"all_antagonistic_(3,3,3)",3,3,3,0.718876774115565,0.333333333333333,0.333333333333333,0.333333333333333,FLOAT
"all_antagonistic_(3,3,3)",3,3,3,0.721990812384003,0.333333333333333,0.333333333333333,0.333333333333333,FLOAT
"all_antagonistic_(3,3,3)",3,3,3,0.725290585461487,0.333333333333333,0.333333333333333,0.333333333333333,FLOAT
"all_antagonistic_(3,3,3)",3,3,3,0.728787171381207,0.333333333333333,0.333333333333333,0.333333333333333,FLOAT
"all_antagonistic_(3,3,3)",3,3,3,0.732492308918514,0.333333333333333,0.333333333333333,0.333333333333333,FLOAT
"all_antagonistic_(3,3,3)",3,3,3,0.736418437000464,0.333333333333333,0.333333333333333,0.333333333333333,FLOAT
"all_antagonistic_(3,3,3)",3,3,3,0.740578736465914,0.333333333333333,0.333333333333333,0.333333333333333,FLOAT
"all_antagonistic_(3,3,3)",3,3,3,0.744987174316374,0.333333333333333,0.333333333333333,0.333333333333333,FLOAT
"all_antagonistic_(3,3,3)",3,3,3,0.749658550606174,0.333333333333333,0.333333333333333,0.333333333333333,FLOAT
"all_antagonistic_(3,3,3)",3,3,3,0.754608548129361,0.333333333333333,0.333333333333333,0.333333333333333,FLOAT
"all_antagonistic_(3,3,3)",3,3,3,0.759853785070145,0.333333333333333,0.333333333333333,0.333333333333333,FLOAT
"all_antagonistic_(3,3,3)",3,3,3,0.765411870793641,0.333333333333333,0.333333333333333,0.333333333333333,FLOAT
"all_antagonistic_(3,3,3)",3,3,3,0.771301464964215,0.333333333333333,0.333333333333333,0.333333333333333,FLOAT
"all_antagonistic_(3,3,3)",3,3,3,0.777542340189913,0.333333333333333,0.333333333333333,0.333333333333333,FLOAT
"all_antagonistic_(3,3,3)",3,3,3,0.784155448403264,0.333333333333333,0.333333333333333,0.333333333333333,FLOAT
"all_antagonistic_(3,3,3)",3,3,3,0.791162991201332,0.333333333333333,0.333333333333333,0.333333333333333,FLOAT
"all_antagonistic_(3,3,3)",3,3,3,0.798588494381158,0.333333333333333,0.333333333333333,0.333333333333333,FLOAT
"all_antagonistic_(3,3,3)",3,3,3,0.806456886920807,0.333333333333333,0.333333333333333,0.333333333333333,FLOAT
"all_antagonistic_(3,3,3)",3,3,3,0.814794584671205,0.333333333333333,0.333333333333333,0.333333333333333,FLOAT
"all_antagonistic_(3,3,3)",3,3,3,0.823629579039712,0.333333333333333,0.333333333333333,0.333333333333333,FLOAT
"all_antagonistic_(3,3,3)",3,3,3,0.83299153096317,0.333333333333333,0.333333333333333,0.333333333333333,FLOAT
"all_antagonistic_(3,3,3)",3,3,3,0.842911870485915,0.333333333333333,0.333333333333333,0.333333333333333,FLOAT
"all_antagonistic_(3,3,3)",3,3,3,0.853423902277057,0.333333333333333,0.333333333333333,0.333333333333333,FLOAT
"all_antagonistic_(3,3,3)",3,3,3,0.864562917441269,0.333333333333333,0.333333333333333,0.333333333333333,FLOAT
"all_antagonistic_(3,3,3)",3,3,3,0.876366311998457,0.333333333333333,0.333333333333333,0.333333333333333,FLOAT
"all_antagonistic_(3,3,3)",3,3,3,0.888873712430073,0.333333333333333,0.333333333333333,0.333333333333333,FLOAT
"all_antagonistic_(3,3,3)",3,3,3,0.9,0.333333333333333,0.333333333333333,0.333333333333333,FLOAT
"all_antagonistic_(3,3,3)",3,3,3,0.902127108713561,0.333333333333333,0.333333333333333,0.333333333333333,FLOAT
"all_antagonistic_(3,3,3)",3,3,3,0.912667383761716,0.333333333333333,0.333333333333333,0.333333333333333,FLOAT
"all_antagonistic_(3,3,3)",3,3,3,0.916170995291558,0.333333333333333,0.333333333333333,0.333333333333333,FLOAT
"all_antagonistic_(3,3,3)",3,3,3,0.923730141409766,0.333333333333333,0.333333333333333,0.333333333333333,FLOAT
"all_antagonistic_(3,3,3)",3,3,3,0.931052520449102,0.333333333333333,0.333333333333333,0.333333333333333,FLOAT
"all_antagonistic_(3,3,3)",3,3,3,0.933391537091908,0.333333333333333,0.333333333333333,0.333333333333333,FLOAT
"all_antagonistic_(3,3,3)",3,3,3,0.941829086706256,0.333333333333333,0.333333333333333,0.333333333333333,FLOAT
"all_antagonistic_(3,3,3)",3,3,3,0.946821644600358,0.333333333333333,0.333333333333333,0.333333333333333,FLOAT
"all_antagonistic_(3,3,3)",3,3,3,0.94919781953087,0.333333333333333,0.333333333333333,0.333333333333333,FLOAT
"all_antagonistic_(3,3,3)",3,3,3,0.955633126690214,0.333333333333333,0.333333333333333,0.333333333333333,FLOAT
"all_antagonistic_(3,3,3)",3,3,3,0.961253248795439,0.333333333333333,0.333333333333333,0.333333333333333,FLOAT
"all_antagonistic_(3,3,3)",3,3,3,0.963531308016255,0.333333333333333,0.333333333333333,0.333333333333333,FLOAT
"all_antagonistic_(3,3,3)",3,3,3,0.966161448465718,0.333333333333333,0.333333333333333,0.333333333333333,FLOAT
"all_antagonistic_(3,3,3)",3,3,3,0.970447907647971,0.333333333333333,0.333333333333333,0.333333333333333,FLOAT
"all_antagonistic_(3,3,3)",3,3,3,0.974191384595819,0.333333333333333,0.333333333333333,0.333333333333333,FLOAT
"all_antagonistic_(3,3,3)",3,3,3,0.977460660952652,0.333333333333333,0.333333333333333,0.333333333333333,FLOAT
"all_antagonistic_(3,3,3)",3,3,3,0.980315805527134,0.333333333333333,0.333333333333333,0.333333333333333,FLOAT
"all_antagonistic_(3,3,3)",3,3,3,0.981237608556118,0.333333333333333,0.333333333333333,0.333333333333333,FLOAT
"all_antagonistic_(3,3,3)",3,3,3,0.982809277981414,0.333333333333333,0.333333333333333,0.333333333333333,FLOAT
"all_antagonistic_(3,3,3)",3,3,3,0.984986892710918,0.333333333333333,0.333333333333333,0.333333333333333,FLOAT
"all_antagonistic_(3,3,3)",3,3,3,0.986888660625784,0.333333333333333,0.333333333333333,0.333333333333333,FLOAT
"all_antagonistic_(3,3,3)",3,3,3,0.988549524300617,0.333333333333333,0.333333333333333,0.333333333333333,FLOAT
"all_antagonistic_(3,3,3)",3,3,3,0.99,0.333333333333333,0.333333333333333,0.333333333333333,FLOAT
"all_antagonistic_(3,3,3)",3,3,3,0.991266738376172,0.333333333333333,0.333333333333333,0.333333333333333,FLOAT
"all_antagonistic_(3,3,3)",3,3,3,0.992373014140977,0.333333333333333,0.333333333333333,0.333333333333333,FLOAT
"all_antagonistic_(3,3,3)",3,3,3,0.993339153709191,0.333333333333333,0.333333333333333,0.333333333333333,FLOAT
"all_antagonistic_(3,3,3)",3,3,3,0.994182908670626,0.333333333333333,0.333333333333333,0.333333333333333,FLOAT
"all_antagonistic_(3,3,3)",3,3,3,0.994919781953087,0.333333333333333,0.333333333333333,0.333333333333333,FLOAT
"all_antagonistic_(3,3,3)",3,3,3,0.995563312669021,0.333333333333333,0.333333333333333,0.333333333333333,FLOAT
"all_antagonistic_(3,3,3)",3,3,3,0.996125324879544,0.333333333333333,0.333333333333333,0.333333333333333,FLOAT
"all_antagonistic_(3,3,3)",3,3,3,0.996616144846572,0.333333333333333,0.333333333333333,0.333333333333333,FLOAT
"all_antagonistic_(3,3,3)",3,3,3,0.997044790764797,0.333333333333333,0.333333333333333,0.333333333333333,FLOAT
"all_antagonistic_(3,3,3)",3,3,3,0.997419138459582,0.333333333333333,0.333333333333333,0.333333333333333,FLOAT
"all_antagonistic_(3,3,3)",3,3,3,0.997746066095265,0.333333333333333,0.333333333333333,0.333333333333333,FLOAT
"all_antagonistic_(3,3,3)",3,3,3,0.998031580552713,0.333333333333333,0.333333333333333,0.333333333333333,FLOAT
"all_antagonistic_(3,3,3)",3,3,3,0.998280927798141,0.333333333333333,0.333333333333333,0.333333333333333,FLOAT
"all_antagonistic_(3,3,3)",3,3,3,0.998498689271092,0.333333333333333,0.333333333333333,0.333333333333333,FLOAT
"all_antagonistic_(3,3,3)",3,3,3,0.998688866062578,0.333333333333333,0.333333333333333,0.333333333333333,FLOAT
"all_antagonistic_(3,3,3)",3,3,3,0.998854952430062,0.333333333333333,0.333333333333333,0.333333333333333,FLOAT
"all_antagonistic_(3,3,3)",3,3,3,0.999,0.333333333333333,0.333333333333333,0.333333333333333,FLOAT
"all_antagonistic_(3,3,3)",3,3,3,0.999126673837617,0.333333333333333,0.333333333333333,0.333333333333333,FLOAT
"all_antagonistic_(3,3,3)",3,3,3,0.999237301414098,0.333333333333333,0.333333333333333,0.333333333333333,FLOAT
"all_antagonistic_(3,3,3)",3,3,3,0.999333915370919,0.333333333333333,0.333333333333333,0.333333333333333,FLOAT
"all_antagonistic_(3,3,3)",3,3,3,0.999418290867063,0.333333333333333,0.333333333333333,0.333333333333333,FLOAT
"all_antagonistic_(3,3,3)",3,3,3,0.999491978195309,0.333333333333333,0.333333333333333,0.333333333333333,FLOAT
"all_antagonistic_(3,3,3)",3,3,3,0.999556331266902,0.333333333333333,0.333333333333333,0.333333333333333,FLOAT
"all_antagonistic_(3,3,3)",3,3,3,0.999612532487954,0.333333333333333,0.333333333333333,0.333333333333333,FLOAT
"all_antagonistic_(3,3,3)",3,3,3,0.999661614484657,0.333333333333333,0.333333333333333,0.333333333333333,FLOAT
"all_antagonistic_(3,3,3)",3,3,3,0.99970447907648,0.333333333333333,0.333333333333333,0.333333333333333,FLOAT
"all_antagonistic_(3,3,3)",3,3,3,0.999741913845958,0.333333333333333,0.333333333333333,0.333333333333333,FLOAT
"all_antagonistic_(3,3,3)",3,3,3,0.999774606609527,0.333333333333333,0.333333333333333,0.333333333333333,FLOAT
"all_antagonistic_(3,3,3)",3,3,3,0.999803158055271,0.333333333333333,0.333333333333333,0.333333333333333,FLOAT
"all_antagonistic_(3,3,3)",3,3,3,0.999828092779814,0.333333333333333,0.333333333333333,0.333333333333333,FLOAT
"all_antagonistic_(3,3,3)",3,3,3,0.999849868927109,0.333333333333333,0.333333333333333,0.333333333333333,FLOAT
"all_antagonistic_(3,3,3)",3,3,3,0.999868886606258,0.333333333333333,0.333333333333333,0.333333333333333,FLOAT
"all_antagonistic_(3,3,3)",3,3,3,0.999885495243006,0.333333333333333,0.333333333333333,0.333333333333333,FLOAT
"all_antagonistic_(3,3,3)",3,3,3,0.9999,0.333333333333333,0.333333333333333,0.333333333333333,FLOAT
"all_antagonistic_(3,3,3)",3,3,3,0.999912667383762,0.333333333333333,0.333333333333333,0.333333333333333,FLOAT
"all_antagonistic_(3,3,3)",3,3,3,0.99992373014141,0.333333333333333,0.333333333333333,0.333333333333333,FLOAT
"all_antagonistic_(3,3,3)",3,3,3,0.999933391537092,0.333333333333333,0.333333333333333,0.333333333333333,FLOAT
"all_antagonistic_(3,3,3)",3,3,3,0.999941829086706,0.333333333333333,0.333333333333333,0.333333333333333,FLOAT
"all_antagonistic_(3,3,3)",3,3,3,0.999949197819531,0.333333333333333,0.333333333333333,0.333333333333333,FLOAT
"all_antagonistic_(3,3,3)",3,3,3,0.99995563312669,0.333333333333333,0.333333333333333,0.333333333333333,FLOAT
"all_antagonistic_(3,3,3)",3,3,3,0.999961253248795,0.333333333333333,0.333333333333333,0.333333333333333,FLOAT
"all_antagonistic_(3,3,3)",3,3,3,0.999966161448466,0.333333333333333,0.333333333333333,0.333333333333333,FLOAT
"all_antagonistic_(3,3,3)",3,3,3,0.999970447907648,0.333333333333333,0.333333333333333,0.333333333333333,FLOAT
"all_antagonistic_(3,3,3)",3,3,3,0.999974191384596,0.333333333333333,0.333333333333333,0.333333333333333,FLOAT
"all_antagonistic_(3,3,3)",3,3,3,0.999977460660953,0.333333333333333,0.333333333333333,0.333333333333333,FLOAT
"all_antagonistic_(3,3,3)",3,3,3,0.999980315805527,0.333333333333333,0.333333333333333,0.333333333333333,FLOAT
"all_antagonistic_(3,3,3)",3,3,3,0.999982809277981,0.333333333333333,0.333333333333333,0.333333333333333,FLOAT
"all_antagonistic_(3,3,3)",3,3,3,0.999984986892711,0.333333333333333,0.333333333333333,0.333333333333333,FLOAT
"all_antagonistic_(3,3,3)",3,3,3,0.999986888660626,0.333333333333333,0.333333333333333,0.333333333333333,FLOAT
"all_antagonistic_(3,3,3)",3,3,3,0.999988549524301,0.333333333333333,0.333333333333333,0.333333333333333,FLOAT
"all_antagonistic_(3,3,3)",3,3,3,0.99999,0.333333333333333,0.333333333333333,0.333333333333333,FLOAT
"all_antagonistic_(3,3,3)",3,3,3,0.999991266738376,0.333333333333333,0.333333333333333,0.333333333333333,FLOAT
"all_antagonistic_(3,3,3)",3,3,3,0.999992373014141,0.333333333333333,0.333333333333333,0.333333333333333,FLOAT
"all_antagonistic_(3,3,3)",3,3,3,0.999993339153709,0.333333333333333,0.333333333333333,0.333333333333333,FLOAT
"all_antagonistic_(3,3,3)",3,3,3,0.999994182908671,0.333333333333333,0.333333333333333,0.333333333333333,FLOAT
"all_antagonistic_(3,3,3)",3,3,3,0.999994919781953,0.333333333333333,0.333333333333333,0.333333333333333,FLOAT
"all_antagonistic_(3,3,3)",3,3,3,0.999995563312669,0.333333333333333,0.333333333333333,0.333333333333333,FLOAT
"all_antagonistic_(3,3,3)",3,3,3,0.99999612532488,0.333333333333333,0.333333333333333,0.333333333333333,FLOAT
"all_antagonistic_(3,3,3)",3,3,3,0.999996616144847,0.333333333333333,0.333333333333333,0.333333333333333,FLOAT
"all_antagonistic_(3,3,3)",3,3,3,0.999997044790765,0.333333333333333,0.333333333333333,0.333333333333333,FLOAT
"all_antagonistic_(3,3,3)",3,3,3,0.99999741913846,0.333333333333333,0.333333333333333,0.333333333333333,FLOAT
"all_antagonistic_(3,3,3)",3,3,3,0.999997746066095,0.333333333333333,0.333333333333333,0.333333333333333,FLOAT
"all_antagonistic_(3,3,3)",3,3,3,0.999998031580553,0.333333333333333,0.333333333333333,0.333333333333333,FLOAT
"all_antagonistic_(3,3,3)",3,3,3,0.999998280927798,0.333333333333333,0.333333333333333,0.333333333333333,FLOAT
"all_antagonistic_(3,3,3)",3,3,3,0.999998498689271,0.333333333333333,0.333333333333333,0.333333333333333,FLOAT
"all_antagonistic_(3,3,3)",3,3,3,0.999998688866063,0.333333333333333,0.333333333333333,0.333333333333333,FLOAT
"all_antagonistic_(3,3,3)",3,3,3,0.99999885495243,0.333333333333333,0.333333333333333,0.333333333333333,FLOAT
"all_antagonistic_(3,3,3)",3,3,3,0.999999,0.333333333333333,0.333333333333333,0.333333333333333,FLOAT
"all_antagonistic_(3,3,3)",3,3,3,0.999999126673838,0.333333333333333,0.333333333333333,0.333333333333333,FLOAT
"all_antagonistic_(3,3,3)",3,3,3,0.999999237301414,0.333333333333333,0.333333333333333,0.333333333333333,FLOAT
"all_antagonistic_(3,3,3)",3,3,3,0.999999333915371,0.333333333333333,0.333333333333333,0.333333333333333,FLOAT
"all_antagonistic_(3,3,3)",3,3,3,0.999999418290867,0.333333333333333,0.333333333333333,0.333333333333333,FLOAT
"all_antagonistic_(3,3,3)",3,3,3,0.999999491978195,0.333333333333333,0.333333333333333,0.333333333333333,FLOAT
"all_antagonistic_(3,3,3)",3,3,3,0.999999556331267,0.333333333333333,0.333333333333333,0.333333333333333,FLOAT
"all_antagonistic_(3,3,3)",3,3,3,0.999999612532488,0.333333333333333,0.333333333333333,0.333333333333333,FLOAT
"all_antagonistic_(3,3,3)",3,3,3,0.999999661614485,0.333333333333333,0.333333333333333,0.333333333333333,FLOAT
"all_antagonistic_(3,3,3)",3,3,3,0.999999704479076,0.333333333333333,0.333333333333333,0.333333333333333,FLOAT
"all_antagonistic_(3,3,3)",3,3,3,0.999999741913846,0.333333333333333,0.333333333333333,0.333333333333333,FLOAT
"all_antagonistic_(3,3,3)",3,3,3,0.999999774606609,0.333333333333333,0.333333333333333,0.333333333333333,FLOAT
"all_antagonistic_(3,3,3)",3,3,3,0.999999803158055,0.333333333333333,0.333333333333333,0.333333333333333,FLOAT
"all_antagonistic_(3,3,3)",3,3,3,0.99999982809278,0.333333333333333,0.333333333333333,0.333333333333333,FLOAT
"all_antagonistic_(3,3,3)",3,3,3,0.999999849868927,0.333333333333333,0.333333333333333,0.333333333333333,FLOAT
"all_antagonistic_(3,3,3)",3,3,3,0.999999868886606,0.333333333333333,0.333333333333333,0.333333333333333,FLOAT
"all_antagonistic_(3,3,3)",3,3,3,0.999999885495243,0.333333333333333,0.333333333333333,0.333333333333333,FLOAT
"all_antagonistic_(3,3,3)",3,3,3,0.9999999,0.333333333333333,0.333333333333333,0.333333333333333,FLOAT
"all_antagonistic_(3,3,3)",3,3,3,0.999999912667384,0.333333333333333,0.333333333333333,0.333333333333333,FLOAT
"all_antagonistic_(3,3,3)",3,3,3,0.999999923730141,0.333333333333333,0.333333333333333,0.333333333333333,FLOAT
"all_antagonistic_(3,3,3)",3,3,3,0.999999933391537,0.333333333333333,0.333333333333333,0.333333333333333,FLOAT
"all_antagonistic_(3,3,3)",3,3,3,0.999999941829087,0.333333333333333,0.333333333333333,0.333333333333333,FLOAT
"all_antagonistic_(3,3,3)",3,3,3,0.99999994919782,0.333333333333333,0.333333333333333,0.333333333333333,FLOAT
"all_antagonistic_(3,3,3)",3,3,3,0.999999955633127,0.333333333333333,0.333333333333333,0.333333333333333,FLOAT
"all_antagonistic_(3,3,3)",3,3,3,0.999999961253249,0.333333333333333,0.333333333333333,0.333333333333333,FLOAT
"all_antagonistic_(3,3,3)",3,3,3,0.999999966161448,0.333333333333333,0.333333333333333,0.333333333333333,FLOAT
"all_antagonistic_(3,3,3)",3,3,3,0.999999970447908,0.333333333333333,0.333333333333333,0.333333333333333,FLOAT
"all_antagonistic_(3,3,3)",3,3,3,0.999999974191385,0.333333333333333,0.333333333333333,0.333333333333333,FLOAT
"all_antagonistic_(3,3,3)",3,3,3,0.999999977460661,0.333333333333333,0.333333333333333,0.333333333333333,FLOAT
"all_antagonistic_(3,3,3)",3,3,3,0.999999980315806,0.333333333333333,0.333333333333333,0.333333333333333,FLOAT
"all_antagonistic_(3,3,3)",3,3,3,0.999999982809278,0.333333333333333,0.333333333333333,0.333333333333333,FLOAT
"all_antagonistic_(3,3,3)",3,3,3,0.999999984986893,0.333333333333333,0.333333333333333,0.333333333333333,FLOAT
"all_antagonistic_(3,3,3)",3,3,3,0.999999986888661,0.333333333333333,0.333333333333333,0.333333333333333,FLOAT
"all_antagonistic_(3,3,3)",3,3,3,0.999999988549524,0.333333333333333,0.333333333333333,0.333333333333333,FLOAT
"all_antagonistic_(3,3,3)",3,3,3,0.99999999,0.333333333333333,0.333333333333333,0.333333333333333,FLOAT
"antagonistic_mixed_(1.5,4,2)",1.5,4,2,0.666666676666667,0.333333330310335,0.333333342402329,0.333333327287336,FLOAT
"antagonistic_mixed_(1.5,4,2)",1.5,4,2,0.66666667726311,0.33333333013003,0.333333342943244,0.333333326926726,FLOAT
"antagonistic_mixed_(1.5,4,2)",1.5,4,2,0.666666677895128,0.333333329938971,0.333333343516421,0.333333326544608,FLOAT
"antagonistic_mixed_(1.5,4,2)",1.5,4,2,0.666666678564843,0.333333329736516,0.333333344123784,0.333333326139699,FLOAT
"antagonistic_mixed_(1.5,4,2)",1.5,4,2,0.666666679274502,0.333333329521987,0.333333344767374,0.33333332571064,FLOAT
"antagonistic_mixed_(1.5,4,2)",1.5,4,2,0.666666680026488,0.333333329294661,0.33333334544935,0.333333325255989,FLOAT
"antagonistic_mixed_(1.5,4,2)",1.5,4,2,0.666666680823326,0.333333329053777,0.333333346172002,0.333333324774221,FLOAT
"antagonistic_mixed_(1.5,4,2)",1.5,4,2,0.666666681667691,0.333333328798526,0.333333346937756,0.333333324263718,FLOAT
"antagonistic_mixed_(1.5,4,2)",1.5,4,2,0.666666682562417,0.33333332852805,0.333333347749183,0.333333323722767,FLOAT
"antagonistic_mixed_(1.5,4,2)",1.5,4,2,0.666666683510509,0.333333328241442,0.333333348609007,0.333333323149551,FLOAT
"antagonistic_mixed_(1.5,4,2)",1.5,4,2,0.666666684515149,0.33333332793774,0.333333349520114,0.333333322542146,FLOAT
"antagonistic_mixed_(1.5,4,2)",1.5,4,2,0.66666668557971,0.333333327615923,0.333333350485564,0.333333321898513,FLOAT
"antagonistic_mixed_(1.5,4,2)",1.5,4,2,0.666666686707767,0.333333327274912,0.333333351508598,0.33333332121649,FLOAT
"antagonistic_mixed_(1.5,4,2)",1.5,4,2,0.666666687903105,0.333333326913561,0.33333335259265,0.333333320493789,FLOAT
"antagonistic_mixed_(1.5,4,2)",1.5,4,2,0.666666689169739,0.333333326530658,0.333333353741359,0.333333319727983,FLOAT
"antagonistic_mixed_(1.5,4,2)",1.5,4,2,0.66666669051192,0.333333326124917,0.333333354958583,0.3333333189165,FLOAT
"antagonistic_mixed_(1.5,4,2)",1.5,4,2,0.666666691934155,0.333333325694976,0.333333356248406,0.333333318056618,FLOAT
"antagonistic_mixed_(1.5,4,2)",1.5,4,2,0.666666693441218,0.333333325239391,0.333333357615161,0.333333317145448,FLOAT
"antagonistic_mixed_(1.5,4,2)",1.5,4,2,0.666666695038169,0.333333324756633,0.333333359063435,0.333333316179932,FLOAT
"antagonistic_mixed_(1.5,4,2)",1.5,4,2,0.666666696730369,0.333333324245081,0.333333360598089,0.333333315156829,FLOAT
"antagonistic_mixed_(1.5,4,2)",1.5,4,2,0.666666698523499,0.333333323703019,0.333333362224278,0.333333314072703,FLOAT
"antagonistic_mixed_(1.5,4,2)",1.5,4,2,0.666666700423579,0.333333323128625,0.333333363947459,0.333333312923916,FLOAT
"antagonistic_mixed_(1.5,4,2)",1.5,4,2,0.666666702436989,0.333333322519972,0.333333365773419,0.333333311706609,FLOAT
"antagonistic_mixed_(1.5,4,2)",1.5,4,2,0.666666704570486,0.333333321875016,0.333333367708286,0.333333310416698,FLOAT
"antagonistic_mixed_(1.5,4,2)",1.5,4,2,0.666666706831235,0.333333321191592,0.333333369758558,0.33333330904985,FLOAT
"antagonistic_mixed_(1.5,4,2)",1.5,4,2,0.666666709226825,0.333333320467406,0.333333371931116,0.333333307601478,FLOAT
"antagonistic_mixed_(1.5,4,2)",1.5,4,2,0.666666711765299,0.333333319700027,0.333333374233255,0.333333306066718,FLOAT
"antagonistic_mixed_(1.5,4,2)",1.5,4,2,0.666666714455177,0.333333318886877,0.333333376672704,0.333333304440419,FLOAT
"antagonistic_mixed_(1.5,4,2)",1.5,4,2,0.666666717305492,0.333333318025228,0.333333379257652,0.33333330271712,FLOAT
"antagonistic_mixed_(1.5,4,2)",1.5,4,2,0.666666720325813,0.333333317112186,0.333333381996778,0.333333300891036,FLOAT
"antagonistic_mixed_(1.5,4,2)",1.5,4,2,0.666666723526278,0.333333316144687,0.333333384899276,0.333333298956037,FLOAT
"antagonistic_mixed_(1.5,4,2)",1.5,4,2,0.666666726917633,0.333333315119481,0.333333387974892,0.333333296905626,FLOAT
"antagonistic_mixed_(1.5,4,2)",1.5,4,2,0.666666730511263,0.333333314033129,0.333333391233951,0.33333329473292,FLOAT
"antagonistic_mixed_(1.5,4,2)",1.5,4,2,0.666666734319233,0.333333312881981,0.333333394687395,0.333333292430624,FLOAT
"antagonistic_mixed_(1.5,4,2)",1.5,4,2,0.666666738354327,0.333333311662174,0.333333398346817,0.333333289991009,FLOAT
"antagonistic_mixed_(1.5,4,2)",1.5,4,2,0.666666742630091,0.333333310369612,0.333333402224502,0.333333287405886,FLOAT
"antagonistic_mixed_(1.5,4,2)",1.5,4,2,0.66666674716088,0.333333308999957,0.333333406333469,0.333333284666574,FLOAT
"antagonistic_mixed_(1.5,4,2)",1.5,4,2,0.666666751961906,0.333333307548609,0.333333410687513,0.333333281763878,FLOAT
"antagonistic_mixed_(1.5,4,2)",1.5,4,2,0.666666757049286,0.333333306010697,0.33333341530125,0.333333278688053,FLOAT
"antagonistic_mixed_(1.5,4,2)",1.5,4,2,0.666666762440099,0.333333304381057,0.33333342019017,0.333333275428773,FLOAT
"antagonistic_mixed_(1.5,4,2)",1.5,4,2,0.666666768152444,0.333333302654219,0.333333425370687,0.333333271975094,FLOAT
"antagonistic_mixed_(1.5,4,2)",1.5,4,2,0.666666774205498,0.333333300824384,0.333333430860191,0.333333268315424,FLOAT
"antagonistic_mixed_(1.5,4,2)",1.5,4,2,0.666666780619582,0.333333298885411,0.333333436677114,0.333333264437476,FLOAT
"antagonistic_mixed_(1.5,4,2)",1.5,4,2,0.66666678741623,0.333333296830788,0.333333442840982,0.33333326032823,FLOAT
"antagonistic_mixed_(1.5,4,2)",1.5,4,2,0.66666679461826,0.33333329465362,0.333333449372489,0.333333255973891,FLOAT
"antagonistic_mixed_(1.5,4,2)",1.5,4,2,0.666666802249851,0.333333292346596,0.333333456293563,0.333333251359841,FLOAT
"antagonistic_mixed_(1.5,4,2)",1.5,4,2,0.666666810336623,0.333333289901971,0.33333346362744,0.333333246470589,FLOAT
"antagonistic_mixed_(1.5,4,2)",1.5,4,2,0.666666818905725,0.333333287311538,0.333333471398739,0.333333241289722,FLOAT
"antagonistic_mixed_(1.5,4,2)",1.5,4,2,0.666666827985925,0.333333284566602,0.333333479633553,0.333333235799846,FLOAT
"antagonistic_mixed_(1.5,4,2)",1.5,4,2,0.666666837607709,0.333333281657945,0.333333488359524,0.33333322998253,FLOAT
"antagonistic_mixed_(1.5,4,2)",1.5,4,2,0.666666847803377,0.333333278575804,0.33333349760595,0.333333223818245,FLOAT
"antagonistic_mixed_(1.5,4,2)",1.5,4,2,0.66666685860716,0.333333275309832,0.333333507403872,0.333333217286297,FLOAT
"antagonistic_mixed_(1.5,4,2)",1.5,4,2,0.666666870055327,0.333333271849063,0.333333517786182,0.333333210364755,FLOAT
"antagonistic_mixed_(1.5,4,2)",1.5,4,2,0.666666882186313,0.333333268181903,0.333333528787709,0.333333203030388,FLOAT
"antagonistic_mixed_(1.5,4,2)",1.5,4,2,0.666666895040844,0.333333264295996,0.33333354044544,0.333333195258564,FLOAT
"antagonistic_mixed_(1.5,4,2)",1.5,4,2,0.666666908662074,0.333333260178318,0.333333552798485,0.333333187023196,FLOAT
"antagonistic_mixed_(1.5,4,2)",1.5,4,2,0.666666923095735,0.333333255815046,0.333333565888317,0.333333178296638,FLOAT
"antagonistic_mixed_(1.5,4,2)",1.5,4,2,0.666666938390282,0.333333251191529,0.333333579758881,0.33333316904959,FLOAT
"antagonistic_mixed_(1.5,4,2)",1.5,4,2,0.666666954597062,0.333333246292248,0.333333594456741,0.333333159251011,FLOAT
"antagonistic_mixed_(1.5,4,2)",1.5,4,2,0.666666971770485,0.333333241100754,0.333333610031243,0.333333148868004,FLOAT
"antagonistic_mixed_(1.5,4,2)",1.5,4,2,0.666666989968206,0.333333235599618,0.333333626534671,0.333333137865712,FLOAT
"antagonistic_mixed_(1.5,4,2)",1.5,4,2,0.666667009251318,0.333333229770373,0.33333364402243,0.333333126207197,FLOAT
"antagonistic_mixed_(1.5,4,2)",1.5,4,2,0.666667029684559,0.333333223593448,0.33333366255323,0.333333113853322,FLOAT
"antagonistic_mixed_(1.5,4,2)",1.5,4,2,0.666667051336528,0.333333217048108,0.333333682189281,0.333333100762611,FLOAT
"antagonistic_mixed_(1.5,4,2)",1.5,4,2,0.666667074279914,0.333333210112378,0.333333702996504,0.333333086891118,FLOAT
"antagonistic_mixed_(1.5,4,2)",1.5,4,2,0.666667098591744,0.333333202762974,0.333333725044753,0.333333072192273,FLOAT
"antagonistic_mixed_(1.5,4,2)",1.5,4,2,0.666667124353638,0.333333194975223,0.333333748408047,0.33333305661673,FLOAT
"antagonistic_mixed_(1.5,4,2)",1.5,4,2,0.666667151652083,0.333333186722981,0.333333773164819,0.333333040112199,FLOAT
"antagonistic_mixed_(1.5,4,2)",1.5,4,2,0.666667180578726,0.333333177978545,0.333333799398182,0.333333022623273,FLOAT
"antagonistic_mixed_(1.5,4,2)",1.5,4,2,0.66666721123068,0.333333168712557,0.333333827196204,0.333333004091239,FLOAT
"antagonistic_mixed_(1.5,4,2)",1.5,4,2,0.66666724371085,0.333333158893912,0.333333856652207,0.333332984453881,FLOAT
"antagonistic_mixed_(1.5,4,2)",1.5,4,2,0.666667278128279,0.333333148489646,0.333333887865079,0.333332963645275,FLOAT
"antagonistic_mixed_(1.5,4,2)",1.5,4,2,0.666667314598514,0.333333137464832,0.333333920939604,0.333332941595564,FLOAT
"antagonistic_mixed_(1.5,4,2)",1.5,4,2,0.666667353243992,0.333333125782459,0.333333955986817,0.333332918230723,FLOAT
"antagonistic_mixed_(1.5,4,2)",1.5,4,2,0.666667394194455,0.333333113403308,0.333333993124377,0.333332893472315,FLOAT
"antagonistic_mixed_(1.5,4,2)",1.5,4,2,0.666667437587381,0.333333100285821,0.333334032476957,0.333332867237222,FLOAT
"antagonistic_mixed_(1.5,4,2)",1.5,4,2,0.666667483568452,0.333333086385962,0.333334074176667,0.333332839437371,FLOAT
"antagonistic_mixed_(1.5,4,2)",1.5,4,2,0.666667532292033,0.333333071657068,0.333334118363499,0.333332809979433,FLOAT
"antagonistic_mixed_(1.5,4,2)",1.5,4,2,0.666667583921701,0.333333056049694,0.333334165185789,0.333332778764517,FLOAT
"antagonistic_mixed_(1.5,4,2)",1.5,4,2,0.666667638630787,0.333333039511445,0.333334214800724,0.33333274568783,FLOAT
"antagonistic_mixed_(1.5,4,2)",1.5,4,2,0.666667696602962,0.333333021986802,0.333334267374865,0.333332710638333,FLOAT
"antagonistic_mixed_(1.5,4,2)",1.5,4,2,0.66666775803285,0.333333003416935,0.333334323084706,0.33333267349836,FLOAT
"antagonistic_mixed_(1.5,4,2)",1.5,4,2,0.666667823126684,0.333332983739504,0.333334382117267,0.33333263414323,FLOAT
"antagonistic_mixed_(1.5,4,2)",1.5,4,2,0.666667892102997,0.333332962888452,0.333334444670722,0.333332592440826,FLOAT
"antagonistic_mixed_(1.5,4,2)",1.5,4,2,0.666667965193359,0.333332940793783,0.333334510955067,0.33333254825115,FLOAT
"antagonistic_mixed_(1.5,4,2)",1.5,4,2,0.666668042643148,0.333332917381325,0.333334581192817,0.333332501425857,FLOAT
"antagonistic_mixed_(1.5,4,2)",1.5,4,2,0.66666812471238,0.333332892572485,0.333334655619762,0.333332451807752,FLOAT
"antagonistic_mixed_(1.5,4,2)",1.5,4,2,0.666668211676578,0.333332866283981,0.333334734485753,0.333332399230266,FLOAT
"antagonistic_mixed_(1.5,4,2)",1.5,4,2,0.666668303827701,0.333332838427564,0.33333481805554,0.333332343516896,FLOAT
"antagonistic_mixed_(1.5,4,2)",1.5,4,2,0.666668401475117,0.333332808909723,0.333334906609664,0.333332284480613,FLOAT
"antagonistic_mixed_(1.5,4,2)",1.5,4,2,0.666668504946651,0.333332777631371,0.333335000445397,0.333332221923232,FLOAT
"antagonistic_mixed_(1.5,4,2)",1.5,4,2,0.666668614589678,0.333332744487509,0.33333509987774,0.33333215563475,FLOAT
"antagonistic_mixed_(1.5,4,2)",1.5,4,2,0.666668730772293,0.33333270936688,0.33333520524048,0.33333208539264,FLOAT
"antagonistic_mixed_(1.5,4,2)",1.5,4,2,0.666668853884545,0.33333267215159,0.333335316887307,0.333332010961103,FLOAT
"antagonistic_mixed_(1.5,4,2)",1.5,4,2,0.666668984339748,0.333332632716714,0.333335435193008,0.333331932090278,FLOAT
"antagonistic_mixed_(1.5,4,2)",1.5,4,2,0.666669122575868,0.33333259092988,0.333335560554718,0.333331848515403,FLOAT
"antagonistic_mixed_(1.5,4,2)",1.5,4,2,0.666669269056992,0.333332546650818,0.333335693393257,0.333331759955925,FLOAT
"antagonistic_mixed_(1.5,4,2)",1.5,4,2,0.666669424274889,0.333332499730897,0.33333583415454,0.333331666114563,FLOAT
"antagonistic_mixed_(1.5,4,2)",1.5,4,2,0.666669588750657,0.333332450012621,0.333335983311074,0.333331566676304,FLOAT
"antagonistic_mixed_(1.5,4,2)",1.5,4,2,0.666669763036477,0.333332397329104,0.333336141363544,0.333331461307352,FLOAT
"antagonistic_mixed_(1.5,4,2)",1.5,4,2,0.666669947717462,0.333332341503506,0.333336308842491,0.333331349654003,FLOAT
"antagonistic_mixed_(1.5,4,2)",1.5,4,2,0.666670143413626,0.333332282348443,0.333336486310095,0.333331231341462,FLOAT
"antagonistic_mixed_(1.5,4,2)",1.5,4,2,0.666670350781961,0.333332219665359,0.33333667436206,0.33333110597258,FLOAT
"antagonistic_mixed_(1.5,4,2)",1.5,4,2,0.666670570518648,0.333332153243858,0.333336873629612,0.33333097312653,FLOAT
"antagonistic_mixed_(1.5,4,2)",1.5,4,2,0.666670803361388,0.333332082860997,0.333337084781616,0.333330832357387,FLOAT
"antagonistic_mixed_(1.5,4,2)",1.5,4,2,0.666671050091883,0.333332008280541,0.333337308526825,0.333330683192634,FLOAT
"antagonistic_mixed_(1.5,4,2)",1.5,4,2,0.66667131153846,0.333331929252171,0.33333754561625,0.333330525131579,FLOAT
"antagonistic_mixed_(1.5,4,2)",1.5,4,2,0.666671588578849,0.33333184551064,0.333337796845685,0.333330357643675,FLOAT
"antagonistic_mixed_(1.5,4,2)",1.5,4,2,0.666671882143135,0.33333175677489,0.333338063058375,0.333330180166735,FLOAT
"antagonistic_mixed_(1.5,4,2)",1.5,4,2,0.666672193216873,0.333331662747103,0.333338345147843,0.333329992105054,FLOAT
"antagonistic_mixed_(1.5,4,2)",1.5,4,2,0.666672522844405,0.333331563111706,0.333338644060889,0.333329792827405,FLOAT
"antagonistic_mixed_(1.5,4,2)",1.5,4,2,0.666672872132358,0.333331457534314,0.333338960800766,0.333329581664921,FLOAT
"antagonistic_mixed_(1.5,4,2)",1.5,4,2,0.666673242253367,0.333331345660604,0.333339296430539,0.333329357908857,FLOAT
"antagonistic_mixed_(1.5,4,2)",1.5,4,2,0.666673634450005,0.333331227115133,0.333339652076658,0.333329120808208,FLOAT
"antagonistic_mixed_(1.5,4,2)",1.5,4,2,0.66667405003896,0.333331101500075,0.333340028932731,0.333328869567194,FLOAT
"antagonistic_mixed_(1.5,4,2)",1.5,4,2,0.66667449041545,0.33333096839389,0.333340428263524,0.333328603342586,FLOAT
"antagonistic_mixed_(1.5,4,2)",1.5,4,2,0.666674957057912,0.33333082734991,0.333340851409205,0.333328321240885,FLOAT
"antagonistic_mixed_(1.5,4,2)",1.5,4,2,0.666675451532965,0.333330677894841,0.33334129978984,0.333328022315319,FLOAT
"antagonistic_mixed_(1.5,4,2)",1.5,4,2,0.666675975500663,0.333330519527181,0.333341774910143,0.333327705562676,FLOAT
"antagonistic_mixed_(1.5,4,2)",1.5,4,2,0.666676530720078,0.333330351715536,0.333342278364531,0.333327369919934,FLOAT
"antagonistic_mixed_(1.5,4,2)",1.5,4,2,0.666677119055197,0.333330173896839,0.33334281184246,0.3333270142607,FLOAT
"antagonistic_mixed_(1.5,4,2)",1.5,4,2,0.666677742481186,0.33332998547447,0.333343377134092,0.333326637391438,FLOAT
"antagonistic_mixed_(1.5,4,2)",1.5,4,2,0.666678403091018,0.333329785816249,0.333343976136291,0.33332623804746,FLOAT
"antagonistic_mixed_(1.5,4,2)",1.5,4,2,0.666679103102497,0.333329574252326,0.333344610858978,0.333325814888697,FLOAT
"antagonistic_mixed_(1.5,4,2)",1.5,4,2,0.666679844865711,0.333329350072935,0.333345283431866,0.3333253664952,FLOAT
"antagonistic_mixed_(1.5,4,2)",1.5,4,2,0.666680630870915,0.333329112526018,0.333345996111594,0.333324891362388,FLOAT
"antagonistic_mixed_(1.5,4,2)",1.5,4,2,0.666681463756893,0.333328860814709,0.333346751289286,0.333324387896004,FLOAT
"antagonistic_mixed_(1.5,4,2)",1.5,4,2,0.666682346319819,0.333328594094667,0.333347551498555,0.333323854406778,FLOAT
"antagonistic_mixed_(1.5,4,2)",1.5,4,2,0.666683281522644,0.333328311471248,0.333348399423989,0.333323289104763,FLOAT
"antagonistic_mixed_(1.5,4,2)",1.5,4,2,0.666684272505039,0.333328011996516,0.33334929791014,0.333322690093344,FLOAT
"antagonistic_mixed_(1.5,4,2)",1.5,4,2,0.666685322593942,0.333327694666069,0.333350249971042,0.333322055362889,FLOAT
"antagonistic_mixed_(1.5,4,2)",1.5,4,2,0.666686435314721,0.333327358415686,0.333351258800298,0.333321382784016,FLOAT
"antagonistic_mixed_(1.5,4,2)",1.5,4,2,0.666687614403016,0.333327002117762,0.333352327781769,0.333320670100469,FLOAT
"antagonistic_mixed_(1.5,4,2)",1.5,4,2,0.666688863817274,0.333326624577544,0.333353460500893,0.333319914921563,FLOAT
"antagonistic_mixed_(1.5,4,2)",1.5,4,2,0.666690187752041,0.333326224529137,0.333354660756674,0.333319114714189,FLOAT
"antagonistic_mixed_(1.5,4,2)",1.5,4,2,0.666691590652045,0.333325800631279,0.333355932574388,0.333318266794333,FLOAT
"antagonistic_mixed_(1.5,4,2)",1.5,4,2,0.666693077227118,0.333325351462856,0.333357280219041,0.333317368318103,FLOAT
"antagonistic_mixed_(1.5,4,2)",1.5,4,2,0.666694652468004,0.333324875518163,0.333358708209621,0.333316416272216,FLOAT
"antagonistic_mixed_(1.5,4,2)",1.5,4,2,0.66669632166312,0.333324371201877,0.333360221334199,0.333315407463924,FLOAT
"antagonistic_mixed_(1.5,4,2)",1.5,4,2,0.666698090416304,0.333323836823734,0.333361824665924,0.333314338510342,FLOAT
"antagonistic_mixed_(1.5,4,2)",1.5,4,2,0.666699964665634,0.333323270592897,0.333363523579961,0.333313205827142,FLOAT
"antagonistic_mixed_(1.5,4,2)",1.5,4,2,0.66670195070336,0.333322670611979,0.33336532377144,0.333312005616582,FLOAT
"antagonistic_mixed_(1.5,4,2)",1.5,4,2,0.666704055197027,0.333322034870728,0.333367231274455,0.333310733854816,FLOAT
"antagonistic_mixed_(1.5,4,2)",1.5,4,2,0.666706285211866,0.33332136123933,0.333369252482204,0.333309386278466,FLOAT
"antagonistic_mixed_(1.5,4,2)",1.5,4,2,0.666708648234505,0.333320647461316,0.333371394168298,0.333307958370386,FLOAT
"antagonistic_mixed_(1.5,4,2)",1.5,4,2,0.666711152198109,0.333319891146058,0.333373663509347,0.333306445344595,FLOAT
"antagonistic_mixed_(1.5,4,2)",1.5,4,2,0.666713805509012,0.333319089760817,0.333376068108873,0.33330484213031,FLOAT
"antagonistic_mixed_(1.5,4,2)",1.5,4,2,0.666716617074936,0.333318240622328,0.333378616022628,0.333303143355043,FLOAT
"antagonistic_mixed_(1.5,4,2)",1.5,4,2,0.6667195963349,0.333317340887885,0.333381315785418,0.333301343326697,FLOAT
"antagonistic_mixed_(1.5,4,2)",1.5,4,2,0.666722753290909,0.333316387545904,0.333384176439495,0.3332994360146,FLOAT
"antagonistic_mixed_(1.5,4,2)",1.5,4,2,0.666726098541527,0.333315377405941,0.333387207564629,0.333297415029431,FLOAT
"antagonistic_mixed_(1.5,4,2)",1.5,4,2,0.666729643317467,0.333314307088104,0.333390419309945,0.333295273601951,FLOAT
"antagonistic_mixed_(1.5,4,2)",1.5,4,2,0.666733399519287,0.333313173011871,0.333393822427639,0.33329300456049,FLOAT
"antagonistic_mixed_(1.5,4,2)",1.5,4,2,0.666737379757347,0.333311971384231,0.333397428308663,0.333290600307107,FLOAT
"antagonistic_mixed_(1.5,4,2)",1.5,4,2,0.666741597394146,0.333310698187146,0.333401249020514,0.33328805279234,FLOAT
"antagonistic_mixed_(1.5,4,2)",1.5,4,2,0.666746066589179,0.333309349164279,0.333405297347235,0.333285353488486,FLOAT
"antagonistic_mixed_(1.5,4,2)",1.5,4,2,0.666750802346474,0.333307919806938,0.333409586831761,0.333282493361301,FLOAT
"antagonistic_mixed_(1.5,4,2)",1.5,4,2,0.666755820564966,0.333306405339221,0.333414131820738,0.333279462840041,FLOAT
"antagonistic_mixed_(1.5,4,2)",1.5,4,2,0.666761138091871,0.333304800702279,0.333418947511965,0.333276251785756,FLOAT
"antagonistic_mixed_(1.5,4,2)",1.5,4,2,0.666766772779247,0.333303100537677,0.333424050004606,0.333272849457717,FLOAT
"antagonistic_mixed_(1.5,4,2)",1.5,4,2,0.666772743543927,0.333301299169787,0.333429456352324,0.333269244477889,FLOAT
"antagonistic_mixed_(1.5,4,2)",1.5,4,2,0.666779070431024,0.333299390587163,0.333435184619514,0.333265424793323,FLOAT
"antagonistic_mixed_(1.5,4,2)",1.5,4,2,0.666785774681232,0.333297368422846,0.333441253940798,0.333261377636356,FLOAT
"antagonistic_mixed_(1.5,4,2)",1.5,4,2,0.666792878802131,0.333295225933524,0.333447684583979,0.333257089482497,FLOAT
"antagonistic_mixed_(1.5,4,2)",1.5,4,2,0.66680040664375,0.333292955977507,0.333454498016634,0.333252546005859,FLOAT
"antagonistic_mixed_(1.5,4,2)",1.5,4,2,0.666808383478639,0.33329055099143,0.333461716976568,0.333247732032002,FLOAT
"antagonistic_mixed_(1.5,4,2)",1.5,4,2,0.666816836086713,0.333288002965625,0.333469365546328,0.333242631488047,FLOAT
"antagonistic_mixed_(1.5,4,2)",1.5,4,2,0.666825792845157,0.33328530341809,0.333477469232008,0.333237227349902,FLOAT
"antagonistic_mixed_(1.5,4,2)",1.5,4,2,0.666835283823696,0.333282443366981,0.333486055046589,0.333231501586431,FLOAT
"antagonistic_mixed_(1.5,4,2)",1.5,4,2,0.666845340885544,0.333279413301529,0.333495151598056,0.333225435100415,FLOAT
"antagonistic_mixed_(1.5,4,2)",1.5,4,2,0.666855997794376,0.333276203151331,0.333504789182558,0.333219007666111,FLOAT
"antagonistic_mixed_(1.5,4,2)",1.5,4,2,0.666867290327678,0.333272802253895,0.333514999882878,0.333212197863227,FLOAT
"antagonistic_mixed_(1.5,4,2)",1.5,4,2,0.666879256396864,0.333269199320372,0.333525817672516,0.333204983007113,FLOAT
"antagonistic_mixed_(1.5,4,2)",1.5,4,2,0.666891936174548,0.333265382399364,0.33353727852567,0.333197339074966,FLOAT
"antagonistic_mixed_(1.5,4,2)",1.5,4,2,0.666905372229415,0.333261338838724,0.333549420533444,0.333189240627832,FLOAT
"antagonistic_mixed_(1.5,4,2)",1.5,4,2,0.666919609669129,0.333257055245222,0.333562284026603,0.333180660728175,FLOAT
"antagonistic_mixed_(1.5,4,2)",1.5,4,2,0.666934696291775,0.333252517442,0.333575911705226,0.333171570852774,FLOAT
"antagonistic_mixed_(1.5,4,2)",1.5,4,2,0.666950682746323,0.333247710423679,0.333590348775619,0.333161940800702,FLOAT
"antagonistic_mixed_(1.5,4,2)",1.5,4,2,0.666967622702667,0.333242618309013,0.333605643094852,0.333151738596135,FLOAT
"antagonistic_mixed_(1.5,4,2)",1.5,4,2,0.666985573031808,0.333237224290971,0.333621845323329,0.3331409303857,FLOAT
"antagonistic_mixed_(1.5,4,2)",1.5,4,2,0.667004593996783,0.333231510584124,0.333639009085777,0.333129480330099,FLOAT
"antagonistic_mixed_(1.5,4,2)",1.5,4,2,0.667024749454976,0.333225458369202,0.333657191141098,0.3331173504897,FLOAT
"antagonistic_mixed_(1.5,4,2)",1.5,4,2,0.667046107072505,0.333219047734699,0.333676451561502,0.333104500703799,FLOAT
"antagonistic_mixed_(1.5,4,2)",1.5,4,2,0.667068738551391,0.333212257615389,0.33369685392139,0.333090888463221,FLOAT
"antagonistic_mixed_(1.5,4,2)",1.5,4,2,0.667092719870275,0.333205065727613,0.333718465496445,0.333076468775942,FLOAT
"antagonistic_mixed_(1.5,4,2)",1.5,4,2,0.667118131539495,0.333197448501195,0.333741357473422,0.333061194025383,FLOAT
"antagonistic_mixed_(1.5,4,2)",1.5,4,2,0.667145058871377,0.333189381007854,0.333765605171136,0.33304501382101,FLOAT
"antagonistic_mixed_(1.5,4,2)",1.5,4,2,0.667173592266644,0.333180836885955,0.333791288273143,0.333027874840902,FLOAT
"antagonistic_mixed_(1.5,4,2)",1.5,4,2,0.667203827517915,0.333171788261462,0.333818491072667,0.33300972066587,FLOAT
"antagonistic_mixed_(1.5,4,2)",1.5,4,2,0.667235866131295,0.333162205664946,0.333847302730274,0.33299049160478,FLOAT
"antagonistic_mixed_(1.5,4,2)",1.5,4,2,0.667269815667157,0.333152057944494,0.333877817544861,0.332970124510645,FLOAT
"antagonistic_mixed_(1.5,4,2)",1.5,4,2,0.667305790101244,0.333141312174381,0.333910135238467,0.332948552587151,FLOAT
"antagonistic_mixed_(1.5,4,2)",1.5,4,2,0.667343910207308,0.333129933559413,0.333944361255666,0.332925705184921,FLOAT
"antagonistic_mixed_(1.5,4,2)",1.5,4,2,0.667384303962572,0.33311788533465,0.333980607077606,0.332901507587744,FLOAT
"antagonistic_mixed_(1.5,4,2)",1.5,4,2,0.667427106977381,0.333105128660594,0.334018990551888,0.332875880787518,FLOAT
"antagonistic_mixed_(1.5,4,2)",1.5,4,2,0.66747246295047,0.333091622513549,0.334059636238385,0.332848741248065,FLOAT
"antagonistic_mixed_(1.5,4,2)",1.5,4,2,0.667520524151393,0.333077323571118,0.334102675771706,0.332820000657176,FLOAT
"antagonistic_mixed_(1.5,4,2)",1.5,4,2,0.667571451931725,0.333062186092707,0.33414824824082,0.332789565666473,FLOAT
"antagonistic_mixed_(1.5,4,2)",1.5,4,2,0.667625417266748,0.333046161794967,0.334196500586342,0.332757337618691,FLOAT
"antagonistic_mixed_(1.5,4,2)",1.5,4,2,0.66768260132946,0.333029199722087,0.334247588015977,0.332723212261936,FLOAT
"antagonistic_mixed_(1.5,4,2)",1.5,4,2,0.667743196098802,0.333011246110902,0.334301674438543,0.332687079450555,FLOAT
"antagonistic_mixed_(1.5,4,2)",1.5,4,2,0.667807405004176,0.332992244250786,0.33435893291702,0.332648822832193,FLOAT
"antagonistic_mixed_(1.5,4,2)",1.5,4,2,0.667875443608401,0.332972134338333,0.334419546140947,0.33260831952072,FLOAT
"antagonistic_mixed_(1.5,4,2)",1.5,4,2,0.667947540331402,0.332950853326866,0.334483706918476,0.332565439754657,FLOAT
"antagonistic_mixed_(1.5,4,2)",1.5,4,2,0.668023937217061,0.332928334770856,0.334551618688308,0.332520046540836,FLOAT
"antagonistic_mixed_(1.5,4,2)",1.5,4,2,0.668104890745814,0.33290450866535,0.334623496051625,0.332471995283024,FLOAT
"antagonistic_mixed_(1.5,4,2)",1.5,4,2,0.668190672695706,0.332879301280604,0.334699565324075,0.33242113339532,FLOAT
"antagonistic_mixed_(1.5,4,2)",1.5,4,2,0.66828157105481,0.332852634992124,0.334780065107699,0.332367299900177,FLOAT
"antagonistic_mixed_(1.5,4,2)",1.5,4,2,0.668377890988062,0.332824428106418,0.334865246882589,0.332310325010993,FLOAT
"antagonistic_mixed_(1.5,4,2)",1.5,4,2,0.668479955861763,0.33279459468281,0.334955375617912,0.332250029699279,FLOAT
"antagonistic_mixed_(1.5,4,2)",1.5,4,2,0.668588108329191,0.332763044351758,0.335050730401718,0.332186225246523,FLOAT
"antagonistic_mixed_(1.5,4,2)",1.5,4,2,0.668702711480957,0.332729682130212,0.335151605088813,0.332118712780974,FLOAT
"antagonistic_mixed_(1.5,4,2)",1.5,4,2,0.668824150063978,0.332694408234619,0.335258308965694,0.332047282799688,FLOAT
"antagonistic_mixed_(1.5,4,2)",1.5,4,2,0.668952831773153,0.332657117892324,0.335371167431335,0.331971714676341,FLOAT
"antagonistic_mixed_(1.5,4,2)",1.5,4,2,0.669089188620082,0.332617701152223,0.335490522692312,0.331891776155464,FLOAT
"antagonistic_mixed_(1.5,4,2)",1.5,4,2,0.669233678383419,0.332576042695628,0.335616734470449,0.331807222833923,FLOAT
"antagonistic_mixed_(1.5,4,2)",1.5,4,2,0.669386786145729,0.332532021648485,0.335750180720814,0.331717797630701,FLOAT
"antagonistic_mixed_(1.5,4,2)",1.5,4,2,0.669549025922018,0.332485511396219,0.335891258357548,0.331623230246234,FLOAT
"antagonistic_mixed_(1.5,4,2)",1.5,4,2,0.669720942385384,0.332436379402633,0.336040383984542,0.331523236612824,FLOAT
"antagonistic_mixed_(1.5,4,2)",1.5,4,2,0.669903112695601,0.332384487034491,0.336197994627589,0.33141751833792,FLOAT
"antagonistic_mixed_(1.5,4,2)",1.5,4,2,0.670096148436769,0.332329689393572,0.33636454846408,0.331305762142348,FLOAT
"antagonistic_mixed_(1.5,4,2)",1.5,4,2,0.670300697670525,0.332271835158209,0.336540525545853,0.331187639295938,FLOAT
"antagonistic_mixed_(1.5,4,2)",1.5,4,2,0.670517447111728,0.332210766436512,0.336726428510177,0.331062805053311,FLOAT
"antagonistic_mixed_(1.5,4,2)",1.5,4,2,0.670747124433902,0.332146318633703,0.33692278327328,0.330930898093017,FLOAT
"antagonistic_mixed_(1.5,4,2)",1.5,4,2,0.67099050071219,0.332078320336211,0.337130139700177,0.330791539963612,FLOAT
"antagonistic_mixed_(1.5,4,2)",1.5,4,2,0.671248393012015,0.332006593215398,0.337349072243867,0.330644334540734,FLOAT
"antagonistic_mixed_(1.5,4,2)",1.5,4,2,0.671521667132144,0.331930951954032,0.33758018054627,0.330488867499699,FLOAT
"antagonistic_mixed_(1.5,4,2)",1.5,4,2,0.671811240511352,0.33185120419882,0.337824089992515,0.330324705808664,FLOAT
"antagonistic_mixed_(1.5,4,2)",1.5,4,2,0.67211808530846,0.331767150542593,0.338081452209454,0.330151397247953,FLOAT
"antagonistic_mixed_(1.5,4,2)",1.5,4,2,0.672443231666078,0.331678584539861,0.338352945498471,0.329968469961668,FLOAT
"antagonistic_mixed_(1.5,4,2)",1.5,4,2,0.672787771169006,0.331585292759758,0.338639275191893,0.329775432048349,FLOAT
"antagonistic_mixed_(1.5,4,2)",1.5,4,2,0.673152860508921,0.331487054880457,0.338941173921528,0.329571771198015,FLOAT
"antagonistic_mixed_(1.5,4,2)",1.5,4,2,0.673539725367628,0.33138364382938,0.339259401787073,0.329356954383547,FLOAT
"antagonistic_mixed_(1.5,4,2)",1.5,4,2,0.673949664531935,0.331274825973552,0.339594746411441,0.329130427615006,FLOAT
"antagonistic_mixed_(1.5,4,2)",1.5,4,2,0.674384054253956,0.331160361364546,0.339948022869334,0.32889161576612,FLOAT
"antagonistic_mixed_(1.5,4,2)",1.5,4,2,0.674844352871474,0.331040004042446,0.340320073474806,0.328639922482748,FLOAT
"antagonistic_mixed_(1.5,4,2)",1.5,4,2,0.675332105703892,0.330913502403188,0.340711767413017,0.328374730183795,FLOAT
"antagonistic_mixed_(1.5,4,2)",1.5,4,2,0.675848950240194,0.330780599633474,0.341124000200967,0.328095400165559,FLOAT
"antagonistic_mixed_(1.5,4,2)",1.5,4,2,0.676396621636343,0.330641034217209,0.341557692961721,0.32780127282107,FLOAT
"antagonistic_mixed_(1.5,4,2)",1.5,4,2,0.676976958540561,0.330494540517073,0.342013791496509,0.327491667986418,FLOAT
"antagonistic_mixed_(1.5,4,2)",1.5,4,2,0.677591909266059,0.330340849434332,0.342493265139178,0.327165885426489,FLOAT
"antagonistic_mixed_(1.5,4,2)",1.5,4,2,0.67824353833194,0.330179689149434,0.342997105377726,0.32682320547284,FLOAT
"antagonistic_mixed_(1.5,4,2)",1.5,4,2,0.678934033394218,0.330010785945164,0.343526324228196,0.32646288982664,FLOAT
"antagonistic_mixed_(1.5,4,2)",1.5,4,2,0.679665712590243,0.329833865113264,0.344081952347018,0.326084182539718,FLOAT
"antagonistic_mixed_(1.5,4,2)",1.5,4,2,0.680441032321174,0.329648651944374,0.344665036868927,0.325686311186699,FLOAT
"antagonistic_mixed_(1.5,4,2)",1.5,4,2,0.681262595498641,0.329454872799959,0.345276638959042,0.325268488240999,FLOAT
"antagonistic_mixed_(1.5,4,2)",1.5,4,2,0.68213316028326,0.329252256263532,0.345917831069366,0.324829912667102,FLOAT
"antagonistic_mixed_(1.5,4,2)",1.5,4,2,0.683055649344363,0.329040534366973,0.346589693892053,0.324369771740974,FLOAT
"antagonistic_mixed_(1.5,4,2)",1.5,4,2,0.684033159672015,0.32881944388613,0.347293313004147,0.323887243109724,FLOAT
"antagonistic_mixed_(1.5,4,2)",1.5,4,2,0.68506897297426,0.328588727698078,0.348029775201264,0.323381497100658,FLOAT
"antagonistic_mixed_(1.5,4,2)",1.5,4,2,0.686166566694507,0.32834813619062,0.348800164520637,0.322851699288743,FLOAT
"antagonistic_mixed_(1.5,4,2)",1.5,4,2,0.687329625686041,0.328097428712632,0.349605557957284,0.322297013330085,FLOAT
"antagonistic_mixed_(1.5,4,2)",1.5,4,2,0.68856205458285,0.327836375051956,0.350447020880555,0.321716604067489,FLOAT
"antagonistic_mixed_(1.5,4,2)",1.5,4,2,0.689867990908302,0.327564756925638,0.351325602161972,0.32110964091239,FLOAT
"antagonistic_mixed_(1.5,4,2)",1.5,4,2,0.691251818965688,0.327282369465456,0.352242329029047,0.320475301505497,FLOAT
"antagonistic_mixed_(1.5,4,2)",1.5,4,2,0.692718184557244,0.326989022680069,0.35319820166349,0.319812775656441,FLOAT
"antagonistic_mixed_(1.5,4,2)",1.5,4,2,0.694272010581095,0.326684542873665,0.354194187565845,0.31912126956049,FLOAT
"antagonistic_mixed_(1.5,4,2)",1.5,4,2,0.695918513558455,0.326368773999908,0.355231215711935,0.318400010288157,FLOAT
"antagonistic_mixed_(1.5,4,2)",1.5,4,2,0.697663221146592,0.326041578929268,0.35631017052946,0.317648250541272,FLOAT
"antagonistic_mixed_(1.5,4,2)",1.5,4,2,0.699511990696333,0.325702840607665,0.357431885725486,0.316865273666849,FLOAT
"antagonistic_mixed_(1.5,4,2)",1.5,4,2,0.701471028916427,0.325352463084755,0.358597137997186,0.316050398918059,FLOAT
"antagonistic_mixed_(1.5,4,2)",1.5,4,2,0.703546912710775,0.324990372391326,0.359806640658936,0.315202986949738,FLOAT
"antagonistic_mixed_(1.5,4,2)",1.5,4,2,0.705746611258478,0.324616517247182,0.3610610372184,0.314322445534419,FLOAT
"antagonistic_mixed_(1.5,4,2)",1.5,4,2,0.708077509410841,0.324230869583733,0.362360894932438,0.313408235483829,FLOAT
"antagonistic_mixed_(1.5,4,2)",1.5,4,2,0.710547432483875,0.323833424869336,0.363706698370246,0.312459876760419,FLOAT
"antagonistic_mixed_(1.5,4,2)",1.5,4,2,0.713164672529529,0.323424202230058,0.365098843005961,0.311476954763981,FLOAT
"antagonistic_mixed_(1.5,4,2)",1.5,4,2,0.715938016173855,0.323003244365274,0.366537628855061,0.310459126779665,FLOAT
"antagonistic_mixed_(1.5,4,2)",1.5,4,2,0.718876774115565,0.322570617263621,0.368023254159635,0.309406128576744,FLOAT
"antagonistic_mixed_(1.5,4,2)",1.5,4,2,0.721990812384003,0.322126409734461,0.369555809114031,0.308317781151508,FLOAT
"antagonistic_mixed_(1.5,4,2)",1.5,4,2,0.725290585461487,0.321670732779313,0.37113526960654,0.307193997614147,FLOAT
"antagonistic_mixed_(1.5,4,2)",1.5,4,2,0.728787171381207,0.32120371883932,0.3727614909325,0.306034790228179,FLOAT
"antagonistic_mixed_(1.5,4,2)",1.5,4,2,0.732492308918514,0.32072552096783,0.374434201409365,0.304840277622805,FLOAT
"antagonistic_mixed_(1.5,4,2)",1.5,4,2,0.736418437000464,0.320236311991987,0.376152995793853,0.30361069221416,FLOAT
"antagonistic_mixed_(1.5,4,2)",1.5,4,2,0.740578736465914,0.319736283744127,0.377917328364065,0.302346387891808,FLOAT
"antagonistic_mixed_(1.5,4,2)",1.5,4,2,0.744987174316374,0.31922564646309,0.379726505483779,0.301047848053131,FLOAT
"antagonistic_mixed_(1.5,4,2)",1.5,4,2,0.749658550606174,0.318704628487896,0.381579677409946,0.299715694102158,FLOAT
"antagonistic_mixed_(1.5,4,2)",1.5,4,2,0.754608548129361,0.318173476392295,0.38347582903483,0.298350694572875,FLOAT
"antagonistic_mixed_(1.5,4,2)",1.5,4,2,0.759853785070145,0.317632455739671,0.385413769167453,0.296953775092876,FLOAT
"antagonistic_mixed_(1.5,4,2)",1.5,4,2,0.765411870793641,0.31708185267513,0.387392117849902,0.295526029474968,FLOAT
"antagonistic_mixed_(1.5,4,2)",1.5,4,2,0.771301464964215,0.31652197661758,0.389409291065621,0.294068732316799,FLOAT
"antagonistic_mixed_(1.5,4,2)",1.5,4,2,0.777542340189913,0.315953164372105,0.391463482019604,0.292583353608291,FLOAT
"antagonistic_mixed_(1.5,4,2)",1.5,4,2,0.784155448403264,0.315375786056306,0.393552637941315,0.291071576002379,FLOAT
"antagonistic_mixed_(1.5,4,2)",1.5,4,2,0.791162991201332,0.314790253328893,0.39567443106234,0.289535315608767,FLOAT
"antagonistic_mixed_(1.5,4,2)",1.5,4,2,0.798588494381158,0.314197030533936,0.397826222027158,0.287976747438906,FLOAT
"antagonistic_mixed_(1.5,4,2)",1.5,4,2,0.806456886920807,0.313596649538502,0.40000501347179,0.286398336989707,FLOAT
"antagonistic_mixed_(1.5,4,2)",1.5,4,2,0.814794584671205,0.312989729264781,0.40220739080228,0.28480287993294,FLOAT
"antagonistic_mixed_(1.5,4,2)",1.5,4,2,0.823629579039712,0.312377001218634,0.404429446251299,0.283193552530067,FLOAT
"antagonistic_mixed_(1.5,4,2)",1.5,4,2,0.83299153096317,0.311759342729985,0.406666680984625,0.28157397628539,FLOAT
"antagonistic_mixed_(1.5,4,2)",1.5,4,2,0.842911870485915,0.311137820191799,0.408913878219147,0.279948301589054,FLOAT
"antagonistic_mixed_(1.5,4,2)",1.5,4,2,0.853423902277057,0.310513745382233,0.411164937777959,0.278321316839808,FLOAT
"antagonistic_mixed_(1.5,4,2)",1.5,4,2,0.864562917441269,0.309888749079418,0.413412658911311,0.276698592009271,FLOAT
"antagonistic_mixed_(1.5,4,2)",1.5,4,2,0.876366311998457,0.3092648777817,0.415648453044151,0.275086669174149,FLOAT
"antagonistic_mixed_(1.5,4,2)",1.5,4,2,0.888873712430073,0.30864472165772,0.41786196058031,0.27349331776197,FLOAT
"antagonistic_mixed_(1.5,4,2)",1.5,4,2,0.9,0.308127005854649,0.419702176670592,0.272170817474759,FLOAT
"antagonistic_mixed_(1.5,4,2)",1.5,4,2,0.902127108713561,0.308031585226077,0.420040534750867,0.271927880023056,FLOAT
"antagonistic_mixed_(1.5,4,2)",1.5,4,2,0.912667383761716,0.307575323873676,0.421654728772735,0.270769947353589,FLOAT
"antagonistic_mixed_(1.5,4,2)",1.5,4,2,0.916170995291558,0.307429717261825,0.422168538730355,0.270401744007819,FLOAT
"antagonistic_mixed_(1.5,4,2)",1.5,4,2,0.923730141409766,0.307125778975982,0.423238909752002,0.269635311272016,FLOAT
"antagonistic_mixed_(1.5,4,2)",1.5,4,2,0.931052520449102,0.306844623941384,0.424226376557031,0.268928999501585,FLOAT
"antagonistic_mixed_(1.5,4,2)",1.5,4,2,0.933391537091908,0.306757561546821,0.424531621584491,0.268710816868688,FLOAT
"antagonistic_mixed_(1.5,4,2)",1.5,4,2,0.941829086706256,0.306454578504547,0.42559187938993,0.267953542105523,FLOAT
"antagonistic_mixed_(1.5,4,2)",1.5,4,2,0.946821644600358,0.306283500730895,0.426189138228211,0.267527361040894,FLOAT
"antagonistic_mixed_(1.5,4,2)",1.5,4,2,0.94919781953087,0.306204230218978,0.426465532393631,0.267330237387391,FLOAT
"antagonistic_mixed_(1.5,4,2)",1.5,4,2,0.955633126690214,0.305996562209888,0.427188542406347,0.266814895383764,FLOAT
"antagonistic_mixed_(1.5,4,2)",1.5,4,2,0.961253248795439,0.305823655411867,0.427789330300999,0.266387014287134,FLOAT
"antagonistic_mixed_(1.5,4,2)",1.5,4,2,0.963531308016255,0.305755836442704,0.428024675112612,0.266219488444684,FLOAT
"antagonistic_mixed_(1.5,4,2)",1.5,4,2,0.966161448465718,0.305679175506992,0.428290496979443,0.266030327513565,FLOAT
"antagonistic_mixed_(1.5,4,2)",1.5,4,2,0.970447907647971,0.305558032694633,0.428710110272132,0.265731857033235,FLOAT
"antagonistic_mixed_(1.5,4,2)",1.5,4,2,0.974191384595819,0.305456120777661,0.429062681879409,0.26548119734293,FLOAT
"antagonistic_mixed_(1.5,4,2)",1.5,4,2,0.977460660952652,0.30537011478445,0.429359917654341,0.265269967561209,FLOAT
"antagonistic_mixed_(1.5,4,2)",1.5,4,2,0.980315805527134,0.305297312704556,0.429611298936425,0.265091388359019,FLOAT
"antagonistic_mixed_(1.5,4,2)",1.5,4,2,0.981237608556118,0.305274271433739,0.429690816501846,0.265034912064414,FLOAT
"antagonistic_mixed_(1.5,4,2)",1.5,4,2,0.982809277981414,0.305235510989747,0.42982453604915,0.264939952961103,FLOAT
"antagonistic_mixed_(1.5,4,2)",1.5,4,2,0.984986892710918,0.305182906190113,0.430005923952718,0.264811169857168,FLOAT
"antagonistic_mixed_(1.5,4,2)",1.5,4,2,0.986888660625784,0.305138016978671,0.430160622356504,0.264701360664826,FLOAT
"antagonistic_mixed_(1.5,4,2)",1.5,4,2,0.988549524300617,0.305099622168259,0.430292877132531,0.26460750069921,FLOAT
"antagonistic_mixed_(1.5,4,2)",1.5,4,2,0.99,0.305066711319938,0.430406195893771,0.26452709278629,FLOAT
"antagonistic_mixed_(1.5,4,2)",1.5,4,2,0.991266738376172,0.305038445292011,0.430503487647365,0.264458067060624,FLOAT
"antagonistic_mixed_(1.5,4,2)",1.5,4,2,0.992373014140977,0.305014124652983,0.430587174205136,0.264398701141881,FLOAT
"antagonistic_mixed_(1.5,4,2)",1.5,4,2,0.993339153709191,0.304993164326274,0.430659279333686,0.26434755634004,FLOAT
"antagonistic_mixed_(1.5,4,2)",1.5,4,2,0.994182908670626,0.304975073181221,0.430721500317771,0.264303426501007,FLOAT
"antagonistic_mixed_(1.5,4,2)",1.5,4,2,0.994919781953087,0.304959437556628,0.430775265597374,0.264265296845997,FLOAT
"antagonistic_mixed_(1.5,4,2)",1.5,4,2,0.995563312669021,0.304945907916559,0.430821781350853,0.264232310732588,FLOAT
"antagonistic_mixed_(1.5,4,2)",1.5,4,2,0.996125324879544,0.304934188006103,0.43086206928204,0.264203742711857,FLOAT
"antagonistic_mixed_(1.5,4,2)",1.5,4,2,0.996616144846572,0.304924026007084,0.430896997388983,0.264178976603933,FLOAT
"antagonistic_mixed_(1.5,4,2)",1.5,4,2,0.997044790764797,0.304915207297882,0.430927305116303,0.264157487585815,FLOAT
"antagonistic_mixed_(1.5,4,2)",1.5,4,2,0.997419138459582,0.304907548503606,0.430953623998798,0.264138827497596,FLOAT
"antagonistic_mixed_(1.5,4,2)",1.5,4,2,0.997746066095265,0.304900892587517,0.4309764946732,0.264122612739283,FLOAT
"antagonistic_mixed_(1.5,4,2)",1.5,4,2,0.998031580552713,0.304895104785561,0.430996380953832,0.264108514260607,FLOAT
"antagonistic_mixed_(1.5,4,2)",1.5,4,2,0.998280927798141,0.304890069226056,0.43101368152562,0.264096249248324,FLOAT
"antagonistic_mixed_(1.5,4,2)",1.5,4,2,0.998498689271092,0.304885686108285,0.431028739695943,0.264085574195771,FLOAT
"antagonistic_mixed_(1.5,4,2)",1.5,4,2,0.998688866062578,0.304881869338809,0.431041851558572,0.264076279102619,FLOAT
"antagonistic_mixed_(1.5,4,2)",1.5,4,2,0.998854952430062,0.30487854454414,0.431053272853301,0.264068182602559,FLOAT
"antagonistic_mixed_(1.5,4,2)",1.5,4,2,0.999,0.30487564739412,0.431063224749785,0.264061127856095,FLOAT
"antagonistic_mixed_(1.5,4,2)",1.5,4,2,0.999126673837617,0.304873122182858,0.431071898740377,0.264054979076765,FLOAT
"antagonistic_mixed_(1.5,4,2)",1.5,4,2,0.999237301414098,0.304870920624002,0.431079460792039,0.264049618583959,FLOAT
"antagonistic_mixed_(1.5,4,2)",1.5,4,2,0.999333915370919,0.304869000825083,0.431086054879667,0.26404494429525,FLOAT
"antagonistic_mixed_(1.5,4,2)",1.5,4,2,0.999418290867063,0.304867326412019,0.43109180600102,0.264040867586961,FLOAT
"antagonistic_mixed_(1.5,4,2)",1.5,4,2,0.999491978195309,0.304865865780002,0.431096822755587,0.264037311464411,FLOAT
"antagonistic_mixed_(1.5,4,2)",1.5,4,2,0.999556331266902,0.304864591451108,0.431101199555425,0.264034208993468,FLOAT
"antagonistic_mixed_(1.5,4,2)",1.5,4,2,0.999612532487954,0.304863479522321,0.431105018524334,0.264031501953345,FLOAT
"antagonistic_mixed_(1.5,4,2)",1.5,4,2,0.999661614484657,0.304862509190388,0.431108351132326,0.264029139677286,FLOAT
"antagonistic_mixed_(1.5,4,2)",1.5,4,2,0.99970447907648,0.304861662342131,0.431111259604616,0.264027078053253,FLOAT
"antagonistic_mixed_(1.5,4,2)",1.5,4,2,0.999741913845958,0.304860923200696,0.431113798138055,0.264025278661249,FLOAT
"antagonistic_mixed_(1.5,4,2)",1.5,4,2,0.999774606609527,0.30486027801968,0.431116013952732,0.264023708027588,FLOAT
"antagonistic_mixed_(1.5,4,2)",1.5,4,2,0.999803158055271,0.304859714818356,0.431117948202169,0.264022336979476,FLOAT
"antagonistic_mixed_(1.5,4,2)",1.5,4,2,0.999828092779814,0.304859223152234,0.431119636761944,0.264021140085822,FLOAT
"antagonistic_mixed_(1.5,4,2)",1.5,4,2,0.999849868927109,0.304858793914054,0.431121110913658,0.264020095172288,FLOAT
"antagonistic_mixed_(1.5,4,2)",1.5,4,2,0.999868886606258,0.304858419161025,0.431122397938601,0.264019182900373,FLOAT
"antagonistic_mixed_(1.5,4,2)",1.5,4,2,0.999885495243006,0.304858091964757,0.43112352163344,0.264018386401803,FLOAT
"antagonistic_mixed_(1.5,4,2)",1.5,4,2,0.9999,0.304857806280802,0.43112450275846,0.264017690960738,FLOAT
"antagonistic_mixed_(1.5,4,2)",1.5,4,2,0.999912667383762,0.30485755683519,0.431125359427403,0.264017083737407,FLOAT
"antagonistic_mixed_(1.5,4,2)",1.5,4,2,0.99992373014141,0.304857339025688,0.431126107446694,0.264016553527618,FLOAT
"antagonistic_mixed_(1.5,4,2)",1.5,4,2,0.999933391537092,0.304857148835842,0.431126760610747,0.264016090553411,FLOAT
"antagonistic_mixed_(1.5,4,2)",1.5,4,2,0.999941829086706,0.30485698276011,0.431127330959148,0.264015686280742,FLOAT
"antagonistic_mixed_(1.5,4,2)",1.5,4,2,0.999949197819531,0.304856837738635,0.431127829000709,0.264015333260656,FLOAT
"antagonistic_mixed_(1.5,4,2)",1.5,4,2,0.99995563312669,0.304856711100407,0.431128263908723,0.26401502499087,FLOAT
"antagonistic_mixed_(1.5,4,2)",1.5,4,2,0.999961253248795,0.304856600513706,0.431128643691169,0.264014755795125,FLOAT
"antagonistic_mixed_(1.5,4,2)",1.5,4,2,0.999966161448466,0.304856503942905,0.431128975339106,0.26401452071799,FLOAT
"antagonistic_mixed_(1.5,4,2)",1.5,4,2,0.999970447907648,0.304856419610785,0.431129264956088,0.264014315433127,FLOAT
"antagonistic_mixed_(1.5,4,2)",1.5,4,2,0.999974191384596,0.304856345965678,0.431129517871045,0.264014136163278,FLOAT
"antagonistic_mixed_(1.5,4,2)",1.5,4,2,0.999977460660953,0.304856281652787,0.431129738736753,0.26401397961046,FLOAT
"antagonistic_mixed_(1.5,4,2)",1.5,4,2,0.999980315805527,0.304856225489181,0.431129931615753,0.264013842895066,FLOAT
"antagonistic_mixed_(1.5,4,2)",1.5,4,2,0.999982809277981,0.304856176441959,0.431130100055317,0.264013723502724,FLOAT
"antagonistic_mixed_(1.5,4,2)",1.5,4,2,0.999984986892711,0.304856133609206,0.431130247152874,0.26401361923792,FLOAT
"antagonistic_mixed_(1.5,4,2)",1.5,4,2,0.999986888660626,0.304856096203361,0.431130375613114,0.264013528183525,FLOAT
"antagonistic_mixed_(1.5,4,2)",1.5,4,2,0.999988549524301,0.304856063536712,0.431130487797824,0.264013448665464,FLOAT
"antagonistic_mixed_(1.5,4,2)",1.5,4,2,0.99999,0.304856035008724,0.431130585769395,0.264013379221881,FLOAT
"antagonistic_mixed_(1.5,4,2)",1.5,4,2,0.999991266738376,0.304856010094983,0.431130671328798,0.264013318576219,FLOAT
"antagonistic_mixed_(1.5,4,2)",1.5,4,2,0.999992373014141,0.30485598833754,0.431130746048741,0.264013265613719,FLOAT
"antagonistic_mixed_(1.5,4,2)",1.5,4,2,0.999993339153709,0.304855969336485,0.431130811302615,0.2640132193609,FLOAT
"antagonistic_mixed_(1.5,4,2)",1.5,4,2,0.999994182908671,0.304855952742586,0.431130868289761,0.264013178967652,FLOAT
"antagonistic_mixed_(1.5,4,2)",1.5,4,2,0.999994919781953,0.304855938250869,0.431130918057541,0.26401314369159,FLOAT
"antagonistic_mixed_(1.5,4,2)",1.5,4,2,0.999995563312669,0.304855925595001,0.431130961520598,0.264013112884401,FLOAT
"antagonistic_mixed_(1.5,4,2)",1.5,4,2,0.99999612532488,0.304855914542399,0.431130999477681,0.26401308597992,FLOAT
"antagonistic_mixed_(1.5,4,2)",1.5,4,2,0.999996616144847,0.304855904889946,0.431131032626335,0.264013062483719,FLOAT
"antagonistic_mixed_(1.5,4,2)",1.5,4,2,0.999997044790765,0.304855896460264,0.431131061575723,0.264013041964013,FLOAT
"antagonistic_mixed_(1.5,4,2)",1.5,4,2,0.99999741913846,0.304855889098445,0.43113108685783,0.264013024043724,FLOAT
"antagonistic_mixed_(1.5,4,2)",1.5,4,2,0.999997746066095,0.304855882669209,0.43113110893724,0.26401300839355,FLOAT
"antagonistic_mixed_(1.5,4,2)",1.5,4,2,0.999998031580553,0.304855877054415,0.431131128219679,0.264012994725907,FLOAT
"antagonistic_mixed_(1.5,4,2)",1.5,4,2,0.999998280927798,0.304855872150887,0.431131145059469,0.264012982789644,FLOAT
"antagonistic_mixed_(1.5,4,2)",1.5,4,2,0.999998498689271,0.304855867868522,0.431131159766048,0.264012972365429,FLOAT
"antagonistic_mixed_(1.5,4,2)",1.5,4,2,0.999998688866063,0.304855864128633,0.431131172609649,0.264012963261718,FLOAT
"antagonistic_mixed_(1.5,4,2)",1.5,4,2,0.99999885495243,0.304855860862498,0.431131183826272,0.26401295531123,FLOAT
"antagonistic_mixed_(1.5,4,2)",1.5,4,2,0.999999,0.304855858010103,0.431131193622019,0.264012948367877,FLOAT
"antagonistic_mixed_(1.5,4,2)",1.5,4,2,0.999999126673838,0.304855855519037,0.431131202176884,0.264012942304078,FLOAT
"antagonistic_mixed_(1.5,4,2)",1.5,4,2,0.999999237301414,0.304855853343528,0.431131209648059,0.264012937008413,FLOAT
"antagonistic_mixed_(1.5,4,2)",1.5,4,2,0.999999333915371,0.304855851443602,0.431131216172821,0.264012932383577,FLOAT
"antagonistic_mixed_(1.5,4,2)",1.5,4,2,0.999999418290867,0.304855849784349,0.431131221871058,0.264012928344593,FLOAT
"antagonistic_mixed_(1.5,4,2)",1.5,4,2,0.999999491978195,0.304855848335282,0.431131226847473,0.264012924817246,FLOAT
"antagonistic_mixed_(1.5,4,2)",1.5,4,2,0.999999556331267,0.304855847069774,0.431131231193501,0.264012921736725,FLOAT
"antagonistic_mixed_(1.5,4,2)",1.5,4,2,0.999999612532488,0.304855845964575,0.431131234988997,0.264012919046428,FLOAT
"antagonistic_mixed_(1.5,4,2)",1.5,4,2,0.999999661614485,0.304855844999376,0.431131238303702,0.264012916696923,FLOAT
"antagonistic_mixed_(1.5,4,2)",1.5,4,2,0.999999704479076,0.304855844156443,0.431131241198517,0.26401291464504,FLOAT
"antagonistic_mixed_(1.5,4,2)",1.5,4,2,0.999999741913846,0.304855843420288,0.431131243726634,0.264012912853078,FLOAT
"antagonistic_mixed_(1.5,4,2)",1.5,4,2,0.999999774606609,0.304855842777385,0.431131245934503,0.264012911288112,FLOAT
"antagonistic_mixed_(1.5,4,2)",1.5,4,2,0.999999803158055,0.304855842215921,0.431131247862693,0.264012909921386,FLOAT
"antagonistic_mixed_(1.5,4,2)",1.5,4,2,0.99999982809278,0.30485584172558,0.43113124954663,0.26401290872779,FLOAT
"antagonistic_mixed_(1.5,4,2)",1.5,4,2,0.999999849868927,0.304855841297353,0.431131251017256,0.264012907685391,FLOAT
"antagonistic_mixed_(1.5,4,2)",1.5,4,2,0.999999868886606,0.304855840923371,0.431131252301592,0.264012906775037,FLOAT
"antagonistic_mixed_(1.5,4,2)",1.5,4,2,0.999999885495243,0.304855840596763,0.431131253423236,0.264012905980001,FLOAT
"antagonistic_mixed_(1.5,4,2)",1.5,4,2,0.9999999,0.304855840311527,0.431131254402796,0.264012905285676,FLOAT
"antagonistic_mixed_(1.5,4,2)",1.5,4,2,0.999999912667384,0.304855840062424,0.431131255258272,0.264012904679304,FLOAT
"antagonistic_mixed_(1.5,4,2)",1.5,4,2,0.999999923730141,0.304855839844875,0.431131256005381,0.264012904149743,FLOAT
"antagonistic_mixed_(1.5,4,2)",1.5,4,2,0.999999933391537,0.304855839654884,0.431131256657851,0.264012903687264,FLOAT
"antagonistic_mixed_(1.5,4,2)",1.5,4,2,0.999999941829087,0.30485583948896,0.43113125722767,0.264012903283369,FLOAT
"antagonistic_mixed_(1.5,4,2)",1.5,4,2,0.99999994919782,0.304855839344055,0.431131257725308,0.264012902930637,FLOAT
"antagonistic_mixed_(1.5,4,2)",1.5,4,2,0.999999955633127,0.304855839217505,0.431131258159908,0.264012902622587,FLOAT
"antagonistic_mixed_(1.5,4,2)",1.5,4,2,0.999999961253249,0.304855839106985,0.431131258539456,0.264012902353559,FLOAT
"antagonistic_mixed_(1.5,4,2)",1.5,4,2,0.999999966161448,0.304855839010466,0.431131258870925,0.264012902118609,FLOAT
"antagonistic_mixed_(1.5,4,2)",1.5,4,2,0.999999970447908,0.304855838926173,0.431131259160405,0.264012901913422,FLOAT
"antagonistic_mixed_(1.5,4,2)",1.5,4,2,0.999999974191385,0.304855838852558,0.431131259413216,0.264012901734227,FLOAT
"antagonistic_mixed_(1.5,4,2)",1.5,4,2,0.999999977460661,0.304855838788268,0.431131259634002,0.26401290157773,FLOAT
"antagonistic_mixed_(1.5,4,2)",1.5,4,2,0.999999980315806,0.304855838732122,0.43113125982682,0.264012901441058,FLOAT
"antagonistic_mixed_(1.5,4,2)",1.5,4,2,0.999999982809278,0.304855838683088,0.431131259995214,0.264012901321699,FLOAT
"antagonistic_mixed_(1.5,4,2)",1.5,4,2,0.999999984986893,0.304855838640265,0.431131260142276,0.264012901217459,FLOAT
"antagonistic_mixed_(1.5,4,2)",1.5,4,2,0.999999986888661,0.304855838602867,0.431131260270709,0.264012901126424,FLOAT
"antagonistic_mixed_(1.5,4,2)",1.5,4,2,0.999999988549524,0.304855838570206,0.431131260382873,0.26401290104692,FLOAT
"antagonistic_mixed_(1.5,4,2)",1.5,4,2,0.99999999,0.304855838541683,0.431131260480829,0.264012900977488,FLOAT
"all_mutualistic_(0.5,0.5,0.5)",0.5,0.5,0.5,0.666666676666667,0.333333333333333,0.333333333333333,0.333333333333333,FLOAT
"all_mutualistic_(0.5,0.5,0.5)",0.5,0.5,0.5,0.66666667726311,0.333333333333333,0.333333333333333,0.333333333333333,FLOAT
"all_mutualistic_(0.5,0.5,0.5)",0.5,0.5,0.5,0.666666677895128,0.333333333333333,0.333333333333333,0.333333333333333,FLOAT
"all_mutualistic_(0.5,0.5,0.5)",0.5,0.5,0.5,0.666666678564843,0.333333333333333,0.333333333333333,0.333333333333333,FLOAT
"all_mutualistic_(0.5,0.5,0.5)",0.5,0.5,0.5,0.666666679274502,0.333333333333333,0.333333333333333,0.333333333333333,FLOAT
"all_mutualistic_(0.5,0.5,0.5)",0.5,0.5,0.5,0.666666680026488,0.333333333333333,0.333333333333333,0.333333333333333,FLOAT
"all_mutualistic_(0.5,0.5,0.5)",0.5,0.5,0.5,0.666666680823326,0.333333333333333,0.333333333333333,0.333333333333333,FLOAT
"all_mutualistic_(0.5,0.5,0.5)",0.5,0.5,0.5,0.666666681667691,0.333333333333333,0.333333333333333,0.333333333333333,FLOAT
"all_mutualistic_(0.5,0.5,0.5)",0.5,0.5,0.5,0.666666682562417,0.333333333333333,0.333333333333333,0.333333333333333,FLOAT
"all_mutualistic_(0.5,0.5,0.5)",0.5,0.5,0.5,0.666666683510509,0.333333333333333,0.333333333333333,0.333333333333333,FLOAT
"all_mutualistic_(0.5,0.5,0.5)",0.5,0.5,0.5,0.666666684515149,0.333333333333333,0.333333333333333,0.333333333333333,FLOAT
"all_mutualistic_(0.5,0.5,0.5)",0.5,0.5,0.5,0.66666668557971,0.333333333333333,0.333333333333333,0.333333333333333,FLOAT
"all_mutualistic_(0.5,0.5,0.5)",0.5,0.5,0.5,0.666666686707767,0.333333333333333,0.333333333333333,0.333333333333333,FLOAT
"all_mutualistic_(0.5,0.5,0.5)",0.5,0.5,0.5,0.666666687903105,0.333333333333333,0.333333333333333,0.333333333333333,FLOAT
"all_mutualistic_(0.5,0.5,0.5)",0.5,0.5,0.5,0.666666689169739,0.333333333333333,0.333333333333333,0.333333333333333,FLOAT
"all_mutualistic_(0.5,0.5,0.5)",0.5,0.5,0.5,0.66666669051192,0.333333333333333,0.333333333333333,0.333333333333333,FLOAT
"all_mutualistic_(0.5,0.5,0.5)",0.5,0.5,0.5,0.666666691934155,0.333333333333333,0.333333333333333,0.333333333333333,FLOAT
"all_mutualistic_(0.5,0.5,0.5)",0.5,0.5,0.5,0.666666693441218,0.333333333333333,0.333333333333333,0.333333333333333,FLOAT
"all_mutualistic_(0.5,0.5,0.5)",0.5,0.5,0.5,0.666666695038169,0.333333333333333,0.333333333333333,0.333333333333333,FLOAT
"all_mutualistic_(0.5,0.5,0.5)",0.5,0.5,0.5,0.666666696730369,0.333333333333333,0.333333333333333,0.333333333333333,FLOAT
"all_mutualistic_(0.5,0.5,0.5)",0.5,0.5,0.5,0.666666698523499,0.333333333333333,0.333333333333333,0.333333333333333,FLOAT
"all_mutualistic_(0.5,0.5,0.5)",0.5,0.5,0.5,0.666666700423579,0.333333333333333,0.333333333333333,0.333333333333333,FLOAT
"all_mutualistic_(0.5,0.5,0.5)",0.5,0.5,0.5,0.666666702436989,0.333333333333333,0.333333333333333,0.333333333333333,FLOAT
"all_mutualistic_(0.5,0.5,0.5)",0.5,0.5,0.5,0.666666704570486,0.333333333333333,0.333333333333333,0.333333333333333,FLOAT
"all_mutualistic_(0.5,0.5,0.5)",0.5,0.5,0.5,0.666666706831235,0.333333333333333,0.333333333333333,0.333333333333333,FLOAT
"all_mutualistic_(0.5,0.5,0.5)",0.5,0.5,0.5,0.666666709226825,0.333333333333333,0.333333333333333,0.333333333333333,FLOAT
"all_mutualistic_(0.5,0.5,0.5)",0.5,0.5,0.5,0.666666711765299,0.333333333333333,0.333333333333333,0.333333333333333,FLOAT
"all_mutualistic_(0.5,0.5,0.5)",0.5,0.5,0.5,0.666666714455177,0.333333333333333,0.333333333333333,0.333333333333333,FLOAT
"all_mutualistic_(0.5,0.5,0.5)",0.5,0.5,0.5,0.666666717305492,0.333333333333333,0.333333333333333,0.333333333333333,FLOAT
"all_mutualistic_(0.5,0.5,0.5)",0.5,0.5,0.5,0.666666720325813,0.333333333333333,0.333333333333333,0.333333333333333,FLOAT
"all_mutualistic_(0.5,0.5,0.5)",0.5,0.5,0.5,0.666666723526278,0.333333333333333,0.333333333333333,0.333333333333333,FLOAT
"all_mutualistic_(0.5,0.5,0.5)",0.5,0.5,0.5,0.666666726917633,0.333333333333333,0.333333333333333,0.333333333333333,FLOAT
"all_mutualistic_(0.5,0.5,0.5)",0.5,0.5,0.5,0.666666730511263,0.333333333333333,0.333333333333333,0.333333333333333,FLOAT
"all_mutualistic_(0.5,0.5,0.5)",0.5,0.5,0.5,0.666666734319233,0.333333333333333,0.333333333333333,0.333333333333333,FLOAT
"all_mutualistic_(0.5,0.5,0.5)",0.5,0.5,0.5,0.666666738354327,0.333333333333333,0.333333333333333,0.333333333333333,FLOAT
"all_mutualistic_(0.5,0.5,0.5)",0.5,0.5,0.5,0.666666742630091,0.333333333333333,0.333333333333333,0.333333333333333,FLOAT
"all_mutualistic_(0.5,0.5,0.5)",0.5,0.5,0.5,0.66666674716088,0.333333333333333,0.333333333333333,0.333333333333333,FLOAT
"all_mutualistic_(0.5,0.5,0.5)",0.5,0.5,0.5,0.666666751961906,0.333333333333333,0.333333333333333,0.333333333333333,FLOAT
"all_mutualistic_(0.5,0.5,0.5)",0.5,0.5,0.5,0.666666757049286,0.333333333333333,0.333333333333333,0.333333333333333,FLOAT
"all_mutualistic_(0.5,0.5,0.5)",0.5,0.5,0.5,0.666666762440099,0.333333333333333,0.333333333333333,0.333333333333333,FLOAT
"all_mutualistic_(0.5,0.5,0.5)",0.5,0.5,0.5,0.666666768152444,0.333333333333333,0.333333333333333,0.333333333333333,FLOAT
"all_mutualistic_(0.5,0.5,0.5)",0.5,0.5,0.5,0.666666774205498,0.333333333333333,0.333333333333333,0.333333333333333,FLOAT
"all_mutualistic_(0.5,0.5,0.5)",0.5,0.5,0.5,0.666666780619582,0.333333333333333,0.333333333333333,0.333333333333333,FLOAT
"all_mutualistic_(0.5,0.5,0.5)",0.5,0.5,0.5,0.66666678741623,0.333333333333333,0.333333333333333,0.333333333333333,FLOAT
"all_mutualistic_(0.5,0.5,0.5)",0.5,0.5,0.5,0.66666679461826,0.333333333333333,0.333333333333333,0.333333333333333,FLOAT
"all_mutualistic_(0.5,0.5,0.5)",0.5,0.5,0.5,0.666666802249851,0.333333333333333,0.333333333333333,0.333333333333333,FLOAT
"all_mutualistic_(0.5,0.5,0.5)",0.5,0.5,0.5,0.666666810336623,0.333333333333333,0.333333333333333,0.333333333333333,FLOAT
"all_mutualistic_(0.5,0.5,0.5)",0.5,0.5,0.5,0.666666818905725,0.333333333333333,0.333333333333333,0.333333333333333,FLOAT
"all_mutualistic_(0.5,0.5,0.5)",0.5,0.5,0.5,0.666666827985925,0.333333333333333,0.333333333333333,0.333333333333333,FLOAT
"all_mutualistic_(0.5,0.5,0.5)",0.5,0.5,0.5,0.666666837607709,0.333333333333333,0.333333333333333,0.333333333333333,FLOAT
"all_mutualistic_(0.5,0.5,0.5)",0.5,0.5,0.5,0.666666847803377,0.333333333333333,0.333333333333333,0.333333333333333,FLOAT
"all_mutualistic_(0.5,0.5,0.5)",0.5,0.5,0.5,0.66666685860716,0.333333333333333,0.333333333333333,0.333333333333333,FLOAT
"all_mutualistic_(0.5,0.5,0.5)",0.5,0.5,0.5,0.666666870055327,0.333333333333333,0.333333333333333,0.333333333333333,FLOAT
"all_mutualistic_(0.5,0.5,0.5)",0.5,0.5,0.5,0.666666882186313,0.333333333333333,0.333333333333333,0.333333333333333,FLOAT
"all_mutualistic_(0.5,0.5,0.5)",0.5,0.5,0.5,0.666666895040844,0.333333333333333,0.333333333333333,0.333333333333333,FLOAT
"all_mutualistic_(0.5,0.5,0.5)",0.5,0.5,0.5,0.666666908662074,0.333333333333333,0.333333333333333,0.333333333333333,FLOAT
"all_mutualistic_(0.5,0.5,0.5)",0.5,0.5,0.5,0.666666923095735,0.333333333333333,0.333333333333333,0.333333333333333,FLOAT
"all_mutualistic_(0.5,0.5,0.5)",0.5,0.5,0.5,0.666666938390282,0.333333333333333,0.333333333333333,0.333333333333333,FLOAT
"all_mutualistic_(0.5,0.5,0.5)",0.5,0.5,0.5,0.666666954597062,0.333333333333333,0.333333333333333,0.333333333333333,FLOAT
"all_mutualistic_(0.5,0.5,0.5)",0.5,0.5,0.5,0.666666971770485,0.333333333333333,0.333333333333333,0.333333333333333,FLOAT
"all_mutualistic_(0.5,0.5,0.5)",0.5,0.5,0.5,0.666666989968206,0.333333333333333,0.333333333333333,0.333333333333333,FLOAT
"all_mutualistic_(0.5,0.5,0.5)",0.5,0.5,0.5,0.666667009251318,0.333333333333333,0.333333333333333,0.333333333333333,FLOAT
"all_mutualistic_(0.5,0.5,0.5)",0.5,0.5,0.5,0.666667029684559,0.333333333333333,0.333333333333333,0.333333333333333,FLOAT
"all_mutualistic_(0.5,0.5,0.5)",0.5,0.5,0.5,0.666667051336528,0.333333333333333,0.333333333333333,0.333333333333333,FLOAT
"all_mutualistic_(0.5,0.5,0.5)",0.5,0.5,0.5,0.666667074279914,0.333333333333333,0.333333333333333,0.333333333333333,FLOAT
"all_mutualistic_(0.5,0.5,0.5)",0.5,0.5,0.5,0.666667098591744,0.333333333333333,0.333333333333333,0.333333333333333,FLOAT
"all_mutualistic_(0.5,0.5,0.5)",0.5,0.5,0.5,0.666667124353638,0.333333333333333,0.333333333333333,0.333333333333333,FLOAT
"all_mutualistic_(0.5,0.5,0.5)",0.5,0.5,0.5,0.666667151652083,0.333333333333333,0.333333333333333,0.333333333333333,FLOAT
"all_mutualistic_(0.5,0.5,0.5)",0.5,0.5,0.5,0.666667180578726,0.333333333333333,0.333333333333333,0.333333333333333,FLOAT
"all_mutualistic_(0.5,0.5,0.5)",0.5,0.5,0.5,0.66666721123068,0.333333333333333,0.333333333333333,0.333333333333333,FLOAT
"all_mutualistic_(0.5,0.5,0.5)",0.5,0.5,0.5,0.66666724371085,0.333333333333333,0.333333333333333,0.333333333333333,FLOAT
"all_mutualistic_(0.5,0.5,0.5)",0.5,0.5,0.5,0.666667278128279,0.333333333333333,0.333333333333333,0.333333333333333,FLOAT
"all_mutualistic_(0.5,0.5,0.5)",0.5,0.5,0.5,0.666667314598514,0.333333333333333,0.333333333333333,0.333333333333333,FLOAT
"all_mutualistic_(0.5,0.5,0.5)",0.5,0.5,0.5,0.666667353243992,0.333333333333333,0.333333333333333,0.333333333333333,FLOAT
"all_mutualistic_(0.5,0.5,0.5)",0.5,0.5,0.5,0.666667394194455,0.333333333333333,0.333333333333333,0.333333333333333,FLOAT
"all_mutualistic_(0.5,0.5,0.5)",0.5,0.5,0.5,0.666667437587381,0.333333333333333,0.333333333333333,0.333333333333333,FLOAT
"all_mutualistic_(0.5,0.5,0.5)",0.5,0.5,0.5,0.666667483568452,0.333333333333333,0.333333333333333,0.333333333333333,FLOAT
"all_mutualistic_(0.5,0.5,0.5)",0.5,0.5,0.5,0.666667532292033,0.333333333333333,0.333333333333333,0.333333333333333,FLOAT
"all_mutualistic_(0.5,0.5,0.5)",0.5,0.5,0.5,0.666667583921701,0.333333333333333,0.333333333333333,0.333333333333333,FLOAT
"all_mutualistic_(0.5,0.5,0.5)",0.5,0.5,0.5,0.666667638630787,0.333333333333333,0.333333333333333,0.333333333333333,FLOAT
"all_mutualistic_(0.5,0.5,0.5)",0.5,0.5,0.5,0.666667696602962,0.333333333333333,0.333333333333333,0.333333333333333,FLOAT
"all_mutualistic_(0.5,0.5,0.5)",0.5,0.5,0.5,0.66666775803285,0.333333333333333,0.333333333333333,0.333333333333333,FLOAT
"all_mutualistic_(0.5,0.5,0.5)",0.5,0.5,0.5,0.666667823126684,0.333333333333333,0.333333333333333,0.333333333333333,FLOAT
"all_mutualistic_(0.5,0.5,0.5)",0.5,0.5,0.5,0.666667892102997,0.333333333333333,0.333333333333333,0.333333333333333,FLOAT
"all_mutualistic_(0.5,0.5,0.5)",0.5,0.5,0.5,0.666667965193359,0.333333333333333,0.333333333333333,0.333333333333333,FLOAT
"all_mutualistic_(0.5,0.5,0.5)",0.5,0.5,0.5,0.666668042643148,0.333333333333333,0.333333333333333,0.333333333333333,FLOAT
"all_mutualistic_(0.5,0.5,0.5)",0.5,0.5,0.5,0.66666812471238,0.333333333333333,0.333333333333333,0.333333333333333,FLOAT
"all_mutualistic_(0.5,0.5,0.5)",0.5,0.5,0.5,0.666668211676578,0.333333333333333,0.333333333333333,0.333333333333333,FLOAT
"all_mutualistic_(0.5,0.5,0.5)",0.5,0.5,0.5,0.666668303827701,0.333333333333333,0.333333333333333,0.333333333333333,FLOAT
"all_mutualistic_(0.5,0.5,0.5)",0.5,0.5,0.5,0.666668401475117,0.333333333333333,0.333333333333333,0.333333333333333,FLOAT
"all_mutualistic_(0.5,0.5,0.5)",0.5,0.5,0.5,0.666668504946651,0.333333333333333,0.333333333333333,0.333333333333333,FLOAT
"all_mutualistic_(0.5,0.5,0.5)",0.5,0.5,0.5,0.666668614589678,0.333333333333333,0.333333333333333,0.333333333333333,FLOAT
"all_mutualistic_(0.5,0.5,0.5)",0.5,0.5,0.5,0.666668730772293,0.333333333333333,0.333333333333333,0.333333333333333,FLOAT
"all_mutualistic_(0.5,0.5,0.5)",0.5,0.5,0.5,0.666668853884545,0.333333333333333,0.333333333333333,0.333333333333333,FLOAT
"all_mutualistic_(0.5,0.5,0.5)",0.5,0.5,0.5,0.666668984339748,0.333333333333333,0.333333333333333,0.333333333333333,FLOAT
"all_mutualistic_(0.5,0.5,0.5)",0.5,0.5,0.5,0.666669122575868,0.333333333333333,0.333333333333333,0.333333333333333,FLOAT
"all_mutualistic_(0.5,0.5,0.5)",0.5,0.5,0.5,0.666669269056992,0.333333333333333,0.333333333333333,0.333333333333333,FLOAT
"all_mutualistic_(0.5,0.5,0.5)",0.5,0.5,0.5,0.666669424274889,0.333333333333333,0.333333333333333,0.333333333333333,FLOAT
"all_mutualistic_(0.5,0.5,0.5)",0.5,0.5,0.5,0.666669588750657,0.333333333333333,0.333333333333333,0.333333333333333,FLOAT
"all_mutualistic_(0.5,0.5,0.5)",0.5,0.5,0.5,0.666669763036477,0.333333333333333,0.333333333333333,0.333333333333333,FLOAT
"all_mutualistic_(0.5,0.5,0.5)",0.5,0.5,0.5,0.666669947717462,0.333333333333333,0.333333333333333,0.333333333333333,FLOAT
"all_mutualistic_(0.5,0.5,0.5)",0.5,0.5,0.5,0.666670143413626,0.333333333333333,0.333333333333333,0.333333333333333,FLOAT
"all_mutualistic_(0.5,0.5,0.5)",0.5,0.5,0.5,0.666670350781961,0.333333333333333,0.333333333333333,0.333333333333333,FLOAT
"all_mutualistic_(0.5,0.5,0.5)",0.5,0.5,0.5,0.666670570518648,0.333333333333333,0.333333333333333,0.333333333333333,FLOAT
"all_mutualistic_(0.5,0.5,0.5)",0.5,0.5,0.5,0.666670803361388,0.333333333333333,0.333333333333333,0.333333333333333,FLOAT
"all_mutualistic_(0.5,0.5,0.5)",0.5,0.5,0.5,0.666671050091883,0.333333333333333,0.333333333333333,0.333333333333333,FLOAT
"all_mutualistic_(0.5,0.5,0.5)",0.5,0.5,0.5,0.66667131153846,0.333333333333333,0.333333333333333,0.333333333333333,FLOAT
"all_mutualistic_(0.5,0.5,0.5)",0.5,0.5,0.5,0.666671588578849,0.333333333333333,0.333333333333333,0.333333333333333,FLOAT
"all_mutualistic_(0.5,0.5,0.5)",0.5,0.5,0.5,0.666671882143135,0.333333333333333,0.333333333333333,0.333333333333333,FLOAT
"all_mutualistic_(0.5,0.5,0.5)",0.5,0.5,0.5,0.666672193216873,0.333333333333333,0.333333333333333,0.333333333333333,FLOAT
"all_mutualistic_(0.5,0.5,0.5)",0.5,0.5,0.5,0.666672522844405,0.333333333333333,0.333333333333333,0.333333333333333,FLOAT
"all_mutualistic_(0.5,0.5,0.5)",0.5,0.5,0.5,0.666672872132358,0.333333333333333,0.333333333333333,0.333333333333333,FLOAT
"all_mutualistic_(0.5,0.5,0.5)",0.5,0.5,0.5,0.666673242253367,0.333333333333333,0.333333333333333,0.333333333333333,FLOAT
"all_mutualistic_(0.5,0.5,0.5)",0.5,0.5,0.5,0.666673634450005,0.333333333333333,0.333333333333333,0.333333333333333,FLOAT
"all_mutualistic_(0.5,0.5,0.5)",0.5,0.5,0.5,0.66667405003896,0.333333333333333,0.333333333333333,0.333333333333333,FLOAT
"all_mutualistic_(0.5,0.5,0.5)",0.5,0.5,0.5,0.66667449041545,0.333333333333333,0.333333333333333,0.333333333333333,FLOAT
"all_mutualistic_(0.5,0.5,0.5)",0.5,0.5,0.5,0.666674957057912,0.333333333333333,0.333333333333333,0.333333333333333,FLOAT
"all_mutualistic_(0.5,0.5,0.5)",0.5,0.5,0.5,0.666675451532965,0.333333333333333,0.333333333333333,0.333333333333333,FLOAT
"all_mutualistic_(0.5,0.5,0.5)",0.5,0.5,0.5,0.666675975500663,0.333333333333333,0.333333333333333,0.333333333333333,FLOAT
"all_mutualistic_(0.5,0.5,0.5)",0.5,0.5,0.5,0.666676530720078,0.333333333333333,0.333333333333333,0.333333333333333,FLOAT
"all_mutualistic_(0.5,0.5,0.5)",0.5,0.5,0.5,0.666677119055197,0.333333333333333,0.333333333333333,0.333333333333333,FLOAT
"all_mutualistic_(0.5,0.5,0.5)",0.5,0.5,0.5,0.666677742481186,0.333333333333333,0.333333333333333,0.333333333333333,FLOAT
"all_mutualistic_(0.5,0.5,0.5)",0.5,0.5,0.5,0.666678403091018,0.333333333333333,0.333333333333333,0.333333333333333,FLOAT
"all_mutualistic_(0.5,0.5,0.5)",0.5,0.5,0.5,0.666679103102497,0.333333333333333,0.333333333333333,0.333333333333333,FLOAT
"all_mutualistic_(0.5,0.5,0.5)",0.5,0.5,0.5,0.666679844865711,0.333333333333333,0.333333333333333,0.333333333333333,FLOAT
"all_mutualistic_(0.5,0.5,0.5)",0.5,0.5,0.5,0.666680630870915,0.333333333333333,0.333333333333333,0.333333333333333,FLOAT
"all_mutualistic_(0.5,0.5,0.5)",0.5,0.5,0.5,0.666681463756893,0.333333333333333,0.333333333333333,0.333333333333333,FLOAT
"all_mutualistic_(0.5,0.5,0.5)",0.5,0.5,0.5,0.666682346319819,0.333333333333333,0.333333333333333,0.333333333333333,FLOAT
"all_mutualistic_(0.5,0.5,0.5)",0.5,0.5,0.5,0.666683281522644,0.333333333333333,0.333333333333333,0.333333333333333,FLOAT
"all_mutualistic_(0.5,0.5,0.5)",0.5,0.5,0.5,0.666684272505039,0.333333333333333,0.333333333333333,0.333333333333333,FLOAT
"all_mutualistic_(0.5,0.5,0.5)",0.5,0.5,0.5,0.666685322593942,0.333333333333333,0.333333333333333,0.333333333333333,FLOAT
"all_mutualistic_(0.5,0.5,0.5)",0.5,0.5,0.5,0.666686435314721,0.333333333333333,0.333333333333333,0.333333333333333,FLOAT
"all_mutualistic_(0.5,0.5,0.5)",0.5,0.5,0.5,0.666687614403016,0.333333333333333,0.333333333333333,0.333333333333333,FLOAT
"all_mutualistic_(0.5,0.5,0.5)",0.5,0.5,0.5,0.666688863817274,0.333333333333333,0.333333333333333,0.333333333333333,FLOAT
"all_mutualistic_(0.5,0.5,0.5)",0.5,0.5,0.5,0.666690187752041,0.333333333333333,0.333333333333333,0.333333333333333,FLOAT
"all_mutualistic_(0.5,0.5,0.5)",0.5,0.5,0.5,0.666691590652045,0.333333333333333,0.333333333333333,0.333333333333333,FLOAT
"all_mutualistic_(0.5,0.5,0.5)",0.5,0.5,0.5,0.666693077227118,0.333333333333333,0.333333333333333,0.333333333333333,FLOAT
"all_mutualistic_(0.5,0.5,0.5)",0.5,0.5,0.5,0.666694652468004,0.333333333333333,0.333333333333333,0.333333333333333,FLOAT
"all_mutualistic_(0.5,0.5,0.5)",0.5,0.5,0.5,0.66669632166312,0.333333333333333,0.333333333333333,0.333333333333333,FLOAT
"all_mutualistic_(0.5,0.5,0.5)",0.5,0.5,0.5,0.666698090416304,0.333333333333333,0.333333333333333,0.333333333333333,FLOAT
"all_mutualistic_(0.5,0.5,0.5)",0.5,0.5,0.5,0.666699964665634,0.333333333333333,0.333333333333333,0.333333333333333,FLOAT
"all_mutualistic_(0.5,0.5,0.5)",0.5,0.5,0.5,0.66670195070336,0.333333333333333,0.333333333333333,0.333333333333333,FLOAT
"all_mutualistic_(0.5,0.5,0.5)",0.5,0.5,0.5,0.666704055197027,0.333333333333333,0.333333333333333,0.333333333333333,FLOAT
"all_mutualistic_(0.5,0.5,0.5)",0.5,0.5,0.5,0.666706285211866,0.333333333333333,0.333333333333333,0.333333333333333,FLOAT
"all_mutualistic_(0.5,0.5,0.5)",0.5,0.5,0.5,0.666708648234505,0.333333333333333,0.333333333333333,0.333333333333333,FLOAT
"all_mutualistic_(0.5,0.5,0.5)",0.5,0.5,0.5,0.666711152198109,0.333333333333333,0.333333333333333,0.333333333333333,FLOAT
"all_mutualistic_(0.5,0.5,0.5)",0.5,0.5,0.5,0.666713805509012,0.333333333333333,0.333333333333333,0.333333333333333,FLOAT
"all_mutualistic_(0.5,0.5,0.5)",0.5,0.5,0.5,0.666716617074936,0.333333333333333,0.333333333333333,0.333333333333333,FLOAT
"all_mutualistic_(0.5,0.5,0.5)",0.5,0.5,0.5,0.6667195963349,0.333333333333333,0.333333333333333,0.333333333333333,FLOAT
"all_mutualistic_(0.5,0.5,0.5)",0.5,0.5,0.5,0.666722753290909,0.333333333333333,0.333333333333333,0.333333333333333,FLOAT
"all_mutualistic_(0.5,0.5,0.5)",0.5,0.5,0.5,0.666726098541527,0.333333333333333,0.333333333333333,0.333333333333333,FLOAT
"all_mutualistic_(0.5,0.5,0.5)",0.5,0.5,0.5,0.666729643317467,0.333333333333333,0.333333333333333,0.333333333333333,FLOAT
"all_mutualistic_(0.5,0.5,0.5)",0.5,0.5,0.5,0.666733399519287,0.333333333333333,0.333333333333333,0.333333333333333,FLOAT
"all_mutualistic_(0.5,0.5,0.5)",0.5,0.5,0.5,0.666737379757347,0.333333333333333,0.333333333333333,0.333333333333333,FLOAT
"all_mutualistic_(0.5,0.5,0.5)",0.5,0.5,0.5,0.666741597394146,0.333333333333333,0.333333333333333,0.333333333333333,FLOAT
"all_mutualistic_(0.5,0.5,0.5)",0.5,0.5,0.5,0.666746066589179,0.333333333333333,0.333333333333333,0.333333333333333,FLOAT
"all_mutualistic_(0.5,0.5,0.5)",0.5,0.5,0.5,0.666750802346474,0.333333333333333,0.333333333333333,0.333333333333333,FLOAT
"all_mutualistic_(0.5,0.5,0.5)",0.5,0.5,0.5,0.666755820564966,0.333333333333333,0.333333333333333,0.333333333333333,FLOAT
"all_mutualistic_(0.5,0.5,0.5)",0.5,0.5,0.5,0.666761138091871,0.333333333333333,0.333333333333333,0.333333333333333,FLOAT
"all_mutualistic_(0.5,0.5,0.5)",0.5,0.5,0.5,0.666766772779247,0.333333333333333,0.333333333333333,0.333333333333333,FLOAT
"all_mutualistic_(0.5,0.5,0.5)",0.5,0.5,0.5,0.666772743543927,0.333333333333333,0.333333333333333,0.333333333333333,FLOAT
"all_mutualistic_(0.5,0.5,0.5)",0.5,0.5,0.5,0.666779070431024,0.333333333333333,0.333333333333333,0.333333333333333,FLOAT
"all_mutualistic_(0.5,0.5,0.5)",0.5,0.5,0.5,0.666785774681232,0.333333333333333,0.333333333333333,0.333333333333333,FLOAT
"all_mutualistic_(0.5,0.5,0.5)",0.5,0.5,0.5,0.666792878802131,0.333333333333333,0.333333333333333,0.333333333333333,FLOAT
"all_mutualistic_(0.5,0.5,0.5)",0.5,0.5,0.5,0.66680040664375,0.333333333333333,0.333333333333333,0.333333333333333,FLOAT
"all_mutualistic_(0.5,0.5,0.5)",0.5,0.5,0.5,0.666808383478639,0.333333333333333,0.333333333333333,0.333333333333333,FLOAT
"all_mutualistic_(0.5,0.5,0.5)",0.5,0.5,0.5,0.666816836086713,0.333333333333333,0.333333333333333,0.333333333333333,FLOAT
"all_mutualistic_(0.5,0.5,0.5)",0.5,0.5,0.5,0.666825792845157,0.333333333333333,0.333333333333333,0.333333333333333,FLOAT
"all_mutualistic_(0.5,0.5,0.5)",0.5,0.5,0.5,0.666835283823696,0.333333333333333,0.333333333333333,0.333333333333333,FLOAT
"all_mutualistic_(0.5,0.5,0.5)",0.5,0.5,0.5,0.666845340885544,0.333333333333333,0.333333333333333,0.333333333333333,FLOAT
"all_mutualistic_(0.5,0.5,0.5)",0.5,0.5,0.5,0.666855997794376,0.333333333333333,0.333333333333333,0.333333333333333,FLOAT
"all_mutualistic_(0.5,0.5,0.5)",0.5,0.5,0.5,0.666867290327678,0.333333333333333,0.333333333333333,0.333333333333333,FLOAT
"all_mutualistic_(0.5,0.5,0.5)",0.5,0.5,0.5,0.666879256396864,0.333333333333333,0.333333333333333,0.333333333333333,FLOAT
"all_mutualistic_(0.5,0.5,0.5)",0.5,0.5,0.5,0.666891936174548,0.333333333333333,0.333333333333333,0.333333333333333,FLOAT
"all_mutualistic_(0.5,0.5,0.5)",0.5,0.5,0.5,0.666905372229415,0.333333333333333,0.333333333333333,0.333333333333333,FLOAT
"all_mutualistic_(0.5,0.5,0.5)",0.5,0.5,0.5,0.666919609669129,0.333333333333333,0.333333333333333,0.333333333333333,FLOAT
"all_mutualistic_(0.5,0.5,0.5)",0.5,0.5,0.5,0.666934696291775,0.333333333333333,0.333333333333333,0.333333333333333,FLOAT
"all_mutualistic_(0.5,0.5,0.5)",0.5,0.5,0.5,0.666950682746323,0.333333333333333,0.333333333333333,0.333333333333333,FLOAT
"all_mutualistic_(0.5,0.5,0.5)",0.5,0.5,0.5,0.666967622702667,0.333333333333333,0.333333333333333,0.333333333333333,FLOAT
"all_mutualistic_(0.5,0.5,0.5)",0.5,0.5,0.5,0.666985573031808,0.333333333333333,0.333333333333333,0.333333333333333,FLOAT
"all_mutualistic_(0.5,0.5,0.5)",0.5,0.5,0.5,0.667004593996783,0.333333333333333,0.333333333333333,0.333333333333333,FLOAT
"all_mutualistic_(0.5,0.5,0.5)",0.5,0.5,0.5,0.667024749454976,0.333333333333333,0.333333333333333,0.333333333333333,FLOAT
"all_mutualistic_(0.5,0.5,0.5)",0.5,0.5,0.5,0.667046107072505,0.333333333333333,0.333333333333333,0.333333333333333,FLOAT
"all_mutualistic_(0.5,0.5,0.5)",0.5,0.5,0.5,0.667068738551391,0.333333333333333,0.333333333333333,0.333333333333333,FLOAT
"all_mutualistic_(0.5,0.5,0.5)",0.5,0.5,0.5,0.667092719870275,0.333333333333333,0.333333333333333,0.333333333333333,FLOAT
"all_mutualistic_(0.5,0.5,0.5)",0.5,0.5,0.5,0.667118131539495,0.333333333333333,0.333333333333333,0.333333333333333,FLOAT
"all_mutualistic_(0.5,0.5,0.5)",0.5,0.5,0.5,0.667145058871377,0.333333333333333,0.333333333333333,0.333333333333333,FLOAT
"all_mutualistic_(0.5,0.5,0.5)",0.5,0.5,0.5,0.667173592266644,0.333333333333333,0.333333333333333,0.333333333333333,FLOAT
"all_mutualistic_(0.5,0.5,0.5)",0.5,0.5,0.5,0.667203827517915,0.333333333333333,0.333333333333333,0.333333333333333,FLOAT
"all_mutualistic_(0.5,0.5,0.5)",0.5,0.5,0.5,0.667235866131295,0.333333333333333,0.333333333333333,0.333333333333333,FLOAT
"all_mutualistic_(0.5,0.5,0.5)",0.5,0.5,0.5,0.667269815667157,0.333333333333333,0.333333333333333,0.333333333333333,FLOAT
"all_mutualistic_(0.5,0.5,0.5)",0.5,0.5,0.5,0.667305790101244,0.333333333333333,0.333333333333333,0.333333333333333,FLOAT
"all_mutualistic_(0.5,0.5,0.5)",0.5,0.5,0.5,0.667343910207308,0.333333333333333,0.333333333333333,0.333333333333333,FLOAT
"all_mutualistic_(0.5,0.5,0.5)",0.5,0.5,0.5,0.667384303962572,0.333333333333333,0.333333333333333,0.333333333333333,FLOAT
"all_mutualistic_(0.5,0.5,0.5)",0.5,0.5,0.5,0.667427106977381,0.333333333333333,0.333333333333333,0.333333333333333,FLOAT
"all_mutualistic_(0.5,0.5,0.5)",0.5,0.5,0.5,0.66747246295047,0.333333333333333,0.333333333333333,0.333333333333333,FLOAT
"all_mutualistic_(0.5,0.5,0.5)",0.5,0.5,0.5,0.667520524151393,0.333333333333333,0.333333333333333,0.333333333333333,FLOAT
"all_mutualistic_(0.5,0.5,0.5)",0.5,0.5,0.5,0.667571451931725,0.333333333333333,0.333333333333333,0.333333333333333,FLOAT
"all_mutualistic_(0.5,0.5,0.5)",0.5,0.5,0.5,0.667625417266748,0.333333333333333,0.333333333333333,0.333333333333333,FLOAT
"all_mutualistic_(0.5,0.5,0.5)",0.5,0.5,0.5,0.66768260132946,0.333333333333333,0.333333333333333,0.333333333333333,FLOAT
"all_mutualistic_(0.5,0.5,0.5)",0.5,0.5,0.5,0.667743196098802,0.333333333333333,0.333333333333333,0.333333333333333,FLOAT
"all_mutualistic_(0.5,0.5,0.5)",0.5,0.5,0.5,0.667807405004176,0.333333333333333,0.333333333333333,0.333333333333333,FLOAT
"all_mutualistic_(0.5,0.5,0.5)",0.5,0.5,0.5,0.667875443608401,0.333333333333333,0.333333333333333,0.333333333333333,FLOAT
"all_mutualistic_(0.5,0.5,0.5)",0.5,0.5,0.5,0.667947540331402,0.333333333333333,0.333333333333333,0.333333333333333,FLOAT
"all_mutualistic_(0.5,0.5,0.5)",0.5,0.5,0.5,0.668023937217061,0.333333333333333,0.333333333333333,0.333333333333333,FLOAT
"all_mutualistic_(0.5,0.5,0.5)",0.5,0.5,0.5,0.668104890745814,0.333333333333333,0.333333333333333,0.333333333333333,FLOAT
"all_mutualistic_(0.5,0.5,0.5)",0.5,0.5,0.5,0.668190672695706,0.333333333333333,0.333333333333333,0.333333333333333,FLOAT
"all_mutualistic_(0.5,0.5,0.5)",0.5,0.5,0.5,0.66828157105481,0.333333333333333,0.333333333333333,0.333333333333333,FLOAT
"all_mutualistic_(0.5,0.5,0.5)",0.5,0.5,0.5,0.668377890988062,0.333333333333333,0.333333333333333,0.333333333333333,FLOAT
"all_mutualistic_(0.5,0.5,0.5)",0.5,0.5,0.5,0.668479955861763,0.333333333333333,0.333333333333333,0.333333333333333,FLOAT
"all_mutualistic_(0.5,0.5,0.5)",0.5,0.5,0.5,0.668588108329191,0.333333333333333,0.333333333333333,0.333333333333333,FLOAT
"all_mutualistic_(0.5,0.5,0.5)",0.5,0.5,0.5,0.668702711480957,0.333333333333333,0.333333333333333,0.333333333333333,FLOAT
"all_mutualistic_(0.5,0.5,0.5)",0.5,0.5,0.5,0.668824150063978,0.333333333333333,0.333333333333333,0.333333333333333,FLOAT
"all_mutualistic_(0.5,0.5,0.5)",0.5,0.5,0.5,0.668952831773153,0.333333333333333,0.333333333333333,0.333333333333333,FLOAT
"all_mutualistic_(0.5,0.5,0.5)",0.5,0.5,0.5,0.669089188620082,0.333333333333333,0.333333333333333,0.333333333333333,FLOAT
"all_mutualistic_(0.5,0.5,0.5)",0.5,0.5,0.5,0.669233678383419,0.333333333333333,0.333333333333333,0.333333333333333,FLOAT
"all_mutualistic_(0.5,0.5,0.5)",0.5,0.5,0.5,0.669386786145729,0.333333333333333,0.333333333333333,0.333333333333333,FLOAT
"all_mutualistic_(0.5,0.5,0.5)",0.5,0.5,0.5,0.669549025922018,0.333333333333333,0.333333333333333,0.333333333333333,FLOAT
"all_mutualistic_(0.5,0.5,0.5)",0.5,0.5,0.5,0.669720942385384,0.333333333333333,0.333333333333333,0.333333333333333,FLOAT
"all_mutualistic_(0.5,0.5,0.5)",0.5,0.5,0.5,0.669903112695601,0.333333333333333,0.333333333333333,0.333333333333333,FLOAT
"all_mutualistic_(0.5,0.5,0.5)",0.5,0.5,0.5,0.670096148436769,0.333333333333333,0.333333333333333,0.333333333333333,FLOAT
"all_mutualistic_(0.5,0.5,0.5)",0.5,0.5,0.5,0.670300697670525,0.333333333333333,0.333333333333333,0.333333333333333,FLOAT
"all_mutualistic_(0.5,0.5,0.5)",0.5,0.5,0.5,0.670517447111728,0.333333333333333,0.333333333333333,0.333333333333333,FLOAT
"all_mutualistic_(0.5,0.5,0.5)",0.5,0.5,0.5,0.670747124433902,0.333333333333333,0.333333333333333,0.333333333333333,FLOAT
"all_mutualistic_(0.5,0.5,0.5)",0.5,0.5,0.5,0.67099050071219,0.333333333333333,0.333333333333333,0.333333333333333,FLOAT
"all_mutualistic_(0.5,0.5,0.5)",0.5,0.5,0.5,0.671248393012015,0.333333333333333,0.333333333333333,0.333333333333333,FLOAT
"all_mutualistic_(0.5,0.5,0.5)",0.5,0.5,0.5,0.671521667132144,0.333333333333333,0.333333333333333,0.333333333333333,FLOAT
"all_mutualistic_(0.5,0.5,0.5)",0.5,0.5,0.5,0.671811240511352,0.333333333333333,0.333333333333333,0.333333333333333,FLOAT
"all_mutualistic_(0.5,0.5,0.5)",0.5,0.5,0.5,0.67211808530846,0.333333333333333,0.333333333333333,0.333333333333333,FLOAT
"all_mutualistic_(0.5,0.5,0.5)",0.5,0.5,0.5,0.672443231666078,0.333333333333333,0.333333333333333,0.333333333333333,FLOAT
"all_mutualistic_(0.5,0.5,0.5)",0.5,0.5,0.5,0.672787771169006,0.333333333333333,0.333333333333333,0.333333333333333,FLOAT
"all_mutualistic_(0.5,0.5,0.5)",0.5,0.5,0.5,0.673152860508921,0.333333333333333,0.333333333333333,0.333333333333333,FLOAT
"all_mutualistic_(0.5,0.5,0.5)",0.5,0.5,0.5,0.673539725367628,0.333333333333333,0.333333333333333,0.333333333333333,FLOAT
"all_mutualistic_(0.5,0.5,0.5)",0.5,0.5,0.5,0.673949664531935,0.333333333333333,0.333333333333333,0.333333333333333,FLOAT
"all_mutualistic_(0.5,0.5,0.5)",0.5,0.5,0.5,0.674384054253956,0.333333333333333,0.333333333333333,0.333333333333333,FLOAT
"all_mutualistic_(0.5,0.5,0.5)",0.5,0.5,0.5,0.674844352871474,0.333333333333333,0.333333333333333,0.333333333333333,FLOAT
"all_mutualistic_(0.5,0.5,0.5)",0.5,0.5,0.5,0.675332105703892,0.333333333333333,0.333333333333333,0.333333333333333,FLOAT
"all_mutualistic_(0.5,0.5,0.5)",0.5,0.5,0.5,0.675848950240194,0.333333333333333,0.333333333333333,0.333333333333333,FLOAT
"all_mutualistic_(0.5,0.5,0.5)",0.5,0.5,0.5,0.676396621636343,0.333333333333333,0.333333333333333,0.333333333333333,FLOAT
"all_mutualistic_(0.5,0.5,0.5)",0.5,0.5,0.5,0.676976958540561,0.333333333333333,0.333333333333333,0.333333333333333,FLOAT
"all_mutualistic_(0.5,0.5,0.5)",0.5,0.5,0.5,0.677591909266059,0.333333333333333,0.333333333333333,0.333333333333333,FLOAT
"all_mutualistic_(0.5,0.5,0.5)",0.5,0.5,0.5,0.67824353833194,0.333333333333333,0.333333333333333,0.333333333333333,FLOAT
"all_mutualistic_(0.5,0.5,0.5)",0.5,0.5,0.5,0.678934033394218,0.333333333333333,0.333333333333333,0.333333333333333,FLOAT
"all_mutualistic_(0.5,0.5,0.5)",0.5,0.5,0.5,0.679665712590243,0.333333333333333,0.333333333333333,0.333333333333333,FLOAT
"all_mutualistic_(0.5,0.5,0.5)",0.5,0.5,0.5,0.680441032321174,0.333333333333333,0.333333333333333,0.333333333333333,FLOAT
"all_mutualistic_(0.5,0.5,0.5)",0.5,0.5,0.5,0.681262595498641,0.333333333333333,0.333333333333333,0.333333333333333,FLOAT
"all_mutualistic_(0.5,0.5,0.5)",0.5,0.5,0.5,0.68213316028326,0.333333333333333,0.333333333333333,0.333333333333333,FLOAT
"all_mutualistic_(0.5,0.5,0.5)",0.5,0.5,0.5,0.683055649344363,0.333333333333333,0.333333333333333,0.333333333333333,FLOAT
"all_mutualistic_(0.5,0.5,0.5)",0.5,0.5,0.5,0.684033159672015,0.333333333333333,0.333333333333333,0.333333333333333,FLOAT
"all_mutualistic_(0.5,0.5,0.5)",0.5,0.5,0.5,0.68506897297426,0.333333333333333,0.333333333333333,0.333333333333333,FLOAT
"all_mutualistic_(0.5,0.5,0.5)",0.5,0.5,0.5,0.686166566694507,0.333333333333333,0.333333333333333,0.333333333333333,FLOAT
"all_mutualistic_(0.5,0.5,0.5)",0.5,0.5,0.5,0.687329625686041,0.333333333333333,0.333333333333333,0.333333333333333,FLOAT
"all_mutualistic_(0.5,0.5,0.5)",0.5,0.5,0.5,0.68856205458285,0.333333333333333,0.333333333333333,0.333333333333333,FLOAT
"all_mutualistic_(0.5,0.5,0.5)",0.5,0.5,0.5,0.689867990908302,0.333333333333333,0.333333333333333,0.333333333333333,FLOAT
"all_mutualistic_(0.5,0.5,0.5)",0.5,0.5,0.5,0.691251818965688,0.333333333333333,0.333333333333333,0.333333333333333,FLOAT
"all_mutualistic_(0.5,0.5,0.5)",0.5,0.5,0.5,0.692718184557244,0.333333333333333,0.333333333333333,0.333333333333333,FLOAT
"all_mutualistic_(0.5,0.5,0.5)",0.5,0.5,0.5,0.694272010581095,0.333333333333333,0.333333333333333,0.333333333333333,FLOAT
"all_mutualistic_(0.5,0.5,0.5)",0.5,0.5,0.5,0.695918513558455,0.333333333333333,0.333333333333333,0.333333333333333,FLOAT
"all_mutualistic_(0.5,0.5,0.5)",0.5,0.5,0.5,0.697663221146592,0.333333333333333,0.333333333333333,0.333333333333333,FLOAT
"all_mutualistic_(0.5,0.5,0.5)",0.5,0.5,0.5,0.699511990696333,0.333333333333333,0.333333333333333,0.333333333333333,FLOAT
"all_mutualistic_(0.5,0.5,0.5)",0.5,0.5,0.5,0.701471028916427,0.333333333333333,0.333333333333333,0.333333333333333,FLOAT
"all_mutualistic_(0.5,0.5,0.5)",0.5,0.5,0.5,0.703546912710775,0.333333333333333,0.333333333333333,0.333333333333333,FLOAT
"all_mutualistic_(0.5,0.5,0.5)",0.5,0.5,0.5,0.705746611258478,0.333333333333333,0.333333333333333,0.333333333333333,FLOAT
"all_mutualistic_(0.5,0.5,0.5)",0.5,0.5,0.5,0.708077509410841,0.333333333333333,0.333333333333333,0.333333333333333,FLOAT
"all_mutualistic_(0.5,0.5,0.5)",0.5,0.5,0.5,0.710547432483875,0.333333333333333,0.333333333333333,0.333333333333333,FLOAT
"all_mutualistic_(0.5,0.5,0.5)",0.5,0.5,0.5,0.713164672529529,0.333333333333333,0.333333333333333,0.333333333333333,FLOAT
"all_mutualistic_(0.5,0.5,0.5)",0.5,0.5,0.5,0.715938016173855,0.333333333333333,0.333333333333333,0.333333333333333,FLOAT
"all_mutualistic_(0.5,0.5,0.5)",0.5,0.5,0.5,0.718876774115565,0.333333333333333,0.333333333333333,0.333333333333333,FLOAT
"all_mutualistic_(0.5,0.5,0.5)",0.5,0.5,0.5,0.721990812384003,0.333333333333333,0.333333333333333,0.333333333333333,FLOAT
"all_mutualistic_(0.5,0.5,0.5)",0.5,0.5,0.5,0.725290585461487,0.333333333333333,0.333333333333333,0.333333333333333,FLOAT
"all_mutualistic_(0.5,0.5,0.5)",0.5,0.5,0.5,0.728787171381207,0.333333333333333,0.333333333333333,0.333333333333333,FLOAT
"all_mutualistic_(0.5,0.5,0.5)",0.5,0.5,0.5,0.732492308918514,0.333333333333333,0.333333333333333,0.333333333333333,FLOAT
"all_mutualistic_(0.5,0.5,0.5)",0.5,0.5,0.5,0.736418437000464,0.333333333333333,0.333333333333333,0.333333333333333,FLOAT
"all_mutualistic_(0.5,0.5,0.5)",0.5,0.5,0.5,0.740578736465914,0.333333333333333,0.333333333333333,0.333333333333333,FLOAT
"all_mutualistic_(0.5,0.5,0.5)",0.5,0.5,0.5,0.744987174316374,0.333333333333333,0.333333333333333,0.333333333333333,FLOAT
"all_mutualistic_(0.5,0.5,0.5)",0.5,0.5,0.5,0.749658550606174,0.333333333333333,0.333333333333333,0.333333333333333,FLOAT
"all_mutualistic_(0.5,0.5,0.5)",0.5,0.5,0.5,0.754608548129361,0.333333333333333,0.333333333333333,0.333333333333333,FLOAT
"all_mutualistic_(0.5,0.5,0.5)",0.5,0.5,0.5,0.759853785070145,0.333333333333333,0.333333333333333,0.333333333333333,FLOAT
"all_mutualistic_(0.5,0.5,0.5)",0.5,0.5,0.5,0.765411870793641,0.333333333333333,0.333333333333333,0.333333333333333,FLOAT
"all_mutualistic_(0.5,0.5,0.5)",0.5,0.5,0.5,0.771301464964215,0.333333333333333,0.333333333333333,0.333333333333333,FLOAT
"all_mutualistic_(0.5,0.5,0.5)",0.5,0.5,0.5,0.777542340189913,0.333333333333333,0.333333333333333,0.333333333333333,FLOAT
"all_mutualistic_(0.5,0.5,0.5)",0.5,0.5,0.5,0.784155448403264,0.333333333333333,0.333333333333333,0.333333333333333,FLOAT
"all_mutualistic_(0.5,0.5,0.5)",0.5,0.5,0.5,0.791162991201332,0.333333333333333,0.333333333333333,0.333333333333333,FLOAT
"all_mutualistic_(0.5,0.5,0.5)",0.5,0.5,0.5,0.798588494381158,0.333333333333333,0.333333333333333,0.333333333333333,FLOAT
"all_mutualistic_(0.5,0.5,0.5)",0.5,0.5,0.5,0.806456886920807,0.333333333333333,0.333333333333333,0.333333333333333,FLOAT
"all_mutualistic_(0.5,0.5,0.5)",0.5,0.5,0.5,0.814794584671205,0.333333333333333,0.333333333333333,0.333333333333333,FLOAT
"all_mutualistic_(0.5,0.5,0.5)",0.5,0.5,0.5,0.823629579039712,0.333333333333333,0.333333333333333,0.333333333333333,FLOAT
"all_mutualistic_(0.5,0.5,0.5)",0.5,0.5,0.5,0.83299153096317,0.333333333333333,0.333333333333333,0.333333333333333,FLOAT
"all_mutualistic_(0.5,0.5,0.5)",0.5,0.5,0.5,0.842911870485915,0.333333333333333,0.333333333333333,0.333333333333333,FLOAT
"all_mutualistic_(0.5,0.5,0.5)",0.5,0.5,0.5,0.853423902277057,0.333333333333333,0.333333333333333,0.333333333333333,FLOAT
"all_mutualistic_(0.5,0.5,0.5)",0.5,0.5,0.5,0.864562917441269,0.333333333333333,0.333333333333333,0.333333333333333,FLOAT
"all_mutualistic_(0.5,0.5,0.5)",0.5,0.5,0.5,0.876366311998457,0.333333333333333,0.333333333333333,0.333333333333333,FLOAT
"all_mutualistic_(0.5,0.5,0.5)",0.5,0.5,0.5,0.888873712430073,0.333333333333333,0.333333333333333,0.333333333333333,FLOAT
"all_mutualistic_(0.5,0.5,0.5)",0.5,0.5,0.5,0.9,0.333333333333333,0.333333333333333,0.333333333333333,FLOAT
"all_mutualistic_(0.5,0.5,0.5)",0.5,0.5,0.5,0.902127108713561,0.333333333333333,0.333333333333333,0.333333333333333,FLOAT
"all_mutualistic_(0.5,0.5,0.5)",0.5,0.5,0.5,0.912667383761716,0.333333333333333,0.333333333333333,0.333333333333333,FLOAT
"all_mutualistic_(0.5,0.5,0.5)",0.5,0.5,0.5,0.916170995291558,0.333333333333333,0.333333333333333,0.333333333333333,FLOAT
"all_mutualistic_(0.5,0.5,0.5)",0.5,0.5,0.5,0.923730141409766,0.333333333333333,0.333333333333333,0.333333333333333,FLOAT
"all_mutualistic_(0.5,0.5,0.5)",0.5,0.5,0.5,0.931052520449102,0.333333333333333,0.333333333333333,0.333333333333333,FLOAT
"all_mutualistic_(0.5,0.5,0.5)",0.5,0.5,0.5,0.933391537091908,0.333333333333333,0.333333333333333,0.333333333333333,FLOAT
"all_mutualistic_(0.5,0.5,0.5)",0.5,0.5,0.5,0.941829086706256,0.333333333333333,0.333333333333333,0.333333333333333,FLOAT
"all_mutualistic_(0.5,0.5,0.5)",0.5,0.5,0.5,0.946821644600358,0.333333333333333,0.333333333333333,0.333333333333333,FLOAT
"all_mutualistic_(0.5,0.5,0.5)",0.5,0.5,0.5,0.94919781953087,0.333333333333333,0.333333333333333,0.333333333333333,FLOAT
"all_mutualistic_(0.5,0.5,0.5)",0.5,0.5,0.5,0.955633126690214,0.333333333333333,0.333333333333333,0.333333333333333,FLOAT
"all_mutualistic_(0.5,0.5,0.5)",0.5,0.5,0.5,0.961253248795439,0.333333333333333,0.333333333333333,0.333333333333333,FLOAT
"all_mutualistic_(0.5,0.5,0.5)",0.5,0.5,0.5,0.963531308016255,0.333333333333333,0.333333333333333,0.333333333333333,FLOAT
"all_mutualistic_(0.5,0.5,0.5)",0.5,0.5,0.5,0.966161448465718,0.333333333333333,0.333333333333333,0.333333333333333,FLOAT
"all_mutualistic_(0.5,0.5,0.5)",0.5,0.5,0.5,0.970447907647971,0.333333333333333,0.333333333333333,0.333333333333333,FLOAT
"all_mutualistic_(0.5,0.5,0.5)",0.5,0.5,0.5,0.974191384595819,0.333333333333333,0.333333333333333,0.333333333333333,FLOAT
"all_mutualistic_(0.5,0.5,0.5)",0.5,0.5,0.5,0.977460660952652,0.333333333333333,0.333333333333333,0.333333333333333,FLOAT
"all_mutualistic_(0.5,0.5,0.5)",0.5,0.5,0.5,0.980315805527134,0.333333333333333,0.333333333333333,0.333333333333333,FLOAT
"all_mutualistic_(0.5,0.5,0.5)",0.5,0.5,0.5,0.981237608556118,0.333333333333333,0.333333333333333,0.333333333333333,FLOAT
"all_mutualistic_(0.5,0.5,0.5)",0.5,0.5,0.5,0.982809277981414,0.333333333333333,0.333333333333333,0.333333333333333,FLOAT
"all_mutualistic_(0.5,0.5,0.5)",0.5,0.5,0.5,0.984986892710918,0.333333333333333,0.333333333333333,0.333333333333333,FLOAT
"all_mutualistic_(0.5,0.5,0.5)",0.5,0.5,0.5,0.986888660625784,0.333333333333333,0.333333333333333,0.333333333333333,FLOAT
"all_mutualistic_(0.5,0.5,0.5)",0.5,0.5,0.5,0.988549524300617,0.333333333333333,0.333333333333333,0.333333333333333,FLOAT
"all_mutualistic_(0.5,0.5,0.5)",0.5,0.5,0.5,0.99,0.333333333333333,0.333333333333333,0.333333333333333,FLOAT
"all_mutualistic_(0.5,0.5,0.5)",0.5,0.5,0.5,0.991266738376172,0.333333333333333,0.333333333333333,0.333333333333333,FLOAT
"all_mutualistic_(0.5,0.5,0.5)",0.5,0.5,0.5,0.992373014140977,0.333333333333333,0.333333333333333,0.333333333333333,FLOAT
"all_mutualistic_(0.5,0.5,0.5)",0.5,0.5,0.5,0.993339153709191,0.333333333333333,0.333333333333333,0.333333333333333,FLOAT
"all_mutualistic_(0.5,0.5,0.5)",0.5,0.5,0.5,0.994182908670626,0.333333333333333,0.333333333333333,0.333333333333333,FLOAT
"all_mutualistic_(0.5,0.5,0.5)",0.5,0.5,0.5,0.994919781953087,0.333333333333333,0.333333333333333,0.333333333333333,FLOAT
"all_mutualistic_(0.5,0.5,0.5)",0.5,0.5,0.5,0.995563312669021,0.333333333333333,0.333333333333333,0.333333333333333,FLOAT
"all_mutualistic_(0.5,0.5,0.5)",0.5,0.5,0.5,0.996125324879544,0.333333333333333,0.333333333333333,0.333333333333333,FLOAT
"all_mutualistic_(0.5,0.5,0.5)",0.5,0.5,0.5,0.996616144846572,0.333333333333333,0.333333333333333,0.333333333333333,FLOAT
"all_mutualistic_(0.5,0.5,0.5)",0.5,0.5,0.5,0.997044790764797,0.333333333333333,0.333333333333333,0.333333333333333,FLOAT
"all_mutualistic_(0.5,0.5,0.5)",0.5,0.5,0.5,0.997419138459582,0.333333333333333,0.333333333333333,0.333333333333333,FLOAT
"all_mutualistic_(0.5,0.5,0.5)",0.5,0.5,0.5,0.997746066095265,0.333333333333333,0.333333333333333,0.333333333333333,FLOAT
"all_mutualistic_(0.5,0.5,0.5)",0.5,0.5,0.5,0.998031580552713,0.333333333333333,0.333333333333333,0.333333333333333,FLOAT
"all_mutualistic_(0.5,0.5,0.5)",0.5,0.5,0.5,0.998280927798141,0.333333333333333,0.333333333333333,0.333333333333333,FLOAT
"all_mutualistic_(0.5,0.5,0.5)",0.5,0.5,0.5,0.998498689271092,0.333333333333333,0.333333333333333,0.333333333333333,FLOAT
"all_mutualistic_(0.5,0.5,0.5)",0.5,0.5,0.5,0.998688866062578,0.333333333333333,0.333333333333333,0.333333333333333,FLOAT
"all_mutualistic_(0.5,0.5,0.5)",0.5,0.5,0.5,0.998854952430062,0.333333333333333,0.333333333333333,0.333333333333333,FLOAT
"all_mutualistic_(0.5,0.5,0.5)",0.5,0.5,0.5,0.999,0.333333333333333,0.333333333333333,0.333333333333333,FLOAT
"all_mutualistic_(0.5,0.5,0.5)",0.5,0.5,0.5,0.999126673837617,0.333333333333333,0.333333333333333,0.333333333333333,FLOAT
"all_mutualistic_(0.5,0.5,0.5)",0.5,0.5,0.5,0.999237301414098,0.333333333333333,0.333333333333333,0.333333333333333,FLOAT
"all_mutualistic_(0.5,0.5,0.5)",0.5,0.5,0.5,0.999333915370919,0.333333333333333,0.333333333333333,0.333333333333333,FLOAT
"all_mutualistic_(0.5,0.5,0.5)",0.5,0.5,0.5,0.999418290867063,0.333333333333333,0.333333333333333,0.333333333333333,FLOAT
"all_mutualistic_(0.5,0.5,0.5)",0.5,0.5,0.5,0.999491978195309,0.333333333333333,0.333333333333333,0.333333333333333,FLOAT
"all_mutualistic_(0.5,0.5,0.5)",0.5,0.5,0.5,0.999556331266902,0.333333333333333,0.333333333333333,0.333333333333333,FLOAT
"all_mutualistic_(0.5,0.5,0.5)",0.5,0.5,0.5,0.999612532487954,0.333333333333333,0.333333333333333,0.333333333333333,FLOAT
"all_mutualistic_(0.5,0.5,0.5)",0.5,0.5,0.5,0.999661614484657,0.333333333333333,0.333333333333333,0.333333333333333,FLOAT
"all_mutualistic_(0.5,0.5,0.5)",0.5,0.5,0.5,0.99970447907648,0.333333333333333,0.333333333333333,0.333333333333333,FLOAT
"all_mutualistic_(0.5,0.5,0.5)",0.5,0.5,0.5,0.999741913845958,0.333333333333333,0.333333333333333,0.333333333333333,FLOAT
"all_mutualistic_(0.5,0.5,0.5)",0.5,0.5,0.5,0.999774606609527,0.333333333333333,0.333333333333333,0.333333333333333,FLOAT
"all_mutualistic_(0.5,0.5,0.5)",0.5,0.5,0.5,0.999803158055271,0.333333333333333,0.333333333333333,0.333333333333333,FLOAT
"all_mutualistic_(0.5,0.5,0.5)",0.5,0.5,0.5,0.999828092779814,0.333333333333333,0.333333333333333,0.333333333333333,FLOAT
"all_mutualistic_(0.5,0.5,0.5)",0.5,0.5,0.5,0.999849868927109,0.333333333333333,0.333333333333333,0.333333333333333,FLOAT
"all_mutualistic_(0.5,0.5,0.5)",0.5,0.5,0.5,0.999868886606258,0.333333333333333,0.333333333333333,0.333333333333333,FLOAT
"all_mutualistic_(0.5,0.5,0.5)",0.5,0.5,0.5,0.999885495243006,0.333333333333333,0.333333333333333,0.333333333333333,FLOAT
"all_mutualistic_(0.5,0.5,0.5)",0.5,0.5,0.5,0.9999,0.333333333333333,0.333333333333333,0.333333333333333,FLOAT
"all_mutualistic_(0.5,0.5,0.5)",0.5,0.5,0.5,0.999912667383762,0.333333333333333,0.333333333333333,0.333333333333333,FLOAT
"all_mutualistic_(0.5,0.5,0.5)",0.5,0.5,0.5,0.99992373014141,0.333333333333333,0.333333333333333,0.333333333333333,FLOAT
"all_mutualistic_(0.5,0.5,0.5)",0.5,0.5,0.5,0.999933391537092,0.333333333333333,0.333333333333333,0.333333333333333,FLOAT
"all_mutualistic_(0.5,0.5,0.5)",0.5,0.5,0.5,0.999941829086706,0.333333333333333,0.333333333333333,0.333333333333333,FLOAT
"all_mutualistic_(0.5,0.5,0.5)",0.5,0.5,0.5,0.999949197819531,0.333333333333333,0.333333333333333,0.333333333333333,FLOAT
"all_mutualistic_(0.5,0.5,0.5)",0.5,0.5,0.5,0.99995563312669,0.333333333333333,0.333333333333333,0.333333333333333,FLOAT
"all_mutualistic_(0.5,0.5,0.5)",0.5,0.5,0.5,0.999961253248795,0.333333333333333,0.333333333333333,0.333333333333333,FLOAT
"all_mutualistic_(0.5,0.5,0.5)",0.5,0.5,0.5,0.999966161448466,0.333333333333333,0.333333333333333,0.333333333333333,FLOAT
"all_mutualistic_(0.5,0.5,0.5)",0.5,0.5,0.5,0.999970447907648,0.333333333333333,0.333333333333333,0.333333333333333,FLOAT
"all_mutualistic_(0.5,0.5,0.5)",0.5,0.5,0.5,0.999974191384596,0.333333333333333,0.333333333333333,0.333333333333333,FLOAT
"all_mutualistic_(0.5,0.5,0.5)",0.5,0.5,0.5,0.999977460660953,0.333333333333333,0.333333333333333,0.333333333333333,FLOAT
"all_mutualistic_(0.5,0.5,0.5)",0.5,0.5,0.5,0.999980315805527,0.333333333333333,0.333333333333333,0.333333333333333,FLOAT
"all_mutualistic_(0.5,0.5,0.5)",0.5,0.5,0.5,0.999982809277981,0.333333333333333,0.333333333333333,0.333333333333333,FLOAT
"all_mutualistic_(0.5,0.5,0.5)",0.5,0.5,0.5,0.999984986892711,0.333333333333333,0.333333333333333,0.333333333333333,FLOAT
"all_mutualistic_(0.5,0.5,0.5)",0.5,0.5,0.5,0.999986888660626,0.333333333333333,0.333333333333333,0.333333333333333,FLOAT
"all_mutualistic_(0.5,0.5,0.5)",0.5,0.5,0.5,0.999988549524301,0.333333333333333,0.333333333333333,0.333333333333333,FLOAT
"all_mutualistic_(0.5,0.5,0.5)",0.5,0.5,0.5,0.99999,0.333333333333333,0.333333333333333,0.333333333333333,FLOAT
"all_mutualistic_(0.5,0.5,0.5)",0.5,0.5,0.5,0.999991266738376,0.333333333333333,0.333333333333333,0.333333333333333,FLOAT
"all_mutualistic_(0.5,0.5,0.5)",0.5,0.5,0.5,0.999992373014141,0.333333333333333,0.333333333333333,0.333333333333333,FLOAT
"all_mutualistic_(0.5,0.5,0.5)",0.5,0.5,0.5,0.999993339153709,0.333333333333333,0.333333333333333,0.333333333333333,FLOAT
"all_mutualistic_(0.5,0.5,0.5)",0.5,0.5,0.5,0.999994182908671,0.333333333333333,0.333333333333333,0.333333333333333,FLOAT
"all_mutualistic_(0.5,0.5,0.5)",0.5,0.5,0.5,0.999994919781953,0.333333333333333,0.333333333333333,0.333333333333333,FLOAT
"all_mutualistic_(0.5,0.5,0.5)",0.5,0.5,0.5,0.999995563312669,0.333333333333333,0.333333333333333,0.333333333333333,FLOAT
"all_mutualistic_(0.5,0.5,0.5)",0.5,0.5,0.5,0.99999612532488,0.333333333333333,0.333333333333333,0.333333333333333,FLOAT
"all_mutualistic_(0.5,0.5,0.5)",0.5,0.5,0.5,0.999996616144847,0.333333333333333,0.333333333333333,0.333333333333333,FLOAT
"all_mutualistic_(0.5,0.5,0.5)",0.5,0.5,0.5,0.999997044790765,0.333333333333333,0.333333333333333,0.333333333333333,FLOAT
"all_mutualistic_(0.5,0.5,0.5)",0.5,0.5,0.5,0.99999741913846,0.333333333333333,0.333333333333333,0.333333333333333,FLOAT
"all_mutualistic_(0.5,0.5,0.5)",0.5,0.5,0.5,0.999997746066095,0.333333333333333,0.333333333333333,0.333333333333333,FLOAT
"all_mutualistic_(0.5,0.5,0.5)",0.5,0.5,0.5,0.999998031580553,0.333333333333333,0.333333333333333,0.333333333333333,FLOAT
"all_mutualistic_(0.5,0.5,0.5)",0.5,0.5,0.5,0.999998280927798,0.333333333333333,0.333333333333333,0.333333333333333,FLOAT
"all_mutualistic_(0.5,0.5,0.5)",0.5,0.5,0.5,0.999998498689271,0.333333333333333,0.333333333333333,0.333333333333333,FLOAT
"all_mutualistic_(0.5,0.5,0.5)",0.5,0.5,0.5,0.999998688866063,0.333333333333333,0.333333333333333,0.333333333333333,FLOAT
"all_mutualistic_(0.5,0.5,0.5)",0.5,0.5,0.5,0.99999885495243,0.333333333333333,0.333333333333333,0.333333333333333,FLOAT
"all_mutualistic_(0.5,0.5,0.5)",0.5,0.5,0.5,0.999999,0.333333333333333,0.333333333333333,0.333333333333333,FLOAT
"all_mutualistic_(0.5,0.5,0.5)",0.5,0.5,0.5,0.999999126673838,0.333333333333333,0.333333333333333,0.333333333333333,FLOAT
"all_mutualistic_(0.5,0.5,0.5)",0.5,0.5,0.5,0.999999237301414,0.333333333333333,0.333333333333333,0.333333333333333,FLOAT
"all_mutualistic_(0.5,0.5,0.5)",0.5,0.5,0.5,0.999999333915371,0.333333333333333,0.333333333333333,0.333333333333333,FLOAT
"all_mutualistic_(0.5,0.5,0.5)",0.5,0.5,0.5,0.999999418290867,0.333333333333333,0.333333333333333,0.333333333333333,FLOAT
"all_mutualistic_(0.5,0.5,0.5)",0.5,0.5,0.5,0.999999491978195,0.333333333333333,0.333333333333333,0.333333333333333,FLOAT
"all_mutualistic_(0.5,0.5,0.5)",0.5,0.5,0.5,0.999999556331267,0.333333333333333,0.333333333333333,0.333333333333333,FLOAT
"all_mutualistic_(0.5,0.5,0.5)",0.5,0.5,0.5,0.999999612532488,0.333333333333333,0.333333333333333,0.333333333333333,FLOAT
"all_mutualistic_(0.5,0.5,0.5)",0.5,0.5,0.5,0.999999661614485,0.333333333333333,0.333333333333333,0.333333333333333,FLOAT
"all_mutualistic_(0.5,0.5,0.5)",0.5,0.5,0.5,0.999999704479076,0.333333333333333,0.333333333333333,0.333333333333333,FLOAT
"all_mutualistic_(0.5,0.5,0.5)",0.5,0.5,0.5,0.999999741913846,0.333333333333333,0.333333333333333,0.333333333333333,FLOAT
"all_mutualistic_(0.5,0.5,0.5)",0.5,0.5,0.5,0.999999774606609,0.333333333333333,0.333333333333333,0.333333333333333,FLOAT
"all_mutualistic_(0.5,0.5,0.5)",0.5,0.5,0.5,0.999999803158055,0.333333333333333,0.333333333333333,0.333333333333333,FLOAT
"all_mutualistic_(0.5,0.5,0.5)",0.5,0.5,0.5,0.99999982809278,0.333333333333333,0.333333333333333,0.333333333333333,FLOAT
"all_mutualistic_(0.5,0.5,0.5)",0.5,0.5,0.5,0.999999849868927,0.333333333333333,0.333333333333333,0.333333333333333,FLOAT
"all_mutualistic_(0.5,0.5,0.5)",0.5,0.5,0.5,0.999999868886606,0.333333333333333,0.333333333333333,0.333333333333333,FLOAT
"all_mutualistic_(0.5,0.5,0.5)",0.5,0.5,0.5,0.999999885495243,0.333333333333333,0.333333333333333,0.333333333333333,FLOAT
"all_mutualistic_(0.5,0.5,0.5)",0.5,0.5,0.5,0.9999999,0.333333333333333,0.333333333333333,0.333333333333333,FLOAT
"all_mutualistic_(0.5,0.5,0.5)",0.5,0.5,0.5,0.999999912667384,0.333333333333333,0.333333333333333,0.333333333333333,FLOAT
"all_mutualistic_(0.5,0.5,0.5)",0.5,0.5,0.5,0.999999923730141,0.333333333333333,0.333333333333333,0.333333333333333,FLOAT
"all_mutualistic_(0.5,0.5,0.5)",0.5,0.5,0.5,0.999999933391537,0.333333333333333,0.333333333333333,0.333333333333333,FLOAT
"all_mutualistic_(0.5,0.5,0.5)",0.5,0.5,0.5,0.999999941829087,0.333333333333333,0.333333333333333,0.333333333333333,FLOAT
"all_mutualistic_(0.5,0.5,0.5)",0.5,0.5,0.5,0.99999994919782,0.333333333333333,0.333333333333333,0.333333333333333,FLOAT
"all_mutualistic_(0.5,0.5,0.5)",0.5,0.5,0.5,0.999999955633127,0.333333333333333,0.333333333333333,0.333333333333333,FLOAT
"all_mutualistic_(0.5,0.5,0.5)",0.5,0.5,0.5,0.999999961253249,0.333333333333333,0.333333333333333,0.333333333333333,FLOAT
"all_mutualistic_(0.5,0.5,0.5)",0.5,0.5,0.5,0.999999966161448,0.333333333333333,0.333333333333333,0.333333333333333,FLOAT
"all_mutualistic_(0.5,0.5,0.5)",0.5,0.5,0.5,0.999999970447908,0.333333333333333,0.333333333333333,0.333333333333333,FLOAT
"all_mutualistic_(0.5,0.5,0.5)",0.5,0.5,0.5,0.999999974191385,0.333333333333333,0.333333333333333,0.333333333333333,FLOAT
"all_mutualistic_(0.5,0.5,0.5)",0.5,0.5,0.5,0.999999977460661,0.333333333333333,0.333333333333333,0.333333333333333,FLOAT
"all_mutualistic_(0.5,0.5,0.5)",0.5,0.5,0.5,0.999999980315806,0.333333333333333,0.333333333333333,0.333333333333333,FLOAT
"all_mutualistic_(0.5,0.5,0.5)",0.5,0.5,0.5,0.999999982809278,0.333333333333333,0.333333333333333,0.333333333333333,FLOAT
"all_mutualistic_(0.5,0.5,0.5)",0.5,0.5,0.5,0.999999984986893,0.333333333333333,0.333333333333333,0.333333333333333,FLOAT
"all_mutualistic_(0.5,0.5,0.5)",0.5,0.5,0.5,0.999999986888661,0.333333333333333,0.333333333333333,0.333333333333333,FLOAT
"all_mutualistic_(0.5,0.5,0.5)",0.5,0.5,0.5,0.999999988549524,0.333333333333333,0.333333333333333,0.333333333333333,FLOAT
"all_mutualistic_(0.5,0.5,0.5)",0.5,0.5,0.5,0.99999999,0.333333333333333,0.333333333333333,0.333333333333333,FLOAT
"mutualistic_mixed_(0.2,0.8,0.5)",0.2,0.8,0.5,0.666666676666667,0.333333333333333,0.333333335147133,0.333333331519534,FLOAT
"mutualistic_mixed_(0.2,0.8,0.5)",0.2,0.8,0.5,0.66666667726311,0.333333333333333,0.333333335255316,0.333333331411351,FLOAT
"mutualistic_mixed_(0.2,0.8,0.5)",0.2,0.8,0.5,0.666666677895128,0.333333333333333,0.333333335369951,0.333333331296716,FLOAT
"mutualistic_mixed_(0.2,0.8,0.5)",0.2,0.8,0.5,0.666666678564843,0.333333333333333,0.333333335491424,0.333333331175243,FLOAT
"mutualistic_mixed_(0.2,0.8,0.5)",0.2,0.8,0.5,0.666666679274502,0.333333333333333,0.333333335620142,0.333333331046525,FLOAT
"mutualistic_mixed_(0.2,0.8,0.5)",0.2,0.8,0.5,0.666666680026488,0.333333333333333,0.333333335756537,0.33333333091013,FLOAT
"mutualistic_mixed_(0.2,0.8,0.5)",0.2,0.8,0.5,0.666666680823326,0.333333333333333,0.333333335901067,0.333333330765599,FLOAT
"mutualistic_mixed_(0.2,0.8,0.5)",0.2,0.8,0.5,0.666666681667691,0.333333333333333,0.333333336054218,0.333333330612449,FLOAT
"mutualistic_mixed_(0.2,0.8,0.5)",0.2,0.8,0.5,0.666666682562417,0.333333333333333,0.333333336216504,0.333333330450163,FLOAT
"mutualistic_mixed_(0.2,0.8,0.5)",0.2,0.8,0.5,0.666666683510509,0.333333333333333,0.333333336388468,0.333333330278198,FLOAT
"mutualistic_mixed_(0.2,0.8,0.5)",0.2,0.8,0.5,0.666666684515149,0.333333333333333,0.33333333657069,0.333333330095977,FLOAT
"mutualistic_mixed_(0.2,0.8,0.5)",0.2,0.8,0.5,0.66666668557971,0.333333333333333,0.33333333676378,0.333333329902887,FLOAT
"mutualistic_mixed_(0.2,0.8,0.5)",0.2,0.8,0.5,0.666666686707767,0.333333333333333,0.333333336968387,0.33333332969828,FLOAT
"mutualistic_mixed_(0.2,0.8,0.5)",0.2,0.8,0.5,0.666666687903105,0.333333333333333,0.333333337185197,0.333333329481469,FLOAT
"mutualistic_mixed_(0.2,0.8,0.5)",0.2,0.8,0.5,0.666666689169739,0.333333333333333,0.333333337414939,0.333333329251727,FLOAT
"mutualistic_mixed_(0.2,0.8,0.5)",0.2,0.8,0.5,0.66666669051192,0.333333333333333,0.333333337658384,0.333333329008283,FLOAT
"mutualistic_mixed_(0.2,0.8,0.5)",0.2,0.8,0.5,0.666666691934155,0.333333333333333,0.333333337916349,0.333333328750318,FLOAT
"mutualistic_mixed_(0.2,0.8,0.5)",0.2,0.8,0.5,0.666666693441218,0.333333333333333,0.3333333381897,0.333333328476967,FLOAT
"mutualistic_mixed_(0.2,0.8,0.5)",0.2,0.8,0.5,0.666666695038169,0.333333333333333,0.333333338479355,0.333333328187312,FLOAT
"mutualistic_mixed_(0.2,0.8,0.5)",0.2,0.8,0.5,0.666666696730369,0.333333333333333,0.333333338786286,0.333333327880381,FLOAT
"mutualistic_mixed_(0.2,0.8,0.5)",0.2,0.8,0.5,0.666666698523499,0.333333333333333,0.333333339111524,0.333333327555143,FLOAT
"mutualistic_mixed_(0.2,0.8,0.5)",0.2,0.8,0.5,0.666666700423579,0.333333333333333,0.33333333945616,0.333333327210506,FLOAT
"mutualistic_mixed_(0.2,0.8,0.5)",0.2,0.8,0.5,0.666666702436989,0.333333333333333,0.333333339821352,0.333333326845314,FLOAT
"mutualistic_mixed_(0.2,0.8,0.5)",0.2,0.8,0.5,0.666666704570486,0.333333333333333,0.333333340208326,0.333333326458341,FLOAT
"mutualistic_mixed_(0.2,0.8,0.5)",0.2,0.8,0.5,0.666666706831235,0.333333333333333,0.333333340618381,0.333333326048286,FLOAT
"mutualistic_mixed_(0.2,0.8,0.5)",0.2,0.8,0.5,0.666666709226825,0.333333333333333,0.333333341052892,0.333333325613774,FLOAT
"mutualistic_mixed_(0.2,0.8,0.5)",0.2,0.8,0.5,0.666666711765299,0.333333333333333,0.333333341513321,0.333333325153346,FLOAT
"mutualistic_mixed_(0.2,0.8,0.5)",0.2,0.8,0.5,0.666666714455177,0.333333333333333,0.333333342001211,0.333333324665456,FLOAT
"mutualistic_mixed_(0.2,0.8,0.5)",0.2,0.8,0.5,0.666666717305492,0.333333333333333,0.333333342518201,0.333333324148466,FLOAT
"mutualistic_mixed_(0.2,0.8,0.5)",0.2,0.8,0.5,0.666666720325813,0.333333333333333,0.333333343066026,0.33333332360064,FLOAT
"mutualistic_mixed_(0.2,0.8,0.5)",0.2,0.8,0.5,0.666666723526278,0.333333333333333,0.333333343646527,0.33333332302014,FLOAT
"mutualistic_mixed_(0.2,0.8,0.5)",0.2,0.8,0.5,0.666666726917633,0.333333333333333,0.33333334426165,0.333333322405016,FLOAT
"mutualistic_mixed_(0.2,0.8,0.5)",0.2,0.8,0.5,0.666666730511263,0.333333333333333,0.333333344913463,0.333333321753204,FLOAT
"mutualistic_mixed_(0.2,0.8,0.5)",0.2,0.8,0.5,0.666666734319233,0.333333333333333,0.333333345604152,0.333333321062514,FLOAT
"mutualistic_mixed_(0.2,0.8,0.5)",0.2,0.8,0.5,0.666666738354327,0.333333333333334,0.333333346336037,0.333333320330629,FLOAT
"mutualistic_mixed_(0.2,0.8,0.5)",0.2,0.8,0.5,0.666666742630091,0.333333333333334,0.333333347111575,0.333333319555091,FLOAT
"mutualistic_mixed_(0.2,0.8,0.5)",0.2,0.8,0.5,0.66666674716088,0.333333333333334,0.33333334793337,0.333333318733297,FLOAT
"mutualistic_mixed_(0.2,0.8,0.5)",0.2,0.8,0.5,0.666666751961906,0.333333333333334,0.33333334880418,0.333333317862487,FLOAT
"mutualistic_mixed_(0.2,0.8,0.5)",0.2,0.8,0.5,0.666666757049286,0.333333333333334,0.333333349726928,0.333333316939738,FLOAT
"mutualistic_mixed_(0.2,0.8,0.5)",0.2,0.8,0.5,0.666666762440099,0.333333333333334,0.333333350704714,0.333333315961953,FLOAT
"mutualistic_mixed_(0.2,0.8,0.5)",0.2,0.8,0.5,0.666666768152444,0.333333333333334,0.333333351740819,0.333333314925848,FLOAT
"mutualistic_mixed_(0.2,0.8,0.5)",0.2,0.8,0.5,0.666666774205498,0.333333333333334,0.333333352838721,0.333333313827945,FLOAT
"mutualistic_mixed_(0.2,0.8,0.5)",0.2,0.8,0.5,0.666666780619582,0.333333333333334,0.333333354002108,0.333333312664558,FLOAT
"mutualistic_mixed_(0.2,0.8,0.5)",0.2,0.8,0.5,0.66666678741623,0.333333333333334,0.333333355234884,0.333333311431783,FLOAT
"mutualistic_mixed_(0.2,0.8,0.5)",0.2,0.8,0.5,0.66666679461826,0.333333333333334,0.333333356541188,0.333333310125478,FLOAT
"mutualistic_mixed_(0.2,0.8,0.5)",0.2,0.8,0.5,0.666666802249851,0.333333333333334,0.333333357925405,0.333333308741261,FLOAT
"mutualistic_mixed_(0.2,0.8,0.5)",0.2,0.8,0.5,0.666666810336623,0.333333333333334,0.333333359392184,0.333333307274482,FLOAT
"mutualistic_mixed_(0.2,0.8,0.5)",0.2,0.8,0.5,0.666666818905725,0.333333333333334,0.333333360946447,0.333333305720218,FLOAT
"mutualistic_mixed_(0.2,0.8,0.5)",0.2,0.8,0.5,0.666666827985925,0.333333333333334,0.333333362593414,0.333333304073252,FLOAT
"mutualistic_mixed_(0.2,0.8,0.5)",0.2,0.8,0.5,0.666666837607709,0.333333333333334,0.333333364338613,0.333333302328053,FLOAT
"mutualistic_mixed_(0.2,0.8,0.5)",0.2,0.8,0.5,0.666666847803377,0.333333333333334,0.333333366187903,0.333333300478762,FLOAT
"mutualistic_mixed_(0.2,0.8,0.5)",0.2,0.8,0.5,0.66666685860716,0.333333333333335,0.333333368147493,0.333333298519172,FLOAT
"mutualistic_mixed_(0.2,0.8,0.5)",0.2,0.8,0.5,0.666666870055327,0.333333333333335,0.333333370223962,0.333333296442704,FLOAT
"mutualistic_mixed_(0.2,0.8,0.5)",0.2,0.8,0.5,0.666666882186313,0.333333333333335,0.33333337242428,0.333333294242385,FLOAT
"mutualistic_mixed_(0.2,0.8,0.5)",0.2,0.8,0.5,0.666666895040844,0.333333333333335,0.333333374755835,0.33333329191083,FLOAT
"mutualistic_mixed_(0.2,0.8,0.5)",0.2,0.8,0.5,0.666666908662074,0.333333333333335,0.333333377226454,0.333333289440211,FLOAT
"mutualistic_mixed_(0.2,0.8,0.5)",0.2,0.8,0.5,0.666666923095735,0.333333333333335,0.333333379844431,0.333333286822233,FLOAT
"mutualistic_mixed_(0.2,0.8,0.5)",0.2,0.8,0.5,0.666666938390282,0.333333333333336,0.333333382618556,0.333333284048108,FLOAT
"mutualistic_mixed_(0.2,0.8,0.5)",0.2,0.8,0.5,0.666666954597062,0.333333333333336,0.333333385558142,0.333333281108522,FLOAT
"mutualistic_mixed_(0.2,0.8,0.5)",0.2,0.8,0.5,0.666666971770485,0.333333333333336,0.333333388673058,0.333333277993605,FLOAT
"mutualistic_mixed_(0.2,0.8,0.5)",0.2,0.8,0.5,0.666666989968206,0.333333333333337,0.333333391973761,0.333333274692902,FLOAT
"mutualistic_mixed_(0.2,0.8,0.5)",0.2,0.8,0.5,0.666667009251318,0.333333333333337,0.333333395471333,0.33333327119533,FLOAT
"mutualistic_mixed_(0.2,0.8,0.5)",0.2,0.8,0.5,0.666667029684559,0.333333333333338,0.333333399177515,0.333333267489147,FLOAT
"mutualistic_mixed_(0.2,0.8,0.5)",0.2,0.8,0.5,0.666667051336528,0.333333333333338,0.33333340310475,0.333333263561912,FLOAT
"mutualistic_mixed_(0.2,0.8,0.5)",0.2,0.8,0.5,0.666667074279914,0.333333333333339,0.333333407266223,0.333333259400438,FLOAT
"mutualistic_mixed_(0.2,0.8,0.5)",0.2,0.8,0.5,0.666667098591744,0.333333333333339,0.333333411675904,0.333333254990756,FLOAT
"mutualistic_mixed_(0.2,0.8,0.5)",0.2,0.8,0.5,0.666667124353638,0.33333333333334,0.333333416348598,0.333333250318062,FLOAT
"mutualistic_mixed_(0.2,0.8,0.5)",0.2,0.8,0.5,0.666667151652083,0.333333333333341,0.333333421299992,0.333333245366667,FLOAT
"mutualistic_mixed_(0.2,0.8,0.5)",0.2,0.8,0.5,0.666667180578726,0.333333333333342,0.333333426546709,0.333333240119949,FLOAT
"mutualistic_mixed_(0.2,0.8,0.5)",0.2,0.8,0.5,0.66666721123068,0.333333333333343,0.333333432106363,0.333333234560294,FLOAT
"mutualistic_mixed_(0.2,0.8,0.5)",0.2,0.8,0.5,0.66666724371085,0.333333333333344,0.33333343799762,0.333333228669036,FLOAT
"mutualistic_mixed_(0.2,0.8,0.5)",0.2,0.8,0.5,0.666667278128279,0.333333333333346,0.333333444240257,0.333333222426397,FLOAT
"mutualistic_mixed_(0.2,0.8,0.5)",0.2,0.8,0.5,0.666667314598514,0.333333333333347,0.333333450855233,0.33333321581142,FLOAT
"mutualistic_mixed_(0.2,0.8,0.5)",0.2,0.8,0.5,0.666667353243992,0.333333333333349,0.333333457864755,0.333333208801896,FLOAT
"mutualistic_mixed_(0.2,0.8,0.5)",0.2,0.8,0.5,0.666667394194455,0.333333333333351,0.333333465292356,0.333333201374294,FLOAT
"mutualistic_mixed_(0.2,0.8,0.5)",0.2,0.8,0.5,0.666667437587381,0.333333333333353,0.333333473162972,0.333333193503676,FLOAT
"mutualistic_mixed_(0.2,0.8,0.5)",0.2,0.8,0.5,0.666667483568452,0.333333333333355,0.333333481503026,0.333333185163619,FLOAT
"mutualistic_mixed_(0.2,0.8,0.5)",0.2,0.8,0.5,0.666667532292033,0.333333333333358,0.333333490340518,0.333333176326124,FLOAT
"mutualistic_mixed_(0.2,0.8,0.5)",0.2,0.8,0.5,0.666667583921701,0.333333333333361,0.333333499705118,0.333333166961521,FLOAT
"mutualistic_mixed_(0.2,0.8,0.5)",0.2,0.8,0.5,0.666667638630787,0.333333333333395,0.333333509628248,0.333333157038356,FLOAT
"mutualistic_mixed_(0.2,0.8,0.5)",0.2,0.8,0.5,0.666667696602962,0.333333333333403,0.333333520143253,0.333333146523344,FLOAT
"mutualistic_mixed_(0.2,0.8,0.5)",0.2,0.8,0.5,0.66666775803285,0.333333333333412,0.333333531285419,0.333333135381169,FLOAT
"mutualistic_mixed_(0.2,0.8,0.5)",0.2,0.8,0.5,0.666667823126684,0.333333333333421,0.333333543092154,0.333333123574425,FLOAT
"mutualistic_mixed_(0.2,0.8,0.5)",0.2,0.8,0.5,0.666667892102997,0.333333333333432,0.333333555603095,0.333333111063473,FLOAT
"mutualistic_mixed_(0.2,0.8,0.5)",0.2,0.8,0.5,0.666667965193359,0.333333333333444,0.333333568860244,0.333333097806312,FLOAT
"mutualistic_mixed_(0.2,0.8,0.5)",0.2,0.8,0.5,0.666668042643148,0.333333333333458,0.333333582908109,0.333333083758433,FLOAT
"mutualistic_mixed_(0.2,0.8,0.5)",0.2,0.8,0.5,0.66666812471238,0.333333333333473,0.333333597793852,0.333333068872675,FLOAT
"mutualistic_mixed_(0.2,0.8,0.5)",0.2,0.8,0.5,0.666668211676578,0.33333333333349,0.333333613567447,0.333333053099063,FLOAT
"mutualistic_mixed_(0.2,0.8,0.5)",0.2,0.8,0.5,0.666668303827701,0.33333333333351,0.33333363028185,0.33333303638464,FLOAT
"mutualistic_mixed_(0.2,0.8,0.5)",0.2,0.8,0.5,0.666668401475117,0.333333333333531,0.333333647993176,0.333333018673293,FLOAT
"mutualistic_mixed_(0.2,0.8,0.5)",0.2,0.8,0.5,0.666668504946651,0.333333333333556,0.333333666760885,0.333332999905559,FLOAT
"mutualistic_mixed_(0.2,0.8,0.5)",0.2,0.8,0.5,0.666668614589678,0.333333333333583,0.333333686647985,0.333332980018432,FLOAT
"mutualistic_mixed_(0.2,0.8,0.5)",0.2,0.8,0.5,0.666668730772293,0.333333333333614,0.333333707721241,0.333332958945145,FLOAT
"mutualistic_mixed_(0.2,0.8,0.5)",0.2,0.8,0.5,0.666668853884545,0.333333333333648,0.333333730051403,0.333332936614949,FLOAT
"mutualistic_mixed_(0.2,0.8,0.5)",0.2,0.8,0.5,0.666668984339748,0.333333333333687,0.333333753713436,0.333332912952877,FLOAT
"mutualistic_mixed_(0.2,0.8,0.5)",0.2,0.8,0.5,0.666669122575868,0.33333333333373,0.333333778786782,0.333332887879488,FLOAT
"mutualistic_mixed_(0.2,0.8,0.5)",0.2,0.8,0.5,0.666669269056992,0.333333333333779,0.333333805355616,0.333332861310605,FLOAT
"mutualistic_mixed_(0.2,0.8,0.5)",0.2,0.8,0.5,0.666669424274889,0.333333333333834,0.333333833509138,0.333332833157028,FLOAT
"mutualistic_mixed_(0.2,0.8,0.5)",0.2,0.8,0.5,0.666669588750657,0.333333333333895,0.333333863341865,0.333332803324239,FLOAT
"mutualistic_mixed_(0.2,0.8,0.5)",0.2,0.8,0.5,0.666669763036477,0.333333333333964,0.333333894953954,0.333332771712082,FLOAT
"mutualistic_mixed_(0.2,0.8,0.5)",0.2,0.8,0.5,0.666669947717462,0.333333333334042,0.333333928451535,0.333332738214424,FLOAT
"mutualistic_mixed_(0.2,0.8,0.5)",0.2,0.8,0.5,0.666670143413626,0.333333333334129,0.333333963947066,0.333332702718805,FLOAT
"mutualistic_mixed_(0.2,0.8,0.5)",0.2,0.8,0.5,0.666670350781961,0.333333333334226,0.333334001559717,0.333332665106056,FLOAT
"mutualistic_mixed_(0.2,0.8,0.5)",0.2,0.8,0.5,0.666670570518648,0.333333333334336,0.333334041415763,0.333332625249901,FLOAT
"mutualistic_mixed_(0.2,0.8,0.5)",0.2,0.8,0.5,0.666670803361388,0.333333333334459,0.333334083649011,0.33333258301653,FLOAT
"mutualistic_mixed_(0.2,0.8,0.5)",0.2,0.8,0.5,0.666671050091883,0.333333333334598,0.333334128401249,0.333332538264154,FLOAT
"mutualistic_mixed_(0.2,0.8,0.5)",0.2,0.8,0.5,0.66667131153846,0.333333333334753,0.333334175822723,0.333332490842524,FLOAT
"mutualistic_mixed_(0.2,0.8,0.5)",0.2,0.8,0.5,0.666671588578849,0.333333333334927,0.33333422607264,0.333332440592433,FLOAT
"mutualistic_mixed_(0.2,0.8,0.5)",0.2,0.8,0.5,0.666671882143135,0.333333333335123,0.333334279319703,0.333332387345174,FLOAT
"mutualistic_mixed_(0.2,0.8,0.5)",0.2,0.8,0.5,0.666672193216873,0.333333333335343,0.333334335742678,0.333332330921979,FLOAT
"mutualistic_mixed_(0.2,0.8,0.5)",0.2,0.8,0.5,0.666672522844405,0.33333333333559,0.333334395530992,0.333332271133418,FLOAT
"mutualistic_mixed_(0.2,0.8,0.5)",0.2,0.8,0.5,0.666672872132358,0.333333333335867,0.333334458885373,0.333332207778759,FLOAT
"mutualistic_mixed_(0.2,0.8,0.5)",0.2,0.8,0.5,0.666673242253367,0.333333333336178,0.333334526018521,0.333332140645301,FLOAT
"mutualistic_mixed_(0.2,0.8,0.5)",0.2,0.8,0.5,0.666673634450005,0.333333333336528,0.333334597155821,0.333332069507651,FLOAT
"mutualistic_mixed_(0.2,0.8,0.5)",0.2,0.8,0.5,0.66667405003896,0.33333333333692,0.333334672536104,0.333331994126975,FLOAT
"mutualistic_mixed_(0.2,0.8,0.5)",0.2,0.8,0.5,0.66667449041545,0.333333333337361,0.333334752412445,0.333331914250194,FLOAT
"mutualistic_mixed_(0.2,0.8,0.5)",0.2,0.8,0.5,0.666674957057912,0.333333333337856,0.333334837053015,0.333331829609129,FLOAT
"mutualistic_mixed_(0.2,0.8,0.5)",0.2,0.8,0.5,0.666675451532965,0.333333333338411,0.33333492674198,0.333331739919609,FLOAT
"mutualistic_mixed_(0.2,0.8,0.5)",0.2,0.8,0.5,0.666675975500663,0.333333333339035,0.333335021780455,0.33333164488051,FLOAT
"mutualistic_mixed_(0.2,0.8,0.5)",0.2,0.8,0.5,0.666676530720078,0.333333333339735,0.333335122487518,0.333331544172746,FLOAT
"mutualistic_mixed_(0.2,0.8,0.5)",0.2,0.8,0.5,0.666677119055197,0.333333333340522,0.333335229201278,0.3333314374582,FLOAT
"mutualistic_mixed_(0.2,0.8,0.5)",0.2,0.8,0.5,0.666677742481186,0.333333333341405,0.333335342280011,0.333331324378584,FLOAT
"mutualistic_mixed_(0.2,0.8,0.5)",0.2,0.8,0.5,0.666678403091018,0.333333333342397,0.333335462103363,0.33333120455424,FLOAT
"mutualistic_mixed_(0.2,0.8,0.5)",0.2,0.8,0.5,0.666679103102497,0.33333333334351,0.333335589073628,0.333331077582863,FLOAT
"mutualistic_mixed_(0.2,0.8,0.5)",0.2,0.8,0.5,0.666679844865711,0.33333333334476,0.333335723617093,0.333330943038147,FLOAT
"mutualistic_mixed_(0.2,0.8,0.5)",0.2,0.8,0.5,0.666680630870915,0.333333333346164,0.333335866185474,0.333330800468362,FLOAT
"mutualistic_mixed_(0.2,0.8,0.5)",0.2,0.8,0.5,0.666681463756893,0.33333333334774,0.333336017257433,0.333330649394827,FLOAT
"mutualistic_mixed_(0.2,0.8,0.5)",0.2,0.8,0.5,0.666682346319819,0.33333333334951,0.33333617734018,0.33333048931031,FLOAT
"mutualistic_mixed_(0.2,0.8,0.5)",0.2,0.8,0.5,0.666683281522644,0.333333333351497,0.333336346971184,0.333330319677319,FLOAT
"mutualistic_mixed_(0.2,0.8,0.5)",0.2,0.8,0.5,0.666684272505039,0.333333333353729,0.33333652671997,0.333330139926301,FLOAT
"mutualistic_mixed_(0.2,0.8,0.5)",0.2,0.8,0.5,0.666685322593942,0.333333333356234,0.33333671719004,0.333329949453726,FLOAT
"mutualistic_mixed_(0.2,0.8,0.5)",0.2,0.8,0.5,0.666686435314721,0.333333333359047,0.333336919020892,0.333329747620061,FLOAT
"mutualistic_mixed_(0.2,0.8,0.5)",0.2,0.8,0.5,0.666687614403016,0.333333333362206,0.33333713289017,0.333329533747624,FLOAT
"mutualistic_mixed_(0.2,0.8,0.5)",0.2,0.8,0.5,0.666688863817274,0.333333333365753,0.333337359515943,0.333329307118304,FLOAT
"mutualistic_mixed_(0.2,0.8,0.5)",0.2,0.8,0.5,0.666690187752041,0.333333333369736,0.333337599659113,0.333329066971151,FLOAT
"mutualistic_mixed_(0.2,0.8,0.5)",0.2,0.8,0.5,0.666691590652045,0.333333333374208,0.333337854125971,0.333328812499821,FLOAT
"mutualistic_mixed_(0.2,0.8,0.5)",0.2,0.8,0.5,0.666693077227118,0.333333333379229,0.333338123770907,0.333328542849864,FLOAT
"mutualistic_mixed_(0.2,0.8,0.5)",0.2,0.8,0.5,0.666694652468004,0.333333333384867,0.333338409499277,0.333328257115856,FLOAT
"mutualistic_mixed_(0.2,0.8,0.5)",0.2,0.8,0.5,0.66669632166312,0.333333333391198,0.333338712270444,0.333327954338358,FLOAT
"mutualistic_mixed_(0.2,0.8,0.5)",0.2,0.8,0.5,0.666698090416304,0.333333333398307,0.333339033101003,0.33332763350069,FLOAT
"mutualistic_mixed_(0.2,0.8,0.5)",0.2,0.8,0.5,0.666699964665634,0.333333333406289,0.333339373068193,0.333327293525518,FLOAT
"mutualistic_mixed_(0.2,0.8,0.5)",0.2,0.8,0.5,0.66670195070336,0.333333333415251,0.333339733313517,0.333326933271232,FLOAT
"mutualistic_mixed_(0.2,0.8,0.5)",0.2,0.8,0.5,0.666704055197027,0.333333333425315,0.333340115046574,0.333326551528111,FLOAT
"mutualistic_mixed_(0.2,0.8,0.5)",0.2,0.8,0.5,0.666706285211866,0.333333333436614,0.333340519549127,0.333326147014258,FLOAT
"mutualistic_mixed_(0.2,0.8,0.5)",0.2,0.8,0.5,0.666708648234505,0.333333333449302,0.333340948179403,0.333325718371294,FLOAT
"mutualistic_mixed_(0.2,0.8,0.5)",0.2,0.8,0.5,0.666711152198109,0.333333333463549,0.333341402376661,0.33332526415979,FLOAT
"mutualistic_mixed_(0.2,0.8,0.5)",0.2,0.8,0.5,0.666713805509012,0.333333333479546,0.333341883666023,0.333324782854431,FLOAT
"mutualistic_mixed_(0.2,0.8,0.5)",0.2,0.8,0.5,0.666716617074936,0.333333333497508,0.333342393663603,0.333324272838889,FLOAT
"mutualistic_mixed_(0.2,0.8,0.5)",0.2,0.8,0.5,0.6667195963349,0.333333333517677,0.333342934081932,0.333323732400392,FLOAT
"mutualistic_mixed_(0.2,0.8,0.5)",0.2,0.8,0.5,0.666722753290909,0.333333333540323,0.333343506735715,0.333323159723962,FLOAT
"mutualistic_mixed_(0.2,0.8,0.5)",0.2,0.8,0.5,0.666726098541527,0.333333333565752,0.333344113547928,0.33332255288632,FLOAT
"mutualistic_mixed_(0.2,0.8,0.5)",0.2,0.8,0.5,0.666729643317467,0.333333333594304,0.333344756556282,0.333321909849414,FLOAT
"mutualistic_mixed_(0.2,0.8,0.5)",0.2,0.8,0.5,0.666733399519287,0.333333333626365,0.333345437920066,0.333321228453569,FLOAT
"mutualistic_mixed_(0.2,0.8,0.5)",0.2,0.8,0.5,0.666737379757347,0.333333333662364,0.33334615992741,0.333320506410226,FLOAT
"mutualistic_mixed_(0.2,0.8,0.5)",0.2,0.8,0.5,0.666741597394146,0.333333333702785,0.333346925002972,0.333319741294243,FLOAT
"mutualistic_mixed_(0.2,0.8,0.5)",0.2,0.8,0.5,0.666746066589179,0.333333333748173,0.333347735716086,0.333318930535742,FLOAT
"mutualistic_mixed_(0.2,0.8,0.5)",0.2,0.8,0.5,0.666750802346474,0.333333333799136,0.333348594789403,0.333318071411461,FLOAT
"mutualistic_mixed_(0.2,0.8,0.5)",0.2,0.8,0.5,0.666755820564966,0.333333333856361,0.333349505108043,0.333317161035597,FLOAT
"mutualistic_mixed_(0.2,0.8,0.5)",0.2,0.8,0.5,0.666761138091871,0.333333333920615,0.333350469729291,0.333316196350093,FLOAT
"mutualistic_mixed_(0.2,0.8,0.5)",0.2,0.8,0.5,0.666766772779247,0.333333333992764,0.333351491892883,0.333315174114353,FLOAT
"mutualistic_mixed_(0.2,0.8,0.5)",0.2,0.8,0.5,0.666772743543927,0.333333334073777,0.333352575031893,0.33331409089433,FLOAT
"mutualistic_mixed_(0.2,0.8,0.5)",0.2,0.8,0.5,0.666779070431024,0.333333334164742,0.333353722784283,0.333312943050975,FLOAT
"mutualistic_mixed_(0.2,0.8,0.5)",0.2,0.8,0.5,0.666785774681232,0.333333334266883,0.333354939005137,0.33331172672798,FLOAT
"mutualistic_mixed_(0.2,0.8,0.5)",0.2,0.8,0.5,0.666792878802131,0.333333334381573,0.333356227779626,0.333310437838801,FLOAT
"mutualistic_mixed_(0.2,0.8,0.5)",0.2,0.8,0.5,0.66680040664375,0.333333334510353,0.333357593436755,0.333309072052892,FLOAT
"mutualistic_mixed_(0.2,0.8,0.5)",0.2,0.8,0.5,0.666808383478639,0.333333334654955,0.333359040563924,0.333307624781121,FLOAT
"mutualistic_mixed_(0.2,0.8,0.5)",0.2,0.8,0.5,0.666816836086713,0.333333334817322,0.333360574022364,0.333306091160313,FLOAT
"mutualistic_mixed_(0.2,0.8,0.5)",0.2,0.8,0.5,0.666825792845157,0.333333334999638,0.3333621989635,0.333304466036862,FLOAT
"mutualistic_mixed_(0.2,0.8,0.5)",0.2,0.8,0.5,0.666835283823696,0.333333335204354,0.333363920846283,0.333302743949363,FLOAT
"mutualistic_mixed_(0.2,0.8,0.5)",0.2,0.8,0.5,0.666845340885544,0.33333333543422,0.333365745455576,0.333300919110203,FLOAT
"mutualistic_mixed_(0.2,0.8,0.5)",0.2,0.8,0.5,0.666855997794376,0.333333335692329,0.333367678921621,0.33329898538605,FLOAT
"mutualistic_mixed_(0.2,0.8,0.5)",0.2,0.8,0.5,0.666867290327678,0.33333333598215,0.333369727740689,0.333296936277162,FLOAT
"mutualistic_mixed_(0.2,0.8,0.5)",0.2,0.8,0.5,0.666879256396864,0.333333336307579,0.333371898796955,0.333294764895466,FLOAT
"mutualistic_mixed_(0.2,0.8,0.5)",0.2,0.8,0.5,0.666891936174548,0.333333336672992,0.333374199385694,0.333292463941314,FLOAT
"mutualistic_mixed_(0.2,0.8,0.5)",0.2,0.8,0.5,0.666905372229415,0.333333337083302,0.333376637237855,0.333290025678843,FLOAT
"mutualistic_mixed_(0.2,0.8,0.5)",0.2,0.8,0.5,0.666919609669129,0.333333337544026,0.333379220546122,0.333287441909852,FLOAT
"mutualistic_mixed_(0.2,0.8,0.5)",0.2,0.8,0.5,0.666934696291775,0.333333338061358,0.333381957992524,0.333284703946117,FLOAT
"mutualistic_mixed_(0.2,0.8,0.5)",0.2,0.8,0.5,0.666950682746323,0.333333338642255,0.333384858777715,0.33328180258003,FLOAT
"mutualistic_mixed_(0.2,0.8,0.5)",0.2,0.8,0.5,0.666967622702667,0.333333339294528,0.333387932651995,0.333278728053477,FLOAT
"mutualistic_mixed_(0.2,0.8,0.5)",0.2,0.8,0.5,0.666985573031808,0.333333340026947,0.333391189948214,0.33327547002484,FLOAT
"mutualistic_mixed_(0.2,0.8,0.5)",0.2,0.8,0.5,0.667004593996783,0.333333340849361,0.333394641616629,0.33327201753401,FLOAT
"mutualistic_mixed_(0.2,0.8,0.5)",0.2,0.8,0.5,0.667024749454976,0.333333341772831,0.333398299261873,0.333268358965296,FLOAT
"mutualistic_mixed_(0.2,0.8,0.5)",0.2,0.8,0.5,0.667046107072505,0.333333342809775,0.333402175182139,0.333264482008085,FLOAT
"mutualistic_mixed_(0.2,0.8,0.5)",0.2,0.8,0.5,0.667068738551391,0.333333343974139,0.333406282410719,0.333260373615142,FLOAT
"mutualistic_mixed_(0.2,0.8,0.5)",0.2,0.8,0.5,0.667092719870275,0.333333345281582,0.333410634760044,0.333256019958375,FLOAT
"mutualistic_mixed_(0.2,0.8,0.5)",0.2,0.8,0.5,0.667118131539495,0.333333346749689,0.333415246868373,0.333251406381938,FLOAT
"mutualistic_mixed_(0.2,0.8,0.5)",0.2,0.8,0.5,0.667145058871377,0.333333348398205,0.333420134249302,0.333246517352492,FLOAT
"mutualistic_mixed_(0.2,0.8,0.5)",0.2,0.8,0.5,0.667173592266644,0.333333350249307,0.333425313344241,0.333241336406452,FLOAT
"mutualistic_mixed_(0.2,0.8,0.5)",0.2,0.8,0.5,0.667203827517915,0.333333352327892,0.333430801578072,0.333235846094036,FLOAT
"mutualistic_mixed_(0.2,0.8,0.5)",0.2,0.8,0.5,0.667235866131295,0.333333354661923,0.333436617418151,0.333230027919926,FLOAT
"mutualistic_mixed_(0.2,0.8,0.5)",0.2,0.8,0.5,0.667269815667157,0.333333357282799,0.333442780436886,0.333223862280315,FLOAT
"mutualistic_mixed_(0.2,0.8,0.5)",0.2,0.8,0.5,0.667305790101244,0.333333360225781,0.333449311378082,0.333217328396137,FLOAT
"mutualistic_mixed_(0.2,0.8,0.5)",0.2,0.8,0.5,0.667343910207308,0.333333363530464,0.333456232227312,0.333210404242223,FLOAT
"mutualistic_mixed_(0.2,0.8,0.5)",0.2,0.8,0.5,0.667384303962572,0.333333367241315,0.333463566286537,0.333203066472148,FLOAT
"mutualistic_mixed_(0.2,0.8,0.5)",0.2,0.8,0.5,0.667427106977381,0.333333371408267,0.333471338253249,0.333195290338484,FLOAT
"mutualistic_mixed_(0.2,0.8,0.5)",0.2,0.8,0.5,0.66747246295047,0.333333376087396,0.333479574304414,0.33318704960819,FLOAT
"mutualistic_mixed_(0.2,0.8,0.5)",0.2,0.8,0.5,0.667520524151393,0.333333381341675,0.333488302185511,0.333178316472814,FLOAT
"mutualistic_mixed_(0.2,0.8,0.5)",0.2,0.8,0.5,0.667571451931725,0.333333387241822,0.333497551304976,0.333169061453202,FLOAT
"mutualistic_mixed_(0.2,0.8,0.5)",0.2,0.8,0.5,0.667625417266748,0.333333393867258,0.333507352834392,0.333159253298351,FLOAT
"mutualistic_mixed_(0.2,0.8,0.5)",0.2,0.8,0.5,0.66768260132946,0.33333340130717,0.333517739814784,0.333148858878045,FLOAT
"mutualistic_mixed_(0.2,0.8,0.5)",0.2,0.8,0.5,0.667743196098802,0.333333409661725,0.333528747269394,0.333137843068881,FLOAT
"mutualistic_mixed_(0.2,0.8,0.5)",0.2,0.8,0.5,0.667807405004176,0.333333419043409,0.333540412323335,0.333126168633256,FLOAT
"mutualistic_mixed_(0.2,0.8,0.5)",0.2,0.8,0.5,0.667875443608401,0.333333429578557,0.333552774330567,0.333113796090876,FLOAT
"mutualistic_mixed_(0.2,0.8,0.5)",0.2,0.8,0.5,0.667947540331402,0.333333441409049,0.333565875008651,0.3331006835823,FLOAT
"mutualistic_mixed_(0.2,0.8,0.5)",0.2,0.8,0.5,0.668023937217061,0.333333454694231,0.333579758581759,0.333086786724009,FLOAT
"mutualistic_mixed_(0.2,0.8,0.5)",0.2,0.8,0.5,0.668104890745814,0.333333469613067,0.333594471932477,0.333072058454455,FLOAT
"mutualistic_mixed_(0.2,0.8,0.5)",0.2,0.8,0.5,0.668190672695706,0.333333486366554,0.333610064762948,0.333056448870499,FLOAT
"mutualistic_mixed_(0.2,0.8,0.5)",0.2,0.8,0.5,0.66828157105481,0.333333505180439,0.333626589765949,0.333039905053612,FLOAT
"mutualistic_mixed_(0.2,0.8,0.5)",0.2,0.8,0.5,0.668377890988062,0.333333526308274,0.333644102806547,0.333022370885179,FLOAT
"mutualistic_mixed_(0.2,0.8,0.5)",0.2,0.8,0.5,0.668479955861763,0.333333550034842,0.333662663114997,0.333003786850161,FLOAT
"mutualistic_mixed_(0.2,0.8,0.5)",0.2,0.8,0.5,0.668588108329191,0.33333357668001,0.333682333491612,0.332984089828378,FLOAT
"mutualistic_mixed_(0.2,0.8,0.5)",0.2,0.8,0.5,0.668702711480957,0.33333360660306,0.333703180524383,0.332963212872558,FLOAT
"mutualistic_mixed_(0.2,0.8,0.5)",0.2,0.8,0.5,0.668824150063978,0.333333640207552,0.333725274820168,0.33294108497228,FLOAT
"mutualistic_mixed_(0.2,0.8,0.5)",0.2,0.8,0.5,0.668952831773153,0.333333677946792,0.333748691250353,0.332917630802855,FLOAT
"mutualistic_mixed_(0.2,0.8,0.5)",0.2,0.8,0.5,0.669089188620082,0.333333720329977,0.333773509211908,0.332892770458115,FLOAT
"mutualistic_mixed_(0.2,0.8,0.5)",0.2,0.8,0.5,0.669233678383419,0.333333767929062,0.333799812904899,0.332866419166039,FLOAT
"mutualistic_mixed_(0.2,0.8,0.5)",0.2,0.8,0.5,0.669386786145729,0.333333821386654,0.333827691627434,0.332838486985912,FLOAT
"mutualistic_mixed_(0.2,0.8,0.5)",0.2,0.8,0.5,0.669549025922018,0.333333881424548,0.333857240089456,0.332808878485996,FLOAT
"mutualistic_mixed_(0.2,0.8,0.5)",0.2,0.8,0.5,0.669720942385384,0.333333948853652,0.333888558746332,0.332777492400016,FLOAT
"mutualistic_mixed_(0.2,0.8,0.5)",0.2,0.8,0.5,0.669903112695601,0.333334024584982,0.333921754153821,0.332744221261196,FLOAT
"mutualistic_mixed_(0.2,0.8,0.5)",0.2,0.8,0.5,0.670096148436769,0.333334109642054,0.333956939345779,0.332708951012167,FLOAT
"mutualistic_mixed_(0.2,0.8,0.5)",0.2,0.8,0.5,0.670300697670525,0.333334205174816,0.33399423423619,0.332671560588994,FLOAT
"mutualistic_mixed_(0.2,0.8,0.5)",0.2,0.8,0.5,0.670517447111728,0.33333431247532,0.334033766047207,0.332631921477473,FLOAT
"mutualistic_mixed_(0.2,0.8,0.5)",0.2,0.8,0.5,0.670747124433902,0.333334432995339,0.334075669765037,0.332589897239624,FLOAT
"mutualistic_mixed_(0.2,0.8,0.5)",0.2,0.8,0.5,0.67099050071219,0.333334568366182,0.334120088625618,0.3325453430082,FLOAT
"mutualistic_mixed_(0.2,0.8,0.5)",0.2,0.8,0.5,0.671248393012015,0.333334720420982,0.334167174632241,0.332498104946777,FLOAT
"mutualistic_mixed_(0.2,0.8,0.5)",0.2,0.8,0.5,0.671521667132144,0.333334891219772,0.334217089107405,0.332448019672823,FLOAT
"mutualistic_mixed_(0.2,0.8,0.5)",0.2,0.8,0.5,0.671811240511352,0.333335083077686,0.334270003281416,0.332394913640899,FLOAT
"mutualistic_mixed_(0.2,0.8,0.5)",0.2,0.8,0.5,0.67211808530846,0.333335298596699,0.334326098920435,0.332338602482866,FLOAT
"mutualistic_mixed_(0.2,0.8,0.5)",0.2,0.8,0.5,0.672443231666078,0.333335540701347,0.334385568996931,0.332278890301723,FLOAT
"mutualistic_mixed_(0.2,0.8,0.5)",0.2,0.8,0.5,0.672787771169006,0.333335812678921,0.334448618405738,0.332215568915341,FLOAT
"mutualistic_mixed_(0.2,0.8,0.5)",0.2,0.8,0.5,0.673152860508921,0.333336118224721,0.334515464729241,0.332148417046038,FLOAT
"mutualistic_mixed_(0.2,0.8,0.5)",0.2,0.8,0.5,0.673539725367628,0.333336461493005,0.334586339055475,0.33207719945152,FLOAT
"mutualistic_mixed_(0.2,0.8,0.5)",0.2,0.8,0.5,0.673949664531935,0.333336847154361,0.33466148685336,0.33200166599228,FLOAT
"mutualistic_mixed_(0.2,0.8,0.5)",0.2,0.8,0.5,0.674384054253956,0.333337280460322,0.33474116890962,0.331921550630058,FLOAT
"mutualistic_mixed_(0.2,0.8,0.5)",0.2,0.8,0.5,0.674844352871474,0.333337767316173,0.334825662332433,0.331836570351394,FLOAT
"mutualistic_mixed_(0.2,0.8,0.5)",0.2,0.8,0.5,0.675332105703892,0.333338314362972,0.334915261627334,0.331746424009694,FLOAT
"mutualistic_mixed_(0.2,0.8,0.5)",0.2,0.8,0.5,0.675848950240194,0.333338929070009,0.335010279851466,0.331650791078526,FLOAT
"mutualistic_mixed_(0.2,0.8,0.5)",0.2,0.8,0.5,0.676396621636343,0.333339619839038,0.335111049852907,0.331549330308055,FLOAT
"mutualistic_mixed_(0.2,0.8,0.5)",0.2,0.8,0.5,0.676976958540561,0.333340396121824,0.335217925602523,0.331441678275653,FLOAT
"mutualistic_mixed_(0.2,0.8,0.5)",0.2,0.8,0.5,0.677591909266059,0.333341268552742,0.33533128362658,0.331327447820678,FLOAT
"mutualistic_mixed_(0.2,0.8,0.5)",0.2,0.8,0.5,0.67824353833194,0.333342249098405,0.335451524549314,0.331206226352281,FLOAT
"mutualistic_mixed_(0.2,0.8,0.5)",0.2,0.8,0.5,0.678934033394218,0.333343351226576,0.335579074755649,0.331077574017775,FLOAT
"mutualistic_mixed_(0.2,0.8,0.5)",0.2,0.8,0.5,0.679665712590243,0.333344590096912,0.335714388185483,0.330941021717605,FLOAT
"mutualistic_mixed_(0.2,0.8,0.5)",0.2,0.8,0.5,0.680441032321174,0.333345982776463,0.335857948272292,0.330796068951245,FLOAT
"mutualistic_mixed_(0.2,0.8,0.5)",0.2,0.8,0.5,0.681262595498641,0.333347548483237,0.336010270040369,0.330642181476394,FLOAT
"mutualistic_mixed_(0.2,0.8,0.5)",0.2,0.8,0.5,0.68213316028326,0.333349308861633,0.336171902376796,0.330478788761571,FLOAT
"mutualistic_mixed_(0.2,0.8,0.5)",0.2,0.8,0.5,0.683055649344363,0.333351288294059,0.336343430496293,0.330305281209648,FLOAT
"mutualistic_mixed_(0.2,0.8,0.5)",0.2,0.8,0.5,0.684033159672015,0.333353514253708,0.336525478619458,0.330121007126834,FLOAT
"mutualistic_mixed_(0.2,0.8,0.5)",0.2,0.8,0.5,0.68506897297426,0.333356017704156,0.33671871288763,0.329925269408214,FLOAT
"mutualistic_mixed_(0.2,0.8,0.5)",0.2,0.8,0.5,0.686166566694507,0.333358833552314,0.336923844540792,0.329717321906894,FLOAT
"mutualistic_mixed_(0.2,0.8,0.5)",0.2,0.8,0.5,0.687329625686041,0.333362001162195,0.337141633388594,0.329496365449211,FLOAT
"mutualistic_mixed_(0.2,0.8,0.5)",0.2,0.8,0.5,0.68856205458285,0.333365564938155,0.337372891608844,0.329261543453002,FLOAT
"mutualistic_mixed_(0.2,0.8,0.5)",0.2,0.8,0.5,0.689867990908302,0.333369574987509,0.337618487912825,0.329011937099666,FLOAT
"mutualistic_mixed_(0.2,0.8,0.5)",0.2,0.8,0.5,0.691251818965688,0.33337408787404,0.337879352122621,0.328746560003339,FLOAT
"mutualistic_mixed_(0.2,0.8,0.5)",0.2,0.8,0.5,0.692718184557244,0.33337916747567,0.338156480212479,0.328464352311851,FLOAT
"mutualistic_mixed_(0.2,0.8,0.5)",0.2,0.8,0.5,0.694272010581095,0.333384885961735,0.338450939874271,0.328164174163994,FLOAT
"mutualistic_mixed_(0.2,0.8,0.5)",0.2,0.8,0.5,0.695918513558455,0.333391324907786,0.3387638766766,0.327844798415615,FLOAT
"mutualistic_mixed_(0.2,0.8,0.5)",0.2,0.8,0.5,0.697663221146592,0.333398576568812,0.339096520898273,0.327504902532915,FLOAT
"mutualistic_mixed_(0.2,0.8,0.5)",0.2,0.8,0.5,0.699511990696333,0.333406745335291,0.339450195130094,0.327143059534614,FLOAT
"mutualistic_mixed_(0.2,0.8,0.5)",0.2,0.8,0.5,0.701471028916427,0.333415949400655,0.339826322754638,0.326757727844707,FLOAT
"mutualistic_mixed_(0.2,0.8,0.5)",0.2,0.8,0.5,0.703546912710775,0.333426322673703,0.340226437432344,0.326347239893952,FLOAT
"mutualistic_mixed_(0.2,0.8,0.5)",0.2,0.8,0.5,0.705746611258478,0.333438016975495,0.340652193744525,0.32590978927998,FLOAT
"mutualistic_mixed_(0.2,0.8,0.5)",0.2,0.8,0.5,0.708077509410841,0.333451204567301,0.341105379170511,0.325443416262189,FLOAT
"mutualistic_mixed_(0.2,0.8,0.5)",0.2,0.8,0.5,0.710547432483875,0.33346608106483,0.341587927608014,0.324945991327157,FLOAT
"mutualistic_mixed_(0.2,0.8,0.5)",0.2,0.8,0.5,0.713164672529529,0.333482868804214,0.34210193468412,0.324415196511666,FLOAT
"mutualistic_mixed_(0.2,0.8,0.5)",0.2,0.8,0.5,0.715938016173855,0.333501820737716,0.342649675150427,0.323848504111856,FLOAT
"mutualistic_mixed_(0.2,0.8,0.5)",0.2,0.8,0.5,0.718876774115565,0.333523224952238,0.343233622711551,0.323243152336211,FLOAT
"mutualistic_mixed_(0.2,0.8,0.5)",0.2,0.8,0.5,0.721990812384003,0.333547409922002,0.343856472703674,0.322596117374324,FLOAT
"mutualistic_mixed_(0.2,0.8,0.5)",0.2,0.8,0.5,0.725290585461487,0.333574750629105,0.344521168121691,0.321904081249204,FLOAT
"mutualistic_mixed_(0.2,0.8,0.5)",0.2,0.8,0.5,0.728787171381207,0.333605675712783,0.345230929593205,0.321163394694013,FLOAT
"mutualistic_mixed_(0.2,0.8,0.5)",0.2,0.8,0.5,0.732492308918514,0.333640675841358,0.345989290019397,0.320370034139245,FLOAT
"mutualistic_mixed_(0.2,0.8,0.5)",0.2,0.8,0.5,0.736418437000464,0.333680313541286,0.346800134751915,0.319519551706799,FLOAT
"mutualistic_mixed_(0.2,0.8,0.5)",0.2,0.8,0.5,0.740578736465914,0.333725234767065,0.347667748358143,0.318607016874792,FLOAT
"mutualistic_mixed_(0.2,0.8,0.5)",0.2,0.8,0.5,0.744987174316374,0.333776182555981,0.348596869253038,0.317626948190981,FLOAT
"mutualistic_mixed_(0.2,0.8,0.5)",0.2,0.8,0.5,0.749658550606174,0.333834013184844,0.349592753754947,0.316573233060209,FLOAT
"mutualistic_mixed_(0.2,0.8,0.5)",0.2,0.8,0.5,0.754608548129361,0.33389971533464,0.350661251469258,0.315439033196102,FLOAT
"mutualistic_mixed_(0.2,0.8,0.5)",0.2,0.8,0.5,0.759853785070145,0.333974432875804,0.351808894335039,0.314216672789157,FLOAT
"mutualistic_mixed_(0.2,0.8,0.5)",0.2,0.8,0.5,0.765411870793641,0.334059492014142,0.353043002208687,0.312897505777171,FLOAT
"mutualistic_mixed_(0.2,0.8,0.5)",0.2,0.8,0.5,0.771301464964215,0.334156433686901,0.35437180853424,0.311471757778859,FLOAT
"mutualistic_mixed_(0.2,0.8,0.5)",0.2,0.8,0.5,0.777542340189913,0.33426705226963,0.355804610500246,0.309928337230123,FLOAT
"mutualistic_mixed_(0.2,0.8,0.5)",0.2,0.8,0.5,0.784155448403264,0.334393441843028,0.35735194915683,0.308254609000142,FLOAT
"mutualistic_mixed_(0.2,0.8,0.5)",0.2,0.8,0.5,0.791162991201332,0.334538051462358,0.359025826327374,0.306436122210269,FLOAT
"mutualistic_mixed_(0.2,0.8,0.5)",0.2,0.8,0.5,0.798588494381158,0.334703751043073,0.360839966879439,0.304456282077488,FLOAT
"mutualistic_mixed_(0.2,0.8,0.5)",0.2,0.8,0.5,0.806456886920807,0.33489390957076,0.362810137125692,0.302295953303548,FLOAT
"mutualistic_mixed_(0.2,0.8,0.5)",0.2,0.8,0.5,0.814794584671205,0.335112487258731,0.364954532944433,0.299932979796836,FLOAT
"mutualistic_mixed_(0.2,0.8,0.5)",0.2,0.8,0.5,0.823629579039712,0.335364142822396,0.367294254815639,0.297341602361965,FLOAT
"mutualistic_mixed_(0.2,0.8,0.5)",0.2,0.8,0.5,0.83299153096317,0.335654355872545,0.369853891575027,0.294491752552427,FLOAT
"mutualistic_mixed_(0.2,0.8,0.5)",0.2,0.8,0.5,0.842911870485915,0.335989561925783,0.372662240553106,0.29134819752111,FLOAT
"mutualistic_mixed_(0.2,0.8,0.5)",0.2,0.8,0.5,0.853423902277057,0.336377292570243,0.37575319915767,0.287869508272087,FLOAT
"mutualistic_mixed_(0.2,0.8,0.5)",0.2,0.8,0.5,0.864562917441269,0.336826303883657,0.379166872103707,0.284006824012636,FLOAT
"mutualistic_mixed_(0.2,0.8,0.5)",0.2,0.8,0.5,0.876366311998457,0.337346658612102,0.382950949404481,0.279702391983416,FLOAT
"mutualistic_mixed_(0.2,0.8,0.5)",0.2,0.8,0.5,0.888873712430073,0.337949695201496,0.387162422319726,0.274887882478778,FLOAT
"mutualistic_mixed_(0.2,0.8,0.5)",0.2,0.8,0.5,0.9,0.338531617163542,0.39109643546,0.270371947376458,FLOAT
"mutualistic_mixed_(0.2,0.8,0.5)",0.2,0.8,0.5,0.902127108713561,0.338647757306375,0.391869715650984,0.269482527042641,FLOAT
"mutualistic_mixed_(0.2,0.8,0.5)",0.2,0.8,0.5,0.912667383761716,0.33924619371218,0.39580665975821,0.26494714652961,FLOAT
"mutualistic_mixed_(0.2,0.8,0.5)",0.2,0.8,0.5,0.916170995291558,0.339453448470749,0.397155319691145,0.263391231838106,FLOAT
"mutualistic_mixed_(0.2,0.8,0.5)",0.2,0.8,0.5,0.923730141409766,0.339914342143263,0.400135994720601,0.259949663136135,FLOAT
"mutualistic_mixed_(0.2,0.8,0.5)",0.2,0.8,0.5,0.931052520449102,0.340377977404258,0.403118991213715,0.256503031382027,FLOAT
"mutualistic_mixed_(0.2,0.8,0.5)",0.2,0.8,0.5,0.933391537091908,0.340529460593541,0.404092353798338,0.255378185608121,FLOAT
"mutualistic_mixed_(0.2,0.8,0.5)",0.2,0.8,0.5,0.941829086706256,0.341088512700316,0.407688813309715,0.251222673989968,FLOAT
"mutualistic_mixed_(0.2,0.8,0.5)",0.2,0.8,0.5,0.946821644600358,0.341427796590763,0.409881532909181,0.248690670500056,FLOAT
"mutualistic_mixed_(0.2,0.8,0.5)",0.2,0.8,0.5,0.94919781953087,0.341591244602577,0.410942507630826,0.247466247766597,FLOAT
"mutualistic_mixed_(0.2,0.8,0.5)",0.2,0.8,0.5,0.955633126690214,0.342039430107939,0.413873495343961,0.2440870745481,FLOAT
"mutualistic_mixed_(0.2,0.8,0.5)",0.2,0.8,0.5,0.961253248795439,0.342436205312615,0.416503704479898,0.241060090207487,FLOAT
"mutualistic_mixed_(0.2,0.8,0.5)",0.2,0.8,0.5,0.963531308016255,0.342598087065936,0.417588999972917,0.239812912961147,FLOAT
"mutualistic_mixed_(0.2,0.8,0.5)",0.2,0.8,0.5,0.966161448465718,0.342785522164924,0.418856016255017,0.238358461580058,FLOAT
"mutualistic_mixed_(0.2,0.8,0.5)",0.2,0.8,0.5,0.970447907647971,0.343091726591525,0.420953511898953,0.235954761509522,FLOAT
"mutualistic_mixed_(0.2,0.8,0.5)",0.2,0.8,0.5,0.974191384595819,0.34335925157203,0.422818883999114,0.233821864428856,FLOAT
"mutualistic_mixed_(0.2,0.8,0.5)",0.2,0.8,0.5,0.977460660952652,0.343592407675123,0.424473999777299,0.231933592547578,FLOAT
"mutualistic_mixed_(0.2,0.8,0.5)",0.2,0.8,0.5,0.980315805527134,0.343795251038282,0.425939596458736,0.230265152502982,FLOAT
"mutualistic_mixed_(0.2,0.8,0.5)",0.2,0.8,0.5,0.981237608556118,0.343860522855184,0.426416824065103,0.229722653079713,FLOAT
"mutualistic_mixed_(0.2,0.8,0.5)",0.2,0.8,0.5,0.982809277981414,0.343971509590797,0.427235086283021,0.228793404126181,FLOAT
"mutualistic_mixed_(0.2,0.8,0.5)",0.2,0.8,0.5,0.984986892710918,0.344124550886188,0.428378449034347,0.227497000079464,FLOAT
"mutualistic_mixed_(0.2,0.8,0.5)",0.2,0.8,0.5,0.986888660625784,0.344257378113396,0.429386191960221,0.226356429926384,FLOAT
"mutualistic_mixed_(0.2,0.8,0.5)",0.2,0.8,0.5,0.988549524300617,0.344372644020223,0.430273359717239,0.225353996262538,FLOAT
"mutualistic_mixed_(0.2,0.8,0.5)",0.2,0.8,0.5,0.99,0.344472675259894,0.431053579957517,0.224473744782589,FLOAT
"mutualistic_mixed_(0.2,0.8,0.5)",0.2,0.8,0.5,0.991266738376172,0.344559501932087,0.431739133012774,0.223701365055139,FLOAT
"mutualistic_mixed_(0.2,0.8,0.5)",0.2,0.8,0.5,0.992373014140977,0.344634888830929,0.432341036670145,0.223024074498926,FLOAT
"mutualistic_mixed_(0.2,0.8,0.5)",0.2,0.8,0.5,0.993339153709191,0.344700366195074,0.432869139195183,0.222430494609743,FLOAT
"mutualistic_mixed_(0.2,0.8,0.5)",0.2,0.8,0.5,0.994182908670626,0.344757258663843,0.433332215537244,0.221910525798914,FLOAT
"mutualistic_mixed_(0.2,0.8,0.5)",0.2,0.8,0.5,0.994919781953087,0.34480671176358,0.433738063079251,0.221455225157169,FLOAT
"mutualistic_mixed_(0.2,0.8,0.5)",0.2,0.8,0.5,0.995563312669021,0.344849715655181,0.434093594412106,0.221056689932713,FLOAT
"mutualistic_mixed_(0.2,0.8,0.5)",0.2,0.8,0.5,0.996125324879544,0.34488712612814,0.434404925473025,0.220707948398835,FLOAT
"mutualistic_mixed_(0.2,0.8,0.5)",0.2,0.8,0.5,0.996616144846572,0.344919682975753,0.434677458034202,0.220402858990045,FLOAT
"mutualistic_mixed_(0.2,0.8,0.5)",0.2,0.8,0.5,0.997044790764797,0.344948025965007,0.434915956006029,0.220136018028963,FLOAT
"mutualistic_mixed_(0.2,0.8,0.5)",0.2,0.8,0.5,0.997419138459582,0.344972708648279,0.435124615364081,0.21990267598764,FLOAT
"mutualistic_mixed_(0.2,0.8,0.5)",0.2,0.8,0.5,0.997746066095265,0.344994210269499,0.435307127751511,0.219698661978991,FLOAT
"mutualistic_mixed_(0.2,0.8,0.5)",0.2,0.8,0.5,0.998031580552713,0.3450129460067,0.435466737972922,0.219520316020379,FLOAT
"mutualistic_mixed_(0.2,0.8,0.5)",0.2,0.8,0.5,0.998280927798141,0.3450292757735,0.435606295701736,0.219364428524763,FLOAT
"mutualistic_mixed_(0.2,0.8,0.5)",0.2,0.8,0.5,0.998498689271092,0.345043511779006,0.435728301785865,0.219228186435129,FLOAT
"mutualistic_mixed_(0.2,0.8,0.5)",0.2,0.8,0.5,0.998688866062578,0.345055925021768,0.435834949568014,0.219109125410218,FLOAT
"mutualistic_mixed_(0.2,0.8,0.5)",0.2,0.8,0.5,0.998854952430062,0.345066750870597,0.435928161646225,0.219005087483178,FLOAT
"mutualistic_mixed_(0.2,0.8,0.5)",0.2,0.8,0.5,0.999,0.345076193864003,0.436009622494202,0.218914183641795,FLOAT
"mutualistic_mixed_(0.2,0.8,0.5)",0.2,0.8,0.5,0.999126673837617,0.345084431841256,0.436080807344635,0.218834760814108,FLOAT
"mutualistic_mixed_(0.2,0.8,0.5)",0.2,0.8,0.5,0.999237301414098,0.345091619501639,0.436143007716011,0.21876537278235,FLOAT
"mutualistic_mixed_(0.2,0.8,0.5)",0.2,0.8,0.5,0.999333915370919,0.345097891474157,0.436197353936929,0.218704754588915,FLOAT
"mutualistic_mixed_(0.2,0.8,0.5)",0.2,0.8,0.5,0.999418290867063,0.345103364967808,0.436244834993809,0.218651800038383,FLOAT
"mutualistic_mixed_(0.2,0.8,0.5)",0.2,0.8,0.5,0.999491978195309,0.34510814206204,0.436286315999383,0.218605541938577,FLOAT
"mutualistic_mixed_(0.2,0.8,0.5)",0.2,0.8,0.5,0.999556331266902,0.345112311688199,0.436322553551483,0.218565134760319,FLOAT
"mutualistic_mixed_(0.2,0.8,0.5)",0.2,0.8,0.5,0.999612532487954,0.345115951345247,0.436354209225025,0.218529839429728,FLOAT
"mutualistic_mixed_(0.2,0.8,0.5)",0.2,0.8,0.5,0.999661614484657,0.345119128586695,0.436381861415047,0.218499009998258,FLOAT
"mutualistic_mixed_(0.2,0.8,0.5)",0.2,0.8,0.5,0.99970447907648,0.345121902310273,0.436406015725451,0.218472081964275,FLOAT
"mutualistic_mixed_(0.2,0.8,0.5)",0.2,0.8,0.5,0.999741913845958,0.345124323877372,0.436427114076818,0.21844856204581,FLOAT
"mutualistic_mixed_(0.2,0.8,0.5)",0.2,0.8,0.5,0.999774606609527,0.345126438085346,0.436445542687249,0.218428019227404,FLOAT
"mutualistic_mixed_(0.2,0.8,0.5)",0.2,0.8,0.5,0.999803158055271,0.345128284012569,0.43646163906267,0.218410076924761,FLOAT
"mutualistic_mixed_(0.2,0.8,0.5)",0.2,0.8,0.5,0.999828092779814,0.345129895753271,0.436475698117219,0.218394406129509,FLOAT
"mutualistic_mixed_(0.2,0.8,0.5)",0.2,0.8,0.5,0.999849868927109,0.345131303056877,0.436487977530247,0.218380719412876,FLOAT
"mutualistic_mixed_(0.2,0.8,0.5)",0.2,0.8,0.5,0.999868886606258,0.345132531884482,0.436498702433786,0.218368765681732,FLOAT
"mutualistic_mixed_(0.2,0.8,0.5)",0.2,0.8,0.5,0.999885495243006,0.345133604893412,0.43650806951317,0.218358325593419,FLOAT
"mutualistic_mixed_(0.2,0.8,0.5)",0.2,0.8,0.5,0.9999,0.345134541859301,0.436516250593495,0.218349207547204,FLOAT
"mutualistic_mixed_(0.2,0.8,0.5)",0.2,0.8,0.5,0.999912667383762,0.345135360043867,0.436523395775796,0.218341244180337,FLOAT
"mutualistic_mixed_(0.2,0.8,0.5)",0.2,0.8,0.5,0.99992373014141,0.345136074515445,0.436529636179032,0.218334289305523,FLOAT
"mutualistic_mixed_(0.2,0.8,0.5)",0.2,0.8,0.5,0.999933391537092,0.345136698428438,0.43653508633707,0.218328215234492,FLOAT
"mutualistic_mixed_(0.2,0.8,0.5)",0.2,0.8,0.5,0.999941829086706,0.34513724326698,0.436539846293834,0.218322910439186,FLOAT
"mutualistic_mixed_(0.2,0.8,0.5)",0.2,0.8,0.5,0.999949197819531,0.345137719057453,0.436544003434409,0.218318277508139,FLOAT
"mutualistic_mixed_(0.2,0.8,0.5)",0.2,0.8,0.5,0.99995563312669,0.345138134553853,0.436547634085238,0.218314231360909,FLOAT
"mutualistic_mixed_(0.2,0.8,0.5)",0.2,0.8,0.5,0.999961253248795,0.345138497399522,0.436550804912412,0.218310697688066,FLOAT
"mutualistic_mixed_(0.2,0.8,0.5)",0.2,0.8,0.5,0.999966161448466,0.345138814268246,0.43655357414343,0.218307611588324,FLOAT
"mutualistic_mixed_(0.2,0.8,0.5)",0.2,0.8,0.5,0.999970447907648,0.345139090987396,0.436555992634669,0.218304916377936,FLOAT
"mutualistic_mixed_(0.2,0.8,0.5)",0.2,0.8,0.5,0.999974191384596,0.345139332645384,0.436558104803974,0.218302562550642,FLOAT
"mutualistic_mixed_(0.2,0.8,0.5)",0.2,0.8,0.5,0.999977460660953,0.345139543685461,0.43655994944539,0.218300506869149,FLOAT
"mutualistic_mixed_(0.2,0.8,0.5)",0.2,0.8,0.5,0.999980315805527,0.345139727987578,0.43656156044089,0.218298711571532,FLOAT
"mutualistic_mixed_(0.2,0.8,0.5)",0.2,0.8,0.5,0.999982809277981,0.345139888939849,0.436562967382105,0.218297143678045,FLOAT
"mutualistic_mixed_(0.2,0.8,0.5)",0.2,0.8,0.5,0.999984986892711,0.345140029500942,0.436564196113412,0.218295774385646,FLOAT
"mutualistic_mixed_(0.2,0.8,0.5)",0.2,0.8,0.5,0.999986888660626,0.345140152254534,0.436565269206322,0.218294578539145,FLOAT
"mutualistic_mixed_(0.2,0.8,0.5)",0.2,0.8,0.5,0.999988549524301,0.345140259456864,0.436566206373842,0.218293534169293,FLOAT
"mutualistic_mixed_(0.2,0.8,0.5)",0.2,0.8,0.5,0.99999,0.345140353078249,0.436567024832407,0.218292622089344,FLOAT
"mutualistic_mixed_(0.2,0.8,0.5)",0.2,0.8,0.5,0.999991266738376,0.345140434839328,0.436567739617994,0.218291825542678,FLOAT
"mutualistic_mixed_(0.2,0.8,0.5)",0.2,0.8,0.5,0.999992373014141,0.34514050624271,0.436568363862234,0.218291129895056,FLOAT
"mutualistic_mixed_(0.2,0.8,0.5)",0.2,0.8,0.5,0.999993339153709,0.345140568600613,0.436568909033567,0.21829052236582,FLOAT
"mutualistic_mixed_(0.2,0.8,0.5)",0.2,0.8,0.5,0.999994182908671,0.34514062305899,0.436569385147868,0.218289991793143,FLOAT
"mutualistic_mixed_(0.2,0.8,0.5)",0.2,0.8,0.5,0.999994919781953,0.345140670618601,0.4365698009524,0.218289528428998,FLOAT
"mutualistic_mixed_(0.2,0.8,0.5)",0.2,0.8,0.5,0.999995563312669,0.345140712153415,0.43657016408649,0.218289123760095,FLOAT
"mutualistic_mixed_(0.2,0.8,0.5)",0.2,0.8,0.5,0.99999612532488,0.345140748426673,0.436570481221839,0.218288770351489,FLOAT
"mutualistic_mixed_(0.2,0.8,0.5)",0.2,0.8,0.5,0.999996616144847,0.345140780104918,0.436570758185083,0.218288461709999,FLOAT
"mutualistic_mixed_(0.2,0.8,0.5)",0.2,0.8,0.5,0.999997044790765,0.345140807770252,0.436571000064824,0.218288192164924,FLOAT
"mutualistic_mixed_(0.2,0.8,0.5)",0.2,0.8,0.5,0.99999741913846,0.345140831931032,0.436571211305106,0.218287956763863,FLOAT
"mutualistic_mixed_(0.2,0.8,0.5)",0.2,0.8,0.5,0.999997746066095,0.345140853031211,0.436571395787058,0.218287751181732,FLOAT
"mutualistic_mixed_(0.2,0.8,0.5)",0.2,0.8,0.5,0.999998031580553,0.345140871458502,0.436571556900192,0.218287571641306,FLOAT
"mutualistic_mixed_(0.2,0.8,0.5)",0.2,0.8,0.5,0.999998280927798,0.345140887551501,0.436571697604674,0.218287414843825,FLOAT
"mutualistic_mixed_(0.2,0.8,0.5)",0.2,0.8,0.5,0.999998498689271,0.345140901605912,0.436571820485706,0.218287277908382,FLOAT
"mutualistic_mixed_(0.2,0.8,0.5)",0.2,0.8,0.5,0.999998688866063,0.345140913879975,0.436571927801024,0.218287158319001,FLOAT
"mutualistic_mixed_(0.2,0.8,0.5)",0.2,0.8,0.5,0.99999885495243,0.345140924599219,0.436572021522373,0.218287053878407,FLOAT
"mutualistic_mixed_(0.2,0.8,0.5)",0.2,0.8,0.5,0.999999,0.345140933960604,0.436572103371735,0.218286962667661,FLOAT
"mutualistic_mixed_(0.2,0.8,0.5)",0.2,0.8,0.5,0.999999126673838,0.345140942136137,0.436572174852968,0.218286883010895,FLOAT
"mutualistic_mixed_(0.2,0.8,0.5)",0.2,0.8,0.5,0.999999237301414,0.345140949276037,0.436572237279431,0.218286813444532,FLOAT
"mutualistic_mixed_(0.2,0.8,0.5)",0.2,0.8,0.5,0.999999333915371,0.345140955511492,0.43657229179812,0.218286752690388,FLOAT
"mutualistic_mixed_(0.2,0.8,0.5)",0.2,0.8,0.5,0.999999418290867,0.345140960957075,0.436572339410737,0.218286699632189,FLOAT
"mutualistic_mixed_(0.2,0.8,0.5)",0.2,0.8,0.5,0.999999491978195,0.345140965712841,0.436572380992095,0.218286653295064,FLOAT
"mutualistic_mixed_(0.2,0.8,0.5)",0.2,0.8,0.5,0.999999556331267,0.345140969866174,0.436572417306194,0.218286612827632,FLOAT
"mutualistic_mixed_(0.2,0.8,0.5)",0.2,0.8,0.5,0.999999612532488,0.345140973493387,0.436572449020255,0.218286577486358,FLOAT
"mutualistic_mixed_(0.2,0.8,0.5)",0.2,0.8,0.5,0.999999661614485,0.345140976661125,0.436572476716981,0.218286546621894,FLOAT
"mutualistic_mixed_(0.2,0.8,0.5)",0.2,0.8,0.5,0.999999704479076,0.345140979427593,0.436572500905261,0.218286519667146,FLOAT
"mutualistic_mixed_(0.2,0.8,0.5)",0.2,0.8,0.5,0.999999741913846,0.34514098184362,0.436572522029523,0.218286496126857,FLOAT
"mutualistic_mixed_(0.2,0.8,0.5)",0.2,0.8,0.5,0.999999774606609,0.3451409839536,0.436572540477896,0.218286475568504,FLOAT
"mutualistic_mixed_(0.2,0.8,0.5)",0.2,0.8,0.5,0.999999803158055,0.3451409857963,0.436572556589345,0.218286457614355,FLOAT
"mutualistic_mixed_(0.2,0.8,0.5)",0.2,0.8,0.5,0.99999982809278,0.345140987405577,0.436572570659897,0.218286441934525,FLOAT
"mutualistic_mixed_(0.2,0.8,0.5)",0.2,0.8,0.5,0.999999849868927,0.345140988811001,0.43657258294808,0.218286428240919,FLOAT
"mutualistic_mixed_(0.2,0.8,0.5)",0.2,0.8,0.5,0.999999868886606,0.345140990038395,0.436572593679672,0.218286416281933,FLOAT
"mutualistic_mixed_(0.2,0.8,0.5)",0.2,0.8,0.5,0.999999885495243,0.345140991110309,0.436572603051852,0.218286405837838,FLOAT
"mutualistic_mixed_(0.2,0.8,0.5)",0.2,0.8,0.5,0.9999999,0.34514099204644,0.436572611236824,0.218286396716736,FLOAT
"mutualistic_mixed_(0.2,0.8,0.5)",0.2,0.8,0.5,0.999999912667384,0.345140992863988,0.436572618384974,0.218286388751039,FLOAT
"mutualistic_mixed_(0.2,0.8,0.5)",0.2,0.8,0.5,0.999999923730141,0.345140993577974,0.436572624627641,0.218286381794386,FLOAT
"mutualistic_mixed_(0.2,0.8,0.5)",0.2,0.8,0.5,0.999999933391537,0.345140994201516,0.436572630079525,0.218286375718959,FLOAT
"mutualistic_mixed_(0.2,0.8,0.5)",0.2,0.8,0.5,0.999999941829087,0.345140994746071,0.436572634840798,0.21828637041313,FLOAT
"mutualistic_mixed_(0.2,0.8,0.5)",0.2,0.8,0.5,0.99999994919782,0.345140995221646,0.436572638998943,0.218286365779411,FLOAT
"mutualistic_mixed_(0.2,0.8,0.5)",0.2,0.8,0.5,0.999999955633127,0.345140995636978,0.43657264263036,0.218286361732662,FLOAT
"mutualistic_mixed_(0.2,0.8,0.5)",0.2,0.8,0.5,0.999999961253249,0.345140995999698,0.436572645801771,0.218286358198531,FLOAT
"mutualistic_mixed_(0.2,0.8,0.5)",0.2,0.8,0.5,0.999999966161448,0.345140996316471,0.436572648571448,0.218286355112081,FLOAT
"mutualistic_mixed_(0.2,0.8,0.5)",0.2,0.8,0.5,0.999999970447908,0.345140996593117,0.436572650990279,0.218286352416604,FLOAT
"mutualistic_mixed_(0.2,0.8,0.5)",0.2,0.8,0.5,0.999999974191385,0.345140996834719,0.436572653102708,0.218286350062573,FLOAT
"mutualistic_mixed_(0.2,0.8,0.5)",0.2,0.8,0.5,0.999999977460661,0.345140997045717,0.436572654947547,0.218286348006736,FLOAT
"mutualistic_mixed_(0.2,0.8,0.5)",0.2,0.8,0.5,0.999999980315806,0.345140997229987,0.436572656558693,0.21828634621132,FLOAT
"mutualistic_mixed_(0.2,0.8,0.5)",0.2,0.8,0.5,0.999999982809278,0.345140997390914,0.436572657965749,0.218286344643337,FLOAT
"mutualistic_mixed_(0.2,0.8,0.5)",0.2,0.8,0.5,0.999999984986893,0.345140997531456,0.436572659194568,0.218286343273975,FLOAT
"mutualistic_mixed_(0.2,0.8,0.5)",0.2,0.8,0.5,0.999999986888661,0.345140997654196,0.436572660267728,0.218286342078076,FLOAT
"mutualistic_mixed_(0.2,0.8,0.5)",0.2,0.8,0.5,0.999999988549524,0.345140997761387,0.436572661204947,0.218286341033666,FLOAT
"mutualistic_mixed_(0.2,0.8,0.5)",0.2,0.8,0.5,0.99999999,0.345140997855,0.436572662023444,0.218286340121556,FLOAT
"mixed_(3,0.5,1)",3,0.5,1,0.666666676666667,0.333333330310335,0.333333327287336,0.33333334240233,FLOAT
"mixed_(3,0.5,1)",3,0.5,1,0.66666667726311,0.33333333013003,0.333333326926726,0.333333342943244,FLOAT
"mixed_(3,0.5,1)",3,0.5,1,0.666666677895128,0.333333329938971,0.333333326544608,0.333333343516421,FLOAT
"mixed_(3,0.5,1)",3,0.5,1,0.666666678564843,0.333333329736516,0.333333326139699,0.333333344123785,FLOAT
"mixed_(3,0.5,1)",3,0.5,1,0.666666679274502,0.333333329521986,0.333333325710639,0.333333344767374,FLOAT
"mixed_(3,0.5,1)",3,0.5,1,0.666666680026488,0.333333329294661,0.333333325255989,0.33333334544935,FLOAT
"mixed_(3,0.5,1)",3,0.5,1,0.666666680823326,0.333333329053777,0.333333324774221,0.333333346172002,FLOAT
"mixed_(3,0.5,1)",3,0.5,1,0.666666681667691,0.333333328798526,0.333333324263718,0.333333346937756,FLOAT
"mixed_(3,0.5,1)",3,0.5,1,0.666666682562417,0.33333332852805,0.333333323722767,0.333333347749183,FLOAT
"mixed_(3,0.5,1)",3,0.5,1,0.666666683510509,0.333333328241442,0.33333332314955,0.333333348609008,FLOAT
"mixed_(3,0.5,1)",3,0.5,1,0.666666684515149,0.333333327937739,0.333333322542145,0.333333349520115,FLOAT
"mixed_(3,0.5,1)",3,0.5,1,0.66666668557971,0.333333327615923,0.333333321898512,0.333333350485565,FLOAT
"mixed_(3,0.5,1)",3,0.5,1,0.666666686707767,0.333333327274912,0.333333321216489,0.333333351508599,FLOAT
"mixed_(3,0.5,1)",3,0.5,1,0.666666687903105,0.333333326913561,0.333333320493788,0.333333352592651,FLOAT
"mixed_(3,0.5,1)",3,0.5,1,0.666666689169739,0.333333326530658,0.333333319727982,0.333333353741361,FLOAT
"mixed_(3,0.5,1)",3,0.5,1,0.66666669051192,0.333333326124917,0.333333318916499,0.333333354958584,FLOAT
"mixed_(3,0.5,1)",3,0.5,1,0.666666691934155,0.333333325694975,0.333333318056616,0.333333356248408,FLOAT
"mixed_(3,0.5,1)",3,0.5,1,0.666666693441218,0.33333332523939,0.333333317145447,0.333333357615163,FLOAT
"mixed_(3,0.5,1)",3,0.5,1,0.666666695038169,0.333333324756632,0.333333316179931,0.333333359063437,FLOAT
"mixed_(3,0.5,1)",3,0.5,1,0.666666696730369,0.333333324245081,0.333333315156827,0.333333360598092,FLOAT
"mixed_(3,0.5,1)",3,0.5,1,0.666666698523499,0.333333323703018,0.333333314072701,0.333333362224281,FLOAT
"mixed_(3,0.5,1)",3,0.5,1,0.666666700423579,0.333333323128624,0.333333312923913,0.333333363947463,FLOAT
"mixed_(3,0.5,1)",3,0.5,1,0.666666702436989,0.33333332251997,0.333333311706606,0.333333365773423,FLOAT
"mixed_(3,0.5,1)",3,0.5,1,0.666666704570486,0.333333321875015,0.333333310416695,0.333333367708291,FLOAT
"mixed_(3,0.5,1)",3,0.5,1,0.666666706831235,0.333333321191591,0.333333309049846,0.333333369758563,FLOAT
"mixed_(3,0.5,1)",3,0.5,1,0.666666709226825,0.333333320467404,0.333333307601474,0.333333371931122,FLOAT
"mixed_(3,0.5,1)",3,0.5,1,0.666666711765299,0.333333319700024,0.333333306066714,0.333333374233262,FLOAT
"mixed_(3,0.5,1)",3,0.5,1,0.666666714455177,0.333333318886875,0.333333304440414,0.333333376672711,FLOAT
"mixed_(3,0.5,1)",3,0.5,1,0.666666717305492,0.333333318025225,0.333333302717114,0.33333337925766,FLOAT
"mixed_(3,0.5,1)",3,0.5,1,0.666666720325813,0.333333317112183,0.33333330089103,0.333333381996787,FLOAT
"mixed_(3,0.5,1)",3,0.5,1,0.666666723526278,0.333333316144683,0.33333329895603,0.333333384899287,FLOAT
"mixed_(3,0.5,1)",3,0.5,1,0.666666726917633,0.333333315119477,0.333333296905618,0.333333387974904,FLOAT
"mixed_(3,0.5,1)",3,0.5,1,0.666666730511263,0.333333314033124,0.333333294732911,0.333333391233965,FLOAT
"mixed_(3,0.5,1)",3,0.5,1,0.666666734319233,0.333333312881976,0.333333292430614,0.33333339468741,FLOAT
"mixed_(3,0.5,1)",3,0.5,1,0.666666738354327,0.333333311662168,0.333333289990998,0.333333398346834,FLOAT
"mixed_(3,0.5,1)",3,0.5,1,0.666666742630091,0.333333310369606,0.333333287405873,0.333333402224521,FLOAT
"mixed_(3,0.5,1)",3,0.5,1,0.66666674716088,0.33333330899995,0.33333328466656,0.33333340633349,FLOAT
"mixed_(3,0.5,1)",3,0.5,1,0.666666751961906,0.333333307548601,0.333333281763862,0.333333410687537,FLOAT
"mixed_(3,0.5,1)",3,0.5,1,0.666666757049286,0.333333306010688,0.333333278688035,0.333333415301277,FLOAT
"mixed_(3,0.5,1)",3,0.5,1,0.666666762440099,0.333333304381047,0.333333275428753,0.3333334201902,FLOAT
"mixed_(3,0.5,1)",3,0.5,1,0.666666768152444,0.333333302654207,0.333333271975072,0.333333425370721,FLOAT
"mixed_(3,0.5,1)",3,0.5,1,0.666666774205498,0.333333300824372,0.333333268315399,0.333333430860229,FLOAT
"mixed_(3,0.5,1)",3,0.5,1,0.666666780619582,0.333333298885396,0.333333264437447,0.333333436677156,FLOAT
"mixed_(3,0.5,1)",3,0.5,1,0.66666678741623,0.333333296830772,0.333333260328198,0.33333344284103,FLOAT
"mixed_(3,0.5,1)",3,0.5,1,0.66666679461826,0.333333294653602,0.333333255973855,0.333333449372543,FLOAT
"mixed_(3,0.5,1)",3,0.5,1,0.666666802249851,0.333333292346575,0.333333251359801,0.333333456293624,FLOAT
"mixed_(3,0.5,1)",3,0.5,1,0.666666810336623,0.333333289901948,0.333333246470544,0.333333463627507,FLOAT
"mixed_(3,0.5,1)",3,0.5,1,0.666666818905725,0.333333287311513,0.333333241289671,0.333333471398816,FLOAT
"mixed_(3,0.5,1)",3,0.5,1,0.666666827985925,0.333333284566573,0.333333235799789,0.333333479633638,FLOAT
"mixed_(3,0.5,1)",3,0.5,1,0.666666837607709,0.333333281657913,0.333333229982466,0.333333488359621,FLOAT
"mixed_(3,0.5,1)",3,0.5,1,0.666666847803377,0.333333278575768,0.333333223818173,0.333333497606058,FLOAT
"mixed_(3,0.5,1)",3,0.5,1,0.66666685860716,0.333333275309791,0.333333217286216,0.333333507403993,FLOAT
"mixed_(3,0.5,1)",3,0.5,1,0.666666870055327,0.333333271849018,0.333333210364664,0.333333517786318,FLOAT
"mixed_(3,0.5,1)",3,0.5,1,0.666666882186313,0.333333268181829,0.333333203030282,0.33333352878789,FLOAT
"mixed_(3,0.5,1)",3,0.5,1,0.666666895040844,0.333333264295913,0.333333195258445,0.333333540445642,FLOAT
"mixed_(3,0.5,1)",3,0.5,1,0.666666908662074,0.333333260178225,0.333333187023063,0.333333552798712,FLOAT
"mixed_(3,0.5,1)",3,0.5,1,0.666666923095735,0.333333255814973,0.333333178296493,0.333333565888533,FLOAT
"mixed_(3,0.5,1)",3,0.5,1,0.666666938390282,0.333333251191448,0.333333169049428,0.333333579759123,FLOAT
"mixed_(3,0.5,1)",3,0.5,1,0.666666954597062,0.333333246292157,0.333333159250829,0.333333594457014,FLOAT
"mixed_(3,0.5,1)",3,0.5,1,0.666666971770485,0.333333241100651,0.3333331488678,0.333333610031549,FLOAT
"mixed_(3,0.5,1)",3,0.5,1,0.666666989968206,0.333333235599503,0.333333137865482,0.333333626535014,FLOAT
"mixed_(3,0.5,1)",3,0.5,1,0.666667009251318,0.333333229770244,0.33333312620694,0.333333644022816,FLOAT
"mixed_(3,0.5,1)",3,0.5,1,0.666667029684559,0.333333223593304,0.333333113853033,0.333333662553663,FLOAT
"mixed_(3,0.5,1)",3,0.5,1,0.666667051336528,0.333333217047946,0.333333100762287,0.333333682189767,FLOAT
"mixed_(3,0.5,1)",3,0.5,1,0.666667074279914,0.333333210112195,0.333333086890754,0.333333702997051,FLOAT
"mixed_(3,0.5,1)",3,0.5,1,0.666667098591744,0.333333202762769,0.333333072191864,0.333333725045367,FLOAT
"mixed_(3,0.5,1)",3,0.5,1,0.666667124353638,0.333333194974993,0.333333056616271,0.333333748408736,FLOAT
"mixed_(3,0.5,1)",3,0.5,1,0.666667151652083,0.333333186722723,0.333333040111684,0.333333773165593,FLOAT
"mixed_(3,0.5,1)",3,0.5,1,0.666667180578726,0.333333177978255,0.333333022622694,0.333333799399051,FLOAT
"mixed_(3,0.5,1)",3,0.5,1,0.66666721123068,0.333333168712232,0.333333004090588,0.33333382719718,FLOAT
"mixed_(3,0.5,1)",3,0.5,1,0.66666724371085,0.333333158893546,0.333332984453151,0.333333856653303,FLOAT
"mixed_(3,0.5,1)",3,0.5,1,0.666667278128279,0.333333148489236,0.333332963644455,0.333333887866309,FLOAT
"mixed_(3,0.5,1)",3,0.5,1,0.666667314598514,0.333333137464372,0.333332941594643,0.333333920940985,FLOAT
"mixed_(3,0.5,1)",3,0.5,1,0.666667353243992,0.333333125781942,0.33333291822969,0.333333955988368,FLOAT
"mixed_(3,0.5,1)",3,0.5,1,0.666667394194455,0.333333113402727,0.333332893471154,0.333333993126118,FLOAT
"mixed_(3,0.5,1)",3,0.5,1,0.666667437587381,0.333333100285169,0.333332867235919,0.333334032478912,FLOAT
"mixed_(3,0.5,1)",3,0.5,1,0.666667483568452,0.33333308638523,0.333332839435907,0.333334074178863,FLOAT
"mixed_(3,0.5,1)",3,0.5,1,0.666667532292033,0.333333071656246,0.33333280997779,0.333334118365964,FLOAT
"mixed_(3,0.5,1)",3,0.5,1,0.666667583921701,0.333333056048771,0.333332778762672,0.333334165188557,FLOAT
"mixed_(3,0.5,1)",3,0.5,1,0.666667638630787,0.333333039510409,0.333332745685759,0.333334214803832,FLOAT
"mixed_(3,0.5,1)",3,0.5,1,0.666667696602962,0.333333021985639,0.333332710636006,0.333334267378355,FLOAT
"mixed_(3,0.5,1)",3,0.5,1,0.66666775803285,0.333333003415629,0.333332673495747,0.333334323088624,FLOAT
"mixed_(3,0.5,1)",3,0.5,1,0.666667823126684,0.333332983738037,0.333332634140297,0.333334382121666,FLOAT
"mixed_(3,0.5,1)",3,0.5,1,0.666667892102997,0.333332962886805,0.333332592437532,0.333334444675663,FLOAT
"mixed_(3,0.5,1)",3,0.5,1,0.666667965193359,0.333332940791934,0.333332548247452,0.333334510960614,FLOAT
"mixed_(3,0.5,1)",3,0.5,1,0.666668042643148,0.333332917379249,0.333332501421705,0.333334581199046,FLOAT
"mixed_(3,0.5,1)",3,0.5,1,0.66666812471238,0.333332892570154,0.33333245180309,0.333334655626756,FLOAT
"mixed_(3,0.5,1)",3,0.5,1,0.666668211676578,0.333332866281364,0.333332399225031,0.333334734493605,FLOAT
"mixed_(3,0.5,1)",3,0.5,1,0.666668303827701,0.333332838424625,0.333332343511018,0.333334818064357,FLOAT
"mixed_(3,0.5,1)",3,0.5,1,0.666668401475117,0.333332808906423,0.333332284474012,0.333334906619565,FLOAT
"mixed_(3,0.5,1)",3,0.5,1,0.666668504946651,0.333332777627665,0.333332221915821,0.333335000456514,FLOAT
"mixed_(3,0.5,1)",3,0.5,1,0.666668614589678,0.333332744483348,0.333332155626428,0.333335099890223,FLOAT
"mixed_(3,0.5,1)",3,0.5,1,0.666668730772293,0.333332709362208,0.333332085383296,0.333335205254496,FLOAT
"mixed_(3,0.5,1)",3,0.5,1,0.666668853884545,0.333332672146344,0.333332010950611,0.333335316903045,FLOAT
"mixed_(3,0.5,1)",3,0.5,1,0.666668984339748,0.333332632710824,0.333331932078497,0.333335435210679,FLOAT
"mixed_(3,0.5,1)",3,0.5,1,0.666669122575868,0.333332590923266,0.333331848502174,0.33333556057456,FLOAT
"mixed_(3,0.5,1)",3,0.5,1,0.666669269056992,0.333332546643391,0.333331759941072,0.333335693415537,FLOAT
"mixed_(3,0.5,1)",3,0.5,1,0.666669424274889,0.333332499722558,0.333331666097885,0.333335834179557,FLOAT
"mixed_(3,0.5,1)",3,0.5,1,0.666669588750657,0.333332450003258,0.333331566657578,0.333335983339164,FLOAT
"mixed_(3,0.5,1)",3,0.5,1,0.666669763036477,0.333332397318591,0.333331461286325,0.333336141395084,FLOAT
"mixed_(3,0.5,1)",3,0.5,1,0.666669947717462,0.333332341491701,0.333331349630393,0.333336308877906,FLOAT
"mixed_(3,0.5,1)",3,0.5,1,0.666670143413626,0.333332282335188,0.333331231314951,0.333336486349861,FLOAT
"mixed_(3,0.5,1)",3,0.5,1,0.666670350781961,0.333332219650476,0.333331105942813,0.33333667440671,FLOAT
"mixed_(3,0.5,1)",3,0.5,1,0.666670570518648,0.333332153227147,0.333330973093107,0.333336873679747,FLOAT
"mixed_(3,0.5,1)",3,0.5,1,0.666670803361388,0.333332082842233,0.333330832319857,0.33333708483791,FLOAT
"mixed_(3,0.5,1)",3,0.5,1,0.666671050091883,0.333332008259472,0.333330683150494,0.333337308590034,FLOAT
"mixed_(3,0.5,1)",3,0.5,1,0.66667131153846,0.333331929228514,0.333330525084263,0.333337545687223,FLOAT
"mixed_(3,0.5,1)",3,0.5,1,0.666671588578849,0.333331845484077,0.333330357590546,0.333337796925377,FLOAT
"mixed_(3,0.5,1)",3,0.5,1,0.666671882143135,0.333331756745064,0.33333018010708,0.333338063147856,FLOAT
"mixed_(3,0.5,1)",3,0.5,1,0.666672193216873,0.333331662713612,0.333329992038071,0.333338345248317,FLOAT
"mixed_(3,0.5,1)",3,0.5,1,0.666672522844405,0.333331563074102,0.333329792752193,0.333338644173706,FLOAT
"mixed_(3,0.5,1)",3,0.5,1,0.666672872132358,0.33333145749209,0.33332958158047,0.33333896092744,FLOAT
"mixed_(3,0.5,1)",3,0.5,1,0.666673242253367,0.333331345613194,0.333329357814032,0.333339296572774,FLOAT
"mixed_(3,0.5,1)",3,0.5,1,0.666673634450005,0.333331227061899,0.333329120701735,0.333339652236366,FLOAT
"mixed_(3,0.5,1)",3,0.5,1,0.66667405003896,0.333331101440302,0.333328869447641,0.333340029112057,FLOAT
"mixed_(3,0.5,1)",3,0.5,1,0.66667449041545,0.333330968326775,0.333328603208348,0.333340428464877,FLOAT
"mixed_(3,0.5,1)",3,0.5,1,0.666674957057912,0.33333082727455,0.333328321090156,0.333340851635293,FLOAT
"mixed_(3,0.5,1)",3,0.5,1,0.666675451532965,0.333330677810225,0.333328022146075,0.3333413000437,FLOAT
"mixed_(3,0.5,1)",3,0.5,1,0.666675975500663,0.333330519432171,0.333327705372642,0.333341775195187,FLOAT
"mixed_(3,0.5,1)",3,0.5,1,0.666676530720078,0.333330351608855,0.333327369706556,0.333342278684589,FLOAT
"mixed_(3,0.5,1)",3,0.5,1,0.666677119055197,0.333330173777055,0.333327014021112,0.333342812201833,FLOAT
"mixed_(3,0.5,1)",3,0.5,1,0.666677742481186,0.333329985339972,0.333326637122419,0.333343377537609,FLOAT
"mixed_(3,0.5,1)",3,0.5,1,0.666678403091018,0.33332978566523,0.333326237745396,0.333343976589374,FLOAT
"mixed_(3,0.5,1)",3,0.5,1,0.666679103102497,0.333329574082757,0.333325814549528,0.333344611367715,FLOAT
"mixed_(3,0.5,1)",3,0.5,1,0.666679844865711,0.333329349882538,0.333325366114368,0.333345284003094,FLOAT
"mixed_(3,0.5,1)",3,0.5,1,0.666680630870915,0.333329112312235,0.333324890934776,0.333345996752989,FLOAT
"mixed_(3,0.5,1)",3,0.5,1,0.666681463756893,0.333328860574668,0.333324387415867,0.333346752009465,FLOAT
"mixed_(3,0.5,1)",3,0.5,1,0.666682346319819,0.333328593825142,0.333323853867664,0.333347552307195,FLOAT
"mixed_(3,0.5,1)",3,0.5,1,0.666683281522644,0.333328311168618,0.333323288499427,0.333348400331955,FLOAT
"mixed_(3,0.5,1)",3,0.5,1,0.666684272505039,0.333328011656715,0.333322689413653,0.333349298929632,FLOAT
"mixed_(3,0.5,1)",3,0.5,1,0.666685322593942,0.333327694284533,0.333322054599709,0.333350251115757,FLOAT
"mixed_(3,0.5,1)",3,0.5,1,0.666686435314721,0.333327357987289,0.333321381927094,0.333351260085617,FLOAT
"mixed_(3,0.5,1)",3,0.5,1,0.666687614403016,0.333327001636749,0.33332066913829,0.333352329224961,FLOAT
"mixed_(3,0.5,1)",3,0.5,1,0.666688863817274,0.333326624037453,0.333319913841201,0.333353462121346,FLOAT
"mixed_(3,0.5,1)",3,0.5,1,0.666690187752041,0.333326223922714,0.333319113501127,0.333354662576159,FLOAT
"mixed_(3,0.5,1)",3,0.5,1,0.666691590652045,0.333325799950377,0.333318265432273,0.33335593461735,FLOAT
"mixed_(3,0.5,1)",3,0.5,1,0.666693077227118,0.33332535069833,0.333317366788746,0.333357282512924,FLOAT
"mixed_(3,0.5,1)",3,0.5,1,0.666694652468004,0.333324874659744,0.333316414555014,0.333358710785242,FLOAT
"mixed_(3,0.5,1)",3,0.5,1,0.66669632166312,0.333324370238035,0.333315405535808,0.333360224226157,FLOAT
"mixed_(3,0.5,1)",3,0.5,1,0.666698090416304,0.333323835741525,0.333314336345409,0.333361827913066,FLOAT
"mixed_(3,0.5,1)",3,0.5,1,0.666699964665634,0.333323269377786,0.333313203396309,0.333363527225906,FLOAT
"mixed_(3,0.5,1)",3,0.5,1,0.66670195070336,0.333322669247648,0.333312002887193,0.333365327865159,FLOAT
"mixed_(3,0.5,1)",3,0.5,1,0.666704055197027,0.333322033338857,0.333310730790207,0.333367235870936,FLOAT
"mixed_(3,0.5,1)",3,0.5,1,0.666706285211866,0.333321359519347,0.333309382837471,0.333369257643182,FLOAT
"mixed_(3,0.5,1)",3,0.5,1,0.666708648234505,0.333320645530128,0.333307954506784,0.333371399963088,FLOAT
"mixed_(3,0.5,1)",3,0.5,1,0.666711152198109,0.333319888977735,0.33330644100649,0.333373670015775,FLOAT
"mixed_(3,0.5,1)",3,0.5,1,0.666713805509012,0.333319087326248,0.333304837259436,0.333376075414316,FLOAT
"mixed_(3,0.5,1)",3,0.5,1,0.666716617074936,0.333318237888829,0.33330313788598,0.333378624225191,FLOAT
"mixed_(3,0.5,1)",3,0.5,1,0.6667195963349,0.33331733781876,0.333301337185993,0.333381324995246,FLOAT
"mixed_(3,0.5,1)",3,0.5,1,0.666722753290909,0.333316384099959,0.333299429119788,0.333384186780253,FLOAT
"mixed_(3,0.5,1)",3,0.5,1,0.666726098541527,0.333315373536922,0.333297407287919,0.333387219175159,FLOAT
"mixed_(3,0.5,1)",3,0.5,1,0.666729643317467,0.333314302744087,0.333295264909782,0.333390432346131,FLOAT
"mixed_(3,0.5,1)",3,0.5,1,0.666733399519287,0.333313168134559,0.333292994800948,0.333393837064493,FLOAT
"mixed_(3,0.5,1)",3,0.5,1,0.666737379757347,0.333311965908178,0.333290589349149,0.333397444742673,FLOAT
"mixed_(3,0.5,1)",3,0.5,1,0.666741597394146,0.333310692038879,0.333288040488843,0.333401267472278,FLOAT
"mixed_(3,0.5,1)",3,0.5,1,0.666746066589179,0.333309342261312,0.333285339674269,0.333405318064418,FLOAT
"mixed_(3,0.5,1)",3,0.5,1,0.666750802346474,0.333307912056673,0.333282477850914,0.333409610092413,FLOAT
"mixed_(3,0.5,1)",3,0.5,1,0.666755820564966,0.333306396637703,0.333279445425279,0.333414157937018,FLOAT
"mixed_(3,0.5,1)",3,0.5,1,0.666761138091871,0.33330479093281,0.333276232232866,0.333418976834325,FLOAT
"mixed_(3,0.5,1)",3,0.5,1,0.666766772779247,0.333303089569251,0.333272827504268,0.333424082926482,FLOAT
"mixed_(3,0.5,1)",3,0.5,1,0.666772743543927,0.333301286855341,0.333269219829253,0.333429493315406,FLOAT
"mixed_(3,0.5,1)",3,0.5,1,0.666779070431024,0.333299376761612,0.333265397118732,0.333435226119656,FLOAT
"mixed_(3,0.5,1)",3,0.5,1,0.666785774681232,0.333297352900874,0.333261346564468,0.333441300534658,FLOAT
"mixed_(3,0.5,1)",3,0.5,1,0.666792878802131,0.333295208507111,0.333257054596427,0.333447736896462,FLOAT
"mixed_(3,0.5,1)",3,0.5,1,0.66680040664375,0.333292936413149,0.333252506837595,0.333454556749256,FLOAT
"mixed_(3,0.5,1)",3,0.5,1,0.666808383478639,0.333290529027024,0.333247688056142,0.333461782916834,FLOAT
"mixed_(3,0.5,1)",3,0.5,1,0.666816836086713,0.333287978306971,0.333242582114771,0.333469439578259,FLOAT
"mixed_(3,0.5,1)",3,0.5,1,0.666825792845157,0.333285275734967,0.333237171917074,0.333477552347958,FLOAT
"mixed_(3,0.5,1)",3,0.5,1,0.666835283823696,0.333282412288745,0.333231439350753,0.333486148360502,FLOAT
"mixed_(3,0.5,1)",3,0.5,1,0.666845340885544,0.333279378412174,0.333225365227484,0.333495256360342,FLOAT
"mixed_(3,0.5,1)",3,0.5,1,0.666855997794376,0.333276163983949,0.333218929219266,0.333504906796785,FLOAT
"mixed_(3,0.5,1)",3,0.5,1,0.666867290327678,0.333272758284462,0.333212109791034,0.333515131924504,FLOAT
"mixed_(3,0.5,1)",3,0.5,1,0.666879256396864,0.333269149960776,0.333204884129322,0.333525965909901,FLOAT
"mixed_(3,0.5,1)",3,0.5,1,0.666891936174548,0.333265326989588,0.333197228066754,0.333537444943658,FLOAT
"mixed_(3,0.5,1)",3,0.5,1,0.666905372229415,0.333261276638072,0.333189116002118,0.33354960735981,FLOAT
"mixed_(3,0.5,1)",3,0.5,1,0.666919609669129,0.333256985422492,0.333180520815781,0.333562493761727,FLOAT
"mixed_(3,0.5,1)",3,0.5,1,0.666934696291775,0.333252439064452,0.333171413780167,0.333576147155381,FLOAT
"mixed_(3,0.5,1)",3,0.5,1,0.666950682746323,0.33324762244467,0.333161764465021,0.33359061309031,FLOAT
"mixed_(3,0.5,1)",3,0.5,1,0.666967622702667,0.333242519554134,0.333151540637175,0.333605939808691,FLOAT
"mixed_(3,0.5,1)",3,0.5,1,0.666985573031808,0.333237113442505,0.333140708154484,0.333622178403011,FLOAT
"mixed_(3,0.5,1)",3,0.5,1,0.667004593996783,0.333231386163621,0.333129230853627,0.333639382982752,FLOAT
"mixed_(3,0.5,1)",3,0.5,1,0.667024749454976,0.333225318717951,0.333117070431404,0.333657610850645,FLOAT
"mixed_(3,0.5,1)",3,0.5,1,0.667046107072505,0.333218890991839,0.333104186319193,0.333676922688968,FLOAT
"mixed_(3,0.5,1)",3,0.5,1,0.667068738551391,0.333212081693382,0.333090535550164,0.333697382756454,FLOAT
"mixed_(3,0.5,1)",3,0.5,1,0.667092719870275,0.333204868284758,0.333076072618855,0.333719059096387,FLOAT
"mixed_(3,0.5,1)",3,0.5,1,0.667118131539495,0.333197226910835,0.333060749332699,0.333742023756466,FLOAT
"mixed_(3,0.5,1)",3,0.5,1,0.667145058871377,0.333189132323883,0.333044514655043,0.333766353021074,FLOAT
"mixed_(3,0.5,1)",3,0.5,1,0.667173592266644,0.33318055780418,0.333027314539208,0.333792127656612,FLOAT
"mixed_(3,0.5,1)",3,0.5,1,0.667203827517915,0.333171475076335,0.333009091753097,0.333819433170568,FLOAT
"mixed_(3,0.5,1)",3,0.5,1,0.667235866131295,0.333161854221112,0.332989785693848,0.33384836008504,FLOAT
"mixed_(3,0.5,1)",3,0.5,1,0.667269815667157,0.333151663582543,0.332969332192021,0.333879004225435,FLOAT
"mixed_(3,0.5,1)",3,0.5,1,0.667305790101244,0.33314086967017,0.332947663304564,0.333911467025265,FLOAT
"mixed_(3,0.5,1)",3,0.5,1,0.667343910207308,0.333129437056062,0.332924707096476,0.333945855847462,FLOAT
"mixed_(3,0.5,1)",3,0.5,1,0.667384303962572,0.333117328266552,0.332900387409904,0.333982284323544,FLOAT
"mixed_(3,0.5,1)",3,0.5,1,0.667427106977381,0.333104503668355,0.332874623620506,0.334020872711139,FLOAT
"mixed_(3,0.5,1)",3,0.5,1,0.66747246295047,0.333090921348865,0.332847330380246,0.334061748270888,FLOAT
"mixed_(3,0.5,1)",3,0.5,1,0.667520524151393,0.333076536990411,0.332818417345949,0.33410504566364,FLOAT
"mixed_(3,0.5,1)",3,0.5,1,0.667571451931725,0.333061303738224,0.332787788892897,0.334150907368879,FLOAT
"mixed_(3,0.5,1)",3,0.5,1,0.667625417266748,0.333045172061893,0.332755343812732,0.334199484125375,FLOAT
"mixed_(3,0.5,1)",3,0.5,1,0.66768260132946,0.333028089610078,0.332720974994883,0.334250935395039,FLOAT
"mixed_(3,0.5,1)",3,0.5,1,0.667743196098802,0.333010001058253,0.332684569090715,0.334305429851033,FLOAT
"mixed_(3,0.5,1)",3,0.5,1,0.667807405004176,0.33299084794926,0.332646006159584,0.334363145891157,FLOAT
"mixed_(3,0.5,1)",3,0.5,1,0.667875443608401,0.332970568526474,0.332605159295932,0.334424272177595,FLOAT
"mixed_(3,0.5,1)",3,0.5,1,0.667947540331402,0.332949097559371,0.332561894236553,0.334489008204076,FLOAT
"mixed_(3,0.5,1)",3,0.5,1,0.668023937217061,0.332926366161326,0.332516068947122,0.334557564891552,FLOAT
"mixed_(3,0.5,1)",3,0.5,1,0.668104890745814,0.332902301599468,0.332467533187066,0.334630165213465,FLOAT
"mixed_(3,0.5,1)",3,0.5,1,0.668190672695706,0.332876827096474,0.332416128051835,0.334707044851691,FLOAT
"mixed_(3,0.5,1)",3,0.5,1,0.66828157105481,0.332849861624164,0.332361685491601,0.334788452884234,FLOAT
"mixed_(3,0.5,1)",3,0.5,1,0.668377890988062,0.332821319688849,0.332304027805429,0.334874652505721,FLOAT
"mixed_(3,0.5,1)",3,0.5,1,0.668479955861763,0.332791111108369,0.332242967109909,0.334965921781723,FLOAT
"mixed_(3,0.5,1)",3,0.5,1,0.668588108329191,0.332759140780847,0.332178304781273,0.33506255443788,FLOAT
"mixed_(3,0.5,1)",3,0.5,1,0.668702711480957,0.332725308445218,0.332109830870003,0.335164860684779,FLOAT
"mixed_(3,0.5,1)",3,0.5,1,0.668824150063978,0.332689508433649,0.332037323486924,0.335273168079427,FLOAT
"mixed_(3,0.5,1)",3,0.5,1,0.668952831773153,0.332651629416055,0.331960548159817,0.335387822424129,FLOAT
"mixed_(3,0.5,1)",3,0.5,1,0.669089188620082,0.332611554136982,0.331879257159582,0.335509188703436,FLOAT
"mixed_(3,0.5,1)",3,0.5,1,0.669233678383419,0.332569159145225,0.331793188795022,0.335637652059753,FLOAT
"mixed_(3,0.5,1)",3,0.5,1,0.669386786145729,0.33252431451664,0.331702066675337,0.335773618808022,FLOAT
"mixed_(3,0.5,1)",3,0.5,1,0.669549025922018,0.332476883570759,0.331605598939488,0.335917517489753,FLOAT
"mixed_(3,0.5,1)",3,0.5,1,0.669720942385384,0.332426722581894,0.331503477451623,0.336069799966483,FLOAT
"mixed_(3,0.5,1)",3,0.5,1,0.669903112695601,0.332373680485611,0.331395376961846,0.336230942552543,FLOAT
"mixed_(3,0.5,1)",3,0.5,1,0.670096148436769,0.332317598581581,0.331280954231695,0.336401447186724,FLOAT
"mixed_(3,0.5,1)",3,0.5,1,0.670300697670525,0.332258310234005,0.331159847123782,0.336581842642213,FLOAT
"mixed_(3,0.5,1)",3,0.5,1,0.670517447111728,0.332195640571009,0.331031673655174,0.336772685773817,FLOAT
"mixed_(3,0.5,1)",3,0.5,1,0.670747124433902,0.332129406184603,0.330896031014245,0.336974562801152,FLOAT
"mixed_(3,0.5,1)",3,0.5,1,0.67099050071219,0.332059414833043,0.330752494540855,0.337188090626103,FLOAT
"mixed_(3,0.5,1)",3,0.5,1,0.671248393012015,0.33198546514768,0.330600616669926,0.337413918182394,FLOAT
"mixed_(3,0.5,1)",3,0.5,1,0.671521667132144,0.331907346346665,0.330439925838646,0.337652727814689,FLOAT
"mixed_(3,0.5,1)",3,0.5,1,0.671811240511352,0.331824837958139,0.330269925357799,0.337905236684061,FLOAT
"mixed_(3,0.5,1)",3,0.5,1,0.67211808530846,0.331737709555891,0.330090092247939,0.338172198196169,FLOAT
"mixed_(3,0.5,1)",3,0.5,1,0.672443231666078,0.331645720510769,0.329899876041409,0.338454403447822,FLOAT
"mixed_(3,0.5,1)",3,0.5,1,0.672787771169006,0.331548619761479,0.32969869755152,0.338752682687001,FLOAT
"mixed_(3,0.5,1)",3,0.5,1,0.673152860508921,0.331446145608792,0.329485947610528,0.339067906780679,FLOAT
"mixed_(3,0.5,1)",3,0.5,1,0.673539725367628,0.331338025537528,0.329260985778405,0.339400988684067,FLOAT
"mixed_(3,0.5,1)",3,0.5,1,0.673949664531935,0.331223976071093,0.329023139024779,0.339752884904129,FLOAT
"mixed_(3,0.5,1)",3,0.5,1,0.674384054253956,0.331103702663739,0.32877170038685,0.340124596949411,FLOAT
"mixed_(3,0.5,1)",3,0.5,1,0.674844352871474,0.330976899636084,0.32850592760651,0.340517172757406,FLOAT
"mixed_(3,0.5,1)",3,0.5,1,0.675332105703892,0.330843250159842,0.328225041750341,0.340931708089818,FLOAT
"mixed_(3,0.5,1)",3,0.5,1,0.675848950240194,0.330702426298066,0.327928225816671,0.341369347885263,FLOAT
"mixed_(3,0.5,1)",3,0.5,1,0.676396621636343,0.33055408910755,0.327614623334342,0.341831287558108,FLOAT
"mixed_(3,0.5,1)",3,0.5,1,0.676976958540561,0.330397888810338,0.32728333695833,0.342318774231332,FLOAT
"mixed_(3,0.5,1)",3,0.5,1,0.677591909266059,0.330233465041546,0.326933427067895,0.34283310789056,FLOAT
"mixed_(3,0.5,1)",3,0.5,1,0.67824353833194,0.330060447180889,0.326563910373393,0.343375642445718,FLOAT
"mixed_(3,0.5,1)",3,0.5,1,0.678934033394218,0.329878454775395,0.326173758538397,0.343947786686208,FLOAT
"mixed_(3,0.5,1)",3,0.5,1,0.679665712590243,0.329687098060789,0.325761896824198,0.344551005115013,FLOAT
"mixed_(3,0.5,1)",3,0.5,1,0.680441032321174,0.329485978588902,0.325327202764192,0.345186818646906,FLOAT
"mixed_(3,0.5,1)",3,0.5,1,0.681262595498641,0.32927468996817,0.32486850487599,0.34585680515584,FLOAT
"mixed_(3,0.5,1)",3,0.5,1,0.68213316028326,0.329052818723813,0.324384581419402,0.346562599856785,FLOAT
"mixed_(3,0.5,1)",3,0.5,1,0.683055649344363,0.328819945283642,0.323874159208602,0.347305895507756,FLOAT
"mixed_(3,0.5,1)",3,0.5,1,0.684033159672015,0.328575645094491,0.323335912486891,0.348088442418618,FLOAT
"mixed_(3,0.5,1)",3,0.5,1,0.68506897297426,0.328319489873128,0.322768461872391,0.34891204825448,FLOAT
"mixed_(3,0.5,1)",3,0.5,1,0.686166566694507,0.328051048993983,0.322170373382812,0.349778577623205,FLOAT
"mixed_(3,0.5,1)",3,0.5,1,0.687329625686041,0.327769891014225,0.321540157546985,0.35068995143879,FLOAT
"mixed_(3,0.5,1)",3,0.5,1,0.68856205458285,0.32747558533452,0.320876268610268,0.351648146055212,FLOAT
"mixed_(3,0.5,1)",3,0.5,1,0.689867990908302,0.327167703991183,0.320177103840022,0.352655192168795,FLOAT
"mixed_(3,0.5,1)",3,0.5,1,0.691251818965688,0.326845823572416,0.319441002936188,0.353713173491396,FLOAT
"mixed_(3,0.5,1)",3,0.5,1,0.692718184557244,0.326509527247793,0.31866624755052,0.354824225201687,FLOAT
"mixed_(3,0.5,1)",3,0.5,1,0.694272010581095,0.326158406896138,0.317851060916136,0.355990532187727,FLOAT
"mixed_(3,0.5,1)",3,0.5,1,0.695918513558455,0.325792065312423,0.316993607586795,0.357214327100781,FLOAT
"mixed_(3,0.5,1)",3,0.5,1,0.697663221146592,0.325410118469204,0.31609199328255,0.358497888248245,FLOAT
"mixed_(3,0.5,1)",3,0.5,1,0.699511990696333,0.325012197802499,0.315144264835118,0.359843537362382,FLOAT
"mixed_(3,0.5,1)",3,0.5,1,0.701471028916427,0.324597952485559,0.314148410222549,0.361253637291892,FLOAT
"mixed_(3,0.5,1)",3,0.5,1,0.703546912710775,0.324167051647785,0.313102358677918,0.362730589674297,FLOAT
"mixed_(3,0.5,1)",3,0.5,1,0.705746611258478,0.323719186487578,0.312003980851814,0.364276832660608,FLOAT
"mixed_(3,0.5,1)",3,0.5,1,0.708077509410841,0.323254072220805,0.310851089001718,0.365894838777477,FLOAT
"mixed_(3,0.5,1)",3,0.5,1,0.710547432483875,0.32277144979727,0.309641437174199,0.367587113028531,FLOAT
"mixed_(3,0.5,1)",3,0.5,1,0.713164672529529,0.322271087308361,0.308372721337115,0.369356191354524,FLOAT
"mixed_(3,0.5,1)",3,0.5,1,0.715938016173855,0.321752780998831,0.307042579408735,0.371204639592434,FLOAT
"mixed_(3,0.5,1)",3,0.5,1,0.718876774115565,0.321216355784679,0.305648591118615,0.373135053096706,FLOAT
"mixed_(3,0.5,1)",3,0.5,1,0.721990812384003,0.32066166516713,0.304188277620531,0.375150057212339,FLOAT
"mixed_(3,0.5,1)",3,0.5,1,0.725290585461487,0.320088590419589,0.302659100760439,0.377252308819972,FLOAT
"mixed_(3,0.5,1)",3,0.5,1,0.728787171381207,0.319497038909837,0.301058461881501,0.379444499208663,FLOAT
"mixed_(3,0.5,1)",3,0.5,1,0.732492308918514,0.318886941403291,0.299383700022737,0.381729358573972,FLOAT
"mixed_(3,0.5,1)",3,0.5,1,0.736418437000464,0.318258248174278,0.297632089336796,0.384109662488927,FLOAT
"mixed_(3,0.5,1)",3,0.5,1,0.740578736465914,0.317610923730089,0.295800835514024,0.386588240755886,FLOAT
"mixed_(3,0.5,1)",3,0.5,1,0.744987174316374,0.316944939926136,0.293887070952728,0.389167989121136,FLOAT
"mixed_(3,0.5,1)",3,0.5,1,0.749658550606174,0.316260267218108,0.291887848356536,0.391851884425355,FLOAT
"mixed_(3,0.5,1)",3,0.5,1,0.754608548129361,0.315556863756708,0.28980013236611,0.394643003877182,FLOAT
"mixed_(3,0.5,1)",3,0.5,1,0.759853785070145,0.314834661979296,0.287620788739693,0.397544549281011,FLOAT
"mixed_(3,0.5,1)",3,0.5,1,0.765411870793641,0.314093552286778,0.285346570479779,0.400559877233444,FLOAT
"mixed_(3,0.5,1)",3,0.5,1,0.771301464964215,0.313333363307748,0.282974100154117,0.403692536538135,FLOAT
"mixed_(3,0.5,1)",3,0.5,1,0.777542340189913,0.312553838137746,0.280499847468747,0.406946314393507,FLOAT
"mixed_(3,0.5,1)",3,0.5,1,0.784155448403264,0.311754605788845,0.277920100905681,0.410325293305475,FLOAT
"mixed_(3,0.5,1)",3,0.5,1,0.791162991201332,0.31093514687856,0.275230931920451,0.413833921200988,FLOAT
"mixed_(3,0.5,1)",3,0.5,1,0.798588494381158,0.310094752306709,0.272428149781495,0.417477097911796,FLOAT
"mixed_(3,0.5,1)",3,0.5,1,0.806456886920807,0.309232473281441,0.269507244589181,0.421260282129378,FLOAT
"mixed_(3,0.5,1)",3,0.5,1,0.814794584671205,0.308347060520312,0.26646331529299,0.425189624186697,FLOAT
"mixed_(3,0.5,1)",3,0.5,1,0.823629579039712,0.307436889698442,0.263290978562404,0.429272131739154,FLOAT
"mixed_(3,0.5,1)",3,0.5,1,0.83299153096317,0.306499869148101,0.259984253067788,0.433515877784111,FLOAT
"mixed_(3,0.5,1)",3,0.5,1,0.842911870485915,0.305533324280474,0.256536411955179,0.437930263764347,FLOAT
"mixed_(3,0.5,1)",3,0.5,1,0.853423902277057,0.304533850969264,0.252939793854479,0.442526355176256,FLOAT
"mixed_(3,0.5,1)",3,0.5,1,0.864562917441269,0.303497126842521,0.249185559349905,0.447317313807574,FLOAT
"mixed_(3,0.5,1)",3,0.5,1,0.876366311998457,0.302417664489344,0.24526337502437,0.452318960486286,FLOAT
"mixed_(3,0.5,1)",3,0.5,1,0.888873712430073,0.301288483047704,0.241161000298833,0.457550516653463,FLOAT
"mixed_(3,0.5,1)",3,0.5,1,0.9,0.300291031097233,0.237550434541059,0.462158534361708,FLOAT
"mixed_(3,0.5,1)",3,0.5,1,0.902127108713561,0.300100662904605,0.23686374230124,0.463035594794155,FLOAT
"mixed_(3,0.5,1)",3,0.5,1,0.912667383761716,0.299157002936783,0.233475383084819,0.467367613978398,FLOAT
"mixed_(3,0.5,1)",3,0.5,1,0.916170995291558,0.298842729585255,0.232353729331646,0.468803541083099,FLOAT
"mixed_(3,0.5,1)",3,0.5,1,0.923730141409766,0.298162578751039,0.22994015872838,0.471897262520581,FLOAT
"mixed_(3,0.5,1)",3,0.5,1,0.931052520449102,0.297499782554701,0.227608931653881,0.474891285791418,FLOAT
"mixed_(3,0.5,1)",3,0.5,1,0.933391537091908,0.297287003725186,0.226865337768759,0.475847658506055,FLOAT
"mixed_(3,0.5,1)",3,0.5,1,0.941829086706256,0.29651414138457,0.224185941051299,0.479299917564131,FLOAT
"mixed_(3,0.5,1)",3,0.5,1,0.946821644600358,0.29605223398757,0.222601825404894,0.481345940607536,FLOAT
"mixed_(3,0.5,1)",3,0.5,1,0.94919781953087,0.295831006556194,0.221847980133245,0.482321013310561,FLOAT
"mixed_(3,0.5,1)",3,0.5,1,0.955633126690214,0.295226836898919,0.219806027197961,0.48496713590312,FLOAT
"mixed_(3,0.5,1)",3,0.5,1,0.961253248795439,0.294692495426494,0.218021466536493,0.487286038037013,FLOAT
"mixed_(3,0.5,1)",3,0.5,1,0.963531308016255,0.294473935574225,0.217297545109174,0.4882285193166,FLOAT
"mixed_(3,0.5,1)",3,0.5,1,0.966161448465718,0.294220079941017,0.216461208224473,0.489318711834509,FLOAT
"mixed_(3,0.5,1)",3,0.5,1,0.970447907647971,0.293802663172004,0.215096720484012,0.491100616343984,FLOAT
"mixed_(3,0.5,1)",3,0.5,1,0.974191384595819,0.293434115921913,0.213903285383321,0.492662598694766,FLOAT
"mixed_(3,0.5,1)",3,0.5,1,0.977460660952652,0.293108983021893,0.212859413740766,0.494031603237341,FLOAT
"mixed_(3,0.5,1)",3,0.5,1,0.980315805527134,0.292822392900508,0.211946375634853,0.495231231464639,FLOAT
"mixed_(3,0.5,1)",3,0.5,1,0.981237608556118,0.292729317417096,0.211651292657532,0.495619389925372,FLOAT
"mixed_(3,0.5,1)",3,0.5,1,0.982809277981414,0.292569988586165,0.211147816575854,0.496282194837981,FLOAT
"mixed_(3,0.5,1)",3,0.5,1,0.984986892710918,0.292347872475253,0.210449438543543,0.497202688981204,FLOAT
"mixed_(3,0.5,1)",3,0.5,1,0.986888660625784,0.292152560098716,0.209838731261392,0.498008708639892,FLOAT
"mixed_(3,0.5,1)",3,0.5,1,0.988549524300617,0.291980939972912,0.209304743254601,0.498714316772488,FLOAT
"mixed_(3,0.5,1)",3,0.5,1,0.99,0.291830237789299,0.208837885084918,0.499331877125783,FLOAT
"mixed_(3,0.5,1)",3,0.5,1,0.991266738376172,0.291697983920218,0.208429759107368,0.499872256972414,FLOAT
"mixed_(3,0.5,1)",3,0.5,1,0.992373014140977,0.291581983652744,0.208073011445886,0.500345004901369,FLOAT
"mixed_(3,0.5,1)",3,0.5,1,0.993339153709191,0.291480289814085,0.20776120283308,0.500758507352836,FLOAT
"mixed_(3,0.5,1)",3,0.5,1,0.994182908670626,0.291391177589587,0.207488695635325,0.501120126775088,FLOAT
"mixed_(3,0.5,1)",3,0.5,1,0.994919781953087,0.291313121403316,0.207250554876488,0.501436323720196,FLOAT
"mixed_(3,0.5,1)",3,0.5,1,0.995563312669021,0.291244773760484,0.20704246144026,0.501712764799256,FLOAT
"mixed_(3,0.5,1)",3,0.5,1,0.996125324879544,0.291184945959059,0.206860635911821,0.50195441812912,FLOAT
"mixed_(3,0.5,1)",3,0.5,1,0.996616144846572,0.291132590575772,0.206701771740258,0.502165637683969,FLOAT
"mixed_(3,0.5,1)",3,0.5,1,0.997044790764797,0.291086785626054,0.206562976581228,0.502350237792718,FLOAT
"mixed_(3,0.5,1)",3,0.5,1,0.997419138459582,0.291046720291626,0.206441720826502,0.502511558881872,FLOAT
"mixed_(3,0.5,1)",3,0.5,1,0.997746066095265,0.291011682105378,0.206335792450884,0.502652525443738,FLOAT
"mixed_(3,0.5,1)",3,0.5,1,0.998031580552713,0.290981045481332,0.206243257412982,0.502775697105687,FLOAT
"mixed_(3,0.5,1)",3,0.5,1,0.998280927798141,0.290954261478047,0.206162424938043,0.50288331358391,FLOAT
"mixed_(3,0.5,1)",3,0.5,1,0.998498689271092,0.290930848686363,0.206091817091163,0.502977334222474,FLOAT
"mixed_(3,0.5,1)",3,0.5,1,0.998688866062578,0.29091038513665,0.206030142119423,0.503059472743926,FLOAT
"mixed_(3,0.5,1)",3,0.5,1,0.998854952430062,0.290892501126166,0.205976271103521,0.503131227770313,FLOAT
"mixed_(3,0.5,1)",3,0.5,1,0.999,0.290876872873383,0.205929217514103,0.503193909612514,FLOAT
"mixed_(3,0.5,1)",3,0.5,1,0.999126673837617,0.290863216912895,0.205888119316389,0.503248663770716,FLOAT
"mixed_(3,0.5,1)",3,0.5,1,0.999237301414098,0.290851285151425,0.205852223309422,0.503296491539153,FLOAT
"mixed_(3,0.5,1)",3,0.5,1,0.999333915370919,0.290840860512334,0.205820871424076,0.50333826806359,FLOAT
"mixed_(3,0.5,1)",3,0.5,1,0.999418290867063,0.290831753102761,0.205793488737319,0.503374758159919,FLOAT
"mixed_(3,0.5,1)",3,0.5,1,0.999491978195309,0.290823796843874,0.205769572989761,0.503406630166365,FLOAT
"mixed_(3,0.5,1)",3,0.5,1,0.999556331266902,0.290816846510761,0.205748685419454,0.503434468069785,FLOAT
"mixed_(3,0.5,1)",3,0.5,1,0.999612532487954,0.290810775134063,0.205730442747889,0.503458782118048,FLOAT
"mixed_(3,0.5,1)",3,0.5,1,0.999661614484657,0.290805471720608,0.205714510174285,0.503480018105108,FLOAT
"mixed_(3,0.5,1)",3,0.5,1,0.99970447907648,0.290800839254989,0.205700595252043,0.503498565492968,FLOAT
"mixed_(3,0.5,1)",3,0.5,1,0.999741913845958,0.290796792948342,0.205688442536834,0.503514764514824,FLOAT
"mixed_(3,0.5,1)",3,0.5,1,0.999774606609527,0.290793258704382,0.205677828909527,0.50352891238609,FLOAT
"mixed_(3,0.5,1)",3,0.5,1,0.999803158055271,0.290790171776268,0.205668559489196,0.503541268734536,FLOAT
"mixed_(3,0.5,1)",3,0.5,1,0.999828092779814,0.290787475590924,0.205660464062013,0.503552060347062,FLOAT
"mixed_(3,0.5,1)",3,0.5,1,0.999849868927109,0.29078512072026,0.205653393961112,0.503561485318629,FLOAT
"mixed_(3,0.5,1)",3,0.5,1,0.999868886606258,0.29078306398113,0.20564721934062,0.50356971667825,FLOAT
"mixed_(3,0.5,1)",3,0.5,1,0.999885495243006,0.29078126764813,0.205641826794184,0.503576905557687,FLOAT
"mixed_(3,0.5,1)",3,0.5,1,0.9999,0.290779698765179,0.205637117274532,0.503583183960289,FLOAT
"mixed_(3,0.5,1)",3,0.5,1,0.999912667383762,0.290778328543628,0.205633004276106,0.503588667180266,FLOAT
"mixed_(3,0.5,1)",3,0.5,1,0.99992373014141,0.290777131836067,0.20562941224753,0.503593455916403,FLOAT
"mixed_(3,0.5,1)",3,0.5,1,0.999933391537092,0.290776086676387,0.205626275204908,0.503597638118706,FLOAT
"mixed_(3,0.5,1)",3,0.5,1,0.999941829086706,0.290775173877822,0.205623535520522,0.503601290601656,FLOAT
"mixed_(3,0.5,1)",3,0.5,1,0.999949197819531,0.290774376681521,0.205621142864995,0.503604480453485,FLOAT
"mixed_(3,0.5,1)",3,0.5,1,0.99995563312669,0.290773680449757,0.205619053282967,0.503607266267276,FLOAT
"mixed_(3,0.5,1)",3,0.5,1,0.999961253248795,0.290773072397562,0.205617228386123,0.503609699216314,FLOAT
"mixed_(3,0.5,1)",3,0.5,1,0.999966161448466,0.290772541358398,0.205615634648194,0.503611823993408,FLOAT
"mixed_(3,0.5,1)",3,0.5,1,0.999970447907648,0.290772077579404,0.205614242789235,0.503613679631361,FLOAT
"mixed_(3,0.5,1)",3,0.5,1,0.999974191384596,0.290771672542515,0.20561302723787,0.503615300219615,FLOAT
"mixed_(3,0.5,1)",3,0.5,1,0.999977460660953,0.2907713188082,0.205611965661611,0.503616715530189,FLOAT
"mixed_(3,0.5,1)",3,0.5,1,0.999980315805527,0.290771009878953,0.20561103855666,0.503617951564387,FLOAT
"mixed_(3,0.5,1)",3,0.5,1,0.999982809277981,0.290770740080048,0.205610228889644,0.503619031030308,FLOAT
"mixed_(3,0.5,1)",3,0.5,1,0.999984986892711,0.290770504455386,0.205609521784726,0.503619973759889,FLOAT
"mixed_(3,0.5,1)",3,0.5,1,0.999986888660626,0.290770298676511,0.205608904250333,0.503620797073156,FLOAT
"mixed_(3,0.5,1)",3,0.5,1,0.999988549524301,0.290770118963144,0.205608364940502,0.503621516096355,FLOAT
"mixed_(3,0.5,1)",3,0.5,1,0.99999,0.290769962013774,0.205607893946437,0.503622144039789,FLOAT
"mixed_(3,0.5,1)",3,0.5,1,0.999991266738376,0.290769824945032,0.20560748261448,0.503622692440489,FLOAT
"mixed_(3,0.5,1)",3,0.5,1,0.999992373014141,0.29076970523874,0.205607123387125,0.503623171374135,FLOAT
"mixed_(3,0.5,1)",3,0.5,1,0.999993339153709,0.290769600695666,0.205606809664176,0.503623589640157,FLOAT
"mixed_(3,0.5,1)",3,0.5,1,0.999994182908671,0.290769509395132,0.205606535681488,0.50362395492338,FLOAT
"mixed_(3,0.5,1)",3,0.5,1,0.999994919781953,0.290769429659733,0.205606296405063,0.503624273935205,FLOAT
"mixed_(3,0.5,1)",3,0.5,1,0.999995563312669,0.290769360024528,0.205606087438567,0.503624552536905,FLOAT
"mixed_(3,0.5,1)",3,0.5,1,0.99999612532488,0.290769299210134,0.205605904942557,0.503624795847309,FLOAT
"mixed_(3,0.5,1)",3,0.5,1,0.999996616144847,0.29076924609922,0.205605745563939,0.503625008336841,FLOAT
"mixed_(3,0.5,1)",3,0.5,1,0.999997044790765,0.290769199715984,0.205605606374363,0.503625193909653,FLOAT
"mixed_(3,0.5,1)",3,0.5,1,0.99999741913846,0.290769159208224,0.205605484816419,0.503625355975356,FLOAT
"mixed_(3,0.5,1)",3,0.5,1,0.999997746066095,0.290769123831688,0.205605378656652,0.50362549751166,FLOAT
"mixed_(3,0.5,1)",3,0.5,1,0.999998031580553,0.290769092936395,0.205605285944525,0.503625621119081,FLOAT
"mixed_(3,0.5,1)",3,0.5,1,0.999998280927798,0.290769065954698,0.205605204976577,0.503625729068724,FLOAT
"mixed_(3,0.5,1)",3,0.5,1,0.999998498689271,0.290769042390854,0.205605134265136,0.50362582334401,FLOAT
"mixed_(3,0.5,1)",3,0.5,1,0.999998688866063,0.290769021811916,0.205605072510972,0.503625905677112,FLOAT
"mixed_(3,0.5,1)",3,0.5,1,0.99999885495243,0.290769003839778,0.205605018579436,0.503625977580786,FLOAT
"mixed_(3,0.5,1)",3,0.5,1,0.999999,0.29076898814423,0.205604971479608,0.503626040376162,FLOAT
"mixed_(3,0.5,1)",3,0.5,1,0.999999126673838,0.290768974436889,0.205604930346091,0.50362609521702,FLOAT
"mixed_(3,0.5,1)",3,0.5,1,0.999999237301414,0.290768962465905,0.20560489442311,0.503626143110985,FLOAT
"mixed_(3,0.5,1)",3,0.5,1,0.999999333915371,0.290768952011326,0.205604863050628,0.503626184938046,FLOAT
"mixed_(3,0.5,1)",3,0.5,1,0.999999418290867,0.290768942881066,0.205604835652217,0.503626221466717,FLOAT
"mixed_(3,0.5,1)",3,0.5,1,0.999999491978195,0.290768934907368,0.205604811724465,0.503626253368167,FLOAT
"mixed_(3,0.5,1)",3,0.5,1,0.999999556331267,0.290768927943727,0.205604790827733,0.50362628122854,FLOAT
"mixed_(3,0.5,1)",3,0.5,1,0.999999612532488,0.290768921862196,0.205604772578069,0.503626305559735,FLOAT
"mixed_(3,0.5,1)",3,0.5,1,0.999999661614485,0.290768916551035,0.205604756640159,0.503626326808807,FLOAT
"mixed_(3,0.5,1)",3,0.5,1,0.999999704479076,0.290768911912658,0.205604742721164,0.503626345366178,FLOAT
"mixed_(3,0.5,1)",3,0.5,1,0.999999741913846,0.290768907861841,0.205604730565342,0.503626361572817,FLOAT
"mixed_(3,0.5,1)",3,0.5,1,0.999999774606609,0.290768904324156,0.205604719949344,0.5036263757265,FLOAT
"mixed_(3,0.5,1)",3,0.5,1,0.999999803158055,0.290768901234603,0.205604710678115,0.503626388087282,FLOAT
"mixed_(3,0.5,1)",3,0.5,1,0.99999982809278,0.290768898536416,0.205604702581307,0.503626398882277,FLOAT
"mixed_(3,0.5,1)",3,0.5,1,0.999999849868927,0.290768896180017,0.205604695510154,0.503626408309829,FLOAT
"mixed_(3,0.5,1)",3,0.5,1,0.999999868886606,0.290768894122113,0.20560468933473,0.503626416543157,FLOAT
"mixed_(3,0.5,1)",3,0.5,1,0.999999885495243,0.290768892324891,0.205604683941571,0.503626423733538,FLOAT
"mixed_(3,0.5,1)",3,0.5,1,0.9999999,0.29076889075533,0.205604679231584,0.503626430013086,FLOAT
"mixed_(3,0.5,1)",3,0.5,1,0.999999912667384,0.290768889384592,0.205604675118229,0.503626435497179,FLOAT
"mixed_(3,0.5,1)",3,0.5,1,0.999999923730141,0.29076888818749,0.205604671525928,0.503626440286582,FLOAT
"mixed_(3,0.5,1)",3,0.5,1,0.999999933391537,0.290768887142029,0.205604668388678,0.503626444469293,FLOAT
"mixed_(3,0.5,1)",3,0.5,1,0.999999941829087,0.290768886229001,0.205604665648836,0.503626448122163,FLOAT
"mixed_(3,0.5,1)",3,0.5,1,0.99999994919782,0.29076888543163,0.20560466325606,0.503626451312311,FLOAT
"mixed_(3,0.5,1)",3,0.5,1,0.999999955633127,0.290768884735264,0.205604661166385,0.50362645409835,FLOAT
"mixed_(3,0.5,1)",3,0.5,1,0.999999961253249,0.29076888412711,0.205604659341418,0.503626456531471,FLOAT
"mixed_(3,0.5,1)",3,0.5,1,0.999999966161448,0.290768883595993,0.205604657747627,0.50362645865638,FLOAT
"mixed_(3,0.5,1)",3,0.5,1,0.999999970447908,0.290768883132155,0.205604656355727,0.503626460512118,FLOAT
"mixed_(3,0.5,1)",3,0.5,1,0.999999974191385,0.290768882727073,0.205604655140145,0.503626462132782,FLOAT
"mixed_(3,0.5,1)",3,0.5,1,0.999999977460661,0.290768882373304,0.205604654078545,0.503626463548151,FLOAT
"mixed_(3,0.5,1)",3,0.5,1,0.999999980315806,0.290768882064349,0.205604653151422,0.50362646478423,FLOAT
"mixed_(3,0.5,1)",3,0.5,1,0.999999982809278,0.29076888179453,0.205604652341741,0.503626465863729,FLOAT
"mixed_(3,0.5,1)",3,0.5,1,0.999999984986893,0.29076888155889,0.205604651634625,0.503626466806485,FLOAT
"mixed_(3,0.5,1)",3,0.5,1,0.999999986888661,0.290768881353099,0.205604651017083,0.503626467629818,FLOAT
"mixed_(3,0.5,1)",3,0.5,1,0.999999988549524,0.290768881173377,0.205604650477767,0.503626468348856,FLOAT
"mixed_(3,0.5,1)",3,0.5,1,0.99999999,0.290768881016421,0.205604650006768,0.503626468976811,FLOAT
"mixed_(5,0.2,0.2)",5,0.2,0.2,0.666666676666667,0.333333323659737,0.333333323659737,0.333333352680525,FLOAT
"mixed_(5,0.2,0.2)",5,0.2,0.2,0.66666667726311,0.333333323082762,0.333333323082762,0.333333353834476,FLOAT
"mixed_(5,0.2,0.2)",5,0.2,0.2,0.666666677895128,0.333333322471373,0.333333322471373,0.333333355057254,FLOAT
"mixed_(5,0.2,0.2)",5,0.2,0.2,0.666666678564843,0.333333321823519,0.333333321823519,0.333333356352963,FLOAT
"mixed_(5,0.2,0.2)",5,0.2,0.2,0.666666679274502,0.333333321137023,0.333333321137023,0.333333357725953,FLOAT
"mixed_(5,0.2,0.2)",5,0.2,0.2,0.666666680026488,0.333333320409582,0.333333320409582,0.333333359180836,FLOAT
"mixed_(5,0.2,0.2)",5,0.2,0.2,0.666666680823326,0.333333319638753,0.333333319638753,0.333333360722493,FLOAT
"mixed_(5,0.2,0.2)",5,0.2,0.2,0.666666681667691,0.333333318821949,0.333333318821949,0.333333362356102,FLOAT
"mixed_(5,0.2,0.2)",5,0.2,0.2,0.666666682562417,0.333333317956427,0.333333317956427,0.333333364087146,FLOAT
"mixed_(5,0.2,0.2)",5,0.2,0.2,0.666666683510509,0.333333317039281,0.333333317039281,0.333333365921437,FLOAT
"mixed_(5,0.2,0.2)",5,0.2,0.2,0.666666684515149,0.333333316067433,0.333333316067433,0.333333367865134,FLOAT
"mixed_(5,0.2,0.2)",5,0.2,0.2,0.66666668557971,0.33333331503762,0.33333331503762,0.333333369924761,FLOAT
"mixed_(5,0.2,0.2)",5,0.2,0.2,0.666666686707767,0.333333313946384,0.333333313946384,0.333333372107232,FLOAT
"mixed_(5,0.2,0.2)",5,0.2,0.2,0.666666687903105,0.333333312790062,0.333333312790062,0.333333374419877,FLOAT
"mixed_(5,0.2,0.2)",5,0.2,0.2,0.666666689169739,0.333333311564772,0.333333311564772,0.333333376870457,FLOAT
"mixed_(5,0.2,0.2)",5,0.2,0.2,0.66666669051192,0.3333333102664,0.3333333102664,0.3333333794672,FLOAT
"mixed_(5,0.2,0.2)",5,0.2,0.2,0.666666691934155,0.333333308890588,0.333333308890588,0.333333382218824,FLOAT
"mixed_(5,0.2,0.2)",5,0.2,0.2,0.666666693441218,0.333333307432716,0.333333307432716,0.333333385134568,FLOAT
"mixed_(5,0.2,0.2)",5,0.2,0.2,0.666666695038169,0.333333305887891,0.333333305887891,0.333333388224218,FLOAT
"mixed_(5,0.2,0.2)",5,0.2,0.2,0.666666696730369,0.333333304250925,0.333333304250925,0.33333339149815,FLOAT
"mixed_(5,0.2,0.2)",5,0.2,0.2,0.666666698523499,0.333333302516324,0.333333302516324,0.333333394967352,FLOAT
"mixed_(5,0.2,0.2)",5,0.2,0.2,0.666666700423579,0.333333300678264,0.333333300678264,0.333333398643473,FLOAT
"mixed_(5,0.2,0.2)",5,0.2,0.2,0.666666702436989,0.333333298730573,0.333333298730573,0.333333402538853,FLOAT
"mixed_(5,0.2,0.2)",5,0.2,0.2,0.666666704570486,0.333333296666714,0.333333296666714,0.333333406666571,FLOAT
"mixed_(5,0.2,0.2)",5,0.2,0.2,0.666666706831235,0.333333294479758,0.333333294479758,0.333333411040484,FLOAT
"mixed_(5,0.2,0.2)",5,0.2,0.2,0.666666709226825,0.333333292162362,0.333333292162362,0.333333415675276,FLOAT
"mixed_(5,0.2,0.2)",5,0.2,0.2,0.666666711765299,0.333333289706746,0.333333289706746,0.333333420586507,FLOAT
"mixed_(5,0.2,0.2)",5,0.2,0.2,0.666666714455177,0.333333287104667,0.333333287104667,0.333333425790665,FLOAT
"mixed_(5,0.2,0.2)",5,0.2,0.2,0.666666717305492,0.333333284347389,0.333333284347389,0.333333431305222,FLOAT
"mixed_(5,0.2,0.2)",5,0.2,0.2,0.666666720325813,0.333333281425655,0.333333281425655,0.333333437148691,FLOAT
"mixed_(5,0.2,0.2)",5,0.2,0.2,0.666666723526278,0.333333278329656,0.333333278329656,0.333333443340689,FLOAT
"mixed_(5,0.2,0.2)",5,0.2,0.2,0.666666726917633,0.333333275048998,0.333333275048998,0.333333449902005,FLOAT
"mixed_(5,0.2,0.2)",5,0.2,0.2,0.666666730511263,0.333333271572667,0.333333271572667,0.333333456854666,FLOAT
"mixed_(5,0.2,0.2)",5,0.2,0.2,0.666666734319233,0.333333267888993,0.333333267888993,0.333333464222014,FLOAT
"mixed_(5,0.2,0.2)",5,0.2,0.2,0.666666738354327,0.333333263985609,0.333333263985609,0.333333472028781,FLOAT
"mixed_(5,0.2,0.2)",5,0.2,0.2,0.666666742630091,0.33333325984941,0.33333325984941,0.333333480301179,FLOAT
"mixed_(5,0.2,0.2)",5,0.2,0.2,0.66666674716088,0.333333255466511,0.333333255466511,0.333333489066978,FLOAT
"mixed_(5,0.2,0.2)",5,0.2,0.2,0.666666751961906,0.333333250822196,0.333333250822196,0.333333498355607,FLOAT
"mixed_(5,0.2,0.2)",5,0.2,0.2,0.666666757049286,0.333333245900875,0.333333245900875,0.33333350819825,FLOAT
"mixed_(5,0.2,0.2)",5,0.2,0.2,0.666666762440099,0.333333240686025,0.333333240686025,0.33333351862795,FLOAT
"mixed_(5,0.2,0.2)",5,0.2,0.2,0.666666768152444,0.333333235160139,0.333333235160139,0.333333529679722,FLOAT
"mixed_(5,0.2,0.2)",5,0.2,0.2,0.666666774205498,0.333333229304665,0.333333229304665,0.33333354139067,FLOAT
"mixed_(5,0.2,0.2)",5,0.2,0.2,0.666666780619582,0.333333223099946,0.333333223099946,0.333333553800108,FLOAT
"mixed_(5,0.2,0.2)",5,0.2,0.2,0.66666678741623,0.333333216525151,0.333333216525151,0.333333566949699,FLOAT
"mixed_(5,0.2,0.2)",5,0.2,0.2,0.66666679461826,0.333333209558206,0.333333209558206,0.333333580883587,FLOAT
"mixed_(5,0.2,0.2)",5,0.2,0.2,0.666666802249851,0.33333320217575,0.33333320217575,0.333333595648501,FLOAT
"mixed_(5,0.2,0.2)",5,0.2,0.2,0.666666810336623,0.333333194352947,0.333333194352947,0.333333611294105,FLOAT
"mixed_(5,0.2,0.2)",5,0.2,0.2,0.666666818905725,0.33333318606356,0.33333318606356,0.33333362787288,FLOAT
"mixed_(5,0.2,0.2)",5,0.2,0.2,0.666666827985925,0.333333177279759,0.333333177279759,0.333333645440482,FLOAT
"mixed_(5,0.2,0.2)",5,0.2,0.2,0.666666837607709,0.333333167972055,0.333333167972055,0.333333664055891,FLOAT
"mixed_(5,0.2,0.2)",5,0.2,0.2,0.666666847803377,0.333333158109199,0.333333158109199,0.333333683781601,FLOAT
"mixed_(5,0.2,0.2)",5,0.2,0.2,0.66666685860716,0.333333147658082,0.333333147658082,0.333333704683836,FLOAT
"mixed_(5,0.2,0.2)",5,0.2,0.2,0.666666870055327,0.333333136583616,0.333333136583616,0.333333726832767,FLOAT
"mixed_(5,0.2,0.2)",5,0.2,0.2,0.666666882186313,0.333333124848623,0.333333124848623,0.333333750302754,FLOAT
"mixed_(5,0.2,0.2)",5,0.2,0.2,0.666666895040844,0.333333112413706,0.333333112413706,0.333333775172589,FLOAT
"mixed_(5,0.2,0.2)",5,0.2,0.2,0.666666908662074,0.333333099237118,0.333333099237118,0.333333801525764,FLOAT
"mixed_(5,0.2,0.2)",5,0.2,0.2,0.666666923095735,0.333333085274624,0.333333085274624,0.333333829450752,FLOAT
"mixed_(5,0.2,0.2)",5,0.2,0.2,0.666666938390282,0.333333070479349,0.333333070479349,0.333333859041303,FLOAT
"mixed_(5,0.2,0.2)",5,0.2,0.2,0.666666954597062,0.333333054801622,0.333333054801622,0.333333890396756,FLOAT
"mixed_(5,0.2,0.2)",5,0.2,0.2,0.666666971770485,0.333333038188812,0.333333038188812,0.333333923622377,FLOAT
"mixed_(5,0.2,0.2)",5,0.2,0.2,0.666666989968206,0.333333020585144,0.333333020585144,0.333333958829711,FLOAT
"mixed_(5,0.2,0.2)",5,0.2,0.2,0.666667009251318,0.333333001931523,0.333333001931523,0.333333996136954,FLOAT
"mixed_(5,0.2,0.2)",5,0.2,0.2,0.666667029684559,0.333332982165323,0.333332982165323,0.333334035669353,FLOAT
"mixed_(5,0.2,0.2)",5,0.2,0.2,0.666667051336528,0.333332961220187,0.333332961220187,0.333334077559625,FLOAT
"mixed_(5,0.2,0.2)",5,0.2,0.2,0.666667074279914,0.333332939025799,0.333332939025799,0.333334121948402,FLOAT
"mixed_(5,0.2,0.2)",5,0.2,0.2,0.666667098591744,0.333332915507648,0.333332915507648,0.333334168984704,FLOAT
"mixed_(5,0.2,0.2)",5,0.2,0.2,0.666667124353638,0.33333289058678,0.33333289058678,0.33333421882644,FLOAT
"mixed_(5,0.2,0.2)",5,0.2,0.2,0.666667151652083,0.333332864179533,0.333332864179533,0.333334271640934,FLOAT
"mixed_(5,0.2,0.2)",5,0.2,0.2,0.666667180578726,0.333332836197253,0.333332836197253,0.333334327605495,FLOAT
"mixed_(5,0.2,0.2)",5,0.2,0.2,0.66666721123068,0.333332806545999,0.333332806545999,0.333334386908001,FLOAT
"mixed_(5,0.2,0.2)",5,0.2,0.2,0.66666724371085,0.333332775126229,0.333332775126229,0.333334449747541,FLOAT
"mixed_(5,0.2,0.2)",5,0.2,0.2,0.666667278128279,0.333332741832462,0.333332741832462,0.333334516335075,FLOAT
"mixed_(5,0.2,0.2)",5,0.2,0.2,0.666667314598514,0.333332706552927,0.333332706552927,0.333334586894146,FLOAT
"mixed_(5,0.2,0.2)",5,0.2,0.2,0.666667353243992,0.333332669169185,0.333332669169185,0.33333466166163,FLOAT
"mixed_(5,0.2,0.2)",5,0.2,0.2,0.666667394194455,0.333332629555735,0.333332629555735,0.33333474088853,FLOAT
"mixed_(5,0.2,0.2)",5,0.2,0.2,0.666667437587381,0.33333258757959,0.33333258757959,0.333334824840819,FLOAT
"mixed_(5,0.2,0.2)",5,0.2,0.2,0.666667483568452,0.333332543099832,0.333332543099832,0.333334913800336,FLOAT
"mixed_(5,0.2,0.2)",5,0.2,0.2,0.666667532292033,0.333332495967137,0.333332495967137,0.333335008065726,FLOAT
"mixed_(5,0.2,0.2)",5,0.2,0.2,0.666667583921701,0.333332446023276,0.333332446023276,0.333335107953447,FLOAT
"mixed_(5,0.2,0.2)",5,0.2,0.2,0.666667638630787,0.333332393100584,0.333332393100584,0.333335213798832,FLOAT
"mixed_(5,0.2,0.2)",5,0.2,0.2,0.666667696602962,0.333332337021394,0.333332337021394,0.333335325957211,FLOAT
"mixed_(5,0.2,0.2)",5,0.2,0.2,0.66666775803285,0.333332277597445,0.333332277597445,0.33333544480511,FLOAT
"mixed_(5,0.2,0.2)",5,0.2,0.2,0.666667823126684,0.333332214629246,0.333332214629246,0.333335570741508,FLOAT
"mixed_(5,0.2,0.2)",5,0.2,0.2,0.666667892102997,0.333332147905409,0.333332147905409,0.333335704189182,FLOAT
"mixed_(5,0.2,0.2)",5,0.2,0.2,0.666667965193359,0.333332077201939,0.333332077201939,0.333335845596122,FLOAT
"mixed_(5,0.2,0.2)",5,0.2,0.2,0.666668042643148,0.333332002281482,0.333332002281482,0.333335995437036,FLOAT
"mixed_(5,0.2,0.2)",5,0.2,0.2,0.66666812471238,0.333331922892528,0.333331922892528,0.333336154214945,FLOAT
"mixed_(5,0.2,0.2)",5,0.2,0.2,0.666668211676578,0.333331838768566,0.333331838768566,0.333336322462869,FLOAT
"mixed_(5,0.2,0.2)",5,0.2,0.2,0.666668303827701,0.333331749627191,0.333331749627191,0.333336500745618,FLOAT
"mixed_(5,0.2,0.2)",5,0.2,0.2,0.666668401475117,0.333331655169157,0.333331655169157,0.333336689661687,FLOAT
"mixed_(5,0.2,0.2)",5,0.2,0.2,0.666668504946651,0.333331555077369,0.333331555077369,0.333336889845262,FLOAT
"mixed_(5,0.2,0.2)",5,0.2,0.2,0.666668614589678,0.333331449015822,0.333331449015822,0.333337101968355,FLOAT
"mixed_(5,0.2,0.2)",5,0.2,0.2,0.666668730772293,0.333331336628473,0.333331336628473,0.333337326743053,FLOAT
"mixed_(5,0.2,0.2)",5,0.2,0.2,0.666668853884545,0.333331217538045,0.333331217538045,0.33333756492391,FLOAT
"mixed_(5,0.2,0.2)",5,0.2,0.2,0.666668984339748,0.333331091344759,0.333331091344759,0.333337817310482,FLOAT
"mixed_(5,0.2,0.2)",5,0.2,0.2,0.666669122575868,0.333330957624997,0.333330957624997,0.333338084750007,FLOAT
"mixed_(5,0.2,0.2)",5,0.2,0.2,0.666669269056992,0.333330815929876,0.333330815929876,0.333338368140248,FLOAT
"mixed_(5,0.2,0.2)",5,0.2,0.2,0.666669424274889,0.333330665783745,0.333330665783745,0.33333866843251,FLOAT
"mixed_(5,0.2,0.2)",5,0.2,0.2,0.666669588750657,0.333330506682586,0.333330506682586,0.333338986634828,FLOAT
"mixed_(5,0.2,0.2)",5,0.2,0.2,0.666669763036477,0.333330338092324,0.333330338092324,0.333339323815352,FLOAT
"mixed_(5,0.2,0.2)",5,0.2,0.2,0.666669947717462,0.333330159447035,0.333330159447035,0.333339681105931,FLOAT
"mixed_(5,0.2,0.2)",5,0.2,0.2,0.666670143413626,0.333329970147045,0.333329970147045,0.33334005970591,FLOAT
"mixed_(5,0.2,0.2)",5,0.2,0.2,0.666670350781961,0.333329769556922,0.333329769556922,0.333340460886157,FLOAT
"mixed_(5,0.2,0.2)",5,0.2,0.2,0.666670570518648,0.333329557003339,0.333329557003339,0.333340885993322,FLOAT
"mixed_(5,0.2,0.2)",5,0.2,0.2,0.666670803361388,0.333329331772819,0.333329331772819,0.333341336454363,FLOAT
"mixed_(5,0.2,0.2)",5,0.2,0.2,0.666671050091883,0.333329093109337,0.333329093109337,0.333341813781327,FLOAT
"mixed_(5,0.2,0.2)",5,0.2,0.2,0.66667131153846,0.333328840211787,0.333328840211787,0.333342319576425,FLOAT
"mixed_(5,0.2,0.2)",5,0.2,0.2,0.666671588578849,0.333328572231295,0.333328572231295,0.33334285553741,FLOAT
"mixed_(5,0.2,0.2)",5,0.2,0.2,0.666671882143135,0.333328288268366,0.333328288268366,0.333343423463269,FLOAT
"mixed_(5,0.2,0.2)",5,0.2,0.2,0.666672193216873,0.333327987369871,0.333327987369871,0.333344025260258,FLOAT
"mixed_(5,0.2,0.2)",5,0.2,0.2,0.666672522844405,0.33332766852585,0.33332766852585,0.3333446629483,FLOAT
"mixed_(5,0.2,0.2)",5,0.2,0.2,0.666672872132358,0.333327330666122,0.333327330666122,0.333345338667757,FLOAT
"mixed_(5,0.2,0.2)",5,0.2,0.2,0.666673242253367,0.333326972656696,0.333326972656696,0.333346054686609,FLOAT
"mixed_(5,0.2,0.2)",5,0.2,0.2,0.666673634450005,0.333326593295968,0.333326593295968,0.333346813408063,FLOAT
"mixed_(5,0.2,0.2)",5,0.2,0.2,0.66667405003896,0.333326191310693,0.333326191310693,0.333347617378614,FLOAT
"mixed_(5,0.2,0.2)",5,0.2,0.2,0.66667449041545,0.333325765351711,0.333325765351711,0.333348469296577,FLOAT
"mixed_(5,0.2,0.2)",5,0.2,0.2,0.666674957057912,0.333325313989427,0.333325313989427,0.333349372021145,FLOAT
"mixed_(5,0.2,0.2)",5,0.2,0.2,0.666675451532965,0.333324835709015,0.333324835709015,0.333350328581971,FLOAT
"mixed_(5,0.2,0.2)",5,0.2,0.2,0.666675975500663,0.333324328905338,0.333324328905338,0.333351342189324,FLOAT
"mixed_(5,0.2,0.2)",5,0.2,0.2,0.666676530720078,0.333323791877571,0.333323791877571,0.333352416244859,FLOAT
"mixed_(5,0.2,0.2)",5,0.2,0.2,0.666677119055197,0.333323222823494,0.333323222823494,0.333353554353012,FLOAT
"mixed_(5,0.2,0.2)",5,0.2,0.2,0.666677742481186,0.333322619833456,0.333322619833456,0.333354760333088,FLOAT
"mixed_(5,0.2,0.2)",5,0.2,0.2,0.666678403091018,0.333321980883969,0.333321980883969,0.333356038232061,FLOAT
"mixed_(5,0.2,0.2)",5,0.2,0.2,0.666679103102497,0.333321303830933,0.333321303830933,0.333357392338134,FLOAT
"mixed_(5,0.2,0.2)",5,0.2,0.2,0.666679844865711,0.333320586402444,0.333320586402444,0.333358827195113,FLOAT
"mixed_(5,0.2,0.2)",5,0.2,0.2,0.666680630870915,0.333319826191186,0.333319826191186,0.333360347617628,FLOAT
"mixed_(5,0.2,0.2)",5,0.2,0.2,0.666681463756893,0.333319020646367,0.333319020646367,0.333361958707267,FLOAT
"mixed_(5,0.2,0.2)",5,0.2,0.2,0.666682346319819,0.333318167065169,0.333318167065169,0.333363665869662,FLOAT
"mixed_(5,0.2,0.2)",5,0.2,0.2,0.666683281522644,0.3333172625837,0.3333172625837,0.3333654748326,FLOAT
"mixed_(5,0.2,0.2)",5,0.2,0.2,0.666684272505039,0.333316304167401,0.333316304167401,0.333367391665197,FLOAT
"mixed_(5,0.2,0.2)",5,0.2,0.2,0.666685322593942,0.333315288600885,0.333315288600885,0.33336942279823,FLOAT
"mixed_(5,0.2,0.2)",5,0.2,0.2,0.666686435314721,0.333314212477172,0.333314212477172,0.333371575045657,FLOAT
"mixed_(5,0.2,0.2)",5,0.2,0.2,0.666687614403016,0.333313072186283,0.333313072186283,0.333373855627434,FLOAT
"mixed_(5,0.2,0.2)",5,0.2,0.2,0.666688863817274,0.333311863903162,0.333311863903162,0.333376272193676,FLOAT
"mixed_(5,0.2,0.2)",5,0.2,0.2,0.666690187752041,0.333310583574874,0.333310583574874,0.333378832850253,FLOAT
"mixed_(5,0.2,0.2)",5,0.2,0.2,0.666691590652045,0.333309226907044,0.333309226907044,0.333381546185912,FLOAT
"mixed_(5,0.2,0.2)",5,0.2,0.2,0.666693077227118,0.333307789349497,0.333307789349497,0.333384421301007,FLOAT
"mixed_(5,0.2,0.2)",5,0.2,0.2,0.666694652468004,0.333306266081039,0.333306266081039,0.333387467837922,FLOAT
"mixed_(5,0.2,0.2)",5,0.2,0.2,0.66669632166312,0.333304651993339,0.333304651993339,0.333390696013322,FLOAT
"mixed_(5,0.2,0.2)",5,0.2,0.2,0.666698090416304,0.333302941673855,0.333302941673855,0.333394116652289,FLOAT
"mixed_(5,0.2,0.2)",5,0.2,0.2,0.666699964665634,0.333301129387747,0.333301129387747,0.333397741224506,FLOAT
"mixed_(5,0.2,0.2)",5,0.2,0.2,0.66670195070336,0.333299209058716,0.333299209058716,0.333401581882567,FLOAT
"mixed_(5,0.2,0.2)",5,0.2,0.2,0.666704055197027,0.333297174248717,0.333297174248717,0.333405651502566,FLOAT
"mixed_(5,0.2,0.2)",5,0.2,0.2,0.666706285211866,0.333295018136459,0.333295018136459,0.333409963727083,FLOAT
"mixed_(5,0.2,0.2)",5,0.2,0.2,0.666708648234505,0.33329273349464,0.33329273349464,0.33341453301072,FLOAT
"mixed_(5,0.2,0.2)",5,0.2,0.2,0.666711152198109,0.333290312665835,0.333290312665835,0.333419374668329,FLOAT
"mixed_(5,0.2,0.2)",5,0.2,0.2,0.666713805509012,0.333287747536959,0.333287747536959,0.333424504926081,FLOAT
"mixed_(5,0.2,0.2)",5,0.2,0.2,0.666716617074936,0.333285029512214,0.333285029512214,0.333429940975571,FLOAT
"mixed_(5,0.2,0.2)",5,0.2,0.2,0.6667195963349,0.333282149484449,0.333282149484449,0.333435701031103,FLOAT
"mixed_(5,0.2,0.2)",5,0.2,0.2,0.666722753290909,0.33327909780482,0.33327909780482,0.333441804390359,FLOAT
"mixed_(5,0.2,0.2)",5,0.2,0.2,0.666726098541527,0.333275864250672,0.333275864250672,0.333448271498655,FLOAT
"mixed_(5,0.2,0.2)",5,0.2,0.2,0.666729643317467,0.333272437991513,0.333272437991513,0.333455124016975,FLOAT
"mixed_(5,0.2,0.2)",5,0.2,0.2,0.666733399519287,0.333268807552994,0.333268807552994,0.333462384894012,FLOAT
"mixed_(5,0.2,0.2)",5,0.2,0.2,0.666737379757347,0.333264960778771,0.333264960778771,0.333470078442459,FLOAT
"mixed_(5,0.2,0.2)",5,0.2,0.2,0.666741597394146,0.333260884790112,0.333260884790112,0.333478230419776,FLOAT
"mixed_(5,0.2,0.2)",5,0.2,0.2,0.666746066589179,0.333256565943146,0.333256565943146,0.333486868113708,FLOAT
"mixed_(5,0.2,0.2)",5,0.2,0.2,0.666750802346474,0.333251989783588,0.333251989783588,0.333496020432824,FLOAT
"mixed_(5,0.2,0.2)",5,0.2,0.2,0.666755820564966,0.333247140998818,0.333247140998818,0.333505718002363,FLOAT
"mixed_(5,0.2,0.2)",5,0.2,0.2,0.666761138091871,0.33324200336715,0.33324200336715,0.3335159932657,FLOAT
"mixed_(5,0.2,0.2)",5,0.2,0.2,0.666766772779247,0.333236559704128,0.333236559704128,0.333526880591744,FLOAT
"mixed_(5,0.2,0.2)",5,0.2,0.2,0.666772743543927,0.333230791805687,0.333230791805687,0.333538416388625,FLOAT
"mixed_(5,0.2,0.2)",5,0.2,0.2,0.666779070431024,0.333224680387995,0.333224680387995,0.33355063922401,FLOAT
"mixed_(5,0.2,0.2)",5,0.2,0.2,0.666785774681232,0.33321820502378,0.33321820502378,0.33356358995244,FLOAT
"mixed_(5,0.2,0.2)",5,0.2,0.2,0.666792878802131,0.333211344074961,0.333211344074961,0.333577311850078,FLOAT
"mixed_(5,0.2,0.2)",5,0.2,0.2,0.66680040664375,0.333204074621348,0.333204074621348,0.333591850757303,FLOAT
"mixed_(5,0.2,0.2)",5,0.2,0.2,0.666808383478639,0.333196372385215,0.333196372385215,0.333607255229571,FLOAT
"mixed_(5,0.2,0.2)",5,0.2,0.2,0.666816836086713,0.333188211651485,0.333188211651485,0.333623576697029,FLOAT
"mixed_(5,0.2,0.2)",5,0.2,0.2,0.666825792845157,0.333179565183317,0.333179565183317,0.333640869633366,FLOAT
"mixed_(5,0.2,0.2)",5,0.2,0.2,0.666835283823696,0.333170404132796,0.333170404132796,0.333659191734408,FLOAT
"mixed_(5,0.2,0.2)",5,0.2,0.2,0.666845340885544,0.333160697946488,0.333160697946488,0.333678604107024,FLOAT
"mixed_(5,0.2,0.2)",5,0.2,0.2,0.666855997794376,0.333150414265559,0.333150414265559,0.333699171468882,FLOAT
"mixed_(5,0.2,0.2)",5,0.2,0.2,0.666867290327678,0.333139518820158,0.333139518820158,0.333720962359685,FLOAT
"mixed_(5,0.2,0.2)",5,0.2,0.2,0.666879256396864,0.333127975317753,0.333127975317753,0.333744049364494,FLOAT
"mixed_(5,0.2,0.2)",5,0.2,0.2,0.666891936174548,0.33311574532509,0.33311574532509,0.333768509349819,FLOAT
"mixed_(5,0.2,0.2)",5,0.2,0.2,0.666905372229415,0.333102788143427,0.333102788143427,0.333794423713147,FLOAT
"mixed_(5,0.2,0.2)",5,0.2,0.2,0.666919609669129,0.333089060676673,0.333089060676673,0.333821878646654,FLOAT
"mixed_(5,0.2,0.2)",5,0.2,0.2,0.666934696291775,0.333074517292072,0.333074517292072,0.333850965415857,FLOAT
"mixed_(5,0.2,0.2)",5,0.2,0.2,0.666950682746323,0.333059109673007,0.333059109673007,0.333881780653987,FLOAT
"mixed_(5,0.2,0.2)",5,0.2,0.2,0.666967622702667,0.333042786663557,0.333042786663557,0.333914426672887,FLOAT
"mixed_(5,0.2,0.2)",5,0.2,0.2,0.666985573031808,0.333025494104214,0.333025494104214,0.333949011791572,FLOAT
"mixed_(5,0.2,0.2)",5,0.2,0.2,0.667004593996783,0.333007174658659,0.333007174658659,0.333985650682681,FLOAT
"mixed_(5,0.2,0.2)",5,0.2,0.2,0.667024749454976,0.332987767630678,0.332987767630678,0.334024464738643,FLOAT
"mixed_(5,0.2,0.2)",5,0.2,0.2,0.667046107072505,0.33296720877105,0.33296720877105,0.334065582457899,FLOAT
"mixed_(5,0.2,0.2)",5,0.2,0.2,0.667068738551391,0.332945430073769,0.332945430073769,0.334109139852461,FLOAT
"mixed_(5,0.2,0.2)",5,0.2,0.2,0.667092719870275,0.332922359561093,0.332922359561093,0.334155280877813,FLOAT
"mixed_(5,0.2,0.2)",5,0.2,0.2,0.667118131539495,0.332897921056865,0.332897921056865,0.33420415788627,FLOAT
"mixed_(5,0.2,0.2)",5,0.2,0.2,0.667145058871377,0.332872033947537,0.332872033947537,0.334255932104926,FLOAT
"mixed_(5,0.2,0.2)",5,0.2,0.2,0.667173592266644,0.332844612930317,0.332844612930317,0.334310774139367,FLOAT
"mixed_(5,0.2,0.2)",5,0.2,0.2,0.667203827517915,0.332815567747815,0.332815567747815,0.33436886450437,FLOAT
"mixed_(5,0.2,0.2)",5,0.2,0.2,0.667235866131295,0.332784802908587,0.332784802908587,0.334430394182827,FLOAT
"mixed_(5,0.2,0.2)",5,0.2,0.2,0.667269815667157,0.33275221739291,0.33275221739291,0.334495565214181,FLOAT
"mixed_(5,0.2,0.2)",5,0.2,0.2,0.667305790101244,0.332717704343155,0.332717704343155,0.334564591313689,FLOAT
"mixed_(5,0.2,0.2)",5,0.2,0.2,0.667343910207308,0.332681150738075,0.332681150738075,0.334637698523849,FLOAT
"mixed_(5,0.2,0.2)",5,0.2,0.2,0.667384303962572,0.332642437050328,0.332642437050328,0.334715125899345,FLOAT
"mixed_(5,0.2,0.2)",5,0.2,0.2,0.667427106977381,0.332601436886547,0.332601436886547,0.334797126226907,FLOAT
"mixed_(5,0.2,0.2)",5,0.2,0.2,0.66747246295047,0.332558016609264,0.332558016609264,0.334883966781472,FLOAT
"mixed_(5,0.2,0.2)",5,0.2,0.2,0.667520524151393,0.332512034939976,0.332512034939976,0.334975930120048,FLOAT
"mixed_(5,0.2,0.2)",5,0.2,0.2,0.667571451931725,0.33246334254266,0.33246334254266,0.33507331491468,FLOAT
"mixed_(5,0.2,0.2)",5,0.2,0.2,0.667625417266748,0.332411781587046,0.332411781587046,0.335176436825908,FLOAT
"mixed_(5,0.2,0.2)",5,0.2,0.2,0.66768260132946,0.332357185290952,0.332357185290952,0.335285629418096,FLOAT
"mixed_(5,0.2,0.2)",5,0.2,0.2,0.667743196098802,0.332299377441022,0.332299377441022,0.335401245117957,FLOAT
"mixed_(5,0.2,0.2)",5,0.2,0.2,0.667807405004176,0.33223817189121,0.33223817189121,0.335523656217579,FLOAT
"mixed_(5,0.2,0.2)",5,0.2,0.2,0.667875443608401,0.332173372038409,0.332173372038409,0.335653255923181,FLOAT
"mixed_(5,0.2,0.2)",5,0.2,0.2,0.667947540331402,0.33210477027462,0.33210477027462,0.335790459450761,FLOAT
"mixed_(5,0.2,0.2)",5,0.2,0.2,0.668023937217061,0.332032147415153,0.332032147415153,0.335935705169694,FLOAT
"mixed_(5,0.2,0.2)",5,0.2,0.2,0.668104890745814,0.331955272102381,0.331955272102381,0.336089455795239,FLOAT
"mixed_(5,0.2,0.2)",5,0.2,0.2,0.668190672695706,0.331873900184623,0.331873900184623,0.336252199630754,FLOAT
"mixed_(5,0.2,0.2)",5,0.2,0.2,0.66828157105481,0.331787774069865,0.331787774069865,0.33642445186027,FLOAT
"mixed_(5,0.2,0.2)",5,0.2,0.2,0.668377890988062,0.331696622054064,0.331696622054064,0.336606755891873,FLOAT
"mixed_(5,0.2,0.2)",5,0.2,0.2,0.668479955861763,0.331600157623933,0.331600157623933,0.336799684752134,FLOAT
"mixed_(5,0.2,0.2)",5,0.2,0.2,0.668588108329191,0.331498078734225,0.331498078734225,0.33700384253155,FLOAT
"mixed_(5,0.2,0.2)",5,0.2,0.2,0.668702711480957,0.331390067059654,0.331390067059654,0.337219865880692,FLOAT
"mixed_(5,0.2,0.2)",5,0.2,0.2,0.668824150063978,0.331275787221801,0.331275787221801,0.337448425556399,FLOAT
"mixed_(5,0.2,0.2)",5,0.2,0.2,0.668952831773153,0.331154885991495,0.331154885991495,0.33769022801701,FLOAT
"mixed_(5,0.2,0.2)",5,0.2,0.2,0.669089188620082,0.331026991467404,0.331026991467404,0.337946017065192,FLOAT
"mixed_(5,0.2,0.2)",5,0.2,0.2,0.669233678383419,0.330891712231767,0.330891712231767,0.338216575536466,FLOAT
"mixed_(5,0.2,0.2)",5,0.2,0.2,0.669386786145729,0.330748636484489,0.330748636484489,0.338502727031022,FLOAT
"mixed_(5,0.2,0.2)",5,0.2,0.2,0.669549025922018,0.330597331157073,0.330597331157073,0.338805337685854,FLOAT
"mixed_(5,0.2,0.2)",5,0.2,0.2,0.669720942385384,0.330437341008194,0.330437341008194,0.339125317983611,FLOAT
"mixed_(5,0.2,0.2)",5,0.2,0.2,0.669903112695601,0.330268187703031,0.330268187703031,0.339463624593938,FLOAT
"mixed_(5,0.2,0.2)",5,0.2,0.2,0.670096148436769,0.330089368878847,0.330089368878847,0.339821262242306,FLOAT
"mixed_(5,0.2,0.2)",5,0.2,0.2,0.670300697670525,0.329900357199697,0.329900357199697,0.340199285600605,FLOAT
"mixed_(5,0.2,0.2)",5,0.2,0.2,0.670517447111728,0.329700599403541,0.329700599403541,0.340598801192918,FLOAT
"mixed_(5,0.2,0.2)",5,0.2,0.2,0.670747124433902,0.329489515345477,0.329489515345477,0.341020969309047,FLOAT
"mixed_(5,0.2,0.2)",5,0.2,0.2,0.67099050071219,0.329266497041274,0.329266497041274,0.341467005917452,FLOAT
"mixed_(5,0.2,0.2)",5,0.2,0.2,0.671248393012015,0.32903090771585,0.32903090771585,0.341938184568301,FLOAT
"mixed_(5,0.2,0.2)",5,0.2,0.2,0.671521667132144,0.328782080861811,0.328782080861811,0.342435838276378,FLOAT
"mixed_(5,0.2,0.2)",5,0.2,0.2,0.671811240511352,0.328519319313692,0.328519319313692,0.342961361372616,FLOAT
"mixed_(5,0.2,0.2)",5,0.2,0.2,0.67211808530846,0.328241894343994,0.328241894343994,0.343516211312012,FLOAT
"mixed_(5,0.2,0.2)",5,0.2,0.2,0.672443231666078,0.327949044787627,0.327949044787627,0.344101910424747,FLOAT
"mixed_(5,0.2,0.2)",5,0.2,0.2,0.672787771169006,0.32763997620181,0.32763997620181,0.344720047596381,FLOAT
"mixed_(5,0.2,0.2)",5,0.2,0.2,0.673152860508921,0.327313860068931,0.327313860068931,0.345372279862138,FLOAT
"mixed_(5,0.2,0.2)",5,0.2,0.2,0.673539725367628,0.326969833050242,0.326969833050242,0.346060333899517,FLOAT
"mixed_(5,0.2,0.2)",5,0.2,0.2,0.673949664531935,0.326606996298596,0.326606996298596,0.346786007402807,FLOAT
"mixed_(5,0.2,0.2)",5,0.2,0.2,0.674384054253956,0.326224414838709,0.326224414838709,0.347551170322582,FLOAT
"mixed_(5,0.2,0.2)",5,0.2,0.2,0.674844352871474,0.325821117023515,0.325821117023515,0.34835776595297,FLOAT
"mixed_(5,0.2,0.2)",5,0.2,0.2,0.675332105703892,0.325396094075296,0.325396094075296,0.349207811849408,FLOAT
"mixed_(5,0.2,0.2)",5,0.2,0.2,0.675848950240194,0.324948299720069,0.324948299720069,0.350103400559862,FLOAT
"mixed_(5,0.2,0.2)",5,0.2,0.2,0.676396621636343,0.324476649923475,0.324476649923475,0.351046700153051,FLOAT
"mixed_(5,0.2,0.2)",5,0.2,0.2,0.676976958540561,0.323980022735893,0.323980022735893,0.352039954528214,FLOAT
"mixed_(5,0.2,0.2)",5,0.2,0.2,0.677591909266059,0.323457258253787,0.323457258253787,0.353085483492427,FLOAT
"mixed_(5,0.2,0.2)",5,0.2,0.2,0.67824353833194,0.322907158703285,0.322907158703285,0.35418568259343,FLOAT
"mixed_(5,0.2,0.2)",5,0.2,0.2,0.678934033394218,0.322328488650724,0.322328488650724,0.355343022698552,FLOAT
"mixed_(5,0.2,0.2)",5,0.2,0.2,0.679665712590243,0.321719975343237,0.321719975343237,0.356560049313527,FLOAT
"mixed_(5,0.2,0.2)",5,0.2,0.2,0.680441032321174,0.32108030918048,0.32108030918048,0.357839381639041,FLOAT
"mixed_(5,0.2,0.2)",5,0.2,0.2,0.681262595498641,0.32040814431623,0.32040814431623,0.35918371136754,FLOAT
"mixed_(5,0.2,0.2)",5,0.2,0.2,0.68213316028326,0.319702099385531,0.319702099385531,0.360595801228937,FLOAT
"mixed_(5,0.2,0.2)",5,0.2,0.2,0.683055649344363,0.318960758350271,0.318960758350271,0.362078483299458,FLOAT
"mixed_(5,0.2,0.2)",5,0.2,0.2,0.684033159672015,0.31818267145142,0.31818267145142,0.363634657097159,FLOAT
"mixed_(5,0.2,0.2)",5,0.2,0.2,0.68506897297426,0.31736635625251,0.31736635625251,0.365267287494981,FLOAT
"mixed_(5,0.2,0.2)",5,0.2,0.2,0.686166566694507,0.316510298753485,0.316510298753485,0.366979402493029,FLOAT
"mixed_(5,0.2,0.2)",5,0.2,0.2,0.687329625686041,0.315612954548566,0.315612954548566,0.368774090902867,FLOAT
"mixed_(5,0.2,0.2)",5,0.2,0.2,0.68856205458285,0.314672749995343,0.314672749995343,0.370654500009315,FLOAT
"mixed_(5,0.2,0.2)",5,0.2,0.2,0.689867990908302,0.313688083355242,0.313688083355242,0.372623833289516,FLOAT
"mixed_(5,0.2,0.2)",5,0.2,0.2,0.691251818965688,0.312657325857526,0.312657325857526,0.374685348284948,FLOAT
"mixed_(5,0.2,0.2)",5,0.2,0.2,0.692718184557244,0.311578822630083,0.311578822630083,0.376842354739834,FLOAT
"mixed_(5,0.2,0.2)",5,0.2,0.2,0.694272010581095,0.310450893430332,0.310450893430332,0.379098213139337,FLOAT
"mixed_(5,0.2,0.2)",5,0.2,0.2,0.695918513558455,0.309271833098391,0.309271833098391,0.381456333803219,FLOAT
"mixed_(5,0.2,0.2)",5,0.2,0.2,0.697663221146592,0.308039911642074,0.308039911642074,0.383920176715852,FLOAT
"mixed_(5,0.2,0.2)",5,0.2,0.2,0.699511990696333,0.306753373849001,0.306753373849001,0.386493252301998,FLOAT
"mixed_(5,0.2,0.2)",5,0.2,0.2,0.701471028916427,0.305410438304785,0.305410438304785,0.38917912339043,FLOAT
"mixed_(5,0.2,0.2)",5,0.2,0.2,0.703546912710775,0.304009295677443,0.304009295677443,0.391981408645115,FLOAT
"mixed_(5,0.2,0.2)",5,0.2,0.2,0.705746611258478,0.302548106106237,0.302548106106237,0.394903787787526,FLOAT
"mixed_(5,0.2,0.2)",5,0.2,0.2,0.708077509410841,0.30102499550735,0.30102499550735,0.3979500089853,FLOAT
"mixed_(5,0.2,0.2)",5,0.2,0.2,0.710547432483875,0.299438050578068,0.299438050578068,0.401123898843863,FLOAT
"mixed_(5,0.2,0.2)",5,0.2,0.2,0.713164672529529,0.297785312244243,0.297785312244243,0.404429375511513,FLOAT
"mixed_(5,0.2,0.2)",5,0.2,0.2,0.715938016173855,0.296064767250925,0.296064767250925,0.407870465498151,FLOAT
"mixed_(5,0.2,0.2)",5,0.2,0.2,0.718876774115565,0.294274337541076,0.294274337541076,0.411451324917848,FLOAT
"mixed_(5,0.2,0.2)",5,0.2,0.2,0.721990812384003,0.292411866999209,0.292411866999209,0.415176266001582,FLOAT
"mixed_(5,0.2,0.2)",5,0.2,0.2,0.725290585461487,0.290475105051867,0.290475105051867,0.419049789896267,FLOAT
"mixed_(5,0.2,0.2)",5,0.2,0.2,0.728787171381207,0.288461686510079,0.288461686510079,0.423076626979841,FLOAT
"mixed_(5,0.2,0.2)",5,0.2,0.2,0.732492308918514,0.28636910690361,0.28636910690361,0.427261786192781,FLOAT
"mixed_(5,0.2,0.2)",5,0.2,0.2,0.736418437000464,0.284194692384178,0.284194692384178,0.431610615231643,FLOAT
"mixed_(5,0.2,0.2)",5,0.2,0.2,0.740578736465914,0.281935563052635,0.281935563052635,0.43612887389473,FLOAT
"mixed_(5,0.2,0.2)",5,0.2,0.2,0.744987174316374,0.279588588278139,0.279588588278139,0.440822823443722,FLOAT
"mixed_(5,0.2,0.2)",5,0.2,0.2,0.749658550606174,0.277150332201928,0.277150332201928,0.445699335596145,FLOAT
"mixed_(5,0.2,0.2)",5,0.2,0.2,0.754608548129361,0.27461698712576,0.27461698712576,0.450766025748481,FLOAT
"mixed_(5,0.2,0.2)",5,0.2,0.2,0.759853785070145,0.271984291831516,0.271984291831516,0.456031416336968,FLOAT
"mixed_(5,0.2,0.2)",5,0.2,0.2,0.765411870793641,0.269247431004405,0.269247431004405,0.46150513799119,FLOAT
"mixed_(5,0.2,0.2)",5,0.2,0.2,0.771301464964215,0.266400910751844,0.266400910751844,0.467198178496311,FLOAT
"mixed_(5,0.2,0.2)",5,0.2,0.2,0.777542340189913,0.2634384035993,0.2634384035993,0.473123192801401,FLOAT
"mixed_(5,0.2,0.2)",5,0.2,0.2,0.784155448403264,0.260352554121455,0.260352554121455,0.47929489175709,FLOAT
"mixed_(5,0.2,0.2)",5,0.2,0.2,0.791162991201332,0.257134733261144,0.257134733261144,0.485730533477713,FLOAT
"mixed_(5,0.2,0.2)",5,0.2,0.2,0.798588494381158,0.253774724991383,0.253774724991383,0.492450550017234,FLOAT
"mixed_(5,0.2,0.2)",5,0.2,0.2,0.806456886920807,0.250260322656957,0.250260322656957,0.499479354686086,FLOAT
"mixed_(5,0.2,0.2)",5,0.2,0.2,0.814794584671205,0.246576803107183,0.246576803107183,0.506846393785634,FLOAT
"mixed_(5,0.2,0.2)",5,0.2,0.2,0.823629579039712,0.242706233021471,0.242706233021471,0.514587533957059,FLOAT
"mixed_(5,0.2,0.2)",5,0.2,0.2,0.83299153096317,0.238626541052351,0.238626541052351,0.522746917895297,FLOAT
"mixed_(5,0.2,0.2)",5,0.2,0.2,0.842911870485915,0.2343102572307,0.2343102572307,0.5313794855386,FLOAT
"mixed_(5,0.2,0.2)",5,0.2,0.2,0.853423902277057,0.229722770007938,0.229722770007938,0.540554459984125,FLOAT
"mixed_(5,0.2,0.2)",5,0.2,0.2,0.864562917441269,0.224819868005111,0.224819868005111,0.550360263989777,FLOAT
"mixed_(5,0.2,0.2)",5,0.2,0.2,0.876366311998457,0.219544193343102,0.219544193343102,0.560911613313796,FLOAT
"mixed_(5,0.2,0.2)",5,0.2,0.2,0.888873712430073,0.213819988875496,0.213819988875496,0.572360022249008,FLOAT
"mixed_(5,0.2,0.2)",5,0.2,0.2,0.9,0.208569539098824,0.208569539098824,0.582860921802353,FLOAT
"mixed_(5,0.2,0.2)",5,0.2,0.2,0.902127108713561,0.207545076905713,0.207545076905713,0.584909846188574,FLOAT
"mixed_(5,0.2,0.2)",5,0.2,0.2,0.912667383761716,0.202352262793357,0.202352262793357,0.595295474413287,FLOAT
"mixed_(5,0.2,0.2)",5,0.2,0.2,0.916170995291558,0.200578157446091,0.200578157446091,0.598843685107818,FLOAT
"mixed_(5,0.2,0.2)",5,0.2,0.2,0.923730141409766,0.196656094086326,0.196656094086326,0.606687811827347,FLOAT
"mixed_(5,0.2,0.2)",5,0.2,0.2,0.931052520449102,0.192717792881525,0.192717792881525,0.61456441423695,FLOAT
"mixed_(5,0.2,0.2)",5,0.2,0.2,0.933391537091908,0.191427477161287,0.191427477161287,0.617145045677426,FLOAT
"mixed_(5,0.2,0.2)",5,0.2,0.2,0.941829086706256,0.186626464210473,0.186626464210473,0.626747071579055,FLOAT
"mixed_(5,0.2,0.2)",5,0.2,0.2,0.946821644600358,0.183665697506848,0.183665697506848,0.632668604986304,FLOAT
"mixed_(5,0.2,0.2)",5,0.2,0.2,0.94919781953087,0.182221747559835,0.182221747559835,0.635556504880331,FLOAT
"mixed_(5,0.2,0.2)",5,0.2,0.2,0.955633126690214,0.178187353559793,0.178187353559793,0.643625292880413,FLOAT
"mixed_(5,0.2,0.2)",5,0.2,0.2,0.961253248795439,0.17450046406715,0.17450046406715,0.6509990718657,FLOAT
"mixed_(5,0.2,0.2)",5,0.2,0.2,0.963531308016255,0.17295800944597,0.17295800944597,0.65408398110806,FLOAT
"mixed_(5,0.2,0.2)",5,0.2,0.2,0.966161448465718,0.171140022277328,0.171140022277328,0.657719955445343,FLOAT
"mixed_(5,0.2,0.2)",5,0.2,0.2,0.970447907647971,0.168085889371174,0.168085889371174,0.663828221257652,FLOAT
"mixed_(5,0.2,0.2)",5,0.2,0.2,0.974191384595819,0.16531838546352,0.16531838546352,0.66936322907296,FLOAT
"mixed_(5,0.2,0.2)",5,0.2,0.2,0.977460660952652,0.162818092324044,0.162818092324044,0.674363815351911,FLOAT
"mixed_(5,0.2,0.2)",5,0.2,0.2,0.980315805527134,0.160565826434242,0.160565826434242,0.678868347131516,FLOAT
"mixed_(5,0.2,0.2)",5,0.2,0.2,0.981237608556118,0.159824198019169,0.159824198019169,0.680351603961662,FLOAT
"mixed_(5,0.2,0.2)",5,0.2,0.2,0.982809277981414,0.158542714366087,0.158542714366087,0.682914571267827,FLOAT
"mixed_(5,0.2,0.2)",5,0.2,0.2,0.984986892710918,0.156730320859533,0.156730320859533,0.686539358280933,FLOAT
"mixed_(5,0.2,0.2)",5,0.2,0.2,0.986888660625784,0.155110794659152,0.155110794659152,0.689778410681696,FLOAT
"mixed_(5,0.2,0.2)",5,0.2,0.2,0.988549524300617,0.15366700883589,0.15366700883589,0.692665982328219,FLOAT
"mixed_(5,0.2,0.2)",5,0.2,0.2,0.99,0.152382681392154,0.152382681392154,0.695234637215692,FLOAT
"mixed_(5,0.2,0.2)",5,0.2,0.2,0.991266738376172,0.151242468769942,0.151242468769942,0.697515062460116,FLOAT
"mixed_(5,0.2,0.2)",5,0.2,0.2,0.992373014140977,0.150232029775457,0.150232029775457,0.699535940449085,FLOAT
"mixed_(5,0.2,0.2)",5,0.2,0.2,0.993339153709191,0.149338060737673,0.149338060737673,0.701323878524655,FLOAT
"mixed_(5,0.2,0.2)",5,0.2,0.2,0.994182908670626,0.148548304756221,0.148548304756221,0.702903390487559,FLOAT
"mixed_(5,0.2,0.2)",5,0.2,0.2,0.994919781953087,0.147851538974082,0.147851538974082,0.704296922051837,FLOAT
"mixed_(5,0.2,0.2)",5,0.2,0.2,0.995563312669021,0.147237544202272,0.147237544202272,0.705524911595456,FLOAT
"mixed_(5,0.2,0.2)",5,0.2,0.2,0.996125324879544,0.146697061152426,0.146697061152426,0.706605877695148,FLOAT
"mixed_(5,0.2,0.2)",5,0.2,0.2,0.996616144846572,0.146221737176638,0.146221737176638,0.707556525646725,FLOAT
"mixed_(5,0.2,0.2)",5,0.2,0.2,0.997044790764797,0.145804066905597,0.145804066905597,0.708391866188805,FLOAT
"mixed_(5,0.2,0.2)",5,0.2,0.2,0.997419138459582,0.145437329610133,0.145437329610133,0.709125340779734,FLOAT
"mixed_(5,0.2,0.2)",5,0.2,0.2,0.997746066095265,0.145115525550297,0.145115525550297,0.709768948899405,FLOAT
"mixed_(5,0.2,0.2)",5,0.2,0.2,0.998031580552713,0.144833313058072,0.144833313058072,0.710333373883856,FLOAT
"mixed_(5,0.2,0.2)",5,0.2,0.2,0.998280927798141,0.144585947644525,0.144585947644525,0.71082810471095,FLOAT
"mixed_(5,0.2,0.2)",5,0.2,0.2,0.998498689271092,0.144369224037499,0.144369224037499,0.711261551925002,FLOAT
"mixed_(5,0.2,0.2)",5,0.2,0.2,0.998688866062578,0.144179421741127,0.144179421741127,0.711641156517745,FLOAT
"mixed_(5,0.2,0.2)",5,0.2,0.2,0.998854952430062,0.144013254458485,0.144013254458485,0.711973491083031,FLOAT
"mixed_(5,0.2,0.2)",5,0.2,0.2,0.999,0.143867823525795,0.143867823525795,0.71226435294841,FLOAT
"mixed_(5,0.2,0.2)",5,0.2,0.2,0.999126673837617,0.143740575362305,0.143740575362305,0.712518849275389,FLOAT
"mixed_(5,0.2,0.2)",5,0.2,0.2,0.999237301414098,0.14362926283564,0.14362926283564,0.71274147432872,FLOAT
"mixed_(5,0.2,0.2)",5,0.2,0.2,0.999333915370919,0.143531910370494,0.143531910370494,0.712936179259012,FLOAT
"mixed_(5,0.2,0.2)",5,0.2,0.2,0.999418290867063,0.143446782581814,0.143446782581814,0.713106434836371,FLOAT
"mixed_(5,0.2,0.2)",5,0.2,0.2,0.999491978195309,0.143372356186503,0.143372356186503,0.713255287626995,FLOAT
"mixed_(5,0.2,0.2)",5,0.2,0.2,0.999556331266902,0.143307294935114,0.143307294935114,0.713385410129772,FLOAT
"mixed_(5,0.2,0.2)",5,0.2,0.2,0.999612532487954,0.143250427303225,0.143250427303225,0.713499145393549,FLOAT
"mixed_(5,0.2,0.2)",5,0.2,0.2,0.999661614484657,0.143200726687887,0.143200726687887,0.713598546624226,FLOAT
"mixed_(5,0.2,0.2)",5,0.2,0.2,0.99970447907648,0.143157293865499,0.143157293865499,0.713685412269002,FLOAT
"mixed_(5,0.2,0.2)",5,0.2,0.2,0.999741913845958,0.143119341481631,0.143119341481631,0.713761317036738,FLOAT
"mixed_(5,0.2,0.2)",5,0.2,0.2,0.999774606609527,0.143086180359417,0.143086180359417,0.713827639281166,FLOAT
"mixed_(5,0.2,0.2)",5,0.2,0.2,0.999803158055271,0.143057207430092,0.143057207430092,0.713885585139816,FLOAT
"mixed_(5,0.2,0.2)",5,0.2,0.2,0.999828092779814,0.143031895106316,0.143031895106316,0.713936209787368,FLOAT
"mixed_(5,0.2,0.2)",5,0.2,0.2,0.999849868927109,0.143009781935624,0.143009781935624,0.713980436128752,FLOAT
"mixed_(5,0.2,0.2)",5,0.2,0.2,0.999868886606258,0.142990464387273,0.142990464387273,0.714019071225453,FLOAT
"mixed_(5,0.2,0.2)",5,0.2,0.2,0.999885495243006,0.142973589640776,0.142973589640776,0.714052820718448,FLOAT
"mixed_(5,0.2,0.2)",5,0.2,0.2,0.9999,0.142958849258301,0.142958849258301,0.714082301483399,FLOAT
"mixed_(5,0.2,0.2)",5,0.2,0.2,0.999912667383762,0.142945973635958,0.142945973635958,0.714108052728083,FLOAT
"mixed_(5,0.2,0.2)",5,0.2,0.2,0.99992373014141,0.142934727140635,0.142934727140635,0.71413054571873,FLOAT
"mixed_(5,0.2,0.2)",5,0.2,0.2,0.999933391537092,0.142924903849608,0.142924903849608,0.714150192300783,FLOAT
"mixed_(5,0.2,0.2)",5,0.2,0.2,0.999941829086706,0.142916323819728,0.142916323819728,0.714167352360545,FLOAT
"mixed_(5,0.2,0.2)",5,0.2,0.2,0.999949197819531,0.14290882982145,0.14290882982145,0.714182340357101,FLOAT
"mixed_(5,0.2,0.2)",5,0.2,0.2,0.99995563312669,0.142902284480682,0.142902284480682,0.714195431038636,FLOAT
"mixed_(5,0.2,0.2)",5,0.2,0.2,0.999961253248795,0.14289656777817,0.14289656777817,0.71420686444366,FLOAT
"mixed_(5,0.2,0.2)",5,0.2,0.2,0.999966161448466,0.142891574862197,0.142891574862197,0.714216850275607,FLOAT
"mixed_(5,0.2,0.2)",5,0.2,0.2,0.999970447907648,0.142887214135728,0.142887214135728,0.714225571728543,FLOAT
"mixed_(5,0.2,0.2)",5,0.2,0.2,0.999974191384596,0.142883405583862,0.142883405583862,0.714233188832276,FLOAT
"mixed_(5,0.2,0.2)",5,0.2,0.2,0.999977460660953,0.142880079311607,0.142880079311607,0.714239841376786,FLOAT
"mixed_(5,0.2,0.2)",5,0.2,0.2,0.999980315805527,0.142877174265724,0.142877174265724,0.714245651468553,FLOAT
"mixed_(5,0.2,0.2)",5,0.2,0.2,0.999982809277981,0.142874637117576,0.142874637117576,0.714250725764848,FLOAT
"mixed_(5,0.2,0.2)",5,0.2,0.2,0.999984986892711,0.142872421286821,0.142872421286821,0.714255157426358,FLOAT
"mixed_(5,0.2,0.2)",5,0.2,0.2,0.999986888660626,0.142870486088247,0.142870486088247,0.714259027823506,FLOAT
"mixed_(5,0.2,0.2)",5,0.2,0.2,0.999988549524301,0.142868795986257,0.142868795986257,0.714262408027486,FLOAT
"mixed_(5,0.2,0.2)",5,0.2,0.2,0.99999,0.142867319943658,0.142867319943658,0.714265360112684,FLOAT
"mixed_(5,0.2,0.2)",5,0.2,0.2,0.999991266738376,0.142866030852366,0.142866030852366,0.714267938295269,FLOAT
"mixed_(5,0.2,0.2)",5,0.2,0.2,0.999992373014141,0.142864905036395,0.142864905036395,0.71427018992721,FLOAT
"mixed_(5,0.2,0.2)",5,0.2,0.2,0.999993339153709,0.1428639218175,0.1428639218175,0.714272156365,FLOAT
"mixed_(5,0.2,0.2)",5,0.2,0.2,0.999994182908671,0.142863063135768,0.142863063135768,0.714273873728465,FLOAT
"mixed_(5,0.2,0.2)",5,0.2,0.2,0.999994919781953,0.142862313218196,0.142862313218196,0.714275373563609,FLOAT
"mixed_(5,0.2,0.2)",5,0.2,0.2,0.999995563312669,0.142861658289191,0.142861658289191,0.714276683421618,FLOAT
"mixed_(5,0.2,0.2)",5,0.2,0.2,0.99999612532488,0.142861086317699,0.142861086317699,0.714277827364601,FLOAT
"mixed_(5,0.2,0.2)",5,0.2,0.2,0.999996616144847,0.142860586796327,0.142860586796327,0.714278826407347,FLOAT
"mixed_(5,0.2,0.2)",5,0.2,0.2,0.999997044790765,0.142860150548417,0.142860150548417,0.714279698903166,FLOAT
"mixed_(5,0.2,0.2)",5,0.2,0.2,0.99999741913846,0.14285976955955,0.14285976955955,0.714280460880901,FLOAT
"mixed_(5,0.2,0.2)",5,0.2,0.2,0.999997746066095,0.14285943683036,0.14285943683036,0.714281126339281,FLOAT
"mixed_(5,0.2,0.2)",5,0.2,0.2,0.999998031580553,0.142859146248,0.142859146248,0.714281707504,FLOAT
"mixed_(5,0.2,0.2)",5,0.2,0.2,0.999998280927798,0.142858892473866,0.142858892473866,0.714282215052268,FLOAT
"mixed_(5,0.2,0.2)",5,0.2,0.2,0.999998498689271,0.142858670845546,0.142858670845546,0.714282658308907,FLOAT
"mixed_(5,0.2,0.2)",5,0.2,0.2,0.999998688866063,0.14285847729118,0.14285847729118,0.714283045417639,FLOAT
"mixed_(5,0.2,0.2)",5,0.2,0.2,0.99999885495243,0.142858308254664,0.142858308254664,0.714283383490671,FLOAT
"mixed_(5,0.2,0.2)",5,0.2,0.2,0.999999,0.142858160630329,0.142858160630329,0.714283678739342,FLOAT
"mixed_(5,0.2,0.2)",5,0.2,0.2,0.999999126673838,0.142858031705888,0.142858031705888,0.714283936588224,FLOAT
"mixed_(5,0.2,0.2)",5,0.2,0.2,0.999999237301414,0.142857919112612,0.142857919112612,0.714284161774776,FLOAT
"mixed_(5,0.2,0.2)",5,0.2,0.2,0.999999333915371,0.142857820781815,0.142857820781815,0.71428435843637,FLOAT
"mixed_(5,0.2,0.2)",5,0.2,0.2,0.999999418290867,0.142857734906848,0.142857734906848,0.714284530186303,FLOAT
"mixed_(5,0.2,0.2)",5,0.2,0.2,0.999999491978195,0.142857659909909,0.142857659909909,0.714284680180181,FLOAT
"mixed_(5,0.2,0.2)",5,0.2,0.2,0.999999556331267,0.142857594413057,0.142857594413057,0.714284811173887,FLOAT
"mixed_(5,0.2,0.2)",5,0.2,0.2,0.999999612532488,0.142857537212893,0.142857537212893,0.714284925574213,FLOAT
"mixed_(5,0.2,0.2)",5,0.2,0.2,0.999999661614485,0.142857487258457,0.142857487258457,0.714285025483086,FLOAT
"mixed_(5,0.2,0.2)",5,0.2,0.2,0.999999704479076,0.142857443631913,0.142857443631913,0.714285112736175,FLOAT
"mixed_(5,0.2,0.2)",5,0.2,0.2,0.999999741913846,0.142857405531688,0.142857405531688,0.714285188936623,FLOAT
"mixed_(5,0.2,0.2)",5,0.2,0.2,0.999999774606609,0.14285737225775,0.14285737225775,0.714285255484501,FLOAT
"mixed_(5,0.2,0.2)",5,0.2,0.2,0.999999803158055,0.142857343198736,0.142857343198736,0.714285313602529,FLOAT
"mixed_(5,0.2,0.2)",5,0.2,0.2,0.99999982809278,0.142857317820729,0.142857317820729,0.714285364358542,FLOAT
"mixed_(5,0.2,0.2)",5,0.2,0.2,0.999999849868927,0.142857295657444,0.142857295657444,0.714285408685111,FLOAT
"mixed_(5,0.2,0.2)",5,0.2,0.2,0.999999868886606,0.142857276301662,0.142857276301662,0.714285447396675,FLOAT
"mixed_(5,0.2,0.2)",5,0.2,0.2,0.999999885495243,0.142857259397748,0.142857259397748,0.714285481204504,FLOAT
"mixed_(5,0.2,0.2)",5,0.2,0.2,0.9999999,0.142857244635113,0.142857244635113,0.714285510729773,FLOAT
"mixed_(5,0.2,0.2)",5,0.2,0.2,0.999999912667384,0.142857231742516,0.142857231742516,0.714285536514968,FLOAT
"mixed_(5,0.2,0.2)",5,0.2,0.2,0.999999923730141,0.142857220483072,0.142857220483072,0.714285559033856,FLOAT
"mixed_(5,0.2,0.2)",5,0.2,0.2,0.999999933391537,0.142857210649903,0.142857210649903,0.714285578700194,FLOAT
"mixed_(5,0.2,0.2)",5,0.2,0.2,0.999999941829087,0.142857202062338,0.142857202062338,0.714285595875323,FLOAT
"mixed_(5,0.2,0.2)",5,0.2,0.2,0.99999994919782,0.142857194562593,0.142857194562593,0.714285610874815,FLOAT
"mixed_(5,0.2,0.2)",5,0.2,0.2,0.999999955633127,0.142857188012868,0.142857188012868,0.714285623974265,FLOAT
"mixed_(5,0.2,0.2)",5,0.2,0.2,0.999999961253249,0.142857182292821,0.142857182292821,0.714285635414358,FLOAT
"mixed_(5,0.2,0.2)",5,0.2,0.2,0.999999966161448,0.142857177297355,0.142857177297355,0.71428564540529,FLOAT
"mixed_(5,0.2,0.2)",5,0.2,0.2,0.999999970447908,0.142857172934683,0.142857172934683,0.714285654130634,FLOAT
"mixed_(5,0.2,0.2)",5,0.2,0.2,0.999999974191385,0.142857169124647,0.142857169124647,0.714285661750706,FLOAT
"mixed_(5,0.2,0.2)",5,0.2,0.2,0.999999977460661,0.142857165797243,0.142857165797243,0.714285668405514,FLOAT
"mixed_(5,0.2,0.2)",5,0.2,0.2,0.999999980315806,0.142857162891334,0.142857162891334,0.714285674217333,FLOAT
"mixed_(5,0.2,0.2)",5,0.2,0.2,0.999999982809278,0.142857160353527,0.142857160353527,0.714285679292946,FLOAT
"mixed_(5,0.2,0.2)",5,0.2,0.2,0.999999984986893,0.142857158137194,0.142857158137194,0.714285683725611,FLOAT
"mixed_(5,0.2,0.2)",5,0.2,0.2,0.999999986888661,0.142857156201612,0.142857156201612,0.714285687596775,FLOAT
"mixed_(5,0.2,0.2)",5,0.2,0.2,0.999999988549524,0.142857154511218,0.142857154511218,0.714285690977564,FLOAT
"mixed_(5,0.2,0.2)",5,0.2,0.2,0.99999999,0.142857153034953,0.142857153034953,0.714285693930094,FLOAT
"weak_pair_loops_(1.01,0.99,1.005)",1.01,0.99,1.005,0.666666676666667,0.333333333353487,0.333333333262797,0.333333333383717,FLOAT
"weak_pair_loops_(1.01,0.99,1.005)",1.01,0.99,1.005,0.66666667726311,0.333333333354689,0.33333333325859,0.333333333386722,FLOAT
"weak_pair_loops_(1.01,0.99,1.005)",1.01,0.99,1.005,0.666666677895128,0.333333333355962,0.333333333254132,0.333333333389906,FLOAT
"weak_pair_loops_(1.01,0.99,1.005)",1.01,0.99,1.005,0.666666678564843,0.333333333357312,0.333333333249408,0.33333333339328,FLOAT
"weak_pair_loops_(1.01,0.99,1.005)",1.01,0.99,1.005,0.666666679274502,0.333333333358742,0.333333333244402,0.333333333396856,FLOAT
"weak_pair_loops_(1.01,0.99,1.005)",1.01,0.99,1.005,0.666666680026488,0.333333333360258,0.333333333239098,0.333333333400645,FLOAT
"weak_pair_loops_(1.01,0.99,1.005)",1.01,0.99,1.005,0.666666680823326,0.333333333361864,0.333333333233477,0.333333333404659,FLOAT
"weak_pair_loops_(1.01,0.99,1.005)",1.01,0.99,1.005,0.666666681667691,0.333333333363565,0.333333333227521,0.333333333408914,FLOAT
"weak_pair_loops_(1.01,0.99,1.005)",1.01,0.99,1.005,0.666666682562417,0.333333333365369,0.33333333322121,0.333333333413421,FLOAT
"weak_pair_loops_(1.01,0.99,1.005)",1.01,0.99,1.005,0.666666683510509,0.333333333367279,0.333333333214523,0.333333333418198,FLOAT
"weak_pair_loops_(1.01,0.99,1.005)",1.01,0.99,1.005,0.666666684515149,0.333333333369304,0.333333333207436,0.33333333342326,FLOAT
"weak_pair_loops_(1.01,0.99,1.005)",1.01,0.99,1.005,0.66666668557971,0.333333333371449,0.333333333199927,0.333333333428623,FLOAT
"weak_pair_loops_(1.01,0.99,1.005)",1.01,0.99,1.005,0.666666686707767,0.333333333373723,0.33333333319197,0.333333333434307,FLOAT
"weak_pair_loops_(1.01,0.99,1.005)",1.01,0.99,1.005,0.666666687903105,0.333333333376132,0.333333333183539,0.33333333344033,FLOAT
"weak_pair_loops_(1.01,0.99,1.005)",1.01,0.99,1.005,0.666666689169739,0.333333333378685,0.333333333174604,0.333333333446711,FLOAT
"weak_pair_loops_(1.01,0.99,1.005)",1.01,0.99,1.005,0.66666669051192,0.333333333381389,0.333333333165137,0.333333333453474,FLOAT
"weak_pair_loops_(1.01,0.99,1.005)",1.01,0.99,1.005,0.666666691934155,0.333333333384256,0.333333333155105,0.333333333460639,FLOAT
"weak_pair_loops_(1.01,0.99,1.005)",1.01,0.99,1.005,0.666666693441218,0.333333333387293,0.333333333144475,0.333333333468232,FLOAT
"weak_pair_loops_(1.01,0.99,1.005)",1.01,0.99,1.005,0.666666695038169,0.333333333390511,0.33333333313321,0.333333333476278,FLOAT
"weak_pair_loops_(1.01,0.99,1.005)",1.01,0.99,1.005,0.666666696730369,0.333333333393922,0.333333333121274,0.333333333484804,FLOAT
"weak_pair_loops_(1.01,0.99,1.005)",1.01,0.99,1.005,0.666666698523499,0.333333333397535,0.333333333108626,0.333333333493839,FLOAT
"weak_pair_loops_(1.01,0.99,1.005)",1.01,0.99,1.005,0.666666700423579,0.333333333401365,0.333333333095223,0.333333333503412,FLOAT
"weak_pair_loops_(1.01,0.99,1.005)",1.01,0.99,1.005,0.666666702436989,0.333333333405422,0.333333333081022,0.333333333513556,FLOAT
"weak_pair_loops_(1.01,0.99,1.005)",1.01,0.99,1.005,0.666666704570486,0.333333333409722,0.333333333065973,0.333333333524305,FLOAT
"weak_pair_loops_(1.01,0.99,1.005)",1.01,0.99,1.005,0.666666706831235,0.333333333414278,0.333333333050026,0.333333333535696,FLOAT
"weak_pair_loops_(1.01,0.99,1.005)",1.01,0.99,1.005,0.666666709226825,0.333333333419106,0.333333333033128,0.333333333547765,FLOAT
"weak_pair_loops_(1.01,0.99,1.005)",1.01,0.99,1.005,0.666666711765299,0.333333333424222,0.333333333015223,0.333333333560555,FLOAT
"weak_pair_loops_(1.01,0.99,1.005)",1.01,0.99,1.005,0.666666714455177,0.333333333429643,0.333333332996249,0.333333333574108,FLOAT
"weak_pair_loops_(1.01,0.99,1.005)",1.01,0.99,1.005,0.666666717305492,0.333333333435387,0.333333332976144,0.333333333588468,FLOAT
"weak_pair_loops_(1.01,0.99,1.005)",1.01,0.99,1.005,0.666666720325813,0.333333333441474,0.33333333295484,0.333333333603686,FLOAT
"weak_pair_loops_(1.01,0.99,1.005)",1.01,0.99,1.005,0.666666723526278,0.333333333447924,0.333333332932265,0.333333333619811,FLOAT
"weak_pair_loops_(1.01,0.99,1.005)",1.01,0.99,1.005,0.666666726917633,0.333333333454759,0.333333332908343,0.333333333636898,FLOAT
"weak_pair_loops_(1.01,0.99,1.005)",1.01,0.99,1.005,0.666666730511263,0.333333333462001,0.333333332882995,0.333333333655004,FLOAT
"weak_pair_loops_(1.01,0.99,1.005)",1.01,0.99,1.005,0.666666734319233,0.333333333469676,0.333333332856135,0.333333333674189,FLOAT
"weak_pair_loops_(1.01,0.99,1.005)",1.01,0.99,1.005,0.666666738354327,0.333333333477808,0.333333332827673,0.333333333694519,FLOAT
"weak_pair_loops_(1.01,0.99,1.005)",1.01,0.99,1.005,0.666666742630091,0.333333333486425,0.333333332797513,0.333333333716062,FLOAT
"weak_pair_loops_(1.01,0.99,1.005)",1.01,0.99,1.005,0.66666674716088,0.333333333495556,0.333333332765554,0.33333333373889,FLOAT
"weak_pair_loops_(1.01,0.99,1.005)",1.01,0.99,1.005,0.666666751961906,0.333333333505232,0.333333332731689,0.333333333763079,FLOAT
"weak_pair_loops_(1.01,0.99,1.005)",1.01,0.99,1.005,0.666666757049286,0.333333333515484,0.333333332695805,0.333333333788711,FLOAT
"weak_pair_loops_(1.01,0.99,1.005)",1.01,0.99,1.005,0.666666762440099,0.333333333526349,0.33333333265778,0.333333333815872,FLOAT
"weak_pair_loops_(1.01,0.99,1.005)",1.01,0.99,1.005,0.666666768152444,0.333333333537861,0.333333332617487,0.333333333844652,FLOAT
"weak_pair_loops_(1.01,0.99,1.005)",1.01,0.99,1.005,0.666666774205498,0.33333333355006,0.333333332574791,0.33333333387515,FLOAT
"weak_pair_loops_(1.01,0.99,1.005)",1.01,0.99,1.005,0.666666780619582,0.333333333562986,0.333333332529548,0.333333333907466,FLOAT
"weak_pair_loops_(1.01,0.99,1.005)",1.01,0.99,1.005,0.66666678741623,0.333333333576684,0.333333332481607,0.33333333394171,FLOAT
"weak_pair_loops_(1.01,0.99,1.005)",1.01,0.99,1.005,0.66666679461826,0.333333333591198,0.333333332430806,0.333333333977996,FLOAT
"weak_pair_loops_(1.01,0.99,1.005)",1.01,0.99,1.005,0.666666802249851,0.333333333606579,0.333333332376975,0.333333334016446,FLOAT
"weak_pair_loops_(1.01,0.99,1.005)",1.01,0.99,1.005,0.666666810336623,0.333333333622876,0.333333332319934,0.33333333405719,FLOAT
"weak_pair_loops_(1.01,0.99,1.005)",1.01,0.99,1.005,0.666666818905725,0.333333333640146,0.33333333225949,0.333333334100364,FLOAT
"weak_pair_loops_(1.01,0.99,1.005)",1.01,0.99,1.005,0.666666827985925,0.333333333658445,0.333333332195442,0.333333334146113,FLOAT
"weak_pair_loops_(1.01,0.99,1.005)",1.01,0.99,1.005,0.666666837607709,0.333333333677836,0.333333332127573,0.333333334194591,FLOAT
"weak_pair_loops_(1.01,0.99,1.005)",1.01,0.99,1.005,0.666666847803377,0.333333333698384,0.333333332055656,0.33333333424596,FLOAT
"weak_pair_loops_(1.01,0.99,1.005)",1.01,0.99,1.005,0.66666685860716,0.333333333720157,0.33333333197945,0.333333334300393,FLOAT
"weak_pair_loops_(1.01,0.99,1.005)",1.01,0.99,1.005,0.666666870055327,0.333333333743229,0.333333331898698,0.333333334358073,FLOAT
"weak_pair_loops_(1.01,0.99,1.005)",1.01,0.99,1.005,0.666666882186313,0.333333333767677,0.33333333181313,0.333333334419193,FLOAT
"weak_pair_loops_(1.01,0.99,1.005)",1.01,0.99,1.005,0.666666895040844,0.333333333793583,0.333333331722459,0.333333334483958,FLOAT
"weak_pair_loops_(1.01,0.99,1.005)",1.01,0.99,1.005,0.666666908662074,0.333333333821034,0.333333331626379,0.333333334552586,FLOAT
"weak_pair_loops_(1.01,0.99,1.005)",1.01,0.99,1.005,0.666666923095735,0.333333333850123,0.333333331524569,0.333333334625308,FLOAT
"weak_pair_loops_(1.01,0.99,1.005)",1.01,0.99,1.005,0.666666938390282,0.333333333880947,0.333333331416687,0.333333334702367,FLOAT
"weak_pair_loops_(1.01,0.99,1.005)",1.01,0.99,1.005,0.666666954597062,0.333333333913609,0.33333333130237,0.333333334784022,FLOAT
"weak_pair_loops_(1.01,0.99,1.005)",1.01,0.99,1.005,0.666666971770485,0.333333333948219,0.333333331181234,0.333333334870547,FLOAT
"weak_pair_loops_(1.01,0.99,1.005)",1.01,0.99,1.005,0.666666989968206,0.333333333984893,0.333333331052873,0.333333334962233,FLOAT
"weak_pair_loops_(1.01,0.99,1.005)",1.01,0.99,1.005,0.666667009251318,0.333333334023755,0.333333330916857,0.333333335059388,FLOAT
"weak_pair_loops_(1.01,0.99,1.005)",1.01,0.99,1.005,0.666667029684559,0.333333334064935,0.333333330772728,0.333333335162337,FLOAT
"weak_pair_loops_(1.01,0.99,1.005)",1.01,0.99,1.005,0.666667051336528,0.333333334108571,0.333333330620002,0.333333335271427,FLOAT
"weak_pair_loops_(1.01,0.99,1.005)",1.01,0.99,1.005,0.666667074279914,0.333333334154809,0.333333330458167,0.333333335387023,FLOAT
"weak_pair_loops_(1.01,0.99,1.005)",1.01,0.99,1.005,0.666667098591744,0.333333334203806,0.33333333028668,0.333333335509514,FLOAT
"weak_pair_loops_(1.01,0.99,1.005)",1.01,0.99,1.005,0.666667124353638,0.333333334255724,0.333333330104964,0.333333335639311,FLOAT
"weak_pair_loops_(1.01,0.99,1.005)",1.01,0.99,1.005,0.666667151652083,0.33333333431074,0.333333329912411,0.333333335776849,FLOAT
"weak_pair_loops_(1.01,0.99,1.005)",1.01,0.99,1.005,0.666667180578726,0.333333334369037,0.333333329708372,0.333333335922591,FLOAT
"weak_pair_loops_(1.01,0.99,1.005)",1.01,0.99,1.005,0.66666721123068,0.33333333443081,0.333333329492164,0.333333336077026,FLOAT
"weak_pair_loops_(1.01,0.99,1.005)",1.01,0.99,1.005,0.66666724371085,0.333333334496269,0.33333332926306,0.333333336240672,FLOAT
"weak_pair_loops_(1.01,0.99,1.005)",1.01,0.99,1.005,0.666667278128279,0.333333334565631,0.333333329020291,0.333333336414078,FLOAT
"weak_pair_loops_(1.01,0.99,1.005)",1.01,0.99,1.005,0.666667314598514,0.333333334639131,0.333333328763042,0.333333336597827,FLOAT
"weak_pair_loops_(1.01,0.99,1.005)",1.01,0.99,1.005,0.666667353243992,0.333333334717014,0.33333332849045,0.333333336792535,FLOAT
"weak_pair_loops_(1.01,0.99,1.005)",1.01,0.99,1.005,0.666667394194455,0.333333334799543,0.3333333282016,0.333333336998857,FLOAT
"weak_pair_loops_(1.01,0.99,1.005)",1.01,0.99,1.005,0.666667437587381,0.333333334886994,0.333333327895521,0.333333337217485,FLOAT
"weak_pair_loops_(1.01,0.99,1.005)",1.01,0.99,1.005,0.666667483568452,0.333333334979661,0.333333327571187,0.333333337449152,FLOAT
"weak_pair_loops_(1.01,0.99,1.005)",1.01,0.99,1.005,0.666667532292033,0.333333335077855,0.333333327227508,0.333333337694637,FLOAT
"weak_pair_loops_(1.01,0.99,1.005)",1.01,0.99,1.005,0.666667583921701,0.333333335181906,0.33333332686333,0.333333337954764,FLOAT
"weak_pair_loops_(1.01,0.99,1.005)",1.01,0.99,1.005,0.666667638630787,0.333333335292163,0.333333326477431,0.333333338230406,FLOAT
"weak_pair_loops_(1.01,0.99,1.005)",1.01,0.99,1.005,0.666667696602962,0.333333335408996,0.333333326068515,0.333333338522489,FLOAT
"weak_pair_loops_(1.01,0.99,1.005)",1.01,0.99,1.005,0.66666775803285,0.333333335532797,0.33333332563521,0.333333338831992,FLOAT
"weak_pair_loops_(1.01,0.99,1.005)",1.01,0.99,1.005,0.666667823126684,0.333333335663982,0.333333325176061,0.333333339159956,FLOAT
"weak_pair_loops_(1.01,0.99,1.005)",1.01,0.99,1.005,0.666667892102997,0.333333335802992,0.333333324689527,0.333333339507481,FLOAT
"weak_pair_loops_(1.01,0.99,1.005)",1.01,0.99,1.005,0.666667965193359,0.333333335950293,0.333333324173973,0.333333339875734,FLOAT
"weak_pair_loops_(1.01,0.99,1.005)",1.01,0.99,1.005,0.666668042643148,0.33333333610638,0.333333323627669,0.33333334026595,FLOAT
"weak_pair_loops_(1.01,0.99,1.005)",1.01,0.99,1.005,0.66666812471238,0.333333336271777,0.333333323048782,0.333333340679441,FLOAT
"weak_pair_loops_(1.01,0.99,1.005)",1.01,0.99,1.005,0.666668211676578,0.333333336447038,0.333333322435368,0.333333341117594,FLOAT
"weak_pair_loops_(1.01,0.99,1.005)",1.01,0.99,1.005,0.666668303827701,0.333333336632753,0.333333321785366,0.333333341581881,FLOAT
"weak_pair_loops_(1.01,0.99,1.005)",1.01,0.99,1.005,0.666668401475117,0.333333336829544,0.333333321096596,0.33333334207386,FLOAT
"weak_pair_loops_(1.01,0.99,1.005)",1.01,0.99,1.005,0.666668504946651,0.333333337038073,0.333333320366745,0.333333342595182,FLOAT
"weak_pair_loops_(1.01,0.99,1.005)",1.01,0.99,1.005,0.666668614589678,0.333333337259039,0.333333319593363,0.333333343147598,FLOAT
"weak_pair_loops_(1.01,0.99,1.005)",1.01,0.99,1.005,0.666668730772293,0.333333337493185,0.333333318773853,0.333333343732962,FLOAT
"weak_pair_loops_(1.01,0.99,1.005)",1.01,0.99,1.005,0.666668853884545,0.333333337741296,0.333333317905464,0.33333334435324,FLOAT
"weak_pair_loops_(1.01,0.99,1.005)",1.01,0.99,1.005,0.666668984339748,0.333333338004206,0.33333331698528,0.333333345010514,FLOAT
"weak_pair_loops_(1.01,0.99,1.005)",1.01,0.99,1.005,0.666669122575868,0.333333338282796,0.333333316010213,0.33333334570699,FLOAT
"weak_pair_loops_(1.01,0.99,1.005)",1.01,0.99,1.005,0.666669269056992,0.333333338578003,0.333333314976989,0.333333346445008,FLOAT
"weak_pair_loops_(1.01,0.99,1.005)",1.01,0.99,1.005,0.666669424274889,0.333333338890817,0.33333331388214,0.333333347227043,FLOAT
"weak_pair_loops_(1.01,0.99,1.005)",1.01,0.99,1.005,0.666669588750657,0.333333339222289,0.333333312721989,0.333333348055722,FLOAT
"weak_pair_loops_(1.01,0.99,1.005)",1.01,0.99,1.005,0.666669763036477,0.333333339573531,0.333333311492642,0.333333348933827,FLOAT
"weak_pair_loops_(1.01,0.99,1.005)",1.01,0.99,1.005,0.666669947717462,0.333333339945723,0.333333310189972,0.333333349864306,FLOAT
"weak_pair_loops_(1.01,0.99,1.005)",1.01,0.99,1.005,0.666670143413626,0.333333340340113,0.333333308809605,0.333333350850282,FLOAT
"weak_pair_loops_(1.01,0.99,1.005)",1.01,0.99,1.005,0.666670350781961,0.333333340758027,0.333333307346908,0.333333351895065,FLOAT
"weak_pair_loops_(1.01,0.99,1.005)",1.01,0.99,1.005,0.666670570518648,0.333333341200866,0.33333330579697,0.333333353002164,FLOAT
"weak_pair_loops_(1.01,0.99,1.005)",1.01,0.99,1.005,0.666670803361388,0.333333341670118,0.333333304154588,0.333333354175294,FLOAT
"weak_pair_loops_(1.01,0.99,1.005)",1.01,0.99,1.005,0.666671050091883,0.333333342167358,0.333333302414247,0.333333355418395,FLOAT
"weak_pair_loops_(1.01,0.99,1.005)",1.01,0.99,1.005,0.66667131153846,0.333333342694256,0.333333300570106,0.333333356735638,FLOAT
"weak_pair_loops_(1.01,0.99,1.005)",1.01,0.99,1.005,0.666671588578849,0.33333334325258,0.333333298615973,0.333333358131447,FLOAT
"weak_pair_loops_(1.01,0.99,1.005)",1.01,0.99,1.005,0.666671882143135,0.333333343844204,0.333333296545288,0.333333359610508,FLOAT
"weak_pair_loops_(1.01,0.99,1.005)",1.01,0.99,1.005,0.666672193216873,0.333333344471115,0.3333332943511,0.333333361177785,FLOAT
"weak_pair_loops_(1.01,0.99,1.005)",1.01,0.99,1.005,0.666672522844405,0.333333345135417,0.333333292026042,0.333333362838541,FLOAT
"weak_pair_loops_(1.01,0.99,1.005)",1.01,0.99,1.005,0.666672872132358,0.333333345839341,0.333333289562309,0.33333336459835,FLOAT
"weak_pair_loops_(1.01,0.99,1.005)",1.01,0.99,1.005,0.666673242253367,0.33333334658525,0.33333328695163,0.333333366463121,FLOAT
"weak_pair_loops_(1.01,0.99,1.005)",1.01,0.99,1.005,0.666673634450005,0.333333347375647,0.33333328418524,0.333333368439113,FLOAT
"weak_pair_loops_(1.01,0.99,1.005)",1.01,0.99,1.005,0.66667405003896,0.333333348213186,0.333333281253854,0.33333337053296,FLOAT
"weak_pair_loops_(1.01,0.99,1.005)",1.01,0.99,1.005,0.66667449041545,0.333333349100679,0.333333278147629,0.333333372751692,FLOAT
"weak_pair_loops_(1.01,0.99,1.005)",1.01,0.99,1.005,0.666674957057912,0.333333350041105,0.333333274856138,0.333333375102757,FLOAT
"weak_pair_loops_(1.01,0.99,1.005)",1.01,0.99,1.005,0.666675451532965,0.333333351037622,0.333333271368331,0.333333377594048,FLOAT
"weak_pair_loops_(1.01,0.99,1.005)",1.01,0.99,1.005,0.666675975500663,0.333333352093574,0.333333267672499,0.333333380233927,FLOAT
"weak_pair_loops_(1.01,0.99,1.005)",1.01,0.99,1.005,0.666676530720078,0.333333353212506,0.333333263756236,0.333333383031258,FLOAT
"weak_pair_loops_(1.01,0.99,1.005)",1.01,0.99,1.005,0.666677119055197,0.333333354398176,0.333333259606394,0.33333338599543,FLOAT
"weak_pair_loops_(1.01,0.99,1.005)",1.01,0.99,1.005,0.666677742481186,0.333333355654562,0.333333255209043,0.333333389136395,FLOAT
"weak_pair_loops_(1.01,0.99,1.005)",1.01,0.99,1.005,0.666678403091018,0.333333356985883,0.333333250549419,0.333333392464697,FLOAT
"weak_pair_loops_(1.01,0.99,1.005)",1.01,0.99,1.005,0.666679103102497,0.333333358396609,0.333333245611882,0.333333395991509,FLOAT
"weak_pair_loops_(1.01,0.99,1.005)",1.01,0.99,1.005,0.666679844865711,0.333333359891474,0.333333240379855,0.333333399728671,FLOAT
"weak_pair_loops_(1.01,0.99,1.005)",1.01,0.99,1.005,0.666680630870915,0.333333361475498,0.333333234835775,0.333333403688728,FLOAT
"weak_pair_loops_(1.01,0.99,1.005)",1.01,0.99,1.005,0.666681463756893,0.333333363153997,0.33333322896103,0.333333407884973,FLOAT
"weak_pair_loops_(1.01,0.99,1.005)",1.01,0.99,1.005,0.666682346319819,0.333333364932606,0.3333332227359,0.333333412331494,FLOAT
"weak_pair_loops_(1.01,0.99,1.005)",1.01,0.99,1.005,0.666683281522644,0.333333366817296,0.333333216139487,0.333333417043217,FLOAT
"weak_pair_loops_(1.01,0.99,1.005)",1.01,0.99,1.005,0.666684272505039,0.333333368814394,0.333333209149647,0.333333422035959,FLOAT
"weak_pair_loops_(1.01,0.99,1.005)",1.01,0.99,1.005,0.666685322593942,0.333333370930604,0.333333201742916,0.33333342732648,FLOAT
"weak_pair_loops_(1.01,0.99,1.005)",1.01,0.99,1.005,0.666686435314721,0.333333373173029,0.333333193894431,0.33333343293254,FLOAT
"weak_pair_loops_(1.01,0.99,1.005)",1.01,0.99,1.005,0.666687614403016,0.333333375549197,0.333333185577846,0.333333438872957,FLOAT
"weak_pair_loops_(1.01,0.99,1.005)",1.01,0.99,1.005,0.666688863817274,0.333333378067085,0.333333176765242,0.333333445167672,FLOAT
"weak_pair_loops_(1.01,0.99,1.005)",1.01,0.99,1.005,0.666690187752041,0.333333380735145,0.333333167427039,0.333333451837816,FLOAT
"weak_pair_loops_(1.01,0.99,1.005)",1.01,0.99,1.005,0.666691590652045,0.333333383562332,0.333333157531889,0.333333458905779,FLOAT
"weak_pair_loops_(1.01,0.99,1.005)",1.01,0.99,1.005,0.666693077227118,0.333333386558161,0.333333147046551,0.333333466395288,FLOAT
"weak_pair_loops_(1.01,0.99,1.005)",1.01,0.99,1.005,0.666694652468004,0.333333389732643,0.333333135935877,0.33333347433148,FLOAT
"weak_pair_loops_(1.01,0.99,1.005)",1.01,0.99,1.005,0.66669632166312,0.333333393096456,0.333333124162548,0.333333482740996,FLOAT
"weak_pair_loops_(1.01,0.99,1.005)",1.01,0.99,1.005,0.666698090416304,0.333333396660891,0.333333111687045,0.333333491652064,FLOAT
"weak_pair_loops_(1.01,0.99,1.005)",1.01,0.99,1.005,0.666699964665634,0.333333400437911,0.333333098467492,0.333333501094596,FLOAT
"weak_pair_loops_(1.01,0.99,1.005)",1.01,0.99,1.005,0.66670195070336,0.333333404440197,0.333333084459516,0.333333511100287,FLOAT
"weak_pair_loops_(1.01,0.99,1.005)",1.01,0.99,1.005,0.666704055197027,0.33333340868118,0.333333069616099,0.333333521702721,FLOAT
"weak_pair_loops_(1.01,0.99,1.005)",1.01,0.99,1.005,0.666706285211866,0.333333413175098,0.333333053887417,0.333333532937486,FLOAT
"weak_pair_loops_(1.01,0.99,1.005)",1.01,0.99,1.005,0.666708648234505,0.333333417937032,0.333333037220677,0.333333544842291,FLOAT
"weak_pair_loops_(1.01,0.99,1.005)",1.01,0.99,1.005,0.666711152198109,0.333333422982968,0.333333019559937,0.333333557457095,FLOAT
"weak_pair_loops_(1.01,0.99,1.005)",1.01,0.99,1.005,0.666713805509012,0.333333428329841,0.333333000845921,0.333333570824237,FLOAT
"weak_pair_loops_(1.01,0.99,1.005)",1.01,0.99,1.005,0.666716617074936,0.333333433995598,0.333332981015818,0.333333584988584,FLOAT
"weak_pair_loops_(1.01,0.99,1.005)",1.01,0.99,1.005,0.6667195963349,0.333333439999254,0.333332960003071,0.333333599997675,FLOAT
"weak_pair_loops_(1.01,0.99,1.005)",1.01,0.99,1.005,0.666722753290909,0.333333446360961,0.333332937737155,0.333333615901884,FLOAT
"weak_pair_loops_(1.01,0.99,1.005)",1.01,0.99,1.005,0.666726098541527,0.333333453102068,0.333332914143341,0.33333363275459,FLOAT
"weak_pair_loops_(1.01,0.99,1.005)",1.01,0.99,1.005,0.666729643317467,0.333333460245202,0.333332889142446,0.333333650612352,FLOAT
"weak_pair_loops_(1.01,0.99,1.005)",1.01,0.99,1.005,0.666733399519287,0.333333467814334,0.333332862650562,0.333333669535103,FLOAT
"weak_pair_loops_(1.01,0.99,1.005)",1.01,0.99,1.005,0.666737379757347,0.333333475834868,0.333332834578783,0.333333689586348,FLOAT
"weak_pair_loops_(1.01,0.99,1.005)",1.01,0.99,1.005,0.666741597394146,0.333333484333721,0.333332804832902,0.333333710833378,FLOAT
"weak_pair_loops_(1.01,0.99,1.005)",1.01,0.99,1.005,0.666746066589179,0.333333493339412,0.333332773313093,0.333333733347495,FLOAT
"weak_pair_loops_(1.01,0.99,1.005)",1.01,0.99,1.005,0.666750802346474,0.333333502882166,0.333332739913583,0.333333757204251,FLOAT
"weak_pair_loops_(1.01,0.99,1.005)",1.01,0.99,1.005,0.666755820564966,0.333333512994004,0.333332704522293,0.333333782483703,FLOAT
"weak_pair_loops_(1.01,0.99,1.005)",1.01,0.99,1.005,0.666761138091871,0.333333523708859,0.333332667020462,0.333333809270679,FLOAT
"weak_pair_loops_(1.01,0.99,1.005)",1.01,0.99,1.005,0.666766772779247,0.333333535062685,0.333332627282251,0.333333837655064,FLOAT
"weak_pair_loops_(1.01,0.99,1.005)",1.01,0.99,1.005,0.666772743543927,0.33333354709358,0.333332585174321,0.333333867732099,FLOAT
"weak_pair_loops_(1.01,0.99,1.005)",1.01,0.99,1.005,0.666779070431024,0.333333559841912,0.333332540555386,0.333333899602702,FLOAT
"weak_pair_loops_(1.01,0.99,1.005)",1.01,0.99,1.005,0.666785774681232,0.333333573350455,0.333332493275739,0.333333933373805,FLOAT
"weak_pair_loops_(1.01,0.99,1.005)",1.01,0.99,1.005,0.666792878802131,0.333333587664533,0.333332443176753,0.333333969158714,FLOAT
"weak_pair_loops_(1.01,0.99,1.005)",1.01,0.99,1.005,0.66680040664375,0.33333360283217,0.333332390090346,0.333334007077484,FLOAT
"weak_pair_loops_(1.01,0.99,1.005)",1.01,0.99,1.005,0.666808383478639,0.333333618904251,0.333332333838422,0.333334047257326,FLOAT
"weak_pair_loops_(1.01,0.99,1.005)",1.01,0.99,1.005,0.666816836086713,0.333333635934696,0.333332274232272,0.333334089833032,FLOAT
"weak_pair_loops_(1.01,0.99,1.005)",1.01,0.99,1.005,0.666825792845157,0.333333653980634,0.333332211071944,0.333334134947422,FLOAT
"weak_pair_loops_(1.01,0.99,1.005)",1.01,0.99,1.005,0.666835283823696,0.3333336731026,0.333332144145573,0.333334182751827,FLOAT
"weak_pair_loops_(1.01,0.99,1.005)",1.01,0.99,1.005,0.666845340885544,0.333333693364736,0.333332073228673,0.333334233406592,FLOAT
"weak_pair_loops_(1.01,0.99,1.005)",1.01,0.99,1.005,0.666855997794376,0.333333714835002,0.333331998083384,0.333334287081614,FLOAT
"weak_pair_loops_(1.01,0.99,1.005)",1.01,0.99,1.005,0.666867290327678,0.33333373758541,0.33333191845768,0.333334343956909,FLOAT
"weak_pair_loops_(1.01,0.99,1.005)",1.01,0.99,1.005,0.666879256396864,0.333333761692258,0.333331834084524,0.333334404223218,FLOAT
"weak_pair_loops_(1.01,0.99,1.005)",1.01,0.99,1.005,0.666891936174548,0.333333787236391,0.333331744680972,0.333334468082637,FLOAT
"weak_pair_loops_(1.01,0.99,1.005)",1.01,0.99,1.005,0.666905372229415,0.333333814303465,0.333331649947236,0.333334535749298,FLOAT
"weak_pair_loops_(1.01,0.99,1.005)",1.01,0.99,1.005,0.666919609669129,0.33333384298424,0.333331549565674,0.333334607450086,FLOAT
"weak_pair_loops_(1.01,0.99,1.005)",1.01,0.99,1.005,0.666934696291775,0.333333873374878,0.333331443199731,0.33333468342539,FLOAT
"weak_pair_loops_(1.01,0.99,1.005)",1.01,0.99,1.005,0.666950682746323,0.333333905577267,0.333331330492821,0.333334763929912,FLOAT
"weak_pair_loops_(1.01,0.99,1.005)",1.01,0.99,1.005,0.666967622702667,0.333333939699359,0.333331211067126,0.333334849233515,FLOAT
"weak_pair_loops_(1.01,0.99,1.005)",1.01,0.99,1.005,0.666985573031808,0.333333975855533,0.333331084522345,0.333334939622122,FLOAT
"weak_pair_loops_(1.01,0.99,1.005)",1.01,0.99,1.005,0.667004593996783,0.333334014166974,0.333330950434354,0.333335035398673,FLOAT
"weak_pair_loops_(1.01,0.99,1.005)",1.01,0.99,1.005,0.667024749454976,0.333334054762078,0.333330808353791,0.333335136884131,FLOAT
"weak_pair_loops_(1.01,0.99,1.005)",1.01,0.99,1.005,0.667046107072505,0.333334097776883,0.333330657804561,0.333335244418556,FLOAT
"weak_pair_loops_(1.01,0.99,1.005)",1.01,0.99,1.005,0.667068738551391,0.333334143355516,0.333330498282247,0.333335358362237,FLOAT
"weak_pair_loops_(1.01,0.99,1.005)",1.01,0.99,1.005,0.667092719870275,0.33333419165068,0.333330329252432,0.333335479096888,FLOAT
"weak_pair_loops_(1.01,0.99,1.005)",1.01,0.99,1.005,0.667118131539495,0.333334242824158,0.333330150148919,0.333335607026923,FLOAT
"weak_pair_loops_(1.01,0.99,1.005)",1.01,0.99,1.005,0.667145058871377,0.333334297047352,0.333329960371847,0.3333357425808,FLOAT
"weak_pair_loops_(1.01,0.99,1.005)",1.01,0.99,1.005,0.667173592266644,0.333334354501856,0.333329759285698,0.333335886212446,FLOAT
"weak_pair_loops_(1.01,0.99,1.005)",1.01,0.99,1.005,0.667203827517915,0.333334415380054,0.333329546217182,0.333336038402764,FLOAT
"weak_pair_loops_(1.01,0.99,1.005)",1.01,0.99,1.005,0.667235866131295,0.333334479885766,0.333329320453003,0.333336199661231,FLOAT
"weak_pair_loops_(1.01,0.99,1.005)",1.01,0.99,1.005,0.667269815667157,0.33333454823492,0.33332908123749,0.33333637052759,FLOAT
"weak_pair_loops_(1.01,0.99,1.005)",1.01,0.99,1.005,0.667305790101244,0.33333462065627,0.333328827770092,0.333336551573638,FLOAT
"weak_pair_loops_(1.01,0.99,1.005)",1.01,0.99,1.005,0.667343910207308,0.333334697392153,0.333328559202724,0.333336743405123,FLOAT
"weak_pair_loops_(1.01,0.99,1.005)",1.01,0.99,1.005,0.667384303962572,0.333334778699297,0.333328274636955,0.333336946663749,FLOAT
"weak_pair_loops_(1.01,0.99,1.005)",1.01,0.99,1.005,0.667427106977381,0.333334864849663,0.333327973121038,0.333337162029299,FLOAT
"weak_pair_loops_(1.01,0.99,1.005)",1.01,0.99,1.005,0.66747246295047,0.333334956131352,0.333327653646763,0.333337390221885,FLOAT
"weak_pair_loops_(1.01,0.99,1.005)",1.01,0.99,1.005,0.667520524151393,0.333335052849552,0.333327315146125,0.333337632004323,FLOAT
"weak_pair_loops_(1.01,0.99,1.005)",1.01,0.99,1.005,0.667571451931725,0.333335155327549,0.333326956487797,0.333337888184654,FLOAT
"weak_pair_loops_(1.01,0.99,1.005)",1.01,0.99,1.005,0.667625417266748,0.333335263907792,0.333326576473404,0.333338159618804,FLOAT
"weak_pair_loops_(1.01,0.99,1.005)",1.01,0.99,1.005,0.66768260132946,0.333335378953022,0.333326173833573,0.333338447213405,FLOAT
"weak_pair_loops_(1.01,0.99,1.005)",1.01,0.99,1.005,0.667743196098802,0.333335500847466,0.333325747223758,0.333338751928776,FLOAT
"weak_pair_loops_(1.01,0.99,1.005)",1.01,0.99,1.005,0.667807405004176,0.333335629998098,0.333325295219823,0.333339074782079,FLOAT
"weak_pair_loops_(1.01,0.99,1.005)",1.01,0.99,1.005,0.667875443608401,0.333335766835979,0.333324816313365,0.333339416850656,FLOAT
"weak_pair_loops_(1.01,0.99,1.005)",1.01,0.99,1.005,0.667947540331402,0.33333591181767,0.333324308906775,0.333339779275555,FLOAT
"weak_pair_loops_(1.01,0.99,1.005)",1.01,0.99,1.005,0.668023937217061,0.333336065426722,0.333323771308008,0.33334016326527,FLOAT
"weak_pair_loops_(1.01,0.99,1.005)",1.01,0.99,1.005,0.668104890745814,0.333336228175264,0.333323201725053,0.333340570099683,FLOAT
"weak_pair_loops_(1.01,0.99,1.005)",1.01,0.99,1.005,0.668190672695706,0.333336400605672,0.333322598260088,0.33334100113424,FLOAT
"weak_pair_loops_(1.01,0.99,1.005)",1.01,0.99,1.005,0.66828157105481,0.333336583292334,0.333321958903302,0.333341457804364,FLOAT
"weak_pair_loops_(1.01,0.99,1.005)",1.01,0.99,1.005,0.668377890988062,0.333336776843525,0.333321281526358,0.333341941630117,FLOAT
"weak_pair_loops_(1.01,0.99,1.005)",1.01,0.99,1.005,0.668479955861763,0.333336981903375,0.333320563875489,0.333342454221136,FLOAT
"weak_pair_loops_(1.01,0.99,1.005)",1.01,0.99,1.005,0.668588108329191,0.333337199153962,0.333319803564203,0.333342997281835,FLOAT
"weak_pair_loops_(1.01,0.99,1.005)",1.01,0.99,1.005,0.668702711480957,0.333337429317515,0.33331899806557,0.333343572616915,FLOAT
"weak_pair_loops_(1.01,0.99,1.005)",1.01,0.99,1.005,0.668824150063978,0.333337673158746,0.333318144704078,0.333344182137177,FLOAT
"weak_pair_loops_(1.01,0.99,1.005)",1.01,0.99,1.005,0.668952831773153,0.33333793148731,0.333317240647028,0.333344827865662,FLOAT
"weak_pair_loops_(1.01,0.99,1.005)",1.01,0.99,1.005,0.669089188620082,0.333338205160408,0.333316282895453,0.333345511944139,FLOAT
"weak_pair_loops_(1.01,0.99,1.005)",1.01,0.99,1.005,0.669233678383419,0.333338495085527,0.333315268274522,0.333346236639951,FLOAT
"weak_pair_loops_(1.01,0.99,1.005)",1.01,0.99,1.005,0.669386786145729,0.333338802223343,0.333314193423417,0.33334700435324,FLOAT
"weak_pair_loops_(1.01,0.99,1.005)",1.01,0.99,1.005,0.669549025922018,0.333339127590777,0.333313054784646,0.333347817624577,FLOAT
"weak_pair_loops_(1.01,0.99,1.005)",1.01,0.99,1.005,0.669720942385384,0.333339472264223,0.33331184859277,0.333348679143007,FLOAT
"weak_pair_loops_(1.01,0.99,1.005)",1.01,0.99,1.005,0.669903112695601,0.333339837382954,0.333310570862511,0.333349591754535,FLOAT
"weak_pair_loops_(1.01,0.99,1.005)",1.01,0.99,1.005,0.670096148436769,0.333340224152711,0.333309217376212,0.333350558471077,FLOAT
"weak_pair_loops_(1.01,0.99,1.005)",1.01,0.99,1.005,0.670300697670525,0.33334063384949,0.333307783670617,0.333351582479893,FLOAT
"weak_pair_loops_(1.01,0.99,1.005)",1.01,0.99,1.005,0.670517447111728,0.333341067823533,0.333306265022937,0.333352667153529,FLOAT
"weak_pair_loops_(1.01,0.99,1.005)",1.01,0.99,1.005,0.670747124433902,0.333341527503532,0.333304656436178,0.33335381606029,FLOAT
"weak_pair_loops_(1.01,0.99,1.005)",1.01,0.99,1.005,0.67099050071219,0.333342014401058,0.333302952623673,0.333355032975269,FLOAT
"weak_pair_loops_(1.01,0.99,1.005)",1.01,0.99,1.005,0.671248393012015,0.333342530115225,0.333301147992817,0.333356321891958,FLOAT
"weak_pair_loops_(1.01,0.99,1.005)",1.01,0.99,1.005,0.671521667132144,0.3333430763376,0.333299236627933,0.333357687034467,FLOAT
"weak_pair_loops_(1.01,0.99,1.005)",1.01,0.99,1.005,0.671811240511352,0.333343654857367,0.333297212272256,0.333359132870377,FLOAT
"weak_pair_loops_(1.01,0.99,1.005)",1.01,0.99,1.005,0.67211808530846,0.333344267566758,0.333295068308992,0.33336066412425,FLOAT
"weak_pair_loops_(1.01,0.99,1.005)",1.01,0.99,1.005,0.672443231666078,0.333344916466765,0.333292797741403,0.333362285791832,FLOAT
"weak_pair_loops_(1.01,0.99,1.005)",1.01,0.99,1.005,0.672787771169006,0.333345603673139,0.333290393171892,0.333364003154969,FLOAT
"weak_pair_loops_(1.01,0.99,1.005)",1.01,0.99,1.005,0.673152860508921,0.333346331422691,0.333287846780042,0.333365821797267,FLOAT
"weak_pair_loops_(1.01,0.99,1.005)",1.01,0.99,1.005,0.673539725367628,0.333347102079907,0.33328515029957,0.333367747620524,FLOAT
"weak_pair_loops_(1.01,0.99,1.005)",1.01,0.99,1.005,0.673949664531935,0.333347918143882,0.333282294994158,0.33336978686196,FLOAT
"weak_pair_loops_(1.01,0.99,1.005)",1.01,0.99,1.005,0.674384054253956,0.333348782255602,0.333279271632119,0.333371946112279,FLOAT
"weak_pair_loops_(1.01,0.99,1.005)",1.01,0.99,1.005,0.674844352871474,0.333349697205557,0.333276070459866,0.333374232334576,FLOAT
"weak_pair_loops_(1.01,0.99,1.005)",1.01,0.99,1.005,0.675332105703892,0.333350665941728,0.333272681174135,0.333376652884137,FLOAT
"weak_pair_loops_(1.01,0.99,1.005)",1.01,0.99,1.005,0.675848950240194,0.333351691577932,0.333269092892933,0.333379215529135,FLOAT
"weak_pair_loops_(1.01,0.99,1.005)",1.01,0.99,1.005,0.676396621636343,0.333352777402554,0.33326529412518,0.333381928472266,FLOAT
"weak_pair_loops_(1.01,0.99,1.005)",1.01,0.99,1.005,0.676976958540561,0.333353926887665,0.333261272739,0.333384800373335,FLOAT
"weak_pair_loops_(1.01,0.99,1.005)",1.01,0.99,1.005,0.677591909266059,0.333355143698547,0.333257015928634,0.33338784037282,FLOAT
"weak_pair_loops_(1.01,0.99,1.005)",1.01,0.99,1.005,0.67824353833194,0.333356431703612,0.333252510179955,0.333391058116434,FLOAT
"weak_pair_loops_(1.01,0.99,1.005)",1.01,0.99,1.005,0.678934033394218,0.333357794984755,0.333247741234546,0.333394463780699,FLOAT
"weak_pair_loops_(1.01,0.99,1.005)",1.01,0.99,1.005,0.679665712590243,0.333359237848116,0.333242694052332,0.333398068099552,FLOAT
"weak_pair_loops_(1.01,0.99,1.005)",1.01,0.99,1.005,0.680441032321174,0.333360764835277,0.333237352772737,0.333401882391986,FLOAT
"weak_pair_loops_(1.01,0.99,1.005)",1.01,0.99,1.005,0.681262595498641,0.333362380734895,0.333231700674361,0.333405918590744,FLOAT
"weak_pair_loops_(1.01,0.99,1.005)",1.01,0.99,1.005,0.68213316028326,0.333364090594762,0.333225720133171,0.333410189272067,FLOAT
"weak_pair_loops_(1.01,0.99,1.005)",1.01,0.99,1.005,0.683055649344363,0.333365899734311,0.333219392579194,0.333414707686495,FLOAT
"weak_pair_loops_(1.01,0.99,1.005)",1.01,0.99,1.005,0.684033159672015,0.333367813757559,0.333212698451726,0.333419487790715,FLOAT
"weak_pair_loops_(1.01,0.99,1.005)",1.01,0.99,1.005,0.68506897297426,0.333369838566478,0.333205617153063,0.33342454428046,FLOAT
"weak_pair_loops_(1.01,0.99,1.005)",1.01,0.99,1.005,0.686166566694507,0.333371980374803,0.333198127000771,0.333429892624426,FLOAT
"weak_pair_loops_(1.01,0.99,1.005)",1.01,0.99,1.005,0.687329625686041,0.333374245722267,0.333190205178523,0.33343554909921,FLOAT
"weak_pair_loops_(1.01,0.99,1.005)",1.01,0.99,1.005,0.68856205458285,0.333376641489246,0.333181827685529,0.333441530825225,FLOAT
"weak_pair_loops_(1.01,0.99,1.005)",1.01,0.99,1.005,0.689867990908302,0.333379174911814,0.3331729692846,0.333447855803586,FLOAT
"weak_pair_loops_(1.01,0.99,1.005)",1.01,0.99,1.005,0.691251818965688,0.333381853597197,0.33316360344889,0.333454542953913,FLOAT
"weak_pair_loops_(1.01,0.99,1.005)",1.01,0.99,1.005,0.692718184557244,0.333384685539601,0.333153702307362,0.333461612153037,FLOAT
"weak_pair_loops_(1.01,0.99,1.005)",1.01,0.99,1.005,0.694272010581095,0.333387679136414,0.333143236589034,0.333469084274552,FLOAT
"weak_pair_loops_(1.01,0.99,1.005)",1.01,0.99,1.005,0.695918513558455,0.333390843204756,0.333132175566055,0.333476981229189,FLOAT
"weak_pair_loops_(1.01,0.99,1.005)",1.01,0.99,1.005,0.697663221146592,0.333394186998367,0.333120486995671,0.333485326005962,FLOAT
"weak_pair_loops_(1.01,0.99,1.005)",1.01,0.99,1.005,0.699511990696333,0.333397720224818,0.333108137061116,0.333494142714066,FLOAT
"weak_pair_loops_(1.01,0.99,1.005)",1.01,0.99,1.005,0.701471028916427,0.333401453063032,0.333095090311486,0.333503456625482,FLOAT
"weak_pair_loops_(1.01,0.99,1.005)",1.01,0.99,1.005,0.703546912710775,0.333405396181106,0.333081309600598,0.333513294218296,FLOAT
"weak_pair_loops_(1.01,0.99,1.005)",1.01,0.99,1.005,0.705746611258478,0.333409560754443,0.333066756024845,0.333523683220712,FLOAT
"weak_pair_loops_(1.01,0.99,1.005)",1.01,0.99,1.005,0.708077509410841,0.33341395848418,0.333051388860018,0.333534652655802,FLOAT
"weak_pair_loops_(1.01,0.99,1.005)",1.01,0.99,1.005,0.710547432483875,0.333418601615954,0.333035165497004,0.333546232887041,FLOAT
"weak_pair_loops_(1.01,0.99,1.005)",1.01,0.99,1.005,0.713164672529529,0.333423502959025,0.333018041376236,0.333558455664739,FLOAT
"weak_pair_loops_(1.01,0.99,1.005)",1.01,0.99,1.005,0.715938016173855,0.333428675905815,0.33299996992067,0.333571354173515,FLOAT
"weak_pair_loops_(1.01,0.99,1.005)",1.01,0.99,1.005,0.718876774115565,0.333434134451955,0.332980902466993,0.333584963081053,FLOAT
"weak_pair_loops_(1.01,0.99,1.005)",1.01,0.99,1.005,0.721990812384003,0.333439893216933,0.332960788194616,0.333599318588451,FLOAT
"weak_pair_loops_(1.01,0.99,1.005)",1.01,0.99,1.005,0.725290585461487,0.33344596746553,0.332939574051878,0.333614458482593,FLOAT
"weak_pair_loops_(1.01,0.99,1.005)",1.01,0.99,1.005,0.728787171381207,0.333452373130228,0.332917204678664,0.333630422191108,FLOAT
"weak_pair_loops_(1.01,0.99,1.005)",1.01,0.99,1.005,0.732492308918514,0.333459126834878,0.332893622324465,0.333647250840658,FLOAT
"weak_pair_loops_(1.01,0.99,1.005)",1.01,0.99,1.005,0.736418437000464,0.333466245919975,0.33286876676054,0.333664987319485,FLOAT
"weak_pair_loops_(1.01,0.99,1.005)",1.01,0.99,1.005,0.740578736465914,0.333473748469996,0.332842575184592,0.333683676345412,FLOAT
"weak_pair_loops_(1.01,0.99,1.005)",1.01,0.99,1.005,0.744987174316374,0.333481653343353,0.332814982115855,0.333703364540792,FLOAT
"weak_pair_loops_(1.01,0.99,1.005)",1.01,0.99,1.005,0.749658550606174,0.333489980205677,0.332785919278076,0.333724100516247,FLOAT
"weak_pair_loops_(1.01,0.99,1.005)",1.01,0.99,1.005,0.754608548129361,0.3334987495673,0.33275531546719,0.33374593496551,FLOAT
"weak_pair_loops_(1.01,0.99,1.005)",1.01,0.99,1.005,0.759853785070145,0.333507982826012,0.332723096399831,0.333768920774157,FLOAT
"weak_pair_loops_(1.01,0.99,1.005)",1.01,0.99,1.005,0.765411870793641,0.333517702316414,0.332689184537899,0.333793113145687,FLOAT
"weak_pair_loops_(1.01,0.99,1.005)",1.01,0.99,1.005,0.771301464964215,0.33352793136747,0.332653498883386,0.333818569749144,FLOAT
"weak_pair_loops_(1.01,0.99,1.005)",1.01,0.99,1.005,0.777542340189913,0.333538694370225,0.332615954736419,0.333845350893356,FLOAT
"weak_pair_loops_(1.01,0.99,1.005)",1.01,0.99,1.005,0.784155448403264,0.333550016858058,0.332576463407972,0.33387351973397,FLOAT
"weak_pair_loops_(1.01,0.99,1.005)",1.01,0.99,1.005,0.791162991201332,0.333561925602348,0.332534931876898,0.333903142520755,FLOAT
"weak_pair_loops_(1.01,0.99,1.005)",1.01,0.99,1.005,0.798588494381158,0.333574448727051,0.332491262378775,0.333934288894174,FLOAT
"weak_pair_loops_(1.01,0.99,1.005)",1.01,0.99,1.005,0.806456886920807,0.333587615846381,0.33244535191145,0.33396703224217,FLOAT
"weak_pair_loops_(1.01,0.99,1.005)",1.01,0.99,1.005,0.814794584671205,0.333601458230711,0.332397091638943,0.334001450130346,FLOAT
"weak_pair_loops_(1.01,0.99,1.005)",1.01,0.99,1.005,0.823629579039712,0.33361600900687,0.332346366171557,0.334037624821573,FLOAT
"weak_pair_loops_(1.01,0.99,1.005)",1.01,0.99,1.005,0.83299153096317,0.333631303400337,0.332293052695202,0.334075643904462,FLOAT
"weak_pair_loops_(1.01,0.99,1.005)",1.01,0.99,1.005,0.842911870485915,0.333647379028475,0.3322370199171,0.334115601054425,FLOAT
"weak_pair_loops_(1.01,0.99,1.005)",1.01,0.99,1.005,0.853423902277057,0.333664276255967,0.332178126787685,0.334157596956347,FLOAT
"weak_pair_loops_(1.01,0.99,1.005)",1.01,0.99,1.005,0.864562917441269,0.333682038626162,0.332116220949271,0.334201740424568,FLOAT
"weak_pair_loops_(1.01,0.99,1.005)",1.01,0.99,1.005,0.876366311998457,0.333700713385238,0.332051136850445,0.334248149764316,FLOAT
"weak_pair_loops_(1.01,0.99,1.005)",1.01,0.99,1.005,0.888873712430073,0.333720352120196,0.331982693450225,0.334296954429579,FLOAT
"weak_pair_loops_(1.01,0.99,1.005)",1.01,0.99,1.005,0.9,0.333737705485752,0.331922213814066,0.334340080700182,FLOAT
"weak_pair_loops_(1.01,0.99,1.005)",1.01,0.99,1.005,0.902127108713561,0.333741011536894,0.33191069141681,0.334348297046296,FLOAT
"weak_pair_loops_(1.01,0.99,1.005)",1.01,0.99,1.005,0.912667383761716,0.333757343263188,0.331853769956634,0.334388886780178,FLOAT
"weak_pair_loops_(1.01,0.99,1.005)",1.01,0.99,1.005,0.916170995291558,0.33376275441121,0.331834909700813,0.334402335887978,FLOAT
"weak_pair_loops_(1.01,0.99,1.005)",1.01,0.99,1.005,0.923730141409766,0.333774401625381,0.331794312702939,0.33443128567168,FLOAT
"weak_pair_loops_(1.01,0.99,1.005)",1.01,0.99,1.005,0.931052520449102,0.333785650755248,0.331755101330004,0.334459247914748,FLOAT
"weak_pair_loops_(1.01,0.99,1.005)",1.01,0.99,1.005,0.933391537091908,0.333789237703285,0.331742597768703,0.334468164528012,FLOAT
"weak_pair_loops_(1.01,0.99,1.005)",1.01,0.99,1.005,0.941829086706256,0.333802153215669,0.331697574233852,0.334500272550478,FLOAT
"weak_pair_loops_(1.01,0.99,1.005)",1.01,0.99,1.005,0.946821644600358,0.33380977925238,0.331670988229022,0.334519232518598,FLOAT
"weak_pair_loops_(1.01,0.99,1.005)",1.01,0.99,1.005,0.94919781953087,0.333813404936596,0.33165834786015,0.334528247203254,FLOAT
"weak_pair_loops_(1.01,0.99,1.005)",1.01,0.99,1.005,0.955633126690214,0.333823212651198,0.331624153265602,0.3345526340832,FLOAT
"weak_pair_loops_(1.01,0.99,1.005)",1.01,0.99,1.005,0.961253248795439,0.333831765332981,0.331594332354575,0.334573902312444,FLOAT
"weak_pair_loops_(1.01,0.99,1.005)",1.01,0.99,1.005,0.963531308016255,0.333835229030587,0.331582254809055,0.334582516160358,FLOAT
"weak_pair_loops_(1.01,0.99,1.005)",1.01,0.99,1.005,0.966161448465718,0.333839226034414,0.331568317263382,0.334592456702204,FLOAT
"weak_pair_loops_(1.01,0.99,1.005)",1.01,0.99,1.005,0.970447907647971,0.333845735826395,0.331545616636511,0.334608647537094,FLOAT
"weak_pair_loops_(1.01,0.99,1.005)",1.01,0.99,1.005,0.974191384595819,0.33385141701965,0.33152580441251,0.33462277856784,FLOAT
"weak_pair_loops_(1.01,0.99,1.005)",1.01,0.99,1.005,0.977460660952652,0.333856375832897,0.331508510540268,0.334635113626834,FLOAT
"weak_pair_loops_(1.01,0.99,1.005)",1.01,0.99,1.005,0.980315805527134,0.333860704626525,0.331493413209269,0.334645882164207,FLOAT
"weak_pair_loops_(1.01,0.99,1.005)",1.01,0.99,1.005,0.981237608556118,0.333862101864911,0.331488539993181,0.334649358141908,FLOAT
"weak_pair_loops_(1.01,0.99,1.005)",1.01,0.99,1.005,0.982809277981414,0.333864483789009,0.331480232288548,0.334655283922443,FLOAT
"weak_pair_loops_(1.01,0.99,1.005)",1.01,0.99,1.005,0.984986892710918,0.333867783341434,0.331468723746153,0.334663492912413,FLOAT
"weak_pair_loops_(1.01,0.99,1.005)",1.01,0.99,1.005,0.986888660625784,0.33387066431001,0.331458674875062,0.334670660814928,FLOAT
"weak_pair_loops_(1.01,0.99,1.005)",1.01,0.99,1.005,0.988549524300617,0.333873179905471,0.331449900190289,0.33467691990424,FLOAT
"weak_pair_loops_(1.01,0.99,1.005)",1.01,0.99,1.005,0.99,0.333875376540124,0.331442237890112,0.334682385569764,FLOAT
"weak_pair_loops_(1.01,0.99,1.005)",1.01,0.99,1.005,0.991266738376172,0.333877294707356,0.331435546795263,0.334687158497381,FLOAT
"weak_pair_loops_(1.01,0.99,1.005)",1.01,0.99,1.005,0.992373014140977,0.333878969743855,0.331429703695732,0.334691326560413,FLOAT
"weak_pair_loops_(1.01,0.99,1.005)",1.01,0.99,1.005,0.993339153709191,0.333880432491312,0.331424601047,0.334694966461688,FLOAT
"weak_pair_loops_(1.01,0.99,1.005)",1.01,0.99,1.005,0.994182908670626,0.333881709871616,0.331420144967047,0.334698145161337,FLOAT
"weak_pair_loops_(1.01,0.99,1.005)",1.01,0.99,1.005,0.994919781953087,0.333882825387354,0.331416253493114,0.334700921119532,FLOAT
"weak_pair_loops_(1.01,0.99,1.005)",1.01,0.99,1.005,0.995563312669021,0.333883799557686,0.331412855063331,0.334703345378983,FLOAT
"weak_pair_loops_(1.01,0.99,1.005)",1.01,0.99,1.005,0.996125324879544,0.333884650298146,0.331409887193421,0.334705462508433,FLOAT
"weak_pair_loops_(1.01,0.99,1.005)",1.01,0.99,1.005,0.996616144846572,0.333885393251755,0.331407295322877,0.334707311425368,FLOAT
"weak_pair_loops_(1.01,0.99,1.005)",1.01,0.99,1.005,0.997044790764797,0.3338860420778,0.331405031808545,0.334708926113655,FLOAT
"weak_pair_loops_(1.01,0.99,1.005)",1.01,0.99,1.005,0.997419138459582,0.333886608703754,0.331403055046539,0.334710336249707,FLOAT
"weak_pair_loops_(1.01,0.99,1.005)",1.01,0.99,1.005,0.997746066095265,0.333887103545092,0.331401328705969,0.33471156774894,FLOAT
"weak_pair_loops_(1.01,0.99,1.005)",1.01,0.99,1.005,0.998031580552713,0.333887535697134,0.331399821060119,0.334712643242748,FLOAT
"weak_pair_loops_(1.01,0.99,1.005)",1.01,0.99,1.005,0.998280927798141,0.333887913102498,0.331398504402622,0.33471358249488,FLOAT
"weak_pair_loops_(1.01,0.99,1.005)",1.01,0.99,1.005,0.998498689271092,0.333888242697273,0.33139735453777,0.334714402764957,FLOAT
"weak_pair_loops_(1.01,0.99,1.005)",1.01,0.99,1.005,0.998688866062578,0.333888530538631,0.331396350335516,0.334715119125853,FLOAT
"weak_pair_loops_(1.01,0.99,1.005)",1.01,0.99,1.005,0.998854952430062,0.333888781916243,0.331395473342935,0.334715744740821,FLOAT
"weak_pair_loops_(1.01,0.99,1.005)",1.01,0.99,1.005,0.999,0.333889001449561,0.331394707444957,0.334716291105482,FLOAT
"weak_pair_loops_(1.01,0.99,1.005)",1.01,0.99,1.005,0.999126673837617,0.333889193172756,0.331394038568122,0.334716768259121,FLOAT
"weak_pair_loops_(1.01,0.99,1.005)",1.01,0.99,1.005,0.999237301414098,0.333889360608892,0.331393454421896,0.334717184969212,FLOAT
"weak_pair_loops_(1.01,0.99,1.005)",1.01,0.99,1.005,0.999333915370919,0.333889506834688,0.331392944272763,0.334717548892549,FLOAT
"weak_pair_loops_(1.01,0.99,1.005)",1.01,0.99,1.005,0.999418290867063,0.333889634537078,0.331392498746959,0.334717866715963,FLOAT
"weak_pair_loops_(1.01,0.99,1.005)",1.01,0.99,1.005,0.999491978195309,0.333889746062598,0.3313921096582,0.334718144279202,FLOAT
"weak_pair_loops_(1.01,0.99,1.005)",1.01,0.99,1.005,0.999556331266902,0.333889843460511,0.331391769857244,0.334718386682245,FLOAT
"weak_pair_loops_(1.01,0.99,1.005)",1.01,0.99,1.005,0.999612532487954,0.333889928520474,0.331391473100506,0.33471859837902,FLOAT
"weak_pair_loops_(1.01,0.99,1.005)",1.01,0.99,1.005,0.999661614484657,0.333890002805428,0.331391213935328,0.334718783259244,FLOAT
"weak_pair_loops_(1.01,0.99,1.005)",1.01,0.99,1.005,0.99970447907648,0.333890067680317,0.331390987599783,0.3347189447199,FLOAT
"weak_pair_loops_(1.01,0.99,1.005)",1.01,0.99,1.005,0.999741913845958,0.333890124337175,0.331390789935169,0.334719085727656,FLOAT
"weak_pair_loops_(1.01,0.99,1.005)",1.01,0.99,1.005,0.999774606609527,0.333890173817032,0.331390617309595,0.334719208873373,FLOAT
"weak_pair_loops_(1.01,0.99,1.005)",1.01,0.99,1.005,0.999803158055271,0.33389021702904,0.331390466551244,0.334719316419716,FLOAT
"weak_pair_loops_(1.01,0.99,1.005)",1.01,0.99,1.005,0.999828092779814,0.333890254767182,0.331390334890093,0.334719410342725,FLOAT
"weak_pair_loops_(1.01,0.99,1.005)",1.01,0.99,1.005,0.999849868927109,0.333890287724862,0.33139021990701,0.334719492368128,FLOAT
"weak_pair_loops_(1.01,0.99,1.005)",1.01,0.99,1.005,0.999868886606258,0.333890316507647,0.33139011948931,0.334719564003043,FLOAT
"weak_pair_loops_(1.01,0.99,1.005)",1.01,0.99,1.005,0.999885495243006,0.333890341644391,0.331390031791932,0.334719626563678,FLOAT
"weak_pair_loops_(1.01,0.99,1.005)",1.01,0.99,1.005,0.9999,0.333890363596955,0.331389955203537,0.334719681199509,FLOAT
"weak_pair_loops_(1.01,0.99,1.005)",1.01,0.99,1.005,0.999912667383762,0.333890382768694,0.331389888316903,0.334719728914403,FLOAT
"weak_pair_loops_(1.01,0.99,1.005)",1.01,0.99,1.005,0.99992373014141,0.33389039951187,0.331389829903067,0.334719770585064,FLOAT
"weak_pair_loops_(1.01,0.99,1.005)",1.01,0.99,1.005,0.999933391537092,0.333890414134118,0.331389778888744,0.334719806977138,FLOAT
"weak_pair_loops_(1.01,0.99,1.005)",1.01,0.99,1.005,0.999941829086706,0.333890426904105,0.331389734336608,0.334719838759287,FLOAT
"weak_pair_loops_(1.01,0.99,1.005)",1.01,0.99,1.005,0.999949197819531,0.333890438056467,0.331389695428067,0.334719866515466,FLOAT
"weak_pair_loops_(1.01,0.99,1.005)",1.01,0.99,1.005,0.99995563312669,0.333890447796113,0.331389661448225,0.334719890755662,FLOAT
"weak_pair_loops_(1.01,0.99,1.005)",1.01,0.99,1.005,0.999961253248795,0.333890456302,0.331389631772742,0.334719911925258,FLOAT
"weak_pair_loops_(1.01,0.99,1.005)",1.01,0.99,1.005,0.999966161448466,0.333890463730412,0.331389605856368,0.33471993041322,FLOAT
"weak_pair_loops_(1.01,0.99,1.005)",1.01,0.99,1.005,0.999970447907648,0.333890470217837,0.331389583222923,0.334719946559239,FLOAT
"weak_pair_loops_(1.01,0.99,1.005)",1.01,0.99,1.005,0.999974191384596,0.333890475883475,0.331389563456545,0.33471996065998,FLOAT
"weak_pair_loops_(1.01,0.99,1.005)",1.01,0.99,1.005,0.999977460660953,0.333890480831424,0.33138954619405,0.334719972974526,FLOAT
"weak_pair_loops_(1.01,0.99,1.005)",1.01,0.99,1.005,0.999980315805527,0.333890485152597,0.331389531118263,0.33471998372914,FLOAT
"weak_pair_loops_(1.01,0.99,1.005)",1.01,0.99,1.005,0.999982809277981,0.33389048892639,0.331389517952184,0.334719993121426,FLOAT
"weak_pair_loops_(1.01,0.99,1.005)",1.01,0.99,1.005,0.999984986892711,0.333890492222142,0.331389506453903,0.334720001323955,FLOAT
"weak_pair_loops_(1.01,0.99,1.005)",1.01,0.99,1.005,0.999986888660626,0.333890495100408,0.331389496412154,0.334720008487438,FLOAT
"weak_pair_loops_(1.01,0.99,1.005)",1.01,0.99,1.005,0.999988549524301,0.333890497614073,0.331389487642432,0.334720014743495,FLOAT
"weak_pair_loops_(1.01,0.99,1.005)",1.01,0.99,1.005,0.99999,0.333890499809322,0.331389479983605,0.334720020207073,FLOAT
"weak_pair_loops_(1.01,0.99,1.005)",1.01,0.99,1.005,0.999991266738376,0.333890501726491,0.331389473294951,0.334720024978558,FLOAT
"weak_pair_loops_(1.01,0.99,1.005)",1.01,0.99,1.005,0.999992373014141,0.333890503400804,0.331389467453574,0.334720029145622,FLOAT
"weak_pair_loops_(1.01,0.99,1.005)",1.01,0.99,1.005,0.999993339153709,0.333890504863026,0.331389462352147,0.334720032784827,FLOAT
"weak_pair_loops_(1.01,0.99,1.005)",1.01,0.99,1.005,0.999994182908671,0.333890506140022,0.331389457896938,0.33472003596304,FLOAT
"weak_pair_loops_(1.01,0.99,1.005)",1.01,0.99,1.005,0.999994919781953,0.333890507255256,0.331389454006087,0.334720038738657,FLOAT
"weak_pair_loops_(1.01,0.99,1.005)",1.01,0.99,1.005,0.999995563312669,0.33389050822922,0.331389450608105,0.334720041162675,FLOAT
"weak_pair_loops_(1.01,0.99,1.005)",1.01,0.99,1.005,0.99999612532488,0.333890509079807,0.331389447640558,0.334720043279634,FLOAT
"weak_pair_loops_(1.01,0.99,1.005)",1.01,0.99,1.005,0.999996616144847,0.333890509822648,0.331389445048922,0.33472004512843,FLOAT
"weak_pair_loops_(1.01,0.99,1.005)",1.01,0.99,1.005,0.999997044790765,0.33389051047139,0.331389442785579,0.334720046743031,FLOAT
"weak_pair_loops_(1.01,0.99,1.005)",1.01,0.99,1.005,0.99999741913846,0.333890511037953,0.331389440808942,0.334720048153105,FLOAT
"weak_pair_loops_(1.01,0.99,1.005)",1.01,0.99,1.005,0.999997746066095,0.333890511532747,0.331389439082693,0.33472004938456,FLOAT
"weak_pair_loops_(1.01,0.99,1.005)",1.01,0.99,1.005,0.999998031580553,0.333890511964864,0.331389437575115,0.334720050460021,FLOAT
"weak_pair_loops_(1.01,0.99,1.005)",1.01,0.99,1.005,0.999998280927798,0.333890512342243,0.331389436258507,0.334720051399249,FLOAT
"weak_pair_loops_(1.01,0.99,1.005)",1.01,0.99,1.005,0.999998498689271,0.333890512671819,0.331389435108679,0.334720052219502,FLOAT
"weak_pair_loops_(1.01,0.99,1.005)",1.01,0.99,1.005,0.999998688866063,0.333890512959645,0.331389434104505,0.33472005293585,FLOAT
"weak_pair_loops_(1.01,0.99,1.005)",1.01,0.99,1.005,0.99999885495243,0.333890513211012,0.331389433227533,0.334720053561456,FLOAT
"weak_pair_loops_(1.01,0.99,1.005)",1.01,0.99,1.005,0.999999,0.333890513430536,0.33138943246165,0.334720054107814,FLOAT
"weak_pair_loops_(1.01,0.99,1.005)",1.01,0.99,1.005,0.999999126673838,0.333890513622253,0.331389431792785,0.334720054584962,FLOAT
"weak_pair_loops_(1.01,0.99,1.005)",1.01,0.99,1.005,0.999999237301414,0.333890513789684,0.331389431208647,0.334720055001668,FLOAT
"weak_pair_loops_(1.01,0.99,1.005)",1.01,0.99,1.005,0.999999333915371,0.333890513935907,0.331389430698505,0.334720055365589,FLOAT
"weak_pair_loops_(1.01,0.99,1.005)",1.01,0.99,1.005,0.999999418290867,0.333890514063606,0.331389430252984,0.33472005568341,FLOAT
"weak_pair_loops_(1.01,0.99,1.005)",1.01,0.99,1.005,0.999999491978195,0.33389051417513,0.331389429863899,0.334720055960972,FLOAT
"weak_pair_loops_(1.01,0.99,1.005)",1.01,0.99,1.005,0.999999556331267,0.333890514272526,0.3313894295241,0.334720056203374,FLOAT
"weak_pair_loops_(1.01,0.99,1.005)",1.01,0.99,1.005,0.999999612532488,0.333890514357585,0.331389429227346,0.33472005641507,FLOAT
"weak_pair_loops_(1.01,0.99,1.005)",1.01,0.99,1.005,0.999999661614485,0.333890514431869,0.331389428968182,0.334720056599949,FLOAT
"weak_pair_loops_(1.01,0.99,1.005)",1.01,0.99,1.005,0.999999704479076,0.333890514496743,0.331389428741848,0.334720056761409,FLOAT
"weak_pair_loops_(1.01,0.99,1.005)",1.01,0.99,1.005,0.999999741913846,0.333890514553399,0.331389428544184,0.334720056902417,FLOAT
"weak_pair_loops_(1.01,0.99,1.005)",1.01,0.99,1.005,0.999999774606609,0.333890514602879,0.331389428371559,0.334720057025562,FLOAT
"weak_pair_loops_(1.01,0.99,1.005)",1.01,0.99,1.005,0.999999803158055,0.33389051464609,0.331389428220801,0.334720057133108,FLOAT
"weak_pair_loops_(1.01,0.99,1.005)",1.01,0.99,1.005,0.99999982809278,0.333890514683828,0.331389428089141,0.334720057227031,FLOAT
"weak_pair_loops_(1.01,0.99,1.005)",1.01,0.99,1.005,0.999999849868927,0.333890514716786,0.331389427974158,0.334720057309056,FLOAT
"weak_pair_loops_(1.01,0.99,1.005)",1.01,0.99,1.005,0.999999868886606,0.333890514745568,0.33138942787374,0.334720057380691,FLOAT
"weak_pair_loops_(1.01,0.99,1.005)",1.01,0.99,1.005,0.999999885495243,0.333890514770705,0.331389427786043,0.334720057443252,FLOAT
"weak_pair_loops_(1.01,0.99,1.005)",1.01,0.99,1.005,0.9999999,0.333890514792658,0.331389427709455,0.334720057497887,FLOAT
"weak_pair_loops_(1.01,0.99,1.005)",1.01,0.99,1.005,0.999999912667384,0.333890514811829,0.331389427642568,0.334720057545602,FLOAT
"weak_pair_loops_(1.01,0.99,1.005)",1.01,0.99,1.005,0.999999923730141,0.333890514828572,0.331389427584155,0.334720057587273,FLOAT
"weak_pair_loops_(1.01,0.99,1.005)",1.01,0.99,1.005,0.999999933391537,0.333890514843195,0.33138942753314,0.334720057623665,FLOAT
"weak_pair_loops_(1.01,0.99,1.005)",1.01,0.99,1.005,0.999999941829087,0.333890514855964,0.331389427488588,0.334720057655447,FLOAT
"weak_pair_loops_(1.01,0.99,1.005)",1.01,0.99,1.005,0.99999994919782,0.333890514867117,0.33138942744968,0.334720057683203,FLOAT
"weak_pair_loops_(1.01,0.99,1.005)",1.01,0.99,1.005,0.999999955633127,0.333890514876857,0.3313894274157,0.334720057707443,FLOAT
"weak_pair_loops_(1.01,0.99,1.005)",1.01,0.99,1.005,0.999999961253249,0.333890514885362,0.331389427386025,0.334720057728613,FLOAT
"weak_pair_loops_(1.01,0.99,1.005)",1.01,0.99,1.005,0.999999966161448,0.333890514892791,0.331389427360108,0.334720057747101,FLOAT
"weak_pair_loops_(1.01,0.99,1.005)",1.01,0.99,1.005,0.999999970447908,0.333890514899278,0.331389427337475,0.334720057763247,FLOAT
"weak_pair_loops_(1.01,0.99,1.005)",1.01,0.99,1.005,0.999999974191385,0.333890514904944,0.331389427317708,0.334720057777348,FLOAT
"weak_pair_loops_(1.01,0.99,1.005)",1.01,0.99,1.005,0.999999977460661,0.333890514909892,0.331389427300446,0.334720057789662,FLOAT
"weak_pair_loops_(1.01,0.99,1.005)",1.01,0.99,1.005,0.999999980315806,0.333890514914213,0.33138942728537,0.334720057800417,FLOAT
"weak_pair_loops_(1.01,0.99,1.005)",1.01,0.99,1.005,0.999999982809278,0.333890514917987,0.331389427272204,0.334720057809809,FLOAT
"weak_pair_loops_(1.01,0.99,1.005)",1.01,0.99,1.005,0.999999984986893,0.333890514921282,0.331389427260706,0.334720057818012,FLOAT
"weak_pair_loops_(1.01,0.99,1.005)",1.01,0.99,1.005,0.999999986888661,0.333890514924161,0.331389427250664,0.334720057825175,FLOAT
"weak_pair_loops_(1.01,0.99,1.005)",1.01,0.99,1.005,0.999999988549524,0.333890514926674,0.331389427241894,0.334720057831431,FLOAT
"weak_pair_loops_(1.01,0.99,1.005)",1.01,0.99,1.005,0.99999999,0.33389051492887,0.331389427234235,0.334720057836895,FLOAT
"strong_antagonism_(20,20,20)",20,20,20,0.666666676666667,0.333333333333333,0.333333333333333,0.333333333333333,FLOAT
"strong_antagonism_(20,20,20)",20,20,20,0.66666667726311,0.333333333333333,0.333333333333333,0.333333333333333,FLOAT
"strong_antagonism_(20,20,20)",20,20,20,0.666666677895128,0.333333333333333,0.333333333333333,0.333333333333333,FLOAT
"strong_antagonism_(20,20,20)",20,20,20,0.666666678564843,0.333333333333333,0.333333333333333,0.333333333333333,FLOAT
"strong_antagonism_(20,20,20)",20,20,20,0.666666679274502,0.333333333333333,0.333333333333333,0.333333333333333,FLOAT
"strong_antagonism_(20,20,20)",20,20,20,0.666666680026488,0.333333333333333,0.333333333333333,0.333333333333333,FLOAT
"strong_antagonism_(20,20,20)",20,20,20,0.666666680823326,0.333333333333333,0.333333333333333,0.333333333333333,FLOAT
"strong_antagonism_(20,20,20)",20,20,20,0.666666681667691,0.333333333333333,0.333333333333333,0.333333333333333,FLOAT
"strong_antagonism_(20,20,20)",20,20,20,0.666666682562417,0.333333333333333,0.333333333333333,0.333333333333333,FLOAT
"strong_antagonism_(20,20,20)",20,20,20,0.666666683510509,0.333333333333333,0.333333333333333,0.333333333333333,FLOAT
"strong_antagonism_(20,20,20)",20,20,20,0.666666684515149,0.333333333333333,0.333333333333333,0.333333333333333,FLOAT
"strong_antagonism_(20,20,20)",20,20,20,0.66666668557971,0.333333333333333,0.333333333333333,0.333333333333333,FLOAT
"strong_antagonism_(20,20,20)",20,20,20,0.666666686707767,0.333333333333333,0.333333333333333,0.333333333333333,FLOAT
"strong_antagonism_(20,20,20)",20,20,20,0.666666687903105,0.333333333333333,0.333333333333333,0.333333333333333,FLOAT
"strong_antagonism_(20,20,20)",20,20,20,0.666666689169739,0.333333333333333,0.333333333333333,0.333333333333333,FLOAT
"strong_antagonism_(20,20,20)",20,20,20,0.66666669051192,0.333333333333333,0.333333333333333,0.333333333333333,FLOAT
"strong_antagonism_(20,20,20)",20,20,20,0.666666691934155,0.333333333333333,0.333333333333333,0.333333333333333,FLOAT
"strong_antagonism_(20,20,20)",20,20,20,0.666666693441218,0.333333333333333,0.333333333333333,0.333333333333333,FLOAT
"strong_antagonism_(20,20,20)",20,20,20,0.666666695038169,0.333333333333333,0.333333333333333,0.333333333333333,FLOAT
"strong_antagonism_(20,20,20)",20,20,20,0.666666696730369,0.333333333333333,0.333333333333333,0.333333333333333,FLOAT
"strong_antagonism_(20,20,20)",20,20,20,0.666666698523499,0.333333333333333,0.333333333333333,0.333333333333333,FLOAT
"strong_antagonism_(20,20,20)",20,20,20,0.666666700423579,0.333333333333333,0.333333333333333,0.333333333333333,FLOAT
"strong_antagonism_(20,20,20)",20,20,20,0.666666702436989,0.333333333333333,0.333333333333333,0.333333333333333,FLOAT
"strong_antagonism_(20,20,20)",20,20,20,0.666666704570486,0.333333333333333,0.333333333333333,0.333333333333333,FLOAT
"strong_antagonism_(20,20,20)",20,20,20,0.666666706831235,0.333333333333333,0.333333333333333,0.333333333333333,FLOAT
"strong_antagonism_(20,20,20)",20,20,20,0.666666709226825,0.333333333333333,0.333333333333333,0.333333333333333,FLOAT
"strong_antagonism_(20,20,20)",20,20,20,0.666666711765299,0.333333333333333,0.333333333333333,0.333333333333333,FLOAT
"strong_antagonism_(20,20,20)",20,20,20,0.666666714455177,0.333333333333333,0.333333333333333,0.333333333333333,FLOAT
"strong_antagonism_(20,20,20)",20,20,20,0.666666717305492,0.333333333333333,0.333333333333333,0.333333333333333,FLOAT
"strong_antagonism_(20,20,20)",20,20,20,0.666666720325813,0.333333333333333,0.333333333333333,0.333333333333333,FLOAT
"strong_antagonism_(20,20,20)",20,20,20,0.666666723526278,0.333333333333333,0.333333333333333,0.333333333333333,FLOAT
"strong_antagonism_(20,20,20)",20,20,20,0.666666726917633,0.333333333333333,0.333333333333333,0.333333333333333,FLOAT
"strong_antagonism_(20,20,20)",20,20,20,0.666666730511263,0.333333333333333,0.333333333333333,0.333333333333333,FLOAT
"strong_antagonism_(20,20,20)",20,20,20,0.666666734319233,0.333333333333333,0.333333333333333,0.333333333333333,FLOAT
"strong_antagonism_(20,20,20)",20,20,20,0.666666738354327,0.333333333333333,0.333333333333333,0.333333333333333,FLOAT
"strong_antagonism_(20,20,20)",20,20,20,0.666666742630091,0.333333333333333,0.333333333333333,0.333333333333333,FLOAT
"strong_antagonism_(20,20,20)",20,20,20,0.66666674716088,0.333333333333333,0.333333333333333,0.333333333333333,FLOAT
"strong_antagonism_(20,20,20)",20,20,20,0.666666751961906,0.333333333333333,0.333333333333333,0.333333333333333,FLOAT
"strong_antagonism_(20,20,20)",20,20,20,0.666666757049286,0.333333333333333,0.333333333333333,0.333333333333333,FLOAT
"strong_antagonism_(20,20,20)",20,20,20,0.666666762440099,0.333333333333333,0.333333333333333,0.333333333333333,FLOAT
"strong_antagonism_(20,20,20)",20,20,20,0.666666768152444,0.333333333333333,0.333333333333333,0.333333333333333,FLOAT
"strong_antagonism_(20,20,20)",20,20,20,0.666666774205498,0.333333333333333,0.333333333333333,0.333333333333333,FLOAT
"strong_antagonism_(20,20,20)",20,20,20,0.666666780619582,0.333333333333333,0.333333333333333,0.333333333333333,FLOAT
"strong_antagonism_(20,20,20)",20,20,20,0.66666678741623,0.333333333333333,0.333333333333333,0.333333333333333,FLOAT
"strong_antagonism_(20,20,20)",20,20,20,0.66666679461826,0.333333333333333,0.333333333333333,0.333333333333333,FLOAT
"strong_antagonism_(20,20,20)",20,20,20,0.666666802249851,0.333333333333333,0.333333333333333,0.333333333333333,FLOAT
"strong_antagonism_(20,20,20)",20,20,20,0.666666810336623,0.333333333333333,0.333333333333333,0.333333333333333,FLOAT
"strong_antagonism_(20,20,20)",20,20,20,0.666666818905725,0.333333333333333,0.333333333333333,0.333333333333333,FLOAT
"strong_antagonism_(20,20,20)",20,20,20,0.666666827985925,0.333333333333333,0.333333333333333,0.333333333333333,FLOAT
"strong_antagonism_(20,20,20)",20,20,20,0.666666837607709,0.333333333333333,0.333333333333333,0.333333333333333,FLOAT
"strong_antagonism_(20,20,20)",20,20,20,0.666666847803377,0.333333333333333,0.333333333333333,0.333333333333333,FLOAT
"strong_antagonism_(20,20,20)",20,20,20,0.66666685860716,0.333333333333333,0.333333333333333,0.333333333333333,FLOAT
"strong_antagonism_(20,20,20)",20,20,20,0.666666870055327,0.333333333333333,0.333333333333333,0.333333333333333,FLOAT
"strong_antagonism_(20,20,20)",20,20,20,0.666666882186313,0.333333333333333,0.333333333333333,0.333333333333333,FLOAT
"strong_antagonism_(20,20,20)",20,20,20,0.666666895040844,0.333333333333333,0.333333333333333,0.333333333333333,FLOAT
"strong_antagonism_(20,20,20)",20,20,20,0.666666908662074,0.333333333333333,0.333333333333333,0.333333333333333,FLOAT
"strong_antagonism_(20,20,20)",20,20,20,0.666666923095735,0.333333333333333,0.333333333333333,0.333333333333333,FLOAT
"strong_antagonism_(20,20,20)",20,20,20,0.666666938390282,0.333333333333333,0.333333333333333,0.333333333333333,FLOAT
"strong_antagonism_(20,20,20)",20,20,20,0.666666954597062,0.333333333333333,0.333333333333333,0.333333333333333,FLOAT
"strong_antagonism_(20,20,20)",20,20,20,0.666666971770485,0.333333333333333,0.333333333333333,0.333333333333333,FLOAT
"strong_antagonism_(20,20,20)",20,20,20,0.666666989968206,0.333333333333333,0.333333333333333,0.333333333333333,FLOAT
"strong_antagonism_(20,20,20)",20,20,20,0.666667009251318,0.333333333333333,0.333333333333333,0.333333333333333,FLOAT
"strong_antagonism_(20,20,20)",20,20,20,0.666667029684559,0.333333333333333,0.333333333333333,0.333333333333333,FLOAT
"strong_antagonism_(20,20,20)",20,20,20,0.666667051336528,0.333333333333333,0.333333333333333,0.333333333333333,FLOAT
"strong_antagonism_(20,20,20)",20,20,20,0.666667074279914,0.333333333333333,0.333333333333333,0.333333333333333,FLOAT
"strong_antagonism_(20,20,20)",20,20,20,0.666667098591744,0.333333333333333,0.333333333333333,0.333333333333333,FLOAT
"strong_antagonism_(20,20,20)",20,20,20,0.666667124353638,0.333333333333333,0.333333333333333,0.333333333333333,FLOAT
"strong_antagonism_(20,20,20)",20,20,20,0.666667151652083,0.333333333333333,0.333333333333333,0.333333333333333,FLOAT
"strong_antagonism_(20,20,20)",20,20,20,0.666667180578726,0.333333333333333,0.333333333333333,0.333333333333333,FLOAT
"strong_antagonism_(20,20,20)",20,20,20,0.66666721123068,0.333333333333333,0.333333333333333,0.333333333333333,FLOAT
"strong_antagonism_(20,20,20)",20,20,20,0.66666724371085,0.333333333333333,0.333333333333333,0.333333333333333,FLOAT
"strong_antagonism_(20,20,20)",20,20,20,0.666667278128279,0.333333333333333,0.333333333333333,0.333333333333333,FLOAT
"strong_antagonism_(20,20,20)",20,20,20,0.666667314598514,0.333333333333333,0.333333333333333,0.333333333333333,FLOAT
"strong_antagonism_(20,20,20)",20,20,20,0.666667353243992,0.333333333333333,0.333333333333333,0.333333333333333,FLOAT
"strong_antagonism_(20,20,20)",20,20,20,0.666667394194455,0.333333333333333,0.333333333333333,0.333333333333333,FLOAT
"strong_antagonism_(20,20,20)",20,20,20,0.666667437587381,0.333333333333333,0.333333333333333,0.333333333333333,FLOAT
"strong_antagonism_(20,20,20)",20,20,20,0.666667483568452,0.333333333333333,0.333333333333333,0.333333333333333,FLOAT
"strong_antagonism_(20,20,20)",20,20,20,0.666667532292033,0.333333333333333,0.333333333333333,0.333333333333333,FLOAT
"strong_antagonism_(20,20,20)",20,20,20,0.666667583921701,0.333333333333333,0.333333333333333,0.333333333333333,FLOAT
"strong_antagonism_(20,20,20)",20,20,20,0.666667638630787,0.333333333333333,0.333333333333333,0.333333333333333,FLOAT
"strong_antagonism_(20,20,20)",20,20,20,0.666667696602962,0.333333333333333,0.333333333333333,0.333333333333333,FLOAT
"strong_antagonism_(20,20,20)",20,20,20,0.66666775803285,0.333333333333333,0.333333333333333,0.333333333333333,FLOAT
"strong_antagonism_(20,20,20)",20,20,20,0.666667823126684,0.333333333333333,0.333333333333333,0.333333333333333,FLOAT
"strong_antagonism_(20,20,20)",20,20,20,0.666667892102997,0.333333333333333,0.333333333333333,0.333333333333333,FLOAT
"strong_antagonism_(20,20,20)",20,20,20,0.666667965193359,0.333333333333333,0.333333333333333,0.333333333333333,FLOAT
"strong_antagonism_(20,20,20)",20,20,20,0.666668042643148,0.333333333333333,0.333333333333333,0.333333333333333,FLOAT
"strong_antagonism_(20,20,20)",20,20,20,0.66666812471238,0.333333333333333,0.333333333333333,0.333333333333333,FLOAT
"strong_antagonism_(20,20,20)",20,20,20,0.666668211676578,0.333333333333333,0.333333333333333,0.333333333333333,FLOAT
"strong_antagonism_(20,20,20)",20,20,20,0.666668303827701,0.333333333333333,0.333333333333333,0.333333333333333,FLOAT
"strong_antagonism_(20,20,20)",20,20,20,0.666668401475117,0.333333333333333,0.333333333333333,0.333333333333333,FLOAT
"strong_antagonism_(20,20,20)",20,20,20,0.666668504946651,0.333333333333333,0.333333333333333,0.333333333333333,FLOAT
"strong_antagonism_(20,20,20)",20,20,20,0.666668614589678,0.333333333333333,0.333333333333333,0.333333333333333,FLOAT
"strong_antagonism_(20,20,20)",20,20,20,0.666668730772293,0.333333333333333,0.333333333333333,0.333333333333333,FLOAT
"strong_antagonism_(20,20,20)",20,20,20,0.666668853884545,0.333333333333333,0.333333333333333,0.333333333333333,FLOAT
"strong_antagonism_(20,20,20)",20,20,20,0.666668984339748,0.333333333333333,0.333333333333333,0.333333333333333,FLOAT
"strong_antagonism_(20,20,20)",20,20,20,0.666669122575868,0.333333333333333,0.333333333333333,0.333333333333333,FLOAT
"strong_antagonism_(20,20,20)",20,20,20,0.666669269056992,0.333333333333333,0.333333333333333,0.333333333333333,FLOAT
"strong_antagonism_(20,20,20)",20,20,20,0.666669424274889,0.333333333333333,0.333333333333333,0.333333333333333,FLOAT
"strong_antagonism_(20,20,20)",20,20,20,0.666669588750657,0.333333333333333,0.333333333333333,0.333333333333333,FLOAT
"strong_antagonism_(20,20,20)",20,20,20,0.666669763036477,0.333333333333333,0.333333333333333,0.333333333333333,FLOAT
"strong_antagonism_(20,20,20)",20,20,20,0.666669947717462,0.333333333333333,0.333333333333333,0.333333333333333,FLOAT
"strong_antagonism_(20,20,20)",20,20,20,0.666670143413626,0.333333333333333,0.333333333333333,0.333333333333333,FLOAT
"strong_antagonism_(20,20,20)",20,20,20,0.666670350781961,0.333333333333333,0.333333333333333,0.333333333333333,FLOAT
"strong_antagonism_(20,20,20)",20,20,20,0.666670570518648,0.333333333333333,0.333333333333333,0.333333333333333,FLOAT
"strong_antagonism_(20,20,20)",20,20,20,0.666670803361388,0.333333333333333,0.333333333333333,0.333333333333333,FLOAT
"strong_antagonism_(20,20,20)",20,20,20,0.666671050091883,0.333333333333333,0.333333333333333,0.333333333333333,FLOAT
"strong_antagonism_(20,20,20)",20,20,20,0.66667131153846,0.333333333333333,0.333333333333333,0.333333333333333,FLOAT
"strong_antagonism_(20,20,20)",20,20,20,0.666671588578849,0.333333333333333,0.333333333333333,0.333333333333333,FLOAT
"strong_antagonism_(20,20,20)",20,20,20,0.666671882143135,0.333333333333333,0.333333333333333,0.333333333333333,FLOAT
"strong_antagonism_(20,20,20)",20,20,20,0.666672193216873,0.333333333333333,0.333333333333333,0.333333333333333,FLOAT
"strong_antagonism_(20,20,20)",20,20,20,0.666672522844405,0.333333333333333,0.333333333333333,0.333333333333333,FLOAT
"strong_antagonism_(20,20,20)",20,20,20,0.666672872132358,0.333333333333333,0.333333333333333,0.333333333333333,FLOAT
"strong_antagonism_(20,20,20)",20,20,20,0.666673242253367,0.333333333333333,0.333333333333333,0.333333333333333,FLOAT
"strong_antagonism_(20,20,20)",20,20,20,0.666673634450005,0.333333333333333,0.333333333333333,0.333333333333333,FLOAT
"strong_antagonism_(20,20,20)",20,20,20,0.66667405003896,0.333333333333333,0.333333333333333,0.333333333333333,FLOAT
"strong_antagonism_(20,20,20)",20,20,20,0.66667449041545,0.333333333333333,0.333333333333333,0.333333333333333,FLOAT
"strong_antagonism_(20,20,20)",20,20,20,0.666674957057912,0.333333333333333,0.333333333333333,0.333333333333333,FLOAT
"strong_antagonism_(20,20,20)",20,20,20,0.666675451532965,0.333333333333333,0.333333333333333,0.333333333333333,FLOAT
"strong_antagonism_(20,20,20)",20,20,20,0.666675975500663,0.333333333333333,0.333333333333333,0.333333333333333,FLOAT
"strong_antagonism_(20,20,20)",20,20,20,0.666676530720078,0.333333333333333,0.333333333333333,0.333333333333333,FLOAT
"strong_antagonism_(20,20,20)",20,20,20,0.666677119055197,0.333333333333333,0.333333333333333,0.333333333333333,FLOAT
"strong_antagonism_(20,20,20)",20,20,20,0.666677742481186,0.333333333333333,0.333333333333333,0.333333333333333,FLOAT
"strong_antagonism_(20,20,20)",20,20,20,0.666678403091018,0.333333333333333,0.333333333333333,0.333333333333333,FLOAT
"strong_antagonism_(20,20,20)",20,20,20,0.666679103102497,0.333333333333333,0.333333333333333,0.333333333333333,FLOAT
"strong_antagonism_(20,20,20)",20,20,20,0.666679844865711,0.333333333333333,0.333333333333333,0.333333333333333,FLOAT
"strong_antagonism_(20,20,20)",20,20,20,0.666680630870915,0.333333333333333,0.333333333333333,0.333333333333333,FLOAT
"strong_antagonism_(20,20,20)",20,20,20,0.666681463756893,0.333333333333333,0.333333333333333,0.333333333333333,FLOAT
"strong_antagonism_(20,20,20)",20,20,20,0.666682346319819,0.333333333333333,0.333333333333333,0.333333333333333,FLOAT
"strong_antagonism_(20,20,20)",20,20,20,0.666683281522644,0.333333333333333,0.333333333333333,0.333333333333333,FLOAT
"strong_antagonism_(20,20,20)",20,20,20,0.666684272505039,0.333333333333333,0.333333333333333,0.333333333333333,FLOAT
"strong_antagonism_(20,20,20)",20,20,20,0.666685322593942,0.333333333333333,0.333333333333333,0.333333333333333,FLOAT
"strong_antagonism_(20,20,20)",20,20,20,0.666686435314721,0.333333333333333,0.333333333333333,0.333333333333333,FLOAT
"strong_antagonism_(20,20,20)",20,20,20,0.666687614403016,0.333333333333333,0.333333333333333,0.333333333333333,FLOAT
"strong_antagonism_(20,20,20)",20,20,20,0.666688863817274,0.333333333333333,0.333333333333333,0.333333333333333,FLOAT
"strong_antagonism_(20,20,20)",20,20,20,0.666690187752041,0.333333333333333,0.333333333333333,0.333333333333333,FLOAT
"strong_antagonism_(20,20,20)",20,20,20,0.666691590652045,0.333333333333333,0.333333333333333,0.333333333333333,FLOAT
"strong_antagonism_(20,20,20)",20,20,20,0.666693077227118,0.333333333333333,0.333333333333333,0.333333333333333,FLOAT
"strong_antagonism_(20,20,20)",20,20,20,0.666694652468004,0.333333333333333,0.333333333333333,0.333333333333333,FLOAT
"strong_antagonism_(20,20,20)",20,20,20,0.66669632166312,0.333333333333333,0.333333333333333,0.333333333333333,FLOAT
"strong_antagonism_(20,20,20)",20,20,20,0.666698090416304,0.333333333333333,0.333333333333333,0.333333333333333,FLOAT
"strong_antagonism_(20,20,20)",20,20,20,0.666699964665634,0.333333333333333,0.333333333333333,0.333333333333333,FLOAT
"strong_antagonism_(20,20,20)",20,20,20,0.66670195070336,0.333333333333333,0.333333333333333,0.333333333333333,FLOAT
"strong_antagonism_(20,20,20)",20,20,20,0.666704055197027,0.333333333333333,0.333333333333333,0.333333333333333,FLOAT
"strong_antagonism_(20,20,20)",20,20,20,0.666706285211866,0.333333333333333,0.333333333333333,0.333333333333333,FLOAT
"strong_antagonism_(20,20,20)",20,20,20,0.666708648234505,0.333333333333333,0.333333333333333,0.333333333333333,FLOAT
"strong_antagonism_(20,20,20)",20,20,20,0.666711152198109,0.333333333333333,0.333333333333333,0.333333333333333,FLOAT
"strong_antagonism_(20,20,20)",20,20,20,0.666713805509012,0.333333333333333,0.333333333333333,0.333333333333333,FLOAT
"strong_antagonism_(20,20,20)",20,20,20,0.666716617074936,0.333333333333333,0.333333333333333,0.333333333333333,FLOAT
"strong_antagonism_(20,20,20)",20,20,20,0.6667195963349,0.333333333333333,0.333333333333333,0.333333333333333,FLOAT
"strong_antagonism_(20,20,20)",20,20,20,0.666722753290909,0.333333333333333,0.333333333333333,0.333333333333333,FLOAT
"strong_antagonism_(20,20,20)",20,20,20,0.666726098541527,0.333333333333333,0.333333333333333,0.333333333333333,FLOAT
"strong_antagonism_(20,20,20)",20,20,20,0.666729643317467,0.333333333333333,0.333333333333333,0.333333333333333,FLOAT
"strong_antagonism_(20,20,20)",20,20,20,0.666733399519287,0.333333333333333,0.333333333333333,0.333333333333333,FLOAT
"strong_antagonism_(20,20,20)",20,20,20,0.666737379757347,0.333333333333333,0.333333333333333,0.333333333333333,FLOAT
"strong_antagonism_(20,20,20)",20,20,20,0.666741597394146,0.333333333333333,0.333333333333333,0.333333333333333,FLOAT
"strong_antagonism_(20,20,20)",20,20,20,0.666746066589179,0.333333333333333,0.333333333333333,0.333333333333333,FLOAT
"strong_antagonism_(20,20,20)",20,20,20,0.666750802346474,0.333333333333333,0.333333333333333,0.333333333333333,FLOAT
"strong_antagonism_(20,20,20)",20,20,20,0.666755820564966,0.333333333333333,0.333333333333333,0.333333333333333,FLOAT
"strong_antagonism_(20,20,20)",20,20,20,0.666761138091871,0.333333333333333,0.333333333333333,0.333333333333333,FLOAT
"strong_antagonism_(20,20,20)",20,20,20,0.666766772779247,0.333333333333333,0.333333333333333,0.333333333333333,FLOAT
"strong_antagonism_(20,20,20)",20,20,20,0.666772743543927,0.333333333333333,0.333333333333333,0.333333333333333,FLOAT
"strong_antagonism_(20,20,20)",20,20,20,0.666779070431024,0.333333333333333,0.333333333333333,0.333333333333333,FLOAT
"strong_antagonism_(20,20,20)",20,20,20,0.666785774681232,0.333333333333333,0.333333333333333,0.333333333333333,FLOAT
"strong_antagonism_(20,20,20)",20,20,20,0.666792878802131,0.333333333333333,0.333333333333333,0.333333333333333,FLOAT
"strong_antagonism_(20,20,20)",20,20,20,0.66680040664375,0.333333333333333,0.333333333333333,0.333333333333333,FLOAT
"strong_antagonism_(20,20,20)",20,20,20,0.666808383478639,0.333333333333333,0.333333333333333,0.333333333333333,FLOAT
"strong_antagonism_(20,20,20)",20,20,20,0.666816836086713,0.333333333333333,0.333333333333333,0.333333333333333,FLOAT
"strong_antagonism_(20,20,20)",20,20,20,0.666825792845157,0.333333333333333,0.333333333333333,0.333333333333333,FLOAT
"strong_antagonism_(20,20,20)",20,20,20,0.666835283823696,0.333333333333333,0.333333333333333,0.333333333333333,FLOAT
"strong_antagonism_(20,20,20)",20,20,20,0.666845340885544,0.333333333333333,0.333333333333333,0.333333333333333,FLOAT
"strong_antagonism_(20,20,20)",20,20,20,0.666855997794376,0.333333333333333,0.333333333333333,0.333333333333333,FLOAT
"strong_antagonism_(20,20,20)",20,20,20,0.666867290327678,0.333333333333333,0.333333333333333,0.333333333333333,FLOAT
"strong_antagonism_(20,20,20)",20,20,20,0.666879256396864,0.333333333333333,0.333333333333333,0.333333333333333,FLOAT
"strong_antagonism_(20,20,20)",20,20,20,0.666891936174548,0.333333333333333,0.333333333333333,0.333333333333333,FLOAT
"strong_antagonism_(20,20,20)",20,20,20,0.666905372229415,0.333333333333333,0.333333333333333,0.333333333333333,FLOAT
"strong_antagonism_(20,20,20)",20,20,20,0.666919609669129,0.333333333333333,0.333333333333333,0.333333333333333,FLOAT
"strong_antagonism_(20,20,20)",20,20,20,0.666934696291775,0.333333333333333,0.333333333333333,0.333333333333333,FLOAT
"strong_antagonism_(20,20,20)",20,20,20,0.666950682746323,0.333333333333333,0.333333333333333,0.333333333333333,FLOAT
"strong_antagonism_(20,20,20)",20,20,20,0.666967622702667,0.333333333333333,0.333333333333333,0.333333333333333,FLOAT
"strong_antagonism_(20,20,20)",20,20,20,0.666985573031808,0.333333333333333,0.333333333333333,0.333333333333333,FLOAT
"strong_antagonism_(20,20,20)",20,20,20,0.667004593996783,0.333333333333333,0.333333333333333,0.333333333333333,FLOAT
"strong_antagonism_(20,20,20)",20,20,20,0.667024749454976,0.333333333333333,0.333333333333333,0.333333333333333,FLOAT
"strong_antagonism_(20,20,20)",20,20,20,0.667046107072505,0.333333333333333,0.333333333333333,0.333333333333333,FLOAT
"strong_antagonism_(20,20,20)",20,20,20,0.667068738551391,0.333333333333333,0.333333333333333,0.333333333333333,FLOAT
"strong_antagonism_(20,20,20)",20,20,20,0.667092719870275,0.333333333333333,0.333333333333333,0.333333333333333,FLOAT
"strong_antagonism_(20,20,20)",20,20,20,0.667118131539495,0.333333333333333,0.333333333333333,0.333333333333333,FLOAT
"strong_antagonism_(20,20,20)",20,20,20,0.667145058871377,0.333333333333333,0.333333333333333,0.333333333333333,FLOAT
"strong_antagonism_(20,20,20)",20,20,20,0.667173592266644,0.333333333333333,0.333333333333333,0.333333333333333,FLOAT
"strong_antagonism_(20,20,20)",20,20,20,0.667203827517915,0.333333333333333,0.333333333333333,0.333333333333333,FLOAT
"strong_antagonism_(20,20,20)",20,20,20,0.667235866131295,0.333333333333333,0.333333333333333,0.333333333333333,FLOAT
"strong_antagonism_(20,20,20)",20,20,20,0.667269815667157,0.333333333333333,0.333333333333333,0.333333333333333,FLOAT
"strong_antagonism_(20,20,20)",20,20,20,0.667305790101244,0.333333333333333,0.333333333333333,0.333333333333333,FLOAT
"strong_antagonism_(20,20,20)",20,20,20,0.667343910207308,0.333333333333333,0.333333333333333,0.333333333333333,FLOAT
"strong_antagonism_(20,20,20)",20,20,20,0.667384303962572,0.333333333333333,0.333333333333333,0.333333333333333,FLOAT
"strong_antagonism_(20,20,20)",20,20,20,0.667427106977381,0.333333333333333,0.333333333333333,0.333333333333333,FLOAT
"strong_antagonism_(20,20,20)",20,20,20,0.66747246295047,0.333333333333333,0.333333333333333,0.333333333333333,FLOAT
"strong_antagonism_(20,20,20)",20,20,20,0.667520524151393,0.333333333333333,0.333333333333333,0.333333333333333,FLOAT
"strong_antagonism_(20,20,20)",20,20,20,0.667571451931725,0.333333333333333,0.333333333333333,0.333333333333333,FLOAT
"strong_antagonism_(20,20,20)",20,20,20,0.667625417266748,0.333333333333333,0.333333333333333,0.333333333333333,FLOAT
"strong_antagonism_(20,20,20)",20,20,20,0.66768260132946,0.333333333333333,0.333333333333333,0.333333333333333,FLOAT
"strong_antagonism_(20,20,20)",20,20,20,0.667743196098802,0.333333333333333,0.333333333333333,0.333333333333333,FLOAT
"strong_antagonism_(20,20,20)",20,20,20,0.667807405004176,0.333333333333333,0.333333333333333,0.333333333333333,FLOAT
"strong_antagonism_(20,20,20)",20,20,20,0.667875443608401,0.333333333333333,0.333333333333333,0.333333333333333,FLOAT
"strong_antagonism_(20,20,20)",20,20,20,0.667947540331402,0.333333333333333,0.333333333333333,0.333333333333333,FLOAT
"strong_antagonism_(20,20,20)",20,20,20,0.668023937217061,0.333333333333333,0.333333333333333,0.333333333333333,FLOAT
"strong_antagonism_(20,20,20)",20,20,20,0.668104890745814,0.333333333333333,0.333333333333333,0.333333333333333,FLOAT
"strong_antagonism_(20,20,20)",20,20,20,0.668190672695706,0.333333333333333,0.333333333333333,0.333333333333333,FLOAT
"strong_antagonism_(20,20,20)",20,20,20,0.66828157105481,0.333333333333333,0.333333333333333,0.333333333333333,FLOAT
"strong_antagonism_(20,20,20)",20,20,20,0.668377890988062,0.333333333333333,0.333333333333333,0.333333333333333,FLOAT
"strong_antagonism_(20,20,20)",20,20,20,0.668479955861763,0.333333333333333,0.333333333333333,0.333333333333333,FLOAT
"strong_antagonism_(20,20,20)",20,20,20,0.668588108329191,0.333333333333333,0.333333333333333,0.333333333333333,FLOAT
"strong_antagonism_(20,20,20)",20,20,20,0.668702711480957,0.333333333333333,0.333333333333333,0.333333333333333,FLOAT
"strong_antagonism_(20,20,20)",20,20,20,0.668824150063978,0.333333333333333,0.333333333333333,0.333333333333333,FLOAT
"strong_antagonism_(20,20,20)",20,20,20,0.668952831773153,0.333333333333333,0.333333333333333,0.333333333333333,FLOAT
"strong_antagonism_(20,20,20)",20,20,20,0.669089188620082,0.333333333333333,0.333333333333333,0.333333333333333,FLOAT
"strong_antagonism_(20,20,20)",20,20,20,0.669233678383419,0.333333333333333,0.333333333333333,0.333333333333333,FLOAT
"strong_antagonism_(20,20,20)",20,20,20,0.669386786145729,0.333333333333333,0.333333333333333,0.333333333333333,FLOAT
"strong_antagonism_(20,20,20)",20,20,20,0.669549025922018,0.333333333333333,0.333333333333333,0.333333333333333,FLOAT
"strong_antagonism_(20,20,20)",20,20,20,0.669720942385384,0.333333333333333,0.333333333333333,0.333333333333333,FLOAT
"strong_antagonism_(20,20,20)",20,20,20,0.669903112695601,0.333333333333333,0.333333333333333,0.333333333333333,FLOAT
"strong_antagonism_(20,20,20)",20,20,20,0.670096148436769,0.333333333333333,0.333333333333333,0.333333333333333,FLOAT
"strong_antagonism_(20,20,20)",20,20,20,0.670300697670525,0.333333333333333,0.333333333333333,0.333333333333333,FLOAT
"strong_antagonism_(20,20,20)",20,20,20,0.670517447111728,0.333333333333333,0.333333333333333,0.333333333333333,FLOAT
"strong_antagonism_(20,20,20)",20,20,20,0.670747124433902,0.333333333333333,0.333333333333333,0.333333333333333,FLOAT
"strong_antagonism_(20,20,20)",20,20,20,0.67099050071219,0.333333333333333,0.333333333333333,0.333333333333333,FLOAT
"strong_antagonism_(20,20,20)",20,20,20,0.671248393012015,0.333333333333333,0.333333333333333,0.333333333333333,FLOAT
"strong_antagonism_(20,20,20)",20,20,20,0.671521667132144,0.333333333333333,0.333333333333333,0.333333333333333,FLOAT
"strong_antagonism_(20,20,20)",20,20,20,0.671811240511352,0.333333333333333,0.333333333333333,0.333333333333333,FLOAT
"strong_antagonism_(20,20,20)",20,20,20,0.67211808530846,0.333333333333333,0.333333333333333,0.333333333333333,FLOAT
"strong_antagonism_(20,20,20)",20,20,20,0.672443231666078,0.333333333333333,0.333333333333333,0.333333333333333,FLOAT
"strong_antagonism_(20,20,20)",20,20,20,0.672787771169006,0.333333333333333,0.333333333333333,0.333333333333333,FLOAT
"strong_antagonism_(20,20,20)",20,20,20,0.673152860508921,0.333333333333333,0.333333333333333,0.333333333333333,FLOAT
"strong_antagonism_(20,20,20)",20,20,20,0.673539725367628,0.333333333333333,0.333333333333333,0.333333333333333,FLOAT
"strong_antagonism_(20,20,20)",20,20,20,0.673949664531935,0.333333333333333,0.333333333333333,0.333333333333333,FLOAT
"strong_antagonism_(20,20,20)",20,20,20,0.674384054253956,0.333333333333333,0.333333333333333,0.333333333333333,FLOAT
"strong_antagonism_(20,20,20)",20,20,20,0.674844352871474,0.333333333333333,0.333333333333333,0.333333333333333,FLOAT
"strong_antagonism_(20,20,20)",20,20,20,0.675332105703892,0.333333333333333,0.333333333333333,0.333333333333333,FLOAT
"strong_antagonism_(20,20,20)",20,20,20,0.675848950240194,0.333333333333333,0.333333333333333,0.333333333333333,FLOAT
"strong_antagonism_(20,20,20)",20,20,20,0.676396621636343,0.333333333333333,0.333333333333333,0.333333333333333,FLOAT
"strong_antagonism_(20,20,20)",20,20,20,0.676976958540561,0.333333333333333,0.333333333333333,0.333333333333333,FLOAT
"strong_antagonism_(20,20,20)",20,20,20,0.677591909266059,0.333333333333333,0.333333333333333,0.333333333333333,FLOAT
"strong_antagonism_(20,20,20)",20,20,20,0.67824353833194,0.333333333333333,0.333333333333333,0.333333333333333,FLOAT
"strong_antagonism_(20,20,20)",20,20,20,0.678934033394218,0.333333333333333,0.333333333333333,0.333333333333333,FLOAT
"strong_antagonism_(20,20,20)",20,20,20,0.679665712590243,0.333333333333333,0.333333333333333,0.333333333333333,FLOAT
"strong_antagonism_(20,20,20)",20,20,20,0.680441032321174,0.333333333333333,0.333333333333333,0.333333333333333,FLOAT
"strong_antagonism_(20,20,20)",20,20,20,0.681262595498641,0.333333333333333,0.333333333333333,0.333333333333333,FLOAT
"strong_antagonism_(20,20,20)",20,20,20,0.68213316028326,0.333333333333333,0.333333333333333,0.333333333333333,FLOAT
"strong_antagonism_(20,20,20)",20,20,20,0.683055649344363,0.333333333333333,0.333333333333333,0.333333333333333,FLOAT
"strong_antagonism_(20,20,20)",20,20,20,0.684033159672015,0.333333333333333,0.333333333333333,0.333333333333333,FLOAT
"strong_antagonism_(20,20,20)",20,20,20,0.68506897297426,0.333333333333333,0.333333333333333,0.333333333333333,FLOAT
"strong_antagonism_(20,20,20)",20,20,20,0.686166566694507,0.333333333333333,0.333333333333333,0.333333333333333,FLOAT
"strong_antagonism_(20,20,20)",20,20,20,0.687329625686041,0.333333333333333,0.333333333333333,0.333333333333333,FLOAT
"strong_antagonism_(20,20,20)",20,20,20,0.68856205458285,0.333333333333333,0.333333333333333,0.333333333333333,FLOAT
"strong_antagonism_(20,20,20)",20,20,20,0.689867990908302,0.333333333333333,0.333333333333333,0.333333333333333,FLOAT
"strong_antagonism_(20,20,20)",20,20,20,0.691251818965688,0.333333333333333,0.333333333333333,0.333333333333333,FLOAT
"strong_antagonism_(20,20,20)",20,20,20,0.692718184557244,0.333333333333333,0.333333333333333,0.333333333333333,FLOAT
"strong_antagonism_(20,20,20)",20,20,20,0.694272010581095,0.333333333333333,0.333333333333333,0.333333333333333,FLOAT
"strong_antagonism_(20,20,20)",20,20,20,0.695918513558455,0.333333333333333,0.333333333333333,0.333333333333333,FLOAT
"strong_antagonism_(20,20,20)",20,20,20,0.697663221146592,0.333333333333333,0.333333333333333,0.333333333333333,FLOAT
"strong_antagonism_(20,20,20)",20,20,20,0.699511990696333,0.333333333333333,0.333333333333333,0.333333333333333,FLOAT
"strong_antagonism_(20,20,20)",20,20,20,0.701471028916427,0.333333333333333,0.333333333333333,0.333333333333333,FLOAT
"strong_antagonism_(20,20,20)",20,20,20,0.703546912710775,0.333333333333333,0.333333333333333,0.333333333333333,FLOAT
"strong_antagonism_(20,20,20)",20,20,20,0.705746611258478,0.333333333333333,0.333333333333333,0.333333333333333,FLOAT
"strong_antagonism_(20,20,20)",20,20,20,0.708077509410841,0.333333333333333,0.333333333333333,0.333333333333333,FLOAT
"strong_antagonism_(20,20,20)",20,20,20,0.710547432483875,0.333333333333333,0.333333333333333,0.333333333333333,FLOAT
"strong_antagonism_(20,20,20)",20,20,20,0.713164672529529,0.333333333333333,0.333333333333333,0.333333333333333,FLOAT
"strong_antagonism_(20,20,20)",20,20,20,0.715938016173855,0.333333333333333,0.333333333333333,0.333333333333333,FLOAT
"strong_antagonism_(20,20,20)",20,20,20,0.718876774115565,0.333333333333333,0.333333333333333,0.333333333333333,FLOAT
"strong_antagonism_(20,20,20)",20,20,20,0.721990812384003,0.333333333333333,0.333333333333333,0.333333333333333,FLOAT
"strong_antagonism_(20,20,20)",20,20,20,0.725290585461487,0.333333333333333,0.333333333333333,0.333333333333333,FLOAT
"strong_antagonism_(20,20,20)",20,20,20,0.728787171381207,0.333333333333333,0.333333333333333,0.333333333333333,FLOAT
"strong_antagonism_(20,20,20)",20,20,20,0.732492308918514,0.333333333333333,0.333333333333333,0.333333333333333,FLOAT
"strong_antagonism_(20,20,20)",20,20,20,0.736418437000464,0.333333333333333,0.333333333333333,0.333333333333333,FLOAT
"strong_antagonism_(20,20,20)",20,20,20,0.740578736465914,0.333333333333333,0.333333333333333,0.333333333333333,FLOAT
"strong_antagonism_(20,20,20)",20,20,20,0.744987174316374,0.333333333333333,0.333333333333333,0.333333333333333,FLOAT
"strong_antagonism_(20,20,20)",20,20,20,0.749658550606174,0.333333333333333,0.333333333333333,0.333333333333333,FLOAT
"strong_antagonism_(20,20,20)",20,20,20,0.754608548129361,0.333333333333333,0.333333333333333,0.333333333333333,FLOAT
"strong_antagonism_(20,20,20)",20,20,20,0.759853785070145,0.333333333333333,0.333333333333333,0.333333333333333,FLOAT
"strong_antagonism_(20,20,20)",20,20,20,0.765411870793641,0.333333333333333,0.333333333333333,0.333333333333333,FLOAT
"strong_antagonism_(20,20,20)",20,20,20,0.771301464964215,0.333333333333333,0.333333333333333,0.333333333333333,FLOAT
"strong_antagonism_(20,20,20)",20,20,20,0.777542340189913,0.333333333333333,0.333333333333333,0.333333333333333,FLOAT
"strong_antagonism_(20,20,20)",20,20,20,0.784155448403264,0.333333333333333,0.333333333333333,0.333333333333333,FLOAT
"strong_antagonism_(20,20,20)",20,20,20,0.791162991201332,0.333333333333333,0.333333333333333,0.333333333333333,FLOAT
"strong_antagonism_(20,20,20)",20,20,20,0.798588494381158,0.333333333333333,0.333333333333333,0.333333333333333,FLOAT
"strong_antagonism_(20,20,20)",20,20,20,0.806456886920807,0.333333333333333,0.333333333333333,0.333333333333333,FLOAT
"strong_antagonism_(20,20,20)",20,20,20,0.814794584671205,0.333333333333333,0.333333333333333,0.333333333333333,FLOAT
"strong_antagonism_(20,20,20)",20,20,20,0.823629579039712,0.333333333333333,0.333333333333333,0.333333333333333,FLOAT
"strong_antagonism_(20,20,20)",20,20,20,0.83299153096317,0.333333333333333,0.333333333333333,0.333333333333333,FLOAT
"strong_antagonism_(20,20,20)",20,20,20,0.842911870485915,0.333333333333333,0.333333333333333,0.333333333333333,FLOAT
"strong_antagonism_(20,20,20)",20,20,20,0.853423902277057,0.333333333333333,0.333333333333333,0.333333333333333,FLOAT
"strong_antagonism_(20,20,20)",20,20,20,0.864562917441269,0.333333333333333,0.333333333333333,0.333333333333333,FLOAT
"strong_antagonism_(20,20,20)",20,20,20,0.876366311998457,0.333333333333333,0.333333333333333,0.333333333333333,FLOAT
"strong_antagonism_(20,20,20)",20,20,20,0.888873712430073,0.333333333333333,0.333333333333333,0.333333333333333,FLOAT
"strong_antagonism_(20,20,20)",20,20,20,0.9,0.333333333333333,0.333333333333333,0.333333333333333,FLOAT
"strong_antagonism_(20,20,20)",20,20,20,0.902127108713561,0.333333333333333,0.333333333333333,0.333333333333333,FLOAT
"strong_antagonism_(20,20,20)",20,20,20,0.912667383761716,0.333333333333333,0.333333333333333,0.333333333333333,FLOAT
"strong_antagonism_(20,20,20)",20,20,20,0.916170995291558,0.333333333333333,0.333333333333333,0.333333333333333,FLOAT
"strong_antagonism_(20,20,20)",20,20,20,0.923730141409766,0.333333333333333,0.333333333333333,0.333333333333333,FLOAT
"strong_antagonism_(20,20,20)",20,20,20,0.931052520449102,0.333333333333333,0.333333333333333,0.333333333333333,FLOAT
"strong_antagonism_(20,20,20)",20,20,20,0.933391537091908,0.333333333333333,0.333333333333333,0.333333333333333,FLOAT
"strong_antagonism_(20,20,20)",20,20,20,0.941829086706256,0.333333333333333,0.333333333333333,0.333333333333333,FLOAT
"strong_antagonism_(20,20,20)",20,20,20,0.946821644600358,0.333333333333333,0.333333333333333,0.333333333333333,FLOAT
"strong_antagonism_(20,20,20)",20,20,20,0.94919781953087,0.333333333333333,0.333333333333333,0.333333333333333,FLOAT
"strong_antagonism_(20,20,20)",20,20,20,0.955633126690214,0.333333333333333,0.333333333333333,0.333333333333333,FLOAT
"strong_antagonism_(20,20,20)",20,20,20,0.961253248795439,0.333333333333333,0.333333333333333,0.333333333333333,FLOAT
"strong_antagonism_(20,20,20)",20,20,20,0.963531308016255,0.333333333333333,0.333333333333333,0.333333333333333,FLOAT
"strong_antagonism_(20,20,20)",20,20,20,0.966161448465718,0.333333333333333,0.333333333333333,0.333333333333333,FLOAT
"strong_antagonism_(20,20,20)",20,20,20,0.970447907647971,0.333333333333333,0.333333333333333,0.333333333333333,FLOAT
"strong_antagonism_(20,20,20)",20,20,20,0.974191384595819,0.333333333333333,0.333333333333333,0.333333333333333,FLOAT
"strong_antagonism_(20,20,20)",20,20,20,0.977460660952652,0.333333333333333,0.333333333333333,0.333333333333333,FLOAT
"strong_antagonism_(20,20,20)",20,20,20,0.980315805527134,0.333333333333333,0.333333333333333,0.333333333333333,FLOAT
"strong_antagonism_(20,20,20)",20,20,20,0.981237608556118,0.333333333333333,0.333333333333333,0.333333333333333,FLOAT
"strong_antagonism_(20,20,20)",20,20,20,0.982809277981414,0.333333333333333,0.333333333333333,0.333333333333333,FLOAT
"strong_antagonism_(20,20,20)",20,20,20,0.984986892710918,0.333333333333333,0.333333333333333,0.333333333333333,FLOAT
"strong_antagonism_(20,20,20)",20,20,20,0.986888660625784,0.333333333333333,0.333333333333333,0.333333333333333,FLOAT
"strong_antagonism_(20,20,20)",20,20,20,0.988549524300617,0.333333333333333,0.333333333333333,0.333333333333333,FLOAT
"strong_antagonism_(20,20,20)",20,20,20,0.99,0.333333333333333,0.333333333333333,0.333333333333333,FLOAT
"strong_antagonism_(20,20,20)",20,20,20,0.991266738376172,0.333333333333333,0.333333333333333,0.333333333333333,FLOAT
"strong_antagonism_(20,20,20)",20,20,20,0.992373014140977,0.333333333333333,0.333333333333333,0.333333333333333,FLOAT
"strong_antagonism_(20,20,20)",20,20,20,0.993339153709191,0.333333333333333,0.333333333333333,0.333333333333333,FLOAT
"strong_antagonism_(20,20,20)",20,20,20,0.994182908670626,0.333333333333333,0.333333333333333,0.333333333333333,FLOAT
"strong_antagonism_(20,20,20)",20,20,20,0.994919781953087,0.333333333333333,0.333333333333333,0.333333333333333,FLOAT
"strong_antagonism_(20,20,20)",20,20,20,0.995563312669021,0.333333333333333,0.333333333333333,0.333333333333333,FLOAT
"strong_antagonism_(20,20,20)",20,20,20,0.996125324879544,0.333333333333333,0.333333333333333,0.333333333333333,FLOAT
"strong_antagonism_(20,20,20)",20,20,20,0.996616144846572,0.333333333333333,0.333333333333333,0.333333333333333,FLOAT
"strong_antagonism_(20,20,20)",20,20,20,0.997044790764797,0.333333333333333,0.333333333333333,0.333333333333333,FLOAT
"strong_antagonism_(20,20,20)",20,20,20,0.997419138459582,0.333333333333333,0.333333333333333,0.333333333333333,FLOAT
"strong_antagonism_(20,20,20)",20,20,20,0.997746066095265,0.333333333333333,0.333333333333333,0.333333333333333,FLOAT
"strong_antagonism_(20,20,20)",20,20,20,0.998031580552713,0.333333333333333,0.333333333333333,0.333333333333333,FLOAT
"strong_antagonism_(20,20,20)",20,20,20,0.998280927798141,0.333333333333333,0.333333333333333,0.333333333333333,FLOAT
"strong_antagonism_(20,20,20)",20,20,20,0.998498689271092,0.333333333333333,0.333333333333333,0.333333333333333,FLOAT
"strong_antagonism_(20,20,20)",20,20,20,0.998688866062578,0.333333333333333,0.333333333333333,0.333333333333333,FLOAT
"strong_antagonism_(20,20,20)",20,20,20,0.998854952430062,0.333333333333333,0.333333333333333,0.333333333333333,FLOAT
"strong_antagonism_(20,20,20)",20,20,20,0.999,0.333333333333333,0.333333333333333,0.333333333333333,FLOAT
"strong_antagonism_(20,20,20)",20,20,20,0.999126673837617,0.333333333333333,0.333333333333333,0.333333333333333,FLOAT
"strong_antagonism_(20,20,20)",20,20,20,0.999237301414098,0.333333333333333,0.333333333333333,0.333333333333333,FLOAT
"strong_antagonism_(20,20,20)",20,20,20,0.999333915370919,0.333333333333333,0.333333333333333,0.333333333333333,FLOAT
"strong_antagonism_(20,20,20)",20,20,20,0.999418290867063,0.333333333333333,0.333333333333333,0.333333333333333,FLOAT
"strong_antagonism_(20,20,20)",20,20,20,0.999491978195309,0.333333333333333,0.333333333333333,0.333333333333333,FLOAT
"strong_antagonism_(20,20,20)",20,20,20,0.999556331266902,0.333333333333333,0.333333333333333,0.333333333333333,FLOAT
"strong_antagonism_(20,20,20)",20,20,20,0.999612532487954,0.333333333333333,0.333333333333333,0.333333333333333,FLOAT
"strong_antagonism_(20,20,20)",20,20,20,0.999661614484657,0.333333333333333,0.333333333333333,0.333333333333333,FLOAT
"strong_antagonism_(20,20,20)",20,20,20,0.99970447907648,0.333333333333333,0.333333333333333,0.333333333333333,FLOAT
"strong_antagonism_(20,20,20)",20,20,20,0.999741913845958,0.333333333333333,0.333333333333333,0.333333333333333,FLOAT
"strong_antagonism_(20,20,20)",20,20,20,0.999774606609527,0.333333333333333,0.333333333333333,0.333333333333333,FLOAT
"strong_antagonism_(20,20,20)",20,20,20,0.999803158055271,0.333333333333333,0.333333333333333,0.333333333333333,FLOAT
"strong_antagonism_(20,20,20)",20,20,20,0.999828092779814,0.333333333333333,0.333333333333333,0.333333333333333,FLOAT
"strong_antagonism_(20,20,20)",20,20,20,0.999849868927109,0.333333333333333,0.333333333333333,0.333333333333333,FLOAT
"strong_antagonism_(20,20,20)",20,20,20,0.999868886606258,0.333333333333333,0.333333333333333,0.333333333333333,FLOAT
"strong_antagonism_(20,20,20)",20,20,20,0.999885495243006,0.333333333333333,0.333333333333333,0.333333333333333,FLOAT
"strong_antagonism_(20,20,20)",20,20,20,0.9999,0.333333333333333,0.333333333333333,0.333333333333333,FLOAT
"strong_antagonism_(20,20,20)",20,20,20,0.999912667383762,0.333333333333333,0.333333333333333,0.333333333333333,FLOAT
"strong_antagonism_(20,20,20)",20,20,20,0.99992373014141,0.333333333333333,0.333333333333333,0.333333333333333,FLOAT
"strong_antagonism_(20,20,20)",20,20,20,0.999933391537092,0.333333333333333,0.333333333333333,0.333333333333333,FLOAT
"strong_antagonism_(20,20,20)",20,20,20,0.999941829086706,0.333333333333333,0.333333333333333,0.333333333333333,FLOAT
"strong_antagonism_(20,20,20)",20,20,20,0.999949197819531,0.333333333333333,0.333333333333333,0.333333333333333,FLOAT
"strong_antagonism_(20,20,20)",20,20,20,0.99995563312669,0.333333333333333,0.333333333333333,0.333333333333333,FLOAT
"strong_antagonism_(20,20,20)",20,20,20,0.999961253248795,0.333333333333333,0.333333333333333,0.333333333333333,FLOAT
"strong_antagonism_(20,20,20)",20,20,20,0.999966161448466,0.333333333333333,0.333333333333333,0.333333333333333,FLOAT
"strong_antagonism_(20,20,20)",20,20,20,0.999970447907648,0.333333333333333,0.333333333333333,0.333333333333333,FLOAT
"strong_antagonism_(20,20,20)",20,20,20,0.999974191384596,0.333333333333333,0.333333333333333,0.333333333333333,FLOAT
"strong_antagonism_(20,20,20)",20,20,20,0.999977460660953,0.333333333333333,0.333333333333333,0.333333333333333,FLOAT
"strong_antagonism_(20,20,20)",20,20,20,0.999980315805527,0.333333333333333,0.333333333333333,0.333333333333333,FLOAT
"strong_antagonism_(20,20,20)",20,20,20,0.999982809277981,0.333333333333333,0.333333333333333,0.333333333333333,FLOAT
"strong_antagonism_(20,20,20)",20,20,20,0.999984986892711,0.333333333333333,0.333333333333333,0.333333333333333,FLOAT
"strong_antagonism_(20,20,20)",20,20,20,0.999986888660626,0.333333333333333,0.333333333333333,0.333333333333333,FLOAT
"strong_antagonism_(20,20,20)",20,20,20,0.999988549524301,0.333333333333333,0.333333333333333,0.333333333333333,FLOAT
"strong_antagonism_(20,20,20)",20,20,20,0.99999,0.333333333333333,0.333333333333333,0.333333333333333,FLOAT
"strong_antagonism_(20,20,20)",20,20,20,0.999991266738376,0.333333333333333,0.333333333333333,0.333333333333333,FLOAT
"strong_antagonism_(20,20,20)",20,20,20,0.999992373014141,0.333333333333333,0.333333333333333,0.333333333333333,FLOAT
"strong_antagonism_(20,20,20)",20,20,20,0.999993339153709,0.333333333333333,0.333333333333333,0.333333333333333,FLOAT
"strong_antagonism_(20,20,20)",20,20,20,0.999994182908671,0.333333333333333,0.333333333333333,0.333333333333333,FLOAT
"strong_antagonism_(20,20,20)",20,20,20,0.999994919781953,0.333333333333333,0.333333333333333,0.333333333333333,FLOAT
"strong_antagonism_(20,20,20)",20,20,20,0.999995563312669,0.333333333333333,0.333333333333333,0.333333333333333,FLOAT
"strong_antagonism_(20,20,20)",20,20,20,0.99999612532488,0.333333333333333,0.333333333333333,0.333333333333333,FLOAT
"strong_antagonism_(20,20,20)",20,20,20,0.999996616144847,0.333333333333333,0.333333333333333,0.333333333333333,FLOAT
"strong_antagonism_(20,20,20)",20,20,20,0.999997044790765,0.333333333333333,0.333333333333333,0.333333333333333,FLOAT
"strong_antagonism_(20,20,20)",20,20,20,0.99999741913846,0.333333333333333,0.333333333333333,0.333333333333333,FLOAT
"strong_antagonism_(20,20,20)",20,20,20,0.999997746066095,0.333333333333333,0.333333333333333,0.333333333333333,FLOAT
"strong_antagonism_(20,20,20)",20,20,20,0.999998031580553,0.333333333333333,0.333333333333333,0.333333333333333,FLOAT
"strong_antagonism_(20,20,20)",20,20,20,0.999998280927798,0.333333333333333,0.333333333333333,0.333333333333333,FLOAT
"strong_antagonism_(20,20,20)",20,20,20,0.999998498689271,0.333333333333333,0.333333333333333,0.333333333333333,FLOAT
"strong_antagonism_(20,20,20)",20,20,20,0.999998688866063,0.333333333333333,0.333333333333333,0.333333333333333,FLOAT
"strong_antagonism_(20,20,20)",20,20,20,0.99999885495243,0.333333333333333,0.333333333333333,0.333333333333333,FLOAT
"strong_antagonism_(20,20,20)",20,20,20,0.999999,0.333333333333333,0.333333333333333,0.333333333333333,FLOAT
"strong_antagonism_(20,20,20)",20,20,20,0.999999126673838,0.333333333333333,0.333333333333333,0.333333333333333,FLOAT
"strong_antagonism_(20,20,20)",20,20,20,0.999999237301414,0.333333333333333,0.333333333333333,0.333333333333333,FLOAT
"strong_antagonism_(20,20,20)",20,20,20,0.999999333915371,0.333333333333333,0.333333333333333,0.333333333333333,FLOAT
"strong_antagonism_(20,20,20)",20,20,20,0.999999418290867,0.333333333333333,0.333333333333333,0.333333333333333,FLOAT
"strong_antagonism_(20,20,20)",20,20,20,0.999999491978195,0.333333333333333,0.333333333333333,0.333333333333333,FLOAT
"strong_antagonism_(20,20,20)",20,20,20,0.999999556331267,0.333333333333333,0.333333333333333,0.333333333333333,FLOAT
"strong_antagonism_(20,20,20)",20,20,20,0.999999612532488,0.333333333333333,0.333333333333333,0.333333333333333,FLOAT
"strong_antagonism_(20,20,20)",20,20,20,0.999999661614485,0.333333333333333,0.333333333333333,0.333333333333333,FLOAT
"strong_antagonism_(20,20,20)",20,20,20,0.999999704479076,0.333333333333333,0.333333333333333,0.333333333333333,FLOAT
"strong_antagonism_(20,20,20)",20,20,20,0.999999741913846,0.333333333333333,0.333333333333333,0.333333333333333,FLOAT
"strong_antagonism_(20,20,20)",20,20,20,0.999999774606609,0.333333333333333,0.333333333333333,0.333333333333333,FLOAT
"strong_antagonism_(20,20,20)",20,20,20,0.999999803158055,0.333333333333333,0.333333333333333,0.333333333333333,FLOAT
"strong_antagonism_(20,20,20)",20,20,20,0.99999982809278,0.333333333333333,0.333333333333333,0.333333333333333,FLOAT
"strong_antagonism_(20,20,20)",20,20,20,0.999999849868927,0.333333333333333,0.333333333333333,0.333333333333333,FLOAT
"strong_antagonism_(20,20,20)",20,20,20,0.999999868886606,0.333333333333333,0.333333333333333,0.333333333333333,FLOAT
"strong_antagonism_(20,20,20)",20,20,20,0.999999885495243,0.333333333333333,0.333333333333333,0.333333333333333,FLOAT
"strong_antagonism_(20,20,20)",20,20,20,0.9999999,0.333333333333333,0.333333333333333,0.333333333333333,FLOAT
"strong_antagonism_(20,20,20)",20,20,20,0.999999912667384,0.333333333333333,0.333333333333333,0.333333333333333,FLOAT
"strong_antagonism_(20,20,20)",20,20,20,0.999999923730141,0.333333333333333,0.333333333333333,0.333333333333333,FLOAT
"strong_antagonism_(20,20,20)",20,20,20,0.999999933391537,0.333333333333333,0.333333333333333,0.333333333333333,FLOAT
"strong_antagonism_(20,20,20)",20,20,20,0.999999941829087,0.333333333333333,0.333333333333333,0.333333333333333,FLOAT
"strong_antagonism_(20,20,20)",20,20,20,0.99999994919782,0.333333333333333,0.333333333333333,0.333333333333333,FLOAT
"strong_antagonism_(20,20,20)",20,20,20,0.999999955633127,0.333333333333333,0.333333333333333,0.333333333333333,FLOAT
"strong_antagonism_(20,20,20)",20,20,20,0.999999961253249,0.333333333333333,0.333333333333333,0.333333333333333,FLOAT
"strong_antagonism_(20,20,20)",20,20,20,0.999999966161448,0.333333333333333,0.333333333333333,0.333333333333333,FLOAT
"strong_antagonism_(20,20,20)",20,20,20,0.999999970447908,0.333333333333333,0.333333333333333,0.333333333333333,FLOAT
"strong_antagonism_(20,20,20)",20,20,20,0.999999974191385,0.333333333333333,0.333333333333333,0.333333333333333,FLOAT
"strong_antagonism_(20,20,20)",20,20,20,0.999999977460661,0.333333333333333,0.333333333333333,0.333333333333333,FLOAT
"strong_antagonism_(20,20,20)",20,20,20,0.999999980315806,0.333333333333333,0.333333333333333,0.333333333333333,FLOAT
"strong_antagonism_(20,20,20)",20,20,20,0.999999982809278,0.333333333333333,0.333333333333333,0.333333333333333,FLOAT
"strong_antagonism_(20,20,20)",20,20,20,0.999999984986893,0.333333333333333,0.333333333333333,0.333333333333333,FLOAT
"strong_antagonism_(20,20,20)",20,20,20,0.999999986888661,0.333333333333333,0.333333333333333,0.333333333333333,FLOAT
"strong_antagonism_(20,20,20)",20,20,20,0.999999988549524,0.333333333333333,0.333333333333333,0.333333333333333,FLOAT
"strong_antagonism_(20,20,20)",20,20,20,0.99999999,0.333333333333333,0.333333333333333,0.333333333333333,FLOAT
"anisotropic_(0.01,1,100)",0.01,1,100,0.666666676666667,0.333333734363651,0.333333135810944,0.333333129825406,FLOAT
"anisotropic_(0.01,1,100)",0.01,1,100,0.66666667726311,0.333333758282803,0.333333124029869,0.333333117687328,FLOAT
"anisotropic_(0.01,1,100)",0.01,1,100,0.666666677895128,0.333333783628585,0.333333111546126,0.333333104825288,FLOAT
"anisotropic_(0.01,1,100)",0.01,1,100,0.666666678564843,0.333333810486099,0.3333330983178,0.333333091196101,FLOAT
"anisotropic_(0.01,1,100)",0.01,1,100,0.666666679274502,0.3333338389455,0.333333084300484,0.333333076754017,FLOAT
"anisotropic_(0.01,1,100)",0.01,1,100,0.666666680026488,0.333333869102348,0.333333069447112,0.33333306145054,FLOAT
"anisotropic_(0.01,1,100)",0.01,1,100,0.666666680823326,0.333333901057863,0.33333305370783,0.333333045234308,FLOAT
"anisotropic_(0.01,1,100)",0.01,1,100,0.666666681667691,0.333333934919331,0.333333037029794,0.333333028050875,FLOAT
"anisotropic_(0.01,1,100)",0.01,1,100,0.666666682562417,0.333333970800442,0.33333301935701,0.333333009842548,FLOAT
"anisotropic_(0.01,1,100)",0.01,1,100,0.666666683510509,0.333334008821645,0.33333300063015,0.333332990548204,FLOAT
"anisotropic_(0.01,1,100)",0.01,1,100,0.666666684515149,0.333334049110583,0.333332980786347,0.33333297010307,FLOAT
"anisotropic_(0.01,1,100)",0.01,1,100,0.66666668557971,0.333334091802515,0.33333295975898,0.333332948438505,FLOAT
"anisotropic_(0.01,1,100)",0.01,1,100,0.666666686707767,0.333334137040751,0.333332937477463,0.333332925481786,FLOAT
"anisotropic_(0.01,1,100)",0.01,1,100,0.666666687903105,0.333334184977183,0.333332913866984,0.333332901155833,FLOAT
"anisotropic_(0.01,1,100)",0.01,1,100,0.666666689169739,0.333334235772728,0.333332888848286,0.333332875378986,FLOAT
"anisotropic_(0.01,1,100)",0.01,1,100,0.66666669051192,0.333334289597914,0.333332862337376,0.333332848064709,FLOAT
"anisotropic_(0.01,1,100)",0.01,1,100,0.666666691934155,0.333334346633439,0.333332834245256,0.333332819121305,FLOAT
"anisotropic_(0.01,1,100)",0.01,1,100,0.666666693441218,0.333334407070782,0.333332804477614,0.333332788451604,FLOAT
"anisotropic_(0.01,1,100)",0.01,1,100,0.666666695038169,0.333334471112838,0.333332772934516,0.333332755952646,FLOAT
"anisotropic_(0.01,1,100)",0.01,1,100,0.666666696730369,0.333334538974596,0.333332739510074,0.333332721515331,FLOAT
"anisotropic_(0.01,1,100)",0.01,1,100,0.666666698523499,0.333334610883879,0.333332704092075,0.333332685024046,FLOAT
"anisotropic_(0.01,1,100)",0.01,1,100,0.666666700423579,0.3333346870821,0.333332666561614,0.333332646356286,FLOAT
"anisotropic_(0.01,1,100)",0.01,1,100,0.666666702436989,0.333334767825062,0.333332626792701,0.333332605382238,FLOAT
"anisotropic_(0.01,1,100)",0.01,1,100,0.666666704570486,0.33333485338381,0.333332584651833,0.333332561964357,FLOAT
"anisotropic_(0.01,1,100)",0.01,1,100,0.666666706831235,0.333334944045591,0.333332539997532,0.333332515956876,FLOAT
"anisotropic_(0.01,1,100)",0.01,1,100,0.666666709226825,0.333335040114756,0.333332492679895,0.333332467205349,FLOAT
"anisotropic_(0.01,1,100)",0.01,1,100,0.666666711765299,0.33333514191381,0.333332442540074,0.333332415546116,FLOAT
"anisotropic_(0.01,1,100)",0.01,1,100,0.666666714455177,0.333335249784499,0.333332389409748,0.333332360805753,FLOAT
"anisotropic_(0.01,1,100)",0.01,1,100,0.666666717305492,0.333335364088958,0.333332333110552,0.33333230280049,FLOAT
"anisotropic_(0.01,1,100)",0.01,1,100,0.666666720325813,0.333335485210909,0.333332273453489,0.333332241335602,FLOAT
"anisotropic_(0.01,1,100)",0.01,1,100,0.666666723526278,0.333335613556948,0.333332210238295,0.333332176204757,FLOAT
"anisotropic_(0.01,1,100)",0.01,1,100,0.666666726917633,0.333335749557953,0.333332143252747,0.333332107189301,FLOAT
"anisotropic_(0.01,1,100)",0.01,1,100,0.666666730511263,0.333335893670457,0.333332072271985,0.333332034057558,FLOAT
"anisotropic_(0.01,1,100)",0.01,1,100,0.666666734319233,0.333336046378265,0.333331997057719,0.333331956564016,FLOAT
"anisotropic_(0.01,1,100)",0.01,1,100,0.666666738354327,0.333336208193997,0.333331917357463,0.33333187444854,FLOAT
"anisotropic_(0.01,1,100)",0.01,1,100,0.666666742630091,0.333336379660879,0.33333183290366,0.333331787435461,FLOAT
"anisotropic_(0.01,1,100)",0.01,1,100,0.66666674716088,0.3333365613545,0.33333174341281,0.33333169523269,FLOAT
"anisotropic_(0.01,1,100)",0.01,1,100,0.666666751961906,0.333336753884801,0.333331648584496,0.333331597530703,FLOAT
"anisotropic_(0.01,1,100)",0.01,1,100,0.666666757049286,0.333336957898077,0.333331548100393,0.33333149400153,FLOAT
"anisotropic_(0.01,1,100)",0.01,1,100,0.666666762440099,0.333337174079184,0.333331441623186,0.33333138429763,FLOAT
"anisotropic_(0.01,1,100)",0.01,1,100,0.666666768152444,0.333337403153835,0.333331328795434,0.333331268050732,FLOAT
"anisotropic_(0.01,1,100)",0.01,1,100,0.666666774205498,0.333337645890967,0.333331209238407,0.333331144870626,FLOAT
"anisotropic_(0.01,1,100)",0.01,1,100,0.666666780619582,0.333337903105434,0.333331082550761,0.333331014343805,FLOAT
"anisotropic_(0.01,1,100)",0.01,1,100,0.66666678741623,0.333338175660637,0.33333094830724,0.333330876032123,FLOAT
"anisotropic_(0.01,1,100)",0.01,1,100,0.66666679461826,0.333338464471501,0.33333080605721,0.33333072947129,FLOAT
"anisotropic_(0.01,1,100)",0.01,1,100,0.666666802249851,0.333338770507488,0.333330655323175,0.333330574169337,FLOAT
"anisotropic_(0.01,1,100)",0.01,1,100,0.666666810336623,0.333339094795874,0.333330495599167,0.333330409604959,FLOAT
"anisotropic_(0.01,1,100)",0.01,1,100,0.666666818905725,0.333339438425206,0.333330326349036,0.333330235225758,FLOAT
"anisotropic_(0.01,1,100)",0.01,1,100,0.666666827985925,0.333339802548936,0.333330147004666,0.333330050446398,FLOAT
"anisotropic_(0.01,1,100)",0.01,1,100,0.666666837607709,0.333340188389291,0.333329956964066,0.333329854646642,FLOAT
"anisotropic_(0.01,1,100)",0.01,1,100,0.666666847803377,0.333340597241398,0.333329755589342,0.33332964716926,FLOAT
"anisotropic_(0.01,1,100)",0.01,1,100,0.66666685860716,0.333341030477594,0.333329542204568,0.333329427317838,FLOAT
"anisotropic_(0.01,1,100)",0.01,1,100,0.666666870055327,0.333341489552041,0.333329316093517,0.333329194354442,FLOAT
"anisotropic_(0.01,1,100)",0.01,1,100,0.666666882186313,0.333341976005631,0.333329076497248,0.333328947497122,FLOAT
"anisotropic_(0.01,1,100)",0.01,1,100,0.666666895040844,0.333342491471125,0.333328822611566,0.333328685917309,FLOAT
"anisotropic_(0.01,1,100)",0.01,1,100,0.666666908662074,0.333343037678626,0.333328553584337,0.333328408737037,FLOAT
"anisotropic_(0.01,1,100)",0.01,1,100,0.666666923095735,0.333343616461408,0.333328268512609,0.333328115025984,FLOAT
"anisotropic_(0.01,1,100)",0.01,1,100,0.666666938390282,0.33334422976204,0.333327966439599,0.333327803798361,FLOAT
"anisotropic_(0.01,1,100)",0.01,1,100,0.666666954597062,0.333344879638926,0.333327646351474,0.3333274740096,FLOAT
"anisotropic_(0.01,1,100)",0.01,1,100,0.666666971770485,0.333345568273161,0.333327307173968,0.333327124552871,FLOAT
"anisotropic_(0.01,1,100)",0.01,1,100,0.666666989968206,0.333346297975919,0.333326947768749,0.333326754255332,FLOAT
"anisotropic_(0.01,1,100)",0.01,1,100,0.666667009251318,0.333347071196122,0.333326566929641,0.333326361874237,FLOAT
"anisotropic_(0.01,1,100)",0.01,1,100,0.666667029684559,0.333347890528699,0.333326163378553,0.333325946092748,FLOAT
"anisotropic_(0.01,1,100)",0.01,1,100,0.666667051336528,0.333348758723287,0.333325735761197,0.333325505515515,FLOAT
"anisotropic_(0.01,1,100)",0.01,1,100,0.666667074279914,0.333349678693408,0.333325282642567,0.333325038664024,FLOAT
"anisotropic_(0.01,1,100)",0.01,1,100,0.666667098591744,0.333350653526292,0.3333248025021,0.333324543971608,FLOAT
"anisotropic_(0.01,1,100)",0.01,1,100,0.666667124353638,0.333351686493167,0.333324293728608,0.333324019778225,FLOAT
"anisotropic_(0.01,1,100)",0.01,1,100,0.666667151652083,0.333352781060258,0.333323754614863,0.333323464324879,FLOAT
"anisotropic_(0.01,1,100)",0.01,1,100,0.666667180578726,0.333353940900393,0.333323183351879,0.333322875747728,FLOAT
"anisotropic_(0.01,1,100)",0.01,1,100,0.66666721123068,0.333355169905302,0.333322578022855,0.333322252071844,FLOAT
"anisotropic_(0.01,1,100)",0.01,1,100,0.66666724371085,0.333356472198654,0.333321936596752,0.333321591204593,FLOAT
"anisotropic_(0.01,1,100)",0.01,1,100,0.666667278128279,0.333357852149892,0.333321256921486,0.333320890928622,FLOAT
"anisotropic_(0.01,1,100)",0.01,1,100,0.666667314598514,0.333359314388812,0.333320536716737,0.333320148894452,FLOAT
"anisotropic_(0.01,1,100)",0.01,1,100,0.666667353243992,0.333360863821144,0.333319773566283,0.333319362612573,FLOAT
"anisotropic_(0.01,1,100)",0.01,1,100,0.666667394194455,0.333362505644912,0.333318964909942,0.333318529445147,FLOAT
"anisotropic_(0.01,1,100)",0.01,1,100,0.666667437587381,0.333364245367855,0.333318108034988,0.333317646597158,FLOAT
"anisotropic_(0.01,1,100)",0.01,1,100,0.666667483568452,0.333366088825875,0.333317200067068,0.333316711107057,FLOAT
"anisotropic_(0.01,1,100)",0.01,1,100,0.666667532292033,0.333368042202563,0.333316237960588,0.333315719836849,FLOAT
"anisotropic_(0.01,1,100)",0.01,1,100,0.666667583921701,0.33337011204986,0.333315218488531,0.333314669461609,FLOAT
"anisotropic_(0.01,1,100)",0.01,1,100,0.666667638630787,0.333372305310002,0.333314138231653,0.333313556458346,FLOAT
"anisotropic_(0.01,1,100)",0.01,1,100,0.666667696602962,0.333374629338722,0.333312993567055,0.333312377094222,FLOAT
"anisotropic_(0.01,1,100)",0.01,1,100,0.66666775803285,0.333377091929865,0.333311780656064,0.333311127414071,FLOAT
"anisotropic_(0.01,1,100)",0.01,1,100,0.666667823126684,0.333379701341416,0.333310495431407,0.333309803227176,FLOAT
"anisotropic_(0.01,1,100)",0.01,1,100,0.666667892102997,0.333382466323101,0.333309133583625,0.333308400093274,FLOAT
"anisotropic_(0.01,1,100)",0.01,1,100,0.666667965193359,0.333385396145638,0.333307690546661,0.333306913307701,FLOAT
"anisotropic_(0.01,1,100)",0.01,1,100,0.666668042643148,0.33338850063167,0.333306161482632,0.333305337885698,FLOAT
"anisotropic_(0.01,1,100)",0.01,1,100,0.66666812471238,0.333391790188605,0.33330454126565,0.333303668545745,FLOAT
"anisotropic_(0.01,1,100)",0.01,1,100,0.666668211676578,0.333395275843305,0.333302824464743,0.333301899691951,FLOAT
"anisotropic_(0.01,1,100)",0.01,1,100,0.666668303827701,0.333398969278923,0.333301005325713,0.333300025395365,FLOAT
"anisotropic_(0.01,1,100)",0.01,1,100,0.666668401475117,0.333402882873833,0.333299077751959,0.333298039374208,FLOAT
"anisotropic_(0.01,1,100)",0.01,1,100,0.666668504946651,0.333407029742935,0.333297035284144,0.333295934972921,FLOAT
"anisotropic_(0.01,1,100)",0.01,1,100,0.666668614589678,0.333411423781348,0.333294871078669,0.333293705139982,FLOAT
"anisotropic_(0.01,1,100)",0.01,1,100,0.666668730772293,0.333416079710699,0.333292577884887,0.333291342404414,FLOAT
"anisotropic_(0.01,1,100)",0.01,1,100,0.666668853884545,0.333421013128147,0.333290148020951,0.333288838850902,FLOAT
"anisotropic_(0.01,1,100)",0.01,1,100,0.666668984339748,0.333426240558306,0.333287573348252,0.333286186093443,FLOAT
"anisotropic_(0.01,1,100)",0.01,1,100,0.666669122575868,0.333431779508171,0.333284845244366,0.333283375247463,FLOAT
"anisotropic_(0.01,1,100)",0.01,1,100,0.666669269056992,0.333437648525382,0.333281954574368,0.333280396900251,FLOAT
"anisotropic_(0.01,1,100)",0.01,1,100,0.666669424274889,0.333443867259792,0.333278891660506,0.333277241079701,FLOAT
"anisotropic_(0.01,1,100)",0.01,1,100,0.666669588750657,0.333450456528773,0.333275646250053,0.333273897221174,FLOAT
"anisotropic_(0.01,1,100)",0.01,1,100,0.666669763036477,0.333457438386252,0.333272207481301,0.333270354132447,FLOAT
"anisotropic_(0.01,1,100)",0.01,1,100,0.666669947717462,0.333464836195866,0.333268563847546,0.333266599956588,FLOAT
"anisotropic_(0.01,1,100)",0.01,1,100,0.666670143413626,0.333472674708401,0.333264703158956,0.333262622132643,FLOAT
"anisotropic_(0.01,1,100)",0.01,1,100,0.666670350781961,0.33348098014369,0.33326061250224,0.33325840735407,FLOAT
"anisotropic_(0.01,1,100)",0.01,1,100,0.666670570518648,0.333489780277407,0.333256278197917,0.333253941524675,FLOAT
"anisotropic_(0.01,1,100)",0.01,1,100,0.666670803361388,0.333499104532871,0.333251685755111,0.333249209712018,FLOAT
"anisotropic_(0.01,1,100)",0.01,1,100,0.666671050091883,0.333508984078198,0.333246819823713,0.333244196098089,FLOAT
"anisotropic_(0.01,1,100)",0.01,1,100,0.66667131153846,0.333519451929134,0.333241664143757,0.333238883927109,FLOAT
"anisotropic_(0.01,1,100)",0.01,1,100,0.666671588578849,0.333530543057874,0.333236201491837,0.333233255450289,FLOAT
"anisotropic_(0.01,1,100)",0.01,1,100,0.666671882143135,0.333542294508184,0.333230413624431,0.333227291867385,FLOAT
"anisotropic_(0.01,1,100)",0.01,1,100,0.666672193216873,0.333554745517198,0.333224281217936,0.333220973264866,FLOAT
"anisotropic_(0.01,1,100)",0.01,1,100,0.666672522844405,0.3335679376443,0.333217783805215,0.333214278550484,FLOAT
"anisotropic_(0.01,1,100)",0.01,1,100,0.666672872132358,0.333581914907414,0.333210899708509,0.333207185384077,FLOAT
"anisotropic_(0.01,1,100)",0.01,1,100,0.666673242253367,0.333596723927151,0.333203605968464,0.333199670104385,FLOAT
"anisotropic_(0.01,1,100)",0.01,1,100,0.666673634450005,0.333612414079304,0.333195878269073,0.333191707651623,FLOAT
"anisotropic_(0.01,1,100)",0.01,1,100,0.66667405003896,0.333629037656046,0.333187690858317,0.333183271485637,FLOAT
"anisotropic_(0.01,1,100)",0.01,1,100,0.66667449041545,0.33364665003637,0.333179016464275,0.333174333499354,FLOAT
"anisotropic_(0.01,1,100)",0.01,1,100,0.666674957057912,0.333665309866311,0.333169826206411,0.333164863927278,FLOAT
"anisotropic_(0.01,1,100)",0.01,1,100,0.666675451532965,0.333685079249426,0.333160089501817,0.333154831248757,FLOAT
"anisotropic_(0.01,1,100)",0.01,1,100,0.666675975500663,0.333706023948012,0.333149773966187,0.333144202085802,FLOAT
"anisotropic_(0.01,1,100)",0.01,1,100,0.666676530720078,0.333728213595903,0.333138845309075,0.333132941095022,FLOAT
"anisotropic_(0.01,1,100)",0.01,1,100,0.666677119055197,0.333751721923126,0.333127267223347,0.333121010853527,FLOAT
"anisotropic_(0.01,1,100)",0.01,1,100,0.666677742481186,0.333776626993297,0.333115001268345,0.333108371738358,FLOAT
"anisotropic_(0.01,1,100)",0.01,1,100,0.666678403091018,0.333803011454292,0.333102006746544,0.333094981799164,FLOAT
"anisotropic_(0.01,1,100)",0.01,1,100,0.666679103102497,0.333830962802946,0.3330882405733,0.333080796623754,FLOAT
"anisotropic_(0.01,1,100)",0.01,1,100,0.666679844865711,0.333860573664443,0.333073657139387,0.33306576919617,FLOAT
"anisotropic_(0.01,1,100)",0.01,1,100,0.666680630870915,0.333891942087375,0.333058208165831,0.333049849746794,FLOAT
"anisotropic_(0.01,1,100)",0.01,1,100,0.666681463756893,0.333925171854692,0.33304184255093,0.333032985594378,FLOAT
"anisotropic_(0.01,1,100)",0.01,1,100,0.666682346319819,0.333960372812107,0.333024506208709,0.333015120979184,FLOAT
"anisotropic_(0.01,1,100)",0.01,1,100,0.666683281522644,0.33399766121423,0.333006141898661,0.332996196887109,FLOAT
"anisotropic_(0.01,1,100)",0.01,1,100,0.666684272505039,0.334037160089523,0.332986689046246,0.332976150864231,FLOAT
"anisotropic_(0.01,1,100)",0.01,1,100,0.666685322593942,0.334078999624959,0.332966083553715,0.332954916821326,FLOAT
"anisotropic_(0.01,1,100)",0.01,1,100,0.666686435314721,0.334123317571271,0.332944257600831,0.332932424827898,FLOAT
"anisotropic_(0.01,1,100)",0.01,1,100,0.666687614403016,0.334170259669829,0.332921139434972,0.332908600895199,FLOAT
"anisotropic_(0.01,1,100)",0.01,1,100,0.666688863817274,0.334219980101986,0.332896653150206,0.332883366747809,FLOAT
"anisotropic_(0.01,1,100)",0.01,1,100,0.666690187752041,0.334272641962056,0.332870718454784,0.33285663958316,FLOAT
"anisotropic_(0.01,1,100)",0.01,1,100,0.666691590652045,0.334328417754831,0.332843250426595,0.332828331818574,FLOAT
"anisotropic_(0.01,1,100)",0.01,1,100,0.666693077227118,0.334387489918705,0.332814159256065,0.33279835082523,FLOAT
"anisotropic_(0.01,1,100)",0.01,1,100,0.666694652468004,0.33445005137548,0.332783349975988,0.332766598648532,FLOAT
"anisotropic_(0.01,1,100)",0.01,1,100,0.66669632166312,0.334516306107919,0.332750722177757,0.332732971714323,FLOAT
"anisotropic_(0.01,1,100)",0.01,1,100,0.666698090416304,0.334586469766059,0.332716169713527,0.332697360520414,FLOAT
"anisotropic_(0.01,1,100)",0.01,1,100,0.666699964665634,0.334660770303413,0.33267958038373,0.332659649312857,FLOAT
"anisotropic_(0.01,1,100)",0.01,1,100,0.66670195070336,0.334739448644092,0.332640835609485,0.332619715746423,FLOAT
"anisotropic_(0.01,1,100)",0.01,1,100,0.666704055197027,0.334822759381821,0.332599810089401,0.332577430528778,FLOAT
"anisotropic_(0.01,1,100)",0.01,1,100,0.666706285211866,0.334910971511961,0.332556371440259,0.332532657047779,FLOAT
"anisotropic_(0.01,1,100)",0.01,1,100,0.666708648234505,0.335004369197478,0.332510379821123,0.3324852509814,FLOAT
"anisotropic_(0.01,1,100)",0.01,1,100,0.666711152198109,0.335103252569674,0.332461687540474,0.332435059889852,FLOAT
"anisotropic_(0.01,1,100)",0.01,1,100,0.666713805509012,0.335207938564651,0.33241013864595,0.332381922789399,FLOAT
"anisotropic_(0.01,1,100)",0.01,1,100,0.666716617074936,0.335318761796293,0.332355568496272,0.332325669707434,FLOAT
"anisotropic_(0.01,1,100)",0.01,1,100,0.6667195963349,0.335436075466351,0.332297803315142,0.332266121218507,FLOAT
"anisotropic_(0.01,1,100)",0.01,1,100,0.666722753290909,0.335560252312183,0.332236659726823,0.332203087960994,FLOAT
"anisotropic_(0.01,1,100)",0.01,1,100,0.666726098541527,0.335691685592706,0.33217194427319,0.332136370134104,FLOAT
"anisotropic_(0.01,1,100)",0.01,1,100,0.666729643317467,0.335830790112706,0.332103452912186,0.332065756975108,FLOAT
"anisotropic_(0.01,1,100)",0.01,1,100,0.666733399519287,0.335978003285532,0.332030970497713,0.331991026216755,FLOAT
"anisotropic_(0.01,1,100)",0.01,1,100,0.666737379757347,0.336133786234149,0.331954270241011,0.331911943524839,FLOAT
"anisotropic_(0.01,1,100)",0.01,1,100,0.666741597394146,0.336298624930049,0.331873113153814,0.331828261916138,FLOAT
"anisotropic_(0.01,1,100)",0.01,1,100,0.666746066589179,0.336473031369373,0.331787247473628,0.331739721156999,FLOAT
"anisotropic_(0.01,1,100)",0.01,1,100,0.666750802346474,0.3366575447852,0.331696408071734,0.331646047143066,FLOAT
"anisotropic_(0.01,1,100)",0.01,1,100,0.666755820564966,0.336852732894645,0.331600315844593,0.331546951260761,FLOAT
"anisotropic_(0.01,1,100)",0.01,1,100,0.666761138091871,0.337059193178997,0.331498677089629,0.331442129731374,FLOAT
"anisotropic_(0.01,1,100)",0.01,1,100,0.666766772779247,0.3372775541946,0.331391182866547,0.331331262938852,FLOAT
"anisotropic_(0.01,1,100)",0.01,1,100,0.666772743543927,0.337508476911772,0.331277508345635,0.331214014742593,FLOAT
"anisotropic_(0.01,1,100)",0.01,1,100,0.666779070431024,0.337752656078458,0.331157312144706,0.331090031776837,FLOAT
"anisotropic_(0.01,1,100)",0.01,1,100,0.666785774681232,0.338010821604661,0.331030235656762,0.330958942738577,FLOAT
"anisotropic_(0.01,1,100)",0.01,1,100,0.666792878802131,0.338283739963088,0.330895902370696,0.330820357666216,FLOAT
"anisotropic_(0.01,1,100)",0.01,1,100,0.66680040664375,0.3385722156007,0.330753917187744,0.330673867211556,FLOAT
"anisotropic_(0.01,1,100)",0.01,1,100,0.666808383478639,0.338877092355019,0.330603865736852,0.330519041908128,FLOAT
"anisotropic_(0.01,1,100)",0.01,1,100,0.666816836086713,0.339199254868283,0.330445313692455,0.330355431439262,FLOAT
"anisotropic_(0.01,1,100)",0.01,1,100,0.666825792845157,0.339539629991485,0.330277806098733,0.330182563909782,FLOAT
"anisotropic_(0.01,1,100)",0.01,1,100,0.666835283823696,0.339899188169577,0.330100866704773,0.32999994512565,FLOAT
"anisotropic_(0.01,1,100)",0.01,1,100,0.666845340885544,0.340278944797879,0.329913997315697,0.329807057886424,FLOAT
"anisotropic_(0.01,1,100)",0.01,1,100,0.666855997794376,0.340679961538736,0.329716677165305,0.329603361295959,FLOAT
"anisotropic_(0.01,1,100)",0.01,1,100,0.666867290327678,0.341103347586439,0.329508362316312,0.329388290097249,FLOAT
"anisotropic_(0.01,1,100)",0.01,1,100,0.666879256396864,0.341550260867088,0.32928848509492,0.329161254037993,FLOAT
"anisotropic_(0.01,1,100)",0.01,1,100,0.666891936174548,0.342021909158982,0.329056453567015,0.328921637274003,FLOAT
"anisotropic_(0.01,1,100)",0.01,1,100,0.666905372229415,0.342519551117979,0.328811651063859,0.328668797818162,FLOAT
"anisotropic_(0.01,1,100)",0.01,1,100,0.666919609669129,0.34304449719088,0.328553435765832,0.328402067043289,FLOAT
"anisotropic_(0.01,1,100)",0.01,1,100,0.666934696291775,0.343598110398882,0.328281140353284,0.328120749247835,FLOAT
"anisotropic_(0.01,1,100)",0.01,1,100,0.666950682746323,0.344181806971911,0.327994071734199,0.32782412129389,FLOAT
"anisotropic_(0.01,1,100)",0.01,1,100,0.666967622702667,0.344797056813481,0.327691510858913,0.327511432327606,FLOAT
"anisotropic_(0.01,1,100)",0.01,1,100,0.666985573031808,0.345445383774976,0.327372712632532,0.327181903592492,FLOAT
"anisotropic_(0.01,1,100)",0.01,1,100,0.667004593996783,0.346128365716928,0.327036905936359,0.326834728346713,FLOAT
"anisotropic_(0.01,1,100)",0.01,1,100,0.667024749454976,0.346847634334695,0.326683293769691,0.326469071895614,FLOAT
"anisotropic_(0.01,1,100)",0.01,1,100,0.667046107072505,0.347604874724791,0.326311053523956,0.326084071751253,FLOAT
"anisotropic_(0.01,1,100)",0.01,1,100,0.667068738551391,0.348401824668296,0.325919337401034,0.32567883793067,FLOAT
"anisotropic_(0.01,1,100)",0.01,1,100,0.667092719870275,0.349240273607357,0.325507272987842,0.325252453404801,FLOAT
"anisotropic_(0.01,1,100)",0.01,1,100,0.667118131539495,0.350122061291197,0.325073963999015,0.324803974709788,FLOAT
"anisotropic_(0.01,1,100)",0.01,1,100,0.667145058871377,0.351049076068551,0.324618491199297,0.324332432732153,FLOAT
"anisotropic_(0.01,1,100)",0.01,1,100,0.667173592266644,0.352023252804358,0.324139913516749,0.323836833678893,FLOAT
"anisotropic_(0.01,1,100)",0.01,1,100,0.667203827517915,0.353046570400029,0.323637269357171,0.323316160242799,FLOAT
"anisotropic_(0.01,1,100)",0.01,1,100,0.667235866131295,0.354121048898137,0.323109578129306,0.322769372972557,FLOAT
"anisotropic_(0.01,1,100)",0.01,1,100,0.667269815667157,0.355248746154938,0.322555841989147,0.322195411855915,FLOAT
"anisotropic_(0.01,1,100)",0.01,1,100,0.667305790101244,0.356431754066668,0.32197504781036,0.321593198122972,FLOAT
"anisotropic_(0.01,1,100)",0.01,1,100,0.667343910207308,0.357672194338885,0.321366169386158,0.320961636274958,FLOAT
"anisotropic_(0.01,1,100)",0.01,1,100,0.667384303962572,0.358972213791961,0.320728169866012,0.320299616342027,FLOAT
"anisotropic_(0.01,1,100)",0.01,1,100,0.667427106977381,0.360333979199617,0.320060004428733,0.31960601637165,FLOAT
"anisotropic_(0.01,1,100)",0.01,1,100,0.66747246295047,0.361759671662842,0.319360623190609,0.31887970514655,FLOAT
"anisotropic_(0.01,1,100)",0.01,1,100,0.667520524151393,0.363251480525974,0.318628974345137,0.318119545128889,FLOAT
"anisotropic_(0.01,1,100)",0.01,1,100,0.667571451931725,0.364811596847391,0.317864007527991,0.317324395624618,FLOAT
"anisotropic_(0.01,1,100)",0.01,1,100,0.667625417266748,0.366442206443173,0.317064677397876,0.316493116158951,FLOAT
"anisotropic_(0.01,1,100)",0.01,1,100,0.66768260132946,0.36814548252796,0.316229947420989,0.315624570051052,FLOAT
"anisotropic_(0.01,1,100)",0.01,1,100,0.667743196098802,0.369923577983186,0.315358793843787,0.314717628173027,FLOAT
"anisotropic_(0.01,1,100)",0.01,1,100,0.667807405004176,0.371778617289311,0.314450209835539,0.31377117287515,FLOAT
"anisotropic_(0.01,1,100)",0.01,1,100,0.667875443608401,0.373712688164249,0.313503209779297,0.312784102056454,FLOAT
"anisotropic_(0.01,1,100)",0.01,1,100,0.667947540331402,0.37572783295624,0.312516833686902,0.311755333356859,FLOAT
"anisotropic_(0.01,1,100)",0.01,1,100,0.668023937217061,0.377826039844544,0.311490151711043,0.310683808444413,FLOAT
"anisotropic_(0.01,1,100)",0.01,1,100,0.668104890745814,0.380009233906352,0.31042226872487,0.309568497368777,FLOAT
"anisotropic_(0.01,1,100)",0.01,1,100,0.668190672695706,0.382279268112433,0.309312328937557,0.30840840295001,FLOAT
"anisotropic_(0.01,1,100)",0.01,1,100,0.66828157105481,0.38463791431746,0.308159520512517,0.307202565170023,FLOAT
"anisotropic_(0.01,1,100)",0.01,1,100,0.668377890988062,0.387086854313709,0.306963080153563,0.305950065532727,FLOAT
"anisotropic_(0.01,1,100)",0.01,1,100,0.668479955861763,0.389627671018333,0.305722297623549,0.304650031358117,FLOAT
"anisotropic_(0.01,1,100)",0.01,1,100,0.668588108329191,0.392261839865221,0.304436520159609,0.30330163997517,FLOAT
"anisotropic_(0.01,1,100)",0.01,1,100,0.668702711480957,0.394990720471923,0.303105156749379,0.301904122778698,FLOAT
"anisotropic_(0.01,1,100)",0.01,1,100,0.668824150063978,0.397815548650855,0.301727682233217,0.300456769115928,FLOAT
"anisotropic_(0.01,1,100)",0.01,1,100,0.668952831773153,0.400737428831327,0.300303641198752,0.298958929969921,FLOAT
"anisotropic_(0.01,1,100)",0.01,1,100,0.669089188620082,0.403757326955547,0.29883265163582,0.297410021408633,FLOAT
"anisotropic_(0.01,1,100)",0.01,1,100,0.669233678383419,0.406876063907338,0.297314408322019,0.295809527770643,FLOAT
"anisotropic_(0.01,1,100)",0.01,1,100,0.669386786145729,0.410094309526898,0.29574868591186,0.294157004561242,FLOAT
"anisotropic_(0.01,1,100)",0.01,1,100,0.669549025922018,0.413412577259083,0.294135341705373,0.292452081035543,FLOAT
"anisotropic_(0.01,1,100)",0.01,1,100,0.669720942385384,0.416831219475833,0.292474318075517,0.290694462448651,FLOAT
"anisotropic_(0.01,1,100)",0.01,1,100,0.669903112695601,0.420350423506553,0.290765644537083,0.288883931956363,FLOAT
"anisotropic_(0.01,1,100)",0.01,1,100,0.670096148436769,0.42397020840258,0.289009439443701,0.287020352153719,FLOAT
"anisotropic_(0.01,1,100)",0.01,1,100,0.670300697670525,0.427690422454519,0.28720591130314,0.285103666242342,FLOAT
"anisotropic_(0.01,1,100)",0.01,1,100,0.670517447111728,0.431510741473323,0.285355359705129,0.283133898821549,FLOAT
"anisotropic_(0.01,1,100)",0.01,1,100,0.670747124433902,0.435430667839301,0.283458175859244,0.281111156301456,FLOAT
"anisotropic_(0.01,1,100)",0.01,1,100,0.67099050071219,0.439449530314763,0.281514842744559,0.279035626940679,FLOAT
"anisotropic_(0.01,1,100)",0.01,1,100,0.671248393012015,0.443566484610594,0.279525934875582,0.276907580513824,FLOAT
"anisotropic_(0.01,1,100)",0.01,1,100,0.671521667132144,0.447780514689841,0.277492117692485,0.274727367617674,FLOAT
"anisotropic_(0.01,1,100)",0.01,1,100,0.671811240511352,0.452090434785885,0.275414146586412,0.272495418627703,FLOAT
"anisotropic_(0.01,1,100)",0.01,1,100,0.67211808530846,0.456494892107686,0.273292865573144,0.27021224231917,FLOAT
"anisotropic_(0.01,1,100)",0.01,1,100,0.672443231666078,0.460992370200039,0.271129205630669,0.267878424169292,FLOAT
"anisotropic_(0.01,1,100)",0.01,1,100,0.672787771169006,0.465581192922971,0.268924182718039,0.265494624358989,FLOAT
"anisotropic_(0.01,1,100)",0.01,1,100,0.673152860508921,0.470259529011357,0.26667889549439,0.263061575494253,FLOAT
"anisotropic_(0.01,1,100)",0.01,1,100,0.673539725367628,0.475025397173235,0.264394522758254,0.260580080068511,FLOAT
"anisotropic_(0.01,1,100)",0.01,1,100,0.673949664531935,0.479876671683814,0.262072320627963,0.258051007688223,FLOAT
"anisotropic_(0.01,1,100)",0.01,1,100,0.674384054253956,0.484811088430419,0.259713619484774,0.255475292084807,FLOAT
"anisotropic_(0.01,1,100)",0.01,1,100,0.674844352871474,0.489826251363595,0.25731982070026,0.252853927936146,FLOAT
"anisotropic_(0.01,1,100)",0.01,1,100,0.675332105703892,0.494919639308963,0.254892393169774,0.250187967521263,FLOAT
"anisotropic_(0.01,1,100)",0.01,1,100,0.675848950240194,0.500088613094939,0.252432869673441,0.24747851723162,FLOAT
"anisotropic_(0.01,1,100)",0.01,1,100,0.676396621636343,0.505330422952048,0.249942843085722,0.24472673396223,FLOAT
"anisotropic_(0.01,1,100)",0.01,1,100,0.676976958540561,0.510642216140581,0.247423962454035,0.241933821405384,FLOAT
"anisotropic_(0.01,1,100)",0.01,1,100,0.677591909266059,0.516021044764639,0.244877928966118,0.239101026269243,FLOAT
"anisotropic_(0.01,1,100)",0.01,1,100,0.67824353833194,0.521463873732081,0.242306491825032,0.236229634442886,FLOAT
"anisotropic_(0.01,1,100)",0.01,1,100,0.678934033394218,0.526967588821651,0.239711444049701,0.233320967128648,FLOAT
"anisotropic_(0.01,1,100)",0.01,1,100,0.679665712590243,0.532529004820343,0.237094618217887,0.230376376961771,FLOAT
"anisotropic_(0.01,1,100)",0.01,1,100,0.680441032321174,0.53814487369607,0.234457882167426,0.227397244136504,FLOAT
"anisotropic_(0.01,1,100)",0.01,1,100,0.681262595498641,0.543811892772725,0.231803134670422,0.224384972556853,FLOAT
"anisotropic_(0.01,1,100)",0.01,1,100,0.68213316028326,0.549526712876911,0.229132301093919,0.22134098602917,FLOAT
"anisotropic_(0.01,1,100)",0.01,1,100,0.683055649344363,0.555285946427802,0.22644732905943,0.218266724512768,FLOAT
"anisotropic_(0.01,1,100)",0.01,1,100,0.684033159672015,0.561086175443789,0.223750184112518,0.215163640443693,FLOAT
"anisotropic_(0.01,1,100)",0.01,1,100,0.68506897297426,0.56692395944259,0.221042845412152,0.212033195145258,FLOAT
"anisotropic_(0.01,1,100)",0.01,1,100,0.686166566694507,0.572795843212708,0.218327301448819,0.208876855338473,FLOAT
"anisotropic_(0.01,1,100)",0.01,1,100,0.687329625686041,0.578698364438477,0.215605545798433,0.205696089763091,FLOAT
"anisotropic_(0.01,1,100)",0.01,1,100,0.68856205458285,0.584628061162504,0.212879572918206,0.20249236591929,FLOAT
"anisotropic_(0.01,1,100)",0.01,1,100,0.689867990908302,0.590581479073103,0.210151373989052,0.199267146937845,FLOAT
"anisotropic_(0.01,1,100)",0.01,1,100,0.691251818965688,0.596555178607562,0.207422932807602,0.196021888584836,FLOAT
"anisotropic_(0.01,1,100)",0.01,1,100,0.692718184557244,0.602545741866123,0.204696221729323,0.192758036404554,FLOAT
"anisotropic_(0.01,1,100)",0.01,1,100,0.694272010581095,0.608549779335734,0.20197319766255,0.189477023001716,FLOAT
"anisotropic_(0.01,1,100)",0.01,1,100,0.695918513558455,0.614563936427963,0.199255798111219,0.186180265460818,FLOAT
"anisotropic_(0.01,1,100)",0.01,1,100,0.697663221146592,0.620584899841119,0.196545937262081,0.1828691628968,FLOAT
"anisotropic_(0.01,1,100)",0.01,1,100,0.699511990696333,0.626609403763679,0.193845502109687,0.179545094126634,FLOAT
"anisotropic_(0.01,1,100)",0.01,1,100,0.701471028916427,0.632634235944232,0.191156348609728,0.176209415446041,FLOAT
"anisotropic_(0.01,1,100)",0.01,1,100,0.703546912710775,0.638656243662947,0.188480297848103,0.172863458488949,FLOAT
"anisotropic_(0.01,1,100)",0.01,1,100,0.705746611258478,0.644672339651347,0.185819132209366,0.169508528139287,FLOAT
"anisotropic_(0.01,1,100)",0.01,1,100,0.708077509410841,0.650679508021511,0.183174591523684,0.166145900454805,FLOAT
"anisotropic_(0.01,1,100)",0.01,1,100,0.710547432483875,0.656674810282938,0.180548369166282,0.16277682055078,FLOAT
"anisotropic_(0.01,1,100)",0.01,1,100,0.713164672529529,0.66265539154748,0.177942108076509,0.159402500376011,FLOAT
"anisotropic_(0.01,1,100)",0.01,1,100,0.715938016173855,0.668618487048351,0.175357396656112,0.156024116295537,FLOAT
"anisotropic_(0.01,1,100)",0.01,1,100,0.718876774115565,0.67456142913313,0.172795764496062,0.152642806370809,FLOAT
"anisotropic_(0.01,1,100)",0.01,1,100,0.721990812384003,0.68048165493183,0.170258677869076,0.149259667199094,FLOAT
"anisotropic_(0.01,1,100)",0.01,1,100,0.725290585461487,0.686376714954136,0.167747534909177,0.145875750136686,FLOAT
"anisotropic_(0.01,1,100)",0.01,1,100,0.728787171381207,0.692244282936657,0.165263660379722,0.142492056683621,FLOAT
"anisotropic_(0.01,1,100)",0.01,1,100,0.732492308918514,0.69808216734819,0.162808299905285,0.139109532746525,FLOAT
"anisotropic_(0.01,1,100)",0.01,1,100,0.736418437000464,0.703888325072898,0.16038261350925,0.135729061417852,FLOAT
"anisotropic_(0.01,1,100)",0.01,1,100,0.740578736465914,0.709660877938906,0.157987668254547,0.132351453806547,FLOAT
"anisotropic_(0.01,1,100)",0.01,1,100,0.744987174316374,0.715398132954932,0.155624429726053,0.128977437319015,FLOAT
"anisotropic_(0.01,1,100)",0.01,1,100,0.749658550606174,0.72109860737873,0.153293752014114,0.125607640607156,FLOAT
"anisotropic_(0.01,1,100)",0.01,1,100,0.754608548129361,0.726761060094676,0.150996365751257,0.122242574154066,FLOAT
"anisotropic_(0.01,1,100)",0.01,1,100,0.759853785070145,0.732384531262624,0.148732863606429,0.118882605130947,FLOAT
"anisotropic_(0.01,1,100)",0.01,1,100,0.765411870793641,0.737968392871465,0.146503682436736,0.115527924691799,FLOAT
"anisotropic_(0.01,1,100)",0.01,1,100,0.771301464964215,0.743512413777461,0.144309081007306,0.112178505215233,FLOAT
"anisotropic_(0.01,1,100)",0.01,1,100,0.777542340189913,0.749016844156112,0.142149111778468,0.10883404406542,FLOAT
"anisotropic_(0.01,1,100)",0.01,1,100,0.784155448403264,0.75448252625353,0.140023584662041,0.105493889084429,FLOAT
"anisotropic_(0.01,1,100)",0.01,1,100,0.791162991201332,0.759911041209071,0.137932019768834,0.102156939022095,FLOAT
"anisotropic_(0.01,1,100)",0.01,1,100,0.798588494381158,0.765304906056574,0.135873584849987,0.0988215090934394,FLOAT
"anisotropic_(0.01,1,100)",0.01,1,100,0.806456886920807,0.770667841657559,0.133847011116537,0.0954851472259042,FLOAT
"anisotropic_(0.01,1,100)",0.01,1,100,0.814794584671205,0.776005142738139,0.131850477966343,0.0921443792955176,FLOAT
"anisotropic_(0.01,1,100)",0.01,1,100,0.823629579039712,0.781324197939941,0.129881452094169,0.0887943499658903,FLOAT
"anisotropic_(0.01,1,100)",0.01,1,100,0.83299153096317,0.786635235442998,0.127936458144314,0.0854283064126878,FLOAT
"anisotropic_(0.01,1,100)",0.01,1,100,0.842911870485915,0.791952416828644,0.126010743952544,0.0820368392188123,FLOAT
"anisotropic_(0.01,1,100)",0.01,1,100,0.853423902277057,0.797295485020899,0.124097778623179,0.0786067363559221,FLOAT
"anisotropic_(0.01,1,100)",0.01,1,100,0.864562917441269,0.802692325097247,0.122188476309932,0.0751191985928212,FLOAT
"anisotropic_(0.01,1,100)",0.01,1,100,0.876366311998457,0.808183091759754,0.120269951543735,0.0715469566965115,FLOAT
"anisotropic_(0.01,1,100)",0.01,1,100,0.888873712430073,0.813827159251951,0.118323435461743,0.0678494052863061,FLOAT
"anisotropic_(0.01,1,100)",0.01,1,100,0.9,0.818771923410326,0.116639607314274,0.0645884692753992,FLOAT
"anisotropic_(0.01,1,100)",0.01,1,100,0.902127108713561,0.819715464662712,0.116320599312161,0.0639639360251267,FLOAT
"anisotropic_(0.01,1,100)",0.01,1,100,0.912667383761716,0.824414303715446,0.114742907004013,0.060842789280541,FLOAT
"anisotropic_(0.01,1,100)",0.01,1,100,0.916170995291558,0.825993942181503,0.114216627529821,0.0597894302886763,FLOAT
"anisotropic_(0.01,1,100)",0.01,1,100,0.923730141409766,0.829456003723101,0.113070399668638,0.0574735966082614,FLOAT
"anisotropic_(0.01,1,100)",0.01,1,100,0.931052520449102,0.832912030913169,0.111936003220267,0.0551519658665643,FLOAT
"anisotropic_(0.01,1,100)",0.01,1,100,0.933391537091908,0.834044555077074,0.111566391591526,0.0543890533314004,FLOAT
"anisotropic_(0.01,1,100)",0.01,1,100,0.941829086706256,0.838283383429457,0.110192223122919,0.051524393447624,FLOAT
"anisotropic_(0.01,1,100)",0.01,1,100,0.946821644600358,0.840935654423626,0.109339704523619,0.0497246410527546,FLOAT
"anisotropic_(0.01,1,100)",0.01,1,100,0.94919781953087,0.842245423406858,0.108920748406499,0.0488338281866435,FLOAT
"anisotropic_(0.01,1,100)",0.01,1,100,0.955633126690214,0.845981970943033,0.107732811450682,0.0462852176062852,FLOAT
"anisotropic_(0.01,1,100)",0.01,1,100,0.961253248795439,0.849528696012057,0.106614898870388,0.0438564051175551,FLOAT
"anisotropic_(0.01,1,100)",0.01,1,100,0.963531308016255,0.851060640779568,0.10613484046845,0.0428045187519829,FLOAT
"anisotropic_(0.01,1,100)",0.01,1,100,0.966161448465718,0.852909888836577,0.105557517757204,0.0415325934062197,FLOAT
"anisotropic_(0.01,1,100)",0.01,1,100,0.970447907647971,0.85614155932072,0.104554040439194,0.0393044002400859,FLOAT
"anisotropic_(0.01,1,100)",0.01,1,100,0.974191384595819,0.859233758031996,0.10359986347329,0.0371663784947144,FLOAT
"anisotropic_(0.01,1,100)",0.01,1,100,0.977460660952652,0.862192343805783,0.102691787550806,0.0351158686434106,FLOAT
"anisotropic_(0.01,1,100)",0.01,1,100,0.980315805527134,0.86502034016339,0.101827558997451,0.033152100839159,FLOAT
"anisotropic_(0.01,1,100)",0.01,1,100,0.981237608556118,0.865990695891649,0.10153172468709,0.0324775794212611,FLOAT
"anisotropic_(0.01,1,100)",0.01,1,100,0.982809277981414,0.867718974481976,0.101005533304107,0.031275492213917,FLOAT
"anisotropic_(0.01,1,100)",0.01,1,100,0.984986892710918,0.870288465695433,0.100224432773459,0.0294871015311079,FLOAT
"anisotropic_(0.01,1,100)",0.01,1,100,0.986888660625784,0.872728609725906,0.0994831774100075,0.0277882128640862,FLOAT
"anisotropic_(0.01,1,100)",0.01,1,100,0.988549524300617,0.87503920176514,0.0987807726352837,0.0261800255995767,FLOAT
"anisotropic_(0.01,1,100)",0.01,1,100,0.99,0.877220327922751,0.0981162404294018,0.0246634316478471,FLOAT
"anisotropic_(0.01,1,100)",0.01,1,100,0.991266738376172,0.879272553892856,0.0974885827256208,0.0232388633815232,FLOAT
"anisotropic_(0.01,1,100)",0.01,1,100,0.992373014140977,0.881197034218825,0.0968967676615822,0.0219061981195932,FLOAT
"anisotropic_(0.01,1,100)",0.01,1,100,0.993339153709191,0.882995562008423,0.09633973080248,0.0206647071890973,FLOAT
"anisotropic_(0.01,1,100)",0.01,1,100,0.994182908670626,0.884670575407197,0.0958163848019829,0.01951303979082,FLOAT
"anisotropic_(0.01,1,100)",0.01,1,100,0.994919781953087,0.886225133777973,0.0953256322302125,0.0184492339918142,FLOAT
"anisotropic_(0.01,1,100)",0.01,1,100,0.995563312669021,0.88766287343758,0.094866377530645,0.0174707490317753,FLOAT
"anisotropic_(0.01,1,100)",0.01,1,100,0.996125324879544,0.888987950078673,0.0944375353083926,0.016574514612934,FLOAT
"anisotropic_(0.01,1,100)",0.01,1,100,0.996616144846572,0.890204972757612,0.0940380334048868,0.0157569938375013,FLOAT
"anisotropic_(0.01,1,100)",0.01,1,100,0.997044790764797,0.891318932635436,0.0936668104361728,0.0150142569283907,FLOAT
"anisotropic_(0.01,1,100)",0.01,1,100,0.997419138459582,0.892335128538752,0.0933228085714982,0.0143420628897501,FLOAT
"anisotropic_(0.01,1,100)",0.01,1,100,0.997746066095265,0.89325909081981,0.0930049631853881,0.0137359459948019,FLOAT
"anisotropic_(0.01,1,100)",0.01,1,100,0.998031580552713,0.894096504830676,0.0927121915148379,0.0131913036544856,FLOAT
"anisotropic_(0.01,1,100)",0.01,1,100,0.998280927798141,0.894853135430193,0.0924433825329238,0.012703482036883,FLOAT
"anisotropic_(0.01,1,100)",0.01,1,100,0.998498689271092,0.895534754141395,0.0921973899276829,0.0122678559309224,FLOAT
"anisotropic_(0.01,1,100)",0.01,1,100,0.998688866062578,0.896147070716543,0.0919730294491897,0.0118798998342669,FLOAT
"anisotropic_(0.01,1,100)",0.01,1,100,0.998854952430062,0.896695670849296,0.0917690811177871,0.0115352480329171,FLOAT
"anisotropic_(0.01,1,100)",0.01,1,100,0.999,0.897185961558769,0.0915842960364379,0.0112297424047934,FLOAT
"anisotropic_(0.01,1,100)",0.01,1,100,0.999126673837617,0.897623125383907,0.0914174069569614,0.0109594676591312,FLOAT
"anisotropic_(0.01,1,100)",0.01,1,100,0.999237301414098,0.898012084031103,0.0912671413881453,0.0107207745807517,FLOAT
"anisotropic_(0.01,1,100)",0.01,1,100,0.999333915370919,0.898357471592311,0.0911322359148514,0.010510292492838,FLOAT
"anisotropic_(0.01,1,100)",0.01,1,100,0.999418290867063,0.898663616966538,0.0910114504825571,0.0103249325509052,FLOAT
"anisotropic_(0.01,1,100)",0.01,1,100,0.999491978195309,0.898934534725579,0.0909035816255211,0.0101618836488997,FLOAT
"anisotropic_(0.01,1,100)",0.01,1,100,0.999556331266902,0.899173923390979,0.090807473908244,0.0100186027007766,FLOAT
"anisotropic_(0.01,1,100)",0.01,1,100,0.999612532487954,0.899385169936433,0.0907220291493601,0.00989280091420674,FLOAT
"anisotropic_(0.01,1,100)",0.01,1,100,0.999661614484657,0.899571359284737,0.0906462132631308,0.00978242745213269,FLOAT
"anisotropic_(0.01,1,100)",0.01,1,100,0.99970447907648,0.899735287608458,0.0905790607639959,0.00968565162754633,FLOAT
"anisotropic_(0.01,1,100)",0.01,1,100,0.999741913845958,0.89987947834325,0.0905196771276092,0.00960084452914049,FLOAT
"anisotropic_(0.01,1,100)",0.01,1,100,0.999774606609527,0.900006199958362,0.0904672392914661,0.00952656075017173,FLOAT
"anisotropic_(0.01,1,100)",0.01,1,100,0.999803158055271,0.900117484680395,0.0904209946196494,0.00946152069995575,FLOAT
"anisotropic_(0.01,1,100)",0.01,1,100,0.999828092779814,0.900215147518916,0.0903802586613397,0.00940459381974435,FLOAT
"anisotropic_(0.01,1,100)",0.01,1,100,0.999849868927109,0.900300805085826,0.0903444120132701,0.00935478290090354,FLOAT
"anisotropic_(0.01,1,100)",0.01,1,100,0.999868886606258,0.900375893828434,0.0903128965621503,0.00931120960941594,FLOAT
"anisotropic_(0.01,1,100)",0.01,1,100,0.999885495243006,0.900441687406084,0.0902852113419219,0.00927310125199442,FLOAT
"anisotropic_(0.01,1,100)",0.01,1,100,0.9999,0.900499313031395,0.0902609081980207,0.00923977877058401,FLOAT
"anisotropic_(0.01,1,100)",0.01,1,100,0.999912667383762,0.900549766670449,0.0902395874101968,0.00921064591935472,FLOAT
"anisotropic_(0.01,1,100)",0.01,1,100,0.99992373014141,0.900593927053523,0.0902208933889089,0.00918517955756798,FLOAT
"anisotropic_(0.01,1,100)",0.01,1,100,0.999933391537092,0.900632568491306,0.0902045105288761,0.00916292097981832,FLOAT
"anisotropic_(0.01,1,100)",0.01,1,100,0.999941829086706,0.900666372523109,0.0901901592772292,0.00914346819966144,FLOAT
"anisotropic_(0.01,1,100)",0.01,1,100,0.999949197819531,0.900695938445799,0.0901775924526435,0.00912646910155713,FLOAT
"anisotropic_(0.01,1,100)",0.01,1,100,0.99995563312669,0.900721792786656,0.0901665918353157,0.00911161537802834,FLOAT
"anisotropic_(0.01,1,100)",0.01,1,100,0.999961253248795,0.900744397792137,0.0901569650350808,0.00909863717278189,FLOAT
"anisotropic_(0.01,1,100)",0.01,1,100,0.999966161448466,0.90076415900872,0.0901485426356844,0.00908729835559602,FLOAT
"anisotropic_(0.01,1,100)",0.01,1,100,0.999970447907648,0.900781432032966,0.0901411756066309,0.00907739236040352,FLOAT
"anisotropic_(0.01,1,100)",0.01,1,100,0.999974191384596,0.900796528506565,0.0901347329695648,0.00906873852386975,FLOAT
"anisotropic_(0.01,1,100)",0.01,1,100,0.999977460660953,0.900809721429107,0.0901290997033222,0.00906117886757074,FLOAT
"anisotropic_(0.01,1,100)",0.01,1,100,0.999980315805527,0.900821249857264,0.090124174870247,0.00905457527248957,FLOAT
"anisotropic_(0.01,1,100)",0.01,1,100,0.999982809277981,0.900831323054384,0.0901198699457585,0.00904880699985796,FLOAT
"anisotropic_(0.01,1,100)",0.01,1,100,0.999984986892711,0.900840124149555,0.0901161073331919,0.00904376851725299,FLOAT
"anisotropic_(0.01,1,100)",0.01,1,100,0.999986888660626,0.90084781336009,0.090112819046491,0.00903936759341936,FLOAT
"anisotropic_(0.01,1,100)",0.01,1,100,0.999988549524301,0.900854530826466,0.0901099455441589,0.00903552362937499,FLOAT
"anisotropic_(0.01,1,100)",0.01,1,100,0.99999,0.900860399103997,0.0901074346989195,0.00903216619708397,FLOAT
"anisotropic_(0.01,1,100)",0.01,1,100,0.999991266738376,0.900865525350992,0.0901052408886778,0.0090292337603296,FLOAT
"anisotropic_(0.01,1,100)",0.01,1,100,0.999992373014141,0.900870003249034,0.0901033241955652,0.00902667255540037,FLOAT
"anisotropic_(0.01,1,100)",0.01,1,100,0.999993339153709,0.900873914687088,0.0901016497010231,0.00902443561188884,FLOAT
"anisotropic_(0.01,1,100)",0.01,1,100,0.999994182908671,0.900877331237735,0.0901001868660281,0.00902248189623699,FLOAT
"anisotropic_(0.01,1,100)",0.01,1,100,0.999994919781953,0.900880315450544,0.090098908986647,0.00902077556280859,FLOAT
"anisotropic_(0.01,1,100)",0.01,1,100,0.999995563312669,0.900882921984793,0.0900977927161242,0.00901928529908246,FLOAT
"anisotropic_(0.01,1,100)",0.01,1,100,0.99999612532488,0.900885198601122,0.0900968176456466,0.00901798375323151,FLOAT
"anisotropic_(0.01,1,100)",0.01,1,100,0.999996616144847,0.900887187029428,0.0900959659367906,0.00901684703378084,FLOAT
"anisotropic_(0.01,1,100)",0.01,1,100,0.999997044790765,0.900888923728236,0.090095221999442,0.00901585427232156,FLOAT
"anisotropic_(0.01,1,100)",0.01,1,100,0.99999741913846,0.900890440548958,0.0900945722096788,0.00901498724136352,FLOAT
"anisotropic_(0.01,1,100)",0.01,1,100,0.999997746066095,0.90089176531683,0.0900940046627602,0.00901423002041023,FLOAT
"anisotropic_(0.01,1,100)",0.01,1,100,0.999998031580553,0.900892922338895,0.0900935089569174,0.00901356870418773,FLOAT
"anisotropic_(0.01,1,100)",0.01,1,100,0.999998280927798,0.900893932848119,0.0900930760041612,0.00901299114772021,FLOAT
"anisotropic_(0.01,1,100)",0.01,1,100,0.999998498689271,0.900894815391607,0.090092697864775,0.00901248674361786,FLOAT
"anisotropic_(0.01,1,100)",0.01,1,100,0.999998688866063,0.900895586169938,0.0900923676025526,0.00901204622750914,FLOAT
"anisotropic_(0.01,1,100)",0.01,1,100,0.99999885495243,0.900896259333712,0.0900920791582146,0.00901166150807363,FLOAT
"anisotropic_(0.01,1,100)",0.01,1,100,0.999999,0.900896847242709,0.0900918272387267,0.0090113255185643,FLOAT
"anisotropic_(0.01,1,100)",0.01,1,100,0.999999126673838,0.900897360692335,0.0900916072205496,0.00901103208711555,FLOAT
"anisotropic_(0.01,1,100)",0.01,1,100,0.999999237301414,0.900897809111485,0.0900914150650642,0.00901077582345073,FLOAT
"anisotropic_(0.01,1,100)",0.01,1,100,0.999999333915371,0.90089820073541,0.0900912472446599,0.0090105520199307,FLOAT
"anisotropic_(0.01,1,100)",0.01,1,100,0.999999418290867,0.900898542756738,0.0900911006781406,0.00901035656512185,FLOAT
"anisotropic_(0.01,1,100)",0.01,1,100,0.999999491978195,0.900898841457419,0.0900909726742788,0.00901018586830168,FLOAT
"anisotropic_(0.01,1,100)",0.01,1,100,0.999999556331267,0.900899102323977,0.0900908608824991,0.00901003679352372,FLOAT
"anisotropic_(0.01,1,100)",0.01,1,100,0.999999612532488,0.90089933014819,0.0900907632497851,0.00900990660202541,FLOAT
"anisotropic_(0.01,1,100)",0.01,1,100,0.999999661614485,0.900899529115035,0.0900906779830348,0.00900979290193017,FLOAT
"anisotropic_(0.01,1,100)",0.01,1,100,0.999999704479076,0.900899702879512,0.0900906035161713,0.00900969360431685,FLOAT
"anisotropic_(0.01,1,100)",0.01,1,100,0.999999741913846,0.900899854633739,0.0900905384814115,0.00900960688484943,FLOAT
"anisotropic_(0.01,1,100)",0.01,1,100,0.999999774606609,0.900899987165564,0.0900904816841677,0.00900953115026847,FLOAT
"anisotropic_(0.01,1,100)",0.01,1,100,0.999999803158055,0.90090010290975,0.0900904320811258,0.00900946500912455,FLOAT
"anisotropic_(0.01,1,100)",0.01,1,100,0.99999982809278,0.900900203992692,0.0900903887610921,0.00900940724621629,FLOAT
"anisotropic_(0.01,1,100)",0.01,1,100,0.999999849868927,0.900900292271464,0.0900903509282688,0.00900935680026722,FLOAT
"anisotropic_(0.01,1,100)",0.01,1,100,0.999999868886606,0.900900369367926,0.0900903178876419,0.0090093127444325,FLOAT
"anisotropic_(0.01,1,100)",0.01,1,100,0.999999885495243,0.900900436698511,0.0900902890322214,0.00900927426926782,FLOAT
"anisotropic_(0.01,1,100)",0.01,1,100,0.9999999,0.900900495500248,0.0900902638318923,0.00900924066785993,FLOAT
"anisotropic_(0.01,1,100)",0.01,1,100,0.999999912667384,0.900900546853476,0.0900902418236828,0.00900921132284149,FLOAT
"anisotropic_(0.01,1,100)",0.01,1,100,0.999999923730141,0.900900591701695,0.0900902226032588,0.00900918569504575,FLOAT
"anisotropic_(0.01,1,100)",0.01,1,100,0.999999933391537,0.900900630868896,0.0900902058175001,0.00900916331360416,FLOAT
"anisotropic_(0.01,1,100)",0.01,1,100,0.999999941829087,0.900900665074696,0.0900901911580119,0.00900914376729199,FLOAT
"anisotropic_(0.01,1,100)",0.01,1,100,0.99999994919782,0.900900694947562,0.0900901783554623,0.00900912669697594,FLOAT
"anisotropic_(0.01,1,100)",0.01,1,100,0.999999955633127,0.900900721036351,0.0900901671746344,0.00900911178901457,FLOAT
"anisotropic_(0.01,1,100)",0.01,1,100,0.999999961253249,0.9009007438204,0.0900901574101046,0.00900909876949585,FLOAT
"anisotropic_(0.01,1,100)",0.01,1,100,0.999999966161448,0.900900763718325,0.0900901488824698,0.00900908739920527,FLOAT
"anisotropic_(0.01,1,100)",0.01,1,100,0.999999970447908,0.900900781095719,0.0900901414350511,0.00900907746922924,FLOAT
"anisotropic_(0.01,1,100)",0.01,1,100,0.999999974191385,0.900900796271864,0.0900901349310168,0.00900906879711887,FLOAT
"anisotropic_(0.01,1,100)",0.01,1,100,0.999999977460661,0.900900809525597,0.0900901292508667,0.00900906122353602,FLOAT
"anisotropic_(0.01,1,100)",0.01,1,100,0.999999980315806,0.900900821100435,0.0900901242902379,0.00900905460932675,FLOAT
"anisotropic_(0.01,1,100)",0.01,1,100,0.999999982809278,0.90090083120905,0.0900901199579868,0.00900904883296316,FLOAT
"anisotropic_(0.01,1,100)",0.01,1,100,0.999999984986893,0.900900840037171,0.0900901161745155,0.0090090437883133,FLOAT
"anisotropic_(0.01,1,100)",0.01,1,100,0.999999986888661,0.900900847747004,0.0900901128703086,0.00900903938268735,FLOAT
"anisotropic_(0.01,1,100)",0.01,1,100,0.999999988549524,0.900900854480205,0.0900901099846564,0.00900903553513828,FLOAT
"anisotropic_(0.01,1,100)",0.01,1,100,0.99999999,0.900900860360487,0.0900901074645399,0.00900903217497319,FLOAT
